AUDIT_PLAN grid=512 residency=4 kappa=1
CG_EDGE	l0.s00.embed	l0.s01.norm	1:1	Unique	Unique
CG_EDGE	l0.s01.norm	l0.s02.proj	M:N	Rectangular	Rectangular
CG_EDGE	l0.s02.proj	l0.s02.proj.combine	N:1	Rectangular	Unique
CG_EDGE	l0.s01.norm	l0.s03.proj	M:N	Rectangular	Rectangular
CG_EDGE	l0.s03.proj	l0.s03.proj.combine	N:1	Rectangular	Unique
CG_EDGE	l0.s02.proj.combine	l0.s04.qknorm	M:N	Rectangular	Rectangular
CG_EDGE	l0.s03.proj.combine	l0.s05.qknorm	M:N	Rectangular	Rectangular
CG_EDGE	l0.s01.norm	l0.s06.proj	M:N	Rectangular	Rectangular
CG_EDGE	l0.s06.proj	l0.s06.proj.combine	N:1	Rectangular	Unique
CG_EDGE	l0.s04.qknorm	l0.s07.rope	1:1	Unique	Unique
CG_EDGE	l0.s05.qknorm	l0.s08.rope	1:1	Unique	Unique
CG_EDGE	l0.s08.rope	l0.s09.append	1:1	Unique	Unique
CG_EDGE	l0.s06.proj.combine	l0.s10.append	M:N	Rectangular	Rectangular
CG_EDGE	l0.s07.rope	l0.s11.attn	1:1	Unique	Unique
CG_EDGE	l0.s09.append	l0.s11.attn	M:N	Rectangular	Rectangular
CG_EDGE	l0.s10.append	l0.s11.attn	M:N	Rectangular	Rectangular
CG_EDGE	l0.s11.attn	l0.s12.proj	M:N	Rectangular	Rectangular
CG_EDGE	l0.s12.proj	l0.s12.proj.combine	N:1	Rectangular	Unique
CG_EDGE	l0.s12.proj.combine	l0.s12.add	1:1	Unique	Unique
CG_EDGE	l0.s00.embed	l0.s12.add	M:N	Rectangular	Rectangular
CG_EDGE	l0.s12.add	l0.s13.norm	M:N	Rectangular	Rectangular
CG_EDGE	l0.s13.norm	l0.s14.proj	M:N	Rectangular	Rectangular
CG_EDGE	l0.s14.proj	l0.s14.proj.combine	N:1	Rectangular	Unique
CG_EDGE	l0.s13.norm	l0.s15.proj	M:N	Rectangular	Rectangular
CG_EDGE	l0.s15.proj	l0.s15.proj.combine	N:1	Rectangular	Unique
CG_EDGE	l0.s14.proj.combine	l0.s16.act	M:N	Rectangular	Rectangular
CG_EDGE	l0.s15.proj.combine	l0.s16.act	M:N	Rectangular	Rectangular
CG_EDGE	l0.s16.act	l0.s17.proj	M:N	Rectangular	Rectangular
CG_EDGE	l0.s17.proj	l0.s17.proj.combine	N:1	Rectangular	Unique
CG_EDGE	l0.s17.proj.combine	l0.s17.add	1:1	Unique	Unique
CG_EDGE	l0.s12.add	l0.s17.add	1:1	Unique	Unique
CG_EDGE	l0.s17.add	l0.s18.norm	M:N	Rectangular	Rectangular
CG_EDGE	l0.s18.norm	l0.s19.proj	M:N	Rectangular	Rectangular
CG_EDGE	l0.s19.proj	l0.s19.proj.combine	N:1	Rectangular	Unique
CG_EDGE	l0.s18.norm	l0.s20.proj	M:N	Rectangular	Rectangular
CG_EDGE	l0.s20.proj	l0.s20.proj.combine	N:1	Rectangular	Unique
CG_EDGE	l0.s19.proj.combine	l0.s21.qknorm	M:N	Rectangular	Rectangular
CG_EDGE	l0.s20.proj.combine	l0.s22.qknorm	M:N	Rectangular	Rectangular
CG_EDGE	l0.s18.norm	l0.s23.proj	M:N	Rectangular	Rectangular
CG_EDGE	l0.s23.proj	l0.s23.proj.combine	N:1	Rectangular	Unique
CG_EDGE	l0.s21.qknorm	l0.s24.rope	1:1	Unique	Unique
CG_EDGE	l0.s22.qknorm	l0.s25.rope	1:1	Unique	Unique
CG_EDGE	l0.s25.rope	l0.s26.append	1:1	Unique	Unique
CG_EDGE	l0.s23.proj.combine	l0.s27.append	M:N	Rectangular	Rectangular
CG_EDGE	l0.s24.rope	l0.s28.attn	1:1	Unique	Unique
CG_EDGE	l0.s26.append	l0.s28.attn	M:N	Rectangular	Rectangular
CG_EDGE	l0.s27.append	l0.s28.attn	M:N	Rectangular	Rectangular
CG_EDGE	l0.s28.attn	l0.s29.proj	M:N	Rectangular	Rectangular
CG_EDGE	l0.s29.proj	l0.s29.proj.combine	N:1	Rectangular	Unique
CG_EDGE	l0.s29.proj.combine	l0.s29.add	1:1	Unique	Unique
CG_EDGE	l0.s17.add	l0.s29.add	1:1	Unique	Unique
CG_EDGE	l0.s29.add	l0.s30.norm	M:N	Rectangular	Rectangular
CG_EDGE	l0.s30.norm	l0.s31.proj	M:N	Rectangular	Rectangular
CG_EDGE	l0.s31.proj	l0.s31.proj.combine	N:1	Rectangular	Unique
CG_EDGE	l0.s30.norm	l0.s32.proj	M:N	Rectangular	Rectangular
CG_EDGE	l0.s32.proj	l0.s32.proj.combine	N:1	Rectangular	Unique
CG_EDGE	l0.s31.proj.combine	l0.s33.act	M:N	Rectangular	Rectangular
CG_EDGE	l0.s32.proj.combine	l0.s33.act	M:N	Rectangular	Rectangular
CG_EDGE	l0.s33.act	l0.s34.proj	M:N	Rectangular	Rectangular
CG_EDGE	l0.s34.proj	l0.s34.proj.combine	N:1	Rectangular	Unique
CG_EDGE	l0.s34.proj.combine	l0.s34.add	1:1	Unique	Unique
CG_EDGE	l0.s29.add	l0.s34.add	1:1	Unique	Unique
CG_EDGE	l0.s34.add	l0.s35.norm	M:N	Rectangular	Rectangular
CG_EDGE	l0.s35.norm	l0.s36.proj	M:N	Rectangular	Rectangular
CG_EDGE	l0.s36.proj	l0.s36.proj.combine	N:1	Rectangular	Unique
CG_EDGE	l0.s35.norm	l0.s37.proj	M:N	Rectangular	Rectangular
CG_EDGE	l0.s37.proj	l0.s37.proj.combine	N:1	Rectangular	Unique
CG_EDGE	l0.s36.proj.combine	l0.s38.qknorm	M:N	Rectangular	Rectangular
CG_EDGE	l0.s37.proj.combine	l0.s39.qknorm	M:N	Rectangular	Rectangular
CG_EDGE	l0.s35.norm	l0.s40.proj	M:N	Rectangular	Rectangular
CG_EDGE	l0.s40.proj	l0.s40.proj.combine	N:1	Rectangular	Unique
CG_EDGE	l0.s38.qknorm	l0.s41.rope	1:1	Unique	Unique
CG_EDGE	l0.s39.qknorm	l0.s42.rope	1:1	Unique	Unique
CG_EDGE	l0.s42.rope	l0.s43.append	1:1	Unique	Unique
CG_EDGE	l0.s40.proj.combine	l0.s44.append	M:N	Rectangular	Rectangular
CG_EDGE	l0.s41.rope	l0.s45.attn	1:1	Unique	Unique
CG_EDGE	l0.s43.append	l0.s45.attn	M:N	Rectangular	Rectangular
CG_EDGE	l0.s44.append	l0.s45.attn	M:N	Rectangular	Rectangular
CG_EDGE	l0.s45.attn	l0.s46.proj	M:N	Rectangular	Rectangular
CG_EDGE	l0.s46.proj	l0.s46.proj.combine	N:1	Rectangular	Unique
CG_EDGE	l0.s46.proj.combine	l0.s46.add	1:1	Unique	Unique
CG_EDGE	l0.s34.add	l0.s46.add	1:1	Unique	Unique
CG_EDGE	l0.s46.add	l0.s47.norm	M:N	Rectangular	Rectangular
CG_EDGE	l0.s47.norm	l0.s48.proj	M:N	Rectangular	Rectangular
CG_EDGE	l0.s48.proj	l0.s48.proj.combine	N:1	Rectangular	Unique
CG_EDGE	l0.s47.norm	l0.s49.proj	M:N	Rectangular	Rectangular
CG_EDGE	l0.s49.proj	l0.s49.proj.combine	N:1	Rectangular	Unique
CG_EDGE	l0.s48.proj.combine	l0.s50.act	M:N	Rectangular	Rectangular
CG_EDGE	l0.s49.proj.combine	l0.s50.act	M:N	Rectangular	Rectangular
CG_EDGE	l0.s50.act	l0.s51.proj	M:N	Rectangular	Rectangular
CG_EDGE	l0.s51.proj	l0.s51.proj.combine	N:1	Rectangular	Unique
CG_EDGE	l0.s51.proj.combine	l0.s51.add	1:1	Unique	Unique
CG_EDGE	l0.s46.add	l0.s51.add	1:1	Unique	Unique
CG_EDGE	l0.s51.add	l0.s52.norm	M:N	Rectangular	Rectangular
CG_EDGE	l0.s52.norm	l0.s53.proj	M:N	Rectangular	Rectangular
CG_EDGE	l0.s53.proj	l0.s53.proj.combine	N:1	Rectangular	Unique
CG_EDGE	l0.s52.norm	l0.s54.proj	M:N	Rectangular	Rectangular
CG_EDGE	l0.s54.proj	l0.s54.proj.combine	N:1	Rectangular	Unique
CG_EDGE	l0.s53.proj.combine	l0.s55.qknorm	M:N	Rectangular	Rectangular
CG_EDGE	l0.s54.proj.combine	l0.s56.qknorm	M:N	Rectangular	Rectangular
CG_EDGE	l0.s52.norm	l0.s57.proj	M:N	Rectangular	Rectangular
CG_EDGE	l0.s57.proj	l0.s57.proj.combine	N:1	Rectangular	Unique
CG_EDGE	l0.s55.qknorm	l0.s58.rope	1:1	Unique	Unique
CG_EDGE	l0.s56.qknorm	l0.s59.rope	1:1	Unique	Unique
CG_EDGE	l0.s59.rope	l0.s60.append	1:1	Unique	Unique
CG_EDGE	l0.s57.proj.combine	l0.s61.append	M:N	Rectangular	Rectangular
CG_EDGE	l0.s58.rope	l0.s62.attn	1:1	Unique	Unique
CG_EDGE	l0.s60.append	l0.s62.attn	M:N	Rectangular	Rectangular
CG_EDGE	l0.s61.append	l0.s62.attn	M:N	Rectangular	Rectangular
CG_EDGE	l0.s62.attn	l0.s63.proj	M:N	Rectangular	Rectangular
CG_EDGE	l0.s63.proj	l0.s63.proj.combine	N:1	Rectangular	Unique
CG_EDGE	l0.s63.proj.combine	l0.s63.add	1:1	Unique	Unique
CG_EDGE	l0.s51.add	l0.s63.add	1:1	Unique	Unique
CG_EDGE	l0.s63.add	l0.s64.norm	M:N	Rectangular	Rectangular
CG_EDGE	l0.s64.norm	l0.s65.proj	M:N	Rectangular	Rectangular
CG_EDGE	l0.s65.proj	l0.s65.proj.combine	N:1	Rectangular	Unique
CG_EDGE	l0.s64.norm	l0.s66.proj	M:N	Rectangular	Rectangular
CG_EDGE	l0.s66.proj	l0.s66.proj.combine	N:1	Rectangular	Unique
CG_EDGE	l0.s65.proj.combine	l0.s67.act	M:N	Rectangular	Rectangular
CG_EDGE	l0.s66.proj.combine	l0.s67.act	M:N	Rectangular	Rectangular
CG_EDGE	l0.s67.act	l0.s68.proj	M:N	Rectangular	Rectangular
CG_EDGE	l0.s68.proj	l0.s68.proj.combine	N:1	Rectangular	Unique
CG_EDGE	l0.s68.proj.combine	l0.s68.add	1:1	Unique	Unique
CG_EDGE	l0.s63.add	l0.s68.add	1:1	Unique	Unique
CG_EDGE	l0.s68.add	l0.s69.norm	M:N	Rectangular	Rectangular
CG_EDGE	l0.s69.norm	l0.s70.proj	M:N	Rectangular	Rectangular
CG_EDGE	l0.s70.proj	l0.s70.proj.combine	N:1	Rectangular	Unique
CG_EDGE	l0.s69.norm	l0.s71.proj	M:N	Rectangular	Rectangular
CG_EDGE	l0.s71.proj	l0.s71.proj.combine	N:1	Rectangular	Unique
CG_EDGE	l0.s70.proj.combine	l0.s72.qknorm	M:N	Rectangular	Rectangular
CG_EDGE	l0.s71.proj.combine	l0.s73.qknorm	M:N	Rectangular	Rectangular
CG_EDGE	l0.s69.norm	l0.s74.proj	M:N	Rectangular	Rectangular
CG_EDGE	l0.s74.proj	l0.s74.proj.combine	N:1	Rectangular	Unique
CG_EDGE	l0.s72.qknorm	l0.s75.rope	1:1	Unique	Unique
CG_EDGE	l0.s73.qknorm	l0.s76.rope	1:1	Unique	Unique
CG_EDGE	l0.s76.rope	l0.s77.append	1:1	Unique	Unique
CG_EDGE	l0.s74.proj.combine	l0.s78.append	M:N	Rectangular	Rectangular
CG_EDGE	l0.s75.rope	l0.s79.attn	1:1	Unique	Unique
CG_EDGE	l0.s77.append	l0.s79.attn	M:N	Rectangular	Rectangular
CG_EDGE	l0.s78.append	l0.s79.attn	M:N	Rectangular	Rectangular
CG_EDGE	l0.s79.attn	l0.s80.proj	M:N	Rectangular	Rectangular
CG_EDGE	l0.s80.proj	l0.s80.proj.combine	N:1	Rectangular	Unique
CG_EDGE	l0.s80.proj.combine	l0.s80.add	1:1	Unique	Unique
CG_EDGE	l0.s68.add	l0.s80.add	1:1	Unique	Unique
CG_EDGE	l0.s80.add	l0.s81.norm	M:N	Rectangular	Rectangular
CG_EDGE	l0.s81.norm	l0.s82.proj	M:N	Rectangular	Rectangular
CG_EDGE	l0.s82.proj	l0.s82.proj.combine	N:1	Rectangular	Unique
CG_EDGE	l0.s81.norm	l0.s83.proj	M:N	Rectangular	Rectangular
CG_EDGE	l0.s83.proj	l0.s83.proj.combine	N:1	Rectangular	Unique
CG_EDGE	l0.s82.proj.combine	l0.s84.act	M:N	Rectangular	Rectangular
CG_EDGE	l0.s83.proj.combine	l0.s84.act	M:N	Rectangular	Rectangular
CG_EDGE	l0.s84.act	l0.s85.proj	M:N	Rectangular	Rectangular
CG_EDGE	l0.s85.proj	l0.s85.proj.combine	N:1	Rectangular	Unique
CG_EDGE	l0.s85.proj.combine	l0.s85.add	1:1	Unique	Unique
CG_EDGE	l0.s80.add	l0.s85.add	1:1	Unique	Unique
CG_EDGE	l0.s85.add	l0.s86.norm	M:N	Rectangular	Rectangular
CG_EDGE	l0.s86.norm	l0.s87.proj	M:N	Rectangular	Rectangular
CG_EDGE	l0.s87.proj	l0.s87.proj.combine	N:1	Rectangular	Unique
CG_EDGE	l0.s86.norm	l0.s88.proj	M:N	Rectangular	Rectangular
CG_EDGE	l0.s88.proj	l0.s88.proj.combine	N:1	Rectangular	Unique
CG_EDGE	l0.s87.proj.combine	l0.s89.qknorm	M:N	Rectangular	Rectangular
CG_EDGE	l0.s88.proj.combine	l0.s90.qknorm	M:N	Rectangular	Rectangular
CG_EDGE	l0.s86.norm	l0.s91.proj	M:N	Rectangular	Rectangular
CG_EDGE	l0.s91.proj	l0.s91.proj.combine	N:1	Rectangular	Unique
CG_EDGE	l0.s89.qknorm	l0.s92.rope	1:1	Unique	Unique
CG_EDGE	l0.s90.qknorm	l0.s93.rope	1:1	Unique	Unique
CG_EDGE	l0.s93.rope	l0.s94.append	1:1	Unique	Unique
CG_EDGE	l0.s91.proj.combine	l0.s95.append	M:N	Rectangular	Rectangular
CG_EDGE	l0.s92.rope	l0.s96.attn	1:1	Unique	Unique
CG_EDGE	l0.s94.append	l0.s96.attn	M:N	Rectangular	Rectangular
CG_EDGE	l0.s95.append	l0.s96.attn	M:N	Rectangular	Rectangular
CG_EDGE	l0.s96.attn	l0.s97.proj	M:N	Rectangular	Rectangular
CG_EDGE	l0.s97.proj	l0.s97.proj.combine	N:1	Rectangular	Unique
CG_EDGE	l0.s97.proj.combine	l0.s97.add	1:1	Unique	Unique
CG_EDGE	l0.s85.add	l0.s97.add	1:1	Unique	Unique
CG_EDGE	l0.s97.add	l0.s98.norm	M:N	Rectangular	Rectangular
CG_EDGE	l0.s98.norm	l0.s99.proj	M:N	Rectangular	Rectangular
CG_EDGE	l0.s99.proj	l0.s99.proj.combine	N:1	Rectangular	Unique
CG_EDGE	l0.s98.norm	l0.s100.proj	M:N	Rectangular	Rectangular
CG_EDGE	l0.s100.proj	l0.s100.proj.combine	N:1	Rectangular	Unique
CG_EDGE	l0.s99.proj.combine	l0.s101.act	M:N	Rectangular	Rectangular
CG_EDGE	l0.s100.proj.combine	l0.s101.act	M:N	Rectangular	Rectangular
CG_EDGE	l0.s101.act	l0.s102.proj	M:N	Rectangular	Rectangular
CG_EDGE	l0.s102.proj	l0.s102.proj.combine	N:1	Rectangular	Unique
CG_EDGE	l0.s102.proj.combine	l0.s102.add	1:1	Unique	Unique
CG_EDGE	l0.s97.add	l0.s102.add	1:1	Unique	Unique
CG_EDGE	l0.s102.add	l0.s103.norm	M:N	Rectangular	Rectangular
CG_EDGE	l0.s103.norm	l0.s104.proj	M:N	Rectangular	Rectangular
CG_EDGE	l0.s104.proj	l0.s104.proj.combine	N:1	Rectangular	Unique
CG_EDGE	l0.s103.norm	l0.s105.proj	M:N	Rectangular	Rectangular
CG_EDGE	l0.s105.proj	l0.s105.proj.combine	N:1	Rectangular	Unique
CG_EDGE	l0.s104.proj.combine	l0.s106.qknorm	M:N	Rectangular	Rectangular
CG_EDGE	l0.s105.proj.combine	l0.s107.qknorm	M:N	Rectangular	Rectangular
CG_EDGE	l0.s103.norm	l0.s108.proj	M:N	Rectangular	Rectangular
CG_EDGE	l0.s108.proj	l0.s108.proj.combine	N:1	Rectangular	Unique
CG_EDGE	l0.s106.qknorm	l0.s109.rope	1:1	Unique	Unique
CG_EDGE	l0.s107.qknorm	l0.s110.rope	1:1	Unique	Unique
CG_EDGE	l0.s110.rope	l0.s111.append	1:1	Unique	Unique
CG_EDGE	l0.s108.proj.combine	l0.s112.append	M:N	Rectangular	Rectangular
CG_EDGE	l0.s109.rope	l0.s113.attn	1:1	Unique	Unique
CG_EDGE	l0.s111.append	l0.s113.attn	M:N	Rectangular	Rectangular
CG_EDGE	l0.s112.append	l0.s113.attn	M:N	Rectangular	Rectangular
CG_EDGE	l0.s113.attn	l0.s114.proj	M:N	Rectangular	Rectangular
CG_EDGE	l0.s114.proj	l0.s114.proj.combine	N:1	Rectangular	Unique
CG_EDGE	l0.s114.proj.combine	l0.s114.add	1:1	Unique	Unique
CG_EDGE	l0.s102.add	l0.s114.add	1:1	Unique	Unique
CG_EDGE	l0.s114.add	l0.s115.norm	M:N	Rectangular	Rectangular
CG_EDGE	l0.s115.norm	l0.s116.proj	M:N	Rectangular	Rectangular
CG_EDGE	l0.s116.proj	l0.s116.proj.combine	N:1	Rectangular	Unique
CG_EDGE	l0.s115.norm	l0.s117.proj	M:N	Rectangular	Rectangular
CG_EDGE	l0.s117.proj	l0.s117.proj.combine	N:1	Rectangular	Unique
CG_EDGE	l0.s116.proj.combine	l0.s118.act	M:N	Rectangular	Rectangular
CG_EDGE	l0.s117.proj.combine	l0.s118.act	M:N	Rectangular	Rectangular
CG_EDGE	l0.s118.act	l0.s119.proj	M:N	Rectangular	Rectangular
CG_EDGE	l0.s119.proj	l0.s119.proj.combine	N:1	Rectangular	Unique
CG_EDGE	l0.s119.proj.combine	l0.s119.add	1:1	Unique	Unique
CG_EDGE	l0.s114.add	l0.s119.add	1:1	Unique	Unique
CG_EDGE	l0.s119.add	l0.s120.norm	M:N	Rectangular	Rectangular
CG_EDGE	l0.s120.norm	l0.s121.proj	M:N	Rectangular	Rectangular
CG_EDGE	l0.s121.proj	l0.s121.proj.combine	N:1	Rectangular	Unique
CG_EDGE	l0.s120.norm	l0.s122.proj	M:N	Rectangular	Rectangular
CG_EDGE	l0.s122.proj	l0.s122.proj.combine	N:1	Rectangular	Unique
CG_EDGE	l0.s121.proj.combine	l0.s123.qknorm	M:N	Rectangular	Rectangular
CG_EDGE	l0.s122.proj.combine	l0.s124.qknorm	M:N	Rectangular	Rectangular
CG_EDGE	l0.s120.norm	l0.s125.proj	M:N	Rectangular	Rectangular
CG_EDGE	l0.s125.proj	l0.s125.proj.combine	N:1	Rectangular	Unique
CG_EDGE	l0.s123.qknorm	l0.s126.rope	1:1	Unique	Unique
CG_EDGE	l0.s124.qknorm	l0.s127.rope	1:1	Unique	Unique
CG_EDGE	l0.s127.rope	l0.s128.append	1:1	Unique	Unique
CG_EDGE	l0.s125.proj.combine	l0.s129.append	M:N	Rectangular	Rectangular
CG_EDGE	l0.s126.rope	l0.s130.attn	1:1	Unique	Unique
CG_EDGE	l0.s128.append	l0.s130.attn	M:N	Rectangular	Rectangular
CG_EDGE	l0.s129.append	l0.s130.attn	M:N	Rectangular	Rectangular
CG_EDGE	l0.s130.attn	l0.s131.proj	M:N	Rectangular	Rectangular
CG_EDGE	l0.s131.proj	l0.s131.proj.combine	N:1	Rectangular	Unique
CG_EDGE	l0.s131.proj.combine	l0.s131.add	1:1	Unique	Unique
CG_EDGE	l0.s119.add	l0.s131.add	1:1	Unique	Unique
CG_EDGE	l0.s131.add	l0.s132.norm	M:N	Rectangular	Rectangular
CG_EDGE	l0.s132.norm	l0.s133.proj	M:N	Rectangular	Rectangular
CG_EDGE	l0.s133.proj	l0.s133.proj.combine	N:1	Rectangular	Unique
CG_EDGE	l0.s132.norm	l0.s134.proj	M:N	Rectangular	Rectangular
CG_EDGE	l0.s134.proj	l0.s134.proj.combine	N:1	Rectangular	Unique
CG_EDGE	l0.s133.proj.combine	l0.s135.act	M:N	Rectangular	Rectangular
CG_EDGE	l0.s134.proj.combine	l0.s135.act	M:N	Rectangular	Rectangular
CG_EDGE	l0.s135.act	l0.s136.proj	M:N	Rectangular	Rectangular
CG_EDGE	l0.s136.proj	l0.s136.proj.combine	N:1	Rectangular	Unique
CG_EDGE	l0.s136.proj.combine	l0.s136.add	1:1	Unique	Unique
CG_EDGE	l0.s131.add	l0.s136.add	1:1	Unique	Unique
CG_EDGE	l0.s136.add	l0.s137.norm	M:N	Rectangular	Rectangular
CG_EDGE	l0.s137.norm	l0.s138.proj	M:N	Rectangular	Rectangular
CG_EDGE	l0.s138.proj	l0.s138.proj.combine	N:1	Rectangular	Unique
CG_EDGE	l0.s137.norm	l0.s139.proj	M:N	Rectangular	Rectangular
CG_EDGE	l0.s139.proj	l0.s139.proj.combine	N:1	Rectangular	Unique
CG_EDGE	l0.s138.proj.combine	l0.s140.qknorm	M:N	Rectangular	Rectangular
CG_EDGE	l0.s139.proj.combine	l0.s141.qknorm	M:N	Rectangular	Rectangular
CG_EDGE	l0.s137.norm	l0.s142.proj	M:N	Rectangular	Rectangular
CG_EDGE	l0.s142.proj	l0.s142.proj.combine	N:1	Rectangular	Unique
CG_EDGE	l0.s140.qknorm	l0.s143.rope	1:1	Unique	Unique
CG_EDGE	l0.s141.qknorm	l0.s144.rope	1:1	Unique	Unique
CG_EDGE	l0.s144.rope	l0.s145.append	1:1	Unique	Unique
CG_EDGE	l0.s142.proj.combine	l0.s146.append	M:N	Rectangular	Rectangular
CG_EDGE	l0.s143.rope	l0.s147.attn	1:1	Unique	Unique
CG_EDGE	l0.s145.append	l0.s147.attn	M:N	Rectangular	Rectangular
CG_EDGE	l0.s146.append	l0.s147.attn	M:N	Rectangular	Rectangular
CG_EDGE	l0.s147.attn	l0.s148.proj	M:N	Rectangular	Rectangular
CG_EDGE	l0.s148.proj	l0.s148.proj.combine	N:1	Rectangular	Unique
CG_EDGE	l0.s148.proj.combine	l0.s148.add	1:1	Unique	Unique
CG_EDGE	l0.s136.add	l0.s148.add	1:1	Unique	Unique
CG_EDGE	l0.s148.add	l0.s149.norm	M:N	Rectangular	Rectangular
CG_EDGE	l0.s149.norm	l0.s150.proj	M:N	Rectangular	Rectangular
CG_EDGE	l0.s150.proj	l0.s150.proj.combine	N:1	Rectangular	Unique
CG_EDGE	l0.s149.norm	l0.s151.proj	M:N	Rectangular	Rectangular
CG_EDGE	l0.s151.proj	l0.s151.proj.combine	N:1	Rectangular	Unique
CG_EDGE	l0.s150.proj.combine	l0.s152.act	M:N	Rectangular	Rectangular
CG_EDGE	l0.s151.proj.combine	l0.s152.act	M:N	Rectangular	Rectangular
CG_EDGE	l0.s152.act	l0.s153.proj	M:N	Rectangular	Rectangular
CG_EDGE	l0.s153.proj	l0.s153.proj.combine	N:1	Rectangular	Unique
CG_EDGE	l0.s153.proj.combine	l0.s153.add	1:1	Unique	Unique
CG_EDGE	l0.s148.add	l0.s153.add	1:1	Unique	Unique
CG_EDGE	l0.s153.add	l0.s154.norm	M:N	Rectangular	Rectangular
CG_EDGE	l0.s154.norm	l0.s155.proj	M:N	Rectangular	Rectangular
CG_EDGE	l0.s155.proj	l0.s155.proj.combine	N:1	Rectangular	Unique
CG_EDGE	l0.s154.norm	l0.s156.proj	M:N	Rectangular	Rectangular
CG_EDGE	l0.s156.proj	l0.s156.proj.combine	N:1	Rectangular	Unique
CG_EDGE	l0.s155.proj.combine	l0.s157.qknorm	M:N	Rectangular	Rectangular
CG_EDGE	l0.s156.proj.combine	l0.s158.qknorm	M:N	Rectangular	Rectangular
CG_EDGE	l0.s154.norm	l0.s159.proj	M:N	Rectangular	Rectangular
CG_EDGE	l0.s159.proj	l0.s159.proj.combine	N:1	Rectangular	Unique
CG_EDGE	l0.s157.qknorm	l0.s160.rope	1:1	Unique	Unique
CG_EDGE	l0.s158.qknorm	l0.s161.rope	1:1	Unique	Unique
CG_EDGE	l0.s161.rope	l0.s162.append	1:1	Unique	Unique
CG_EDGE	l0.s159.proj.combine	l0.s163.append	M:N	Rectangular	Rectangular
CG_EDGE	l0.s160.rope	l0.s164.attn	1:1	Unique	Unique
CG_EDGE	l0.s162.append	l0.s164.attn	M:N	Rectangular	Rectangular
CG_EDGE	l0.s163.append	l0.s164.attn	M:N	Rectangular	Rectangular
CG_EDGE	l0.s164.attn	l0.s165.proj	M:N	Rectangular	Rectangular
CG_EDGE	l0.s165.proj	l0.s165.proj.combine	N:1	Rectangular	Unique
CG_EDGE	l0.s165.proj.combine	l0.s165.add	1:1	Unique	Unique
CG_EDGE	l0.s153.add	l0.s165.add	1:1	Unique	Unique
CG_EDGE	l0.s165.add	l0.s166.norm	M:N	Rectangular	Rectangular
CG_EDGE	l0.s166.norm	l0.s167.proj	M:N	Rectangular	Rectangular
CG_EDGE	l0.s167.proj	l0.s167.proj.combine	N:1	Rectangular	Unique
CG_EDGE	l0.s166.norm	l0.s168.proj	M:N	Rectangular	Rectangular
CG_EDGE	l0.s168.proj	l0.s168.proj.combine	N:1	Rectangular	Unique
CG_EDGE	l0.s167.proj.combine	l0.s169.act	M:N	Rectangular	Rectangular
CG_EDGE	l0.s168.proj.combine	l0.s169.act	M:N	Rectangular	Rectangular
CG_EDGE	l0.s169.act	l0.s170.proj	M:N	Rectangular	Rectangular
CG_EDGE	l0.s170.proj	l0.s170.proj.combine	N:1	Rectangular	Unique
CG_EDGE	l0.s170.proj.combine	l0.s170.add	1:1	Unique	Unique
CG_EDGE	l0.s165.add	l0.s170.add	1:1	Unique	Unique
CG_EDGE	l0.s170.add	l0.s171.norm	M:N	Rectangular	Rectangular
CG_EDGE	l0.s171.norm	l0.s172.proj	M:N	Rectangular	Rectangular
CG_EDGE	l0.s172.proj	l0.s172.proj.combine	N:1	Rectangular	Unique
CG_EDGE	l0.s171.norm	l0.s173.proj	M:N	Rectangular	Rectangular
CG_EDGE	l0.s173.proj	l0.s173.proj.combine	N:1	Rectangular	Unique
CG_EDGE	l0.s172.proj.combine	l0.s174.qknorm	M:N	Rectangular	Rectangular
CG_EDGE	l0.s173.proj.combine	l0.s175.qknorm	M:N	Rectangular	Rectangular
CG_EDGE	l0.s171.norm	l0.s176.proj	M:N	Rectangular	Rectangular
CG_EDGE	l0.s176.proj	l0.s176.proj.combine	N:1	Rectangular	Unique
CG_EDGE	l0.s174.qknorm	l0.s177.rope	1:1	Unique	Unique
CG_EDGE	l0.s175.qknorm	l0.s178.rope	1:1	Unique	Unique
CG_EDGE	l0.s178.rope	l0.s179.append	1:1	Unique	Unique
CG_EDGE	l0.s176.proj.combine	l0.s180.append	M:N	Rectangular	Rectangular
CG_EDGE	l0.s177.rope	l0.s181.attn	1:1	Unique	Unique
CG_EDGE	l0.s179.append	l0.s181.attn	M:N	Rectangular	Rectangular
CG_EDGE	l0.s180.append	l0.s181.attn	M:N	Rectangular	Rectangular
CG_EDGE	l0.s181.attn	l0.s182.proj	M:N	Rectangular	Rectangular
CG_EDGE	l0.s182.proj	l0.s182.proj.combine	N:1	Rectangular	Unique
CG_EDGE	l0.s182.proj.combine	l0.s182.add	1:1	Unique	Unique
CG_EDGE	l0.s170.add	l0.s182.add	1:1	Unique	Unique
CG_EDGE	l0.s182.add	l0.s183.norm	M:N	Rectangular	Rectangular
CG_EDGE	l0.s183.norm	l0.s184.proj	M:N	Rectangular	Rectangular
CG_EDGE	l0.s184.proj	l0.s184.proj.combine	N:1	Rectangular	Unique
CG_EDGE	l0.s183.norm	l0.s185.proj	M:N	Rectangular	Rectangular
CG_EDGE	l0.s185.proj	l0.s185.proj.combine	N:1	Rectangular	Unique
CG_EDGE	l0.s184.proj.combine	l0.s186.act	M:N	Rectangular	Rectangular
CG_EDGE	l0.s185.proj.combine	l0.s186.act	M:N	Rectangular	Rectangular
CG_EDGE	l0.s186.act	l0.s187.proj	M:N	Rectangular	Rectangular
CG_EDGE	l0.s187.proj	l0.s187.proj.combine	N:1	Rectangular	Unique
CG_EDGE	l0.s187.proj.combine	l0.s187.add	1:1	Unique	Unique
CG_EDGE	l0.s182.add	l0.s187.add	1:1	Unique	Unique
CG_EDGE	l0.s187.add	l0.s188.norm	M:N	Rectangular	Rectangular
CG_EDGE	l0.s188.norm	l0.s189.proj	M:N	Rectangular	Rectangular
CG_EDGE	l0.s189.proj	l0.s189.proj.combine	N:1	Rectangular	Unique
CG_EDGE	l0.s188.norm	l0.s190.proj	M:N	Rectangular	Rectangular
CG_EDGE	l0.s190.proj	l0.s190.proj.combine	N:1	Rectangular	Unique
CG_EDGE	l0.s189.proj.combine	l0.s191.qknorm	M:N	Rectangular	Rectangular
CG_EDGE	l0.s190.proj.combine	l0.s192.qknorm	M:N	Rectangular	Rectangular
CG_EDGE	l0.s188.norm	l0.s193.proj	M:N	Rectangular	Rectangular
CG_EDGE	l0.s193.proj	l0.s193.proj.combine	N:1	Rectangular	Unique
CG_EDGE	l0.s191.qknorm	l0.s194.rope	1:1	Unique	Unique
CG_EDGE	l0.s192.qknorm	l0.s195.rope	1:1	Unique	Unique
CG_EDGE	l0.s195.rope	l0.s196.append	1:1	Unique	Unique
CG_EDGE	l0.s193.proj.combine	l0.s197.append	M:N	Rectangular	Rectangular
CG_EDGE	l0.s194.rope	l0.s198.attn	1:1	Unique	Unique
CG_EDGE	l0.s196.append	l0.s198.attn	M:N	Rectangular	Rectangular
CG_EDGE	l0.s197.append	l0.s198.attn	M:N	Rectangular	Rectangular
CG_EDGE	l0.s198.attn	l0.s199.proj	M:N	Rectangular	Rectangular
CG_EDGE	l0.s199.proj	l0.s199.proj.combine	N:1	Rectangular	Unique
CG_EDGE	l0.s199.proj.combine	l0.s199.add	1:1	Unique	Unique
CG_EDGE	l0.s187.add	l0.s199.add	1:1	Unique	Unique
CG_EDGE	l0.s199.add	l0.s200.norm	M:N	Rectangular	Rectangular
CG_EDGE	l0.s200.norm	l0.s201.proj	M:N	Rectangular	Rectangular
CG_EDGE	l0.s201.proj	l0.s201.proj.combine	N:1	Rectangular	Unique
CG_EDGE	l0.s200.norm	l0.s202.proj	M:N	Rectangular	Rectangular
CG_EDGE	l0.s202.proj	l0.s202.proj.combine	N:1	Rectangular	Unique
CG_EDGE	l0.s201.proj.combine	l0.s203.act	M:N	Rectangular	Rectangular
CG_EDGE	l0.s202.proj.combine	l0.s203.act	M:N	Rectangular	Rectangular
CG_EDGE	l0.s203.act	l0.s204.proj	M:N	Rectangular	Rectangular
CG_EDGE	l0.s204.proj	l0.s204.proj.combine	N:1	Rectangular	Unique
CG_EDGE	l0.s204.proj.combine	l0.s204.add	1:1	Unique	Unique
CG_EDGE	l0.s199.add	l0.s204.add	1:1	Unique	Unique
CG_EDGE	l0.s204.add	l0.s205.norm	M:N	Rectangular	Rectangular
CG_EDGE	l0.s205.norm	l0.s206.proj	M:N	Rectangular	Rectangular
CG_EDGE	l0.s206.proj	l0.s206.proj.combine	N:1	Rectangular	Unique
CG_EDGE	l0.s205.norm	l0.s207.proj	M:N	Rectangular	Rectangular
CG_EDGE	l0.s207.proj	l0.s207.proj.combine	N:1	Rectangular	Unique
CG_EDGE	l0.s206.proj.combine	l0.s208.qknorm	M:N	Rectangular	Rectangular
CG_EDGE	l0.s207.proj.combine	l0.s209.qknorm	M:N	Rectangular	Rectangular
CG_EDGE	l0.s205.norm	l0.s210.proj	M:N	Rectangular	Rectangular
CG_EDGE	l0.s210.proj	l0.s210.proj.combine	N:1	Rectangular	Unique
CG_EDGE	l0.s208.qknorm	l0.s211.rope	1:1	Unique	Unique
CG_EDGE	l0.s209.qknorm	l0.s212.rope	1:1	Unique	Unique
CG_EDGE	l0.s212.rope	l0.s213.append	1:1	Unique	Unique
CG_EDGE	l0.s210.proj.combine	l0.s214.append	M:N	Rectangular	Rectangular
CG_EDGE	l0.s211.rope	l0.s215.attn	1:1	Unique	Unique
CG_EDGE	l0.s213.append	l0.s215.attn	M:N	Rectangular	Rectangular
CG_EDGE	l0.s214.append	l0.s215.attn	M:N	Rectangular	Rectangular
CG_EDGE	l0.s215.attn	l0.s216.proj	M:N	Rectangular	Rectangular
CG_EDGE	l0.s216.proj	l0.s216.proj.combine	N:1	Rectangular	Unique
CG_EDGE	l0.s216.proj.combine	l0.s216.add	1:1	Unique	Unique
CG_EDGE	l0.s204.add	l0.s216.add	1:1	Unique	Unique
CG_EDGE	l0.s216.add	l0.s217.norm	M:N	Rectangular	Rectangular
CG_EDGE	l0.s217.norm	l0.s218.proj	M:N	Rectangular	Rectangular
CG_EDGE	l0.s218.proj	l0.s218.proj.combine	N:1	Rectangular	Unique
CG_EDGE	l0.s217.norm	l0.s219.proj	M:N	Rectangular	Rectangular
CG_EDGE	l0.s219.proj	l0.s219.proj.combine	N:1	Rectangular	Unique
CG_EDGE	l0.s218.proj.combine	l0.s220.act	M:N	Rectangular	Rectangular
CG_EDGE	l0.s219.proj.combine	l0.s220.act	M:N	Rectangular	Rectangular
CG_EDGE	l0.s220.act	l0.s221.proj	M:N	Rectangular	Rectangular
CG_EDGE	l0.s221.proj	l0.s221.proj.combine	N:1	Rectangular	Unique
CG_EDGE	l0.s221.proj.combine	l0.s221.add	1:1	Unique	Unique
CG_EDGE	l0.s216.add	l0.s221.add	1:1	Unique	Unique
CG_EDGE	l0.s221.add	l0.s222.norm	M:N	Rectangular	Rectangular
CG_EDGE	l0.s222.norm	l0.s223.proj	M:N	Rectangular	Rectangular
CG_EDGE	l0.s223.proj	l0.s223.proj.combine	N:1	Rectangular	Unique
CG_EDGE	l0.s222.norm	l0.s224.proj	M:N	Rectangular	Rectangular
CG_EDGE	l0.s224.proj	l0.s224.proj.combine	N:1	Rectangular	Unique
CG_EDGE	l0.s223.proj.combine	l0.s225.qknorm	M:N	Rectangular	Rectangular
CG_EDGE	l0.s224.proj.combine	l0.s226.qknorm	M:N	Rectangular	Rectangular
CG_EDGE	l0.s222.norm	l0.s227.proj	M:N	Rectangular	Rectangular
CG_EDGE	l0.s227.proj	l0.s227.proj.combine	N:1	Rectangular	Unique
CG_EDGE	l0.s225.qknorm	l0.s228.rope	1:1	Unique	Unique
CG_EDGE	l0.s226.qknorm	l0.s229.rope	1:1	Unique	Unique
CG_EDGE	l0.s229.rope	l0.s230.append	1:1	Unique	Unique
CG_EDGE	l0.s227.proj.combine	l0.s231.append	M:N	Rectangular	Rectangular
CG_EDGE	l0.s228.rope	l0.s232.attn	1:1	Unique	Unique
CG_EDGE	l0.s230.append	l0.s232.attn	M:N	Rectangular	Rectangular
CG_EDGE	l0.s231.append	l0.s232.attn	M:N	Rectangular	Rectangular
CG_EDGE	l0.s232.attn	l0.s233.proj	M:N	Rectangular	Rectangular
CG_EDGE	l0.s233.proj	l0.s233.proj.combine	N:1	Rectangular	Unique
CG_EDGE	l0.s233.proj.combine	l0.s233.add	1:1	Unique	Unique
CG_EDGE	l0.s221.add	l0.s233.add	1:1	Unique	Unique
CG_EDGE	l0.s233.add	l0.s234.norm	M:N	Rectangular	Rectangular
CG_EDGE	l0.s234.norm	l0.s235.proj	M:N	Rectangular	Rectangular
CG_EDGE	l0.s235.proj	l0.s235.proj.combine	N:1	Rectangular	Unique
CG_EDGE	l0.s234.norm	l0.s236.proj	M:N	Rectangular	Rectangular
CG_EDGE	l0.s236.proj	l0.s236.proj.combine	N:1	Rectangular	Unique
CG_EDGE	l0.s235.proj.combine	l0.s237.act	M:N	Rectangular	Rectangular
CG_EDGE	l0.s236.proj.combine	l0.s237.act	M:N	Rectangular	Rectangular
CG_EDGE	l0.s237.act	l0.s238.proj	M:N	Rectangular	Rectangular
CG_EDGE	l0.s238.proj	l0.s238.proj.combine	N:1	Rectangular	Unique
CG_EDGE	l0.s238.proj.combine	l0.s238.add	1:1	Unique	Unique
CG_EDGE	l0.s233.add	l0.s238.add	1:1	Unique	Unique
CG_EDGE	l0.s238.add	l0.s239.norm	M:N	Rectangular	Rectangular
CG_EDGE	l0.s239.norm	l0.s240.proj	M:N	Rectangular	Rectangular
CG_EDGE	l0.s240.proj	l0.s240.proj.combine	N:1	Rectangular	Unique
CG_EDGE	l0.s239.norm	l0.s241.proj	M:N	Rectangular	Rectangular
CG_EDGE	l0.s241.proj	l0.s241.proj.combine	N:1	Rectangular	Unique
CG_EDGE	l0.s240.proj.combine	l0.s242.qknorm	M:N	Rectangular	Rectangular
CG_EDGE	l0.s241.proj.combine	l0.s243.qknorm	M:N	Rectangular	Rectangular
CG_EDGE	l0.s239.norm	l0.s244.proj	M:N	Rectangular	Rectangular
CG_EDGE	l0.s244.proj	l0.s244.proj.combine	N:1	Rectangular	Unique
CG_EDGE	l0.s242.qknorm	l0.s245.rope	1:1	Unique	Unique
CG_EDGE	l0.s243.qknorm	l0.s246.rope	1:1	Unique	Unique
CG_EDGE	l0.s246.rope	l0.s247.append	1:1	Unique	Unique
CG_EDGE	l0.s244.proj.combine	l0.s248.append	M:N	Rectangular	Rectangular
CG_EDGE	l0.s245.rope	l0.s249.attn	1:1	Unique	Unique
CG_EDGE	l0.s247.append	l0.s249.attn	M:N	Rectangular	Rectangular
CG_EDGE	l0.s248.append	l0.s249.attn	M:N	Rectangular	Rectangular
CG_EDGE	l0.s249.attn	l0.s250.proj	M:N	Rectangular	Rectangular
CG_EDGE	l0.s250.proj	l0.s250.proj.combine	N:1	Rectangular	Unique
CG_EDGE	l0.s250.proj.combine	l0.s250.add	1:1	Unique	Unique
CG_EDGE	l0.s238.add	l0.s250.add	1:1	Unique	Unique
CG_EDGE	l0.s250.add	l0.s251.norm	M:N	Rectangular	Rectangular
CG_EDGE	l0.s251.norm	l0.s252.proj	M:N	Rectangular	Rectangular
CG_EDGE	l0.s252.proj	l0.s252.proj.combine	N:1	Rectangular	Unique
CG_EDGE	l0.s251.norm	l0.s253.proj	M:N	Rectangular	Rectangular
CG_EDGE	l0.s253.proj	l0.s253.proj.combine	N:1	Rectangular	Unique
CG_EDGE	l0.s252.proj.combine	l0.s254.act	M:N	Rectangular	Rectangular
CG_EDGE	l0.s253.proj.combine	l0.s254.act	M:N	Rectangular	Rectangular
CG_EDGE	l0.s254.act	l0.s255.proj	M:N	Rectangular	Rectangular
CG_EDGE	l0.s255.proj	l0.s255.proj.combine	N:1	Rectangular	Unique
CG_EDGE	l0.s255.proj.combine	l0.s255.add	1:1	Unique	Unique
CG_EDGE	l0.s250.add	l0.s255.add	1:1	Unique	Unique
CG_EDGE	l0.s255.add	l0.s256.norm	M:N	Rectangular	Rectangular
CG_EDGE	l0.s256.norm	l0.s257.proj	M:N	Rectangular	Rectangular
CG_EDGE	l0.s257.proj	l0.s257.proj.combine	N:1	Rectangular	Unique
CG_EDGE	l0.s256.norm	l0.s258.proj	M:N	Rectangular	Rectangular
CG_EDGE	l0.s258.proj	l0.s258.proj.combine	N:1	Rectangular	Unique
CG_EDGE	l0.s257.proj.combine	l0.s259.qknorm	M:N	Rectangular	Rectangular
CG_EDGE	l0.s258.proj.combine	l0.s260.qknorm	M:N	Rectangular	Rectangular
CG_EDGE	l0.s256.norm	l0.s261.proj	M:N	Rectangular	Rectangular
CG_EDGE	l0.s261.proj	l0.s261.proj.combine	N:1	Rectangular	Unique
CG_EDGE	l0.s259.qknorm	l0.s262.rope	1:1	Unique	Unique
CG_EDGE	l0.s260.qknorm	l0.s263.rope	1:1	Unique	Unique
CG_EDGE	l0.s263.rope	l0.s264.append	1:1	Unique	Unique
CG_EDGE	l0.s261.proj.combine	l0.s265.append	M:N	Rectangular	Rectangular
CG_EDGE	l0.s262.rope	l0.s266.attn	1:1	Unique	Unique
CG_EDGE	l0.s264.append	l0.s266.attn	M:N	Rectangular	Rectangular
CG_EDGE	l0.s265.append	l0.s266.attn	M:N	Rectangular	Rectangular
CG_EDGE	l0.s266.attn	l0.s267.proj	M:N	Rectangular	Rectangular
CG_EDGE	l0.s267.proj	l0.s267.proj.combine	N:1	Rectangular	Unique
CG_EDGE	l0.s267.proj.combine	l0.s267.add	1:1	Unique	Unique
CG_EDGE	l0.s255.add	l0.s267.add	1:1	Unique	Unique
CG_EDGE	l0.s267.add	l0.s268.norm	M:N	Rectangular	Rectangular
CG_EDGE	l0.s268.norm	l0.s269.proj	M:N	Rectangular	Rectangular
CG_EDGE	l0.s269.proj	l0.s269.proj.combine	N:1	Rectangular	Unique
CG_EDGE	l0.s268.norm	l0.s270.proj	M:N	Rectangular	Rectangular
CG_EDGE	l0.s270.proj	l0.s270.proj.combine	N:1	Rectangular	Unique
CG_EDGE	l0.s269.proj.combine	l0.s271.act	M:N	Rectangular	Rectangular
CG_EDGE	l0.s270.proj.combine	l0.s271.act	M:N	Rectangular	Rectangular
CG_EDGE	l0.s271.act	l0.s272.proj	M:N	Rectangular	Rectangular
CG_EDGE	l0.s272.proj	l0.s272.proj.combine	N:1	Rectangular	Unique
CG_EDGE	l0.s272.proj.combine	l0.s272.add	1:1	Unique	Unique
CG_EDGE	l0.s267.add	l0.s272.add	1:1	Unique	Unique
CG_EDGE	l0.s272.add	l0.s273.norm	M:N	Rectangular	Rectangular
CG_EDGE	l0.s273.norm	l0.s274.proj	M:N	Rectangular	Rectangular
CG_EDGE	l0.s274.proj	l0.s274.proj.combine	N:1	Rectangular	Unique
CG_EDGE	l0.s273.norm	l0.s275.proj	M:N	Rectangular	Rectangular
CG_EDGE	l0.s275.proj	l0.s275.proj.combine	N:1	Rectangular	Unique
CG_EDGE	l0.s274.proj.combine	l0.s276.qknorm	M:N	Rectangular	Rectangular
CG_EDGE	l0.s275.proj.combine	l0.s277.qknorm	M:N	Rectangular	Rectangular
CG_EDGE	l0.s273.norm	l0.s278.proj	M:N	Rectangular	Rectangular
CG_EDGE	l0.s278.proj	l0.s278.proj.combine	N:1	Rectangular	Unique
CG_EDGE	l0.s276.qknorm	l0.s279.rope	1:1	Unique	Unique
CG_EDGE	l0.s277.qknorm	l0.s280.rope	1:1	Unique	Unique
CG_EDGE	l0.s280.rope	l0.s281.append	1:1	Unique	Unique
CG_EDGE	l0.s278.proj.combine	l0.s282.append	M:N	Rectangular	Rectangular
CG_EDGE	l0.s279.rope	l0.s283.attn	1:1	Unique	Unique
CG_EDGE	l0.s281.append	l0.s283.attn	M:N	Rectangular	Rectangular
CG_EDGE	l0.s282.append	l0.s283.attn	M:N	Rectangular	Rectangular
CG_EDGE	l0.s283.attn	l0.s284.proj	M:N	Rectangular	Rectangular
CG_EDGE	l0.s284.proj	l0.s284.proj.combine	N:1	Rectangular	Unique
CG_EDGE	l0.s284.proj.combine	l0.s284.add	1:1	Unique	Unique
CG_EDGE	l0.s272.add	l0.s284.add	1:1	Unique	Unique
CG_EDGE	l0.s284.add	l0.s285.norm	M:N	Rectangular	Rectangular
CG_EDGE	l0.s285.norm	l0.s286.proj	M:N	Rectangular	Rectangular
CG_EDGE	l0.s286.proj	l0.s286.proj.combine	N:1	Rectangular	Unique
CG_EDGE	l0.s285.norm	l0.s287.proj	M:N	Rectangular	Rectangular
CG_EDGE	l0.s287.proj	l0.s287.proj.combine	N:1	Rectangular	Unique
CG_EDGE	l0.s286.proj.combine	l0.s288.act	M:N	Rectangular	Rectangular
CG_EDGE	l0.s287.proj.combine	l0.s288.act	M:N	Rectangular	Rectangular
CG_EDGE	l0.s288.act	l0.s289.proj	M:N	Rectangular	Rectangular
CG_EDGE	l0.s289.proj	l0.s289.proj.combine	N:1	Rectangular	Unique
CG_EDGE	l0.s289.proj.combine	l0.s289.add	1:1	Unique	Unique
CG_EDGE	l0.s284.add	l0.s289.add	1:1	Unique	Unique
CG_EDGE	l0.s289.add	l0.s290.norm	M:N	Rectangular	Rectangular
CG_EDGE	l0.s290.norm	l0.s291.proj	M:N	Rectangular	Rectangular
CG_EDGE	l0.s291.proj	l0.s291.proj.combine	N:1	Rectangular	Unique
CG_EDGE	l0.s290.norm	l0.s292.proj	M:N	Rectangular	Rectangular
CG_EDGE	l0.s292.proj	l0.s292.proj.combine	N:1	Rectangular	Unique
CG_EDGE	l0.s291.proj.combine	l0.s293.qknorm	M:N	Rectangular	Rectangular
CG_EDGE	l0.s292.proj.combine	l0.s294.qknorm	M:N	Rectangular	Rectangular
CG_EDGE	l0.s290.norm	l0.s295.proj	M:N	Rectangular	Rectangular
CG_EDGE	l0.s295.proj	l0.s295.proj.combine	N:1	Rectangular	Unique
CG_EDGE	l0.s293.qknorm	l0.s296.rope	1:1	Unique	Unique
CG_EDGE	l0.s294.qknorm	l0.s297.rope	1:1	Unique	Unique
CG_EDGE	l0.s297.rope	l0.s298.append	1:1	Unique	Unique
CG_EDGE	l0.s295.proj.combine	l0.s299.append	M:N	Rectangular	Rectangular
CG_EDGE	l0.s296.rope	l0.s300.attn	1:1	Unique	Unique
CG_EDGE	l0.s298.append	l0.s300.attn	M:N	Rectangular	Rectangular
CG_EDGE	l0.s299.append	l0.s300.attn	M:N	Rectangular	Rectangular
CG_EDGE	l0.s300.attn	l0.s301.proj	M:N	Rectangular	Rectangular
CG_EDGE	l0.s301.proj	l0.s301.proj.combine	N:1	Rectangular	Unique
CG_EDGE	l0.s301.proj.combine	l0.s301.add	1:1	Unique	Unique
CG_EDGE	l0.s289.add	l0.s301.add	1:1	Unique	Unique
CG_EDGE	l0.s301.add	l0.s302.norm	M:N	Rectangular	Rectangular
CG_EDGE	l0.s302.norm	l0.s303.proj	M:N	Rectangular	Rectangular
CG_EDGE	l0.s303.proj	l0.s303.proj.combine	N:1	Rectangular	Unique
CG_EDGE	l0.s302.norm	l0.s304.proj	M:N	Rectangular	Rectangular
CG_EDGE	l0.s304.proj	l0.s304.proj.combine	N:1	Rectangular	Unique
CG_EDGE	l0.s303.proj.combine	l0.s305.act	M:N	Rectangular	Rectangular
CG_EDGE	l0.s304.proj.combine	l0.s305.act	M:N	Rectangular	Rectangular
CG_EDGE	l0.s305.act	l0.s306.proj	M:N	Rectangular	Rectangular
CG_EDGE	l0.s306.proj	l0.s306.proj.combine	N:1	Rectangular	Unique
CG_EDGE	l0.s306.proj.combine	l0.s306.add	1:1	Unique	Unique
CG_EDGE	l0.s301.add	l0.s306.add	1:1	Unique	Unique
CG_EDGE	l0.s306.add	l0.s307.norm	M:N	Rectangular	Rectangular
CG_EDGE	l0.s307.norm	l0.s308.proj	M:N	Rectangular	Rectangular
CG_EDGE	l0.s308.proj	l0.s308.proj.combine	N:1	Rectangular	Unique
CG_EDGE	l0.s307.norm	l0.s309.proj	M:N	Rectangular	Rectangular
CG_EDGE	l0.s309.proj	l0.s309.proj.combine	N:1	Rectangular	Unique
CG_EDGE	l0.s308.proj.combine	l0.s310.qknorm	M:N	Rectangular	Rectangular
CG_EDGE	l0.s309.proj.combine	l0.s311.qknorm	M:N	Rectangular	Rectangular
CG_EDGE	l0.s307.norm	l0.s312.proj	M:N	Rectangular	Rectangular
CG_EDGE	l0.s312.proj	l0.s312.proj.combine	N:1	Rectangular	Unique
CG_EDGE	l0.s310.qknorm	l0.s313.rope	1:1	Unique	Unique
CG_EDGE	l0.s311.qknorm	l0.s314.rope	1:1	Unique	Unique
CG_EDGE	l0.s314.rope	l0.s315.append	1:1	Unique	Unique
CG_EDGE	l0.s312.proj.combine	l0.s316.append	M:N	Rectangular	Rectangular
CG_EDGE	l0.s313.rope	l0.s317.attn	1:1	Unique	Unique
CG_EDGE	l0.s315.append	l0.s317.attn	M:N	Rectangular	Rectangular
CG_EDGE	l0.s316.append	l0.s317.attn	M:N	Rectangular	Rectangular
CG_EDGE	l0.s317.attn	l0.s318.proj	M:N	Rectangular	Rectangular
CG_EDGE	l0.s318.proj	l0.s318.proj.combine	N:1	Rectangular	Unique
CG_EDGE	l0.s318.proj.combine	l0.s318.add	1:1	Unique	Unique
CG_EDGE	l0.s306.add	l0.s318.add	1:1	Unique	Unique
CG_EDGE	l0.s318.add	l0.s319.norm	M:N	Rectangular	Rectangular
CG_EDGE	l0.s319.norm	l0.s320.proj	M:N	Rectangular	Rectangular
CG_EDGE	l0.s320.proj	l0.s320.proj.combine	N:1	Rectangular	Unique
CG_EDGE	l0.s319.norm	l0.s321.proj	M:N	Rectangular	Rectangular
CG_EDGE	l0.s321.proj	l0.s321.proj.combine	N:1	Rectangular	Unique
CG_EDGE	l0.s320.proj.combine	l0.s322.act	M:N	Rectangular	Rectangular
CG_EDGE	l0.s321.proj.combine	l0.s322.act	M:N	Rectangular	Rectangular
CG_EDGE	l0.s322.act	l0.s323.proj	M:N	Rectangular	Rectangular
CG_EDGE	l0.s323.proj	l0.s323.proj.combine	N:1	Rectangular	Unique
CG_EDGE	l0.s323.proj.combine	l0.s323.add	1:1	Unique	Unique
CG_EDGE	l0.s318.add	l0.s323.add	1:1	Unique	Unique
CG_EDGE	l0.s323.add	l0.s324.norm	M:N	Rectangular	Rectangular
CG_EDGE	l0.s324.norm	l0.s325.proj	M:N	Rectangular	Rectangular
CG_EDGE	l0.s325.proj	l0.s325.proj.combine	N:1	Rectangular	Unique
CG_EDGE	l0.s324.norm	l0.s326.proj	M:N	Rectangular	Rectangular
CG_EDGE	l0.s326.proj	l0.s326.proj.combine	N:1	Rectangular	Unique
CG_EDGE	l0.s325.proj.combine	l0.s327.qknorm	M:N	Rectangular	Rectangular
CG_EDGE	l0.s326.proj.combine	l0.s328.qknorm	M:N	Rectangular	Rectangular
CG_EDGE	l0.s324.norm	l0.s329.proj	M:N	Rectangular	Rectangular
CG_EDGE	l0.s329.proj	l0.s329.proj.combine	N:1	Rectangular	Unique
CG_EDGE	l0.s327.qknorm	l0.s330.rope	1:1	Unique	Unique
CG_EDGE	l0.s328.qknorm	l0.s331.rope	1:1	Unique	Unique
CG_EDGE	l0.s331.rope	l0.s332.append	1:1	Unique	Unique
CG_EDGE	l0.s329.proj.combine	l0.s333.append	M:N	Rectangular	Rectangular
CG_EDGE	l0.s330.rope	l0.s334.attn	1:1	Unique	Unique
CG_EDGE	l0.s332.append	l0.s334.attn	M:N	Rectangular	Rectangular
CG_EDGE	l0.s333.append	l0.s334.attn	M:N	Rectangular	Rectangular
CG_EDGE	l0.s334.attn	l0.s335.proj	M:N	Rectangular	Rectangular
CG_EDGE	l0.s335.proj	l0.s335.proj.combine	N:1	Rectangular	Unique
CG_EDGE	l0.s335.proj.combine	l0.s335.add	1:1	Unique	Unique
CG_EDGE	l0.s323.add	l0.s335.add	1:1	Unique	Unique
CG_EDGE	l0.s335.add	l0.s336.norm	M:N	Rectangular	Rectangular
CG_EDGE	l0.s336.norm	l0.s337.proj	M:N	Rectangular	Rectangular
CG_EDGE	l0.s337.proj	l0.s337.proj.combine	N:1	Rectangular	Unique
CG_EDGE	l0.s336.norm	l0.s338.proj	M:N	Rectangular	Rectangular
CG_EDGE	l0.s338.proj	l0.s338.proj.combine	N:1	Rectangular	Unique
CG_EDGE	l0.s337.proj.combine	l0.s339.act	M:N	Rectangular	Rectangular
CG_EDGE	l0.s338.proj.combine	l0.s339.act	M:N	Rectangular	Rectangular
CG_EDGE	l0.s339.act	l0.s340.proj	M:N	Rectangular	Rectangular
CG_EDGE	l0.s340.proj	l0.s340.proj.combine	N:1	Rectangular	Unique
CG_EDGE	l0.s340.proj.combine	l0.s340.add	1:1	Unique	Unique
CG_EDGE	l0.s335.add	l0.s340.add	1:1	Unique	Unique
CG_EDGE	l0.s340.add	l0.s341.norm	M:N	Rectangular	Rectangular
CG_EDGE	l0.s341.norm	l0.s342.proj	M:N	Rectangular	Rectangular
CG_EDGE	l0.s342.proj	l0.s342.proj.combine	N:1	Rectangular	Unique
CG_EDGE	l0.s341.norm	l0.s343.proj	M:N	Rectangular	Rectangular
CG_EDGE	l0.s343.proj	l0.s343.proj.combine	N:1	Rectangular	Unique
CG_EDGE	l0.s342.proj.combine	l0.s344.qknorm	M:N	Rectangular	Rectangular
CG_EDGE	l0.s343.proj.combine	l0.s345.qknorm	M:N	Rectangular	Rectangular
CG_EDGE	l0.s341.norm	l0.s346.proj	M:N	Rectangular	Rectangular
CG_EDGE	l0.s346.proj	l0.s346.proj.combine	N:1	Rectangular	Unique
CG_EDGE	l0.s344.qknorm	l0.s347.rope	1:1	Unique	Unique
CG_EDGE	l0.s345.qknorm	l0.s348.rope	1:1	Unique	Unique
CG_EDGE	l0.s348.rope	l0.s349.append	1:1	Unique	Unique
CG_EDGE	l0.s346.proj.combine	l0.s350.append	M:N	Rectangular	Rectangular
CG_EDGE	l0.s347.rope	l0.s351.attn	1:1	Unique	Unique
CG_EDGE	l0.s349.append	l0.s351.attn	M:N	Rectangular	Rectangular
CG_EDGE	l0.s350.append	l0.s351.attn	M:N	Rectangular	Rectangular
CG_EDGE	l0.s351.attn	l0.s352.proj	M:N	Rectangular	Rectangular
CG_EDGE	l0.s352.proj	l0.s352.proj.combine	N:1	Rectangular	Unique
CG_EDGE	l0.s352.proj.combine	l0.s352.add	1:1	Unique	Unique
CG_EDGE	l0.s340.add	l0.s352.add	1:1	Unique	Unique
CG_EDGE	l0.s352.add	l0.s353.norm	M:N	Rectangular	Rectangular
CG_EDGE	l0.s353.norm	l0.s354.proj	M:N	Rectangular	Rectangular
CG_EDGE	l0.s354.proj	l0.s354.proj.combine	N:1	Rectangular	Unique
CG_EDGE	l0.s353.norm	l0.s355.proj	M:N	Rectangular	Rectangular
CG_EDGE	l0.s355.proj	l0.s355.proj.combine	N:1	Rectangular	Unique
CG_EDGE	l0.s354.proj.combine	l0.s356.act	M:N	Rectangular	Rectangular
CG_EDGE	l0.s355.proj.combine	l0.s356.act	M:N	Rectangular	Rectangular
CG_EDGE	l0.s356.act	l0.s357.proj	M:N	Rectangular	Rectangular
CG_EDGE	l0.s357.proj	l0.s357.proj.combine	N:1	Rectangular	Unique
CG_EDGE	l0.s357.proj.combine	l0.s357.add	1:1	Unique	Unique
CG_EDGE	l0.s352.add	l0.s357.add	1:1	Unique	Unique
CG_EDGE	l0.s357.add	l0.s358.norm	M:N	Rectangular	Rectangular
CG_EDGE	l0.s358.norm	l0.s359.proj	M:N	Rectangular	Rectangular
CG_EDGE	l0.s359.proj	l0.s359.proj.combine	N:1	Rectangular	Unique
CG_EDGE	l0.s358.norm	l0.s360.proj	M:N	Rectangular	Rectangular
CG_EDGE	l0.s360.proj	l0.s360.proj.combine	N:1	Rectangular	Unique
CG_EDGE	l0.s359.proj.combine	l0.s361.qknorm	M:N	Rectangular	Rectangular
CG_EDGE	l0.s360.proj.combine	l0.s362.qknorm	M:N	Rectangular	Rectangular
CG_EDGE	l0.s358.norm	l0.s363.proj	M:N	Rectangular	Rectangular
CG_EDGE	l0.s363.proj	l0.s363.proj.combine	N:1	Rectangular	Unique
CG_EDGE	l0.s361.qknorm	l0.s364.rope	1:1	Unique	Unique
CG_EDGE	l0.s362.qknorm	l0.s365.rope	1:1	Unique	Unique
CG_EDGE	l0.s365.rope	l0.s366.append	1:1	Unique	Unique
CG_EDGE	l0.s363.proj.combine	l0.s367.append	M:N	Rectangular	Rectangular
CG_EDGE	l0.s364.rope	l0.s368.attn	1:1	Unique	Unique
CG_EDGE	l0.s366.append	l0.s368.attn	M:N	Rectangular	Rectangular
CG_EDGE	l0.s367.append	l0.s368.attn	M:N	Rectangular	Rectangular
CG_EDGE	l0.s368.attn	l0.s369.proj	M:N	Rectangular	Rectangular
CG_EDGE	l0.s369.proj	l0.s369.proj.combine	N:1	Rectangular	Unique
CG_EDGE	l0.s369.proj.combine	l0.s369.add	1:1	Unique	Unique
CG_EDGE	l0.s357.add	l0.s369.add	1:1	Unique	Unique
CG_EDGE	l0.s369.add	l0.s370.norm	M:N	Rectangular	Rectangular
CG_EDGE	l0.s370.norm	l0.s371.proj	M:N	Rectangular	Rectangular
CG_EDGE	l0.s371.proj	l0.s371.proj.combine	N:1	Rectangular	Unique
CG_EDGE	l0.s370.norm	l0.s372.proj	M:N	Rectangular	Rectangular
CG_EDGE	l0.s372.proj	l0.s372.proj.combine	N:1	Rectangular	Unique
CG_EDGE	l0.s371.proj.combine	l0.s373.act	M:N	Rectangular	Rectangular
CG_EDGE	l0.s372.proj.combine	l0.s373.act	M:N	Rectangular	Rectangular
CG_EDGE	l0.s373.act	l0.s374.proj	M:N	Rectangular	Rectangular
CG_EDGE	l0.s374.proj	l0.s374.proj.combine	N:1	Rectangular	Unique
CG_EDGE	l0.s374.proj.combine	l0.s374.add	1:1	Unique	Unique
CG_EDGE	l0.s369.add	l0.s374.add	1:1	Unique	Unique
CG_EDGE	l0.s374.add	l0.s375.norm	M:N	Rectangular	Rectangular
CG_EDGE	l0.s375.norm	l0.s376.proj	M:N	Rectangular	Rectangular
CG_EDGE	l0.s376.proj	l0.s376.proj.combine	N:1	Rectangular	Unique
CG_EDGE	l0.s375.norm	l0.s377.proj	M:N	Rectangular	Rectangular
CG_EDGE	l0.s377.proj	l0.s377.proj.combine	N:1	Rectangular	Unique
CG_EDGE	l0.s376.proj.combine	l0.s378.qknorm	M:N	Rectangular	Rectangular
CG_EDGE	l0.s377.proj.combine	l0.s379.qknorm	M:N	Rectangular	Rectangular
CG_EDGE	l0.s375.norm	l0.s380.proj	M:N	Rectangular	Rectangular
CG_EDGE	l0.s380.proj	l0.s380.proj.combine	N:1	Rectangular	Unique
CG_EDGE	l0.s378.qknorm	l0.s381.rope	1:1	Unique	Unique
CG_EDGE	l0.s379.qknorm	l0.s382.rope	1:1	Unique	Unique
CG_EDGE	l0.s382.rope	l0.s383.append	1:1	Unique	Unique
CG_EDGE	l0.s380.proj.combine	l0.s384.append	M:N	Rectangular	Rectangular
CG_EDGE	l0.s381.rope	l0.s385.attn	1:1	Unique	Unique
CG_EDGE	l0.s383.append	l0.s385.attn	M:N	Rectangular	Rectangular
CG_EDGE	l0.s384.append	l0.s385.attn	M:N	Rectangular	Rectangular
CG_EDGE	l0.s385.attn	l0.s386.proj	M:N	Rectangular	Rectangular
CG_EDGE	l0.s386.proj	l0.s386.proj.combine	N:1	Rectangular	Unique
CG_EDGE	l0.s386.proj.combine	l0.s386.add	1:1	Unique	Unique
CG_EDGE	l0.s374.add	l0.s386.add	1:1	Unique	Unique
CG_EDGE	l0.s386.add	l0.s387.norm	M:N	Rectangular	Rectangular
CG_EDGE	l0.s387.norm	l0.s388.proj	M:N	Rectangular	Rectangular
CG_EDGE	l0.s388.proj	l0.s388.proj.combine	N:1	Rectangular	Unique
CG_EDGE	l0.s387.norm	l0.s389.proj	M:N	Rectangular	Rectangular
CG_EDGE	l0.s389.proj	l0.s389.proj.combine	N:1	Rectangular	Unique
CG_EDGE	l0.s388.proj.combine	l0.s390.act	M:N	Rectangular	Rectangular
CG_EDGE	l0.s389.proj.combine	l0.s390.act	M:N	Rectangular	Rectangular
CG_EDGE	l0.s390.act	l0.s391.proj	M:N	Rectangular	Rectangular
CG_EDGE	l0.s391.proj	l0.s391.proj.combine	N:1	Rectangular	Unique
CG_EDGE	l0.s391.proj.combine	l0.s391.add	1:1	Unique	Unique
CG_EDGE	l0.s386.add	l0.s391.add	1:1	Unique	Unique
CG_EDGE	l0.s391.add	l0.s392.norm	M:N	Rectangular	Rectangular
CG_EDGE	l0.s392.norm	l0.s393.proj	M:N	Rectangular	Rectangular
CG_EDGE	l0.s393.proj	l0.s393.proj.combine	N:1	Rectangular	Unique
CG_EDGE	l0.s392.norm	l0.s394.proj	M:N	Rectangular	Rectangular
CG_EDGE	l0.s394.proj	l0.s394.proj.combine	N:1	Rectangular	Unique
CG_EDGE	l0.s393.proj.combine	l0.s395.qknorm	M:N	Rectangular	Rectangular
CG_EDGE	l0.s394.proj.combine	l0.s396.qknorm	M:N	Rectangular	Rectangular
CG_EDGE	l0.s392.norm	l0.s397.proj	M:N	Rectangular	Rectangular
CG_EDGE	l0.s397.proj	l0.s397.proj.combine	N:1	Rectangular	Unique
CG_EDGE	l0.s395.qknorm	l0.s398.rope	1:1	Unique	Unique
CG_EDGE	l0.s396.qknorm	l0.s399.rope	1:1	Unique	Unique
CG_EDGE	l0.s399.rope	l0.s400.append	1:1	Unique	Unique
CG_EDGE	l0.s397.proj.combine	l0.s401.append	M:N	Rectangular	Rectangular
CG_EDGE	l0.s398.rope	l0.s402.attn	1:1	Unique	Unique
CG_EDGE	l0.s400.append	l0.s402.attn	M:N	Rectangular	Rectangular
CG_EDGE	l0.s401.append	l0.s402.attn	M:N	Rectangular	Rectangular
CG_EDGE	l0.s402.attn	l0.s403.proj	M:N	Rectangular	Rectangular
CG_EDGE	l0.s403.proj	l0.s403.proj.combine	N:1	Rectangular	Unique
CG_EDGE	l0.s403.proj.combine	l0.s403.add	1:1	Unique	Unique
CG_EDGE	l0.s391.add	l0.s403.add	1:1	Unique	Unique
CG_EDGE	l0.s403.add	l0.s404.norm	M:N	Rectangular	Rectangular
CG_EDGE	l0.s404.norm	l0.s405.proj	M:N	Rectangular	Rectangular
CG_EDGE	l0.s405.proj	l0.s405.proj.combine	N:1	Rectangular	Unique
CG_EDGE	l0.s404.norm	l0.s406.proj	M:N	Rectangular	Rectangular
CG_EDGE	l0.s406.proj	l0.s406.proj.combine	N:1	Rectangular	Unique
CG_EDGE	l0.s405.proj.combine	l0.s407.act	M:N	Rectangular	Rectangular
CG_EDGE	l0.s406.proj.combine	l0.s407.act	M:N	Rectangular	Rectangular
CG_EDGE	l0.s407.act	l0.s408.proj	M:N	Rectangular	Rectangular
CG_EDGE	l0.s408.proj	l0.s408.proj.combine	N:1	Rectangular	Unique
CG_EDGE	l0.s408.proj.combine	l0.s408.add	1:1	Unique	Unique
CG_EDGE	l0.s403.add	l0.s408.add	1:1	Unique	Unique
CG_EDGE	l0.s408.add	l0.s409.norm	M:N	Rectangular	Rectangular
CG_EDGE	l0.s409.norm	l0.s410.proj	M:N	Rectangular	Rectangular
CG_EDGE	l0.s410.proj	l0.s410.proj.combine	N:1	Rectangular	Unique
CG_EDGE	l0.s409.norm	l0.s411.proj	M:N	Rectangular	Rectangular
CG_EDGE	l0.s411.proj	l0.s411.proj.combine	N:1	Rectangular	Unique
CG_EDGE	l0.s410.proj.combine	l0.s412.qknorm	M:N	Rectangular	Rectangular
CG_EDGE	l0.s411.proj.combine	l0.s413.qknorm	M:N	Rectangular	Rectangular
CG_EDGE	l0.s409.norm	l0.s414.proj	M:N	Rectangular	Rectangular
CG_EDGE	l0.s414.proj	l0.s414.proj.combine	N:1	Rectangular	Unique
CG_EDGE	l0.s412.qknorm	l0.s415.rope	1:1	Unique	Unique
CG_EDGE	l0.s413.qknorm	l0.s416.rope	1:1	Unique	Unique
CG_EDGE	l0.s416.rope	l0.s417.append	1:1	Unique	Unique
CG_EDGE	l0.s414.proj.combine	l0.s418.append	M:N	Rectangular	Rectangular
CG_EDGE	l0.s415.rope	l0.s419.attn	1:1	Unique	Unique
CG_EDGE	l0.s417.append	l0.s419.attn	M:N	Rectangular	Rectangular
CG_EDGE	l0.s418.append	l0.s419.attn	M:N	Rectangular	Rectangular
CG_EDGE	l0.s419.attn	l0.s420.proj	M:N	Rectangular	Rectangular
CG_EDGE	l0.s420.proj	l0.s420.proj.combine	N:1	Rectangular	Unique
CG_EDGE	l0.s420.proj.combine	l0.s420.add	1:1	Unique	Unique
CG_EDGE	l0.s408.add	l0.s420.add	1:1	Unique	Unique
CG_EDGE	l0.s420.add	l0.s421.norm	M:N	Rectangular	Rectangular
CG_EDGE	l0.s421.norm	l0.s422.proj	M:N	Rectangular	Rectangular
CG_EDGE	l0.s422.proj	l0.s422.proj.combine	N:1	Rectangular	Unique
CG_EDGE	l0.s421.norm	l0.s423.proj	M:N	Rectangular	Rectangular
CG_EDGE	l0.s423.proj	l0.s423.proj.combine	N:1	Rectangular	Unique
CG_EDGE	l0.s422.proj.combine	l0.s424.act	M:N	Rectangular	Rectangular
CG_EDGE	l0.s423.proj.combine	l0.s424.act	M:N	Rectangular	Rectangular
CG_EDGE	l0.s424.act	l0.s425.proj	M:N	Rectangular	Rectangular
CG_EDGE	l0.s425.proj	l0.s425.proj.combine	N:1	Rectangular	Unique
CG_EDGE	l0.s425.proj.combine	l0.s425.add	1:1	Unique	Unique
CG_EDGE	l0.s420.add	l0.s425.add	1:1	Unique	Unique
CG_EDGE	l0.s425.add	l0.s426.norm	M:N	Rectangular	Rectangular
CG_EDGE	l0.s426.norm	l0.s427.proj	M:N	Rectangular	Rectangular
CG_EDGE	l0.s427.proj	l0.s427.proj.combine	N:1	Rectangular	Unique
CG_EDGE	l0.s426.norm	l0.s428.proj	M:N	Rectangular	Rectangular
CG_EDGE	l0.s428.proj	l0.s428.proj.combine	N:1	Rectangular	Unique
CG_EDGE	l0.s427.proj.combine	l0.s429.qknorm	M:N	Rectangular	Rectangular
CG_EDGE	l0.s428.proj.combine	l0.s430.qknorm	M:N	Rectangular	Rectangular
CG_EDGE	l0.s426.norm	l0.s431.proj	M:N	Rectangular	Rectangular
CG_EDGE	l0.s431.proj	l0.s431.proj.combine	N:1	Rectangular	Unique
CG_EDGE	l0.s429.qknorm	l0.s432.rope	1:1	Unique	Unique
CG_EDGE	l0.s430.qknorm	l0.s433.rope	1:1	Unique	Unique
CG_EDGE	l0.s433.rope	l0.s434.append	1:1	Unique	Unique
CG_EDGE	l0.s431.proj.combine	l0.s435.append	M:N	Rectangular	Rectangular
CG_EDGE	l0.s432.rope	l0.s436.attn	1:1	Unique	Unique
CG_EDGE	l0.s434.append	l0.s436.attn	M:N	Rectangular	Rectangular
CG_EDGE	l0.s435.append	l0.s436.attn	M:N	Rectangular	Rectangular
CG_EDGE	l0.s436.attn	l0.s437.proj	M:N	Rectangular	Rectangular
CG_EDGE	l0.s437.proj	l0.s437.proj.combine	N:1	Rectangular	Unique
CG_EDGE	l0.s437.proj.combine	l0.s437.add	1:1	Unique	Unique
CG_EDGE	l0.s425.add	l0.s437.add	1:1	Unique	Unique
CG_EDGE	l0.s437.add	l0.s438.norm	M:N	Rectangular	Rectangular
CG_EDGE	l0.s438.norm	l0.s439.proj	M:N	Rectangular	Rectangular
CG_EDGE	l0.s439.proj	l0.s439.proj.combine	N:1	Rectangular	Unique
CG_EDGE	l0.s438.norm	l0.s440.proj	M:N	Rectangular	Rectangular
CG_EDGE	l0.s440.proj	l0.s440.proj.combine	N:1	Rectangular	Unique
CG_EDGE	l0.s439.proj.combine	l0.s441.act	M:N	Rectangular	Rectangular
CG_EDGE	l0.s440.proj.combine	l0.s441.act	M:N	Rectangular	Rectangular
CG_EDGE	l0.s441.act	l0.s442.proj	M:N	Rectangular	Rectangular
CG_EDGE	l0.s442.proj	l0.s442.proj.combine	N:1	Rectangular	Unique
CG_EDGE	l0.s442.proj.combine	l0.s442.add	1:1	Unique	Unique
CG_EDGE	l0.s437.add	l0.s442.add	1:1	Unique	Unique
CG_EDGE	l0.s442.add	l0.s443.norm	M:N	Rectangular	Rectangular
CG_EDGE	l0.s443.norm	l0.s444.proj	M:N	Rectangular	Rectangular
CG_EDGE	l0.s444.proj	l0.s444.proj.combine	N:1	Rectangular	Unique
CG_EDGE	l0.s443.norm	l0.s445.proj	M:N	Rectangular	Rectangular
CG_EDGE	l0.s445.proj	l0.s445.proj.combine	N:1	Rectangular	Unique
CG_EDGE	l0.s444.proj.combine	l0.s446.qknorm	M:N	Rectangular	Rectangular
CG_EDGE	l0.s445.proj.combine	l0.s447.qknorm	M:N	Rectangular	Rectangular
CG_EDGE	l0.s443.norm	l0.s448.proj	M:N	Rectangular	Rectangular
CG_EDGE	l0.s448.proj	l0.s448.proj.combine	N:1	Rectangular	Unique
CG_EDGE	l0.s446.qknorm	l0.s449.rope	1:1	Unique	Unique
CG_EDGE	l0.s447.qknorm	l0.s450.rope	1:1	Unique	Unique
CG_EDGE	l0.s450.rope	l0.s451.append	1:1	Unique	Unique
CG_EDGE	l0.s448.proj.combine	l0.s452.append	M:N	Rectangular	Rectangular
CG_EDGE	l0.s449.rope	l0.s453.attn	1:1	Unique	Unique
CG_EDGE	l0.s451.append	l0.s453.attn	M:N	Rectangular	Rectangular
CG_EDGE	l0.s452.append	l0.s453.attn	M:N	Rectangular	Rectangular
CG_EDGE	l0.s453.attn	l0.s454.proj	M:N	Rectangular	Rectangular
CG_EDGE	l0.s454.proj	l0.s454.proj.combine	N:1	Rectangular	Unique
CG_EDGE	l0.s454.proj.combine	l0.s454.add	1:1	Unique	Unique
CG_EDGE	l0.s442.add	l0.s454.add	1:1	Unique	Unique
CG_EDGE	l0.s454.add	l0.s455.norm	M:N	Rectangular	Rectangular
CG_EDGE	l0.s455.norm	l0.s456.proj	M:N	Rectangular	Rectangular
CG_EDGE	l0.s456.proj	l0.s456.proj.combine	N:1	Rectangular	Unique
CG_EDGE	l0.s455.norm	l0.s457.proj	M:N	Rectangular	Rectangular
CG_EDGE	l0.s457.proj	l0.s457.proj.combine	N:1	Rectangular	Unique
CG_EDGE	l0.s456.proj.combine	l0.s458.act	M:N	Rectangular	Rectangular
CG_EDGE	l0.s457.proj.combine	l0.s458.act	M:N	Rectangular	Rectangular
CG_EDGE	l0.s458.act	l0.s459.proj	M:N	Rectangular	Rectangular
CG_EDGE	l0.s459.proj	l0.s459.proj.combine	N:1	Rectangular	Unique
CG_EDGE	l0.s459.proj.combine	l0.s459.add	1:1	Unique	Unique
CG_EDGE	l0.s454.add	l0.s459.add	1:1	Unique	Unique
CG_EDGE	l0.s459.add	l0.s460.norm	M:N	Rectangular	Rectangular
CG_EDGE	l0.s460.norm	l0.s461.proj	M:N	Rectangular	Rectangular
CG_EDGE	l0.s461.proj	l0.s461.proj.combine	N:1	Rectangular	Unique
CG_EDGE	l0.s460.norm	l0.s462.proj	M:N	Rectangular	Rectangular
CG_EDGE	l0.s462.proj	l0.s462.proj.combine	N:1	Rectangular	Unique
CG_EDGE	l0.s461.proj.combine	l0.s463.qknorm	M:N	Rectangular	Rectangular
CG_EDGE	l0.s462.proj.combine	l0.s464.qknorm	M:N	Rectangular	Rectangular
CG_EDGE	l0.s460.norm	l0.s465.proj	M:N	Rectangular	Rectangular
CG_EDGE	l0.s465.proj	l0.s465.proj.combine	N:1	Rectangular	Unique
CG_EDGE	l0.s463.qknorm	l0.s466.rope	1:1	Unique	Unique
CG_EDGE	l0.s464.qknorm	l0.s467.rope	1:1	Unique	Unique
CG_EDGE	l0.s467.rope	l0.s468.append	1:1	Unique	Unique
CG_EDGE	l0.s465.proj.combine	l0.s469.append	M:N	Rectangular	Rectangular
CG_EDGE	l0.s466.rope	l0.s470.attn	1:1	Unique	Unique
CG_EDGE	l0.s468.append	l0.s470.attn	M:N	Rectangular	Rectangular
CG_EDGE	l0.s469.append	l0.s470.attn	M:N	Rectangular	Rectangular
CG_EDGE	l0.s470.attn	l0.s471.proj	M:N	Rectangular	Rectangular
CG_EDGE	l0.s471.proj	l0.s471.proj.combine	N:1	Rectangular	Unique
CG_EDGE	l0.s471.proj.combine	l0.s471.add	1:1	Unique	Unique
CG_EDGE	l0.s459.add	l0.s471.add	1:1	Unique	Unique
CG_EDGE	l0.s471.add	l0.s472.norm	M:N	Rectangular	Rectangular
CG_EDGE	l0.s472.norm	l0.s473.proj	M:N	Rectangular	Rectangular
CG_EDGE	l0.s473.proj	l0.s473.proj.combine	N:1	Rectangular	Unique
CG_EDGE	l0.s472.norm	l0.s474.proj	M:N	Rectangular	Rectangular
CG_EDGE	l0.s474.proj	l0.s474.proj.combine	N:1	Rectangular	Unique
CG_EDGE	l0.s473.proj.combine	l0.s475.act	M:N	Rectangular	Rectangular
CG_EDGE	l0.s474.proj.combine	l0.s475.act	M:N	Rectangular	Rectangular
CG_EDGE	l0.s475.act	l0.s476.proj	M:N	Rectangular	Rectangular
CG_EDGE	l0.s476.proj	l0.s476.proj.combine	N:1	Rectangular	Unique
CG_EDGE	l0.s476.proj.combine	l0.s476.add	1:1	Unique	Unique
CG_EDGE	l0.s471.add	l0.s476.add	1:1	Unique	Unique
CG_EDGE	l0.s476.add	l0.s477.norm	M:N	Rectangular	Rectangular
CG_EDGE	l0.s477.norm	l0.s478.proj	M:N	Rectangular	Rectangular
CG_EDGE	l0.s478.proj	l0.s478.proj.combine	N:1	Rectangular	Unique
producer	consumer	direction	oracle	coordinate	expected	actual	equal
0	1	0	Unique	0	1	1	1
0	1	0	Unique	8	1	1	1
0	1	0	Unique	15	1	1	1
0	1	1	Unique	0	1	1	1
0	1	1	Unique	8	1	1	1
0	1	1	Unique	15	1	1	1
1	2	0	General	0	512	512	1
1	2	0	General	8	512	512	1
1	2	0	General	15	512	512	1
1	2	1	General	0	16	16	1
1	2	1	General	256	16	16	1
1	2	1	General	511	16	16	1
2	3	0	Unique	0	1	1	1
2	3	0	Unique	256	1	1	1
2	3	0	Unique	511	1	1	1
2	3	1	General	0	4	4	1
2	3	1	General	64	4	4	1
2	3	1	General	127	4	4	1
1	4	0	General	0	256	256	1
1	4	0	General	8	256	256	1
1	4	0	General	15	256	256	1
1	4	1	General	0	16	16	1
1	4	1	General	128	16	16	1
1	4	1	General	255	16	16	1
4	5	0	Unique	0	1	1	1
4	5	0	Unique	128	1	1	1
4	5	0	Unique	255	1	1	1
4	5	1	General	0	4	4	1
4	5	1	General	32	4	4	1
4	5	1	General	63	4	4	1
3	6	0	General	0	256	256	1
3	6	0	General	64	256	256	1
3	6	0	General	127	256	256	1
3	6	1	General	0	128	128	1
3	6	1	General	128	128	128	1
3	6	1	General	255	128	128	1
5	7	0	General	0	128	128	1
5	7	0	General	32	128	128	1
5	7	0	General	63	128	128	1
5	7	1	General	0	64	64	1
5	7	1	General	64	64	64	1
5	7	1	General	127	64	64	1
1	8	0	General	0	256	256	1
1	8	0	General	8	256	256	1
1	8	0	General	15	256	256	1
1	8	1	General	0	16	16	1
1	8	1	General	128	16	16	1
1	8	1	General	255	16	16	1
8	9	0	Unique	0	1	1	1
8	9	0	Unique	128	1	1	1
8	9	0	Unique	255	1	1	1
8	9	1	General	0	4	4	1
8	9	1	General	32	4	4	1
8	9	1	General	63	4	4	1
6	10	0	Unique	0	1	1	1
6	10	0	Unique	128	1	1	1
6	10	0	Unique	255	1	1	1
6	10	1	Unique	0	1	1	1
6	10	1	Unique	128	1	1	1
6	10	1	Unique	255	1	1	1
7	11	0	Unique	0	1	1	1
7	11	0	Unique	64	1	1	1
7	11	0	Unique	127	1	1	1
7	11	1	Unique	0	1	1	1
7	11	1	Unique	64	1	1	1
7	11	1	Unique	127	1	1	1
11	12	0	Unique	0	1	1	1
11	12	0	Unique	64	1	1	1
11	12	0	Unique	127	1	1	1
11	12	1	Unique	0	1	1	1
11	12	1	Unique	64	1	1	1
11	12	1	Unique	127	1	1	1
9	13	0	General	0	128	128	1
9	13	0	General	32	128	128	1
9	13	0	General	63	128	128	1
9	13	1	General	0	64	64	1
9	13	1	General	64	64	64	1
9	13	1	General	127	64	64	1
10	14	0	Unique	0	1	1	1
10	14	0	Unique	128	1	1	1
10	14	0	Unique	255	1	1	1
10	14	1	Unique	0	1	1	1
10	14	1	Unique	128	1	1	1
10	14	1	Unique	255	1	1	1
12	14	0	General	0	256	256	1
12	14	0	General	64	256	256	1
12	14	0	General	127	256	256	1
12	14	1	General	0	128	128	1
12	14	1	General	128	128	128	1
12	14	1	General	255	128	128	1
13	14	0	General	0	256	256	1
13	14	0	General	64	256	256	1
13	14	0	General	127	256	256	1
13	14	1	General	0	128	128	1
13	14	1	General	128	128	128	1
13	14	1	General	255	128	128	1
0	15	0	General	0	128	128	1
0	15	0	General	8	128	128	1
0	15	0	General	15	128	128	1
0	15	1	General	0	16	16	1
0	15	1	General	256	0	0	1
0	15	1	General	511	0	0	1
14	15	0	General	0	512	512	1
14	15	0	General	128	512	512	1
14	15	0	General	255	512	512	1
14	15	1	General	0	256	256	1
14	15	1	General	256	256	256	1
14	15	1	General	511	256	256	1
0	16	0	General	0	128	128	1
0	16	0	General	8	128	128	1
0	16	0	General	15	128	128	1
0	16	1	General	0	16	16	1
0	16	1	General	64	16	16	1
0	16	1	General	127	16	16	1
15	16	0	Unique	0	1	1	1
15	16	0	Unique	256	1	1	1
15	16	0	Unique	511	1	1	1
15	16	1	General	0	4	4	1
15	16	1	General	64	4	4	1
15	16	1	General	127	4	4	1
16	17	0	General	0	16	16	1
16	17	0	General	64	16	16	1
16	17	0	General	127	16	16	1
16	17	1	General	0	128	128	1
16	17	1	General	8	128	128	1
16	17	1	General	15	128	128	1
17	18	0	General	0	1536	1536	1
17	18	0	General	8	1536	1536	1
17	18	0	General	15	1536	1536	1
17	18	1	General	0	16	16	1
17	18	1	General	768	16	16	1
17	18	1	General	1535	16	16	1
18	19	0	Unique	0	1	1	1
18	19	0	Unique	768	1	1	1
18	19	0	Unique	1535	1	1	1
18	19	1	General	0	4	4	1
18	19	1	General	192	4	4	1
18	19	1	General	383	4	4	1
17	20	0	General	0	1536	1536	1
17	20	0	General	8	1536	1536	1
17	20	0	General	15	1536	1536	1
17	20	1	General	0	16	16	1
17	20	1	General	768	16	16	1
17	20	1	General	1535	16	16	1
20	21	0	Unique	0	1	1	1
20	21	0	Unique	768	1	1	1
20	21	0	Unique	1535	1	1	1
20	21	1	General	0	4	4	1
20	21	1	General	192	4	4	1
20	21	1	General	383	4	4	1
19	22	0	General	0	16	16	1
19	22	0	General	192	16	16	1
19	22	0	General	383	16	16	1
19	22	1	General	0	384	384	1
19	22	1	General	8	384	384	1
19	22	1	General	15	384	384	1
21	22	0	General	0	16	16	1
21	22	0	General	192	16	16	1
21	22	0	General	383	16	16	1
21	22	1	General	0	384	384	1
21	22	1	General	8	384	384	1
21	22	1	General	15	384	384	1
16	23	0	Unique	0	1	1	1
16	23	0	Unique	64	1	1	1
16	23	0	Unique	127	1	1	1
16	23	1	Unique	0	1	1	1
16	23	1	Unique	256	0	0	1
16	23	1	Unique	511	0	0	1
22	23	0	General	0	512	512	1
22	23	0	General	8	512	512	1
22	23	0	General	15	512	512	1
22	23	1	General	0	16	16	1
22	23	1	General	256	16	16	1
22	23	1	General	511	16	16	1
16	24	0	Unique	0	1	1	1
16	24	0	Unique	64	1	1	1
16	24	0	Unique	127	1	1	1
16	24	1	Unique	0	1	1	1
16	24	1	Unique	64	1	1	1
16	24	1	Unique	127	1	1	1
23	24	0	Unique	0	1	1	1
23	24	0	Unique	256	1	1	1
23	24	0	Unique	511	1	1	1
23	24	1	General	0	4	4	1
23	24	1	General	64	4	4	1
23	24	1	General	127	4	4	1
24	25	0	General	0	16	16	1
24	25	0	General	64	16	16	1
24	25	0	General	127	16	16	1
24	25	1	General	0	128	128	1
24	25	1	General	8	128	128	1
24	25	1	General	15	128	128	1
25	26	0	General	0	512	512	1
25	26	0	General	8	512	512	1
25	26	0	General	15	512	512	1
25	26	1	General	0	16	16	1
25	26	1	General	256	16	16	1
25	26	1	General	511	16	16	1
26	27	0	Unique	0	1	1	1
26	27	0	Unique	256	1	1	1
26	27	0	Unique	511	1	1	1
26	27	1	General	0	4	4	1
26	27	1	General	64	4	4	1
26	27	1	General	127	4	4	1
25	28	0	General	0	256	256	1
25	28	0	General	8	256	256	1
25	28	0	General	15	256	256	1
25	28	1	General	0	16	16	1
25	28	1	General	128	16	16	1
25	28	1	General	255	16	16	1
28	29	0	Unique	0	1	1	1
28	29	0	Unique	128	1	1	1
28	29	0	Unique	255	1	1	1
28	29	1	General	0	4	4	1
28	29	1	General	32	4	4	1
28	29	1	General	63	4	4	1
27	30	0	General	0	256	256	1
27	30	0	General	64	256	256	1
27	30	0	General	127	256	256	1
27	30	1	General	0	128	128	1
27	30	1	General	128	128	128	1
27	30	1	General	255	128	128	1
29	31	0	General	0	128	128	1
29	31	0	General	32	128	128	1
29	31	0	General	63	128	128	1
29	31	1	General	0	64	64	1
29	31	1	General	64	64	64	1
29	31	1	General	127	64	64	1
25	32	0	General	0	256	256	1
25	32	0	General	8	256	256	1
25	32	0	General	15	256	256	1
25	32	1	General	0	16	16	1
25	32	1	General	128	16	16	1
25	32	1	General	255	16	16	1
32	33	0	Unique	0	1	1	1
32	33	0	Unique	128	1	1	1
32	33	0	Unique	255	1	1	1
32	33	1	General	0	4	4	1
32	33	1	General	32	4	4	1
32	33	1	General	63	4	4	1
30	34	0	Unique	0	1	1	1
30	34	0	Unique	128	1	1	1
30	34	0	Unique	255	1	1	1
30	34	1	Unique	0	1	1	1
30	34	1	Unique	128	1	1	1
30	34	1	Unique	255	1	1	1
31	35	0	Unique	0	1	1	1
31	35	0	Unique	64	1	1	1
31	35	0	Unique	127	1	1	1
31	35	1	Unique	0	1	1	1
31	35	1	Unique	64	1	1	1
31	35	1	Unique	127	1	1	1
35	36	0	Unique	0	1	1	1
35	36	0	Unique	64	1	1	1
35	36	0	Unique	127	1	1	1
35	36	1	Unique	0	1	1	1
35	36	1	Unique	64	1	1	1
35	36	1	Unique	127	1	1	1
33	37	0	General	0	128	128	1
33	37	0	General	32	128	128	1
33	37	0	General	63	128	128	1
33	37	1	General	0	64	64	1
33	37	1	General	64	64	64	1
33	37	1	General	127	64	64	1
34	38	0	Unique	0	1	1	1
34	38	0	Unique	128	1	1	1
34	38	0	Unique	255	1	1	1
34	38	1	Unique	0	1	1	1
34	38	1	Unique	128	1	1	1
34	38	1	Unique	255	1	1	1
36	38	0	General	0	256	256	1
36	38	0	General	64	256	256	1
36	38	0	General	127	256	256	1
36	38	1	General	0	128	128	1
36	38	1	General	128	128	128	1
36	38	1	General	255	128	128	1
37	38	0	General	0	256	256	1
37	38	0	General	64	256	256	1
37	38	0	General	127	256	256	1
37	38	1	General	0	128	128	1
37	38	1	General	128	128	128	1
37	38	1	General	255	128	128	1
24	39	0	Unique	0	1	1	1
24	39	0	Unique	64	1	1	1
24	39	0	Unique	127	1	1	1
24	39	1	Unique	0	1	1	1
24	39	1	Unique	256	0	0	1
24	39	1	Unique	511	0	0	1
38	39	0	General	0	512	512	1
38	39	0	General	128	512	512	1
38	39	0	General	255	512	512	1
38	39	1	General	0	256	256	1
38	39	1	General	256	256	256	1
38	39	1	General	511	256	256	1
24	40	0	Unique	0	1	1	1
24	40	0	Unique	64	1	1	1
24	40	0	Unique	127	1	1	1
24	40	1	Unique	0	1	1	1
24	40	1	Unique	64	1	1	1
24	40	1	Unique	127	1	1	1
39	40	0	Unique	0	1	1	1
39	40	0	Unique	256	1	1	1
39	40	0	Unique	511	1	1	1
39	40	1	General	0	4	4	1
39	40	1	General	64	4	4	1
39	40	1	General	127	4	4	1
40	41	0	General	0	16	16	1
40	41	0	General	64	16	16	1
40	41	0	General	127	16	16	1
40	41	1	General	0	128	128	1
40	41	1	General	8	128	128	1
40	41	1	General	15	128	128	1
41	42	0	General	0	1536	1536	1
41	42	0	General	8	1536	1536	1
41	42	0	General	15	1536	1536	1
41	42	1	General	0	16	16	1
41	42	1	General	768	16	16	1
41	42	1	General	1535	16	16	1
42	43	0	Unique	0	1	1	1
42	43	0	Unique	768	1	1	1
42	43	0	Unique	1535	1	1	1
42	43	1	General	0	4	4	1
42	43	1	General	192	4	4	1
42	43	1	General	383	4	4	1
41	44	0	General	0	1536	1536	1
41	44	0	General	8	1536	1536	1
41	44	0	General	15	1536	1536	1
41	44	1	General	0	16	16	1
41	44	1	General	768	16	16	1
41	44	1	General	1535	16	16	1
44	45	0	Unique	0	1	1	1
44	45	0	Unique	768	1	1	1
44	45	0	Unique	1535	1	1	1
44	45	1	General	0	4	4	1
44	45	1	General	192	4	4	1
44	45	1	General	383	4	4	1
43	46	0	General	0	16	16	1
43	46	0	General	192	16	16	1
43	46	0	General	383	16	16	1
43	46	1	General	0	384	384	1
43	46	1	General	8	384	384	1
43	46	1	General	15	384	384	1
45	46	0	General	0	16	16	1
45	46	0	General	192	16	16	1
45	46	0	General	383	16	16	1
45	46	1	General	0	384	384	1
45	46	1	General	8	384	384	1
45	46	1	General	15	384	384	1
40	47	0	Unique	0	1	1	1
40	47	0	Unique	64	1	1	1
40	47	0	Unique	127	1	1	1
40	47	1	Unique	0	1	1	1
40	47	1	Unique	256	0	0	1
40	47	1	Unique	511	0	0	1
46	47	0	General	0	512	512	1
46	47	0	General	8	512	512	1
46	47	0	General	15	512	512	1
46	47	1	General	0	16	16	1
46	47	1	General	256	16	16	1
46	47	1	General	511	16	16	1
40	48	0	Unique	0	1	1	1
40	48	0	Unique	64	1	1	1
40	48	0	Unique	127	1	1	1
40	48	1	Unique	0	1	1	1
40	48	1	Unique	64	1	1	1
40	48	1	Unique	127	1	1	1
47	48	0	Unique	0	1	1	1
47	48	0	Unique	256	1	1	1
47	48	0	Unique	511	1	1	1
47	48	1	General	0	4	4	1
47	48	1	General	64	4	4	1
47	48	1	General	127	4	4	1
48	49	0	General	0	16	16	1
48	49	0	General	64	16	16	1
48	49	0	General	127	16	16	1
48	49	1	General	0	128	128	1
48	49	1	General	8	128	128	1
48	49	1	General	15	128	128	1
49	50	0	General	0	512	512	1
49	50	0	General	8	512	512	1
49	50	0	General	15	512	512	1
49	50	1	General	0	16	16	1
49	50	1	General	256	16	16	1
49	50	1	General	511	16	16	1
50	51	0	Unique	0	1	1	1
50	51	0	Unique	256	1	1	1
50	51	0	Unique	511	1	1	1
50	51	1	General	0	4	4	1
50	51	1	General	64	4	4	1
50	51	1	General	127	4	4	1
49	52	0	General	0	256	256	1
49	52	0	General	8	256	256	1
49	52	0	General	15	256	256	1
49	52	1	General	0	16	16	1
49	52	1	General	128	16	16	1
49	52	1	General	255	16	16	1
52	53	0	Unique	0	1	1	1
52	53	0	Unique	128	1	1	1
52	53	0	Unique	255	1	1	1
52	53	1	General	0	4	4	1
52	53	1	General	32	4	4	1
52	53	1	General	63	4	4	1
51	54	0	General	0	256	256	1
51	54	0	General	64	256	256	1
51	54	0	General	127	256	256	1
51	54	1	General	0	128	128	1
51	54	1	General	128	128	128	1
51	54	1	General	255	128	128	1
53	55	0	General	0	128	128	1
53	55	0	General	32	128	128	1
53	55	0	General	63	128	128	1
53	55	1	General	0	64	64	1
53	55	1	General	64	64	64	1
53	55	1	General	127	64	64	1
49	56	0	General	0	256	256	1
49	56	0	General	8	256	256	1
49	56	0	General	15	256	256	1
49	56	1	General	0	16	16	1
49	56	1	General	128	16	16	1
49	56	1	General	255	16	16	1
56	57	0	Unique	0	1	1	1
56	57	0	Unique	128	1	1	1
56	57	0	Unique	255	1	1	1
56	57	1	General	0	4	4	1
56	57	1	General	32	4	4	1
56	57	1	General	63	4	4	1
54	58	0	Unique	0	1	1	1
54	58	0	Unique	128	1	1	1
54	58	0	Unique	255	1	1	1
54	58	1	Unique	0	1	1	1
54	58	1	Unique	128	1	1	1
54	58	1	Unique	255	1	1	1
55	59	0	Unique	0	1	1	1
55	59	0	Unique	64	1	1	1
55	59	0	Unique	127	1	1	1
55	59	1	Unique	0	1	1	1
55	59	1	Unique	64	1	1	1
55	59	1	Unique	127	1	1	1
59	60	0	Unique	0	1	1	1
59	60	0	Unique	64	1	1	1
59	60	0	Unique	127	1	1	1
59	60	1	Unique	0	1	1	1
59	60	1	Unique	64	1	1	1
59	60	1	Unique	127	1	1	1
57	61	0	General	0	128	128	1
57	61	0	General	32	128	128	1
57	61	0	General	63	128	128	1
57	61	1	General	0	64	64	1
57	61	1	General	64	64	64	1
57	61	1	General	127	64	64	1
58	62	0	Unique	0	1	1	1
58	62	0	Unique	128	1	1	1
58	62	0	Unique	255	1	1	1
58	62	1	Unique	0	1	1	1
58	62	1	Unique	128	1	1	1
58	62	1	Unique	255	1	1	1
60	62	0	General	0	256	256	1
60	62	0	General	64	256	256	1
60	62	0	General	127	256	256	1
60	62	1	General	0	128	128	1
60	62	1	General	128	128	128	1
60	62	1	General	255	128	128	1
61	62	0	General	0	256	256	1
61	62	0	General	64	256	256	1
61	62	0	General	127	256	256	1
61	62	1	General	0	128	128	1
61	62	1	General	128	128	128	1
61	62	1	General	255	128	128	1
48	63	0	Unique	0	1	1	1
48	63	0	Unique	64	1	1	1
48	63	0	Unique	127	1	1	1
48	63	1	Unique	0	1	1	1
48	63	1	Unique	256	0	0	1
48	63	1	Unique	511	0	0	1
62	63	0	General	0	512	512	1
62	63	0	General	128	512	512	1
62	63	0	General	255	512	512	1
62	63	1	General	0	256	256	1
62	63	1	General	256	256	256	1
62	63	1	General	511	256	256	1
48	64	0	Unique	0	1	1	1
48	64	0	Unique	64	1	1	1
48	64	0	Unique	127	1	1	1
48	64	1	Unique	0	1	1	1
48	64	1	Unique	64	1	1	1
48	64	1	Unique	127	1	1	1
63	64	0	Unique	0	1	1	1
63	64	0	Unique	256	1	1	1
63	64	0	Unique	511	1	1	1
63	64	1	General	0	4	4	1
63	64	1	General	64	4	4	1
63	64	1	General	127	4	4	1
64	65	0	General	0	16	16	1
64	65	0	General	64	16	16	1
64	65	0	General	127	16	16	1
64	65	1	General	0	128	128	1
64	65	1	General	8	128	128	1
64	65	1	General	15	128	128	1
65	66	0	General	0	1536	1536	1
65	66	0	General	8	1536	1536	1
65	66	0	General	15	1536	1536	1
65	66	1	General	0	16	16	1
65	66	1	General	768	16	16	1
65	66	1	General	1535	16	16	1
66	67	0	Unique	0	1	1	1
66	67	0	Unique	768	1	1	1
66	67	0	Unique	1535	1	1	1
66	67	1	General	0	4	4	1
66	67	1	General	192	4	4	1
66	67	1	General	383	4	4	1
65	68	0	General	0	1536	1536	1
65	68	0	General	8	1536	1536	1
65	68	0	General	15	1536	1536	1
65	68	1	General	0	16	16	1
65	68	1	General	768	16	16	1
65	68	1	General	1535	16	16	1
68	69	0	Unique	0	1	1	1
68	69	0	Unique	768	1	1	1
68	69	0	Unique	1535	1	1	1
68	69	1	General	0	4	4	1
68	69	1	General	192	4	4	1
68	69	1	General	383	4	4	1
67	70	0	General	0	16	16	1
67	70	0	General	192	16	16	1
67	70	0	General	383	16	16	1
67	70	1	General	0	384	384	1
67	70	1	General	8	384	384	1
67	70	1	General	15	384	384	1
69	70	0	General	0	16	16	1
69	70	0	General	192	16	16	1
69	70	0	General	383	16	16	1
69	70	1	General	0	384	384	1
69	70	1	General	8	384	384	1
69	70	1	General	15	384	384	1
64	71	0	Unique	0	1	1	1
64	71	0	Unique	64	1	1	1
64	71	0	Unique	127	1	1	1
64	71	1	Unique	0	1	1	1
64	71	1	Unique	256	0	0	1
64	71	1	Unique	511	0	0	1
70	71	0	General	0	512	512	1
70	71	0	General	8	512	512	1
70	71	0	General	15	512	512	1
70	71	1	General	0	16	16	1
70	71	1	General	256	16	16	1
70	71	1	General	511	16	16	1
64	72	0	Unique	0	1	1	1
64	72	0	Unique	64	1	1	1
64	72	0	Unique	127	1	1	1
64	72	1	Unique	0	1	1	1
64	72	1	Unique	64	1	1	1
64	72	1	Unique	127	1	1	1
71	72	0	Unique	0	1	1	1
71	72	0	Unique	256	1	1	1
71	72	0	Unique	511	1	1	1
71	72	1	General	0	4	4	1
71	72	1	General	64	4	4	1
71	72	1	General	127	4	4	1
72	73	0	General	0	16	16	1
72	73	0	General	64	16	16	1
72	73	0	General	127	16	16	1
72	73	1	General	0	128	128	1
72	73	1	General	8	128	128	1
72	73	1	General	15	128	128	1
73	74	0	General	0	512	512	1
73	74	0	General	8	512	512	1
73	74	0	General	15	512	512	1
73	74	1	General	0	16	16	1
73	74	1	General	256	16	16	1
73	74	1	General	511	16	16	1
74	75	0	Unique	0	1	1	1
74	75	0	Unique	256	1	1	1
74	75	0	Unique	511	1	1	1
74	75	1	General	0	4	4	1
74	75	1	General	64	4	4	1
74	75	1	General	127	4	4	1
73	76	0	General	0	256	256	1
73	76	0	General	8	256	256	1
73	76	0	General	15	256	256	1
73	76	1	General	0	16	16	1
73	76	1	General	128	16	16	1
73	76	1	General	255	16	16	1
76	77	0	Unique	0	1	1	1
76	77	0	Unique	128	1	1	1
76	77	0	Unique	255	1	1	1
76	77	1	General	0	4	4	1
76	77	1	General	32	4	4	1
76	77	1	General	63	4	4	1
75	78	0	General	0	256	256	1
75	78	0	General	64	256	256	1
75	78	0	General	127	256	256	1
75	78	1	General	0	128	128	1
75	78	1	General	128	128	128	1
75	78	1	General	255	128	128	1
77	79	0	General	0	128	128	1
77	79	0	General	32	128	128	1
77	79	0	General	63	128	128	1
77	79	1	General	0	64	64	1
77	79	1	General	64	64	64	1
77	79	1	General	127	64	64	1
73	80	0	General	0	256	256	1
73	80	0	General	8	256	256	1
73	80	0	General	15	256	256	1
73	80	1	General	0	16	16	1
73	80	1	General	128	16	16	1
73	80	1	General	255	16	16	1
80	81	0	Unique	0	1	1	1
80	81	0	Unique	128	1	1	1
80	81	0	Unique	255	1	1	1
80	81	1	General	0	4	4	1
80	81	1	General	32	4	4	1
80	81	1	General	63	4	4	1
78	82	0	Unique	0	1	1	1
78	82	0	Unique	128	1	1	1
78	82	0	Unique	255	1	1	1
78	82	1	Unique	0	1	1	1
78	82	1	Unique	128	1	1	1
78	82	1	Unique	255	1	1	1
79	83	0	Unique	0	1	1	1
79	83	0	Unique	64	1	1	1
79	83	0	Unique	127	1	1	1
79	83	1	Unique	0	1	1	1
79	83	1	Unique	64	1	1	1
79	83	1	Unique	127	1	1	1
83	84	0	Unique	0	1	1	1
83	84	0	Unique	64	1	1	1
83	84	0	Unique	127	1	1	1
83	84	1	Unique	0	1	1	1
83	84	1	Unique	64	1	1	1
83	84	1	Unique	127	1	1	1
81	85	0	General	0	128	128	1
81	85	0	General	32	128	128	1
81	85	0	General	63	128	128	1
81	85	1	General	0	64	64	1
81	85	1	General	64	64	64	1
81	85	1	General	127	64	64	1
82	86	0	Unique	0	1	1	1
82	86	0	Unique	128	1	1	1
82	86	0	Unique	255	1	1	1
82	86	1	Unique	0	1	1	1
82	86	1	Unique	128	1	1	1
82	86	1	Unique	255	1	1	1
84	86	0	General	0	256	256	1
84	86	0	General	64	256	256	1
84	86	0	General	127	256	256	1
84	86	1	General	0	128	128	1
84	86	1	General	128	128	128	1
84	86	1	General	255	128	128	1
85	86	0	General	0	256	256	1
85	86	0	General	64	256	256	1
85	86	0	General	127	256	256	1
85	86	1	General	0	128	128	1
85	86	1	General	128	128	128	1
85	86	1	General	255	128	128	1
72	87	0	Unique	0	1	1	1
72	87	0	Unique	64	1	1	1
72	87	0	Unique	127	1	1	1
72	87	1	Unique	0	1	1	1
72	87	1	Unique	256	0	0	1
72	87	1	Unique	511	0	0	1
86	87	0	General	0	512	512	1
86	87	0	General	128	512	512	1
86	87	0	General	255	512	512	1
86	87	1	General	0	256	256	1
86	87	1	General	256	256	256	1
86	87	1	General	511	256	256	1
72	88	0	Unique	0	1	1	1
72	88	0	Unique	64	1	1	1
72	88	0	Unique	127	1	1	1
72	88	1	Unique	0	1	1	1
72	88	1	Unique	64	1	1	1
72	88	1	Unique	127	1	1	1
87	88	0	Unique	0	1	1	1
87	88	0	Unique	256	1	1	1
87	88	0	Unique	511	1	1	1
87	88	1	General	0	4	4	1
87	88	1	General	64	4	4	1
87	88	1	General	127	4	4	1
88	89	0	General	0	16	16	1
88	89	0	General	64	16	16	1
88	89	0	General	127	16	16	1
88	89	1	General	0	128	128	1
88	89	1	General	8	128	128	1
88	89	1	General	15	128	128	1
89	90	0	General	0	1536	1536	1
89	90	0	General	8	1536	1536	1
89	90	0	General	15	1536	1536	1
89	90	1	General	0	16	16	1
89	90	1	General	768	16	16	1
89	90	1	General	1535	16	16	1
90	91	0	Unique	0	1	1	1
90	91	0	Unique	768	1	1	1
90	91	0	Unique	1535	1	1	1
90	91	1	General	0	4	4	1
90	91	1	General	192	4	4	1
90	91	1	General	383	4	4	1
89	92	0	General	0	1536	1536	1
89	92	0	General	8	1536	1536	1
89	92	0	General	15	1536	1536	1
89	92	1	General	0	16	16	1
89	92	1	General	768	16	16	1
89	92	1	General	1535	16	16	1
92	93	0	Unique	0	1	1	1
92	93	0	Unique	768	1	1	1
92	93	0	Unique	1535	1	1	1
92	93	1	General	0	4	4	1
92	93	1	General	192	4	4	1
92	93	1	General	383	4	4	1
91	94	0	General	0	16	16	1
91	94	0	General	192	16	16	1
91	94	0	General	383	16	16	1
91	94	1	General	0	384	384	1
91	94	1	General	8	384	384	1
91	94	1	General	15	384	384	1
93	94	0	General	0	16	16	1
93	94	0	General	192	16	16	1
93	94	0	General	383	16	16	1
93	94	1	General	0	384	384	1
93	94	1	General	8	384	384	1
93	94	1	General	15	384	384	1
88	95	0	Unique	0	1	1	1
88	95	0	Unique	64	1	1	1
88	95	0	Unique	127	1	1	1
88	95	1	Unique	0	1	1	1
88	95	1	Unique	256	0	0	1
88	95	1	Unique	511	0	0	1
94	95	0	General	0	512	512	1
94	95	0	General	8	512	512	1
94	95	0	General	15	512	512	1
94	95	1	General	0	16	16	1
94	95	1	General	256	16	16	1
94	95	1	General	511	16	16	1
88	96	0	Unique	0	1	1	1
88	96	0	Unique	64	1	1	1
88	96	0	Unique	127	1	1	1
88	96	1	Unique	0	1	1	1
88	96	1	Unique	64	1	1	1
88	96	1	Unique	127	1	1	1
95	96	0	Unique	0	1	1	1
95	96	0	Unique	256	1	1	1
95	96	0	Unique	511	1	1	1
95	96	1	General	0	4	4	1
95	96	1	General	64	4	4	1
95	96	1	General	127	4	4	1
96	97	0	General	0	16	16	1
96	97	0	General	64	16	16	1
96	97	0	General	127	16	16	1
96	97	1	General	0	128	128	1
96	97	1	General	8	128	128	1
96	97	1	General	15	128	128	1
97	98	0	General	0	512	512	1
97	98	0	General	8	512	512	1
97	98	0	General	15	512	512	1
97	98	1	General	0	16	16	1
97	98	1	General	256	16	16	1
97	98	1	General	511	16	16	1
98	99	0	Unique	0	1	1	1
98	99	0	Unique	256	1	1	1
98	99	0	Unique	511	1	1	1
98	99	1	General	0	4	4	1
98	99	1	General	64	4	4	1
98	99	1	General	127	4	4	1
97	100	0	General	0	256	256	1
97	100	0	General	8	256	256	1
97	100	0	General	15	256	256	1
97	100	1	General	0	16	16	1
97	100	1	General	128	16	16	1
97	100	1	General	255	16	16	1
100	101	0	Unique	0	1	1	1
100	101	0	Unique	128	1	1	1
100	101	0	Unique	255	1	1	1
100	101	1	General	0	4	4	1
100	101	1	General	32	4	4	1
100	101	1	General	63	4	4	1
99	102	0	General	0	256	256	1
99	102	0	General	64	256	256	1
99	102	0	General	127	256	256	1
99	102	1	General	0	128	128	1
99	102	1	General	128	128	128	1
99	102	1	General	255	128	128	1
101	103	0	General	0	128	128	1
101	103	0	General	32	128	128	1
101	103	0	General	63	128	128	1
101	103	1	General	0	64	64	1
101	103	1	General	64	64	64	1
101	103	1	General	127	64	64	1
97	104	0	General	0	256	256	1
97	104	0	General	8	256	256	1
97	104	0	General	15	256	256	1
97	104	1	General	0	16	16	1
97	104	1	General	128	16	16	1
97	104	1	General	255	16	16	1
104	105	0	Unique	0	1	1	1
104	105	0	Unique	128	1	1	1
104	105	0	Unique	255	1	1	1
104	105	1	General	0	4	4	1
104	105	1	General	32	4	4	1
104	105	1	General	63	4	4	1
102	106	0	Unique	0	1	1	1
102	106	0	Unique	128	1	1	1
102	106	0	Unique	255	1	1	1
102	106	1	Unique	0	1	1	1
102	106	1	Unique	128	1	1	1
102	106	1	Unique	255	1	1	1
103	107	0	Unique	0	1	1	1
103	107	0	Unique	64	1	1	1
103	107	0	Unique	127	1	1	1
103	107	1	Unique	0	1	1	1
103	107	1	Unique	64	1	1	1
103	107	1	Unique	127	1	1	1
107	108	0	Unique	0	1	1	1
107	108	0	Unique	64	1	1	1
107	108	0	Unique	127	1	1	1
107	108	1	Unique	0	1	1	1
107	108	1	Unique	64	1	1	1
107	108	1	Unique	127	1	1	1
105	109	0	General	0	128	128	1
105	109	0	General	32	128	128	1
105	109	0	General	63	128	128	1
105	109	1	General	0	64	64	1
105	109	1	General	64	64	64	1
105	109	1	General	127	64	64	1
106	110	0	Unique	0	1	1	1
106	110	0	Unique	128	1	1	1
106	110	0	Unique	255	1	1	1
106	110	1	Unique	0	1	1	1
106	110	1	Unique	128	1	1	1
106	110	1	Unique	255	1	1	1
108	110	0	General	0	256	256	1
108	110	0	General	64	256	256	1
108	110	0	General	127	256	256	1
108	110	1	General	0	128	128	1
108	110	1	General	128	128	128	1
108	110	1	General	255	128	128	1
109	110	0	General	0	256	256	1
109	110	0	General	64	256	256	1
109	110	0	General	127	256	256	1
109	110	1	General	0	128	128	1
109	110	1	General	128	128	128	1
109	110	1	General	255	128	128	1
96	111	0	Unique	0	1	1	1
96	111	0	Unique	64	1	1	1
96	111	0	Unique	127	1	1	1
96	111	1	Unique	0	1	1	1
96	111	1	Unique	256	0	0	1
96	111	1	Unique	511	0	0	1
110	111	0	General	0	512	512	1
110	111	0	General	128	512	512	1
110	111	0	General	255	512	512	1
110	111	1	General	0	256	256	1
110	111	1	General	256	256	256	1
110	111	1	General	511	256	256	1
96	112	0	Unique	0	1	1	1
96	112	0	Unique	64	1	1	1
96	112	0	Unique	127	1	1	1
96	112	1	Unique	0	1	1	1
96	112	1	Unique	64	1	1	1
96	112	1	Unique	127	1	1	1
111	112	0	Unique	0	1	1	1
111	112	0	Unique	256	1	1	1
111	112	0	Unique	511	1	1	1
111	112	1	General	0	4	4	1
111	112	1	General	64	4	4	1
111	112	1	General	127	4	4	1
112	113	0	General	0	16	16	1
112	113	0	General	64	16	16	1
112	113	0	General	127	16	16	1
112	113	1	General	0	128	128	1
112	113	1	General	8	128	128	1
112	113	1	General	15	128	128	1
113	114	0	General	0	1536	1536	1
113	114	0	General	8	1536	1536	1
113	114	0	General	15	1536	1536	1
113	114	1	General	0	16	16	1
113	114	1	General	768	16	16	1
113	114	1	General	1535	16	16	1
114	115	0	Unique	0	1	1	1
114	115	0	Unique	768	1	1	1
114	115	0	Unique	1535	1	1	1
114	115	1	General	0	4	4	1
114	115	1	General	192	4	4	1
114	115	1	General	383	4	4	1
113	116	0	General	0	1536	1536	1
113	116	0	General	8	1536	1536	1
113	116	0	General	15	1536	1536	1
113	116	1	General	0	16	16	1
113	116	1	General	768	16	16	1
113	116	1	General	1535	16	16	1
116	117	0	Unique	0	1	1	1
116	117	0	Unique	768	1	1	1
116	117	0	Unique	1535	1	1	1
116	117	1	General	0	4	4	1
116	117	1	General	192	4	4	1
116	117	1	General	383	4	4	1
115	118	0	General	0	16	16	1
115	118	0	General	192	16	16	1
115	118	0	General	383	16	16	1
115	118	1	General	0	384	384	1
115	118	1	General	8	384	384	1
115	118	1	General	15	384	384	1
117	118	0	General	0	16	16	1
117	118	0	General	192	16	16	1
117	118	0	General	383	16	16	1
117	118	1	General	0	384	384	1
117	118	1	General	8	384	384	1
117	118	1	General	15	384	384	1
112	119	0	Unique	0	1	1	1
112	119	0	Unique	64	1	1	1
112	119	0	Unique	127	1	1	1
112	119	1	Unique	0	1	1	1
112	119	1	Unique	256	0	0	1
112	119	1	Unique	511	0	0	1
118	119	0	General	0	512	512	1
118	119	0	General	8	512	512	1
118	119	0	General	15	512	512	1
118	119	1	General	0	16	16	1
118	119	1	General	256	16	16	1
118	119	1	General	511	16	16	1
112	120	0	Unique	0	1	1	1
112	120	0	Unique	64	1	1	1
112	120	0	Unique	127	1	1	1
112	120	1	Unique	0	1	1	1
112	120	1	Unique	64	1	1	1
112	120	1	Unique	127	1	1	1
119	120	0	Unique	0	1	1	1
119	120	0	Unique	256	1	1	1
119	120	0	Unique	511	1	1	1
119	120	1	General	0	4	4	1
119	120	1	General	64	4	4	1
119	120	1	General	127	4	4	1
120	121	0	General	0	16	16	1
120	121	0	General	64	16	16	1
120	121	0	General	127	16	16	1
120	121	1	General	0	128	128	1
120	121	1	General	8	128	128	1
120	121	1	General	15	128	128	1
121	122	0	General	0	512	512	1
121	122	0	General	8	512	512	1
121	122	0	General	15	512	512	1
121	122	1	General	0	16	16	1
121	122	1	General	256	16	16	1
121	122	1	General	511	16	16	1
122	123	0	Unique	0	1	1	1
122	123	0	Unique	256	1	1	1
122	123	0	Unique	511	1	1	1
122	123	1	General	0	4	4	1
122	123	1	General	64	4	4	1
122	123	1	General	127	4	4	1
121	124	0	General	0	256	256	1
121	124	0	General	8	256	256	1
121	124	0	General	15	256	256	1
121	124	1	General	0	16	16	1
121	124	1	General	128	16	16	1
121	124	1	General	255	16	16	1
124	125	0	Unique	0	1	1	1
124	125	0	Unique	128	1	1	1
124	125	0	Unique	255	1	1	1
124	125	1	General	0	4	4	1
124	125	1	General	32	4	4	1
124	125	1	General	63	4	4	1
123	126	0	General	0	256	256	1
123	126	0	General	64	256	256	1
123	126	0	General	127	256	256	1
123	126	1	General	0	128	128	1
123	126	1	General	128	128	128	1
123	126	1	General	255	128	128	1
125	127	0	General	0	128	128	1
125	127	0	General	32	128	128	1
125	127	0	General	63	128	128	1
125	127	1	General	0	64	64	1
125	127	1	General	64	64	64	1
125	127	1	General	127	64	64	1
121	128	0	General	0	256	256	1
121	128	0	General	8	256	256	1
121	128	0	General	15	256	256	1
121	128	1	General	0	16	16	1
121	128	1	General	128	16	16	1
121	128	1	General	255	16	16	1
128	129	0	Unique	0	1	1	1
128	129	0	Unique	128	1	1	1
128	129	0	Unique	255	1	1	1
128	129	1	General	0	4	4	1
128	129	1	General	32	4	4	1
128	129	1	General	63	4	4	1
126	130	0	Unique	0	1	1	1
126	130	0	Unique	128	1	1	1
126	130	0	Unique	255	1	1	1
126	130	1	Unique	0	1	1	1
126	130	1	Unique	128	1	1	1
126	130	1	Unique	255	1	1	1
127	131	0	Unique	0	1	1	1
127	131	0	Unique	64	1	1	1
127	131	0	Unique	127	1	1	1
127	131	1	Unique	0	1	1	1
127	131	1	Unique	64	1	1	1
127	131	1	Unique	127	1	1	1
131	132	0	Unique	0	1	1	1
131	132	0	Unique	64	1	1	1
131	132	0	Unique	127	1	1	1
131	132	1	Unique	0	1	1	1
131	132	1	Unique	64	1	1	1
131	132	1	Unique	127	1	1	1
129	133	0	General	0	128	128	1
129	133	0	General	32	128	128	1
129	133	0	General	63	128	128	1
129	133	1	General	0	64	64	1
129	133	1	General	64	64	64	1
129	133	1	General	127	64	64	1
130	134	0	Unique	0	1	1	1
130	134	0	Unique	128	1	1	1
130	134	0	Unique	255	1	1	1
130	134	1	Unique	0	1	1	1
130	134	1	Unique	128	1	1	1
130	134	1	Unique	255	1	1	1
132	134	0	General	0	256	256	1
132	134	0	General	64	256	256	1
132	134	0	General	127	256	256	1
132	134	1	General	0	128	128	1
132	134	1	General	128	128	128	1
132	134	1	General	255	128	128	1
133	134	0	General	0	256	256	1
133	134	0	General	64	256	256	1
133	134	0	General	127	256	256	1
133	134	1	General	0	128	128	1
133	134	1	General	128	128	128	1
133	134	1	General	255	128	128	1
120	135	0	Unique	0	1	1	1
120	135	0	Unique	64	1	1	1
120	135	0	Unique	127	1	1	1
120	135	1	Unique	0	1	1	1
120	135	1	Unique	256	0	0	1
120	135	1	Unique	511	0	0	1
134	135	0	General	0	512	512	1
134	135	0	General	128	512	512	1
134	135	0	General	255	512	512	1
134	135	1	General	0	256	256	1
134	135	1	General	256	256	256	1
134	135	1	General	511	256	256	1
120	136	0	Unique	0	1	1	1
120	136	0	Unique	64	1	1	1
120	136	0	Unique	127	1	1	1
120	136	1	Unique	0	1	1	1
120	136	1	Unique	64	1	1	1
120	136	1	Unique	127	1	1	1
135	136	0	Unique	0	1	1	1
135	136	0	Unique	256	1	1	1
135	136	0	Unique	511	1	1	1
135	136	1	General	0	4	4	1
135	136	1	General	64	4	4	1
135	136	1	General	127	4	4	1
136	137	0	General	0	16	16	1
136	137	0	General	64	16	16	1
136	137	0	General	127	16	16	1
136	137	1	General	0	128	128	1
136	137	1	General	8	128	128	1
136	137	1	General	15	128	128	1
137	138	0	General	0	1536	1536	1
137	138	0	General	8	1536	1536	1
137	138	0	General	15	1536	1536	1
137	138	1	General	0	16	16	1
137	138	1	General	768	16	16	1
137	138	1	General	1535	16	16	1
138	139	0	Unique	0	1	1	1
138	139	0	Unique	768	1	1	1
138	139	0	Unique	1535	1	1	1
138	139	1	General	0	4	4	1
138	139	1	General	192	4	4	1
138	139	1	General	383	4	4	1
137	140	0	General	0	1536	1536	1
137	140	0	General	8	1536	1536	1
137	140	0	General	15	1536	1536	1
137	140	1	General	0	16	16	1
137	140	1	General	768	16	16	1
137	140	1	General	1535	16	16	1
140	141	0	Unique	0	1	1	1
140	141	0	Unique	768	1	1	1
140	141	0	Unique	1535	1	1	1
140	141	1	General	0	4	4	1
140	141	1	General	192	4	4	1
140	141	1	General	383	4	4	1
139	142	0	General	0	16	16	1
139	142	0	General	192	16	16	1
139	142	0	General	383	16	16	1
139	142	1	General	0	384	384	1
139	142	1	General	8	384	384	1
139	142	1	General	15	384	384	1
141	142	0	General	0	16	16	1
141	142	0	General	192	16	16	1
141	142	0	General	383	16	16	1
141	142	1	General	0	384	384	1
141	142	1	General	8	384	384	1
141	142	1	General	15	384	384	1
136	143	0	Unique	0	1	1	1
136	143	0	Unique	64	1	1	1
136	143	0	Unique	127	1	1	1
136	143	1	Unique	0	1	1	1
136	143	1	Unique	256	0	0	1
136	143	1	Unique	511	0	0	1
142	143	0	General	0	512	512	1
142	143	0	General	8	512	512	1
142	143	0	General	15	512	512	1
142	143	1	General	0	16	16	1
142	143	1	General	256	16	16	1
142	143	1	General	511	16	16	1
136	144	0	Unique	0	1	1	1
136	144	0	Unique	64	1	1	1
136	144	0	Unique	127	1	1	1
136	144	1	Unique	0	1	1	1
136	144	1	Unique	64	1	1	1
136	144	1	Unique	127	1	1	1
143	144	0	Unique	0	1	1	1
143	144	0	Unique	256	1	1	1
143	144	0	Unique	511	1	1	1
143	144	1	General	0	4	4	1
143	144	1	General	64	4	4	1
143	144	1	General	127	4	4	1
144	145	0	General	0	16	16	1
144	145	0	General	64	16	16	1
144	145	0	General	127	16	16	1
144	145	1	General	0	128	128	1
144	145	1	General	8	128	128	1
144	145	1	General	15	128	128	1
145	146	0	General	0	512	512	1
145	146	0	General	8	512	512	1
145	146	0	General	15	512	512	1
145	146	1	General	0	16	16	1
145	146	1	General	256	16	16	1
145	146	1	General	511	16	16	1
146	147	0	Unique	0	1	1	1
146	147	0	Unique	256	1	1	1
146	147	0	Unique	511	1	1	1
146	147	1	General	0	4	4	1
146	147	1	General	64	4	4	1
146	147	1	General	127	4	4	1
145	148	0	General	0	256	256	1
145	148	0	General	8	256	256	1
145	148	0	General	15	256	256	1
145	148	1	General	0	16	16	1
145	148	1	General	128	16	16	1
145	148	1	General	255	16	16	1
148	149	0	Unique	0	1	1	1
148	149	0	Unique	128	1	1	1
148	149	0	Unique	255	1	1	1
148	149	1	General	0	4	4	1
148	149	1	General	32	4	4	1
148	149	1	General	63	4	4	1
147	150	0	General	0	256	256	1
147	150	0	General	64	256	256	1
147	150	0	General	127	256	256	1
147	150	1	General	0	128	128	1
147	150	1	General	128	128	128	1
147	150	1	General	255	128	128	1
149	151	0	General	0	128	128	1
149	151	0	General	32	128	128	1
149	151	0	General	63	128	128	1
149	151	1	General	0	64	64	1
149	151	1	General	64	64	64	1
149	151	1	General	127	64	64	1
145	152	0	General	0	256	256	1
145	152	0	General	8	256	256	1
145	152	0	General	15	256	256	1
145	152	1	General	0	16	16	1
145	152	1	General	128	16	16	1
145	152	1	General	255	16	16	1
152	153	0	Unique	0	1	1	1
152	153	0	Unique	128	1	1	1
152	153	0	Unique	255	1	1	1
152	153	1	General	0	4	4	1
152	153	1	General	32	4	4	1
152	153	1	General	63	4	4	1
150	154	0	Unique	0	1	1	1
150	154	0	Unique	128	1	1	1
150	154	0	Unique	255	1	1	1
150	154	1	Unique	0	1	1	1
150	154	1	Unique	128	1	1	1
150	154	1	Unique	255	1	1	1
151	155	0	Unique	0	1	1	1
151	155	0	Unique	64	1	1	1
151	155	0	Unique	127	1	1	1
151	155	1	Unique	0	1	1	1
151	155	1	Unique	64	1	1	1
151	155	1	Unique	127	1	1	1
155	156	0	Unique	0	1	1	1
155	156	0	Unique	64	1	1	1
155	156	0	Unique	127	1	1	1
155	156	1	Unique	0	1	1	1
155	156	1	Unique	64	1	1	1
155	156	1	Unique	127	1	1	1
153	157	0	General	0	128	128	1
153	157	0	General	32	128	128	1
153	157	0	General	63	128	128	1
153	157	1	General	0	64	64	1
153	157	1	General	64	64	64	1
153	157	1	General	127	64	64	1
154	158	0	Unique	0	1	1	1
154	158	0	Unique	128	1	1	1
154	158	0	Unique	255	1	1	1
154	158	1	Unique	0	1	1	1
154	158	1	Unique	128	1	1	1
154	158	1	Unique	255	1	1	1
156	158	0	General	0	256	256	1
156	158	0	General	64	256	256	1
156	158	0	General	127	256	256	1
156	158	1	General	0	128	128	1
156	158	1	General	128	128	128	1
156	158	1	General	255	128	128	1
157	158	0	General	0	256	256	1
157	158	0	General	64	256	256	1
157	158	0	General	127	256	256	1
157	158	1	General	0	128	128	1
157	158	1	General	128	128	128	1
157	158	1	General	255	128	128	1
144	159	0	Unique	0	1	1	1
144	159	0	Unique	64	1	1	1
144	159	0	Unique	127	1	1	1
144	159	1	Unique	0	1	1	1
144	159	1	Unique	256	0	0	1
144	159	1	Unique	511	0	0	1
158	159	0	General	0	512	512	1
158	159	0	General	128	512	512	1
158	159	0	General	255	512	512	1
158	159	1	General	0	256	256	1
158	159	1	General	256	256	256	1
158	159	1	General	511	256	256	1
144	160	0	Unique	0	1	1	1
144	160	0	Unique	64	1	1	1
144	160	0	Unique	127	1	1	1
144	160	1	Unique	0	1	1	1
144	160	1	Unique	64	1	1	1
144	160	1	Unique	127	1	1	1
159	160	0	Unique	0	1	1	1
159	160	0	Unique	256	1	1	1
159	160	0	Unique	511	1	1	1
159	160	1	General	0	4	4	1
159	160	1	General	64	4	4	1
159	160	1	General	127	4	4	1
160	161	0	General	0	16	16	1
160	161	0	General	64	16	16	1
160	161	0	General	127	16	16	1
160	161	1	General	0	128	128	1
160	161	1	General	8	128	128	1
160	161	1	General	15	128	128	1
161	162	0	General	0	1536	1536	1
161	162	0	General	8	1536	1536	1
161	162	0	General	15	1536	1536	1
161	162	1	General	0	16	16	1
161	162	1	General	768	16	16	1
161	162	1	General	1535	16	16	1
162	163	0	Unique	0	1	1	1
162	163	0	Unique	768	1	1	1
162	163	0	Unique	1535	1	1	1
162	163	1	General	0	4	4	1
162	163	1	General	192	4	4	1
162	163	1	General	383	4	4	1
161	164	0	General	0	1536	1536	1
161	164	0	General	8	1536	1536	1
161	164	0	General	15	1536	1536	1
161	164	1	General	0	16	16	1
161	164	1	General	768	16	16	1
161	164	1	General	1535	16	16	1
164	165	0	Unique	0	1	1	1
164	165	0	Unique	768	1	1	1
164	165	0	Unique	1535	1	1	1
164	165	1	General	0	4	4	1
164	165	1	General	192	4	4	1
164	165	1	General	383	4	4	1
163	166	0	General	0	16	16	1
163	166	0	General	192	16	16	1
163	166	0	General	383	16	16	1
163	166	1	General	0	384	384	1
163	166	1	General	8	384	384	1
163	166	1	General	15	384	384	1
165	166	0	General	0	16	16	1
165	166	0	General	192	16	16	1
165	166	0	General	383	16	16	1
165	166	1	General	0	384	384	1
165	166	1	General	8	384	384	1
165	166	1	General	15	384	384	1
160	167	0	Unique	0	1	1	1
160	167	0	Unique	64	1	1	1
160	167	0	Unique	127	1	1	1
160	167	1	Unique	0	1	1	1
160	167	1	Unique	256	0	0	1
160	167	1	Unique	511	0	0	1
166	167	0	General	0	512	512	1
166	167	0	General	8	512	512	1
166	167	0	General	15	512	512	1
166	167	1	General	0	16	16	1
166	167	1	General	256	16	16	1
166	167	1	General	511	16	16	1
160	168	0	Unique	0	1	1	1
160	168	0	Unique	64	1	1	1
160	168	0	Unique	127	1	1	1
160	168	1	Unique	0	1	1	1
160	168	1	Unique	64	1	1	1
160	168	1	Unique	127	1	1	1
167	168	0	Unique	0	1	1	1
167	168	0	Unique	256	1	1	1
167	168	0	Unique	511	1	1	1
167	168	1	General	0	4	4	1
167	168	1	General	64	4	4	1
167	168	1	General	127	4	4	1
168	169	0	General	0	16	16	1
168	169	0	General	64	16	16	1
168	169	0	General	127	16	16	1
168	169	1	General	0	128	128	1
168	169	1	General	8	128	128	1
168	169	1	General	15	128	128	1
169	170	0	General	0	512	512	1
169	170	0	General	8	512	512	1
169	170	0	General	15	512	512	1
169	170	1	General	0	16	16	1
169	170	1	General	256	16	16	1
169	170	1	General	511	16	16	1
170	171	0	Unique	0	1	1	1
170	171	0	Unique	256	1	1	1
170	171	0	Unique	511	1	1	1
170	171	1	General	0	4	4	1
170	171	1	General	64	4	4	1
170	171	1	General	127	4	4	1
169	172	0	General	0	256	256	1
169	172	0	General	8	256	256	1
169	172	0	General	15	256	256	1
169	172	1	General	0	16	16	1
169	172	1	General	128	16	16	1
169	172	1	General	255	16	16	1
172	173	0	Unique	0	1	1	1
172	173	0	Unique	128	1	1	1
172	173	0	Unique	255	1	1	1
172	173	1	General	0	4	4	1
172	173	1	General	32	4	4	1
172	173	1	General	63	4	4	1
171	174	0	General	0	256	256	1
171	174	0	General	64	256	256	1
171	174	0	General	127	256	256	1
171	174	1	General	0	128	128	1
171	174	1	General	128	128	128	1
171	174	1	General	255	128	128	1
173	175	0	General	0	128	128	1
173	175	0	General	32	128	128	1
173	175	0	General	63	128	128	1
173	175	1	General	0	64	64	1
173	175	1	General	64	64	64	1
173	175	1	General	127	64	64	1
169	176	0	General	0	256	256	1
169	176	0	General	8	256	256	1
169	176	0	General	15	256	256	1
169	176	1	General	0	16	16	1
169	176	1	General	128	16	16	1
169	176	1	General	255	16	16	1
176	177	0	Unique	0	1	1	1
176	177	0	Unique	128	1	1	1
176	177	0	Unique	255	1	1	1
176	177	1	General	0	4	4	1
176	177	1	General	32	4	4	1
176	177	1	General	63	4	4	1
174	178	0	Unique	0	1	1	1
174	178	0	Unique	128	1	1	1
174	178	0	Unique	255	1	1	1
174	178	1	Unique	0	1	1	1
174	178	1	Unique	128	1	1	1
174	178	1	Unique	255	1	1	1
175	179	0	Unique	0	1	1	1
175	179	0	Unique	64	1	1	1
175	179	0	Unique	127	1	1	1
175	179	1	Unique	0	1	1	1
175	179	1	Unique	64	1	1	1
175	179	1	Unique	127	1	1	1
179	180	0	Unique	0	1	1	1
179	180	0	Unique	64	1	1	1
179	180	0	Unique	127	1	1	1
179	180	1	Unique	0	1	1	1
179	180	1	Unique	64	1	1	1
179	180	1	Unique	127	1	1	1
177	181	0	General	0	128	128	1
177	181	0	General	32	128	128	1
177	181	0	General	63	128	128	1
177	181	1	General	0	64	64	1
177	181	1	General	64	64	64	1
177	181	1	General	127	64	64	1
178	182	0	Unique	0	1	1	1
178	182	0	Unique	128	1	1	1
178	182	0	Unique	255	1	1	1
178	182	1	Unique	0	1	1	1
178	182	1	Unique	128	1	1	1
178	182	1	Unique	255	1	1	1
180	182	0	General	0	256	256	1
180	182	0	General	64	256	256	1
180	182	0	General	127	256	256	1
180	182	1	General	0	128	128	1
180	182	1	General	128	128	128	1
180	182	1	General	255	128	128	1
181	182	0	General	0	256	256	1
181	182	0	General	64	256	256	1
181	182	0	General	127	256	256	1
181	182	1	General	0	128	128	1
181	182	1	General	128	128	128	1
181	182	1	General	255	128	128	1
168	183	0	Unique	0	1	1	1
168	183	0	Unique	64	1	1	1
168	183	0	Unique	127	1	1	1
168	183	1	Unique	0	1	1	1
168	183	1	Unique	256	0	0	1
168	183	1	Unique	511	0	0	1
182	183	0	General	0	512	512	1
182	183	0	General	128	512	512	1
182	183	0	General	255	512	512	1
182	183	1	General	0	256	256	1
182	183	1	General	256	256	256	1
182	183	1	General	511	256	256	1
168	184	0	Unique	0	1	1	1
168	184	0	Unique	64	1	1	1
168	184	0	Unique	127	1	1	1
168	184	1	Unique	0	1	1	1
168	184	1	Unique	64	1	1	1
168	184	1	Unique	127	1	1	1
183	184	0	Unique	0	1	1	1
183	184	0	Unique	256	1	1	1
183	184	0	Unique	511	1	1	1
183	184	1	General	0	4	4	1
183	184	1	General	64	4	4	1
183	184	1	General	127	4	4	1
184	185	0	General	0	16	16	1
184	185	0	General	64	16	16	1
184	185	0	General	127	16	16	1
184	185	1	General	0	128	128	1
184	185	1	General	8	128	128	1
184	185	1	General	15	128	128	1
185	186	0	General	0	1536	1536	1
185	186	0	General	8	1536	1536	1
185	186	0	General	15	1536	1536	1
185	186	1	General	0	16	16	1
185	186	1	General	768	16	16	1
185	186	1	General	1535	16	16	1
186	187	0	Unique	0	1	1	1
186	187	0	Unique	768	1	1	1
186	187	0	Unique	1535	1	1	1
186	187	1	General	0	4	4	1
186	187	1	General	192	4	4	1
186	187	1	General	383	4	4	1
185	188	0	General	0	1536	1536	1
185	188	0	General	8	1536	1536	1
185	188	0	General	15	1536	1536	1
185	188	1	General	0	16	16	1
185	188	1	General	768	16	16	1
185	188	1	General	1535	16	16	1
188	189	0	Unique	0	1	1	1
188	189	0	Unique	768	1	1	1
188	189	0	Unique	1535	1	1	1
188	189	1	General	0	4	4	1
188	189	1	General	192	4	4	1
188	189	1	General	383	4	4	1
187	190	0	General	0	16	16	1
187	190	0	General	192	16	16	1
187	190	0	General	383	16	16	1
187	190	1	General	0	384	384	1
187	190	1	General	8	384	384	1
187	190	1	General	15	384	384	1
189	190	0	General	0	16	16	1
189	190	0	General	192	16	16	1
189	190	0	General	383	16	16	1
189	190	1	General	0	384	384	1
189	190	1	General	8	384	384	1
189	190	1	General	15	384	384	1
184	191	0	Unique	0	1	1	1
184	191	0	Unique	64	1	1	1
184	191	0	Unique	127	1	1	1
184	191	1	Unique	0	1	1	1
184	191	1	Unique	256	0	0	1
184	191	1	Unique	511	0	0	1
190	191	0	General	0	512	512	1
190	191	0	General	8	512	512	1
190	191	0	General	15	512	512	1
190	191	1	General	0	16	16	1
190	191	1	General	256	16	16	1
190	191	1	General	511	16	16	1
184	192	0	Unique	0	1	1	1
184	192	0	Unique	64	1	1	1
184	192	0	Unique	127	1	1	1
184	192	1	Unique	0	1	1	1
184	192	1	Unique	64	1	1	1
184	192	1	Unique	127	1	1	1
191	192	0	Unique	0	1	1	1
191	192	0	Unique	256	1	1	1
191	192	0	Unique	511	1	1	1
191	192	1	General	0	4	4	1
191	192	1	General	64	4	4	1
191	192	1	General	127	4	4	1
192	193	0	General	0	16	16	1
192	193	0	General	64	16	16	1
192	193	0	General	127	16	16	1
192	193	1	General	0	128	128	1
192	193	1	General	8	128	128	1
192	193	1	General	15	128	128	1
193	194	0	General	0	512	512	1
193	194	0	General	8	512	512	1
193	194	0	General	15	512	512	1
193	194	1	General	0	16	16	1
193	194	1	General	256	16	16	1
193	194	1	General	511	16	16	1
194	195	0	Unique	0	1	1	1
194	195	0	Unique	256	1	1	1
194	195	0	Unique	511	1	1	1
194	195	1	General	0	4	4	1
194	195	1	General	64	4	4	1
194	195	1	General	127	4	4	1
193	196	0	General	0	256	256	1
193	196	0	General	8	256	256	1
193	196	0	General	15	256	256	1
193	196	1	General	0	16	16	1
193	196	1	General	128	16	16	1
193	196	1	General	255	16	16	1
196	197	0	Unique	0	1	1	1
196	197	0	Unique	128	1	1	1
196	197	0	Unique	255	1	1	1
196	197	1	General	0	4	4	1
196	197	1	General	32	4	4	1
196	197	1	General	63	4	4	1
195	198	0	General	0	256	256	1
195	198	0	General	64	256	256	1
195	198	0	General	127	256	256	1
195	198	1	General	0	128	128	1
195	198	1	General	128	128	128	1
195	198	1	General	255	128	128	1
197	199	0	General	0	128	128	1
197	199	0	General	32	128	128	1
197	199	0	General	63	128	128	1
197	199	1	General	0	64	64	1
197	199	1	General	64	64	64	1
197	199	1	General	127	64	64	1
193	200	0	General	0	256	256	1
193	200	0	General	8	256	256	1
193	200	0	General	15	256	256	1
193	200	1	General	0	16	16	1
193	200	1	General	128	16	16	1
193	200	1	General	255	16	16	1
200	201	0	Unique	0	1	1	1
200	201	0	Unique	128	1	1	1
200	201	0	Unique	255	1	1	1
200	201	1	General	0	4	4	1
200	201	1	General	32	4	4	1
200	201	1	General	63	4	4	1
198	202	0	Unique	0	1	1	1
198	202	0	Unique	128	1	1	1
198	202	0	Unique	255	1	1	1
198	202	1	Unique	0	1	1	1
198	202	1	Unique	128	1	1	1
198	202	1	Unique	255	1	1	1
199	203	0	Unique	0	1	1	1
199	203	0	Unique	64	1	1	1
199	203	0	Unique	127	1	1	1
199	203	1	Unique	0	1	1	1
199	203	1	Unique	64	1	1	1
199	203	1	Unique	127	1	1	1
203	204	0	Unique	0	1	1	1
203	204	0	Unique	64	1	1	1
203	204	0	Unique	127	1	1	1
203	204	1	Unique	0	1	1	1
203	204	1	Unique	64	1	1	1
203	204	1	Unique	127	1	1	1
201	205	0	General	0	128	128	1
201	205	0	General	32	128	128	1
201	205	0	General	63	128	128	1
201	205	1	General	0	64	64	1
201	205	1	General	64	64	64	1
201	205	1	General	127	64	64	1
202	206	0	Unique	0	1	1	1
202	206	0	Unique	128	1	1	1
202	206	0	Unique	255	1	1	1
202	206	1	Unique	0	1	1	1
202	206	1	Unique	128	1	1	1
202	206	1	Unique	255	1	1	1
204	206	0	General	0	256	256	1
204	206	0	General	64	256	256	1
204	206	0	General	127	256	256	1
204	206	1	General	0	128	128	1
204	206	1	General	128	128	128	1
204	206	1	General	255	128	128	1
205	206	0	General	0	256	256	1
205	206	0	General	64	256	256	1
205	206	0	General	127	256	256	1
205	206	1	General	0	128	128	1
205	206	1	General	128	128	128	1
205	206	1	General	255	128	128	1
192	207	0	Unique	0	1	1	1
192	207	0	Unique	64	1	1	1
192	207	0	Unique	127	1	1	1
192	207	1	Unique	0	1	1	1
192	207	1	Unique	256	0	0	1
192	207	1	Unique	511	0	0	1
206	207	0	General	0	512	512	1
206	207	0	General	128	512	512	1
206	207	0	General	255	512	512	1
206	207	1	General	0	256	256	1
206	207	1	General	256	256	256	1
206	207	1	General	511	256	256	1
192	208	0	Unique	0	1	1	1
192	208	0	Unique	64	1	1	1
192	208	0	Unique	127	1	1	1
192	208	1	Unique	0	1	1	1
192	208	1	Unique	64	1	1	1
192	208	1	Unique	127	1	1	1
207	208	0	Unique	0	1	1	1
207	208	0	Unique	256	1	1	1
207	208	0	Unique	511	1	1	1
207	208	1	General	0	4	4	1
207	208	1	General	64	4	4	1
207	208	1	General	127	4	4	1
208	209	0	General	0	16	16	1
208	209	0	General	64	16	16	1
208	209	0	General	127	16	16	1
208	209	1	General	0	128	128	1
208	209	1	General	8	128	128	1
208	209	1	General	15	128	128	1
209	210	0	General	0	1536	1536	1
209	210	0	General	8	1536	1536	1
209	210	0	General	15	1536	1536	1
209	210	1	General	0	16	16	1
209	210	1	General	768	16	16	1
209	210	1	General	1535	16	16	1
210	211	0	Unique	0	1	1	1
210	211	0	Unique	768	1	1	1
210	211	0	Unique	1535	1	1	1
210	211	1	General	0	4	4	1
210	211	1	General	192	4	4	1
210	211	1	General	383	4	4	1
209	212	0	General	0	1536	1536	1
209	212	0	General	8	1536	1536	1
209	212	0	General	15	1536	1536	1
209	212	1	General	0	16	16	1
209	212	1	General	768	16	16	1
209	212	1	General	1535	16	16	1
212	213	0	Unique	0	1	1	1
212	213	0	Unique	768	1	1	1
212	213	0	Unique	1535	1	1	1
212	213	1	General	0	4	4	1
212	213	1	General	192	4	4	1
212	213	1	General	383	4	4	1
211	214	0	General	0	16	16	1
211	214	0	General	192	16	16	1
211	214	0	General	383	16	16	1
211	214	1	General	0	384	384	1
211	214	1	General	8	384	384	1
211	214	1	General	15	384	384	1
213	214	0	General	0	16	16	1
213	214	0	General	192	16	16	1
213	214	0	General	383	16	16	1
213	214	1	General	0	384	384	1
213	214	1	General	8	384	384	1
213	214	1	General	15	384	384	1
208	215	0	Unique	0	1	1	1
208	215	0	Unique	64	1	1	1
208	215	0	Unique	127	1	1	1
208	215	1	Unique	0	1	1	1
208	215	1	Unique	256	0	0	1
208	215	1	Unique	511	0	0	1
214	215	0	General	0	512	512	1
214	215	0	General	8	512	512	1
214	215	0	General	15	512	512	1
214	215	1	General	0	16	16	1
214	215	1	General	256	16	16	1
214	215	1	General	511	16	16	1
208	216	0	Unique	0	1	1	1
208	216	0	Unique	64	1	1	1
208	216	0	Unique	127	1	1	1
208	216	1	Unique	0	1	1	1
208	216	1	Unique	64	1	1	1
208	216	1	Unique	127	1	1	1
215	216	0	Unique	0	1	1	1
215	216	0	Unique	256	1	1	1
215	216	0	Unique	511	1	1	1
215	216	1	General	0	4	4	1
215	216	1	General	64	4	4	1
215	216	1	General	127	4	4	1
216	217	0	General	0	16	16	1
216	217	0	General	64	16	16	1
216	217	0	General	127	16	16	1
216	217	1	General	0	128	128	1
216	217	1	General	8	128	128	1
216	217	1	General	15	128	128	1
217	218	0	General	0	512	512	1
217	218	0	General	8	512	512	1
217	218	0	General	15	512	512	1
217	218	1	General	0	16	16	1
217	218	1	General	256	16	16	1
217	218	1	General	511	16	16	1
218	219	0	Unique	0	1	1	1
218	219	0	Unique	256	1	1	1
218	219	0	Unique	511	1	1	1
218	219	1	General	0	4	4	1
218	219	1	General	64	4	4	1
218	219	1	General	127	4	4	1
217	220	0	General	0	256	256	1
217	220	0	General	8	256	256	1
217	220	0	General	15	256	256	1
217	220	1	General	0	16	16	1
217	220	1	General	128	16	16	1
217	220	1	General	255	16	16	1
220	221	0	Unique	0	1	1	1
220	221	0	Unique	128	1	1	1
220	221	0	Unique	255	1	1	1
220	221	1	General	0	4	4	1
220	221	1	General	32	4	4	1
220	221	1	General	63	4	4	1
219	222	0	General	0	256	256	1
219	222	0	General	64	256	256	1
219	222	0	General	127	256	256	1
219	222	1	General	0	128	128	1
219	222	1	General	128	128	128	1
219	222	1	General	255	128	128	1
221	223	0	General	0	128	128	1
221	223	0	General	32	128	128	1
221	223	0	General	63	128	128	1
221	223	1	General	0	64	64	1
221	223	1	General	64	64	64	1
221	223	1	General	127	64	64	1
217	224	0	General	0	256	256	1
217	224	0	General	8	256	256	1
217	224	0	General	15	256	256	1
217	224	1	General	0	16	16	1
217	224	1	General	128	16	16	1
217	224	1	General	255	16	16	1
224	225	0	Unique	0	1	1	1
224	225	0	Unique	128	1	1	1
224	225	0	Unique	255	1	1	1
224	225	1	General	0	4	4	1
224	225	1	General	32	4	4	1
224	225	1	General	63	4	4	1
222	226	0	Unique	0	1	1	1
222	226	0	Unique	128	1	1	1
222	226	0	Unique	255	1	1	1
222	226	1	Unique	0	1	1	1
222	226	1	Unique	128	1	1	1
222	226	1	Unique	255	1	1	1
223	227	0	Unique	0	1	1	1
223	227	0	Unique	64	1	1	1
223	227	0	Unique	127	1	1	1
223	227	1	Unique	0	1	1	1
223	227	1	Unique	64	1	1	1
223	227	1	Unique	127	1	1	1
227	228	0	Unique	0	1	1	1
227	228	0	Unique	64	1	1	1
227	228	0	Unique	127	1	1	1
227	228	1	Unique	0	1	1	1
227	228	1	Unique	64	1	1	1
227	228	1	Unique	127	1	1	1
225	229	0	General	0	128	128	1
225	229	0	General	32	128	128	1
225	229	0	General	63	128	128	1
225	229	1	General	0	64	64	1
225	229	1	General	64	64	64	1
225	229	1	General	127	64	64	1
226	230	0	Unique	0	1	1	1
226	230	0	Unique	128	1	1	1
226	230	0	Unique	255	1	1	1
226	230	1	Unique	0	1	1	1
226	230	1	Unique	128	1	1	1
226	230	1	Unique	255	1	1	1
228	230	0	General	0	256	256	1
228	230	0	General	64	256	256	1
228	230	0	General	127	256	256	1
228	230	1	General	0	128	128	1
228	230	1	General	128	128	128	1
228	230	1	General	255	128	128	1
229	230	0	General	0	256	256	1
229	230	0	General	64	256	256	1
229	230	0	General	127	256	256	1
229	230	1	General	0	128	128	1
229	230	1	General	128	128	128	1
229	230	1	General	255	128	128	1
216	231	0	Unique	0	1	1	1
216	231	0	Unique	64	1	1	1
216	231	0	Unique	127	1	1	1
216	231	1	Unique	0	1	1	1
216	231	1	Unique	256	0	0	1
216	231	1	Unique	511	0	0	1
230	231	0	General	0	512	512	1
230	231	0	General	128	512	512	1
230	231	0	General	255	512	512	1
230	231	1	General	0	256	256	1
230	231	1	General	256	256	256	1
230	231	1	General	511	256	256	1
216	232	0	Unique	0	1	1	1
216	232	0	Unique	64	1	1	1
216	232	0	Unique	127	1	1	1
216	232	1	Unique	0	1	1	1
216	232	1	Unique	64	1	1	1
216	232	1	Unique	127	1	1	1
231	232	0	Unique	0	1	1	1
231	232	0	Unique	256	1	1	1
231	232	0	Unique	511	1	1	1
231	232	1	General	0	4	4	1
231	232	1	General	64	4	4	1
231	232	1	General	127	4	4	1
232	233	0	General	0	16	16	1
232	233	0	General	64	16	16	1
232	233	0	General	127	16	16	1
232	233	1	General	0	128	128	1
232	233	1	General	8	128	128	1
232	233	1	General	15	128	128	1
233	234	0	General	0	1536	1536	1
233	234	0	General	8	1536	1536	1
233	234	0	General	15	1536	1536	1
233	234	1	General	0	16	16	1
233	234	1	General	768	16	16	1
233	234	1	General	1535	16	16	1
234	235	0	Unique	0	1	1	1
234	235	0	Unique	768	1	1	1
234	235	0	Unique	1535	1	1	1
234	235	1	General	0	4	4	1
234	235	1	General	192	4	4	1
234	235	1	General	383	4	4	1
233	236	0	General	0	1536	1536	1
233	236	0	General	8	1536	1536	1
233	236	0	General	15	1536	1536	1
233	236	1	General	0	16	16	1
233	236	1	General	768	16	16	1
233	236	1	General	1535	16	16	1
236	237	0	Unique	0	1	1	1
236	237	0	Unique	768	1	1	1
236	237	0	Unique	1535	1	1	1
236	237	1	General	0	4	4	1
236	237	1	General	192	4	4	1
236	237	1	General	383	4	4	1
235	238	0	General	0	16	16	1
235	238	0	General	192	16	16	1
235	238	0	General	383	16	16	1
235	238	1	General	0	384	384	1
235	238	1	General	8	384	384	1
235	238	1	General	15	384	384	1
237	238	0	General	0	16	16	1
237	238	0	General	192	16	16	1
237	238	0	General	383	16	16	1
237	238	1	General	0	384	384	1
237	238	1	General	8	384	384	1
237	238	1	General	15	384	384	1
232	239	0	Unique	0	1	1	1
232	239	0	Unique	64	1	1	1
232	239	0	Unique	127	1	1	1
232	239	1	Unique	0	1	1	1
232	239	1	Unique	256	0	0	1
232	239	1	Unique	511	0	0	1
238	239	0	General	0	512	512	1
238	239	0	General	8	512	512	1
238	239	0	General	15	512	512	1
238	239	1	General	0	16	16	1
238	239	1	General	256	16	16	1
238	239	1	General	511	16	16	1
232	240	0	Unique	0	1	1	1
232	240	0	Unique	64	1	1	1
232	240	0	Unique	127	1	1	1
232	240	1	Unique	0	1	1	1
232	240	1	Unique	64	1	1	1
232	240	1	Unique	127	1	1	1
239	240	0	Unique	0	1	1	1
239	240	0	Unique	256	1	1	1
239	240	0	Unique	511	1	1	1
239	240	1	General	0	4	4	1
239	240	1	General	64	4	4	1
239	240	1	General	127	4	4	1
240	241	0	General	0	16	16	1
240	241	0	General	64	16	16	1
240	241	0	General	127	16	16	1
240	241	1	General	0	128	128	1
240	241	1	General	8	128	128	1
240	241	1	General	15	128	128	1
241	242	0	General	0	512	512	1
241	242	0	General	8	512	512	1
241	242	0	General	15	512	512	1
241	242	1	General	0	16	16	1
241	242	1	General	256	16	16	1
241	242	1	General	511	16	16	1
242	243	0	Unique	0	1	1	1
242	243	0	Unique	256	1	1	1
242	243	0	Unique	511	1	1	1
242	243	1	General	0	4	4	1
242	243	1	General	64	4	4	1
242	243	1	General	127	4	4	1
241	244	0	General	0	256	256	1
241	244	0	General	8	256	256	1
241	244	0	General	15	256	256	1
241	244	1	General	0	16	16	1
241	244	1	General	128	16	16	1
241	244	1	General	255	16	16	1
244	245	0	Unique	0	1	1	1
244	245	0	Unique	128	1	1	1
244	245	0	Unique	255	1	1	1
244	245	1	General	0	4	4	1
244	245	1	General	32	4	4	1
244	245	1	General	63	4	4	1
243	246	0	General	0	256	256	1
243	246	0	General	64	256	256	1
243	246	0	General	127	256	256	1
243	246	1	General	0	128	128	1
243	246	1	General	128	128	128	1
243	246	1	General	255	128	128	1
245	247	0	General	0	128	128	1
245	247	0	General	32	128	128	1
245	247	0	General	63	128	128	1
245	247	1	General	0	64	64	1
245	247	1	General	64	64	64	1
245	247	1	General	127	64	64	1
241	248	0	General	0	256	256	1
241	248	0	General	8	256	256	1
241	248	0	General	15	256	256	1
241	248	1	General	0	16	16	1
241	248	1	General	128	16	16	1
241	248	1	General	255	16	16	1
248	249	0	Unique	0	1	1	1
248	249	0	Unique	128	1	1	1
248	249	0	Unique	255	1	1	1
248	249	1	General	0	4	4	1
248	249	1	General	32	4	4	1
248	249	1	General	63	4	4	1
246	250	0	Unique	0	1	1	1
246	250	0	Unique	128	1	1	1
246	250	0	Unique	255	1	1	1
246	250	1	Unique	0	1	1	1
246	250	1	Unique	128	1	1	1
246	250	1	Unique	255	1	1	1
247	251	0	Unique	0	1	1	1
247	251	0	Unique	64	1	1	1
247	251	0	Unique	127	1	1	1
247	251	1	Unique	0	1	1	1
247	251	1	Unique	64	1	1	1
247	251	1	Unique	127	1	1	1
251	252	0	Unique	0	1	1	1
251	252	0	Unique	64	1	1	1
251	252	0	Unique	127	1	1	1
251	252	1	Unique	0	1	1	1
251	252	1	Unique	64	1	1	1
251	252	1	Unique	127	1	1	1
249	253	0	General	0	128	128	1
249	253	0	General	32	128	128	1
249	253	0	General	63	128	128	1
249	253	1	General	0	64	64	1
249	253	1	General	64	64	64	1
249	253	1	General	127	64	64	1
250	254	0	Unique	0	1	1	1
250	254	0	Unique	128	1	1	1
250	254	0	Unique	255	1	1	1
250	254	1	Unique	0	1	1	1
250	254	1	Unique	128	1	1	1
250	254	1	Unique	255	1	1	1
252	254	0	General	0	256	256	1
252	254	0	General	64	256	256	1
252	254	0	General	127	256	256	1
252	254	1	General	0	128	128	1
252	254	1	General	128	128	128	1
252	254	1	General	255	128	128	1
253	254	0	General	0	256	256	1
253	254	0	General	64	256	256	1
253	254	0	General	127	256	256	1
253	254	1	General	0	128	128	1
253	254	1	General	128	128	128	1
253	254	1	General	255	128	128	1
240	255	0	Unique	0	1	1	1
240	255	0	Unique	64	1	1	1
240	255	0	Unique	127	1	1	1
240	255	1	Unique	0	1	1	1
240	255	1	Unique	256	0	0	1
240	255	1	Unique	511	0	0	1
254	255	0	General	0	512	512	1
254	255	0	General	128	512	512	1
254	255	0	General	255	512	512	1
254	255	1	General	0	256	256	1
254	255	1	General	256	256	256	1
254	255	1	General	511	256	256	1
240	256	0	Unique	0	1	1	1
240	256	0	Unique	64	1	1	1
240	256	0	Unique	127	1	1	1
240	256	1	Unique	0	1	1	1
240	256	1	Unique	64	1	1	1
240	256	1	Unique	127	1	1	1
255	256	0	Unique	0	1	1	1
255	256	0	Unique	256	1	1	1
255	256	0	Unique	511	1	1	1
255	256	1	General	0	4	4	1
255	256	1	General	64	4	4	1
255	256	1	General	127	4	4	1
256	257	0	General	0	16	16	1
256	257	0	General	64	16	16	1
256	257	0	General	127	16	16	1
256	257	1	General	0	128	128	1
256	257	1	General	8	128	128	1
256	257	1	General	15	128	128	1
257	258	0	General	0	1536	1536	1
257	258	0	General	8	1536	1536	1
257	258	0	General	15	1536	1536	1
257	258	1	General	0	16	16	1
257	258	1	General	768	16	16	1
257	258	1	General	1535	16	16	1
258	259	0	Unique	0	1	1	1
258	259	0	Unique	768	1	1	1
258	259	0	Unique	1535	1	1	1
258	259	1	General	0	4	4	1
258	259	1	General	192	4	4	1
258	259	1	General	383	4	4	1
257	260	0	General	0	1536	1536	1
257	260	0	General	8	1536	1536	1
257	260	0	General	15	1536	1536	1
257	260	1	General	0	16	16	1
257	260	1	General	768	16	16	1
257	260	1	General	1535	16	16	1
260	261	0	Unique	0	1	1	1
260	261	0	Unique	768	1	1	1
260	261	0	Unique	1535	1	1	1
260	261	1	General	0	4	4	1
260	261	1	General	192	4	4	1
260	261	1	General	383	4	4	1
259	262	0	General	0	16	16	1
259	262	0	General	192	16	16	1
259	262	0	General	383	16	16	1
259	262	1	General	0	384	384	1
259	262	1	General	8	384	384	1
259	262	1	General	15	384	384	1
261	262	0	General	0	16	16	1
261	262	0	General	192	16	16	1
261	262	0	General	383	16	16	1
261	262	1	General	0	384	384	1
261	262	1	General	8	384	384	1
261	262	1	General	15	384	384	1
256	263	0	Unique	0	1	1	1
256	263	0	Unique	64	1	1	1
256	263	0	Unique	127	1	1	1
256	263	1	Unique	0	1	1	1
256	263	1	Unique	256	0	0	1
256	263	1	Unique	511	0	0	1
262	263	0	General	0	512	512	1
262	263	0	General	8	512	512	1
262	263	0	General	15	512	512	1
262	263	1	General	0	16	16	1
262	263	1	General	256	16	16	1
262	263	1	General	511	16	16	1
256	264	0	Unique	0	1	1	1
256	264	0	Unique	64	1	1	1
256	264	0	Unique	127	1	1	1
256	264	1	Unique	0	1	1	1
256	264	1	Unique	64	1	1	1
256	264	1	Unique	127	1	1	1
263	264	0	Unique	0	1	1	1
263	264	0	Unique	256	1	1	1
263	264	0	Unique	511	1	1	1
263	264	1	General	0	4	4	1
263	264	1	General	64	4	4	1
263	264	1	General	127	4	4	1
264	265	0	General	0	16	16	1
264	265	0	General	64	16	16	1
264	265	0	General	127	16	16	1
264	265	1	General	0	128	128	1
264	265	1	General	8	128	128	1
264	265	1	General	15	128	128	1
265	266	0	General	0	512	512	1
265	266	0	General	8	512	512	1
265	266	0	General	15	512	512	1
265	266	1	General	0	16	16	1
265	266	1	General	256	16	16	1
265	266	1	General	511	16	16	1
266	267	0	Unique	0	1	1	1
266	267	0	Unique	256	1	1	1
266	267	0	Unique	511	1	1	1
266	267	1	General	0	4	4	1
266	267	1	General	64	4	4	1
266	267	1	General	127	4	4	1
265	268	0	General	0	256	256	1
265	268	0	General	8	256	256	1
265	268	0	General	15	256	256	1
265	268	1	General	0	16	16	1
265	268	1	General	128	16	16	1
265	268	1	General	255	16	16	1
268	269	0	Unique	0	1	1	1
268	269	0	Unique	128	1	1	1
268	269	0	Unique	255	1	1	1
268	269	1	General	0	4	4	1
268	269	1	General	32	4	4	1
268	269	1	General	63	4	4	1
267	270	0	General	0	256	256	1
267	270	0	General	64	256	256	1
267	270	0	General	127	256	256	1
267	270	1	General	0	128	128	1
267	270	1	General	128	128	128	1
267	270	1	General	255	128	128	1
269	271	0	General	0	128	128	1
269	271	0	General	32	128	128	1
269	271	0	General	63	128	128	1
269	271	1	General	0	64	64	1
269	271	1	General	64	64	64	1
269	271	1	General	127	64	64	1
265	272	0	General	0	256	256	1
265	272	0	General	8	256	256	1
265	272	0	General	15	256	256	1
265	272	1	General	0	16	16	1
265	272	1	General	128	16	16	1
265	272	1	General	255	16	16	1
272	273	0	Unique	0	1	1	1
272	273	0	Unique	128	1	1	1
272	273	0	Unique	255	1	1	1
272	273	1	General	0	4	4	1
272	273	1	General	32	4	4	1
272	273	1	General	63	4	4	1
270	274	0	Unique	0	1	1	1
270	274	0	Unique	128	1	1	1
270	274	0	Unique	255	1	1	1
270	274	1	Unique	0	1	1	1
270	274	1	Unique	128	1	1	1
270	274	1	Unique	255	1	1	1
271	275	0	Unique	0	1	1	1
271	275	0	Unique	64	1	1	1
271	275	0	Unique	127	1	1	1
271	275	1	Unique	0	1	1	1
271	275	1	Unique	64	1	1	1
271	275	1	Unique	127	1	1	1
275	276	0	Unique	0	1	1	1
275	276	0	Unique	64	1	1	1
275	276	0	Unique	127	1	1	1
275	276	1	Unique	0	1	1	1
275	276	1	Unique	64	1	1	1
275	276	1	Unique	127	1	1	1
273	277	0	General	0	128	128	1
273	277	0	General	32	128	128	1
273	277	0	General	63	128	128	1
273	277	1	General	0	64	64	1
273	277	1	General	64	64	64	1
273	277	1	General	127	64	64	1
274	278	0	Unique	0	1	1	1
274	278	0	Unique	128	1	1	1
274	278	0	Unique	255	1	1	1
274	278	1	Unique	0	1	1	1
274	278	1	Unique	128	1	1	1
274	278	1	Unique	255	1	1	1
276	278	0	General	0	256	256	1
276	278	0	General	64	256	256	1
276	278	0	General	127	256	256	1
276	278	1	General	0	128	128	1
276	278	1	General	128	128	128	1
276	278	1	General	255	128	128	1
277	278	0	General	0	256	256	1
277	278	0	General	64	256	256	1
277	278	0	General	127	256	256	1
277	278	1	General	0	128	128	1
277	278	1	General	128	128	128	1
277	278	1	General	255	128	128	1
264	279	0	Unique	0	1	1	1
264	279	0	Unique	64	1	1	1
264	279	0	Unique	127	1	1	1
264	279	1	Unique	0	1	1	1
264	279	1	Unique	256	0	0	1
264	279	1	Unique	511	0	0	1
278	279	0	General	0	512	512	1
278	279	0	General	128	512	512	1
278	279	0	General	255	512	512	1
278	279	1	General	0	256	256	1
278	279	1	General	256	256	256	1
278	279	1	General	511	256	256	1
264	280	0	Unique	0	1	1	1
264	280	0	Unique	64	1	1	1
264	280	0	Unique	127	1	1	1
264	280	1	Unique	0	1	1	1
264	280	1	Unique	64	1	1	1
264	280	1	Unique	127	1	1	1
279	280	0	Unique	0	1	1	1
279	280	0	Unique	256	1	1	1
279	280	0	Unique	511	1	1	1
279	280	1	General	0	4	4	1
279	280	1	General	64	4	4	1
279	280	1	General	127	4	4	1
280	281	0	General	0	16	16	1
280	281	0	General	64	16	16	1
280	281	0	General	127	16	16	1
280	281	1	General	0	128	128	1
280	281	1	General	8	128	128	1
280	281	1	General	15	128	128	1
281	282	0	General	0	1536	1536	1
281	282	0	General	8	1536	1536	1
281	282	0	General	15	1536	1536	1
281	282	1	General	0	16	16	1
281	282	1	General	768	16	16	1
281	282	1	General	1535	16	16	1
282	283	0	Unique	0	1	1	1
282	283	0	Unique	768	1	1	1
282	283	0	Unique	1535	1	1	1
282	283	1	General	0	4	4	1
282	283	1	General	192	4	4	1
282	283	1	General	383	4	4	1
281	284	0	General	0	1536	1536	1
281	284	0	General	8	1536	1536	1
281	284	0	General	15	1536	1536	1
281	284	1	General	0	16	16	1
281	284	1	General	768	16	16	1
281	284	1	General	1535	16	16	1
284	285	0	Unique	0	1	1	1
284	285	0	Unique	768	1	1	1
284	285	0	Unique	1535	1	1	1
284	285	1	General	0	4	4	1
284	285	1	General	192	4	4	1
284	285	1	General	383	4	4	1
283	286	0	General	0	16	16	1
283	286	0	General	192	16	16	1
283	286	0	General	383	16	16	1
283	286	1	General	0	384	384	1
283	286	1	General	8	384	384	1
283	286	1	General	15	384	384	1
285	286	0	General	0	16	16	1
285	286	0	General	192	16	16	1
285	286	0	General	383	16	16	1
285	286	1	General	0	384	384	1
285	286	1	General	8	384	384	1
285	286	1	General	15	384	384	1
280	287	0	Unique	0	1	1	1
280	287	0	Unique	64	1	1	1
280	287	0	Unique	127	1	1	1
280	287	1	Unique	0	1	1	1
280	287	1	Unique	256	0	0	1
280	287	1	Unique	511	0	0	1
286	287	0	General	0	512	512	1
286	287	0	General	8	512	512	1
286	287	0	General	15	512	512	1
286	287	1	General	0	16	16	1
286	287	1	General	256	16	16	1
286	287	1	General	511	16	16	1
280	288	0	Unique	0	1	1	1
280	288	0	Unique	64	1	1	1
280	288	0	Unique	127	1	1	1
280	288	1	Unique	0	1	1	1
280	288	1	Unique	64	1	1	1
280	288	1	Unique	127	1	1	1
287	288	0	Unique	0	1	1	1
287	288	0	Unique	256	1	1	1
287	288	0	Unique	511	1	1	1
287	288	1	General	0	4	4	1
287	288	1	General	64	4	4	1
287	288	1	General	127	4	4	1
288	289	0	General	0	16	16	1
288	289	0	General	64	16	16	1
288	289	0	General	127	16	16	1
288	289	1	General	0	128	128	1
288	289	1	General	8	128	128	1
288	289	1	General	15	128	128	1
289	290	0	General	0	512	512	1
289	290	0	General	8	512	512	1
289	290	0	General	15	512	512	1
289	290	1	General	0	16	16	1
289	290	1	General	256	16	16	1
289	290	1	General	511	16	16	1
290	291	0	Unique	0	1	1	1
290	291	0	Unique	256	1	1	1
290	291	0	Unique	511	1	1	1
290	291	1	General	0	4	4	1
290	291	1	General	64	4	4	1
290	291	1	General	127	4	4	1
289	292	0	General	0	256	256	1
289	292	0	General	8	256	256	1
289	292	0	General	15	256	256	1
289	292	1	General	0	16	16	1
289	292	1	General	128	16	16	1
289	292	1	General	255	16	16	1
292	293	0	Unique	0	1	1	1
292	293	0	Unique	128	1	1	1
292	293	0	Unique	255	1	1	1
292	293	1	General	0	4	4	1
292	293	1	General	32	4	4	1
292	293	1	General	63	4	4	1
291	294	0	General	0	256	256	1
291	294	0	General	64	256	256	1
291	294	0	General	127	256	256	1
291	294	1	General	0	128	128	1
291	294	1	General	128	128	128	1
291	294	1	General	255	128	128	1
293	295	0	General	0	128	128	1
293	295	0	General	32	128	128	1
293	295	0	General	63	128	128	1
293	295	1	General	0	64	64	1
293	295	1	General	64	64	64	1
293	295	1	General	127	64	64	1
289	296	0	General	0	256	256	1
289	296	0	General	8	256	256	1
289	296	0	General	15	256	256	1
289	296	1	General	0	16	16	1
289	296	1	General	128	16	16	1
289	296	1	General	255	16	16	1
296	297	0	Unique	0	1	1	1
296	297	0	Unique	128	1	1	1
296	297	0	Unique	255	1	1	1
296	297	1	General	0	4	4	1
296	297	1	General	32	4	4	1
296	297	1	General	63	4	4	1
294	298	0	Unique	0	1	1	1
294	298	0	Unique	128	1	1	1
294	298	0	Unique	255	1	1	1
294	298	1	Unique	0	1	1	1
294	298	1	Unique	128	1	1	1
294	298	1	Unique	255	1	1	1
295	299	0	Unique	0	1	1	1
295	299	0	Unique	64	1	1	1
295	299	0	Unique	127	1	1	1
295	299	1	Unique	0	1	1	1
295	299	1	Unique	64	1	1	1
295	299	1	Unique	127	1	1	1
299	300	0	Unique	0	1	1	1
299	300	0	Unique	64	1	1	1
299	300	0	Unique	127	1	1	1
299	300	1	Unique	0	1	1	1
299	300	1	Unique	64	1	1	1
299	300	1	Unique	127	1	1	1
297	301	0	General	0	128	128	1
297	301	0	General	32	128	128	1
297	301	0	General	63	128	128	1
297	301	1	General	0	64	64	1
297	301	1	General	64	64	64	1
297	301	1	General	127	64	64	1
298	302	0	Unique	0	1	1	1
298	302	0	Unique	128	1	1	1
298	302	0	Unique	255	1	1	1
298	302	1	Unique	0	1	1	1
298	302	1	Unique	128	1	1	1
298	302	1	Unique	255	1	1	1
300	302	0	General	0	256	256	1
300	302	0	General	64	256	256	1
300	302	0	General	127	256	256	1
300	302	1	General	0	128	128	1
300	302	1	General	128	128	128	1
300	302	1	General	255	128	128	1
301	302	0	General	0	256	256	1
301	302	0	General	64	256	256	1
301	302	0	General	127	256	256	1
301	302	1	General	0	128	128	1
301	302	1	General	128	128	128	1
301	302	1	General	255	128	128	1
288	303	0	Unique	0	1	1	1
288	303	0	Unique	64	1	1	1
288	303	0	Unique	127	1	1	1
288	303	1	Unique	0	1	1	1
288	303	1	Unique	256	0	0	1
288	303	1	Unique	511	0	0	1
302	303	0	General	0	512	512	1
302	303	0	General	128	512	512	1
302	303	0	General	255	512	512	1
302	303	1	General	0	256	256	1
302	303	1	General	256	256	256	1
302	303	1	General	511	256	256	1
288	304	0	Unique	0	1	1	1
288	304	0	Unique	64	1	1	1
288	304	0	Unique	127	1	1	1
288	304	1	Unique	0	1	1	1
288	304	1	Unique	64	1	1	1
288	304	1	Unique	127	1	1	1
303	304	0	Unique	0	1	1	1
303	304	0	Unique	256	1	1	1
303	304	0	Unique	511	1	1	1
303	304	1	General	0	4	4	1
303	304	1	General	64	4	4	1
303	304	1	General	127	4	4	1
304	305	0	General	0	16	16	1
304	305	0	General	64	16	16	1
304	305	0	General	127	16	16	1
304	305	1	General	0	128	128	1
304	305	1	General	8	128	128	1
304	305	1	General	15	128	128	1
305	306	0	General	0	1536	1536	1
305	306	0	General	8	1536	1536	1
305	306	0	General	15	1536	1536	1
305	306	1	General	0	16	16	1
305	306	1	General	768	16	16	1
305	306	1	General	1535	16	16	1
306	307	0	Unique	0	1	1	1
306	307	0	Unique	768	1	1	1
306	307	0	Unique	1535	1	1	1
306	307	1	General	0	4	4	1
306	307	1	General	192	4	4	1
306	307	1	General	383	4	4	1
305	308	0	General	0	1536	1536	1
305	308	0	General	8	1536	1536	1
305	308	0	General	15	1536	1536	1
305	308	1	General	0	16	16	1
305	308	1	General	768	16	16	1
305	308	1	General	1535	16	16	1
308	309	0	Unique	0	1	1	1
308	309	0	Unique	768	1	1	1
308	309	0	Unique	1535	1	1	1
308	309	1	General	0	4	4	1
308	309	1	General	192	4	4	1
308	309	1	General	383	4	4	1
307	310	0	General	0	16	16	1
307	310	0	General	192	16	16	1
307	310	0	General	383	16	16	1
307	310	1	General	0	384	384	1
307	310	1	General	8	384	384	1
307	310	1	General	15	384	384	1
309	310	0	General	0	16	16	1
309	310	0	General	192	16	16	1
309	310	0	General	383	16	16	1
309	310	1	General	0	384	384	1
309	310	1	General	8	384	384	1
309	310	1	General	15	384	384	1
304	311	0	Unique	0	1	1	1
304	311	0	Unique	64	1	1	1
304	311	0	Unique	127	1	1	1
304	311	1	Unique	0	1	1	1
304	311	1	Unique	256	0	0	1
304	311	1	Unique	511	0	0	1
310	311	0	General	0	512	512	1
310	311	0	General	8	512	512	1
310	311	0	General	15	512	512	1
310	311	1	General	0	16	16	1
310	311	1	General	256	16	16	1
310	311	1	General	511	16	16	1
304	312	0	Unique	0	1	1	1
304	312	0	Unique	64	1	1	1
304	312	0	Unique	127	1	1	1
304	312	1	Unique	0	1	1	1
304	312	1	Unique	64	1	1	1
304	312	1	Unique	127	1	1	1
311	312	0	Unique	0	1	1	1
311	312	0	Unique	256	1	1	1
311	312	0	Unique	511	1	1	1
311	312	1	General	0	4	4	1
311	312	1	General	64	4	4	1
311	312	1	General	127	4	4	1
312	313	0	General	0	16	16	1
312	313	0	General	64	16	16	1
312	313	0	General	127	16	16	1
312	313	1	General	0	128	128	1
312	313	1	General	8	128	128	1
312	313	1	General	15	128	128	1
313	314	0	General	0	512	512	1
313	314	0	General	8	512	512	1
313	314	0	General	15	512	512	1
313	314	1	General	0	16	16	1
313	314	1	General	256	16	16	1
313	314	1	General	511	16	16	1
314	315	0	Unique	0	1	1	1
314	315	0	Unique	256	1	1	1
314	315	0	Unique	511	1	1	1
314	315	1	General	0	4	4	1
314	315	1	General	64	4	4	1
314	315	1	General	127	4	4	1
313	316	0	General	0	256	256	1
313	316	0	General	8	256	256	1
313	316	0	General	15	256	256	1
313	316	1	General	0	16	16	1
313	316	1	General	128	16	16	1
313	316	1	General	255	16	16	1
316	317	0	Unique	0	1	1	1
316	317	0	Unique	128	1	1	1
316	317	0	Unique	255	1	1	1
316	317	1	General	0	4	4	1
316	317	1	General	32	4	4	1
316	317	1	General	63	4	4	1
315	318	0	General	0	256	256	1
315	318	0	General	64	256	256	1
315	318	0	General	127	256	256	1
315	318	1	General	0	128	128	1
315	318	1	General	128	128	128	1
315	318	1	General	255	128	128	1
317	319	0	General	0	128	128	1
317	319	0	General	32	128	128	1
317	319	0	General	63	128	128	1
317	319	1	General	0	64	64	1
317	319	1	General	64	64	64	1
317	319	1	General	127	64	64	1
313	320	0	General	0	256	256	1
313	320	0	General	8	256	256	1
313	320	0	General	15	256	256	1
313	320	1	General	0	16	16	1
313	320	1	General	128	16	16	1
313	320	1	General	255	16	16	1
320	321	0	Unique	0	1	1	1
320	321	0	Unique	128	1	1	1
320	321	0	Unique	255	1	1	1
320	321	1	General	0	4	4	1
320	321	1	General	32	4	4	1
320	321	1	General	63	4	4	1
318	322	0	Unique	0	1	1	1
318	322	0	Unique	128	1	1	1
318	322	0	Unique	255	1	1	1
318	322	1	Unique	0	1	1	1
318	322	1	Unique	128	1	1	1
318	322	1	Unique	255	1	1	1
319	323	0	Unique	0	1	1	1
319	323	0	Unique	64	1	1	1
319	323	0	Unique	127	1	1	1
319	323	1	Unique	0	1	1	1
319	323	1	Unique	64	1	1	1
319	323	1	Unique	127	1	1	1
323	324	0	Unique	0	1	1	1
323	324	0	Unique	64	1	1	1
323	324	0	Unique	127	1	1	1
323	324	1	Unique	0	1	1	1
323	324	1	Unique	64	1	1	1
323	324	1	Unique	127	1	1	1
321	325	0	General	0	128	128	1
321	325	0	General	32	128	128	1
321	325	0	General	63	128	128	1
321	325	1	General	0	64	64	1
321	325	1	General	64	64	64	1
321	325	1	General	127	64	64	1
322	326	0	Unique	0	1	1	1
322	326	0	Unique	128	1	1	1
322	326	0	Unique	255	1	1	1
322	326	1	Unique	0	1	1	1
322	326	1	Unique	128	1	1	1
322	326	1	Unique	255	1	1	1
324	326	0	General	0	256	256	1
324	326	0	General	64	256	256	1
324	326	0	General	127	256	256	1
324	326	1	General	0	128	128	1
324	326	1	General	128	128	128	1
324	326	1	General	255	128	128	1
325	326	0	General	0	256	256	1
325	326	0	General	64	256	256	1
325	326	0	General	127	256	256	1
325	326	1	General	0	128	128	1
325	326	1	General	128	128	128	1
325	326	1	General	255	128	128	1
312	327	0	Unique	0	1	1	1
312	327	0	Unique	64	1	1	1
312	327	0	Unique	127	1	1	1
312	327	1	Unique	0	1	1	1
312	327	1	Unique	256	0	0	1
312	327	1	Unique	511	0	0	1
326	327	0	General	0	512	512	1
326	327	0	General	128	512	512	1
326	327	0	General	255	512	512	1
326	327	1	General	0	256	256	1
326	327	1	General	256	256	256	1
326	327	1	General	511	256	256	1
312	328	0	Unique	0	1	1	1
312	328	0	Unique	64	1	1	1
312	328	0	Unique	127	1	1	1
312	328	1	Unique	0	1	1	1
312	328	1	Unique	64	1	1	1
312	328	1	Unique	127	1	1	1
327	328	0	Unique	0	1	1	1
327	328	0	Unique	256	1	1	1
327	328	0	Unique	511	1	1	1
327	328	1	General	0	4	4	1
327	328	1	General	64	4	4	1
327	328	1	General	127	4	4	1
328	329	0	General	0	16	16	1
328	329	0	General	64	16	16	1
328	329	0	General	127	16	16	1
328	329	1	General	0	128	128	1
328	329	1	General	8	128	128	1
328	329	1	General	15	128	128	1
329	330	0	General	0	1536	1536	1
329	330	0	General	8	1536	1536	1
329	330	0	General	15	1536	1536	1
329	330	1	General	0	16	16	1
329	330	1	General	768	16	16	1
329	330	1	General	1535	16	16	1
330	331	0	Unique	0	1	1	1
330	331	0	Unique	768	1	1	1
330	331	0	Unique	1535	1	1	1
330	331	1	General	0	4	4	1
330	331	1	General	192	4	4	1
330	331	1	General	383	4	4	1
329	332	0	General	0	1536	1536	1
329	332	0	General	8	1536	1536	1
329	332	0	General	15	1536	1536	1
329	332	1	General	0	16	16	1
329	332	1	General	768	16	16	1
329	332	1	General	1535	16	16	1
332	333	0	Unique	0	1	1	1
332	333	0	Unique	768	1	1	1
332	333	0	Unique	1535	1	1	1
332	333	1	General	0	4	4	1
332	333	1	General	192	4	4	1
332	333	1	General	383	4	4	1
331	334	0	General	0	16	16	1
331	334	0	General	192	16	16	1
331	334	0	General	383	16	16	1
331	334	1	General	0	384	384	1
331	334	1	General	8	384	384	1
331	334	1	General	15	384	384	1
333	334	0	General	0	16	16	1
333	334	0	General	192	16	16	1
333	334	0	General	383	16	16	1
333	334	1	General	0	384	384	1
333	334	1	General	8	384	384	1
333	334	1	General	15	384	384	1
328	335	0	Unique	0	1	1	1
328	335	0	Unique	64	1	1	1
328	335	0	Unique	127	1	1	1
328	335	1	Unique	0	1	1	1
328	335	1	Unique	256	0	0	1
328	335	1	Unique	511	0	0	1
334	335	0	General	0	512	512	1
334	335	0	General	8	512	512	1
334	335	0	General	15	512	512	1
334	335	1	General	0	16	16	1
334	335	1	General	256	16	16	1
334	335	1	General	511	16	16	1
328	336	0	Unique	0	1	1	1
328	336	0	Unique	64	1	1	1
328	336	0	Unique	127	1	1	1
328	336	1	Unique	0	1	1	1
328	336	1	Unique	64	1	1	1
328	336	1	Unique	127	1	1	1
335	336	0	Unique	0	1	1	1
335	336	0	Unique	256	1	1	1
335	336	0	Unique	511	1	1	1
335	336	1	General	0	4	4	1
335	336	1	General	64	4	4	1
335	336	1	General	127	4	4	1
336	337	0	General	0	16	16	1
336	337	0	General	64	16	16	1
336	337	0	General	127	16	16	1
336	337	1	General	0	128	128	1
336	337	1	General	8	128	128	1
336	337	1	General	15	128	128	1
337	338	0	General	0	512	512	1
337	338	0	General	8	512	512	1
337	338	0	General	15	512	512	1
337	338	1	General	0	16	16	1
337	338	1	General	256	16	16	1
337	338	1	General	511	16	16	1
338	339	0	Unique	0	1	1	1
338	339	0	Unique	256	1	1	1
338	339	0	Unique	511	1	1	1
338	339	1	General	0	4	4	1
338	339	1	General	64	4	4	1
338	339	1	General	127	4	4	1
337	340	0	General	0	256	256	1
337	340	0	General	8	256	256	1
337	340	0	General	15	256	256	1
337	340	1	General	0	16	16	1
337	340	1	General	128	16	16	1
337	340	1	General	255	16	16	1
340	341	0	Unique	0	1	1	1
340	341	0	Unique	128	1	1	1
340	341	0	Unique	255	1	1	1
340	341	1	General	0	4	4	1
340	341	1	General	32	4	4	1
340	341	1	General	63	4	4	1
339	342	0	General	0	256	256	1
339	342	0	General	64	256	256	1
339	342	0	General	127	256	256	1
339	342	1	General	0	128	128	1
339	342	1	General	128	128	128	1
339	342	1	General	255	128	128	1
341	343	0	General	0	128	128	1
341	343	0	General	32	128	128	1
341	343	0	General	63	128	128	1
341	343	1	General	0	64	64	1
341	343	1	General	64	64	64	1
341	343	1	General	127	64	64	1
337	344	0	General	0	256	256	1
337	344	0	General	8	256	256	1
337	344	0	General	15	256	256	1
337	344	1	General	0	16	16	1
337	344	1	General	128	16	16	1
337	344	1	General	255	16	16	1
344	345	0	Unique	0	1	1	1
344	345	0	Unique	128	1	1	1
344	345	0	Unique	255	1	1	1
344	345	1	General	0	4	4	1
344	345	1	General	32	4	4	1
344	345	1	General	63	4	4	1
342	346	0	Unique	0	1	1	1
342	346	0	Unique	128	1	1	1
342	346	0	Unique	255	1	1	1
342	346	1	Unique	0	1	1	1
342	346	1	Unique	128	1	1	1
342	346	1	Unique	255	1	1	1
343	347	0	Unique	0	1	1	1
343	347	0	Unique	64	1	1	1
343	347	0	Unique	127	1	1	1
343	347	1	Unique	0	1	1	1
343	347	1	Unique	64	1	1	1
343	347	1	Unique	127	1	1	1
347	348	0	Unique	0	1	1	1
347	348	0	Unique	64	1	1	1
347	348	0	Unique	127	1	1	1
347	348	1	Unique	0	1	1	1
347	348	1	Unique	64	1	1	1
347	348	1	Unique	127	1	1	1
345	349	0	General	0	128	128	1
345	349	0	General	32	128	128	1
345	349	0	General	63	128	128	1
345	349	1	General	0	64	64	1
345	349	1	General	64	64	64	1
345	349	1	General	127	64	64	1
346	350	0	Unique	0	1	1	1
346	350	0	Unique	128	1	1	1
346	350	0	Unique	255	1	1	1
346	350	1	Unique	0	1	1	1
346	350	1	Unique	128	1	1	1
346	350	1	Unique	255	1	1	1
348	350	0	General	0	256	256	1
348	350	0	General	64	256	256	1
348	350	0	General	127	256	256	1
348	350	1	General	0	128	128	1
348	350	1	General	128	128	128	1
348	350	1	General	255	128	128	1
349	350	0	General	0	256	256	1
349	350	0	General	64	256	256	1
349	350	0	General	127	256	256	1
349	350	1	General	0	128	128	1
349	350	1	General	128	128	128	1
349	350	1	General	255	128	128	1
336	351	0	Unique	0	1	1	1
336	351	0	Unique	64	1	1	1
336	351	0	Unique	127	1	1	1
336	351	1	Unique	0	1	1	1
336	351	1	Unique	256	0	0	1
336	351	1	Unique	511	0	0	1
350	351	0	General	0	512	512	1
350	351	0	General	128	512	512	1
350	351	0	General	255	512	512	1
350	351	1	General	0	256	256	1
350	351	1	General	256	256	256	1
350	351	1	General	511	256	256	1
336	352	0	Unique	0	1	1	1
336	352	0	Unique	64	1	1	1
336	352	0	Unique	127	1	1	1
336	352	1	Unique	0	1	1	1
336	352	1	Unique	64	1	1	1
336	352	1	Unique	127	1	1	1
351	352	0	Unique	0	1	1	1
351	352	0	Unique	256	1	1	1
351	352	0	Unique	511	1	1	1
351	352	1	General	0	4	4	1
351	352	1	General	64	4	4	1
351	352	1	General	127	4	4	1
352	353	0	General	0	16	16	1
352	353	0	General	64	16	16	1
352	353	0	General	127	16	16	1
352	353	1	General	0	128	128	1
352	353	1	General	8	128	128	1
352	353	1	General	15	128	128	1
353	354	0	General	0	1536	1536	1
353	354	0	General	8	1536	1536	1
353	354	0	General	15	1536	1536	1
353	354	1	General	0	16	16	1
353	354	1	General	768	16	16	1
353	354	1	General	1535	16	16	1
354	355	0	Unique	0	1	1	1
354	355	0	Unique	768	1	1	1
354	355	0	Unique	1535	1	1	1
354	355	1	General	0	4	4	1
354	355	1	General	192	4	4	1
354	355	1	General	383	4	4	1
353	356	0	General	0	1536	1536	1
353	356	0	General	8	1536	1536	1
353	356	0	General	15	1536	1536	1
353	356	1	General	0	16	16	1
353	356	1	General	768	16	16	1
353	356	1	General	1535	16	16	1
356	357	0	Unique	0	1	1	1
356	357	0	Unique	768	1	1	1
356	357	0	Unique	1535	1	1	1
356	357	1	General	0	4	4	1
356	357	1	General	192	4	4	1
356	357	1	General	383	4	4	1
355	358	0	General	0	16	16	1
355	358	0	General	192	16	16	1
355	358	0	General	383	16	16	1
355	358	1	General	0	384	384	1
355	358	1	General	8	384	384	1
355	358	1	General	15	384	384	1
357	358	0	General	0	16	16	1
357	358	0	General	192	16	16	1
357	358	0	General	383	16	16	1
357	358	1	General	0	384	384	1
357	358	1	General	8	384	384	1
357	358	1	General	15	384	384	1
352	359	0	Unique	0	1	1	1
352	359	0	Unique	64	1	1	1
352	359	0	Unique	127	1	1	1
352	359	1	Unique	0	1	1	1
352	359	1	Unique	256	0	0	1
352	359	1	Unique	511	0	0	1
358	359	0	General	0	512	512	1
358	359	0	General	8	512	512	1
358	359	0	General	15	512	512	1
358	359	1	General	0	16	16	1
358	359	1	General	256	16	16	1
358	359	1	General	511	16	16	1
352	360	0	Unique	0	1	1	1
352	360	0	Unique	64	1	1	1
352	360	0	Unique	127	1	1	1
352	360	1	Unique	0	1	1	1
352	360	1	Unique	64	1	1	1
352	360	1	Unique	127	1	1	1
359	360	0	Unique	0	1	1	1
359	360	0	Unique	256	1	1	1
359	360	0	Unique	511	1	1	1
359	360	1	General	0	4	4	1
359	360	1	General	64	4	4	1
359	360	1	General	127	4	4	1
360	361	0	General	0	16	16	1
360	361	0	General	64	16	16	1
360	361	0	General	127	16	16	1
360	361	1	General	0	128	128	1
360	361	1	General	8	128	128	1
360	361	1	General	15	128	128	1
361	362	0	General	0	512	512	1
361	362	0	General	8	512	512	1
361	362	0	General	15	512	512	1
361	362	1	General	0	16	16	1
361	362	1	General	256	16	16	1
361	362	1	General	511	16	16	1
362	363	0	Unique	0	1	1	1
362	363	0	Unique	256	1	1	1
362	363	0	Unique	511	1	1	1
362	363	1	General	0	4	4	1
362	363	1	General	64	4	4	1
362	363	1	General	127	4	4	1
361	364	0	General	0	256	256	1
361	364	0	General	8	256	256	1
361	364	0	General	15	256	256	1
361	364	1	General	0	16	16	1
361	364	1	General	128	16	16	1
361	364	1	General	255	16	16	1
364	365	0	Unique	0	1	1	1
364	365	0	Unique	128	1	1	1
364	365	0	Unique	255	1	1	1
364	365	1	General	0	4	4	1
364	365	1	General	32	4	4	1
364	365	1	General	63	4	4	1
363	366	0	General	0	256	256	1
363	366	0	General	64	256	256	1
363	366	0	General	127	256	256	1
363	366	1	General	0	128	128	1
363	366	1	General	128	128	128	1
363	366	1	General	255	128	128	1
365	367	0	General	0	128	128	1
365	367	0	General	32	128	128	1
365	367	0	General	63	128	128	1
365	367	1	General	0	64	64	1
365	367	1	General	64	64	64	1
365	367	1	General	127	64	64	1
361	368	0	General	0	256	256	1
361	368	0	General	8	256	256	1
361	368	0	General	15	256	256	1
361	368	1	General	0	16	16	1
361	368	1	General	128	16	16	1
361	368	1	General	255	16	16	1
368	369	0	Unique	0	1	1	1
368	369	0	Unique	128	1	1	1
368	369	0	Unique	255	1	1	1
368	369	1	General	0	4	4	1
368	369	1	General	32	4	4	1
368	369	1	General	63	4	4	1
366	370	0	Unique	0	1	1	1
366	370	0	Unique	128	1	1	1
366	370	0	Unique	255	1	1	1
366	370	1	Unique	0	1	1	1
366	370	1	Unique	128	1	1	1
366	370	1	Unique	255	1	1	1
367	371	0	Unique	0	1	1	1
367	371	0	Unique	64	1	1	1
367	371	0	Unique	127	1	1	1
367	371	1	Unique	0	1	1	1
367	371	1	Unique	64	1	1	1
367	371	1	Unique	127	1	1	1
371	372	0	Unique	0	1	1	1
371	372	0	Unique	64	1	1	1
371	372	0	Unique	127	1	1	1
371	372	1	Unique	0	1	1	1
371	372	1	Unique	64	1	1	1
371	372	1	Unique	127	1	1	1
369	373	0	General	0	128	128	1
369	373	0	General	32	128	128	1
369	373	0	General	63	128	128	1
369	373	1	General	0	64	64	1
369	373	1	General	64	64	64	1
369	373	1	General	127	64	64	1
370	374	0	Unique	0	1	1	1
370	374	0	Unique	128	1	1	1
370	374	0	Unique	255	1	1	1
370	374	1	Unique	0	1	1	1
370	374	1	Unique	128	1	1	1
370	374	1	Unique	255	1	1	1
372	374	0	General	0	256	256	1
372	374	0	General	64	256	256	1
372	374	0	General	127	256	256	1
372	374	1	General	0	128	128	1
372	374	1	General	128	128	128	1
372	374	1	General	255	128	128	1
373	374	0	General	0	256	256	1
373	374	0	General	64	256	256	1
373	374	0	General	127	256	256	1
373	374	1	General	0	128	128	1
373	374	1	General	128	128	128	1
373	374	1	General	255	128	128	1
360	375	0	Unique	0	1	1	1
360	375	0	Unique	64	1	1	1
360	375	0	Unique	127	1	1	1
360	375	1	Unique	0	1	1	1
360	375	1	Unique	256	0	0	1
360	375	1	Unique	511	0	0	1
374	375	0	General	0	512	512	1
374	375	0	General	128	512	512	1
374	375	0	General	255	512	512	1
374	375	1	General	0	256	256	1
374	375	1	General	256	256	256	1
374	375	1	General	511	256	256	1
360	376	0	Unique	0	1	1	1
360	376	0	Unique	64	1	1	1
360	376	0	Unique	127	1	1	1
360	376	1	Unique	0	1	1	1
360	376	1	Unique	64	1	1	1
360	376	1	Unique	127	1	1	1
375	376	0	Unique	0	1	1	1
375	376	0	Unique	256	1	1	1
375	376	0	Unique	511	1	1	1
375	376	1	General	0	4	4	1
375	376	1	General	64	4	4	1
375	376	1	General	127	4	4	1
376	377	0	General	0	16	16	1
376	377	0	General	64	16	16	1
376	377	0	General	127	16	16	1
376	377	1	General	0	128	128	1
376	377	1	General	8	128	128	1
376	377	1	General	15	128	128	1
377	378	0	General	0	1536	1536	1
377	378	0	General	8	1536	1536	1
377	378	0	General	15	1536	1536	1
377	378	1	General	0	16	16	1
377	378	1	General	768	16	16	1
377	378	1	General	1535	16	16	1
378	379	0	Unique	0	1	1	1
378	379	0	Unique	768	1	1	1
378	379	0	Unique	1535	1	1	1
378	379	1	General	0	4	4	1
378	379	1	General	192	4	4	1
378	379	1	General	383	4	4	1
377	380	0	General	0	1536	1536	1
377	380	0	General	8	1536	1536	1
377	380	0	General	15	1536	1536	1
377	380	1	General	0	16	16	1
377	380	1	General	768	16	16	1
377	380	1	General	1535	16	16	1
380	381	0	Unique	0	1	1	1
380	381	0	Unique	768	1	1	1
380	381	0	Unique	1535	1	1	1
380	381	1	General	0	4	4	1
380	381	1	General	192	4	4	1
380	381	1	General	383	4	4	1
379	382	0	General	0	16	16	1
379	382	0	General	192	16	16	1
379	382	0	General	383	16	16	1
379	382	1	General	0	384	384	1
379	382	1	General	8	384	384	1
379	382	1	General	15	384	384	1
381	382	0	General	0	16	16	1
381	382	0	General	192	16	16	1
381	382	0	General	383	16	16	1
381	382	1	General	0	384	384	1
381	382	1	General	8	384	384	1
381	382	1	General	15	384	384	1
376	383	0	Unique	0	1	1	1
376	383	0	Unique	64	1	1	1
376	383	0	Unique	127	1	1	1
376	383	1	Unique	0	1	1	1
376	383	1	Unique	256	0	0	1
376	383	1	Unique	511	0	0	1
382	383	0	General	0	512	512	1
382	383	0	General	8	512	512	1
382	383	0	General	15	512	512	1
382	383	1	General	0	16	16	1
382	383	1	General	256	16	16	1
382	383	1	General	511	16	16	1
376	384	0	Unique	0	1	1	1
376	384	0	Unique	64	1	1	1
376	384	0	Unique	127	1	1	1
376	384	1	Unique	0	1	1	1
376	384	1	Unique	64	1	1	1
376	384	1	Unique	127	1	1	1
383	384	0	Unique	0	1	1	1
383	384	0	Unique	256	1	1	1
383	384	0	Unique	511	1	1	1
383	384	1	General	0	4	4	1
383	384	1	General	64	4	4	1
383	384	1	General	127	4	4	1
384	385	0	General	0	16	16	1
384	385	0	General	64	16	16	1
384	385	0	General	127	16	16	1
384	385	1	General	0	128	128	1
384	385	1	General	8	128	128	1
384	385	1	General	15	128	128	1
385	386	0	General	0	512	512	1
385	386	0	General	8	512	512	1
385	386	0	General	15	512	512	1
385	386	1	General	0	16	16	1
385	386	1	General	256	16	16	1
385	386	1	General	511	16	16	1
386	387	0	Unique	0	1	1	1
386	387	0	Unique	256	1	1	1
386	387	0	Unique	511	1	1	1
386	387	1	General	0	4	4	1
386	387	1	General	64	4	4	1
386	387	1	General	127	4	4	1
385	388	0	General	0	256	256	1
385	388	0	General	8	256	256	1
385	388	0	General	15	256	256	1
385	388	1	General	0	16	16	1
385	388	1	General	128	16	16	1
385	388	1	General	255	16	16	1
388	389	0	Unique	0	1	1	1
388	389	0	Unique	128	1	1	1
388	389	0	Unique	255	1	1	1
388	389	1	General	0	4	4	1
388	389	1	General	32	4	4	1
388	389	1	General	63	4	4	1
387	390	0	General	0	256	256	1
387	390	0	General	64	256	256	1
387	390	0	General	127	256	256	1
387	390	1	General	0	128	128	1
387	390	1	General	128	128	128	1
387	390	1	General	255	128	128	1
389	391	0	General	0	128	128	1
389	391	0	General	32	128	128	1
389	391	0	General	63	128	128	1
389	391	1	General	0	64	64	1
389	391	1	General	64	64	64	1
389	391	1	General	127	64	64	1
385	392	0	General	0	256	256	1
385	392	0	General	8	256	256	1
385	392	0	General	15	256	256	1
385	392	1	General	0	16	16	1
385	392	1	General	128	16	16	1
385	392	1	General	255	16	16	1
392	393	0	Unique	0	1	1	1
392	393	0	Unique	128	1	1	1
392	393	0	Unique	255	1	1	1
392	393	1	General	0	4	4	1
392	393	1	General	32	4	4	1
392	393	1	General	63	4	4	1
390	394	0	Unique	0	1	1	1
390	394	0	Unique	128	1	1	1
390	394	0	Unique	255	1	1	1
390	394	1	Unique	0	1	1	1
390	394	1	Unique	128	1	1	1
390	394	1	Unique	255	1	1	1
391	395	0	Unique	0	1	1	1
391	395	0	Unique	64	1	1	1
391	395	0	Unique	127	1	1	1
391	395	1	Unique	0	1	1	1
391	395	1	Unique	64	1	1	1
391	395	1	Unique	127	1	1	1
395	396	0	Unique	0	1	1	1
395	396	0	Unique	64	1	1	1
395	396	0	Unique	127	1	1	1
395	396	1	Unique	0	1	1	1
395	396	1	Unique	64	1	1	1
395	396	1	Unique	127	1	1	1
393	397	0	General	0	128	128	1
393	397	0	General	32	128	128	1
393	397	0	General	63	128	128	1
393	397	1	General	0	64	64	1
393	397	1	General	64	64	64	1
393	397	1	General	127	64	64	1
394	398	0	Unique	0	1	1	1
394	398	0	Unique	128	1	1	1
394	398	0	Unique	255	1	1	1
394	398	1	Unique	0	1	1	1
394	398	1	Unique	128	1	1	1
394	398	1	Unique	255	1	1	1
396	398	0	General	0	256	256	1
396	398	0	General	64	256	256	1
396	398	0	General	127	256	256	1
396	398	1	General	0	128	128	1
396	398	1	General	128	128	128	1
396	398	1	General	255	128	128	1
397	398	0	General	0	256	256	1
397	398	0	General	64	256	256	1
397	398	0	General	127	256	256	1
397	398	1	General	0	128	128	1
397	398	1	General	128	128	128	1
397	398	1	General	255	128	128	1
384	399	0	Unique	0	1	1	1
384	399	0	Unique	64	1	1	1
384	399	0	Unique	127	1	1	1
384	399	1	Unique	0	1	1	1
384	399	1	Unique	256	0	0	1
384	399	1	Unique	511	0	0	1
398	399	0	General	0	512	512	1
398	399	0	General	128	512	512	1
398	399	0	General	255	512	512	1
398	399	1	General	0	256	256	1
398	399	1	General	256	256	256	1
398	399	1	General	511	256	256	1
384	400	0	Unique	0	1	1	1
384	400	0	Unique	64	1	1	1
384	400	0	Unique	127	1	1	1
384	400	1	Unique	0	1	1	1
384	400	1	Unique	64	1	1	1
384	400	1	Unique	127	1	1	1
399	400	0	Unique	0	1	1	1
399	400	0	Unique	256	1	1	1
399	400	0	Unique	511	1	1	1
399	400	1	General	0	4	4	1
399	400	1	General	64	4	4	1
399	400	1	General	127	4	4	1
400	401	0	General	0	16	16	1
400	401	0	General	64	16	16	1
400	401	0	General	127	16	16	1
400	401	1	General	0	128	128	1
400	401	1	General	8	128	128	1
400	401	1	General	15	128	128	1
401	402	0	General	0	1536	1536	1
401	402	0	General	8	1536	1536	1
401	402	0	General	15	1536	1536	1
401	402	1	General	0	16	16	1
401	402	1	General	768	16	16	1
401	402	1	General	1535	16	16	1
402	403	0	Unique	0	1	1	1
402	403	0	Unique	768	1	1	1
402	403	0	Unique	1535	1	1	1
402	403	1	General	0	4	4	1
402	403	1	General	192	4	4	1
402	403	1	General	383	4	4	1
401	404	0	General	0	1536	1536	1
401	404	0	General	8	1536	1536	1
401	404	0	General	15	1536	1536	1
401	404	1	General	0	16	16	1
401	404	1	General	768	16	16	1
401	404	1	General	1535	16	16	1
404	405	0	Unique	0	1	1	1
404	405	0	Unique	768	1	1	1
404	405	0	Unique	1535	1	1	1
404	405	1	General	0	4	4	1
404	405	1	General	192	4	4	1
404	405	1	General	383	4	4	1
403	406	0	General	0	16	16	1
403	406	0	General	192	16	16	1
403	406	0	General	383	16	16	1
403	406	1	General	0	384	384	1
403	406	1	General	8	384	384	1
403	406	1	General	15	384	384	1
405	406	0	General	0	16	16	1
405	406	0	General	192	16	16	1
405	406	0	General	383	16	16	1
405	406	1	General	0	384	384	1
405	406	1	General	8	384	384	1
405	406	1	General	15	384	384	1
400	407	0	Unique	0	1	1	1
400	407	0	Unique	64	1	1	1
400	407	0	Unique	127	1	1	1
400	407	1	Unique	0	1	1	1
400	407	1	Unique	256	0	0	1
400	407	1	Unique	511	0	0	1
406	407	0	General	0	512	512	1
406	407	0	General	8	512	512	1
406	407	0	General	15	512	512	1
406	407	1	General	0	16	16	1
406	407	1	General	256	16	16	1
406	407	1	General	511	16	16	1
400	408	0	Unique	0	1	1	1
400	408	0	Unique	64	1	1	1
400	408	0	Unique	127	1	1	1
400	408	1	Unique	0	1	1	1
400	408	1	Unique	64	1	1	1
400	408	1	Unique	127	1	1	1
407	408	0	Unique	0	1	1	1
407	408	0	Unique	256	1	1	1
407	408	0	Unique	511	1	1	1
407	408	1	General	0	4	4	1
407	408	1	General	64	4	4	1
407	408	1	General	127	4	4	1
408	409	0	General	0	16	16	1
408	409	0	General	64	16	16	1
408	409	0	General	127	16	16	1
408	409	1	General	0	128	128	1
408	409	1	General	8	128	128	1
408	409	1	General	15	128	128	1
409	410	0	General	0	512	512	1
409	410	0	General	8	512	512	1
409	410	0	General	15	512	512	1
409	410	1	General	0	16	16	1
409	410	1	General	256	16	16	1
409	410	1	General	511	16	16	1
410	411	0	Unique	0	1	1	1
410	411	0	Unique	256	1	1	1
410	411	0	Unique	511	1	1	1
410	411	1	General	0	4	4	1
410	411	1	General	64	4	4	1
410	411	1	General	127	4	4	1
409	412	0	General	0	256	256	1
409	412	0	General	8	256	256	1
409	412	0	General	15	256	256	1
409	412	1	General	0	16	16	1
409	412	1	General	128	16	16	1
409	412	1	General	255	16	16	1
412	413	0	Unique	0	1	1	1
412	413	0	Unique	128	1	1	1
412	413	0	Unique	255	1	1	1
412	413	1	General	0	4	4	1
412	413	1	General	32	4	4	1
412	413	1	General	63	4	4	1
411	414	0	General	0	256	256	1
411	414	0	General	64	256	256	1
411	414	0	General	127	256	256	1
411	414	1	General	0	128	128	1
411	414	1	General	128	128	128	1
411	414	1	General	255	128	128	1
413	415	0	General	0	128	128	1
413	415	0	General	32	128	128	1
413	415	0	General	63	128	128	1
413	415	1	General	0	64	64	1
413	415	1	General	64	64	64	1
413	415	1	General	127	64	64	1
409	416	0	General	0	256	256	1
409	416	0	General	8	256	256	1
409	416	0	General	15	256	256	1
409	416	1	General	0	16	16	1
409	416	1	General	128	16	16	1
409	416	1	General	255	16	16	1
416	417	0	Unique	0	1	1	1
416	417	0	Unique	128	1	1	1
416	417	0	Unique	255	1	1	1
416	417	1	General	0	4	4	1
416	417	1	General	32	4	4	1
416	417	1	General	63	4	4	1
414	418	0	Unique	0	1	1	1
414	418	0	Unique	128	1	1	1
414	418	0	Unique	255	1	1	1
414	418	1	Unique	0	1	1	1
414	418	1	Unique	128	1	1	1
414	418	1	Unique	255	1	1	1
415	419	0	Unique	0	1	1	1
415	419	0	Unique	64	1	1	1
415	419	0	Unique	127	1	1	1
415	419	1	Unique	0	1	1	1
415	419	1	Unique	64	1	1	1
415	419	1	Unique	127	1	1	1
419	420	0	Unique	0	1	1	1
419	420	0	Unique	64	1	1	1
419	420	0	Unique	127	1	1	1
419	420	1	Unique	0	1	1	1
419	420	1	Unique	64	1	1	1
419	420	1	Unique	127	1	1	1
417	421	0	General	0	128	128	1
417	421	0	General	32	128	128	1
417	421	0	General	63	128	128	1
417	421	1	General	0	64	64	1
417	421	1	General	64	64	64	1
417	421	1	General	127	64	64	1
418	422	0	Unique	0	1	1	1
418	422	0	Unique	128	1	1	1
418	422	0	Unique	255	1	1	1
418	422	1	Unique	0	1	1	1
418	422	1	Unique	128	1	1	1
418	422	1	Unique	255	1	1	1
420	422	0	General	0	256	256	1
420	422	0	General	64	256	256	1
420	422	0	General	127	256	256	1
420	422	1	General	0	128	128	1
420	422	1	General	128	128	128	1
420	422	1	General	255	128	128	1
421	422	0	General	0	256	256	1
421	422	0	General	64	256	256	1
421	422	0	General	127	256	256	1
421	422	1	General	0	128	128	1
421	422	1	General	128	128	128	1
421	422	1	General	255	128	128	1
408	423	0	Unique	0	1	1	1
408	423	0	Unique	64	1	1	1
408	423	0	Unique	127	1	1	1
408	423	1	Unique	0	1	1	1
408	423	1	Unique	256	0	0	1
408	423	1	Unique	511	0	0	1
422	423	0	General	0	512	512	1
422	423	0	General	128	512	512	1
422	423	0	General	255	512	512	1
422	423	1	General	0	256	256	1
422	423	1	General	256	256	256	1
422	423	1	General	511	256	256	1
408	424	0	Unique	0	1	1	1
408	424	0	Unique	64	1	1	1
408	424	0	Unique	127	1	1	1
408	424	1	Unique	0	1	1	1
408	424	1	Unique	64	1	1	1
408	424	1	Unique	127	1	1	1
423	424	0	Unique	0	1	1	1
423	424	0	Unique	256	1	1	1
423	424	0	Unique	511	1	1	1
423	424	1	General	0	4	4	1
423	424	1	General	64	4	4	1
423	424	1	General	127	4	4	1
424	425	0	General	0	16	16	1
424	425	0	General	64	16	16	1
424	425	0	General	127	16	16	1
424	425	1	General	0	128	128	1
424	425	1	General	8	128	128	1
424	425	1	General	15	128	128	1
425	426	0	General	0	1536	1536	1
425	426	0	General	8	1536	1536	1
425	426	0	General	15	1536	1536	1
425	426	1	General	0	16	16	1
425	426	1	General	768	16	16	1
425	426	1	General	1535	16	16	1
426	427	0	Unique	0	1	1	1
426	427	0	Unique	768	1	1	1
426	427	0	Unique	1535	1	1	1
426	427	1	General	0	4	4	1
426	427	1	General	192	4	4	1
426	427	1	General	383	4	4	1
425	428	0	General	0	1536	1536	1
425	428	0	General	8	1536	1536	1
425	428	0	General	15	1536	1536	1
425	428	1	General	0	16	16	1
425	428	1	General	768	16	16	1
425	428	1	General	1535	16	16	1
428	429	0	Unique	0	1	1	1
428	429	0	Unique	768	1	1	1
428	429	0	Unique	1535	1	1	1
428	429	1	General	0	4	4	1
428	429	1	General	192	4	4	1
428	429	1	General	383	4	4	1
427	430	0	General	0	16	16	1
427	430	0	General	192	16	16	1
427	430	0	General	383	16	16	1
427	430	1	General	0	384	384	1
427	430	1	General	8	384	384	1
427	430	1	General	15	384	384	1
429	430	0	General	0	16	16	1
429	430	0	General	192	16	16	1
429	430	0	General	383	16	16	1
429	430	1	General	0	384	384	1
429	430	1	General	8	384	384	1
429	430	1	General	15	384	384	1
424	431	0	Unique	0	1	1	1
424	431	0	Unique	64	1	1	1
424	431	0	Unique	127	1	1	1
424	431	1	Unique	0	1	1	1
424	431	1	Unique	256	0	0	1
424	431	1	Unique	511	0	0	1
430	431	0	General	0	512	512	1
430	431	0	General	8	512	512	1
430	431	0	General	15	512	512	1
430	431	1	General	0	16	16	1
430	431	1	General	256	16	16	1
430	431	1	General	511	16	16	1
424	432	0	Unique	0	1	1	1
424	432	0	Unique	64	1	1	1
424	432	0	Unique	127	1	1	1
424	432	1	Unique	0	1	1	1
424	432	1	Unique	64	1	1	1
424	432	1	Unique	127	1	1	1
431	432	0	Unique	0	1	1	1
431	432	0	Unique	256	1	1	1
431	432	0	Unique	511	1	1	1
431	432	1	General	0	4	4	1
431	432	1	General	64	4	4	1
431	432	1	General	127	4	4	1
432	433	0	General	0	16	16	1
432	433	0	General	64	16	16	1
432	433	0	General	127	16	16	1
432	433	1	General	0	128	128	1
432	433	1	General	8	128	128	1
432	433	1	General	15	128	128	1
433	434	0	General	0	512	512	1
433	434	0	General	8	512	512	1
433	434	0	General	15	512	512	1
433	434	1	General	0	16	16	1
433	434	1	General	256	16	16	1
433	434	1	General	511	16	16	1
434	435	0	Unique	0	1	1	1
434	435	0	Unique	256	1	1	1
434	435	0	Unique	511	1	1	1
434	435	1	General	0	4	4	1
434	435	1	General	64	4	4	1
434	435	1	General	127	4	4	1
433	436	0	General	0	256	256	1
433	436	0	General	8	256	256	1
433	436	0	General	15	256	256	1
433	436	1	General	0	16	16	1
433	436	1	General	128	16	16	1
433	436	1	General	255	16	16	1
436	437	0	Unique	0	1	1	1
436	437	0	Unique	128	1	1	1
436	437	0	Unique	255	1	1	1
436	437	1	General	0	4	4	1
436	437	1	General	32	4	4	1
436	437	1	General	63	4	4	1
435	438	0	General	0	256	256	1
435	438	0	General	64	256	256	1
435	438	0	General	127	256	256	1
435	438	1	General	0	128	128	1
435	438	1	General	128	128	128	1
435	438	1	General	255	128	128	1
437	439	0	General	0	128	128	1
437	439	0	General	32	128	128	1
437	439	0	General	63	128	128	1
437	439	1	General	0	64	64	1
437	439	1	General	64	64	64	1
437	439	1	General	127	64	64	1
433	440	0	General	0	256	256	1
433	440	0	General	8	256	256	1
433	440	0	General	15	256	256	1
433	440	1	General	0	16	16	1
433	440	1	General	128	16	16	1
433	440	1	General	255	16	16	1
440	441	0	Unique	0	1	1	1
440	441	0	Unique	128	1	1	1
440	441	0	Unique	255	1	1	1
440	441	1	General	0	4	4	1
440	441	1	General	32	4	4	1
440	441	1	General	63	4	4	1
438	442	0	Unique	0	1	1	1
438	442	0	Unique	128	1	1	1
438	442	0	Unique	255	1	1	1
438	442	1	Unique	0	1	1	1
438	442	1	Unique	128	1	1	1
438	442	1	Unique	255	1	1	1
439	443	0	Unique	0	1	1	1
439	443	0	Unique	64	1	1	1
439	443	0	Unique	127	1	1	1
439	443	1	Unique	0	1	1	1
439	443	1	Unique	64	1	1	1
439	443	1	Unique	127	1	1	1
443	444	0	Unique	0	1	1	1
443	444	0	Unique	64	1	1	1
443	444	0	Unique	127	1	1	1
443	444	1	Unique	0	1	1	1
443	444	1	Unique	64	1	1	1
443	444	1	Unique	127	1	1	1
441	445	0	General	0	128	128	1
441	445	0	General	32	128	128	1
441	445	0	General	63	128	128	1
441	445	1	General	0	64	64	1
441	445	1	General	64	64	64	1
441	445	1	General	127	64	64	1
442	446	0	Unique	0	1	1	1
442	446	0	Unique	128	1	1	1
442	446	0	Unique	255	1	1	1
442	446	1	Unique	0	1	1	1
442	446	1	Unique	128	1	1	1
442	446	1	Unique	255	1	1	1
444	446	0	General	0	256	256	1
444	446	0	General	64	256	256	1
444	446	0	General	127	256	256	1
444	446	1	General	0	128	128	1
444	446	1	General	128	128	128	1
444	446	1	General	255	128	128	1
445	446	0	General	0	256	256	1
445	446	0	General	64	256	256	1
445	446	0	General	127	256	256	1
445	446	1	General	0	128	128	1
445	446	1	General	128	128	128	1
445	446	1	General	255	128	128	1
432	447	0	Unique	0	1	1	1
432	447	0	Unique	64	1	1	1
432	447	0	Unique	127	1	1	1
432	447	1	Unique	0	1	1	1
432	447	1	Unique	256	0	0	1
432	447	1	Unique	511	0	0	1
446	447	0	General	0	512	512	1
446	447	0	General	128	512	512	1
446	447	0	General	255	512	512	1
446	447	1	General	0	256	256	1
446	447	1	General	256	256	256	1
446	447	1	General	511	256	256	1
432	448	0	Unique	0	1	1	1
432	448	0	Unique	64	1	1	1
432	448	0	Unique	127	1	1	1
432	448	1	Unique	0	1	1	1
432	448	1	Unique	64	1	1	1
432	448	1	Unique	127	1	1	1
447	448	0	Unique	0	1	1	1
447	448	0	Unique	256	1	1	1
447	448	0	Unique	511	1	1	1
447	448	1	General	0	4	4	1
447	448	1	General	64	4	4	1
447	448	1	General	127	4	4	1
448	449	0	General	0	16	16	1
448	449	0	General	64	16	16	1
448	449	0	General	127	16	16	1
448	449	1	General	0	128	128	1
448	449	1	General	8	128	128	1
448	449	1	General	15	128	128	1
449	450	0	General	0	1536	1536	1
449	450	0	General	8	1536	1536	1
449	450	0	General	15	1536	1536	1
449	450	1	General	0	16	16	1
449	450	1	General	768	16	16	1
449	450	1	General	1535	16	16	1
450	451	0	Unique	0	1	1	1
450	451	0	Unique	768	1	1	1
450	451	0	Unique	1535	1	1	1
450	451	1	General	0	4	4	1
450	451	1	General	192	4	4	1
450	451	1	General	383	4	4	1
449	452	0	General	0	1536	1536	1
449	452	0	General	8	1536	1536	1
449	452	0	General	15	1536	1536	1
449	452	1	General	0	16	16	1
449	452	1	General	768	16	16	1
449	452	1	General	1535	16	16	1
452	453	0	Unique	0	1	1	1
452	453	0	Unique	768	1	1	1
452	453	0	Unique	1535	1	1	1
452	453	1	General	0	4	4	1
452	453	1	General	192	4	4	1
452	453	1	General	383	4	4	1
451	454	0	General	0	16	16	1
451	454	0	General	192	16	16	1
451	454	0	General	383	16	16	1
451	454	1	General	0	384	384	1
451	454	1	General	8	384	384	1
451	454	1	General	15	384	384	1
453	454	0	General	0	16	16	1
453	454	0	General	192	16	16	1
453	454	0	General	383	16	16	1
453	454	1	General	0	384	384	1
453	454	1	General	8	384	384	1
453	454	1	General	15	384	384	1
448	455	0	Unique	0	1	1	1
448	455	0	Unique	64	1	1	1
448	455	0	Unique	127	1	1	1
448	455	1	Unique	0	1	1	1
448	455	1	Unique	256	0	0	1
448	455	1	Unique	511	0	0	1
454	455	0	General	0	512	512	1
454	455	0	General	8	512	512	1
454	455	0	General	15	512	512	1
454	455	1	General	0	16	16	1
454	455	1	General	256	16	16	1
454	455	1	General	511	16	16	1
448	456	0	Unique	0	1	1	1
448	456	0	Unique	64	1	1	1
448	456	0	Unique	127	1	1	1
448	456	1	Unique	0	1	1	1
448	456	1	Unique	64	1	1	1
448	456	1	Unique	127	1	1	1
455	456	0	Unique	0	1	1	1
455	456	0	Unique	256	1	1	1
455	456	0	Unique	511	1	1	1
455	456	1	General	0	4	4	1
455	456	1	General	64	4	4	1
455	456	1	General	127	4	4	1
456	457	0	General	0	16	16	1
456	457	0	General	64	16	16	1
456	457	0	General	127	16	16	1
456	457	1	General	0	128	128	1
456	457	1	General	8	128	128	1
456	457	1	General	15	128	128	1
457	458	0	General	0	512	512	1
457	458	0	General	8	512	512	1
457	458	0	General	15	512	512	1
457	458	1	General	0	16	16	1
457	458	1	General	256	16	16	1
457	458	1	General	511	16	16	1
458	459	0	Unique	0	1	1	1
458	459	0	Unique	256	1	1	1
458	459	0	Unique	511	1	1	1
458	459	1	General	0	4	4	1
458	459	1	General	64	4	4	1
458	459	1	General	127	4	4	1
457	460	0	General	0	256	256	1
457	460	0	General	8	256	256	1
457	460	0	General	15	256	256	1
457	460	1	General	0	16	16	1
457	460	1	General	128	16	16	1
457	460	1	General	255	16	16	1
460	461	0	Unique	0	1	1	1
460	461	0	Unique	128	1	1	1
460	461	0	Unique	255	1	1	1
460	461	1	General	0	4	4	1
460	461	1	General	32	4	4	1
460	461	1	General	63	4	4	1
459	462	0	General	0	256	256	1
459	462	0	General	64	256	256	1
459	462	0	General	127	256	256	1
459	462	1	General	0	128	128	1
459	462	1	General	128	128	128	1
459	462	1	General	255	128	128	1
461	463	0	General	0	128	128	1
461	463	0	General	32	128	128	1
461	463	0	General	63	128	128	1
461	463	1	General	0	64	64	1
461	463	1	General	64	64	64	1
461	463	1	General	127	64	64	1
457	464	0	General	0	256	256	1
457	464	0	General	8	256	256	1
457	464	0	General	15	256	256	1
457	464	1	General	0	16	16	1
457	464	1	General	128	16	16	1
457	464	1	General	255	16	16	1
464	465	0	Unique	0	1	1	1
464	465	0	Unique	128	1	1	1
464	465	0	Unique	255	1	1	1
464	465	1	General	0	4	4	1
464	465	1	General	32	4	4	1
464	465	1	General	63	4	4	1
462	466	0	Unique	0	1	1	1
462	466	0	Unique	128	1	1	1
462	466	0	Unique	255	1	1	1
462	466	1	Unique	0	1	1	1
462	466	1	Unique	128	1	1	1
462	466	1	Unique	255	1	1	1
463	467	0	Unique	0	1	1	1
463	467	0	Unique	64	1	1	1
463	467	0	Unique	127	1	1	1
463	467	1	Unique	0	1	1	1
463	467	1	Unique	64	1	1	1
463	467	1	Unique	127	1	1	1
467	468	0	Unique	0	1	1	1
467	468	0	Unique	64	1	1	1
467	468	0	Unique	127	1	1	1
467	468	1	Unique	0	1	1	1
467	468	1	Unique	64	1	1	1
467	468	1	Unique	127	1	1	1
465	469	0	General	0	128	128	1
465	469	0	General	32	128	128	1
465	469	0	General	63	128	128	1
465	469	1	General	0	64	64	1
465	469	1	General	64	64	64	1
465	469	1	General	127	64	64	1
466	470	0	Unique	0	1	1	1
466	470	0	Unique	128	1	1	1
466	470	0	Unique	255	1	1	1
466	470	1	Unique	0	1	1	1
466	470	1	Unique	128	1	1	1
466	470	1	Unique	255	1	1	1
468	470	0	General	0	256	256	1
468	470	0	General	64	256	256	1
468	470	0	General	127	256	256	1
468	470	1	General	0	128	128	1
468	470	1	General	128	128	128	1
468	470	1	General	255	128	128	1
469	470	0	General	0	256	256	1
469	470	0	General	64	256	256	1
469	470	0	General	127	256	256	1
469	470	1	General	0	128	128	1
469	470	1	General	128	128	128	1
469	470	1	General	255	128	128	1
456	471	0	Unique	0	1	1	1
456	471	0	Unique	64	1	1	1
456	471	0	Unique	127	1	1	1
456	471	1	Unique	0	1	1	1
456	471	1	Unique	256	0	0	1
456	471	1	Unique	511	0	0	1
470	471	0	General	0	512	512	1
470	471	0	General	128	512	512	1
470	471	0	General	255	512	512	1
470	471	1	General	0	256	256	1
470	471	1	General	256	256	256	1
470	471	1	General	511	256	256	1
456	472	0	Unique	0	1	1	1
456	472	0	Unique	64	1	1	1
456	472	0	Unique	127	1	1	1
456	472	1	Unique	0	1	1	1
456	472	1	Unique	64	1	1	1
456	472	1	Unique	127	1	1	1
471	472	0	Unique	0	1	1	1
471	472	0	Unique	256	1	1	1
471	472	0	Unique	511	1	1	1
471	472	1	General	0	4	4	1
471	472	1	General	64	4	4	1
471	472	1	General	127	4	4	1
472	473	0	General	0	16	16	1
472	473	0	General	64	16	16	1
472	473	0	General	127	16	16	1
472	473	1	General	0	128	128	1
472	473	1	General	8	128	128	1
472	473	1	General	15	128	128	1
473	474	0	General	0	1536	1536	1
473	474	0	General	8	1536	1536	1
473	474	0	General	15	1536	1536	1
473	474	1	General	0	16	16	1
473	474	1	General	768	16	16	1
473	474	1	General	1535	16	16	1
474	475	0	Unique	0	1	1	1
474	475	0	Unique	768	1	1	1
474	475	0	Unique	1535	1	1	1
474	475	1	General	0	4	4	1
474	475	1	General	192	4	4	1
474	475	1	General	383	4	4	1
473	476	0	General	0	1536	1536	1
473	476	0	General	8	1536	1536	1
473	476	0	General	15	1536	1536	1
473	476	1	General	0	16	16	1
473	476	1	General	768	16	16	1
473	476	1	General	1535	16	16	1
476	477	0	Unique	0	1	1	1
476	477	0	Unique	768	1	1	1
476	477	0	Unique	1535	1	1	1
476	477	1	General	0	4	4	1
476	477	1	General	192	4	4	1
476	477	1	General	383	4	4	1
475	478	0	General	0	16	16	1
475	478	0	General	192	16	16	1
475	478	0	General	383	16	16	1
475	478	1	General	0	384	384	1
475	478	1	General	8	384	384	1
475	478	1	General	15	384	384	1
477	478	0	General	0	16	16	1
477	478	0	General	192	16	16	1
477	478	0	General	383	16	16	1
477	478	1	General	0	384	384	1
477	478	1	General	8	384	384	1
477	478	1	General	15	384	384	1
472	479	0	Unique	0	1	1	1
472	479	0	Unique	64	1	1	1
472	479	0	Unique	127	1	1	1
472	479	1	Unique	0	1	1	1
472	479	1	Unique	256	0	0	1
472	479	1	Unique	511	0	0	1
478	479	0	General	0	512	512	1
478	479	0	General	8	512	512	1
478	479	0	General	15	512	512	1
478	479	1	General	0	16	16	1
478	479	1	General	256	16	16	1
478	479	1	General	511	16	16	1
472	480	0	Unique	0	1	1	1
472	480	0	Unique	64	1	1	1
472	480	0	Unique	127	1	1	1
472	480	1	Unique	0	1	1	1
472	480	1	Unique	64	1	1	1
472	480	1	Unique	127	1	1	1
479	480	0	Unique	0	1	1	1
479	480	0	Unique	256	1	1	1
479	480	0	Unique	511	1	1	1
479	480	1	General	0	4	4	1
479	480	1	General	64	4	4	1
479	480	1	General	127	4	4	1
480	481	0	General	0	16	16	1
480	481	0	General	64	16	16	1
480	481	0	General	127	16	16	1
480	481	1	General	0	128	128	1
480	481	1	General	8	128	128	1
480	481	1	General	15	128	128	1
481	482	0	General	0	512	512	1
481	482	0	General	8	512	512	1
481	482	0	General	15	512	512	1
481	482	1	General	0	16	16	1
481	482	1	General	256	16	16	1
481	482	1	General	511	16	16	1
482	483	0	Unique	0	1	1	1
482	483	0	Unique	256	1	1	1
482	483	0	Unique	511	1	1	1
482	483	1	General	0	4	4	1
482	483	1	General	64	4	4	1
482	483	1	General	127	4	4	1
481	484	0	General	0	256	256	1
481	484	0	General	8	256	256	1
481	484	0	General	15	256	256	1
481	484	1	General	0	16	16	1
481	484	1	General	128	16	16	1
481	484	1	General	255	16	16	1
484	485	0	Unique	0	1	1	1
484	485	0	Unique	128	1	1	1
484	485	0	Unique	255	1	1	1
484	485	1	General	0	4	4	1
484	485	1	General	32	4	4	1
484	485	1	General	63	4	4	1
483	486	0	General	0	256	256	1
483	486	0	General	64	256	256	1
483	486	0	General	127	256	256	1
483	486	1	General	0	128	128	1
483	486	1	General	128	128	128	1
483	486	1	General	255	128	128	1
485	487	0	General	0	128	128	1
485	487	0	General	32	128	128	1
485	487	0	General	63	128	128	1
485	487	1	General	0	64	64	1
485	487	1	General	64	64	64	1
485	487	1	General	127	64	64	1
481	488	0	General	0	256	256	1
481	488	0	General	8	256	256	1
481	488	0	General	15	256	256	1
481	488	1	General	0	16	16	1
481	488	1	General	128	16	16	1
481	488	1	General	255	16	16	1
488	489	0	Unique	0	1	1	1
488	489	0	Unique	128	1	1	1
488	489	0	Unique	255	1	1	1
488	489	1	General	0	4	4	1
488	489	1	General	32	4	4	1
488	489	1	General	63	4	4	1
486	490	0	Unique	0	1	1	1
486	490	0	Unique	128	1	1	1
486	490	0	Unique	255	1	1	1
486	490	1	Unique	0	1	1	1
486	490	1	Unique	128	1	1	1
486	490	1	Unique	255	1	1	1
487	491	0	Unique	0	1	1	1
487	491	0	Unique	64	1	1	1
487	491	0	Unique	127	1	1	1
487	491	1	Unique	0	1	1	1
487	491	1	Unique	64	1	1	1
487	491	1	Unique	127	1	1	1
491	492	0	Unique	0	1	1	1
491	492	0	Unique	64	1	1	1
491	492	0	Unique	127	1	1	1
491	492	1	Unique	0	1	1	1
491	492	1	Unique	64	1	1	1
491	492	1	Unique	127	1	1	1
489	493	0	General	0	128	128	1
489	493	0	General	32	128	128	1
489	493	0	General	63	128	128	1
489	493	1	General	0	64	64	1
489	493	1	General	64	64	64	1
489	493	1	General	127	64	64	1
490	494	0	Unique	0	1	1	1
490	494	0	Unique	128	1	1	1
490	494	0	Unique	255	1	1	1
490	494	1	Unique	0	1	1	1
490	494	1	Unique	128	1	1	1
490	494	1	Unique	255	1	1	1
492	494	0	General	0	256	256	1
492	494	0	General	64	256	256	1
492	494	0	General	127	256	256	1
492	494	1	General	0	128	128	1
492	494	1	General	128	128	128	1
492	494	1	General	255	128	128	1
493	494	0	General	0	256	256	1
493	494	0	General	64	256	256	1
493	494	0	General	127	256	256	1
493	494	1	General	0	128	128	1
493	494	1	General	128	128	128	1
493	494	1	General	255	128	128	1
480	495	0	Unique	0	1	1	1
480	495	0	Unique	64	1	1	1
480	495	0	Unique	127	1	1	1
480	495	1	Unique	0	1	1	1
480	495	1	Unique	256	0	0	1
480	495	1	Unique	511	0	0	1
494	495	0	General	0	512	512	1
494	495	0	General	128	512	512	1
494	495	0	General	255	512	512	1
494	495	1	General	0	256	256	1
494	495	1	General	256	256	256	1
494	495	1	General	511	256	256	1
480	496	0	Unique	0	1	1	1
480	496	0	Unique	64	1	1	1
480	496	0	Unique	127	1	1	1
480	496	1	Unique	0	1	1	1
480	496	1	Unique	64	1	1	1
480	496	1	Unique	127	1	1	1
495	496	0	Unique	0	1	1	1
495	496	0	Unique	256	1	1	1
495	496	0	Unique	511	1	1	1
495	496	1	General	0	4	4	1
495	496	1	General	64	4	4	1
495	496	1	General	127	4	4	1
496	497	0	General	0	16	16	1
496	497	0	General	64	16	16	1
496	497	0	General	127	16	16	1
496	497	1	General	0	128	128	1
496	497	1	General	8	128	128	1
496	497	1	General	15	128	128	1
497	498	0	General	0	1536	1536	1
497	498	0	General	8	1536	1536	1
497	498	0	General	15	1536	1536	1
497	498	1	General	0	16	16	1
497	498	1	General	768	16	16	1
497	498	1	General	1535	16	16	1
498	499	0	Unique	0	1	1	1
498	499	0	Unique	768	1	1	1
498	499	0	Unique	1535	1	1	1
498	499	1	General	0	4	4	1
498	499	1	General	192	4	4	1
498	499	1	General	383	4	4	1
497	500	0	General	0	1536	1536	1
497	500	0	General	8	1536	1536	1
497	500	0	General	15	1536	1536	1
497	500	1	General	0	16	16	1
497	500	1	General	768	16	16	1
497	500	1	General	1535	16	16	1
500	501	0	Unique	0	1	1	1
500	501	0	Unique	768	1	1	1
500	501	0	Unique	1535	1	1	1
500	501	1	General	0	4	4	1
500	501	1	General	192	4	4	1
500	501	1	General	383	4	4	1
499	502	0	General	0	16	16	1
499	502	0	General	192	16	16	1
499	502	0	General	383	16	16	1
499	502	1	General	0	384	384	1
499	502	1	General	8	384	384	1
499	502	1	General	15	384	384	1
501	502	0	General	0	16	16	1
501	502	0	General	192	16	16	1
501	502	0	General	383	16	16	1
501	502	1	General	0	384	384	1
501	502	1	General	8	384	384	1
501	502	1	General	15	384	384	1
496	503	0	Unique	0	1	1	1
496	503	0	Unique	64	1	1	1
496	503	0	Unique	127	1	1	1
496	503	1	Unique	0	1	1	1
496	503	1	Unique	256	0	0	1
496	503	1	Unique	511	0	0	1
502	503	0	General	0	512	512	1
502	503	0	General	8	512	512	1
502	503	0	General	15	512	512	1
502	503	1	General	0	16	16	1
502	503	1	General	256	16	16	1
502	503	1	General	511	16	16	1
496	504	0	Unique	0	1	1	1
496	504	0	Unique	64	1	1	1
496	504	0	Unique	127	1	1	1
496	504	1	Unique	0	1	1	1
496	504	1	Unique	64	1	1	1
496	504	1	Unique	127	1	1	1
503	504	0	Unique	0	1	1	1
503	504	0	Unique	256	1	1	1
503	504	0	Unique	511	1	1	1
503	504	1	General	0	4	4	1
503	504	1	General	64	4	4	1
503	504	1	General	127	4	4	1
504	505	0	General	0	16	16	1
504	505	0	General	64	16	16	1
504	505	0	General	127	16	16	1
504	505	1	General	0	128	128	1
504	505	1	General	8	128	128	1
504	505	1	General	15	128	128	1
505	506	0	General	0	512	512	1
505	506	0	General	8	512	512	1
505	506	0	General	15	512	512	1
505	506	1	General	0	16	16	1
505	506	1	General	256	16	16	1
505	506	1	General	511	16	16	1
506	507	0	Unique	0	1	1	1
506	507	0	Unique	256	1	1	1
506	507	0	Unique	511	1	1	1
506	507	1	General	0	4	4	1
506	507	1	General	64	4	4	1
506	507	1	General	127	4	4	1
505	508	0	General	0	256	256	1
505	508	0	General	8	256	256	1
505	508	0	General	15	256	256	1
505	508	1	General	0	16	16	1
505	508	1	General	128	16	16	1
505	508	1	General	255	16	16	1
508	509	0	Unique	0	1	1	1
508	509	0	Unique	128	1	1	1
508	509	0	Unique	255	1	1	1
508	509	1	General	0	4	4	1
508	509	1	General	32	4	4	1
508	509	1	General	63	4	4	1
507	510	0	General	0	256	256	1
507	510	0	General	64	256	256	1
507	510	0	General	127	256	256	1
507	510	1	General	0	128	128	1
507	510	1	General	128	128	128	1
507	510	1	General	255	128	128	1
509	511	0	General	0	128	128	1
509	511	0	General	32	128	128	1
509	511	0	General	63	128	128	1
509	511	1	General	0	64	64	1
509	511	1	General	64	64	64	1
509	511	1	General	127	64	64	1
505	512	0	General	0	256	256	1
505	512	0	General	8	256	256	1
505	512	0	General	15	256	256	1
505	512	1	General	0	16	16	1
505	512	1	General	128	16	16	1
505	512	1	General	255	16	16	1
512	513	0	Unique	0	1	1	1
512	513	0	Unique	128	1	1	1
512	513	0	Unique	255	1	1	1
512	513	1	General	0	4	4	1
512	513	1	General	32	4	4	1
512	513	1	General	63	4	4	1
510	514	0	Unique	0	1	1	1
510	514	0	Unique	128	1	1	1
510	514	0	Unique	255	1	1	1
510	514	1	Unique	0	1	1	1
510	514	1	Unique	128	1	1	1
510	514	1	Unique	255	1	1	1
511	515	0	Unique	0	1	1	1
511	515	0	Unique	64	1	1	1
511	515	0	Unique	127	1	1	1
511	515	1	Unique	0	1	1	1
511	515	1	Unique	64	1	1	1
511	515	1	Unique	127	1	1	1
515	516	0	Unique	0	1	1	1
515	516	0	Unique	64	1	1	1
515	516	0	Unique	127	1	1	1
515	516	1	Unique	0	1	1	1
515	516	1	Unique	64	1	1	1
515	516	1	Unique	127	1	1	1
513	517	0	General	0	128	128	1
513	517	0	General	32	128	128	1
513	517	0	General	63	128	128	1
513	517	1	General	0	64	64	1
513	517	1	General	64	64	64	1
513	517	1	General	127	64	64	1
514	518	0	Unique	0	1	1	1
514	518	0	Unique	128	1	1	1
514	518	0	Unique	255	1	1	1
514	518	1	Unique	0	1	1	1
514	518	1	Unique	128	1	1	1
514	518	1	Unique	255	1	1	1
516	518	0	General	0	256	256	1
516	518	0	General	64	256	256	1
516	518	0	General	127	256	256	1
516	518	1	General	0	128	128	1
516	518	1	General	128	128	128	1
516	518	1	General	255	128	128	1
517	518	0	General	0	256	256	1
517	518	0	General	64	256	256	1
517	518	0	General	127	256	256	1
517	518	1	General	0	128	128	1
517	518	1	General	128	128	128	1
517	518	1	General	255	128	128	1
504	519	0	Unique	0	1	1	1
504	519	0	Unique	64	1	1	1
504	519	0	Unique	127	1	1	1
504	519	1	Unique	0	1	1	1
504	519	1	Unique	256	0	0	1
504	519	1	Unique	511	0	0	1
518	519	0	General	0	512	512	1
518	519	0	General	128	512	512	1
518	519	0	General	255	512	512	1
518	519	1	General	0	256	256	1
518	519	1	General	256	256	256	1
518	519	1	General	511	256	256	1
504	520	0	Unique	0	1	1	1
504	520	0	Unique	64	1	1	1
504	520	0	Unique	127	1	1	1
504	520	1	Unique	0	1	1	1
504	520	1	Unique	64	1	1	1
504	520	1	Unique	127	1	1	1
519	520	0	Unique	0	1	1	1
519	520	0	Unique	256	1	1	1
519	520	0	Unique	511	1	1	1
519	520	1	General	0	4	4	1
519	520	1	General	64	4	4	1
519	520	1	General	127	4	4	1
520	521	0	General	0	16	16	1
520	521	0	General	64	16	16	1
520	521	0	General	127	16	16	1
520	521	1	General	0	128	128	1
520	521	1	General	8	128	128	1
520	521	1	General	15	128	128	1
521	522	0	General	0	1536	1536	1
521	522	0	General	8	1536	1536	1
521	522	0	General	15	1536	1536	1
521	522	1	General	0	16	16	1
521	522	1	General	768	16	16	1
521	522	1	General	1535	16	16	1
522	523	0	Unique	0	1	1	1
522	523	0	Unique	768	1	1	1
522	523	0	Unique	1535	1	1	1
522	523	1	General	0	4	4	1
522	523	1	General	192	4	4	1
522	523	1	General	383	4	4	1
521	524	0	General	0	1536	1536	1
521	524	0	General	8	1536	1536	1
521	524	0	General	15	1536	1536	1
521	524	1	General	0	16	16	1
521	524	1	General	768	16	16	1
521	524	1	General	1535	16	16	1
524	525	0	Unique	0	1	1	1
524	525	0	Unique	768	1	1	1
524	525	0	Unique	1535	1	1	1
524	525	1	General	0	4	4	1
524	525	1	General	192	4	4	1
524	525	1	General	383	4	4	1
523	526	0	General	0	16	16	1
523	526	0	General	192	16	16	1
523	526	0	General	383	16	16	1
523	526	1	General	0	384	384	1
523	526	1	General	8	384	384	1
523	526	1	General	15	384	384	1
525	526	0	General	0	16	16	1
525	526	0	General	192	16	16	1
525	526	0	General	383	16	16	1
525	526	1	General	0	384	384	1
525	526	1	General	8	384	384	1
525	526	1	General	15	384	384	1
520	527	0	Unique	0	1	1	1
520	527	0	Unique	64	1	1	1
520	527	0	Unique	127	1	1	1
520	527	1	Unique	0	1	1	1
520	527	1	Unique	256	0	0	1
520	527	1	Unique	511	0	0	1
526	527	0	General	0	512	512	1
526	527	0	General	8	512	512	1
526	527	0	General	15	512	512	1
526	527	1	General	0	16	16	1
526	527	1	General	256	16	16	1
526	527	1	General	511	16	16	1
520	528	0	Unique	0	1	1	1
520	528	0	Unique	64	1	1	1
520	528	0	Unique	127	1	1	1
520	528	1	Unique	0	1	1	1
520	528	1	Unique	64	1	1	1
520	528	1	Unique	127	1	1	1
527	528	0	Unique	0	1	1	1
527	528	0	Unique	256	1	1	1
527	528	0	Unique	511	1	1	1
527	528	1	General	0	4	4	1
527	528	1	General	64	4	4	1
527	528	1	General	127	4	4	1
528	529	0	General	0	16	16	1
528	529	0	General	64	16	16	1
528	529	0	General	127	16	16	1
528	529	1	General	0	128	128	1
528	529	1	General	8	128	128	1
528	529	1	General	15	128	128	1
529	530	0	General	0	512	512	1
529	530	0	General	8	512	512	1
529	530	0	General	15	512	512	1
529	530	1	General	0	16	16	1
529	530	1	General	256	16	16	1
529	530	1	General	511	16	16	1
530	531	0	Unique	0	1	1	1
530	531	0	Unique	256	1	1	1
530	531	0	Unique	511	1	1	1
530	531	1	General	0	4	4	1
530	531	1	General	64	4	4	1
530	531	1	General	127	4	4	1
529	532	0	General	0	256	256	1
529	532	0	General	8	256	256	1
529	532	0	General	15	256	256	1
529	532	1	General	0	16	16	1
529	532	1	General	128	16	16	1
529	532	1	General	255	16	16	1
532	533	0	Unique	0	1	1	1
532	533	0	Unique	128	1	1	1
532	533	0	Unique	255	1	1	1
532	533	1	General	0	4	4	1
532	533	1	General	32	4	4	1
532	533	1	General	63	4	4	1
531	534	0	General	0	256	256	1
531	534	0	General	64	256	256	1
531	534	0	General	127	256	256	1
531	534	1	General	0	128	128	1
531	534	1	General	128	128	128	1
531	534	1	General	255	128	128	1
533	535	0	General	0	128	128	1
533	535	0	General	32	128	128	1
533	535	0	General	63	128	128	1
533	535	1	General	0	64	64	1
533	535	1	General	64	64	64	1
533	535	1	General	127	64	64	1
529	536	0	General	0	256	256	1
529	536	0	General	8	256	256	1
529	536	0	General	15	256	256	1
529	536	1	General	0	16	16	1
529	536	1	General	128	16	16	1
529	536	1	General	255	16	16	1
536	537	0	Unique	0	1	1	1
536	537	0	Unique	128	1	1	1
536	537	0	Unique	255	1	1	1
536	537	1	General	0	4	4	1
536	537	1	General	32	4	4	1
536	537	1	General	63	4	4	1
534	538	0	Unique	0	1	1	1
534	538	0	Unique	128	1	1	1
534	538	0	Unique	255	1	1	1
534	538	1	Unique	0	1	1	1
534	538	1	Unique	128	1	1	1
534	538	1	Unique	255	1	1	1
535	539	0	Unique	0	1	1	1
535	539	0	Unique	64	1	1	1
535	539	0	Unique	127	1	1	1
535	539	1	Unique	0	1	1	1
535	539	1	Unique	64	1	1	1
535	539	1	Unique	127	1	1	1
539	540	0	Unique	0	1	1	1
539	540	0	Unique	64	1	1	1
539	540	0	Unique	127	1	1	1
539	540	1	Unique	0	1	1	1
539	540	1	Unique	64	1	1	1
539	540	1	Unique	127	1	1	1
537	541	0	General	0	128	128	1
537	541	0	General	32	128	128	1
537	541	0	General	63	128	128	1
537	541	1	General	0	64	64	1
537	541	1	General	64	64	64	1
537	541	1	General	127	64	64	1
538	542	0	Unique	0	1	1	1
538	542	0	Unique	128	1	1	1
538	542	0	Unique	255	1	1	1
538	542	1	Unique	0	1	1	1
538	542	1	Unique	128	1	1	1
538	542	1	Unique	255	1	1	1
540	542	0	General	0	256	256	1
540	542	0	General	64	256	256	1
540	542	0	General	127	256	256	1
540	542	1	General	0	128	128	1
540	542	1	General	128	128	128	1
540	542	1	General	255	128	128	1
541	542	0	General	0	256	256	1
541	542	0	General	64	256	256	1
541	542	0	General	127	256	256	1
541	542	1	General	0	128	128	1
541	542	1	General	128	128	128	1
541	542	1	General	255	128	128	1
528	543	0	Unique	0	1	1	1
528	543	0	Unique	64	1	1	1
528	543	0	Unique	127	1	1	1
528	543	1	Unique	0	1	1	1
528	543	1	Unique	256	0	0	1
528	543	1	Unique	511	0	0	1
542	543	0	General	0	512	512	1
542	543	0	General	128	512	512	1
542	543	0	General	255	512	512	1
542	543	1	General	0	256	256	1
542	543	1	General	256	256	256	1
542	543	1	General	511	256	256	1
528	544	0	Unique	0	1	1	1
528	544	0	Unique	64	1	1	1
528	544	0	Unique	127	1	1	1
528	544	1	Unique	0	1	1	1
528	544	1	Unique	64	1	1	1
528	544	1	Unique	127	1	1	1
543	544	0	Unique	0	1	1	1
543	544	0	Unique	256	1	1	1
543	544	0	Unique	511	1	1	1
543	544	1	General	0	4	4	1
543	544	1	General	64	4	4	1
543	544	1	General	127	4	4	1
544	545	0	General	0	16	16	1
544	545	0	General	64	16	16	1
544	545	0	General	127	16	16	1
544	545	1	General	0	128	128	1
544	545	1	General	8	128	128	1
544	545	1	General	15	128	128	1
545	546	0	General	0	1536	1536	1
545	546	0	General	8	1536	1536	1
545	546	0	General	15	1536	1536	1
545	546	1	General	0	16	16	1
545	546	1	General	768	16	16	1
545	546	1	General	1535	16	16	1
546	547	0	Unique	0	1	1	1
546	547	0	Unique	768	1	1	1
546	547	0	Unique	1535	1	1	1
546	547	1	General	0	4	4	1
546	547	1	General	192	4	4	1
546	547	1	General	383	4	4	1
545	548	0	General	0	1536	1536	1
545	548	0	General	8	1536	1536	1
545	548	0	General	15	1536	1536	1
545	548	1	General	0	16	16	1
545	548	1	General	768	16	16	1
545	548	1	General	1535	16	16	1
548	549	0	Unique	0	1	1	1
548	549	0	Unique	768	1	1	1
548	549	0	Unique	1535	1	1	1
548	549	1	General	0	4	4	1
548	549	1	General	192	4	4	1
548	549	1	General	383	4	4	1
547	550	0	General	0	16	16	1
547	550	0	General	192	16	16	1
547	550	0	General	383	16	16	1
547	550	1	General	0	384	384	1
547	550	1	General	8	384	384	1
547	550	1	General	15	384	384	1
549	550	0	General	0	16	16	1
549	550	0	General	192	16	16	1
549	550	0	General	383	16	16	1
549	550	1	General	0	384	384	1
549	550	1	General	8	384	384	1
549	550	1	General	15	384	384	1
544	551	0	Unique	0	1	1	1
544	551	0	Unique	64	1	1	1
544	551	0	Unique	127	1	1	1
544	551	1	Unique	0	1	1	1
544	551	1	Unique	256	0	0	1
544	551	1	Unique	511	0	0	1
550	551	0	General	0	512	512	1
550	551	0	General	8	512	512	1
550	551	0	General	15	512	512	1
550	551	1	General	0	16	16	1
550	551	1	General	256	16	16	1
550	551	1	General	511	16	16	1
544	552	0	Unique	0	1	1	1
544	552	0	Unique	64	1	1	1
544	552	0	Unique	127	1	1	1
544	552	1	Unique	0	1	1	1
544	552	1	Unique	64	1	1	1
544	552	1	Unique	127	1	1	1
551	552	0	Unique	0	1	1	1
551	552	0	Unique	256	1	1	1
551	552	0	Unique	511	1	1	1
551	552	1	General	0	4	4	1
551	552	1	General	64	4	4	1
551	552	1	General	127	4	4	1
552	553	0	General	0	16	16	1
552	553	0	General	64	16	16	1
552	553	0	General	127	16	16	1
552	553	1	General	0	128	128	1
552	553	1	General	8	128	128	1
552	553	1	General	15	128	128	1
553	554	0	General	0	512	512	1
553	554	0	General	8	512	512	1
553	554	0	General	15	512	512	1
553	554	1	General	0	16	16	1
553	554	1	General	256	16	16	1
553	554	1	General	511	16	16	1
554	555	0	Unique	0	1	1	1
554	555	0	Unique	256	1	1	1
554	555	0	Unique	511	1	1	1
554	555	1	General	0	4	4	1
554	555	1	General	64	4	4	1
554	555	1	General	127	4	4	1
553	556	0	General	0	256	256	1
553	556	0	General	8	256	256	1
553	556	0	General	15	256	256	1
553	556	1	General	0	16	16	1
553	556	1	General	128	16	16	1
553	556	1	General	255	16	16	1
556	557	0	Unique	0	1	1	1
556	557	0	Unique	128	1	1	1
556	557	0	Unique	255	1	1	1
556	557	1	General	0	4	4	1
556	557	1	General	32	4	4	1
556	557	1	General	63	4	4	1
555	558	0	General	0	256	256	1
555	558	0	General	64	256	256	1
555	558	0	General	127	256	256	1
555	558	1	General	0	128	128	1
555	558	1	General	128	128	128	1
555	558	1	General	255	128	128	1
557	559	0	General	0	128	128	1
557	559	0	General	32	128	128	1
557	559	0	General	63	128	128	1
557	559	1	General	0	64	64	1
557	559	1	General	64	64	64	1
557	559	1	General	127	64	64	1
553	560	0	General	0	256	256	1
553	560	0	General	8	256	256	1
553	560	0	General	15	256	256	1
553	560	1	General	0	16	16	1
553	560	1	General	128	16	16	1
553	560	1	General	255	16	16	1
560	561	0	Unique	0	1	1	1
560	561	0	Unique	128	1	1	1
560	561	0	Unique	255	1	1	1
560	561	1	General	0	4	4	1
560	561	1	General	32	4	4	1
560	561	1	General	63	4	4	1
558	562	0	Unique	0	1	1	1
558	562	0	Unique	128	1	1	1
558	562	0	Unique	255	1	1	1
558	562	1	Unique	0	1	1	1
558	562	1	Unique	128	1	1	1
558	562	1	Unique	255	1	1	1
559	563	0	Unique	0	1	1	1
559	563	0	Unique	64	1	1	1
559	563	0	Unique	127	1	1	1
559	563	1	Unique	0	1	1	1
559	563	1	Unique	64	1	1	1
559	563	1	Unique	127	1	1	1
563	564	0	Unique	0	1	1	1
563	564	0	Unique	64	1	1	1
563	564	0	Unique	127	1	1	1
563	564	1	Unique	0	1	1	1
563	564	1	Unique	64	1	1	1
563	564	1	Unique	127	1	1	1
561	565	0	General	0	128	128	1
561	565	0	General	32	128	128	1
561	565	0	General	63	128	128	1
561	565	1	General	0	64	64	1
561	565	1	General	64	64	64	1
561	565	1	General	127	64	64	1
562	566	0	Unique	0	1	1	1
562	566	0	Unique	128	1	1	1
562	566	0	Unique	255	1	1	1
562	566	1	Unique	0	1	1	1
562	566	1	Unique	128	1	1	1
562	566	1	Unique	255	1	1	1
564	566	0	General	0	256	256	1
564	566	0	General	64	256	256	1
564	566	0	General	127	256	256	1
564	566	1	General	0	128	128	1
564	566	1	General	128	128	128	1
564	566	1	General	255	128	128	1
565	566	0	General	0	256	256	1
565	566	0	General	64	256	256	1
565	566	0	General	127	256	256	1
565	566	1	General	0	128	128	1
565	566	1	General	128	128	128	1
565	566	1	General	255	128	128	1
552	567	0	Unique	0	1	1	1
552	567	0	Unique	64	1	1	1
552	567	0	Unique	127	1	1	1
552	567	1	Unique	0	1	1	1
552	567	1	Unique	256	0	0	1
552	567	1	Unique	511	0	0	1
566	567	0	General	0	512	512	1
566	567	0	General	128	512	512	1
566	567	0	General	255	512	512	1
566	567	1	General	0	256	256	1
566	567	1	General	256	256	256	1
566	567	1	General	511	256	256	1
552	568	0	Unique	0	1	1	1
552	568	0	Unique	64	1	1	1
552	568	0	Unique	127	1	1	1
552	568	1	Unique	0	1	1	1
552	568	1	Unique	64	1	1	1
552	568	1	Unique	127	1	1	1
567	568	0	Unique	0	1	1	1
567	568	0	Unique	256	1	1	1
567	568	0	Unique	511	1	1	1
567	568	1	General	0	4	4	1
567	568	1	General	64	4	4	1
567	568	1	General	127	4	4	1
568	569	0	General	0	16	16	1
568	569	0	General	64	16	16	1
568	569	0	General	127	16	16	1
568	569	1	General	0	128	128	1
568	569	1	General	8	128	128	1
568	569	1	General	15	128	128	1
569	570	0	General	0	1536	1536	1
569	570	0	General	8	1536	1536	1
569	570	0	General	15	1536	1536	1
569	570	1	General	0	16	16	1
569	570	1	General	768	16	16	1
569	570	1	General	1535	16	16	1
570	571	0	Unique	0	1	1	1
570	571	0	Unique	768	1	1	1
570	571	0	Unique	1535	1	1	1
570	571	1	General	0	4	4	1
570	571	1	General	192	4	4	1
570	571	1	General	383	4	4	1
569	572	0	General	0	1536	1536	1
569	572	0	General	8	1536	1536	1
569	572	0	General	15	1536	1536	1
569	572	1	General	0	16	16	1
569	572	1	General	768	16	16	1
569	572	1	General	1535	16	16	1
572	573	0	Unique	0	1	1	1
572	573	0	Unique	768	1	1	1
572	573	0	Unique	1535	1	1	1
572	573	1	General	0	4	4	1
572	573	1	General	192	4	4	1
572	573	1	General	383	4	4	1
571	574	0	General	0	16	16	1
571	574	0	General	192	16	16	1
571	574	0	General	383	16	16	1
571	574	1	General	0	384	384	1
571	574	1	General	8	384	384	1
571	574	1	General	15	384	384	1
573	574	0	General	0	16	16	1
573	574	0	General	192	16	16	1
573	574	0	General	383	16	16	1
573	574	1	General	0	384	384	1
573	574	1	General	8	384	384	1
573	574	1	General	15	384	384	1
568	575	0	Unique	0	1	1	1
568	575	0	Unique	64	1	1	1
568	575	0	Unique	127	1	1	1
568	575	1	Unique	0	1	1	1
568	575	1	Unique	256	0	0	1
568	575	1	Unique	511	0	0	1
574	575	0	General	0	512	512	1
574	575	0	General	8	512	512	1
574	575	0	General	15	512	512	1
574	575	1	General	0	16	16	1
574	575	1	General	256	16	16	1
574	575	1	General	511	16	16	1
568	576	0	Unique	0	1	1	1
568	576	0	Unique	64	1	1	1
568	576	0	Unique	127	1	1	1
568	576	1	Unique	0	1	1	1
568	576	1	Unique	64	1	1	1
568	576	1	Unique	127	1	1	1
575	576	0	Unique	0	1	1	1
575	576	0	Unique	256	1	1	1
575	576	0	Unique	511	1	1	1
575	576	1	General	0	4	4	1
575	576	1	General	64	4	4	1
575	576	1	General	127	4	4	1
576	577	0	General	0	16	16	1
576	577	0	General	64	16	16	1
576	577	0	General	127	16	16	1
576	577	1	General	0	128	128	1
576	577	1	General	8	128	128	1
576	577	1	General	15	128	128	1
577	578	0	General	0	512	512	1
577	578	0	General	8	512	512	1
577	578	0	General	15	512	512	1
577	578	1	General	0	16	16	1
577	578	1	General	256	16	16	1
577	578	1	General	511	16	16	1
578	579	0	Unique	0	1	1	1
578	579	0	Unique	256	1	1	1
578	579	0	Unique	511	1	1	1
578	579	1	General	0	4	4	1
578	579	1	General	64	4	4	1
578	579	1	General	127	4	4	1
577	580	0	General	0	256	256	1
577	580	0	General	8	256	256	1
577	580	0	General	15	256	256	1
577	580	1	General	0	16	16	1
577	580	1	General	128	16	16	1
577	580	1	General	255	16	16	1
580	581	0	Unique	0	1	1	1
580	581	0	Unique	128	1	1	1
580	581	0	Unique	255	1	1	1
580	581	1	General	0	4	4	1
580	581	1	General	32	4	4	1
580	581	1	General	63	4	4	1
579	582	0	General	0	256	256	1
579	582	0	General	64	256	256	1
579	582	0	General	127	256	256	1
579	582	1	General	0	128	128	1
579	582	1	General	128	128	128	1
579	582	1	General	255	128	128	1
581	583	0	General	0	128	128	1
581	583	0	General	32	128	128	1
581	583	0	General	63	128	128	1
581	583	1	General	0	64	64	1
581	583	1	General	64	64	64	1
581	583	1	General	127	64	64	1
577	584	0	General	0	256	256	1
577	584	0	General	8	256	256	1
577	584	0	General	15	256	256	1
577	584	1	General	0	16	16	1
577	584	1	General	128	16	16	1
577	584	1	General	255	16	16	1
584	585	0	Unique	0	1	1	1
584	585	0	Unique	128	1	1	1
584	585	0	Unique	255	1	1	1
584	585	1	General	0	4	4	1
584	585	1	General	32	4	4	1
584	585	1	General	63	4	4	1
582	586	0	Unique	0	1	1	1
582	586	0	Unique	128	1	1	1
582	586	0	Unique	255	1	1	1
582	586	1	Unique	0	1	1	1
582	586	1	Unique	128	1	1	1
582	586	1	Unique	255	1	1	1
583	587	0	Unique	0	1	1	1
583	587	0	Unique	64	1	1	1
583	587	0	Unique	127	1	1	1
583	587	1	Unique	0	1	1	1
583	587	1	Unique	64	1	1	1
583	587	1	Unique	127	1	1	1
587	588	0	Unique	0	1	1	1
587	588	0	Unique	64	1	1	1
587	588	0	Unique	127	1	1	1
587	588	1	Unique	0	1	1	1
587	588	1	Unique	64	1	1	1
587	588	1	Unique	127	1	1	1
585	589	0	General	0	128	128	1
585	589	0	General	32	128	128	1
585	589	0	General	63	128	128	1
585	589	1	General	0	64	64	1
585	589	1	General	64	64	64	1
585	589	1	General	127	64	64	1
586	590	0	Unique	0	1	1	1
586	590	0	Unique	128	1	1	1
586	590	0	Unique	255	1	1	1
586	590	1	Unique	0	1	1	1
586	590	1	Unique	128	1	1	1
586	590	1	Unique	255	1	1	1
588	590	0	General	0	256	256	1
588	590	0	General	64	256	256	1
588	590	0	General	127	256	256	1
588	590	1	General	0	128	128	1
588	590	1	General	128	128	128	1
588	590	1	General	255	128	128	1
589	590	0	General	0	256	256	1
589	590	0	General	64	256	256	1
589	590	0	General	127	256	256	1
589	590	1	General	0	128	128	1
589	590	1	General	128	128	128	1
589	590	1	General	255	128	128	1
576	591	0	Unique	0	1	1	1
576	591	0	Unique	64	1	1	1
576	591	0	Unique	127	1	1	1
576	591	1	Unique	0	1	1	1
576	591	1	Unique	256	0	0	1
576	591	1	Unique	511	0	0	1
590	591	0	General	0	512	512	1
590	591	0	General	128	512	512	1
590	591	0	General	255	512	512	1
590	591	1	General	0	256	256	1
590	591	1	General	256	256	256	1
590	591	1	General	511	256	256	1
576	592	0	Unique	0	1	1	1
576	592	0	Unique	64	1	1	1
576	592	0	Unique	127	1	1	1
576	592	1	Unique	0	1	1	1
576	592	1	Unique	64	1	1	1
576	592	1	Unique	127	1	1	1
591	592	0	Unique	0	1	1	1
591	592	0	Unique	256	1	1	1
591	592	0	Unique	511	1	1	1
591	592	1	General	0	4	4	1
591	592	1	General	64	4	4	1
591	592	1	General	127	4	4	1
592	593	0	General	0	16	16	1
592	593	0	General	64	16	16	1
592	593	0	General	127	16	16	1
592	593	1	General	0	128	128	1
592	593	1	General	8	128	128	1
592	593	1	General	15	128	128	1
593	594	0	General	0	1536	1536	1
593	594	0	General	8	1536	1536	1
593	594	0	General	15	1536	1536	1
593	594	1	General	0	16	16	1
593	594	1	General	768	16	16	1
593	594	1	General	1535	16	16	1
594	595	0	Unique	0	1	1	1
594	595	0	Unique	768	1	1	1
594	595	0	Unique	1535	1	1	1
594	595	1	General	0	4	4	1
594	595	1	General	192	4	4	1
594	595	1	General	383	4	4	1
593	596	0	General	0	1536	1536	1
593	596	0	General	8	1536	1536	1
593	596	0	General	15	1536	1536	1
593	596	1	General	0	16	16	1
593	596	1	General	768	16	16	1
593	596	1	General	1535	16	16	1
596	597	0	Unique	0	1	1	1
596	597	0	Unique	768	1	1	1
596	597	0	Unique	1535	1	1	1
596	597	1	General	0	4	4	1
596	597	1	General	192	4	4	1
596	597	1	General	383	4	4	1
595	598	0	General	0	16	16	1
595	598	0	General	192	16	16	1
595	598	0	General	383	16	16	1
595	598	1	General	0	384	384	1
595	598	1	General	8	384	384	1
595	598	1	General	15	384	384	1
597	598	0	General	0	16	16	1
597	598	0	General	192	16	16	1
597	598	0	General	383	16	16	1
597	598	1	General	0	384	384	1
597	598	1	General	8	384	384	1
597	598	1	General	15	384	384	1
592	599	0	Unique	0	1	1	1
592	599	0	Unique	64	1	1	1
592	599	0	Unique	127	1	1	1
592	599	1	Unique	0	1	1	1
592	599	1	Unique	256	0	0	1
592	599	1	Unique	511	0	0	1
598	599	0	General	0	512	512	1
598	599	0	General	8	512	512	1
598	599	0	General	15	512	512	1
598	599	1	General	0	16	16	1
598	599	1	General	256	16	16	1
598	599	1	General	511	16	16	1
592	600	0	Unique	0	1	1	1
592	600	0	Unique	64	1	1	1
592	600	0	Unique	127	1	1	1
592	600	1	Unique	0	1	1	1
592	600	1	Unique	64	1	1	1
592	600	1	Unique	127	1	1	1
599	600	0	Unique	0	1	1	1
599	600	0	Unique	256	1	1	1
599	600	0	Unique	511	1	1	1
599	600	1	General	0	4	4	1
599	600	1	General	64	4	4	1
599	600	1	General	127	4	4	1
600	601	0	General	0	16	16	1
600	601	0	General	64	16	16	1
600	601	0	General	127	16	16	1
600	601	1	General	0	128	128	1
600	601	1	General	8	128	128	1
600	601	1	General	15	128	128	1
601	602	0	General	0	512	512	1
601	602	0	General	8	512	512	1
601	602	0	General	15	512	512	1
601	602	1	General	0	16	16	1
601	602	1	General	256	16	16	1
601	602	1	General	511	16	16	1
602	603	0	Unique	0	1	1	1
602	603	0	Unique	256	1	1	1
602	603	0	Unique	511	1	1	1
602	603	1	General	0	4	4	1
602	603	1	General	64	4	4	1
602	603	1	General	127	4	4	1
601	604	0	General	0	256	256	1
601	604	0	General	8	256	256	1
601	604	0	General	15	256	256	1
601	604	1	General	0	16	16	1
601	604	1	General	128	16	16	1
601	604	1	General	255	16	16	1
604	605	0	Unique	0	1	1	1
604	605	0	Unique	128	1	1	1
604	605	0	Unique	255	1	1	1
604	605	1	General	0	4	4	1
604	605	1	General	32	4	4	1
604	605	1	General	63	4	4	1
603	606	0	General	0	256	256	1
603	606	0	General	64	256	256	1
603	606	0	General	127	256	256	1
603	606	1	General	0	128	128	1
603	606	1	General	128	128	128	1
603	606	1	General	255	128	128	1
605	607	0	General	0	128	128	1
605	607	0	General	32	128	128	1
605	607	0	General	63	128	128	1
605	607	1	General	0	64	64	1
605	607	1	General	64	64	64	1
605	607	1	General	127	64	64	1
601	608	0	General	0	256	256	1
601	608	0	General	8	256	256	1
601	608	0	General	15	256	256	1
601	608	1	General	0	16	16	1
601	608	1	General	128	16	16	1
601	608	1	General	255	16	16	1
608	609	0	Unique	0	1	1	1
608	609	0	Unique	128	1	1	1
608	609	0	Unique	255	1	1	1
608	609	1	General	0	4	4	1
608	609	1	General	32	4	4	1
608	609	1	General	63	4	4	1
606	610	0	Unique	0	1	1	1
606	610	0	Unique	128	1	1	1
606	610	0	Unique	255	1	1	1
606	610	1	Unique	0	1	1	1
606	610	1	Unique	128	1	1	1
606	610	1	Unique	255	1	1	1
607	611	0	Unique	0	1	1	1
607	611	0	Unique	64	1	1	1
607	611	0	Unique	127	1	1	1
607	611	1	Unique	0	1	1	1
607	611	1	Unique	64	1	1	1
607	611	1	Unique	127	1	1	1
611	612	0	Unique	0	1	1	1
611	612	0	Unique	64	1	1	1
611	612	0	Unique	127	1	1	1
611	612	1	Unique	0	1	1	1
611	612	1	Unique	64	1	1	1
611	612	1	Unique	127	1	1	1
609	613	0	General	0	128	128	1
609	613	0	General	32	128	128	1
609	613	0	General	63	128	128	1
609	613	1	General	0	64	64	1
609	613	1	General	64	64	64	1
609	613	1	General	127	64	64	1
610	614	0	Unique	0	1	1	1
610	614	0	Unique	128	1	1	1
610	614	0	Unique	255	1	1	1
610	614	1	Unique	0	1	1	1
610	614	1	Unique	128	1	1	1
610	614	1	Unique	255	1	1	1
612	614	0	General	0	256	256	1
612	614	0	General	64	256	256	1
612	614	0	General	127	256	256	1
612	614	1	General	0	128	128	1
612	614	1	General	128	128	128	1
612	614	1	General	255	128	128	1
613	614	0	General	0	256	256	1
613	614	0	General	64	256	256	1
613	614	0	General	127	256	256	1
613	614	1	General	0	128	128	1
613	614	1	General	128	128	128	1
613	614	1	General	255	128	128	1
600	615	0	Unique	0	1	1	1
600	615	0	Unique	64	1	1	1
600	615	0	Unique	127	1	1	1
600	615	1	Unique	0	1	1	1
600	615	1	Unique	256	0	0	1
600	615	1	Unique	511	0	0	1
614	615	0	General	0	512	512	1
614	615	0	General	128	512	512	1
614	615	0	General	255	512	512	1
614	615	1	General	0	256	256	1
614	615	1	General	256	256	256	1
614	615	1	General	511	256	256	1
600	616	0	Unique	0	1	1	1
600	616	0	Unique	64	1	1	1
600	616	0	Unique	127	1	1	1
600	616	1	Unique	0	1	1	1
600	616	1	Unique	64	1	1	1
600	616	1	Unique	127	1	1	1
615	616	0	Unique	0	1	1	1
615	616	0	Unique	256	1	1	1
615	616	0	Unique	511	1	1	1
615	616	1	General	0	4	4	1
615	616	1	General	64	4	4	1
615	616	1	General	127	4	4	1
616	617	0	General	0	16	16	1
616	617	0	General	64	16	16	1
616	617	0	General	127	16	16	1
616	617	1	General	0	128	128	1
616	617	1	General	8	128	128	1
616	617	1	General	15	128	128	1
617	618	0	General	0	1536	1536	1
617	618	0	General	8	1536	1536	1
617	618	0	General	15	1536	1536	1
617	618	1	General	0	16	16	1
617	618	1	General	768	16	16	1
617	618	1	General	1535	16	16	1
618	619	0	Unique	0	1	1	1
618	619	0	Unique	768	1	1	1
618	619	0	Unique	1535	1	1	1
618	619	1	General	0	4	4	1
618	619	1	General	192	4	4	1
618	619	1	General	383	4	4	1
617	620	0	General	0	1536	1536	1
617	620	0	General	8	1536	1536	1
617	620	0	General	15	1536	1536	1
617	620	1	General	0	16	16	1
617	620	1	General	768	16	16	1
617	620	1	General	1535	16	16	1
620	621	0	Unique	0	1	1	1
620	621	0	Unique	768	1	1	1
620	621	0	Unique	1535	1	1	1
620	621	1	General	0	4	4	1
620	621	1	General	192	4	4	1
620	621	1	General	383	4	4	1
619	622	0	General	0	16	16	1
619	622	0	General	192	16	16	1
619	622	0	General	383	16	16	1
619	622	1	General	0	384	384	1
619	622	1	General	8	384	384	1
619	622	1	General	15	384	384	1
621	622	0	General	0	16	16	1
621	622	0	General	192	16	16	1
621	622	0	General	383	16	16	1
621	622	1	General	0	384	384	1
621	622	1	General	8	384	384	1
621	622	1	General	15	384	384	1
616	623	0	Unique	0	1	1	1
616	623	0	Unique	64	1	1	1
616	623	0	Unique	127	1	1	1
616	623	1	Unique	0	1	1	1
616	623	1	Unique	256	0	0	1
616	623	1	Unique	511	0	0	1
622	623	0	General	0	512	512	1
622	623	0	General	8	512	512	1
622	623	0	General	15	512	512	1
622	623	1	General	0	16	16	1
622	623	1	General	256	16	16	1
622	623	1	General	511	16	16	1
616	624	0	Unique	0	1	1	1
616	624	0	Unique	64	1	1	1
616	624	0	Unique	127	1	1	1
616	624	1	Unique	0	1	1	1
616	624	1	Unique	64	1	1	1
616	624	1	Unique	127	1	1	1
623	624	0	Unique	0	1	1	1
623	624	0	Unique	256	1	1	1
623	624	0	Unique	511	1	1	1
623	624	1	General	0	4	4	1
623	624	1	General	64	4	4	1
623	624	1	General	127	4	4	1
624	625	0	General	0	16	16	1
624	625	0	General	64	16	16	1
624	625	0	General	127	16	16	1
624	625	1	General	0	128	128	1
624	625	1	General	8	128	128	1
624	625	1	General	15	128	128	1
625	626	0	General	0	512	512	1
625	626	0	General	8	512	512	1
625	626	0	General	15	512	512	1
625	626	1	General	0	16	16	1
625	626	1	General	256	16	16	1
625	626	1	General	511	16	16	1
626	627	0	Unique	0	1	1	1
626	627	0	Unique	256	1	1	1
626	627	0	Unique	511	1	1	1
626	627	1	General	0	4	4	1
626	627	1	General	64	4	4	1
626	627	1	General	127	4	4	1
625	628	0	General	0	256	256	1
625	628	0	General	8	256	256	1
625	628	0	General	15	256	256	1
625	628	1	General	0	16	16	1
625	628	1	General	128	16	16	1
625	628	1	General	255	16	16	1
628	629	0	Unique	0	1	1	1
628	629	0	Unique	128	1	1	1
628	629	0	Unique	255	1	1	1
628	629	1	General	0	4	4	1
628	629	1	General	32	4	4	1
628	629	1	General	63	4	4	1
627	630	0	General	0	256	256	1
627	630	0	General	64	256	256	1
627	630	0	General	127	256	256	1
627	630	1	General	0	128	128	1
627	630	1	General	128	128	128	1
627	630	1	General	255	128	128	1
629	631	0	General	0	128	128	1
629	631	0	General	32	128	128	1
629	631	0	General	63	128	128	1
629	631	1	General	0	64	64	1
629	631	1	General	64	64	64	1
629	631	1	General	127	64	64	1
625	632	0	General	0	256	256	1
625	632	0	General	8	256	256	1
625	632	0	General	15	256	256	1
625	632	1	General	0	16	16	1
625	632	1	General	128	16	16	1
625	632	1	General	255	16	16	1
632	633	0	Unique	0	1	1	1
632	633	0	Unique	128	1	1	1
632	633	0	Unique	255	1	1	1
632	633	1	General	0	4	4	1
632	633	1	General	32	4	4	1
632	633	1	General	63	4	4	1
630	634	0	Unique	0	1	1	1
630	634	0	Unique	128	1	1	1
630	634	0	Unique	255	1	1	1
630	634	1	Unique	0	1	1	1
630	634	1	Unique	128	1	1	1
630	634	1	Unique	255	1	1	1
631	635	0	Unique	0	1	1	1
631	635	0	Unique	64	1	1	1
631	635	0	Unique	127	1	1	1
631	635	1	Unique	0	1	1	1
631	635	1	Unique	64	1	1	1
631	635	1	Unique	127	1	1	1
635	636	0	Unique	0	1	1	1
635	636	0	Unique	64	1	1	1
635	636	0	Unique	127	1	1	1
635	636	1	Unique	0	1	1	1
635	636	1	Unique	64	1	1	1
635	636	1	Unique	127	1	1	1
633	637	0	General	0	128	128	1
633	637	0	General	32	128	128	1
633	637	0	General	63	128	128	1
633	637	1	General	0	64	64	1
633	637	1	General	64	64	64	1
633	637	1	General	127	64	64	1
634	638	0	Unique	0	1	1	1
634	638	0	Unique	128	1	1	1
634	638	0	Unique	255	1	1	1
634	638	1	Unique	0	1	1	1
634	638	1	Unique	128	1	1	1
634	638	1	Unique	255	1	1	1
636	638	0	General	0	256	256	1
636	638	0	General	64	256	256	1
636	638	0	General	127	256	256	1
636	638	1	General	0	128	128	1
636	638	1	General	128	128	128	1
636	638	1	General	255	128	128	1
637	638	0	General	0	256	256	1
637	638	0	General	64	256	256	1
637	638	0	General	127	256	256	1
637	638	1	General	0	128	128	1
637	638	1	General	128	128	128	1
637	638	1	General	255	128	128	1
624	639	0	Unique	0	1	1	1
624	639	0	Unique	64	1	1	1
624	639	0	Unique	127	1	1	1
624	639	1	Unique	0	1	1	1
624	639	1	Unique	256	0	0	1
624	639	1	Unique	511	0	0	1
638	639	0	General	0	512	512	1
638	639	0	General	128	512	512	1
638	639	0	General	255	512	512	1
638	639	1	General	0	256	256	1
638	639	1	General	256	256	256	1
638	639	1	General	511	256	256	1
624	640	0	Unique	0	1	1	1
624	640	0	Unique	64	1	1	1
624	640	0	Unique	127	1	1	1
624	640	1	Unique	0	1	1	1
624	640	1	Unique	64	1	1	1
624	640	1	Unique	127	1	1	1
639	640	0	Unique	0	1	1	1
639	640	0	Unique	256	1	1	1
639	640	0	Unique	511	1	1	1
639	640	1	General	0	4	4	1
639	640	1	General	64	4	4	1
639	640	1	General	127	4	4	1
640	641	0	General	0	16	16	1
640	641	0	General	64	16	16	1
640	641	0	General	127	16	16	1
640	641	1	General	0	128	128	1
640	641	1	General	8	128	128	1
640	641	1	General	15	128	128	1
641	642	0	General	0	1536	1536	1
641	642	0	General	8	1536	1536	1
641	642	0	General	15	1536	1536	1
641	642	1	General	0	16	16	1
641	642	1	General	768	16	16	1
641	642	1	General	1535	16	16	1
642	643	0	Unique	0	1	1	1
642	643	0	Unique	768	1	1	1
642	643	0	Unique	1535	1	1	1
642	643	1	General	0	4	4	1
642	643	1	General	192	4	4	1
642	643	1	General	383	4	4	1
641	644	0	General	0	1536	1536	1
641	644	0	General	8	1536	1536	1
641	644	0	General	15	1536	1536	1
641	644	1	General	0	16	16	1
641	644	1	General	768	16	16	1
641	644	1	General	1535	16	16	1
644	645	0	Unique	0	1	1	1
644	645	0	Unique	768	1	1	1
644	645	0	Unique	1535	1	1	1
644	645	1	General	0	4	4	1
644	645	1	General	192	4	4	1
644	645	1	General	383	4	4	1
643	646	0	General	0	16	16	1
643	646	0	General	192	16	16	1
643	646	0	General	383	16	16	1
643	646	1	General	0	384	384	1
643	646	1	General	8	384	384	1
643	646	1	General	15	384	384	1
645	646	0	General	0	16	16	1
645	646	0	General	192	16	16	1
645	646	0	General	383	16	16	1
645	646	1	General	0	384	384	1
645	646	1	General	8	384	384	1
645	646	1	General	15	384	384	1
640	647	0	Unique	0	1	1	1
640	647	0	Unique	64	1	1	1
640	647	0	Unique	127	1	1	1
640	647	1	Unique	0	1	1	1
640	647	1	Unique	256	0	0	1
640	647	1	Unique	511	0	0	1
646	647	0	General	0	512	512	1
646	647	0	General	8	512	512	1
646	647	0	General	15	512	512	1
646	647	1	General	0	16	16	1
646	647	1	General	256	16	16	1
646	647	1	General	511	16	16	1
640	648	0	Unique	0	1	1	1
640	648	0	Unique	64	1	1	1
640	648	0	Unique	127	1	1	1
640	648	1	Unique	0	1	1	1
640	648	1	Unique	64	1	1	1
640	648	1	Unique	127	1	1	1
647	648	0	Unique	0	1	1	1
647	648	0	Unique	256	1	1	1
647	648	0	Unique	511	1	1	1
647	648	1	General	0	4	4	1
647	648	1	General	64	4	4	1
647	648	1	General	127	4	4	1
648	649	0	General	0	16	16	1
648	649	0	General	64	16	16	1
648	649	0	General	127	16	16	1
648	649	1	General	0	128	128	1
648	649	1	General	8	128	128	1
648	649	1	General	15	128	128	1
649	650	0	General	0	512	512	1
649	650	0	General	8	512	512	1
649	650	0	General	15	512	512	1
649	650	1	General	0	16	16	1
649	650	1	General	256	16	16	1
649	650	1	General	511	16	16	1
650	651	0	Unique	0	1	1	1
650	651	0	Unique	256	1	1	1
650	651	0	Unique	511	1	1	1
650	651	1	General	0	4	4	1
650	651	1	General	64	4	4	1
650	651	1	General	127	4	4	1
649	652	0	General	0	256	256	1
649	652	0	General	8	256	256	1
649	652	0	General	15	256	256	1
649	652	1	General	0	16	16	1
649	652	1	General	128	16	16	1
649	652	1	General	255	16	16	1
652	653	0	Unique	0	1	1	1
652	653	0	Unique	128	1	1	1
652	653	0	Unique	255	1	1	1
652	653	1	General	0	4	4	1
652	653	1	General	32	4	4	1
652	653	1	General	63	4	4	1
651	654	0	General	0	256	256	1
651	654	0	General	64	256	256	1
651	654	0	General	127	256	256	1
651	654	1	General	0	128	128	1
651	654	1	General	128	128	128	1
651	654	1	General	255	128	128	1
653	655	0	General	0	128	128	1
653	655	0	General	32	128	128	1
653	655	0	General	63	128	128	1
653	655	1	General	0	64	64	1
653	655	1	General	64	64	64	1
653	655	1	General	127	64	64	1
649	656	0	General	0	256	256	1
649	656	0	General	8	256	256	1
649	656	0	General	15	256	256	1
649	656	1	General	0	16	16	1
649	656	1	General	128	16	16	1
649	656	1	General	255	16	16	1
656	657	0	Unique	0	1	1	1
656	657	0	Unique	128	1	1	1
656	657	0	Unique	255	1	1	1
656	657	1	General	0	4	4	1
656	657	1	General	32	4	4	1
656	657	1	General	63	4	4	1
654	658	0	Unique	0	1	1	1
654	658	0	Unique	128	1	1	1
654	658	0	Unique	255	1	1	1
654	658	1	Unique	0	1	1	1
654	658	1	Unique	128	1	1	1
654	658	1	Unique	255	1	1	1
655	659	0	Unique	0	1	1	1
655	659	0	Unique	64	1	1	1
655	659	0	Unique	127	1	1	1
655	659	1	Unique	0	1	1	1
655	659	1	Unique	64	1	1	1
655	659	1	Unique	127	1	1	1
659	660	0	Unique	0	1	1	1
659	660	0	Unique	64	1	1	1
659	660	0	Unique	127	1	1	1
659	660	1	Unique	0	1	1	1
659	660	1	Unique	64	1	1	1
659	660	1	Unique	127	1	1	1
657	661	0	General	0	128	128	1
657	661	0	General	32	128	128	1
657	661	0	General	63	128	128	1
657	661	1	General	0	64	64	1
657	661	1	General	64	64	64	1
657	661	1	General	127	64	64	1
658	662	0	Unique	0	1	1	1
658	662	0	Unique	128	1	1	1
658	662	0	Unique	255	1	1	1
658	662	1	Unique	0	1	1	1
658	662	1	Unique	128	1	1	1
658	662	1	Unique	255	1	1	1
660	662	0	General	0	256	256	1
660	662	0	General	64	256	256	1
660	662	0	General	127	256	256	1
660	662	1	General	0	128	128	1
660	662	1	General	128	128	128	1
660	662	1	General	255	128	128	1
661	662	0	General	0	256	256	1
661	662	0	General	64	256	256	1
661	662	0	General	127	256	256	1
661	662	1	General	0	128	128	1
661	662	1	General	128	128	128	1
661	662	1	General	255	128	128	1
648	663	0	Unique	0	1	1	1
648	663	0	Unique	64	1	1	1
648	663	0	Unique	127	1	1	1
648	663	1	Unique	0	1	1	1
648	663	1	Unique	256	0	0	1
648	663	1	Unique	511	0	0	1
662	663	0	General	0	512	512	1
662	663	0	General	128	512	512	1
662	663	0	General	255	512	512	1
662	663	1	General	0	256	256	1
662	663	1	General	256	256	256	1
662	663	1	General	511	256	256	1
648	664	0	Unique	0	1	1	1
648	664	0	Unique	64	1	1	1
648	664	0	Unique	127	1	1	1
648	664	1	Unique	0	1	1	1
648	664	1	Unique	64	1	1	1
648	664	1	Unique	127	1	1	1
663	664	0	Unique	0	1	1	1
663	664	0	Unique	256	1	1	1
663	664	0	Unique	511	1	1	1
663	664	1	General	0	4	4	1
663	664	1	General	64	4	4	1
663	664	1	General	127	4	4	1
664	665	0	General	0	16	16	1
664	665	0	General	64	16	16	1
664	665	0	General	127	16	16	1
664	665	1	General	0	128	128	1
664	665	1	General	8	128	128	1
664	665	1	General	15	128	128	1
665	666	0	General	0	1536	1536	1
665	666	0	General	8	1536	1536	1
665	666	0	General	15	1536	1536	1
665	666	1	General	0	16	16	1
665	666	1	General	768	16	16	1
665	666	1	General	1535	16	16	1
666	667	0	Unique	0	1	1	1
666	667	0	Unique	768	1	1	1
666	667	0	Unique	1535	1	1	1
666	667	1	General	0	4	4	1
666	667	1	General	192	4	4	1
666	667	1	General	383	4	4	1
665	668	0	General	0	1536	1536	1
665	668	0	General	8	1536	1536	1
665	668	0	General	15	1536	1536	1
665	668	1	General	0	16	16	1
665	668	1	General	768	16	16	1
665	668	1	General	1535	16	16	1
668	669	0	Unique	0	1	1	1
668	669	0	Unique	768	1	1	1
668	669	0	Unique	1535	1	1	1
668	669	1	General	0	4	4	1
668	669	1	General	192	4	4	1
668	669	1	General	383	4	4	1
667	670	0	General	0	16	16	1
667	670	0	General	192	16	16	1
667	670	0	General	383	16	16	1
667	670	1	General	0	384	384	1
667	670	1	General	8	384	384	1
667	670	1	General	15	384	384	1
669	670	0	General	0	16	16	1
669	670	0	General	192	16	16	1
669	670	0	General	383	16	16	1
669	670	1	General	0	384	384	1
669	670	1	General	8	384	384	1
669	670	1	General	15	384	384	1
664	671	0	Unique	0	1	1	1
664	671	0	Unique	64	1	1	1
664	671	0	Unique	127	1	1	1
664	671	1	Unique	0	1	1	1
664	671	1	Unique	256	0	0	1
664	671	1	Unique	511	0	0	1
670	671	0	General	0	512	512	1
670	671	0	General	8	512	512	1
670	671	0	General	15	512	512	1
670	671	1	General	0	16	16	1
670	671	1	General	256	16	16	1
670	671	1	General	511	16	16	1
664	672	0	Unique	0	1	1	1
664	672	0	Unique	64	1	1	1
664	672	0	Unique	127	1	1	1
664	672	1	Unique	0	1	1	1
664	672	1	Unique	64	1	1	1
664	672	1	Unique	127	1	1	1
671	672	0	Unique	0	1	1	1
671	672	0	Unique	256	1	1	1
671	672	0	Unique	511	1	1	1
671	672	1	General	0	4	4	1
671	672	1	General	64	4	4	1
671	672	1	General	127	4	4	1
672	673	0	General	0	16	16	1
672	673	0	General	64	16	16	1
672	673	0	General	127	16	16	1
672	673	1	General	0	128	128	1
672	673	1	General	8	128	128	1
672	673	1	General	15	128	128	1
673	674	0	General	0	37984	37984	1
673	674	0	General	8	37984	37984	1
673	674	0	General	15	37984	37984	1
673	674	1	General	0	16	16	1
673	674	1	General	18992	16	16	1
673	674	1	General	37983	16	16	1
674	675	0	Unique	0	1	1	1
674	675	0	Unique	18992	1	1	1
674	675	0	Unique	37983	1	1	1
674	675	1	General	0	4	4	1
674	675	1	General	4748	4	4	1
674	675	1	General	9495	4	4	1
STRUCTURE 1:1 edges=223
STRUCTURE M:N edges=451
STRUCTURE N:1 edges=197
ORACLE_KIND General directions=1099
ORACLE_KIND Unique directions=643
ORACLE_SET_EQUAL comparisons=5226 PASS
CONTROL_EFT plan=/root/TileMega/docs/experiments/SOLVER_V2/legacy_r8_domain/qwen3_s16/eft_queue.tsv nodes=263896
