producer	consumer
0	4
0	5
0	6
0	7
0	8
0	9
0	10
0	11
0	12
0	13
0	14
0	15
0	16
0	17
0	18
0	19
0	20
0	21
0	22
0	23
0	24
0	25
0	26
0	27
0	28
0	29
0	30
0	31
0	32
0	33
0	34
0	35
0	36
0	37
0	38
0	39
0	40
0	41
0	42
0	43
0	44
0	45
0	46
0	47
0	48
0	49
0	50
0	51
0	52
0	53
0	54
0	55
0	56
0	57
0	58
0	59
0	60
0	61
0	62
0	63
0	64
0	65
0	66
0	67
0	68
0	69
0	70
0	71
0	72
0	73
0	74
0	75
0	76
0	77
0	78
0	79
0	80
0	81
0	82
0	83
0	84
0	85
0	86
0	87
0	88
0	89
0	90
0	91
0	92
0	93
0	94
0	95
0	96
0	97
0	98
0	99
1	4
1	5
1	6
1	7
1	8
1	9
1	10
1	11
1	12
1	13
1	14
1	15
1	16
1	17
1	18
1	19
1	20
1	21
1	22
1	23
1	24
1	25
1	26
1	27
1	28
1	29
1	30
1	31
1	32
1	33
1	34
1	35
1	36
1	37
1	38
1	39
1	40
1	41
1	42
1	43
1	44
1	45
1	46
1	47
1	48
1	49
1	50
1	51
1	52
1	53
1	54
1	55
1	56
1	57
1	58
1	59
1	60
1	61
1	62
1	63
1	64
1	65
1	66
1	67
1	68
1	69
1	70
1	71
1	72
1	73
1	74
1	75
1	76
1	77
1	78
1	79
1	80
1	81
1	82
1	83
1	84
1	85
1	86
1	87
1	88
1	89
1	90
1	91
1	92
1	93
1	94
1	95
1	96
1	97
1	98
1	99
2	4
2	5
2	6
2	7
2	8
2	9
2	10
2	11
2	12
2	13
2	14
2	15
2	16
2	17
2	18
2	19
2	20
2	21
2	22
2	23
2	24
2	25
2	26
2	27
2	28
2	29
2	30
2	31
2	32
2	33
2	34
2	35
2	36
2	37
2	38
2	39
2	40
2	41
2	42
2	43
2	44
2	45
2	46
2	47
2	48
2	49
2	50
2	51
2	52
2	53
2	54
2	55
2	56
2	57
2	58
2	59
2	60
2	61
2	62
2	63
2	64
2	65
2	66
2	67
2	68
2	69
2	70
2	71
2	72
2	73
2	74
2	75
2	76
2	77
2	78
2	79
2	80
2	81
2	82
2	83
2	84
2	85
2	86
2	87
2	88
2	89
2	90
2	91
2	92
2	93
2	94
2	95
2	96
2	97
2	98
2	99
3	4
3	5
3	6
3	7
3	8
3	9
3	10
3	11
3	12
3	13
3	14
3	15
3	16
3	17
3	18
3	19
3	20
3	21
3	22
3	23
3	24
3	25
3	26
3	27
3	28
3	29
3	30
3	31
3	32
3	33
3	34
3	35
3	36
3	37
3	38
3	39
3	40
3	41
3	42
3	43
3	44
3	45
3	46
3	47
3	48
3	49
3	50
3	51
3	52
3	53
3	54
3	55
3	56
3	57
3	58
3	59
3	60
3	61
3	62
3	63
3	64
3	65
3	66
3	67
3	68
3	69
3	70
3	71
3	72
3	73
3	74
3	75
3	76
3	77
3	78
3	79
3	80
3	81
3	82
3	83
3	84
3	85
3	86
3	87
3	88
3	89
3	90
3	91
3	92
3	93
3	94
3	95
3	96
3	97
3	98
3	99
4	100
4	101
4	102
4	103
4	104
4	105
4	106
4	107
4	108
4	109
4	110
4	111
4	112
4	113
4	114
4	115
5	100
5	101
5	102
5	103
5	104
5	105
5	106
5	107
5	108
5	109
5	110
5	111
5	112
5	113
5	114
5	115
6	100
6	101
6	102
6	103
6	104
6	105
6	106
6	107
6	108
6	109
6	110
6	111
6	112
6	113
6	114
6	115
7	100
7	101
7	102
7	103
7	104
7	105
7	106
7	107
7	108
7	109
7	110
7	111
7	112
7	113
7	114
7	115
8	100
8	101
8	102
8	103
8	104
8	105
8	106
8	107
8	108
8	109
8	110
8	111
8	112
8	113
8	114
8	115
9	100
9	101
9	102
9	103
9	104
9	105
9	106
9	107
9	108
9	109
9	110
9	111
9	112
9	113
9	114
9	115
10	100
10	101
10	102
10	103
10	104
10	105
10	106
10	107
10	108
10	109
10	110
10	111
10	112
10	113
10	114
10	115
11	100
11	101
11	102
11	103
11	104
11	105
11	106
11	107
11	108
11	109
11	110
11	111
11	112
11	113
11	114
11	115
12	100
12	101
12	102
12	103
12	104
12	105
12	106
12	107
12	108
12	109
12	110
12	111
12	112
12	113
12	114
12	115
13	100
13	101
13	102
13	103
13	104
13	105
13	106
13	107
13	108
13	109
13	110
13	111
13	112
13	113
13	114
13	115
14	100
14	101
14	102
14	103
14	104
14	105
14	106
14	107
14	108
14	109
14	110
14	111
14	112
14	113
14	114
14	115
15	100
15	101
15	102
15	103
15	104
15	105
15	106
15	107
15	108
15	109
15	110
15	111
15	112
15	113
15	114
15	115
16	100
16	101
16	102
16	103
16	104
16	105
16	106
16	107
16	108
16	109
16	110
16	111
16	112
16	113
16	114
16	115
17	100
17	101
17	102
17	103
17	104
17	105
17	106
17	107
17	108
17	109
17	110
17	111
17	112
17	113
17	114
17	115
18	100
18	101
18	102
18	103
18	104
18	105
18	106
18	107
18	108
18	109
18	110
18	111
18	112
18	113
18	114
18	115
19	100
19	101
19	102
19	103
19	104
19	105
19	106
19	107
19	108
19	109
19	110
19	111
19	112
19	113
19	114
19	115
20	100
20	101
20	102
20	103
20	104
20	105
20	106
20	107
20	108
20	109
20	110
20	111
20	112
20	113
20	114
20	115
21	100
21	101
21	102
21	103
21	104
21	105
21	106
21	107
21	108
21	109
21	110
21	111
21	112
21	113
21	114
21	115
22	100
22	101
22	102
22	103
22	104
22	105
22	106
22	107
22	108
22	109
22	110
22	111
22	112
22	113
22	114
22	115
23	100
23	101
23	102
23	103
23	104
23	105
23	106
23	107
23	108
23	109
23	110
23	111
23	112
23	113
23	114
23	115
24	100
24	101
24	102
24	103
24	104
24	105
24	106
24	107
24	108
24	109
24	110
24	111
24	112
24	113
24	114
24	115
25	100
25	101
25	102
25	103
25	104
25	105
25	106
25	107
25	108
25	109
25	110
25	111
25	112
25	113
25	114
25	115
26	100
26	101
26	102
26	103
26	104
26	105
26	106
26	107
26	108
26	109
26	110
26	111
26	112
26	113
26	114
26	115
27	100
27	101
27	102
27	103
27	104
27	105
27	106
27	107
27	108
27	109
27	110
27	111
27	112
27	113
27	114
27	115
28	100
28	101
28	102
28	103
28	104
28	105
28	106
28	107
28	108
28	109
28	110
28	111
28	112
28	113
28	114
28	115
29	100
29	101
29	102
29	103
29	104
29	105
29	106
29	107
29	108
29	109
29	110
29	111
29	112
29	113
29	114
29	115
30	100
30	101
30	102
30	103
30	104
30	105
30	106
30	107
30	108
30	109
30	110
30	111
30	112
30	113
30	114
30	115
31	100
31	101
31	102
31	103
31	104
31	105
31	106
31	107
31	108
31	109
31	110
31	111
31	112
31	113
31	114
31	115
32	100
32	101
32	102
32	103
32	104
32	105
32	106
32	107
32	108
32	109
32	110
32	111
32	112
32	113
32	114
32	115
33	100
33	101
33	102
33	103
33	104
33	105
33	106
33	107
33	108
33	109
33	110
33	111
33	112
33	113
33	114
33	115
34	100
34	101
34	102
34	103
34	104
34	105
34	106
34	107
34	108
34	109
34	110
34	111
34	112
34	113
34	114
34	115
35	100
35	101
35	102
35	103
35	104
35	105
35	106
35	107
35	108
35	109
35	110
35	111
35	112
35	113
35	114
35	115
36	116
36	117
36	118
36	119
36	120
36	121
36	122
36	123
36	124
36	125
36	126
36	127
36	128
36	129
36	130
36	131
37	116
37	117
37	118
37	119
37	120
37	121
37	122
37	123
37	124
37	125
37	126
37	127
37	128
37	129
37	130
37	131
38	116
38	117
38	118
38	119
38	120
38	121
38	122
38	123
38	124
38	125
38	126
38	127
38	128
38	129
38	130
38	131
39	116
39	117
39	118
39	119
39	120
39	121
39	122
39	123
39	124
39	125
39	126
39	127
39	128
39	129
39	130
39	131
40	116
40	117
40	118
40	119
40	120
40	121
40	122
40	123
40	124
40	125
40	126
40	127
40	128
40	129
40	130
40	131
41	116
41	117
41	118
41	119
41	120
41	121
41	122
41	123
41	124
41	125
41	126
41	127
41	128
41	129
41	130
41	131
42	116
42	117
42	118
42	119
42	120
42	121
42	122
42	123
42	124
42	125
42	126
42	127
42	128
42	129
42	130
42	131
43	116
43	117
43	118
43	119
43	120
43	121
43	122
43	123
43	124
43	125
43	126
43	127
43	128
43	129
43	130
43	131
44	116
44	117
44	118
44	119
44	120
44	121
44	122
44	123
44	124
44	125
44	126
44	127
44	128
44	129
44	130
44	131
45	116
45	117
45	118
45	119
45	120
45	121
45	122
45	123
45	124
45	125
45	126
45	127
45	128
45	129
45	130
45	131
46	116
46	117
46	118
46	119
46	120
46	121
46	122
46	123
46	124
46	125
46	126
46	127
46	128
46	129
46	130
46	131
47	116
47	117
47	118
47	119
47	120
47	121
47	122
47	123
47	124
47	125
47	126
47	127
47	128
47	129
47	130
47	131
48	116
48	117
48	118
48	119
48	120
48	121
48	122
48	123
48	124
48	125
48	126
48	127
48	128
48	129
48	130
48	131
49	116
49	117
49	118
49	119
49	120
49	121
49	122
49	123
49	124
49	125
49	126
49	127
49	128
49	129
49	130
49	131
50	116
50	117
50	118
50	119
50	120
50	121
50	122
50	123
50	124
50	125
50	126
50	127
50	128
50	129
50	130
50	131
51	116
51	117
51	118
51	119
51	120
51	121
51	122
51	123
51	124
51	125
51	126
51	127
51	128
51	129
51	130
51	131
52	116
52	117
52	118
52	119
52	120
52	121
52	122
52	123
52	124
52	125
52	126
52	127
52	128
52	129
52	130
52	131
53	116
53	117
53	118
53	119
53	120
53	121
53	122
53	123
53	124
53	125
53	126
53	127
53	128
53	129
53	130
53	131
54	116
54	117
54	118
54	119
54	120
54	121
54	122
54	123
54	124
54	125
54	126
54	127
54	128
54	129
54	130
54	131
55	116
55	117
55	118
55	119
55	120
55	121
55	122
55	123
55	124
55	125
55	126
55	127
55	128
55	129
55	130
55	131
56	116
56	117
56	118
56	119
56	120
56	121
56	122
56	123
56	124
56	125
56	126
56	127
56	128
56	129
56	130
56	131
57	116
57	117
57	118
57	119
57	120
57	121
57	122
57	123
57	124
57	125
57	126
57	127
57	128
57	129
57	130
57	131
58	116
58	117
58	118
58	119
58	120
58	121
58	122
58	123
58	124
58	125
58	126
58	127
58	128
58	129
58	130
58	131
59	116
59	117
59	118
59	119
59	120
59	121
59	122
59	123
59	124
59	125
59	126
59	127
59	128
59	129
59	130
59	131
60	116
60	117
60	118
60	119
60	120
60	121
60	122
60	123
60	124
60	125
60	126
60	127
60	128
60	129
60	130
60	131
61	116
61	117
61	118
61	119
61	120
61	121
61	122
61	123
61	124
61	125
61	126
61	127
61	128
61	129
61	130
61	131
62	116
62	117
62	118
62	119
62	120
62	121
62	122
62	123
62	124
62	125
62	126
62	127
62	128
62	129
62	130
62	131
63	116
63	117
63	118
63	119
63	120
63	121
63	122
63	123
63	124
63	125
63	126
63	127
63	128
63	129
63	130
63	131
64	116
64	117
64	118
64	119
64	120
64	121
64	122
64	123
64	124
64	125
64	126
64	127
64	128
64	129
64	130
64	131
65	116
65	117
65	118
65	119
65	120
65	121
65	122
65	123
65	124
65	125
65	126
65	127
65	128
65	129
65	130
65	131
66	116
66	117
66	118
66	119
66	120
66	121
66	122
66	123
66	124
66	125
66	126
66	127
66	128
66	129
66	130
66	131
67	116
67	117
67	118
67	119
67	120
67	121
67	122
67	123
67	124
67	125
67	126
67	127
67	128
67	129
67	130
67	131
68	148
68	149
68	150
68	151
68	152
68	153
68	154
68	155
68	156
68	157
68	158
68	159
68	160
68	161
68	162
68	163
69	148
69	149
69	150
69	151
69	152
69	153
69	154
69	155
69	156
69	157
69	158
69	159
69	160
69	161
69	162
69	163
70	148
70	149
70	150
70	151
70	152
70	153
70	154
70	155
70	156
70	157
70	158
70	159
70	160
70	161
70	162
70	163
71	148
71	149
71	150
71	151
71	152
71	153
71	154
71	155
71	156
71	157
71	158
71	159
71	160
71	161
71	162
71	163
72	148
72	149
72	150
72	151
72	152
72	153
72	154
72	155
72	156
72	157
72	158
72	159
72	160
72	161
72	162
72	163
73	148
73	149
73	150
73	151
73	152
73	153
73	154
73	155
73	156
73	157
73	158
73	159
73	160
73	161
73	162
73	163
74	148
74	149
74	150
74	151
74	152
74	153
74	154
74	155
74	156
74	157
74	158
74	159
74	160
74	161
74	162
74	163
75	148
75	149
75	150
75	151
75	152
75	153
75	154
75	155
75	156
75	157
75	158
75	159
75	160
75	161
75	162
75	163
76	148
76	149
76	150
76	151
76	152
76	153
76	154
76	155
76	156
76	157
76	158
76	159
76	160
76	161
76	162
76	163
77	148
77	149
77	150
77	151
77	152
77	153
77	154
77	155
77	156
77	157
77	158
77	159
77	160
77	161
77	162
77	163
78	148
78	149
78	150
78	151
78	152
78	153
78	154
78	155
78	156
78	157
78	158
78	159
78	160
78	161
78	162
78	163
79	148
79	149
79	150
79	151
79	152
79	153
79	154
79	155
79	156
79	157
79	158
79	159
79	160
79	161
79	162
79	163
80	148
80	149
80	150
80	151
80	152
80	153
80	154
80	155
80	156
80	157
80	158
80	159
80	160
80	161
80	162
80	163
81	148
81	149
81	150
81	151
81	152
81	153
81	154
81	155
81	156
81	157
81	158
81	159
81	160
81	161
81	162
81	163
82	148
82	149
82	150
82	151
82	152
82	153
82	154
82	155
82	156
82	157
82	158
82	159
82	160
82	161
82	162
82	163
83	148
83	149
83	150
83	151
83	152
83	153
83	154
83	155
83	156
83	157
83	158
83	159
83	160
83	161
83	162
83	163
84	148
84	149
84	150
84	151
84	152
84	153
84	154
84	155
84	156
84	157
84	158
84	159
84	160
84	161
84	162
84	163
85	148
85	149
85	150
85	151
85	152
85	153
85	154
85	155
85	156
85	157
85	158
85	159
85	160
85	161
85	162
85	163
86	148
86	149
86	150
86	151
86	152
86	153
86	154
86	155
86	156
86	157
86	158
86	159
86	160
86	161
86	162
86	163
87	148
87	149
87	150
87	151
87	152
87	153
87	154
87	155
87	156
87	157
87	158
87	159
87	160
87	161
87	162
87	163
88	148
88	149
88	150
88	151
88	152
88	153
88	154
88	155
88	156
88	157
88	158
88	159
88	160
88	161
88	162
88	163
89	148
89	149
89	150
89	151
89	152
89	153
89	154
89	155
89	156
89	157
89	158
89	159
89	160
89	161
89	162
89	163
90	148
90	149
90	150
90	151
90	152
90	153
90	154
90	155
90	156
90	157
90	158
90	159
90	160
90	161
90	162
90	163
91	148
91	149
91	150
91	151
91	152
91	153
91	154
91	155
91	156
91	157
91	158
91	159
91	160
91	161
91	162
91	163
92	148
92	149
92	150
92	151
92	152
92	153
92	154
92	155
92	156
92	157
92	158
92	159
92	160
92	161
92	162
92	163
93	148
93	149
93	150
93	151
93	152
93	153
93	154
93	155
93	156
93	157
93	158
93	159
93	160
93	161
93	162
93	163
94	148
94	149
94	150
94	151
94	152
94	153
94	154
94	155
94	156
94	157
94	158
94	159
94	160
94	161
94	162
94	163
95	148
95	149
95	150
95	151
95	152
95	153
95	154
95	155
95	156
95	157
95	158
95	159
95	160
95	161
95	162
95	163
96	148
96	149
96	150
96	151
96	152
96	153
96	154
96	155
96	156
96	157
96	158
96	159
96	160
96	161
96	162
96	163
97	148
97	149
97	150
97	151
97	152
97	153
97	154
97	155
97	156
97	157
97	158
97	159
97	160
97	161
97	162
97	163
98	148
98	149
98	150
98	151
98	152
98	153
98	154
98	155
98	156
98	157
98	158
98	159
98	160
98	161
98	162
98	163
99	148
99	149
99	150
99	151
99	152
99	153
99	154
99	155
99	156
99	157
99	158
99	159
99	160
99	161
99	162
99	163
100	164
101	165
102	166
103	167
104	168
105	169
106	170
107	171
108	172
109	173
110	174
111	175
112	176
113	177
114	178
115	179
116	132
117	133
118	134
119	135
120	136
121	137
122	138
123	139
124	140
125	141
126	142
127	143
128	144
129	145
130	146
131	147
132	164
132	165
132	166
132	167
132	168
132	169
132	170
132	171
132	172
132	173
132	174
132	175
132	176
132	177
132	178
132	179
133	164
133	165
133	166
133	167
133	168
133	169
133	170
133	171
133	172
133	173
133	174
133	175
133	176
133	177
133	178
133	179
134	164
134	165
134	166
134	167
134	168
134	169
134	170
134	171
134	172
134	173
134	174
134	175
134	176
134	177
134	178
134	179
135	164
135	165
135	166
135	167
135	168
135	169
135	170
135	171
135	172
135	173
135	174
135	175
135	176
135	177
135	178
135	179
136	164
136	165
136	166
136	167
136	168
136	169
136	170
136	171
136	172
136	173
136	174
136	175
136	176
136	177
136	178
136	179
137	164
137	165
137	166
137	167
137	168
137	169
137	170
137	171
137	172
137	173
137	174
137	175
137	176
137	177
137	178
137	179
138	164
138	165
138	166
138	167
138	168
138	169
138	170
138	171
138	172
138	173
138	174
138	175
138	176
138	177
138	178
138	179
139	164
139	165
139	166
139	167
139	168
139	169
139	170
139	171
139	172
139	173
139	174
139	175
139	176
139	177
139	178
139	179
140	164
140	165
140	166
140	167
140	168
140	169
140	170
140	171
140	172
140	173
140	174
140	175
140	176
140	177
140	178
140	179
141	164
141	165
141	166
141	167
141	168
141	169
141	170
141	171
141	172
141	173
141	174
141	175
141	176
141	177
141	178
141	179
142	164
142	165
142	166
142	167
142	168
142	169
142	170
142	171
142	172
142	173
142	174
142	175
142	176
142	177
142	178
142	179
143	164
143	165
143	166
143	167
143	168
143	169
143	170
143	171
143	172
143	173
143	174
143	175
143	176
143	177
143	178
143	179
144	164
144	165
144	166
144	167
144	168
144	169
144	170
144	171
144	172
144	173
144	174
144	175
144	176
144	177
144	178
144	179
145	164
145	165
145	166
145	167
145	168
145	169
145	170
145	171
145	172
145	173
145	174
145	175
145	176
145	177
145	178
145	179
146	164
146	165
146	166
146	167
146	168
146	169
146	170
146	171
146	172
146	173
146	174
146	175
146	176
146	177
146	178
146	179
147	164
147	165
147	166
147	167
147	168
147	169
147	170
147	171
147	172
147	173
147	174
147	175
147	176
147	177
147	178
147	179
148	164
148	165
148	166
148	167
148	168
148	169
148	170
148	171
148	172
148	173
148	174
148	175
148	176
148	177
148	178
148	179
149	164
149	165
149	166
149	167
149	168
149	169
149	170
149	171
149	172
149	173
149	174
149	175
149	176
149	177
149	178
149	179
150	164
150	165
150	166
150	167
150	168
150	169
150	170
150	171
150	172
150	173
150	174
150	175
150	176
150	177
150	178
150	179
151	164
151	165
151	166
151	167
151	168
151	169
151	170
151	171
151	172
151	173
151	174
151	175
151	176
151	177
151	178
151	179
152	164
152	165
152	166
152	167
152	168
152	169
152	170
152	171
152	172
152	173
152	174
152	175
152	176
152	177
152	178
152	179
153	164
153	165
153	166
153	167
153	168
153	169
153	170
153	171
153	172
153	173
153	174
153	175
153	176
153	177
153	178
153	179
154	164
154	165
154	166
154	167
154	168
154	169
154	170
154	171
154	172
154	173
154	174
154	175
154	176
154	177
154	178
154	179
155	164
155	165
155	166
155	167
155	168
155	169
155	170
155	171
155	172
155	173
155	174
155	175
155	176
155	177
155	178
155	179
156	164
156	165
156	166
156	167
156	168
156	169
156	170
156	171
156	172
156	173
156	174
156	175
156	176
156	177
156	178
156	179
157	164
157	165
157	166
157	167
157	168
157	169
157	170
157	171
157	172
157	173
157	174
157	175
157	176
157	177
157	178
157	179
158	164
158	165
158	166
158	167
158	168
158	169
158	170
158	171
158	172
158	173
158	174
158	175
158	176
158	177
158	178
158	179
159	164
159	165
159	166
159	167
159	168
159	169
159	170
159	171
159	172
159	173
159	174
159	175
159	176
159	177
159	178
159	179
160	164
160	165
160	166
160	167
160	168
160	169
160	170
160	171
160	172
160	173
160	174
160	175
160	176
160	177
160	178
160	179
161	164
161	165
161	166
161	167
161	168
161	169
161	170
161	171
161	172
161	173
161	174
161	175
161	176
161	177
161	178
161	179
162	164
162	165
162	166
162	167
162	168
162	169
162	170
162	171
162	172
162	173
162	174
162	175
162	176
162	177
162	178
162	179
163	164
163	165
163	166
163	167
163	168
163	169
163	170
163	171
163	172
163	173
163	174
163	175
163	176
163	177
163	178
163	179
164	180
164	181
164	182
164	183
164	184
164	185
164	186
164	187
164	188
164	189
164	190
164	191
164	192
164	193
164	194
164	195
164	196
164	197
164	198
164	199
164	200
164	201
164	202
164	203
164	204
164	205
164	206
164	207
164	208
164	209
164	210
164	211
165	180
165	181
165	182
165	183
165	184
165	185
165	186
165	187
165	188
165	189
165	190
165	191
165	192
165	193
165	194
165	195
165	196
165	197
165	198
165	199
165	200
165	201
165	202
165	203
165	204
165	205
165	206
165	207
165	208
165	209
165	210
165	211
166	180
166	181
166	182
166	183
166	184
166	185
166	186
166	187
166	188
166	189
166	190
166	191
166	192
166	193
166	194
166	195
166	196
166	197
166	198
166	199
166	200
166	201
166	202
166	203
166	204
166	205
166	206
166	207
166	208
166	209
166	210
166	211
167	180
167	181
167	182
167	183
167	184
167	185
167	186
167	187
167	188
167	189
167	190
167	191
167	192
167	193
167	194
167	195
167	196
167	197
167	198
167	199
167	200
167	201
167	202
167	203
167	204
167	205
167	206
167	207
167	208
167	209
167	210
167	211
168	180
168	181
168	182
168	183
168	184
168	185
168	186
168	187
168	188
168	189
168	190
168	191
168	192
168	193
168	194
168	195
168	196
168	197
168	198
168	199
168	200
168	201
168	202
168	203
168	204
168	205
168	206
168	207
168	208
168	209
168	210
168	211
169	180
169	181
169	182
169	183
169	184
169	185
169	186
169	187
169	188
169	189
169	190
169	191
169	192
169	193
169	194
169	195
169	196
169	197
169	198
169	199
169	200
169	201
169	202
169	203
169	204
169	205
169	206
169	207
169	208
169	209
169	210
169	211
170	180
170	181
170	182
170	183
170	184
170	185
170	186
170	187
170	188
170	189
170	190
170	191
170	192
170	193
170	194
170	195
170	196
170	197
170	198
170	199
170	200
170	201
170	202
170	203
170	204
170	205
170	206
170	207
170	208
170	209
170	210
170	211
171	180
171	181
171	182
171	183
171	184
171	185
171	186
171	187
171	188
171	189
171	190
171	191
171	192
171	193
171	194
171	195
171	196
171	197
171	198
171	199
171	200
171	201
171	202
171	203
171	204
171	205
171	206
171	207
171	208
171	209
171	210
171	211
172	180
172	181
172	182
172	183
172	184
172	185
172	186
172	187
172	188
172	189
172	190
172	191
172	192
172	193
172	194
172	195
172	196
172	197
172	198
172	199
172	200
172	201
172	202
172	203
172	204
172	205
172	206
172	207
172	208
172	209
172	210
172	211
173	180
173	181
173	182
173	183
173	184
173	185
173	186
173	187
173	188
173	189
173	190
173	191
173	192
173	193
173	194
173	195
173	196
173	197
173	198
173	199
173	200
173	201
173	202
173	203
173	204
173	205
173	206
173	207
173	208
173	209
173	210
173	211
174	180
174	181
174	182
174	183
174	184
174	185
174	186
174	187
174	188
174	189
174	190
174	191
174	192
174	193
174	194
174	195
174	196
174	197
174	198
174	199
174	200
174	201
174	202
174	203
174	204
174	205
174	206
174	207
174	208
174	209
174	210
174	211
175	180
175	181
175	182
175	183
175	184
175	185
175	186
175	187
175	188
175	189
175	190
175	191
175	192
175	193
175	194
175	195
175	196
175	197
175	198
175	199
175	200
175	201
175	202
175	203
175	204
175	205
175	206
175	207
175	208
175	209
175	210
175	211
176	180
176	181
176	182
176	183
176	184
176	185
176	186
176	187
176	188
176	189
176	190
176	191
176	192
176	193
176	194
176	195
176	196
176	197
176	198
176	199
176	200
176	201
176	202
176	203
176	204
176	205
176	206
176	207
176	208
176	209
176	210
176	211
177	180
177	181
177	182
177	183
177	184
177	185
177	186
177	187
177	188
177	189
177	190
177	191
177	192
177	193
177	194
177	195
177	196
177	197
177	198
177	199
177	200
177	201
177	202
177	203
177	204
177	205
177	206
177	207
177	208
177	209
177	210
177	211
178	180
178	181
178	182
178	183
178	184
178	185
178	186
178	187
178	188
178	189
178	190
178	191
178	192
178	193
178	194
178	195
178	196
178	197
178	198
178	199
178	200
178	201
178	202
178	203
178	204
178	205
178	206
178	207
178	208
178	209
178	210
178	211
179	180
179	181
179	182
179	183
179	184
179	185
179	186
179	187
179	188
179	189
179	190
179	191
179	192
179	193
179	194
179	195
179	196
179	197
179	198
179	199
179	200
179	201
179	202
179	203
179	204
179	205
179	206
179	207
179	208
179	209
179	210
179	211
180	212
180	213
180	214
180	215
180	348
181	212
181	213
181	214
181	215
181	349
182	212
182	213
182	214
182	215
182	350
183	212
183	213
183	214
183	215
183	351
184	212
184	213
184	214
184	215
184	352
185	212
185	213
185	214
185	215
185	353
186	212
186	213
186	214
186	215
186	354
187	212
187	213
187	214
187	215
187	355
188	212
188	213
188	214
188	215
188	356
189	212
189	213
189	214
189	215
189	357
190	212
190	213
190	214
190	215
190	358
191	212
191	213
191	214
191	215
191	359
192	212
192	213
192	214
192	215
192	360
193	212
193	213
193	214
193	215
193	361
194	212
194	213
194	214
194	215
194	362
195	212
195	213
195	214
195	215
195	363
196	212
196	213
196	214
196	215
196	364
197	212
197	213
197	214
197	215
197	365
198	212
198	213
198	214
198	215
198	366
199	212
199	213
199	214
199	215
199	367
200	212
200	213
200	214
200	215
200	368
201	212
201	213
201	214
201	215
201	369
202	212
202	213
202	214
202	215
202	370
203	212
203	213
203	214
203	215
203	371
204	212
204	213
204	214
204	215
204	372
205	212
205	213
205	214
205	215
205	373
206	212
206	213
206	214
206	215
206	374
207	212
207	213
207	214
207	215
207	375
208	212
208	213
208	214
208	215
208	376
209	212
209	213
209	214
209	215
209	377
210	212
210	213
210	214
210	215
210	378
211	212
211	213
211	214
211	215
211	379
212	216
212	217
212	218
212	219
212	220
212	221
212	222
212	223
212	224
212	225
212	226
212	227
212	228
212	229
212	230
212	231
212	232
212	233
212	234
212	235
212	236
212	237
212	238
212	239
212	240
212	241
212	242
212	243
212	244
212	245
212	246
212	247
212	248
212	249
212	250
212	251
212	252
212	253
212	254
212	255
212	256
212	257
212	258
212	259
212	260
212	261
212	262
212	263
212	264
212	265
212	266
212	267
212	268
212	269
212	270
212	271
212	272
212	273
212	274
212	275
212	276
212	277
212	278
212	279
212	280
212	281
212	282
212	283
212	284
212	285
212	286
212	287
212	288
212	289
212	290
212	291
212	292
212	293
212	294
212	295
212	296
212	297
212	298
212	299
212	300
212	301
212	302
212	303
212	304
212	305
212	306
212	307
212	308
212	309
212	310
212	311
212	312
212	313
212	314
212	315
212	316
212	317
212	318
212	319
212	320
212	321
212	322
212	323
212	324
212	325
212	326
212	327
212	328
212	329
212	330
212	331
212	332
212	333
212	334
212	335
212	336
212	337
212	338
212	339
212	340
212	341
212	342
212	343
213	216
213	217
213	218
213	219
213	220
213	221
213	222
213	223
213	224
213	225
213	226
213	227
213	228
213	229
213	230
213	231
213	232
213	233
213	234
213	235
213	236
213	237
213	238
213	239
213	240
213	241
213	242
213	243
213	244
213	245
213	246
213	247
213	248
213	249
213	250
213	251
213	252
213	253
213	254
213	255
213	256
213	257
213	258
213	259
213	260
213	261
213	262
213	263
213	264
213	265
213	266
213	267
213	268
213	269
213	270
213	271
213	272
213	273
213	274
213	275
213	276
213	277
213	278
213	279
213	280
213	281
213	282
213	283
213	284
213	285
213	286
213	287
213	288
213	289
213	290
213	291
213	292
213	293
213	294
213	295
213	296
213	297
213	298
213	299
213	300
213	301
213	302
213	303
213	304
213	305
213	306
213	307
213	308
213	309
213	310
213	311
213	312
213	313
213	314
213	315
213	316
213	317
213	318
213	319
213	320
213	321
213	322
213	323
213	324
213	325
213	326
213	327
213	328
213	329
213	330
213	331
213	332
213	333
213	334
213	335
213	336
213	337
213	338
213	339
213	340
213	341
213	342
213	343
214	216
214	217
214	218
214	219
214	220
214	221
214	222
214	223
214	224
214	225
214	226
214	227
214	228
214	229
214	230
214	231
214	232
214	233
214	234
214	235
214	236
214	237
214	238
214	239
214	240
214	241
214	242
214	243
214	244
214	245
214	246
214	247
214	248
214	249
214	250
214	251
214	252
214	253
214	254
214	255
214	256
214	257
214	258
214	259
214	260
214	261
214	262
214	263
214	264
214	265
214	266
214	267
214	268
214	269
214	270
214	271
214	272
214	273
214	274
214	275
214	276
214	277
214	278
214	279
214	280
214	281
214	282
214	283
214	284
214	285
214	286
214	287
214	288
214	289
214	290
214	291
214	292
214	293
214	294
214	295
214	296
214	297
214	298
214	299
214	300
214	301
214	302
214	303
214	304
214	305
214	306
214	307
214	308
214	309
214	310
214	311
214	312
214	313
214	314
214	315
214	316
214	317
214	318
214	319
214	320
214	321
214	322
214	323
214	324
214	325
214	326
214	327
214	328
214	329
214	330
214	331
214	332
214	333
214	334
214	335
214	336
214	337
214	338
214	339
214	340
214	341
214	342
214	343
215	216
215	217
215	218
215	219
215	220
215	221
215	222
215	223
215	224
215	225
215	226
215	227
215	228
215	229
215	230
215	231
215	232
215	233
215	234
215	235
215	236
215	237
215	238
215	239
215	240
215	241
215	242
215	243
215	244
215	245
215	246
215	247
215	248
215	249
215	250
215	251
215	252
215	253
215	254
215	255
215	256
215	257
215	258
215	259
215	260
215	261
215	262
215	263
215	264
215	265
215	266
215	267
215	268
215	269
215	270
215	271
215	272
215	273
215	274
215	275
215	276
215	277
215	278
215	279
215	280
215	281
215	282
215	283
215	284
215	285
215	286
215	287
215	288
215	289
215	290
215	291
215	292
215	293
215	294
215	295
215	296
215	297
215	298
215	299
215	300
215	301
215	302
215	303
215	304
215	305
215	306
215	307
215	308
215	309
215	310
215	311
215	312
215	313
215	314
215	315
215	316
215	317
215	318
215	319
215	320
215	321
215	322
215	323
215	324
215	325
215	326
215	327
215	328
215	329
215	330
215	331
215	332
215	333
215	334
215	335
215	336
215	337
215	338
215	339
215	340
215	341
215	342
215	343
216	344
216	345
216	346
216	347
217	344
217	345
217	346
217	347
218	344
218	345
218	346
218	347
219	344
219	345
219	346
219	347
220	344
220	345
220	346
220	347
221	344
221	345
221	346
221	347
222	344
222	345
222	346
222	347
223	344
223	345
223	346
223	347
224	344
224	345
224	346
224	347
225	344
225	345
225	346
225	347
226	344
226	345
226	346
226	347
227	344
227	345
227	346
227	347
228	344
228	345
228	346
228	347
229	344
229	345
229	346
229	347
230	344
230	345
230	346
230	347
231	344
231	345
231	346
231	347
232	344
232	345
232	346
232	347
233	344
233	345
233	346
233	347
234	344
234	345
234	346
234	347
235	344
235	345
235	346
235	347
236	344
236	345
236	346
236	347
237	344
237	345
237	346
237	347
238	344
238	345
238	346
238	347
239	344
239	345
239	346
239	347
240	344
240	345
240	346
240	347
241	344
241	345
241	346
241	347
242	344
242	345
242	346
242	347
243	344
243	345
243	346
243	347
244	344
244	345
244	346
244	347
245	344
245	345
245	346
245	347
246	344
246	345
246	346
246	347
247	344
247	345
247	346
247	347
248	344
248	345
248	346
248	347
249	344
249	345
249	346
249	347
250	344
250	345
250	346
250	347
251	344
251	345
251	346
251	347
252	344
252	345
252	346
252	347
253	344
253	345
253	346
253	347
254	344
254	345
254	346
254	347
255	344
255	345
255	346
255	347
256	344
256	345
256	346
256	347
257	344
257	345
257	346
257	347
258	344
258	345
258	346
258	347
259	344
259	345
259	346
259	347
260	344
260	345
260	346
260	347
261	344
261	345
261	346
261	347
262	344
262	345
262	346
262	347
263	344
263	345
263	346
263	347
264	344
264	345
264	346
264	347
265	344
265	345
265	346
265	347
266	344
266	345
266	346
266	347
267	344
267	345
267	346
267	347
268	344
268	345
268	346
268	347
269	344
269	345
269	346
269	347
270	344
270	345
270	346
270	347
271	344
271	345
271	346
271	347
272	344
272	345
272	346
272	347
273	344
273	345
273	346
273	347
274	344
274	345
274	346
274	347
275	344
275	345
275	346
275	347
276	344
276	345
276	346
276	347
277	344
277	345
277	346
277	347
278	344
278	345
278	346
278	347
279	344
279	345
279	346
279	347
280	344
280	345
280	346
280	347
281	344
281	345
281	346
281	347
282	344
282	345
282	346
282	347
283	344
283	345
283	346
283	347
284	344
284	345
284	346
284	347
285	344
285	345
285	346
285	347
286	344
286	345
286	346
286	347
287	344
287	345
287	346
287	347
288	344
288	345
288	346
288	347
289	344
289	345
289	346
289	347
290	344
290	345
290	346
290	347
291	344
291	345
291	346
291	347
292	344
292	345
292	346
292	347
293	344
293	345
293	346
293	347
294	344
294	345
294	346
294	347
295	344
295	345
295	346
295	347
296	344
296	345
296	346
296	347
297	344
297	345
297	346
297	347
298	344
298	345
298	346
298	347
299	344
299	345
299	346
299	347
300	344
300	345
300	346
300	347
301	344
301	345
301	346
301	347
302	344
302	345
302	346
302	347
303	344
303	345
303	346
303	347
304	344
304	345
304	346
304	347
305	344
305	345
305	346
305	347
306	344
306	345
306	346
306	347
307	344
307	345
307	346
307	347
308	344
308	345
308	346
308	347
309	344
309	345
309	346
309	347
310	344
310	345
310	346
310	347
311	344
311	345
311	346
311	347
312	344
312	345
312	346
312	347
313	344
313	345
313	346
313	347
314	344
314	345
314	346
314	347
315	344
315	345
315	346
315	347
316	344
316	345
316	346
316	347
317	344
317	345
317	346
317	347
318	344
318	345
318	346
318	347
319	344
319	345
319	346
319	347
320	344
320	345
320	346
320	347
321	344
321	345
321	346
321	347
322	344
322	345
322	346
322	347
323	344
323	345
323	346
323	347
324	344
324	345
324	346
324	347
325	344
325	345
325	346
325	347
326	344
326	345
326	346
326	347
327	344
327	345
327	346
327	347
328	344
328	345
328	346
328	347
329	344
329	345
329	346
329	347
330	344
330	345
330	346
330	347
331	344
331	345
331	346
331	347
332	344
332	345
332	346
332	347
333	344
333	345
333	346
333	347
334	344
334	345
334	346
334	347
335	344
335	345
335	346
335	347
336	344
336	345
336	346
336	347
337	344
337	345
337	346
337	347
338	344
338	345
338	346
338	347
339	344
339	345
339	346
339	347
340	344
340	345
340	346
340	347
341	344
341	345
341	346
341	347
342	344
342	345
342	346
342	347
343	344
343	345
343	346
343	347
344	348
344	349
344	350
344	351
344	352
344	353
344	354
344	355
344	356
344	357
344	358
344	359
344	360
344	361
344	362
344	363
344	364
344	365
344	366
344	367
344	368
344	369
344	370
344	371
344	372
344	373
344	374
344	375
344	376
344	377
344	378
344	379
345	348
345	349
345	350
345	351
345	352
345	353
345	354
345	355
345	356
345	357
345	358
345	359
345	360
345	361
345	362
345	363
345	364
345	365
345	366
345	367
345	368
345	369
345	370
345	371
345	372
345	373
345	374
345	375
345	376
345	377
345	378
345	379
346	348
346	349
346	350
346	351
346	352
346	353
346	354
346	355
346	356
346	357
346	358
346	359
346	360
346	361
346	362
346	363
346	364
346	365
346	366
346	367
346	368
346	369
346	370
346	371
346	372
346	373
346	374
346	375
346	376
346	377
346	378
346	379
347	348
347	349
347	350
347	351
347	352
347	353
347	354
347	355
347	356
347	357
347	358
347	359
347	360
347	361
347	362
347	363
347	364
347	365
347	366
347	367
347	368
347	369
347	370
347	371
347	372
347	373
347	374
347	375
347	376
347	377
347	378
347	379
348	380
348	381
348	382
348	383
348	560
349	380
349	381
349	382
349	383
349	561
350	380
350	381
350	382
350	383
350	562
351	380
351	381
351	382
351	383
351	563
352	380
352	381
352	382
352	383
352	564
353	380
353	381
353	382
353	383
353	565
354	380
354	381
354	382
354	383
354	566
355	380
355	381
355	382
355	383
355	567
356	380
356	381
356	382
356	383
356	568
357	380
357	381
357	382
357	383
357	569
358	380
358	381
358	382
358	383
358	570
359	380
359	381
359	382
359	383
359	571
360	380
360	381
360	382
360	383
360	572
361	380
361	381
361	382
361	383
361	573
362	380
362	381
362	382
362	383
362	574
363	380
363	381
363	382
363	383
363	575
364	380
364	381
364	382
364	383
364	576
365	380
365	381
365	382
365	383
365	577
366	380
366	381
366	382
366	383
366	578
367	380
367	381
367	382
367	383
367	579
368	380
368	381
368	382
368	383
368	580
369	380
369	381
369	382
369	383
369	581
370	380
370	381
370	382
370	383
370	582
371	380
371	381
371	382
371	383
371	583
372	380
372	381
372	382
372	383
372	584
373	380
373	381
373	382
373	383
373	585
374	380
374	381
374	382
374	383
374	586
375	380
375	381
375	382
375	383
375	587
376	380
376	381
376	382
376	383
376	588
377	380
377	381
377	382
377	383
377	589
378	380
378	381
378	382
378	383
378	590
379	380
379	381
379	382
379	383
379	591
380	384
380	385
380	386
380	387
380	388
380	389
380	390
380	391
380	392
380	393
380	394
380	395
380	396
380	397
380	398
380	399
380	400
380	401
380	402
380	403
380	404
380	405
380	406
380	407
380	408
380	409
380	410
380	411
380	412
380	413
380	414
380	415
380	416
380	417
380	418
380	419
380	420
380	421
380	422
380	423
380	424
380	425
380	426
380	427
380	428
380	429
380	430
380	431
380	432
380	433
380	434
380	435
380	436
380	437
380	438
380	439
380	440
380	441
380	442
380	443
380	444
380	445
380	446
380	447
380	448
380	449
380	450
380	451
380	452
380	453
380	454
380	455
380	456
380	457
380	458
380	459
380	460
380	461
380	462
380	463
380	464
380	465
380	466
380	467
380	468
380	469
380	470
380	471
380	472
380	473
380	474
380	475
380	476
380	477
380	478
380	479
381	384
381	385
381	386
381	387
381	388
381	389
381	390
381	391
381	392
381	393
381	394
381	395
381	396
381	397
381	398
381	399
381	400
381	401
381	402
381	403
381	404
381	405
381	406
381	407
381	408
381	409
381	410
381	411
381	412
381	413
381	414
381	415
381	416
381	417
381	418
381	419
381	420
381	421
381	422
381	423
381	424
381	425
381	426
381	427
381	428
381	429
381	430
381	431
381	432
381	433
381	434
381	435
381	436
381	437
381	438
381	439
381	440
381	441
381	442
381	443
381	444
381	445
381	446
381	447
381	448
381	449
381	450
381	451
381	452
381	453
381	454
381	455
381	456
381	457
381	458
381	459
381	460
381	461
381	462
381	463
381	464
381	465
381	466
381	467
381	468
381	469
381	470
381	471
381	472
381	473
381	474
381	475
381	476
381	477
381	478
381	479
382	384
382	385
382	386
382	387
382	388
382	389
382	390
382	391
382	392
382	393
382	394
382	395
382	396
382	397
382	398
382	399
382	400
382	401
382	402
382	403
382	404
382	405
382	406
382	407
382	408
382	409
382	410
382	411
382	412
382	413
382	414
382	415
382	416
382	417
382	418
382	419
382	420
382	421
382	422
382	423
382	424
382	425
382	426
382	427
382	428
382	429
382	430
382	431
382	432
382	433
382	434
382	435
382	436
382	437
382	438
382	439
382	440
382	441
382	442
382	443
382	444
382	445
382	446
382	447
382	448
382	449
382	450
382	451
382	452
382	453
382	454
382	455
382	456
382	457
382	458
382	459
382	460
382	461
382	462
382	463
382	464
382	465
382	466
382	467
382	468
382	469
382	470
382	471
382	472
382	473
382	474
382	475
382	476
382	477
382	478
382	479
383	384
383	385
383	386
383	387
383	388
383	389
383	390
383	391
383	392
383	393
383	394
383	395
383	396
383	397
383	398
383	399
383	400
383	401
383	402
383	403
383	404
383	405
383	406
383	407
383	408
383	409
383	410
383	411
383	412
383	413
383	414
383	415
383	416
383	417
383	418
383	419
383	420
383	421
383	422
383	423
383	424
383	425
383	426
383	427
383	428
383	429
383	430
383	431
383	432
383	433
383	434
383	435
383	436
383	437
383	438
383	439
383	440
383	441
383	442
383	443
383	444
383	445
383	446
383	447
383	448
383	449
383	450
383	451
383	452
383	453
383	454
383	455
383	456
383	457
383	458
383	459
383	460
383	461
383	462
383	463
383	464
383	465
383	466
383	467
383	468
383	469
383	470
383	471
383	472
383	473
383	474
383	475
383	476
383	477
383	478
383	479
384	480
384	481
384	482
384	483
384	484
384	485
384	486
384	487
384	488
384	489
384	490
384	491
384	492
384	493
384	494
384	495
385	480
385	481
385	482
385	483
385	484
385	485
385	486
385	487
385	488
385	489
385	490
385	491
385	492
385	493
385	494
385	495
386	480
386	481
386	482
386	483
386	484
386	485
386	486
386	487
386	488
386	489
386	490
386	491
386	492
386	493
386	494
386	495
387	480
387	481
387	482
387	483
387	484
387	485
387	486
387	487
387	488
387	489
387	490
387	491
387	492
387	493
387	494
387	495
388	480
388	481
388	482
388	483
388	484
388	485
388	486
388	487
388	488
388	489
388	490
388	491
388	492
388	493
388	494
388	495
389	480
389	481
389	482
389	483
389	484
389	485
389	486
389	487
389	488
389	489
389	490
389	491
389	492
389	493
389	494
389	495
390	480
390	481
390	482
390	483
390	484
390	485
390	486
390	487
390	488
390	489
390	490
390	491
390	492
390	493
390	494
390	495
391	480
391	481
391	482
391	483
391	484
391	485
391	486
391	487
391	488
391	489
391	490
391	491
391	492
391	493
391	494
391	495
392	480
392	481
392	482
392	483
392	484
392	485
392	486
392	487
392	488
392	489
392	490
392	491
392	492
392	493
392	494
392	495
393	480
393	481
393	482
393	483
393	484
393	485
393	486
393	487
393	488
393	489
393	490
393	491
393	492
393	493
393	494
393	495
394	480
394	481
394	482
394	483
394	484
394	485
394	486
394	487
394	488
394	489
394	490
394	491
394	492
394	493
394	494
394	495
395	480
395	481
395	482
395	483
395	484
395	485
395	486
395	487
395	488
395	489
395	490
395	491
395	492
395	493
395	494
395	495
396	480
396	481
396	482
396	483
396	484
396	485
396	486
396	487
396	488
396	489
396	490
396	491
396	492
396	493
396	494
396	495
397	480
397	481
397	482
397	483
397	484
397	485
397	486
397	487
397	488
397	489
397	490
397	491
397	492
397	493
397	494
397	495
398	480
398	481
398	482
398	483
398	484
398	485
398	486
398	487
398	488
398	489
398	490
398	491
398	492
398	493
398	494
398	495
399	480
399	481
399	482
399	483
399	484
399	485
399	486
399	487
399	488
399	489
399	490
399	491
399	492
399	493
399	494
399	495
400	480
400	481
400	482
400	483
400	484
400	485
400	486
400	487
400	488
400	489
400	490
400	491
400	492
400	493
400	494
400	495
401	480
401	481
401	482
401	483
401	484
401	485
401	486
401	487
401	488
401	489
401	490
401	491
401	492
401	493
401	494
401	495
402	480
402	481
402	482
402	483
402	484
402	485
402	486
402	487
402	488
402	489
402	490
402	491
402	492
402	493
402	494
402	495
403	480
403	481
403	482
403	483
403	484
403	485
403	486
403	487
403	488
403	489
403	490
403	491
403	492
403	493
403	494
403	495
404	480
404	481
404	482
404	483
404	484
404	485
404	486
404	487
404	488
404	489
404	490
404	491
404	492
404	493
404	494
404	495
405	480
405	481
405	482
405	483
405	484
405	485
405	486
405	487
405	488
405	489
405	490
405	491
405	492
405	493
405	494
405	495
406	480
406	481
406	482
406	483
406	484
406	485
406	486
406	487
406	488
406	489
406	490
406	491
406	492
406	493
406	494
406	495
407	480
407	481
407	482
407	483
407	484
407	485
407	486
407	487
407	488
407	489
407	490
407	491
407	492
407	493
407	494
407	495
408	480
408	481
408	482
408	483
408	484
408	485
408	486
408	487
408	488
408	489
408	490
408	491
408	492
408	493
408	494
408	495
409	480
409	481
409	482
409	483
409	484
409	485
409	486
409	487
409	488
409	489
409	490
409	491
409	492
409	493
409	494
409	495
410	480
410	481
410	482
410	483
410	484
410	485
410	486
410	487
410	488
410	489
410	490
410	491
410	492
410	493
410	494
410	495
411	480
411	481
411	482
411	483
411	484
411	485
411	486
411	487
411	488
411	489
411	490
411	491
411	492
411	493
411	494
411	495
412	480
412	481
412	482
412	483
412	484
412	485
412	486
412	487
412	488
412	489
412	490
412	491
412	492
412	493
412	494
412	495
413	480
413	481
413	482
413	483
413	484
413	485
413	486
413	487
413	488
413	489
413	490
413	491
413	492
413	493
413	494
413	495
414	480
414	481
414	482
414	483
414	484
414	485
414	486
414	487
414	488
414	489
414	490
414	491
414	492
414	493
414	494
414	495
415	480
415	481
415	482
415	483
415	484
415	485
415	486
415	487
415	488
415	489
415	490
415	491
415	492
415	493
415	494
415	495
416	496
416	497
416	498
416	499
416	500
416	501
416	502
416	503
416	504
416	505
416	506
416	507
416	508
416	509
416	510
416	511
417	496
417	497
417	498
417	499
417	500
417	501
417	502
417	503
417	504
417	505
417	506
417	507
417	508
417	509
417	510
417	511
418	496
418	497
418	498
418	499
418	500
418	501
418	502
418	503
418	504
418	505
418	506
418	507
418	508
418	509
418	510
418	511
419	496
419	497
419	498
419	499
419	500
419	501
419	502
419	503
419	504
419	505
419	506
419	507
419	508
419	509
419	510
419	511
420	496
420	497
420	498
420	499
420	500
420	501
420	502
420	503
420	504
420	505
420	506
420	507
420	508
420	509
420	510
420	511
421	496
421	497
421	498
421	499
421	500
421	501
421	502
421	503
421	504
421	505
421	506
421	507
421	508
421	509
421	510
421	511
422	496
422	497
422	498
422	499
422	500
422	501
422	502
422	503
422	504
422	505
422	506
422	507
422	508
422	509
422	510
422	511
423	496
423	497
423	498
423	499
423	500
423	501
423	502
423	503
423	504
423	505
423	506
423	507
423	508
423	509
423	510
423	511
424	496
424	497
424	498
424	499
424	500
424	501
424	502
424	503
424	504
424	505
424	506
424	507
424	508
424	509
424	510
424	511
425	496
425	497
425	498
425	499
425	500
425	501
425	502
425	503
425	504
425	505
425	506
425	507
425	508
425	509
425	510
425	511
426	496
426	497
426	498
426	499
426	500
426	501
426	502
426	503
426	504
426	505
426	506
426	507
426	508
426	509
426	510
426	511
427	496
427	497
427	498
427	499
427	500
427	501
427	502
427	503
427	504
427	505
427	506
427	507
427	508
427	509
427	510
427	511
428	496
428	497
428	498
428	499
428	500
428	501
428	502
428	503
428	504
428	505
428	506
428	507
428	508
428	509
428	510
428	511
429	496
429	497
429	498
429	499
429	500
429	501
429	502
429	503
429	504
429	505
429	506
429	507
429	508
429	509
429	510
429	511
430	496
430	497
430	498
430	499
430	500
430	501
430	502
430	503
430	504
430	505
430	506
430	507
430	508
430	509
430	510
430	511
431	496
431	497
431	498
431	499
431	500
431	501
431	502
431	503
431	504
431	505
431	506
431	507
431	508
431	509
431	510
431	511
432	496
432	497
432	498
432	499
432	500
432	501
432	502
432	503
432	504
432	505
432	506
432	507
432	508
432	509
432	510
432	511
433	496
433	497
433	498
433	499
433	500
433	501
433	502
433	503
433	504
433	505
433	506
433	507
433	508
433	509
433	510
433	511
434	496
434	497
434	498
434	499
434	500
434	501
434	502
434	503
434	504
434	505
434	506
434	507
434	508
434	509
434	510
434	511
435	496
435	497
435	498
435	499
435	500
435	501
435	502
435	503
435	504
435	505
435	506
435	507
435	508
435	509
435	510
435	511
436	496
436	497
436	498
436	499
436	500
436	501
436	502
436	503
436	504
436	505
436	506
436	507
436	508
436	509
436	510
436	511
437	496
437	497
437	498
437	499
437	500
437	501
437	502
437	503
437	504
437	505
437	506
437	507
437	508
437	509
437	510
437	511
438	496
438	497
438	498
438	499
438	500
438	501
438	502
438	503
438	504
438	505
438	506
438	507
438	508
438	509
438	510
438	511
439	496
439	497
439	498
439	499
439	500
439	501
439	502
439	503
439	504
439	505
439	506
439	507
439	508
439	509
439	510
439	511
440	496
440	497
440	498
440	499
440	500
440	501
440	502
440	503
440	504
440	505
440	506
440	507
440	508
440	509
440	510
440	511
441	496
441	497
441	498
441	499
441	500
441	501
441	502
441	503
441	504
441	505
441	506
441	507
441	508
441	509
441	510
441	511
442	496
442	497
442	498
442	499
442	500
442	501
442	502
442	503
442	504
442	505
442	506
442	507
442	508
442	509
442	510
442	511
443	496
443	497
443	498
443	499
443	500
443	501
443	502
443	503
443	504
443	505
443	506
443	507
443	508
443	509
443	510
443	511
444	496
444	497
444	498
444	499
444	500
444	501
444	502
444	503
444	504
444	505
444	506
444	507
444	508
444	509
444	510
444	511
445	496
445	497
445	498
445	499
445	500
445	501
445	502
445	503
445	504
445	505
445	506
445	507
445	508
445	509
445	510
445	511
446	496
446	497
446	498
446	499
446	500
446	501
446	502
446	503
446	504
446	505
446	506
446	507
446	508
446	509
446	510
446	511
447	496
447	497
447	498
447	499
447	500
447	501
447	502
447	503
447	504
447	505
447	506
447	507
447	508
447	509
447	510
447	511
448	528
448	529
448	530
448	531
448	532
448	533
448	534
448	535
448	536
448	537
448	538
448	539
448	540
448	541
448	542
448	543
449	528
449	529
449	530
449	531
449	532
449	533
449	534
449	535
449	536
449	537
449	538
449	539
449	540
449	541
449	542
449	543
450	528
450	529
450	530
450	531
450	532
450	533
450	534
450	535
450	536
450	537
450	538
450	539
450	540
450	541
450	542
450	543
451	528
451	529
451	530
451	531
451	532
451	533
451	534
451	535
451	536
451	537
451	538
451	539
451	540
451	541
451	542
451	543
452	528
452	529
452	530
452	531
452	532
452	533
452	534
452	535
452	536
452	537
452	538
452	539
452	540
452	541
452	542
452	543
453	528
453	529
453	530
453	531
453	532
453	533
453	534
453	535
453	536
453	537
453	538
453	539
453	540
453	541
453	542
453	543
454	528
454	529
454	530
454	531
454	532
454	533
454	534
454	535
454	536
454	537
454	538
454	539
454	540
454	541
454	542
454	543
455	528
455	529
455	530
455	531
455	532
455	533
455	534
455	535
455	536
455	537
455	538
455	539
455	540
455	541
455	542
455	543
456	528
456	529
456	530
456	531
456	532
456	533
456	534
456	535
456	536
456	537
456	538
456	539
456	540
456	541
456	542
456	543
457	528
457	529
457	530
457	531
457	532
457	533
457	534
457	535
457	536
457	537
457	538
457	539
457	540
457	541
457	542
457	543
458	528
458	529
458	530
458	531
458	532
458	533
458	534
458	535
458	536
458	537
458	538
458	539
458	540
458	541
458	542
458	543
459	528
459	529
459	530
459	531
459	532
459	533
459	534
459	535
459	536
459	537
459	538
459	539
459	540
459	541
459	542
459	543
460	528
460	529
460	530
460	531
460	532
460	533
460	534
460	535
460	536
460	537
460	538
460	539
460	540
460	541
460	542
460	543
461	528
461	529
461	530
461	531
461	532
461	533
461	534
461	535
461	536
461	537
461	538
461	539
461	540
461	541
461	542
461	543
462	528
462	529
462	530
462	531
462	532
462	533
462	534
462	535
462	536
462	537
462	538
462	539
462	540
462	541
462	542
462	543
463	528
463	529
463	530
463	531
463	532
463	533
463	534
463	535
463	536
463	537
463	538
463	539
463	540
463	541
463	542
463	543
464	528
464	529
464	530
464	531
464	532
464	533
464	534
464	535
464	536
464	537
464	538
464	539
464	540
464	541
464	542
464	543
465	528
465	529
465	530
465	531
465	532
465	533
465	534
465	535
465	536
465	537
465	538
465	539
465	540
465	541
465	542
465	543
466	528
466	529
466	530
466	531
466	532
466	533
466	534
466	535
466	536
466	537
466	538
466	539
466	540
466	541
466	542
466	543
467	528
467	529
467	530
467	531
467	532
467	533
467	534
467	535
467	536
467	537
467	538
467	539
467	540
467	541
467	542
467	543
468	528
468	529
468	530
468	531
468	532
468	533
468	534
468	535
468	536
468	537
468	538
468	539
468	540
468	541
468	542
468	543
469	528
469	529
469	530
469	531
469	532
469	533
469	534
469	535
469	536
469	537
469	538
469	539
469	540
469	541
469	542
469	543
470	528
470	529
470	530
470	531
470	532
470	533
470	534
470	535
470	536
470	537
470	538
470	539
470	540
470	541
470	542
470	543
471	528
471	529
471	530
471	531
471	532
471	533
471	534
471	535
471	536
471	537
471	538
471	539
471	540
471	541
471	542
471	543
472	528
472	529
472	530
472	531
472	532
472	533
472	534
472	535
472	536
472	537
472	538
472	539
472	540
472	541
472	542
472	543
473	528
473	529
473	530
473	531
473	532
473	533
473	534
473	535
473	536
473	537
473	538
473	539
473	540
473	541
473	542
473	543
474	528
474	529
474	530
474	531
474	532
474	533
474	534
474	535
474	536
474	537
474	538
474	539
474	540
474	541
474	542
474	543
475	528
475	529
475	530
475	531
475	532
475	533
475	534
475	535
475	536
475	537
475	538
475	539
475	540
475	541
475	542
475	543
476	528
476	529
476	530
476	531
476	532
476	533
476	534
476	535
476	536
476	537
476	538
476	539
476	540
476	541
476	542
476	543
477	528
477	529
477	530
477	531
477	532
477	533
477	534
477	535
477	536
477	537
477	538
477	539
477	540
477	541
477	542
477	543
478	528
478	529
478	530
478	531
478	532
478	533
478	534
478	535
478	536
478	537
478	538
478	539
478	540
478	541
478	542
478	543
479	528
479	529
479	530
479	531
479	532
479	533
479	534
479	535
479	536
479	537
479	538
479	539
479	540
479	541
479	542
479	543
480	544
481	545
482	546
483	547
484	548
485	549
486	550
487	551
488	552
489	553
490	554
491	555
492	556
493	557
494	558
495	559
496	512
497	513
498	514
499	515
500	516
501	517
502	518
503	519
504	520
505	521
506	522
507	523
508	524
509	525
510	526
511	527
512	544
512	545
512	546
512	547
512	548
512	549
512	550
512	551
512	552
512	553
512	554
512	555
512	556
512	557
512	558
512	559
513	544
513	545
513	546
513	547
513	548
513	549
513	550
513	551
513	552
513	553
513	554
513	555
513	556
513	557
513	558
513	559
514	544
514	545
514	546
514	547
514	548
514	549
514	550
514	551
514	552
514	553
514	554
514	555
514	556
514	557
514	558
514	559
515	544
515	545
515	546
515	547
515	548
515	549
515	550
515	551
515	552
515	553
515	554
515	555
515	556
515	557
515	558
515	559
516	544
516	545
516	546
516	547
516	548
516	549
516	550
516	551
516	552
516	553
516	554
516	555
516	556
516	557
516	558
516	559
517	544
517	545
517	546
517	547
517	548
517	549
517	550
517	551
517	552
517	553
517	554
517	555
517	556
517	557
517	558
517	559
518	544
518	545
518	546
518	547
518	548
518	549
518	550
518	551
518	552
518	553
518	554
518	555
518	556
518	557
518	558
518	559
519	544
519	545
519	546
519	547
519	548
519	549
519	550
519	551
519	552
519	553
519	554
519	555
519	556
519	557
519	558
519	559
520	544
520	545
520	546
520	547
520	548
520	549
520	550
520	551
520	552
520	553
520	554
520	555
520	556
520	557
520	558
520	559
521	544
521	545
521	546
521	547
521	548
521	549
521	550
521	551
521	552
521	553
521	554
521	555
521	556
521	557
521	558
521	559
522	544
522	545
522	546
522	547
522	548
522	549
522	550
522	551
522	552
522	553
522	554
522	555
522	556
522	557
522	558
522	559
523	544
523	545
523	546
523	547
523	548
523	549
523	550
523	551
523	552
523	553
523	554
523	555
523	556
523	557
523	558
523	559
524	544
524	545
524	546
524	547
524	548
524	549
524	550
524	551
524	552
524	553
524	554
524	555
524	556
524	557
524	558
524	559
525	544
525	545
525	546
525	547
525	548
525	549
525	550
525	551
525	552
525	553
525	554
525	555
525	556
525	557
525	558
525	559
526	544
526	545
526	546
526	547
526	548
526	549
526	550
526	551
526	552
526	553
526	554
526	555
526	556
526	557
526	558
526	559
527	544
527	545
527	546
527	547
527	548
527	549
527	550
527	551
527	552
527	553
527	554
527	555
527	556
527	557
527	558
527	559
528	544
528	545
528	546
528	547
528	548
528	549
528	550
528	551
528	552
528	553
528	554
528	555
528	556
528	557
528	558
528	559
529	544
529	545
529	546
529	547
529	548
529	549
529	550
529	551
529	552
529	553
529	554
529	555
529	556
529	557
529	558
529	559
530	544
530	545
530	546
530	547
530	548
530	549
530	550
530	551
530	552
530	553
530	554
530	555
530	556
530	557
530	558
530	559
531	544
531	545
531	546
531	547
531	548
531	549
531	550
531	551
531	552
531	553
531	554
531	555
531	556
531	557
531	558
531	559
532	544
532	545
532	546
532	547
532	548
532	549
532	550
532	551
532	552
532	553
532	554
532	555
532	556
532	557
532	558
532	559
533	544
533	545
533	546
533	547
533	548
533	549
533	550
533	551
533	552
533	553
533	554
533	555
533	556
533	557
533	558
533	559
534	544
534	545
534	546
534	547
534	548
534	549
534	550
534	551
534	552
534	553
534	554
534	555
534	556
534	557
534	558
534	559
535	544
535	545
535	546
535	547
535	548
535	549
535	550
535	551
535	552
535	553
535	554
535	555
535	556
535	557
535	558
535	559
536	544
536	545
536	546
536	547
536	548
536	549
536	550
536	551
536	552
536	553
536	554
536	555
536	556
536	557
536	558
536	559
537	544
537	545
537	546
537	547
537	548
537	549
537	550
537	551
537	552
537	553
537	554
537	555
537	556
537	557
537	558
537	559
538	544
538	545
538	546
538	547
538	548
538	549
538	550
538	551
538	552
538	553
538	554
538	555
538	556
538	557
538	558
538	559
539	544
539	545
539	546
539	547
539	548
539	549
539	550
539	551
539	552
539	553
539	554
539	555
539	556
539	557
539	558
539	559
540	544
540	545
540	546
540	547
540	548
540	549
540	550
540	551
540	552
540	553
540	554
540	555
540	556
540	557
540	558
540	559
541	544
541	545
541	546
541	547
541	548
541	549
541	550
541	551
541	552
541	553
541	554
541	555
541	556
541	557
541	558
541	559
542	544
542	545
542	546
542	547
542	548
542	549
542	550
542	551
542	552
542	553
542	554
542	555
542	556
542	557
542	558
542	559
543	544
543	545
543	546
543	547
543	548
543	549
543	550
543	551
543	552
543	553
543	554
543	555
543	556
543	557
543	558
543	559
544	560
544	561
544	562
544	563
544	564
544	565
544	566
544	567
544	568
544	569
544	570
544	571
544	572
544	573
544	574
544	575
544	576
544	577
544	578
544	579
544	580
544	581
544	582
544	583
544	584
544	585
544	586
544	587
544	588
544	589
544	590
544	591
545	560
545	561
545	562
545	563
545	564
545	565
545	566
545	567
545	568
545	569
545	570
545	571
545	572
545	573
545	574
545	575
545	576
545	577
545	578
545	579
545	580
545	581
545	582
545	583
545	584
545	585
545	586
545	587
545	588
545	589
545	590
545	591
546	560
546	561
546	562
546	563
546	564
546	565
546	566
546	567
546	568
546	569
546	570
546	571
546	572
546	573
546	574
546	575
546	576
546	577
546	578
546	579
546	580
546	581
546	582
546	583
546	584
546	585
546	586
546	587
546	588
546	589
546	590
546	591
547	560
547	561
547	562
547	563
547	564
547	565
547	566
547	567
547	568
547	569
547	570
547	571
547	572
547	573
547	574
547	575
547	576
547	577
547	578
547	579
547	580
547	581
547	582
547	583
547	584
547	585
547	586
547	587
547	588
547	589
547	590
547	591
548	560
548	561
548	562
548	563
548	564
548	565
548	566
548	567
548	568
548	569
548	570
548	571
548	572
548	573
548	574
548	575
548	576
548	577
548	578
548	579
548	580
548	581
548	582
548	583
548	584
548	585
548	586
548	587
548	588
548	589
548	590
548	591
549	560
549	561
549	562
549	563
549	564
549	565
549	566
549	567
549	568
549	569
549	570
549	571
549	572
549	573
549	574
549	575
549	576
549	577
549	578
549	579
549	580
549	581
549	582
549	583
549	584
549	585
549	586
549	587
549	588
549	589
549	590
549	591
550	560
550	561
550	562
550	563
550	564
550	565
550	566
550	567
550	568
550	569
550	570
550	571
550	572
550	573
550	574
550	575
550	576
550	577
550	578
550	579
550	580
550	581
550	582
550	583
550	584
550	585
550	586
550	587
550	588
550	589
550	590
550	591
551	560
551	561
551	562
551	563
551	564
551	565
551	566
551	567
551	568
551	569
551	570
551	571
551	572
551	573
551	574
551	575
551	576
551	577
551	578
551	579
551	580
551	581
551	582
551	583
551	584
551	585
551	586
551	587
551	588
551	589
551	590
551	591
552	560
552	561
552	562
552	563
552	564
552	565
552	566
552	567
552	568
552	569
552	570
552	571
552	572
552	573
552	574
552	575
552	576
552	577
552	578
552	579
552	580
552	581
552	582
552	583
552	584
552	585
552	586
552	587
552	588
552	589
552	590
552	591
553	560
553	561
553	562
553	563
553	564
553	565
553	566
553	567
553	568
553	569
553	570
553	571
553	572
553	573
553	574
553	575
553	576
553	577
553	578
553	579
553	580
553	581
553	582
553	583
553	584
553	585
553	586
553	587
553	588
553	589
553	590
553	591
554	560
554	561
554	562
554	563
554	564
554	565
554	566
554	567
554	568
554	569
554	570
554	571
554	572
554	573
554	574
554	575
554	576
554	577
554	578
554	579
554	580
554	581
554	582
554	583
554	584
554	585
554	586
554	587
554	588
554	589
554	590
554	591
555	560
555	561
555	562
555	563
555	564
555	565
555	566
555	567
555	568
555	569
555	570
555	571
555	572
555	573
555	574
555	575
555	576
555	577
555	578
555	579
555	580
555	581
555	582
555	583
555	584
555	585
555	586
555	587
555	588
555	589
555	590
555	591
556	560
556	561
556	562
556	563
556	564
556	565
556	566
556	567
556	568
556	569
556	570
556	571
556	572
556	573
556	574
556	575
556	576
556	577
556	578
556	579
556	580
556	581
556	582
556	583
556	584
556	585
556	586
556	587
556	588
556	589
556	590
556	591
557	560
557	561
557	562
557	563
557	564
557	565
557	566
557	567
557	568
557	569
557	570
557	571
557	572
557	573
557	574
557	575
557	576
557	577
557	578
557	579
557	580
557	581
557	582
557	583
557	584
557	585
557	586
557	587
557	588
557	589
557	590
557	591
558	560
558	561
558	562
558	563
558	564
558	565
558	566
558	567
558	568
558	569
558	570
558	571
558	572
558	573
558	574
558	575
558	576
558	577
558	578
558	579
558	580
558	581
558	582
558	583
558	584
558	585
558	586
558	587
558	588
558	589
558	590
558	591
559	560
559	561
559	562
559	563
559	564
559	565
559	566
559	567
559	568
559	569
559	570
559	571
559	572
559	573
559	574
559	575
559	576
559	577
559	578
559	579
559	580
559	581
559	582
559	583
559	584
559	585
559	586
559	587
559	588
559	589
559	590
559	591
560	592
560	593
560	594
560	595
560	728
561	592
561	593
561	594
561	595
561	729
562	592
562	593
562	594
562	595
562	730
563	592
563	593
563	594
563	595
563	731
564	592
564	593
564	594
564	595
564	732
565	592
565	593
565	594
565	595
565	733
566	592
566	593
566	594
566	595
566	734
567	592
567	593
567	594
567	595
567	735
568	592
568	593
568	594
568	595
568	736
569	592
569	593
569	594
569	595
569	737
570	592
570	593
570	594
570	595
570	738
571	592
571	593
571	594
571	595
571	739
572	592
572	593
572	594
572	595
572	740
573	592
573	593
573	594
573	595
573	741
574	592
574	593
574	594
574	595
574	742
575	592
575	593
575	594
575	595
575	743
576	592
576	593
576	594
576	595
576	744
577	592
577	593
577	594
577	595
577	745
578	592
578	593
578	594
578	595
578	746
579	592
579	593
579	594
579	595
579	747
580	592
580	593
580	594
580	595
580	748
581	592
581	593
581	594
581	595
581	749
582	592
582	593
582	594
582	595
582	750
583	592
583	593
583	594
583	595
583	751
584	592
584	593
584	594
584	595
584	752
585	592
585	593
585	594
585	595
585	753
586	592
586	593
586	594
586	595
586	754
587	592
587	593
587	594
587	595
587	755
588	592
588	593
588	594
588	595
588	756
589	592
589	593
589	594
589	595
589	757
590	592
590	593
590	594
590	595
590	758
591	592
591	593
591	594
591	595
591	759
592	596
592	597
592	598
592	599
592	600
592	601
592	602
592	603
592	604
592	605
592	606
592	607
592	608
592	609
592	610
592	611
592	612
592	613
592	614
592	615
592	616
592	617
592	618
592	619
592	620
592	621
592	622
592	623
592	624
592	625
592	626
592	627
592	628
592	629
592	630
592	631
592	632
592	633
592	634
592	635
592	636
592	637
592	638
592	639
592	640
592	641
592	642
592	643
592	644
592	645
592	646
592	647
592	648
592	649
592	650
592	651
592	652
592	653
592	654
592	655
592	656
592	657
592	658
592	659
592	660
592	661
592	662
592	663
592	664
592	665
592	666
592	667
592	668
592	669
592	670
592	671
592	672
592	673
592	674
592	675
592	676
592	677
592	678
592	679
592	680
592	681
592	682
592	683
592	684
592	685
592	686
592	687
592	688
592	689
592	690
592	691
592	692
592	693
592	694
592	695
592	696
592	697
592	698
592	699
592	700
592	701
592	702
592	703
592	704
592	705
592	706
592	707
592	708
592	709
592	710
592	711
592	712
592	713
592	714
592	715
592	716
592	717
592	718
592	719
592	720
592	721
592	722
592	723
593	596
593	597
593	598
593	599
593	600
593	601
593	602
593	603
593	604
593	605
593	606
593	607
593	608
593	609
593	610
593	611
593	612
593	613
593	614
593	615
593	616
593	617
593	618
593	619
593	620
593	621
593	622
593	623
593	624
593	625
593	626
593	627
593	628
593	629
593	630
593	631
593	632
593	633
593	634
593	635
593	636
593	637
593	638
593	639
593	640
593	641
593	642
593	643
593	644
593	645
593	646
593	647
593	648
593	649
593	650
593	651
593	652
593	653
593	654
593	655
593	656
593	657
593	658
593	659
593	660
593	661
593	662
593	663
593	664
593	665
593	666
593	667
593	668
593	669
593	670
593	671
593	672
593	673
593	674
593	675
593	676
593	677
593	678
593	679
593	680
593	681
593	682
593	683
593	684
593	685
593	686
593	687
593	688
593	689
593	690
593	691
593	692
593	693
593	694
593	695
593	696
593	697
593	698
593	699
593	700
593	701
593	702
593	703
593	704
593	705
593	706
593	707
593	708
593	709
593	710
593	711
593	712
593	713
593	714
593	715
593	716
593	717
593	718
593	719
593	720
593	721
593	722
593	723
594	596
594	597
594	598
594	599
594	600
594	601
594	602
594	603
594	604
594	605
594	606
594	607
594	608
594	609
594	610
594	611
594	612
594	613
594	614
594	615
594	616
594	617
594	618
594	619
594	620
594	621
594	622
594	623
594	624
594	625
594	626
594	627
594	628
594	629
594	630
594	631
594	632
594	633
594	634
594	635
594	636
594	637
594	638
594	639
594	640
594	641
594	642
594	643
594	644
594	645
594	646
594	647
594	648
594	649
594	650
594	651
594	652
594	653
594	654
594	655
594	656
594	657
594	658
594	659
594	660
594	661
594	662
594	663
594	664
594	665
594	666
594	667
594	668
594	669
594	670
594	671
594	672
594	673
594	674
594	675
594	676
594	677
594	678
594	679
594	680
594	681
594	682
594	683
594	684
594	685
594	686
594	687
594	688
594	689
594	690
594	691
594	692
594	693
594	694
594	695
594	696
594	697
594	698
594	699
594	700
594	701
594	702
594	703
594	704
594	705
594	706
594	707
594	708
594	709
594	710
594	711
594	712
594	713
594	714
594	715
594	716
594	717
594	718
594	719
594	720
594	721
594	722
594	723
595	596
595	597
595	598
595	599
595	600
595	601
595	602
595	603
595	604
595	605
595	606
595	607
595	608
595	609
595	610
595	611
595	612
595	613
595	614
595	615
595	616
595	617
595	618
595	619
595	620
595	621
595	622
595	623
595	624
595	625
595	626
595	627
595	628
595	629
595	630
595	631
595	632
595	633
595	634
595	635
595	636
595	637
595	638
595	639
595	640
595	641
595	642
595	643
595	644
595	645
595	646
595	647
595	648
595	649
595	650
595	651
595	652
595	653
595	654
595	655
595	656
595	657
595	658
595	659
595	660
595	661
595	662
595	663
595	664
595	665
595	666
595	667
595	668
595	669
595	670
595	671
595	672
595	673
595	674
595	675
595	676
595	677
595	678
595	679
595	680
595	681
595	682
595	683
595	684
595	685
595	686
595	687
595	688
595	689
595	690
595	691
595	692
595	693
595	694
595	695
595	696
595	697
595	698
595	699
595	700
595	701
595	702
595	703
595	704
595	705
595	706
595	707
595	708
595	709
595	710
595	711
595	712
595	713
595	714
595	715
595	716
595	717
595	718
595	719
595	720
595	721
595	722
595	723
596	724
596	725
596	726
596	727
597	724
597	725
597	726
597	727
598	724
598	725
598	726
598	727
599	724
599	725
599	726
599	727
600	724
600	725
600	726
600	727
601	724
601	725
601	726
601	727
602	724
602	725
602	726
602	727
603	724
603	725
603	726
603	727
604	724
604	725
604	726
604	727
605	724
605	725
605	726
605	727
606	724
606	725
606	726
606	727
607	724
607	725
607	726
607	727
608	724
608	725
608	726
608	727
609	724
609	725
609	726
609	727
610	724
610	725
610	726
610	727
611	724
611	725
611	726
611	727
612	724
612	725
612	726
612	727
613	724
613	725
613	726
613	727
614	724
614	725
614	726
614	727
615	724
615	725
615	726
615	727
616	724
616	725
616	726
616	727
617	724
617	725
617	726
617	727
618	724
618	725
618	726
618	727
619	724
619	725
619	726
619	727
620	724
620	725
620	726
620	727
621	724
621	725
621	726
621	727
622	724
622	725
622	726
622	727
623	724
623	725
623	726
623	727
624	724
624	725
624	726
624	727
625	724
625	725
625	726
625	727
626	724
626	725
626	726
626	727
627	724
627	725
627	726
627	727
628	724
628	725
628	726
628	727
629	724
629	725
629	726
629	727
630	724
630	725
630	726
630	727
631	724
631	725
631	726
631	727
632	724
632	725
632	726
632	727
633	724
633	725
633	726
633	727
634	724
634	725
634	726
634	727
635	724
635	725
635	726
635	727
636	724
636	725
636	726
636	727
637	724
637	725
637	726
637	727
638	724
638	725
638	726
638	727
639	724
639	725
639	726
639	727
640	724
640	725
640	726
640	727
641	724
641	725
641	726
641	727
642	724
642	725
642	726
642	727
643	724
643	725
643	726
643	727
644	724
644	725
644	726
644	727
645	724
645	725
645	726
645	727
646	724
646	725
646	726
646	727
647	724
647	725
647	726
647	727
648	724
648	725
648	726
648	727
649	724
649	725
649	726
649	727
650	724
650	725
650	726
650	727
651	724
651	725
651	726
651	727
652	724
652	725
652	726
652	727
653	724
653	725
653	726
653	727
654	724
654	725
654	726
654	727
655	724
655	725
655	726
655	727
656	724
656	725
656	726
656	727
657	724
657	725
657	726
657	727
658	724
658	725
658	726
658	727
659	724
659	725
659	726
659	727
660	724
660	725
660	726
660	727
661	724
661	725
661	726
661	727
662	724
662	725
662	726
662	727
663	724
663	725
663	726
663	727
664	724
664	725
664	726
664	727
665	724
665	725
665	726
665	727
666	724
666	725
666	726
666	727
667	724
667	725
667	726
667	727
668	724
668	725
668	726
668	727
669	724
669	725
669	726
669	727
670	724
670	725
670	726
670	727
671	724
671	725
671	726
671	727
672	724
672	725
672	726
672	727
673	724
673	725
673	726
673	727
674	724
674	725
674	726
674	727
675	724
675	725
675	726
675	727
676	724
676	725
676	726
676	727
677	724
677	725
677	726
677	727
678	724
678	725
678	726
678	727
679	724
679	725
679	726
679	727
680	724
680	725
680	726
680	727
681	724
681	725
681	726
681	727
682	724
682	725
682	726
682	727
683	724
683	725
683	726
683	727
684	724
684	725
684	726
684	727
685	724
685	725
685	726
685	727
686	724
686	725
686	726
686	727
687	724
687	725
687	726
687	727
688	724
688	725
688	726
688	727
689	724
689	725
689	726
689	727
690	724
690	725
690	726
690	727
691	724
691	725
691	726
691	727
692	724
692	725
692	726
692	727
693	724
693	725
693	726
693	727
694	724
694	725
694	726
694	727
695	724
695	725
695	726
695	727
696	724
696	725
696	726
696	727
697	724
697	725
697	726
697	727
698	724
698	725
698	726
698	727
699	724
699	725
699	726
699	727
700	724
700	725
700	726
700	727
701	724
701	725
701	726
701	727
702	724
702	725
702	726
702	727
703	724
703	725
703	726
703	727
704	724
704	725
704	726
704	727
705	724
705	725
705	726
705	727
706	724
706	725
706	726
706	727
707	724
707	725
707	726
707	727
708	724
708	725
708	726
708	727
709	724
709	725
709	726
709	727
710	724
710	725
710	726
710	727
711	724
711	725
711	726
711	727
712	724
712	725
712	726
712	727
713	724
713	725
713	726
713	727
714	724
714	725
714	726
714	727
715	724
715	725
715	726
715	727
716	724
716	725
716	726
716	727
717	724
717	725
717	726
717	727
718	724
718	725
718	726
718	727
719	724
719	725
719	726
719	727
720	724
720	725
720	726
720	727
721	724
721	725
721	726
721	727
722	724
722	725
722	726
722	727
723	724
723	725
723	726
723	727
724	728
724	729
724	730
724	731
724	732
724	733
724	734
724	735
724	736
724	737
724	738
724	739
724	740
724	741
724	742
724	743
724	744
724	745
724	746
724	747
724	748
724	749
724	750
724	751
724	752
724	753
724	754
724	755
724	756
724	757
724	758
724	759
725	728
725	729
725	730
725	731
725	732
725	733
725	734
725	735
725	736
725	737
725	738
725	739
725	740
725	741
725	742
725	743
725	744
725	745
725	746
725	747
725	748
725	749
725	750
725	751
725	752
725	753
725	754
725	755
725	756
725	757
725	758
725	759
726	728
726	729
726	730
726	731
726	732
726	733
726	734
726	735
726	736
726	737
726	738
726	739
726	740
726	741
726	742
726	743
726	744
726	745
726	746
726	747
726	748
726	749
726	750
726	751
726	752
726	753
726	754
726	755
726	756
726	757
726	758
726	759
727	728
727	729
727	730
727	731
727	732
727	733
727	734
727	735
727	736
727	737
727	738
727	739
727	740
727	741
727	742
727	743
727	744
727	745
727	746
727	747
727	748
727	749
727	750
727	751
727	752
727	753
727	754
727	755
727	756
727	757
727	758
727	759
728	760
728	761
728	762
728	763
728	940
729	760
729	761
729	762
729	763
729	941
730	760
730	761
730	762
730	763
730	942
731	760
731	761
731	762
731	763
731	943
732	760
732	761
732	762
732	763
732	944
733	760
733	761
733	762
733	763
733	945
734	760
734	761
734	762
734	763
734	946
735	760
735	761
735	762
735	763
735	947
736	760
736	761
736	762
736	763
736	948
737	760
737	761
737	762
737	763
737	949
738	760
738	761
738	762
738	763
738	950
739	760
739	761
739	762
739	763
739	951
740	760
740	761
740	762
740	763
740	952
741	760
741	761
741	762
741	763
741	953
742	760
742	761
742	762
742	763
742	954
743	760
743	761
743	762
743	763
743	955
744	760
744	761
744	762
744	763
744	956
745	760
745	761
745	762
745	763
745	957
746	760
746	761
746	762
746	763
746	958
747	760
747	761
747	762
747	763
747	959
748	760
748	761
748	762
748	763
748	960
749	760
749	761
749	762
749	763
749	961
750	760
750	761
750	762
750	763
750	962
751	760
751	761
751	762
751	763
751	963
752	760
752	761
752	762
752	763
752	964
753	760
753	761
753	762
753	763
753	965
754	760
754	761
754	762
754	763
754	966
755	760
755	761
755	762
755	763
755	967
756	760
756	761
756	762
756	763
756	968
757	760
757	761
757	762
757	763
757	969
758	760
758	761
758	762
758	763
758	970
759	760
759	761
759	762
759	763
759	971
760	764
760	765
760	766
760	767
760	768
760	769
760	770
760	771
760	772
760	773
760	774
760	775
760	776
760	777
760	778
760	779
760	780
760	781
760	782
760	783
760	784
760	785
760	786
760	787
760	788
760	789
760	790
760	791
760	792
760	793
760	794
760	795
760	796
760	797
760	798
760	799
760	800
760	801
760	802
760	803
760	804
760	805
760	806
760	807
760	808
760	809
760	810
760	811
760	812
760	813
760	814
760	815
760	816
760	817
760	818
760	819
760	820
760	821
760	822
760	823
760	824
760	825
760	826
760	827
760	828
760	829
760	830
760	831
760	832
760	833
760	834
760	835
760	836
760	837
760	838
760	839
760	840
760	841
760	842
760	843
760	844
760	845
760	846
760	847
760	848
760	849
760	850
760	851
760	852
760	853
760	854
760	855
760	856
760	857
760	858
760	859
761	764
761	765
761	766
761	767
761	768
761	769
761	770
761	771
761	772
761	773
761	774
761	775
761	776
761	777
761	778
761	779
761	780
761	781
761	782
761	783
761	784
761	785
761	786
761	787
761	788
761	789
761	790
761	791
761	792
761	793
761	794
761	795
761	796
761	797
761	798
761	799
761	800
761	801
761	802
761	803
761	804
761	805
761	806
761	807
761	808
761	809
761	810
761	811
761	812
761	813
761	814
761	815
761	816
761	817
761	818
761	819
761	820
761	821
761	822
761	823
761	824
761	825
761	826
761	827
761	828
761	829
761	830
761	831
761	832
761	833
761	834
761	835
761	836
761	837
761	838
761	839
761	840
761	841
761	842
761	843
761	844
761	845
761	846
761	847
761	848
761	849
761	850
761	851
761	852
761	853
761	854
761	855
761	856
761	857
761	858
761	859
762	764
762	765
762	766
762	767
762	768
762	769
762	770
762	771
762	772
762	773
762	774
762	775
762	776
762	777
762	778
762	779
762	780
762	781
762	782
762	783
762	784
762	785
762	786
762	787
762	788
762	789
762	790
762	791
762	792
762	793
762	794
762	795
762	796
762	797
762	798
762	799
762	800
762	801
762	802
762	803
762	804
762	805
762	806
762	807
762	808
762	809
762	810
762	811
762	812
762	813
762	814
762	815
762	816
762	817
762	818
762	819
762	820
762	821
762	822
762	823
762	824
762	825
762	826
762	827
762	828
762	829
762	830
762	831
762	832
762	833
762	834
762	835
762	836
762	837
762	838
762	839
762	840
762	841
762	842
762	843
762	844
762	845
762	846
762	847
762	848
762	849
762	850
762	851
762	852
762	853
762	854
762	855
762	856
762	857
762	858
762	859
763	764
763	765
763	766
763	767
763	768
763	769
763	770
763	771
763	772
763	773
763	774
763	775
763	776
763	777
763	778
763	779
763	780
763	781
763	782
763	783
763	784
763	785
763	786
763	787
763	788
763	789
763	790
763	791
763	792
763	793
763	794
763	795
763	796
763	797
763	798
763	799
763	800
763	801
763	802
763	803
763	804
763	805
763	806
763	807
763	808
763	809
763	810
763	811
763	812
763	813
763	814
763	815
763	816
763	817
763	818
763	819
763	820
763	821
763	822
763	823
763	824
763	825
763	826
763	827
763	828
763	829
763	830
763	831
763	832
763	833
763	834
763	835
763	836
763	837
763	838
763	839
763	840
763	841
763	842
763	843
763	844
763	845
763	846
763	847
763	848
763	849
763	850
763	851
763	852
763	853
763	854
763	855
763	856
763	857
763	858
763	859
764	860
764	861
764	862
764	863
764	864
764	865
764	866
764	867
764	868
764	869
764	870
764	871
764	872
764	873
764	874
764	875
765	860
765	861
765	862
765	863
765	864
765	865
765	866
765	867
765	868
765	869
765	870
765	871
765	872
765	873
765	874
765	875
766	860
766	861
766	862
766	863
766	864
766	865
766	866
766	867
766	868
766	869
766	870
766	871
766	872
766	873
766	874
766	875
767	860
767	861
767	862
767	863
767	864
767	865
767	866
767	867
767	868
767	869
767	870
767	871
767	872
767	873
767	874
767	875
768	860
768	861
768	862
768	863
768	864
768	865
768	866
768	867
768	868
768	869
768	870
768	871
768	872
768	873
768	874
768	875
769	860
769	861
769	862
769	863
769	864
769	865
769	866
769	867
769	868
769	869
769	870
769	871
769	872
769	873
769	874
769	875
770	860
770	861
770	862
770	863
770	864
770	865
770	866
770	867
770	868
770	869
770	870
770	871
770	872
770	873
770	874
770	875
771	860
771	861
771	862
771	863
771	864
771	865
771	866
771	867
771	868
771	869
771	870
771	871
771	872
771	873
771	874
771	875
772	860
772	861
772	862
772	863
772	864
772	865
772	866
772	867
772	868
772	869
772	870
772	871
772	872
772	873
772	874
772	875
773	860
773	861
773	862
773	863
773	864
773	865
773	866
773	867
773	868
773	869
773	870
773	871
773	872
773	873
773	874
773	875
774	860
774	861
774	862
774	863
774	864
774	865
774	866
774	867
774	868
774	869
774	870
774	871
774	872
774	873
774	874
774	875
775	860
775	861
775	862
775	863
775	864
775	865
775	866
775	867
775	868
775	869
775	870
775	871
775	872
775	873
775	874
775	875
776	860
776	861
776	862
776	863
776	864
776	865
776	866
776	867
776	868
776	869
776	870
776	871
776	872
776	873
776	874
776	875
777	860
777	861
777	862
777	863
777	864
777	865
777	866
777	867
777	868
777	869
777	870
777	871
777	872
777	873
777	874
777	875
778	860
778	861
778	862
778	863
778	864
778	865
778	866
778	867
778	868
778	869
778	870
778	871
778	872
778	873
778	874
778	875
779	860
779	861
779	862
779	863
779	864
779	865
779	866
779	867
779	868
779	869
779	870
779	871
779	872
779	873
779	874
779	875
780	860
780	861
780	862
780	863
780	864
780	865
780	866
780	867
780	868
780	869
780	870
780	871
780	872
780	873
780	874
780	875
781	860
781	861
781	862
781	863
781	864
781	865
781	866
781	867
781	868
781	869
781	870
781	871
781	872
781	873
781	874
781	875
782	860
782	861
782	862
782	863
782	864
782	865
782	866
782	867
782	868
782	869
782	870
782	871
782	872
782	873
782	874
782	875
783	860
783	861
783	862
783	863
783	864
783	865
783	866
783	867
783	868
783	869
783	870
783	871
783	872
783	873
783	874
783	875
784	860
784	861
784	862
784	863
784	864
784	865
784	866
784	867
784	868
784	869
784	870
784	871
784	872
784	873
784	874
784	875
785	860
785	861
785	862
785	863
785	864
785	865
785	866
785	867
785	868
785	869
785	870
785	871
785	872
785	873
785	874
785	875
786	860
786	861
786	862
786	863
786	864
786	865
786	866
786	867
786	868
786	869
786	870
786	871
786	872
786	873
786	874
786	875
787	860
787	861
787	862
787	863
787	864
787	865
787	866
787	867
787	868
787	869
787	870
787	871
787	872
787	873
787	874
787	875
788	860
788	861
788	862
788	863
788	864
788	865
788	866
788	867
788	868
788	869
788	870
788	871
788	872
788	873
788	874
788	875
789	860
789	861
789	862
789	863
789	864
789	865
789	866
789	867
789	868
789	869
789	870
789	871
789	872
789	873
789	874
789	875
790	860
790	861
790	862
790	863
790	864
790	865
790	866
790	867
790	868
790	869
790	870
790	871
790	872
790	873
790	874
790	875
791	860
791	861
791	862
791	863
791	864
791	865
791	866
791	867
791	868
791	869
791	870
791	871
791	872
791	873
791	874
791	875
792	860
792	861
792	862
792	863
792	864
792	865
792	866
792	867
792	868
792	869
792	870
792	871
792	872
792	873
792	874
792	875
793	860
793	861
793	862
793	863
793	864
793	865
793	866
793	867
793	868
793	869
793	870
793	871
793	872
793	873
793	874
793	875
794	860
794	861
794	862
794	863
794	864
794	865
794	866
794	867
794	868
794	869
794	870
794	871
794	872
794	873
794	874
794	875
795	860
795	861
795	862
795	863
795	864
795	865
795	866
795	867
795	868
795	869
795	870
795	871
795	872
795	873
795	874
795	875
796	876
796	877
796	878
796	879
796	880
796	881
796	882
796	883
796	884
796	885
796	886
796	887
796	888
796	889
796	890
796	891
797	876
797	877
797	878
797	879
797	880
797	881
797	882
797	883
797	884
797	885
797	886
797	887
797	888
797	889
797	890
797	891
798	876
798	877
798	878
798	879
798	880
798	881
798	882
798	883
798	884
798	885
798	886
798	887
798	888
798	889
798	890
798	891
799	876
799	877
799	878
799	879
799	880
799	881
799	882
799	883
799	884
799	885
799	886
799	887
799	888
799	889
799	890
799	891
800	876
800	877
800	878
800	879
800	880
800	881
800	882
800	883
800	884
800	885
800	886
800	887
800	888
800	889
800	890
800	891
801	876
801	877
801	878
801	879
801	880
801	881
801	882
801	883
801	884
801	885
801	886
801	887
801	888
801	889
801	890
801	891
802	876
802	877
802	878
802	879
802	880
802	881
802	882
802	883
802	884
802	885
802	886
802	887
802	888
802	889
802	890
802	891
803	876
803	877
803	878
803	879
803	880
803	881
803	882
803	883
803	884
803	885
803	886
803	887
803	888
803	889
803	890
803	891
804	876
804	877
804	878
804	879
804	880
804	881
804	882
804	883
804	884
804	885
804	886
804	887
804	888
804	889
804	890
804	891
805	876
805	877
805	878
805	879
805	880
805	881
805	882
805	883
805	884
805	885
805	886
805	887
805	888
805	889
805	890
805	891
806	876
806	877
806	878
806	879
806	880
806	881
806	882
806	883
806	884
806	885
806	886
806	887
806	888
806	889
806	890
806	891
807	876
807	877
807	878
807	879
807	880
807	881
807	882
807	883
807	884
807	885
807	886
807	887
807	888
807	889
807	890
807	891
808	876
808	877
808	878
808	879
808	880
808	881
808	882
808	883
808	884
808	885
808	886
808	887
808	888
808	889
808	890
808	891
809	876
809	877
809	878
809	879
809	880
809	881
809	882
809	883
809	884
809	885
809	886
809	887
809	888
809	889
809	890
809	891
810	876
810	877
810	878
810	879
810	880
810	881
810	882
810	883
810	884
810	885
810	886
810	887
810	888
810	889
810	890
810	891
811	876
811	877
811	878
811	879
811	880
811	881
811	882
811	883
811	884
811	885
811	886
811	887
811	888
811	889
811	890
811	891
812	876
812	877
812	878
812	879
812	880
812	881
812	882
812	883
812	884
812	885
812	886
812	887
812	888
812	889
812	890
812	891
813	876
813	877
813	878
813	879
813	880
813	881
813	882
813	883
813	884
813	885
813	886
813	887
813	888
813	889
813	890
813	891
814	876
814	877
814	878
814	879
814	880
814	881
814	882
814	883
814	884
814	885
814	886
814	887
814	888
814	889
814	890
814	891
815	876
815	877
815	878
815	879
815	880
815	881
815	882
815	883
815	884
815	885
815	886
815	887
815	888
815	889
815	890
815	891
816	876
816	877
816	878
816	879
816	880
816	881
816	882
816	883
816	884
816	885
816	886
816	887
816	888
816	889
816	890
816	891
817	876
817	877
817	878
817	879
817	880
817	881
817	882
817	883
817	884
817	885
817	886
817	887
817	888
817	889
817	890
817	891
818	876
818	877
818	878
818	879
818	880
818	881
818	882
818	883
818	884
818	885
818	886
818	887
818	888
818	889
818	890
818	891
819	876
819	877
819	878
819	879
819	880
819	881
819	882
819	883
819	884
819	885
819	886
819	887
819	888
819	889
819	890
819	891
820	876
820	877
820	878
820	879
820	880
820	881
820	882
820	883
820	884
820	885
820	886
820	887
820	888
820	889
820	890
820	891
821	876
821	877
821	878
821	879
821	880
821	881
821	882
821	883
821	884
821	885
821	886
821	887
821	888
821	889
821	890
821	891
822	876
822	877
822	878
822	879
822	880
822	881
822	882
822	883
822	884
822	885
822	886
822	887
822	888
822	889
822	890
822	891
823	876
823	877
823	878
823	879
823	880
823	881
823	882
823	883
823	884
823	885
823	886
823	887
823	888
823	889
823	890
823	891
824	876
824	877
824	878
824	879
824	880
824	881
824	882
824	883
824	884
824	885
824	886
824	887
824	888
824	889
824	890
824	891
825	876
825	877
825	878
825	879
825	880
825	881
825	882
825	883
825	884
825	885
825	886
825	887
825	888
825	889
825	890
825	891
826	876
826	877
826	878
826	879
826	880
826	881
826	882
826	883
826	884
826	885
826	886
826	887
826	888
826	889
826	890
826	891
827	876
827	877
827	878
827	879
827	880
827	881
827	882
827	883
827	884
827	885
827	886
827	887
827	888
827	889
827	890
827	891
828	908
828	909
828	910
828	911
828	912
828	913
828	914
828	915
828	916
828	917
828	918
828	919
828	920
828	921
828	922
828	923
829	908
829	909
829	910
829	911
829	912
829	913
829	914
829	915
829	916
829	917
829	918
829	919
829	920
829	921
829	922
829	923
830	908
830	909
830	910
830	911
830	912
830	913
830	914
830	915
830	916
830	917
830	918
830	919
830	920
830	921
830	922
830	923
831	908
831	909
831	910
831	911
831	912
831	913
831	914
831	915
831	916
831	917
831	918
831	919
831	920
831	921
831	922
831	923
832	908
832	909
832	910
832	911
832	912
832	913
832	914
832	915
832	916
832	917
832	918
832	919
832	920
832	921
832	922
832	923
833	908
833	909
833	910
833	911
833	912
833	913
833	914
833	915
833	916
833	917
833	918
833	919
833	920
833	921
833	922
833	923
834	908
834	909
834	910
834	911
834	912
834	913
834	914
834	915
834	916
834	917
834	918
834	919
834	920
834	921
834	922
834	923
835	908
835	909
835	910
835	911
835	912
835	913
835	914
835	915
835	916
835	917
835	918
835	919
835	920
835	921
835	922
835	923
836	908
836	909
836	910
836	911
836	912
836	913
836	914
836	915
836	916
836	917
836	918
836	919
836	920
836	921
836	922
836	923
837	908
837	909
837	910
837	911
837	912
837	913
837	914
837	915
837	916
837	917
837	918
837	919
837	920
837	921
837	922
837	923
838	908
838	909
838	910
838	911
838	912
838	913
838	914
838	915
838	916
838	917
838	918
838	919
838	920
838	921
838	922
838	923
839	908
839	909
839	910
839	911
839	912
839	913
839	914
839	915
839	916
839	917
839	918
839	919
839	920
839	921
839	922
839	923
840	908
840	909
840	910
840	911
840	912
840	913
840	914
840	915
840	916
840	917
840	918
840	919
840	920
840	921
840	922
840	923
841	908
841	909
841	910
841	911
841	912
841	913
841	914
841	915
841	916
841	917
841	918
841	919
841	920
841	921
841	922
841	923
842	908
842	909
842	910
842	911
842	912
842	913
842	914
842	915
842	916
842	917
842	918
842	919
842	920
842	921
842	922
842	923
843	908
843	909
843	910
843	911
843	912
843	913
843	914
843	915
843	916
843	917
843	918
843	919
843	920
843	921
843	922
843	923
844	908
844	909
844	910
844	911
844	912
844	913
844	914
844	915
844	916
844	917
844	918
844	919
844	920
844	921
844	922
844	923
845	908
845	909
845	910
845	911
845	912
845	913
845	914
845	915
845	916
845	917
845	918
845	919
845	920
845	921
845	922
845	923
846	908
846	909
846	910
846	911
846	912
846	913
846	914
846	915
846	916
846	917
846	918
846	919
846	920
846	921
846	922
846	923
847	908
847	909
847	910
847	911
847	912
847	913
847	914
847	915
847	916
847	917
847	918
847	919
847	920
847	921
847	922
847	923
848	908
848	909
848	910
848	911
848	912
848	913
848	914
848	915
848	916
848	917
848	918
848	919
848	920
848	921
848	922
848	923
849	908
849	909
849	910
849	911
849	912
849	913
849	914
849	915
849	916
849	917
849	918
849	919
849	920
849	921
849	922
849	923
850	908
850	909
850	910
850	911
850	912
850	913
850	914
850	915
850	916
850	917
850	918
850	919
850	920
850	921
850	922
850	923
851	908
851	909
851	910
851	911
851	912
851	913
851	914
851	915
851	916
851	917
851	918
851	919
851	920
851	921
851	922
851	923
852	908
852	909
852	910
852	911
852	912
852	913
852	914
852	915
852	916
852	917
852	918
852	919
852	920
852	921
852	922
852	923
853	908
853	909
853	910
853	911
853	912
853	913
853	914
853	915
853	916
853	917
853	918
853	919
853	920
853	921
853	922
853	923
854	908
854	909
854	910
854	911
854	912
854	913
854	914
854	915
854	916
854	917
854	918
854	919
854	920
854	921
854	922
854	923
855	908
855	909
855	910
855	911
855	912
855	913
855	914
855	915
855	916
855	917
855	918
855	919
855	920
855	921
855	922
855	923
856	908
856	909
856	910
856	911
856	912
856	913
856	914
856	915
856	916
856	917
856	918
856	919
856	920
856	921
856	922
856	923
857	908
857	909
857	910
857	911
857	912
857	913
857	914
857	915
857	916
857	917
857	918
857	919
857	920
857	921
857	922
857	923
858	908
858	909
858	910
858	911
858	912
858	913
858	914
858	915
858	916
858	917
858	918
858	919
858	920
858	921
858	922
858	923
859	908
859	909
859	910
859	911
859	912
859	913
859	914
859	915
859	916
859	917
859	918
859	919
859	920
859	921
859	922
859	923
860	924
861	925
862	926
863	927
864	928
865	929
866	930
867	931
868	932
869	933
870	934
871	935
872	936
873	937
874	938
875	939
876	892
877	893
878	894
879	895
880	896
881	897
882	898
883	899
884	900
885	901
886	902
887	903
888	904
889	905
890	906
891	907
892	924
892	925
892	926
892	927
892	928
892	929
892	930
892	931
892	932
892	933
892	934
892	935
892	936
892	937
892	938
892	939
893	924
893	925
893	926
893	927
893	928
893	929
893	930
893	931
893	932
893	933
893	934
893	935
893	936
893	937
893	938
893	939
894	924
894	925
894	926
894	927
894	928
894	929
894	930
894	931
894	932
894	933
894	934
894	935
894	936
894	937
894	938
894	939
895	924
895	925
895	926
895	927
895	928
895	929
895	930
895	931
895	932
895	933
895	934
895	935
895	936
895	937
895	938
895	939
896	924
896	925
896	926
896	927
896	928
896	929
896	930
896	931
896	932
896	933
896	934
896	935
896	936
896	937
896	938
896	939
897	924
897	925
897	926
897	927
897	928
897	929
897	930
897	931
897	932
897	933
897	934
897	935
897	936
897	937
897	938
897	939
898	924
898	925
898	926
898	927
898	928
898	929
898	930
898	931
898	932
898	933
898	934
898	935
898	936
898	937
898	938
898	939
899	924
899	925
899	926
899	927
899	928
899	929
899	930
899	931
899	932
899	933
899	934
899	935
899	936
899	937
899	938
899	939
900	924
900	925
900	926
900	927
900	928
900	929
900	930
900	931
900	932
900	933
900	934
900	935
900	936
900	937
900	938
900	939
901	924
901	925
901	926
901	927
901	928
901	929
901	930
901	931
901	932
901	933
901	934
901	935
901	936
901	937
901	938
901	939
902	924
902	925
902	926
902	927
902	928
902	929
902	930
902	931
902	932
902	933
902	934
902	935
902	936
902	937
902	938
902	939
903	924
903	925
903	926
903	927
903	928
903	929
903	930
903	931
903	932
903	933
903	934
903	935
903	936
903	937
903	938
903	939
904	924
904	925
904	926
904	927
904	928
904	929
904	930
904	931
904	932
904	933
904	934
904	935
904	936
904	937
904	938
904	939
905	924
905	925
905	926
905	927
905	928
905	929
905	930
905	931
905	932
905	933
905	934
905	935
905	936
905	937
905	938
905	939
906	924
906	925
906	926
906	927
906	928
906	929
906	930
906	931
906	932
906	933
906	934
906	935
906	936
906	937
906	938
906	939
907	924
907	925
907	926
907	927
907	928
907	929
907	930
907	931
907	932
907	933
907	934
907	935
907	936
907	937
907	938
907	939
908	924
908	925
908	926
908	927
908	928
908	929
908	930
908	931
908	932
908	933
908	934
908	935
908	936
908	937
908	938
908	939
909	924
909	925
909	926
909	927
909	928
909	929
909	930
909	931
909	932
909	933
909	934
909	935
909	936
909	937
909	938
909	939
910	924
910	925
910	926
910	927
910	928
910	929
910	930
910	931
910	932
910	933
910	934
910	935
910	936
910	937
910	938
910	939
911	924
911	925
911	926
911	927
911	928
911	929
911	930
911	931
911	932
911	933
911	934
911	935
911	936
911	937
911	938
911	939
912	924
912	925
912	926
912	927
912	928
912	929
912	930
912	931
912	932
912	933
912	934
912	935
912	936
912	937
912	938
912	939
913	924
913	925
913	926
913	927
913	928
913	929
913	930
913	931
913	932
913	933
913	934
913	935
913	936
913	937
913	938
913	939
914	924
914	925
914	926
914	927
914	928
914	929
914	930
914	931
914	932
914	933
914	934
914	935
914	936
914	937
914	938
914	939
915	924
915	925
915	926
915	927
915	928
915	929
915	930
915	931
915	932
915	933
915	934
915	935
915	936
915	937
915	938
915	939
916	924
916	925
916	926
916	927
916	928
916	929
916	930
916	931
916	932
916	933
916	934
916	935
916	936
916	937
916	938
916	939
917	924
917	925
917	926
917	927
917	928
917	929
917	930
917	931
917	932
917	933
917	934
917	935
917	936
917	937
917	938
917	939
918	924
918	925
918	926
918	927
918	928
918	929
918	930
918	931
918	932
918	933
918	934
918	935
918	936
918	937
918	938
918	939
919	924
919	925
919	926
919	927
919	928
919	929
919	930
919	931
919	932
919	933
919	934
919	935
919	936
919	937
919	938
919	939
920	924
920	925
920	926
920	927
920	928
920	929
920	930
920	931
920	932
920	933
920	934
920	935
920	936
920	937
920	938
920	939
921	924
921	925
921	926
921	927
921	928
921	929
921	930
921	931
921	932
921	933
921	934
921	935
921	936
921	937
921	938
921	939
922	924
922	925
922	926
922	927
922	928
922	929
922	930
922	931
922	932
922	933
922	934
922	935
922	936
922	937
922	938
922	939
923	924
923	925
923	926
923	927
923	928
923	929
923	930
923	931
923	932
923	933
923	934
923	935
923	936
923	937
923	938
923	939
924	940
924	941
924	942
924	943
924	944
924	945
924	946
924	947
924	948
924	949
924	950
924	951
924	952
924	953
924	954
924	955
924	956
924	957
924	958
924	959
924	960
924	961
924	962
924	963
924	964
924	965
924	966
924	967
924	968
924	969
924	970
924	971
925	940
925	941
925	942
925	943
925	944
925	945
925	946
925	947
925	948
925	949
925	950
925	951
925	952
925	953
925	954
925	955
925	956
925	957
925	958
925	959
925	960
925	961
925	962
925	963
925	964
925	965
925	966
925	967
925	968
925	969
925	970
925	971
926	940
926	941
926	942
926	943
926	944
926	945
926	946
926	947
926	948
926	949
926	950
926	951
926	952
926	953
926	954
926	955
926	956
926	957
926	958
926	959
926	960
926	961
926	962
926	963
926	964
926	965
926	966
926	967
926	968
926	969
926	970
926	971
927	940
927	941
927	942
927	943
927	944
927	945
927	946
927	947
927	948
927	949
927	950
927	951
927	952
927	953
927	954
927	955
927	956
927	957
927	958
927	959
927	960
927	961
927	962
927	963
927	964
927	965
927	966
927	967
927	968
927	969
927	970
927	971
928	940
928	941
928	942
928	943
928	944
928	945
928	946
928	947
928	948
928	949
928	950
928	951
928	952
928	953
928	954
928	955
928	956
928	957
928	958
928	959
928	960
928	961
928	962
928	963
928	964
928	965
928	966
928	967
928	968
928	969
928	970
928	971
929	940
929	941
929	942
929	943
929	944
929	945
929	946
929	947
929	948
929	949
929	950
929	951
929	952
929	953
929	954
929	955
929	956
929	957
929	958
929	959
929	960
929	961
929	962
929	963
929	964
929	965
929	966
929	967
929	968
929	969
929	970
929	971
930	940
930	941
930	942
930	943
930	944
930	945
930	946
930	947
930	948
930	949
930	950
930	951
930	952
930	953
930	954
930	955
930	956
930	957
930	958
930	959
930	960
930	961
930	962
930	963
930	964
930	965
930	966
930	967
930	968
930	969
930	970
930	971
931	940
931	941
931	942
931	943
931	944
931	945
931	946
931	947
931	948
931	949
931	950
931	951
931	952
931	953
931	954
931	955
931	956
931	957
931	958
931	959
931	960
931	961
931	962
931	963
931	964
931	965
931	966
931	967
931	968
931	969
931	970
931	971
932	940
932	941
932	942
932	943
932	944
932	945
932	946
932	947
932	948
932	949
932	950
932	951
932	952
932	953
932	954
932	955
932	956
932	957
932	958
932	959
932	960
932	961
932	962
932	963
932	964
932	965
932	966
932	967
932	968
932	969
932	970
932	971
933	940
933	941
933	942
933	943
933	944
933	945
933	946
933	947
933	948
933	949
933	950
933	951
933	952
933	953
933	954
933	955
933	956
933	957
933	958
933	959
933	960
933	961
933	962
933	963
933	964
933	965
933	966
933	967
933	968
933	969
933	970
933	971
934	940
934	941
934	942
934	943
934	944
934	945
934	946
934	947
934	948
934	949
934	950
934	951
934	952
934	953
934	954
934	955
934	956
934	957
934	958
934	959
934	960
934	961
934	962
934	963
934	964
934	965
934	966
934	967
934	968
934	969
934	970
934	971
935	940
935	941
935	942
935	943
935	944
935	945
935	946
935	947
935	948
935	949
935	950
935	951
935	952
935	953
935	954
935	955
935	956
935	957
935	958
935	959
935	960
935	961
935	962
935	963
935	964
935	965
935	966
935	967
935	968
935	969
935	970
935	971
936	940
936	941
936	942
936	943
936	944
936	945
936	946
936	947
936	948
936	949
936	950
936	951
936	952
936	953
936	954
936	955
936	956
936	957
936	958
936	959
936	960
936	961
936	962
936	963
936	964
936	965
936	966
936	967
936	968
936	969
936	970
936	971
937	940
937	941
937	942
937	943
937	944
937	945
937	946
937	947
937	948
937	949
937	950
937	951
937	952
937	953
937	954
937	955
937	956
937	957
937	958
937	959
937	960
937	961
937	962
937	963
937	964
937	965
937	966
937	967
937	968
937	969
937	970
937	971
938	940
938	941
938	942
938	943
938	944
938	945
938	946
938	947
938	948
938	949
938	950
938	951
938	952
938	953
938	954
938	955
938	956
938	957
938	958
938	959
938	960
938	961
938	962
938	963
938	964
938	965
938	966
938	967
938	968
938	969
938	970
938	971
939	940
939	941
939	942
939	943
939	944
939	945
939	946
939	947
939	948
939	949
939	950
939	951
939	952
939	953
939	954
939	955
939	956
939	957
939	958
939	959
939	960
939	961
939	962
939	963
939	964
939	965
939	966
939	967
939	968
939	969
939	970
939	971
940	972
940	973
940	974
940	975
940	1108
941	972
941	973
941	974
941	975
941	1109
942	972
942	973
942	974
942	975
942	1110
943	972
943	973
943	974
943	975
943	1111
944	972
944	973
944	974
944	975
944	1112
945	972
945	973
945	974
945	975
945	1113
946	972
946	973
946	974
946	975
946	1114
947	972
947	973
947	974
947	975
947	1115
948	972
948	973
948	974
948	975
948	1116
949	972
949	973
949	974
949	975
949	1117
950	972
950	973
950	974
950	975
950	1118
951	972
951	973
951	974
951	975
951	1119
952	972
952	973
952	974
952	975
952	1120
953	972
953	973
953	974
953	975
953	1121
954	972
954	973
954	974
954	975
954	1122
955	972
955	973
955	974
955	975
955	1123
956	972
956	973
956	974
956	975
956	1124
957	972
957	973
957	974
957	975
957	1125
958	972
958	973
958	974
958	975
958	1126
959	972
959	973
959	974
959	975
959	1127
960	972
960	973
960	974
960	975
960	1128
961	972
961	973
961	974
961	975
961	1129
962	972
962	973
962	974
962	975
962	1130
963	972
963	973
963	974
963	975
963	1131
964	972
964	973
964	974
964	975
964	1132
965	972
965	973
965	974
965	975
965	1133
966	972
966	973
966	974
966	975
966	1134
967	972
967	973
967	974
967	975
967	1135
968	972
968	973
968	974
968	975
968	1136
969	972
969	973
969	974
969	975
969	1137
970	972
970	973
970	974
970	975
970	1138
971	972
971	973
971	974
971	975
971	1139
972	976
972	977
972	978
972	979
972	980
972	981
972	982
972	983
972	984
972	985
972	986
972	987
972	988
972	989
972	990
972	991
972	992
972	993
972	994
972	995
972	996
972	997
972	998
972	999
972	1000
972	1001
972	1002
972	1003
972	1004
972	1005
972	1006
972	1007
972	1008
972	1009
972	1010
972	1011
972	1012
972	1013
972	1014
972	1015
972	1016
972	1017
972	1018
972	1019
972	1020
972	1021
972	1022
972	1023
972	1024
972	1025
972	1026
972	1027
972	1028
972	1029
972	1030
972	1031
972	1032
972	1033
972	1034
972	1035
972	1036
972	1037
972	1038
972	1039
972	1040
972	1041
972	1042
972	1043
972	1044
972	1045
972	1046
972	1047
972	1048
972	1049
972	1050
972	1051
972	1052
972	1053
972	1054
972	1055
972	1056
972	1057
972	1058
972	1059
972	1060
972	1061
972	1062
972	1063
972	1064
972	1065
972	1066
972	1067
972	1068
972	1069
972	1070
972	1071
972	1072
972	1073
972	1074
972	1075
972	1076
972	1077
972	1078
972	1079
972	1080
972	1081
972	1082
972	1083
972	1084
972	1085
972	1086
972	1087
972	1088
972	1089
972	1090
972	1091
972	1092
972	1093
972	1094
972	1095
972	1096
972	1097
972	1098
972	1099
972	1100
972	1101
972	1102
972	1103
973	976
973	977
973	978
973	979
973	980
973	981
973	982
973	983
973	984
973	985
973	986
973	987
973	988
973	989
973	990
973	991
973	992
973	993
973	994
973	995
973	996
973	997
973	998
973	999
973	1000
973	1001
973	1002
973	1003
973	1004
973	1005
973	1006
973	1007
973	1008
973	1009
973	1010
973	1011
973	1012
973	1013
973	1014
973	1015
973	1016
973	1017
973	1018
973	1019
973	1020
973	1021
973	1022
973	1023
973	1024
973	1025
973	1026
973	1027
973	1028
973	1029
973	1030
973	1031
973	1032
973	1033
973	1034
973	1035
973	1036
973	1037
973	1038
973	1039
973	1040
973	1041
973	1042
973	1043
973	1044
973	1045
973	1046
973	1047
973	1048
973	1049
973	1050
973	1051
973	1052
973	1053
973	1054
973	1055
973	1056
973	1057
973	1058
973	1059
973	1060
973	1061
973	1062
973	1063
973	1064
973	1065
973	1066
973	1067
973	1068
973	1069
973	1070
973	1071
973	1072
973	1073
973	1074
973	1075
973	1076
973	1077
973	1078
973	1079
973	1080
973	1081
973	1082
973	1083
973	1084
973	1085
973	1086
973	1087
973	1088
973	1089
973	1090
973	1091
973	1092
973	1093
973	1094
973	1095
973	1096
973	1097
973	1098
973	1099
973	1100
973	1101
973	1102
973	1103
974	976
974	977
974	978
974	979
974	980
974	981
974	982
974	983
974	984
974	985
974	986
974	987
974	988
974	989
974	990
974	991
974	992
974	993
974	994
974	995
974	996
974	997
974	998
974	999
974	1000
974	1001
974	1002
974	1003
974	1004
974	1005
974	1006
974	1007
974	1008
974	1009
974	1010
974	1011
974	1012
974	1013
974	1014
974	1015
974	1016
974	1017
974	1018
974	1019
974	1020
974	1021
974	1022
974	1023
974	1024
974	1025
974	1026
974	1027
974	1028
974	1029
974	1030
974	1031
974	1032
974	1033
974	1034
974	1035
974	1036
974	1037
974	1038
974	1039
974	1040
974	1041
974	1042
974	1043
974	1044
974	1045
974	1046
974	1047
974	1048
974	1049
974	1050
974	1051
974	1052
974	1053
974	1054
974	1055
974	1056
974	1057
974	1058
974	1059
974	1060
974	1061
974	1062
974	1063
974	1064
974	1065
974	1066
974	1067
974	1068
974	1069
974	1070
974	1071
974	1072
974	1073
974	1074
974	1075
974	1076
974	1077
974	1078
974	1079
974	1080
974	1081
974	1082
974	1083
974	1084
974	1085
974	1086
974	1087
974	1088
974	1089
974	1090
974	1091
974	1092
974	1093
974	1094
974	1095
974	1096
974	1097
974	1098
974	1099
974	1100
974	1101
974	1102
974	1103
975	976
975	977
975	978
975	979
975	980
975	981
975	982
975	983
975	984
975	985
975	986
975	987
975	988
975	989
975	990
975	991
975	992
975	993
975	994
975	995
975	996
975	997
975	998
975	999
975	1000
975	1001
975	1002
975	1003
975	1004
975	1005
975	1006
975	1007
975	1008
975	1009
975	1010
975	1011
975	1012
975	1013
975	1014
975	1015
975	1016
975	1017
975	1018
975	1019
975	1020
975	1021
975	1022
975	1023
975	1024
975	1025
975	1026
975	1027
975	1028
975	1029
975	1030
975	1031
975	1032
975	1033
975	1034
975	1035
975	1036
975	1037
975	1038
975	1039
975	1040
975	1041
975	1042
975	1043
975	1044
975	1045
975	1046
975	1047
975	1048
975	1049
975	1050
975	1051
975	1052
975	1053
975	1054
975	1055
975	1056
975	1057
975	1058
975	1059
975	1060
975	1061
975	1062
975	1063
975	1064
975	1065
975	1066
975	1067
975	1068
975	1069
975	1070
975	1071
975	1072
975	1073
975	1074
975	1075
975	1076
975	1077
975	1078
975	1079
975	1080
975	1081
975	1082
975	1083
975	1084
975	1085
975	1086
975	1087
975	1088
975	1089
975	1090
975	1091
975	1092
975	1093
975	1094
975	1095
975	1096
975	1097
975	1098
975	1099
975	1100
975	1101
975	1102
975	1103
976	1104
976	1105
976	1106
976	1107
977	1104
977	1105
977	1106
977	1107
978	1104
978	1105
978	1106
978	1107
979	1104
979	1105
979	1106
979	1107
980	1104
980	1105
980	1106
980	1107
981	1104
981	1105
981	1106
981	1107
982	1104
982	1105
982	1106
982	1107
983	1104
983	1105
983	1106
983	1107
984	1104
984	1105
984	1106
984	1107
985	1104
985	1105
985	1106
985	1107
986	1104
986	1105
986	1106
986	1107
987	1104
987	1105
987	1106
987	1107
988	1104
988	1105
988	1106
988	1107
989	1104
989	1105
989	1106
989	1107
990	1104
990	1105
990	1106
990	1107
991	1104
991	1105
991	1106
991	1107
992	1104
992	1105
992	1106
992	1107
993	1104
993	1105
993	1106
993	1107
994	1104
994	1105
994	1106
994	1107
995	1104
995	1105
995	1106
995	1107
996	1104
996	1105
996	1106
996	1107
997	1104
997	1105
997	1106
997	1107
998	1104
998	1105
998	1106
998	1107
999	1104
999	1105
999	1106
999	1107
1000	1104
1000	1105
1000	1106
1000	1107
1001	1104
1001	1105
1001	1106
1001	1107
1002	1104
1002	1105
1002	1106
1002	1107
1003	1104
1003	1105
1003	1106
1003	1107
1004	1104
1004	1105
1004	1106
1004	1107
1005	1104
1005	1105
1005	1106
1005	1107
1006	1104
1006	1105
1006	1106
1006	1107
1007	1104
1007	1105
1007	1106
1007	1107
1008	1104
1008	1105
1008	1106
1008	1107
1009	1104
1009	1105
1009	1106
1009	1107
1010	1104
1010	1105
1010	1106
1010	1107
1011	1104
1011	1105
1011	1106
1011	1107
1012	1104
1012	1105
1012	1106
1012	1107
1013	1104
1013	1105
1013	1106
1013	1107
1014	1104
1014	1105
1014	1106
1014	1107
1015	1104
1015	1105
1015	1106
1015	1107
1016	1104
1016	1105
1016	1106
1016	1107
1017	1104
1017	1105
1017	1106
1017	1107
1018	1104
1018	1105
1018	1106
1018	1107
1019	1104
1019	1105
1019	1106
1019	1107
1020	1104
1020	1105
1020	1106
1020	1107
1021	1104
1021	1105
1021	1106
1021	1107
1022	1104
1022	1105
1022	1106
1022	1107
1023	1104
1023	1105
1023	1106
1023	1107
1024	1104
1024	1105
1024	1106
1024	1107
1025	1104
1025	1105
1025	1106
1025	1107
1026	1104
1026	1105
1026	1106
1026	1107
1027	1104
1027	1105
1027	1106
1027	1107
1028	1104
1028	1105
1028	1106
1028	1107
1029	1104
1029	1105
1029	1106
1029	1107
1030	1104
1030	1105
1030	1106
1030	1107
1031	1104
1031	1105
1031	1106
1031	1107
1032	1104
1032	1105
1032	1106
1032	1107
1033	1104
1033	1105
1033	1106
1033	1107
1034	1104
1034	1105
1034	1106
1034	1107
1035	1104
1035	1105
1035	1106
1035	1107
1036	1104
1036	1105
1036	1106
1036	1107
1037	1104
1037	1105
1037	1106
1037	1107
1038	1104
1038	1105
1038	1106
1038	1107
1039	1104
1039	1105
1039	1106
1039	1107
1040	1104
1040	1105
1040	1106
1040	1107
1041	1104
1041	1105
1041	1106
1041	1107
1042	1104
1042	1105
1042	1106
1042	1107
1043	1104
1043	1105
1043	1106
1043	1107
1044	1104
1044	1105
1044	1106
1044	1107
1045	1104
1045	1105
1045	1106
1045	1107
1046	1104
1046	1105
1046	1106
1046	1107
1047	1104
1047	1105
1047	1106
1047	1107
1048	1104
1048	1105
1048	1106
1048	1107
1049	1104
1049	1105
1049	1106
1049	1107
1050	1104
1050	1105
1050	1106
1050	1107
1051	1104
1051	1105
1051	1106
1051	1107
1052	1104
1052	1105
1052	1106
1052	1107
1053	1104
1053	1105
1053	1106
1053	1107
1054	1104
1054	1105
1054	1106
1054	1107
1055	1104
1055	1105
1055	1106
1055	1107
1056	1104
1056	1105
1056	1106
1056	1107
1057	1104
1057	1105
1057	1106
1057	1107
1058	1104
1058	1105
1058	1106
1058	1107
1059	1104
1059	1105
1059	1106
1059	1107
1060	1104
1060	1105
1060	1106
1060	1107
1061	1104
1061	1105
1061	1106
1061	1107
1062	1104
1062	1105
1062	1106
1062	1107
1063	1104
1063	1105
1063	1106
1063	1107
1064	1104
1064	1105
1064	1106
1064	1107
1065	1104
1065	1105
1065	1106
1065	1107
1066	1104
1066	1105
1066	1106
1066	1107
1067	1104
1067	1105
1067	1106
1067	1107
1068	1104
1068	1105
1068	1106
1068	1107
1069	1104
1069	1105
1069	1106
1069	1107
1070	1104
1070	1105
1070	1106
1070	1107
1071	1104
1071	1105
1071	1106
1071	1107
1072	1104
1072	1105
1072	1106
1072	1107
1073	1104
1073	1105
1073	1106
1073	1107
1074	1104
1074	1105
1074	1106
1074	1107
1075	1104
1075	1105
1075	1106
1075	1107
1076	1104
1076	1105
1076	1106
1076	1107
1077	1104
1077	1105
1077	1106
1077	1107
1078	1104
1078	1105
1078	1106
1078	1107
1079	1104
1079	1105
1079	1106
1079	1107
1080	1104
1080	1105
1080	1106
1080	1107
1081	1104
1081	1105
1081	1106
1081	1107
1082	1104
1082	1105
1082	1106
1082	1107
1083	1104
1083	1105
1083	1106
1083	1107
1084	1104
1084	1105
1084	1106
1084	1107
1085	1104
1085	1105
1085	1106
1085	1107
1086	1104
1086	1105
1086	1106
1086	1107
1087	1104
1087	1105
1087	1106
1087	1107
1088	1104
1088	1105
1088	1106
1088	1107
1089	1104
1089	1105
1089	1106
1089	1107
1090	1104
1090	1105
1090	1106
1090	1107
1091	1104
1091	1105
1091	1106
1091	1107
1092	1104
1092	1105
1092	1106
1092	1107
1093	1104
1093	1105
1093	1106
1093	1107
1094	1104
1094	1105
1094	1106
1094	1107
1095	1104
1095	1105
1095	1106
1095	1107
1096	1104
1096	1105
1096	1106
1096	1107
1097	1104
1097	1105
1097	1106
1097	1107
1098	1104
1098	1105
1098	1106
1098	1107
1099	1104
1099	1105
1099	1106
1099	1107
1100	1104
1100	1105
1100	1106
1100	1107
1101	1104
1101	1105
1101	1106
1101	1107
1102	1104
1102	1105
1102	1106
1102	1107
1103	1104
1103	1105
1103	1106
1103	1107
1104	1108
1104	1109
1104	1110
1104	1111
1104	1112
1104	1113
1104	1114
1104	1115
1104	1116
1104	1117
1104	1118
1104	1119
1104	1120
1104	1121
1104	1122
1104	1123
1104	1124
1104	1125
1104	1126
1104	1127
1104	1128
1104	1129
1104	1130
1104	1131
1104	1132
1104	1133
1104	1134
1104	1135
1104	1136
1104	1137
1104	1138
1104	1139
1105	1108
1105	1109
1105	1110
1105	1111
1105	1112
1105	1113
1105	1114
1105	1115
1105	1116
1105	1117
1105	1118
1105	1119
1105	1120
1105	1121
1105	1122
1105	1123
1105	1124
1105	1125
1105	1126
1105	1127
1105	1128
1105	1129
1105	1130
1105	1131
1105	1132
1105	1133
1105	1134
1105	1135
1105	1136
1105	1137
1105	1138
1105	1139
1106	1108
1106	1109
1106	1110
1106	1111
1106	1112
1106	1113
1106	1114
1106	1115
1106	1116
1106	1117
1106	1118
1106	1119
1106	1120
1106	1121
1106	1122
1106	1123
1106	1124
1106	1125
1106	1126
1106	1127
1106	1128
1106	1129
1106	1130
1106	1131
1106	1132
1106	1133
1106	1134
1106	1135
1106	1136
1106	1137
1106	1138
1106	1139
1107	1108
1107	1109
1107	1110
1107	1111
1107	1112
1107	1113
1107	1114
1107	1115
1107	1116
1107	1117
1107	1118
1107	1119
1107	1120
1107	1121
1107	1122
1107	1123
1107	1124
1107	1125
1107	1126
1107	1127
1107	1128
1107	1129
1107	1130
1107	1131
1107	1132
1107	1133
1107	1134
1107	1135
1107	1136
1107	1137
1107	1138
1107	1139
1108	1140
1108	1141
1108	1142
1108	1143
1108	1320
1109	1140
1109	1141
1109	1142
1109	1143
1109	1321
1110	1140
1110	1141
1110	1142
1110	1143
1110	1322
1111	1140
1111	1141
1111	1142
1111	1143
1111	1323
1112	1140
1112	1141
1112	1142
1112	1143
1112	1324
1113	1140
1113	1141
1113	1142
1113	1143
1113	1325
1114	1140
1114	1141
1114	1142
1114	1143
1114	1326
1115	1140
1115	1141
1115	1142
1115	1143
1115	1327
1116	1140
1116	1141
1116	1142
1116	1143
1116	1328
1117	1140
1117	1141
1117	1142
1117	1143
1117	1329
1118	1140
1118	1141
1118	1142
1118	1143
1118	1330
1119	1140
1119	1141
1119	1142
1119	1143
1119	1331
1120	1140
1120	1141
1120	1142
1120	1143
1120	1332
1121	1140
1121	1141
1121	1142
1121	1143
1121	1333
1122	1140
1122	1141
1122	1142
1122	1143
1122	1334
1123	1140
1123	1141
1123	1142
1123	1143
1123	1335
1124	1140
1124	1141
1124	1142
1124	1143
1124	1336
1125	1140
1125	1141
1125	1142
1125	1143
1125	1337
1126	1140
1126	1141
1126	1142
1126	1143
1126	1338
1127	1140
1127	1141
1127	1142
1127	1143
1127	1339
1128	1140
1128	1141
1128	1142
1128	1143
1128	1340
1129	1140
1129	1141
1129	1142
1129	1143
1129	1341
1130	1140
1130	1141
1130	1142
1130	1143
1130	1342
1131	1140
1131	1141
1131	1142
1131	1143
1131	1343
1132	1140
1132	1141
1132	1142
1132	1143
1132	1344
1133	1140
1133	1141
1133	1142
1133	1143
1133	1345
1134	1140
1134	1141
1134	1142
1134	1143
1134	1346
1135	1140
1135	1141
1135	1142
1135	1143
1135	1347
1136	1140
1136	1141
1136	1142
1136	1143
1136	1348
1137	1140
1137	1141
1137	1142
1137	1143
1137	1349
1138	1140
1138	1141
1138	1142
1138	1143
1138	1350
1139	1140
1139	1141
1139	1142
1139	1143
1139	1351
1140	1144
1140	1145
1140	1146
1140	1147
1140	1148
1140	1149
1140	1150
1140	1151
1140	1152
1140	1153
1140	1154
1140	1155
1140	1156
1140	1157
1140	1158
1140	1159
1140	1160
1140	1161
1140	1162
1140	1163
1140	1164
1140	1165
1140	1166
1140	1167
1140	1168
1140	1169
1140	1170
1140	1171
1140	1172
1140	1173
1140	1174
1140	1175
1140	1176
1140	1177
1140	1178
1140	1179
1140	1180
1140	1181
1140	1182
1140	1183
1140	1184
1140	1185
1140	1186
1140	1187
1140	1188
1140	1189
1140	1190
1140	1191
1140	1192
1140	1193
1140	1194
1140	1195
1140	1196
1140	1197
1140	1198
1140	1199
1140	1200
1140	1201
1140	1202
1140	1203
1140	1204
1140	1205
1140	1206
1140	1207
1140	1208
1140	1209
1140	1210
1140	1211
1140	1212
1140	1213
1140	1214
1140	1215
1140	1216
1140	1217
1140	1218
1140	1219
1140	1220
1140	1221
1140	1222
1140	1223
1140	1224
1140	1225
1140	1226
1140	1227
1140	1228
1140	1229
1140	1230
1140	1231
1140	1232
1140	1233
1140	1234
1140	1235
1140	1236
1140	1237
1140	1238
1140	1239
1141	1144
1141	1145
1141	1146
1141	1147
1141	1148
1141	1149
1141	1150
1141	1151
1141	1152
1141	1153
1141	1154
1141	1155
1141	1156
1141	1157
1141	1158
1141	1159
1141	1160
1141	1161
1141	1162
1141	1163
1141	1164
1141	1165
1141	1166
1141	1167
1141	1168
1141	1169
1141	1170
1141	1171
1141	1172
1141	1173
1141	1174
1141	1175
1141	1176
1141	1177
1141	1178
1141	1179
1141	1180
1141	1181
1141	1182
1141	1183
1141	1184
1141	1185
1141	1186
1141	1187
1141	1188
1141	1189
1141	1190
1141	1191
1141	1192
1141	1193
1141	1194
1141	1195
1141	1196
1141	1197
1141	1198
1141	1199
1141	1200
1141	1201
1141	1202
1141	1203
1141	1204
1141	1205
1141	1206
1141	1207
1141	1208
1141	1209
1141	1210
1141	1211
1141	1212
1141	1213
1141	1214
1141	1215
1141	1216
1141	1217
1141	1218
1141	1219
1141	1220
1141	1221
1141	1222
1141	1223
1141	1224
1141	1225
1141	1226
1141	1227
1141	1228
1141	1229
1141	1230
1141	1231
1141	1232
1141	1233
1141	1234
1141	1235
1141	1236
1141	1237
1141	1238
1141	1239
1142	1144
1142	1145
1142	1146
1142	1147
1142	1148
1142	1149
1142	1150
1142	1151
1142	1152
1142	1153
1142	1154
1142	1155
1142	1156
1142	1157
1142	1158
1142	1159
1142	1160
1142	1161
1142	1162
1142	1163
1142	1164
1142	1165
1142	1166
1142	1167
1142	1168
1142	1169
1142	1170
1142	1171
1142	1172
1142	1173
1142	1174
1142	1175
1142	1176
1142	1177
1142	1178
1142	1179
1142	1180
1142	1181
1142	1182
1142	1183
1142	1184
1142	1185
1142	1186
1142	1187
1142	1188
1142	1189
1142	1190
1142	1191
1142	1192
1142	1193
1142	1194
1142	1195
1142	1196
1142	1197
1142	1198
1142	1199
1142	1200
1142	1201
1142	1202
1142	1203
1142	1204
1142	1205
1142	1206
1142	1207
1142	1208
1142	1209
1142	1210
1142	1211
1142	1212
1142	1213
1142	1214
1142	1215
1142	1216
1142	1217
1142	1218
1142	1219
1142	1220
1142	1221
1142	1222
1142	1223
1142	1224
1142	1225
1142	1226
1142	1227
1142	1228
1142	1229
1142	1230
1142	1231
1142	1232
1142	1233
1142	1234
1142	1235
1142	1236
1142	1237
1142	1238
1142	1239
1143	1144
1143	1145
1143	1146
1143	1147
1143	1148
1143	1149
1143	1150
1143	1151
1143	1152
1143	1153
1143	1154
1143	1155
1143	1156
1143	1157
1143	1158
1143	1159
1143	1160
1143	1161
1143	1162
1143	1163
1143	1164
1143	1165
1143	1166
1143	1167
1143	1168
1143	1169
1143	1170
1143	1171
1143	1172
1143	1173
1143	1174
1143	1175
1143	1176
1143	1177
1143	1178
1143	1179
1143	1180
1143	1181
1143	1182
1143	1183
1143	1184
1143	1185
1143	1186
1143	1187
1143	1188
1143	1189
1143	1190
1143	1191
1143	1192
1143	1193
1143	1194
1143	1195
1143	1196
1143	1197
1143	1198
1143	1199
1143	1200
1143	1201
1143	1202
1143	1203
1143	1204
1143	1205
1143	1206
1143	1207
1143	1208
1143	1209
1143	1210
1143	1211
1143	1212
1143	1213
1143	1214
1143	1215
1143	1216
1143	1217
1143	1218
1143	1219
1143	1220
1143	1221
1143	1222
1143	1223
1143	1224
1143	1225
1143	1226
1143	1227
1143	1228
1143	1229
1143	1230
1143	1231
1143	1232
1143	1233
1143	1234
1143	1235
1143	1236
1143	1237
1143	1238
1143	1239
1144	1240
1144	1241
1144	1242
1144	1243
1144	1244
1144	1245
1144	1246
1144	1247
1144	1248
1144	1249
1144	1250
1144	1251
1144	1252
1144	1253
1144	1254
1144	1255
1145	1240
1145	1241
1145	1242
1145	1243
1145	1244
1145	1245
1145	1246
1145	1247
1145	1248
1145	1249
1145	1250
1145	1251
1145	1252
1145	1253
1145	1254
1145	1255
1146	1240
1146	1241
1146	1242
1146	1243
1146	1244
1146	1245
1146	1246
1146	1247
1146	1248
1146	1249
1146	1250
1146	1251
1146	1252
1146	1253
1146	1254
1146	1255
1147	1240
1147	1241
1147	1242
1147	1243
1147	1244
1147	1245
1147	1246
1147	1247
1147	1248
1147	1249
1147	1250
1147	1251
1147	1252
1147	1253
1147	1254
1147	1255
1148	1240
1148	1241
1148	1242
1148	1243
1148	1244
1148	1245
1148	1246
1148	1247
1148	1248
1148	1249
1148	1250
1148	1251
1148	1252
1148	1253
1148	1254
1148	1255
1149	1240
1149	1241
1149	1242
1149	1243
1149	1244
1149	1245
1149	1246
1149	1247
1149	1248
1149	1249
1149	1250
1149	1251
1149	1252
1149	1253
1149	1254
1149	1255
1150	1240
1150	1241
1150	1242
1150	1243
1150	1244
1150	1245
1150	1246
1150	1247
1150	1248
1150	1249
1150	1250
1150	1251
1150	1252
1150	1253
1150	1254
1150	1255
1151	1240
1151	1241
1151	1242
1151	1243
1151	1244
1151	1245
1151	1246
1151	1247
1151	1248
1151	1249
1151	1250
1151	1251
1151	1252
1151	1253
1151	1254
1151	1255
1152	1240
1152	1241
1152	1242
1152	1243
1152	1244
1152	1245
1152	1246
1152	1247
1152	1248
1152	1249
1152	1250
1152	1251
1152	1252
1152	1253
1152	1254
1152	1255
1153	1240
1153	1241
1153	1242
1153	1243
1153	1244
1153	1245
1153	1246
1153	1247
1153	1248
1153	1249
1153	1250
1153	1251
1153	1252
1153	1253
1153	1254
1153	1255
1154	1240
1154	1241
1154	1242
1154	1243
1154	1244
1154	1245
1154	1246
1154	1247
1154	1248
1154	1249
1154	1250
1154	1251
1154	1252
1154	1253
1154	1254
1154	1255
1155	1240
1155	1241
1155	1242
1155	1243
1155	1244
1155	1245
1155	1246
1155	1247
1155	1248
1155	1249
1155	1250
1155	1251
1155	1252
1155	1253
1155	1254
1155	1255
1156	1240
1156	1241
1156	1242
1156	1243
1156	1244
1156	1245
1156	1246
1156	1247
1156	1248
1156	1249
1156	1250
1156	1251
1156	1252
1156	1253
1156	1254
1156	1255
1157	1240
1157	1241
1157	1242
1157	1243
1157	1244
1157	1245
1157	1246
1157	1247
1157	1248
1157	1249
1157	1250
1157	1251
1157	1252
1157	1253
1157	1254
1157	1255
1158	1240
1158	1241
1158	1242
1158	1243
1158	1244
1158	1245
1158	1246
1158	1247
1158	1248
1158	1249
1158	1250
1158	1251
1158	1252
1158	1253
1158	1254
1158	1255
1159	1240
1159	1241
1159	1242
1159	1243
1159	1244
1159	1245
1159	1246
1159	1247
1159	1248
1159	1249
1159	1250
1159	1251
1159	1252
1159	1253
1159	1254
1159	1255
1160	1240
1160	1241
1160	1242
1160	1243
1160	1244
1160	1245
1160	1246
1160	1247
1160	1248
1160	1249
1160	1250
1160	1251
1160	1252
1160	1253
1160	1254
1160	1255
1161	1240
1161	1241
1161	1242
1161	1243
1161	1244
1161	1245
1161	1246
1161	1247
1161	1248
1161	1249
1161	1250
1161	1251
1161	1252
1161	1253
1161	1254
1161	1255
1162	1240
1162	1241
1162	1242
1162	1243
1162	1244
1162	1245
1162	1246
1162	1247
1162	1248
1162	1249
1162	1250
1162	1251
1162	1252
1162	1253
1162	1254
1162	1255
1163	1240
1163	1241
1163	1242
1163	1243
1163	1244
1163	1245
1163	1246
1163	1247
1163	1248
1163	1249
1163	1250
1163	1251
1163	1252
1163	1253
1163	1254
1163	1255
1164	1240
1164	1241
1164	1242
1164	1243
1164	1244
1164	1245
1164	1246
1164	1247
1164	1248
1164	1249
1164	1250
1164	1251
1164	1252
1164	1253
1164	1254
1164	1255
1165	1240
1165	1241
1165	1242
1165	1243
1165	1244
1165	1245
1165	1246
1165	1247
1165	1248
1165	1249
1165	1250
1165	1251
1165	1252
1165	1253
1165	1254
1165	1255
1166	1240
1166	1241
1166	1242
1166	1243
1166	1244
1166	1245
1166	1246
1166	1247
1166	1248
1166	1249
1166	1250
1166	1251
1166	1252
1166	1253
1166	1254
1166	1255
1167	1240
1167	1241
1167	1242
1167	1243
1167	1244
1167	1245
1167	1246
1167	1247
1167	1248
1167	1249
1167	1250
1167	1251
1167	1252
1167	1253
1167	1254
1167	1255
1168	1240
1168	1241
1168	1242
1168	1243
1168	1244
1168	1245
1168	1246
1168	1247
1168	1248
1168	1249
1168	1250
1168	1251
1168	1252
1168	1253
1168	1254
1168	1255
1169	1240
1169	1241
1169	1242
1169	1243
1169	1244
1169	1245
1169	1246
1169	1247
1169	1248
1169	1249
1169	1250
1169	1251
1169	1252
1169	1253
1169	1254
1169	1255
1170	1240
1170	1241
1170	1242
1170	1243
1170	1244
1170	1245
1170	1246
1170	1247
1170	1248
1170	1249
1170	1250
1170	1251
1170	1252
1170	1253
1170	1254
1170	1255
1171	1240
1171	1241
1171	1242
1171	1243
1171	1244
1171	1245
1171	1246
1171	1247
1171	1248
1171	1249
1171	1250
1171	1251
1171	1252
1171	1253
1171	1254
1171	1255
1172	1240
1172	1241
1172	1242
1172	1243
1172	1244
1172	1245
1172	1246
1172	1247
1172	1248
1172	1249
1172	1250
1172	1251
1172	1252
1172	1253
1172	1254
1172	1255
1173	1240
1173	1241
1173	1242
1173	1243
1173	1244
1173	1245
1173	1246
1173	1247
1173	1248
1173	1249
1173	1250
1173	1251
1173	1252
1173	1253
1173	1254
1173	1255
1174	1240
1174	1241
1174	1242
1174	1243
1174	1244
1174	1245
1174	1246
1174	1247
1174	1248
1174	1249
1174	1250
1174	1251
1174	1252
1174	1253
1174	1254
1174	1255
1175	1240
1175	1241
1175	1242
1175	1243
1175	1244
1175	1245
1175	1246
1175	1247
1175	1248
1175	1249
1175	1250
1175	1251
1175	1252
1175	1253
1175	1254
1175	1255
1176	1256
1176	1257
1176	1258
1176	1259
1176	1260
1176	1261
1176	1262
1176	1263
1176	1264
1176	1265
1176	1266
1176	1267
1176	1268
1176	1269
1176	1270
1176	1271
1177	1256
1177	1257
1177	1258
1177	1259
1177	1260
1177	1261
1177	1262
1177	1263
1177	1264
1177	1265
1177	1266
1177	1267
1177	1268
1177	1269
1177	1270
1177	1271
1178	1256
1178	1257
1178	1258
1178	1259
1178	1260
1178	1261
1178	1262
1178	1263
1178	1264
1178	1265
1178	1266
1178	1267
1178	1268
1178	1269
1178	1270
1178	1271
1179	1256
1179	1257
1179	1258
1179	1259
1179	1260
1179	1261
1179	1262
1179	1263
1179	1264
1179	1265
1179	1266
1179	1267
1179	1268
1179	1269
1179	1270
1179	1271
1180	1256
1180	1257
1180	1258
1180	1259
1180	1260
1180	1261
1180	1262
1180	1263
1180	1264
1180	1265
1180	1266
1180	1267
1180	1268
1180	1269
1180	1270
1180	1271
1181	1256
1181	1257
1181	1258
1181	1259
1181	1260
1181	1261
1181	1262
1181	1263
1181	1264
1181	1265
1181	1266
1181	1267
1181	1268
1181	1269
1181	1270
1181	1271
1182	1256
1182	1257
1182	1258
1182	1259
1182	1260
1182	1261
1182	1262
1182	1263
1182	1264
1182	1265
1182	1266
1182	1267
1182	1268
1182	1269
1182	1270
1182	1271
1183	1256
1183	1257
1183	1258
1183	1259
1183	1260
1183	1261
1183	1262
1183	1263
1183	1264
1183	1265
1183	1266
1183	1267
1183	1268
1183	1269
1183	1270
1183	1271
1184	1256
1184	1257
1184	1258
1184	1259
1184	1260
1184	1261
1184	1262
1184	1263
1184	1264
1184	1265
1184	1266
1184	1267
1184	1268
1184	1269
1184	1270
1184	1271
1185	1256
1185	1257
1185	1258
1185	1259
1185	1260
1185	1261
1185	1262
1185	1263
1185	1264
1185	1265
1185	1266
1185	1267
1185	1268
1185	1269
1185	1270
1185	1271
1186	1256
1186	1257
1186	1258
1186	1259
1186	1260
1186	1261
1186	1262
1186	1263
1186	1264
1186	1265
1186	1266
1186	1267
1186	1268
1186	1269
1186	1270
1186	1271
1187	1256
1187	1257
1187	1258
1187	1259
1187	1260
1187	1261
1187	1262
1187	1263
1187	1264
1187	1265
1187	1266
1187	1267
1187	1268
1187	1269
1187	1270
1187	1271
1188	1256
1188	1257
1188	1258
1188	1259
1188	1260
1188	1261
1188	1262
1188	1263
1188	1264
1188	1265
1188	1266
1188	1267
1188	1268
1188	1269
1188	1270
1188	1271
1189	1256
1189	1257
1189	1258
1189	1259
1189	1260
1189	1261
1189	1262
1189	1263
1189	1264
1189	1265
1189	1266
1189	1267
1189	1268
1189	1269
1189	1270
1189	1271
1190	1256
1190	1257
1190	1258
1190	1259
1190	1260
1190	1261
1190	1262
1190	1263
1190	1264
1190	1265
1190	1266
1190	1267
1190	1268
1190	1269
1190	1270
1190	1271
1191	1256
1191	1257
1191	1258
1191	1259
1191	1260
1191	1261
1191	1262
1191	1263
1191	1264
1191	1265
1191	1266
1191	1267
1191	1268
1191	1269
1191	1270
1191	1271
1192	1256
1192	1257
1192	1258
1192	1259
1192	1260
1192	1261
1192	1262
1192	1263
1192	1264
1192	1265
1192	1266
1192	1267
1192	1268
1192	1269
1192	1270
1192	1271
1193	1256
1193	1257
1193	1258
1193	1259
1193	1260
1193	1261
1193	1262
1193	1263
1193	1264
1193	1265
1193	1266
1193	1267
1193	1268
1193	1269
1193	1270
1193	1271
1194	1256
1194	1257
1194	1258
1194	1259
1194	1260
1194	1261
1194	1262
1194	1263
1194	1264
1194	1265
1194	1266
1194	1267
1194	1268
1194	1269
1194	1270
1194	1271
1195	1256
1195	1257
1195	1258
1195	1259
1195	1260
1195	1261
1195	1262
1195	1263
1195	1264
1195	1265
1195	1266
1195	1267
1195	1268
1195	1269
1195	1270
1195	1271
1196	1256
1196	1257
1196	1258
1196	1259
1196	1260
1196	1261
1196	1262
1196	1263
1196	1264
1196	1265
1196	1266
1196	1267
1196	1268
1196	1269
1196	1270
1196	1271
1197	1256
1197	1257
1197	1258
1197	1259
1197	1260
1197	1261
1197	1262
1197	1263
1197	1264
1197	1265
1197	1266
1197	1267
1197	1268
1197	1269
1197	1270
1197	1271
1198	1256
1198	1257
1198	1258
1198	1259
1198	1260
1198	1261
1198	1262
1198	1263
1198	1264
1198	1265
1198	1266
1198	1267
1198	1268
1198	1269
1198	1270
1198	1271
1199	1256
1199	1257
1199	1258
1199	1259
1199	1260
1199	1261
1199	1262
1199	1263
1199	1264
1199	1265
1199	1266
1199	1267
1199	1268
1199	1269
1199	1270
1199	1271
1200	1256
1200	1257
1200	1258
1200	1259
1200	1260
1200	1261
1200	1262
1200	1263
1200	1264
1200	1265
1200	1266
1200	1267
1200	1268
1200	1269
1200	1270
1200	1271
1201	1256
1201	1257
1201	1258
1201	1259
1201	1260
1201	1261
1201	1262
1201	1263
1201	1264
1201	1265
1201	1266
1201	1267
1201	1268
1201	1269
1201	1270
1201	1271
1202	1256
1202	1257
1202	1258
1202	1259
1202	1260
1202	1261
1202	1262
1202	1263
1202	1264
1202	1265
1202	1266
1202	1267
1202	1268
1202	1269
1202	1270
1202	1271
1203	1256
1203	1257
1203	1258
1203	1259
1203	1260
1203	1261
1203	1262
1203	1263
1203	1264
1203	1265
1203	1266
1203	1267
1203	1268
1203	1269
1203	1270
1203	1271
1204	1256
1204	1257
1204	1258
1204	1259
1204	1260
1204	1261
1204	1262
1204	1263
1204	1264
1204	1265
1204	1266
1204	1267
1204	1268
1204	1269
1204	1270
1204	1271
1205	1256
1205	1257
1205	1258
1205	1259
1205	1260
1205	1261
1205	1262
1205	1263
1205	1264
1205	1265
1205	1266
1205	1267
1205	1268
1205	1269
1205	1270
1205	1271
1206	1256
1206	1257
1206	1258
1206	1259
1206	1260
1206	1261
1206	1262
1206	1263
1206	1264
1206	1265
1206	1266
1206	1267
1206	1268
1206	1269
1206	1270
1206	1271
1207	1256
1207	1257
1207	1258
1207	1259
1207	1260
1207	1261
1207	1262
1207	1263
1207	1264
1207	1265
1207	1266
1207	1267
1207	1268
1207	1269
1207	1270
1207	1271
1208	1288
1208	1289
1208	1290
1208	1291
1208	1292
1208	1293
1208	1294
1208	1295
1208	1296
1208	1297
1208	1298
1208	1299
1208	1300
1208	1301
1208	1302
1208	1303
1209	1288
1209	1289
1209	1290
1209	1291
1209	1292
1209	1293
1209	1294
1209	1295
1209	1296
1209	1297
1209	1298
1209	1299
1209	1300
1209	1301
1209	1302
1209	1303
1210	1288
1210	1289
1210	1290
1210	1291
1210	1292
1210	1293
1210	1294
1210	1295
1210	1296
1210	1297
1210	1298
1210	1299
1210	1300
1210	1301
1210	1302
1210	1303
1211	1288
1211	1289
1211	1290
1211	1291
1211	1292
1211	1293
1211	1294
1211	1295
1211	1296
1211	1297
1211	1298
1211	1299
1211	1300
1211	1301
1211	1302
1211	1303
1212	1288
1212	1289
1212	1290
1212	1291
1212	1292
1212	1293
1212	1294
1212	1295
1212	1296
1212	1297
1212	1298
1212	1299
1212	1300
1212	1301
1212	1302
1212	1303
1213	1288
1213	1289
1213	1290
1213	1291
1213	1292
1213	1293
1213	1294
1213	1295
1213	1296
1213	1297
1213	1298
1213	1299
1213	1300
1213	1301
1213	1302
1213	1303
1214	1288
1214	1289
1214	1290
1214	1291
1214	1292
1214	1293
1214	1294
1214	1295
1214	1296
1214	1297
1214	1298
1214	1299
1214	1300
1214	1301
1214	1302
1214	1303
1215	1288
1215	1289
1215	1290
1215	1291
1215	1292
1215	1293
1215	1294
1215	1295
1215	1296
1215	1297
1215	1298
1215	1299
1215	1300
1215	1301
1215	1302
1215	1303
1216	1288
1216	1289
1216	1290
1216	1291
1216	1292
1216	1293
1216	1294
1216	1295
1216	1296
1216	1297
1216	1298
1216	1299
1216	1300
1216	1301
1216	1302
1216	1303
1217	1288
1217	1289
1217	1290
1217	1291
1217	1292
1217	1293
1217	1294
1217	1295
1217	1296
1217	1297
1217	1298
1217	1299
1217	1300
1217	1301
1217	1302
1217	1303
1218	1288
1218	1289
1218	1290
1218	1291
1218	1292
1218	1293
1218	1294
1218	1295
1218	1296
1218	1297
1218	1298
1218	1299
1218	1300
1218	1301
1218	1302
1218	1303
1219	1288
1219	1289
1219	1290
1219	1291
1219	1292
1219	1293
1219	1294
1219	1295
1219	1296
1219	1297
1219	1298
1219	1299
1219	1300
1219	1301
1219	1302
1219	1303
1220	1288
1220	1289
1220	1290
1220	1291
1220	1292
1220	1293
1220	1294
1220	1295
1220	1296
1220	1297
1220	1298
1220	1299
1220	1300
1220	1301
1220	1302
1220	1303
1221	1288
1221	1289
1221	1290
1221	1291
1221	1292
1221	1293
1221	1294
1221	1295
1221	1296
1221	1297
1221	1298
1221	1299
1221	1300
1221	1301
1221	1302
1221	1303
1222	1288
1222	1289
1222	1290
1222	1291
1222	1292
1222	1293
1222	1294
1222	1295
1222	1296
1222	1297
1222	1298
1222	1299
1222	1300
1222	1301
1222	1302
1222	1303
1223	1288
1223	1289
1223	1290
1223	1291
1223	1292
1223	1293
1223	1294
1223	1295
1223	1296
1223	1297
1223	1298
1223	1299
1223	1300
1223	1301
1223	1302
1223	1303
1224	1288
1224	1289
1224	1290
1224	1291
1224	1292
1224	1293
1224	1294
1224	1295
1224	1296
1224	1297
1224	1298
1224	1299
1224	1300
1224	1301
1224	1302
1224	1303
1225	1288
1225	1289
1225	1290
1225	1291
1225	1292
1225	1293
1225	1294
1225	1295
1225	1296
1225	1297
1225	1298
1225	1299
1225	1300
1225	1301
1225	1302
1225	1303
1226	1288
1226	1289
1226	1290
1226	1291
1226	1292
1226	1293
1226	1294
1226	1295
1226	1296
1226	1297
1226	1298
1226	1299
1226	1300
1226	1301
1226	1302
1226	1303
1227	1288
1227	1289
1227	1290
1227	1291
1227	1292
1227	1293
1227	1294
1227	1295
1227	1296
1227	1297
1227	1298
1227	1299
1227	1300
1227	1301
1227	1302
1227	1303
1228	1288
1228	1289
1228	1290
1228	1291
1228	1292
1228	1293
1228	1294
1228	1295
1228	1296
1228	1297
1228	1298
1228	1299
1228	1300
1228	1301
1228	1302
1228	1303
1229	1288
1229	1289
1229	1290
1229	1291
1229	1292
1229	1293
1229	1294
1229	1295
1229	1296
1229	1297
1229	1298
1229	1299
1229	1300
1229	1301
1229	1302
1229	1303
1230	1288
1230	1289
1230	1290
1230	1291
1230	1292
1230	1293
1230	1294
1230	1295
1230	1296
1230	1297
1230	1298
1230	1299
1230	1300
1230	1301
1230	1302
1230	1303
1231	1288
1231	1289
1231	1290
1231	1291
1231	1292
1231	1293
1231	1294
1231	1295
1231	1296
1231	1297
1231	1298
1231	1299
1231	1300
1231	1301
1231	1302
1231	1303
1232	1288
1232	1289
1232	1290
1232	1291
1232	1292
1232	1293
1232	1294
1232	1295
1232	1296
1232	1297
1232	1298
1232	1299
1232	1300
1232	1301
1232	1302
1232	1303
1233	1288
1233	1289
1233	1290
1233	1291
1233	1292
1233	1293
1233	1294
1233	1295
1233	1296
1233	1297
1233	1298
1233	1299
1233	1300
1233	1301
1233	1302
1233	1303
1234	1288
1234	1289
1234	1290
1234	1291
1234	1292
1234	1293
1234	1294
1234	1295
1234	1296
1234	1297
1234	1298
1234	1299
1234	1300
1234	1301
1234	1302
1234	1303
1235	1288
1235	1289
1235	1290
1235	1291
1235	1292
1235	1293
1235	1294
1235	1295
1235	1296
1235	1297
1235	1298
1235	1299
1235	1300
1235	1301
1235	1302
1235	1303
1236	1288
1236	1289
1236	1290
1236	1291
1236	1292
1236	1293
1236	1294
1236	1295
1236	1296
1236	1297
1236	1298
1236	1299
1236	1300
1236	1301
1236	1302
1236	1303
1237	1288
1237	1289
1237	1290
1237	1291
1237	1292
1237	1293
1237	1294
1237	1295
1237	1296
1237	1297
1237	1298
1237	1299
1237	1300
1237	1301
1237	1302
1237	1303
1238	1288
1238	1289
1238	1290
1238	1291
1238	1292
1238	1293
1238	1294
1238	1295
1238	1296
1238	1297
1238	1298
1238	1299
1238	1300
1238	1301
1238	1302
1238	1303
1239	1288
1239	1289
1239	1290
1239	1291
1239	1292
1239	1293
1239	1294
1239	1295
1239	1296
1239	1297
1239	1298
1239	1299
1239	1300
1239	1301
1239	1302
1239	1303
1240	1304
1241	1305
1242	1306
1243	1307
1244	1308
1245	1309
1246	1310
1247	1311
1248	1312
1249	1313
1250	1314
1251	1315
1252	1316
1253	1317
1254	1318
1255	1319
1256	1272
1257	1273
1258	1274
1259	1275
1260	1276
1261	1277
1262	1278
1263	1279
1264	1280
1265	1281
1266	1282
1267	1283
1268	1284
1269	1285
1270	1286
1271	1287
1272	1304
1272	1305
1272	1306
1272	1307
1272	1308
1272	1309
1272	1310
1272	1311
1272	1312
1272	1313
1272	1314
1272	1315
1272	1316
1272	1317
1272	1318
1272	1319
1273	1304
1273	1305
1273	1306
1273	1307
1273	1308
1273	1309
1273	1310
1273	1311
1273	1312
1273	1313
1273	1314
1273	1315
1273	1316
1273	1317
1273	1318
1273	1319
1274	1304
1274	1305
1274	1306
1274	1307
1274	1308
1274	1309
1274	1310
1274	1311
1274	1312
1274	1313
1274	1314
1274	1315
1274	1316
1274	1317
1274	1318
1274	1319
1275	1304
1275	1305
1275	1306
1275	1307
1275	1308
1275	1309
1275	1310
1275	1311
1275	1312
1275	1313
1275	1314
1275	1315
1275	1316
1275	1317
1275	1318
1275	1319
1276	1304
1276	1305
1276	1306
1276	1307
1276	1308
1276	1309
1276	1310
1276	1311
1276	1312
1276	1313
1276	1314
1276	1315
1276	1316
1276	1317
1276	1318
1276	1319
1277	1304
1277	1305
1277	1306
1277	1307
1277	1308
1277	1309
1277	1310
1277	1311
1277	1312
1277	1313
1277	1314
1277	1315
1277	1316
1277	1317
1277	1318
1277	1319
1278	1304
1278	1305
1278	1306
1278	1307
1278	1308
1278	1309
1278	1310
1278	1311
1278	1312
1278	1313
1278	1314
1278	1315
1278	1316
1278	1317
1278	1318
1278	1319
1279	1304
1279	1305
1279	1306
1279	1307
1279	1308
1279	1309
1279	1310
1279	1311
1279	1312
1279	1313
1279	1314
1279	1315
1279	1316
1279	1317
1279	1318
1279	1319
1280	1304
1280	1305
1280	1306
1280	1307
1280	1308
1280	1309
1280	1310
1280	1311
1280	1312
1280	1313
1280	1314
1280	1315
1280	1316
1280	1317
1280	1318
1280	1319
1281	1304
1281	1305
1281	1306
1281	1307
1281	1308
1281	1309
1281	1310
1281	1311
1281	1312
1281	1313
1281	1314
1281	1315
1281	1316
1281	1317
1281	1318
1281	1319
1282	1304
1282	1305
1282	1306
1282	1307
1282	1308
1282	1309
1282	1310
1282	1311
1282	1312
1282	1313
1282	1314
1282	1315
1282	1316
1282	1317
1282	1318
1282	1319
1283	1304
1283	1305
1283	1306
1283	1307
1283	1308
1283	1309
1283	1310
1283	1311
1283	1312
1283	1313
1283	1314
1283	1315
1283	1316
1283	1317
1283	1318
1283	1319
1284	1304
1284	1305
1284	1306
1284	1307
1284	1308
1284	1309
1284	1310
1284	1311
1284	1312
1284	1313
1284	1314
1284	1315
1284	1316
1284	1317
1284	1318
1284	1319
1285	1304
1285	1305
1285	1306
1285	1307
1285	1308
1285	1309
1285	1310
1285	1311
1285	1312
1285	1313
1285	1314
1285	1315
1285	1316
1285	1317
1285	1318
1285	1319
1286	1304
1286	1305
1286	1306
1286	1307
1286	1308
1286	1309
1286	1310
1286	1311
1286	1312
1286	1313
1286	1314
1286	1315
1286	1316
1286	1317
1286	1318
1286	1319
1287	1304
1287	1305
1287	1306
1287	1307
1287	1308
1287	1309
1287	1310
1287	1311
1287	1312
1287	1313
1287	1314
1287	1315
1287	1316
1287	1317
1287	1318
1287	1319
1288	1304
1288	1305
1288	1306
1288	1307
1288	1308
1288	1309
1288	1310
1288	1311
1288	1312
1288	1313
1288	1314
1288	1315
1288	1316
1288	1317
1288	1318
1288	1319
1289	1304
1289	1305
1289	1306
1289	1307
1289	1308
1289	1309
1289	1310
1289	1311
1289	1312
1289	1313
1289	1314
1289	1315
1289	1316
1289	1317
1289	1318
1289	1319
1290	1304
1290	1305
1290	1306
1290	1307
1290	1308
1290	1309
1290	1310
1290	1311
1290	1312
1290	1313
1290	1314
1290	1315
1290	1316
1290	1317
1290	1318
1290	1319
1291	1304
1291	1305
1291	1306
1291	1307
1291	1308
1291	1309
1291	1310
1291	1311
1291	1312
1291	1313
1291	1314
1291	1315
1291	1316
1291	1317
1291	1318
1291	1319
1292	1304
1292	1305
1292	1306
1292	1307
1292	1308
1292	1309
1292	1310
1292	1311
1292	1312
1292	1313
1292	1314
1292	1315
1292	1316
1292	1317
1292	1318
1292	1319
1293	1304
1293	1305
1293	1306
1293	1307
1293	1308
1293	1309
1293	1310
1293	1311
1293	1312
1293	1313
1293	1314
1293	1315
1293	1316
1293	1317
1293	1318
1293	1319
1294	1304
1294	1305
1294	1306
1294	1307
1294	1308
1294	1309
1294	1310
1294	1311
1294	1312
1294	1313
1294	1314
1294	1315
1294	1316
1294	1317
1294	1318
1294	1319
1295	1304
1295	1305
1295	1306
1295	1307
1295	1308
1295	1309
1295	1310
1295	1311
1295	1312
1295	1313
1295	1314
1295	1315
1295	1316
1295	1317
1295	1318
1295	1319
1296	1304
1296	1305
1296	1306
1296	1307
1296	1308
1296	1309
1296	1310
1296	1311
1296	1312
1296	1313
1296	1314
1296	1315
1296	1316
1296	1317
1296	1318
1296	1319
1297	1304
1297	1305
1297	1306
1297	1307
1297	1308
1297	1309
1297	1310
1297	1311
1297	1312
1297	1313
1297	1314
1297	1315
1297	1316
1297	1317
1297	1318
1297	1319
1298	1304
1298	1305
1298	1306
1298	1307
1298	1308
1298	1309
1298	1310
1298	1311
1298	1312
1298	1313
1298	1314
1298	1315
1298	1316
1298	1317
1298	1318
1298	1319
1299	1304
1299	1305
1299	1306
1299	1307
1299	1308
1299	1309
1299	1310
1299	1311
1299	1312
1299	1313
1299	1314
1299	1315
1299	1316
1299	1317
1299	1318
1299	1319
1300	1304
1300	1305
1300	1306
1300	1307
1300	1308
1300	1309
1300	1310
1300	1311
1300	1312
1300	1313
1300	1314
1300	1315
1300	1316
1300	1317
1300	1318
1300	1319
1301	1304
1301	1305
1301	1306
1301	1307
1301	1308
1301	1309
1301	1310
1301	1311
1301	1312
1301	1313
1301	1314
1301	1315
1301	1316
1301	1317
1301	1318
1301	1319
1302	1304
1302	1305
1302	1306
1302	1307
1302	1308
1302	1309
1302	1310
1302	1311
1302	1312
1302	1313
1302	1314
1302	1315
1302	1316
1302	1317
1302	1318
1302	1319
1303	1304
1303	1305
1303	1306
1303	1307
1303	1308
1303	1309
1303	1310
1303	1311
1303	1312
1303	1313
1303	1314
1303	1315
1303	1316
1303	1317
1303	1318
1303	1319
1304	1320
1304	1321
1304	1322
1304	1323
1304	1324
1304	1325
1304	1326
1304	1327
1304	1328
1304	1329
1304	1330
1304	1331
1304	1332
1304	1333
1304	1334
1304	1335
1304	1336
1304	1337
1304	1338
1304	1339
1304	1340
1304	1341
1304	1342
1304	1343
1304	1344
1304	1345
1304	1346
1304	1347
1304	1348
1304	1349
1304	1350
1304	1351
1305	1320
1305	1321
1305	1322
1305	1323
1305	1324
1305	1325
1305	1326
1305	1327
1305	1328
1305	1329
1305	1330
1305	1331
1305	1332
1305	1333
1305	1334
1305	1335
1305	1336
1305	1337
1305	1338
1305	1339
1305	1340
1305	1341
1305	1342
1305	1343
1305	1344
1305	1345
1305	1346
1305	1347
1305	1348
1305	1349
1305	1350
1305	1351
1306	1320
1306	1321
1306	1322
1306	1323
1306	1324
1306	1325
1306	1326
1306	1327
1306	1328
1306	1329
1306	1330
1306	1331
1306	1332
1306	1333
1306	1334
1306	1335
1306	1336
1306	1337
1306	1338
1306	1339
1306	1340
1306	1341
1306	1342
1306	1343
1306	1344
1306	1345
1306	1346
1306	1347
1306	1348
1306	1349
1306	1350
1306	1351
1307	1320
1307	1321
1307	1322
1307	1323
1307	1324
1307	1325
1307	1326
1307	1327
1307	1328
1307	1329
1307	1330
1307	1331
1307	1332
1307	1333
1307	1334
1307	1335
1307	1336
1307	1337
1307	1338
1307	1339
1307	1340
1307	1341
1307	1342
1307	1343
1307	1344
1307	1345
1307	1346
1307	1347
1307	1348
1307	1349
1307	1350
1307	1351
1308	1320
1308	1321
1308	1322
1308	1323
1308	1324
1308	1325
1308	1326
1308	1327
1308	1328
1308	1329
1308	1330
1308	1331
1308	1332
1308	1333
1308	1334
1308	1335
1308	1336
1308	1337
1308	1338
1308	1339
1308	1340
1308	1341
1308	1342
1308	1343
1308	1344
1308	1345
1308	1346
1308	1347
1308	1348
1308	1349
1308	1350
1308	1351
1309	1320
1309	1321
1309	1322
1309	1323
1309	1324
1309	1325
1309	1326
1309	1327
1309	1328
1309	1329
1309	1330
1309	1331
1309	1332
1309	1333
1309	1334
1309	1335
1309	1336
1309	1337
1309	1338
1309	1339
1309	1340
1309	1341
1309	1342
1309	1343
1309	1344
1309	1345
1309	1346
1309	1347
1309	1348
1309	1349
1309	1350
1309	1351
1310	1320
1310	1321
1310	1322
1310	1323
1310	1324
1310	1325
1310	1326
1310	1327
1310	1328
1310	1329
1310	1330
1310	1331
1310	1332
1310	1333
1310	1334
1310	1335
1310	1336
1310	1337
1310	1338
1310	1339
1310	1340
1310	1341
1310	1342
1310	1343
1310	1344
1310	1345
1310	1346
1310	1347
1310	1348
1310	1349
1310	1350
1310	1351
1311	1320
1311	1321
1311	1322
1311	1323
1311	1324
1311	1325
1311	1326
1311	1327
1311	1328
1311	1329
1311	1330
1311	1331
1311	1332
1311	1333
1311	1334
1311	1335
1311	1336
1311	1337
1311	1338
1311	1339
1311	1340
1311	1341
1311	1342
1311	1343
1311	1344
1311	1345
1311	1346
1311	1347
1311	1348
1311	1349
1311	1350
1311	1351
1312	1320
1312	1321
1312	1322
1312	1323
1312	1324
1312	1325
1312	1326
1312	1327
1312	1328
1312	1329
1312	1330
1312	1331
1312	1332
1312	1333
1312	1334
1312	1335
1312	1336
1312	1337
1312	1338
1312	1339
1312	1340
1312	1341
1312	1342
1312	1343
1312	1344
1312	1345
1312	1346
1312	1347
1312	1348
1312	1349
1312	1350
1312	1351
1313	1320
1313	1321
1313	1322
1313	1323
1313	1324
1313	1325
1313	1326
1313	1327
1313	1328
1313	1329
1313	1330
1313	1331
1313	1332
1313	1333
1313	1334
1313	1335
1313	1336
1313	1337
1313	1338
1313	1339
1313	1340
1313	1341
1313	1342
1313	1343
1313	1344
1313	1345
1313	1346
1313	1347
1313	1348
1313	1349
1313	1350
1313	1351
1314	1320
1314	1321
1314	1322
1314	1323
1314	1324
1314	1325
1314	1326
1314	1327
1314	1328
1314	1329
1314	1330
1314	1331
1314	1332
1314	1333
1314	1334
1314	1335
1314	1336
1314	1337
1314	1338
1314	1339
1314	1340
1314	1341
1314	1342
1314	1343
1314	1344
1314	1345
1314	1346
1314	1347
1314	1348
1314	1349
1314	1350
1314	1351
1315	1320
1315	1321
1315	1322
1315	1323
1315	1324
1315	1325
1315	1326
1315	1327
1315	1328
1315	1329
1315	1330
1315	1331
1315	1332
1315	1333
1315	1334
1315	1335
1315	1336
1315	1337
1315	1338
1315	1339
1315	1340
1315	1341
1315	1342
1315	1343
1315	1344
1315	1345
1315	1346
1315	1347
1315	1348
1315	1349
1315	1350
1315	1351
1316	1320
1316	1321
1316	1322
1316	1323
1316	1324
1316	1325
1316	1326
1316	1327
1316	1328
1316	1329
1316	1330
1316	1331
1316	1332
1316	1333
1316	1334
1316	1335
1316	1336
1316	1337
1316	1338
1316	1339
1316	1340
1316	1341
1316	1342
1316	1343
1316	1344
1316	1345
1316	1346
1316	1347
1316	1348
1316	1349
1316	1350
1316	1351
1317	1320
1317	1321
1317	1322
1317	1323
1317	1324
1317	1325
1317	1326
1317	1327
1317	1328
1317	1329
1317	1330
1317	1331
1317	1332
1317	1333
1317	1334
1317	1335
1317	1336
1317	1337
1317	1338
1317	1339
1317	1340
1317	1341
1317	1342
1317	1343
1317	1344
1317	1345
1317	1346
1317	1347
1317	1348
1317	1349
1317	1350
1317	1351
1318	1320
1318	1321
1318	1322
1318	1323
1318	1324
1318	1325
1318	1326
1318	1327
1318	1328
1318	1329
1318	1330
1318	1331
1318	1332
1318	1333
1318	1334
1318	1335
1318	1336
1318	1337
1318	1338
1318	1339
1318	1340
1318	1341
1318	1342
1318	1343
1318	1344
1318	1345
1318	1346
1318	1347
1318	1348
1318	1349
1318	1350
1318	1351
1319	1320
1319	1321
1319	1322
1319	1323
1319	1324
1319	1325
1319	1326
1319	1327
1319	1328
1319	1329
1319	1330
1319	1331
1319	1332
1319	1333
1319	1334
1319	1335
1319	1336
1319	1337
1319	1338
1319	1339
1319	1340
1319	1341
1319	1342
1319	1343
1319	1344
1319	1345
1319	1346
1319	1347
1319	1348
1319	1349
1319	1350
1319	1351
1320	1352
1320	1353
1320	1354
1320	1355
1320	1488
1321	1352
1321	1353
1321	1354
1321	1355
1321	1489
1322	1352
1322	1353
1322	1354
1322	1355
1322	1490
1323	1352
1323	1353
1323	1354
1323	1355
1323	1491
1324	1352
1324	1353
1324	1354
1324	1355
1324	1492
1325	1352
1325	1353
1325	1354
1325	1355
1325	1493
1326	1352
1326	1353
1326	1354
1326	1355
1326	1494
1327	1352
1327	1353
1327	1354
1327	1355
1327	1495
1328	1352
1328	1353
1328	1354
1328	1355
1328	1496
1329	1352
1329	1353
1329	1354
1329	1355
1329	1497
1330	1352
1330	1353
1330	1354
1330	1355
1330	1498
1331	1352
1331	1353
1331	1354
1331	1355
1331	1499
1332	1352
1332	1353
1332	1354
1332	1355
1332	1500
1333	1352
1333	1353
1333	1354
1333	1355
1333	1501
1334	1352
1334	1353
1334	1354
1334	1355
1334	1502
1335	1352
1335	1353
1335	1354
1335	1355
1335	1503
1336	1352
1336	1353
1336	1354
1336	1355
1336	1504
1337	1352
1337	1353
1337	1354
1337	1355
1337	1505
1338	1352
1338	1353
1338	1354
1338	1355
1338	1506
1339	1352
1339	1353
1339	1354
1339	1355
1339	1507
1340	1352
1340	1353
1340	1354
1340	1355
1340	1508
1341	1352
1341	1353
1341	1354
1341	1355
1341	1509
1342	1352
1342	1353
1342	1354
1342	1355
1342	1510
1343	1352
1343	1353
1343	1354
1343	1355
1343	1511
1344	1352
1344	1353
1344	1354
1344	1355
1344	1512
1345	1352
1345	1353
1345	1354
1345	1355
1345	1513
1346	1352
1346	1353
1346	1354
1346	1355
1346	1514
1347	1352
1347	1353
1347	1354
1347	1355
1347	1515
1348	1352
1348	1353
1348	1354
1348	1355
1348	1516
1349	1352
1349	1353
1349	1354
1349	1355
1349	1517
1350	1352
1350	1353
1350	1354
1350	1355
1350	1518
1351	1352
1351	1353
1351	1354
1351	1355
1351	1519
1352	1356
1352	1357
1352	1358
1352	1359
1352	1360
1352	1361
1352	1362
1352	1363
1352	1364
1352	1365
1352	1366
1352	1367
1352	1368
1352	1369
1352	1370
1352	1371
1352	1372
1352	1373
1352	1374
1352	1375
1352	1376
1352	1377
1352	1378
1352	1379
1352	1380
1352	1381
1352	1382
1352	1383
1352	1384
1352	1385
1352	1386
1352	1387
1352	1388
1352	1389
1352	1390
1352	1391
1352	1392
1352	1393
1352	1394
1352	1395
1352	1396
1352	1397
1352	1398
1352	1399
1352	1400
1352	1401
1352	1402
1352	1403
1352	1404
1352	1405
1352	1406
1352	1407
1352	1408
1352	1409
1352	1410
1352	1411
1352	1412
1352	1413
1352	1414
1352	1415
1352	1416
1352	1417
1352	1418
1352	1419
1352	1420
1352	1421
1352	1422
1352	1423
1352	1424
1352	1425
1352	1426
1352	1427
1352	1428
1352	1429
1352	1430
1352	1431
1352	1432
1352	1433
1352	1434
1352	1435
1352	1436
1352	1437
1352	1438
1352	1439
1352	1440
1352	1441
1352	1442
1352	1443
1352	1444
1352	1445
1352	1446
1352	1447
1352	1448
1352	1449
1352	1450
1352	1451
1352	1452
1352	1453
1352	1454
1352	1455
1352	1456
1352	1457
1352	1458
1352	1459
1352	1460
1352	1461
1352	1462
1352	1463
1352	1464
1352	1465
1352	1466
1352	1467
1352	1468
1352	1469
1352	1470
1352	1471
1352	1472
1352	1473
1352	1474
1352	1475
1352	1476
1352	1477
1352	1478
1352	1479
1352	1480
1352	1481
1352	1482
1352	1483
1353	1356
1353	1357
1353	1358
1353	1359
1353	1360
1353	1361
1353	1362
1353	1363
1353	1364
1353	1365
1353	1366
1353	1367
1353	1368
1353	1369
1353	1370
1353	1371
1353	1372
1353	1373
1353	1374
1353	1375
1353	1376
1353	1377
1353	1378
1353	1379
1353	1380
1353	1381
1353	1382
1353	1383
1353	1384
1353	1385
1353	1386
1353	1387
1353	1388
1353	1389
1353	1390
1353	1391
1353	1392
1353	1393
1353	1394
1353	1395
1353	1396
1353	1397
1353	1398
1353	1399
1353	1400
1353	1401
1353	1402
1353	1403
1353	1404
1353	1405
1353	1406
1353	1407
1353	1408
1353	1409
1353	1410
1353	1411
1353	1412
1353	1413
1353	1414
1353	1415
1353	1416
1353	1417
1353	1418
1353	1419
1353	1420
1353	1421
1353	1422
1353	1423
1353	1424
1353	1425
1353	1426
1353	1427
1353	1428
1353	1429
1353	1430
1353	1431
1353	1432
1353	1433
1353	1434
1353	1435
1353	1436
1353	1437
1353	1438
1353	1439
1353	1440
1353	1441
1353	1442
1353	1443
1353	1444
1353	1445
1353	1446
1353	1447
1353	1448
1353	1449
1353	1450
1353	1451
1353	1452
1353	1453
1353	1454
1353	1455
1353	1456
1353	1457
1353	1458
1353	1459
1353	1460
1353	1461
1353	1462
1353	1463
1353	1464
1353	1465
1353	1466
1353	1467
1353	1468
1353	1469
1353	1470
1353	1471
1353	1472
1353	1473
1353	1474
1353	1475
1353	1476
1353	1477
1353	1478
1353	1479
1353	1480
1353	1481
1353	1482
1353	1483
1354	1356
1354	1357
1354	1358
1354	1359
1354	1360
1354	1361
1354	1362
1354	1363
1354	1364
1354	1365
1354	1366
1354	1367
1354	1368
1354	1369
1354	1370
1354	1371
1354	1372
1354	1373
1354	1374
1354	1375
1354	1376
1354	1377
1354	1378
1354	1379
1354	1380
1354	1381
1354	1382
1354	1383
1354	1384
1354	1385
1354	1386
1354	1387
1354	1388
1354	1389
1354	1390
1354	1391
1354	1392
1354	1393
1354	1394
1354	1395
1354	1396
1354	1397
1354	1398
1354	1399
1354	1400
1354	1401
1354	1402
1354	1403
1354	1404
1354	1405
1354	1406
1354	1407
1354	1408
1354	1409
1354	1410
1354	1411
1354	1412
1354	1413
1354	1414
1354	1415
1354	1416
1354	1417
1354	1418
1354	1419
1354	1420
1354	1421
1354	1422
1354	1423
1354	1424
1354	1425
1354	1426
1354	1427
1354	1428
1354	1429
1354	1430
1354	1431
1354	1432
1354	1433
1354	1434
1354	1435
1354	1436
1354	1437
1354	1438
1354	1439
1354	1440
1354	1441
1354	1442
1354	1443
1354	1444
1354	1445
1354	1446
1354	1447
1354	1448
1354	1449
1354	1450
1354	1451
1354	1452
1354	1453
1354	1454
1354	1455
1354	1456
1354	1457
1354	1458
1354	1459
1354	1460
1354	1461
1354	1462
1354	1463
1354	1464
1354	1465
1354	1466
1354	1467
1354	1468
1354	1469
1354	1470
1354	1471
1354	1472
1354	1473
1354	1474
1354	1475
1354	1476
1354	1477
1354	1478
1354	1479
1354	1480
1354	1481
1354	1482
1354	1483
1355	1356
1355	1357
1355	1358
1355	1359
1355	1360
1355	1361
1355	1362
1355	1363
1355	1364
1355	1365
1355	1366
1355	1367
1355	1368
1355	1369
1355	1370
1355	1371
1355	1372
1355	1373
1355	1374
1355	1375
1355	1376
1355	1377
1355	1378
1355	1379
1355	1380
1355	1381
1355	1382
1355	1383
1355	1384
1355	1385
1355	1386
1355	1387
1355	1388
1355	1389
1355	1390
1355	1391
1355	1392
1355	1393
1355	1394
1355	1395
1355	1396
1355	1397
1355	1398
1355	1399
1355	1400
1355	1401
1355	1402
1355	1403
1355	1404
1355	1405
1355	1406
1355	1407
1355	1408
1355	1409
1355	1410
1355	1411
1355	1412
1355	1413
1355	1414
1355	1415
1355	1416
1355	1417
1355	1418
1355	1419
1355	1420
1355	1421
1355	1422
1355	1423
1355	1424
1355	1425
1355	1426
1355	1427
1355	1428
1355	1429
1355	1430
1355	1431
1355	1432
1355	1433
1355	1434
1355	1435
1355	1436
1355	1437
1355	1438
1355	1439
1355	1440
1355	1441
1355	1442
1355	1443
1355	1444
1355	1445
1355	1446
1355	1447
1355	1448
1355	1449
1355	1450
1355	1451
1355	1452
1355	1453
1355	1454
1355	1455
1355	1456
1355	1457
1355	1458
1355	1459
1355	1460
1355	1461
1355	1462
1355	1463
1355	1464
1355	1465
1355	1466
1355	1467
1355	1468
1355	1469
1355	1470
1355	1471
1355	1472
1355	1473
1355	1474
1355	1475
1355	1476
1355	1477
1355	1478
1355	1479
1355	1480
1355	1481
1355	1482
1355	1483
1356	1484
1356	1485
1356	1486
1356	1487
1357	1484
1357	1485
1357	1486
1357	1487
1358	1484
1358	1485
1358	1486
1358	1487
1359	1484
1359	1485
1359	1486
1359	1487
1360	1484
1360	1485
1360	1486
1360	1487
1361	1484
1361	1485
1361	1486
1361	1487
1362	1484
1362	1485
1362	1486
1362	1487
1363	1484
1363	1485
1363	1486
1363	1487
1364	1484
1364	1485
1364	1486
1364	1487
1365	1484
1365	1485
1365	1486
1365	1487
1366	1484
1366	1485
1366	1486
1366	1487
1367	1484
1367	1485
1367	1486
1367	1487
1368	1484
1368	1485
1368	1486
1368	1487
1369	1484
1369	1485
1369	1486
1369	1487
1370	1484
1370	1485
1370	1486
1370	1487
1371	1484
1371	1485
1371	1486
1371	1487
1372	1484
1372	1485
1372	1486
1372	1487
1373	1484
1373	1485
1373	1486
1373	1487
1374	1484
1374	1485
1374	1486
1374	1487
1375	1484
1375	1485
1375	1486
1375	1487
1376	1484
1376	1485
1376	1486
1376	1487
1377	1484
1377	1485
1377	1486
1377	1487
1378	1484
1378	1485
1378	1486
1378	1487
1379	1484
1379	1485
1379	1486
1379	1487
1380	1484
1380	1485
1380	1486
1380	1487
1381	1484
1381	1485
1381	1486
1381	1487
1382	1484
1382	1485
1382	1486
1382	1487
1383	1484
1383	1485
1383	1486
1383	1487
1384	1484
1384	1485
1384	1486
1384	1487
1385	1484
1385	1485
1385	1486
1385	1487
1386	1484
1386	1485
1386	1486
1386	1487
1387	1484
1387	1485
1387	1486
1387	1487
1388	1484
1388	1485
1388	1486
1388	1487
1389	1484
1389	1485
1389	1486
1389	1487
1390	1484
1390	1485
1390	1486
1390	1487
1391	1484
1391	1485
1391	1486
1391	1487
1392	1484
1392	1485
1392	1486
1392	1487
1393	1484
1393	1485
1393	1486
1393	1487
1394	1484
1394	1485
1394	1486
1394	1487
1395	1484
1395	1485
1395	1486
1395	1487
1396	1484
1396	1485
1396	1486
1396	1487
1397	1484
1397	1485
1397	1486
1397	1487
1398	1484
1398	1485
1398	1486
1398	1487
1399	1484
1399	1485
1399	1486
1399	1487
1400	1484
1400	1485
1400	1486
1400	1487
1401	1484
1401	1485
1401	1486
1401	1487
1402	1484
1402	1485
1402	1486
1402	1487
1403	1484
1403	1485
1403	1486
1403	1487
1404	1484
1404	1485
1404	1486
1404	1487
1405	1484
1405	1485
1405	1486
1405	1487
1406	1484
1406	1485
1406	1486
1406	1487
1407	1484
1407	1485
1407	1486
1407	1487
1408	1484
1408	1485
1408	1486
1408	1487
1409	1484
1409	1485
1409	1486
1409	1487
1410	1484
1410	1485
1410	1486
1410	1487
1411	1484
1411	1485
1411	1486
1411	1487
1412	1484
1412	1485
1412	1486
1412	1487
1413	1484
1413	1485
1413	1486
1413	1487
1414	1484
1414	1485
1414	1486
1414	1487
1415	1484
1415	1485
1415	1486
1415	1487
1416	1484
1416	1485
1416	1486
1416	1487
1417	1484
1417	1485
1417	1486
1417	1487
1418	1484
1418	1485
1418	1486
1418	1487
1419	1484
1419	1485
1419	1486
1419	1487
1420	1484
1420	1485
1420	1486
1420	1487
1421	1484
1421	1485
1421	1486
1421	1487
1422	1484
1422	1485
1422	1486
1422	1487
1423	1484
1423	1485
1423	1486
1423	1487
1424	1484
1424	1485
1424	1486
1424	1487
1425	1484
1425	1485
1425	1486
1425	1487
1426	1484
1426	1485
1426	1486
1426	1487
1427	1484
1427	1485
1427	1486
1427	1487
1428	1484
1428	1485
1428	1486
1428	1487
1429	1484
1429	1485
1429	1486
1429	1487
1430	1484
1430	1485
1430	1486
1430	1487
1431	1484
1431	1485
1431	1486
1431	1487
1432	1484
1432	1485
1432	1486
1432	1487
1433	1484
1433	1485
1433	1486
1433	1487
1434	1484
1434	1485
1434	1486
1434	1487
1435	1484
1435	1485
1435	1486
1435	1487
1436	1484
1436	1485
1436	1486
1436	1487
1437	1484
1437	1485
1437	1486
1437	1487
1438	1484
1438	1485
1438	1486
1438	1487
1439	1484
1439	1485
1439	1486
1439	1487
1440	1484
1440	1485
1440	1486
1440	1487
1441	1484
1441	1485
1441	1486
1441	1487
1442	1484
1442	1485
1442	1486
1442	1487
1443	1484
1443	1485
1443	1486
1443	1487
1444	1484
1444	1485
1444	1486
1444	1487
1445	1484
1445	1485
1445	1486
1445	1487
1446	1484
1446	1485
1446	1486
1446	1487
1447	1484
1447	1485
1447	1486
1447	1487
1448	1484
1448	1485
1448	1486
1448	1487
1449	1484
1449	1485
1449	1486
1449	1487
1450	1484
1450	1485
1450	1486
1450	1487
1451	1484
1451	1485
1451	1486
1451	1487
1452	1484
1452	1485
1452	1486
1452	1487
1453	1484
1453	1485
1453	1486
1453	1487
1454	1484
1454	1485
1454	1486
1454	1487
1455	1484
1455	1485
1455	1486
1455	1487
1456	1484
1456	1485
1456	1486
1456	1487
1457	1484
1457	1485
1457	1486
1457	1487
1458	1484
1458	1485
1458	1486
1458	1487
1459	1484
1459	1485
1459	1486
1459	1487
1460	1484
1460	1485
1460	1486
1460	1487
1461	1484
1461	1485
1461	1486
1461	1487
1462	1484
1462	1485
1462	1486
1462	1487
1463	1484
1463	1485
1463	1486
1463	1487
1464	1484
1464	1485
1464	1486
1464	1487
1465	1484
1465	1485
1465	1486
1465	1487
1466	1484
1466	1485
1466	1486
1466	1487
1467	1484
1467	1485
1467	1486
1467	1487
1468	1484
1468	1485
1468	1486
1468	1487
1469	1484
1469	1485
1469	1486
1469	1487
1470	1484
1470	1485
1470	1486
1470	1487
1471	1484
1471	1485
1471	1486
1471	1487
1472	1484
1472	1485
1472	1486
1472	1487
1473	1484
1473	1485
1473	1486
1473	1487
1474	1484
1474	1485
1474	1486
1474	1487
1475	1484
1475	1485
1475	1486
1475	1487
1476	1484
1476	1485
1476	1486
1476	1487
1477	1484
1477	1485
1477	1486
1477	1487
1478	1484
1478	1485
1478	1486
1478	1487
1479	1484
1479	1485
1479	1486
1479	1487
1480	1484
1480	1485
1480	1486
1480	1487
1481	1484
1481	1485
1481	1486
1481	1487
1482	1484
1482	1485
1482	1486
1482	1487
1483	1484
1483	1485
1483	1486
1483	1487
1484	1488
1484	1489
1484	1490
1484	1491
1484	1492
1484	1493
1484	1494
1484	1495
1484	1496
1484	1497
1484	1498
1484	1499
1484	1500
1484	1501
1484	1502
1484	1503
1484	1504
1484	1505
1484	1506
1484	1507
1484	1508
1484	1509
1484	1510
1484	1511
1484	1512
1484	1513
1484	1514
1484	1515
1484	1516
1484	1517
1484	1518
1484	1519
1485	1488
1485	1489
1485	1490
1485	1491
1485	1492
1485	1493
1485	1494
1485	1495
1485	1496
1485	1497
1485	1498
1485	1499
1485	1500
1485	1501
1485	1502
1485	1503
1485	1504
1485	1505
1485	1506
1485	1507
1485	1508
1485	1509
1485	1510
1485	1511
1485	1512
1485	1513
1485	1514
1485	1515
1485	1516
1485	1517
1485	1518
1485	1519
1486	1488
1486	1489
1486	1490
1486	1491
1486	1492
1486	1493
1486	1494
1486	1495
1486	1496
1486	1497
1486	1498
1486	1499
1486	1500
1486	1501
1486	1502
1486	1503
1486	1504
1486	1505
1486	1506
1486	1507
1486	1508
1486	1509
1486	1510
1486	1511
1486	1512
1486	1513
1486	1514
1486	1515
1486	1516
1486	1517
1486	1518
1486	1519
1487	1488
1487	1489
1487	1490
1487	1491
1487	1492
1487	1493
1487	1494
1487	1495
1487	1496
1487	1497
1487	1498
1487	1499
1487	1500
1487	1501
1487	1502
1487	1503
1487	1504
1487	1505
1487	1506
1487	1507
1487	1508
1487	1509
1487	1510
1487	1511
1487	1512
1487	1513
1487	1514
1487	1515
1487	1516
1487	1517
1487	1518
1487	1519
