model	variant	arm	seq	past	round	pass	l1_ms	l2_ms	l05_ms	reg	ctas_per_sm	grid	block	task_smem	occupancy_smem	static_smem	regs_per_sm	smem_per_sm	threads_per_sm	l1_reg	l05_reg	l1_ctas	l2_ctas	min_blocks	warp_size	l05_spill_stores	l05_spill_loads	l1_spill_stores	l1_spill_loads	l2_spill_stores	l2_spill_loads	f40_ctas	f40_binding	variant_stages	task_refs	waits	max_worker_task_refs	cold	warmup	repeat	execution_index
gqa2	base	full	1	3	0	1	0.398496	0.442272	0.392192	212	2	256	128	24576	24576	0	65536	102400	1536	210	208	2	2	1	32	0	0	0	0	0	0	2	registers	30	98	119	30	0	5	11	0
gqa2	base	full	1	3	1	1	0.400320	0.441344	0.392992	212	2	256	128	24576	24576	0	65536	102400	1536	210	208	2	2	1	32	0	0	0	0	0	0	2	registers	30	98	119	30	0	5	11	1
gqa2	base	full	1	3	2	1	0.396288	0.440320	0.393216	212	2	256	128	24576	24576	0	65536	102400	1536	210	208	2	2	1	32	0	0	0	0	0	0	2	registers	30	98	119	30	0	5	11	2
gqa2	base	full	1	3	3	1	0.399360	0.438272	0.392896	212	2	256	128	24576	24576	0	65536	102400	1536	210	208	2	2	1	32	0	0	0	0	0	0	2	registers	30	98	119	30	0	5	11	3
gqa2	base	full	1	3	4	1	0.399360	0.438272	0.392224	212	2	256	128	24576	24576	0	65536	102400	1536	210	208	2	2	1	32	0	0	0	0	0	0	2	registers	30	98	119	30	0	5	11	4
gqa2	base	full	1	3	5	1	0.399584	0.439296	0.393056	212	2	256	128	24576	24576	0	65536	102400	1536	210	208	2	2	1	32	0	0	0	0	0	0	2	registers	30	98	119	30	0	5	11	5
gqa2	base	full	1	3	6	1	0.399360	0.437248	0.393216	212	2	256	128	24576	24576	0	65536	102400	1536	210	208	2	2	1	32	0	0	0	0	0	0	2	registers	30	98	119	30	0	5	11	6
gqa2	base	full	1	3	7	1	0.397504	0.440224	0.392992	212	2	256	128	24576	24576	0	65536	102400	1536	210	208	2	2	1	32	0	0	0	0	0	0	2	registers	30	98	119	30	0	5	11	7
gqa2	base	full	1	3	8	1	0.397312	0.441280	0.392192	212	2	256	128	24576	24576	0	65536	102400	1536	210	208	2	2	1	32	0	0	0	0	0	0	2	registers	30	98	119	30	0	5	11	8
gqa2	base	full	1	3	9	1	0.398208	0.441344	0.393216	212	2	256	128	24576	24576	0	65536	102400	1536	210	208	2	2	1	32	0	0	0	0	0	0	2	registers	30	98	119	30	0	5	11	9
gqa2	base	full	1	3	10	1	0.398336	0.442368	0.393216	212	2	256	128	24576	24576	0	65536	102400	1536	210	208	2	2	1	32	0	0	0	0	0	0	2	registers	30	98	119	30	0	5	11	10
gqa2	base	full	1	3	11	1	0.400512	0.440064	0.392192	212	2	256	128	24576	24576	0	65536	102400	1536	210	208	2	2	1	32	0	0	0	0	0	0	2	registers	30	98	119	30	0	5	11	11
gqa2	base	full	1	3	12	1	0.400384	0.440320	0.392192	212	2	256	128	24576	24576	0	65536	102400	1536	210	208	2	2	1	32	0	0	0	0	0	0	2	registers	30	98	119	30	0	5	11	12
gqa2	base	full	1	3	13	1	0.398464	0.440320	0.391168	212	2	256	128	24576	24576	0	65536	102400	1536	210	208	2	2	1	32	0	0	0	0	0	0	2	registers	30	98	119	30	0	5	11	13
gqa2	base	full	1	3	14	1	0.399360	0.438400	0.391968	212	2	256	128	24576	24576	0	65536	102400	1536	210	208	2	2	1	32	0	0	0	0	0	0	2	registers	30	98	119	30	0	5	11	14
gqa2	base	full	1	3	15	1	0.398336	0.438272	0.392352	212	2	256	128	24576	24576	0	65536	102400	1536	210	208	2	2	1	32	0	0	0	0	0	0	2	registers	30	98	119	30	0	5	11	15
gqa2	base	full	1	3	16	1	0.398336	0.438272	0.393216	212	2	256	128	24576	24576	0	65536	102400	1536	210	208	2	2	1	32	0	0	0	0	0	0	2	registers	30	98	119	30	0	5	11	16
gqa2	base	full	1	3	17	1	0.396288	0.440576	0.392192	212	2	256	128	24576	24576	0	65536	102400	1536	210	208	2	2	1	32	0	0	0	0	0	0	2	registers	30	98	119	30	0	5	11	17
gqa2	base	full	1	3	18	1	0.394240	0.440320	0.392192	212	2	256	128	24576	24576	0	65536	102400	1536	210	208	2	2	1	32	0	0	0	0	0	0	2	registers	30	98	119	30	0	5	11	18
gqa2	base	full	1	3	19	1	0.399584	0.438272	0.393216	212	2	256	128	24576	24576	0	65536	102400	1536	210	208	2	2	1	32	0	0	0	0	0	0	2	registers	30	98	119	30	0	5	11	19
gqa2	base	full	1	3	20	1	0.398336	0.438272	0.392192	212	2	256	128	24576	24576	0	65536	102400	1536	210	208	2	2	1	32	0	0	0	0	0	0	2	registers	30	98	119	30	0	5	11	20
gqa2	base	full	1	3	21	1	0.397312	0.439296	0.392192	212	2	256	128	24576	24576	0	65536	102400	1536	210	208	2	2	1	32	0	0	0	0	0	0	2	registers	30	98	119	30	0	5	11	21
gqa2	base	full	1	3	22	1	0.400384	0.439296	0.392096	212	2	256	128	24576	24576	0	65536	102400	1536	210	208	2	2	1	32	0	0	0	0	0	0	2	registers	30	98	119	30	0	5	11	22
gqa2	base	full	1	3	23	1	0.397536	0.438272	0.391168	212	2	256	128	24576	24576	0	65536	102400	1536	210	208	2	2	1	32	0	0	0	0	0	0	2	registers	30	98	119	30	0	5	11	23
gqa2	base	full	1	3	24	1	0.396576	0.440416	0.393216	212	2	256	128	24576	24576	0	65536	102400	1536	210	208	2	2	1	32	0	0	0	0	0	0	2	registers	30	98	119	30	0	5	11	24
gqa2	base	full	1	3	25	1	0.399296	0.440320	0.392192	212	2	256	128	24576	24576	0	65536	102400	1536	210	208	2	2	1	32	0	0	0	0	0	0	2	registers	30	98	119	30	0	5	11	25
gqa2	base	full	1	3	26	1	0.396320	0.438272	0.392064	212	2	256	128	24576	24576	0	65536	102400	1536	210	208	2	2	1	32	0	0	0	0	0	0	2	registers	30	98	119	30	0	5	11	26
gqa2	base	full	1	3	27	1	0.398336	0.440032	0.392192	212	2	256	128	24576	24576	0	65536	102400	1536	210	208	2	2	1	32	0	0	0	0	0	0	2	registers	30	98	119	30	0	5	11	27
gqa2	base	full	1	3	28	1	0.398336	0.440320	0.392320	212	2	256	128	24576	24576	0	65536	102400	1536	210	208	2	2	1	32	0	0	0	0	0	0	2	registers	30	98	119	30	0	5	11	28
gqa2	base	full	1	3	29	1	0.398336	0.440320	0.393216	212	2	256	128	24576	24576	0	65536	102400	1536	210	208	2	2	1	32	0	0	0	0	0	0	2	registers	30	98	119	30	0	5	11	29
gqa2	base	full	1	3	30	1	0.398528	0.440128	0.392192	212	2	256	128	24576	24576	0	65536	102400	1536	210	208	2	2	1	32	0	0	0	0	0	0	2	registers	30	98	119	30	0	5	11	30
gqa2	base	full	1	3	31	1	0.398560	0.440320	0.393024	212	2	256	128	24576	24576	0	65536	102400	1536	210	208	2	2	1	32	0	0	0	0	0	0	2	registers	30	98	119	30	0	5	11	31
gqa2	base	full	1	3	32	1	0.398528	0.440320	0.393024	212	2	256	128	24576	24576	0	65536	102400	1536	210	208	2	2	1	32	0	0	0	0	0	0	2	registers	30	98	119	30	0	5	11	32
gqa2	base	full	1	3	33	1	0.398336	0.440320	0.393216	212	2	256	128	24576	24576	0	65536	102400	1536	210	208	2	2	1	32	0	0	0	0	0	0	2	registers	30	98	119	30	0	5	11	33
gqa2	base	full	1	3	34	1	0.398560	0.438272	0.392992	212	2	256	128	24576	24576	0	65536	102400	1536	210	208	2	2	1	32	0	0	0	0	0	0	2	registers	30	98	119	30	0	5	11	34
gqa2	base	full	1	3	35	1	0.398528	0.440224	0.392192	212	2	256	128	24576	24576	0	65536	102400	1536	210	208	2	2	1	32	0	0	0	0	0	0	2	registers	30	98	119	30	0	5	11	35
gqa2	base	full	1	3	36	1	0.398464	0.437248	0.392192	212	2	256	128	24576	24576	0	65536	102400	1536	210	208	2	2	1	32	0	0	0	0	0	0	2	registers	30	98	119	30	0	5	11	36
gqa2	base	full	1	3	37	1	0.399264	0.441120	0.392064	212	2	256	128	24576	24576	0	65536	102400	1536	210	208	2	2	1	32	0	0	0	0	0	0	2	registers	30	98	119	30	0	5	11	37
gqa2	base	full	1	3	38	1	0.396480	0.438272	0.393216	212	2	256	128	24576	24576	0	65536	102400	1536	210	208	2	2	1	32	0	0	0	0	0	0	2	registers	30	98	119	30	0	5	11	38
gqa2	base	full	1	3	39	1	0.399552	0.439296	0.393248	212	2	256	128	24576	24576	0	65536	102400	1536	210	208	2	2	1	32	0	0	0	0	0	0	2	registers	30	98	119	30	0	5	11	39
gqa2	base	full	1	3	40	1	0.397984	0.441184	0.392160	212	2	256	128	24576	24576	0	65536	102400	1536	210	208	2	2	1	32	0	0	0	0	0	0	2	registers	30	98	119	30	0	5	11	40
gqa2	base	full	1	3	41	1	0.397312	0.437888	0.393216	212	2	256	128	24576	24576	0	65536	102400	1536	210	208	2	2	1	32	0	0	0	0	0	0	2	registers	30	98	119	30	0	5	11	41
gqa2	base	full	1	3	42	1	0.399488	0.439296	0.393056	212	2	256	128	24576	24576	0	65536	102400	1536	210	208	2	2	1	32	0	0	0	0	0	0	2	registers	30	98	119	30	0	5	11	42
gqa2	base	full	1	3	43	1	0.397312	0.439136	0.393024	212	2	256	128	24576	24576	0	65536	102400	1536	210	208	2	2	1	32	0	0	0	0	0	0	2	registers	30	98	119	30	0	5	11	43
gqa2	base	full	1	3	44	1	0.398560	0.439296	0.393120	212	2	256	128	24576	24576	0	65536	102400	1536	210	208	2	2	1	32	0	0	0	0	0	0	2	registers	30	98	119	30	0	5	11	44
gqa2	base	full	1	3	45	1	0.398528	0.438272	0.392192	212	2	256	128	24576	24576	0	65536	102400	1536	210	208	2	2	1	32	0	0	0	0	0	0	2	registers	30	98	119	30	0	5	11	45
gqa2	base	full	1	3	46	1	0.398464	0.437248	0.392928	212	2	256	128	24576	24576	0	65536	102400	1536	210	208	2	2	1	32	0	0	0	0	0	0	2	registers	30	98	119	30	0	5	11	46
gqa2	base	full	1	3	47	1	0.396416	0.439392	0.391168	212	2	256	128	24576	24576	0	65536	102400	1536	210	208	2	2	1	32	0	0	0	0	0	0	2	registers	30	98	119	30	0	5	11	47
gqa2	base	full	1	3	48	1	0.398560	0.441344	0.392192	212	2	256	128	24576	24576	0	65536	102400	1536	210	208	2	2	1	32	0	0	0	0	0	0	2	registers	30	98	119	30	0	5	11	48
gqa2	base	full	1	3	49	1	0.399552	0.440096	0.393376	212	2	256	128	24576	24576	0	65536	102400	1536	210	208	2	2	1	32	0	0	0	0	0	0	2	registers	30	98	119	30	0	5	11	49
gqa2	base	full	4	3	0	1	0.399296	0.443392	0.395264	212	2	256	128	24576	24576	0	65536	102400	1536	210	208	2	2	1	32	0	0	0	0	0	0	2	registers	30	200	500	30	0	5	11	50
gqa2	base	full	4	3	1	1	0.400256	0.443040	0.395168	212	2	256	128	24576	24576	0	65536	102400	1536	210	208	2	2	1	32	0	0	0	0	0	0	2	registers	30	200	500	30	0	5	11	51
gqa2	base	full	4	3	2	1	0.400224	0.443392	0.395168	212	2	256	128	24576	24576	0	65536	102400	1536	210	208	2	2	1	32	0	0	0	0	0	0	2	registers	30	200	500	30	0	5	11	52
gqa2	base	full	4	3	3	1	0.399520	0.443232	0.395264	212	2	256	128	24576	24576	0	65536	102400	1536	210	208	2	2	1	32	0	0	0	0	0	0	2	registers	30	200	500	30	0	5	11	53
gqa2	base	full	4	3	4	1	0.398432	0.442656	0.395136	212	2	256	128	24576	24576	0	65536	102400	1536	210	208	2	2	1	32	0	0	0	0	0	0	2	registers	30	200	500	30	0	5	11	54
gqa2	base	full	4	3	5	1	0.401280	0.443392	0.395264	212	2	256	128	24576	24576	0	65536	102400	1536	210	208	2	2	1	32	0	0	0	0	0	0	2	registers	30	200	500	30	0	5	11	55
gqa2	base	full	4	3	6	1	0.399360	0.441344	0.394496	212	2	256	128	24576	24576	0	65536	102400	1536	210	208	2	2	1	32	0	0	0	0	0	0	2	registers	30	200	500	30	0	5	11	56
gqa2	base	full	4	3	7	1	0.399360	0.443392	0.395584	212	2	256	128	24576	24576	0	65536	102400	1536	210	208	2	2	1	32	0	0	0	0	0	0	2	registers	30	200	500	30	0	5	11	57
gqa2	base	full	4	3	8	1	0.399552	0.443392	0.395264	212	2	256	128	24576	24576	0	65536	102400	1536	210	208	2	2	1	32	0	0	0	0	0	0	2	registers	30	200	500	30	0	5	11	58
gqa2	base	full	4	3	9	1	0.400192	0.444384	0.395968	212	2	256	128	24576	24576	0	65536	102400	1536	210	208	2	2	1	32	0	0	0	0	0	0	2	registers	30	200	500	30	0	5	11	59
gqa2	base	full	4	3	10	1	0.399488	0.440320	0.395136	212	2	256	128	24576	24576	0	65536	102400	1536	210	208	2	2	1	32	0	0	0	0	0	0	2	registers	30	200	500	30	0	5	11	60
gqa2	base	full	4	3	11	1	0.398528	0.444416	0.396288	212	2	256	128	24576	24576	0	65536	102400	1536	210	208	2	2	1	32	0	0	0	0	0	0	2	registers	30	200	500	30	0	5	11	61
gqa2	base	full	4	3	12	1	0.399584	0.443360	0.394240	212	2	256	128	24576	24576	0	65536	102400	1536	210	208	2	2	1	32	0	0	0	0	0	0	2	registers	30	200	500	30	0	5	11	62
gqa2	base	full	4	3	13	1	0.400064	0.441344	0.395296	212	2	256	128	24576	24576	0	65536	102400	1536	210	208	2	2	1	32	0	0	0	0	0	0	2	registers	30	200	500	30	0	5	11	63
gqa2	base	full	4	3	14	1	0.400320	0.442688	0.394240	212	2	256	128	24576	24576	0	65536	102400	1536	210	208	2	2	1	32	0	0	0	0	0	0	2	registers	30	200	500	30	0	5	11	64
gqa2	base	full	4	3	15	1	0.400384	0.442368	0.394336	212	2	256	128	24576	24576	0	65536	102400	1536	210	208	2	2	1	32	0	0	0	0	0	0	2	registers	30	200	500	30	0	5	11	65
gqa2	base	full	4	3	16	1	0.400320	0.443360	0.395264	212	2	256	128	24576	24576	0	65536	102400	1536	210	208	2	2	1	32	0	0	0	0	0	0	2	registers	30	200	500	30	0	5	11	66
gqa2	base	full	4	3	17	1	0.399520	0.442688	0.396160	212	2	256	128	24576	24576	0	65536	102400	1536	210	208	2	2	1	32	0	0	0	0	0	0	2	registers	30	200	500	30	0	5	11	67
gqa2	base	full	4	3	18	1	0.400512	0.443360	0.395264	212	2	256	128	24576	24576	0	65536	102400	1536	210	208	2	2	1	32	0	0	0	0	0	0	2	registers	30	200	500	30	0	5	11	68
gqa2	base	full	4	3	19	1	0.398336	0.442368	0.396288	212	2	256	128	24576	24576	0	65536	102400	1536	210	208	2	2	1	32	0	0	0	0	0	0	2	registers	30	200	500	30	0	5	11	69
gqa2	base	full	4	3	20	1	0.399360	0.442368	0.395264	212	2	256	128	24576	24576	0	65536	102400	1536	210	208	2	2	1	32	0	0	0	0	0	0	2	registers	30	200	500	30	0	5	11	70
gqa2	base	full	4	3	21	1	0.398336	0.443168	0.396192	212	2	256	128	24576	24576	0	65536	102400	1536	210	208	2	2	1	32	0	0	0	0	0	0	2	registers	30	200	500	30	0	5	11	71
gqa2	base	full	4	3	22	1	0.398336	0.444224	0.395936	212	2	256	128	24576	24576	0	65536	102400	1536	210	208	2	2	1	32	0	0	0	0	0	0	2	registers	30	200	500	30	0	5	11	72
gqa2	base	full	4	3	23	1	0.400384	0.443296	0.396288	212	2	256	128	24576	24576	0	65536	102400	1536	210	208	2	2	1	32	0	0	0	0	0	0	2	registers	30	200	500	30	0	5	11	73
gqa2	base	full	4	3	24	1	0.400288	0.442368	0.395232	212	2	256	128	24576	24576	0	65536	102400	1536	210	208	2	2	1	32	0	0	0	0	0	0	2	registers	30	200	500	30	0	5	11	74
gqa2	base	full	4	3	25	1	0.399360	0.443392	0.395008	212	2	256	128	24576	24576	0	65536	102400	1536	210	208	2	2	1	32	0	0	0	0	0	0	2	registers	30	200	500	30	0	5	11	75
gqa2	base	full	4	3	26	1	0.399360	0.440320	0.394240	212	2	256	128	24576	24576	0	65536	102400	1536	210	208	2	2	1	32	0	0	0	0	0	0	2	registers	30	200	500	30	0	5	11	76
gqa2	base	full	4	3	27	1	0.399392	0.443328	0.395936	212	2	256	128	24576	24576	0	65536	102400	1536	210	208	2	2	1	32	0	0	0	0	0	0	2	registers	30	200	500	30	0	5	11	77
gqa2	base	full	4	3	28	1	0.398336	0.443584	0.396288	212	2	256	128	24576	24576	0	65536	102400	1536	210	208	2	2	1	32	0	0	0	0	0	0	2	registers	30	200	500	30	0	5	11	78
gqa2	base	full	4	3	29	1	0.399552	0.443392	0.396288	212	2	256	128	24576	24576	0	65536	102400	1536	210	208	2	2	1	32	0	0	0	0	0	0	2	registers	30	200	500	30	0	5	11	79
gqa2	base	full	4	3	30	1	0.399200	0.443232	0.395200	212	2	256	128	24576	24576	0	65536	102400	1536	210	208	2	2	1	32	0	0	0	0	0	0	2	registers	30	200	500	30	0	5	11	80
gqa2	base	full	4	3	31	1	0.400384	0.442368	0.396064	212	2	256	128	24576	24576	0	65536	102400	1536	210	208	2	2	1	32	0	0	0	0	0	0	2	registers	30	200	500	30	0	5	11	81
gqa2	base	full	4	3	32	1	0.398336	0.441504	0.395264	212	2	256	128	24576	24576	0	65536	102400	1536	210	208	2	2	1	32	0	0	0	0	0	0	2	registers	30	200	500	30	0	5	11	82
gqa2	base	full	4	3	33	1	0.400608	0.443392	0.395264	212	2	256	128	24576	24576	0	65536	102400	1536	210	208	2	2	1	32	0	0	0	0	0	0	2	registers	30	200	500	30	0	5	11	83
gqa2	base	full	4	3	34	1	0.398464	0.442176	0.396288	212	2	256	128	24576	24576	0	65536	102400	1536	210	208	2	2	1	32	0	0	0	0	0	0	2	registers	30	200	500	30	0	5	11	84
gqa2	base	full	4	3	35	1	0.399520	0.443392	0.395456	212	2	256	128	24576	24576	0	65536	102400	1536	210	208	2	2	1	32	0	0	0	0	0	0	2	registers	30	200	500	30	0	5	11	85
gqa2	base	full	4	3	36	1	0.400352	0.443392	0.396288	212	2	256	128	24576	24576	0	65536	102400	1536	210	208	2	2	1	32	0	0	0	0	0	0	2	registers	30	200	500	30	0	5	11	86
gqa2	base	full	4	3	37	1	0.398336	0.445088	0.395072	212	2	256	128	24576	24576	0	65536	102400	1536	210	208	2	2	1	32	0	0	0	0	0	0	2	registers	30	200	500	30	0	5	11	87
gqa2	base	full	4	3	38	1	0.398528	0.443392	0.395264	212	2	256	128	24576	24576	0	65536	102400	1536	210	208	2	2	1	32	0	0	0	0	0	0	2	registers	30	200	500	30	0	5	11	88
gqa2	base	full	4	3	39	1	0.400416	0.443136	0.396096	212	2	256	128	24576	24576	0	65536	102400	1536	210	208	2	2	1	32	0	0	0	0	0	0	2	registers	30	200	500	30	0	5	11	89
gqa2	base	full	4	3	40	1	0.400384	0.442272	0.395456	212	2	256	128	24576	24576	0	65536	102400	1536	210	208	2	2	1	32	0	0	0	0	0	0	2	registers	30	200	500	30	0	5	11	90
gqa2	base	full	4	3	41	1	0.399360	0.442272	0.395264	212	2	256	128	24576	24576	0	65536	102400	1536	210	208	2	2	1	32	0	0	0	0	0	0	2	registers	30	200	500	30	0	5	11	91
gqa2	base	full	4	3	42	1	0.400384	0.441664	0.395264	212	2	256	128	24576	24576	0	65536	102400	1536	210	208	2	2	1	32	0	0	0	0	0	0	2	registers	30	200	500	30	0	5	11	92
gqa2	base	full	4	3	43	1	0.400384	0.441344	0.396288	212	2	256	128	24576	24576	0	65536	102400	1536	210	208	2	2	1	32	0	0	0	0	0	0	2	registers	30	200	500	30	0	5	11	93
gqa2	base	full	4	3	44	1	0.401120	0.443392	0.396096	212	2	256	128	24576	24576	0	65536	102400	1536	210	208	2	2	1	32	0	0	0	0	0	0	2	registers	30	200	500	30	0	5	11	94
gqa2	base	full	4	3	45	1	0.399520	0.443136	0.395968	212	2	256	128	24576	24576	0	65536	102400	1536	210	208	2	2	1	32	0	0	0	0	0	0	2	registers	30	200	500	30	0	5	11	95
gqa2	base	full	4	3	46	1	0.399552	0.442368	0.395648	212	2	256	128	24576	24576	0	65536	102400	1536	210	208	2	2	1	32	0	0	0	0	0	0	2	registers	30	200	500	30	0	5	11	96
gqa2	base	full	4	3	47	1	0.400384	0.442176	0.395264	212	2	256	128	24576	24576	0	65536	102400	1536	210	208	2	2	1	32	0	0	0	0	0	0	2	registers	30	200	500	30	0	5	11	97
gqa2	base	full	4	3	48	1	0.400384	0.443360	0.395584	212	2	256	128	24576	24576	0	65536	102400	1536	210	208	2	2	1	32	0	0	0	0	0	0	2	registers	30	200	500	30	0	5	11	98
gqa2	base	full	4	3	49	1	0.400608	0.443392	0.396288	212	2	256	128	24576	24576	0	65536	102400	1536	210	208	2	2	1	32	0	0	0	0	0	0	2	registers	30	200	500	30	0	5	11	99
gqa2	base	full	16	3	0	1	0.408576	0.452608	0.403456	212	2	256	128	24576	24576	0	65536	102400	1536	210	208	2	2	1	32	0	0	0	0	0	0	2	registers	30	608	2156	30	0	5	11	100
gqa2	base	full	16	3	1	1	0.407744	0.450656	0.402432	212	2	256	128	24576	24576	0	65536	102400	1536	210	208	2	2	1	32	0	0	0	0	0	0	2	registers	30	608	2156	30	0	5	11	101
gqa2	base	full	16	3	2	1	0.406304	0.450560	0.403456	212	2	256	128	24576	24576	0	65536	102400	1536	210	208	2	2	1	32	0	0	0	0	0	0	2	registers	30	608	2156	30	0	5	11	102
gqa2	base	full	16	3	3	1	0.407712	0.449568	0.403456	212	2	256	128	24576	24576	0	65536	102400	1536	210	208	2	2	1	32	0	0	0	0	0	0	2	registers	30	608	2156	30	0	5	11	103
gqa2	base	full	16	3	4	1	0.405728	0.451584	0.403712	212	2	256	128	24576	24576	0	65536	102400	1536	210	208	2	2	1	32	0	0	0	0	0	0	2	registers	30	608	2156	30	0	5	11	104
gqa2	base	full	16	3	5	1	0.407552	0.452608	0.402432	212	2	256	128	24576	24576	0	65536	102400	1536	210	208	2	2	1	32	0	0	0	0	0	0	2	registers	30	608	2156	30	0	5	11	105
gqa2	base	full	16	3	6	1	0.405696	0.450528	0.403456	212	2	256	128	24576	24576	0	65536	102400	1536	210	208	2	2	1	32	0	0	0	0	0	0	2	registers	30	608	2156	30	0	5	11	106
gqa2	base	full	16	3	7	1	0.406688	0.450560	0.403392	212	2	256	128	24576	24576	0	65536	102400	1536	210	208	2	2	1	32	0	0	0	0	0	0	2	registers	30	608	2156	30	0	5	11	107
gqa2	base	full	16	3	8	1	0.406272	0.450304	0.403264	212	2	256	128	24576	24576	0	65536	102400	1536	210	208	2	2	1	32	0	0	0	0	0	0	2	registers	30	608	2156	30	0	5	11	108
gqa2	base	full	16	3	9	1	0.406592	0.450752	0.402784	212	2	256	128	24576	24576	0	65536	102400	1536	210	208	2	2	1	32	0	0	0	0	0	0	2	registers	30	608	2156	30	0	5	11	109
gqa2	base	full	16	3	10	1	0.405504	0.450592	0.403232	212	2	256	128	24576	24576	0	65536	102400	1536	210	208	2	2	1	32	0	0	0	0	0	0	2	registers	30	608	2156	30	0	5	11	110
gqa2	base	full	16	3	11	1	0.406528	0.451360	0.402432	212	2	256	128	24576	24576	0	65536	102400	1536	210	208	2	2	1	32	0	0	0	0	0	0	2	registers	30	608	2156	30	0	5	11	111
gqa2	base	full	16	3	12	1	0.405696	0.450560	0.402368	212	2	256	128	24576	24576	0	65536	102400	1536	210	208	2	2	1	32	0	0	0	0	0	0	2	registers	30	608	2156	30	0	5	11	112
gqa2	base	full	16	3	13	1	0.406720	0.450624	0.403616	212	2	256	128	24576	24576	0	65536	102400	1536	210	208	2	2	1	32	0	0	0	0	0	0	2	registers	30	608	2156	30	0	5	11	113
gqa2	base	full	16	3	14	1	0.407456	0.450560	0.403456	212	2	256	128	24576	24576	0	65536	102400	1536	210	208	2	2	1	32	0	0	0	0	0	0	2	registers	30	608	2156	30	0	5	11	114
gqa2	base	full	16	3	15	1	0.406528	0.451552	0.403200	212	2	256	128	24576	24576	0	65536	102400	1536	210	208	2	2	1	32	0	0	0	0	0	0	2	registers	30	608	2156	30	0	5	11	115
gqa2	base	full	16	3	16	1	0.405376	0.451648	0.403168	212	2	256	128	24576	24576	0	65536	102400	1536	210	208	2	2	1	32	0	0	0	0	0	0	2	registers	30	608	2156	30	0	5	11	116
gqa2	base	full	16	3	17	1	0.406528	0.449536	0.403456	212	2	256	128	24576	24576	0	65536	102400	1536	210	208	2	2	1	32	0	0	0	0	0	0	2	registers	30	608	2156	30	0	5	11	117
gqa2	base	full	16	3	18	1	0.407552	0.450912	0.403680	212	2	256	128	24576	24576	0	65536	102400	1536	210	208	2	2	1	32	0	0	0	0	0	0	2	registers	30	608	2156	30	0	5	11	118
gqa2	base	full	16	3	19	1	0.405664	0.451584	0.404320	212	2	256	128	24576	24576	0	65536	102400	1536	210	208	2	2	1	32	0	0	0	0	0	0	2	registers	30	608	2156	30	0	5	11	119
gqa2	base	full	16	3	20	1	0.407552	0.451904	0.403456	212	2	256	128	24576	24576	0	65536	102400	1536	210	208	2	2	1	32	0	0	0	0	0	0	2	registers	30	608	2156	30	0	5	11	120
gqa2	base	full	16	3	21	1	0.407744	0.453344	0.403584	212	2	256	128	24576	24576	0	65536	102400	1536	210	208	2	2	1	32	0	0	0	0	0	0	2	registers	30	608	2156	30	0	5	11	121
gqa2	base	full	16	3	22	1	0.406336	0.450560	0.402432	212	2	256	128	24576	24576	0	65536	102400	1536	210	208	2	2	1	32	0	0	0	0	0	0	2	registers	30	608	2156	30	0	5	11	122
gqa2	base	full	16	3	23	1	0.408416	0.450496	0.403296	212	2	256	128	24576	24576	0	65536	102400	1536	210	208	2	2	1	32	0	0	0	0	0	0	2	registers	30	608	2156	30	0	5	11	123
gqa2	base	full	16	3	24	1	0.405504	0.450560	0.402176	212	2	256	128	24576	24576	0	65536	102400	1536	210	208	2	2	1	32	0	0	0	0	0	0	2	registers	30	608	2156	30	0	5	11	124
gqa2	base	full	16	3	25	1	0.405696	0.450560	0.403456	212	2	256	128	24576	24576	0	65536	102400	1536	210	208	2	2	1	32	0	0	0	0	0	0	2	registers	30	608	2156	30	0	5	11	125
gqa2	base	full	16	3	26	1	0.406528	0.451904	0.403456	212	2	256	128	24576	24576	0	65536	102400	1536	210	208	2	2	1	32	0	0	0	0	0	0	2	registers	30	608	2156	30	0	5	11	126
gqa2	base	full	16	3	27	1	0.406528	0.450240	0.404320	212	2	256	128	24576	24576	0	65536	102400	1536	210	208	2	2	1	32	0	0	0	0	0	0	2	registers	30	608	2156	30	0	5	11	127
gqa2	base	full	16	3	28	1	0.405696	0.450720	0.404256	212	2	256	128	24576	24576	0	65536	102400	1536	210	208	2	2	1	32	0	0	0	0	0	0	2	registers	30	608	2156	30	0	5	11	128
gqa2	base	full	16	3	29	1	0.405408	0.450496	0.403264	212	2	256	128	24576	24576	0	65536	102400	1536	210	208	2	2	1	32	0	0	0	0	0	0	2	registers	30	608	2156	30	0	5	11	129
gqa2	base	full	16	3	30	1	0.406528	0.449568	0.402432	212	2	256	128	24576	24576	0	65536	102400	1536	210	208	2	2	1	32	0	0	0	0	0	0	2	registers	30	608	2156	30	0	5	11	130
gqa2	base	full	16	3	31	1	0.405504	0.452320	0.402368	212	2	256	128	24576	24576	0	65536	102400	1536	210	208	2	2	1	32	0	0	0	0	0	0	2	registers	30	608	2156	30	0	5	11	131
gqa2	base	full	16	3	32	1	0.406528	0.451232	0.404256	212	2	256	128	24576	24576	0	65536	102400	1536	210	208	2	2	1	32	0	0	0	0	0	0	2	registers	30	608	2156	30	0	5	11	132
gqa2	base	full	16	3	33	1	0.406688	0.450560	0.402432	212	2	256	128	24576	24576	0	65536	102400	1536	210	208	2	2	1	32	0	0	0	0	0	0	2	registers	30	608	2156	30	0	5	11	133
gqa2	base	full	16	3	34	1	0.406528	0.451328	0.404480	212	2	256	128	24576	24576	0	65536	102400	1536	210	208	2	2	1	32	0	0	0	0	0	0	2	registers	30	608	2156	30	0	5	11	134
gqa2	base	full	16	3	35	1	0.407360	0.451520	0.404480	212	2	256	128	24576	24576	0	65536	102400	1536	210	208	2	2	1	32	0	0	0	0	0	0	2	registers	30	608	2156	30	0	5	11	135
gqa2	base	full	16	3	36	1	0.406560	0.451584	0.404480	212	2	256	128	24576	24576	0	65536	102400	1536	210	208	2	2	1	32	0	0	0	0	0	0	2	registers	30	608	2156	30	0	5	11	136
gqa2	base	full	16	3	37	1	0.406656	0.452448	0.404096	212	2	256	128	24576	24576	0	65536	102400	1536	210	208	2	2	1	32	0	0	0	0	0	0	2	registers	30	608	2156	30	0	5	11	137
gqa2	base	full	16	3	38	1	0.405696	0.450560	0.403168	212	2	256	128	24576	24576	0	65536	102400	1536	210	208	2	2	1	32	0	0	0	0	0	0	2	registers	30	608	2156	30	0	5	11	138
gqa2	base	full	16	3	39	1	0.405408	0.449536	0.403072	212	2	256	128	24576	24576	0	65536	102400	1536	210	208	2	2	1	32	0	0	0	0	0	0	2	registers	30	608	2156	30	0	5	11	139
gqa2	base	full	16	3	40	1	0.407584	0.451360	0.403616	212	2	256	128	24576	24576	0	65536	102400	1536	210	208	2	2	1	32	0	0	0	0	0	0	2	registers	30	608	2156	30	0	5	11	140
gqa2	base	full	16	3	41	1	0.405664	0.449536	0.402432	212	2	256	128	24576	24576	0	65536	102400	1536	210	208	2	2	1	32	0	0	0	0	0	0	2	registers	30	608	2156	30	0	5	11	141
gqa2	base	full	16	3	42	1	0.404480	0.451296	0.403456	212	2	256	128	24576	24576	0	65536	102400	1536	210	208	2	2	1	32	0	0	0	0	0	0	2	registers	30	608	2156	30	0	5	11	142
gqa2	base	full	16	3	43	1	0.405504	0.450560	0.403456	212	2	256	128	24576	24576	0	65536	102400	1536	210	208	2	2	1	32	0	0	0	0	0	0	2	registers	30	608	2156	30	0	5	11	143
gqa2	base	full	16	3	44	1	0.404608	0.452608	0.404480	212	2	256	128	24576	24576	0	65536	102400	1536	210	208	2	2	1	32	0	0	0	0	0	0	2	registers	30	608	2156	30	0	5	11	144
gqa2	base	full	16	3	45	1	0.405504	0.450240	0.402528	212	2	256	128	24576	24576	0	65536	102400	1536	210	208	2	2	1	32	0	0	0	0	0	0	2	registers	30	608	2156	30	0	5	11	145
gqa2	base	full	16	3	46	1	0.404704	0.451584	0.403360	212	2	256	128	24576	24576	0	65536	102400	1536	210	208	2	2	1	32	0	0	0	0	0	0	2	registers	30	608	2156	30	0	5	11	146
gqa2	base	full	16	3	47	1	0.405696	0.451584	0.403744	212	2	256	128	24576	24576	0	65536	102400	1536	210	208	2	2	1	32	0	0	0	0	0	0	2	registers	30	608	2156	30	0	5	11	147
gqa2	base	full	16	3	48	1	0.407264	0.452288	0.404480	212	2	256	128	24576	24576	0	65536	102400	1536	210	208	2	2	1	32	0	0	0	0	0	0	2	registers	30	608	2156	30	0	5	11	148
gqa2	base	full	16	3	49	1	0.409568	0.452608	0.403456	212	2	256	128	24576	24576	0	65536	102400	1536	210	208	2	2	1	32	0	0	0	0	0	0	2	registers	30	608	2156	30	0	5	11	149
gqa2	base	full	128	3	0	1	0.562176	0.613376	0.554784	212	2	256	128	24576	24576	0	65536	102400	1536	210	208	2	2	1	32	0	0	0	0	0	0	2	registers	30	4416	16292	34	0	5	11	150
gqa2	base	full	128	3	1	1	0.562400	0.613376	0.555008	212	2	256	128	24576	24576	0	65536	102400	1536	210	208	2	2	1	32	0	0	0	0	0	0	2	registers	30	4416	16292	34	0	5	11	151
gqa2	base	full	128	3	2	1	0.561152	0.611552	0.555840	212	2	256	128	24576	24576	0	65536	102400	1536	210	208	2	2	1	32	0	0	0	0	0	0	2	registers	30	4416	16292	34	0	5	11	152
gqa2	base	full	128	3	3	1	0.561344	0.611328	0.555008	212	2	256	128	24576	24576	0	65536	102400	1536	210	208	2	2	1	32	0	0	0	0	0	0	2	registers	30	4416	16292	34	0	5	11	153
gqa2	base	full	128	3	4	1	0.563360	0.612352	0.555264	212	2	256	128	24576	24576	0	65536	102400	1536	210	208	2	2	1	32	0	0	0	0	0	0	2	registers	30	4416	16292	34	0	5	11	154
gqa2	base	full	128	3	5	1	0.563200	0.613376	0.556032	212	2	256	128	24576	24576	0	65536	102400	1536	210	208	2	2	1	32	0	0	0	0	0	0	2	registers	30	4416	16292	34	0	5	11	155
gqa2	base	full	128	3	6	1	0.563200	0.613376	0.555008	212	2	256	128	24576	24576	0	65536	102400	1536	210	208	2	2	1	32	0	0	0	0	0	0	2	registers	30	4416	16292	34	0	5	11	156
gqa2	base	full	128	3	7	1	0.562400	0.612384	0.555776	212	2	256	128	24576	24576	0	65536	102400	1536	210	208	2	2	1	32	0	0	0	0	0	0	2	registers	30	4416	16292	34	0	5	11	157
gqa2	base	full	128	3	8	1	0.563168	0.612352	0.555008	212	2	256	128	24576	24576	0	65536	102400	1536	210	208	2	2	1	32	0	0	0	0	0	0	2	registers	30	4416	16292	34	0	5	11	158
gqa2	base	full	128	3	9	1	0.562368	0.612544	0.555008	212	2	256	128	24576	24576	0	65536	102400	1536	210	208	2	2	1	32	0	0	0	0	0	0	2	registers	30	4416	16292	34	0	5	11	159
gqa2	base	full	128	3	10	1	0.562368	0.613376	0.556032	212	2	256	128	24576	24576	0	65536	102400	1536	210	208	2	2	1	32	0	0	0	0	0	0	2	registers	30	4416	16292	34	0	5	11	160
gqa2	base	full	128	3	11	1	0.562944	0.612992	0.553984	212	2	256	128	24576	24576	0	65536	102400	1536	210	208	2	2	1	32	0	0	0	0	0	0	2	registers	30	4416	16292	34	0	5	11	161
gqa2	base	full	128	3	12	1	0.563200	0.612352	0.555008	212	2	256	128	24576	24576	0	65536	102400	1536	210	208	2	2	1	32	0	0	0	0	0	0	2	registers	30	4416	16292	34	0	5	11	162
gqa2	base	full	128	3	13	1	0.562400	0.612352	0.555008	212	2	256	128	24576	24576	0	65536	102400	1536	210	208	2	2	1	32	0	0	0	0	0	0	2	registers	30	4416	16292	34	0	5	11	163
gqa2	base	full	128	3	14	1	0.563424	0.612128	0.555200	212	2	256	128	24576	24576	0	65536	102400	1536	210	208	2	2	1	32	0	0	0	0	0	0	2	registers	30	4416	16292	34	0	5	11	164
gqa2	base	full	128	3	15	1	0.563040	0.611328	0.553984	212	2	256	128	24576	24576	0	65536	102400	1536	210	208	2	2	1	32	0	0	0	0	0	0	2	registers	30	4416	16292	34	0	5	11	165
gqa2	base	full	128	3	16	1	0.561312	0.611680	0.556032	212	2	256	128	24576	24576	0	65536	102400	1536	210	208	2	2	1	32	0	0	0	0	0	0	2	registers	30	4416	16292	34	0	5	11	166
gqa2	base	full	128	3	17	1	0.563200	0.612256	0.554912	212	2	256	128	24576	24576	0	65536	102400	1536	210	208	2	2	1	32	0	0	0	0	0	0	2	registers	30	4416	16292	34	0	5	11	167
gqa2	base	full	128	3	18	1	0.562080	0.612608	0.555328	212	2	256	128	24576	24576	0	65536	102400	1536	210	208	2	2	1	32	0	0	0	0	0	0	2	registers	30	4416	16292	34	0	5	11	168
gqa2	base	full	128	3	19	1	0.563392	0.611328	0.555872	212	2	256	128	24576	24576	0	65536	102400	1536	210	208	2	2	1	32	0	0	0	0	0	0	2	registers	30	4416	16292	34	0	5	11	169
gqa2	base	full	128	3	20	1	0.563040	0.612736	0.554880	212	2	256	128	24576	24576	0	65536	102400	1536	210	208	2	2	1	32	0	0	0	0	0	0	2	registers	30	4416	16292	34	0	5	11	170
gqa2	base	full	128	3	21	1	0.561376	0.613312	0.556032	212	2	256	128	24576	24576	0	65536	102400	1536	210	208	2	2	1	32	0	0	0	0	0	0	2	registers	30	4416	16292	34	0	5	11	171
gqa2	base	full	128	3	22	1	0.562400	0.611328	0.554912	212	2	256	128	24576	24576	0	65536	102400	1536	210	208	2	2	1	32	0	0	0	0	0	0	2	registers	30	4416	16292	34	0	5	11	172
gqa2	base	full	128	3	23	1	0.562176	0.612352	0.556032	212	2	256	128	24576	24576	0	65536	102400	1536	210	208	2	2	1	32	0	0	0	0	0	0	2	registers	30	4416	16292	34	0	5	11	173
gqa2	base	full	128	3	24	1	0.563328	0.612352	0.555008	212	2	256	128	24576	24576	0	65536	102400	1536	210	208	2	2	1	32	0	0	0	0	0	0	2	registers	30	4416	16292	34	0	5	11	174
gqa2	base	full	128	3	25	1	0.562176	0.612416	0.555008	212	2	256	128	24576	24576	0	65536	102400	1536	210	208	2	2	1	32	0	0	0	0	0	0	2	registers	30	4416	16292	34	0	5	11	175
gqa2	base	full	128	3	26	1	0.561312	0.611328	0.555008	212	2	256	128	24576	24576	0	65536	102400	1536	210	208	2	2	1	32	0	0	0	0	0	0	2	registers	30	4416	16292	34	0	5	11	176
gqa2	base	full	128	3	27	1	0.563200	0.612352	0.555808	212	2	256	128	24576	24576	0	65536	102400	1536	210	208	2	2	1	32	0	0	0	0	0	0	2	registers	30	4416	16292	34	0	5	11	177
gqa2	base	full	128	3	28	1	0.563264	0.612352	0.556032	212	2	256	128	24576	24576	0	65536	102400	1536	210	208	2	2	1	32	0	0	0	0	0	0	2	registers	30	4416	16292	34	0	5	11	178
gqa2	base	full	128	3	29	1	0.562400	0.612224	0.555744	212	2	256	128	24576	24576	0	65536	102400	1536	210	208	2	2	1	32	0	0	0	0	0	0	2	registers	30	4416	16292	34	0	5	11	179
gqa2	base	full	128	3	30	1	0.563392	0.612288	0.555008	212	2	256	128	24576	24576	0	65536	102400	1536	210	208	2	2	1	32	0	0	0	0	0	0	2	registers	30	4416	16292	34	0	5	11	180
gqa2	base	full	128	3	31	1	0.562176	0.612352	0.555232	212	2	256	128	24576	24576	0	65536	102400	1536	210	208	2	2	1	32	0	0	0	0	0	0	2	registers	30	4416	16292	34	0	5	11	181
gqa2	base	full	128	3	32	1	0.562368	0.613088	0.553984	212	2	256	128	24576	24576	0	65536	102400	1536	210	208	2	2	1	32	0	0	0	0	0	0	2	registers	30	4416	16292	34	0	5	11	182
gqa2	base	full	128	3	33	1	0.563168	0.613216	0.555968	212	2	256	128	24576	24576	0	65536	102400	1536	210	208	2	2	1	32	0	0	0	0	0	0	2	registers	30	4416	16292	34	0	5	11	183
gqa2	base	full	128	3	34	1	0.562176	0.612352	0.555008	212	2	256	128	24576	24576	0	65536	102400	1536	210	208	2	2	1	32	0	0	0	0	0	0	2	registers	30	4416	16292	34	0	5	11	184
gqa2	base	full	128	3	35	1	0.562240	0.612256	0.555008	212	2	256	128	24576	24576	0	65536	102400	1536	210	208	2	2	1	32	0	0	0	0	0	0	2	registers	30	4416	16292	34	0	5	11	185
gqa2	base	full	128	3	36	1	0.563424	0.612256	0.555200	212	2	256	128	24576	24576	0	65536	102400	1536	210	208	2	2	1	32	0	0	0	0	0	0	2	registers	30	4416	16292	34	0	5	11	186
gqa2	base	full	128	3	37	1	0.562336	0.612640	0.554848	212	2	256	128	24576	24576	0	65536	102400	1536	210	208	2	2	1	32	0	0	0	0	0	0	2	registers	30	4416	16292	34	0	5	11	187
gqa2	base	full	128	3	38	1	0.563200	0.612352	0.554016	212	2	256	128	24576	24576	0	65536	102400	1536	210	208	2	2	1	32	0	0	0	0	0	0	2	registers	30	4416	16292	34	0	5	11	188
gqa2	base	full	128	3	39	1	0.563296	0.612384	0.555008	212	2	256	128	24576	24576	0	65536	102400	1536	210	208	2	2	1	32	0	0	0	0	0	0	2	registers	30	4416	16292	34	0	5	11	189
gqa2	base	full	128	3	40	1	0.563008	0.611424	0.555008	212	2	256	128	24576	24576	0	65536	102400	1536	210	208	2	2	1	32	0	0	0	0	0	0	2	registers	30	4416	16292	34	0	5	11	190
gqa2	base	full	128	3	41	1	0.563200	0.611648	0.555008	212	2	256	128	24576	24576	0	65536	102400	1536	210	208	2	2	1	32	0	0	0	0	0	0	2	registers	30	4416	16292	34	0	5	11	191
gqa2	base	full	128	3	42	1	0.563200	0.612352	0.553984	212	2	256	128	24576	24576	0	65536	102400	1536	210	208	2	2	1	32	0	0	0	0	0	0	2	registers	30	4416	16292	34	0	5	11	192
gqa2	base	full	128	3	43	1	0.563200	0.613376	0.555936	212	2	256	128	24576	24576	0	65536	102400	1536	210	208	2	2	1	32	0	0	0	0	0	0	2	registers	30	4416	16292	34	0	5	11	193
gqa2	base	full	128	3	44	1	0.563136	0.613088	0.555008	212	2	256	128	24576	24576	0	65536	102400	1536	210	208	2	2	1	32	0	0	0	0	0	0	2	registers	30	4416	16292	34	0	5	11	194
gqa2	base	full	128	3	45	1	0.562368	0.613120	0.553984	212	2	256	128	24576	24576	0	65536	102400	1536	210	208	2	2	1	32	0	0	0	0	0	0	2	registers	30	4416	16292	34	0	5	11	195
gqa2	base	full	128	3	46	1	0.562176	0.612000	0.555680	212	2	256	128	24576	24576	0	65536	102400	1536	210	208	2	2	1	32	0	0	0	0	0	0	2	registers	30	4416	16292	34	0	5	11	196
gqa2	base	full	128	3	47	1	0.563072	0.612352	0.555008	212	2	256	128	24576	24576	0	65536	102400	1536	210	208	2	2	1	32	0	0	0	0	0	0	2	registers	30	4416	16292	34	0	5	11	197
gqa2	base	full	128	3	48	1	0.563328	0.612352	0.554688	212	2	256	128	24576	24576	0	65536	102400	1536	210	208	2	2	1	32	0	0	0	0	0	0	2	registers	30	4416	16292	34	0	5	11	198
gqa2	base	full	128	3	49	1	0.563104	0.612384	0.555232	212	2	256	128	24576	24576	0	65536	102400	1536	210	208	2	2	1	32	0	0	0	0	0	0	2	registers	30	4416	16292	34	0	5	11	199
gqa2	base	full	512	3	0	1	1.770496	1.931264	1.771232	212	2	256	128	24576	24576	0	65536	102400	1536	210	208	2	2	1	32	0	0	0	0	0	0	2	registers	30	17664	59172	82	0	5	11	200
gqa2	base	full	512	3	1	1	1.610400	1.756512	1.612800	212	2	256	128	24576	24576	0	65536	102400	1536	210	208	2	2	1	32	0	0	0	0	0	0	2	registers	30	17664	59172	82	0	5	11	201
gqa2	base	full	512	3	2	1	1.610848	1.756128	1.613824	212	2	256	128	24576	24576	0	65536	102400	1536	210	208	2	2	1	32	0	0	0	0	0	0	2	registers	30	17664	59172	82	0	5	11	202
gqa2	base	full	512	3	3	1	1.610816	1.759936	1.612800	212	2	256	128	24576	24576	0	65536	102400	1536	210	208	2	2	1	32	0	0	0	0	0	0	2	registers	30	17664	59172	82	0	5	11	203
gqa2	base	full	512	3	4	1	1.611840	1.757184	1.612800	212	2	256	128	24576	24576	0	65536	102400	1536	210	208	2	2	1	32	0	0	0	0	0	0	2	registers	30	17664	59172	82	0	5	11	204
gqa2	base	full	512	3	5	1	1.611744	1.759072	1.613824	212	2	256	128	24576	24576	0	65536	102400	1536	210	208	2	2	1	32	0	0	0	0	0	0	2	registers	30	17664	59172	82	0	5	11	205
gqa2	base	full	512	3	6	1	1.612576	1.757408	1.612800	212	2	256	128	24576	24576	0	65536	102400	1536	210	208	2	2	1	32	0	0	0	0	0	0	2	registers	30	17664	59172	82	0	5	11	206
gqa2	base	full	512	3	7	1	1.610816	1.759232	1.611744	212	2	256	128	24576	24576	0	65536	102400	1536	210	208	2	2	1	32	0	0	0	0	0	0	2	registers	30	17664	59172	82	0	5	11	207
gqa2	base	full	512	3	8	1	1.610752	1.758208	1.613760	212	2	256	128	24576	24576	0	65536	102400	1536	210	208	2	2	1	32	0	0	0	0	0	0	2	registers	30	17664	59172	82	0	5	11	208
gqa2	base	full	512	3	9	1	1.611872	1.760256	1.612800	212	2	256	128	24576	24576	0	65536	102400	1536	210	208	2	2	1	32	0	0	0	0	0	0	2	registers	30	17664	59172	82	0	5	11	209
gqa2	base	full	512	3	10	1	1.611808	1.758208	1.612800	212	2	256	128	24576	24576	0	65536	102400	1536	210	208	2	2	1	32	0	0	0	0	0	0	2	registers	30	17664	59172	82	0	5	11	210
gqa2	base	full	512	3	11	1	1.611776	1.757184	1.613824	212	2	256	128	24576	24576	0	65536	102400	1536	210	208	2	2	1	32	0	0	0	0	0	0	2	registers	30	17664	59172	82	0	5	11	211
gqa2	base	full	512	3	12	1	1.611840	1.759232	1.613824	212	2	256	128	24576	24576	0	65536	102400	1536	210	208	2	2	1	32	0	0	0	0	0	0	2	registers	30	17664	59172	82	0	5	11	212
gqa2	base	full	512	3	13	1	1.611744	1.758144	1.614688	212	2	256	128	24576	24576	0	65536	102400	1536	210	208	2	2	1	32	0	0	0	0	0	0	2	registers	30	17664	59172	82	0	5	11	213
gqa2	base	full	512	3	14	1	1.610752	1.758208	1.612800	212	2	256	128	24576	24576	0	65536	102400	1536	210	208	2	2	1	32	0	0	0	0	0	0	2	registers	30	17664	59172	82	0	5	11	214
gqa2	base	full	512	3	15	1	1.611648	1.757024	1.612800	212	2	256	128	24576	24576	0	65536	102400	1536	210	208	2	2	1	32	0	0	0	0	0	0	2	registers	30	17664	59172	82	0	5	11	215
gqa2	base	full	512	3	16	1	1.611872	1.762208	1.613824	212	2	256	128	24576	24576	0	65536	102400	1536	210	208	2	2	1	32	0	0	0	0	0	0	2	registers	30	17664	59172	82	0	5	11	216
gqa2	base	full	512	3	17	1	1.609792	1.757184	1.613792	212	2	256	128	24576	24576	0	65536	102400	1536	210	208	2	2	1	32	0	0	0	0	0	0	2	registers	30	17664	59172	82	0	5	11	217
gqa2	base	full	512	3	18	1	1.611776	1.759232	1.612800	212	2	256	128	24576	24576	0	65536	102400	1536	210	208	2	2	1	32	0	0	0	0	0	0	2	registers	30	17664	59172	82	0	5	11	218
gqa2	base	full	512	3	19	1	1.610848	1.760256	1.613824	212	2	256	128	24576	24576	0	65536	102400	1536	210	208	2	2	1	32	0	0	0	0	0	0	2	registers	30	17664	59172	82	0	5	11	219
gqa2	base	full	512	3	20	1	1.610752	1.758464	1.612800	212	2	256	128	24576	24576	0	65536	102400	1536	210	208	2	2	1	32	0	0	0	0	0	0	2	registers	30	17664	59172	82	0	5	11	220
gqa2	base	full	512	3	21	1	1.611392	1.757984	1.612800	212	2	256	128	24576	24576	0	65536	102400	1536	210	208	2	2	1	32	0	0	0	0	0	0	2	registers	30	17664	59172	82	0	5	11	221
gqa2	base	full	512	3	22	1	1.610752	1.759232	1.614176	212	2	256	128	24576	24576	0	65536	102400	1536	210	208	2	2	1	32	0	0	0	0	0	0	2	registers	30	17664	59172	82	0	5	11	222
gqa2	base	full	512	3	23	1	1.610624	1.758208	1.613440	212	2	256	128	24576	24576	0	65536	102400	1536	210	208	2	2	1	32	0	0	0	0	0	0	2	registers	30	17664	59172	82	0	5	11	223
gqa2	base	full	512	3	24	1	1.610752	1.757984	1.612960	212	2	256	128	24576	24576	0	65536	102400	1536	210	208	2	2	1	32	0	0	0	0	0	0	2	registers	30	17664	59172	82	0	5	11	224
gqa2	base	full	512	3	25	1	1.611776	1.756384	1.612800	212	2	256	128	24576	24576	0	65536	102400	1536	210	208	2	2	1	32	0	0	0	0	0	0	2	registers	30	17664	59172	82	0	5	11	225
gqa2	base	full	512	3	26	1	1.610848	1.758208	1.613824	212	2	256	128	24576	24576	0	65536	102400	1536	210	208	2	2	1	32	0	0	0	0	0	0	2	registers	30	17664	59172	82	0	5	11	226
gqa2	base	full	512	3	27	1	1.610752	1.756160	1.612800	212	2	256	128	24576	24576	0	65536	102400	1536	210	208	2	2	1	32	0	0	0	0	0	0	2	registers	30	17664	59172	82	0	5	11	227
gqa2	base	full	512	3	28	1	1.610752	1.758528	1.612704	212	2	256	128	24576	24576	0	65536	102400	1536	210	208	2	2	1	32	0	0	0	0	0	0	2	registers	30	17664	59172	82	0	5	11	228
gqa2	base	full	512	3	29	1	1.610752	1.758176	1.613824	212	2	256	128	24576	24576	0	65536	102400	1536	210	208	2	2	1	32	0	0	0	0	0	0	2	registers	30	17664	59172	82	0	5	11	229
gqa2	base	full	512	3	30	1	1.610848	1.758208	1.613824	212	2	256	128	24576	24576	0	65536	102400	1536	210	208	2	2	1	32	0	0	0	0	0	0	2	registers	30	17664	59172	82	0	5	11	230
gqa2	base	full	512	3	31	1	1.611456	1.758976	1.614112	212	2	256	128	24576	24576	0	65536	102400	1536	210	208	2	2	1	32	0	0	0	0	0	0	2	registers	30	17664	59172	82	0	5	11	231
gqa2	base	full	512	3	32	1	1.610816	1.756224	1.613536	212	2	256	128	24576	24576	0	65536	102400	1536	210	208	2	2	1	32	0	0	0	0	0	0	2	registers	30	17664	59172	82	0	5	11	232
gqa2	base	full	512	3	33	1	1.612672	1.757184	1.613824	212	2	256	128	24576	24576	0	65536	102400	1536	210	208	2	2	1	32	0	0	0	0	0	0	2	registers	30	17664	59172	82	0	5	11	233
gqa2	base	full	512	3	34	1	1.610816	1.758208	1.611616	212	2	256	128	24576	24576	0	65536	102400	1536	210	208	2	2	1	32	0	0	0	0	0	0	2	registers	30	17664	59172	82	0	5	11	234
gqa2	base	full	512	3	35	1	1.610816	1.757984	1.613792	212	2	256	128	24576	24576	0	65536	102400	1536	210	208	2	2	1	32	0	0	0	0	0	0	2	registers	30	17664	59172	82	0	5	11	235
gqa2	base	full	512	3	36	1	1.610752	1.759104	1.613632	212	2	256	128	24576	24576	0	65536	102400	1536	210	208	2	2	1	32	0	0	0	0	0	0	2	registers	30	17664	59172	82	0	5	11	236
gqa2	base	full	512	3	37	1	1.611872	1.757984	1.613920	212	2	256	128	24576	24576	0	65536	102400	1536	210	208	2	2	1	32	0	0	0	0	0	0	2	registers	30	17664	59172	82	0	5	11	237
gqa2	base	full	512	3	38	1	1.610464	1.758368	1.613824	212	2	256	128	24576	24576	0	65536	102400	1536	210	208	2	2	1	32	0	0	0	0	0	0	2	registers	30	17664	59172	82	0	5	11	238
gqa2	base	full	512	3	39	1	1.613824	1.759008	1.613824	212	2	256	128	24576	24576	0	65536	102400	1536	210	208	2	2	1	32	0	0	0	0	0	0	2	registers	30	17664	59172	82	0	5	11	239
gqa2	base	full	512	3	40	1	1.611776	1.756160	1.612800	212	2	256	128	24576	24576	0	65536	102400	1536	210	208	2	2	1	32	0	0	0	0	0	0	2	registers	30	17664	59172	82	0	5	11	240
gqa2	base	full	512	3	41	1	1.611616	1.757184	1.613888	212	2	256	128	24576	24576	0	65536	102400	1536	210	208	2	2	1	32	0	0	0	0	0	0	2	registers	30	17664	59172	82	0	5	11	241
gqa2	base	full	512	3	42	1	1.611776	1.757184	1.613824	212	2	256	128	24576	24576	0	65536	102400	1536	210	208	2	2	1	32	0	0	0	0	0	0	2	registers	30	17664	59172	82	0	5	11	242
gqa2	base	full	512	3	43	1	1.610592	1.759168	1.611776	212	2	256	128	24576	24576	0	65536	102400	1536	210	208	2	2	1	32	0	0	0	0	0	0	2	registers	30	17664	59172	82	0	5	11	243
gqa2	base	full	512	3	44	1	1.611712	1.757184	1.612800	212	2	256	128	24576	24576	0	65536	102400	1536	210	208	2	2	1	32	0	0	0	0	0	0	2	registers	30	17664	59172	82	0	5	11	244
gqa2	base	full	512	3	45	1	1.610752	1.758144	1.612512	212	2	256	128	24576	24576	0	65536	102400	1536	210	208	2	2	1	32	0	0	0	0	0	0	2	registers	30	17664	59172	82	0	5	11	245
gqa2	base	full	512	3	46	1	1.611648	1.756928	1.612800	212	2	256	128	24576	24576	0	65536	102400	1536	210	208	2	2	1	32	0	0	0	0	0	0	2	registers	30	17664	59172	82	0	5	11	246
gqa2	base	full	512	3	47	1	1.610816	1.757280	1.613824	212	2	256	128	24576	24576	0	65536	102400	1536	210	208	2	2	1	32	0	0	0	0	0	0	2	registers	30	17664	59172	82	0	5	11	247
gqa2	base	full	512	3	48	1	1.610752	1.759232	1.611776	212	2	256	128	24576	24576	0	65536	102400	1536	210	208	2	2	1	32	0	0	0	0	0	0	2	registers	30	17664	59172	82	0	5	11	248
gqa2	base	full	512	3	49	1	1.610464	1.756160	1.611776	212	2	256	128	24576	24576	0	65536	102400	1536	210	208	2	2	1	32	0	0	0	0	0	0	2	registers	30	17664	59172	82	0	5	11	249
gqa2	base	full	2048	3	0	1	16.961632	17.279137	16.984064	212	2	256	128	24576	24576	0	65536	102400	1536	210	208	2	2	1	32	0	0	0	0	0	0	2	registers	30	70656	230532	286	0	5	11	250
gqa2	base	full	2048	3	1	1	16.961536	17.273985	17.009665	212	2	256	128	24576	24576	0	65536	102400	1536	210	208	2	2	1	32	0	0	0	0	0	0	2	registers	30	70656	230532	286	0	5	11	251
gqa2	base	full	2048	3	2	1	16.941088	17.293312	17.010689	212	2	256	128	24576	24576	0	65536	102400	1536	210	208	2	2	1	32	0	0	0	0	0	0	2	registers	30	70656	230532	286	0	5	11	252
gqa2	base	full	2048	3	3	1	16.947296	17.305281	16.997152	212	2	256	128	24576	24576	0	65536	102400	1536	210	208	2	2	1	32	0	0	0	0	0	0	2	registers	30	70656	230532	286	0	5	11	253
gqa2	base	full	2048	3	4	1	16.989281	17.295361	16.974848	212	2	256	128	24576	24576	0	65536	102400	1536	210	208	2	2	1	32	0	0	0	0	0	0	2	registers	30	70656	230532	286	0	5	11	254
gqa2	base	full	2048	3	5	1	16.951361	17.287840	16.976896	212	2	256	128	24576	24576	0	65536	102400	1536	210	208	2	2	1	32	0	0	0	0	0	0	2	registers	30	70656	230532	286	0	5	11	255
gqa2	base	full	2048	3	6	1	16.907265	17.294048	17.003519	212	2	256	128	24576	24576	0	65536	102400	1536	210	208	2	2	1	32	0	0	0	0	0	0	2	registers	30	70656	230532	286	0	5	11	256
gqa2	base	full	2048	3	7	1	16.956415	17.279808	16.990496	212	2	256	128	24576	24576	0	65536	102400	1536	210	208	2	2	1	32	0	0	0	0	0	0	2	registers	30	70656	230532	286	0	5	11	257
gqa2	base	full	2048	3	8	1	16.962273	17.288288	17.010689	212	2	256	128	24576	24576	0	65536	102400	1536	210	208	2	2	1	32	0	0	0	0	0	0	2	registers	30	70656	230532	286	0	5	11	258
gqa2	base	full	2048	3	9	1	16.996096	17.305599	16.974848	212	2	256	128	24576	24576	0	65536	102400	1536	210	208	2	2	1	32	0	0	0	0	0	0	2	registers	30	70656	230532	286	0	5	11	259
gqa2	base	full	2048	3	10	1	16.969824	17.320959	17.036287	212	2	256	128	24576	24576	0	65536	102400	1536	210	208	2	2	1	32	0	0	0	0	0	0	2	registers	30	70656	230532	286	0	5	11	260
gqa2	base	full	2048	3	11	1	16.972799	17.303553	16.998400	212	2	256	128	24576	24576	0	65536	102400	1536	210	208	2	2	1	32	0	0	0	0	0	0	2	registers	30	70656	230532	286	0	5	11	261
gqa2	base	full	2048	3	12	1	16.972897	17.288288	17.018816	212	2	256	128	24576	24576	0	65536	102400	1536	210	208	2	2	1	32	0	0	0	0	0	0	2	registers	30	70656	230532	286	0	5	11	262
gqa2	base	full	2048	3	13	1	16.976959	17.303871	16.998367	212	2	256	128	24576	24576	0	65536	102400	1536	210	208	2	2	1	32	0	0	0	0	0	0	2	registers	30	70656	230532	286	0	5	11	263
gqa2	base	full	2048	3	14	1	16.976896	17.323008	16.988159	212	2	256	128	24576	24576	0	65536	102400	1536	210	208	2	2	1	32	0	0	0	0	0	0	2	registers	30	70656	230532	286	0	5	11	264
gqa2	base	full	2048	3	15	1	16.914433	17.318913	16.995329	212	2	256	128	24576	24576	0	65536	102400	1536	210	208	2	2	1	32	0	0	0	0	0	0	2	registers	30	70656	230532	286	0	5	11	265
gqa2	base	full	2048	3	16	1	16.988159	17.303553	16.992256	212	2	256	128	24576	24576	0	65536	102400	1536	210	208	2	2	1	32	0	0	0	0	0	0	2	registers	30	70656	230532	286	0	5	11	266
gqa2	base	full	2048	3	17	1	16.944128	17.318815	16.999424	212	2	256	128	24576	24576	0	65536	102400	1536	210	208	2	2	1	32	0	0	0	0	0	0	2	registers	30	70656	230532	286	0	5	11	267
gqa2	base	full	2048	3	18	1	16.969728	17.326336	17.036287	212	2	256	128	24576	24576	0	65536	102400	1536	210	208	2	2	1	32	0	0	0	0	0	0	2	registers	30	70656	230532	286	0	5	11	268
gqa2	base	full	2048	3	19	1	16.964607	17.320959	17.010689	212	2	256	128	24576	24576	0	65536	102400	1536	210	208	2	2	1	32	0	0	0	0	0	0	2	registers	30	70656	230532	286	0	5	11	269
gqa2	base	full	2048	3	20	1	16.997473	17.320959	17.009665	212	2	256	128	24576	24576	0	65536	102400	1536	210	208	2	2	1	32	0	0	0	0	0	0	2	registers	30	70656	230532	286	0	5	11	270
gqa2	base	full	2048	3	21	1	16.932863	17.297249	16.998400	212	2	256	128	24576	24576	0	65536	102400	1536	210	208	2	2	1	32	0	0	0	0	0	0	2	registers	30	70656	230532	286	0	5	11	271
gqa2	base	full	2048	3	22	1	16.950336	17.312769	17.028095	212	2	256	128	24576	24576	0	65536	102400	1536	210	208	2	2	1	32	0	0	0	0	0	0	2	registers	30	70656	230532	286	0	5	11	272
gqa2	base	full	2048	3	23	1	16.936960	17.323263	16.966656	212	2	256	128	24576	24576	0	65536	102400	1536	210	208	2	2	1	32	0	0	0	0	0	0	2	registers	30	70656	230532	286	0	5	11	273
gqa2	base	full	2048	3	24	1	16.996449	17.298431	17.030144	212	2	256	128	24576	24576	0	65536	102400	1536	210	208	2	2	1	32	0	0	0	0	0	0	2	registers	30	70656	230532	286	0	5	11	274
gqa2	base	full	2048	3	25	1	16.969536	17.305471	17.019615	212	2	256	128	24576	24576	0	65536	102400	1536	210	208	2	2	1	32	0	0	0	0	0	0	2	registers	30	70656	230532	286	0	5	11	275
gqa2	base	full	2048	3	26	1	16.966272	17.292032	17.026049	212	2	256	128	24576	24576	0	65536	102400	1536	210	208	2	2	1	32	0	0	0	0	0	0	2	registers	30	70656	230532	286	0	5	11	276
gqa2	base	full	2048	3	27	1	16.939873	17.324032	17.020927	212	2	256	128	24576	24576	0	65536	102400	1536	210	208	2	2	1	32	0	0	0	0	0	0	2	registers	30	70656	230532	286	0	5	11	277
gqa2	base	full	2048	3	28	1	16.946177	17.315840	16.997375	212	2	256	128	24576	24576	0	65536	102400	1536	210	208	2	2	1	32	0	0	0	0	0	0	2	registers	30	70656	230532	286	0	5	11	278
gqa2	base	full	2048	3	29	1	16.998400	17.288288	17.012735	212	2	256	128	24576	24576	0	65536	102400	1536	210	208	2	2	1	32	0	0	0	0	0	0	2	registers	30	70656	230532	286	0	5	11	279
gqa2	base	full	2048	3	30	1	16.976992	17.306463	16.986912	212	2	256	128	24576	24576	0	65536	102400	1536	210	208	2	2	1	32	0	0	0	0	0	0	2	registers	30	70656	230532	286	0	5	11	280
gqa2	base	full	2048	3	31	1	16.962561	17.311745	17.010689	212	2	256	128	24576	24576	0	65536	102400	1536	210	208	2	2	1	32	0	0	0	0	0	0	2	registers	30	70656	230532	286	0	5	11	281
gqa2	base	full	2048	3	32	1	16.954111	17.314079	17.019903	212	2	256	128	24576	24576	0	65536	102400	1536	210	208	2	2	1	32	0	0	0	0	0	0	2	registers	30	70656	230532	286	0	5	11	282
gqa2	base	full	2048	3	33	1	17.001472	17.323008	17.000448	212	2	256	128	24576	24576	0	65536	102400	1536	210	208	2	2	1	32	0	0	0	0	0	0	2	registers	30	70656	230532	286	0	5	11	283
gqa2	base	full	2048	3	34	1	16.947329	17.298431	17.003456	212	2	256	128	24576	24576	0	65536	102400	1536	210	208	2	2	1	32	0	0	0	0	0	0	2	registers	30	70656	230532	286	0	5	11	284
gqa2	base	full	2048	3	35	1	16.915457	17.320959	17.071104	212	2	256	128	24576	24576	0	65536	102400	1536	210	208	2	2	1	32	0	0	0	0	0	0	2	registers	30	70656	230532	286	0	5	11	285
gqa2	base	full	2048	3	36	1	17.020992	17.321983	17.000448	212	2	256	128	24576	24576	0	65536	102400	1536	210	208	2	2	1	32	0	0	0	0	0	0	2	registers	30	70656	230532	286	0	5	11	286
gqa2	base	full	2048	3	37	1	16.949247	17.307648	16.997375	212	2	256	128	24576	24576	0	65536	102400	1536	210	208	2	2	1	32	0	0	0	0	0	0	2	registers	30	70656	230532	286	0	5	11	287
gqa2	base	full	2048	3	38	1	16.953247	17.330175	17.009665	212	2	256	128	24576	24576	0	65536	102400	1536	210	208	2	2	1	32	0	0	0	0	0	0	2	registers	30	70656	230532	286	0	5	11	288
gqa2	base	full	2048	3	39	1	16.974848	17.312769	16.987137	212	2	256	128	24576	24576	0	65536	102400	1536	210	208	2	2	1	32	0	0	0	0	0	0	2	registers	30	70656	230532	286	0	5	11	289
gqa2	base	full	2048	3	40	1	16.936768	17.331200	17.027840	212	2	256	128	24576	24576	0	65536	102400	1536	210	208	2	2	1	32	0	0	0	0	0	0	2	registers	30	70656	230532	286	0	5	11	290
gqa2	base	full	2048	3	41	1	16.980991	17.309696	16.980991	212	2	256	128	24576	24576	0	65536	102400	1536	210	208	2	2	1	32	0	0	0	0	0	0	2	registers	30	70656	230532	286	0	5	11	291
gqa2	base	full	2048	3	42	1	16.933985	17.324673	17.003519	212	2	256	128	24576	24576	0	65536	102400	1536	210	208	2	2	1	32	0	0	0	0	0	0	2	registers	30	70656	230532	286	0	5	11	292
gqa2	base	full	2048	3	43	1	16.971840	17.304512	17.015968	212	2	256	128	24576	24576	0	65536	102400	1536	210	208	2	2	1	32	0	0	0	0	0	0	2	registers	30	70656	230532	286	0	5	11	293
gqa2	base	full	2048	3	44	1	16.937664	17.320959	17.019680	212	2	256	128	24576	24576	0	65536	102400	1536	210	208	2	2	1	32	0	0	0	0	0	0	2	registers	30	70656	230532	286	0	5	11	294
gqa2	base	full	2048	3	45	1	16.948320	17.341440	17.022049	212	2	256	128	24576	24576	0	65536	102400	1536	210	208	2	2	1	32	0	0	0	0	0	0	2	registers	30	70656	230532	286	0	5	11	295
gqa2	base	full	2048	3	46	1	16.980991	17.301504	17.011711	212	2	256	128	24576	24576	0	65536	102400	1536	210	208	2	2	1	32	0	0	0	0	0	0	2	registers	30	70656	230532	286	0	5	11	296
gqa2	base	full	2048	3	47	1	16.968704	17.311552	17.013760	212	2	256	128	24576	24576	0	65536	102400	1536	210	208	2	2	1	32	0	0	0	0	0	0	2	registers	30	70656	230532	286	0	5	11	297
gqa2	base	full	2048	3	48	1	16.963585	17.288193	16.992256	212	2	256	128	24576	24576	0	65536	102400	1536	210	208	2	2	1	32	0	0	0	0	0	0	2	registers	30	70656	230532	286	0	5	11	298
gqa2	base	full	2048	3	49	1	16.957537	17.302528	17.017569	212	2	256	128	24576	24576	0	65536	102400	1536	210	208	2	2	1	32	0	0	0	0	0	0	2	registers	30	70656	230532	286	0	5	11	299
mha4	base	full	1	3	0	1	0.720544	0.801632	0.714752	212	2	256	128	24576	24576	0	65536	102400	1536	210	208	2	2	1	32	0	0	0	0	0	0	2	registers	60	236	257	60	0	5	11	300
mha4	base	full	1	3	1	1	0.722944	0.802624	0.717472	212	2	256	128	24576	24576	0	65536	102400	1536	210	208	2	2	1	32	0	0	0	0	0	0	2	registers	60	236	257	60	0	5	11	301
mha4	base	full	1	3	2	1	0.720896	0.802720	0.714752	212	2	256	128	24576	24576	0	65536	102400	1536	210	208	2	2	1	32	0	0	0	0	0	0	2	registers	60	236	257	60	0	5	11	302
mha4	base	full	1	3	3	1	0.725024	0.801920	0.714464	212	2	256	128	24576	24576	0	65536	102400	1536	210	208	2	2	1	32	0	0	0	0	0	0	2	registers	60	236	257	60	0	5	11	303
mha4	base	full	1	3	4	1	0.722912	0.794624	0.715744	212	2	256	128	24576	24576	0	65536	102400	1536	210	208	2	2	1	32	0	0	0	0	0	0	2	registers	60	236	257	60	0	5	11	304
mha4	base	full	1	3	5	1	0.723968	0.802976	0.714752	212	2	256	128	24576	24576	0	65536	102400	1536	210	208	2	2	1	32	0	0	0	0	0	0	2	registers	60	236	257	60	0	5	11	305
mha4	base	full	1	3	6	1	0.724992	0.801760	0.714752	212	2	256	128	24576	24576	0	65536	102400	1536	210	208	2	2	1	32	0	0	0	0	0	0	2	registers	60	236	257	60	0	5	11	306
mha4	base	full	1	3	7	1	0.726688	0.801792	0.714752	212	2	256	128	24576	24576	0	65536	102400	1536	210	208	2	2	1	32	0	0	0	0	0	0	2	registers	60	236	257	60	0	5	11	307
mha4	base	full	1	3	8	1	0.722944	0.802688	0.712704	212	2	256	128	24576	24576	0	65536	102400	1536	210	208	2	2	1	32	0	0	0	0	0	0	2	registers	60	236	257	60	0	5	11	308
mha4	base	full	1	3	9	1	0.724096	0.803840	0.716800	212	2	256	128	24576	24576	0	65536	102400	1536	210	208	2	2	1	32	0	0	0	0	0	0	2	registers	60	236	257	60	0	5	11	309
mha4	base	full	1	3	10	1	0.723648	0.803008	0.714560	212	2	256	128	24576	24576	0	65536	102400	1536	210	208	2	2	1	32	0	0	0	0	0	0	2	registers	60	236	257	60	0	5	11	310
mha4	base	full	1	3	11	1	0.724992	0.800768	0.714496	212	2	256	128	24576	24576	0	65536	102400	1536	210	208	2	2	1	32	0	0	0	0	0	0	2	registers	60	236	257	60	0	5	11	311
mha4	base	full	1	3	12	1	0.721984	0.803040	0.715904	212	2	256	128	24576	24576	0	65536	102400	1536	210	208	2	2	1	32	0	0	0	0	0	0	2	registers	60	236	257	60	0	5	11	312
mha4	base	full	1	3	13	1	0.721024	0.797696	0.715776	212	2	256	128	24576	24576	0	65536	102400	1536	210	208	2	2	1	32	0	0	0	0	0	0	2	registers	60	236	257	60	0	5	11	313
mha4	base	full	1	3	14	1	0.723008	0.800832	0.715776	212	2	256	128	24576	24576	0	65536	102400	1536	210	208	2	2	1	32	0	0	0	0	0	0	2	registers	60	236	257	60	0	5	11	314
mha4	base	full	1	3	15	1	0.726016	0.802816	0.714560	212	2	256	128	24576	24576	0	65536	102400	1536	210	208	2	2	1	32	0	0	0	0	0	0	2	registers	60	236	257	60	0	5	11	315
mha4	base	full	1	3	16	1	0.720768	0.799552	0.716800	212	2	256	128	24576	24576	0	65536	102400	1536	210	208	2	2	1	32	0	0	0	0	0	0	2	registers	60	236	257	60	0	5	11	316
mha4	base	full	1	3	17	1	0.724992	0.801792	0.714752	212	2	256	128	24576	24576	0	65536	102400	1536	210	208	2	2	1	32	0	0	0	0	0	0	2	registers	60	236	257	60	0	5	11	317
mha4	base	full	1	3	18	1	0.724992	0.805120	0.715776	212	2	256	128	24576	24576	0	65536	102400	1536	210	208	2	2	1	32	0	0	0	0	0	0	2	registers	60	236	257	60	0	5	11	318
mha4	base	full	1	3	19	1	0.723968	0.798720	0.714432	212	2	256	128	24576	24576	0	65536	102400	1536	210	208	2	2	1	32	0	0	0	0	0	0	2	registers	60	236	257	60	0	5	11	319
mha4	base	full	1	3	20	1	0.724064	0.798560	0.714752	212	2	256	128	24576	24576	0	65536	102400	1536	210	208	2	2	1	32	0	0	0	0	0	0	2	registers	60	236	257	60	0	5	11	320
mha4	base	full	1	3	21	1	0.724064	0.796672	0.714752	212	2	256	128	24576	24576	0	65536	102400	1536	210	208	2	2	1	32	0	0	0	0	0	0	2	registers	60	236	257	60	0	5	11	321
mha4	base	full	1	3	22	1	0.723968	0.802816	0.714784	212	2	256	128	24576	24576	0	65536	102400	1536	210	208	2	2	1	32	0	0	0	0	0	0	2	registers	60	236	257	60	0	5	11	322
mha4	base	full	1	3	23	1	0.725056	0.793600	0.715776	212	2	256	128	24576	24576	0	65536	102400	1536	210	208	2	2	1	32	0	0	0	0	0	0	2	registers	60	236	257	60	0	5	11	323
mha4	base	full	1	3	24	1	0.722944	0.803840	0.714752	212	2	256	128	24576	24576	0	65536	102400	1536	210	208	2	2	1	32	0	0	0	0	0	0	2	registers	60	236	257	60	0	5	11	324
mha4	base	full	1	3	25	1	0.720992	0.799712	0.714752	212	2	256	128	24576	24576	0	65536	102400	1536	210	208	2	2	1	32	0	0	0	0	0	0	2	registers	60	236	257	60	0	5	11	325
mha4	base	full	1	3	26	1	0.724672	0.802816	0.714912	212	2	256	128	24576	24576	0	65536	102400	1536	210	208	2	2	1	32	0	0	0	0	0	0	2	registers	60	236	257	60	0	5	11	326
mha4	base	full	1	3	27	1	0.722944	0.802816	0.715776	212	2	256	128	24576	24576	0	65536	102400	1536	210	208	2	2	1	32	0	0	0	0	0	0	2	registers	60	236	257	60	0	5	11	327
mha4	base	full	1	3	28	1	0.724992	0.803008	0.714752	212	2	256	128	24576	24576	0	65536	102400	1536	210	208	2	2	1	32	0	0	0	0	0	0	2	registers	60	236	257	60	0	5	11	328
mha4	base	full	1	3	29	1	0.720896	0.801792	0.714752	212	2	256	128	24576	24576	0	65536	102400	1536	210	208	2	2	1	32	0	0	0	0	0	0	2	registers	60	236	257	60	0	5	11	329
mha4	base	full	1	3	30	1	0.721664	0.794624	0.715776	212	2	256	128	24576	24576	0	65536	102400	1536	210	208	2	2	1	32	0	0	0	0	0	0	2	registers	60	236	257	60	0	5	11	330
mha4	base	full	1	3	31	1	0.724992	0.796480	0.715680	212	2	256	128	24576	24576	0	65536	102400	1536	210	208	2	2	1	32	0	0	0	0	0	0	2	registers	60	236	257	60	0	5	11	331
mha4	base	full	1	3	32	1	0.722016	0.807936	0.715776	212	2	256	128	24576	24576	0	65536	102400	1536	210	208	2	2	1	32	0	0	0	0	0	0	2	registers	60	236	257	60	0	5	11	332
mha4	base	full	1	3	33	1	0.724864	0.797696	0.715424	212	2	256	128	24576	24576	0	65536	102400	1536	210	208	2	2	1	32	0	0	0	0	0	0	2	registers	60	236	257	60	0	5	11	333
mha4	base	full	1	3	34	1	0.724992	0.798624	0.714752	212	2	256	128	24576	24576	0	65536	102400	1536	210	208	2	2	1	32	0	0	0	0	0	0	2	registers	60	236	257	60	0	5	11	334
mha4	base	full	1	3	35	1	0.718496	0.803744	0.714752	212	2	256	128	24576	24576	0	65536	102400	1536	210	208	2	2	1	32	0	0	0	0	0	0	2	registers	60	236	257	60	0	5	11	335
mha4	base	full	1	3	36	1	0.726080	0.804896	0.714496	212	2	256	128	24576	24576	0	65536	102400	1536	210	208	2	2	1	32	0	0	0	0	0	0	2	registers	60	236	257	60	0	5	11	336
mha4	base	full	1	3	37	1	0.726080	0.800608	0.715488	212	2	256	128	24576	24576	0	65536	102400	1536	210	208	2	2	1	32	0	0	0	0	0	0	2	registers	60	236	257	60	0	5	11	337
mha4	base	full	1	3	38	1	0.717824	0.804864	0.714976	212	2	256	128	24576	24576	0	65536	102400	1536	210	208	2	2	1	32	0	0	0	0	0	0	2	registers	60	236	257	60	0	5	11	338
mha4	base	full	1	3	39	1	0.723040	0.797472	0.714752	212	2	256	128	24576	24576	0	65536	102400	1536	210	208	2	2	1	32	0	0	0	0	0	0	2	registers	60	236	257	60	0	5	11	339
mha4	base	full	1	3	40	1	0.723968	0.800640	0.714752	212	2	256	128	24576	24576	0	65536	102400	1536	210	208	2	2	1	32	0	0	0	0	0	0	2	registers	60	236	257	60	0	5	11	340
mha4	base	full	1	3	41	1	0.724640	0.803840	0.715648	212	2	256	128	24576	24576	0	65536	102400	1536	210	208	2	2	1	32	0	0	0	0	0	0	2	registers	60	236	257	60	0	5	11	341
mha4	base	full	1	3	42	1	0.724736	0.797696	0.715776	212	2	256	128	24576	24576	0	65536	102400	1536	210	208	2	2	1	32	0	0	0	0	0	0	2	registers	60	236	257	60	0	5	11	342
mha4	base	full	1	3	43	1	0.723968	0.797632	0.714752	212	2	256	128	24576	24576	0	65536	102400	1536	210	208	2	2	1	32	0	0	0	0	0	0	2	registers	60	236	257	60	0	5	11	343
mha4	base	full	1	3	44	1	0.724896	0.800640	0.713728	212	2	256	128	24576	24576	0	65536	102400	1536	210	208	2	2	1	32	0	0	0	0	0	0	2	registers	60	236	257	60	0	5	11	344
mha4	base	full	1	3	45	1	0.724032	0.795648	0.714752	212	2	256	128	24576	24576	0	65536	102400	1536	210	208	2	2	1	32	0	0	0	0	0	0	2	registers	60	236	257	60	0	5	11	345
mha4	base	full	1	3	46	1	0.720704	0.801792	0.714752	212	2	256	128	24576	24576	0	65536	102400	1536	210	208	2	2	1	32	0	0	0	0	0	0	2	registers	60	236	257	60	0	5	11	346
mha4	base	full	1	3	47	1	0.723968	0.803520	0.714752	212	2	256	128	24576	24576	0	65536	102400	1536	210	208	2	2	1	32	0	0	0	0	0	0	2	registers	60	236	257	60	0	5	11	347
mha4	base	full	1	3	48	1	0.725088	0.797696	0.715776	212	2	256	128	24576	24576	0	65536	102400	1536	210	208	2	2	1	32	0	0	0	0	0	0	2	registers	60	236	257	60	0	5	11	348
mha4	base	full	1	3	49	1	0.722944	0.801792	0.714752	212	2	256	128	24576	24576	0	65536	102400	1536	210	208	2	2	1	32	0	0	0	0	0	0	2	registers	60	236	257	60	0	5	11	349
mha4	base	full	4	3	0	1	0.729152	0.804864	0.719872	212	2	256	128	24576	24576	0	65536	102400	1536	210	208	2	2	1	32	0	0	0	0	0	0	2	registers	60	512	1076	60	0	5	11	350
mha4	base	full	4	3	1	1	0.730208	0.802528	0.721920	212	2	256	128	24576	24576	0	65536	102400	1536	210	208	2	2	1	32	0	0	0	0	0	0	2	registers	60	512	1076	60	0	5	11	351
mha4	base	full	4	3	2	1	0.803840	0.880640	0.721920	212	2	256	128	24576	24576	0	65536	102400	1536	210	208	2	2	1	32	0	0	0	0	0	0	2	registers	60	512	1076	60	0	5	11	352
mha4	base	full	4	3	3	1	0.805888	0.882688	0.791360	212	2	256	128	24576	24576	0	65536	102400	1536	210	208	2	2	1	32	0	0	0	0	0	0	2	registers	60	512	1076	60	0	5	11	353
mha4	base	full	4	3	4	1	0.732864	0.812672	0.727040	212	2	256	128	24576	24576	0	65536	102400	1536	210	208	2	2	1	32	0	0	0	0	0	0	2	registers	60	512	1076	60	0	5	11	354
mha4	base	full	4	3	5	1	0.733184	0.811008	0.727872	212	2	256	128	24576	24576	0	65536	102400	1536	210	208	2	2	1	32	0	0	0	0	0	0	2	registers	60	512	1076	60	0	5	11	355
mha4	base	full	4	3	6	1	0.733280	0.805888	0.722944	212	2	256	128	24576	24576	0	65536	102400	1536	210	208	2	2	1	32	0	0	0	0	0	0	2	registers	60	512	1076	60	0	5	11	356
mha4	base	full	4	3	7	1	0.731136	0.803808	0.720896	212	2	256	128	24576	24576	0	65536	102400	1536	210	208	2	2	1	32	0	0	0	0	0	0	2	registers	60	512	1076	60	0	5	11	357
mha4	base	full	4	3	8	1	0.730112	0.806016	0.720928	212	2	256	128	24576	24576	0	65536	102400	1536	210	208	2	2	1	32	0	0	0	0	0	0	2	registers	60	512	1076	60	0	5	11	358
mha4	base	full	4	3	9	1	0.731200	0.801600	0.720896	212	2	256	128	24576	24576	0	65536	102400	1536	210	208	2	2	1	32	0	0	0	0	0	0	2	registers	60	512	1076	60	0	5	11	359
mha4	base	full	4	3	10	1	0.732128	0.806912	0.719168	212	2	256	128	24576	24576	0	65536	102400	1536	210	208	2	2	1	32	0	0	0	0	0	0	2	registers	60	512	1076	60	0	5	11	360
mha4	base	full	4	3	11	1	0.729152	0.802816	0.721920	212	2	256	128	24576	24576	0	65536	102400	1536	210	208	2	2	1	32	0	0	0	0	0	0	2	registers	60	512	1076	60	0	5	11	361
mha4	base	full	4	3	12	1	0.732160	0.806912	0.720896	212	2	256	128	24576	24576	0	65536	102400	1536	210	208	2	2	1	32	0	0	0	0	0	0	2	registers	60	512	1076	60	0	5	11	362
mha4	base	full	4	3	13	1	0.731136	0.804864	0.719776	212	2	256	128	24576	24576	0	65536	102400	1536	210	208	2	2	1	32	0	0	0	0	0	0	2	registers	60	512	1076	60	0	5	11	363
mha4	base	full	4	3	14	1	0.728064	0.801792	0.720704	212	2	256	128	24576	24576	0	65536	102400	1536	210	208	2	2	1	32	0	0	0	0	0	0	2	registers	60	512	1076	60	0	5	11	364
mha4	base	full	4	3	15	1	0.730208	0.803840	0.719872	212	2	256	128	24576	24576	0	65536	102400	1536	210	208	2	2	1	32	0	0	0	0	0	0	2	registers	60	512	1076	60	0	5	11	365
mha4	base	full	4	3	16	1	0.730112	0.805760	0.720896	212	2	256	128	24576	24576	0	65536	102400	1536	210	208	2	2	1	32	0	0	0	0	0	0	2	registers	60	512	1076	60	0	5	11	366
mha4	base	full	4	3	17	1	0.730176	0.809088	0.721920	212	2	256	128	24576	24576	0	65536	102400	1536	210	208	2	2	1	32	0	0	0	0	0	0	2	registers	60	512	1076	60	0	5	11	367
mha4	base	full	4	3	18	1	0.731200	0.802656	0.720960	212	2	256	128	24576	24576	0	65536	102400	1536	210	208	2	2	1	32	0	0	0	0	0	0	2	registers	60	512	1076	60	0	5	11	368
mha4	base	full	4	3	19	1	0.730912	0.807776	0.722624	212	2	256	128	24576	24576	0	65536	102400	1536	210	208	2	2	1	32	0	0	0	0	0	0	2	registers	60	512	1076	60	0	5	11	369
mha4	base	full	4	3	20	1	0.729184	0.804864	0.720896	212	2	256	128	24576	24576	0	65536	102400	1536	210	208	2	2	1	32	0	0	0	0	0	0	2	registers	60	512	1076	60	0	5	11	370
mha4	base	full	4	3	21	1	0.731200	0.805888	0.721856	212	2	256	128	24576	24576	0	65536	102400	1536	210	208	2	2	1	32	0	0	0	0	0	0	2	registers	60	512	1076	60	0	5	11	371
mha4	base	full	4	3	22	1	0.729088	0.803456	0.721248	212	2	256	128	24576	24576	0	65536	102400	1536	210	208	2	2	1	32	0	0	0	0	0	0	2	registers	60	512	1076	60	0	5	11	372
mha4	base	full	4	3	23	1	0.730208	0.801792	0.720000	212	2	256	128	24576	24576	0	65536	102400	1536	210	208	2	2	1	32	0	0	0	0	0	0	2	registers	60	512	1076	60	0	5	11	373
mha4	base	full	4	3	24	1	0.731072	0.802816	0.720896	212	2	256	128	24576	24576	0	65536	102400	1536	210	208	2	2	1	32	0	0	0	0	0	0	2	registers	60	512	1076	60	0	5	11	374
mha4	base	full	4	3	25	1	0.730976	0.804768	0.718944	212	2	256	128	24576	24576	0	65536	102400	1536	210	208	2	2	1	32	0	0	0	0	0	0	2	registers	60	512	1076	60	0	5	11	375
mha4	base	full	4	3	26	1	0.730880	0.806912	0.720192	212	2	256	128	24576	24576	0	65536	102400	1536	210	208	2	2	1	32	0	0	0	0	0	0	2	registers	60	512	1076	60	0	5	11	376
mha4	base	full	4	3	27	1	0.730816	0.804864	0.721920	212	2	256	128	24576	24576	0	65536	102400	1536	210	208	2	2	1	32	0	0	0	0	0	0	2	registers	60	512	1076	60	0	5	11	377
mha4	base	full	4	3	28	1	0.730752	0.804864	0.721728	212	2	256	128	24576	24576	0	65536	102400	1536	210	208	2	2	1	32	0	0	0	0	0	0	2	registers	60	512	1076	60	0	5	11	378
mha4	base	full	4	3	29	1	0.731104	0.806240	0.719680	212	2	256	128	24576	24576	0	65536	102400	1536	210	208	2	2	1	32	0	0	0	0	0	0	2	registers	60	512	1076	60	0	5	11	379
mha4	base	full	4	3	30	1	0.731136	0.804800	0.720896	212	2	256	128	24576	24576	0	65536	102400	1536	210	208	2	2	1	32	0	0	0	0	0	0	2	registers	60	512	1076	60	0	5	11	380
mha4	base	full	4	3	31	1	0.731200	0.808672	0.719744	212	2	256	128	24576	24576	0	65536	102400	1536	210	208	2	2	1	32	0	0	0	0	0	0	2	registers	60	512	1076	60	0	5	11	381
mha4	base	full	4	3	32	1	0.732000	0.810016	0.721920	212	2	256	128	24576	24576	0	65536	102400	1536	210	208	2	2	1	32	0	0	0	0	0	0	2	registers	60	512	1076	60	0	5	11	382
mha4	base	full	4	3	33	1	0.728992	0.801792	0.719840	212	2	256	128	24576	24576	0	65536	102400	1536	210	208	2	2	1	32	0	0	0	0	0	0	2	registers	60	512	1076	60	0	5	11	383
mha4	base	full	4	3	34	1	0.729152	0.803648	0.721920	212	2	256	128	24576	24576	0	65536	102400	1536	210	208	2	2	1	32	0	0	0	0	0	0	2	registers	60	512	1076	60	0	5	11	384
mha4	base	full	4	3	35	1	0.728928	0.807936	0.720576	212	2	256	128	24576	24576	0	65536	102400	1536	210	208	2	2	1	32	0	0	0	0	0	0	2	registers	60	512	1076	60	0	5	11	385
mha4	base	full	4	3	36	1	0.728160	0.806560	0.720896	212	2	256	128	24576	24576	0	65536	102400	1536	210	208	2	2	1	32	0	0	0	0	0	0	2	registers	60	512	1076	60	0	5	11	386
mha4	base	full	4	3	37	1	0.730208	0.804096	0.719712	212	2	256	128	24576	24576	0	65536	102400	1536	210	208	2	2	1	32	0	0	0	0	0	0	2	registers	60	512	1076	60	0	5	11	387
mha4	base	full	4	3	38	1	0.728000	0.802720	0.718848	212	2	256	128	24576	24576	0	65536	102400	1536	210	208	2	2	1	32	0	0	0	0	0	0	2	registers	60	512	1076	60	0	5	11	388
mha4	base	full	4	3	39	1	0.729184	0.806912	0.720896	212	2	256	128	24576	24576	0	65536	102400	1536	210	208	2	2	1	32	0	0	0	0	0	0	2	registers	60	512	1076	60	0	5	11	389
mha4	base	full	4	3	40	1	0.730976	0.803840	0.721696	212	2	256	128	24576	24576	0	65536	102400	1536	210	208	2	2	1	32	0	0	0	0	0	0	2	registers	60	512	1076	60	0	5	11	390
mha4	base	full	4	3	41	1	0.728160	0.801760	0.719872	212	2	256	128	24576	24576	0	65536	102400	1536	210	208	2	2	1	32	0	0	0	0	0	0	2	registers	60	512	1076	60	0	5	11	391
mha4	base	full	4	3	42	1	0.732160	0.807776	0.720896	212	2	256	128	24576	24576	0	65536	102400	1536	210	208	2	2	1	32	0	0	0	0	0	0	2	registers	60	512	1076	60	0	5	11	392
mha4	base	full	4	3	43	1	0.731136	0.803744	0.721632	212	2	256	128	24576	24576	0	65536	102400	1536	210	208	2	2	1	32	0	0	0	0	0	0	2	registers	60	512	1076	60	0	5	11	393
mha4	base	full	4	3	44	1	0.731136	0.805696	0.721632	212	2	256	128	24576	24576	0	65536	102400	1536	210	208	2	2	1	32	0	0	0	0	0	0	2	registers	60	512	1076	60	0	5	11	394
mha4	base	full	4	3	45	1	0.732160	0.806912	0.722112	212	2	256	128	24576	24576	0	65536	102400	1536	210	208	2	2	1	32	0	0	0	0	0	0	2	registers	60	512	1076	60	0	5	11	395
mha4	base	full	4	3	46	1	0.731136	0.807936	0.719936	212	2	256	128	24576	24576	0	65536	102400	1536	210	208	2	2	1	32	0	0	0	0	0	0	2	registers	60	512	1076	60	0	5	11	396
mha4	base	full	4	3	47	1	0.729184	0.804864	0.721920	212	2	256	128	24576	24576	0	65536	102400	1536	210	208	2	2	1	32	0	0	0	0	0	0	2	registers	60	512	1076	60	0	5	11	397
mha4	base	full	4	3	48	1	0.726976	0.802816	0.721216	212	2	256	128	24576	24576	0	65536	102400	1536	210	208	2	2	1	32	0	0	0	0	0	0	2	registers	60	512	1076	60	0	5	11	398
mha4	base	full	4	3	49	1	0.731232	0.803744	0.720864	212	2	256	128	24576	24576	0	65536	102400	1536	210	208	2	2	1	32	0	0	0	0	0	0	2	registers	60	512	1076	60	0	5	11	399
mha4	base	full	16	3	0	1	0.742400	0.823296	0.735232	212	2	256	128	24576	24576	0	65536	102400	1536	210	208	2	2	1	32	0	0	0	0	0	0	2	registers	60	1616	4628	60	0	5	11	400
mha4	base	full	16	3	1	1	0.742272	0.823296	0.737088	212	2	256	128	24576	24576	0	65536	102400	1536	210	208	2	2	1	32	0	0	0	0	0	0	2	registers	60	1616	4628	60	0	5	11	401
mha4	base	full	16	3	2	1	0.742528	0.823296	0.733920	212	2	256	128	24576	24576	0	65536	102400	1536	210	208	2	2	1	32	0	0	0	0	0	0	2	registers	60	1616	4628	60	0	5	11	402
mha4	base	full	16	3	3	1	0.743360	0.823264	0.734208	212	2	256	128	24576	24576	0	65536	102400	1536	210	208	2	2	1	32	0	0	0	0	0	0	2	registers	60	1616	4628	60	0	5	11	403
mha4	base	full	16	3	4	1	0.742400	0.822272	0.735232	212	2	256	128	24576	24576	0	65536	102400	1536	210	208	2	2	1	32	0	0	0	0	0	0	2	registers	60	1616	4628	60	0	5	11	404
mha4	base	full	16	3	5	1	0.743168	0.821248	0.733024	212	2	256	128	24576	24576	0	65536	102400	1536	210	208	2	2	1	32	0	0	0	0	0	0	2	registers	60	1616	4628	60	0	5	11	405
mha4	base	full	16	3	6	1	0.743424	0.825248	0.734208	212	2	256	128	24576	24576	0	65536	102400	1536	210	208	2	2	1	32	0	0	0	0	0	0	2	registers	60	1616	4628	60	0	5	11	406
mha4	base	full	16	3	7	1	0.743520	0.821248	0.734208	212	2	256	128	24576	24576	0	65536	102400	1536	210	208	2	2	1	32	0	0	0	0	0	0	2	registers	60	1616	4628	60	0	5	11	407
mha4	base	full	16	3	8	1	0.741472	0.824224	0.734208	212	2	256	128	24576	24576	0	65536	102400	1536	210	208	2	2	1	32	0	0	0	0	0	0	2	registers	60	1616	4628	60	0	5	11	408
mha4	base	full	16	3	9	1	0.742432	0.818176	0.734592	212	2	256	128	24576	24576	0	65536	102400	1536	210	208	2	2	1	32	0	0	0	0	0	0	2	registers	60	1616	4628	60	0	5	11	409
mha4	base	full	16	3	10	1	0.741536	0.823296	0.734208	212	2	256	128	24576	24576	0	65536	102400	1536	210	208	2	2	1	32	0	0	0	0	0	0	2	registers	60	1616	4628	60	0	5	11	410
mha4	base	full	16	3	11	1	0.742464	0.821248	0.734208	212	2	256	128	24576	24576	0	65536	102400	1536	210	208	2	2	1	32	0	0	0	0	0	0	2	registers	60	1616	4628	60	0	5	11	411
mha4	base	full	16	3	12	1	0.742400	0.823296	0.736288	212	2	256	128	24576	24576	0	65536	102400	1536	210	208	2	2	1	32	0	0	0	0	0	0	2	registers	60	1616	4628	60	0	5	11	412
mha4	base	full	16	3	13	1	0.742400	0.820960	0.733184	212	2	256	128	24576	24576	0	65536	102400	1536	210	208	2	2	1	32	0	0	0	0	0	0	2	registers	60	1616	4628	60	0	5	11	413
mha4	base	full	16	3	14	1	0.741280	0.822336	0.734208	212	2	256	128	24576	24576	0	65536	102400	1536	210	208	2	2	1	32	0	0	0	0	0	0	2	registers	60	1616	4628	60	0	5	11	414
mha4	base	full	16	3	15	1	0.741440	0.821248	0.733184	212	2	256	128	24576	24576	0	65536	102400	1536	210	208	2	2	1	32	0	0	0	0	0	0	2	registers	60	1616	4628	60	0	5	11	415
mha4	base	full	16	3	16	1	0.742176	0.823296	0.734208	212	2	256	128	24576	24576	0	65536	102400	1536	210	208	2	2	1	32	0	0	0	0	0	0	2	registers	60	1616	4628	60	0	5	11	416
mha4	base	full	16	3	17	1	0.742528	0.823168	0.734208	212	2	256	128	24576	24576	0	65536	102400	1536	210	208	2	2	1	32	0	0	0	0	0	0	2	registers	60	1616	4628	60	0	5	11	417
mha4	base	full	16	3	18	1	0.740224	0.821248	0.733184	212	2	256	128	24576	24576	0	65536	102400	1536	210	208	2	2	1	32	0	0	0	0	0	0	2	registers	60	1616	4628	60	0	5	11	418
mha4	base	full	16	3	19	1	0.741472	0.822272	0.735232	212	2	256	128	24576	24576	0	65536	102400	1536	210	208	2	2	1	32	0	0	0	0	0	0	2	registers	60	1616	4628	60	0	5	11	419
mha4	base	full	16	3	20	1	0.741248	0.822272	0.735232	212	2	256	128	24576	24576	0	65536	102400	1536	210	208	2	2	1	32	0	0	0	0	0	0	2	registers	60	1616	4628	60	0	5	11	420
mha4	base	full	16	3	21	1	0.742496	0.823328	0.735232	212	2	256	128	24576	24576	0	65536	102400	1536	210	208	2	2	1	32	0	0	0	0	0	0	2	registers	60	1616	4628	60	0	5	11	421
mha4	base	full	16	3	22	1	0.742368	0.822272	0.734208	212	2	256	128	24576	24576	0	65536	102400	1536	210	208	2	2	1	32	0	0	0	0	0	0	2	registers	60	1616	4628	60	0	5	11	422
mha4	base	full	16	3	23	1	0.743360	0.820160	0.735232	212	2	256	128	24576	24576	0	65536	102400	1536	210	208	2	2	1	32	0	0	0	0	0	0	2	registers	60	1616	4628	60	0	5	11	423
mha4	base	full	16	3	24	1	0.743424	0.822368	0.735232	212	2	256	128	24576	24576	0	65536	102400	1536	210	208	2	2	1	32	0	0	0	0	0	0	2	registers	60	1616	4628	60	0	5	11	424
mha4	base	full	16	3	25	1	0.741472	0.821248	0.734208	212	2	256	128	24576	24576	0	65536	102400	1536	210	208	2	2	1	32	0	0	0	0	0	0	2	registers	60	1616	4628	60	0	5	11	425
mha4	base	full	16	3	26	1	0.742400	0.823296	0.735232	212	2	256	128	24576	24576	0	65536	102400	1536	210	208	2	2	1	32	0	0	0	0	0	0	2	registers	60	1616	4628	60	0	5	11	426
mha4	base	full	16	3	27	1	0.741440	0.823296	0.735232	212	2	256	128	24576	24576	0	65536	102400	1536	210	208	2	2	1	32	0	0	0	0	0	0	2	registers	60	1616	4628	60	0	5	11	427
mha4	base	full	16	3	28	1	0.743424	0.823296	0.736064	212	2	256	128	24576	24576	0	65536	102400	1536	210	208	2	2	1	32	0	0	0	0	0	0	2	registers	60	1616	4628	60	0	5	11	428
mha4	base	full	16	3	29	1	0.743424	0.824416	0.736000	212	2	256	128	24576	24576	0	65536	102400	1536	210	208	2	2	1	32	0	0	0	0	0	0	2	registers	60	1616	4628	60	0	5	11	429
mha4	base	full	16	3	30	1	0.742400	0.821248	0.733440	212	2	256	128	24576	24576	0	65536	102400	1536	210	208	2	2	1	32	0	0	0	0	0	0	2	registers	60	1616	4628	60	0	5	11	430
mha4	base	full	16	3	31	1	0.743136	0.821248	0.735072	212	2	256	128	24576	24576	0	65536	102400	1536	210	208	2	2	1	32	0	0	0	0	0	0	2	registers	60	1616	4628	60	0	5	11	431
mha4	base	full	16	3	32	1	0.742496	0.822272	0.735232	212	2	256	128	24576	24576	0	65536	102400	1536	210	208	2	2	1	32	0	0	0	0	0	0	2	registers	60	1616	4628	60	0	5	11	432
mha4	base	full	16	3	33	1	0.741376	0.822176	0.735584	212	2	256	128	24576	24576	0	65536	102400	1536	210	208	2	2	1	32	0	0	0	0	0	0	2	registers	60	1616	4628	60	0	5	11	433
mha4	base	full	16	3	34	1	0.741216	0.821248	0.735232	212	2	256	128	24576	24576	0	65536	102400	1536	210	208	2	2	1	32	0	0	0	0	0	0	2	registers	60	1616	4628	60	0	5	11	434
mha4	base	full	16	3	35	1	0.741184	0.823232	0.733888	212	2	256	128	24576	24576	0	65536	102400	1536	210	208	2	2	1	32	0	0	0	0	0	0	2	registers	60	1616	4628	60	0	5	11	435
mha4	base	full	16	3	36	1	0.742496	0.821952	0.734048	212	2	256	128	24576	24576	0	65536	102400	1536	210	208	2	2	1	32	0	0	0	0	0	0	2	registers	60	1616	4628	60	0	5	11	436
mha4	base	full	16	3	37	1	0.741376	0.821248	0.734208	212	2	256	128	24576	24576	0	65536	102400	1536	210	208	2	2	1	32	0	0	0	0	0	0	2	registers	60	1616	4628	60	0	5	11	437
mha4	base	full	16	3	38	1	0.741440	0.820032	0.732864	212	2	256	128	24576	24576	0	65536	102400	1536	210	208	2	2	1	32	0	0	0	0	0	0	2	registers	60	1616	4628	60	0	5	11	438
mha4	base	full	16	3	39	1	0.741504	0.823296	0.735392	212	2	256	128	24576	24576	0	65536	102400	1536	210	208	2	2	1	32	0	0	0	0	0	0	2	registers	60	1616	4628	60	0	5	11	439
mha4	base	full	16	3	40	1	0.742400	0.823456	0.735232	212	2	256	128	24576	24576	0	65536	102400	1536	210	208	2	2	1	32	0	0	0	0	0	0	2	registers	60	1616	4628	60	0	5	11	440
mha4	base	full	16	3	41	1	0.742496	0.823104	0.735552	212	2	256	128	24576	24576	0	65536	102400	1536	210	208	2	2	1	32	0	0	0	0	0	0	2	registers	60	1616	4628	60	0	5	11	441
mha4	base	full	16	3	42	1	0.740352	0.822144	0.735232	212	2	256	128	24576	24576	0	65536	102400	1536	210	208	2	2	1	32	0	0	0	0	0	0	2	registers	60	1616	4628	60	0	5	11	442
mha4	base	full	16	3	43	1	0.739424	0.820064	0.734208	212	2	256	128	24576	24576	0	65536	102400	1536	210	208	2	2	1	32	0	0	0	0	0	0	2	registers	60	1616	4628	60	0	5	11	443
mha4	base	full	16	3	44	1	0.739424	0.820000	0.735232	212	2	256	128	24576	24576	0	65536	102400	1536	210	208	2	2	1	32	0	0	0	0	0	0	2	registers	60	1616	4628	60	0	5	11	444
mha4	base	full	16	3	45	1	0.741312	0.820224	0.734208	212	2	256	128	24576	24576	0	65536	102400	1536	210	208	2	2	1	32	0	0	0	0	0	0	2	registers	60	1616	4628	60	0	5	11	445
mha4	base	full	16	3	46	1	0.743200	0.823200	0.734208	212	2	256	128	24576	24576	0	65536	102400	1536	210	208	2	2	1	32	0	0	0	0	0	0	2	registers	60	1616	4628	60	0	5	11	446
mha4	base	full	16	3	47	1	0.742400	0.823104	0.735584	212	2	256	128	24576	24576	0	65536	102400	1536	210	208	2	2	1	32	0	0	0	0	0	0	2	registers	60	1616	4628	60	0	5	11	447
mha4	base	full	16	3	48	1	0.741376	0.822272	0.733344	212	2	256	128	24576	24576	0	65536	102400	1536	210	208	2	2	1	32	0	0	0	0	0	0	2	registers	60	1616	4628	60	0	5	11	448
mha4	base	full	16	3	49	1	0.742496	0.822272	0.734208	212	2	256	128	24576	24576	0	65536	102400	1536	210	208	2	2	1	32	0	0	0	0	0	0	2	registers	60	1616	4628	60	0	5	11	449
mha4	base	full	128	3	0	1	1.026880	1.142784	1.019904	212	2	256	128	24576	24576	0	65536	102400	1536	210	208	2	2	1	32	0	0	0	0	0	0	2	registers	60	11920	33092	80	0	5	11	450
mha4	base	full	128	3	1	1	1.026048	1.140736	1.016992	212	2	256	128	24576	24576	0	65536	102400	1536	210	208	2	2	1	32	0	0	0	0	0	0	2	registers	60	11920	33092	80	0	5	11	451
mha4	base	full	128	3	2	1	1.027072	1.141760	1.017856	212	2	256	128	24576	24576	0	65536	102400	1536	210	208	2	2	1	32	0	0	0	0	0	0	2	registers	60	11920	33092	80	0	5	11	452
mha4	base	full	128	3	3	1	1.026176	1.141760	1.017856	212	2	256	128	24576	24576	0	65536	102400	1536	210	208	2	2	1	32	0	0	0	0	0	0	2	registers	60	11920	33092	80	0	5	11	453
mha4	base	full	128	3	4	1	1.025856	1.142656	1.018880	212	2	256	128	24576	24576	0	65536	102400	1536	210	208	2	2	1	32	0	0	0	0	0	0	2	registers	60	11920	33092	80	0	5	11	454
mha4	base	full	128	3	5	1	1.025856	1.141728	1.018624	212	2	256	128	24576	24576	0	65536	102400	1536	210	208	2	2	1	32	0	0	0	0	0	0	2	registers	60	11920	33092	80	0	5	11	455
mha4	base	full	128	3	6	1	1.026880	1.142656	1.016832	212	2	256	128	24576	24576	0	65536	102400	1536	210	208	2	2	1	32	0	0	0	0	0	0	2	registers	60	11920	33092	80	0	5	11	456
mha4	base	full	128	3	7	1	1.025024	1.140736	1.017856	212	2	256	128	24576	24576	0	65536	102400	1536	210	208	2	2	1	32	0	0	0	0	0	0	2	registers	60	11920	33092	80	0	5	11	457
mha4	base	full	128	3	8	1	1.025088	1.141120	1.017856	212	2	256	128	24576	24576	0	65536	102400	1536	210	208	2	2	1	32	0	0	0	0	0	0	2	registers	60	11920	33092	80	0	5	11	458
mha4	base	full	128	3	9	1	1.025024	1.140736	1.017856	212	2	256	128	24576	24576	0	65536	102400	1536	210	208	2	2	1	32	0	0	0	0	0	0	2	registers	60	11920	33092	80	0	5	11	459
mha4	base	full	128	3	10	1	1.026048	1.142784	1.018720	212	2	256	128	24576	24576	0	65536	102400	1536	210	208	2	2	1	32	0	0	0	0	0	0	2	registers	60	11920	33092	80	0	5	11	460
mha4	base	full	128	3	11	1	1.025952	1.140736	1.018016	212	2	256	128	24576	24576	0	65536	102400	1536	210	208	2	2	1	32	0	0	0	0	0	0	2	registers	60	11920	33092	80	0	5	11	461
mha4	base	full	128	3	12	1	1.025952	1.142784	1.016832	212	2	256	128	24576	24576	0	65536	102400	1536	210	208	2	2	1	32	0	0	0	0	0	0	2	registers	60	11920	33092	80	0	5	11	462
mha4	base	full	128	3	13	1	1.025056	1.142784	1.017856	212	2	256	128	24576	24576	0	65536	102400	1536	210	208	2	2	1	32	0	0	0	0	0	0	2	registers	60	11920	33092	80	0	5	11	463
mha4	base	full	128	3	14	1	1.026112	1.142784	1.018880	212	2	256	128	24576	24576	0	65536	102400	1536	210	208	2	2	1	32	0	0	0	0	0	0	2	registers	60	11920	33092	80	0	5	11	464
mha4	base	full	128	3	15	1	1.025664	1.140032	1.017856	212	2	256	128	24576	24576	0	65536	102400	1536	210	208	2	2	1	32	0	0	0	0	0	0	2	registers	60	11920	33092	80	0	5	11	465
mha4	base	full	128	3	16	1	1.025024	1.141600	1.019904	212	2	256	128	24576	24576	0	65536	102400	1536	210	208	2	2	1	32	0	0	0	0	0	0	2	registers	60	11920	33092	80	0	5	11	466
mha4	base	full	128	3	17	1	1.025088	1.140736	1.018880	212	2	256	128	24576	24576	0	65536	102400	1536	210	208	2	2	1	32	0	0	0	0	0	0	2	registers	60	11920	33092	80	0	5	11	467
mha4	base	full	128	3	18	1	1.025152	1.140736	1.018880	212	2	256	128	24576	24576	0	65536	102400	1536	210	208	2	2	1	32	0	0	0	0	0	0	2	registers	60	11920	33092	80	0	5	11	468
mha4	base	full	128	3	19	1	1.025056	1.140736	1.017856	212	2	256	128	24576	24576	0	65536	102400	1536	210	208	2	2	1	32	0	0	0	0	0	0	2	registers	60	11920	33092	80	0	5	11	469
mha4	base	full	128	3	20	1	1.025120	1.142784	1.019584	212	2	256	128	24576	24576	0	65536	102400	1536	210	208	2	2	1	32	0	0	0	0	0	0	2	registers	60	11920	33092	80	0	5	11	470
mha4	base	full	128	3	21	1	1.024800	1.140640	1.016832	212	2	256	128	24576	24576	0	65536	102400	1536	210	208	2	2	1	32	0	0	0	0	0	0	2	registers	60	11920	33092	80	0	5	11	471
mha4	base	full	128	3	22	1	1.025088	1.141760	1.016832	212	2	256	128	24576	24576	0	65536	102400	1536	210	208	2	2	1	32	0	0	0	0	0	0	2	registers	60	11920	33092	80	0	5	11	472
mha4	base	full	128	3	23	1	1.025952	1.141568	1.016768	212	2	256	128	24576	24576	0	65536	102400	1536	210	208	2	2	1	32	0	0	0	0	0	0	2	registers	60	11920	33092	80	0	5	11	473
mha4	base	full	128	3	24	1	1.025024	1.141728	1.017824	212	2	256	128	24576	24576	0	65536	102400	1536	210	208	2	2	1	32	0	0	0	0	0	0	2	registers	60	11920	33092	80	0	5	11	474
mha4	base	full	128	3	25	1	1.025792	1.140736	1.017696	212	2	256	128	24576	24576	0	65536	102400	1536	210	208	2	2	1	32	0	0	0	0	0	0	2	registers	60	11920	33092	80	0	5	11	475
mha4	base	full	128	3	26	1	1.025088	1.141536	1.016832	212	2	256	128	24576	24576	0	65536	102400	1536	210	208	2	2	1	32	0	0	0	0	0	0	2	registers	60	11920	33092	80	0	5	11	476
mha4	base	full	128	3	27	1	1.024704	1.140512	1.017856	212	2	256	128	24576	24576	0	65536	102400	1536	210	208	2	2	1	32	0	0	0	0	0	0	2	registers	60	11920	33092	80	0	5	11	477
mha4	base	full	128	3	28	1	1.024128	1.140928	1.017856	212	2	256	128	24576	24576	0	65536	102400	1536	210	208	2	2	1	32	0	0	0	0	0	0	2	registers	60	11920	33092	80	0	5	11	478
mha4	base	full	128	3	29	1	1.024768	1.140960	1.017568	212	2	256	128	24576	24576	0	65536	102400	1536	210	208	2	2	1	32	0	0	0	0	0	0	2	registers	60	11920	33092	80	0	5	11	479
mha4	base	full	128	3	30	1	1.026016	1.141504	1.017856	212	2	256	128	24576	24576	0	65536	102400	1536	210	208	2	2	1	32	0	0	0	0	0	0	2	registers	60	11920	33092	80	0	5	11	480
mha4	base	full	128	3	31	1	1.025152	1.141760	1.018880	212	2	256	128	24576	24576	0	65536	102400	1536	210	208	2	2	1	32	0	0	0	0	0	0	2	registers	60	11920	33092	80	0	5	11	481
mha4	base	full	128	3	32	1	1.025088	1.141760	1.016832	212	2	256	128	24576	24576	0	65536	102400	1536	210	208	2	2	1	32	0	0	0	0	0	0	2	registers	60	11920	33092	80	0	5	11	482
mha4	base	full	128	3	33	1	1.028768	1.145856	1.031168	212	2	256	128	24576	24576	0	65536	102400	1536	210	208	2	2	1	32	0	0	0	0	0	0	2	registers	60	11920	33092	80	0	5	11	483
mha4	base	full	128	3	34	1	1.029216	1.146880	1.020736	212	2	256	128	24576	24576	0	65536	102400	1536	210	208	2	2	1	32	0	0	0	0	0	0	2	registers	60	11920	33092	80	0	5	11	484
mha4	base	full	128	3	35	1	1.130304	1.256448	1.119232	212	2	256	128	24576	24576	0	65536	102400	1536	210	208	2	2	1	32	0	0	0	0	0	0	2	registers	60	11920	33092	80	0	5	11	485
mha4	base	full	128	3	36	1	1.029120	1.146880	1.024000	212	2	256	128	24576	24576	0	65536	102400	1536	210	208	2	2	1	32	0	0	0	0	0	0	2	registers	60	11920	33092	80	0	5	11	486
mha4	base	full	128	3	37	1	1.026176	1.140736	1.018752	212	2	256	128	24576	24576	0	65536	102400	1536	210	208	2	2	1	32	0	0	0	0	0	0	2	registers	60	11920	33092	80	0	5	11	487
mha4	base	full	128	3	38	1	1.025760	1.142784	1.017856	212	2	256	128	24576	24576	0	65536	102400	1536	210	208	2	2	1	32	0	0	0	0	0	0	2	registers	60	11920	33092	80	0	5	11	488
mha4	base	full	128	3	39	1	1.025088	1.140384	1.018880	212	2	256	128	24576	24576	0	65536	102400	1536	210	208	2	2	1	32	0	0	0	0	0	0	2	registers	60	11920	33092	80	0	5	11	489
mha4	base	full	128	3	40	1	1.025984	1.140736	1.019872	212	2	256	128	24576	24576	0	65536	102400	1536	210	208	2	2	1	32	0	0	0	0	0	0	2	registers	60	11920	33092	80	0	5	11	490
mha4	base	full	128	3	41	1	1.025120	1.143808	1.018240	212	2	256	128	24576	24576	0	65536	102400	1536	210	208	2	2	1	32	0	0	0	0	0	0	2	registers	60	11920	33092	80	0	5	11	491
mha4	base	full	128	3	42	1	1.026144	1.143744	1.017792	212	2	256	128	24576	24576	0	65536	102400	1536	210	208	2	2	1	32	0	0	0	0	0	0	2	registers	60	11920	33092	80	0	5	11	492
mha4	base	full	128	3	43	1	1.025152	1.141888	1.018880	212	2	256	128	24576	24576	0	65536	102400	1536	210	208	2	2	1	32	0	0	0	0	0	0	2	registers	60	11920	33092	80	0	5	11	493
mha4	base	full	128	3	44	1	1.025024	1.141760	1.017632	212	2	256	128	24576	24576	0	65536	102400	1536	210	208	2	2	1	32	0	0	0	0	0	0	2	registers	60	11920	33092	80	0	5	11	494
mha4	base	full	128	3	45	1	1.025024	1.140480	1.016832	212	2	256	128	24576	24576	0	65536	102400	1536	210	208	2	2	1	32	0	0	0	0	0	0	2	registers	60	11920	33092	80	0	5	11	495
mha4	base	full	128	3	46	1	1.027072	1.141760	1.018880	212	2	256	128	24576	24576	0	65536	102400	1536	210	208	2	2	1	32	0	0	0	0	0	0	2	registers	60	11920	33092	80	0	5	11	496
mha4	base	full	128	3	47	1	1.026944	1.142784	1.018656	212	2	256	128	24576	24576	0	65536	102400	1536	210	208	2	2	1	32	0	0	0	0	0	0	2	registers	60	11920	33092	80	0	5	11	497
mha4	base	full	128	3	48	1	1.025088	1.141760	1.015808	212	2	256	128	24576	24576	0	65536	102400	1536	210	208	2	2	1	32	0	0	0	0	0	0	2	registers	60	11920	33092	80	0	5	11	498
mha4	base	full	128	3	49	1	1.025120	1.141760	1.017824	212	2	256	128	24576	24576	0	65536	102400	1536	210	208	2	2	1	32	0	0	0	0	0	0	2	registers	60	11920	33092	80	0	5	11	499
mha4	base	full	512	3	0	1	3.227648	3.590080	3.233440	212	2	256	128	24576	24576	0	65536	102400	1536	210	208	2	2	1	32	0	0	0	0	0	0	2	registers	60	47680	117320	212	0	5	11	500
mha4	base	full	512	3	1	1	3.228608	3.587904	3.234560	212	2	256	128	24576	24576	0	65536	102400	1536	210	208	2	2	1	32	0	0	0	0	0	0	2	registers	60	47680	117320	212	0	5	11	501
mha4	base	full	512	3	2	1	3.226624	3.590080	3.234816	212	2	256	128	24576	24576	0	65536	102400	1536	210	208	2	2	1	32	0	0	0	0	0	0	2	registers	60	47680	117320	212	0	5	11	502
mha4	base	full	512	3	3	1	3.228320	3.588096	3.234016	212	2	256	128	24576	24576	0	65536	102400	1536	210	208	2	2	1	32	0	0	0	0	0	0	2	registers	60	47680	117320	212	0	5	11	503
mha4	base	full	512	3	4	1	3.228672	3.589120	3.234848	212	2	256	128	24576	24576	0	65536	102400	1536	210	208	2	2	1	32	0	0	0	0	0	0	2	registers	60	47680	117320	212	0	5	11	504
mha4	base	full	512	3	5	1	3.228736	3.588352	3.234784	212	2	256	128	24576	24576	0	65536	102400	1536	210	208	2	2	1	32	0	0	0	0	0	0	2	registers	60	47680	117320	212	0	5	11	505
mha4	base	full	512	3	6	1	3.226720	3.588096	3.234848	212	2	256	128	24576	24576	0	65536	102400	1536	210	208	2	2	1	32	0	0	0	0	0	0	2	registers	60	47680	117320	212	0	5	11	506
mha4	base	full	512	3	7	1	3.229536	3.590144	3.233792	212	2	256	128	24576	24576	0	65536	102400	1536	210	208	2	2	1	32	0	0	0	0	0	0	2	registers	60	47680	117320	212	0	5	11	507
mha4	base	full	512	3	8	1	3.226464	3.588096	3.233600	212	2	256	128	24576	24576	0	65536	102400	1536	210	208	2	2	1	32	0	0	0	0	0	0	2	registers	60	47680	117320	212	0	5	11	508
mha4	base	full	512	3	9	1	3.227744	3.590144	3.234752	212	2	256	128	24576	24576	0	65536	102400	1536	210	208	2	2	1	32	0	0	0	0	0	0	2	registers	60	47680	117320	212	0	5	11	509
mha4	base	full	512	3	10	1	3.227552	3.590272	3.232768	212	2	256	128	24576	24576	0	65536	102400	1536	210	208	2	2	1	32	0	0	0	0	0	0	2	registers	60	47680	117320	212	0	5	11	510
mha4	base	full	512	3	11	1	3.229760	3.591136	3.233792	212	2	256	128	24576	24576	0	65536	102400	1536	210	208	2	2	1	32	0	0	0	0	0	0	2	registers	60	47680	117320	212	0	5	11	511
mha4	base	full	512	3	12	1	3.229696	3.587072	3.234720	212	2	256	128	24576	24576	0	65536	102400	1536	210	208	2	2	1	32	0	0	0	0	0	0	2	registers	60	47680	117320	212	0	5	11	512
mha4	base	full	512	3	13	1	3.228672	3.590144	3.233888	212	2	256	128	24576	24576	0	65536	102400	1536	210	208	2	2	1	32	0	0	0	0	0	0	2	registers	60	47680	117320	212	0	5	11	513
mha4	base	full	512	3	14	1	3.227584	3.589088	3.232768	212	2	256	128	24576	24576	0	65536	102400	1536	210	208	2	2	1	32	0	0	0	0	0	0	2	registers	60	47680	117320	212	0	5	11	514
mha4	base	full	512	3	15	1	3.230528	3.591168	3.234656	212	2	256	128	24576	24576	0	65536	102400	1536	210	208	2	2	1	32	0	0	0	0	0	0	2	registers	60	47680	117320	212	0	5	11	515
mha4	base	full	512	3	16	1	3.229760	3.589760	3.232768	212	2	256	128	24576	24576	0	65536	102400	1536	210	208	2	2	1	32	0	0	0	0	0	0	2	registers	60	47680	117320	212	0	5	11	516
mha4	base	full	512	3	17	1	3.228672	3.588064	3.233792	212	2	256	128	24576	24576	0	65536	102400	1536	210	208	2	2	1	32	0	0	0	0	0	0	2	registers	60	47680	117320	212	0	5	11	517
mha4	base	full	512	3	18	1	3.228384	3.590080	3.235616	212	2	256	128	24576	24576	0	65536	102400	1536	210	208	2	2	1	32	0	0	0	0	0	0	2	registers	60	47680	117320	212	0	5	11	518
mha4	base	full	512	3	19	1	3.229344	3.590144	3.233792	212	2	256	128	24576	24576	0	65536	102400	1536	210	208	2	2	1	32	0	0	0	0	0	0	2	registers	60	47680	117320	212	0	5	11	519
mha4	base	full	512	3	20	1	3.228736	3.589984	3.232768	212	2	256	128	24576	24576	0	65536	102400	1536	210	208	2	2	1	32	0	0	0	0	0	0	2	registers	60	47680	117320	212	0	5	11	520
mha4	base	full	512	3	21	1	3.229696	3.589216	3.235680	212	2	256	128	24576	24576	0	65536	102400	1536	210	208	2	2	1	32	0	0	0	0	0	0	2	registers	60	47680	117320	212	0	5	11	521
mha4	base	full	512	3	22	1	3.228736	3.590240	3.234592	212	2	256	128	24576	24576	0	65536	102400	1536	210	208	2	2	1	32	0	0	0	0	0	0	2	registers	60	47680	117320	212	0	5	11	522
mha4	base	full	512	3	23	1	3.227712	3.589984	3.235840	212	2	256	128	24576	24576	0	65536	102400	1536	210	208	2	2	1	32	0	0	0	0	0	0	2	registers	60	47680	117320	212	0	5	11	523
mha4	base	full	512	3	24	1	3.230720	3.588256	3.234816	212	2	256	128	24576	24576	0	65536	102400	1536	210	208	2	2	1	32	0	0	0	0	0	0	2	registers	60	47680	117320	212	0	5	11	524
mha4	base	full	512	3	25	1	3.229760	3.589120	3.232768	212	2	256	128	24576	24576	0	65536	102400	1536	210	208	2	2	1	32	0	0	0	0	0	0	2	registers	60	47680	117320	212	0	5	11	525
mha4	base	full	512	3	26	1	3.229664	3.589120	3.234144	212	2	256	128	24576	24576	0	65536	102400	1536	210	208	2	2	1	32	0	0	0	0	0	0	2	registers	60	47680	117320	212	0	5	11	526
mha4	base	full	512	3	27	1	3.228672	3.590144	3.233792	212	2	256	128	24576	24576	0	65536	102400	1536	210	208	2	2	1	32	0	0	0	0	0	0	2	registers	60	47680	117320	212	0	5	11	527
mha4	base	full	512	3	28	1	3.227584	3.590144	3.235648	212	2	256	128	24576	24576	0	65536	102400	1536	210	208	2	2	1	32	0	0	0	0	0	0	2	registers	60	47680	117320	212	0	5	11	528
mha4	base	full	512	3	29	1	3.228640	3.589120	3.234816	212	2	256	128	24576	24576	0	65536	102400	1536	210	208	2	2	1	32	0	0	0	0	0	0	2	registers	60	47680	117320	212	0	5	11	529
mha4	base	full	512	3	30	1	3.229600	3.590400	3.233792	212	2	256	128	24576	24576	0	65536	102400	1536	210	208	2	2	1	32	0	0	0	0	0	0	2	registers	60	47680	117320	212	0	5	11	530
mha4	base	full	512	3	31	1	3.229696	3.589344	3.234816	212	2	256	128	24576	24576	0	65536	102400	1536	210	208	2	2	1	32	0	0	0	0	0	0	2	registers	60	47680	117320	212	0	5	11	531
mha4	base	full	512	3	32	1	3.227648	3.588096	3.233696	212	2	256	128	24576	24576	0	65536	102400	1536	210	208	2	2	1	32	0	0	0	0	0	0	2	registers	60	47680	117320	212	0	5	11	532
mha4	base	full	512	3	33	1	3.226624	3.590144	3.232768	212	2	256	128	24576	24576	0	65536	102400	1536	210	208	2	2	1	32	0	0	0	0	0	0	2	registers	60	47680	117320	212	0	5	11	533
mha4	base	full	512	3	34	1	3.227456	3.589984	3.234976	212	2	256	128	24576	24576	0	65536	102400	1536	210	208	2	2	1	32	0	0	0	0	0	0	2	registers	60	47680	117320	212	0	5	11	534
mha4	base	full	512	3	35	1	3.228672	3.589472	3.234816	212	2	256	128	24576	24576	0	65536	102400	1536	210	208	2	2	1	32	0	0	0	0	0	0	2	registers	60	47680	117320	212	0	5	11	535
mha4	base	full	512	3	36	1	3.228672	3.591168	3.233920	212	2	256	128	24576	24576	0	65536	102400	1536	210	208	2	2	1	32	0	0	0	0	0	0	2	registers	60	47680	117320	212	0	5	11	536
mha4	base	full	512	3	37	1	3.227584	3.588384	3.234816	212	2	256	128	24576	24576	0	65536	102400	1536	210	208	2	2	1	32	0	0	0	0	0	0	2	registers	60	47680	117320	212	0	5	11	537
mha4	base	full	512	3	38	1	3.227744	3.589280	3.233792	212	2	256	128	24576	24576	0	65536	102400	1536	210	208	2	2	1	32	0	0	0	0	0	0	2	registers	60	47680	117320	212	0	5	11	538
mha4	base	full	512	3	39	1	3.226240	3.587904	3.232768	212	2	256	128	24576	24576	0	65536	102400	1536	210	208	2	2	1	32	0	0	0	0	0	0	2	registers	60	47680	117320	212	0	5	11	539
mha4	base	full	512	3	40	1	3.227552	3.589120	3.231872	212	2	256	128	24576	24576	0	65536	102400	1536	210	208	2	2	1	32	0	0	0	0	0	0	2	registers	60	47680	117320	212	0	5	11	540
mha4	base	full	512	3	41	1	3.226688	3.589312	3.233696	212	2	256	128	24576	24576	0	65536	102400	1536	210	208	2	2	1	32	0	0	0	0	0	0	2	registers	60	47680	117320	212	0	5	11	541
mha4	base	full	512	3	42	1	3.228608	3.589760	3.232864	212	2	256	128	24576	24576	0	65536	102400	1536	210	208	2	2	1	32	0	0	0	0	0	0	2	registers	60	47680	117320	212	0	5	11	542
mha4	base	full	512	3	43	1	3.229408	3.589120	3.231744	212	2	256	128	24576	24576	0	65536	102400	1536	210	208	2	2	1	32	0	0	0	0	0	0	2	registers	60	47680	117320	212	0	5	11	543
mha4	base	full	512	3	44	1	3.229696	3.589056	3.232576	212	2	256	128	24576	24576	0	65536	102400	1536	210	208	2	2	1	32	0	0	0	0	0	0	2	registers	60	47680	117320	212	0	5	11	544
mha4	base	full	512	3	45	1	3.230624	3.589120	3.234624	212	2	256	128	24576	24576	0	65536	102400	1536	210	208	2	2	1	32	0	0	0	0	0	0	2	registers	60	47680	117320	212	0	5	11	545
mha4	base	full	512	3	46	1	3.227744	3.591104	3.234816	212	2	256	128	24576	24576	0	65536	102400	1536	210	208	2	2	1	32	0	0	0	0	0	0	2	registers	60	47680	117320	212	0	5	11	546
mha4	base	full	512	3	47	1	3.229696	3.588928	3.234816	212	2	256	128	24576	24576	0	65536	102400	1536	210	208	2	2	1	32	0	0	0	0	0	0	2	registers	60	47680	117320	212	0	5	11	547
mha4	base	full	512	3	48	1	3.228608	3.588960	3.236800	212	2	256	128	24576	24576	0	65536	102400	1536	210	208	2	2	1	32	0	0	0	0	0	0	2	registers	60	47680	117320	212	0	5	11	548
mha4	base	full	512	3	49	1	3.227648	3.589920	3.234816	212	2	256	128	24576	24576	0	65536	102400	1536	210	208	2	2	1	32	0	0	0	0	0	0	2	registers	60	47680	117320	212	0	5	11	549
mha4	base	full	2048	3	0	1	34.095104	35.223553	34.191265	212	2	256	128	24576	24576	0	65536	102400	1536	210	208	2	2	1	32	0	0	0	0	0	0	2	registers	60	190720	453920	764	0	5	11	550
mha4	base	full	2048	3	1	1	34.109505	35.209217	34.215935	212	2	256	128	24576	24576	0	65536	102400	1536	210	208	2	2	1	32	0	0	0	0	0	0	2	registers	60	190720	453920	764	0	5	11	551
mha4	base	full	2048	3	2	1	34.122719	35.179520	34.240448	212	2	256	128	24576	24576	0	65536	102400	1536	210	208	2	2	1	32	0	0	0	0	0	0	2	registers	60	190720	453920	764	0	5	11	552
mha4	base	full	2048	3	3	1	34.152447	35.217407	34.165760	212	2	256	128	24576	24576	0	65536	102400	1536	210	208	2	2	1	32	0	0	0	0	0	0	2	registers	60	190720	453920	764	0	5	11	553
mha4	base	full	2048	3	4	1	34.131969	35.202370	34.197502	212	2	256	128	24576	24576	0	65536	102400	1536	210	208	2	2	1	32	0	0	0	0	0	0	2	registers	60	190720	453920	764	0	5	11	554
mha4	base	full	2048	3	5	1	34.133057	35.214336	34.245632	212	2	256	128	24576	24576	0	65536	102400	1536	210	208	2	2	1	32	0	0	0	0	0	0	2	registers	60	190720	453920	764	0	5	11	555
mha4	base	full	2048	3	6	1	34.136894	35.199039	34.212223	212	2	256	128	24576	24576	0	65536	102400	1536	210	208	2	2	1	32	0	0	0	0	0	0	2	registers	60	190720	453920	764	0	5	11	556
mha4	base	full	2048	3	7	1	34.087936	35.186687	34.177025	212	2	256	128	24576	24576	0	65536	102400	1536	210	208	2	2	1	32	0	0	0	0	0	0	2	registers	60	190720	453920	764	0	5	11	557
mha4	base	full	2048	3	8	1	34.061409	35.194912	34.230270	212	2	256	128	24576	24576	0	65536	102400	1536	210	208	2	2	1	32	0	0	0	0	0	0	2	registers	60	190720	453920	764	0	5	11	558
mha4	base	full	2048	3	9	1	34.079807	35.200001	34.138111	212	2	256	128	24576	24576	0	65536	102400	1536	210	208	2	2	1	32	0	0	0	0	0	0	2	registers	60	190720	453920	764	0	5	11	559
mha4	base	full	2048	3	10	1	34.105343	35.172512	34.168831	212	2	256	128	24576	24576	0	65536	102400	1536	210	208	2	2	1	32	0	0	0	0	0	0	2	registers	60	190720	453920	764	0	5	11	560
mha4	base	full	2048	3	11	1	34.101280	35.206142	34.165920	212	2	256	128	24576	24576	0	65536	102400	1536	210	208	2	2	1	32	0	0	0	0	0	0	2	registers	60	190720	453920	764	0	5	11	561
mha4	base	full	2048	3	12	1	34.146400	35.183361	34.174976	212	2	256	128	24576	24576	0	65536	102400	1536	210	208	2	2	1	32	0	0	0	0	0	0	2	registers	60	190720	453920	764	0	5	11	562
mha4	base	full	2048	3	13	1	34.087009	35.151871	34.177025	212	2	256	128	24576	24576	0	65536	102400	1536	210	208	2	2	1	32	0	0	0	0	0	0	2	registers	60	190720	453920	764	0	5	11	563
mha4	base	full	2048	3	14	1	34.112415	35.185665	34.277088	212	2	256	128	24576	24576	0	65536	102400	1536	210	208	2	2	1	32	0	0	0	0	0	0	2	registers	60	190720	453920	764	0	5	11	564
mha4	base	full	2048	3	15	1	34.107391	35.183617	34.197502	212	2	256	128	24576	24576	0	65536	102400	1536	210	208	2	2	1	32	0	0	0	0	0	0	2	registers	60	190720	453920	764	0	5	11	565
mha4	base	full	2048	3	16	1	34.090816	35.186687	34.173950	212	2	256	128	24576	24576	0	65536	102400	1536	210	208	2	2	1	32	0	0	0	0	0	0	2	registers	60	190720	453920	764	0	5	11	566
mha4	base	full	2048	3	17	1	34.099297	35.206142	34.186241	212	2	256	128	24576	24576	0	65536	102400	1536	210	208	2	2	1	32	0	0	0	0	0	0	2	registers	60	190720	453920	764	0	5	11	567
mha4	base	full	2048	3	18	1	34.132030	35.166206	34.259968	212	2	256	128	24576	24576	0	65536	102400	1536	210	208	2	2	1	32	0	0	0	0	0	0	2	registers	60	190720	453920	764	0	5	11	568
mha4	base	full	2048	3	19	1	34.083679	35.175423	34.171906	212	2	256	128	24576	24576	0	65536	102400	1536	210	208	2	2	1	32	0	0	0	0	0	0	2	registers	60	190720	453920	764	0	5	11	569
mha4	base	full	2048	3	20	1	34.133984	35.187714	34.166782	212	2	256	128	24576	24576	0	65536	102400	1536	210	208	2	2	1	32	0	0	0	0	0	0	2	registers	60	190720	453920	764	0	5	11	570
mha4	base	full	2048	3	21	1	34.071617	35.210239	34.201599	212	2	256	128	24576	24576	0	65536	102400	1536	210	208	2	2	1	32	0	0	0	0	0	0	2	registers	60	190720	453920	764	0	5	11	571
mha4	base	full	2048	3	22	1	34.114559	35.169537	34.195457	212	2	256	128	24576	24576	0	65536	102400	1536	210	208	2	2	1	32	0	0	0	0	0	0	2	registers	60	190720	453920	764	0	5	11	572
mha4	base	full	2048	3	23	1	34.100224	35.184353	34.114784	212	2	256	128	24576	24576	0	65536	102400	1536	210	208	2	2	1	32	0	0	0	0	0	0	2	registers	60	190720	453920	764	0	5	11	573
mha4	base	full	2048	3	24	1	34.132927	35.400703	34.249664	212	2	256	128	24576	24576	0	65536	102400	1536	210	208	2	2	1	32	0	0	0	0	0	0	2	registers	60	190720	453920	764	0	5	11	574
mha4	base	full	2048	3	25	1	34.075710	35.365887	34.212864	212	2	256	128	24576	24576	0	65536	102400	1536	210	208	2	2	1	32	0	0	0	0	0	0	2	registers	60	190720	453920	764	0	5	11	575
mha4	base	full	2048	3	26	1	34.315231	35.334145	34.169857	212	2	256	128	24576	24576	0	65536	102400	1536	210	208	2	2	1	32	0	0	0	0	0	0	2	registers	60	190720	453920	764	0	5	11	576
mha4	base	full	2048	3	27	1	34.287617	35.341312	34.203648	212	2	256	128	24576	24576	0	65536	102400	1536	210	208	2	2	1	32	0	0	0	0	0	0	2	registers	60	190720	453920	764	0	5	11	577
mha4	base	full	2048	3	28	1	34.278049	35.336193	34.181122	212	2	256	128	24576	24576	0	65536	102400	1536	210	208	2	2	1	32	0	0	0	0	0	0	2	registers	60	190720	453920	764	0	5	11	578
mha4	base	full	2048	3	29	1	34.296833	35.355648	34.160641	212	2	256	128	24576	24576	0	65536	102400	1536	210	208	2	2	1	32	0	0	0	0	0	0	2	registers	60	190720	453920	764	0	5	11	579
mha4	base	full	2048	3	30	1	34.294785	35.364864	34.151424	212	2	256	128	24576	24576	0	65536	102400	1536	210	208	2	2	1	32	0	0	0	0	0	0	2	registers	60	190720	453920	764	0	5	11	580
mha4	base	full	2048	3	31	1	34.310242	35.332096	34.296833	212	2	256	128	24576	24576	0	65536	102400	1536	210	208	2	2	1	32	0	0	0	0	0	0	2	registers	60	190720	453920	764	0	5	11	581
mha4	base	full	2048	3	32	1	34.259968	35.345631	34.438305	212	2	256	128	24576	24576	0	65536	102400	1536	210	208	2	2	1	32	0	0	0	0	0	0	2	registers	60	190720	453920	764	0	5	11	582
mha4	base	full	2048	3	33	1	34.275391	35.325951	34.388672	212	2	256	128	24576	24576	0	65536	102400	1536	210	208	2	2	1	32	0	0	0	0	0	0	2	registers	60	190720	453920	764	0	5	11	583
mha4	base	full	2048	3	34	1	34.246719	35.352577	34.362370	212	2	256	128	24576	24576	0	65536	102400	1536	210	208	2	2	1	32	0	0	0	0	0	0	2	registers	60	190720	453920	764	0	5	11	584
mha4	base	full	2048	3	35	1	34.249729	35.358368	34.390015	212	2	256	128	24576	24576	0	65536	102400	1536	210	208	2	2	1	32	0	0	0	0	0	0	2	registers	60	190720	453920	764	0	5	11	585
mha4	base	full	2048	3	36	1	34.260033	35.337215	34.371586	212	2	256	128	24576	24576	0	65536	102400	1536	210	208	2	2	1	32	0	0	0	0	0	0	2	registers	60	190720	453920	764	0	5	11	586
mha4	base	full	2048	3	37	1	34.290752	35.355648	34.425858	212	2	256	128	24576	24576	0	65536	102400	1536	210	208	2	2	1	32	0	0	0	0	0	0	2	registers	60	190720	453920	764	0	5	11	587
mha4	base	full	2048	3	38	1	34.277153	35.353600	34.345985	212	2	256	128	24576	24576	0	65536	102400	1536	210	208	2	2	1	32	0	0	0	0	0	0	2	registers	60	190720	453920	764	0	5	11	588
mha4	base	full	2048	3	39	1	34.252930	35.337215	34.431999	212	2	256	128	24576	24576	0	65536	102400	1536	210	208	2	2	1	32	0	0	0	0	0	0	2	registers	60	190720	453920	764	0	5	11	589
mha4	base	full	2048	3	40	1	34.242561	35.338242	34.417664	212	2	256	128	24576	24576	0	65536	102400	1536	210	208	2	2	1	32	0	0	0	0	0	0	2	registers	60	190720	453920	764	0	5	11	590
mha4	base	full	2048	3	41	1	34.300034	35.369984	34.383553	212	2	256	128	24576	24576	0	65536	102400	1536	210	208	2	2	1	32	0	0	0	0	0	0	2	registers	60	190720	453920	764	0	5	11	591
mha4	base	full	2048	3	42	1	34.301632	35.335167	34.410431	212	2	256	128	24576	24576	0	65536	102400	1536	210	208	2	2	1	32	0	0	0	0	0	0	2	registers	60	190720	453920	764	0	5	11	592
mha4	base	full	2048	3	43	1	34.233440	35.360767	34.392063	212	2	256	128	24576	24576	0	65536	102400	1536	210	208	2	2	1	32	0	0	0	0	0	0	2	registers	60	190720	453920	764	0	5	11	593
mha4	base	full	2048	3	44	1	34.303616	35.355648	34.323170	212	2	256	128	24576	24576	0	65536	102400	1536	210	208	2	2	1	32	0	0	0	0	0	0	2	registers	60	190720	453920	764	0	5	11	594
mha4	base	full	2048	3	45	1	34.281441	35.357346	34.375679	212	2	256	128	24576	24576	0	65536	102400	1536	210	208	2	2	1	32	0	0	0	0	0	0	2	registers	60	190720	453920	764	0	5	11	595
mha4	base	full	2048	3	46	1	34.264065	35.341312	34.390015	212	2	256	128	24576	24576	0	65536	102400	1536	210	208	2	2	1	32	0	0	0	0	0	0	2	registers	60	190720	453920	764	0	5	11	596
mha4	base	full	2048	3	47	1	34.296833	35.334305	34.357056	212	2	256	128	24576	24576	0	65536	102400	1536	210	208	2	2	1	32	0	0	0	0	0	0	2	registers	60	190720	453920	764	0	5	11	597
mha4	base	full	2048	3	48	1	34.277504	35.350529	34.374432	212	2	256	128	24576	24576	0	65536	102400	1536	210	208	2	2	1	32	0	0	0	0	0	0	2	registers	60	190720	453920	764	0	5	11	598
mha4	base	full	2048	3	49	1	34.290817	35.318783	34.386688	212	2	256	128	24576	24576	0	65536	102400	1536	210	208	2	2	1	32	0	0	0	0	0	0	2	registers	60	190720	453920	764	0	5	11	599
