DOMAIN { O12[x0 = 0]; O2[x0 = 0, x1] : 0 <= x1 <= 1; O9[x0, x1] : 0 <= x0 <= 127 and 0 <= x1 <= 3; O0[x0 = 0]; O7[x0, x1] : 0 <= x0 <= 127 and 0 <= x1 <= 1; O6[x0, x1] : 0 <= x0 <= 127 and 0 <= x1 <= 1; O8[x0, x1, x2] : 0 <= x0 <= 127 and 0 <= x1 <= 3 and 0 <= x2 <= 1; O11[x0 = 0, x1] : 0 <= x1 <= 3; O4[x0 = 0, x1] : 0 <= x1 <= 3; O17[x0 = 0, x1] : 0 <= x1 <= 3; O16[x0 = 0, x1] : 0 <= x1 <= 3; O3[x0 = 0, x1] : 0 <= x1 <= 1; O13[x0 = 0, x1] : 0 <= x1 <= 7; O15[x0 = 0, x1] : 0 <= x1 <= 7; O14[x0 = 0, x1] : 0 <= x1 <= 7; O1[x0 = 0, x1] : 0 <= x1 <= 3; O5[x0 = 0, x1] : 0 <= x1 <= 1; O10[x0 = 0, x1] : 0 <= x1 <= 3 }
VALIDITY_PRODUCER_TO_CONSUMER { O3[p0 = 0, p1] -> O7[row, hh = p1] : 0 <= p1 <= 1 and 0 <= row <= 127; O11[p0 = 0, p1] -> O12[i = 0] : 0 <= p1 <= 3; O8[p0, p1, p2] -> O9[s = p0, h = p1] : 0 <= p0 <= 127 and 0 <= p1 <= 3 and 0 <= p2 <= 1; O13[p0 = 0, p1] -> O15[m = 0, n = p1] : 0 <= p1 <= 7; O2[p0 = 0, p1] -> O5[m = 0, hh = p1] : 0 <= p1 <= 1; O0[p0 = 0] -> O1[m = 0, n] : 0 <= n <= 3; O6[p0, p1] -> O8[s, h, j] : 0 <= p0 <= 127 and 0 <= p1 <= 1 and 0 <= s <= 127 and h >= 2p1 and 0 <= h <= 3 and h <= 1 + 2p1 and 0 <= j <= 1 and -124 + p0 <= 128j <= 3 + p0; O7[p0, p1] -> O8[s, h, j] : 0 <= p0 <= 127 and 0 <= p1 <= 1 and 0 <= s <= 127 and h >= 2p1 and 0 <= h <= 3 and h <= 1 + 2p1 and 0 <= j <= 1 and -124 + p0 <= 128j <= 3 + p0; O9[p0, p1] -> O10[m = 0, n] : 0 <= p0 <= 127 and 0 <= p1 <= 3 and 0 <= n <= 3; O11[p0 = 0, p1] -> O17[m = 0, n = p1] : 0 <= p1 <= 3; O16[p0 = 0, p1] -> O17[m = 0, n = p1] : 0 <= p1 <= 3; O0[p0 = 0] -> O2[m = 0, n] : 0 <= n <= 1; O0[p0 = 0] -> O3[m = 0, n] : 0 <= n <= 1; O12[p0 = 0] -> O13[m = 0, n] : 0 <= n <= 7; O10[p0 = 0, p1] -> O11[m = 0, n = p1] : 0 <= p1 <= 3; O1[p0 = 0, p1] -> O4[m = 0, hh = p1] : 0 <= p1 <= 3; O5[p0 = 0, p1] -> O6[row, hh = p1] : 0 <= p1 <= 1 and 0 <= row <= 127; O14[p0 = 0, p1] -> O15[m = 0, n = p1] : 0 <= p1 <= 7; O4[p0 = 0, p1] -> O8[s, h = p1, j] : 0 <= p1 <= 3 and 0 <= s <= 127 and 0 <= j <= 1; O12[p0 = 0] -> O14[m = 0, n] : 0 <= n <= 7; O15[p0 = 0, p1] -> O16[m = 0, n] : 0 <= p1 <= 7 and 0 <= n <= 3 }
SCHEDULE { domain: "{ O12[x0 = 0]; O2[x0 = 0, x1] : 0 <= x1 <= 1; O9[x0, x1] : 0 <= x0 <= 127 and 0 <= x1 <= 3; O0[x0 = 0]; O7[x0, x1] : 0 <= x0 <= 127 and 0 <= x1 <= 1; O6[x0, x1] : 0 <= x0 <= 127 and 0 <= x1 <= 1; O8[x0, x1, x2] : 0 <= x0 <= 127 and 0 <= x1 <= 3 and 0 <= x2 <= 1; O11[x0 = 0, x1] : 0 <= x1 <= 3; O4[x0 = 0, x1] : 0 <= x1 <= 3; O17[x0 = 0, x1] : 0 <= x1 <= 3; O16[x0 = 0, x1] : 0 <= x1 <= 3; O3[x0 = 0, x1] : 0 <= x1 <= 1; O13[x0 = 0, x1] : 0 <= x1 <= 7; O15[x0 = 0, x1] : 0 <= x1 <= 7; O14[x0 = 0, x1] : 0 <= x1 <= 7; O1[x0 = 0, x1] : 0 <= x1 <= 3; O5[x0 = 0, x1] : 0 <= x1 <= 1; O10[x0 = 0, x1] : 0 <= x1 <= 3 }", child: { sequence: [ { filter: "{ O2[x0, x1]; O0[x0]; O7[x0, x1]; O6[x0, x1]; O3[x0, x1]; O5[x0, x1] }", child: { schedule: "[{ O2[x0, x1] -> [(0)]; O0[x0] -> [(0)]; O7[x0, x1] -> [(x0)]; O6[x0, x1] -> [(x0)]; O3[x0, x1] -> [(0)]; O5[x0, x1] -> [(0)] }, { O2[x0, x1] -> [(x1)]; O0[x0] -> [(0)]; O7[x0, x1] -> [(x1)]; O6[x0, x1] -> [(x1)]; O3[x0, x1] -> [(x1)]; O5[x0, x1] -> [(x1)] }]", permutable: 1, coincident: [ 1, 1 ], child: { sequence: [ { filter: "{ O0[x0] }" }, { filter: "{ O2[x0, x1]; O7[x0, x1]; O6[x0, x1]; O3[x0, x1]; O5[x0, x1] }", child: { set: [ { filter: "{ O2[x0, x1]; O6[x0, x1]; O5[x0, x1] }", child: { sequence: [ { filter: "{ O2[x0, x1] }" }, { filter: "{ O5[x0, x1] }" }, { filter: "{ O6[x0, x1] }" } ] } }, { filter: "{ O7[x0, x1]; O3[x0, x1] }", child: { sequence: [ { filter: "{ O3[x0, x1] }" }, { filter: "{ O7[x0, x1] }" } ] } } ] } } ] } } }, { filter: "{ O9[x0, x1]; O8[x0, x1, x2]; O11[x0, x1]; O4[x0, x1]; O13[x0, x1]; O15[x0, x1]; O14[x0, x1]; O12[x0]; O1[x0, x1]; O10[x0, x1] }", child: { schedule: "[{ O9[x0, x1] -> [(x1)]; O8[x0, x1, x2] -> [(x1)]; O11[x0, x1] -> [(3)]; O4[x0, x1] -> [(x1)]; O13[x0, x1] -> [(3)]; O15[x0, x1] -> [(3)]; O14[x0, x1] -> [(3)]; O12[x0] -> [(3)]; O1[x0, x1] -> [(x1)]; O10[x0, x1] -> [(3)] }, { O9[x0, x1] -> [(x0)]; O8[x0, x1, x2] -> [(x0)]; O11[x0, x1] -> [(127)]; O4[x0, x1] -> [(0)]; O13[x0, x1] -> [(127)]; O15[x0, x1] -> [(127)]; O14[x0, x1] -> [(127)]; O12[x0] -> [(127)]; O1[x0, x1] -> [(0)]; O10[x0, x1] -> [(127)] }, { O9[x0, x1] -> [(1)]; O8[x0, x1, x2] -> [(x2)]; O11[x0, x1] -> [(1 + x1)]; O4[x0, x1] -> [(0)]; O13[x0, x1] -> [(4 + x1)]; O15[x0, x1] -> [(4 + x1)]; O14[x0, x1] -> [(4 + x1)]; O12[x0] -> [(4)]; O1[x0, x1] -> [(0)]; O10[x0, x1] -> [(1 + x1)] }]", permutable: 1, coincident: [ 1, 1, 1 ], child: { sequence: [ { filter: "{ O1[x0, x1] }" }, { filter: "{ O4[x0, x1] }" }, { filter: "{ O8[x0, x1, x2] }" }, { filter: "{ O9[x0, x1] }" }, { filter: "{ O10[x0, x1] }" }, { filter: "{ O11[x0, x1] }" }, { filter: "{ O12[x0] }" }, { filter: "{ O13[x0, x1]; O14[x0, x1] }", child: { set: [ { filter: "{ O14[x0, x1] }" }, { filter: "{ O13[x0, x1] }" } ] } }, { filter: "{ O15[x0, x1] }" } ] } } }, { filter: "{ O17[x0, x1]; O16[x0, x1] }", child: { schedule: "[{ O17[x0, x1] -> [(x1)]; O16[x0, x1] -> [(x1)] }]", permutable: 1, coincident: [ 1 ], child: { sequence: [ { filter: "{ O16[x0, x1] }" }, { filter: "{ O17[x0, x1] }" } ] } } } ] } }
BAND depth=0 members=2 permutable=1
BAND depth=0 members=3 permutable=1
BAND depth=0 members=1 permutable=1
SCHEDULE_MAP { O0[x0 = 0] -> [0, 0, 0, 0, 0, 0]; O11[x0 = 0, x1] -> [1, 3, 127, 1 + x1, 5, 0] : 0 <= x1 <= 3; O3[x0 = 0, x1] -> [0, 0, x1, 1, 1, 0] : 0 <= x1 <= 1; O8[x0, x1, x2] -> [1, x1, x0, x2, 2, 0] : 0 <= x0 <= 127 and 0 <= x1 <= 3 and 0 <= x2 <= 1; O4[x0 = 0, x1] -> [1, x1, 0, 0, 1, 0] : 0 <= x1 <= 3; O7[x0, x1] -> [0, x0, x1, 1, 1, 1] : 0 <= x0 <= 127 and 0 <= x1 <= 1; O15[x0 = 0, x1] -> [1, 3, 127, 4 + x1, 8, 0] : 0 <= x1 <= 7; O1[x0 = 0, x1] -> [1, x1, 0, 0, 0, 0] : 0 <= x1 <= 3; O13[x0 = 0, x1] -> [1, 3, 127, 4 + x1, 7, 1] : 0 <= x1 <= 7; O17[x0 = 0, x1] -> [2, x1, 1, 0, 0, 0] : 0 <= x1 <= 3; O16[x0 = 0, x1] -> [2, x1, 0, 0, 0, 0] : 0 <= x1 <= 3; O5[x0 = 0, x1] -> [0, 0, x1, 1, 0, 1] : 0 <= x1 <= 1; O12[x0 = 0] -> [1, 3, 127, 4, 6, 0]; O14[x0 = 0, x1] -> [1, 3, 127, 4 + x1, 7, 0] : 0 <= x1 <= 7; O10[x0 = 0, x1] -> [1, 3, 127, 1 + x1, 4, 0] : 0 <= x1 <= 3; O2[x0 = 0, x1] -> [0, 0, x1, 1, 0, 0] : 0 <= x1 <= 1; O9[x0, x1] -> [1, x1, x0, 1, 3, 0] : 0 <= x0 <= 127 and 0 <= x1 <= 3; O6[x0, x1] -> [0, x0, x1, 1, 0, 2] : 0 <= x0 <= 127 and 0 <= x1 <= 1 }
DIMENSIONS 6
SPAN mode=stage_major seq=128 workers=16 resident_limit=256 tasks=2104 edges=135774 same_worker_edges=8684 producer_tasks=2100 fence_free_producers=95 cross_worker_fraction=0.936041 same_worker_fraction=0.0639592 used_workers=16 max_queue=142 queue_cap=0 min=-8 p50=48 p95=82 max=101 forward_worker_span=15 slot_span_below_limit=1 resident_grid_safe=1 queue_cycle=0 overresident_proven=0
HIST mode=stage_major slot_span=-8 edges=4
HIST mode=stage_major slot_span=-7 edges=4
HIST mode=stage_major slot_span=-5 edges=2
HIST mode=stage_major slot_span=-4 edges=12
HIST mode=stage_major slot_span=-3 edges=25
HIST mode=stage_major slot_span=-2 edges=40
HIST mode=stage_major slot_span=-1 edges=54
HIST mode=stage_major slot_span=0 edges=71
HIST mode=stage_major slot_span=1 edges=152
HIST mode=stage_major slot_span=2 edges=188
HIST mode=stage_major slot_span=3 edges=265
HIST mode=stage_major slot_span=4 edges=320
HIST mode=stage_major slot_span=5 edges=391
HIST mode=stage_major slot_span=6 edges=454
HIST mode=stage_major slot_span=7 edges=524
HIST mode=stage_major slot_span=8 edges=592
HIST mode=stage_major slot_span=9 edges=652
HIST mode=stage_major slot_span=10 edges=720
HIST mode=stage_major slot_span=11 edges=780
HIST mode=stage_major slot_span=12 edges=850
HIST mode=stage_major slot_span=13 edges=914
HIST mode=stage_major slot_span=14 edges=973
HIST mode=stage_major slot_span=15 edges=1037
HIST mode=stage_major slot_span=16 edges=1100
HIST mode=stage_major slot_span=17 edges=1164
HIST mode=stage_major slot_span=18 edges=1230
HIST mode=stage_major slot_span=19 edges=1292
HIST mode=stage_major slot_span=20 edges=1356
HIST mode=stage_major slot_span=21 edges=1420
HIST mode=stage_major slot_span=22 edges=1487
HIST mode=stage_major slot_span=23 edges=1548
HIST mode=stage_major slot_span=24 edges=1612
HIST mode=stage_major slot_span=25 edges=1676
HIST mode=stage_major slot_span=26 edges=1741
HIST mode=stage_major slot_span=27 edges=1806
HIST mode=stage_major slot_span=28 edges=1860
HIST mode=stage_major slot_span=29 edges=1909
HIST mode=stage_major slot_span=30 edges=1967
HIST mode=stage_major slot_span=31 edges=2025
HIST mode=stage_major slot_span=32 edges=2088
HIST mode=stage_major slot_span=33 edges=2105
HIST mode=stage_major slot_span=34 edges=2116
HIST mode=stage_major slot_span=35 edges=2103
HIST mode=stage_major slot_span=36 edges=2110
HIST mode=stage_major slot_span=37 edges=2114
HIST mode=stage_major slot_span=38 edges=2108
HIST mode=stage_major slot_span=39 edges=2096
HIST mode=stage_major slot_span=40 edges=2096
HIST mode=stage_major slot_span=41 edges=2096
HIST mode=stage_major slot_span=42 edges=2096
HIST mode=stage_major slot_span=43 edges=2096
HIST mode=stage_major slot_span=44 edges=2096
HIST mode=stage_major slot_span=45 edges=2096
HIST mode=stage_major slot_span=46 edges=2096
HIST mode=stage_major slot_span=47 edges=2096
HIST mode=stage_major slot_span=48 edges=2096
HIST mode=stage_major slot_span=49 edges=2096
HIST mode=stage_major slot_span=50 edges=2096
HIST mode=stage_major slot_span=51 edges=2096
HIST mode=stage_major slot_span=52 edges=2096
HIST mode=stage_major slot_span=53 edges=2096
HIST mode=stage_major slot_span=54 edges=2096
HIST mode=stage_major slot_span=55 edges=2096
HIST mode=stage_major slot_span=56 edges=2096
HIST mode=stage_major slot_span=57 edges=2096
HIST mode=stage_major slot_span=58 edges=2095
HIST mode=stage_major slot_span=59 edges=2092
HIST mode=stage_major slot_span=60 edges=2086
HIST mode=stage_major slot_span=61 edges=2079
HIST mode=stage_major slot_span=62 edges=2070
HIST mode=stage_major slot_span=63 edges=2057
HIST mode=stage_major slot_span=64 edges=2032
HIST mode=stage_major slot_span=65 edges=1972
HIST mode=stage_major slot_span=66 edges=1920
HIST mode=stage_major slot_span=67 edges=1859
HIST mode=stage_major slot_span=68 edges=1800
HIST mode=stage_major slot_span=69 edges=1742
HIST mode=stage_major slot_span=70 edges=1681
HIST mode=stage_major slot_span=71 edges=1620
HIST mode=stage_major slot_span=72 edges=1556
HIST mode=stage_major slot_span=73 edges=1492
HIST mode=stage_major slot_span=74 edges=1428
HIST mode=stage_major slot_span=75 edges=1364
HIST mode=stage_major slot_span=76 edges=1300
HIST mode=stage_major slot_span=77 edges=1236
HIST mode=stage_major slot_span=78 edges=1172
HIST mode=stage_major slot_span=79 edges=1108
HIST mode=stage_major slot_span=80 edges=1044
HIST mode=stage_major slot_span=81 edges=980
HIST mode=stage_major slot_span=82 edges=916
HIST mode=stage_major slot_span=83 edges=852
HIST mode=stage_major slot_span=84 edges=788
HIST mode=stage_major slot_span=85 edges=724
HIST mode=stage_major slot_span=86 edges=657
HIST mode=stage_major slot_span=87 edges=596
HIST mode=stage_major slot_span=88 edges=532
HIST mode=stage_major slot_span=89 edges=468
HIST mode=stage_major slot_span=90 edges=404
HIST mode=stage_major slot_span=91 edges=340
HIST mode=stage_major slot_span=92 edges=280
HIST mode=stage_major slot_span=93 edges=223
HIST mode=stage_major slot_span=94 edges=164
HIST mode=stage_major slot_span=95 edges=105
HIST mode=stage_major slot_span=96 edges=53
HIST mode=stage_major slot_span=97 edges=39
HIST mode=stage_major slot_span=98 edges=26
HIST mode=stage_major slot_span=99 edges=19
HIST mode=stage_major slot_span=100 edges=12
HIST mode=stage_major slot_span=101 edges=6
SPAN mode=affine seq=128 workers=16 resident_limit=256 tasks=2104 edges=135774 same_worker_edges=8419 producer_tasks=2100 fence_free_producers=0 cross_worker_fraction=0.937993 same_worker_fraction=0.0620075 used_workers=16 max_queue=132 queue_cap=0 min=0 p50=63 p95=111 max=128 forward_worker_span=15 slot_span_below_limit=1 resident_grid_safe=1 queue_cycle=0 overresident_proven=0
HIST mode=affine slot_span=0 edges=1001
HIST mode=affine slot_span=1 edges=252
HIST mode=affine slot_span=2 edges=175
HIST mode=affine slot_span=3 edges=198
HIST mode=affine slot_span=4 edges=247
HIST mode=affine slot_span=5 edges=291
HIST mode=affine slot_span=6 edges=326
HIST mode=affine slot_span=7 edges=375
HIST mode=affine slot_span=8 edges=419
HIST mode=affine slot_span=9 edges=454
HIST mode=affine slot_span=10 edges=503
HIST mode=affine slot_span=11 edges=547
HIST mode=affine slot_span=12 edges=582
HIST mode=affine slot_span=13 edges=631
HIST mode=affine slot_span=14 edges=675
HIST mode=affine slot_span=15 edges=710
HIST mode=affine slot_span=16 edges=759
HIST mode=affine slot_span=17 edges=803
HIST mode=affine slot_span=18 edges=838
HIST mode=affine slot_span=19 edges=887
HIST mode=affine slot_span=20 edges=931
HIST mode=affine slot_span=21 edges=966
HIST mode=affine slot_span=22 edges=1015
HIST mode=affine slot_span=23 edges=1059
HIST mode=affine slot_span=24 edges=1082
HIST mode=affine slot_span=25 edges=1091
HIST mode=affine slot_span=26 edges=1131
HIST mode=affine slot_span=27 edges=1180
HIST mode=affine slot_span=28 edges=1225
HIST mode=affine slot_span=29 edges=1259
HIST mode=affine slot_span=30 edges=1308
HIST mode=affine slot_span=31 edges=1353
HIST mode=affine slot_span=32 edges=1370
HIST mode=affine slot_span=33 edges=1381
HIST mode=affine slot_span=34 edges=1386
HIST mode=affine slot_span=35 edges=1377
HIST mode=affine slot_span=36 edges=1381
HIST mode=affine slot_span=37 edges=1386
HIST mode=affine slot_span=38 edges=1377
HIST mode=affine slot_span=39 edges=1381
HIST mode=affine slot_span=40 edges=1386
HIST mode=affine slot_span=41 edges=1377
HIST mode=affine slot_span=42 edges=1381
HIST mode=affine slot_span=43 edges=1386
HIST mode=affine slot_span=44 edges=1377
HIST mode=affine slot_span=45 edges=1381
HIST mode=affine slot_span=46 edges=1386
HIST mode=affine slot_span=47 edges=1377
HIST mode=affine slot_span=48 edges=1378
HIST mode=affine slot_span=49 edges=1380
HIST mode=affine slot_span=50 edges=1385
HIST mode=affine slot_span=51 edges=1382
HIST mode=affine slot_span=52 edges=1377
HIST mode=affine slot_span=53 edges=1385
HIST mode=affine slot_span=54 edges=1382
HIST mode=affine slot_span=55 edges=1377
HIST mode=affine slot_span=56 edges=1389
HIST mode=affine slot_span=57 edges=1390
HIST mode=affine slot_span=58 edges=1382
HIST mode=affine slot_span=59 edges=1388
HIST mode=affine slot_span=60 edges=1390
HIST mode=affine slot_span=61 edges=1382
HIST mode=affine slot_span=62 edges=1388
HIST mode=affine slot_span=63 edges=1390
HIST mode=affine slot_span=64 edges=1382
HIST mode=affine slot_span=65 edges=1388
HIST mode=affine slot_span=66 edges=1390
HIST mode=affine slot_span=67 edges=1382
HIST mode=affine slot_span=68 edges=1388
HIST mode=affine slot_span=69 edges=1390
HIST mode=affine slot_span=70 edges=1382
HIST mode=affine slot_span=71 edges=1388
HIST mode=affine slot_span=72 edges=1385
HIST mode=affine slot_span=73 edges=1382
HIST mode=affine slot_span=74 edges=1382
HIST mode=affine slot_span=75 edges=1377
HIST mode=affine slot_span=76 edges=1385
HIST mode=affine slot_span=77 edges=1382
HIST mode=affine slot_span=78 edges=1377
HIST mode=affine slot_span=79 edges=1385
HIST mode=affine slot_span=80 edges=1385
HIST mode=affine slot_span=81 edges=1376
HIST mode=affine slot_span=82 edges=1383
HIST mode=affine slot_span=83 edges=1385
HIST mode=affine slot_span=84 edges=1376
HIST mode=affine slot_span=85 edges=1383
HIST mode=affine slot_span=86 edges=1385
HIST mode=affine slot_span=87 edges=1376
HIST mode=affine slot_span=88 edges=1383
HIST mode=affine slot_span=89 edges=1385
HIST mode=affine slot_span=90 edges=1376
HIST mode=affine slot_span=91 edges=1383
HIST mode=affine slot_span=92 edges=1385
HIST mode=affine slot_span=93 edges=1376
HIST mode=affine slot_span=94 edges=1383
HIST mode=affine slot_span=95 edges=1385
HIST mode=affine slot_span=96 edges=1373
HIST mode=affine slot_span=97 edges=1338
HIST mode=affine slot_span=98 edges=1292
HIST mode=affine slot_span=99 edges=1248
HIST mode=affine slot_span=100 edges=1204
HIST mode=affine slot_span=101 edges=1164
HIST mode=affine slot_span=102 edges=1120
HIST mode=affine slot_span=103 edges=1076
HIST mode=affine slot_span=104 edges=1037
HIST mode=affine slot_span=105 edges=996
HIST mode=affine slot_span=106 edges=956
HIST mode=affine slot_span=107 edges=912
HIST mode=affine slot_span=108 edges=868
HIST mode=affine slot_span=109 edges=828
HIST mode=affine slot_span=110 edges=784
HIST mode=affine slot_span=111 edges=740
HIST mode=affine slot_span=112 edges=700
HIST mode=affine slot_span=113 edges=656
HIST mode=affine slot_span=114 edges=612
HIST mode=affine slot_span=115 edges=572
HIST mode=affine slot_span=116 edges=528
HIST mode=affine slot_span=117 edges=484
HIST mode=affine slot_span=118 edges=444
HIST mode=affine slot_span=119 edges=400
HIST mode=affine slot_span=120 edges=356
HIST mode=affine slot_span=121 edges=316
HIST mode=affine slot_span=122 edges=272
HIST mode=affine slot_span=123 edges=228
HIST mode=affine slot_span=124 edges=188
HIST mode=affine slot_span=125 edges=144
HIST mode=affine slot_span=126 edges=100
HIST mode=affine slot_span=127 edges=60
HIST mode=affine slot_span=128 edges=20
SPAN mode=band_tiling seq=128 workers=16 resident_limit=256 tasks=2104 edges=135774 same_worker_edges=10848 producer_tasks=2100 fence_free_producers=1188 cross_worker_fraction=0.920103 same_worker_fraction=0.0798975 used_workers=16 max_queue=453 queue_cap=0 min=-32 p50=208 p95=382 max=422 forward_worker_span=15 slot_span_below_limit=0 resident_grid_safe=1 queue_cycle=0 overresident_proven=0
HIST mode=band_tiling slot_span=-32 edges=2
HIST mode=band_tiling slot_span=-29 edges=2
HIST mode=band_tiling slot_span=-26 edges=2
HIST mode=band_tiling slot_span=-25 edges=1
HIST mode=band_tiling slot_span=-23 edges=2
HIST mode=band_tiling slot_span=-22 edges=1
HIST mode=band_tiling slot_span=-20 edges=2
HIST mode=band_tiling slot_span=-19 edges=1
HIST mode=band_tiling slot_span=-17 edges=2
HIST mode=band_tiling slot_span=-16 edges=1
HIST mode=band_tiling slot_span=-14 edges=2
HIST mode=band_tiling slot_span=-13 edges=1
HIST mode=band_tiling slot_span=-11 edges=2
HIST mode=band_tiling slot_span=-10 edges=1
HIST mode=band_tiling slot_span=-7 edges=1
HIST mode=band_tiling slot_span=-6 edges=16
HIST mode=band_tiling slot_span=-5 edges=15
HIST mode=band_tiling slot_span=-4 edges=5
HIST mode=band_tiling slot_span=-3 edges=18
HIST mode=band_tiling slot_span=-2 edges=33
HIST mode=band_tiling slot_span=-1 edges=19
HIST mode=band_tiling slot_span=0 edges=6
HIST mode=band_tiling slot_span=1 edges=568
HIST mode=band_tiling slot_span=2 edges=560
HIST mode=band_tiling slot_span=3 edges=54
HIST mode=band_tiling slot_span=4 edges=46
HIST mode=band_tiling slot_span=5 edges=49
HIST mode=band_tiling slot_span=6 edges=87
HIST mode=band_tiling slot_span=7 edges=95
HIST mode=band_tiling slot_span=8 edges=65
HIST mode=band_tiling slot_span=9 edges=92
HIST mode=band_tiling slot_span=10 edges=126
HIST mode=band_tiling slot_span=11 edges=109
HIST mode=band_tiling slot_span=12 edges=121
HIST mode=band_tiling slot_span=13 edges=146
HIST mode=band_tiling slot_span=14 edges=143
HIST mode=band_tiling slot_span=15 edges=167
HIST mode=band_tiling slot_span=16 edges=176
HIST mode=band_tiling slot_span=17 edges=162
HIST mode=band_tiling slot_span=18 edges=201
HIST mode=band_tiling slot_span=19 edges=221
HIST mode=band_tiling slot_span=20 edges=192
HIST mode=band_tiling slot_span=21 edges=220
HIST mode=band_tiling slot_span=22 edges=255
HIST mode=band_tiling slot_span=23 edges=237
HIST mode=band_tiling slot_span=24 edges=251
HIST mode=band_tiling slot_span=25 edges=270
HIST mode=band_tiling slot_span=26 edges=255
HIST mode=band_tiling slot_span=27 edges=281
HIST mode=band_tiling slot_span=28 edges=299
HIST mode=band_tiling slot_span=29 edges=273
HIST mode=band_tiling slot_span=30 edges=297
HIST mode=band_tiling slot_span=31 edges=329
HIST mode=band_tiling slot_span=32 edges=320
HIST mode=band_tiling slot_span=33 edges=327
HIST mode=band_tiling slot_span=34 edges=344
HIST mode=band_tiling slot_span=35 edges=316
HIST mode=band_tiling slot_span=36 edges=342
HIST mode=band_tiling slot_span=37 edges=359
HIST mode=band_tiling slot_span=38 edges=317
HIST mode=band_tiling slot_span=39 edges=343
HIST mode=band_tiling slot_span=40 edges=374
HIST mode=band_tiling slot_span=41 edges=332
HIST mode=band_tiling slot_span=42 edges=342
HIST mode=band_tiling slot_span=43 edges=374
HIST mode=band_tiling slot_span=44 edges=332
HIST mode=band_tiling slot_span=45 edges=342
HIST mode=band_tiling slot_span=46 edges=374
HIST mode=band_tiling slot_span=47 edges=332
HIST mode=band_tiling slot_span=48 edges=342
HIST mode=band_tiling slot_span=49 edges=374
HIST mode=band_tiling slot_span=50 edges=332
HIST mode=band_tiling slot_span=51 edges=342
HIST mode=band_tiling slot_span=52 edges=374
HIST mode=band_tiling slot_span=53 edges=332
HIST mode=band_tiling slot_span=54 edges=342
HIST mode=band_tiling slot_span=55 edges=374
HIST mode=band_tiling slot_span=56 edges=332
HIST mode=band_tiling slot_span=57 edges=342
HIST mode=band_tiling slot_span=58 edges=374
HIST mode=band_tiling slot_span=59 edges=332
HIST mode=band_tiling slot_span=60 edges=342
HIST mode=band_tiling slot_span=61 edges=374
HIST mode=band_tiling slot_span=62 edges=332
HIST mode=band_tiling slot_span=63 edges=342
HIST mode=band_tiling slot_span=64 edges=374
HIST mode=band_tiling slot_span=65 edges=332
HIST mode=band_tiling slot_span=66 edges=342
HIST mode=band_tiling slot_span=67 edges=374
HIST mode=band_tiling slot_span=68 edges=332
HIST mode=band_tiling slot_span=69 edges=342
HIST mode=band_tiling slot_span=70 edges=374
HIST mode=band_tiling slot_span=71 edges=332
HIST mode=band_tiling slot_span=72 edges=342
HIST mode=band_tiling slot_span=73 edges=374
HIST mode=band_tiling slot_span=74 edges=332
HIST mode=band_tiling slot_span=75 edges=342
HIST mode=band_tiling slot_span=76 edges=374
HIST mode=band_tiling slot_span=77 edges=332
HIST mode=band_tiling slot_span=78 edges=342
HIST mode=band_tiling slot_span=79 edges=374
HIST mode=band_tiling slot_span=80 edges=332
HIST mode=band_tiling slot_span=81 edges=342
HIST mode=band_tiling slot_span=82 edges=374
HIST mode=band_tiling slot_span=83 edges=332
HIST mode=band_tiling slot_span=84 edges=342
HIST mode=band_tiling slot_span=85 edges=374
HIST mode=band_tiling slot_span=86 edges=332
HIST mode=band_tiling slot_span=87 edges=342
HIST mode=band_tiling slot_span=88 edges=374
HIST mode=band_tiling slot_span=89 edges=332
HIST mode=band_tiling slot_span=90 edges=342
HIST mode=band_tiling slot_span=91 edges=374
HIST mode=band_tiling slot_span=92 edges=332
HIST mode=band_tiling slot_span=93 edges=342
HIST mode=band_tiling slot_span=94 edges=374
HIST mode=band_tiling slot_span=95 edges=332
HIST mode=band_tiling slot_span=96 edges=342
HIST mode=band_tiling slot_span=97 edges=374
HIST mode=band_tiling slot_span=98 edges=332
HIST mode=band_tiling slot_span=99 edges=342
HIST mode=band_tiling slot_span=100 edges=374
HIST mode=band_tiling slot_span=101 edges=332
HIST mode=band_tiling slot_span=102 edges=342
HIST mode=band_tiling slot_span=103 edges=374
HIST mode=band_tiling slot_span=104 edges=332
HIST mode=band_tiling slot_span=105 edges=342
HIST mode=band_tiling slot_span=106 edges=374
HIST mode=band_tiling slot_span=107 edges=332
HIST mode=band_tiling slot_span=108 edges=342
HIST mode=band_tiling slot_span=109 edges=374
HIST mode=band_tiling slot_span=110 edges=332
HIST mode=band_tiling slot_span=111 edges=342
HIST mode=band_tiling slot_span=112 edges=374
HIST mode=band_tiling slot_span=113 edges=332
HIST mode=band_tiling slot_span=114 edges=342
HIST mode=band_tiling slot_span=115 edges=374
HIST mode=band_tiling slot_span=116 edges=332
HIST mode=band_tiling slot_span=117 edges=342
HIST mode=band_tiling slot_span=118 edges=374
HIST mode=band_tiling slot_span=119 edges=332
HIST mode=band_tiling slot_span=120 edges=342
HIST mode=band_tiling slot_span=121 edges=374
HIST mode=band_tiling slot_span=122 edges=332
HIST mode=band_tiling slot_span=123 edges=342
HIST mode=band_tiling slot_span=124 edges=374
HIST mode=band_tiling slot_span=125 edges=332
HIST mode=band_tiling slot_span=126 edges=342
HIST mode=band_tiling slot_span=127 edges=374
HIST mode=band_tiling slot_span=128 edges=332
HIST mode=band_tiling slot_span=129 edges=342
HIST mode=band_tiling slot_span=130 edges=374
HIST mode=band_tiling slot_span=131 edges=332
HIST mode=band_tiling slot_span=132 edges=342
HIST mode=band_tiling slot_span=133 edges=374
HIST mode=band_tiling slot_span=134 edges=332
HIST mode=band_tiling slot_span=135 edges=342
HIST mode=band_tiling slot_span=136 edges=374
HIST mode=band_tiling slot_span=137 edges=332
HIST mode=band_tiling slot_span=138 edges=342
HIST mode=band_tiling slot_span=139 edges=374
HIST mode=band_tiling slot_span=140 edges=332
HIST mode=band_tiling slot_span=141 edges=342
HIST mode=band_tiling slot_span=142 edges=374
HIST mode=band_tiling slot_span=143 edges=332
HIST mode=band_tiling slot_span=144 edges=342
HIST mode=band_tiling slot_span=145 edges=374
HIST mode=band_tiling slot_span=146 edges=332
HIST mode=band_tiling slot_span=147 edges=342
HIST mode=band_tiling slot_span=148 edges=374
HIST mode=band_tiling slot_span=149 edges=332
HIST mode=band_tiling slot_span=150 edges=342
HIST mode=band_tiling slot_span=151 edges=374
HIST mode=band_tiling slot_span=152 edges=332
HIST mode=band_tiling slot_span=153 edges=342
HIST mode=band_tiling slot_span=154 edges=374
HIST mode=band_tiling slot_span=155 edges=332
HIST mode=band_tiling slot_span=156 edges=342
HIST mode=band_tiling slot_span=157 edges=374
HIST mode=band_tiling slot_span=158 edges=332
HIST mode=band_tiling slot_span=159 edges=342
HIST mode=band_tiling slot_span=160 edges=374
HIST mode=band_tiling slot_span=161 edges=332
HIST mode=band_tiling slot_span=162 edges=342
HIST mode=band_tiling slot_span=163 edges=374
HIST mode=band_tiling slot_span=164 edges=332
HIST mode=band_tiling slot_span=165 edges=342
HIST mode=band_tiling slot_span=166 edges=374
HIST mode=band_tiling slot_span=167 edges=332
HIST mode=band_tiling slot_span=168 edges=342
HIST mode=band_tiling slot_span=169 edges=374
HIST mode=band_tiling slot_span=170 edges=332
HIST mode=band_tiling slot_span=171 edges=342
HIST mode=band_tiling slot_span=172 edges=374
HIST mode=band_tiling slot_span=173 edges=332
HIST mode=band_tiling slot_span=174 edges=342
HIST mode=band_tiling slot_span=175 edges=374
HIST mode=band_tiling slot_span=176 edges=332
HIST mode=band_tiling slot_span=177 edges=342
HIST mode=band_tiling slot_span=178 edges=374
HIST mode=band_tiling slot_span=179 edges=332
HIST mode=band_tiling slot_span=180 edges=342
HIST mode=band_tiling slot_span=181 edges=374
HIST mode=band_tiling slot_span=182 edges=332
HIST mode=band_tiling slot_span=183 edges=342
HIST mode=band_tiling slot_span=184 edges=374
HIST mode=band_tiling slot_span=185 edges=332
HIST mode=band_tiling slot_span=186 edges=342
HIST mode=band_tiling slot_span=187 edges=374
HIST mode=band_tiling slot_span=188 edges=332
HIST mode=band_tiling slot_span=189 edges=342
HIST mode=band_tiling slot_span=190 edges=374
HIST mode=band_tiling slot_span=191 edges=332
HIST mode=band_tiling slot_span=192 edges=342
HIST mode=band_tiling slot_span=193 edges=374
HIST mode=band_tiling slot_span=194 edges=332
HIST mode=band_tiling slot_span=195 edges=342
HIST mode=band_tiling slot_span=196 edges=374
HIST mode=band_tiling slot_span=197 edges=332
HIST mode=band_tiling slot_span=198 edges=342
HIST mode=band_tiling slot_span=199 edges=374
HIST mode=band_tiling slot_span=200 edges=332
HIST mode=band_tiling slot_span=201 edges=342
HIST mode=band_tiling slot_span=202 edges=374
HIST mode=band_tiling slot_span=203 edges=332
HIST mode=band_tiling slot_span=204 edges=342
HIST mode=band_tiling slot_span=205 edges=374
HIST mode=band_tiling slot_span=206 edges=332
HIST mode=band_tiling slot_span=207 edges=342
HIST mode=band_tiling slot_span=208 edges=374
HIST mode=band_tiling slot_span=209 edges=332
HIST mode=band_tiling slot_span=210 edges=342
HIST mode=band_tiling slot_span=211 edges=374
HIST mode=band_tiling slot_span=212 edges=332
HIST mode=band_tiling slot_span=213 edges=342
HIST mode=band_tiling slot_span=214 edges=374
HIST mode=band_tiling slot_span=215 edges=332
HIST mode=band_tiling slot_span=216 edges=342
HIST mode=band_tiling slot_span=217 edges=374
HIST mode=band_tiling slot_span=218 edges=332
HIST mode=band_tiling slot_span=219 edges=342
HIST mode=band_tiling slot_span=220 edges=374
HIST mode=band_tiling slot_span=221 edges=332
HIST mode=band_tiling slot_span=222 edges=342
HIST mode=band_tiling slot_span=223 edges=374
HIST mode=band_tiling slot_span=224 edges=332
HIST mode=band_tiling slot_span=225 edges=342
HIST mode=band_tiling slot_span=226 edges=374
HIST mode=band_tiling slot_span=227 edges=332
HIST mode=band_tiling slot_span=228 edges=342
HIST mode=band_tiling slot_span=229 edges=374
HIST mode=band_tiling slot_span=230 edges=332
HIST mode=band_tiling slot_span=231 edges=342
HIST mode=band_tiling slot_span=232 edges=374
HIST mode=band_tiling slot_span=233 edges=332
HIST mode=band_tiling slot_span=234 edges=342
HIST mode=band_tiling slot_span=235 edges=374
HIST mode=band_tiling slot_span=236 edges=332
HIST mode=band_tiling slot_span=237 edges=342
HIST mode=band_tiling slot_span=238 edges=374
HIST mode=band_tiling slot_span=239 edges=332
HIST mode=band_tiling slot_span=240 edges=342
HIST mode=band_tiling slot_span=241 edges=374
HIST mode=band_tiling slot_span=242 edges=332
HIST mode=band_tiling slot_span=243 edges=342
HIST mode=band_tiling slot_span=244 edges=374
HIST mode=band_tiling slot_span=245 edges=332
HIST mode=band_tiling slot_span=246 edges=342
HIST mode=band_tiling slot_span=247 edges=374
HIST mode=band_tiling slot_span=248 edges=332
HIST mode=band_tiling slot_span=249 edges=342
HIST mode=band_tiling slot_span=250 edges=374
HIST mode=band_tiling slot_span=251 edges=332
HIST mode=band_tiling slot_span=252 edges=342
HIST mode=band_tiling slot_span=253 edges=374
HIST mode=band_tiling slot_span=254 edges=332
HIST mode=band_tiling slot_span=255 edges=342
HIST mode=band_tiling slot_span=256 edges=374
HIST mode=band_tiling slot_span=257 edges=332
HIST mode=band_tiling slot_span=258 edges=342
HIST mode=band_tiling slot_span=259 edges=374
HIST mode=band_tiling slot_span=260 edges=332
HIST mode=band_tiling slot_span=261 edges=342
HIST mode=band_tiling slot_span=262 edges=374
HIST mode=band_tiling slot_span=263 edges=332
HIST mode=band_tiling slot_span=264 edges=342
HIST mode=band_tiling slot_span=265 edges=374
HIST mode=band_tiling slot_span=266 edges=332
HIST mode=band_tiling slot_span=267 edges=342
HIST mode=band_tiling slot_span=268 edges=374
HIST mode=band_tiling slot_span=269 edges=332
HIST mode=band_tiling slot_span=270 edges=342
HIST mode=band_tiling slot_span=271 edges=374
HIST mode=band_tiling slot_span=272 edges=332
HIST mode=band_tiling slot_span=273 edges=342
HIST mode=band_tiling slot_span=274 edges=374
HIST mode=band_tiling slot_span=275 edges=332
HIST mode=band_tiling slot_span=276 edges=342
HIST mode=band_tiling slot_span=277 edges=374
HIST mode=band_tiling slot_span=278 edges=332
HIST mode=band_tiling slot_span=279 edges=342
HIST mode=band_tiling slot_span=280 edges=374
HIST mode=band_tiling slot_span=281 edges=332
HIST mode=band_tiling slot_span=282 edges=342
HIST mode=band_tiling slot_span=283 edges=374
HIST mode=band_tiling slot_span=284 edges=332
HIST mode=band_tiling slot_span=285 edges=342
HIST mode=band_tiling slot_span=286 edges=374
HIST mode=band_tiling slot_span=287 edges=332
HIST mode=band_tiling slot_span=288 edges=342
HIST mode=band_tiling slot_span=289 edges=374
HIST mode=band_tiling slot_span=290 edges=332
HIST mode=band_tiling slot_span=291 edges=342
HIST mode=band_tiling slot_span=292 edges=374
HIST mode=band_tiling slot_span=293 edges=332
HIST mode=band_tiling slot_span=294 edges=342
HIST mode=band_tiling slot_span=295 edges=374
HIST mode=band_tiling slot_span=296 edges=332
HIST mode=band_tiling slot_span=297 edges=342
HIST mode=band_tiling slot_span=298 edges=374
HIST mode=band_tiling slot_span=299 edges=332
HIST mode=band_tiling slot_span=300 edges=342
HIST mode=band_tiling slot_span=301 edges=374
HIST mode=band_tiling slot_span=302 edges=332
HIST mode=band_tiling slot_span=303 edges=342
HIST mode=band_tiling slot_span=304 edges=374
HIST mode=band_tiling slot_span=305 edges=332
HIST mode=band_tiling slot_span=306 edges=342
HIST mode=band_tiling slot_span=307 edges=374
HIST mode=band_tiling slot_span=308 edges=332
HIST mode=band_tiling slot_span=309 edges=342
HIST mode=band_tiling slot_span=310 edges=374
HIST mode=band_tiling slot_span=311 edges=332
HIST mode=band_tiling slot_span=312 edges=342
HIST mode=band_tiling slot_span=313 edges=374
HIST mode=band_tiling slot_span=314 edges=332
HIST mode=band_tiling slot_span=315 edges=342
HIST mode=band_tiling slot_span=316 edges=374
HIST mode=band_tiling slot_span=317 edges=332
HIST mode=band_tiling slot_span=318 edges=342
HIST mode=band_tiling slot_span=319 edges=374
HIST mode=band_tiling slot_span=320 edges=332
HIST mode=band_tiling slot_span=321 edges=342
HIST mode=band_tiling slot_span=322 edges=374
HIST mode=band_tiling slot_span=323 edges=332
HIST mode=band_tiling slot_span=324 edges=342
HIST mode=band_tiling slot_span=325 edges=374
HIST mode=band_tiling slot_span=326 edges=332
HIST mode=band_tiling slot_span=327 edges=342
HIST mode=band_tiling slot_span=328 edges=374
HIST mode=band_tiling slot_span=329 edges=332
HIST mode=band_tiling slot_span=330 edges=342
HIST mode=band_tiling slot_span=331 edges=374
HIST mode=band_tiling slot_span=332 edges=332
HIST mode=band_tiling slot_span=333 edges=342
HIST mode=band_tiling slot_span=334 edges=374
HIST mode=band_tiling slot_span=335 edges=332
HIST mode=band_tiling slot_span=336 edges=342
HIST mode=band_tiling slot_span=337 edges=374
HIST mode=band_tiling slot_span=338 edges=332
HIST mode=band_tiling slot_span=339 edges=342
HIST mode=band_tiling slot_span=340 edges=374
HIST mode=band_tiling slot_span=341 edges=332
HIST mode=band_tiling slot_span=342 edges=342
HIST mode=band_tiling slot_span=343 edges=374
HIST mode=band_tiling slot_span=344 edges=332
HIST mode=band_tiling slot_span=345 edges=342
HIST mode=band_tiling slot_span=346 edges=374
HIST mode=band_tiling slot_span=347 edges=332
HIST mode=band_tiling slot_span=348 edges=342
HIST mode=band_tiling slot_span=349 edges=374
HIST mode=band_tiling slot_span=350 edges=332
HIST mode=band_tiling slot_span=351 edges=342
HIST mode=band_tiling slot_span=352 edges=374
HIST mode=band_tiling slot_span=353 edges=332
HIST mode=band_tiling slot_span=354 edges=342
HIST mode=band_tiling slot_span=355 edges=374
HIST mode=band_tiling slot_span=356 edges=332
HIST mode=band_tiling slot_span=357 edges=342
HIST mode=band_tiling slot_span=358 edges=374
HIST mode=band_tiling slot_span=359 edges=332
HIST mode=band_tiling slot_span=360 edges=342
HIST mode=band_tiling slot_span=361 edges=374
HIST mode=band_tiling slot_span=362 edges=332
HIST mode=band_tiling slot_span=363 edges=342
HIST mode=band_tiling slot_span=364 edges=374
HIST mode=band_tiling slot_span=365 edges=332
HIST mode=band_tiling slot_span=366 edges=342
HIST mode=band_tiling slot_span=367 edges=374
HIST mode=band_tiling slot_span=368 edges=332
HIST mode=band_tiling slot_span=369 edges=342
HIST mode=band_tiling slot_span=370 edges=374
HIST mode=band_tiling slot_span=371 edges=332
HIST mode=band_tiling slot_span=372 edges=342
HIST mode=band_tiling slot_span=373 edges=374
HIST mode=band_tiling slot_span=374 edges=332
HIST mode=band_tiling slot_span=375 edges=342
HIST mode=band_tiling slot_span=376 edges=374
HIST mode=band_tiling slot_span=377 edges=332
HIST mode=band_tiling slot_span=378 edges=341
HIST mode=band_tiling slot_span=379 edges=374
HIST mode=band_tiling slot_span=380 edges=329
HIST mode=band_tiling slot_span=381 edges=339
HIST mode=band_tiling slot_span=382 edges=372
HIST mode=band_tiling slot_span=383 edges=328
HIST mode=band_tiling slot_span=384 edges=336
HIST mode=band_tiling slot_span=385 edges=363
HIST mode=band_tiling slot_span=386 edges=323
HIST mode=band_tiling slot_span=387 edges=304
HIST mode=band_tiling slot_span=388 edges=331
HIST mode=band_tiling slot_span=389 edges=301
HIST mode=band_tiling slot_span=390 edges=287
HIST mode=band_tiling slot_span=391 edges=298
HIST mode=band_tiling slot_span=392 edges=269
HIST mode=band_tiling slot_span=393 edges=268
HIST mode=band_tiling slot_span=394 edges=281
HIST mode=band_tiling slot_span=395 edges=239
HIST mode=band_tiling slot_span=396 edges=222
HIST mode=band_tiling slot_span=397 edges=247
HIST mode=band_tiling slot_span=398 edges=221
HIST mode=band_tiling slot_span=399 edges=190
HIST mode=band_tiling slot_span=400 edges=201
HIST mode=band_tiling slot_span=401 edges=188
HIST mode=band_tiling slot_span=402 edges=172
HIST mode=band_tiling slot_span=403 edges=170
HIST mode=band_tiling slot_span=404 edges=142
HIST mode=band_tiling slot_span=405 edges=139
HIST mode=band_tiling slot_span=406 edges=152
HIST mode=band_tiling slot_span=407 edges=111
HIST mode=band_tiling slot_span=408 edges=92
HIST mode=band_tiling slot_span=409 edges=121
HIST mode=band_tiling slot_span=410 edges=93
HIST mode=band_tiling slot_span=411 edges=62
HIST mode=band_tiling slot_span=412 edges=76
HIST mode=band_tiling slot_span=413 edges=61
HIST mode=band_tiling slot_span=414 edges=46
HIST mode=band_tiling slot_span=415 edges=45
HIST mode=band_tiling slot_span=416 edges=16
HIST mode=band_tiling slot_span=417 edges=16
HIST mode=band_tiling slot_span=418 edges=30
HIST mode=band_tiling slot_span=419 edges=16
HIST mode=band_tiling slot_span=421 edges=15
HIST mode=band_tiling slot_span=422 edges=15
SPAN mode=wavefront seq=128 workers=16 resident_limit=256 tasks=2104 edges=135774 same_worker_edges=10848 producer_tasks=2100 fence_free_producers=1188 cross_worker_fraction=0.920103 same_worker_fraction=0.0798975 used_workers=16 max_queue=453 queue_cap=0 min=-32 p50=208 p95=382 max=422 forward_worker_span=15 slot_span_below_limit=0 resident_grid_safe=1 queue_cycle=0 overresident_proven=0
HIST mode=wavefront slot_span=-32 edges=2
HIST mode=wavefront slot_span=-29 edges=2
HIST mode=wavefront slot_span=-26 edges=2
HIST mode=wavefront slot_span=-25 edges=1
HIST mode=wavefront slot_span=-23 edges=2
HIST mode=wavefront slot_span=-22 edges=1
HIST mode=wavefront slot_span=-20 edges=2
HIST mode=wavefront slot_span=-19 edges=1
HIST mode=wavefront slot_span=-17 edges=2
HIST mode=wavefront slot_span=-16 edges=1
HIST mode=wavefront slot_span=-14 edges=2
HIST mode=wavefront slot_span=-13 edges=1
HIST mode=wavefront slot_span=-11 edges=2
HIST mode=wavefront slot_span=-10 edges=1
HIST mode=wavefront slot_span=-7 edges=1
HIST mode=wavefront slot_span=-6 edges=16
HIST mode=wavefront slot_span=-5 edges=15
HIST mode=wavefront slot_span=-4 edges=5
HIST mode=wavefront slot_span=-3 edges=18
HIST mode=wavefront slot_span=-2 edges=33
HIST mode=wavefront slot_span=-1 edges=19
HIST mode=wavefront slot_span=0 edges=6
HIST mode=wavefront slot_span=1 edges=568
HIST mode=wavefront slot_span=2 edges=560
HIST mode=wavefront slot_span=3 edges=50
HIST mode=wavefront slot_span=4 edges=46
HIST mode=wavefront slot_span=5 edges=51
HIST mode=wavefront slot_span=6 edges=83
HIST mode=wavefront slot_span=7 edges=99
HIST mode=wavefront slot_span=8 edges=67
HIST mode=wavefront slot_span=9 edges=87
HIST mode=wavefront slot_span=10 edges=130
HIST mode=wavefront slot_span=11 edges=112
HIST mode=wavefront slot_span=12 edges=114
HIST mode=wavefront slot_span=13 edges=149
HIST mode=wavefront slot_span=14 edges=148
HIST mode=wavefront slot_span=15 edges=159
HIST mode=wavefront slot_span=16 edges=180
HIST mode=wavefront slot_span=17 edges=167
HIST mode=wavefront slot_span=18 edges=192
HIST mode=wavefront slot_span=19 edges=225
HIST mode=wavefront slot_span=20 edges=198
HIST mode=wavefront slot_span=21 edges=211
HIST mode=wavefront slot_span=22 edges=258
HIST mode=wavefront slot_span=23 edges=243
HIST mode=wavefront slot_span=24 edges=242
HIST mode=wavefront slot_span=25 edges=273
HIST mode=wavefront slot_span=26 edges=261
HIST mode=wavefront slot_span=27 edges=272
HIST mode=wavefront slot_span=28 edges=302
HIST mode=wavefront slot_span=29 edges=279
HIST mode=wavefront slot_span=30 edges=288
HIST mode=wavefront slot_span=31 edges=332
HIST mode=wavefront slot_span=32 edges=326
HIST mode=wavefront slot_span=33 edges=318
HIST mode=wavefront slot_span=34 edges=347
HIST mode=wavefront slot_span=35 edges=322
HIST mode=wavefront slot_span=36 edges=333
HIST mode=wavefront slot_span=37 edges=362
HIST mode=wavefront slot_span=38 edges=323
HIST mode=wavefront slot_span=39 edges=334
HIST mode=wavefront slot_span=40 edges=377
HIST mode=wavefront slot_span=41 edges=338
HIST mode=wavefront slot_span=42 edges=333
HIST mode=wavefront slot_span=43 edges=377
HIST mode=wavefront slot_span=44 edges=338
HIST mode=wavefront slot_span=45 edges=333
HIST mode=wavefront slot_span=46 edges=377
HIST mode=wavefront slot_span=47 edges=338
HIST mode=wavefront slot_span=48 edges=333
HIST mode=wavefront slot_span=49 edges=377
HIST mode=wavefront slot_span=50 edges=338
HIST mode=wavefront slot_span=51 edges=333
HIST mode=wavefront slot_span=52 edges=377
HIST mode=wavefront slot_span=53 edges=338
HIST mode=wavefront slot_span=54 edges=333
HIST mode=wavefront slot_span=55 edges=377
HIST mode=wavefront slot_span=56 edges=338
HIST mode=wavefront slot_span=57 edges=333
HIST mode=wavefront slot_span=58 edges=377
HIST mode=wavefront slot_span=59 edges=338
HIST mode=wavefront slot_span=60 edges=333
HIST mode=wavefront slot_span=61 edges=377
HIST mode=wavefront slot_span=62 edges=338
HIST mode=wavefront slot_span=63 edges=333
HIST mode=wavefront slot_span=64 edges=377
HIST mode=wavefront slot_span=65 edges=338
HIST mode=wavefront slot_span=66 edges=333
HIST mode=wavefront slot_span=67 edges=377
HIST mode=wavefront slot_span=68 edges=338
HIST mode=wavefront slot_span=69 edges=333
HIST mode=wavefront slot_span=70 edges=377
HIST mode=wavefront slot_span=71 edges=338
HIST mode=wavefront slot_span=72 edges=333
HIST mode=wavefront slot_span=73 edges=377
HIST mode=wavefront slot_span=74 edges=338
HIST mode=wavefront slot_span=75 edges=333
HIST mode=wavefront slot_span=76 edges=377
HIST mode=wavefront slot_span=77 edges=338
HIST mode=wavefront slot_span=78 edges=333
HIST mode=wavefront slot_span=79 edges=377
HIST mode=wavefront slot_span=80 edges=338
HIST mode=wavefront slot_span=81 edges=333
HIST mode=wavefront slot_span=82 edges=377
HIST mode=wavefront slot_span=83 edges=338
HIST mode=wavefront slot_span=84 edges=333
HIST mode=wavefront slot_span=85 edges=377
HIST mode=wavefront slot_span=86 edges=338
HIST mode=wavefront slot_span=87 edges=333
HIST mode=wavefront slot_span=88 edges=377
HIST mode=wavefront slot_span=89 edges=338
HIST mode=wavefront slot_span=90 edges=333
HIST mode=wavefront slot_span=91 edges=377
HIST mode=wavefront slot_span=92 edges=338
HIST mode=wavefront slot_span=93 edges=333
HIST mode=wavefront slot_span=94 edges=377
HIST mode=wavefront slot_span=95 edges=338
HIST mode=wavefront slot_span=96 edges=333
HIST mode=wavefront slot_span=97 edges=377
HIST mode=wavefront slot_span=98 edges=338
HIST mode=wavefront slot_span=99 edges=333
HIST mode=wavefront slot_span=100 edges=377
HIST mode=wavefront slot_span=101 edges=338
HIST mode=wavefront slot_span=102 edges=333
HIST mode=wavefront slot_span=103 edges=377
HIST mode=wavefront slot_span=104 edges=338
HIST mode=wavefront slot_span=105 edges=333
HIST mode=wavefront slot_span=106 edges=377
HIST mode=wavefront slot_span=107 edges=338
HIST mode=wavefront slot_span=108 edges=333
HIST mode=wavefront slot_span=109 edges=377
HIST mode=wavefront slot_span=110 edges=338
HIST mode=wavefront slot_span=111 edges=333
HIST mode=wavefront slot_span=112 edges=377
HIST mode=wavefront slot_span=113 edges=338
HIST mode=wavefront slot_span=114 edges=333
HIST mode=wavefront slot_span=115 edges=377
HIST mode=wavefront slot_span=116 edges=338
HIST mode=wavefront slot_span=117 edges=333
HIST mode=wavefront slot_span=118 edges=377
HIST mode=wavefront slot_span=119 edges=338
HIST mode=wavefront slot_span=120 edges=333
HIST mode=wavefront slot_span=121 edges=377
HIST mode=wavefront slot_span=122 edges=338
HIST mode=wavefront slot_span=123 edges=333
HIST mode=wavefront slot_span=124 edges=377
HIST mode=wavefront slot_span=125 edges=338
HIST mode=wavefront slot_span=126 edges=333
HIST mode=wavefront slot_span=127 edges=377
HIST mode=wavefront slot_span=128 edges=338
HIST mode=wavefront slot_span=129 edges=333
HIST mode=wavefront slot_span=130 edges=377
HIST mode=wavefront slot_span=131 edges=338
HIST mode=wavefront slot_span=132 edges=333
HIST mode=wavefront slot_span=133 edges=377
HIST mode=wavefront slot_span=134 edges=338
HIST mode=wavefront slot_span=135 edges=333
HIST mode=wavefront slot_span=136 edges=377
HIST mode=wavefront slot_span=137 edges=338
HIST mode=wavefront slot_span=138 edges=333
HIST mode=wavefront slot_span=139 edges=377
HIST mode=wavefront slot_span=140 edges=338
HIST mode=wavefront slot_span=141 edges=333
HIST mode=wavefront slot_span=142 edges=377
HIST mode=wavefront slot_span=143 edges=338
HIST mode=wavefront slot_span=144 edges=333
HIST mode=wavefront slot_span=145 edges=377
HIST mode=wavefront slot_span=146 edges=338
HIST mode=wavefront slot_span=147 edges=333
HIST mode=wavefront slot_span=148 edges=377
HIST mode=wavefront slot_span=149 edges=338
HIST mode=wavefront slot_span=150 edges=333
HIST mode=wavefront slot_span=151 edges=377
HIST mode=wavefront slot_span=152 edges=338
HIST mode=wavefront slot_span=153 edges=333
HIST mode=wavefront slot_span=154 edges=377
HIST mode=wavefront slot_span=155 edges=338
HIST mode=wavefront slot_span=156 edges=333
HIST mode=wavefront slot_span=157 edges=377
HIST mode=wavefront slot_span=158 edges=338
HIST mode=wavefront slot_span=159 edges=333
HIST mode=wavefront slot_span=160 edges=377
HIST mode=wavefront slot_span=161 edges=338
HIST mode=wavefront slot_span=162 edges=333
HIST mode=wavefront slot_span=163 edges=377
HIST mode=wavefront slot_span=164 edges=338
HIST mode=wavefront slot_span=165 edges=333
HIST mode=wavefront slot_span=166 edges=377
HIST mode=wavefront slot_span=167 edges=338
HIST mode=wavefront slot_span=168 edges=333
HIST mode=wavefront slot_span=169 edges=377
HIST mode=wavefront slot_span=170 edges=338
HIST mode=wavefront slot_span=171 edges=333
HIST mode=wavefront slot_span=172 edges=377
HIST mode=wavefront slot_span=173 edges=338
HIST mode=wavefront slot_span=174 edges=333
HIST mode=wavefront slot_span=175 edges=377
HIST mode=wavefront slot_span=176 edges=338
HIST mode=wavefront slot_span=177 edges=333
HIST mode=wavefront slot_span=178 edges=377
HIST mode=wavefront slot_span=179 edges=338
HIST mode=wavefront slot_span=180 edges=333
HIST mode=wavefront slot_span=181 edges=377
HIST mode=wavefront slot_span=182 edges=338
HIST mode=wavefront slot_span=183 edges=333
HIST mode=wavefront slot_span=184 edges=377
HIST mode=wavefront slot_span=185 edges=338
HIST mode=wavefront slot_span=186 edges=333
HIST mode=wavefront slot_span=187 edges=377
HIST mode=wavefront slot_span=188 edges=338
HIST mode=wavefront slot_span=189 edges=333
HIST mode=wavefront slot_span=190 edges=377
HIST mode=wavefront slot_span=191 edges=338
HIST mode=wavefront slot_span=192 edges=333
HIST mode=wavefront slot_span=193 edges=377
HIST mode=wavefront slot_span=194 edges=338
HIST mode=wavefront slot_span=195 edges=333
HIST mode=wavefront slot_span=196 edges=377
HIST mode=wavefront slot_span=197 edges=338
HIST mode=wavefront slot_span=198 edges=333
HIST mode=wavefront slot_span=199 edges=377
HIST mode=wavefront slot_span=200 edges=338
HIST mode=wavefront slot_span=201 edges=333
HIST mode=wavefront slot_span=202 edges=377
HIST mode=wavefront slot_span=203 edges=338
HIST mode=wavefront slot_span=204 edges=333
HIST mode=wavefront slot_span=205 edges=377
HIST mode=wavefront slot_span=206 edges=338
HIST mode=wavefront slot_span=207 edges=333
HIST mode=wavefront slot_span=208 edges=377
HIST mode=wavefront slot_span=209 edges=338
HIST mode=wavefront slot_span=210 edges=333
HIST mode=wavefront slot_span=211 edges=377
HIST mode=wavefront slot_span=212 edges=338
HIST mode=wavefront slot_span=213 edges=333
HIST mode=wavefront slot_span=214 edges=377
HIST mode=wavefront slot_span=215 edges=338
HIST mode=wavefront slot_span=216 edges=333
HIST mode=wavefront slot_span=217 edges=377
HIST mode=wavefront slot_span=218 edges=338
HIST mode=wavefront slot_span=219 edges=333
HIST mode=wavefront slot_span=220 edges=377
HIST mode=wavefront slot_span=221 edges=338
HIST mode=wavefront slot_span=222 edges=333
HIST mode=wavefront slot_span=223 edges=377
HIST mode=wavefront slot_span=224 edges=338
HIST mode=wavefront slot_span=225 edges=333
HIST mode=wavefront slot_span=226 edges=377
HIST mode=wavefront slot_span=227 edges=338
HIST mode=wavefront slot_span=228 edges=333
HIST mode=wavefront slot_span=229 edges=377
HIST mode=wavefront slot_span=230 edges=338
HIST mode=wavefront slot_span=231 edges=333
HIST mode=wavefront slot_span=232 edges=377
HIST mode=wavefront slot_span=233 edges=338
HIST mode=wavefront slot_span=234 edges=333
HIST mode=wavefront slot_span=235 edges=377
HIST mode=wavefront slot_span=236 edges=338
HIST mode=wavefront slot_span=237 edges=333
HIST mode=wavefront slot_span=238 edges=377
HIST mode=wavefront slot_span=239 edges=338
HIST mode=wavefront slot_span=240 edges=333
HIST mode=wavefront slot_span=241 edges=377
HIST mode=wavefront slot_span=242 edges=338
HIST mode=wavefront slot_span=243 edges=333
HIST mode=wavefront slot_span=244 edges=377
HIST mode=wavefront slot_span=245 edges=338
HIST mode=wavefront slot_span=246 edges=333
HIST mode=wavefront slot_span=247 edges=377
HIST mode=wavefront slot_span=248 edges=338
HIST mode=wavefront slot_span=249 edges=333
HIST mode=wavefront slot_span=250 edges=377
HIST mode=wavefront slot_span=251 edges=338
HIST mode=wavefront slot_span=252 edges=333
HIST mode=wavefront slot_span=253 edges=377
HIST mode=wavefront slot_span=254 edges=338
HIST mode=wavefront slot_span=255 edges=333
HIST mode=wavefront slot_span=256 edges=377
HIST mode=wavefront slot_span=257 edges=338
HIST mode=wavefront slot_span=258 edges=333
HIST mode=wavefront slot_span=259 edges=377
HIST mode=wavefront slot_span=260 edges=338
HIST mode=wavefront slot_span=261 edges=333
HIST mode=wavefront slot_span=262 edges=377
HIST mode=wavefront slot_span=263 edges=338
HIST mode=wavefront slot_span=264 edges=333
HIST mode=wavefront slot_span=265 edges=377
HIST mode=wavefront slot_span=266 edges=338
HIST mode=wavefront slot_span=267 edges=333
HIST mode=wavefront slot_span=268 edges=377
HIST mode=wavefront slot_span=269 edges=338
HIST mode=wavefront slot_span=270 edges=333
HIST mode=wavefront slot_span=271 edges=377
HIST mode=wavefront slot_span=272 edges=338
HIST mode=wavefront slot_span=273 edges=333
HIST mode=wavefront slot_span=274 edges=377
HIST mode=wavefront slot_span=275 edges=338
HIST mode=wavefront slot_span=276 edges=333
HIST mode=wavefront slot_span=277 edges=377
HIST mode=wavefront slot_span=278 edges=338
HIST mode=wavefront slot_span=279 edges=333
HIST mode=wavefront slot_span=280 edges=377
HIST mode=wavefront slot_span=281 edges=338
HIST mode=wavefront slot_span=282 edges=333
HIST mode=wavefront slot_span=283 edges=377
HIST mode=wavefront slot_span=284 edges=338
HIST mode=wavefront slot_span=285 edges=333
HIST mode=wavefront slot_span=286 edges=377
HIST mode=wavefront slot_span=287 edges=338
HIST mode=wavefront slot_span=288 edges=333
HIST mode=wavefront slot_span=289 edges=377
HIST mode=wavefront slot_span=290 edges=338
HIST mode=wavefront slot_span=291 edges=333
HIST mode=wavefront slot_span=292 edges=377
HIST mode=wavefront slot_span=293 edges=338
HIST mode=wavefront slot_span=294 edges=333
HIST mode=wavefront slot_span=295 edges=377
HIST mode=wavefront slot_span=296 edges=338
HIST mode=wavefront slot_span=297 edges=333
HIST mode=wavefront slot_span=298 edges=377
HIST mode=wavefront slot_span=299 edges=338
HIST mode=wavefront slot_span=300 edges=333
HIST mode=wavefront slot_span=301 edges=377
HIST mode=wavefront slot_span=302 edges=338
HIST mode=wavefront slot_span=303 edges=333
HIST mode=wavefront slot_span=304 edges=377
HIST mode=wavefront slot_span=305 edges=338
HIST mode=wavefront slot_span=306 edges=333
HIST mode=wavefront slot_span=307 edges=377
HIST mode=wavefront slot_span=308 edges=338
HIST mode=wavefront slot_span=309 edges=333
HIST mode=wavefront slot_span=310 edges=377
HIST mode=wavefront slot_span=311 edges=338
HIST mode=wavefront slot_span=312 edges=333
HIST mode=wavefront slot_span=313 edges=377
HIST mode=wavefront slot_span=314 edges=338
HIST mode=wavefront slot_span=315 edges=333
HIST mode=wavefront slot_span=316 edges=377
HIST mode=wavefront slot_span=317 edges=338
HIST mode=wavefront slot_span=318 edges=333
HIST mode=wavefront slot_span=319 edges=377
HIST mode=wavefront slot_span=320 edges=338
HIST mode=wavefront slot_span=321 edges=333
HIST mode=wavefront slot_span=322 edges=377
HIST mode=wavefront slot_span=323 edges=338
HIST mode=wavefront slot_span=324 edges=333
HIST mode=wavefront slot_span=325 edges=377
HIST mode=wavefront slot_span=326 edges=338
HIST mode=wavefront slot_span=327 edges=333
HIST mode=wavefront slot_span=328 edges=377
HIST mode=wavefront slot_span=329 edges=338
HIST mode=wavefront slot_span=330 edges=333
HIST mode=wavefront slot_span=331 edges=377
HIST mode=wavefront slot_span=332 edges=338
HIST mode=wavefront slot_span=333 edges=333
HIST mode=wavefront slot_span=334 edges=377
HIST mode=wavefront slot_span=335 edges=338
HIST mode=wavefront slot_span=336 edges=333
HIST mode=wavefront slot_span=337 edges=377
HIST mode=wavefront slot_span=338 edges=338
HIST mode=wavefront slot_span=339 edges=333
HIST mode=wavefront slot_span=340 edges=377
HIST mode=wavefront slot_span=341 edges=338
HIST mode=wavefront slot_span=342 edges=333
HIST mode=wavefront slot_span=343 edges=377
HIST mode=wavefront slot_span=344 edges=338
HIST mode=wavefront slot_span=345 edges=333
HIST mode=wavefront slot_span=346 edges=377
HIST mode=wavefront slot_span=347 edges=338
HIST mode=wavefront slot_span=348 edges=333
HIST mode=wavefront slot_span=349 edges=377
HIST mode=wavefront slot_span=350 edges=338
HIST mode=wavefront slot_span=351 edges=333
HIST mode=wavefront slot_span=352 edges=377
HIST mode=wavefront slot_span=353 edges=338
HIST mode=wavefront slot_span=354 edges=333
HIST mode=wavefront slot_span=355 edges=377
HIST mode=wavefront slot_span=356 edges=338
HIST mode=wavefront slot_span=357 edges=333
HIST mode=wavefront slot_span=358 edges=377
HIST mode=wavefront slot_span=359 edges=338
HIST mode=wavefront slot_span=360 edges=333
HIST mode=wavefront slot_span=361 edges=377
HIST mode=wavefront slot_span=362 edges=338
HIST mode=wavefront slot_span=363 edges=333
HIST mode=wavefront slot_span=364 edges=377
HIST mode=wavefront slot_span=365 edges=338
HIST mode=wavefront slot_span=366 edges=333
HIST mode=wavefront slot_span=367 edges=377
HIST mode=wavefront slot_span=368 edges=338
HIST mode=wavefront slot_span=369 edges=333
HIST mode=wavefront slot_span=370 edges=377
HIST mode=wavefront slot_span=371 edges=338
HIST mode=wavefront slot_span=372 edges=333
HIST mode=wavefront slot_span=373 edges=377
HIST mode=wavefront slot_span=374 edges=338
HIST mode=wavefront slot_span=375 edges=333
HIST mode=wavefront slot_span=376 edges=377
HIST mode=wavefront slot_span=377 edges=338
HIST mode=wavefront slot_span=378 edges=332
HIST mode=wavefront slot_span=379 edges=377
HIST mode=wavefront slot_span=380 edges=335
HIST mode=wavefront slot_span=381 edges=330
HIST mode=wavefront slot_span=382 edges=375
HIST mode=wavefront slot_span=383 edges=334
HIST mode=wavefront slot_span=384 edges=327
HIST mode=wavefront slot_span=385 edges=366
HIST mode=wavefront slot_span=386 edges=329
HIST mode=wavefront slot_span=387 edges=299
HIST mode=wavefront slot_span=388 edges=334
HIST mode=wavefront slot_span=389 edges=305
HIST mode=wavefront slot_span=390 edges=282
HIST mode=wavefront slot_span=391 edges=297
HIST mode=wavefront slot_span=392 edges=273
HIST mode=wavefront slot_span=393 edges=264
HIST mode=wavefront slot_span=394 edges=280
HIST mode=wavefront slot_span=395 edges=242
HIST mode=wavefront slot_span=396 edges=220
HIST mode=wavefront slot_span=397 edges=247
HIST mode=wavefront slot_span=398 edges=222
HIST mode=wavefront slot_span=399 edges=189
HIST mode=wavefront slot_span=400 edges=200
HIST mode=wavefront slot_span=401 edges=189
HIST mode=wavefront slot_span=402 edges=172
HIST mode=wavefront slot_span=403 edges=169
HIST mode=wavefront slot_span=404 edges=142
HIST mode=wavefront slot_span=405 edges=139
HIST mode=wavefront slot_span=406 edges=152
HIST mode=wavefront slot_span=407 edges=111
HIST mode=wavefront slot_span=408 edges=92
HIST mode=wavefront slot_span=409 edges=121
HIST mode=wavefront slot_span=410 edges=93
HIST mode=wavefront slot_span=411 edges=62
HIST mode=wavefront slot_span=412 edges=76
HIST mode=wavefront slot_span=413 edges=61
HIST mode=wavefront slot_span=414 edges=46
HIST mode=wavefront slot_span=415 edges=45
HIST mode=wavefront slot_span=416 edges=16
HIST mode=wavefront slot_span=417 edges=16
HIST mode=wavefront slot_span=418 edges=30
HIST mode=wavefront slot_span=419 edges=16
HIST mode=wavefront slot_span=421 edges=15
HIST mode=wavefront slot_span=422 edges=15
SPAN mode=affine_balanced_100 seq=128 workers=16 resident_limit=256 tasks=2104 edges=135774 same_worker_edges=13904 producer_tasks=2100 fence_free_producers=585 cross_worker_fraction=0.897595 same_worker_fraction=0.102405 used_workers=16 max_queue=142 queue_cap=142 min=-116 p50=63 p95=120 max=141 forward_worker_span=14 slot_span_below_limit=1 resident_grid_safe=1 queue_cycle=0 overresident_proven=0
HIST mode=affine_balanced_100 slot_span=-116 edges=1
HIST mode=affine_balanced_100 slot_span=-115 edges=4
HIST mode=affine_balanced_100 slot_span=-114 edges=5
HIST mode=affine_balanced_100 slot_span=-113 edges=5
HIST mode=affine_balanced_100 slot_span=-112 edges=6
HIST mode=affine_balanced_100 slot_span=-111 edges=8
HIST mode=affine_balanced_100 slot_span=-110 edges=10
HIST mode=affine_balanced_100 slot_span=-109 edges=11
HIST mode=affine_balanced_100 slot_span=-108 edges=12
HIST mode=affine_balanced_100 slot_span=-107 edges=14
HIST mode=affine_balanced_100 slot_span=-106 edges=16
HIST mode=affine_balanced_100 slot_span=-105 edges=17
HIST mode=affine_balanced_100 slot_span=-104 edges=18
HIST mode=affine_balanced_100 slot_span=-103 edges=20
HIST mode=affine_balanced_100 slot_span=-102 edges=23
HIST mode=affine_balanced_100 slot_span=-101 edges=22
HIST mode=affine_balanced_100 slot_span=-100 edges=23
HIST mode=affine_balanced_100 slot_span=-99 edges=27
HIST mode=affine_balanced_100 slot_span=-98 edges=27
HIST mode=affine_balanced_100 slot_span=-97 edges=28
HIST mode=affine_balanced_100 slot_span=-96 edges=31
HIST mode=affine_balanced_100 slot_span=-95 edges=31
HIST mode=affine_balanced_100 slot_span=-94 edges=33
HIST mode=affine_balanced_100 slot_span=-93 edges=36
HIST mode=affine_balanced_100 slot_span=-92 edges=35
HIST mode=affine_balanced_100 slot_span=-91 edges=37
HIST mode=affine_balanced_100 slot_span=-90 edges=41
HIST mode=affine_balanced_100 slot_span=-89 edges=40
HIST mode=affine_balanced_100 slot_span=-88 edges=41
HIST mode=affine_balanced_100 slot_span=-87 edges=45
HIST mode=affine_balanced_100 slot_span=-86 edges=45
HIST mode=affine_balanced_100 slot_span=-85 edges=46
HIST mode=affine_balanced_100 slot_span=-84 edges=49
HIST mode=affine_balanced_100 slot_span=-83 edges=50
HIST mode=affine_balanced_100 slot_span=-82 edges=52
HIST mode=affine_balanced_100 slot_span=-81 edges=57
HIST mode=affine_balanced_100 slot_span=-80 edges=58
HIST mode=affine_balanced_100 slot_span=-79 edges=60
HIST mode=affine_balanced_100 slot_span=-78 edges=68
HIST mode=affine_balanced_100 slot_span=-77 edges=66
HIST mode=affine_balanced_100 slot_span=-76 edges=68
HIST mode=affine_balanced_100 slot_span=-75 edges=72
HIST mode=affine_balanced_100 slot_span=-74 edges=74
HIST mode=affine_balanced_100 slot_span=-73 edges=78
HIST mode=affine_balanced_100 slot_span=-72 edges=80
HIST mode=affine_balanced_100 slot_span=-71 edges=82
HIST mode=affine_balanced_100 slot_span=-70 edges=84
HIST mode=affine_balanced_100 slot_span=-69 edges=88
HIST mode=affine_balanced_100 slot_span=-68 edges=92
HIST mode=affine_balanced_100 slot_span=-67 edges=92
HIST mode=affine_balanced_100 slot_span=-66 edges=96
HIST mode=affine_balanced_100 slot_span=-65 edges=98
HIST mode=affine_balanced_100 slot_span=-64 edges=100
HIST mode=affine_balanced_100 slot_span=-63 edges=106
HIST mode=affine_balanced_100 slot_span=-62 edges=106
HIST mode=affine_balanced_100 slot_span=-61 edges=108
HIST mode=affine_balanced_100 slot_span=-60 edges=112
HIST mode=affine_balanced_100 slot_span=-59 edges=114
HIST mode=affine_balanced_100 slot_span=-58 edges=118
HIST mode=affine_balanced_100 slot_span=-57 edges=120
HIST mode=affine_balanced_100 slot_span=-56 edges=122
HIST mode=affine_balanced_100 slot_span=-55 edges=124
HIST mode=affine_balanced_100 slot_span=-54 edges=128
HIST mode=affine_balanced_100 slot_span=-53 edges=132
HIST mode=affine_balanced_100 slot_span=-52 edges=132
HIST mode=affine_balanced_100 slot_span=-51 edges=136
HIST mode=affine_balanced_100 slot_span=-50 edges=138
HIST mode=affine_balanced_100 slot_span=-49 edges=140
HIST mode=affine_balanced_100 slot_span=-48 edges=146
HIST mode=affine_balanced_100 slot_span=-47 edges=146
HIST mode=affine_balanced_100 slot_span=-46 edges=148
HIST mode=affine_balanced_100 slot_span=-45 edges=152
HIST mode=affine_balanced_100 slot_span=-44 edges=154
HIST mode=affine_balanced_100 slot_span=-43 edges=158
HIST mode=affine_balanced_100 slot_span=-42 edges=160
HIST mode=affine_balanced_100 slot_span=-41 edges=161
HIST mode=affine_balanced_100 slot_span=-40 edges=164
HIST mode=affine_balanced_100 slot_span=-39 edges=168
HIST mode=affine_balanced_100 slot_span=-38 edges=170
HIST mode=affine_balanced_100 slot_span=-37 edges=171
HIST mode=affine_balanced_100 slot_span=-36 edges=177
HIST mode=affine_balanced_100 slot_span=-35 edges=177
HIST mode=affine_balanced_100 slot_span=-34 edges=181
HIST mode=affine_balanced_100 slot_span=-33 edges=192
HIST mode=affine_balanced_100 slot_span=-32 edges=195
HIST mode=affine_balanced_100 slot_span=-31 edges=195
HIST mode=affine_balanced_100 slot_span=-30 edges=201
HIST mode=affine_balanced_100 slot_span=-29 edges=203
HIST mode=affine_balanced_100 slot_span=-28 edges=206
HIST mode=affine_balanced_100 slot_span=-27 edges=210
HIST mode=affine_balanced_100 slot_span=-26 edges=210
HIST mode=affine_balanced_100 slot_span=-25 edges=211
HIST mode=affine_balanced_100 slot_span=-24 edges=218
HIST mode=affine_balanced_100 slot_span=-23 edges=221
HIST mode=affine_balanced_100 slot_span=-22 edges=218
HIST mode=affine_balanced_100 slot_span=-21 edges=229
HIST mode=affine_balanced_100 slot_span=-20 edges=237
HIST mode=affine_balanced_100 slot_span=-19 edges=237
HIST mode=affine_balanced_100 slot_span=-18 edges=244
HIST mode=affine_balanced_100 slot_span=-17 edges=245
HIST mode=affine_balanced_100 slot_span=-16 edges=246
HIST mode=affine_balanced_100 slot_span=-15 edges=251
HIST mode=affine_balanced_100 slot_span=-14 edges=252
HIST mode=affine_balanced_100 slot_span=-13 edges=255
HIST mode=affine_balanced_100 slot_span=-12 edges=259
HIST mode=affine_balanced_100 slot_span=-11 edges=258
HIST mode=affine_balanced_100 slot_span=-10 edges=252
HIST mode=affine_balanced_100 slot_span=-9 edges=257
HIST mode=affine_balanced_100 slot_span=-8 edges=260
HIST mode=affine_balanced_100 slot_span=-7 edges=259
HIST mode=affine_balanced_100 slot_span=-6 edges=262
HIST mode=affine_balanced_100 slot_span=-5 edges=266
HIST mode=affine_balanced_100 slot_span=-4 edges=271
HIST mode=affine_balanced_100 slot_span=-3 edges=273
HIST mode=affine_balanced_100 slot_span=-2 edges=276
HIST mode=affine_balanced_100 slot_span=-1 edges=411
HIST mode=affine_balanced_100 slot_span=0 edges=352
HIST mode=affine_balanced_100 slot_span=1 edges=944
HIST mode=affine_balanced_100 slot_span=2 edges=364
HIST mode=affine_balanced_100 slot_span=3 edges=410
HIST mode=affine_balanced_100 slot_span=4 edges=373
HIST mode=affine_balanced_100 slot_span=5 edges=450
HIST mode=affine_balanced_100 slot_span=6 edges=411
HIST mode=affine_balanced_100 slot_span=7 edges=500
HIST mode=affine_balanced_100 slot_span=8 edges=466
HIST mode=affine_balanced_100 slot_span=9 edges=539
HIST mode=affine_balanced_100 slot_span=10 edges=504
HIST mode=affine_balanced_100 slot_span=11 edges=590
HIST mode=affine_balanced_100 slot_span=12 edges=547
HIST mode=affine_balanced_100 slot_span=13 edges=625
HIST mode=affine_balanced_100 slot_span=14 edges=590
HIST mode=affine_balanced_100 slot_span=15 edges=670
HIST mode=affine_balanced_100 slot_span=16 edges=641
HIST mode=affine_balanced_100 slot_span=17 edges=705
HIST mode=affine_balanced_100 slot_span=18 edges=666
HIST mode=affine_balanced_100 slot_span=19 edges=755
HIST mode=affine_balanced_100 slot_span=20 edges=717
HIST mode=affine_balanced_100 slot_span=21 edges=782
HIST mode=affine_balanced_100 slot_span=22 edges=758
HIST mode=affine_balanced_100 slot_span=23 edges=826
HIST mode=affine_balanced_100 slot_span=24 edges=792
HIST mode=affine_balanced_100 slot_span=25 edges=874
HIST mode=affine_balanced_100 slot_span=26 edges=815
HIST mode=affine_balanced_100 slot_span=27 edges=878
HIST mode=affine_balanced_100 slot_span=28 edges=831
HIST mode=affine_balanced_100 slot_span=29 edges=874
HIST mode=affine_balanced_100 slot_span=30 edges=814
HIST mode=affine_balanced_100 slot_span=31 edges=881
HIST mode=affine_balanced_100 slot_span=32 edges=819
HIST mode=affine_balanced_100 slot_span=33 edges=866
HIST mode=affine_balanced_100 slot_span=34 edges=819
HIST mode=affine_balanced_100 slot_span=35 edges=858
HIST mode=affine_balanced_100 slot_span=36 edges=834
HIST mode=affine_balanced_100 slot_span=37 edges=891
HIST mode=affine_balanced_100 slot_span=38 edges=853
HIST mode=affine_balanced_100 slot_span=39 edges=911
HIST mode=affine_balanced_100 slot_span=40 edges=903
HIST mode=affine_balanced_100 slot_span=41 edges=948
HIST mode=affine_balanced_100 slot_span=42 edges=921
HIST mode=affine_balanced_100 slot_span=43 edges=981
HIST mode=affine_balanced_100 slot_span=44 edges=968
HIST mode=affine_balanced_100 slot_span=45 edges=1008
HIST mode=affine_balanced_100 slot_span=46 edges=991
HIST mode=affine_balanced_100 slot_span=47 edges=1047
HIST mode=affine_balanced_100 slot_span=48 edges=1025
HIST mode=affine_balanced_100 slot_span=49 edges=1084
HIST mode=affine_balanced_100 slot_span=50 edges=1053
HIST mode=affine_balanced_100 slot_span=51 edges=1113
HIST mode=affine_balanced_100 slot_span=52 edges=1090
HIST mode=affine_balanced_100 slot_span=53 edges=1145
HIST mode=affine_balanced_100 slot_span=54 edges=1111
HIST mode=affine_balanced_100 slot_span=55 edges=1179
HIST mode=affine_balanced_100 slot_span=56 edges=1154
HIST mode=affine_balanced_100 slot_span=57 edges=1205
HIST mode=affine_balanced_100 slot_span=58 edges=1176
HIST mode=affine_balanced_100 slot_span=59 edges=1241
HIST mode=affine_balanced_100 slot_span=60 edges=1193
HIST mode=affine_balanced_100 slot_span=61 edges=1238
HIST mode=affine_balanced_100 slot_span=62 edges=1191
HIST mode=affine_balanced_100 slot_span=63 edges=1235
HIST mode=affine_balanced_100 slot_span=64 edges=1196
HIST mode=affine_balanced_100 slot_span=65 edges=1230
HIST mode=affine_balanced_100 slot_span=66 edges=1178
HIST mode=affine_balanced_100 slot_span=67 edges=1231
HIST mode=affine_balanced_100 slot_span=68 edges=1178
HIST mode=affine_balanced_100 slot_span=69 edges=1220
HIST mode=affine_balanced_100 slot_span=70 edges=1171
HIST mode=affine_balanced_100 slot_span=71 edges=1220
HIST mode=affine_balanced_100 slot_span=72 edges=1165
HIST mode=affine_balanced_100 slot_span=73 edges=1218
HIST mode=affine_balanced_100 slot_span=74 edges=1155
HIST mode=affine_balanced_100 slot_span=75 edges=1208
HIST mode=affine_balanced_100 slot_span=76 edges=1156
HIST mode=affine_balanced_100 slot_span=77 edges=1191
HIST mode=affine_balanced_100 slot_span=78 edges=1135
HIST mode=affine_balanced_100 slot_span=79 edges=1191
HIST mode=affine_balanced_100 slot_span=80 edges=1127
HIST mode=affine_balanced_100 slot_span=81 edges=1168
HIST mode=affine_balanced_100 slot_span=82 edges=1111
HIST mode=affine_balanced_100 slot_span=83 edges=1105
HIST mode=affine_balanced_100 slot_span=84 edges=1100
HIST mode=affine_balanced_100 slot_span=85 edges=1090
HIST mode=affine_balanced_100 slot_span=86 edges=1079
HIST mode=affine_balanced_100 slot_span=87 edges=1089
HIST mode=affine_balanced_100 slot_span=88 edges=1087
HIST mode=affine_balanced_100 slot_span=89 edges=1074
HIST mode=affine_balanced_100 slot_span=90 edges=1076
HIST mode=affine_balanced_100 slot_span=91 edges=1077
HIST mode=affine_balanced_100 slot_span=92 edges=1070
HIST mode=affine_balanced_100 slot_span=93 edges=1071
HIST mode=affine_balanced_100 slot_span=94 edges=1065
HIST mode=affine_balanced_100 slot_span=95 edges=1060
HIST mode=affine_balanced_100 slot_span=96 edges=1068
HIST mode=affine_balanced_100 slot_span=97 edges=1060
HIST mode=affine_balanced_100 slot_span=98 edges=1048
HIST mode=affine_balanced_100 slot_span=99 edges=1058
HIST mode=affine_balanced_100 slot_span=100 edges=1057
HIST mode=affine_balanced_100 slot_span=101 edges=1049
HIST mode=affine_balanced_100 slot_span=102 edges=1054
HIST mode=affine_balanced_100 slot_span=103 edges=1053
HIST mode=affine_balanced_100 slot_span=104 edges=1046
HIST mode=affine_balanced_100 slot_span=105 edges=1039
HIST mode=affine_balanced_100 slot_span=106 edges=1019
HIST mode=affine_balanced_100 slot_span=107 edges=1005
HIST mode=affine_balanced_100 slot_span=108 edges=998
HIST mode=affine_balanced_100 slot_span=109 edges=975
HIST mode=affine_balanced_100 slot_span=110 edges=955
HIST mode=affine_balanced_100 slot_span=111 edges=944
HIST mode=affine_balanced_100 slot_span=112 edges=926
HIST mode=affine_balanced_100 slot_span=113 edges=903
HIST mode=affine_balanced_100 slot_span=114 edges=887
HIST mode=affine_balanced_100 slot_span=115 edges=873
HIST mode=affine_balanced_100 slot_span=116 edges=851
HIST mode=affine_balanced_100 slot_span=117 edges=829
HIST mode=affine_balanced_100 slot_span=118 edges=798
HIST mode=affine_balanced_100 slot_span=119 edges=767
HIST mode=affine_balanced_100 slot_span=120 edges=723
HIST mode=affine_balanced_100 slot_span=121 edges=674
HIST mode=affine_balanced_100 slot_span=122 edges=636
HIST mode=affine_balanced_100 slot_span=123 edges=596
HIST mode=affine_balanced_100 slot_span=124 edges=553
HIST mode=affine_balanced_100 slot_span=125 edges=509
HIST mode=affine_balanced_100 slot_span=126 edges=462
HIST mode=affine_balanced_100 slot_span=127 edges=425
HIST mode=affine_balanced_100 slot_span=128 edges=389
HIST mode=affine_balanced_100 slot_span=129 edges=346
HIST mode=affine_balanced_100 slot_span=130 edges=317
HIST mode=affine_balanced_100 slot_span=131 edges=300
HIST mode=affine_balanced_100 slot_span=132 edges=270
HIST mode=affine_balanced_100 slot_span=133 edges=239
HIST mode=affine_balanced_100 slot_span=134 edges=218
HIST mode=affine_balanced_100 slot_span=135 edges=191
HIST mode=affine_balanced_100 slot_span=136 edges=163
HIST mode=affine_balanced_100 slot_span=137 edges=142
HIST mode=affine_balanced_100 slot_span=138 edges=112
HIST mode=affine_balanced_100 slot_span=139 edges=85
HIST mode=affine_balanced_100 slot_span=140 edges=68
HIST mode=affine_balanced_100 slot_span=141 edges=36
SPAN mode=affine_balanced_110 seq=128 workers=16 resident_limit=256 tasks=2104 edges=135774 same_worker_edges=13592 producer_tasks=2100 fence_free_producers=600 cross_worker_fraction=0.899892 same_worker_fraction=0.100108 used_workers=16 max_queue=156 queue_cap=156 min=-131 p50=59 p95=134 max=155 forward_worker_span=14 slot_span_below_limit=1 resident_grid_safe=1 queue_cycle=0 overresident_proven=0
HIST mode=affine_balanced_110 slot_span=-131 edges=4
HIST mode=affine_balanced_110 slot_span=-130 edges=4
HIST mode=affine_balanced_110 slot_span=-129 edges=5
HIST mode=affine_balanced_110 slot_span=-128 edges=8
HIST mode=affine_balanced_110 slot_span=-127 edges=9
HIST mode=affine_balanced_110 slot_span=-126 edges=12
HIST mode=affine_balanced_110 slot_span=-125 edges=14
HIST mode=affine_balanced_110 slot_span=-124 edges=14
HIST mode=affine_balanced_110 slot_span=-123 edges=17
HIST mode=affine_balanced_110 slot_span=-122 edges=22
HIST mode=affine_balanced_110 slot_span=-121 edges=21
HIST mode=affine_balanced_110 slot_span=-120 edges=21
HIST mode=affine_balanced_110 slot_span=-119 edges=26
HIST mode=affine_balanced_110 slot_span=-118 edges=29
HIST mode=affine_balanced_110 slot_span=-117 edges=28
HIST mode=affine_balanced_110 slot_span=-116 edges=30
HIST mode=affine_balanced_110 slot_span=-115 edges=32
HIST mode=affine_balanced_110 slot_span=-114 edges=36
HIST mode=affine_balanced_110 slot_span=-113 edges=36
HIST mode=affine_balanced_110 slot_span=-112 edges=36
HIST mode=affine_balanced_110 slot_span=-111 edges=40
HIST mode=affine_balanced_110 slot_span=-110 edges=44
HIST mode=affine_balanced_110 slot_span=-109 edges=43
HIST mode=affine_balanced_110 slot_span=-108 edges=44
HIST mode=affine_balanced_110 slot_span=-107 edges=47
HIST mode=affine_balanced_110 slot_span=-106 edges=52
HIST mode=affine_balanced_110 slot_span=-105 edges=51
HIST mode=affine_balanced_110 slot_span=-104 edges=51
HIST mode=affine_balanced_110 slot_span=-103 edges=55
HIST mode=affine_balanced_110 slot_span=-102 edges=61
HIST mode=affine_balanced_110 slot_span=-101 edges=59
HIST mode=affine_balanced_110 slot_span=-100 edges=56
HIST mode=affine_balanced_110 slot_span=-99 edges=63
HIST mode=affine_balanced_110 slot_span=-98 edges=70
HIST mode=affine_balanced_110 slot_span=-97 edges=67
HIST mode=affine_balanced_110 slot_span=-96 edges=64
HIST mode=affine_balanced_110 slot_span=-95 edges=71
HIST mode=affine_balanced_110 slot_span=-94 edges=78
HIST mode=affine_balanced_110 slot_span=-93 edges=75
HIST mode=affine_balanced_110 slot_span=-92 edges=72
HIST mode=affine_balanced_110 slot_span=-91 edges=79
HIST mode=affine_balanced_110 slot_span=-90 edges=86
HIST mode=affine_balanced_110 slot_span=-89 edges=83
HIST mode=affine_balanced_110 slot_span=-88 edges=80
HIST mode=affine_balanced_110 slot_span=-87 edges=87
HIST mode=affine_balanced_110 slot_span=-86 edges=94
HIST mode=affine_balanced_110 slot_span=-85 edges=90
HIST mode=affine_balanced_110 slot_span=-84 edges=88
HIST mode=affine_balanced_110 slot_span=-83 edges=95
HIST mode=affine_balanced_110 slot_span=-82 edges=103
HIST mode=affine_balanced_110 slot_span=-81 edges=98
HIST mode=affine_balanced_110 slot_span=-80 edges=95
HIST mode=affine_balanced_110 slot_span=-79 edges=104
HIST mode=affine_balanced_110 slot_span=-78 edges=112
HIST mode=affine_balanced_110 slot_span=-77 edges=106
HIST mode=affine_balanced_110 slot_span=-76 edges=101
HIST mode=affine_balanced_110 slot_span=-75 edges=112
HIST mode=affine_balanced_110 slot_span=-74 edges=121
HIST mode=affine_balanced_110 slot_span=-73 edges=113
HIST mode=affine_balanced_110 slot_span=-72 edges=108
HIST mode=affine_balanced_110 slot_span=-71 edges=119
HIST mode=affine_balanced_110 slot_span=-70 edges=129
HIST mode=affine_balanced_110 slot_span=-69 edges=122
HIST mode=affine_balanced_110 slot_span=-68 edges=119
HIST mode=affine_balanced_110 slot_span=-67 edges=129
HIST mode=affine_balanced_110 slot_span=-66 edges=140
HIST mode=affine_balanced_110 slot_span=-65 edges=132
HIST mode=affine_balanced_110 slot_span=-64 edges=127
HIST mode=affine_balanced_110 slot_span=-63 edges=139
HIST mode=affine_balanced_110 slot_span=-62 edges=151
HIST mode=affine_balanced_110 slot_span=-61 edges=137
HIST mode=affine_balanced_110 slot_span=-60 edges=138
HIST mode=affine_balanced_110 slot_span=-59 edges=150
HIST mode=affine_balanced_110 slot_span=-58 edges=158
HIST mode=affine_balanced_110 slot_span=-57 edges=148
HIST mode=affine_balanced_110 slot_span=-56 edges=147
HIST mode=affine_balanced_110 slot_span=-55 edges=159
HIST mode=affine_balanced_110 slot_span=-54 edges=167
HIST mode=affine_balanced_110 slot_span=-53 edges=158
HIST mode=affine_balanced_110 slot_span=-52 edges=157
HIST mode=affine_balanced_110 slot_span=-51 edges=167
HIST mode=affine_balanced_110 slot_span=-50 edges=178
HIST mode=affine_balanced_110 slot_span=-49 edges=166
HIST mode=affine_balanced_110 slot_span=-48 edges=167
HIST mode=affine_balanced_110 slot_span=-47 edges=178
HIST mode=affine_balanced_110 slot_span=-46 edges=184
HIST mode=affine_balanced_110 slot_span=-45 edges=177
HIST mode=affine_balanced_110 slot_span=-44 edges=177
HIST mode=affine_balanced_110 slot_span=-43 edges=185
HIST mode=affine_balanced_110 slot_span=-42 edges=194
HIST mode=affine_balanced_110 slot_span=-41 edges=187
HIST mode=affine_balanced_110 slot_span=-40 edges=187
HIST mode=affine_balanced_110 slot_span=-39 edges=195
HIST mode=affine_balanced_110 slot_span=-38 edges=206
HIST mode=affine_balanced_110 slot_span=-37 edges=197
HIST mode=affine_balanced_110 slot_span=-36 edges=199
HIST mode=affine_balanced_110 slot_span=-35 edges=209
HIST mode=affine_balanced_110 slot_span=-34 edges=217
HIST mode=affine_balanced_110 slot_span=-33 edges=206
HIST mode=affine_balanced_110 slot_span=-32 edges=208
HIST mode=affine_balanced_110 slot_span=-31 edges=217
HIST mode=affine_balanced_110 slot_span=-30 edges=223
HIST mode=affine_balanced_110 slot_span=-29 edges=215
HIST mode=affine_balanced_110 slot_span=-28 edges=211
HIST mode=affine_balanced_110 slot_span=-27 edges=220
HIST mode=affine_balanced_110 slot_span=-26 edges=228
HIST mode=affine_balanced_110 slot_span=-25 edges=219
HIST mode=affine_balanced_110 slot_span=-24 edges=215
HIST mode=affine_balanced_110 slot_span=-23 edges=229
HIST mode=affine_balanced_110 slot_span=-22 edges=234
HIST mode=affine_balanced_110 slot_span=-21 edges=224
HIST mode=affine_balanced_110 slot_span=-20 edges=224
HIST mode=affine_balanced_110 slot_span=-19 edges=235
HIST mode=affine_balanced_110 slot_span=-18 edges=242
HIST mode=affine_balanced_110 slot_span=-17 edges=234
HIST mode=affine_balanced_110 slot_span=-16 edges=233
HIST mode=affine_balanced_110 slot_span=-15 edges=242
HIST mode=affine_balanced_110 slot_span=-14 edges=252
HIST mode=affine_balanced_110 slot_span=-13 edges=240
HIST mode=affine_balanced_110 slot_span=-12 edges=239
HIST mode=affine_balanced_110 slot_span=-11 edges=251
HIST mode=affine_balanced_110 slot_span=-10 edges=259
HIST mode=affine_balanced_110 slot_span=-9 edges=249
HIST mode=affine_balanced_110 slot_span=-8 edges=250
HIST mode=affine_balanced_110 slot_span=-7 edges=266
HIST mode=affine_balanced_110 slot_span=-6 edges=272
HIST mode=affine_balanced_110 slot_span=-5 edges=261
HIST mode=affine_balanced_110 slot_span=-4 edges=264
HIST mode=affine_balanced_110 slot_span=-3 edges=275
HIST mode=affine_balanced_110 slot_span=-2 edges=288
HIST mode=affine_balanced_110 slot_span=-1 edges=413
HIST mode=affine_balanced_110 slot_span=0 edges=395
HIST mode=affine_balanced_110 slot_span=1 edges=983
HIST mode=affine_balanced_110 slot_span=2 edges=368
HIST mode=affine_balanced_110 slot_span=3 edges=388
HIST mode=affine_balanced_110 slot_span=4 edges=404
HIST mode=affine_balanced_110 slot_span=5 edges=472
HIST mode=affine_balanced_110 slot_span=6 edges=480
HIST mode=affine_balanced_110 slot_span=7 edges=508
HIST mode=affine_balanced_110 slot_span=8 edges=522
HIST mode=affine_balanced_110 slot_span=9 edges=577
HIST mode=affine_balanced_110 slot_span=10 edges=592
HIST mode=affine_balanced_110 slot_span=11 edges=632
HIST mode=affine_balanced_110 slot_span=12 edges=628
HIST mode=affine_balanced_110 slot_span=13 edges=703
HIST mode=affine_balanced_110 slot_span=14 edges=707
HIST mode=affine_balanced_110 slot_span=15 edges=731
HIST mode=affine_balanced_110 slot_span=16 edges=751
HIST mode=affine_balanced_110 slot_span=17 edges=807
HIST mode=affine_balanced_110 slot_span=18 edges=806
HIST mode=affine_balanced_110 slot_span=19 edges=849
HIST mode=affine_balanced_110 slot_span=20 edges=860
HIST mode=affine_balanced_110 slot_span=21 edges=901
HIST mode=affine_balanced_110 slot_span=22 edges=917
HIST mode=affine_balanced_110 slot_span=23 edges=945
HIST mode=affine_balanced_110 slot_span=24 edges=960
HIST mode=affine_balanced_110 slot_span=25 edges=978
HIST mode=affine_balanced_110 slot_span=26 edges=970
HIST mode=affine_balanced_110 slot_span=27 edges=955
HIST mode=affine_balanced_110 slot_span=28 edges=962
HIST mode=affine_balanced_110 slot_span=29 edges=970
HIST mode=affine_balanced_110 slot_span=30 edges=972
HIST mode=affine_balanced_110 slot_span=31 edges=950
HIST mode=affine_balanced_110 slot_span=32 edges=963
HIST mode=affine_balanced_110 slot_span=33 edges=958
HIST mode=affine_balanced_110 slot_span=34 edges=958
HIST mode=affine_balanced_110 slot_span=35 edges=960
HIST mode=affine_balanced_110 slot_span=36 edges=948
HIST mode=affine_balanced_110 slot_span=37 edges=960
HIST mode=affine_balanced_110 slot_span=38 edges=967
HIST mode=affine_balanced_110 slot_span=39 edges=943
HIST mode=affine_balanced_110 slot_span=40 edges=952
HIST mode=affine_balanced_110 slot_span=41 edges=969
HIST mode=affine_balanced_110 slot_span=42 edges=949
HIST mode=affine_balanced_110 slot_span=43 edges=941
HIST mode=affine_balanced_110 slot_span=44 edges=965
HIST mode=affine_balanced_110 slot_span=45 edges=950
HIST mode=affine_balanced_110 slot_span=46 edges=948
HIST mode=affine_balanced_110 slot_span=47 edges=945
HIST mode=affine_balanced_110 slot_span=48 edges=946
HIST mode=affine_balanced_110 slot_span=49 edges=961
HIST mode=affine_balanced_110 slot_span=50 edges=946
HIST mode=affine_balanced_110 slot_span=51 edges=934
HIST mode=affine_balanced_110 slot_span=52 edges=947
HIST mode=affine_balanced_110 slot_span=53 edges=952
HIST mode=affine_balanced_110 slot_span=54 edges=949
HIST mode=affine_balanced_110 slot_span=55 edges=937
HIST mode=affine_balanced_110 slot_span=56 edges=948
HIST mode=affine_balanced_110 slot_span=57 edges=937
HIST mode=affine_balanced_110 slot_span=58 edges=921
HIST mode=affine_balanced_110 slot_span=59 edges=932
HIST mode=affine_balanced_110 slot_span=60 edges=914
HIST mode=affine_balanced_110 slot_span=61 edges=907
HIST mode=affine_balanced_110 slot_span=62 edges=909
HIST mode=affine_balanced_110 slot_span=63 edges=900
HIST mode=affine_balanced_110 slot_span=64 edges=895
HIST mode=affine_balanced_110 slot_span=65 edges=919
HIST mode=affine_balanced_110 slot_span=66 edges=909
HIST mode=affine_balanced_110 slot_span=67 edges=894
HIST mode=affine_balanced_110 slot_span=68 edges=944
HIST mode=affine_balanced_110 slot_span=69 edges=908
HIST mode=affine_balanced_110 slot_span=70 edges=924
HIST mode=affine_balanced_110 slot_span=71 edges=925
HIST mode=affine_balanced_110 slot_span=72 edges=934
HIST mode=affine_balanced_110 slot_span=73 edges=928
HIST mode=affine_balanced_110 slot_span=74 edges=948
HIST mode=affine_balanced_110 slot_span=75 edges=921
HIST mode=affine_balanced_110 slot_span=76 edges=949
HIST mode=affine_balanced_110 slot_span=77 edges=936
HIST mode=affine_balanced_110 slot_span=78 edges=962
HIST mode=affine_balanced_110 slot_span=79 edges=926
HIST mode=affine_balanced_110 slot_span=80 edges=980
HIST mode=affine_balanced_110 slot_span=81 edges=949
HIST mode=affine_balanced_110 slot_span=82 edges=970
HIST mode=affine_balanced_110 slot_span=83 edges=979
HIST mode=affine_balanced_110 slot_span=84 edges=984
HIST mode=affine_balanced_110 slot_span=85 edges=979
HIST mode=affine_balanced_110 slot_span=86 edges=1013
HIST mode=affine_balanced_110 slot_span=87 edges=975
HIST mode=affine_balanced_110 slot_span=88 edges=988
HIST mode=affine_balanced_110 slot_span=89 edges=970
HIST mode=affine_balanced_110 slot_span=90 edges=963
HIST mode=affine_balanced_110 slot_span=91 edges=923
HIST mode=affine_balanced_110 slot_span=92 edges=943
HIST mode=affine_balanced_110 slot_span=93 edges=913
HIST mode=affine_balanced_110 slot_span=94 edges=895
HIST mode=affine_balanced_110 slot_span=95 edges=883
HIST mode=affine_balanced_110 slot_span=96 edges=864
HIST mode=affine_balanced_110 slot_span=97 edges=859
HIST mode=affine_balanced_110 slot_span=98 edges=847
HIST mode=affine_balanced_110 slot_span=99 edges=826
HIST mode=affine_balanced_110 slot_span=100 edges=814
HIST mode=affine_balanced_110 slot_span=101 edges=815
HIST mode=affine_balanced_110 slot_span=102 edges=802
HIST mode=affine_balanced_110 slot_span=103 edges=774
HIST mode=affine_balanced_110 slot_span=104 edges=774
HIST mode=affine_balanced_110 slot_span=105 edges=761
HIST mode=affine_balanced_110 slot_span=106 edges=736
HIST mode=affine_balanced_110 slot_span=107 edges=745
HIST mode=affine_balanced_110 slot_span=108 edges=720
HIST mode=affine_balanced_110 slot_span=109 edges=701
HIST mode=affine_balanced_110 slot_span=110 edges=712
HIST mode=affine_balanced_110 slot_span=111 edges=682
HIST mode=affine_balanced_110 slot_span=112 edges=671
HIST mode=affine_balanced_110 slot_span=113 edges=678
HIST mode=affine_balanced_110 slot_span=114 edges=663
HIST mode=affine_balanced_110 slot_span=115 edges=655
HIST mode=affine_balanced_110 slot_span=116 edges=673
HIST mode=affine_balanced_110 slot_span=117 edges=662
HIST mode=affine_balanced_110 slot_span=118 edges=659
HIST mode=affine_balanced_110 slot_span=119 edges=656
HIST mode=affine_balanced_110 slot_span=120 edges=656
HIST mode=affine_balanced_110 slot_span=121 edges=659
HIST mode=affine_balanced_110 slot_span=122 edges=650
HIST mode=affine_balanced_110 slot_span=123 edges=647
HIST mode=affine_balanced_110 slot_span=124 edges=644
HIST mode=affine_balanced_110 slot_span=125 edges=658
HIST mode=affine_balanced_110 slot_span=126 edges=643
HIST mode=affine_balanced_110 slot_span=127 edges=636
HIST mode=affine_balanced_110 slot_span=128 edges=653
HIST mode=affine_balanced_110 slot_span=129 edges=642
HIST mode=affine_balanced_110 slot_span=130 edges=634
HIST mode=affine_balanced_110 slot_span=131 edges=648
HIST mode=affine_balanced_110 slot_span=132 edges=650
HIST mode=affine_balanced_110 slot_span=133 edges=629
HIST mode=affine_balanced_110 slot_span=134 edges=613
HIST mode=affine_balanced_110 slot_span=135 edges=582
HIST mode=affine_balanced_110 slot_span=136 edges=551
HIST mode=affine_balanced_110 slot_span=137 edges=532
HIST mode=affine_balanced_110 slot_span=138 edges=501
HIST mode=affine_balanced_110 slot_span=139 edges=469
HIST mode=affine_balanced_110 slot_span=140 edges=454
HIST mode=affine_balanced_110 slot_span=141 edges=421
HIST mode=affine_balanced_110 slot_span=142 edges=398
HIST mode=affine_balanced_110 slot_span=143 edges=371
HIST mode=affine_balanced_110 slot_span=144 edges=342
HIST mode=affine_balanced_110 slot_span=145 edges=317
HIST mode=affine_balanced_110 slot_span=146 edges=293
HIST mode=affine_balanced_110 slot_span=147 edges=263
HIST mode=affine_balanced_110 slot_span=148 edges=228
HIST mode=affine_balanced_110 slot_span=149 edges=213
HIST mode=affine_balanced_110 slot_span=150 edges=185
HIST mode=affine_balanced_110 slot_span=151 edges=152
HIST mode=affine_balanced_110 slot_span=152 edges=136
HIST mode=affine_balanced_110 slot_span=153 edges=105
HIST mode=affine_balanced_110 slot_span=154 edges=68
HIST mode=affine_balanced_110 slot_span=155 edges=38
SPAN mode=affine_balanced_120 seq=128 workers=16 resident_limit=256 tasks=2104 edges=135774 same_worker_edges=13383 producer_tasks=2100 fence_free_producers=552 cross_worker_fraction=0.901432 same_worker_fraction=0.0985682 used_workers=16 max_queue=170 queue_cap=170 min=-146 p50=62 p95=148 max=169 forward_worker_span=14 slot_span_below_limit=1 resident_grid_safe=1 queue_cycle=0 overresident_proven=0
HIST mode=affine_balanced_120 slot_span=-146 edges=2
HIST mode=affine_balanced_120 slot_span=-145 edges=2
HIST mode=affine_balanced_120 slot_span=-144 edges=5
HIST mode=affine_balanced_120 slot_span=-143 edges=7
HIST mode=affine_balanced_120 slot_span=-142 edges=9
HIST mode=affine_balanced_120 slot_span=-141 edges=9
HIST mode=affine_balanced_120 slot_span=-140 edges=12
HIST mode=affine_balanced_120 slot_span=-139 edges=14
HIST mode=affine_balanced_120 slot_span=-138 edges=16
HIST mode=affine_balanced_120 slot_span=-137 edges=16
HIST mode=affine_balanced_120 slot_span=-136 edges=19
HIST mode=affine_balanced_120 slot_span=-135 edges=21
HIST mode=affine_balanced_120 slot_span=-134 edges=24
HIST mode=affine_balanced_120 slot_span=-133 edges=23
HIST mode=affine_balanced_120 slot_span=-132 edges=27
HIST mode=affine_balanced_120 slot_span=-131 edges=29
HIST mode=affine_balanced_120 slot_span=-130 edges=30
HIST mode=affine_balanced_120 slot_span=-129 edges=31
HIST mode=affine_balanced_120 slot_span=-128 edges=34
HIST mode=affine_balanced_120 slot_span=-127 edges=35
HIST mode=affine_balanced_120 slot_span=-126 edges=38
HIST mode=affine_balanced_120 slot_span=-125 edges=39
HIST mode=affine_balanced_120 slot_span=-124 edges=41
HIST mode=affine_balanced_120 slot_span=-123 edges=43
HIST mode=affine_balanced_120 slot_span=-122 edges=46
HIST mode=affine_balanced_120 slot_span=-121 edges=45
HIST mode=affine_balanced_120 slot_span=-120 edges=48
HIST mode=affine_balanced_120 slot_span=-119 edges=51
HIST mode=affine_balanced_120 slot_span=-118 edges=52
HIST mode=affine_balanced_120 slot_span=-117 edges=52
HIST mode=affine_balanced_120 slot_span=-116 edges=56
HIST mode=affine_balanced_120 slot_span=-115 edges=57
HIST mode=affine_balanced_120 slot_span=-114 edges=59
HIST mode=affine_balanced_120 slot_span=-113 edges=60
HIST mode=affine_balanced_120 slot_span=-112 edges=62
HIST mode=affine_balanced_120 slot_span=-111 edges=64
HIST mode=affine_balanced_120 slot_span=-110 edges=67
HIST mode=affine_balanced_120 slot_span=-109 edges=66
HIST mode=affine_balanced_120 slot_span=-108 edges=69
HIST mode=affine_balanced_120 slot_span=-107 edges=72
HIST mode=affine_balanced_120 slot_span=-106 edges=73
HIST mode=affine_balanced_120 slot_span=-105 edges=74
HIST mode=affine_balanced_120 slot_span=-104 edges=76
HIST mode=affine_balanced_120 slot_span=-103 edges=78
HIST mode=affine_balanced_120 slot_span=-102 edges=79
HIST mode=affine_balanced_120 slot_span=-101 edges=80
HIST mode=affine_balanced_120 slot_span=-100 edges=83
HIST mode=affine_balanced_120 slot_span=-99 edges=84
HIST mode=affine_balanced_120 slot_span=-98 edges=87
HIST mode=affine_balanced_120 slot_span=-97 edges=87
HIST mode=affine_balanced_120 slot_span=-96 edges=89
HIST mode=affine_balanced_120 slot_span=-95 edges=92
HIST mode=affine_balanced_120 slot_span=-94 edges=94
HIST mode=affine_balanced_120 slot_span=-93 edges=93
HIST mode=affine_balanced_120 slot_span=-92 edges=97
HIST mode=affine_balanced_120 slot_span=-91 edges=99
HIST mode=affine_balanced_120 slot_span=-90 edges=100
HIST mode=affine_balanced_120 slot_span=-89 edges=101
HIST mode=affine_balanced_120 slot_span=-88 edges=104
HIST mode=affine_balanced_120 slot_span=-87 edges=105
HIST mode=affine_balanced_120 slot_span=-86 edges=108
HIST mode=affine_balanced_120 slot_span=-85 edges=108
HIST mode=affine_balanced_120 slot_span=-84 edges=110
HIST mode=affine_balanced_120 slot_span=-83 edges=113
HIST mode=affine_balanced_120 slot_span=-82 edges=115
HIST mode=affine_balanced_120 slot_span=-81 edges=114
HIST mode=affine_balanced_120 slot_span=-80 edges=118
HIST mode=affine_balanced_120 slot_span=-79 edges=120
HIST mode=affine_balanced_120 slot_span=-78 edges=121
HIST mode=affine_balanced_120 slot_span=-77 edges=122
HIST mode=affine_balanced_120 slot_span=-76 edges=125
HIST mode=affine_balanced_120 slot_span=-75 edges=127
HIST mode=affine_balanced_120 slot_span=-74 edges=130
HIST mode=affine_balanced_120 slot_span=-73 edges=130
HIST mode=affine_balanced_120 slot_span=-72 edges=132
HIST mode=affine_balanced_120 slot_span=-71 edges=135
HIST mode=affine_balanced_120 slot_span=-70 edges=136
HIST mode=affine_balanced_120 slot_span=-69 edges=137
HIST mode=affine_balanced_120 slot_span=-68 edges=139
HIST mode=affine_balanced_120 slot_span=-67 edges=141
HIST mode=affine_balanced_120 slot_span=-66 edges=143
HIST mode=affine_balanced_120 slot_span=-65 edges=143
HIST mode=affine_balanced_120 slot_span=-64 edges=146
HIST mode=affine_balanced_120 slot_span=-63 edges=148
HIST mode=affine_balanced_120 slot_span=-62 edges=150
HIST mode=affine_balanced_120 slot_span=-61 edges=151
HIST mode=affine_balanced_120 slot_span=-60 edges=154
HIST mode=affine_balanced_120 slot_span=-59 edges=155
HIST mode=affine_balanced_120 slot_span=-58 edges=158
HIST mode=affine_balanced_120 slot_span=-57 edges=158
HIST mode=affine_balanced_120 slot_span=-56 edges=160
HIST mode=affine_balanced_120 slot_span=-55 edges=165
HIST mode=affine_balanced_120 slot_span=-54 edges=165
HIST mode=affine_balanced_120 slot_span=-53 edges=168
HIST mode=affine_balanced_120 slot_span=-52 edges=168
HIST mode=affine_balanced_120 slot_span=-51 edges=176
HIST mode=affine_balanced_120 slot_span=-50 edges=171
HIST mode=affine_balanced_120 slot_span=-49 edges=181
HIST mode=affine_balanced_120 slot_span=-48 edges=182
HIST mode=affine_balanced_120 slot_span=-47 edges=187
HIST mode=affine_balanced_120 slot_span=-46 edges=187
HIST mode=affine_balanced_120 slot_span=-45 edges=190
HIST mode=affine_balanced_120 slot_span=-44 edges=190
HIST mode=affine_balanced_120 slot_span=-43 edges=196
HIST mode=affine_balanced_120 slot_span=-42 edges=195
HIST mode=affine_balanced_120 slot_span=-41 edges=197
HIST mode=affine_balanced_120 slot_span=-40 edges=198
HIST mode=affine_balanced_120 slot_span=-39 edges=203
HIST mode=affine_balanced_120 slot_span=-38 edges=201
HIST mode=affine_balanced_120 slot_span=-37 edges=205
HIST mode=affine_balanced_120 slot_span=-36 edges=205
HIST mode=affine_balanced_120 slot_span=-35 edges=209
HIST mode=affine_balanced_120 slot_span=-34 edges=209
HIST mode=affine_balanced_120 slot_span=-33 edges=212
HIST mode=affine_balanced_120 slot_span=-32 edges=211
HIST mode=affine_balanced_120 slot_span=-31 edges=212
HIST mode=affine_balanced_120 slot_span=-30 edges=209
HIST mode=affine_balanced_120 slot_span=-29 edges=212
HIST mode=affine_balanced_120 slot_span=-28 edges=212
HIST mode=affine_balanced_120 slot_span=-27 edges=217
HIST mode=affine_balanced_120 slot_span=-26 edges=216
HIST mode=affine_balanced_120 slot_span=-25 edges=219
HIST mode=affine_balanced_120 slot_span=-24 edges=219
HIST mode=affine_balanced_120 slot_span=-23 edges=224
HIST mode=affine_balanced_120 slot_span=-22 edges=223
HIST mode=affine_balanced_120 slot_span=-21 edges=228
HIST mode=affine_balanced_120 slot_span=-20 edges=232
HIST mode=affine_balanced_120 slot_span=-19 edges=237
HIST mode=affine_balanced_120 slot_span=-18 edges=236
HIST mode=affine_balanced_120 slot_span=-17 edges=239
HIST mode=affine_balanced_120 slot_span=-16 edges=238
HIST mode=affine_balanced_120 slot_span=-15 edges=241
HIST mode=affine_balanced_120 slot_span=-14 edges=242
HIST mode=affine_balanced_120 slot_span=-13 edges=245
HIST mode=affine_balanced_120 slot_span=-12 edges=244
HIST mode=affine_balanced_120 slot_span=-11 edges=250
HIST mode=affine_balanced_120 slot_span=-10 edges=250
HIST mode=affine_balanced_120 slot_span=-9 edges=256
HIST mode=affine_balanced_120 slot_span=-8 edges=253
HIST mode=affine_balanced_120 slot_span=-7 edges=261
HIST mode=affine_balanced_120 slot_span=-6 edges=262
HIST mode=affine_balanced_120 slot_span=-5 edges=268
HIST mode=affine_balanced_120 slot_span=-4 edges=269
HIST mode=affine_balanced_120 slot_span=-3 edges=272
HIST mode=affine_balanced_120 slot_span=-2 edges=278
HIST mode=affine_balanced_120 slot_span=-1 edges=419
HIST mode=affine_balanced_120 slot_span=0 edges=290
HIST mode=affine_balanced_120 slot_span=1 edges=861
HIST mode=affine_balanced_120 slot_span=2 edges=350
HIST mode=affine_balanced_120 slot_span=3 edges=396
HIST mode=affine_balanced_120 slot_span=4 edges=397
HIST mode=affine_balanced_120 slot_span=5 edges=453
HIST mode=affine_balanced_120 slot_span=6 edges=454
HIST mode=affine_balanced_120 slot_span=7 edges=513
HIST mode=affine_balanced_120 slot_span=8 edges=502
HIST mode=affine_balanced_120 slot_span=9 edges=563
HIST mode=affine_balanced_120 slot_span=10 edges=560
HIST mode=affine_balanced_120 slot_span=11 edges=620
HIST mode=affine_balanced_120 slot_span=12 edges=606
HIST mode=affine_balanced_120 slot_span=13 edges=671
HIST mode=affine_balanced_120 slot_span=14 edges=660
HIST mode=affine_balanced_120 slot_span=15 edges=720
HIST mode=affine_balanced_120 slot_span=16 edges=702
HIST mode=affine_balanced_120 slot_span=17 edges=762
HIST mode=affine_balanced_120 slot_span=18 edges=755
HIST mode=affine_balanced_120 slot_span=19 edges=815
HIST mode=affine_balanced_120 slot_span=20 edges=798
HIST mode=affine_balanced_120 slot_span=21 edges=858
HIST mode=affine_balanced_120 slot_span=22 edges=850
HIST mode=affine_balanced_120 slot_span=23 edges=913
HIST mode=affine_balanced_120 slot_span=24 edges=871
HIST mode=affine_balanced_120 slot_span=25 edges=909
HIST mode=affine_balanced_120 slot_span=26 edges=870
HIST mode=affine_balanced_120 slot_span=27 edges=909
HIST mode=affine_balanced_120 slot_span=28 edges=863
HIST mode=affine_balanced_120 slot_span=29 edges=901
HIST mode=affine_balanced_120 slot_span=30 edges=863
HIST mode=affine_balanced_120 slot_span=31 edges=901
HIST mode=affine_balanced_120 slot_span=32 edges=859
HIST mode=affine_balanced_120 slot_span=33 edges=894
HIST mode=affine_balanced_120 slot_span=34 edges=856
HIST mode=affine_balanced_120 slot_span=35 edges=894
HIST mode=affine_balanced_120 slot_span=36 edges=849
HIST mode=affine_balanced_120 slot_span=37 edges=888
HIST mode=affine_balanced_120 slot_span=38 edges=849
HIST mode=affine_balanced_120 slot_span=39 edges=889
HIST mode=affine_balanced_120 slot_span=40 edges=842
HIST mode=affine_balanced_120 slot_span=41 edges=881
HIST mode=affine_balanced_120 slot_span=42 edges=839
HIST mode=affine_balanced_120 slot_span=43 edges=880
HIST mode=affine_balanced_120 slot_span=44 edges=831
HIST mode=affine_balanced_120 slot_span=45 edges=870
HIST mode=affine_balanced_120 slot_span=46 edges=831
HIST mode=affine_balanced_120 slot_span=47 edges=869
HIST mode=affine_balanced_120 slot_span=48 edges=824
HIST mode=affine_balanced_120 slot_span=49 edges=862
HIST mode=affine_balanced_120 slot_span=50 edges=824
HIST mode=affine_balanced_120 slot_span=51 edges=862
HIST mode=affine_balanced_120 slot_span=52 edges=817
HIST mode=affine_balanced_120 slot_span=53 edges=855
HIST mode=affine_balanced_120 slot_span=54 edges=817
HIST mode=affine_balanced_120 slot_span=55 edges=855
HIST mode=affine_balanced_120 slot_span=56 edges=810
HIST mode=affine_balanced_120 slot_span=57 edges=848
HIST mode=affine_balanced_120 slot_span=58 edges=810
HIST mode=affine_balanced_120 slot_span=59 edges=848
HIST mode=affine_balanced_120 slot_span=60 edges=803
HIST mode=affine_balanced_120 slot_span=61 edges=841
HIST mode=affine_balanced_120 slot_span=62 edges=803
HIST mode=affine_balanced_120 slot_span=63 edges=841
HIST mode=affine_balanced_120 slot_span=64 edges=796
HIST mode=affine_balanced_120 slot_span=65 edges=834
HIST mode=affine_balanced_120 slot_span=66 edges=796
HIST mode=affine_balanced_120 slot_span=67 edges=836
HIST mode=affine_balanced_120 slot_span=68 edges=790
HIST mode=affine_balanced_120 slot_span=69 edges=832
HIST mode=affine_balanced_120 slot_span=70 edges=790
HIST mode=affine_balanced_120 slot_span=71 edges=833
HIST mode=affine_balanced_120 slot_span=72 edges=783
HIST mode=affine_balanced_120 slot_span=73 edges=826
HIST mode=affine_balanced_120 slot_span=74 edges=783
HIST mode=affine_balanced_120 slot_span=75 edges=826
HIST mode=affine_balanced_120 slot_span=76 edges=777
HIST mode=affine_balanced_120 slot_span=77 edges=818
HIST mode=affine_balanced_120 slot_span=78 edges=774
HIST mode=affine_balanced_120 slot_span=79 edges=799
HIST mode=affine_balanced_120 slot_span=80 edges=756
HIST mode=affine_balanced_120 slot_span=81 edges=775
HIST mode=affine_balanced_120 slot_span=82 edges=753
HIST mode=affine_balanced_120 slot_span=83 edges=766
HIST mode=affine_balanced_120 slot_span=84 edges=743
HIST mode=affine_balanced_120 slot_span=85 edges=753
HIST mode=affine_balanced_120 slot_span=86 edges=743
HIST mode=affine_balanced_120 slot_span=87 edges=753
HIST mode=affine_balanced_120 slot_span=88 edges=736
HIST mode=affine_balanced_120 slot_span=89 edges=746
HIST mode=affine_balanced_120 slot_span=90 edges=736
HIST mode=affine_balanced_120 slot_span=91 edges=746
HIST mode=affine_balanced_120 slot_span=92 edges=729
HIST mode=affine_balanced_120 slot_span=93 edges=739
HIST mode=affine_balanced_120 slot_span=94 edges=729
HIST mode=affine_balanced_120 slot_span=95 edges=739
HIST mode=affine_balanced_120 slot_span=96 edges=722
HIST mode=affine_balanced_120 slot_span=97 edges=732
HIST mode=affine_balanced_120 slot_span=98 edges=722
HIST mode=affine_balanced_120 slot_span=99 edges=732
HIST mode=affine_balanced_120 slot_span=100 edges=715
HIST mode=affine_balanced_120 slot_span=101 edges=725
HIST mode=affine_balanced_120 slot_span=102 edges=715
HIST mode=affine_balanced_120 slot_span=103 edges=726
HIST mode=affine_balanced_120 slot_span=104 edges=708
HIST mode=affine_balanced_120 slot_span=105 edges=719
HIST mode=affine_balanced_120 slot_span=106 edges=709
HIST mode=affine_balanced_120 slot_span=107 edges=719
HIST mode=affine_balanced_120 slot_span=108 edges=702
HIST mode=affine_balanced_120 slot_span=109 edges=712
HIST mode=affine_balanced_120 slot_span=110 edges=702
HIST mode=affine_balanced_120 slot_span=111 edges=712
HIST mode=affine_balanced_120 slot_span=112 edges=695
HIST mode=affine_balanced_120 slot_span=113 edges=705
HIST mode=affine_balanced_120 slot_span=114 edges=695
HIST mode=affine_balanced_120 slot_span=115 edges=705
HIST mode=affine_balanced_120 slot_span=116 edges=688
HIST mode=affine_balanced_120 slot_span=117 edges=698
HIST mode=affine_balanced_120 slot_span=118 edges=688
HIST mode=affine_balanced_120 slot_span=119 edges=698
HIST mode=affine_balanced_120 slot_span=120 edges=681
HIST mode=affine_balanced_120 slot_span=121 edges=691
HIST mode=affine_balanced_120 slot_span=122 edges=681
HIST mode=affine_balanced_120 slot_span=123 edges=691
HIST mode=affine_balanced_120 slot_span=124 edges=674
HIST mode=affine_balanced_120 slot_span=125 edges=684
HIST mode=affine_balanced_120 slot_span=126 edges=674
HIST mode=affine_balanced_120 slot_span=127 edges=683
HIST mode=affine_balanced_120 slot_span=128 edges=666
HIST mode=affine_balanced_120 slot_span=129 edges=673
HIST mode=affine_balanced_120 slot_span=130 edges=654
HIST mode=affine_balanced_120 slot_span=131 edges=658
HIST mode=affine_balanced_120 slot_span=132 edges=635
HIST mode=affine_balanced_120 slot_span=133 edges=641
HIST mode=affine_balanced_120 slot_span=134 edges=628
HIST mode=affine_balanced_120 slot_span=135 edges=636
HIST mode=affine_balanced_120 slot_span=136 edges=615
HIST mode=affine_balanced_120 slot_span=137 edges=619
HIST mode=affine_balanced_120 slot_span=138 edges=616
HIST mode=affine_balanced_120 slot_span=139 edges=630
HIST mode=affine_balanced_120 slot_span=140 edges=615
HIST mode=affine_balanced_120 slot_span=141 edges=627
HIST mode=affine_balanced_120 slot_span=142 edges=624
HIST mode=affine_balanced_120 slot_span=143 edges=638
HIST mode=affine_balanced_120 slot_span=144 edges=625
HIST mode=affine_balanced_120 slot_span=145 edges=635
HIST mode=affine_balanced_120 slot_span=146 edges=625
HIST mode=affine_balanced_120 slot_span=147 edges=623
HIST mode=affine_balanced_120 slot_span=148 edges=585
HIST mode=affine_balanced_120 slot_span=149 edges=563
HIST mode=affine_balanced_120 slot_span=150 edges=535
HIST mode=affine_balanced_120 slot_span=151 edges=512
HIST mode=affine_balanced_120 slot_span=152 edges=483
HIST mode=affine_balanced_120 slot_span=153 edges=466
HIST mode=affine_balanced_120 slot_span=154 edges=439
HIST mode=affine_balanced_120 slot_span=155 edges=420
HIST mode=affine_balanced_120 slot_span=156 edges=385
HIST mode=affine_balanced_120 slot_span=157 edges=368
HIST mode=affine_balanced_120 slot_span=158 edges=341
HIST mode=affine_balanced_120 slot_span=159 edges=322
HIST mode=affine_balanced_120 slot_span=160 edges=289
HIST mode=affine_balanced_120 slot_span=161 edges=257
HIST mode=affine_balanced_120 slot_span=162 edges=227
HIST mode=affine_balanced_120 slot_span=163 edges=196
HIST mode=affine_balanced_120 slot_span=164 edges=165
HIST mode=affine_balanced_120 slot_span=165 edges=135
HIST mode=affine_balanced_120 slot_span=166 edges=106
HIST mode=affine_balanced_120 slot_span=167 edges=76
HIST mode=affine_balanced_120 slot_span=168 edges=44
HIST mode=affine_balanced_120 slot_span=169 edges=14
SPAN mode=band_tiling_balanced_100 seq=128 workers=16 resident_limit=256 tasks=2104 edges=135774 same_worker_edges=8542 producer_tasks=2100 fence_free_producers=548 cross_worker_fraction=0.937087 same_worker_fraction=0.0629134 used_workers=16 max_queue=142 queue_cap=142 min=-115 p50=72 p95=122 max=141 forward_worker_span=14 slot_span_below_limit=1 resident_grid_safe=1 queue_cycle=0 overresident_proven=0
HIST mode=band_tiling_balanced_100 slot_span=-115 edges=4
HIST mode=band_tiling_balanced_100 slot_span=-114 edges=8
HIST mode=band_tiling_balanced_100 slot_span=-113 edges=8
HIST mode=band_tiling_balanced_100 slot_span=-112 edges=8
HIST mode=band_tiling_balanced_100 slot_span=-111 edges=12
HIST mode=band_tiling_balanced_100 slot_span=-110 edges=16
HIST mode=band_tiling_balanced_100 slot_span=-109 edges=16
HIST mode=band_tiling_balanced_100 slot_span=-108 edges=16
HIST mode=band_tiling_balanced_100 slot_span=-107 edges=20
HIST mode=band_tiling_balanced_100 slot_span=-106 edges=24
HIST mode=band_tiling_balanced_100 slot_span=-105 edges=24
HIST mode=band_tiling_balanced_100 slot_span=-104 edges=22
HIST mode=band_tiling_balanced_100 slot_span=-103 edges=24
HIST mode=band_tiling_balanced_100 slot_span=-102 edges=28
HIST mode=band_tiling_balanced_100 slot_span=-101 edges=28
HIST mode=band_tiling_balanced_100 slot_span=-100 edges=26
HIST mode=band_tiling_balanced_100 slot_span=-99 edges=28
HIST mode=band_tiling_balanced_100 slot_span=-98 edges=32
HIST mode=band_tiling_balanced_100 slot_span=-97 edges=32
HIST mode=band_tiling_balanced_100 slot_span=-96 edges=30
HIST mode=band_tiling_balanced_100 slot_span=-95 edges=32
HIST mode=band_tiling_balanced_100 slot_span=-94 edges=36
HIST mode=band_tiling_balanced_100 slot_span=-93 edges=36
HIST mode=band_tiling_balanced_100 slot_span=-92 edges=34
HIST mode=band_tiling_balanced_100 slot_span=-91 edges=36
HIST mode=band_tiling_balanced_100 slot_span=-90 edges=40
HIST mode=band_tiling_balanced_100 slot_span=-89 edges=40
HIST mode=band_tiling_balanced_100 slot_span=-88 edges=38
HIST mode=band_tiling_balanced_100 slot_span=-87 edges=40
HIST mode=band_tiling_balanced_100 slot_span=-86 edges=46
HIST mode=band_tiling_balanced_100 slot_span=-85 edges=46
HIST mode=band_tiling_balanced_100 slot_span=-84 edges=44
HIST mode=band_tiling_balanced_100 slot_span=-83 edges=48
HIST mode=band_tiling_balanced_100 slot_span=-82 edges=52
HIST mode=band_tiling_balanced_100 slot_span=-81 edges=51
HIST mode=band_tiling_balanced_100 slot_span=-80 edges=51
HIST mode=band_tiling_balanced_100 slot_span=-79 edges=54
HIST mode=band_tiling_balanced_100 slot_span=-78 edges=57
HIST mode=band_tiling_balanced_100 slot_span=-77 edges=58
HIST mode=band_tiling_balanced_100 slot_span=-76 edges=58
HIST mode=band_tiling_balanced_100 slot_span=-75 edges=59
HIST mode=band_tiling_balanced_100 slot_span=-74 edges=64
HIST mode=band_tiling_balanced_100 slot_span=-73 edges=66
HIST mode=band_tiling_balanced_100 slot_span=-72 edges=63
HIST mode=band_tiling_balanced_100 slot_span=-71 edges=66
HIST mode=band_tiling_balanced_100 slot_span=-70 edges=72
HIST mode=band_tiling_balanced_100 slot_span=-69 edges=71
HIST mode=band_tiling_balanced_100 slot_span=-68 edges=70
HIST mode=band_tiling_balanced_100 slot_span=-67 edges=74
HIST mode=band_tiling_balanced_100 slot_span=-66 edges=77
HIST mode=band_tiling_balanced_100 slot_span=-65 edges=78
HIST mode=band_tiling_balanced_100 slot_span=-64 edges=78
HIST mode=band_tiling_balanced_100 slot_span=-63 edges=79
HIST mode=band_tiling_balanced_100 slot_span=-62 edges=85
HIST mode=band_tiling_balanced_100 slot_span=-61 edges=90
HIST mode=band_tiling_balanced_100 slot_span=-60 edges=86
HIST mode=band_tiling_balanced_100 slot_span=-59 edges=91
HIST mode=band_tiling_balanced_100 slot_span=-58 edges=96
HIST mode=band_tiling_balanced_100 slot_span=-57 edges=92
HIST mode=band_tiling_balanced_100 slot_span=-56 edges=93
HIST mode=band_tiling_balanced_100 slot_span=-55 edges=97
HIST mode=band_tiling_balanced_100 slot_span=-54 edges=102
HIST mode=band_tiling_balanced_100 slot_span=-53 edges=102
HIST mode=band_tiling_balanced_100 slot_span=-52 edges=102
HIST mode=band_tiling_balanced_100 slot_span=-51 edges=108
HIST mode=band_tiling_balanced_100 slot_span=-50 edges=110
HIST mode=band_tiling_balanced_100 slot_span=-49 edges=114
HIST mode=band_tiling_balanced_100 slot_span=-48 edges=113
HIST mode=band_tiling_balanced_100 slot_span=-47 edges=120
HIST mode=band_tiling_balanced_100 slot_span=-46 edges=124
HIST mode=band_tiling_balanced_100 slot_span=-45 edges=126
HIST mode=band_tiling_balanced_100 slot_span=-44 edges=127
HIST mode=band_tiling_balanced_100 slot_span=-43 edges=135
HIST mode=band_tiling_balanced_100 slot_span=-42 edges=138
HIST mode=band_tiling_balanced_100 slot_span=-41 edges=140
HIST mode=band_tiling_balanced_100 slot_span=-40 edges=144
HIST mode=band_tiling_balanced_100 slot_span=-39 edges=150
HIST mode=band_tiling_balanced_100 slot_span=-38 edges=155
HIST mode=band_tiling_balanced_100 slot_span=-37 edges=160
HIST mode=band_tiling_balanced_100 slot_span=-36 edges=158
HIST mode=band_tiling_balanced_100 slot_span=-35 edges=164
HIST mode=band_tiling_balanced_100 slot_span=-34 edges=162
HIST mode=band_tiling_balanced_100 slot_span=-33 edges=167
HIST mode=band_tiling_balanced_100 slot_span=-32 edges=166
HIST mode=band_tiling_balanced_100 slot_span=-31 edges=174
HIST mode=band_tiling_balanced_100 slot_span=-30 edges=176
HIST mode=band_tiling_balanced_100 slot_span=-29 edges=181
HIST mode=band_tiling_balanced_100 slot_span=-28 edges=179
HIST mode=band_tiling_balanced_100 slot_span=-27 edges=192
HIST mode=band_tiling_balanced_100 slot_span=-26 edges=197
HIST mode=band_tiling_balanced_100 slot_span=-25 edges=204
HIST mode=band_tiling_balanced_100 slot_span=-24 edges=203
HIST mode=band_tiling_balanced_100 slot_span=-23 edges=212
HIST mode=band_tiling_balanced_100 slot_span=-22 edges=214
HIST mode=band_tiling_balanced_100 slot_span=-21 edges=219
HIST mode=band_tiling_balanced_100 slot_span=-20 edges=217
HIST mode=band_tiling_balanced_100 slot_span=-19 edges=227
HIST mode=band_tiling_balanced_100 slot_span=-18 edges=228
HIST mode=band_tiling_balanced_100 slot_span=-17 edges=231
HIST mode=band_tiling_balanced_100 slot_span=-16 edges=231
HIST mode=band_tiling_balanced_100 slot_span=-15 edges=238
HIST mode=band_tiling_balanced_100 slot_span=-14 edges=239
HIST mode=band_tiling_balanced_100 slot_span=-13 edges=242
HIST mode=band_tiling_balanced_100 slot_span=-12 edges=241
HIST mode=band_tiling_balanced_100 slot_span=-11 edges=247
HIST mode=band_tiling_balanced_100 slot_span=-10 edges=249
HIST mode=band_tiling_balanced_100 slot_span=-9 edges=253
HIST mode=band_tiling_balanced_100 slot_span=-8 edges=249
HIST mode=band_tiling_balanced_100 slot_span=-7 edges=260
HIST mode=band_tiling_balanced_100 slot_span=-6 edges=261
HIST mode=band_tiling_balanced_100 slot_span=-5 edges=262
HIST mode=band_tiling_balanced_100 slot_span=-4 edges=266
HIST mode=band_tiling_balanced_100 slot_span=-3 edges=271
HIST mode=band_tiling_balanced_100 slot_span=-2 edges=276
HIST mode=band_tiling_balanced_100 slot_span=-1 edges=288
HIST mode=band_tiling_balanced_100 slot_span=0 edges=280
HIST mode=band_tiling_balanced_100 slot_span=1 edges=881
HIST mode=band_tiling_balanced_100 slot_span=2 edges=335
HIST mode=band_tiling_balanced_100 slot_span=3 edges=418
HIST mode=band_tiling_balanced_100 slot_span=4 edges=379
HIST mode=band_tiling_balanced_100 slot_span=5 edges=481
HIST mode=band_tiling_balanced_100 slot_span=6 edges=447
HIST mode=band_tiling_balanced_100 slot_span=7 edges=541
HIST mode=band_tiling_balanced_100 slot_span=8 edges=500
HIST mode=band_tiling_balanced_100 slot_span=9 edges=605
HIST mode=band_tiling_balanced_100 slot_span=10 edges=572
HIST mode=band_tiling_balanced_100 slot_span=11 edges=671
HIST mode=band_tiling_balanced_100 slot_span=12 edges=633
HIST mode=band_tiling_balanced_100 slot_span=13 edges=720
HIST mode=band_tiling_balanced_100 slot_span=14 edges=671
HIST mode=band_tiling_balanced_100 slot_span=15 edges=748
HIST mode=band_tiling_balanced_100 slot_span=16 edges=690
HIST mode=band_tiling_balanced_100 slot_span=17 edges=771
HIST mode=band_tiling_balanced_100 slot_span=18 edges=716
HIST mode=band_tiling_balanced_100 slot_span=19 edges=793
HIST mode=band_tiling_balanced_100 slot_span=20 edges=741
HIST mode=band_tiling_balanced_100 slot_span=21 edges=820
HIST mode=band_tiling_balanced_100 slot_span=22 edges=772
HIST mode=band_tiling_balanced_100 slot_span=23 edges=845
HIST mode=band_tiling_balanced_100 slot_span=24 edges=789
HIST mode=band_tiling_balanced_100 slot_span=25 edges=876
HIST mode=band_tiling_balanced_100 slot_span=26 edges=791
HIST mode=band_tiling_balanced_100 slot_span=27 edges=837
HIST mode=band_tiling_balanced_100 slot_span=28 edges=760
HIST mode=band_tiling_balanced_100 slot_span=29 edges=811
HIST mode=band_tiling_balanced_100 slot_span=30 edges=728
HIST mode=band_tiling_balanced_100 slot_span=31 edges=774
HIST mode=band_tiling_balanced_100 slot_span=32 edges=704
HIST mode=band_tiling_balanced_100 slot_span=33 edges=750
HIST mode=band_tiling_balanced_100 slot_span=34 edges=679
HIST mode=band_tiling_balanced_100 slot_span=35 edges=732
HIST mode=band_tiling_balanced_100 slot_span=36 edges=658
HIST mode=band_tiling_balanced_100 slot_span=37 edges=729
HIST mode=band_tiling_balanced_100 slot_span=38 edges=671
HIST mode=band_tiling_balanced_100 slot_span=39 edges=721
HIST mode=band_tiling_balanced_100 slot_span=40 edges=698
HIST mode=band_tiling_balanced_100 slot_span=41 edges=748
HIST mode=band_tiling_balanced_100 slot_span=42 edges=734
HIST mode=band_tiling_balanced_100 slot_span=43 edges=757
HIST mode=band_tiling_balanced_100 slot_span=44 edges=751
HIST mode=band_tiling_balanced_100 slot_span=45 edges=785
HIST mode=band_tiling_balanced_100 slot_span=46 edges=765
HIST mode=band_tiling_balanced_100 slot_span=47 edges=797
HIST mode=band_tiling_balanced_100 slot_span=48 edges=787
HIST mode=band_tiling_balanced_100 slot_span=49 edges=816
HIST mode=band_tiling_balanced_100 slot_span=50 edges=804
HIST mode=band_tiling_balanced_100 slot_span=51 edges=832
HIST mode=band_tiling_balanced_100 slot_span=52 edges=818
HIST mode=band_tiling_balanced_100 slot_span=53 edges=853
HIST mode=band_tiling_balanced_100 slot_span=54 edges=841
HIST mode=band_tiling_balanced_100 slot_span=55 edges=864
HIST mode=band_tiling_balanced_100 slot_span=56 edges=849
HIST mode=band_tiling_balanced_100 slot_span=57 edges=883
HIST mode=band_tiling_balanced_100 slot_span=58 edges=856
HIST mode=band_tiling_balanced_100 slot_span=59 edges=877
HIST mode=band_tiling_balanced_100 slot_span=60 edges=861
HIST mode=band_tiling_balanced_100 slot_span=61 edges=881
HIST mode=band_tiling_balanced_100 slot_span=62 edges=863
HIST mode=band_tiling_balanced_100 slot_span=63 edges=883
HIST mode=band_tiling_balanced_100 slot_span=64 edges=902
HIST mode=band_tiling_balanced_100 slot_span=65 edges=878
HIST mode=band_tiling_balanced_100 slot_span=66 edges=879
HIST mode=band_tiling_balanced_100 slot_span=67 edges=856
HIST mode=band_tiling_balanced_100 slot_span=68 edges=913
HIST mode=band_tiling_balanced_100 slot_span=69 edges=909
HIST mode=band_tiling_balanced_100 slot_span=70 edges=953
HIST mode=band_tiling_balanced_100 slot_span=71 edges=944
HIST mode=band_tiling_balanced_100 slot_span=72 edges=1004
HIST mode=band_tiling_balanced_100 slot_span=73 edges=1002
HIST mode=band_tiling_balanced_100 slot_span=74 edges=1059
HIST mode=band_tiling_balanced_100 slot_span=75 edges=1043
HIST mode=band_tiling_balanced_100 slot_span=76 edges=1111
HIST mode=band_tiling_balanced_100 slot_span=77 edges=1106
HIST mode=band_tiling_balanced_100 slot_span=78 edges=1159
HIST mode=band_tiling_balanced_100 slot_span=79 edges=1147
HIST mode=band_tiling_balanced_100 slot_span=80 edges=1214
HIST mode=band_tiling_balanced_100 slot_span=81 edges=1202
HIST mode=band_tiling_balanced_100 slot_span=82 edges=1266
HIST mode=band_tiling_balanced_100 slot_span=83 edges=1249
HIST mode=band_tiling_balanced_100 slot_span=84 edges=1313
HIST mode=band_tiling_balanced_100 slot_span=85 edges=1302
HIST mode=band_tiling_balanced_100 slot_span=86 edges=1365
HIST mode=band_tiling_balanced_100 slot_span=87 edges=1343
HIST mode=band_tiling_balanced_100 slot_span=88 edges=1411
HIST mode=band_tiling_balanced_100 slot_span=89 edges=1401
HIST mode=band_tiling_balanced_100 slot_span=90 edges=1457
HIST mode=band_tiling_balanced_100 slot_span=91 edges=1413
HIST mode=band_tiling_balanced_100 slot_span=92 edges=1463
HIST mode=band_tiling_balanced_100 slot_span=93 edges=1421
HIST mode=band_tiling_balanced_100 slot_span=94 edges=1477
HIST mode=band_tiling_balanced_100 slot_span=95 edges=1426
HIST mode=band_tiling_balanced_100 slot_span=96 edges=1469
HIST mode=band_tiling_balanced_100 slot_span=97 edges=1422
HIST mode=band_tiling_balanced_100 slot_span=98 edges=1463
HIST mode=band_tiling_balanced_100 slot_span=99 edges=1412
HIST mode=band_tiling_balanced_100 slot_span=100 edges=1446
HIST mode=band_tiling_balanced_100 slot_span=101 edges=1394
HIST mode=band_tiling_balanced_100 slot_span=102 edges=1397
HIST mode=band_tiling_balanced_100 slot_span=103 edges=1350
HIST mode=band_tiling_balanced_100 slot_span=104 edges=1342
HIST mode=band_tiling_balanced_100 slot_span=105 edges=1316
HIST mode=band_tiling_balanced_100 slot_span=106 edges=1306
HIST mode=band_tiling_balanced_100 slot_span=107 edges=1275
HIST mode=band_tiling_balanced_100 slot_span=108 edges=1264
HIST mode=band_tiling_balanced_100 slot_span=109 edges=1231
HIST mode=band_tiling_balanced_100 slot_span=110 edges=1206
HIST mode=band_tiling_balanced_100 slot_span=111 edges=1151
HIST mode=band_tiling_balanced_100 slot_span=112 edges=1136
HIST mode=band_tiling_balanced_100 slot_span=113 edges=1103
HIST mode=band_tiling_balanced_100 slot_span=114 edges=1086
HIST mode=band_tiling_balanced_100 slot_span=115 edges=1048
HIST mode=band_tiling_balanced_100 slot_span=116 edges=1029
HIST mode=band_tiling_balanced_100 slot_span=117 edges=998
HIST mode=band_tiling_balanced_100 slot_span=118 edges=968
HIST mode=band_tiling_balanced_100 slot_span=119 edges=904
HIST mode=band_tiling_balanced_100 slot_span=120 edges=857
HIST mode=band_tiling_balanced_100 slot_span=121 edges=798
HIST mode=band_tiling_balanced_100 slot_span=122 edges=748
HIST mode=band_tiling_balanced_100 slot_span=123 edges=685
HIST mode=band_tiling_balanced_100 slot_span=124 edges=637
HIST mode=band_tiling_balanced_100 slot_span=125 edges=585
HIST mode=band_tiling_balanced_100 slot_span=126 edges=544
HIST mode=band_tiling_balanced_100 slot_span=127 edges=503
HIST mode=band_tiling_balanced_100 slot_span=128 edges=465
HIST mode=band_tiling_balanced_100 slot_span=129 edges=427
HIST mode=band_tiling_balanced_100 slot_span=130 edges=386
HIST mode=band_tiling_balanced_100 slot_span=131 edges=345
HIST mode=band_tiling_balanced_100 slot_span=132 edges=307
HIST mode=band_tiling_balanced_100 slot_span=133 edges=277
HIST mode=band_tiling_balanced_100 slot_span=134 edges=245
HIST mode=band_tiling_balanced_100 slot_span=135 edges=214
HIST mode=band_tiling_balanced_100 slot_span=136 edges=185
HIST mode=band_tiling_balanced_100 slot_span=137 edges=153
HIST mode=band_tiling_balanced_100 slot_span=138 edges=122
HIST mode=band_tiling_balanced_100 slot_span=139 edges=90
HIST mode=band_tiling_balanced_100 slot_span=140 edges=60
HIST mode=band_tiling_balanced_100 slot_span=141 edges=30
SPAN mode=band_tiling_balanced_110 seq=128 workers=16 resident_limit=256 tasks=2104 edges=135774 same_worker_edges=8325 producer_tasks=2100 fence_free_producers=569 cross_worker_fraction=0.938685 same_worker_fraction=0.0613151 used_workers=16 max_queue=156 queue_cap=156 min=-131 p50=56 p95=133 max=153 forward_worker_span=14 slot_span_below_limit=1 resident_grid_safe=1 queue_cycle=0 overresident_proven=0
HIST mode=band_tiling_balanced_110 slot_span=-131 edges=4
HIST mode=band_tiling_balanced_110 slot_span=-130 edges=1
HIST mode=band_tiling_balanced_110 slot_span=-129 edges=6
HIST mode=band_tiling_balanced_110 slot_span=-128 edges=9
HIST mode=band_tiling_balanced_110 slot_span=-127 edges=8
HIST mode=band_tiling_balanced_110 slot_span=-126 edges=13
HIST mode=band_tiling_balanced_110 slot_span=-125 edges=16
HIST mode=band_tiling_balanced_110 slot_span=-124 edges=16
HIST mode=band_tiling_balanced_110 slot_span=-123 edges=17
HIST mode=band_tiling_balanced_110 slot_span=-122 edges=20
HIST mode=band_tiling_balanced_110 slot_span=-121 edges=25
HIST mode=band_tiling_balanced_110 slot_span=-120 edges=26
HIST mode=band_tiling_balanced_110 slot_span=-119 edges=25
HIST mode=band_tiling_balanced_110 slot_span=-118 edges=27
HIST mode=band_tiling_balanced_110 slot_span=-117 edges=36
HIST mode=band_tiling_balanced_110 slot_span=-116 edges=35
HIST mode=band_tiling_balanced_110 slot_span=-115 edges=32
HIST mode=band_tiling_balanced_110 slot_span=-114 edges=37
HIST mode=band_tiling_balanced_110 slot_span=-113 edges=44
HIST mode=band_tiling_balanced_110 slot_span=-112 edges=44
HIST mode=band_tiling_balanced_110 slot_span=-111 edges=41
HIST mode=band_tiling_balanced_110 slot_span=-110 edges=44
HIST mode=band_tiling_balanced_110 slot_span=-109 edges=51
HIST mode=band_tiling_balanced_110 slot_span=-108 edges=56
HIST mode=band_tiling_balanced_110 slot_span=-107 edges=51
HIST mode=band_tiling_balanced_110 slot_span=-106 edges=51
HIST mode=band_tiling_balanced_110 slot_span=-105 edges=61
HIST mode=band_tiling_balanced_110 slot_span=-104 edges=64
HIST mode=band_tiling_balanced_110 slot_span=-103 edges=60
HIST mode=band_tiling_balanced_110 slot_span=-102 edges=62
HIST mode=band_tiling_balanced_110 slot_span=-101 edges=68
HIST mode=band_tiling_balanced_110 slot_span=-100 edges=71
HIST mode=band_tiling_balanced_110 slot_span=-99 edges=71
HIST mode=band_tiling_balanced_110 slot_span=-98 edges=71
HIST mode=band_tiling_balanced_110 slot_span=-97 edges=76
HIST mode=band_tiling_balanced_110 slot_span=-96 edges=80
HIST mode=band_tiling_balanced_110 slot_span=-95 edges=81
HIST mode=band_tiling_balanced_110 slot_span=-94 edges=81
HIST mode=band_tiling_balanced_110 slot_span=-93 edges=86
HIST mode=band_tiling_balanced_110 slot_span=-92 edges=88
HIST mode=band_tiling_balanced_110 slot_span=-91 edges=89
HIST mode=band_tiling_balanced_110 slot_span=-90 edges=91
HIST mode=band_tiling_balanced_110 slot_span=-89 edges=96
HIST mode=band_tiling_balanced_110 slot_span=-88 edges=95
HIST mode=band_tiling_balanced_110 slot_span=-87 edges=97
HIST mode=band_tiling_balanced_110 slot_span=-86 edges=99
HIST mode=band_tiling_balanced_110 slot_span=-85 edges=102
HIST mode=band_tiling_balanced_110 slot_span=-84 edges=106
HIST mode=band_tiling_balanced_110 slot_span=-83 edges=104
HIST mode=band_tiling_balanced_110 slot_span=-82 edges=109
HIST mode=band_tiling_balanced_110 slot_span=-81 edges=110
HIST mode=band_tiling_balanced_110 slot_span=-80 edges=114
HIST mode=band_tiling_balanced_110 slot_span=-79 edges=115
HIST mode=band_tiling_balanced_110 slot_span=-78 edges=115
HIST mode=band_tiling_balanced_110 slot_span=-77 edges=121
HIST mode=band_tiling_balanced_110 slot_span=-76 edges=121
HIST mode=band_tiling_balanced_110 slot_span=-75 edges=124
HIST mode=band_tiling_balanced_110 slot_span=-74 edges=125
HIST mode=band_tiling_balanced_110 slot_span=-73 edges=128
HIST mode=band_tiling_balanced_110 slot_span=-72 edges=131
HIST mode=band_tiling_balanced_110 slot_span=-71 edges=132
HIST mode=band_tiling_balanced_110 slot_span=-70 edges=133
HIST mode=band_tiling_balanced_110 slot_span=-69 edges=138
HIST mode=band_tiling_balanced_110 slot_span=-68 edges=139
HIST mode=band_tiling_balanced_110 slot_span=-67 edges=140
HIST mode=band_tiling_balanced_110 slot_span=-66 edges=143
HIST mode=band_tiling_balanced_110 slot_span=-65 edges=145
HIST mode=band_tiling_balanced_110 slot_span=-64 edges=150
HIST mode=band_tiling_balanced_110 slot_span=-63 edges=146
HIST mode=band_tiling_balanced_110 slot_span=-62 edges=153
HIST mode=band_tiling_balanced_110 slot_span=-61 edges=154
HIST mode=band_tiling_balanced_110 slot_span=-60 edges=157
HIST mode=band_tiling_balanced_110 slot_span=-59 edges=158
HIST mode=band_tiling_balanced_110 slot_span=-58 edges=158
HIST mode=band_tiling_balanced_110 slot_span=-57 edges=164
HIST mode=band_tiling_balanced_110 slot_span=-56 edges=167
HIST mode=band_tiling_balanced_110 slot_span=-55 edges=164
HIST mode=band_tiling_balanced_110 slot_span=-54 edges=161
HIST mode=band_tiling_balanced_110 slot_span=-53 edges=168
HIST mode=band_tiling_balanced_110 slot_span=-52 edges=171
HIST mode=band_tiling_balanced_110 slot_span=-51 edges=168
HIST mode=band_tiling_balanced_110 slot_span=-50 edges=168
HIST mode=band_tiling_balanced_110 slot_span=-49 edges=174
HIST mode=band_tiling_balanced_110 slot_span=-48 edges=178
HIST mode=band_tiling_balanced_110 slot_span=-47 edges=174
HIST mode=band_tiling_balanced_110 slot_span=-46 edges=175
HIST mode=band_tiling_balanced_110 slot_span=-45 edges=177
HIST mode=band_tiling_balanced_110 slot_span=-44 edges=184
HIST mode=band_tiling_balanced_110 slot_span=-43 edges=179
HIST mode=band_tiling_balanced_110 slot_span=-42 edges=179
HIST mode=band_tiling_balanced_110 slot_span=-41 edges=183
HIST mode=band_tiling_balanced_110 slot_span=-40 edges=188
HIST mode=band_tiling_balanced_110 slot_span=-39 edges=185
HIST mode=band_tiling_balanced_110 slot_span=-38 edges=181
HIST mode=band_tiling_balanced_110 slot_span=-37 edges=187
HIST mode=band_tiling_balanced_110 slot_span=-36 edges=190
HIST mode=band_tiling_balanced_110 slot_span=-35 edges=188
HIST mode=band_tiling_balanced_110 slot_span=-34 edges=188
HIST mode=band_tiling_balanced_110 slot_span=-33 edges=196
HIST mode=band_tiling_balanced_110 slot_span=-32 edges=200
HIST mode=band_tiling_balanced_110 slot_span=-31 edges=200
HIST mode=band_tiling_balanced_110 slot_span=-30 edges=200
HIST mode=band_tiling_balanced_110 slot_span=-29 edges=204
HIST mode=band_tiling_balanced_110 slot_span=-28 edges=212
HIST mode=band_tiling_balanced_110 slot_span=-27 edges=210
HIST mode=band_tiling_balanced_110 slot_span=-26 edges=208
HIST mode=band_tiling_balanced_110 slot_span=-25 edges=215
HIST mode=band_tiling_balanced_110 slot_span=-24 edges=223
HIST mode=band_tiling_balanced_110 slot_span=-23 edges=218
HIST mode=band_tiling_balanced_110 slot_span=-22 edges=219
HIST mode=band_tiling_balanced_110 slot_span=-21 edges=223
HIST mode=band_tiling_balanced_110 slot_span=-20 edges=225
HIST mode=band_tiling_balanced_110 slot_span=-19 edges=225
HIST mode=band_tiling_balanced_110 slot_span=-18 edges=223
HIST mode=band_tiling_balanced_110 slot_span=-17 edges=227
HIST mode=band_tiling_balanced_110 slot_span=-16 edges=231
HIST mode=band_tiling_balanced_110 slot_span=-15 edges=230
HIST mode=band_tiling_balanced_110 slot_span=-14 edges=227
HIST mode=band_tiling_balanced_110 slot_span=-13 edges=235
HIST mode=band_tiling_balanced_110 slot_span=-12 edges=239
HIST mode=band_tiling_balanced_110 slot_span=-11 edges=239
HIST mode=band_tiling_balanced_110 slot_span=-10 edges=241
HIST mode=band_tiling_balanced_110 slot_span=-9 edges=247
HIST mode=band_tiling_balanced_110 slot_span=-8 edges=252
HIST mode=band_tiling_balanced_110 slot_span=-7 edges=258
HIST mode=band_tiling_balanced_110 slot_span=-6 edges=258
HIST mode=band_tiling_balanced_110 slot_span=-5 edges=260
HIST mode=band_tiling_balanced_110 slot_span=-4 edges=271
HIST mode=band_tiling_balanced_110 slot_span=-3 edges=272
HIST mode=band_tiling_balanced_110 slot_span=-2 edges=274
HIST mode=band_tiling_balanced_110 slot_span=-1 edges=290
HIST mode=band_tiling_balanced_110 slot_span=0 edges=416
HIST mode=band_tiling_balanced_110 slot_span=1 edges=1025
HIST mode=band_tiling_balanced_110 slot_span=2 edges=379
HIST mode=band_tiling_balanced_110 slot_span=3 edges=364
HIST mode=band_tiling_balanced_110 slot_span=4 edges=419
HIST mode=band_tiling_balanced_110 slot_span=5 edges=446
HIST mode=band_tiling_balanced_110 slot_span=6 edges=467
HIST mode=band_tiling_balanced_110 slot_span=7 edges=515
HIST mode=band_tiling_balanced_110 slot_span=8 edges=544
HIST mode=band_tiling_balanced_110 slot_span=9 edges=590
HIST mode=band_tiling_balanced_110 slot_span=10 edges=608
HIST mode=band_tiling_balanced_110 slot_span=11 edges=611
HIST mode=band_tiling_balanced_110 slot_span=12 edges=677
HIST mode=band_tiling_balanced_110 slot_span=13 edges=716
HIST mode=band_tiling_balanced_110 slot_span=14 edges=764
HIST mode=band_tiling_balanced_110 slot_span=15 edges=745
HIST mode=band_tiling_balanced_110 slot_span=16 edges=820
HIST mode=band_tiling_balanced_110 slot_span=17 edges=824
HIST mode=band_tiling_balanced_110 slot_span=18 edges=883
HIST mode=band_tiling_balanced_110 slot_span=19 edges=893
HIST mode=band_tiling_balanced_110 slot_span=20 edges=905
HIST mode=band_tiling_balanced_110 slot_span=21 edges=956
HIST mode=band_tiling_balanced_110 slot_span=22 edges=975
HIST mode=band_tiling_balanced_110 slot_span=23 edges=1008
HIST mode=band_tiling_balanced_110 slot_span=24 edges=1016
HIST mode=band_tiling_balanced_110 slot_span=25 edges=1058
HIST mode=band_tiling_balanced_110 slot_span=26 edges=1048
HIST mode=band_tiling_balanced_110 slot_span=27 edges=1053
HIST mode=band_tiling_balanced_110 slot_span=28 edges=1033
HIST mode=band_tiling_balanced_110 slot_span=29 edges=1027
HIST mode=band_tiling_balanced_110 slot_span=30 edges=1033
HIST mode=band_tiling_balanced_110 slot_span=31 edges=1021
HIST mode=band_tiling_balanced_110 slot_span=32 edges=1034
HIST mode=band_tiling_balanced_110 slot_span=33 edges=1017
HIST mode=band_tiling_balanced_110 slot_span=34 edges=1067
HIST mode=band_tiling_balanced_110 slot_span=35 edges=1024
HIST mode=band_tiling_balanced_110 slot_span=36 edges=1041
HIST mode=band_tiling_balanced_110 slot_span=37 edges=1027
HIST mode=band_tiling_balanced_110 slot_span=38 edges=1024
HIST mode=band_tiling_balanced_110 slot_span=39 edges=1024
HIST mode=band_tiling_balanced_110 slot_span=40 edges=1017
HIST mode=band_tiling_balanced_110 slot_span=41 edges=1025
HIST mode=band_tiling_balanced_110 slot_span=42 edges=1007
HIST mode=band_tiling_balanced_110 slot_span=43 edges=1041
HIST mode=band_tiling_balanced_110 slot_span=44 edges=1026
HIST mode=band_tiling_balanced_110 slot_span=45 edges=1009
HIST mode=band_tiling_balanced_110 slot_span=46 edges=1022
HIST mode=band_tiling_balanced_110 slot_span=47 edges=1014
HIST mode=band_tiling_balanced_110 slot_span=48 edges=999
HIST mode=band_tiling_balanced_110 slot_span=49 edges=1005
HIST mode=band_tiling_balanced_110 slot_span=50 edges=988
HIST mode=band_tiling_balanced_110 slot_span=51 edges=1018
HIST mode=band_tiling_balanced_110 slot_span=52 edges=1006
HIST mode=band_tiling_balanced_110 slot_span=53 edges=1009
HIST mode=band_tiling_balanced_110 slot_span=54 edges=991
HIST mode=band_tiling_balanced_110 slot_span=55 edges=973
HIST mode=band_tiling_balanced_110 slot_span=56 edges=1021
HIST mode=band_tiling_balanced_110 slot_span=57 edges=979
HIST mode=band_tiling_balanced_110 slot_span=58 edges=998
HIST mode=band_tiling_balanced_110 slot_span=59 edges=975
HIST mode=band_tiling_balanced_110 slot_span=60 edges=978
HIST mode=band_tiling_balanced_110 slot_span=61 edges=1012
HIST mode=band_tiling_balanced_110 slot_span=62 edges=983
HIST mode=band_tiling_balanced_110 slot_span=63 edges=980
HIST mode=band_tiling_balanced_110 slot_span=64 edges=973
HIST mode=band_tiling_balanced_110 slot_span=65 edges=980
HIST mode=band_tiling_balanced_110 slot_span=66 edges=986
HIST mode=band_tiling_balanced_110 slot_span=67 edges=960
HIST mode=band_tiling_balanced_110 slot_span=68 edges=978
HIST mode=band_tiling_balanced_110 slot_span=69 edges=967
HIST mode=band_tiling_balanced_110 slot_span=70 edges=956
HIST mode=band_tiling_balanced_110 slot_span=71 edges=987
HIST mode=band_tiling_balanced_110 slot_span=72 edges=938
HIST mode=band_tiling_balanced_110 slot_span=73 edges=972
HIST mode=band_tiling_balanced_110 slot_span=74 edges=942
HIST mode=band_tiling_balanced_110 slot_span=75 edges=934
HIST mode=band_tiling_balanced_110 slot_span=76 edges=914
HIST mode=band_tiling_balanced_110 slot_span=77 edges=899
HIST mode=band_tiling_balanced_110 slot_span=78 edges=897
HIST mode=band_tiling_balanced_110 slot_span=79 edges=856
HIST mode=band_tiling_balanced_110 slot_span=80 edges=853
HIST mode=band_tiling_balanced_110 slot_span=81 edges=836
HIST mode=band_tiling_balanced_110 slot_span=82 edges=816
HIST mode=band_tiling_balanced_110 slot_span=83 edges=807
HIST mode=band_tiling_balanced_110 slot_span=84 edges=775
HIST mode=band_tiling_balanced_110 slot_span=85 edges=776
HIST mode=band_tiling_balanced_110 slot_span=86 edges=765
HIST mode=band_tiling_balanced_110 slot_span=87 edges=734
HIST mode=band_tiling_balanced_110 slot_span=88 edges=730
HIST mode=band_tiling_balanced_110 slot_span=89 edges=708
HIST mode=band_tiling_balanced_110 slot_span=90 edges=702
HIST mode=band_tiling_balanced_110 slot_span=91 edges=674
HIST mode=band_tiling_balanced_110 slot_span=92 edges=649
HIST mode=band_tiling_balanced_110 slot_span=93 edges=655
HIST mode=band_tiling_balanced_110 slot_span=94 edges=622
HIST mode=band_tiling_balanced_110 slot_span=95 edges=620
HIST mode=band_tiling_balanced_110 slot_span=96 edges=582
HIST mode=band_tiling_balanced_110 slot_span=97 edges=575
HIST mode=band_tiling_balanced_110 slot_span=98 edges=571
HIST mode=band_tiling_balanced_110 slot_span=99 edges=585
HIST mode=band_tiling_balanced_110 slot_span=100 edges=594
HIST mode=band_tiling_balanced_110 slot_span=101 edges=621
HIST mode=band_tiling_balanced_110 slot_span=102 edges=640
HIST mode=band_tiling_balanced_110 slot_span=103 edges=649
HIST mode=band_tiling_balanced_110 slot_span=104 edges=672
HIST mode=band_tiling_balanced_110 slot_span=105 edges=685
HIST mode=band_tiling_balanced_110 slot_span=106 edges=715
HIST mode=band_tiling_balanced_110 slot_span=107 edges=720
HIST mode=band_tiling_balanced_110 slot_span=108 edges=742
HIST mode=band_tiling_balanced_110 slot_span=109 edges=759
HIST mode=band_tiling_balanced_110 slot_span=110 edges=776
HIST mode=band_tiling_balanced_110 slot_span=111 edges=768
HIST mode=band_tiling_balanced_110 slot_span=112 edges=764
HIST mode=band_tiling_balanced_110 slot_span=113 edges=772
HIST mode=band_tiling_balanced_110 slot_span=114 edges=763
HIST mode=band_tiling_balanced_110 slot_span=115 edges=764
HIST mode=band_tiling_balanced_110 slot_span=116 edges=754
HIST mode=band_tiling_balanced_110 slot_span=117 edges=761
HIST mode=band_tiling_balanced_110 slot_span=118 edges=750
HIST mode=band_tiling_balanced_110 slot_span=119 edges=750
HIST mode=band_tiling_balanced_110 slot_span=120 edges=760
HIST mode=band_tiling_balanced_110 slot_span=121 edges=777
HIST mode=band_tiling_balanced_110 slot_span=122 edges=784
HIST mode=band_tiling_balanced_110 slot_span=123 edges=778
HIST mode=band_tiling_balanced_110 slot_span=124 edges=777
HIST mode=band_tiling_balanced_110 slot_span=125 edges=776
HIST mode=band_tiling_balanced_110 slot_span=126 edges=771
HIST mode=band_tiling_balanced_110 slot_span=127 edges=771
HIST mode=band_tiling_balanced_110 slot_span=128 edges=768
HIST mode=band_tiling_balanced_110 slot_span=129 edges=758
HIST mode=band_tiling_balanced_110 slot_span=130 edges=737
HIST mode=band_tiling_balanced_110 slot_span=131 edges=695
HIST mode=band_tiling_balanced_110 slot_span=132 edges=656
HIST mode=band_tiling_balanced_110 slot_span=133 edges=606
HIST mode=band_tiling_balanced_110 slot_span=134 edges=590
HIST mode=band_tiling_balanced_110 slot_span=135 edges=566
HIST mode=band_tiling_balanced_110 slot_span=136 edges=550
HIST mode=band_tiling_balanced_110 slot_span=137 edges=524
HIST mode=band_tiling_balanced_110 slot_span=138 edges=506
HIST mode=band_tiling_balanced_110 slot_span=139 edges=481
HIST mode=band_tiling_balanced_110 slot_span=140 edges=465
HIST mode=band_tiling_balanced_110 slot_span=141 edges=439
HIST mode=band_tiling_balanced_110 slot_span=142 edges=421
HIST mode=band_tiling_balanced_110 slot_span=143 edges=388
HIST mode=band_tiling_balanced_110 slot_span=144 edges=353
HIST mode=band_tiling_balanced_110 slot_span=145 edges=311
HIST mode=band_tiling_balanced_110 slot_span=146 edges=269
HIST mode=band_tiling_balanced_110 slot_span=147 edges=232
HIST mode=band_tiling_balanced_110 slot_span=148 edges=198
HIST mode=band_tiling_balanced_110 slot_span=149 edges=159
HIST mode=band_tiling_balanced_110 slot_span=150 edges=118
HIST mode=band_tiling_balanced_110 slot_span=151 edges=82
HIST mode=band_tiling_balanced_110 slot_span=152 edges=47
HIST mode=band_tiling_balanced_110 slot_span=153 edges=9
SPAN mode=band_tiling_balanced_120 seq=128 workers=16 resident_limit=256 tasks=2104 edges=135774 same_worker_edges=7871 producer_tasks=2100 fence_free_producers=549 cross_worker_fraction=0.942029 same_worker_fraction=0.0579713 used_workers=16 max_queue=170 queue_cap=170 min=-146 p50=54 p95=121 max=165 forward_worker_span=14 slot_span_below_limit=1 resident_grid_safe=1 queue_cycle=0 overresident_proven=0
HIST mode=band_tiling_balanced_120 slot_span=-146 edges=1
HIST mode=band_tiling_balanced_120 slot_span=-145 edges=3
HIST mode=band_tiling_balanced_120 slot_span=-144 edges=5
HIST mode=band_tiling_balanced_120 slot_span=-143 edges=7
HIST mode=band_tiling_balanced_120 slot_span=-142 edges=9
HIST mode=band_tiling_balanced_120 slot_span=-141 edges=11
HIST mode=band_tiling_balanced_120 slot_span=-140 edges=13
HIST mode=band_tiling_balanced_120 slot_span=-139 edges=15
HIST mode=band_tiling_balanced_120 slot_span=-138 edges=17
HIST mode=band_tiling_balanced_120 slot_span=-137 edges=19
HIST mode=band_tiling_balanced_120 slot_span=-136 edges=21
HIST mode=band_tiling_balanced_120 slot_span=-135 edges=23
HIST mode=band_tiling_balanced_120 slot_span=-134 edges=25
HIST mode=band_tiling_balanced_120 slot_span=-133 edges=27
HIST mode=band_tiling_balanced_120 slot_span=-132 edges=29
HIST mode=band_tiling_balanced_120 slot_span=-131 edges=31
HIST mode=band_tiling_balanced_120 slot_span=-130 edges=33
HIST mode=band_tiling_balanced_120 slot_span=-129 edges=35
HIST mode=band_tiling_balanced_120 slot_span=-128 edges=37
HIST mode=band_tiling_balanced_120 slot_span=-127 edges=39
HIST mode=band_tiling_balanced_120 slot_span=-126 edges=41
HIST mode=band_tiling_balanced_120 slot_span=-125 edges=43
HIST mode=band_tiling_balanced_120 slot_span=-124 edges=45
HIST mode=band_tiling_balanced_120 slot_span=-123 edges=47
HIST mode=band_tiling_balanced_120 slot_span=-122 edges=49
HIST mode=band_tiling_balanced_120 slot_span=-121 edges=51
HIST mode=band_tiling_balanced_120 slot_span=-120 edges=53
HIST mode=band_tiling_balanced_120 slot_span=-119 edges=55
HIST mode=band_tiling_balanced_120 slot_span=-118 edges=57
HIST mode=band_tiling_balanced_120 slot_span=-117 edges=59
HIST mode=band_tiling_balanced_120 slot_span=-116 edges=61
HIST mode=band_tiling_balanced_120 slot_span=-115 edges=63
HIST mode=band_tiling_balanced_120 slot_span=-114 edges=65
HIST mode=band_tiling_balanced_120 slot_span=-113 edges=67
HIST mode=band_tiling_balanced_120 slot_span=-112 edges=69
HIST mode=band_tiling_balanced_120 slot_span=-111 edges=71
HIST mode=band_tiling_balanced_120 slot_span=-110 edges=73
HIST mode=band_tiling_balanced_120 slot_span=-109 edges=75
HIST mode=band_tiling_balanced_120 slot_span=-108 edges=77
HIST mode=band_tiling_balanced_120 slot_span=-107 edges=79
HIST mode=band_tiling_balanced_120 slot_span=-106 edges=81
HIST mode=band_tiling_balanced_120 slot_span=-105 edges=83
HIST mode=band_tiling_balanced_120 slot_span=-104 edges=85
HIST mode=band_tiling_balanced_120 slot_span=-103 edges=87
HIST mode=band_tiling_balanced_120 slot_span=-102 edges=90
HIST mode=band_tiling_balanced_120 slot_span=-101 edges=91
HIST mode=band_tiling_balanced_120 slot_span=-100 edges=94
HIST mode=band_tiling_balanced_120 slot_span=-99 edges=95
HIST mode=band_tiling_balanced_120 slot_span=-98 edges=99
HIST mode=band_tiling_balanced_120 slot_span=-97 edges=100
HIST mode=band_tiling_balanced_120 slot_span=-96 edges=102
HIST mode=band_tiling_balanced_120 slot_span=-95 edges=103
HIST mode=band_tiling_balanced_120 slot_span=-94 edges=108
HIST mode=band_tiling_balanced_120 slot_span=-93 edges=110
HIST mode=band_tiling_balanced_120 slot_span=-92 edges=109
HIST mode=band_tiling_balanced_120 slot_span=-91 edges=113
HIST mode=band_tiling_balanced_120 slot_span=-90 edges=116
HIST mode=band_tiling_balanced_120 slot_span=-89 edges=119
HIST mode=band_tiling_balanced_120 slot_span=-88 edges=118
HIST mode=band_tiling_balanced_120 slot_span=-87 edges=121
HIST mode=band_tiling_balanced_120 slot_span=-86 edges=124
HIST mode=band_tiling_balanced_120 slot_span=-85 edges=128
HIST mode=band_tiling_balanced_120 slot_span=-84 edges=127
HIST mode=band_tiling_balanced_120 slot_span=-83 edges=128
HIST mode=band_tiling_balanced_120 slot_span=-82 edges=134
HIST mode=band_tiling_balanced_120 slot_span=-81 edges=135
HIST mode=band_tiling_balanced_120 slot_span=-80 edges=136
HIST mode=band_tiling_balanced_120 slot_span=-79 edges=138
HIST mode=band_tiling_balanced_120 slot_span=-78 edges=141
HIST mode=band_tiling_balanced_120 slot_span=-77 edges=145
HIST mode=band_tiling_balanced_120 slot_span=-76 edges=144
HIST mode=band_tiling_balanced_120 slot_span=-75 edges=147
HIST mode=band_tiling_balanced_120 slot_span=-74 edges=150
HIST mode=band_tiling_balanced_120 slot_span=-73 edges=153
HIST mode=band_tiling_balanced_120 slot_span=-72 edges=152
HIST mode=band_tiling_balanced_120 slot_span=-71 edges=156
HIST mode=band_tiling_balanced_120 slot_span=-70 edges=160
HIST mode=band_tiling_balanced_120 slot_span=-69 edges=160
HIST mode=band_tiling_balanced_120 slot_span=-68 edges=163
HIST mode=band_tiling_balanced_120 slot_span=-67 edges=165
HIST mode=band_tiling_balanced_120 slot_span=-66 edges=173
HIST mode=band_tiling_balanced_120 slot_span=-65 edges=169
HIST mode=band_tiling_balanced_120 slot_span=-64 edges=175
HIST mode=band_tiling_balanced_120 slot_span=-63 edges=178
HIST mode=band_tiling_balanced_120 slot_span=-62 edges=185
HIST mode=band_tiling_balanced_120 slot_span=-61 edges=181
HIST mode=band_tiling_balanced_120 slot_span=-60 edges=188
HIST mode=band_tiling_balanced_120 slot_span=-59 edges=191
HIST mode=band_tiling_balanced_120 slot_span=-58 edges=198
HIST mode=band_tiling_balanced_120 slot_span=-57 edges=192
HIST mode=band_tiling_balanced_120 slot_span=-56 edges=199
HIST mode=band_tiling_balanced_120 slot_span=-55 edges=205
HIST mode=band_tiling_balanced_120 slot_span=-54 edges=210
HIST mode=band_tiling_balanced_120 slot_span=-53 edges=202
HIST mode=band_tiling_balanced_120 slot_span=-52 edges=212
HIST mode=band_tiling_balanced_120 slot_span=-51 edges=218
HIST mode=band_tiling_balanced_120 slot_span=-50 edges=221
HIST mode=band_tiling_balanced_120 slot_span=-49 edges=218
HIST mode=band_tiling_balanced_120 slot_span=-48 edges=230
HIST mode=band_tiling_balanced_120 slot_span=-47 edges=236
HIST mode=band_tiling_balanced_120 slot_span=-46 edges=237
HIST mode=band_tiling_balanced_120 slot_span=-45 edges=230
HIST mode=band_tiling_balanced_120 slot_span=-44 edges=235
HIST mode=band_tiling_balanced_120 slot_span=-43 edges=245
HIST mode=band_tiling_balanced_120 slot_span=-42 edges=241
HIST mode=band_tiling_balanced_120 slot_span=-41 edges=233
HIST mode=band_tiling_balanced_120 slot_span=-40 edges=240
HIST mode=band_tiling_balanced_120 slot_span=-39 edges=249
HIST mode=band_tiling_balanced_120 slot_span=-38 edges=244
HIST mode=band_tiling_balanced_120 slot_span=-37 edges=238
HIST mode=band_tiling_balanced_120 slot_span=-36 edges=244
HIST mode=band_tiling_balanced_120 slot_span=-35 edges=252
HIST mode=band_tiling_balanced_120 slot_span=-34 edges=249
HIST mode=band_tiling_balanced_120 slot_span=-33 edges=242
HIST mode=band_tiling_balanced_120 slot_span=-32 edges=247
HIST mode=band_tiling_balanced_120 slot_span=-31 edges=252
HIST mode=band_tiling_balanced_120 slot_span=-30 edges=246
HIST mode=band_tiling_balanced_120 slot_span=-29 edges=239
HIST mode=band_tiling_balanced_120 slot_span=-28 edges=247
HIST mode=band_tiling_balanced_120 slot_span=-27 edges=255
HIST mode=band_tiling_balanced_120 slot_span=-26 edges=250
HIST mode=band_tiling_balanced_120 slot_span=-25 edges=243
HIST mode=band_tiling_balanced_120 slot_span=-24 edges=249
HIST mode=band_tiling_balanced_120 slot_span=-23 edges=258
HIST mode=band_tiling_balanced_120 slot_span=-22 edges=254
HIST mode=band_tiling_balanced_120 slot_span=-21 edges=249
HIST mode=band_tiling_balanced_120 slot_span=-20 edges=259
HIST mode=band_tiling_balanced_120 slot_span=-19 edges=268
HIST mode=band_tiling_balanced_120 slot_span=-18 edges=264
HIST mode=band_tiling_balanced_120 slot_span=-17 edges=256
HIST mode=band_tiling_balanced_120 slot_span=-16 edges=260
HIST mode=band_tiling_balanced_120 slot_span=-15 edges=268
HIST mode=band_tiling_balanced_120 slot_span=-14 edges=264
HIST mode=band_tiling_balanced_120 slot_span=-13 edges=256
HIST mode=band_tiling_balanced_120 slot_span=-12 edges=260
HIST mode=band_tiling_balanced_120 slot_span=-11 edges=268
HIST mode=band_tiling_balanced_120 slot_span=-10 edges=264
HIST mode=band_tiling_balanced_120 slot_span=-9 edges=260
HIST mode=band_tiling_balanced_120 slot_span=-8 edges=264
HIST mode=band_tiling_balanced_120 slot_span=-7 edges=275
HIST mode=band_tiling_balanced_120 slot_span=-6 edges=271
HIST mode=band_tiling_balanced_120 slot_span=-5 edges=264
HIST mode=band_tiling_balanced_120 slot_span=-4 edges=272
HIST mode=band_tiling_balanced_120 slot_span=-3 edges=278
HIST mode=band_tiling_balanced_120 slot_span=-2 edges=279
HIST mode=band_tiling_balanced_120 slot_span=-1 edges=290
HIST mode=band_tiling_balanced_120 slot_span=0 edges=388
HIST mode=band_tiling_balanced_120 slot_span=1 edges=1073
HIST mode=band_tiling_balanced_120 slot_span=2 edges=356
HIST mode=band_tiling_balanced_120 slot_span=3 edges=403
HIST mode=band_tiling_balanced_120 slot_span=4 edges=413
HIST mode=band_tiling_balanced_120 slot_span=5 edges=478
HIST mode=band_tiling_balanced_120 slot_span=6 edges=470
HIST mode=band_tiling_balanced_120 slot_span=7 edges=525
HIST mode=band_tiling_balanced_120 slot_span=8 edges=532
HIST mode=band_tiling_balanced_120 slot_span=9 edges=598
HIST mode=band_tiling_balanced_120 slot_span=10 edges=592
HIST mode=band_tiling_balanced_120 slot_span=11 edges=643
HIST mode=band_tiling_balanced_120 slot_span=12 edges=652
HIST mode=band_tiling_balanced_120 slot_span=13 edges=718
HIST mode=band_tiling_balanced_120 slot_span=14 edges=709
HIST mode=band_tiling_balanced_120 slot_span=15 edges=756
HIST mode=band_tiling_balanced_120 slot_span=16 edges=766
HIST mode=band_tiling_balanced_120 slot_span=17 edges=827
HIST mode=band_tiling_balanced_120 slot_span=18 edges=821
HIST mode=band_tiling_balanced_120 slot_span=19 edges=868
HIST mode=band_tiling_balanced_120 slot_span=20 edges=879
HIST mode=band_tiling_balanced_120 slot_span=21 edges=936
HIST mode=band_tiling_balanced_120 slot_span=22 edges=936
HIST mode=band_tiling_balanced_120 slot_span=23 edges=987
HIST mode=band_tiling_balanced_120 slot_span=24 edges=972
HIST mode=band_tiling_balanced_120 slot_span=25 edges=1007
HIST mode=band_tiling_balanced_120 slot_span=26 edges=973
HIST mode=band_tiling_balanced_120 slot_span=27 edges=990
HIST mode=band_tiling_balanced_120 slot_span=28 edges=966
HIST mode=band_tiling_balanced_120 slot_span=29 edges=996
HIST mode=band_tiling_balanced_120 slot_span=30 edges=966
HIST mode=band_tiling_balanced_120 slot_span=31 edges=979
HIST mode=band_tiling_balanced_120 slot_span=32 edges=960
HIST mode=band_tiling_balanced_120 slot_span=33 edges=986
HIST mode=band_tiling_balanced_120 slot_span=34 edges=957
HIST mode=band_tiling_balanced_120 slot_span=35 edges=971
HIST mode=band_tiling_balanced_120 slot_span=36 edges=952
HIST mode=band_tiling_balanced_120 slot_span=37 edges=981
HIST mode=band_tiling_balanced_120 slot_span=38 edges=941
HIST mode=band_tiling_balanced_120 slot_span=39 edges=959
HIST mode=band_tiling_balanced_120 slot_span=40 edges=931
HIST mode=band_tiling_balanced_120 slot_span=41 edges=969
HIST mode=band_tiling_balanced_120 slot_span=42 edges=931
HIST mode=band_tiling_balanced_120 slot_span=43 edges=948
HIST mode=band_tiling_balanced_120 slot_span=44 edges=924
HIST mode=band_tiling_balanced_120 slot_span=45 edges=960
HIST mode=band_tiling_balanced_120 slot_span=46 edges=934
HIST mode=band_tiling_balanced_120 slot_span=47 edges=944
HIST mode=band_tiling_balanced_120 slot_span=48 edges=933
HIST mode=band_tiling_balanced_120 slot_span=49 edges=956
HIST mode=band_tiling_balanced_120 slot_span=50 edges=937
HIST mode=band_tiling_balanced_120 slot_span=51 edges=944
HIST mode=band_tiling_balanced_120 slot_span=52 edges=933
HIST mode=band_tiling_balanced_120 slot_span=53 edges=953
HIST mode=band_tiling_balanced_120 slot_span=54 edges=941
HIST mode=band_tiling_balanced_120 slot_span=55 edges=950
HIST mode=band_tiling_balanced_120 slot_span=56 edges=932
HIST mode=band_tiling_balanced_120 slot_span=57 edges=969
HIST mode=band_tiling_balanced_120 slot_span=58 edges=934
HIST mode=band_tiling_balanced_120 slot_span=59 edges=956
HIST mode=band_tiling_balanced_120 slot_span=60 edges=927
HIST mode=band_tiling_balanced_120 slot_span=61 edges=964
HIST mode=band_tiling_balanced_120 slot_span=62 edges=919
HIST mode=band_tiling_balanced_120 slot_span=63 edges=954
HIST mode=band_tiling_balanced_120 slot_span=64 edges=923
HIST mode=band_tiling_balanced_120 slot_span=65 edges=959
HIST mode=band_tiling_balanced_120 slot_span=66 edges=930
HIST mode=band_tiling_balanced_120 slot_span=67 edges=939
HIST mode=band_tiling_balanced_120 slot_span=68 edges=924
HIST mode=band_tiling_balanced_120 slot_span=69 edges=952
HIST mode=band_tiling_balanced_120 slot_span=70 edges=919
HIST mode=band_tiling_balanced_120 slot_span=71 edges=941
HIST mode=band_tiling_balanced_120 slot_span=72 edges=913
HIST mode=band_tiling_balanced_120 slot_span=73 edges=947
HIST mode=band_tiling_balanced_120 slot_span=74 edges=909
HIST mode=band_tiling_balanced_120 slot_span=75 edges=933
HIST mode=band_tiling_balanced_120 slot_span=76 edges=900
HIST mode=band_tiling_balanced_120 slot_span=77 edges=937
HIST mode=band_tiling_balanced_120 slot_span=78 edges=896
HIST mode=band_tiling_balanced_120 slot_span=79 edges=907
HIST mode=band_tiling_balanced_120 slot_span=80 edges=903
HIST mode=band_tiling_balanced_120 slot_span=81 edges=937
HIST mode=band_tiling_balanced_120 slot_span=82 edges=941
HIST mode=band_tiling_balanced_120 slot_span=83 edges=939
HIST mode=band_tiling_balanced_120 slot_span=84 edges=950
HIST mode=band_tiling_balanced_120 slot_span=85 edges=980
HIST mode=band_tiling_balanced_120 slot_span=86 edges=985
HIST mode=band_tiling_balanced_120 slot_span=87 edges=989
HIST mode=band_tiling_balanced_120 slot_span=88 edges=987
HIST mode=band_tiling_balanced_120 slot_span=89 edges=1031
HIST mode=band_tiling_balanced_120 slot_span=90 edges=1028
HIST mode=band_tiling_balanced_120 slot_span=91 edges=1028
HIST mode=band_tiling_balanced_120 slot_span=92 edges=1026
HIST mode=band_tiling_balanced_120 slot_span=93 edges=1064
HIST mode=band_tiling_balanced_120 slot_span=94 edges=1066
HIST mode=band_tiling_balanced_120 slot_span=95 edges=1075
HIST mode=band_tiling_balanced_120 slot_span=96 edges=1066
HIST mode=band_tiling_balanced_120 slot_span=97 edges=1106
HIST mode=band_tiling_balanced_120 slot_span=98 edges=1106
HIST mode=band_tiling_balanced_120 slot_span=99 edges=1107
HIST mode=band_tiling_balanced_120 slot_span=100 edges=1091
HIST mode=band_tiling_balanced_120 slot_span=101 edges=1096
HIST mode=band_tiling_balanced_120 slot_span=102 edges=1056
HIST mode=band_tiling_balanced_120 slot_span=103 edges=1031
HIST mode=band_tiling_balanced_120 slot_span=104 edges=978
HIST mode=band_tiling_balanced_120 slot_span=105 edges=982
HIST mode=band_tiling_balanced_120 slot_span=106 edges=920
HIST mode=band_tiling_balanced_120 slot_span=107 edges=901
HIST mode=band_tiling_balanced_120 slot_span=108 edges=846
HIST mode=band_tiling_balanced_120 slot_span=109 edges=848
HIST mode=band_tiling_balanced_120 slot_span=110 edges=788
HIST mode=band_tiling_balanced_120 slot_span=111 edges=771
HIST mode=band_tiling_balanced_120 slot_span=112 edges=714
HIST mode=band_tiling_balanced_120 slot_span=113 edges=714
HIST mode=band_tiling_balanced_120 slot_span=114 edges=659
HIST mode=band_tiling_balanced_120 slot_span=115 edges=639
HIST mode=band_tiling_balanced_120 slot_span=116 edges=587
HIST mode=band_tiling_balanced_120 slot_span=117 edges=579
HIST mode=band_tiling_balanced_120 slot_span=118 edges=533
HIST mode=band_tiling_balanced_120 slot_span=119 edges=512
HIST mode=band_tiling_balanced_120 slot_span=120 edges=463
HIST mode=band_tiling_balanced_120 slot_span=121 edges=454
HIST mode=band_tiling_balanced_120 slot_span=122 edges=409
HIST mode=band_tiling_balanced_120 slot_span=123 edges=389
HIST mode=band_tiling_balanced_120 slot_span=124 edges=360
HIST mode=band_tiling_balanced_120 slot_span=125 edges=360
HIST mode=band_tiling_balanced_120 slot_span=126 edges=359
HIST mode=band_tiling_balanced_120 slot_span=127 edges=356
HIST mode=band_tiling_balanced_120 slot_span=128 edges=354
HIST mode=band_tiling_balanced_120 slot_span=129 edges=351
HIST mode=band_tiling_balanced_120 slot_span=130 edges=340
HIST mode=band_tiling_balanced_120 slot_span=131 edges=323
HIST mode=band_tiling_balanced_120 slot_span=132 edges=306
HIST mode=band_tiling_balanced_120 slot_span=133 edges=291
HIST mode=band_tiling_balanced_120 slot_span=134 edges=276
HIST mode=band_tiling_balanced_120 slot_span=135 edges=259
HIST mode=band_tiling_balanced_120 slot_span=136 edges=242
HIST mode=band_tiling_balanced_120 slot_span=137 edges=227
HIST mode=band_tiling_balanced_120 slot_span=138 edges=212
HIST mode=band_tiling_balanced_120 slot_span=139 edges=195
HIST mode=band_tiling_balanced_120 slot_span=140 edges=178
HIST mode=band_tiling_balanced_120 slot_span=141 edges=163
HIST mode=band_tiling_balanced_120 slot_span=142 edges=148
HIST mode=band_tiling_balanced_120 slot_span=143 edges=132
HIST mode=band_tiling_balanced_120 slot_span=144 edges=117
HIST mode=band_tiling_balanced_120 slot_span=145 edges=103
HIST mode=band_tiling_balanced_120 slot_span=146 edges=87
HIST mode=band_tiling_balanced_120 slot_span=147 edges=70
HIST mode=band_tiling_balanced_120 slot_span=148 edges=54
HIST mode=band_tiling_balanced_120 slot_span=149 edges=39
HIST mode=band_tiling_balanced_120 slot_span=150 edges=24
HIST mode=band_tiling_balanced_120 slot_span=151 edges=8
HIST mode=band_tiling_balanced_120 slot_span=152 edges=1
HIST mode=band_tiling_balanced_120 slot_span=153 edges=2
HIST mode=band_tiling_balanced_120 slot_span=154 edges=1
HIST mode=band_tiling_balanced_120 slot_span=156 edges=1
HIST mode=band_tiling_balanced_120 slot_span=157 edges=2
HIST mode=band_tiling_balanced_120 slot_span=158 edges=1
HIST mode=band_tiling_balanced_120 slot_span=160 edges=1
HIST mode=band_tiling_balanced_120 slot_span=161 edges=1
HIST mode=band_tiling_balanced_120 slot_span=162 edges=1
HIST mode=band_tiling_balanced_120 slot_span=164 edges=1
HIST mode=band_tiling_balanced_120 slot_span=165 edges=1
SPAN mode=wavefront_balanced_100 seq=128 workers=16 resident_limit=256 tasks=2104 edges=135774 same_worker_edges=10284 producer_tasks=2100 fence_free_producers=571 cross_worker_fraction=0.924256 same_worker_fraction=0.0757435 used_workers=16 max_queue=142 queue_cap=142 min=-115 p50=69 p95=124 max=141 forward_worker_span=14 slot_span_below_limit=1 resident_grid_safe=1 queue_cycle=0 overresident_proven=0
HIST mode=wavefront_balanced_100 slot_span=-115 edges=4
HIST mode=wavefront_balanced_100 slot_span=-114 edges=6
HIST mode=wavefront_balanced_100 slot_span=-113 edges=5
HIST mode=wavefront_balanced_100 slot_span=-112 edges=5
HIST mode=wavefront_balanced_100 slot_span=-111 edges=10
HIST mode=wavefront_balanced_100 slot_span=-110 edges=11
HIST mode=wavefront_balanced_100 slot_span=-109 edges=10
HIST mode=wavefront_balanced_100 slot_span=-108 edges=12
HIST mode=wavefront_balanced_100 slot_span=-107 edges=15
HIST mode=wavefront_balanced_100 slot_span=-106 edges=16
HIST mode=wavefront_balanced_100 slot_span=-105 edges=17
HIST mode=wavefront_balanced_100 slot_span=-104 edges=17
HIST mode=wavefront_balanced_100 slot_span=-103 edges=20
HIST mode=wavefront_balanced_100 slot_span=-102 edges=23
HIST mode=wavefront_balanced_100 slot_span=-101 edges=22
HIST mode=wavefront_balanced_100 slot_span=-100 edges=22
HIST mode=wavefront_balanced_100 slot_span=-99 edges=27
HIST mode=wavefront_balanced_100 slot_span=-98 edges=28
HIST mode=wavefront_balanced_100 slot_span=-97 edges=27
HIST mode=wavefront_balanced_100 slot_span=-96 edges=29
HIST mode=wavefront_balanced_100 slot_span=-95 edges=32
HIST mode=wavefront_balanced_100 slot_span=-94 edges=33
HIST mode=wavefront_balanced_100 slot_span=-93 edges=34
HIST mode=wavefront_balanced_100 slot_span=-92 edges=34
HIST mode=wavefront_balanced_100 slot_span=-91 edges=37
HIST mode=wavefront_balanced_100 slot_span=-90 edges=40
HIST mode=wavefront_balanced_100 slot_span=-89 edges=39
HIST mode=wavefront_balanced_100 slot_span=-88 edges=39
HIST mode=wavefront_balanced_100 slot_span=-87 edges=44
HIST mode=wavefront_balanced_100 slot_span=-86 edges=45
HIST mode=wavefront_balanced_100 slot_span=-85 edges=44
HIST mode=wavefront_balanced_100 slot_span=-84 edges=46
HIST mode=wavefront_balanced_100 slot_span=-83 edges=49
HIST mode=wavefront_balanced_100 slot_span=-82 edges=50
HIST mode=wavefront_balanced_100 slot_span=-81 edges=51
HIST mode=wavefront_balanced_100 slot_span=-80 edges=51
HIST mode=wavefront_balanced_100 slot_span=-79 edges=55
HIST mode=wavefront_balanced_100 slot_span=-78 edges=61
HIST mode=wavefront_balanced_100 slot_span=-77 edges=58
HIST mode=wavefront_balanced_100 slot_span=-76 edges=60
HIST mode=wavefront_balanced_100 slot_span=-75 edges=64
HIST mode=wavefront_balanced_100 slot_span=-74 edges=68
HIST mode=wavefront_balanced_100 slot_span=-73 edges=65
HIST mode=wavefront_balanced_100 slot_span=-72 edges=70
HIST mode=wavefront_balanced_100 slot_span=-71 edges=71
HIST mode=wavefront_balanced_100 slot_span=-70 edges=75
HIST mode=wavefront_balanced_100 slot_span=-69 edges=76
HIST mode=wavefront_balanced_100 slot_span=-68 edges=79
HIST mode=wavefront_balanced_100 slot_span=-67 edges=79
HIST mode=wavefront_balanced_100 slot_span=-66 edges=86
HIST mode=wavefront_balanced_100 slot_span=-65 edges=84
HIST mode=wavefront_balanced_100 slot_span=-64 edges=86
HIST mode=wavefront_balanced_100 slot_span=-63 edges=90
HIST mode=wavefront_balanced_100 slot_span=-62 edges=93
HIST mode=wavefront_balanced_100 slot_span=-61 edges=93
HIST mode=wavefront_balanced_100 slot_span=-60 edges=96
HIST mode=wavefront_balanced_100 slot_span=-59 edges=99
HIST mode=wavefront_balanced_100 slot_span=-58 edges=102
HIST mode=wavefront_balanced_100 slot_span=-57 edges=102
HIST mode=wavefront_balanced_100 slot_span=-56 edges=105
HIST mode=wavefront_balanced_100 slot_span=-55 edges=107
HIST mode=wavefront_balanced_100 slot_span=-54 edges=112
HIST mode=wavefront_balanced_100 slot_span=-53 edges=110
HIST mode=wavefront_balanced_100 slot_span=-52 edges=114
HIST mode=wavefront_balanced_100 slot_span=-51 edges=115
HIST mode=wavefront_balanced_100 slot_span=-50 edges=121
HIST mode=wavefront_balanced_100 slot_span=-49 edges=118
HIST mode=wavefront_balanced_100 slot_span=-48 edges=123
HIST mode=wavefront_balanced_100 slot_span=-47 edges=124
HIST mode=wavefront_balanced_100 slot_span=-46 edges=129
HIST mode=wavefront_balanced_100 slot_span=-45 edges=130
HIST mode=wavefront_balanced_100 slot_span=-44 edges=138
HIST mode=wavefront_balanced_100 slot_span=-43 edges=139
HIST mode=wavefront_balanced_100 slot_span=-42 edges=140
HIST mode=wavefront_balanced_100 slot_span=-41 edges=143
HIST mode=wavefront_balanced_100 slot_span=-40 edges=144
HIST mode=wavefront_balanced_100 slot_span=-39 edges=150
HIST mode=wavefront_balanced_100 slot_span=-38 edges=155
HIST mode=wavefront_balanced_100 slot_span=-37 edges=156
HIST mode=wavefront_balanced_100 slot_span=-36 edges=160
HIST mode=wavefront_balanced_100 slot_span=-35 edges=163
HIST mode=wavefront_balanced_100 slot_span=-34 edges=164
HIST mode=wavefront_balanced_100 slot_span=-33 edges=170
HIST mode=wavefront_balanced_100 slot_span=-32 edges=169
HIST mode=wavefront_balanced_100 slot_span=-31 edges=174
HIST mode=wavefront_balanced_100 slot_span=-30 edges=171
HIST mode=wavefront_balanced_100 slot_span=-29 edges=174
HIST mode=wavefront_balanced_100 slot_span=-28 edges=174
HIST mode=wavefront_balanced_100 slot_span=-27 edges=179
HIST mode=wavefront_balanced_100 slot_span=-26 edges=183
HIST mode=wavefront_balanced_100 slot_span=-25 edges=186
HIST mode=wavefront_balanced_100 slot_span=-24 edges=187
HIST mode=wavefront_balanced_100 slot_span=-23 edges=193
HIST mode=wavefront_balanced_100 slot_span=-22 edges=193
HIST mode=wavefront_balanced_100 slot_span=-21 edges=201
HIST mode=wavefront_balanced_100 slot_span=-20 edges=204
HIST mode=wavefront_balanced_100 slot_span=-19 edges=210
HIST mode=wavefront_balanced_100 slot_span=-18 edges=215
HIST mode=wavefront_balanced_100 slot_span=-17 edges=217
HIST mode=wavefront_balanced_100 slot_span=-16 edges=218
HIST mode=wavefront_balanced_100 slot_span=-15 edges=224
HIST mode=wavefront_balanced_100 slot_span=-14 edges=226
HIST mode=wavefront_balanced_100 slot_span=-13 edges=231
HIST mode=wavefront_balanced_100 slot_span=-12 edges=230
HIST mode=wavefront_balanced_100 slot_span=-11 edges=237
HIST mode=wavefront_balanced_100 slot_span=-10 edges=238
HIST mode=wavefront_balanced_100 slot_span=-9 edges=248
HIST mode=wavefront_balanced_100 slot_span=-8 edges=248
HIST mode=wavefront_balanced_100 slot_span=-7 edges=254
HIST mode=wavefront_balanced_100 slot_span=-6 edges=258
HIST mode=wavefront_balanced_100 slot_span=-5 edges=264
HIST mode=wavefront_balanced_100 slot_span=-4 edges=268
HIST mode=wavefront_balanced_100 slot_span=-3 edges=269
HIST mode=wavefront_balanced_100 slot_span=-2 edges=278
HIST mode=wavefront_balanced_100 slot_span=-1 edges=296
HIST mode=wavefront_balanced_100 slot_span=0 edges=329
HIST mode=wavefront_balanced_100 slot_span=1 edges=911
HIST mode=wavefront_balanced_100 slot_span=2 edges=372
HIST mode=wavefront_balanced_100 slot_span=3 edges=400
HIST mode=wavefront_balanced_100 slot_span=4 edges=384
HIST mode=wavefront_balanced_100 slot_span=5 edges=439
HIST mode=wavefront_balanced_100 slot_span=6 edges=423
HIST mode=wavefront_balanced_100 slot_span=7 edges=483
HIST mode=wavefront_balanced_100 slot_span=8 edges=457
HIST mode=wavefront_balanced_100 slot_span=9 edges=524
HIST mode=wavefront_balanced_100 slot_span=10 edges=508
HIST mode=wavefront_balanced_100 slot_span=11 edges=566
HIST mode=wavefront_balanced_100 slot_span=12 edges=542
HIST mode=wavefront_balanced_100 slot_span=13 edges=614
HIST mode=wavefront_balanced_100 slot_span=14 edges=587
HIST mode=wavefront_balanced_100 slot_span=15 edges=650
HIST mode=wavefront_balanced_100 slot_span=16 edges=633
HIST mode=wavefront_balanced_100 slot_span=17 edges=682
HIST mode=wavefront_balanced_100 slot_span=18 edges=663
HIST mode=wavefront_balanced_100 slot_span=19 edges=729
HIST mode=wavefront_balanced_100 slot_span=20 edges=701
HIST mode=wavefront_balanced_100 slot_span=21 edges=762
HIST mode=wavefront_balanced_100 slot_span=22 edges=747
HIST mode=wavefront_balanced_100 slot_span=23 edges=798
HIST mode=wavefront_balanced_100 slot_span=24 edges=778
HIST mode=wavefront_balanced_100 slot_span=25 edges=846
HIST mode=wavefront_balanced_100 slot_span=26 edges=795
HIST mode=wavefront_balanced_100 slot_span=27 edges=838
HIST mode=wavefront_balanced_100 slot_span=28 edges=799
HIST mode=wavefront_balanced_100 slot_span=29 edges=833
HIST mode=wavefront_balanced_100 slot_span=30 edges=790
HIST mode=wavefront_balanced_100 slot_span=31 edges=840
HIST mode=wavefront_balanced_100 slot_span=32 edges=787
HIST mode=wavefront_balanced_100 slot_span=33 edges=834
HIST mode=wavefront_balanced_100 slot_span=34 edges=791
HIST mode=wavefront_balanced_100 slot_span=35 edges=829
HIST mode=wavefront_balanced_100 slot_span=36 edges=790
HIST mode=wavefront_balanced_100 slot_span=37 edges=827
HIST mode=wavefront_balanced_100 slot_span=38 edges=780
HIST mode=wavefront_balanced_100 slot_span=39 edges=826
HIST mode=wavefront_balanced_100 slot_span=40 edges=798
HIST mode=wavefront_balanced_100 slot_span=41 edges=842
HIST mode=wavefront_balanced_100 slot_span=42 edges=810
HIST mode=wavefront_balanced_100 slot_span=43 edges=863
HIST mode=wavefront_balanced_100 slot_span=44 edges=824
HIST mode=wavefront_balanced_100 slot_span=45 edges=864
HIST mode=wavefront_balanced_100 slot_span=46 edges=845
HIST mode=wavefront_balanced_100 slot_span=47 edges=883
HIST mode=wavefront_balanced_100 slot_span=48 edges=866
HIST mode=wavefront_balanced_100 slot_span=49 edges=907
HIST mode=wavefront_balanced_100 slot_span=50 edges=878
HIST mode=wavefront_balanced_100 slot_span=51 edges=928
HIST mode=wavefront_balanced_100 slot_span=52 edges=904
HIST mode=wavefront_balanced_100 slot_span=53 edges=943
HIST mode=wavefront_balanced_100 slot_span=54 edges=917
HIST mode=wavefront_balanced_100 slot_span=55 edges=968
HIST mode=wavefront_balanced_100 slot_span=56 edges=940
HIST mode=wavefront_balanced_100 slot_span=57 edges=980
HIST mode=wavefront_balanced_100 slot_span=58 edges=961
HIST mode=wavefront_balanced_100 slot_span=59 edges=999
HIST mode=wavefront_balanced_100 slot_span=60 edges=978
HIST mode=wavefront_balanced_100 slot_span=61 edges=1024
HIST mode=wavefront_balanced_100 slot_span=62 edges=990
HIST mode=wavefront_balanced_100 slot_span=63 edges=1042
HIST mode=wavefront_balanced_100 slot_span=64 edges=1008
HIST mode=wavefront_balanced_100 slot_span=65 edges=1035
HIST mode=wavefront_balanced_100 slot_span=66 edges=1001
HIST mode=wavefront_balanced_100 slot_span=67 edges=1045
HIST mode=wavefront_balanced_100 slot_span=68 edges=1006
HIST mode=wavefront_balanced_100 slot_span=69 edges=1047
HIST mode=wavefront_balanced_100 slot_span=70 edges=1015
HIST mode=wavefront_balanced_100 slot_span=71 edges=1041
HIST mode=wavefront_balanced_100 slot_span=72 edges=1019
HIST mode=wavefront_balanced_100 slot_span=73 edges=1047
HIST mode=wavefront_balanced_100 slot_span=74 edges=1030
HIST mode=wavefront_balanced_100 slot_span=75 edges=1038
HIST mode=wavefront_balanced_100 slot_span=76 edges=1007
HIST mode=wavefront_balanced_100 slot_span=77 edges=997
HIST mode=wavefront_balanced_100 slot_span=78 edges=999
HIST mode=wavefront_balanced_100 slot_span=79 edges=1010
HIST mode=wavefront_balanced_100 slot_span=80 edges=1008
HIST mode=wavefront_balanced_100 slot_span=81 edges=1023
HIST mode=wavefront_balanced_100 slot_span=82 edges=1043
HIST mode=wavefront_balanced_100 slot_span=83 edges=1039
HIST mode=wavefront_balanced_100 slot_span=84 edges=1067
HIST mode=wavefront_balanced_100 slot_span=85 edges=1075
HIST mode=wavefront_balanced_100 slot_span=86 edges=1085
HIST mode=wavefront_balanced_100 slot_span=87 edges=1107
HIST mode=wavefront_balanced_100 slot_span=88 edges=1108
HIST mode=wavefront_balanced_100 slot_span=89 edges=1126
HIST mode=wavefront_balanced_100 slot_span=90 edges=1137
HIST mode=wavefront_balanced_100 slot_span=91 edges=1157
HIST mode=wavefront_balanced_100 slot_span=92 edges=1167
HIST mode=wavefront_balanced_100 slot_span=93 edges=1168
HIST mode=wavefront_balanced_100 slot_span=94 edges=1194
HIST mode=wavefront_balanced_100 slot_span=95 edges=1201
HIST mode=wavefront_balanced_100 slot_span=96 edges=1215
HIST mode=wavefront_balanced_100 slot_span=97 edges=1235
HIST mode=wavefront_balanced_100 slot_span=98 edges=1225
HIST mode=wavefront_balanced_100 slot_span=99 edges=1254
HIST mode=wavefront_balanced_100 slot_span=100 edges=1267
HIST mode=wavefront_balanced_100 slot_span=101 edges=1270
HIST mode=wavefront_balanced_100 slot_span=102 edges=1284
HIST mode=wavefront_balanced_100 slot_span=103 edges=1283
HIST mode=wavefront_balanced_100 slot_span=104 edges=1289
HIST mode=wavefront_balanced_100 slot_span=105 edges=1292
HIST mode=wavefront_balanced_100 slot_span=106 edges=1282
HIST mode=wavefront_balanced_100 slot_span=107 edges=1288
HIST mode=wavefront_balanced_100 slot_span=108 edges=1273
HIST mode=wavefront_balanced_100 slot_span=109 edges=1273
HIST mode=wavefront_balanced_100 slot_span=110 edges=1261
HIST mode=wavefront_balanced_100 slot_span=111 edges=1231
HIST mode=wavefront_balanced_100 slot_span=112 edges=1228
HIST mode=wavefront_balanced_100 slot_span=113 edges=1194
HIST mode=wavefront_balanced_100 slot_span=114 edges=1170
HIST mode=wavefront_balanced_100 slot_span=115 edges=1164
HIST mode=wavefront_balanced_100 slot_span=116 edges=1129
HIST mode=wavefront_balanced_100 slot_span=117 edges=1121
HIST mode=wavefront_balanced_100 slot_span=118 edges=1088
HIST mode=wavefront_balanced_100 slot_span=119 edges=1034
HIST mode=wavefront_balanced_100 slot_span=120 edges=995
HIST mode=wavefront_balanced_100 slot_span=121 edges=930
HIST mode=wavefront_balanced_100 slot_span=122 edges=889
HIST mode=wavefront_balanced_100 slot_span=123 edges=839
HIST mode=wavefront_balanced_100 slot_span=124 edges=781
HIST mode=wavefront_balanced_100 slot_span=125 edges=739
HIST mode=wavefront_balanced_100 slot_span=126 edges=679
HIST mode=wavefront_balanced_100 slot_span=127 edges=635
HIST mode=wavefront_balanced_100 slot_span=128 edges=588
HIST mode=wavefront_balanced_100 slot_span=129 edges=531
HIST mode=wavefront_balanced_100 slot_span=130 edges=483
HIST mode=wavefront_balanced_100 slot_span=131 edges=430
HIST mode=wavefront_balanced_100 slot_span=132 edges=390
HIST mode=wavefront_balanced_100 slot_span=133 edges=338
HIST mode=wavefront_balanced_100 slot_span=134 edges=282
HIST mode=wavefront_balanced_100 slot_span=135 edges=243
HIST mode=wavefront_balanced_100 slot_span=136 edges=201
HIST mode=wavefront_balanced_100 slot_span=137 edges=168
HIST mode=wavefront_balanced_100 slot_span=138 edges=136
HIST mode=wavefront_balanced_100 slot_span=139 edges=98
HIST mode=wavefront_balanced_100 slot_span=140 edges=68
HIST mode=wavefront_balanced_100 slot_span=141 edges=37
SPAN mode=wavefront_balanced_110 seq=128 workers=16 resident_limit=256 tasks=2104 edges=135774 same_worker_edges=10649 producer_tasks=2100 fence_free_producers=541 cross_worker_fraction=0.921568 same_worker_fraction=0.0784318 used_workers=16 max_queue=156 queue_cap=156 min=-131 p50=63 p95=135 max=155 forward_worker_span=14 slot_span_below_limit=1 resident_grid_safe=1 queue_cycle=0 overresident_proven=0
HIST mode=wavefront_balanced_110 slot_span=-131 edges=6
HIST mode=wavefront_balanced_110 slot_span=-130 edges=2
HIST mode=wavefront_balanced_110 slot_span=-129 edges=4
HIST mode=wavefront_balanced_110 slot_span=-128 edges=7
HIST mode=wavefront_balanced_110 slot_span=-127 edges=9
HIST mode=wavefront_balanced_110 slot_span=-126 edges=9
HIST mode=wavefront_balanced_110 slot_span=-125 edges=10
HIST mode=wavefront_balanced_110 slot_span=-124 edges=14
HIST mode=wavefront_balanced_110 slot_span=-123 edges=17
HIST mode=wavefront_balanced_110 slot_span=-122 edges=15
HIST mode=wavefront_balanced_110 slot_span=-121 edges=17
HIST mode=wavefront_balanced_110 slot_span=-120 edges=21
HIST mode=wavefront_balanced_110 slot_span=-119 edges=23
HIST mode=wavefront_balanced_110 slot_span=-118 edges=21
HIST mode=wavefront_balanced_110 slot_span=-117 edges=24
HIST mode=wavefront_balanced_110 slot_span=-116 edges=27
HIST mode=wavefront_balanced_110 slot_span=-115 edges=29
HIST mode=wavefront_balanced_110 slot_span=-114 edges=28
HIST mode=wavefront_balanced_110 slot_span=-113 edges=30
HIST mode=wavefront_balanced_110 slot_span=-112 edges=33
HIST mode=wavefront_balanced_110 slot_span=-111 edges=36
HIST mode=wavefront_balanced_110 slot_span=-110 edges=34
HIST mode=wavefront_balanced_110 slot_span=-109 edges=36
HIST mode=wavefront_balanced_110 slot_span=-108 edges=41
HIST mode=wavefront_balanced_110 slot_span=-107 edges=43
HIST mode=wavefront_balanced_110 slot_span=-106 edges=42
HIST mode=wavefront_balanced_110 slot_span=-105 edges=44
HIST mode=wavefront_balanced_110 slot_span=-104 edges=48
HIST mode=wavefront_balanced_110 slot_span=-103 edges=52
HIST mode=wavefront_balanced_110 slot_span=-102 edges=51
HIST mode=wavefront_balanced_110 slot_span=-101 edges=52
HIST mode=wavefront_balanced_110 slot_span=-100 edges=57
HIST mode=wavefront_balanced_110 slot_span=-99 edges=60
HIST mode=wavefront_balanced_110 slot_span=-98 edges=57
HIST mode=wavefront_balanced_110 slot_span=-97 edges=60
HIST mode=wavefront_balanced_110 slot_span=-96 edges=65
HIST mode=wavefront_balanced_110 slot_span=-95 edges=67
HIST mode=wavefront_balanced_110 slot_span=-94 edges=66
HIST mode=wavefront_balanced_110 slot_span=-93 edges=69
HIST mode=wavefront_balanced_110 slot_span=-92 edges=72
HIST mode=wavefront_balanced_110 slot_span=-91 edges=76
HIST mode=wavefront_balanced_110 slot_span=-90 edges=75
HIST mode=wavefront_balanced_110 slot_span=-89 edges=76
HIST mode=wavefront_balanced_110 slot_span=-88 edges=81
HIST mode=wavefront_balanced_110 slot_span=-87 edges=84
HIST mode=wavefront_balanced_110 slot_span=-86 edges=81
HIST mode=wavefront_balanced_110 slot_span=-85 edges=85
HIST mode=wavefront_balanced_110 slot_span=-84 edges=89
HIST mode=wavefront_balanced_110 slot_span=-83 edges=90
HIST mode=wavefront_balanced_110 slot_span=-82 edges=90
HIST mode=wavefront_balanced_110 slot_span=-81 edges=93
HIST mode=wavefront_balanced_110 slot_span=-80 edges=95
HIST mode=wavefront_balanced_110 slot_span=-79 edges=99
HIST mode=wavefront_balanced_110 slot_span=-78 edges=98
HIST mode=wavefront_balanced_110 slot_span=-77 edges=99
HIST mode=wavefront_balanced_110 slot_span=-76 edges=104
HIST mode=wavefront_balanced_110 slot_span=-75 edges=107
HIST mode=wavefront_balanced_110 slot_span=-74 edges=104
HIST mode=wavefront_balanced_110 slot_span=-73 edges=108
HIST mode=wavefront_balanced_110 slot_span=-72 edges=112
HIST mode=wavefront_balanced_110 slot_span=-71 edges=113
HIST mode=wavefront_balanced_110 slot_span=-70 edges=114
HIST mode=wavefront_balanced_110 slot_span=-69 edges=117
HIST mode=wavefront_balanced_110 slot_span=-68 edges=121
HIST mode=wavefront_balanced_110 slot_span=-67 edges=123
HIST mode=wavefront_balanced_110 slot_span=-66 edges=124
HIST mode=wavefront_balanced_110 slot_span=-65 edges=123
HIST mode=wavefront_balanced_110 slot_span=-64 edges=130
HIST mode=wavefront_balanced_110 slot_span=-63 edges=131
HIST mode=wavefront_balanced_110 slot_span=-62 edges=130
HIST mode=wavefront_balanced_110 slot_span=-61 edges=132
HIST mode=wavefront_balanced_110 slot_span=-60 edges=139
HIST mode=wavefront_balanced_110 slot_span=-59 edges=137
HIST mode=wavefront_balanced_110 slot_span=-58 edges=139
HIST mode=wavefront_balanced_110 slot_span=-57 edges=140
HIST mode=wavefront_balanced_110 slot_span=-56 edges=143
HIST mode=wavefront_balanced_110 slot_span=-55 edges=145
HIST mode=wavefront_balanced_110 slot_span=-54 edges=146
HIST mode=wavefront_balanced_110 slot_span=-53 edges=145
HIST mode=wavefront_balanced_110 slot_span=-52 edges=152
HIST mode=wavefront_balanced_110 slot_span=-51 edges=151
HIST mode=wavefront_balanced_110 slot_span=-50 edges=153
HIST mode=wavefront_balanced_110 slot_span=-49 edges=155
HIST mode=wavefront_balanced_110 slot_span=-48 edges=162
HIST mode=wavefront_balanced_110 slot_span=-47 edges=160
HIST mode=wavefront_balanced_110 slot_span=-46 edges=165
HIST mode=wavefront_balanced_110 slot_span=-45 edges=165
HIST mode=wavefront_balanced_110 slot_span=-44 edges=170
HIST mode=wavefront_balanced_110 slot_span=-43 edges=172
HIST mode=wavefront_balanced_110 slot_span=-42 edges=172
HIST mode=wavefront_balanced_110 slot_span=-41 edges=173
HIST mode=wavefront_balanced_110 slot_span=-40 edges=180
HIST mode=wavefront_balanced_110 slot_span=-39 edges=180
HIST mode=wavefront_balanced_110 slot_span=-38 edges=181
HIST mode=wavefront_balanced_110 slot_span=-37 edges=183
HIST mode=wavefront_balanced_110 slot_span=-36 edges=190
HIST mode=wavefront_balanced_110 slot_span=-35 edges=188
HIST mode=wavefront_balanced_110 slot_span=-34 edges=193
HIST mode=wavefront_balanced_110 slot_span=-33 edges=193
HIST mode=wavefront_balanced_110 slot_span=-32 edges=199
HIST mode=wavefront_balanced_110 slot_span=-31 edges=200
HIST mode=wavefront_balanced_110 slot_span=-30 edges=201
HIST mode=wavefront_balanced_110 slot_span=-29 edges=201
HIST mode=wavefront_balanced_110 slot_span=-28 edges=205
HIST mode=wavefront_balanced_110 slot_span=-27 edges=208
HIST mode=wavefront_balanced_110 slot_span=-26 edges=207
HIST mode=wavefront_balanced_110 slot_span=-25 edges=213
HIST mode=wavefront_balanced_110 slot_span=-24 edges=219
HIST mode=wavefront_balanced_110 slot_span=-23 edges=216
HIST mode=wavefront_balanced_110 slot_span=-22 edges=216
HIST mode=wavefront_balanced_110 slot_span=-21 edges=220
HIST mode=wavefront_balanced_110 slot_span=-20 edges=225
HIST mode=wavefront_balanced_110 slot_span=-19 edges=227
HIST mode=wavefront_balanced_110 slot_span=-18 edges=231
HIST mode=wavefront_balanced_110 slot_span=-17 edges=231
HIST mode=wavefront_balanced_110 slot_span=-16 edges=237
HIST mode=wavefront_balanced_110 slot_span=-15 edges=238
HIST mode=wavefront_balanced_110 slot_span=-14 edges=238
HIST mode=wavefront_balanced_110 slot_span=-13 edges=240
HIST mode=wavefront_balanced_110 slot_span=-12 edges=246
HIST mode=wavefront_balanced_110 slot_span=-11 edges=246
HIST mode=wavefront_balanced_110 slot_span=-10 edges=248
HIST mode=wavefront_balanced_110 slot_span=-9 edges=252
HIST mode=wavefront_balanced_110 slot_span=-8 edges=258
HIST mode=wavefront_balanced_110 slot_span=-7 edges=262
HIST mode=wavefront_balanced_110 slot_span=-6 edges=265
HIST mode=wavefront_balanced_110 slot_span=-5 edges=263
HIST mode=wavefront_balanced_110 slot_span=-4 edges=274
HIST mode=wavefront_balanced_110 slot_span=-3 edges=274
HIST mode=wavefront_balanced_110 slot_span=-2 edges=277
HIST mode=wavefront_balanced_110 slot_span=-1 edges=284
HIST mode=wavefront_balanced_110 slot_span=0 edges=417
HIST mode=wavefront_balanced_110 slot_span=1 edges=933
HIST mode=wavefront_balanced_110 slot_span=2 edges=348
HIST mode=wavefront_balanced_110 slot_span=3 edges=385
HIST mode=wavefront_balanced_110 slot_span=4 edges=392
HIST mode=wavefront_balanced_110 slot_span=5 edges=427
HIST mode=wavefront_balanced_110 slot_span=6 edges=436
HIST mode=wavefront_balanced_110 slot_span=7 edges=483
HIST mode=wavefront_balanced_110 slot_span=8 edges=478
HIST mode=wavefront_balanced_110 slot_span=9 edges=529
HIST mode=wavefront_balanced_110 slot_span=10 edges=533
HIST mode=wavefront_balanced_110 slot_span=11 edges=568
HIST mode=wavefront_balanced_110 slot_span=12 edges=579
HIST mode=wavefront_balanced_110 slot_span=13 edges=626
HIST mode=wavefront_balanced_110 slot_span=14 edges=619
HIST mode=wavefront_balanced_110 slot_span=15 edges=666
HIST mode=wavefront_balanced_110 slot_span=16 edges=670
HIST mode=wavefront_balanced_110 slot_span=17 edges=701
HIST mode=wavefront_balanced_110 slot_span=18 edges=708
HIST mode=wavefront_balanced_110 slot_span=19 edges=758
HIST mode=wavefront_balanced_110 slot_span=20 edges=745
HIST mode=wavefront_balanced_110 slot_span=21 edges=796
HIST mode=wavefront_balanced_110 slot_span=22 edges=795
HIST mode=wavefront_balanced_110 slot_span=23 edges=833
HIST mode=wavefront_balanced_110 slot_span=24 edges=852
HIST mode=wavefront_balanced_110 slot_span=25 edges=875
HIST mode=wavefront_balanced_110 slot_span=26 edges=865
HIST mode=wavefront_balanced_110 slot_span=27 edges=890
HIST mode=wavefront_balanced_110 slot_span=28 edges=888
HIST mode=wavefront_balanced_110 slot_span=29 edges=897
HIST mode=wavefront_balanced_110 slot_span=30 edges=892
HIST mode=wavefront_balanced_110 slot_span=31 edges=920
HIST mode=wavefront_balanced_110 slot_span=32 edges=902
HIST mode=wavefront_balanced_110 slot_span=33 edges=925
HIST mode=wavefront_balanced_110 slot_span=34 edges=921
HIST mode=wavefront_balanced_110 slot_span=35 edges=934
HIST mode=wavefront_balanced_110 slot_span=36 edges=927
HIST mode=wavefront_balanced_110 slot_span=37 edges=951
HIST mode=wavefront_balanced_110 slot_span=38 edges=934
HIST mode=wavefront_balanced_110 slot_span=39 edges=959
HIST mode=wavefront_balanced_110 slot_span=40 edges=956
HIST mode=wavefront_balanced_110 slot_span=41 edges=964
HIST mode=wavefront_balanced_110 slot_span=42 edges=959
HIST mode=wavefront_balanced_110 slot_span=43 edges=991
HIST mode=wavefront_balanced_110 slot_span=44 edges=971
HIST mode=wavefront_balanced_110 slot_span=45 edges=986
HIST mode=wavefront_balanced_110 slot_span=46 edges=992
HIST mode=wavefront_balanced_110 slot_span=47 edges=987
HIST mode=wavefront_balanced_110 slot_span=48 edges=971
HIST mode=wavefront_balanced_110 slot_span=49 edges=990
HIST mode=wavefront_balanced_110 slot_span=50 edges=961
HIST mode=wavefront_balanced_110 slot_span=51 edges=968
HIST mode=wavefront_balanced_110 slot_span=52 edges=966
HIST mode=wavefront_balanced_110 slot_span=53 edges=959
HIST mode=wavefront_balanced_110 slot_span=54 edges=942
HIST mode=wavefront_balanced_110 slot_span=55 edges=963
HIST mode=wavefront_balanced_110 slot_span=56 edges=935
HIST mode=wavefront_balanced_110 slot_span=57 edges=940
HIST mode=wavefront_balanced_110 slot_span=58 edges=938
HIST mode=wavefront_balanced_110 slot_span=59 edges=931
HIST mode=wavefront_balanced_110 slot_span=60 edges=916
HIST mode=wavefront_balanced_110 slot_span=61 edges=938
HIST mode=wavefront_balanced_110 slot_span=62 edges=910
HIST mode=wavefront_balanced_110 slot_span=63 edges=922
HIST mode=wavefront_balanced_110 slot_span=64 edges=931
HIST mode=wavefront_balanced_110 slot_span=65 edges=914
HIST mode=wavefront_balanced_110 slot_span=66 edges=906
HIST mode=wavefront_balanced_110 slot_span=67 edges=918
HIST mode=wavefront_balanced_110 slot_span=68 edges=908
HIST mode=wavefront_balanced_110 slot_span=69 edges=901
HIST mode=wavefront_balanced_110 slot_span=70 edges=907
HIST mode=wavefront_balanced_110 slot_span=71 edges=893
HIST mode=wavefront_balanced_110 slot_span=72 edges=878
HIST mode=wavefront_balanced_110 slot_span=73 edges=879
HIST mode=wavefront_balanced_110 slot_span=74 edges=869
HIST mode=wavefront_balanced_110 slot_span=75 edges=856
HIST mode=wavefront_balanced_110 slot_span=76 edges=867
HIST mode=wavefront_balanced_110 slot_span=77 edges=849
HIST mode=wavefront_balanced_110 slot_span=78 edges=842
HIST mode=wavefront_balanced_110 slot_span=79 edges=845
HIST mode=wavefront_balanced_110 slot_span=80 edges=837
HIST mode=wavefront_balanced_110 slot_span=81 edges=821
HIST mode=wavefront_balanced_110 slot_span=82 edges=831
HIST mode=wavefront_balanced_110 slot_span=83 edges=826
HIST mode=wavefront_balanced_110 slot_span=84 edges=825
HIST mode=wavefront_balanced_110 slot_span=85 edges=838
HIST mode=wavefront_balanced_110 slot_span=86 edges=833
HIST mode=wavefront_balanced_110 slot_span=87 edges=830
HIST mode=wavefront_balanced_110 slot_span=88 edges=846
HIST mode=wavefront_balanced_110 slot_span=89 edges=839
HIST mode=wavefront_balanced_110 slot_span=90 edges=837
HIST mode=wavefront_balanced_110 slot_span=91 edges=849
HIST mode=wavefront_balanced_110 slot_span=92 edges=847
HIST mode=wavefront_balanced_110 slot_span=93 edges=841
HIST mode=wavefront_balanced_110 slot_span=94 edges=857
HIST mode=wavefront_balanced_110 slot_span=95 edges=849
HIST mode=wavefront_balanced_110 slot_span=96 edges=850
HIST mode=wavefront_balanced_110 slot_span=97 edges=868
HIST mode=wavefront_balanced_110 slot_span=98 edges=866
HIST mode=wavefront_balanced_110 slot_span=99 edges=867
HIST mode=wavefront_balanced_110 slot_span=100 edges=884
HIST mode=wavefront_balanced_110 slot_span=101 edges=882
HIST mode=wavefront_balanced_110 slot_span=102 edges=882
HIST mode=wavefront_balanced_110 slot_span=103 edges=892
HIST mode=wavefront_balanced_110 slot_span=104 edges=882
HIST mode=wavefront_balanced_110 slot_span=105 edges=871
HIST mode=wavefront_balanced_110 slot_span=106 edges=877
HIST mode=wavefront_balanced_110 slot_span=107 edges=863
HIST mode=wavefront_balanced_110 slot_span=108 edges=857
HIST mode=wavefront_balanced_110 slot_span=109 edges=865
HIST mode=wavefront_balanced_110 slot_span=110 edges=855
HIST mode=wavefront_balanced_110 slot_span=111 edges=850
HIST mode=wavefront_balanced_110 slot_span=112 edges=859
HIST mode=wavefront_balanced_110 slot_span=113 edges=849
HIST mode=wavefront_balanced_110 slot_span=114 edges=843
HIST mode=wavefront_balanced_110 slot_span=115 edges=852
HIST mode=wavefront_balanced_110 slot_span=116 edges=843
HIST mode=wavefront_balanced_110 slot_span=117 edges=837
HIST mode=wavefront_balanced_110 slot_span=118 edges=845
HIST mode=wavefront_balanced_110 slot_span=119 edges=836
HIST mode=wavefront_balanced_110 slot_span=120 edges=831
HIST mode=wavefront_balanced_110 slot_span=121 edges=839
HIST mode=wavefront_balanced_110 slot_span=122 edges=829
HIST mode=wavefront_balanced_110 slot_span=123 edges=824
HIST mode=wavefront_balanced_110 slot_span=124 edges=833
HIST mode=wavefront_balanced_110 slot_span=125 edges=822
HIST mode=wavefront_balanced_110 slot_span=126 edges=816
HIST mode=wavefront_balanced_110 slot_span=127 edges=821
HIST mode=wavefront_balanced_110 slot_span=128 edges=805
HIST mode=wavefront_balanced_110 slot_span=129 edges=792
HIST mode=wavefront_balanced_110 slot_span=130 edges=792
HIST mode=wavefront_balanced_110 slot_span=131 edges=770
HIST mode=wavefront_balanced_110 slot_span=132 edges=756
HIST mode=wavefront_balanced_110 slot_span=133 edges=738
HIST mode=wavefront_balanced_110 slot_span=134 edges=706
HIST mode=wavefront_balanced_110 slot_span=135 edges=664
HIST mode=wavefront_balanced_110 slot_span=136 edges=633
HIST mode=wavefront_balanced_110 slot_span=137 edges=603
HIST mode=wavefront_balanced_110 slot_span=138 edges=561
HIST mode=wavefront_balanced_110 slot_span=139 edges=528
HIST mode=wavefront_balanced_110 slot_span=140 edges=498
HIST mode=wavefront_balanced_110 slot_span=141 edges=459
HIST mode=wavefront_balanced_110 slot_span=142 edges=425
HIST mode=wavefront_balanced_110 slot_span=143 edges=393
HIST mode=wavefront_balanced_110 slot_span=144 edges=354
HIST mode=wavefront_balanced_110 slot_span=145 edges=324
HIST mode=wavefront_balanced_110 slot_span=146 edges=292
HIST mode=wavefront_balanced_110 slot_span=147 edges=252
HIST mode=wavefront_balanced_110 slot_span=148 edges=220
HIST mode=wavefront_balanced_110 slot_span=149 edges=194
HIST mode=wavefront_balanced_110 slot_span=150 edges=154
HIST mode=wavefront_balanced_110 slot_span=151 edges=128
HIST mode=wavefront_balanced_110 slot_span=152 edges=107
HIST mode=wavefront_balanced_110 slot_span=153 edges=77
HIST mode=wavefront_balanced_110 slot_span=154 edges=52
HIST mode=wavefront_balanced_110 slot_span=155 edges=30
SPAN mode=wavefront_balanced_120 seq=128 workers=16 resident_limit=256 tasks=2104 edges=135774 same_worker_edges=9628 producer_tasks=2100 fence_free_producers=602 cross_worker_fraction=0.929088 same_worker_fraction=0.070912 used_workers=16 max_queue=170 queue_cap=170 min=-146 p50=64 p95=140 max=169 forward_worker_span=14 slot_span_below_limit=1 resident_grid_safe=1 queue_cycle=0 overresident_proven=0
HIST mode=wavefront_balanced_120 slot_span=-146 edges=1
HIST mode=wavefront_balanced_120 slot_span=-145 edges=2
HIST mode=wavefront_balanced_120 slot_span=-144 edges=4
HIST mode=wavefront_balanced_120 slot_span=-143 edges=6
HIST mode=wavefront_balanced_120 slot_span=-142 edges=7
HIST mode=wavefront_balanced_120 slot_span=-141 edges=8
HIST mode=wavefront_balanced_120 slot_span=-140 edges=11
HIST mode=wavefront_balanced_120 slot_span=-139 edges=11
HIST mode=wavefront_balanced_120 slot_span=-138 edges=14
HIST mode=wavefront_balanced_120 slot_span=-137 edges=15
HIST mode=wavefront_balanced_120 slot_span=-136 edges=16
HIST mode=wavefront_balanced_120 slot_span=-135 edges=18
HIST mode=wavefront_balanced_120 slot_span=-134 edges=21
HIST mode=wavefront_balanced_120 slot_span=-133 edges=20
HIST mode=wavefront_balanced_120 slot_span=-132 edges=23
HIST mode=wavefront_balanced_120 slot_span=-131 edges=25
HIST mode=wavefront_balanced_120 slot_span=-130 edges=26
HIST mode=wavefront_balanced_120 slot_span=-129 edges=27
HIST mode=wavefront_balanced_120 slot_span=-128 edges=30
HIST mode=wavefront_balanced_120 slot_span=-127 edges=30
HIST mode=wavefront_balanced_120 slot_span=-126 edges=33
HIST mode=wavefront_balanced_120 slot_span=-125 edges=34
HIST mode=wavefront_balanced_120 slot_span=-124 edges=35
HIST mode=wavefront_balanced_120 slot_span=-123 edges=37
HIST mode=wavefront_balanced_120 slot_span=-122 edges=40
HIST mode=wavefront_balanced_120 slot_span=-121 edges=39
HIST mode=wavefront_balanced_120 slot_span=-120 edges=42
HIST mode=wavefront_balanced_120 slot_span=-119 edges=44
HIST mode=wavefront_balanced_120 slot_span=-118 edges=45
HIST mode=wavefront_balanced_120 slot_span=-117 edges=46
HIST mode=wavefront_balanced_120 slot_span=-116 edges=49
HIST mode=wavefront_balanced_120 slot_span=-115 edges=49
HIST mode=wavefront_balanced_120 slot_span=-114 edges=52
HIST mode=wavefront_balanced_120 slot_span=-113 edges=53
HIST mode=wavefront_balanced_120 slot_span=-112 edges=54
HIST mode=wavefront_balanced_120 slot_span=-111 edges=56
HIST mode=wavefront_balanced_120 slot_span=-110 edges=59
HIST mode=wavefront_balanced_120 slot_span=-109 edges=58
HIST mode=wavefront_balanced_120 slot_span=-108 edges=61
HIST mode=wavefront_balanced_120 slot_span=-107 edges=63
HIST mode=wavefront_balanced_120 slot_span=-106 edges=64
HIST mode=wavefront_balanced_120 slot_span=-105 edges=65
HIST mode=wavefront_balanced_120 slot_span=-104 edges=68
HIST mode=wavefront_balanced_120 slot_span=-103 edges=68
HIST mode=wavefront_balanced_120 slot_span=-102 edges=71
HIST mode=wavefront_balanced_120 slot_span=-101 edges=72
HIST mode=wavefront_balanced_120 slot_span=-100 edges=73
HIST mode=wavefront_balanced_120 slot_span=-99 edges=75
HIST mode=wavefront_balanced_120 slot_span=-98 edges=80
HIST mode=wavefront_balanced_120 slot_span=-97 edges=78
HIST mode=wavefront_balanced_120 slot_span=-96 edges=83
HIST mode=wavefront_balanced_120 slot_span=-95 edges=83
HIST mode=wavefront_balanced_120 slot_span=-94 edges=87
HIST mode=wavefront_balanced_120 slot_span=-93 edges=86
HIST mode=wavefront_balanced_120 slot_span=-92 edges=91
HIST mode=wavefront_balanced_120 slot_span=-91 edges=90
HIST mode=wavefront_balanced_120 slot_span=-90 edges=97
HIST mode=wavefront_balanced_120 slot_span=-89 edges=97
HIST mode=wavefront_balanced_120 slot_span=-88 edges=99
HIST mode=wavefront_balanced_120 slot_span=-87 edges=102
HIST mode=wavefront_balanced_120 slot_span=-86 edges=108
HIST mode=wavefront_balanced_120 slot_span=-85 edges=107
HIST mode=wavefront_balanced_120 slot_span=-84 edges=111
HIST mode=wavefront_balanced_120 slot_span=-83 edges=113
HIST mode=wavefront_balanced_120 slot_span=-82 edges=117
HIST mode=wavefront_balanced_120 slot_span=-81 edges=119
HIST mode=wavefront_balanced_120 slot_span=-80 edges=124
HIST mode=wavefront_balanced_120 slot_span=-79 edges=122
HIST mode=wavefront_balanced_120 slot_span=-78 edges=130
HIST mode=wavefront_balanced_120 slot_span=-77 edges=132
HIST mode=wavefront_balanced_120 slot_span=-76 edges=132
HIST mode=wavefront_balanced_120 slot_span=-75 edges=134
HIST mode=wavefront_balanced_120 slot_span=-74 edges=142
HIST mode=wavefront_balanced_120 slot_span=-73 edges=140
HIST mode=wavefront_balanced_120 slot_span=-72 edges=144
HIST mode=wavefront_balanced_120 slot_span=-71 edges=145
HIST mode=wavefront_balanced_120 slot_span=-70 edges=146
HIST mode=wavefront_balanced_120 slot_span=-69 edges=148
HIST mode=wavefront_balanced_120 slot_span=-68 edges=150
HIST mode=wavefront_balanced_120 slot_span=-67 edges=151
HIST mode=wavefront_balanced_120 slot_span=-66 edges=154
HIST mode=wavefront_balanced_120 slot_span=-65 edges=156
HIST mode=wavefront_balanced_120 slot_span=-64 edges=156
HIST mode=wavefront_balanced_120 slot_span=-63 edges=159
HIST mode=wavefront_balanced_120 slot_span=-62 edges=162
HIST mode=wavefront_balanced_120 slot_span=-61 edges=166
HIST mode=wavefront_balanced_120 slot_span=-60 edges=168
HIST mode=wavefront_balanced_120 slot_span=-59 edges=170
HIST mode=wavefront_balanced_120 slot_span=-58 edges=172
HIST mode=wavefront_balanced_120 slot_span=-57 edges=174
HIST mode=wavefront_balanced_120 slot_span=-56 edges=175
HIST mode=wavefront_balanced_120 slot_span=-55 edges=177
HIST mode=wavefront_balanced_120 slot_span=-54 edges=180
HIST mode=wavefront_balanced_120 slot_span=-53 edges=181
HIST mode=wavefront_balanced_120 slot_span=-52 edges=183
HIST mode=wavefront_balanced_120 slot_span=-51 edges=184
HIST mode=wavefront_balanced_120 slot_span=-50 edges=185
HIST mode=wavefront_balanced_120 slot_span=-49 edges=187
HIST mode=wavefront_balanced_120 slot_span=-48 edges=189
HIST mode=wavefront_balanced_120 slot_span=-47 edges=192
HIST mode=wavefront_balanced_120 slot_span=-46 edges=194
HIST mode=wavefront_balanced_120 slot_span=-45 edges=197
HIST mode=wavefront_balanced_120 slot_span=-44 edges=196
HIST mode=wavefront_balanced_120 slot_span=-43 edges=200
HIST mode=wavefront_balanced_120 slot_span=-42 edges=203
HIST mode=wavefront_balanced_120 slot_span=-41 edges=202
HIST mode=wavefront_balanced_120 slot_span=-40 edges=205
HIST mode=wavefront_balanced_120 slot_span=-39 edges=207
HIST mode=wavefront_balanced_120 slot_span=-38 edges=209
HIST mode=wavefront_balanced_120 slot_span=-37 edges=210
HIST mode=wavefront_balanced_120 slot_span=-36 edges=213
HIST mode=wavefront_balanced_120 slot_span=-35 edges=219
HIST mode=wavefront_balanced_120 slot_span=-34 edges=226
HIST mode=wavefront_balanced_120 slot_span=-33 edges=229
HIST mode=wavefront_balanced_120 slot_span=-32 edges=228
HIST mode=wavefront_balanced_120 slot_span=-31 edges=232
HIST mode=wavefront_balanced_120 slot_span=-30 edges=234
HIST mode=wavefront_balanced_120 slot_span=-29 edges=235
HIST mode=wavefront_balanced_120 slot_span=-28 edges=237
HIST mode=wavefront_balanced_120 slot_span=-27 edges=239
HIST mode=wavefront_balanced_120 slot_span=-26 edges=241
HIST mode=wavefront_balanced_120 slot_span=-25 edges=239
HIST mode=wavefront_balanced_120 slot_span=-24 edges=235
HIST mode=wavefront_balanced_120 slot_span=-23 edges=235
HIST mode=wavefront_balanced_120 slot_span=-22 edges=238
HIST mode=wavefront_balanced_120 slot_span=-21 edges=240
HIST mode=wavefront_balanced_120 slot_span=-20 edges=240
HIST mode=wavefront_balanced_120 slot_span=-19 edges=243
HIST mode=wavefront_balanced_120 slot_span=-18 edges=245
HIST mode=wavefront_balanced_120 slot_span=-17 edges=246
HIST mode=wavefront_balanced_120 slot_span=-16 edges=244
HIST mode=wavefront_balanced_120 slot_span=-15 edges=247
HIST mode=wavefront_balanced_120 slot_span=-14 edges=249
HIST mode=wavefront_balanced_120 slot_span=-13 edges=249
HIST mode=wavefront_balanced_120 slot_span=-12 edges=255
HIST mode=wavefront_balanced_120 slot_span=-11 edges=259
HIST mode=wavefront_balanced_120 slot_span=-10 edges=262
HIST mode=wavefront_balanced_120 slot_span=-9 edges=266
HIST mode=wavefront_balanced_120 slot_span=-8 edges=266
HIST mode=wavefront_balanced_120 slot_span=-7 edges=270
HIST mode=wavefront_balanced_120 slot_span=-6 edges=272
HIST mode=wavefront_balanced_120 slot_span=-5 edges=274
HIST mode=wavefront_balanced_120 slot_span=-4 edges=276
HIST mode=wavefront_balanced_120 slot_span=-3 edges=277
HIST mode=wavefront_balanced_120 slot_span=-2 edges=283
HIST mode=wavefront_balanced_120 slot_span=-1 edges=293
HIST mode=wavefront_balanced_120 slot_span=0 edges=358
HIST mode=wavefront_balanced_120 slot_span=1 edges=932
HIST mode=wavefront_balanced_120 slot_span=2 edges=342
HIST mode=wavefront_balanced_120 slot_span=3 edges=385
HIST mode=wavefront_balanced_120 slot_span=4 edges=382
HIST mode=wavefront_balanced_120 slot_span=5 edges=432
HIST mode=wavefront_balanced_120 slot_span=6 edges=427
HIST mode=wavefront_balanced_120 slot_span=7 edges=488
HIST mode=wavefront_balanced_120 slot_span=8 edges=478
HIST mode=wavefront_balanced_120 slot_span=9 edges=528
HIST mode=wavefront_balanced_120 slot_span=10 edges=530
HIST mode=wavefront_balanced_120 slot_span=11 edges=582
HIST mode=wavefront_balanced_120 slot_span=12 edges=567
HIST mode=wavefront_balanced_120 slot_span=13 edges=630
HIST mode=wavefront_balanced_120 slot_span=14 edges=620
HIST mode=wavefront_balanced_120 slot_span=15 edges=666
HIST mode=wavefront_balanced_120 slot_span=16 edges=660
HIST mode=wavefront_balanced_120 slot_span=17 edges=712
HIST mode=wavefront_balanced_120 slot_span=18 edges=702
HIST mode=wavefront_balanced_120 slot_span=19 edges=760
HIST mode=wavefront_balanced_120 slot_span=20 edges=748
HIST mode=wavefront_balanced_120 slot_span=21 edges=798
HIST mode=wavefront_balanced_120 slot_span=22 edges=795
HIST mode=wavefront_balanced_120 slot_span=23 edges=852
HIST mode=wavefront_balanced_120 slot_span=24 edges=818
HIST mode=wavefront_balanced_120 slot_span=25 edges=854
HIST mode=wavefront_balanced_120 slot_span=26 edges=823
HIST mode=wavefront_balanced_120 slot_span=27 edges=850
HIST mode=wavefront_balanced_120 slot_span=28 edges=820
HIST mode=wavefront_balanced_120 slot_span=29 edges=852
HIST mode=wavefront_balanced_120 slot_span=30 edges=810
HIST mode=wavefront_balanced_120 slot_span=31 edges=851
HIST mode=wavefront_balanced_120 slot_span=32 edges=811
HIST mode=wavefront_balanced_120 slot_span=33 edges=843
HIST mode=wavefront_balanced_120 slot_span=34 edges=813
HIST mode=wavefront_balanced_120 slot_span=35 edges=840
HIST mode=wavefront_balanced_120 slot_span=36 edges=802
HIST mode=wavefront_balanced_120 slot_span=37 edges=837
HIST mode=wavefront_balanced_120 slot_span=38 edges=807
HIST mode=wavefront_balanced_120 slot_span=39 edges=826
HIST mode=wavefront_balanced_120 slot_span=40 edges=803
HIST mode=wavefront_balanced_120 slot_span=41 edges=828
HIST mode=wavefront_balanced_120 slot_span=42 edges=790
HIST mode=wavefront_balanced_120 slot_span=43 edges=830
HIST mode=wavefront_balanced_120 slot_span=44 edges=788
HIST mode=wavefront_balanced_120 slot_span=45 edges=820
HIST mode=wavefront_balanced_120 slot_span=46 edges=787
HIST mode=wavefront_balanced_120 slot_span=47 edges=827
HIST mode=wavefront_balanced_120 slot_span=48 edges=778
HIST mode=wavefront_balanced_120 slot_span=49 edges=837
HIST mode=wavefront_balanced_120 slot_span=50 edges=797
HIST mode=wavefront_balanced_120 slot_span=51 edges=833
HIST mode=wavefront_balanced_120 slot_span=52 edges=795
HIST mode=wavefront_balanced_120 slot_span=53 edges=838
HIST mode=wavefront_balanced_120 slot_span=54 edges=797
HIST mode=wavefront_balanced_120 slot_span=55 edges=850
HIST mode=wavefront_balanced_120 slot_span=56 edges=805
HIST mode=wavefront_balanced_120 slot_span=57 edges=839
HIST mode=wavefront_balanced_120 slot_span=58 edges=834
HIST mode=wavefront_balanced_120 slot_span=59 edges=880
HIST mode=wavefront_balanced_120 slot_span=60 edges=857
HIST mode=wavefront_balanced_120 slot_span=61 edges=915
HIST mode=wavefront_balanced_120 slot_span=62 edges=889
HIST mode=wavefront_balanced_120 slot_span=63 edges=939
HIST mode=wavefront_balanced_120 slot_span=64 edges=924
HIST mode=wavefront_balanced_120 slot_span=65 edges=976
HIST mode=wavefront_balanced_120 slot_span=66 edges=940
HIST mode=wavefront_balanced_120 slot_span=67 edges=1013
HIST mode=wavefront_balanced_120 slot_span=68 edges=978
HIST mode=wavefront_balanced_120 slot_span=69 edges=1023
HIST mode=wavefront_balanced_120 slot_span=70 edges=1012
HIST mode=wavefront_balanced_120 slot_span=71 edges=1064
HIST mode=wavefront_balanced_120 slot_span=72 edges=1025
HIST mode=wavefront_balanced_120 slot_span=73 edges=1093
HIST mode=wavefront_balanced_120 slot_span=74 edges=1064
HIST mode=wavefront_balanced_120 slot_span=75 edges=1105
HIST mode=wavefront_balanced_120 slot_span=76 edges=1082
HIST mode=wavefront_balanced_120 slot_span=77 edges=1118
HIST mode=wavefront_balanced_120 slot_span=78 edges=1066
HIST mode=wavefront_balanced_120 slot_span=79 edges=1106
HIST mode=wavefront_balanced_120 slot_span=80 edges=1051
HIST mode=wavefront_balanced_120 slot_span=81 edges=1066
HIST mode=wavefront_balanced_120 slot_span=82 edges=1016
HIST mode=wavefront_balanced_120 slot_span=83 edges=1033
HIST mode=wavefront_balanced_120 slot_span=84 edges=983
HIST mode=wavefront_balanced_120 slot_span=85 edges=1010
HIST mode=wavefront_balanced_120 slot_span=86 edges=951
HIST mode=wavefront_balanced_120 slot_span=87 edges=965
HIST mode=wavefront_balanced_120 slot_span=88 edges=926
HIST mode=wavefront_balanced_120 slot_span=89 edges=945
HIST mode=wavefront_balanced_120 slot_span=90 edges=884
HIST mode=wavefront_balanced_120 slot_span=91 edges=915
HIST mode=wavefront_balanced_120 slot_span=92 edges=856
HIST mode=wavefront_balanced_120 slot_span=93 edges=859
HIST mode=wavefront_balanced_120 slot_span=94 edges=822
HIST mode=wavefront_balanced_120 slot_span=95 edges=818
HIST mode=wavefront_balanced_120 slot_span=96 edges=778
HIST mode=wavefront_balanced_120 slot_span=97 edges=787
HIST mode=wavefront_balanced_120 slot_span=98 edges=754
HIST mode=wavefront_balanced_120 slot_span=99 edges=734
HIST mode=wavefront_balanced_120 slot_span=100 edges=728
HIST mode=wavefront_balanced_120 slot_span=101 edges=723
HIST mode=wavefront_balanced_120 slot_span=102 edges=716
HIST mode=wavefront_balanced_120 slot_span=103 edges=723
HIST mode=wavefront_balanced_120 slot_span=104 edges=717
HIST mode=wavefront_balanced_120 slot_span=105 edges=710
HIST mode=wavefront_balanced_120 slot_span=106 edges=718
HIST mode=wavefront_balanced_120 slot_span=107 edges=712
HIST mode=wavefront_balanced_120 slot_span=108 edges=704
HIST mode=wavefront_balanced_120 slot_span=109 edges=712
HIST mode=wavefront_balanced_120 slot_span=110 edges=707
HIST mode=wavefront_balanced_120 slot_span=111 edges=699
HIST mode=wavefront_balanced_120 slot_span=112 edges=706
HIST mode=wavefront_balanced_120 slot_span=113 edges=701
HIST mode=wavefront_balanced_120 slot_span=114 edges=694
HIST mode=wavefront_balanced_120 slot_span=115 edges=701
HIST mode=wavefront_balanced_120 slot_span=116 edges=695
HIST mode=wavefront_balanced_120 slot_span=117 edges=688
HIST mode=wavefront_balanced_120 slot_span=118 edges=696
HIST mode=wavefront_balanced_120 slot_span=119 edges=690
HIST mode=wavefront_balanced_120 slot_span=120 edges=682
HIST mode=wavefront_balanced_120 slot_span=121 edges=690
HIST mode=wavefront_balanced_120 slot_span=122 edges=685
HIST mode=wavefront_balanced_120 slot_span=123 edges=677
HIST mode=wavefront_balanced_120 slot_span=124 edges=684
HIST mode=wavefront_balanced_120 slot_span=125 edges=679
HIST mode=wavefront_balanced_120 slot_span=126 edges=672
HIST mode=wavefront_balanced_120 slot_span=127 edges=678
HIST mode=wavefront_balanced_120 slot_span=128 edges=671
HIST mode=wavefront_balanced_120 slot_span=129 edges=661
HIST mode=wavefront_balanced_120 slot_span=130 edges=659
HIST mode=wavefront_balanced_120 slot_span=131 edges=638
HIST mode=wavefront_balanced_120 slot_span=132 edges=614
HIST mode=wavefront_balanced_120 slot_span=133 edges=607
HIST mode=wavefront_balanced_120 slot_span=134 edges=588
HIST mode=wavefront_balanced_120 slot_span=135 edges=565
HIST mode=wavefront_balanced_120 slot_span=136 edges=556
HIST mode=wavefront_balanced_120 slot_span=137 edges=536
HIST mode=wavefront_balanced_120 slot_span=138 edges=515
HIST mode=wavefront_balanced_120 slot_span=139 edges=507
HIST mode=wavefront_balanced_120 slot_span=140 edges=485
HIST mode=wavefront_balanced_120 slot_span=141 edges=463
HIST mode=wavefront_balanced_120 slot_span=142 edges=457
HIST mode=wavefront_balanced_120 slot_span=143 edges=437
HIST mode=wavefront_balanced_120 slot_span=144 edges=415
HIST mode=wavefront_balanced_120 slot_span=145 edges=409
HIST mode=wavefront_balanced_120 slot_span=146 edges=386
HIST mode=wavefront_balanced_120 slot_span=147 edges=362
HIST mode=wavefront_balanced_120 slot_span=148 edges=342
HIST mode=wavefront_balanced_120 slot_span=149 edges=311
HIST mode=wavefront_balanced_120 slot_span=150 edges=283
HIST mode=wavefront_balanced_120 slot_span=151 edges=257
HIST mode=wavefront_balanced_120 slot_span=152 edges=234
HIST mode=wavefront_balanced_120 slot_span=153 edges=220
HIST mode=wavefront_balanced_120 slot_span=154 edges=209
HIST mode=wavefront_balanced_120 slot_span=155 edges=194
HIST mode=wavefront_balanced_120 slot_span=156 edges=180
HIST mode=wavefront_balanced_120 slot_span=157 edges=169
HIST mode=wavefront_balanced_120 slot_span=158 edges=154
HIST mode=wavefront_balanced_120 slot_span=159 edges=140
HIST mode=wavefront_balanced_120 slot_span=160 edges=129
HIST mode=wavefront_balanced_120 slot_span=161 edges=115
HIST mode=wavefront_balanced_120 slot_span=162 edges=99
HIST mode=wavefront_balanced_120 slot_span=163 edges=90
HIST mode=wavefront_balanced_120 slot_span=164 edges=76
HIST mode=wavefront_balanced_120 slot_span=165 edges=61
HIST mode=wavefront_balanced_120 slot_span=166 edges=52
HIST mode=wavefront_balanced_120 slot_span=167 edges=38
HIST mode=wavefront_balanced_120 slot_span=168 edges=23
HIST mode=wavefront_balanced_120 slot_span=169 edges=14
RESULT legal=1 bands=3 bounded_at_fixed_parameters=1
ISL_CONTEXT remaining=0
