DOMAIN { O12[x0] : 0 <= x0 <= 3; O2[x0, x1] : 0 <= x0 <= 3 and 0 <= x1 <= 1; O9[x0, x1] : 0 <= x0 <= 511 and 0 <= x1 <= 3; O0[x0] : 0 <= x0 <= 3; O7[x0, x1] : 0 <= x0 <= 511 and 0 <= x1 <= 1; O6[x0, x1] : 0 <= x0 <= 511 and 0 <= x1 <= 1; O8[x0, x1, x2] : 0 <= x0 <= 511 and 0 <= x1 <= 3 and 0 <= x2 <= 4; O11[x0, x1] : 0 <= x0 <= 3 and 0 <= x1 <= 3; O4[x0, x1] : 0 <= x0 <= 3 and 0 <= x1 <= 3; O17[x0, x1] : 0 <= x0 <= 3 and 0 <= x1 <= 3; O16[x0, x1] : 0 <= x0 <= 3 and 0 <= x1 <= 3; O3[x0, x1] : 0 <= x0 <= 3 and 0 <= x1 <= 1; O13[x0, x1] : 0 <= x0 <= 3 and 0 <= x1 <= 7; O15[x0, x1] : 0 <= x0 <= 3 and 0 <= x1 <= 7; O14[x0, x1] : 0 <= x0 <= 3 and 0 <= x1 <= 7; O1[x0, x1] : 0 <= x0 <= 3 and 0 <= x1 <= 3; O5[x0, x1] : 0 <= x0 <= 3 and 0 <= x1 <= 1; O10[x0, x1] : 0 <= x0 <= 3 and 0 <= x1 <= 3 }
VALIDITY_PRODUCER_TO_CONSUMER { O3[p0, p1] -> O7[row, hh = p1] : 0 <= p0 <= 3 and 0 <= p1 <= 1 and row >= 128p0 and 0 <= row <= 511 and row <= 127 + 128p0; O11[p0, p1] -> O12[i = p0] : 0 <= p0 <= 3 and 0 <= p1 <= 3; O8[p0, p1, p2] -> O9[s = p0, h = p1] : 0 <= p0 <= 511 and 0 <= p1 <= 3 and 0 <= p2 <= 4; O13[p0, p1] -> O15[m = p0, n = p1] : 0 <= p0 <= 3 and 0 <= p1 <= 7; O2[p0, p1] -> O5[m = p0, hh = p1] : 0 <= p0 <= 3 and 0 <= p1 <= 1; O0[p0] -> O1[m = p0, n] : 0 <= p0 <= 3 and 0 <= n <= 3; O6[p0, p1] -> O8[s, h, j] : 0 <= p0 <= 511 and 0 <= p1 <= 1 and 0 <= s <= 511 and h >= 2p1 and 0 <= h <= 3 and h <= 1 + 2p1 and 0 <= j <= 4 and -124 + p0 <= 128j <= 3 + p0; O7[p0, p1] -> O8[s, h, j] : 0 <= p0 <= 511 and 0 <= p1 <= 1 and 0 <= s <= 511 and h >= 2p1 and 0 <= h <= 3 and h <= 1 + 2p1 and 0 <= j <= 4 and -124 + p0 <= 128j <= 3 + p0; O9[p0, p1] -> O10[m, n] : 0 <= p0 <= 511 and 0 <= p1 <= 3 and 0 <= m <= 3 and -127 + p0 <= 128m <= p0 and 0 <= n <= 3; O11[p0, p1] -> O17[m = p0, n = p1] : 0 <= p0 <= 3 and 0 <= p1 <= 3; O16[p0, p1] -> O17[m = p0, n = p1] : 0 <= p0 <= 3 and 0 <= p1 <= 3; O0[p0] -> O2[m = p0, n] : 0 <= p0 <= 3 and 0 <= n <= 1; O0[p0] -> O3[m = p0, n] : 0 <= p0 <= 3 and 0 <= n <= 1; O12[p0] -> O13[m = p0, n] : 0 <= p0 <= 3 and 0 <= n <= 7; O10[p0, p1] -> O11[m = p0, n = p1] : 0 <= p0 <= 3 and 0 <= p1 <= 3; O1[p0, p1] -> O4[m = p0, hh = p1] : 0 <= p0 <= 3 and 0 <= p1 <= 3; O5[p0, p1] -> O6[row, hh = p1] : 0 <= p0 <= 3 and 0 <= p1 <= 1 and row >= 128p0 and 0 <= row <= 511 and row <= 127 + 128p0; O14[p0, p1] -> O15[m = p0, n = p1] : 0 <= p0 <= 3 and 0 <= p1 <= 7; O4[p0, p1] -> O8[s, h = p1, j] : 0 <= p0 <= 3 and 0 <= p1 <= 3 and s >= 128p0 and 0 <= s <= 511 and s <= 127 + 128p0 and 0 <= j <= 4; O12[p0] -> O14[m = p0, n] : 0 <= p0 <= 3 and 0 <= n <= 7; O15[p0, p1] -> O16[m = p0, n] : 0 <= p0 <= 3 and 0 <= p1 <= 7 and 0 <= n <= 3 }
SCHEDULE { domain: "{ O12[x0] : 0 <= x0 <= 3; O2[x0, x1] : 0 <= x0 <= 3 and 0 <= x1 <= 1; O9[x0, x1] : 0 <= x0 <= 511 and 0 <= x1 <= 3; O0[x0] : 0 <= x0 <= 3; O7[x0, x1] : 0 <= x0 <= 511 and 0 <= x1 <= 1; O6[x0, x1] : 0 <= x0 <= 511 and 0 <= x1 <= 1; O8[x0, x1, x2] : 0 <= x0 <= 511 and 0 <= x1 <= 3 and 0 <= x2 <= 4; O11[x0, x1] : 0 <= x0 <= 3 and 0 <= x1 <= 3; O4[x0, x1] : 0 <= x0 <= 3 and 0 <= x1 <= 3; O17[x0, x1] : 0 <= x0 <= 3 and 0 <= x1 <= 3; O16[x0, x1] : 0 <= x0 <= 3 and 0 <= x1 <= 3; O3[x0, x1] : 0 <= x0 <= 3 and 0 <= x1 <= 1; O13[x0, x1] : 0 <= x0 <= 3 and 0 <= x1 <= 7; O15[x0, x1] : 0 <= x0 <= 3 and 0 <= x1 <= 7; O14[x0, x1] : 0 <= x0 <= 3 and 0 <= x1 <= 7; O1[x0, x1] : 0 <= x0 <= 3 and 0 <= x1 <= 3; O5[x0, x1] : 0 <= x0 <= 3 and 0 <= x1 <= 1; O10[x0, x1] : 0 <= x0 <= 3 and 0 <= x1 <= 3 }", child: { sequence: [ { filter: "{ O2[x0, x1]; O0[x0]; O4[x0, x1]; O3[x0, x1]; O1[x0, x1]; O5[x0, x1] }", child: { schedule: "[{ O2[x0, x1] -> [(x0)]; O0[x0] -> [(x0)]; O4[x0, x1] -> [(x0)]; O3[x0, x1] -> [(x0)]; O1[x0, x1] -> [(x0)]; O5[x0, x1] -> [(x0)] }, { O2[x0, x1] -> [(x1)]; O0[x0] -> [(0)]; O4[x0, x1] -> [(x1)]; O3[x0, x1] -> [(x1)]; O1[x0, x1] -> [(x1)]; O5[x0, x1] -> [(x1)] }]", permutable: 1, coincident: [ 1, 1 ], child: { sequence: [ { filter: "{ O0[x0] }" }, { filter: "{ O2[x0, x1]; O4[x0, x1]; O3[x0, x1]; O1[x0, x1]; O5[x0, x1] }", child: { set: [ { filter: "{ O2[x0, x1]; O5[x0, x1] }", child: { sequence: [ { filter: "{ O2[x0, x1] }" }, { filter: "{ O5[x0, x1] }" } ] } }, { filter: "{ O4[x0, x1]; O1[x0, x1] }", child: { sequence: [ { filter: "{ O1[x0, x1] }" }, { filter: "{ O4[x0, x1] }" } ] } }, { filter: "{ O3[x0, x1] }" } ] } } ] } } }, { filter: "{ O7[x0, x1]; O6[x0, x1] }", child: { set: [ { filter: "{ O6[x0, x1] }", child: { schedule: "[{ O6[x0, x1] -> [(x0)] }, { O6[x0, x1] -> [(x1)] }]", permutable: 1, coincident: [ 1, 1 ] } }, { filter: "{ O7[x0, x1] }", child: { schedule: "[{ O7[x0, x1] -> [(x0)] }, { O7[x0, x1] -> [(x1)] }]", permutable: 1, coincident: [ 1, 1 ] } } ] } }, { filter: "{ O9[x0, x1]; O8[x0, x1, x2] }", child: { schedule: "[{ O9[x0, x1] -> [(x0)]; O8[x0, x1, x2] -> [(x0)] }, { O9[x0, x1] -> [(x1)]; O8[x0, x1, x2] -> [(x1)] }, { O9[x0, x1] -> [(4)]; O8[x0, x1, x2] -> [(x2)] }]", permutable: 1, coincident: [ 1, 1, 1 ], child: { sequence: [ { filter: "{ O8[x0, x1, x2] }" }, { filter: "{ O9[x0, x1] }" } ] } } }, { filter: "{ O11[x0, x1]; O13[x0, x1]; O15[x0, x1]; O14[x0, x1]; O12[x0]; O10[x0, x1] }", child: { schedule: "[{ O11[x0, x1] -> [(x0)]; O13[x0, x1] -> [(x0)]; O15[x0, x1] -> [(x0)]; O14[x0, x1] -> [(x0)]; O12[x0] -> [(x0)]; O10[x0, x1] -> [(x0)] }, { O11[x0, x1] -> [(x1)]; O13[x0, x1] -> [(3 + x1)]; O15[x0, x1] -> [(3 + x1)]; O14[x0, x1] -> [(3 + x1)]; O12[x0] -> [(3)]; O10[x0, x1] -> [(x1)] }]", permutable: 1, coincident: [ 1, 1 ], child: { sequence: [ { filter: "{ O10[x0, x1] }" }, { filter: "{ O11[x0, x1] }" }, { filter: "{ O12[x0] }" }, { filter: "{ O13[x0, x1]; O14[x0, x1] }", child: { set: [ { filter: "{ O14[x0, x1] }" }, { filter: "{ O13[x0, x1] }" } ] } }, { filter: "{ O15[x0, x1] }" } ] } } }, { filter: "{ O17[x0, x1]; O16[x0, x1] }", child: { schedule: "[{ O17[x0, x1] -> [(x0)]; O16[x0, x1] -> [(x0)] }, { O17[x0, x1] -> [(x1)]; O16[x0, x1] -> [(x1)] }]", permutable: 1, coincident: [ 1, 1 ], child: { sequence: [ { filter: "{ O16[x0, x1] }" }, { filter: "{ O17[x0, x1] }" } ] } } } ] } }
BAND depth=0 members=2 permutable=1
BAND depth=0 members=2 permutable=1
BAND depth=0 members=2 permutable=1
BAND depth=0 members=3 permutable=1
BAND depth=0 members=2 permutable=1
BAND depth=0 members=2 permutable=1
SCHEDULE_MAP { O0[x0] -> [0, x0, 0, 0, 0, 0] : 0 <= x0 <= 3; O11[x0, x1] -> [3, x0, x1, 1, 0, 0] : 0 <= x0 <= 3 and 0 <= x1 <= 3; O3[x0, x1] -> [0, x0, x1, 1, 2, 0] : 0 <= x0 <= 3 and 0 <= x1 <= 1; O8[x0, x1, x2] -> [2, x0, x1, x2, 0, 0] : 0 <= x0 <= 511 and 0 <= x1 <= 3 and 0 <= x2 <= 4; O4[x0, x1] -> [0, x0, x1, 1, 1, 1] : 0 <= x0 <= 3 and 0 <= x1 <= 3; O7[x0, x1] -> [1, 1, x0, x1, 0, 0] : 0 <= x0 <= 511 and 0 <= x1 <= 1; O15[x0, x1] -> [3, x0, 3 + x1, 4, 0, 0] : 0 <= x0 <= 3 and 0 <= x1 <= 7; O1[x0, x1] -> [0, x0, x1, 1, 1, 0] : 0 <= x0 <= 3 and 0 <= x1 <= 3; O13[x0, x1] -> [3, x0, 3 + x1, 3, 1, 0] : 0 <= x0 <= 3 and 0 <= x1 <= 7; O17[x0, x1] -> [4, x0, x1, 1, 0, 0] : 0 <= x0 <= 3 and 0 <= x1 <= 3; O16[x0, x1] -> [4, x0, x1, 0, 0, 0] : 0 <= x0 <= 3 and 0 <= x1 <= 3; O5[x0, x1] -> [0, x0, x1, 1, 0, 1] : 0 <= x0 <= 3 and 0 <= x1 <= 1; O12[x0] -> [3, x0, 3, 2, 0, 0] : 0 <= x0 <= 3; O14[x0, x1] -> [3, x0, 3 + x1, 3, 0, 0] : 0 <= x0 <= 3 and 0 <= x1 <= 7; O10[x0, x1] -> [3, x0, x1, 0, 0, 0] : 0 <= x0 <= 3 and 0 <= x1 <= 3; O2[x0, x1] -> [0, x0, x1, 1, 0, 0] : 0 <= x0 <= 3 and 0 <= x1 <= 1; O9[x0, x1] -> [2, x0, x1, 4, 1, 0] : 0 <= x0 <= 511 and 0 <= x1 <= 3; O6[x0, x1] -> [1, 0, x0, x1, 0, 0] : 0 <= x0 <= 511 and 0 <= x1 <= 1 }
DIMENSIONS 6
SPAN mode=stage_major seq=512 workers=256 resident_limit=256 tasks=14560 edges=2128248 same_worker_edges=8514 producer_tasks=14544 fence_free_producers=185 cross_worker_fraction=0.996 same_worker_fraction=0.00400047 used_workers=256 max_queue=70 queue_cap=0 min=-8 p50=24 p95=42 max=53 forward_worker_span=255 slot_span_below_limit=1 resident_grid_safe=1 queue_cycle=0 overresident_proven=0
HIST mode=stage_major slot_span=-8 edges=16
HIST mode=stage_major slot_span=-7 edges=16
HIST mode=stage_major slot_span=-5 edges=96
HIST mode=stage_major slot_span=-4 edges=296
HIST mode=stage_major slot_span=-3 edges=748
HIST mode=stage_major slot_span=-2 edges=952
HIST mode=stage_major slot_span=-1 edges=1110
HIST mode=stage_major slot_span=0 edges=1998
HIST mode=stage_major slot_span=1 edges=8266
HIST mode=stage_major slot_span=2 edges=13896
HIST mode=stage_major slot_span=3 edges=21626
HIST mode=stage_major slot_span=4 edges=27606
HIST mode=stage_major slot_span=5 edges=33518
HIST mode=stage_major slot_span=6 edges=40007
HIST mode=stage_major slot_span=7 edges=45399
HIST mode=stage_major slot_span=8 edges=51716
HIST mode=stage_major slot_span=9 edges=51576
HIST mode=stage_major slot_span=10 edges=53223
HIST mode=stage_major slot_span=11 edges=53159
HIST mode=stage_major slot_span=12 edges=53548
HIST mode=stage_major slot_span=13 edges=53824
HIST mode=stage_major slot_span=14 edges=53740
HIST mode=stage_major slot_span=15 edges=52284
HIST mode=stage_major slot_span=16 edges=52944
HIST mode=stage_major slot_span=17 edges=53720
HIST mode=stage_major slot_span=18 edges=53260
HIST mode=stage_major slot_span=19 edges=52736
HIST mode=stage_major slot_span=20 edges=52480
HIST mode=stage_major slot_span=21 edges=52780
HIST mode=stage_major slot_span=22 edges=53740
HIST mode=stage_major slot_span=23 edges=53220
HIST mode=stage_major slot_span=24 edges=52688
HIST mode=stage_major slot_span=25 edges=52076
HIST mode=stage_major slot_span=26 edges=52552
HIST mode=stage_major slot_span=27 edges=53688
HIST mode=stage_major slot_span=28 edges=53400
HIST mode=stage_major slot_span=29 edges=52760
HIST mode=stage_major slot_span=30 edges=52328
HIST mode=stage_major slot_span=31 edges=52748
HIST mode=stage_major slot_span=32 edges=53880
HIST mode=stage_major slot_span=33 edges=53244
HIST mode=stage_major slot_span=34 edges=52780
HIST mode=stage_major slot_span=35 edges=52188
HIST mode=stage_major slot_span=36 edges=52648
HIST mode=stage_major slot_span=37 edges=53228
HIST mode=stage_major slot_span=38 edges=52568
HIST mode=stage_major slot_span=39 edges=51658
HIST mode=stage_major slot_span=40 edges=50762
HIST mode=stage_major slot_span=41 edges=44890
HIST mode=stage_major slot_span=42 edges=39692
HIST mode=stage_major slot_span=43 edges=32878
HIST mode=stage_major slot_span=44 edges=26418
HIST mode=stage_major slot_span=45 edges=19886
HIST mode=stage_major slot_span=46 edges=13765
HIST mode=stage_major slot_span=47 edges=8089
HIST mode=stage_major slot_span=48 edges=1584
HIST mode=stage_major slot_span=49 edges=1228
HIST mode=stage_major slot_span=50 edges=41
HIST mode=stage_major slot_span=51 edges=597
HIST mode=stage_major slot_span=52 edges=364
HIST mode=stage_major slot_span=53 edges=120
SPAN mode=affine seq=512 workers=256 resident_limit=256 tasks=14560 edges=2128248 same_worker_edges=8292 producer_tasks=14544 fence_free_producers=0 cross_worker_fraction=0.996104 same_worker_fraction=0.00389616 used_workers=256 max_queue=57 queue_cap=0 min=0 p50=28 p95=50 max=56 forward_worker_span=255 slot_span_below_limit=1 resident_grid_safe=1 queue_cycle=0 overresident_proven=0
HIST mode=affine slot_span=0 edges=11743
HIST mode=affine slot_span=1 edges=6011
HIST mode=affine slot_span=2 edges=11318
HIST mode=affine slot_span=3 edges=16842
HIST mode=affine slot_span=4 edges=22397
HIST mode=affine slot_span=5 edges=27675
HIST mode=affine slot_span=6 edges=33128
HIST mode=affine slot_span=7 edges=38808
HIST mode=affine slot_span=8 edges=43138
HIST mode=affine slot_span=9 edges=43955
HIST mode=affine slot_span=10 edges=44161
HIST mode=affine slot_span=11 edges=44108
HIST mode=affine slot_span=12 edges=43955
HIST mode=affine slot_span=13 edges=44161
HIST mode=affine slot_span=14 edges=44108
HIST mode=affine slot_span=15 edges=43955
HIST mode=affine slot_span=16 edges=44161
HIST mode=affine slot_span=17 edges=44108
HIST mode=affine slot_span=18 edges=43955
HIST mode=affine slot_span=19 edges=44161
HIST mode=affine slot_span=20 edges=44108
HIST mode=affine slot_span=21 edges=43955
HIST mode=affine slot_span=22 edges=44161
HIST mode=affine slot_span=23 edges=44108
HIST mode=affine slot_span=24 edges=43955
HIST mode=affine slot_span=25 edges=44161
HIST mode=affine slot_span=26 edges=44108
HIST mode=affine slot_span=27 edges=43955
HIST mode=affine slot_span=28 edges=44161
HIST mode=affine slot_span=29 edges=44108
HIST mode=affine slot_span=30 edges=43955
HIST mode=affine slot_span=31 edges=44161
HIST mode=affine slot_span=32 edges=44108
HIST mode=affine slot_span=33 edges=43955
HIST mode=affine slot_span=34 edges=44161
HIST mode=affine slot_span=35 edges=44108
HIST mode=affine slot_span=36 edges=43955
HIST mode=affine slot_span=37 edges=44161
HIST mode=affine slot_span=38 edges=44108
HIST mode=affine slot_span=39 edges=43955
HIST mode=affine slot_span=40 edges=44161
HIST mode=affine slot_span=41 edges=44108
HIST mode=affine slot_span=42 edges=43955
HIST mode=affine slot_span=43 edges=44161
HIST mode=affine slot_span=44 edges=44108
HIST mode=affine slot_span=45 edges=43955
HIST mode=affine slot_span=46 edges=44161
HIST mode=affine slot_span=47 edges=44108
HIST mode=affine slot_span=48 edges=42928
HIST mode=affine slot_span=49 edges=38502
HIST mode=affine slot_span=50 edges=33046
HIST mode=affine slot_span=51 edges=27369
HIST mode=affine slot_span=52 edges=22020
HIST mode=affine slot_span=53 edges=16689
HIST mode=affine slot_span=54 edges=11083
HIST mode=affine slot_span=55 edges=5609
HIST mode=affine slot_span=56 edges=1030
SPAN mode=band_tiling seq=512 workers=256 resident_limit=256 tasks=14560 edges=2128248 same_worker_edges=18888 producer_tasks=14544 fence_free_producers=10424 cross_worker_fraction=0.991125 same_worker_fraction=0.00887491 used_workers=256 max_queue=112 queue_cap=0 min=-13 p50=27 p95=49 max=68 forward_worker_span=255 slot_span_below_limit=1 resident_grid_safe=1 queue_cycle=0 overresident_proven=0
HIST mode=band_tiling slot_span=-13 edges=1008
HIST mode=band_tiling slot_span=-11 edges=1008
HIST mode=band_tiling slot_span=-9 edges=1008
HIST mode=band_tiling slot_span=-7 edges=2016
HIST mode=band_tiling slot_span=-6 edges=252
HIST mode=band_tiling slot_span=-5 edges=1260
HIST mode=band_tiling slot_span=-4 edges=252
HIST mode=band_tiling slot_span=-3 edges=1260
HIST mode=band_tiling slot_span=-2 edges=1260
HIST mode=band_tiling slot_span=-1 edges=1260
HIST mode=band_tiling slot_span=0 edges=1260
HIST mode=band_tiling slot_span=1 edges=2408
HIST mode=band_tiling slot_span=2 edges=17724
HIST mode=band_tiling slot_span=3 edges=18192
HIST mode=band_tiling slot_span=4 edges=35336
HIST mode=band_tiling slot_span=5 edges=34828
HIST mode=band_tiling slot_span=6 edges=32784
HIST mode=band_tiling slot_span=7 edges=32784
HIST mode=band_tiling slot_span=8 edges=47672
HIST mode=band_tiling slot_span=9 edges=48900
HIST mode=band_tiling slot_span=10 edges=48924
HIST mode=band_tiling slot_span=11 edges=49664
HIST mode=band_tiling slot_span=12 edges=32028
HIST mode=band_tiling slot_span=13 edges=48176
HIST mode=band_tiling slot_span=14 edges=47656
HIST mode=band_tiling slot_span=15 edges=64540
HIST mode=band_tiling slot_span=16 edges=49408
HIST mode=band_tiling slot_span=17 edges=49652
HIST mode=band_tiling slot_span=18 edges=33020
HIST mode=band_tiling slot_span=19 edges=47420
HIST mode=band_tiling slot_span=20 edges=49164
HIST mode=band_tiling slot_span=21 edges=49164
HIST mode=band_tiling slot_span=22 edges=50428
HIST mode=band_tiling slot_span=23 edges=33276
HIST mode=band_tiling slot_span=24 edges=34296
HIST mode=band_tiling slot_span=25 edges=32036
HIST mode=band_tiling slot_span=26 edges=48924
HIST mode=band_tiling slot_span=27 edges=33272
HIST mode=band_tiling slot_span=28 edges=50664
HIST mode=band_tiling slot_span=29 edges=33772
HIST mode=band_tiling slot_span=30 edges=34036
HIST mode=band_tiling slot_span=31 edges=33548
HIST mode=band_tiling slot_span=32 edges=48664
HIST mode=band_tiling slot_span=33 edges=49424
HIST mode=band_tiling slot_span=34 edges=50136
HIST mode=band_tiling slot_span=35 edges=49408
HIST mode=band_tiling slot_span=36 edges=33028
HIST mode=band_tiling slot_span=37 edges=47916
HIST mode=band_tiling slot_span=38 edges=48396
HIST mode=band_tiling slot_span=39 edges=64036
HIST mode=band_tiling slot_span=40 edges=50140
HIST mode=band_tiling slot_span=41 edges=48140
HIST mode=band_tiling slot_span=42 edges=33280
HIST mode=band_tiling slot_span=43 edges=46656
HIST mode=band_tiling slot_span=44 edges=49160
HIST mode=band_tiling slot_span=45 edges=48152
HIST mode=band_tiling slot_span=46 edges=49408
HIST mode=band_tiling slot_span=47 edges=32260
HIST mode=band_tiling slot_span=48 edges=33284
HIST mode=band_tiling slot_span=49 edges=32028
HIST mode=band_tiling slot_span=50 edges=33280
HIST mode=band_tiling slot_span=51 edges=17140
HIST mode=band_tiling slot_span=52 edges=17380
HIST mode=band_tiling slot_span=53 edges=1008
HIST mode=band_tiling slot_span=54 edges=1260
HIST mode=band_tiling slot_span=55 edges=780
HIST mode=band_tiling slot_span=56 edges=1004
HIST mode=band_tiling slot_span=57 edges=516
HIST mode=band_tiling slot_span=58 edges=1232
HIST mode=band_tiling slot_span=59 edges=768
HIST mode=band_tiling slot_span=60 edges=1008
HIST mode=band_tiling slot_span=61 edges=768
HIST mode=band_tiling slot_span=62 edges=752
HIST mode=band_tiling slot_span=63 edges=512
HIST mode=band_tiling slot_span=64 edges=748
HIST mode=band_tiling slot_span=65 edges=512
HIST mode=band_tiling slot_span=66 edges=264
HIST mode=band_tiling slot_span=67 edges=256
HIST mode=band_tiling slot_span=68 edges=4
SPAN mode=wavefront seq=512 workers=256 resident_limit=256 tasks=14560 edges=2128248 same_worker_edges=19392 producer_tasks=14544 fence_free_producers=10428 cross_worker_fraction=0.990888 same_worker_fraction=0.00911172 used_workers=256 max_queue=1128 queue_cap=0 min=-1033 p50=-492 p95=-22 max=1088 forward_worker_span=254 slot_span_below_limit=0 resident_grid_safe=1 queue_cycle=0 overresident_proven=0
HIST mode=wavefront slot_span=-1033 edges=504
HIST mode=wavefront slot_span=-1031 edges=504
HIST mode=wavefront slot_span=-1029 edges=504
HIST mode=wavefront slot_span=-1028 edges=504
HIST mode=wavefront slot_span=-1027 edges=504
HIST mode=wavefront slot_span=-1026 edges=504
HIST mode=wavefront slot_span=-1025 edges=504
HIST mode=wavefront slot_span=-1024 edges=504
HIST mode=wavefront slot_span=-1023 edges=506
HIST mode=wavefront slot_span=-1022 edges=1512
HIST mode=wavefront slot_span=-1021 edges=2
HIST mode=wavefront slot_span=-1020 edges=1512
HIST mode=wavefront slot_span=-1019 edges=2
HIST mode=wavefront slot_span=-1018 edges=1516
HIST mode=wavefront slot_span=-1017 edges=508
HIST mode=wavefront slot_span=-1016 edges=1516
HIST mode=wavefront slot_span=-1015 edges=506
HIST mode=wavefront slot_span=-1014 edges=1516
HIST mode=wavefront slot_span=-1013 edges=510
HIST mode=wavefront slot_span=-1012 edges=1516
HIST mode=wavefront slot_span=-1011 edges=1016
HIST mode=wavefront slot_span=-1010 edges=1012
HIST mode=wavefront slot_span=-1009 edges=1518
HIST mode=wavefront slot_span=-1008 edges=1012
HIST mode=wavefront slot_span=-1007 edges=1526
HIST mode=wavefront slot_span=-1006 edges=1008
HIST mode=wavefront slot_span=-1005 edges=1528
HIST mode=wavefront slot_span=-1004 edges=1512
HIST mode=wavefront slot_span=-1003 edges=1526
HIST mode=wavefront slot_span=-1002 edges=1516
HIST mode=wavefront slot_span=-1001 edges=1526
HIST mode=wavefront slot_span=-1000 edges=1516
HIST mode=wavefront slot_span=-999 edges=1526
HIST mode=wavefront slot_span=-998 edges=2524
HIST mode=wavefront slot_span=-997 edges=1020
HIST mode=wavefront slot_span=-996 edges=2528
HIST mode=wavefront slot_span=-995 edges=1016
HIST mode=wavefront slot_span=-994 edges=2532
HIST mode=wavefront slot_span=-993 edges=1520
HIST mode=wavefront slot_span=-992 edges=2532
HIST mode=wavefront slot_span=-991 edges=1520
HIST mode=wavefront slot_span=-990 edges=2532
HIST mode=wavefront slot_span=-989 edges=1524
HIST mode=wavefront slot_span=-988 edges=2532
HIST mode=wavefront slot_span=-987 edges=2028
HIST mode=wavefront slot_span=-986 edges=2028
HIST mode=wavefront slot_span=-985 edges=2028
HIST mode=wavefront slot_span=-984 edges=2028
HIST mode=wavefront slot_span=-983 edges=2036
HIST mode=wavefront slot_span=-982 edges=2024
HIST mode=wavefront slot_span=-981 edges=2036
HIST mode=wavefront slot_span=-980 edges=2024
HIST mode=wavefront slot_span=-979 edges=2036
HIST mode=wavefront slot_span=-978 edges=2028
HIST mode=wavefront slot_span=-977 edges=2036
HIST mode=wavefront slot_span=-976 edges=2028
HIST mode=wavefront slot_span=-975 edges=2036
HIST mode=wavefront slot_span=-974 edges=2028
HIST mode=wavefront slot_span=-973 edges=2036
HIST mode=wavefront slot_span=-972 edges=2032
HIST mode=wavefront slot_span=-971 edges=2032
HIST mode=wavefront slot_span=-970 edges=2032
HIST mode=wavefront slot_span=-969 edges=2032
HIST mode=wavefront slot_span=-968 edges=2032
HIST mode=wavefront slot_span=-967 edges=2032
HIST mode=wavefront slot_span=-966 edges=2032
HIST mode=wavefront slot_span=-965 edges=2032
HIST mode=wavefront slot_span=-964 edges=2032
HIST mode=wavefront slot_span=-963 edges=2032
HIST mode=wavefront slot_span=-962 edges=2032
HIST mode=wavefront slot_span=-961 edges=2032
HIST mode=wavefront slot_span=-960 edges=2032
HIST mode=wavefront slot_span=-959 edges=2032
HIST mode=wavefront slot_span=-958 edges=2032
HIST mode=wavefront slot_span=-957 edges=2032
HIST mode=wavefront slot_span=-956 edges=2032
HIST mode=wavefront slot_span=-955 edges=2032
HIST mode=wavefront slot_span=-954 edges=2032
HIST mode=wavefront slot_span=-953 edges=2032
HIST mode=wavefront slot_span=-952 edges=2032
HIST mode=wavefront slot_span=-951 edges=2032
HIST mode=wavefront slot_span=-950 edges=2032
HIST mode=wavefront slot_span=-949 edges=2032
HIST mode=wavefront slot_span=-948 edges=2032
HIST mode=wavefront slot_span=-947 edges=2032
HIST mode=wavefront slot_span=-946 edges=2032
HIST mode=wavefront slot_span=-945 edges=2032
HIST mode=wavefront slot_span=-944 edges=2032
HIST mode=wavefront slot_span=-943 edges=2032
HIST mode=wavefront slot_span=-942 edges=2032
HIST mode=wavefront slot_span=-941 edges=2032
HIST mode=wavefront slot_span=-940 edges=2032
HIST mode=wavefront slot_span=-939 edges=2032
HIST mode=wavefront slot_span=-938 edges=2032
HIST mode=wavefront slot_span=-937 edges=2032
HIST mode=wavefront slot_span=-936 edges=2032
HIST mode=wavefront slot_span=-935 edges=2032
HIST mode=wavefront slot_span=-934 edges=2032
HIST mode=wavefront slot_span=-933 edges=2032
HIST mode=wavefront slot_span=-932 edges=2032
HIST mode=wavefront slot_span=-931 edges=2032
HIST mode=wavefront slot_span=-930 edges=2032
HIST mode=wavefront slot_span=-929 edges=2032
HIST mode=wavefront slot_span=-928 edges=2032
HIST mode=wavefront slot_span=-927 edges=2032
HIST mode=wavefront slot_span=-926 edges=2032
HIST mode=wavefront slot_span=-925 edges=2032
HIST mode=wavefront slot_span=-924 edges=2032
HIST mode=wavefront slot_span=-923 edges=2032
HIST mode=wavefront slot_span=-922 edges=2032
HIST mode=wavefront slot_span=-921 edges=2032
HIST mode=wavefront slot_span=-920 edges=2032
HIST mode=wavefront slot_span=-919 edges=2032
HIST mode=wavefront slot_span=-918 edges=2032
HIST mode=wavefront slot_span=-917 edges=2032
HIST mode=wavefront slot_span=-916 edges=2032
HIST mode=wavefront slot_span=-915 edges=2032
HIST mode=wavefront slot_span=-914 edges=2032
HIST mode=wavefront slot_span=-913 edges=2032
HIST mode=wavefront slot_span=-912 edges=2032
HIST mode=wavefront slot_span=-911 edges=2032
HIST mode=wavefront slot_span=-910 edges=2032
HIST mode=wavefront slot_span=-909 edges=2032
HIST mode=wavefront slot_span=-908 edges=2032
HIST mode=wavefront slot_span=-907 edges=2032
HIST mode=wavefront slot_span=-906 edges=2032
HIST mode=wavefront slot_span=-905 edges=2032
HIST mode=wavefront slot_span=-904 edges=2032
HIST mode=wavefront slot_span=-903 edges=2032
HIST mode=wavefront slot_span=-902 edges=2032
HIST mode=wavefront slot_span=-901 edges=2032
HIST mode=wavefront slot_span=-900 edges=2032
HIST mode=wavefront slot_span=-899 edges=2032
HIST mode=wavefront slot_span=-898 edges=2032
HIST mode=wavefront slot_span=-897 edges=2032
HIST mode=wavefront slot_span=-896 edges=2032
HIST mode=wavefront slot_span=-895 edges=2032
HIST mode=wavefront slot_span=-894 edges=2032
HIST mode=wavefront slot_span=-893 edges=2032
HIST mode=wavefront slot_span=-892 edges=2032
HIST mode=wavefront slot_span=-891 edges=2032
HIST mode=wavefront slot_span=-890 edges=2032
HIST mode=wavefront slot_span=-889 edges=2032
HIST mode=wavefront slot_span=-888 edges=2032
HIST mode=wavefront slot_span=-887 edges=2032
HIST mode=wavefront slot_span=-886 edges=2032
HIST mode=wavefront slot_span=-885 edges=2032
HIST mode=wavefront slot_span=-884 edges=2032
HIST mode=wavefront slot_span=-883 edges=2032
HIST mode=wavefront slot_span=-882 edges=2032
HIST mode=wavefront slot_span=-881 edges=2032
HIST mode=wavefront slot_span=-880 edges=2032
HIST mode=wavefront slot_span=-879 edges=2032
HIST mode=wavefront slot_span=-878 edges=2032
HIST mode=wavefront slot_span=-877 edges=2032
HIST mode=wavefront slot_span=-876 edges=2032
HIST mode=wavefront slot_span=-875 edges=2032
HIST mode=wavefront slot_span=-874 edges=2032
HIST mode=wavefront slot_span=-873 edges=2032
HIST mode=wavefront slot_span=-872 edges=2032
HIST mode=wavefront slot_span=-871 edges=2032
HIST mode=wavefront slot_span=-870 edges=2032
HIST mode=wavefront slot_span=-869 edges=2032
HIST mode=wavefront slot_span=-868 edges=2032
HIST mode=wavefront slot_span=-867 edges=2032
HIST mode=wavefront slot_span=-866 edges=2032
HIST mode=wavefront slot_span=-865 edges=2032
HIST mode=wavefront slot_span=-864 edges=2032
HIST mode=wavefront slot_span=-863 edges=2032
HIST mode=wavefront slot_span=-862 edges=2032
HIST mode=wavefront slot_span=-861 edges=2032
HIST mode=wavefront slot_span=-860 edges=2032
HIST mode=wavefront slot_span=-859 edges=2032
HIST mode=wavefront slot_span=-858 edges=2032
HIST mode=wavefront slot_span=-857 edges=2032
HIST mode=wavefront slot_span=-856 edges=2032
HIST mode=wavefront slot_span=-855 edges=2032
HIST mode=wavefront slot_span=-854 edges=2032
HIST mode=wavefront slot_span=-853 edges=2032
HIST mode=wavefront slot_span=-852 edges=2032
HIST mode=wavefront slot_span=-851 edges=2032
HIST mode=wavefront slot_span=-850 edges=2032
HIST mode=wavefront slot_span=-849 edges=2032
HIST mode=wavefront slot_span=-848 edges=2032
HIST mode=wavefront slot_span=-847 edges=2032
HIST mode=wavefront slot_span=-846 edges=2032
HIST mode=wavefront slot_span=-845 edges=2032
HIST mode=wavefront slot_span=-844 edges=2032
HIST mode=wavefront slot_span=-843 edges=2032
HIST mode=wavefront slot_span=-842 edges=2032
HIST mode=wavefront slot_span=-841 edges=2032
HIST mode=wavefront slot_span=-840 edges=2032
HIST mode=wavefront slot_span=-839 edges=2032
HIST mode=wavefront slot_span=-838 edges=2032
HIST mode=wavefront slot_span=-837 edges=2032
HIST mode=wavefront slot_span=-836 edges=2032
HIST mode=wavefront slot_span=-835 edges=2032
HIST mode=wavefront slot_span=-834 edges=2032
HIST mode=wavefront slot_span=-833 edges=2032
HIST mode=wavefront slot_span=-832 edges=2032
HIST mode=wavefront slot_span=-831 edges=2032
HIST mode=wavefront slot_span=-830 edges=2032
HIST mode=wavefront slot_span=-829 edges=2032
HIST mode=wavefront slot_span=-828 edges=2032
HIST mode=wavefront slot_span=-827 edges=2032
HIST mode=wavefront slot_span=-826 edges=2032
HIST mode=wavefront slot_span=-825 edges=2032
HIST mode=wavefront slot_span=-824 edges=2032
HIST mode=wavefront slot_span=-823 edges=2032
HIST mode=wavefront slot_span=-822 edges=2032
HIST mode=wavefront slot_span=-821 edges=2032
HIST mode=wavefront slot_span=-820 edges=2032
HIST mode=wavefront slot_span=-819 edges=2032
HIST mode=wavefront slot_span=-818 edges=2032
HIST mode=wavefront slot_span=-817 edges=2032
HIST mode=wavefront slot_span=-816 edges=2032
HIST mode=wavefront slot_span=-815 edges=2032
HIST mode=wavefront slot_span=-814 edges=2032
HIST mode=wavefront slot_span=-813 edges=2032
HIST mode=wavefront slot_span=-812 edges=2032
HIST mode=wavefront slot_span=-811 edges=2032
HIST mode=wavefront slot_span=-810 edges=2032
HIST mode=wavefront slot_span=-809 edges=2032
HIST mode=wavefront slot_span=-808 edges=2032
HIST mode=wavefront slot_span=-807 edges=2032
HIST mode=wavefront slot_span=-806 edges=2032
HIST mode=wavefront slot_span=-805 edges=2032
HIST mode=wavefront slot_span=-804 edges=2032
HIST mode=wavefront slot_span=-803 edges=2032
HIST mode=wavefront slot_span=-802 edges=2032
HIST mode=wavefront slot_span=-801 edges=2032
HIST mode=wavefront slot_span=-800 edges=2032
HIST mode=wavefront slot_span=-799 edges=2032
HIST mode=wavefront slot_span=-798 edges=2032
HIST mode=wavefront slot_span=-797 edges=2032
HIST mode=wavefront slot_span=-796 edges=2032
HIST mode=wavefront slot_span=-795 edges=2032
HIST mode=wavefront slot_span=-794 edges=2032
HIST mode=wavefront slot_span=-793 edges=2032
HIST mode=wavefront slot_span=-792 edges=2032
HIST mode=wavefront slot_span=-791 edges=2032
HIST mode=wavefront slot_span=-790 edges=2032
HIST mode=wavefront slot_span=-789 edges=2032
HIST mode=wavefront slot_span=-788 edges=2032
HIST mode=wavefront slot_span=-787 edges=2032
HIST mode=wavefront slot_span=-786 edges=2032
HIST mode=wavefront slot_span=-785 edges=2032
HIST mode=wavefront slot_span=-784 edges=2032
HIST mode=wavefront slot_span=-783 edges=2032
HIST mode=wavefront slot_span=-782 edges=2032
HIST mode=wavefront slot_span=-781 edges=2032
HIST mode=wavefront slot_span=-780 edges=2032
HIST mode=wavefront slot_span=-779 edges=2032
HIST mode=wavefront slot_span=-778 edges=2032
HIST mode=wavefront slot_span=-777 edges=2032
HIST mode=wavefront slot_span=-776 edges=2032
HIST mode=wavefront slot_span=-775 edges=2032
HIST mode=wavefront slot_span=-774 edges=2032
HIST mode=wavefront slot_span=-773 edges=2536
HIST mode=wavefront slot_span=-772 edges=1528
HIST mode=wavefront slot_span=-771 edges=2536
HIST mode=wavefront slot_span=-770 edges=1528
HIST mode=wavefront slot_span=-769 edges=2536
HIST mode=wavefront slot_span=-768 edges=1528
HIST mode=wavefront slot_span=-767 edges=3040
HIST mode=wavefront slot_span=-766 edges=1024
HIST mode=wavefront slot_span=-765 edges=3040
HIST mode=wavefront slot_span=-764 edges=1024
HIST mode=wavefront slot_span=-763 edges=3040
HIST mode=wavefront slot_span=-762 edges=1528
HIST mode=wavefront slot_span=-761 edges=2536
HIST mode=wavefront slot_span=-760 edges=1528
HIST mode=wavefront slot_span=-759 edges=2536
HIST mode=wavefront slot_span=-758 edges=1532
HIST mode=wavefront slot_span=-757 edges=2532
HIST mode=wavefront slot_span=-756 edges=2036
HIST mode=wavefront slot_span=-755 edges=2028
HIST mode=wavefront slot_span=-754 edges=2036
HIST mode=wavefront slot_span=-753 edges=2028
HIST mode=wavefront slot_span=-752 edges=2040
HIST mode=wavefront slot_span=-751 edges=2024
HIST mode=wavefront slot_span=-750 edges=2040
HIST mode=wavefront slot_span=-749 edges=2528
HIST mode=wavefront slot_span=-748 edges=1536
HIST mode=wavefront slot_span=-747 edges=2532
HIST mode=wavefront slot_span=-746 edges=1532
HIST mode=wavefront slot_span=-745 edges=2532
HIST mode=wavefront slot_span=-744 edges=1532
HIST mode=wavefront slot_span=-743 edges=3036
HIST mode=wavefront slot_span=-742 edges=1028
HIST mode=wavefront slot_span=-741 edges=3040
HIST mode=wavefront slot_span=-740 edges=1024
HIST mode=wavefront slot_span=-739 edges=3040
HIST mode=wavefront slot_span=-738 edges=1528
HIST mode=wavefront slot_span=-737 edges=2536
HIST mode=wavefront slot_span=-736 edges=1528
HIST mode=wavefront slot_span=-735 edges=2536
HIST mode=wavefront slot_span=-734 edges=1532
HIST mode=wavefront slot_span=-733 edges=2532
HIST mode=wavefront slot_span=-732 edges=2036
HIST mode=wavefront slot_span=-731 edges=2028
HIST mode=wavefront slot_span=-730 edges=2036
HIST mode=wavefront slot_span=-729 edges=2028
HIST mode=wavefront slot_span=-728 edges=2040
HIST mode=wavefront slot_span=-727 edges=2024
HIST mode=wavefront slot_span=-726 edges=2040
HIST mode=wavefront slot_span=-725 edges=2024
HIST mode=wavefront slot_span=-724 edges=2040
HIST mode=wavefront slot_span=-723 edges=2028
HIST mode=wavefront slot_span=-722 edges=2036
HIST mode=wavefront slot_span=-721 edges=2028
HIST mode=wavefront slot_span=-720 edges=2036
HIST mode=wavefront slot_span=-719 edges=2028
HIST mode=wavefront slot_span=-718 edges=2036
HIST mode=wavefront slot_span=-717 edges=2032
HIST mode=wavefront slot_span=-716 edges=2032
HIST mode=wavefront slot_span=-715 edges=2032
HIST mode=wavefront slot_span=-714 edges=2032
HIST mode=wavefront slot_span=-713 edges=2032
HIST mode=wavefront slot_span=-712 edges=2032
HIST mode=wavefront slot_span=-711 edges=2032
HIST mode=wavefront slot_span=-710 edges=2032
HIST mode=wavefront slot_span=-709 edges=2032
HIST mode=wavefront slot_span=-708 edges=2032
HIST mode=wavefront slot_span=-707 edges=2032
HIST mode=wavefront slot_span=-706 edges=2032
HIST mode=wavefront slot_span=-705 edges=2032
HIST mode=wavefront slot_span=-704 edges=2032
HIST mode=wavefront slot_span=-703 edges=2032
HIST mode=wavefront slot_span=-702 edges=2032
HIST mode=wavefront slot_span=-701 edges=2032
HIST mode=wavefront slot_span=-700 edges=2032
HIST mode=wavefront slot_span=-699 edges=2032
HIST mode=wavefront slot_span=-698 edges=2032
HIST mode=wavefront slot_span=-697 edges=2032
HIST mode=wavefront slot_span=-696 edges=2032
HIST mode=wavefront slot_span=-695 edges=2032
HIST mode=wavefront slot_span=-694 edges=2032
HIST mode=wavefront slot_span=-693 edges=2032
HIST mode=wavefront slot_span=-692 edges=2032
HIST mode=wavefront slot_span=-691 edges=2032
HIST mode=wavefront slot_span=-690 edges=2032
HIST mode=wavefront slot_span=-689 edges=2032
HIST mode=wavefront slot_span=-688 edges=2032
HIST mode=wavefront slot_span=-687 edges=2032
HIST mode=wavefront slot_span=-686 edges=2032
HIST mode=wavefront slot_span=-685 edges=2032
HIST mode=wavefront slot_span=-684 edges=2032
HIST mode=wavefront slot_span=-683 edges=2032
HIST mode=wavefront slot_span=-682 edges=2032
HIST mode=wavefront slot_span=-681 edges=2032
HIST mode=wavefront slot_span=-680 edges=2032
HIST mode=wavefront slot_span=-679 edges=2032
HIST mode=wavefront slot_span=-678 edges=2032
HIST mode=wavefront slot_span=-677 edges=2032
HIST mode=wavefront slot_span=-676 edges=2032
HIST mode=wavefront slot_span=-675 edges=2032
HIST mode=wavefront slot_span=-674 edges=2032
HIST mode=wavefront slot_span=-673 edges=2032
HIST mode=wavefront slot_span=-672 edges=2032
HIST mode=wavefront slot_span=-671 edges=2032
HIST mode=wavefront slot_span=-670 edges=2032
HIST mode=wavefront slot_span=-669 edges=2032
HIST mode=wavefront slot_span=-668 edges=2032
HIST mode=wavefront slot_span=-667 edges=2032
HIST mode=wavefront slot_span=-666 edges=2032
HIST mode=wavefront slot_span=-665 edges=2032
HIST mode=wavefront slot_span=-664 edges=2032
HIST mode=wavefront slot_span=-663 edges=2032
HIST mode=wavefront slot_span=-662 edges=2032
HIST mode=wavefront slot_span=-661 edges=2032
HIST mode=wavefront slot_span=-660 edges=2032
HIST mode=wavefront slot_span=-659 edges=2032
HIST mode=wavefront slot_span=-658 edges=2032
HIST mode=wavefront slot_span=-657 edges=2032
HIST mode=wavefront slot_span=-656 edges=2032
HIST mode=wavefront slot_span=-655 edges=2032
HIST mode=wavefront slot_span=-654 edges=2032
HIST mode=wavefront slot_span=-653 edges=2032
HIST mode=wavefront slot_span=-652 edges=2032
HIST mode=wavefront slot_span=-651 edges=2032
HIST mode=wavefront slot_span=-650 edges=2032
HIST mode=wavefront slot_span=-649 edges=2032
HIST mode=wavefront slot_span=-648 edges=2032
HIST mode=wavefront slot_span=-647 edges=2032
HIST mode=wavefront slot_span=-646 edges=2032
HIST mode=wavefront slot_span=-645 edges=2032
HIST mode=wavefront slot_span=-644 edges=2032
HIST mode=wavefront slot_span=-643 edges=2032
HIST mode=wavefront slot_span=-642 edges=2032
HIST mode=wavefront slot_span=-641 edges=2032
HIST mode=wavefront slot_span=-640 edges=2032
HIST mode=wavefront slot_span=-639 edges=2032
HIST mode=wavefront slot_span=-638 edges=2032
HIST mode=wavefront slot_span=-637 edges=2032
HIST mode=wavefront slot_span=-636 edges=2032
HIST mode=wavefront slot_span=-635 edges=2032
HIST mode=wavefront slot_span=-634 edges=2032
HIST mode=wavefront slot_span=-633 edges=2032
HIST mode=wavefront slot_span=-632 edges=2032
HIST mode=wavefront slot_span=-631 edges=2032
HIST mode=wavefront slot_span=-630 edges=2032
HIST mode=wavefront slot_span=-629 edges=2032
HIST mode=wavefront slot_span=-628 edges=2032
HIST mode=wavefront slot_span=-627 edges=2032
HIST mode=wavefront slot_span=-626 edges=2032
HIST mode=wavefront slot_span=-625 edges=2032
HIST mode=wavefront slot_span=-624 edges=2032
HIST mode=wavefront slot_span=-623 edges=2032
HIST mode=wavefront slot_span=-622 edges=2032
HIST mode=wavefront slot_span=-621 edges=2032
HIST mode=wavefront slot_span=-620 edges=2032
HIST mode=wavefront slot_span=-619 edges=2032
HIST mode=wavefront slot_span=-618 edges=2032
HIST mode=wavefront slot_span=-617 edges=2032
HIST mode=wavefront slot_span=-616 edges=2032
HIST mode=wavefront slot_span=-615 edges=2032
HIST mode=wavefront slot_span=-614 edges=2032
HIST mode=wavefront slot_span=-613 edges=2032
HIST mode=wavefront slot_span=-612 edges=2032
HIST mode=wavefront slot_span=-611 edges=2032
HIST mode=wavefront slot_span=-610 edges=2032
HIST mode=wavefront slot_span=-609 edges=2032
HIST mode=wavefront slot_span=-608 edges=2032
HIST mode=wavefront slot_span=-607 edges=2032
HIST mode=wavefront slot_span=-606 edges=2032
HIST mode=wavefront slot_span=-605 edges=2032
HIST mode=wavefront slot_span=-604 edges=2032
HIST mode=wavefront slot_span=-603 edges=2032
HIST mode=wavefront slot_span=-602 edges=2032
HIST mode=wavefront slot_span=-601 edges=2032
HIST mode=wavefront slot_span=-600 edges=2032
HIST mode=wavefront slot_span=-599 edges=2032
HIST mode=wavefront slot_span=-598 edges=2032
HIST mode=wavefront slot_span=-597 edges=2032
HIST mode=wavefront slot_span=-596 edges=2032
HIST mode=wavefront slot_span=-595 edges=2032
HIST mode=wavefront slot_span=-594 edges=2032
HIST mode=wavefront slot_span=-593 edges=2032
HIST mode=wavefront slot_span=-592 edges=2032
HIST mode=wavefront slot_span=-591 edges=2032
HIST mode=wavefront slot_span=-590 edges=2032
HIST mode=wavefront slot_span=-589 edges=2032
HIST mode=wavefront slot_span=-588 edges=2032
HIST mode=wavefront slot_span=-587 edges=2032
HIST mode=wavefront slot_span=-586 edges=2032
HIST mode=wavefront slot_span=-585 edges=2032
HIST mode=wavefront slot_span=-584 edges=2032
HIST mode=wavefront slot_span=-583 edges=2032
HIST mode=wavefront slot_span=-582 edges=2032
HIST mode=wavefront slot_span=-581 edges=2032
HIST mode=wavefront slot_span=-580 edges=2032
HIST mode=wavefront slot_span=-579 edges=2032
HIST mode=wavefront slot_span=-578 edges=2032
HIST mode=wavefront slot_span=-577 edges=2032
HIST mode=wavefront slot_span=-576 edges=2032
HIST mode=wavefront slot_span=-575 edges=2032
HIST mode=wavefront slot_span=-574 edges=2032
HIST mode=wavefront slot_span=-573 edges=2032
HIST mode=wavefront slot_span=-572 edges=2032
HIST mode=wavefront slot_span=-571 edges=2032
HIST mode=wavefront slot_span=-570 edges=2032
HIST mode=wavefront slot_span=-569 edges=2032
HIST mode=wavefront slot_span=-568 edges=2032
HIST mode=wavefront slot_span=-567 edges=2032
HIST mode=wavefront slot_span=-566 edges=2032
HIST mode=wavefront slot_span=-565 edges=2032
HIST mode=wavefront slot_span=-564 edges=2032
HIST mode=wavefront slot_span=-563 edges=2032
HIST mode=wavefront slot_span=-562 edges=2032
HIST mode=wavefront slot_span=-561 edges=2032
HIST mode=wavefront slot_span=-560 edges=2032
HIST mode=wavefront slot_span=-559 edges=2032
HIST mode=wavefront slot_span=-558 edges=2032
HIST mode=wavefront slot_span=-557 edges=2032
HIST mode=wavefront slot_span=-556 edges=2032
HIST mode=wavefront slot_span=-555 edges=2032
HIST mode=wavefront slot_span=-554 edges=2032
HIST mode=wavefront slot_span=-553 edges=2032
HIST mode=wavefront slot_span=-552 edges=2032
HIST mode=wavefront slot_span=-551 edges=2032
HIST mode=wavefront slot_span=-550 edges=2032
HIST mode=wavefront slot_span=-549 edges=2032
HIST mode=wavefront slot_span=-548 edges=2032
HIST mode=wavefront slot_span=-547 edges=2032
HIST mode=wavefront slot_span=-546 edges=2032
HIST mode=wavefront slot_span=-545 edges=2032
HIST mode=wavefront slot_span=-544 edges=2032
HIST mode=wavefront slot_span=-543 edges=2032
HIST mode=wavefront slot_span=-542 edges=2032
HIST mode=wavefront slot_span=-541 edges=2032
HIST mode=wavefront slot_span=-540 edges=2032
HIST mode=wavefront slot_span=-539 edges=2032
HIST mode=wavefront slot_span=-538 edges=2032
HIST mode=wavefront slot_span=-537 edges=2032
HIST mode=wavefront slot_span=-536 edges=2032
HIST mode=wavefront slot_span=-535 edges=2032
HIST mode=wavefront slot_span=-534 edges=2032
HIST mode=wavefront slot_span=-533 edges=2032
HIST mode=wavefront slot_span=-532 edges=2032
HIST mode=wavefront slot_span=-531 edges=2032
HIST mode=wavefront slot_span=-530 edges=2032
HIST mode=wavefront slot_span=-529 edges=2032
HIST mode=wavefront slot_span=-528 edges=2032
HIST mode=wavefront slot_span=-527 edges=2032
HIST mode=wavefront slot_span=-526 edges=2032
HIST mode=wavefront slot_span=-525 edges=2032
HIST mode=wavefront slot_span=-524 edges=2032
HIST mode=wavefront slot_span=-523 edges=2032
HIST mode=wavefront slot_span=-522 edges=2032
HIST mode=wavefront slot_span=-521 edges=2032
HIST mode=wavefront slot_span=-520 edges=2032
HIST mode=wavefront slot_span=-519 edges=2032
HIST mode=wavefront slot_span=-518 edges=2536
HIST mode=wavefront slot_span=-517 edges=1528
HIST mode=wavefront slot_span=-516 edges=2536
HIST mode=wavefront slot_span=-515 edges=1528
HIST mode=wavefront slot_span=-514 edges=2536
HIST mode=wavefront slot_span=-513 edges=1528
HIST mode=wavefront slot_span=-512 edges=3040
HIST mode=wavefront slot_span=-511 edges=1024
HIST mode=wavefront slot_span=-510 edges=3040
HIST mode=wavefront slot_span=-509 edges=1024
HIST mode=wavefront slot_span=-508 edges=3040
HIST mode=wavefront slot_span=-507 edges=1528
HIST mode=wavefront slot_span=-506 edges=2536
HIST mode=wavefront slot_span=-505 edges=1528
HIST mode=wavefront slot_span=-504 edges=2536
HIST mode=wavefront slot_span=-503 edges=1532
HIST mode=wavefront slot_span=-502 edges=2532
HIST mode=wavefront slot_span=-501 edges=2036
HIST mode=wavefront slot_span=-500 edges=2028
HIST mode=wavefront slot_span=-499 edges=2036
HIST mode=wavefront slot_span=-498 edges=2028
HIST mode=wavefront slot_span=-497 edges=2040
HIST mode=wavefront slot_span=-496 edges=2024
HIST mode=wavefront slot_span=-495 edges=2040
HIST mode=wavefront slot_span=-494 edges=2528
HIST mode=wavefront slot_span=-493 edges=1536
HIST mode=wavefront slot_span=-492 edges=2532
HIST mode=wavefront slot_span=-491 edges=1532
HIST mode=wavefront slot_span=-490 edges=2532
HIST mode=wavefront slot_span=-489 edges=1532
HIST mode=wavefront slot_span=-488 edges=3036
HIST mode=wavefront slot_span=-487 edges=1028
HIST mode=wavefront slot_span=-486 edges=3040
HIST mode=wavefront slot_span=-485 edges=1024
HIST mode=wavefront slot_span=-484 edges=3040
HIST mode=wavefront slot_span=-483 edges=1528
HIST mode=wavefront slot_span=-482 edges=2536
HIST mode=wavefront slot_span=-481 edges=1528
HIST mode=wavefront slot_span=-480 edges=2536
HIST mode=wavefront slot_span=-479 edges=1532
HIST mode=wavefront slot_span=-478 edges=2532
HIST mode=wavefront slot_span=-477 edges=2036
HIST mode=wavefront slot_span=-476 edges=2028
HIST mode=wavefront slot_span=-475 edges=2036
HIST mode=wavefront slot_span=-474 edges=2028
HIST mode=wavefront slot_span=-473 edges=2040
HIST mode=wavefront slot_span=-472 edges=2024
HIST mode=wavefront slot_span=-471 edges=2040
HIST mode=wavefront slot_span=-470 edges=2024
HIST mode=wavefront slot_span=-469 edges=2040
HIST mode=wavefront slot_span=-468 edges=2028
HIST mode=wavefront slot_span=-467 edges=2036
HIST mode=wavefront slot_span=-466 edges=2028
HIST mode=wavefront slot_span=-465 edges=2036
HIST mode=wavefront slot_span=-464 edges=2028
HIST mode=wavefront slot_span=-463 edges=2036
HIST mode=wavefront slot_span=-462 edges=2032
HIST mode=wavefront slot_span=-461 edges=2032
HIST mode=wavefront slot_span=-460 edges=2032
HIST mode=wavefront slot_span=-459 edges=2032
HIST mode=wavefront slot_span=-458 edges=2032
HIST mode=wavefront slot_span=-457 edges=2032
HIST mode=wavefront slot_span=-456 edges=2032
HIST mode=wavefront slot_span=-455 edges=2032
HIST mode=wavefront slot_span=-454 edges=2032
HIST mode=wavefront slot_span=-453 edges=2032
HIST mode=wavefront slot_span=-452 edges=2032
HIST mode=wavefront slot_span=-451 edges=2032
HIST mode=wavefront slot_span=-450 edges=2032
HIST mode=wavefront slot_span=-449 edges=2032
HIST mode=wavefront slot_span=-448 edges=2032
HIST mode=wavefront slot_span=-447 edges=2032
HIST mode=wavefront slot_span=-446 edges=2032
HIST mode=wavefront slot_span=-445 edges=2032
HIST mode=wavefront slot_span=-444 edges=2032
HIST mode=wavefront slot_span=-443 edges=2032
HIST mode=wavefront slot_span=-442 edges=2032
HIST mode=wavefront slot_span=-441 edges=2032
HIST mode=wavefront slot_span=-440 edges=2032
HIST mode=wavefront slot_span=-439 edges=2032
HIST mode=wavefront slot_span=-438 edges=2032
HIST mode=wavefront slot_span=-437 edges=2032
HIST mode=wavefront slot_span=-436 edges=2032
HIST mode=wavefront slot_span=-435 edges=2032
HIST mode=wavefront slot_span=-434 edges=2032
HIST mode=wavefront slot_span=-433 edges=2032
HIST mode=wavefront slot_span=-432 edges=2032
HIST mode=wavefront slot_span=-431 edges=2032
HIST mode=wavefront slot_span=-430 edges=2032
HIST mode=wavefront slot_span=-429 edges=2032
HIST mode=wavefront slot_span=-428 edges=2032
HIST mode=wavefront slot_span=-427 edges=2032
HIST mode=wavefront slot_span=-426 edges=2032
HIST mode=wavefront slot_span=-425 edges=2032
HIST mode=wavefront slot_span=-424 edges=2032
HIST mode=wavefront slot_span=-423 edges=2032
HIST mode=wavefront slot_span=-422 edges=2032
HIST mode=wavefront slot_span=-421 edges=2032
HIST mode=wavefront slot_span=-420 edges=2032
HIST mode=wavefront slot_span=-419 edges=2032
HIST mode=wavefront slot_span=-418 edges=2032
HIST mode=wavefront slot_span=-417 edges=2032
HIST mode=wavefront slot_span=-416 edges=2032
HIST mode=wavefront slot_span=-415 edges=2032
HIST mode=wavefront slot_span=-414 edges=2032
HIST mode=wavefront slot_span=-413 edges=2032
HIST mode=wavefront slot_span=-412 edges=2032
HIST mode=wavefront slot_span=-411 edges=2032
HIST mode=wavefront slot_span=-410 edges=2032
HIST mode=wavefront slot_span=-409 edges=2032
HIST mode=wavefront slot_span=-408 edges=2032
HIST mode=wavefront slot_span=-407 edges=2032
HIST mode=wavefront slot_span=-406 edges=2032
HIST mode=wavefront slot_span=-405 edges=2032
HIST mode=wavefront slot_span=-404 edges=2032
HIST mode=wavefront slot_span=-403 edges=2032
HIST mode=wavefront slot_span=-402 edges=2032
HIST mode=wavefront slot_span=-401 edges=2032
HIST mode=wavefront slot_span=-400 edges=2032
HIST mode=wavefront slot_span=-399 edges=2032
HIST mode=wavefront slot_span=-398 edges=2032
HIST mode=wavefront slot_span=-397 edges=2032
HIST mode=wavefront slot_span=-396 edges=2032
HIST mode=wavefront slot_span=-395 edges=2032
HIST mode=wavefront slot_span=-394 edges=2032
HIST mode=wavefront slot_span=-393 edges=2032
HIST mode=wavefront slot_span=-392 edges=2032
HIST mode=wavefront slot_span=-391 edges=2032
HIST mode=wavefront slot_span=-390 edges=2032
HIST mode=wavefront slot_span=-389 edges=2032
HIST mode=wavefront slot_span=-388 edges=2032
HIST mode=wavefront slot_span=-387 edges=2032
HIST mode=wavefront slot_span=-386 edges=2032
HIST mode=wavefront slot_span=-385 edges=2032
HIST mode=wavefront slot_span=-384 edges=2032
HIST mode=wavefront slot_span=-383 edges=2032
HIST mode=wavefront slot_span=-382 edges=2032
HIST mode=wavefront slot_span=-381 edges=2032
HIST mode=wavefront slot_span=-380 edges=2032
HIST mode=wavefront slot_span=-379 edges=2032
HIST mode=wavefront slot_span=-378 edges=2032
HIST mode=wavefront slot_span=-377 edges=2032
HIST mode=wavefront slot_span=-376 edges=2032
HIST mode=wavefront slot_span=-375 edges=2032
HIST mode=wavefront slot_span=-374 edges=2032
HIST mode=wavefront slot_span=-373 edges=2032
HIST mode=wavefront slot_span=-372 edges=2032
HIST mode=wavefront slot_span=-371 edges=2032
HIST mode=wavefront slot_span=-370 edges=2032
HIST mode=wavefront slot_span=-369 edges=2032
HIST mode=wavefront slot_span=-368 edges=2032
HIST mode=wavefront slot_span=-367 edges=2032
HIST mode=wavefront slot_span=-366 edges=2032
HIST mode=wavefront slot_span=-365 edges=2032
HIST mode=wavefront slot_span=-364 edges=2032
HIST mode=wavefront slot_span=-363 edges=2032
HIST mode=wavefront slot_span=-362 edges=2032
HIST mode=wavefront slot_span=-361 edges=2032
HIST mode=wavefront slot_span=-360 edges=2032
HIST mode=wavefront slot_span=-359 edges=2032
HIST mode=wavefront slot_span=-358 edges=2032
HIST mode=wavefront slot_span=-357 edges=2032
HIST mode=wavefront slot_span=-356 edges=2032
HIST mode=wavefront slot_span=-355 edges=2032
HIST mode=wavefront slot_span=-354 edges=2032
HIST mode=wavefront slot_span=-353 edges=2032
HIST mode=wavefront slot_span=-352 edges=2032
HIST mode=wavefront slot_span=-351 edges=2032
HIST mode=wavefront slot_span=-350 edges=2032
HIST mode=wavefront slot_span=-349 edges=2032
HIST mode=wavefront slot_span=-348 edges=2032
HIST mode=wavefront slot_span=-347 edges=2032
HIST mode=wavefront slot_span=-346 edges=2032
HIST mode=wavefront slot_span=-345 edges=2032
HIST mode=wavefront slot_span=-344 edges=2032
HIST mode=wavefront slot_span=-343 edges=2032
HIST mode=wavefront slot_span=-342 edges=2032
HIST mode=wavefront slot_span=-341 edges=2032
HIST mode=wavefront slot_span=-340 edges=2032
HIST mode=wavefront slot_span=-339 edges=2032
HIST mode=wavefront slot_span=-338 edges=2032
HIST mode=wavefront slot_span=-337 edges=2032
HIST mode=wavefront slot_span=-336 edges=2032
HIST mode=wavefront slot_span=-335 edges=2032
HIST mode=wavefront slot_span=-334 edges=2032
HIST mode=wavefront slot_span=-333 edges=2032
HIST mode=wavefront slot_span=-332 edges=2032
HIST mode=wavefront slot_span=-331 edges=2032
HIST mode=wavefront slot_span=-330 edges=2032
HIST mode=wavefront slot_span=-329 edges=2032
HIST mode=wavefront slot_span=-328 edges=2032
HIST mode=wavefront slot_span=-327 edges=2032
HIST mode=wavefront slot_span=-326 edges=2032
HIST mode=wavefront slot_span=-325 edges=2032
HIST mode=wavefront slot_span=-324 edges=2032
HIST mode=wavefront slot_span=-323 edges=2032
HIST mode=wavefront slot_span=-322 edges=2032
HIST mode=wavefront slot_span=-321 edges=2032
HIST mode=wavefront slot_span=-320 edges=2032
HIST mode=wavefront slot_span=-319 edges=2032
HIST mode=wavefront slot_span=-318 edges=2032
HIST mode=wavefront slot_span=-317 edges=2032
HIST mode=wavefront slot_span=-316 edges=2032
HIST mode=wavefront slot_span=-315 edges=2032
HIST mode=wavefront slot_span=-314 edges=2032
HIST mode=wavefront slot_span=-313 edges=2032
HIST mode=wavefront slot_span=-312 edges=2032
HIST mode=wavefront slot_span=-311 edges=2032
HIST mode=wavefront slot_span=-310 edges=2032
HIST mode=wavefront slot_span=-309 edges=2032
HIST mode=wavefront slot_span=-308 edges=2032
HIST mode=wavefront slot_span=-307 edges=2032
HIST mode=wavefront slot_span=-306 edges=2032
HIST mode=wavefront slot_span=-305 edges=2032
HIST mode=wavefront slot_span=-304 edges=2032
HIST mode=wavefront slot_span=-303 edges=2032
HIST mode=wavefront slot_span=-302 edges=2032
HIST mode=wavefront slot_span=-301 edges=2032
HIST mode=wavefront slot_span=-300 edges=2032
HIST mode=wavefront slot_span=-299 edges=2032
HIST mode=wavefront slot_span=-298 edges=2032
HIST mode=wavefront slot_span=-297 edges=2032
HIST mode=wavefront slot_span=-296 edges=2032
HIST mode=wavefront slot_span=-295 edges=2032
HIST mode=wavefront slot_span=-294 edges=2032
HIST mode=wavefront slot_span=-293 edges=2032
HIST mode=wavefront slot_span=-292 edges=2032
HIST mode=wavefront slot_span=-291 edges=2032
HIST mode=wavefront slot_span=-290 edges=2032
HIST mode=wavefront slot_span=-289 edges=2032
HIST mode=wavefront slot_span=-288 edges=2032
HIST mode=wavefront slot_span=-287 edges=2032
HIST mode=wavefront slot_span=-286 edges=2032
HIST mode=wavefront slot_span=-285 edges=2032
HIST mode=wavefront slot_span=-284 edges=2032
HIST mode=wavefront slot_span=-283 edges=2032
HIST mode=wavefront slot_span=-282 edges=2032
HIST mode=wavefront slot_span=-281 edges=2032
HIST mode=wavefront slot_span=-280 edges=2032
HIST mode=wavefront slot_span=-279 edges=2032
HIST mode=wavefront slot_span=-278 edges=2032
HIST mode=wavefront slot_span=-277 edges=2032
HIST mode=wavefront slot_span=-276 edges=2032
HIST mode=wavefront slot_span=-275 edges=2032
HIST mode=wavefront slot_span=-274 edges=2032
HIST mode=wavefront slot_span=-273 edges=2032
HIST mode=wavefront slot_span=-272 edges=2032
HIST mode=wavefront slot_span=-271 edges=2032
HIST mode=wavefront slot_span=-270 edges=2032
HIST mode=wavefront slot_span=-269 edges=2032
HIST mode=wavefront slot_span=-268 edges=2032
HIST mode=wavefront slot_span=-267 edges=2032
HIST mode=wavefront slot_span=-266 edges=2032
HIST mode=wavefront slot_span=-265 edges=2032
HIST mode=wavefront slot_span=-264 edges=2032
HIST mode=wavefront slot_span=-263 edges=2536
HIST mode=wavefront slot_span=-262 edges=1528
HIST mode=wavefront slot_span=-261 edges=2536
HIST mode=wavefront slot_span=-260 edges=1528
HIST mode=wavefront slot_span=-259 edges=2536
HIST mode=wavefront slot_span=-258 edges=1528
HIST mode=wavefront slot_span=-257 edges=3040
HIST mode=wavefront slot_span=-256 edges=1024
HIST mode=wavefront slot_span=-255 edges=3040
HIST mode=wavefront slot_span=-254 edges=1024
HIST mode=wavefront slot_span=-253 edges=3040
HIST mode=wavefront slot_span=-252 edges=1528
HIST mode=wavefront slot_span=-251 edges=2536
HIST mode=wavefront slot_span=-250 edges=1528
HIST mode=wavefront slot_span=-249 edges=2536
HIST mode=wavefront slot_span=-248 edges=1532
HIST mode=wavefront slot_span=-247 edges=2532
HIST mode=wavefront slot_span=-246 edges=2036
HIST mode=wavefront slot_span=-245 edges=2028
HIST mode=wavefront slot_span=-244 edges=2036
HIST mode=wavefront slot_span=-243 edges=2028
HIST mode=wavefront slot_span=-242 edges=2040
HIST mode=wavefront slot_span=-241 edges=2024
HIST mode=wavefront slot_span=-240 edges=2040
HIST mode=wavefront slot_span=-239 edges=2528
HIST mode=wavefront slot_span=-238 edges=1536
HIST mode=wavefront slot_span=-237 edges=2532
HIST mode=wavefront slot_span=-236 edges=1532
HIST mode=wavefront slot_span=-235 edges=2532
HIST mode=wavefront slot_span=-234 edges=1532
HIST mode=wavefront slot_span=-233 edges=3036
HIST mode=wavefront slot_span=-232 edges=1028
HIST mode=wavefront slot_span=-231 edges=3040
HIST mode=wavefront slot_span=-230 edges=1024
HIST mode=wavefront slot_span=-229 edges=3040
HIST mode=wavefront slot_span=-228 edges=1528
HIST mode=wavefront slot_span=-227 edges=2536
HIST mode=wavefront slot_span=-226 edges=1528
HIST mode=wavefront slot_span=-225 edges=2536
HIST mode=wavefront slot_span=-224 edges=1532
HIST mode=wavefront slot_span=-223 edges=2532
HIST mode=wavefront slot_span=-222 edges=2036
HIST mode=wavefront slot_span=-221 edges=2028
HIST mode=wavefront slot_span=-220 edges=2036
HIST mode=wavefront slot_span=-219 edges=2028
HIST mode=wavefront slot_span=-218 edges=2040
HIST mode=wavefront slot_span=-217 edges=2024
HIST mode=wavefront slot_span=-216 edges=2040
HIST mode=wavefront slot_span=-215 edges=2024
HIST mode=wavefront slot_span=-214 edges=2040
HIST mode=wavefront slot_span=-213 edges=2028
HIST mode=wavefront slot_span=-212 edges=2036
HIST mode=wavefront slot_span=-211 edges=2028
HIST mode=wavefront slot_span=-210 edges=2036
HIST mode=wavefront slot_span=-209 edges=2028
HIST mode=wavefront slot_span=-208 edges=2036
HIST mode=wavefront slot_span=-207 edges=2032
HIST mode=wavefront slot_span=-206 edges=2032
HIST mode=wavefront slot_span=-205 edges=2032
HIST mode=wavefront slot_span=-204 edges=2032
HIST mode=wavefront slot_span=-203 edges=2032
HIST mode=wavefront slot_span=-202 edges=2032
HIST mode=wavefront slot_span=-201 edges=2032
HIST mode=wavefront slot_span=-200 edges=2032
HIST mode=wavefront slot_span=-199 edges=2032
HIST mode=wavefront slot_span=-198 edges=2032
HIST mode=wavefront slot_span=-197 edges=2032
HIST mode=wavefront slot_span=-196 edges=2032
HIST mode=wavefront slot_span=-195 edges=2032
HIST mode=wavefront slot_span=-194 edges=2032
HIST mode=wavefront slot_span=-193 edges=2032
HIST mode=wavefront slot_span=-192 edges=2032
HIST mode=wavefront slot_span=-191 edges=2032
HIST mode=wavefront slot_span=-190 edges=2032
HIST mode=wavefront slot_span=-189 edges=2032
HIST mode=wavefront slot_span=-188 edges=2032
HIST mode=wavefront slot_span=-187 edges=2032
HIST mode=wavefront slot_span=-186 edges=2032
HIST mode=wavefront slot_span=-185 edges=2032
HIST mode=wavefront slot_span=-184 edges=2032
HIST mode=wavefront slot_span=-183 edges=2032
HIST mode=wavefront slot_span=-182 edges=2032
HIST mode=wavefront slot_span=-181 edges=2032
HIST mode=wavefront slot_span=-180 edges=2032
HIST mode=wavefront slot_span=-179 edges=2032
HIST mode=wavefront slot_span=-178 edges=2032
HIST mode=wavefront slot_span=-177 edges=2032
HIST mode=wavefront slot_span=-176 edges=2032
HIST mode=wavefront slot_span=-175 edges=2032
HIST mode=wavefront slot_span=-174 edges=2032
HIST mode=wavefront slot_span=-173 edges=2032
HIST mode=wavefront slot_span=-172 edges=2032
HIST mode=wavefront slot_span=-171 edges=2032
HIST mode=wavefront slot_span=-170 edges=2032
HIST mode=wavefront slot_span=-169 edges=2032
HIST mode=wavefront slot_span=-168 edges=2032
HIST mode=wavefront slot_span=-167 edges=2032
HIST mode=wavefront slot_span=-166 edges=2032
HIST mode=wavefront slot_span=-165 edges=2032
HIST mode=wavefront slot_span=-164 edges=2032
HIST mode=wavefront slot_span=-163 edges=2032
HIST mode=wavefront slot_span=-162 edges=2032
HIST mode=wavefront slot_span=-161 edges=2032
HIST mode=wavefront slot_span=-160 edges=2032
HIST mode=wavefront slot_span=-159 edges=2032
HIST mode=wavefront slot_span=-158 edges=2032
HIST mode=wavefront slot_span=-157 edges=2032
HIST mode=wavefront slot_span=-156 edges=2032
HIST mode=wavefront slot_span=-155 edges=2032
HIST mode=wavefront slot_span=-154 edges=2032
HIST mode=wavefront slot_span=-153 edges=2032
HIST mode=wavefront slot_span=-152 edges=2032
HIST mode=wavefront slot_span=-151 edges=2032
HIST mode=wavefront slot_span=-150 edges=2032
HIST mode=wavefront slot_span=-149 edges=2032
HIST mode=wavefront slot_span=-148 edges=2032
HIST mode=wavefront slot_span=-147 edges=2032
HIST mode=wavefront slot_span=-146 edges=2032
HIST mode=wavefront slot_span=-145 edges=2032
HIST mode=wavefront slot_span=-144 edges=2032
HIST mode=wavefront slot_span=-143 edges=2032
HIST mode=wavefront slot_span=-142 edges=2032
HIST mode=wavefront slot_span=-141 edges=2032
HIST mode=wavefront slot_span=-140 edges=2032
HIST mode=wavefront slot_span=-139 edges=2032
HIST mode=wavefront slot_span=-138 edges=2032
HIST mode=wavefront slot_span=-137 edges=2032
HIST mode=wavefront slot_span=-136 edges=2032
HIST mode=wavefront slot_span=-135 edges=2032
HIST mode=wavefront slot_span=-134 edges=2032
HIST mode=wavefront slot_span=-133 edges=2032
HIST mode=wavefront slot_span=-132 edges=2032
HIST mode=wavefront slot_span=-131 edges=2032
HIST mode=wavefront slot_span=-130 edges=2032
HIST mode=wavefront slot_span=-129 edges=2032
HIST mode=wavefront slot_span=-128 edges=2032
HIST mode=wavefront slot_span=-127 edges=2032
HIST mode=wavefront slot_span=-126 edges=2032
HIST mode=wavefront slot_span=-125 edges=2032
HIST mode=wavefront slot_span=-124 edges=2032
HIST mode=wavefront slot_span=-123 edges=2032
HIST mode=wavefront slot_span=-122 edges=2032
HIST mode=wavefront slot_span=-121 edges=2032
HIST mode=wavefront slot_span=-120 edges=2032
HIST mode=wavefront slot_span=-119 edges=2032
HIST mode=wavefront slot_span=-118 edges=2032
HIST mode=wavefront slot_span=-117 edges=2032
HIST mode=wavefront slot_span=-116 edges=2032
HIST mode=wavefront slot_span=-115 edges=2032
HIST mode=wavefront slot_span=-114 edges=2032
HIST mode=wavefront slot_span=-113 edges=2032
HIST mode=wavefront slot_span=-112 edges=2032
HIST mode=wavefront slot_span=-111 edges=2032
HIST mode=wavefront slot_span=-110 edges=2032
HIST mode=wavefront slot_span=-109 edges=2032
HIST mode=wavefront slot_span=-108 edges=2032
HIST mode=wavefront slot_span=-107 edges=2032
HIST mode=wavefront slot_span=-106 edges=2032
HIST mode=wavefront slot_span=-105 edges=2032
HIST mode=wavefront slot_span=-104 edges=2032
HIST mode=wavefront slot_span=-103 edges=2032
HIST mode=wavefront slot_span=-102 edges=2032
HIST mode=wavefront slot_span=-101 edges=2032
HIST mode=wavefront slot_span=-100 edges=2032
HIST mode=wavefront slot_span=-99 edges=2032
HIST mode=wavefront slot_span=-98 edges=2032
HIST mode=wavefront slot_span=-97 edges=2032
HIST mode=wavefront slot_span=-96 edges=2032
HIST mode=wavefront slot_span=-95 edges=2032
HIST mode=wavefront slot_span=-94 edges=2032
HIST mode=wavefront slot_span=-93 edges=2032
HIST mode=wavefront slot_span=-92 edges=2032
HIST mode=wavefront slot_span=-91 edges=2032
HIST mode=wavefront slot_span=-90 edges=2032
HIST mode=wavefront slot_span=-89 edges=2032
HIST mode=wavefront slot_span=-88 edges=2032
HIST mode=wavefront slot_span=-87 edges=2032
HIST mode=wavefront slot_span=-86 edges=2032
HIST mode=wavefront slot_span=-85 edges=2032
HIST mode=wavefront slot_span=-84 edges=2032
HIST mode=wavefront slot_span=-83 edges=2032
HIST mode=wavefront slot_span=-82 edges=2032
HIST mode=wavefront slot_span=-81 edges=2032
HIST mode=wavefront slot_span=-80 edges=2032
HIST mode=wavefront slot_span=-79 edges=2032
HIST mode=wavefront slot_span=-78 edges=2032
HIST mode=wavefront slot_span=-77 edges=2032
HIST mode=wavefront slot_span=-76 edges=2032
HIST mode=wavefront slot_span=-75 edges=2032
HIST mode=wavefront slot_span=-74 edges=2032
HIST mode=wavefront slot_span=-73 edges=2032
HIST mode=wavefront slot_span=-72 edges=2032
HIST mode=wavefront slot_span=-71 edges=2032
HIST mode=wavefront slot_span=-70 edges=2032
HIST mode=wavefront slot_span=-69 edges=2032
HIST mode=wavefront slot_span=-68 edges=2032
HIST mode=wavefront slot_span=-67 edges=2032
HIST mode=wavefront slot_span=-66 edges=2032
HIST mode=wavefront slot_span=-65 edges=2032
HIST mode=wavefront slot_span=-64 edges=2032
HIST mode=wavefront slot_span=-63 edges=2032
HIST mode=wavefront slot_span=-62 edges=2032
HIST mode=wavefront slot_span=-61 edges=2032
HIST mode=wavefront slot_span=-60 edges=2032
HIST mode=wavefront slot_span=-59 edges=2032
HIST mode=wavefront slot_span=-58 edges=2032
HIST mode=wavefront slot_span=-57 edges=2032
HIST mode=wavefront slot_span=-56 edges=2032
HIST mode=wavefront slot_span=-55 edges=2032
HIST mode=wavefront slot_span=-54 edges=2032
HIST mode=wavefront slot_span=-53 edges=2032
HIST mode=wavefront slot_span=-52 edges=2032
HIST mode=wavefront slot_span=-51 edges=2032
HIST mode=wavefront slot_span=-50 edges=2032
HIST mode=wavefront slot_span=-49 edges=2032
HIST mode=wavefront slot_span=-48 edges=2032
HIST mode=wavefront slot_span=-47 edges=2032
HIST mode=wavefront slot_span=-46 edges=2032
HIST mode=wavefront slot_span=-45 edges=2032
HIST mode=wavefront slot_span=-44 edges=2032
HIST mode=wavefront slot_span=-43 edges=2032
HIST mode=wavefront slot_span=-42 edges=2032
HIST mode=wavefront slot_span=-41 edges=2032
HIST mode=wavefront slot_span=-40 edges=2032
HIST mode=wavefront slot_span=-39 edges=2032
HIST mode=wavefront slot_span=-38 edges=2032
HIST mode=wavefront slot_span=-37 edges=2032
HIST mode=wavefront slot_span=-36 edges=2032
HIST mode=wavefront slot_span=-35 edges=2032
HIST mode=wavefront slot_span=-34 edges=2032
HIST mode=wavefront slot_span=-33 edges=2032
HIST mode=wavefront slot_span=-32 edges=2032
HIST mode=wavefront slot_span=-31 edges=2032
HIST mode=wavefront slot_span=-30 edges=2032
HIST mode=wavefront slot_span=-29 edges=2032
HIST mode=wavefront slot_span=-28 edges=2032
HIST mode=wavefront slot_span=-27 edges=2032
HIST mode=wavefront slot_span=-26 edges=2032
HIST mode=wavefront slot_span=-25 edges=2032
HIST mode=wavefront slot_span=-24 edges=2032
HIST mode=wavefront slot_span=-23 edges=2032
HIST mode=wavefront slot_span=-22 edges=2032
HIST mode=wavefront slot_span=-21 edges=2032
HIST mode=wavefront slot_span=-20 edges=2032
HIST mode=wavefront slot_span=-19 edges=2032
HIST mode=wavefront slot_span=-18 edges=2032
HIST mode=wavefront slot_span=-17 edges=2032
HIST mode=wavefront slot_span=-16 edges=2032
HIST mode=wavefront slot_span=-15 edges=2032
HIST mode=wavefront slot_span=-14 edges=2032
HIST mode=wavefront slot_span=-13 edges=1528
HIST mode=wavefront slot_span=-12 edges=2032
HIST mode=wavefront slot_span=-11 edges=1528
HIST mode=wavefront slot_span=-10 edges=2032
HIST mode=wavefront slot_span=-9 edges=1528
HIST mode=wavefront slot_span=-8 edges=2032
HIST mode=wavefront slot_span=-7 edges=1024
HIST mode=wavefront slot_span=-6 edges=2032
HIST mode=wavefront slot_span=-5 edges=1024
HIST mode=wavefront slot_span=-4 edges=2284
HIST mode=wavefront slot_span=-3 edges=1528
HIST mode=wavefront slot_span=-2 edges=2032
HIST mode=wavefront slot_span=-1 edges=1528
HIST mode=wavefront slot_span=0 edges=2284
HIST mode=wavefront slot_span=1 edges=3682
HIST mode=wavefront slot_span=2 edges=3860
HIST mode=wavefront slot_span=3 edges=3338
HIST mode=wavefront slot_span=4 edges=3580
HIST mode=wavefront slot_span=5 edges=3342
HIST mode=wavefront slot_span=6 edges=1285
HIST mode=wavefront slot_span=7 edges=1296
HIST mode=wavefront slot_span=8 edges=1285
HIST mode=wavefront slot_span=9 edges=1031
HIST mode=wavefront slot_span=10 edges=1038
HIST mode=wavefront slot_span=11 edges=541
HIST mode=wavefront slot_span=12 edges=1030
HIST mode=wavefront slot_span=13 edges=546
HIST mode=wavefront slot_span=14 edges=1034
HIST mode=wavefront slot_span=15 edges=534
HIST mode=wavefront slot_span=16 edges=1290
HIST mode=wavefront slot_span=17 edges=38
HIST mode=wavefront slot_span=18 edges=1276
HIST mode=wavefront slot_span=19 edges=42
HIST mode=wavefront slot_span=20 edges=1532
HIST mode=wavefront slot_span=21 edges=534
HIST mode=wavefront slot_span=22 edges=1540
HIST mode=wavefront slot_span=23 edges=538
HIST mode=wavefront slot_span=24 edges=1530
HIST mode=wavefront slot_span=25 edges=534
HIST mode=wavefront slot_span=26 edges=1022
HIST mode=wavefront slot_span=27 edges=276
HIST mode=wavefront slot_span=28 edges=1026
HIST mode=wavefront slot_span=29 edges=272
HIST mode=wavefront slot_span=30 edges=522
HIST mode=wavefront slot_span=31 edges=274
HIST mode=wavefront slot_span=32 edges=518
HIST mode=wavefront slot_span=33 edges=36
HIST mode=wavefront slot_span=34 edges=518
HIST mode=wavefront slot_span=35 edges=26
HIST mode=wavefront slot_span=36 edges=270
HIST mode=wavefront slot_span=37 edges=26
HIST mode=wavefront slot_span=38 edges=270
HIST mode=wavefront slot_span=39 edges=26
HIST mode=wavefront slot_span=40 edges=270
HIST mode=wavefront slot_span=41 edges=30
HIST mode=wavefront slot_span=42 edges=12
HIST mode=wavefront slot_span=43 edges=30
HIST mode=wavefront slot_span=44 edges=12
HIST mode=wavefront slot_span=45 edges=26
HIST mode=wavefront slot_span=46 edges=16
HIST mode=wavefront slot_span=47 edges=26
HIST mode=wavefront slot_span=48 edges=14
HIST mode=wavefront slot_span=49 edges=24
HIST mode=wavefront slot_span=50 edges=14
HIST mode=wavefront slot_span=51 edges=22
HIST mode=wavefront slot_span=52 edges=18
HIST mode=wavefront slot_span=53 edges=18
HIST mode=wavefront slot_span=54 edges=18
HIST mode=wavefront slot_span=55 edges=18
HIST mode=wavefront slot_span=56 edges=18
HIST mode=wavefront slot_span=57 edges=18
HIST mode=wavefront slot_span=58 edges=18
HIST mode=wavefront slot_span=59 edges=18
HIST mode=wavefront slot_span=60 edges=18
HIST mode=wavefront slot_span=61 edges=18
HIST mode=wavefront slot_span=62 edges=18
HIST mode=wavefront slot_span=63 edges=18
HIST mode=wavefront slot_span=64 edges=18
HIST mode=wavefront slot_span=65 edges=18
HIST mode=wavefront slot_span=66 edges=18
HIST mode=wavefront slot_span=67 edges=18
HIST mode=wavefront slot_span=68 edges=18
HIST mode=wavefront slot_span=69 edges=18
HIST mode=wavefront slot_span=70 edges=18
HIST mode=wavefront slot_span=71 edges=18
HIST mode=wavefront slot_span=72 edges=18
HIST mode=wavefront slot_span=73 edges=18
HIST mode=wavefront slot_span=74 edges=18
HIST mode=wavefront slot_span=75 edges=18
HIST mode=wavefront slot_span=76 edges=18
HIST mode=wavefront slot_span=77 edges=18
HIST mode=wavefront slot_span=78 edges=18
HIST mode=wavefront slot_span=79 edges=18
HIST mode=wavefront slot_span=80 edges=18
HIST mode=wavefront slot_span=81 edges=18
HIST mode=wavefront slot_span=82 edges=18
HIST mode=wavefront slot_span=83 edges=18
HIST mode=wavefront slot_span=84 edges=18
HIST mode=wavefront slot_span=85 edges=18
HIST mode=wavefront slot_span=86 edges=18
HIST mode=wavefront slot_span=87 edges=18
HIST mode=wavefront slot_span=88 edges=18
HIST mode=wavefront slot_span=89 edges=18
HIST mode=wavefront slot_span=90 edges=18
HIST mode=wavefront slot_span=91 edges=18
HIST mode=wavefront slot_span=92 edges=18
HIST mode=wavefront slot_span=93 edges=18
HIST mode=wavefront slot_span=94 edges=18
HIST mode=wavefront slot_span=95 edges=18
HIST mode=wavefront slot_span=96 edges=18
HIST mode=wavefront slot_span=97 edges=18
HIST mode=wavefront slot_span=98 edges=18
HIST mode=wavefront slot_span=99 edges=18
HIST mode=wavefront slot_span=100 edges=18
HIST mode=wavefront slot_span=101 edges=18
HIST mode=wavefront slot_span=102 edges=18
HIST mode=wavefront slot_span=103 edges=18
HIST mode=wavefront slot_span=104 edges=18
HIST mode=wavefront slot_span=105 edges=18
HIST mode=wavefront slot_span=106 edges=18
HIST mode=wavefront slot_span=107 edges=18
HIST mode=wavefront slot_span=108 edges=18
HIST mode=wavefront slot_span=109 edges=18
HIST mode=wavefront slot_span=110 edges=18
HIST mode=wavefront slot_span=111 edges=18
HIST mode=wavefront slot_span=112 edges=18
HIST mode=wavefront slot_span=113 edges=18
HIST mode=wavefront slot_span=114 edges=18
HIST mode=wavefront slot_span=115 edges=18
HIST mode=wavefront slot_span=116 edges=18
HIST mode=wavefront slot_span=117 edges=18
HIST mode=wavefront slot_span=118 edges=18
HIST mode=wavefront slot_span=119 edges=18
HIST mode=wavefront slot_span=120 edges=18
HIST mode=wavefront slot_span=121 edges=18
HIST mode=wavefront slot_span=122 edges=18
HIST mode=wavefront slot_span=123 edges=18
HIST mode=wavefront slot_span=124 edges=18
HIST mode=wavefront slot_span=125 edges=18
HIST mode=wavefront slot_span=126 edges=18
HIST mode=wavefront slot_span=127 edges=18
HIST mode=wavefront slot_span=128 edges=18
HIST mode=wavefront slot_span=129 edges=18
HIST mode=wavefront slot_span=130 edges=18
HIST mode=wavefront slot_span=131 edges=18
HIST mode=wavefront slot_span=132 edges=18
HIST mode=wavefront slot_span=133 edges=18
HIST mode=wavefront slot_span=134 edges=18
HIST mode=wavefront slot_span=135 edges=18
HIST mode=wavefront slot_span=136 edges=18
HIST mode=wavefront slot_span=137 edges=18
HIST mode=wavefront slot_span=138 edges=18
HIST mode=wavefront slot_span=139 edges=18
HIST mode=wavefront slot_span=140 edges=18
HIST mode=wavefront slot_span=141 edges=18
HIST mode=wavefront slot_span=142 edges=18
HIST mode=wavefront slot_span=143 edges=18
HIST mode=wavefront slot_span=144 edges=18
HIST mode=wavefront slot_span=145 edges=18
HIST mode=wavefront slot_span=146 edges=18
HIST mode=wavefront slot_span=147 edges=18
HIST mode=wavefront slot_span=148 edges=18
HIST mode=wavefront slot_span=149 edges=18
HIST mode=wavefront slot_span=150 edges=18
HIST mode=wavefront slot_span=151 edges=18
HIST mode=wavefront slot_span=152 edges=18
HIST mode=wavefront slot_span=153 edges=18
HIST mode=wavefront slot_span=154 edges=18
HIST mode=wavefront slot_span=155 edges=18
HIST mode=wavefront slot_span=156 edges=18
HIST mode=wavefront slot_span=157 edges=18
HIST mode=wavefront slot_span=158 edges=18
HIST mode=wavefront slot_span=159 edges=18
HIST mode=wavefront slot_span=160 edges=18
HIST mode=wavefront slot_span=161 edges=18
HIST mode=wavefront slot_span=162 edges=18
HIST mode=wavefront slot_span=163 edges=18
HIST mode=wavefront slot_span=164 edges=18
HIST mode=wavefront slot_span=165 edges=18
HIST mode=wavefront slot_span=166 edges=18
HIST mode=wavefront slot_span=167 edges=18
HIST mode=wavefront slot_span=168 edges=18
HIST mode=wavefront slot_span=169 edges=18
HIST mode=wavefront slot_span=170 edges=18
HIST mode=wavefront slot_span=171 edges=18
HIST mode=wavefront slot_span=172 edges=18
HIST mode=wavefront slot_span=173 edges=18
HIST mode=wavefront slot_span=174 edges=18
HIST mode=wavefront slot_span=175 edges=18
HIST mode=wavefront slot_span=176 edges=18
HIST mode=wavefront slot_span=177 edges=18
HIST mode=wavefront slot_span=178 edges=18
HIST mode=wavefront slot_span=179 edges=18
HIST mode=wavefront slot_span=180 edges=18
HIST mode=wavefront slot_span=181 edges=18
HIST mode=wavefront slot_span=182 edges=18
HIST mode=wavefront slot_span=183 edges=18
HIST mode=wavefront slot_span=184 edges=18
HIST mode=wavefront slot_span=185 edges=18
HIST mode=wavefront slot_span=186 edges=18
HIST mode=wavefront slot_span=187 edges=18
HIST mode=wavefront slot_span=188 edges=18
HIST mode=wavefront slot_span=189 edges=18
HIST mode=wavefront slot_span=190 edges=18
HIST mode=wavefront slot_span=191 edges=18
HIST mode=wavefront slot_span=192 edges=18
HIST mode=wavefront slot_span=193 edges=18
HIST mode=wavefront slot_span=194 edges=18
HIST mode=wavefront slot_span=195 edges=18
HIST mode=wavefront slot_span=196 edges=18
HIST mode=wavefront slot_span=197 edges=18
HIST mode=wavefront slot_span=198 edges=18
HIST mode=wavefront slot_span=199 edges=18
HIST mode=wavefront slot_span=200 edges=18
HIST mode=wavefront slot_span=201 edges=18
HIST mode=wavefront slot_span=202 edges=18
HIST mode=wavefront slot_span=203 edges=18
HIST mode=wavefront slot_span=204 edges=18
HIST mode=wavefront slot_span=205 edges=18
HIST mode=wavefront slot_span=206 edges=18
HIST mode=wavefront slot_span=207 edges=18
HIST mode=wavefront slot_span=208 edges=18
HIST mode=wavefront slot_span=209 edges=18
HIST mode=wavefront slot_span=210 edges=18
HIST mode=wavefront slot_span=211 edges=18
HIST mode=wavefront slot_span=212 edges=18
HIST mode=wavefront slot_span=213 edges=18
HIST mode=wavefront slot_span=214 edges=18
HIST mode=wavefront slot_span=215 edges=18
HIST mode=wavefront slot_span=216 edges=18
HIST mode=wavefront slot_span=217 edges=18
HIST mode=wavefront slot_span=218 edges=18
HIST mode=wavefront slot_span=219 edges=18
HIST mode=wavefront slot_span=220 edges=18
HIST mode=wavefront slot_span=221 edges=18
HIST mode=wavefront slot_span=222 edges=18
HIST mode=wavefront slot_span=223 edges=18
HIST mode=wavefront slot_span=224 edges=18
HIST mode=wavefront slot_span=225 edges=18
HIST mode=wavefront slot_span=226 edges=18
HIST mode=wavefront slot_span=227 edges=18
HIST mode=wavefront slot_span=228 edges=18
HIST mode=wavefront slot_span=229 edges=18
HIST mode=wavefront slot_span=230 edges=18
HIST mode=wavefront slot_span=231 edges=18
HIST mode=wavefront slot_span=232 edges=18
HIST mode=wavefront slot_span=233 edges=18
HIST mode=wavefront slot_span=234 edges=18
HIST mode=wavefront slot_span=235 edges=18
HIST mode=wavefront slot_span=236 edges=18
HIST mode=wavefront slot_span=237 edges=18
HIST mode=wavefront slot_span=238 edges=18
HIST mode=wavefront slot_span=239 edges=18
HIST mode=wavefront slot_span=240 edges=18
HIST mode=wavefront slot_span=241 edges=18
HIST mode=wavefront slot_span=242 edges=18
HIST mode=wavefront slot_span=243 edges=18
HIST mode=wavefront slot_span=244 edges=18
HIST mode=wavefront slot_span=245 edges=18
HIST mode=wavefront slot_span=246 edges=18
HIST mode=wavefront slot_span=247 edges=18
HIST mode=wavefront slot_span=248 edges=18
HIST mode=wavefront slot_span=249 edges=18
HIST mode=wavefront slot_span=250 edges=18
HIST mode=wavefront slot_span=251 edges=18
HIST mode=wavefront slot_span=252 edges=18
HIST mode=wavefront slot_span=253 edges=18
HIST mode=wavefront slot_span=254 edges=18
HIST mode=wavefront slot_span=255 edges=18
HIST mode=wavefront slot_span=256 edges=18
HIST mode=wavefront slot_span=257 edges=18
HIST mode=wavefront slot_span=258 edges=18
HIST mode=wavefront slot_span=259 edges=18
HIST mode=wavefront slot_span=260 edges=18
HIST mode=wavefront slot_span=261 edges=18
HIST mode=wavefront slot_span=262 edges=18
HIST mode=wavefront slot_span=263 edges=18
HIST mode=wavefront slot_span=264 edges=18
HIST mode=wavefront slot_span=265 edges=18
HIST mode=wavefront slot_span=266 edges=22
HIST mode=wavefront slot_span=267 edges=14
HIST mode=wavefront slot_span=268 edges=22
HIST mode=wavefront slot_span=269 edges=14
HIST mode=wavefront slot_span=270 edges=22
HIST mode=wavefront slot_span=271 edges=14
HIST mode=wavefront slot_span=272 edges=26
HIST mode=wavefront slot_span=273 edges=10
HIST mode=wavefront slot_span=274 edges=26
HIST mode=wavefront slot_span=275 edges=10
HIST mode=wavefront slot_span=276 edges=26
HIST mode=wavefront slot_span=277 edges=14
HIST mode=wavefront slot_span=278 edges=22
HIST mode=wavefront slot_span=279 edges=14
HIST mode=wavefront slot_span=280 edges=22
HIST mode=wavefront slot_span=281 edges=14
HIST mode=wavefront slot_span=282 edges=22
HIST mode=wavefront slot_span=283 edges=18
HIST mode=wavefront slot_span=284 edges=18
HIST mode=wavefront slot_span=285 edges=18
HIST mode=wavefront slot_span=286 edges=18
HIST mode=wavefront slot_span=287 edges=18
HIST mode=wavefront slot_span=288 edges=18
HIST mode=wavefront slot_span=289 edges=18
HIST mode=wavefront slot_span=290 edges=22
HIST mode=wavefront slot_span=291 edges=14
HIST mode=wavefront slot_span=292 edges=22
HIST mode=wavefront slot_span=293 edges=14
HIST mode=wavefront slot_span=294 edges=22
HIST mode=wavefront slot_span=295 edges=14
HIST mode=wavefront slot_span=296 edges=26
HIST mode=wavefront slot_span=297 edges=10
HIST mode=wavefront slot_span=298 edges=26
HIST mode=wavefront slot_span=299 edges=10
HIST mode=wavefront slot_span=300 edges=26
HIST mode=wavefront slot_span=301 edges=14
HIST mode=wavefront slot_span=302 edges=22
HIST mode=wavefront slot_span=303 edges=14
HIST mode=wavefront slot_span=304 edges=22
HIST mode=wavefront slot_span=305 edges=14
HIST mode=wavefront slot_span=306 edges=22
HIST mode=wavefront slot_span=307 edges=18
HIST mode=wavefront slot_span=308 edges=18
HIST mode=wavefront slot_span=309 edges=18
HIST mode=wavefront slot_span=310 edges=18
HIST mode=wavefront slot_span=311 edges=18
HIST mode=wavefront slot_span=312 edges=18
HIST mode=wavefront slot_span=313 edges=18
HIST mode=wavefront slot_span=314 edges=18
HIST mode=wavefront slot_span=315 edges=18
HIST mode=wavefront slot_span=316 edges=18
HIST mode=wavefront slot_span=317 edges=18
HIST mode=wavefront slot_span=318 edges=18
HIST mode=wavefront slot_span=319 edges=18
HIST mode=wavefront slot_span=320 edges=18
HIST mode=wavefront slot_span=321 edges=18
HIST mode=wavefront slot_span=322 edges=18
HIST mode=wavefront slot_span=323 edges=18
HIST mode=wavefront slot_span=324 edges=18
HIST mode=wavefront slot_span=325 edges=18
HIST mode=wavefront slot_span=326 edges=18
HIST mode=wavefront slot_span=327 edges=18
HIST mode=wavefront slot_span=328 edges=18
HIST mode=wavefront slot_span=329 edges=18
HIST mode=wavefront slot_span=330 edges=18
HIST mode=wavefront slot_span=331 edges=18
HIST mode=wavefront slot_span=332 edges=18
HIST mode=wavefront slot_span=333 edges=18
HIST mode=wavefront slot_span=334 edges=18
HIST mode=wavefront slot_span=335 edges=18
HIST mode=wavefront slot_span=336 edges=18
HIST mode=wavefront slot_span=337 edges=18
HIST mode=wavefront slot_span=338 edges=18
HIST mode=wavefront slot_span=339 edges=18
HIST mode=wavefront slot_span=340 edges=18
HIST mode=wavefront slot_span=341 edges=18
HIST mode=wavefront slot_span=342 edges=18
HIST mode=wavefront slot_span=343 edges=18
HIST mode=wavefront slot_span=344 edges=18
HIST mode=wavefront slot_span=345 edges=18
HIST mode=wavefront slot_span=346 edges=18
HIST mode=wavefront slot_span=347 edges=18
HIST mode=wavefront slot_span=348 edges=18
HIST mode=wavefront slot_span=349 edges=18
HIST mode=wavefront slot_span=350 edges=18
HIST mode=wavefront slot_span=351 edges=18
HIST mode=wavefront slot_span=352 edges=18
HIST mode=wavefront slot_span=353 edges=18
HIST mode=wavefront slot_span=354 edges=18
HIST mode=wavefront slot_span=355 edges=18
HIST mode=wavefront slot_span=356 edges=18
HIST mode=wavefront slot_span=357 edges=18
HIST mode=wavefront slot_span=358 edges=18
HIST mode=wavefront slot_span=359 edges=18
HIST mode=wavefront slot_span=360 edges=18
HIST mode=wavefront slot_span=361 edges=18
HIST mode=wavefront slot_span=362 edges=18
HIST mode=wavefront slot_span=363 edges=18
HIST mode=wavefront slot_span=364 edges=18
HIST mode=wavefront slot_span=365 edges=18
HIST mode=wavefront slot_span=366 edges=18
HIST mode=wavefront slot_span=367 edges=18
HIST mode=wavefront slot_span=368 edges=18
HIST mode=wavefront slot_span=369 edges=18
HIST mode=wavefront slot_span=370 edges=18
HIST mode=wavefront slot_span=371 edges=18
HIST mode=wavefront slot_span=372 edges=18
HIST mode=wavefront slot_span=373 edges=18
HIST mode=wavefront slot_span=374 edges=18
HIST mode=wavefront slot_span=375 edges=18
HIST mode=wavefront slot_span=376 edges=18
HIST mode=wavefront slot_span=377 edges=18
HIST mode=wavefront slot_span=378 edges=18
HIST mode=wavefront slot_span=379 edges=18
HIST mode=wavefront slot_span=380 edges=18
HIST mode=wavefront slot_span=381 edges=18
HIST mode=wavefront slot_span=382 edges=18
HIST mode=wavefront slot_span=383 edges=18
HIST mode=wavefront slot_span=384 edges=18
HIST mode=wavefront slot_span=385 edges=18
HIST mode=wavefront slot_span=386 edges=18
HIST mode=wavefront slot_span=387 edges=18
HIST mode=wavefront slot_span=388 edges=18
HIST mode=wavefront slot_span=389 edges=18
HIST mode=wavefront slot_span=390 edges=18
HIST mode=wavefront slot_span=391 edges=18
HIST mode=wavefront slot_span=392 edges=18
HIST mode=wavefront slot_span=393 edges=18
HIST mode=wavefront slot_span=394 edges=18
HIST mode=wavefront slot_span=395 edges=18
HIST mode=wavefront slot_span=396 edges=18
HIST mode=wavefront slot_span=397 edges=18
HIST mode=wavefront slot_span=398 edges=18
HIST mode=wavefront slot_span=399 edges=18
HIST mode=wavefront slot_span=400 edges=18
HIST mode=wavefront slot_span=401 edges=18
HIST mode=wavefront slot_span=402 edges=18
HIST mode=wavefront slot_span=403 edges=18
HIST mode=wavefront slot_span=404 edges=18
HIST mode=wavefront slot_span=405 edges=18
HIST mode=wavefront slot_span=406 edges=18
HIST mode=wavefront slot_span=407 edges=18
HIST mode=wavefront slot_span=408 edges=18
HIST mode=wavefront slot_span=409 edges=18
HIST mode=wavefront slot_span=410 edges=18
HIST mode=wavefront slot_span=411 edges=18
HIST mode=wavefront slot_span=412 edges=18
HIST mode=wavefront slot_span=413 edges=18
HIST mode=wavefront slot_span=414 edges=18
HIST mode=wavefront slot_span=415 edges=18
HIST mode=wavefront slot_span=416 edges=18
HIST mode=wavefront slot_span=417 edges=18
HIST mode=wavefront slot_span=418 edges=18
HIST mode=wavefront slot_span=419 edges=18
HIST mode=wavefront slot_span=420 edges=18
HIST mode=wavefront slot_span=421 edges=18
HIST mode=wavefront slot_span=422 edges=18
HIST mode=wavefront slot_span=423 edges=18
HIST mode=wavefront slot_span=424 edges=18
HIST mode=wavefront slot_span=425 edges=18
HIST mode=wavefront slot_span=426 edges=18
HIST mode=wavefront slot_span=427 edges=18
HIST mode=wavefront slot_span=428 edges=18
HIST mode=wavefront slot_span=429 edges=18
HIST mode=wavefront slot_span=430 edges=18
HIST mode=wavefront slot_span=431 edges=18
HIST mode=wavefront slot_span=432 edges=18
HIST mode=wavefront slot_span=433 edges=18
HIST mode=wavefront slot_span=434 edges=18
HIST mode=wavefront slot_span=435 edges=18
HIST mode=wavefront slot_span=436 edges=18
HIST mode=wavefront slot_span=437 edges=18
HIST mode=wavefront slot_span=438 edges=18
HIST mode=wavefront slot_span=439 edges=18
HIST mode=wavefront slot_span=440 edges=18
HIST mode=wavefront slot_span=441 edges=18
HIST mode=wavefront slot_span=442 edges=18
HIST mode=wavefront slot_span=443 edges=18
HIST mode=wavefront slot_span=444 edges=18
HIST mode=wavefront slot_span=445 edges=18
HIST mode=wavefront slot_span=446 edges=18
HIST mode=wavefront slot_span=447 edges=18
HIST mode=wavefront slot_span=448 edges=18
HIST mode=wavefront slot_span=449 edges=18
HIST mode=wavefront slot_span=450 edges=18
HIST mode=wavefront slot_span=451 edges=18
HIST mode=wavefront slot_span=452 edges=18
HIST mode=wavefront slot_span=453 edges=18
HIST mode=wavefront slot_span=454 edges=18
HIST mode=wavefront slot_span=455 edges=18
HIST mode=wavefront slot_span=456 edges=18
HIST mode=wavefront slot_span=457 edges=18
HIST mode=wavefront slot_span=458 edges=18
HIST mode=wavefront slot_span=459 edges=18
HIST mode=wavefront slot_span=460 edges=18
HIST mode=wavefront slot_span=461 edges=18
HIST mode=wavefront slot_span=462 edges=18
HIST mode=wavefront slot_span=463 edges=18
HIST mode=wavefront slot_span=464 edges=18
HIST mode=wavefront slot_span=465 edges=18
HIST mode=wavefront slot_span=466 edges=18
HIST mode=wavefront slot_span=467 edges=18
HIST mode=wavefront slot_span=468 edges=18
HIST mode=wavefront slot_span=469 edges=18
HIST mode=wavefront slot_span=470 edges=18
HIST mode=wavefront slot_span=471 edges=18
HIST mode=wavefront slot_span=472 edges=18
HIST mode=wavefront slot_span=473 edges=18
HIST mode=wavefront slot_span=474 edges=18
HIST mode=wavefront slot_span=475 edges=18
HIST mode=wavefront slot_span=476 edges=18
HIST mode=wavefront slot_span=477 edges=18
HIST mode=wavefront slot_span=478 edges=18
HIST mode=wavefront slot_span=479 edges=18
HIST mode=wavefront slot_span=480 edges=18
HIST mode=wavefront slot_span=481 edges=18
HIST mode=wavefront slot_span=482 edges=18
HIST mode=wavefront slot_span=483 edges=18
HIST mode=wavefront slot_span=484 edges=18
HIST mode=wavefront slot_span=485 edges=18
HIST mode=wavefront slot_span=486 edges=18
HIST mode=wavefront slot_span=487 edges=18
HIST mode=wavefront slot_span=488 edges=18
HIST mode=wavefront slot_span=489 edges=18
HIST mode=wavefront slot_span=490 edges=18
HIST mode=wavefront slot_span=491 edges=18
HIST mode=wavefront slot_span=492 edges=18
HIST mode=wavefront slot_span=493 edges=18
HIST mode=wavefront slot_span=494 edges=18
HIST mode=wavefront slot_span=495 edges=18
HIST mode=wavefront slot_span=496 edges=18
HIST mode=wavefront slot_span=497 edges=18
HIST mode=wavefront slot_span=498 edges=18
HIST mode=wavefront slot_span=499 edges=18
HIST mode=wavefront slot_span=500 edges=18
HIST mode=wavefront slot_span=501 edges=18
HIST mode=wavefront slot_span=502 edges=18
HIST mode=wavefront slot_span=503 edges=18
HIST mode=wavefront slot_span=504 edges=18
HIST mode=wavefront slot_span=505 edges=18
HIST mode=wavefront slot_span=506 edges=18
HIST mode=wavefront slot_span=507 edges=18
HIST mode=wavefront slot_span=508 edges=18
HIST mode=wavefront slot_span=509 edges=18
HIST mode=wavefront slot_span=510 edges=18
HIST mode=wavefront slot_span=511 edges=18
HIST mode=wavefront slot_span=512 edges=18
HIST mode=wavefront slot_span=513 edges=18
HIST mode=wavefront slot_span=514 edges=18
HIST mode=wavefront slot_span=515 edges=18
HIST mode=wavefront slot_span=516 edges=18
HIST mode=wavefront slot_span=517 edges=18
HIST mode=wavefront slot_span=518 edges=18
HIST mode=wavefront slot_span=519 edges=18
HIST mode=wavefront slot_span=520 edges=18
HIST mode=wavefront slot_span=521 edges=22
HIST mode=wavefront slot_span=522 edges=14
HIST mode=wavefront slot_span=523 edges=22
HIST mode=wavefront slot_span=524 edges=14
HIST mode=wavefront slot_span=525 edges=22
HIST mode=wavefront slot_span=526 edges=14
HIST mode=wavefront slot_span=527 edges=26
HIST mode=wavefront slot_span=528 edges=10
HIST mode=wavefront slot_span=529 edges=26
HIST mode=wavefront slot_span=530 edges=10
HIST mode=wavefront slot_span=531 edges=26
HIST mode=wavefront slot_span=532 edges=14
HIST mode=wavefront slot_span=533 edges=22
HIST mode=wavefront slot_span=534 edges=14
HIST mode=wavefront slot_span=535 edges=22
HIST mode=wavefront slot_span=536 edges=14
HIST mode=wavefront slot_span=537 edges=22
HIST mode=wavefront slot_span=538 edges=18
HIST mode=wavefront slot_span=539 edges=18
HIST mode=wavefront slot_span=540 edges=18
HIST mode=wavefront slot_span=541 edges=18
HIST mode=wavefront slot_span=542 edges=18
HIST mode=wavefront slot_span=543 edges=18
HIST mode=wavefront slot_span=544 edges=18
HIST mode=wavefront slot_span=545 edges=22
HIST mode=wavefront slot_span=546 edges=14
HIST mode=wavefront slot_span=547 edges=22
HIST mode=wavefront slot_span=548 edges=14
HIST mode=wavefront slot_span=549 edges=22
HIST mode=wavefront slot_span=550 edges=14
HIST mode=wavefront slot_span=551 edges=26
HIST mode=wavefront slot_span=552 edges=10
HIST mode=wavefront slot_span=553 edges=26
HIST mode=wavefront slot_span=554 edges=10
HIST mode=wavefront slot_span=555 edges=26
HIST mode=wavefront slot_span=556 edges=14
HIST mode=wavefront slot_span=557 edges=22
HIST mode=wavefront slot_span=558 edges=14
HIST mode=wavefront slot_span=559 edges=22
HIST mode=wavefront slot_span=560 edges=14
HIST mode=wavefront slot_span=561 edges=22
HIST mode=wavefront slot_span=562 edges=18
HIST mode=wavefront slot_span=563 edges=18
HIST mode=wavefront slot_span=564 edges=18
HIST mode=wavefront slot_span=565 edges=18
HIST mode=wavefront slot_span=566 edges=18
HIST mode=wavefront slot_span=567 edges=18
HIST mode=wavefront slot_span=568 edges=18
HIST mode=wavefront slot_span=569 edges=18
HIST mode=wavefront slot_span=570 edges=18
HIST mode=wavefront slot_span=571 edges=18
HIST mode=wavefront slot_span=572 edges=18
HIST mode=wavefront slot_span=573 edges=18
HIST mode=wavefront slot_span=574 edges=18
HIST mode=wavefront slot_span=575 edges=18
HIST mode=wavefront slot_span=576 edges=18
HIST mode=wavefront slot_span=577 edges=18
HIST mode=wavefront slot_span=578 edges=18
HIST mode=wavefront slot_span=579 edges=18
HIST mode=wavefront slot_span=580 edges=18
HIST mode=wavefront slot_span=581 edges=18
HIST mode=wavefront slot_span=582 edges=18
HIST mode=wavefront slot_span=583 edges=18
HIST mode=wavefront slot_span=584 edges=18
HIST mode=wavefront slot_span=585 edges=18
HIST mode=wavefront slot_span=586 edges=18
HIST mode=wavefront slot_span=587 edges=18
HIST mode=wavefront slot_span=588 edges=18
HIST mode=wavefront slot_span=589 edges=18
HIST mode=wavefront slot_span=590 edges=18
HIST mode=wavefront slot_span=591 edges=18
HIST mode=wavefront slot_span=592 edges=18
HIST mode=wavefront slot_span=593 edges=18
HIST mode=wavefront slot_span=594 edges=18
HIST mode=wavefront slot_span=595 edges=18
HIST mode=wavefront slot_span=596 edges=18
HIST mode=wavefront slot_span=597 edges=18
HIST mode=wavefront slot_span=598 edges=18
HIST mode=wavefront slot_span=599 edges=18
HIST mode=wavefront slot_span=600 edges=18
HIST mode=wavefront slot_span=601 edges=18
HIST mode=wavefront slot_span=602 edges=18
HIST mode=wavefront slot_span=603 edges=18
HIST mode=wavefront slot_span=604 edges=18
HIST mode=wavefront slot_span=605 edges=18
HIST mode=wavefront slot_span=606 edges=18
HIST mode=wavefront slot_span=607 edges=18
HIST mode=wavefront slot_span=608 edges=18
HIST mode=wavefront slot_span=609 edges=18
HIST mode=wavefront slot_span=610 edges=18
HIST mode=wavefront slot_span=611 edges=18
HIST mode=wavefront slot_span=612 edges=18
HIST mode=wavefront slot_span=613 edges=18
HIST mode=wavefront slot_span=614 edges=18
HIST mode=wavefront slot_span=615 edges=18
HIST mode=wavefront slot_span=616 edges=18
HIST mode=wavefront slot_span=617 edges=18
HIST mode=wavefront slot_span=618 edges=18
HIST mode=wavefront slot_span=619 edges=18
HIST mode=wavefront slot_span=620 edges=18
HIST mode=wavefront slot_span=621 edges=18
HIST mode=wavefront slot_span=622 edges=18
HIST mode=wavefront slot_span=623 edges=18
HIST mode=wavefront slot_span=624 edges=18
HIST mode=wavefront slot_span=625 edges=18
HIST mode=wavefront slot_span=626 edges=18
HIST mode=wavefront slot_span=627 edges=18
HIST mode=wavefront slot_span=628 edges=18
HIST mode=wavefront slot_span=629 edges=18
HIST mode=wavefront slot_span=630 edges=18
HIST mode=wavefront slot_span=631 edges=18
HIST mode=wavefront slot_span=632 edges=18
HIST mode=wavefront slot_span=633 edges=18
HIST mode=wavefront slot_span=634 edges=18
HIST mode=wavefront slot_span=635 edges=18
HIST mode=wavefront slot_span=636 edges=18
HIST mode=wavefront slot_span=637 edges=18
HIST mode=wavefront slot_span=638 edges=18
HIST mode=wavefront slot_span=639 edges=18
HIST mode=wavefront slot_span=640 edges=18
HIST mode=wavefront slot_span=641 edges=18
HIST mode=wavefront slot_span=642 edges=18
HIST mode=wavefront slot_span=643 edges=18
HIST mode=wavefront slot_span=644 edges=18
HIST mode=wavefront slot_span=645 edges=18
HIST mode=wavefront slot_span=646 edges=18
HIST mode=wavefront slot_span=647 edges=18
HIST mode=wavefront slot_span=648 edges=18
HIST mode=wavefront slot_span=649 edges=18
HIST mode=wavefront slot_span=650 edges=18
HIST mode=wavefront slot_span=651 edges=18
HIST mode=wavefront slot_span=652 edges=18
HIST mode=wavefront slot_span=653 edges=18
HIST mode=wavefront slot_span=654 edges=18
HIST mode=wavefront slot_span=655 edges=18
HIST mode=wavefront slot_span=656 edges=18
HIST mode=wavefront slot_span=657 edges=18
HIST mode=wavefront slot_span=658 edges=18
HIST mode=wavefront slot_span=659 edges=18
HIST mode=wavefront slot_span=660 edges=18
HIST mode=wavefront slot_span=661 edges=18
HIST mode=wavefront slot_span=662 edges=18
HIST mode=wavefront slot_span=663 edges=18
HIST mode=wavefront slot_span=664 edges=18
HIST mode=wavefront slot_span=665 edges=18
HIST mode=wavefront slot_span=666 edges=18
HIST mode=wavefront slot_span=667 edges=18
HIST mode=wavefront slot_span=668 edges=18
HIST mode=wavefront slot_span=669 edges=18
HIST mode=wavefront slot_span=670 edges=18
HIST mode=wavefront slot_span=671 edges=18
HIST mode=wavefront slot_span=672 edges=18
HIST mode=wavefront slot_span=673 edges=18
HIST mode=wavefront slot_span=674 edges=18
HIST mode=wavefront slot_span=675 edges=18
HIST mode=wavefront slot_span=676 edges=18
HIST mode=wavefront slot_span=677 edges=18
HIST mode=wavefront slot_span=678 edges=18
HIST mode=wavefront slot_span=679 edges=18
HIST mode=wavefront slot_span=680 edges=18
HIST mode=wavefront slot_span=681 edges=18
HIST mode=wavefront slot_span=682 edges=18
HIST mode=wavefront slot_span=683 edges=18
HIST mode=wavefront slot_span=684 edges=18
HIST mode=wavefront slot_span=685 edges=18
HIST mode=wavefront slot_span=686 edges=18
HIST mode=wavefront slot_span=687 edges=18
HIST mode=wavefront slot_span=688 edges=18
HIST mode=wavefront slot_span=689 edges=18
HIST mode=wavefront slot_span=690 edges=18
HIST mode=wavefront slot_span=691 edges=18
HIST mode=wavefront slot_span=692 edges=18
HIST mode=wavefront slot_span=693 edges=18
HIST mode=wavefront slot_span=694 edges=18
HIST mode=wavefront slot_span=695 edges=18
HIST mode=wavefront slot_span=696 edges=18
HIST mode=wavefront slot_span=697 edges=18
HIST mode=wavefront slot_span=698 edges=18
HIST mode=wavefront slot_span=699 edges=18
HIST mode=wavefront slot_span=700 edges=18
HIST mode=wavefront slot_span=701 edges=18
HIST mode=wavefront slot_span=702 edges=18
HIST mode=wavefront slot_span=703 edges=18
HIST mode=wavefront slot_span=704 edges=18
HIST mode=wavefront slot_span=705 edges=18
HIST mode=wavefront slot_span=706 edges=18
HIST mode=wavefront slot_span=707 edges=18
HIST mode=wavefront slot_span=708 edges=18
HIST mode=wavefront slot_span=709 edges=18
HIST mode=wavefront slot_span=710 edges=18
HIST mode=wavefront slot_span=711 edges=18
HIST mode=wavefront slot_span=712 edges=18
HIST mode=wavefront slot_span=713 edges=18
HIST mode=wavefront slot_span=714 edges=18
HIST mode=wavefront slot_span=715 edges=18
HIST mode=wavefront slot_span=716 edges=18
HIST mode=wavefront slot_span=717 edges=18
HIST mode=wavefront slot_span=718 edges=18
HIST mode=wavefront slot_span=719 edges=18
HIST mode=wavefront slot_span=720 edges=18
HIST mode=wavefront slot_span=721 edges=18
HIST mode=wavefront slot_span=722 edges=18
HIST mode=wavefront slot_span=723 edges=18
HIST mode=wavefront slot_span=724 edges=18
HIST mode=wavefront slot_span=725 edges=18
HIST mode=wavefront slot_span=726 edges=18
HIST mode=wavefront slot_span=727 edges=18
HIST mode=wavefront slot_span=728 edges=18
HIST mode=wavefront slot_span=729 edges=18
HIST mode=wavefront slot_span=730 edges=18
HIST mode=wavefront slot_span=731 edges=18
HIST mode=wavefront slot_span=732 edges=18
HIST mode=wavefront slot_span=733 edges=18
HIST mode=wavefront slot_span=734 edges=18
HIST mode=wavefront slot_span=735 edges=18
HIST mode=wavefront slot_span=736 edges=18
HIST mode=wavefront slot_span=737 edges=18
HIST mode=wavefront slot_span=738 edges=18
HIST mode=wavefront slot_span=739 edges=18
HIST mode=wavefront slot_span=740 edges=18
HIST mode=wavefront slot_span=741 edges=18
HIST mode=wavefront slot_span=742 edges=18
HIST mode=wavefront slot_span=743 edges=18
HIST mode=wavefront slot_span=744 edges=18
HIST mode=wavefront slot_span=745 edges=18
HIST mode=wavefront slot_span=746 edges=18
HIST mode=wavefront slot_span=747 edges=18
HIST mode=wavefront slot_span=748 edges=18
HIST mode=wavefront slot_span=749 edges=18
HIST mode=wavefront slot_span=750 edges=18
HIST mode=wavefront slot_span=751 edges=18
HIST mode=wavefront slot_span=752 edges=18
HIST mode=wavefront slot_span=753 edges=18
HIST mode=wavefront slot_span=754 edges=18
HIST mode=wavefront slot_span=755 edges=18
HIST mode=wavefront slot_span=756 edges=18
HIST mode=wavefront slot_span=757 edges=18
HIST mode=wavefront slot_span=758 edges=18
HIST mode=wavefront slot_span=759 edges=18
HIST mode=wavefront slot_span=760 edges=18
HIST mode=wavefront slot_span=761 edges=18
HIST mode=wavefront slot_span=762 edges=18
HIST mode=wavefront slot_span=763 edges=18
HIST mode=wavefront slot_span=764 edges=18
HIST mode=wavefront slot_span=765 edges=18
HIST mode=wavefront slot_span=766 edges=18
HIST mode=wavefront slot_span=767 edges=18
HIST mode=wavefront slot_span=768 edges=18
HIST mode=wavefront slot_span=769 edges=18
HIST mode=wavefront slot_span=770 edges=18
HIST mode=wavefront slot_span=771 edges=18
HIST mode=wavefront slot_span=772 edges=18
HIST mode=wavefront slot_span=773 edges=18
HIST mode=wavefront slot_span=774 edges=18
HIST mode=wavefront slot_span=775 edges=18
HIST mode=wavefront slot_span=776 edges=22
HIST mode=wavefront slot_span=777 edges=14
HIST mode=wavefront slot_span=778 edges=22
HIST mode=wavefront slot_span=779 edges=14
HIST mode=wavefront slot_span=780 edges=22
HIST mode=wavefront slot_span=781 edges=14
HIST mode=wavefront slot_span=782 edges=26
HIST mode=wavefront slot_span=783 edges=10
HIST mode=wavefront slot_span=784 edges=26
HIST mode=wavefront slot_span=785 edges=10
HIST mode=wavefront slot_span=786 edges=26
HIST mode=wavefront slot_span=787 edges=14
HIST mode=wavefront slot_span=788 edges=22
HIST mode=wavefront slot_span=789 edges=14
HIST mode=wavefront slot_span=790 edges=22
HIST mode=wavefront slot_span=791 edges=14
HIST mode=wavefront slot_span=792 edges=22
HIST mode=wavefront slot_span=793 edges=18
HIST mode=wavefront slot_span=794 edges=18
HIST mode=wavefront slot_span=795 edges=18
HIST mode=wavefront slot_span=796 edges=18
HIST mode=wavefront slot_span=797 edges=18
HIST mode=wavefront slot_span=798 edges=18
HIST mode=wavefront slot_span=799 edges=18
HIST mode=wavefront slot_span=800 edges=22
HIST mode=wavefront slot_span=801 edges=14
HIST mode=wavefront slot_span=802 edges=22
HIST mode=wavefront slot_span=803 edges=14
HIST mode=wavefront slot_span=804 edges=22
HIST mode=wavefront slot_span=805 edges=14
HIST mode=wavefront slot_span=806 edges=26
HIST mode=wavefront slot_span=807 edges=10
HIST mode=wavefront slot_span=808 edges=26
HIST mode=wavefront slot_span=809 edges=10
HIST mode=wavefront slot_span=810 edges=26
HIST mode=wavefront slot_span=811 edges=14
HIST mode=wavefront slot_span=812 edges=22
HIST mode=wavefront slot_span=813 edges=14
HIST mode=wavefront slot_span=814 edges=22
HIST mode=wavefront slot_span=815 edges=14
HIST mode=wavefront slot_span=816 edges=22
HIST mode=wavefront slot_span=817 edges=18
HIST mode=wavefront slot_span=818 edges=18
HIST mode=wavefront slot_span=819 edges=18
HIST mode=wavefront slot_span=820 edges=18
HIST mode=wavefront slot_span=821 edges=18
HIST mode=wavefront slot_span=822 edges=18
HIST mode=wavefront slot_span=823 edges=18
HIST mode=wavefront slot_span=824 edges=18
HIST mode=wavefront slot_span=825 edges=18
HIST mode=wavefront slot_span=826 edges=18
HIST mode=wavefront slot_span=827 edges=18
HIST mode=wavefront slot_span=828 edges=18
HIST mode=wavefront slot_span=829 edges=18
HIST mode=wavefront slot_span=830 edges=18
HIST mode=wavefront slot_span=831 edges=18
HIST mode=wavefront slot_span=832 edges=18
HIST mode=wavefront slot_span=833 edges=18
HIST mode=wavefront slot_span=834 edges=18
HIST mode=wavefront slot_span=835 edges=18
HIST mode=wavefront slot_span=836 edges=18
HIST mode=wavefront slot_span=837 edges=18
HIST mode=wavefront slot_span=838 edges=18
HIST mode=wavefront slot_span=839 edges=18
HIST mode=wavefront slot_span=840 edges=18
HIST mode=wavefront slot_span=841 edges=18
HIST mode=wavefront slot_span=842 edges=18
HIST mode=wavefront slot_span=843 edges=18
HIST mode=wavefront slot_span=844 edges=18
HIST mode=wavefront slot_span=845 edges=18
HIST mode=wavefront slot_span=846 edges=18
HIST mode=wavefront slot_span=847 edges=18
HIST mode=wavefront slot_span=848 edges=18
HIST mode=wavefront slot_span=849 edges=18
HIST mode=wavefront slot_span=850 edges=18
HIST mode=wavefront slot_span=851 edges=18
HIST mode=wavefront slot_span=852 edges=18
HIST mode=wavefront slot_span=853 edges=18
HIST mode=wavefront slot_span=854 edges=18
HIST mode=wavefront slot_span=855 edges=18
HIST mode=wavefront slot_span=856 edges=18
HIST mode=wavefront slot_span=857 edges=18
HIST mode=wavefront slot_span=858 edges=18
HIST mode=wavefront slot_span=859 edges=18
HIST mode=wavefront slot_span=860 edges=18
HIST mode=wavefront slot_span=861 edges=18
HIST mode=wavefront slot_span=862 edges=18
HIST mode=wavefront slot_span=863 edges=18
HIST mode=wavefront slot_span=864 edges=18
HIST mode=wavefront slot_span=865 edges=18
HIST mode=wavefront slot_span=866 edges=18
HIST mode=wavefront slot_span=867 edges=18
HIST mode=wavefront slot_span=868 edges=18
HIST mode=wavefront slot_span=869 edges=18
HIST mode=wavefront slot_span=870 edges=18
HIST mode=wavefront slot_span=871 edges=18
HIST mode=wavefront slot_span=872 edges=18
HIST mode=wavefront slot_span=873 edges=18
HIST mode=wavefront slot_span=874 edges=18
HIST mode=wavefront slot_span=875 edges=18
HIST mode=wavefront slot_span=876 edges=18
HIST mode=wavefront slot_span=877 edges=18
HIST mode=wavefront slot_span=878 edges=18
HIST mode=wavefront slot_span=879 edges=18
HIST mode=wavefront slot_span=880 edges=18
HIST mode=wavefront slot_span=881 edges=18
HIST mode=wavefront slot_span=882 edges=18
HIST mode=wavefront slot_span=883 edges=18
HIST mode=wavefront slot_span=884 edges=18
HIST mode=wavefront slot_span=885 edges=18
HIST mode=wavefront slot_span=886 edges=18
HIST mode=wavefront slot_span=887 edges=18
HIST mode=wavefront slot_span=888 edges=18
HIST mode=wavefront slot_span=889 edges=18
HIST mode=wavefront slot_span=890 edges=18
HIST mode=wavefront slot_span=891 edges=18
HIST mode=wavefront slot_span=892 edges=18
HIST mode=wavefront slot_span=893 edges=18
HIST mode=wavefront slot_span=894 edges=18
HIST mode=wavefront slot_span=895 edges=18
HIST mode=wavefront slot_span=896 edges=18
HIST mode=wavefront slot_span=897 edges=18
HIST mode=wavefront slot_span=898 edges=18
HIST mode=wavefront slot_span=899 edges=18
HIST mode=wavefront slot_span=900 edges=18
HIST mode=wavefront slot_span=901 edges=18
HIST mode=wavefront slot_span=902 edges=18
HIST mode=wavefront slot_span=903 edges=18
HIST mode=wavefront slot_span=904 edges=18
HIST mode=wavefront slot_span=905 edges=18
HIST mode=wavefront slot_span=906 edges=18
HIST mode=wavefront slot_span=907 edges=18
HIST mode=wavefront slot_span=908 edges=18
HIST mode=wavefront slot_span=909 edges=18
HIST mode=wavefront slot_span=910 edges=18
HIST mode=wavefront slot_span=911 edges=18
HIST mode=wavefront slot_span=912 edges=18
HIST mode=wavefront slot_span=913 edges=18
HIST mode=wavefront slot_span=914 edges=18
HIST mode=wavefront slot_span=915 edges=18
HIST mode=wavefront slot_span=916 edges=18
HIST mode=wavefront slot_span=917 edges=18
HIST mode=wavefront slot_span=918 edges=18
HIST mode=wavefront slot_span=919 edges=18
HIST mode=wavefront slot_span=920 edges=18
HIST mode=wavefront slot_span=921 edges=18
HIST mode=wavefront slot_span=922 edges=18
HIST mode=wavefront slot_span=923 edges=18
HIST mode=wavefront slot_span=924 edges=18
HIST mode=wavefront slot_span=925 edges=18
HIST mode=wavefront slot_span=926 edges=18
HIST mode=wavefront slot_span=927 edges=18
HIST mode=wavefront slot_span=928 edges=18
HIST mode=wavefront slot_span=929 edges=18
HIST mode=wavefront slot_span=930 edges=18
HIST mode=wavefront slot_span=931 edges=18
HIST mode=wavefront slot_span=932 edges=18
HIST mode=wavefront slot_span=933 edges=18
HIST mode=wavefront slot_span=934 edges=18
HIST mode=wavefront slot_span=935 edges=18
HIST mode=wavefront slot_span=936 edges=18
HIST mode=wavefront slot_span=937 edges=18
HIST mode=wavefront slot_span=938 edges=18
HIST mode=wavefront slot_span=939 edges=18
HIST mode=wavefront slot_span=940 edges=18
HIST mode=wavefront slot_span=941 edges=18
HIST mode=wavefront slot_span=942 edges=18
HIST mode=wavefront slot_span=943 edges=18
HIST mode=wavefront slot_span=944 edges=18
HIST mode=wavefront slot_span=945 edges=18
HIST mode=wavefront slot_span=946 edges=18
HIST mode=wavefront slot_span=947 edges=18
HIST mode=wavefront slot_span=948 edges=18
HIST mode=wavefront slot_span=949 edges=18
HIST mode=wavefront slot_span=950 edges=18
HIST mode=wavefront slot_span=951 edges=18
HIST mode=wavefront slot_span=952 edges=18
HIST mode=wavefront slot_span=953 edges=18
HIST mode=wavefront slot_span=954 edges=18
HIST mode=wavefront slot_span=955 edges=18
HIST mode=wavefront slot_span=956 edges=18
HIST mode=wavefront slot_span=957 edges=18
HIST mode=wavefront slot_span=958 edges=18
HIST mode=wavefront slot_span=959 edges=18
HIST mode=wavefront slot_span=960 edges=18
HIST mode=wavefront slot_span=961 edges=18
HIST mode=wavefront slot_span=962 edges=18
HIST mode=wavefront slot_span=963 edges=18
HIST mode=wavefront slot_span=964 edges=18
HIST mode=wavefront slot_span=965 edges=18
HIST mode=wavefront slot_span=966 edges=18
HIST mode=wavefront slot_span=967 edges=18
HIST mode=wavefront slot_span=968 edges=18
HIST mode=wavefront slot_span=969 edges=18
HIST mode=wavefront slot_span=970 edges=18
HIST mode=wavefront slot_span=971 edges=18
HIST mode=wavefront slot_span=972 edges=18
HIST mode=wavefront slot_span=973 edges=18
HIST mode=wavefront slot_span=974 edges=18
HIST mode=wavefront slot_span=975 edges=18
HIST mode=wavefront slot_span=976 edges=18
HIST mode=wavefront slot_span=977 edges=18
HIST mode=wavefront slot_span=978 edges=18
HIST mode=wavefront slot_span=979 edges=18
HIST mode=wavefront slot_span=980 edges=18
HIST mode=wavefront slot_span=981 edges=18
HIST mode=wavefront slot_span=982 edges=18
HIST mode=wavefront slot_span=983 edges=18
HIST mode=wavefront slot_span=984 edges=18
HIST mode=wavefront slot_span=985 edges=18
HIST mode=wavefront slot_span=986 edges=18
HIST mode=wavefront slot_span=987 edges=18
HIST mode=wavefront slot_span=988 edges=18
HIST mode=wavefront slot_span=989 edges=18
HIST mode=wavefront slot_span=990 edges=18
HIST mode=wavefront slot_span=991 edges=18
HIST mode=wavefront slot_span=992 edges=18
HIST mode=wavefront slot_span=993 edges=18
HIST mode=wavefront slot_span=994 edges=18
HIST mode=wavefront slot_span=995 edges=18
HIST mode=wavefront slot_span=996 edges=18
HIST mode=wavefront slot_span=997 edges=18
HIST mode=wavefront slot_span=998 edges=18
HIST mode=wavefront slot_span=999 edges=18
HIST mode=wavefront slot_span=1000 edges=18
HIST mode=wavefront slot_span=1001 edges=18
HIST mode=wavefront slot_span=1002 edges=18
HIST mode=wavefront slot_span=1003 edges=18
HIST mode=wavefront slot_span=1004 edges=18
HIST mode=wavefront slot_span=1005 edges=18
HIST mode=wavefront slot_span=1006 edges=18
HIST mode=wavefront slot_span=1007 edges=18
HIST mode=wavefront slot_span=1008 edges=18
HIST mode=wavefront slot_span=1009 edges=18
HIST mode=wavefront slot_span=1010 edges=18
HIST mode=wavefront slot_span=1011 edges=18
HIST mode=wavefront slot_span=1012 edges=18
HIST mode=wavefront slot_span=1013 edges=18
HIST mode=wavefront slot_span=1014 edges=18
HIST mode=wavefront slot_span=1015 edges=18
HIST mode=wavefront slot_span=1016 edges=18
HIST mode=wavefront slot_span=1017 edges=18
HIST mode=wavefront slot_span=1018 edges=18
HIST mode=wavefront slot_span=1019 edges=18
HIST mode=wavefront slot_span=1020 edges=18
HIST mode=wavefront slot_span=1021 edges=18
HIST mode=wavefront slot_span=1022 edges=18
HIST mode=wavefront slot_span=1023 edges=18
HIST mode=wavefront slot_span=1024 edges=18
HIST mode=wavefront slot_span=1025 edges=18
HIST mode=wavefront slot_span=1026 edges=14
HIST mode=wavefront slot_span=1027 edges=18
HIST mode=wavefront slot_span=1028 edges=14
HIST mode=wavefront slot_span=1029 edges=18
HIST mode=wavefront slot_span=1030 edges=13
HIST mode=wavefront slot_span=1031 edges=18
HIST mode=wavefront slot_span=1032 edges=9
HIST mode=wavefront slot_span=1033 edges=17
HIST mode=wavefront slot_span=1034 edges=8
HIST mode=wavefront slot_span=1035 edges=19
HIST mode=wavefront slot_span=1036 edges=12
HIST mode=wavefront slot_span=1037 edges=16
HIST mode=wavefront slot_span=1038 edges=12
HIST mode=wavefront slot_span=1039 edges=18
HIST mode=wavefront slot_span=1040 edges=12
HIST mode=wavefront slot_span=1041 edges=14
HIST mode=wavefront slot_span=1042 edges=10
HIST mode=wavefront slot_span=1043 edges=12
HIST mode=wavefront slot_span=1044 edges=10
HIST mode=wavefront slot_span=1045 edges=10
HIST mode=wavefront slot_span=1046 edges=10
HIST mode=wavefront slot_span=1047 edges=10
HIST mode=wavefront slot_span=1048 edges=8
HIST mode=wavefront slot_span=1049 edges=10
HIST mode=wavefront slot_span=1050 edges=4
HIST mode=wavefront slot_span=1051 edges=10
HIST mode=wavefront slot_span=1052 edges=4
HIST mode=wavefront slot_span=1053 edges=10
HIST mode=wavefront slot_span=1054 edges=4
HIST mode=wavefront slot_span=1055 edges=12
HIST mode=wavefront slot_span=1057 edges=10
HIST mode=wavefront slot_span=1059 edges=12
HIST mode=wavefront slot_span=1060 edges=4
HIST mode=wavefront slot_span=1061 edges=12
HIST mode=wavefront slot_span=1062 edges=4
HIST mode=wavefront slot_span=1063 edges=12
HIST mode=wavefront slot_span=1064 edges=256
HIST mode=wavefront slot_span=1065 edges=8
HIST mode=wavefront slot_span=1066 edges=254
HIST mode=wavefront slot_span=1067 edges=8
HIST mode=wavefront slot_span=1068 edges=254
HIST mode=wavefront slot_span=1069 edges=4
HIST mode=wavefront slot_span=1070 edges=506
HIST mode=wavefront slot_span=1071 edges=4
HIST mode=wavefront slot_span=1072 edges=252
HIST mode=wavefront slot_span=1073 edges=2
HIST mode=wavefront slot_span=1074 edges=252
HIST mode=wavefront slot_span=1076 edges=504
HIST mode=wavefront slot_span=1078 edges=252
HIST mode=wavefront slot_span=1080 edges=252
HIST mode=wavefront slot_span=1082 edges=504
HIST mode=wavefront slot_span=1084 edges=252
HIST mode=wavefront slot_span=1086 edges=252
HIST mode=wavefront slot_span=1088 edges=252
SPAN mode=affine_balanced_100 seq=512 workers=256 resident_limit=256 tasks=14560 edges=2128248 same_worker_edges=19666 producer_tasks=14544 fence_free_producers=2154 cross_worker_fraction=0.99076 same_worker_fraction=0.00924046 used_workers=256 max_queue=70 queue_cap=70 min=-62 p50=24 p95=49 max=68 forward_worker_span=254 slot_span_below_limit=1 resident_grid_safe=1 queue_cycle=0 overresident_proven=0
HIST mode=affine_balanced_100 slot_span=-62 edges=94
HIST mode=affine_balanced_100 slot_span=-61 edges=167
HIST mode=affine_balanced_100 slot_span=-60 edges=263
HIST mode=affine_balanced_100 slot_span=-59 edges=335
HIST mode=affine_balanced_100 slot_span=-58 edges=426
HIST mode=affine_balanced_100 slot_span=-57 edges=489
HIST mode=affine_balanced_100 slot_span=-56 edges=594
HIST mode=affine_balanced_100 slot_span=-55 edges=680
HIST mode=affine_balanced_100 slot_span=-54 edges=789
HIST mode=affine_balanced_100 slot_span=-53 edges=882
HIST mode=affine_balanced_100 slot_span=-52 edges=986
HIST mode=affine_balanced_100 slot_span=-51 edges=1083
HIST mode=affine_balanced_100 slot_span=-50 edges=1162
HIST mode=affine_balanced_100 slot_span=-49 edges=1242
HIST mode=affine_balanced_100 slot_span=-48 edges=1330
HIST mode=affine_balanced_100 slot_span=-47 edges=1403
HIST mode=affine_balanced_100 slot_span=-46 edges=1495
HIST mode=affine_balanced_100 slot_span=-45 edges=1572
HIST mode=affine_balanced_100 slot_span=-44 edges=1658
HIST mode=affine_balanced_100 slot_span=-43 edges=1732
HIST mode=affine_balanced_100 slot_span=-42 edges=1821
HIST mode=affine_balanced_100 slot_span=-41 edges=1900
HIST mode=affine_balanced_100 slot_span=-40 edges=1986
HIST mode=affine_balanced_100 slot_span=-39 edges=2065
HIST mode=affine_balanced_100 slot_span=-38 edges=2151
HIST mode=affine_balanced_100 slot_span=-37 edges=2232
HIST mode=affine_balanced_100 slot_span=-36 edges=2320
HIST mode=affine_balanced_100 slot_span=-35 edges=2401
HIST mode=affine_balanced_100 slot_span=-34 edges=2483
HIST mode=affine_balanced_100 slot_span=-33 edges=2562
HIST mode=affine_balanced_100 slot_span=-32 edges=2642
HIST mode=affine_balanced_100 slot_span=-31 edges=2733
HIST mode=affine_balanced_100 slot_span=-30 edges=2804
HIST mode=affine_balanced_100 slot_span=-29 edges=2898
HIST mode=affine_balanced_100 slot_span=-28 edges=2971
HIST mode=affine_balanced_100 slot_span=-27 edges=3067
HIST mode=affine_balanced_100 slot_span=-26 edges=3132
HIST mode=affine_balanced_100 slot_span=-25 edges=3238
HIST mode=affine_balanced_100 slot_span=-24 edges=3291
HIST mode=affine_balanced_100 slot_span=-23 edges=3402
HIST mode=affine_balanced_100 slot_span=-22 edges=3459
HIST mode=affine_balanced_100 slot_span=-21 edges=3572
HIST mode=affine_balanced_100 slot_span=-20 edges=3624
HIST mode=affine_balanced_100 slot_span=-19 edges=3741
HIST mode=affine_balanced_100 slot_span=-18 edges=3784
HIST mode=affine_balanced_100 slot_span=-17 edges=3909
HIST mode=affine_balanced_100 slot_span=-16 edges=3951
HIST mode=affine_balanced_100 slot_span=-15 edges=4074
HIST mode=affine_balanced_100 slot_span=-14 edges=4055
HIST mode=affine_balanced_100 slot_span=-13 edges=4106
HIST mode=affine_balanced_100 slot_span=-12 edges=4076
HIST mode=affine_balanced_100 slot_span=-11 edges=4112
HIST mode=affine_balanced_100 slot_span=-10 edges=4076
HIST mode=affine_balanced_100 slot_span=-9 edges=4123
HIST mode=affine_balanced_100 slot_span=-8 edges=4067
HIST mode=affine_balanced_100 slot_span=-7 edges=4296
HIST mode=affine_balanced_100 slot_span=-6 edges=4206
HIST mode=affine_balanced_100 slot_span=-5 edges=4372
HIST mode=affine_balanced_100 slot_span=-4 edges=4197
HIST mode=affine_balanced_100 slot_span=-3 edges=3963
HIST mode=affine_balanced_100 slot_span=-2 edges=4088
HIST mode=affine_balanced_100 slot_span=-1 edges=4098
HIST mode=affine_balanced_100 slot_span=0 edges=5695
HIST mode=affine_balanced_100 slot_span=1 edges=18371
HIST mode=affine_balanced_100 slot_span=2 edges=16591
HIST mode=affine_balanced_100 slot_span=3 edges=20390
HIST mode=affine_balanced_100 slot_span=4 edges=26595
HIST mode=affine_balanced_100 slot_span=5 edges=28131
HIST mode=affine_balanced_100 slot_span=6 edges=36196
HIST mode=affine_balanced_100 slot_span=7 edges=40938
HIST mode=affine_balanced_100 slot_span=8 edges=40956
HIST mode=affine_balanced_100 slot_span=9 edges=41643
HIST mode=affine_balanced_100 slot_span=10 edges=43301
HIST mode=affine_balanced_100 slot_span=11 edges=44120
HIST mode=affine_balanced_100 slot_span=12 edges=45246
HIST mode=affine_balanced_100 slot_span=13 edges=46409
HIST mode=affine_balanced_100 slot_span=14 edges=45800
HIST mode=affine_balanced_100 slot_span=15 edges=44057
HIST mode=affine_balanced_100 slot_span=16 edges=43470
HIST mode=affine_balanced_100 slot_span=17 edges=42591
HIST mode=affine_balanced_100 slot_span=18 edges=40468
HIST mode=affine_balanced_100 slot_span=19 edges=39981
HIST mode=affine_balanced_100 slot_span=20 edges=39756
HIST mode=affine_balanced_100 slot_span=21 edges=39616
HIST mode=affine_balanced_100 slot_span=22 edges=39756
HIST mode=affine_balanced_100 slot_span=23 edges=39419
HIST mode=affine_balanced_100 slot_span=24 edges=39352
HIST mode=affine_balanced_100 slot_span=25 edges=38985
HIST mode=affine_balanced_100 slot_span=26 edges=39352
HIST mode=affine_balanced_100 slot_span=27 edges=39631
HIST mode=affine_balanced_100 slot_span=28 edges=39007
HIST mode=affine_balanced_100 slot_span=29 edges=39209
HIST mode=affine_balanced_100 slot_span=30 edges=39344
HIST mode=affine_balanced_100 slot_span=31 edges=39362
HIST mode=affine_balanced_100 slot_span=32 edges=38830
HIST mode=affine_balanced_100 slot_span=33 edges=39185
HIST mode=affine_balanced_100 slot_span=34 edges=38822
HIST mode=affine_balanced_100 slot_span=35 edges=38557
HIST mode=affine_balanced_100 slot_span=36 edges=38453
HIST mode=affine_balanced_100 slot_span=37 edges=38355
HIST mode=affine_balanced_100 slot_span=38 edges=38329
HIST mode=affine_balanced_100 slot_span=39 edges=38390
HIST mode=affine_balanced_100 slot_span=40 edges=38228
HIST mode=affine_balanced_100 slot_span=41 edges=37715
HIST mode=affine_balanced_100 slot_span=42 edges=38305
HIST mode=affine_balanced_100 slot_span=43 edges=38368
HIST mode=affine_balanced_100 slot_span=44 edges=37710
HIST mode=affine_balanced_100 slot_span=45 edges=38233
HIST mode=affine_balanced_100 slot_span=46 edges=38737
HIST mode=affine_balanced_100 slot_span=47 edges=38499
HIST mode=affine_balanced_100 slot_span=48 edges=36750
HIST mode=affine_balanced_100 slot_span=49 edges=33728
HIST mode=affine_balanced_100 slot_span=50 edges=28001
HIST mode=affine_balanced_100 slot_span=51 edges=22865
HIST mode=affine_balanced_100 slot_span=52 edges=17558
HIST mode=affine_balanced_100 slot_span=53 edges=12776
HIST mode=affine_balanced_100 slot_span=54 edges=7486
HIST mode=affine_balanced_100 slot_span=55 edges=2257
HIST mode=affine_balanced_100 slot_span=56 edges=959
HIST mode=affine_balanced_100 slot_span=57 edges=964
HIST mode=affine_balanced_100 slot_span=58 edges=956
HIST mode=affine_balanced_100 slot_span=59 edges=962
HIST mode=affine_balanced_100 slot_span=60 edges=956
HIST mode=affine_balanced_100 slot_span=61 edges=960
HIST mode=affine_balanced_100 slot_span=62 edges=953
HIST mode=affine_balanced_100 slot_span=63 edges=938
HIST mode=affine_balanced_100 slot_span=64 edges=827
HIST mode=affine_balanced_100 slot_span=65 edges=426
HIST mode=affine_balanced_100 slot_span=66 edges=420
HIST mode=affine_balanced_100 slot_span=67 edges=406
HIST mode=affine_balanced_100 slot_span=68 edges=216
SPAN mode=affine_balanced_110 seq=512 workers=256 resident_limit=256 tasks=14560 edges=2128248 same_worker_edges=19823 producer_tasks=14544 fence_free_producers=2152 cross_worker_fraction=0.990686 same_worker_fraction=0.00931423 used_workers=256 max_queue=77 queue_cap=77 min=-69 p50=23 p95=49 max=73 forward_worker_span=253 slot_span_below_limit=1 resident_grid_safe=1 queue_cycle=0 overresident_proven=0
HIST mode=affine_balanced_110 slot_span=-69 edges=98
HIST mode=affine_balanced_110 slot_span=-68 edges=186
HIST mode=affine_balanced_110 slot_span=-67 edges=277
HIST mode=affine_balanced_110 slot_span=-66 edges=367
HIST mode=affine_balanced_110 slot_span=-65 edges=458
HIST mode=affine_balanced_110 slot_span=-64 edges=548
HIST mode=affine_balanced_110 slot_span=-63 edges=638
HIST mode=affine_balanced_110 slot_span=-62 edges=729
HIST mode=affine_balanced_110 slot_span=-61 edges=819
HIST mode=affine_balanced_110 slot_span=-60 edges=912
HIST mode=affine_balanced_110 slot_span=-59 edges=1031
HIST mode=affine_balanced_110 slot_span=-58 edges=1126
HIST mode=affine_balanced_110 slot_span=-57 edges=1217
HIST mode=affine_balanced_110 slot_span=-56 edges=1291
HIST mode=affine_balanced_110 slot_span=-55 edges=1378
HIST mode=affine_balanced_110 slot_span=-54 edges=1451
HIST mode=affine_balanced_110 slot_span=-53 edges=1549
HIST mode=affine_balanced_110 slot_span=-52 edges=1614
HIST mode=affine_balanced_110 slot_span=-51 edges=1707
HIST mode=affine_balanced_110 slot_span=-50 edges=1779
HIST mode=affine_balanced_110 slot_span=-49 edges=1871
HIST mode=affine_balanced_110 slot_span=-48 edges=1945
HIST mode=affine_balanced_110 slot_span=-47 edges=2040
HIST mode=affine_balanced_110 slot_span=-46 edges=2115
HIST mode=affine_balanced_110 slot_span=-45 edges=2201
HIST mode=affine_balanced_110 slot_span=-44 edges=2277
HIST mode=affine_balanced_110 slot_span=-43 edges=2363
HIST mode=affine_balanced_110 slot_span=-42 edges=2440
HIST mode=affine_balanced_110 slot_span=-41 edges=2527
HIST mode=affine_balanced_110 slot_span=-40 edges=2614
HIST mode=affine_balanced_110 slot_span=-39 edges=2684
HIST mode=affine_balanced_110 slot_span=-38 edges=2779
HIST mode=affine_balanced_110 slot_span=-37 edges=2843
HIST mode=affine_balanced_110 slot_span=-36 edges=2945
HIST mode=affine_balanced_110 slot_span=-35 edges=3004
HIST mode=affine_balanced_110 slot_span=-34 edges=3118
HIST mode=affine_balanced_110 slot_span=-33 edges=3169
HIST mode=affine_balanced_110 slot_span=-32 edges=3274
HIST mode=affine_balanced_110 slot_span=-31 edges=3334
HIST mode=affine_balanced_110 slot_span=-30 edges=3438
HIST mode=affine_balanced_110 slot_span=-29 edges=3493
HIST mode=affine_balanced_110 slot_span=-28 edges=3601
HIST mode=affine_balanced_110 slot_span=-27 edges=3659
HIST mode=affine_balanced_110 slot_span=-26 edges=3767
HIST mode=affine_balanced_110 slot_span=-25 edges=3820
HIST mode=affine_balanced_110 slot_span=-24 edges=3929
HIST mode=affine_balanced_110 slot_span=-23 edges=3986
HIST mode=affine_balanced_110 slot_span=-22 edges=4097
HIST mode=affine_balanced_110 slot_span=-21 edges=4093
HIST mode=affine_balanced_110 slot_span=-20 edges=4123
HIST mode=affine_balanced_110 slot_span=-19 edges=4089
HIST mode=affine_balanced_110 slot_span=-18 edges=4121
HIST mode=affine_balanced_110 slot_span=-17 edges=4095
HIST mode=affine_balanced_110 slot_span=-16 edges=4119
HIST mode=affine_balanced_110 slot_span=-15 edges=4095
HIST mode=affine_balanced_110 slot_span=-14 edges=4125
HIST mode=affine_balanced_110 slot_span=-13 edges=4095
HIST mode=affine_balanced_110 slot_span=-12 edges=4121
HIST mode=affine_balanced_110 slot_span=-11 edges=4095
HIST mode=affine_balanced_110 slot_span=-10 edges=4119
HIST mode=affine_balanced_110 slot_span=-9 edges=4095
HIST mode=affine_balanced_110 slot_span=-8 edges=4203
HIST mode=affine_balanced_110 slot_span=-7 edges=4296
HIST mode=affine_balanced_110 slot_span=-6 edges=4309
HIST mode=affine_balanced_110 slot_span=-5 edges=4252
HIST mode=affine_balanced_110 slot_span=-4 edges=3995
HIST mode=affine_balanced_110 slot_span=-3 edges=3834
HIST mode=affine_balanced_110 slot_span=-2 edges=3980
HIST mode=affine_balanced_110 slot_span=-1 edges=3924
HIST mode=affine_balanced_110 slot_span=0 edges=5192
HIST mode=affine_balanced_110 slot_span=1 edges=19234
HIST mode=affine_balanced_110 slot_span=2 edges=15851
HIST mode=affine_balanced_110 slot_span=3 edges=21883
HIST mode=affine_balanced_110 slot_span=4 edges=27203
HIST mode=affine_balanced_110 slot_span=5 edges=32571
HIST mode=affine_balanced_110 slot_span=6 edges=38455
HIST mode=affine_balanced_110 slot_span=7 edges=43810
HIST mode=affine_balanced_110 slot_span=8 edges=43592
HIST mode=affine_balanced_110 slot_span=9 edges=43611
HIST mode=affine_balanced_110 slot_span=10 edges=43563
HIST mode=affine_balanced_110 slot_span=11 edges=44518
HIST mode=affine_balanced_110 slot_span=12 edges=45326
HIST mode=affine_balanced_110 slot_span=13 edges=44691
HIST mode=affine_balanced_110 slot_span=14 edges=44305
HIST mode=affine_balanced_110 slot_span=15 edges=43366
HIST mode=affine_balanced_110 slot_span=16 edges=42850
HIST mode=affine_balanced_110 slot_span=17 edges=42073
HIST mode=affine_balanced_110 slot_span=18 edges=40408
HIST mode=affine_balanced_110 slot_span=19 edges=39452
HIST mode=affine_balanced_110 slot_span=20 edges=38976
HIST mode=affine_balanced_110 slot_span=21 edges=38704
HIST mode=affine_balanced_110 slot_span=22 edges=38906
HIST mode=affine_balanced_110 slot_span=23 edges=39007
HIST mode=affine_balanced_110 slot_span=24 edges=39083
HIST mode=affine_balanced_110 slot_span=25 edges=38744
HIST mode=affine_balanced_110 slot_span=26 edges=38410
HIST mode=affine_balanced_110 slot_span=27 edges=38461
HIST mode=affine_balanced_110 slot_span=28 edges=38406
HIST mode=affine_balanced_110 slot_span=29 edges=38383
HIST mode=affine_balanced_110 slot_span=30 edges=38079
HIST mode=affine_balanced_110 slot_span=31 edges=38057
HIST mode=affine_balanced_110 slot_span=32 edges=37711
HIST mode=affine_balanced_110 slot_span=33 edges=38196
HIST mode=affine_balanced_110 slot_span=34 edges=38001
HIST mode=affine_balanced_110 slot_span=35 edges=37352
HIST mode=affine_balanced_110 slot_span=36 edges=37610
HIST mode=affine_balanced_110 slot_span=37 edges=37791
HIST mode=affine_balanced_110 slot_span=38 edges=37266
HIST mode=affine_balanced_110 slot_span=39 edges=37249
HIST mode=affine_balanced_110 slot_span=40 edges=37163
HIST mode=affine_balanced_110 slot_span=41 edges=37435
HIST mode=affine_balanced_110 slot_span=42 edges=37136
HIST mode=affine_balanced_110 slot_span=43 edges=36994
HIST mode=affine_balanced_110 slot_span=44 edges=37125
HIST mode=affine_balanced_110 slot_span=45 edges=37253
HIST mode=affine_balanced_110 slot_span=46 edges=37027
HIST mode=affine_balanced_110 slot_span=47 edges=37542
HIST mode=affine_balanced_110 slot_span=48 edges=36632
HIST mode=affine_balanced_110 slot_span=49 edges=32706
HIST mode=affine_balanced_110 slot_span=50 edges=27229
HIST mode=affine_balanced_110 slot_span=51 edges=22181
HIST mode=affine_balanced_110 slot_span=52 edges=16713
HIST mode=affine_balanced_110 slot_span=53 edges=11846
HIST mode=affine_balanced_110 slot_span=54 edges=6437
HIST mode=affine_balanced_110 slot_span=55 edges=1089
HIST mode=affine_balanced_110 slot_span=56 edges=43
HIST mode=affine_balanced_110 slot_span=57 edges=49
HIST mode=affine_balanced_110 slot_span=58 edges=43
HIST mode=affine_balanced_110 slot_span=59 edges=49
HIST mode=affine_balanced_110 slot_span=60 edges=43
HIST mode=affine_balanced_110 slot_span=61 edges=49
HIST mode=affine_balanced_110 slot_span=62 edges=43
HIST mode=affine_balanced_110 slot_span=63 edges=47
HIST mode=affine_balanced_110 slot_span=64 edges=42
HIST mode=affine_balanced_110 slot_span=65 edges=46
HIST mode=affine_balanced_110 slot_span=66 edges=40
HIST mode=affine_balanced_110 slot_span=67 edges=46
HIST mode=affine_balanced_110 slot_span=68 edges=38
HIST mode=affine_balanced_110 slot_span=69 edges=45
HIST mode=affine_balanced_110 slot_span=70 edges=20
HIST mode=affine_balanced_110 slot_span=71 edges=23
HIST mode=affine_balanced_110 slot_span=72 edges=20
HIST mode=affine_balanced_110 slot_span=73 edges=22
SPAN mode=affine_balanced_120 seq=512 workers=256 resident_limit=256 tasks=14560 edges=2128248 same_worker_edges=20330 producer_tasks=14544 fence_free_producers=2179 cross_worker_fraction=0.990448 same_worker_fraction=0.00955246 used_workers=256 max_queue=84 queue_cap=84 min=-76 p50=22 p95=48 max=82 forward_worker_span=253 slot_span_below_limit=1 resident_grid_safe=1 queue_cycle=0 overresident_proven=0
HIST mode=affine_balanced_120 slot_span=-76 edges=119
HIST mode=affine_balanced_120 slot_span=-75 edges=181
HIST mode=affine_balanced_120 slot_span=-74 edges=282
HIST mode=affine_balanced_120 slot_span=-73 edges=349
HIST mode=affine_balanced_120 slot_span=-72 edges=449
HIST mode=affine_balanced_120 slot_span=-71 edges=516
HIST mode=affine_balanced_120 slot_span=-70 edges=617
HIST mode=affine_balanced_120 slot_span=-69 edges=696
HIST mode=affine_balanced_120 slot_span=-68 edges=822
HIST mode=affine_balanced_120 slot_span=-67 edges=908
HIST mode=affine_balanced_120 slot_span=-66 edges=1035
HIST mode=affine_balanced_120 slot_span=-65 edges=1120
HIST mode=affine_balanced_120 slot_span=-64 edges=1251
HIST mode=affine_balanced_120 slot_span=-63 edges=1333
HIST mode=affine_balanced_120 slot_span=-62 edges=1441
HIST mode=affine_balanced_120 slot_span=-61 edges=1527
HIST mode=affine_balanced_120 slot_span=-60 edges=1633
HIST mode=affine_balanced_120 slot_span=-59 edges=1720
HIST mode=affine_balanced_120 slot_span=-58 edges=1819
HIST mode=affine_balanced_120 slot_span=-57 edges=1888
HIST mode=affine_balanced_120 slot_span=-56 edges=1984
HIST mode=affine_balanced_120 slot_span=-55 edges=2056
HIST mode=affine_balanced_120 slot_span=-54 edges=2138
HIST mode=affine_balanced_120 slot_span=-53 edges=2223
HIST mode=affine_balanced_120 slot_span=-52 edges=2306
HIST mode=affine_balanced_120 slot_span=-51 edges=2378
HIST mode=affine_balanced_120 slot_span=-50 edges=2473
HIST mode=affine_balanced_120 slot_span=-49 edges=2540
HIST mode=affine_balanced_120 slot_span=-48 edges=2623
HIST mode=affine_balanced_120 slot_span=-47 edges=2703
HIST mode=affine_balanced_120 slot_span=-46 edges=2793
HIST mode=affine_balanced_120 slot_span=-45 edges=2869
HIST mode=affine_balanced_120 slot_span=-44 edges=2949
HIST mode=affine_balanced_120 slot_span=-43 edges=3024
HIST mode=affine_balanced_120 slot_span=-42 edges=3107
HIST mode=affine_balanced_120 slot_span=-41 edges=3198
HIST mode=affine_balanced_120 slot_span=-40 edges=3271
HIST mode=affine_balanced_120 slot_span=-39 edges=3359
HIST mode=affine_balanced_120 slot_span=-38 edges=3434
HIST mode=affine_balanced_120 slot_span=-37 edges=3519
HIST mode=affine_balanced_120 slot_span=-36 edges=3600
HIST mode=affine_balanced_120 slot_span=-35 edges=3676
HIST mode=affine_balanced_120 slot_span=-34 edges=3761
HIST mode=affine_balanced_120 slot_span=-33 edges=3845
HIST mode=affine_balanced_120 slot_span=-32 edges=3919
HIST mode=affine_balanced_120 slot_span=-31 edges=4000
HIST mode=affine_balanced_120 slot_span=-30 edges=4068
HIST mode=affine_balanced_120 slot_span=-29 edges=4056
HIST mode=affine_balanced_120 slot_span=-28 edges=4078
HIST mode=affine_balanced_120 slot_span=-27 edges=4057
HIST mode=affine_balanced_120 slot_span=-26 edges=4072
HIST mode=affine_balanced_120 slot_span=-25 edges=4053
HIST mode=affine_balanced_120 slot_span=-24 edges=4061
HIST mode=affine_balanced_120 slot_span=-23 edges=4051
HIST mode=affine_balanced_120 slot_span=-22 edges=4068
HIST mode=affine_balanced_120 slot_span=-21 edges=4052
HIST mode=affine_balanced_120 slot_span=-20 edges=4072
HIST mode=affine_balanced_120 slot_span=-19 edges=4057
HIST mode=affine_balanced_120 slot_span=-18 edges=4087
HIST mode=affine_balanced_120 slot_span=-17 edges=4085
HIST mode=affine_balanced_120 slot_span=-16 edges=4089
HIST mode=affine_balanced_120 slot_span=-15 edges=4079
HIST mode=affine_balanced_120 slot_span=-14 edges=4105
HIST mode=affine_balanced_120 slot_span=-13 edges=4083
HIST mode=affine_balanced_120 slot_span=-12 edges=4105
HIST mode=affine_balanced_120 slot_span=-11 edges=4091
HIST mode=affine_balanced_120 slot_span=-10 edges=4101
HIST mode=affine_balanced_120 slot_span=-9 edges=4097
HIST mode=affine_balanced_120 slot_span=-8 edges=4116
HIST mode=affine_balanced_120 slot_span=-7 edges=4285
HIST mode=affine_balanced_120 slot_span=-6 edges=4331
HIST mode=affine_balanced_120 slot_span=-5 edges=4357
HIST mode=affine_balanced_120 slot_span=-4 edges=4114
HIST mode=affine_balanced_120 slot_span=-3 edges=3918
HIST mode=affine_balanced_120 slot_span=-2 edges=4134
HIST mode=affine_balanced_120 slot_span=-1 edges=4054
HIST mode=affine_balanced_120 slot_span=0 edges=4677
HIST mode=affine_balanced_120 slot_span=1 edges=18809
HIST mode=affine_balanced_120 slot_span=2 edges=16093
HIST mode=affine_balanced_120 slot_span=3 edges=17559
HIST mode=affine_balanced_120 slot_span=4 edges=28994
HIST mode=affine_balanced_120 slot_span=5 edges=27933
HIST mode=affine_balanced_120 slot_span=6 edges=39186
HIST mode=affine_balanced_120 slot_span=7 edges=37117
HIST mode=affine_balanced_120 slot_span=8 edges=44626
HIST mode=affine_balanced_120 slot_span=9 edges=37251
HIST mode=affine_balanced_120 slot_span=10 edges=46836
HIST mode=affine_balanced_120 slot_span=11 edges=39454
HIST mode=affine_balanced_120 slot_span=12 edges=50622
HIST mode=affine_balanced_120 slot_span=13 edges=41994
HIST mode=affine_balanced_120 slot_span=14 edges=51854
HIST mode=affine_balanced_120 slot_span=15 edges=45542
HIST mode=affine_balanced_120 slot_span=16 edges=52023
HIST mode=affine_balanced_120 slot_span=17 edges=44368
HIST mode=affine_balanced_120 slot_span=18 edges=48036
HIST mode=affine_balanced_120 slot_span=19 edges=43714
HIST mode=affine_balanced_120 slot_span=20 edges=43745
HIST mode=affine_balanced_120 slot_span=21 edges=40996
HIST mode=affine_balanced_120 slot_span=22 edges=40206
HIST mode=affine_balanced_120 slot_span=23 edges=39225
HIST mode=affine_balanced_120 slot_span=24 edges=37896
HIST mode=affine_balanced_120 slot_span=25 edges=37453
HIST mode=affine_balanced_120 slot_span=26 edges=37146
HIST mode=affine_balanced_120 slot_span=27 edges=37073
HIST mode=affine_balanced_120 slot_span=28 edges=37327
HIST mode=affine_balanced_120 slot_span=29 edges=37132
HIST mode=affine_balanced_120 slot_span=30 edges=37475
HIST mode=affine_balanced_120 slot_span=31 edges=36726
HIST mode=affine_balanced_120 slot_span=32 edges=37247
HIST mode=affine_balanced_120 slot_span=33 edges=36731
HIST mode=affine_balanced_120 slot_span=34 edges=36337
HIST mode=affine_balanced_120 slot_span=35 edges=36680
HIST mode=affine_balanced_120 slot_span=36 edges=36368
HIST mode=affine_balanced_120 slot_span=37 edges=36343
HIST mode=affine_balanced_120 slot_span=38 edges=35409
HIST mode=affine_balanced_120 slot_span=39 edges=36987
HIST mode=affine_balanced_120 slot_span=40 edges=35592
HIST mode=affine_balanced_120 slot_span=41 edges=36404
HIST mode=affine_balanced_120 slot_span=42 edges=36248
HIST mode=affine_balanced_120 slot_span=43 edges=37194
HIST mode=affine_balanced_120 slot_span=44 edges=35591
HIST mode=affine_balanced_120 slot_span=45 edges=36736
HIST mode=affine_balanced_120 slot_span=46 edges=36175
HIST mode=affine_balanced_120 slot_span=47 edges=34693
HIST mode=affine_balanced_120 slot_span=48 edges=29314
HIST mode=affine_balanced_120 slot_span=49 edges=24466
HIST mode=affine_balanced_120 slot_span=50 edges=19542
HIST mode=affine_balanced_120 slot_span=51 edges=14488
HIST mode=affine_balanced_120 slot_span=52 edges=9589
HIST mode=affine_balanced_120 slot_span=53 edges=4540
HIST mode=affine_balanced_120 slot_span=54 edges=1004
HIST mode=affine_balanced_120 slot_span=55 edges=1010
HIST mode=affine_balanced_120 slot_span=56 edges=1000
HIST mode=affine_balanced_120 slot_span=57 edges=1006
HIST mode=affine_balanced_120 slot_span=58 edges=996
HIST mode=affine_balanced_120 slot_span=59 edges=1002
HIST mode=affine_balanced_120 slot_span=60 edges=992
HIST mode=affine_balanced_120 slot_span=61 edges=998
HIST mode=affine_balanced_120 slot_span=62 edges=988
HIST mode=affine_balanced_120 slot_span=63 edges=994
HIST mode=affine_balanced_120 slot_span=64 edges=984
HIST mode=affine_balanced_120 slot_span=65 edges=990
HIST mode=affine_balanced_120 slot_span=66 edges=980
HIST mode=affine_balanced_120 slot_span=67 edges=986
HIST mode=affine_balanced_120 slot_span=68 edges=976
HIST mode=affine_balanced_120 slot_span=69 edges=982
HIST mode=affine_balanced_120 slot_span=70 edges=970
HIST mode=affine_balanced_120 slot_span=71 edges=978
HIST mode=affine_balanced_120 slot_span=72 edges=966
HIST mode=affine_balanced_120 slot_span=73 edges=974
HIST mode=affine_balanced_120 slot_span=74 edges=966
HIST mode=affine_balanced_120 slot_span=75 edges=970
HIST mode=affine_balanced_120 slot_span=76 edges=962
HIST mode=affine_balanced_120 slot_span=77 edges=930
HIST mode=affine_balanced_120 slot_span=78 edges=926
HIST mode=affine_balanced_120 slot_span=79 edges=430
HIST mode=affine_balanced_120 slot_span=80 edges=410
HIST mode=affine_balanced_120 slot_span=81 edges=414
HIST mode=affine_balanced_120 slot_span=82 edges=272
SPAN mode=band_tiling_balanced_100 seq=512 workers=256 resident_limit=256 tasks=14560 edges=2128248 same_worker_edges=21453 producer_tasks=14544 fence_free_producers=2154 cross_worker_fraction=0.98992 same_worker_fraction=0.0100801 used_workers=256 max_queue=70 queue_cap=70 min=-62 p50=28 p95=60 max=69 forward_worker_span=250 slot_span_below_limit=1 resident_grid_safe=1 queue_cycle=0 overresident_proven=0
HIST mode=band_tiling_balanced_100 slot_span=-62 edges=32
HIST mode=band_tiling_balanced_100 slot_span=-61 edges=109
HIST mode=band_tiling_balanced_100 slot_span=-60 edges=114
HIST mode=band_tiling_balanced_100 slot_span=-59 edges=232
HIST mode=band_tiling_balanced_100 slot_span=-58 edges=223
HIST mode=band_tiling_balanced_100 slot_span=-57 edges=386
HIST mode=band_tiling_balanced_100 slot_span=-56 edges=374
HIST mode=band_tiling_balanced_100 slot_span=-55 edges=541
HIST mode=band_tiling_balanced_100 slot_span=-54 edges=491
HIST mode=band_tiling_balanced_100 slot_span=-53 edges=693
HIST mode=band_tiling_balanced_100 slot_span=-52 edges=651
HIST mode=band_tiling_balanced_100 slot_span=-51 edges=835
HIST mode=band_tiling_balanced_100 slot_span=-50 edges=794
HIST mode=band_tiling_balanced_100 slot_span=-49 edges=960
HIST mode=band_tiling_balanced_100 slot_span=-48 edges=952
HIST mode=band_tiling_balanced_100 slot_span=-47 edges=1108
HIST mode=band_tiling_balanced_100 slot_span=-46 edges=1121
HIST mode=band_tiling_balanced_100 slot_span=-45 edges=1283
HIST mode=band_tiling_balanced_100 slot_span=-44 edges=1297
HIST mode=band_tiling_balanced_100 slot_span=-43 edges=1447
HIST mode=band_tiling_balanced_100 slot_span=-42 edges=1462
HIST mode=band_tiling_balanced_100 slot_span=-41 edges=1614
HIST mode=band_tiling_balanced_100 slot_span=-40 edges=1622
HIST mode=band_tiling_balanced_100 slot_span=-39 edges=1782
HIST mode=band_tiling_balanced_100 slot_span=-38 edges=1801
HIST mode=band_tiling_balanced_100 slot_span=-37 edges=1952
HIST mode=band_tiling_balanced_100 slot_span=-36 edges=1973
HIST mode=band_tiling_balanced_100 slot_span=-35 edges=2233
HIST mode=band_tiling_balanced_100 slot_span=-34 edges=2336
HIST mode=band_tiling_balanced_100 slot_span=-33 edges=2449
HIST mode=band_tiling_balanced_100 slot_span=-32 edges=2432
HIST mode=band_tiling_balanced_100 slot_span=-31 edges=2610
HIST mode=band_tiling_balanced_100 slot_span=-30 edges=2879
HIST mode=band_tiling_balanced_100 slot_span=-29 edges=3084
HIST mode=band_tiling_balanced_100 slot_span=-28 edges=2866
HIST mode=band_tiling_balanced_100 slot_span=-27 edges=2924
HIST mode=band_tiling_balanced_100 slot_span=-26 edges=2917
HIST mode=band_tiling_balanced_100 slot_span=-25 edges=3032
HIST mode=band_tiling_balanced_100 slot_span=-24 edges=3065
HIST mode=band_tiling_balanced_100 slot_span=-23 edges=3207
HIST mode=band_tiling_balanced_100 slot_span=-22 edges=3242
HIST mode=band_tiling_balanced_100 slot_span=-21 edges=3355
HIST mode=band_tiling_balanced_100 slot_span=-20 edges=3364
HIST mode=band_tiling_balanced_100 slot_span=-19 edges=3455
HIST mode=band_tiling_balanced_100 slot_span=-18 edges=3441
HIST mode=band_tiling_balanced_100 slot_span=-17 edges=3523
HIST mode=band_tiling_balanced_100 slot_span=-16 edges=3510
HIST mode=band_tiling_balanced_100 slot_span=-15 edges=3625
HIST mode=band_tiling_balanced_100 slot_span=-14 edges=3630
HIST mode=band_tiling_balanced_100 slot_span=-13 edges=3718
HIST mode=band_tiling_balanced_100 slot_span=-12 edges=3757
HIST mode=band_tiling_balanced_100 slot_span=-11 edges=3891
HIST mode=band_tiling_balanced_100 slot_span=-10 edges=3920
HIST mode=band_tiling_balanced_100 slot_span=-9 edges=3943
HIST mode=band_tiling_balanced_100 slot_span=-8 edges=3941
HIST mode=band_tiling_balanced_100 slot_span=-7 edges=4231
HIST mode=band_tiling_balanced_100 slot_span=-6 edges=4245
HIST mode=band_tiling_balanced_100 slot_span=-5 edges=4262
HIST mode=band_tiling_balanced_100 slot_span=-4 edges=4124
HIST mode=band_tiling_balanced_100 slot_span=-3 edges=4002
HIST mode=band_tiling_balanced_100 slot_span=-2 edges=4294
HIST mode=band_tiling_balanced_100 slot_span=-1 edges=4336
HIST mode=band_tiling_balanced_100 slot_span=0 edges=5729
HIST mode=band_tiling_balanced_100 slot_span=1 edges=12414
HIST mode=band_tiling_balanced_100 slot_span=2 edges=11074
HIST mode=band_tiling_balanced_100 slot_span=3 edges=15076
HIST mode=band_tiling_balanced_100 slot_span=4 edges=15459
HIST mode=band_tiling_balanced_100 slot_span=5 edges=23556
HIST mode=band_tiling_balanced_100 slot_span=6 edges=26051
HIST mode=band_tiling_balanced_100 slot_span=7 edges=28761
HIST mode=band_tiling_balanced_100 slot_span=8 edges=29515
HIST mode=band_tiling_balanced_100 slot_span=9 edges=36715
HIST mode=band_tiling_balanced_100 slot_span=10 edges=35326
HIST mode=band_tiling_balanced_100 slot_span=11 edges=32032
HIST mode=band_tiling_balanced_100 slot_span=12 edges=36275
HIST mode=band_tiling_balanced_100 slot_span=13 edges=37383
HIST mode=band_tiling_balanced_100 slot_span=14 edges=36239
HIST mode=band_tiling_balanced_100 slot_span=15 edges=35756
HIST mode=band_tiling_balanced_100 slot_span=16 edges=38623
HIST mode=band_tiling_balanced_100 slot_span=17 edges=37581
HIST mode=band_tiling_balanced_100 slot_span=18 edges=38980
HIST mode=band_tiling_balanced_100 slot_span=19 edges=40120
HIST mode=band_tiling_balanced_100 slot_span=20 edges=39399
HIST mode=band_tiling_balanced_100 slot_span=21 edges=40691
HIST mode=band_tiling_balanced_100 slot_span=22 edges=41579
HIST mode=band_tiling_balanced_100 slot_span=23 edges=40325
HIST mode=band_tiling_balanced_100 slot_span=24 edges=41390
HIST mode=band_tiling_balanced_100 slot_span=25 edges=40685
HIST mode=band_tiling_balanced_100 slot_span=26 edges=38619
HIST mode=band_tiling_balanced_100 slot_span=27 edges=38472
HIST mode=band_tiling_balanced_100 slot_span=28 edges=38681
HIST mode=band_tiling_balanced_100 slot_span=29 edges=37385
HIST mode=band_tiling_balanced_100 slot_span=30 edges=36804
HIST mode=band_tiling_balanced_100 slot_span=31 edges=38504
HIST mode=band_tiling_balanced_100 slot_span=32 edges=38373
HIST mode=band_tiling_balanced_100 slot_span=33 edges=37922
HIST mode=band_tiling_balanced_100 slot_span=34 edges=40543
HIST mode=band_tiling_balanced_100 slot_span=35 edges=41264
HIST mode=band_tiling_balanced_100 slot_span=36 edges=41737
HIST mode=band_tiling_balanced_100 slot_span=37 edges=42103
HIST mode=band_tiling_balanced_100 slot_span=38 edges=42088
HIST mode=band_tiling_balanced_100 slot_span=39 edges=43240
HIST mode=band_tiling_balanced_100 slot_span=40 edges=43400
HIST mode=band_tiling_balanced_100 slot_span=41 edges=42889
HIST mode=band_tiling_balanced_100 slot_span=42 edges=39925
HIST mode=band_tiling_balanced_100 slot_span=43 edges=37631
HIST mode=band_tiling_balanced_100 slot_span=44 edges=34779
HIST mode=band_tiling_balanced_100 slot_span=45 edges=30349
HIST mode=band_tiling_balanced_100 slot_span=46 edges=26254
HIST mode=band_tiling_balanced_100 slot_span=47 edges=23446
HIST mode=band_tiling_balanced_100 slot_span=48 edges=20142
HIST mode=band_tiling_balanced_100 slot_span=49 edges=18155
HIST mode=band_tiling_balanced_100 slot_span=50 edges=17425
HIST mode=band_tiling_balanced_100 slot_span=51 edges=17406
HIST mode=band_tiling_balanced_100 slot_span=52 edges=17370
HIST mode=band_tiling_balanced_100 slot_span=53 edges=17314
HIST mode=band_tiling_balanced_100 slot_span=54 edges=17279
HIST mode=band_tiling_balanced_100 slot_span=55 edges=17044
HIST mode=band_tiling_balanced_100 slot_span=56 edges=16966
HIST mode=band_tiling_balanced_100 slot_span=57 edges=17325
HIST mode=band_tiling_balanced_100 slot_span=58 edges=17107
HIST mode=band_tiling_balanced_100 slot_span=59 edges=16857
HIST mode=band_tiling_balanced_100 slot_span=60 edges=17044
HIST mode=band_tiling_balanced_100 slot_span=61 edges=17284
HIST mode=band_tiling_balanced_100 slot_span=62 edges=17082
HIST mode=band_tiling_balanced_100 slot_span=63 edges=16563
HIST mode=band_tiling_balanced_100 slot_span=64 edges=15125
HIST mode=band_tiling_balanced_100 slot_span=65 edges=12055
HIST mode=band_tiling_balanced_100 slot_span=66 edges=10391
HIST mode=band_tiling_balanced_100 slot_span=67 edges=7182
HIST mode=band_tiling_balanced_100 slot_span=68 edges=5247
HIST mode=band_tiling_balanced_100 slot_span=69 edges=3051
SPAN mode=band_tiling_balanced_110 seq=512 workers=256 resident_limit=256 tasks=14560 edges=2128248 same_worker_edges=19890 producer_tasks=14544 fence_free_producers=2173 cross_worker_fraction=0.990654 same_worker_fraction=0.00934572 used_workers=256 max_queue=77 queue_cap=77 min=-69 p50=25 p95=56 max=76 forward_worker_span=250 slot_span_below_limit=1 resident_grid_safe=1 queue_cycle=0 overresident_proven=0
HIST mode=band_tiling_balanced_110 slot_span=-69 edges=103
HIST mode=band_tiling_balanced_110 slot_span=-68 edges=123
HIST mode=band_tiling_balanced_110 slot_span=-67 edges=295
HIST mode=band_tiling_balanced_110 slot_span=-66 edges=272
HIST mode=band_tiling_balanced_110 slot_span=-65 edges=482
HIST mode=band_tiling_balanced_110 slot_span=-64 edges=443
HIST mode=band_tiling_balanced_110 slot_span=-63 edges=648
HIST mode=band_tiling_balanced_110 slot_span=-62 edges=603
HIST mode=band_tiling_balanced_110 slot_span=-61 edges=822
HIST mode=band_tiling_balanced_110 slot_span=-60 edges=794
HIST mode=band_tiling_balanced_110 slot_span=-59 edges=1011
HIST mode=band_tiling_balanced_110 slot_span=-58 edges=974
HIST mode=band_tiling_balanced_110 slot_span=-57 edges=1165
HIST mode=band_tiling_balanced_110 slot_span=-56 edges=1131
HIST mode=band_tiling_balanced_110 slot_span=-55 edges=1327
HIST mode=band_tiling_balanced_110 slot_span=-54 edges=1287
HIST mode=band_tiling_balanced_110 slot_span=-53 edges=1486
HIST mode=band_tiling_balanced_110 slot_span=-52 edges=1445
HIST mode=band_tiling_balanced_110 slot_span=-51 edges=1639
HIST mode=band_tiling_balanced_110 slot_span=-50 edges=1608
HIST mode=band_tiling_balanced_110 slot_span=-49 edges=1805
HIST mode=band_tiling_balanced_110 slot_span=-48 edges=1770
HIST mode=band_tiling_balanced_110 slot_span=-47 edges=1970
HIST mode=band_tiling_balanced_110 slot_span=-46 edges=1940
HIST mode=band_tiling_balanced_110 slot_span=-45 edges=2137
HIST mode=band_tiling_balanced_110 slot_span=-44 edges=2103
HIST mode=band_tiling_balanced_110 slot_span=-43 edges=2314
HIST mode=band_tiling_balanced_110 slot_span=-42 edges=2276
HIST mode=band_tiling_balanced_110 slot_span=-41 edges=2491
HIST mode=band_tiling_balanced_110 slot_span=-40 edges=2447
HIST mode=band_tiling_balanced_110 slot_span=-39 edges=2659
HIST mode=band_tiling_balanced_110 slot_span=-38 edges=2618
HIST mode=band_tiling_balanced_110 slot_span=-37 edges=2842
HIST mode=band_tiling_balanced_110 slot_span=-36 edges=2788
HIST mode=band_tiling_balanced_110 slot_span=-35 edges=3003
HIST mode=band_tiling_balanced_110 slot_span=-34 edges=2961
HIST mode=band_tiling_balanced_110 slot_span=-33 edges=3171
HIST mode=band_tiling_balanced_110 slot_span=-32 edges=3130
HIST mode=band_tiling_balanced_110 slot_span=-31 edges=3348
HIST mode=band_tiling_balanced_110 slot_span=-30 edges=3306
HIST mode=band_tiling_balanced_110 slot_span=-29 edges=3528
HIST mode=band_tiling_balanced_110 slot_span=-28 edges=3480
HIST mode=band_tiling_balanced_110 slot_span=-27 edges=3686
HIST mode=band_tiling_balanced_110 slot_span=-26 edges=3629
HIST mode=band_tiling_balanced_110 slot_span=-25 edges=3842
HIST mode=band_tiling_balanced_110 slot_span=-24 edges=3719
HIST mode=band_tiling_balanced_110 slot_span=-23 edges=3890
HIST mode=band_tiling_balanced_110 slot_span=-22 edges=3746
HIST mode=band_tiling_balanced_110 slot_span=-21 edges=3911
HIST mode=band_tiling_balanced_110 slot_span=-20 edges=3783
HIST mode=band_tiling_balanced_110 slot_span=-19 edges=3950
HIST mode=band_tiling_balanced_110 slot_span=-18 edges=3820
HIST mode=band_tiling_balanced_110 slot_span=-17 edges=3995
HIST mode=band_tiling_balanced_110 slot_span=-16 edges=3836
HIST mode=band_tiling_balanced_110 slot_span=-15 edges=4012
HIST mode=band_tiling_balanced_110 slot_span=-14 edges=3877
HIST mode=band_tiling_balanced_110 slot_span=-13 edges=4046
HIST mode=band_tiling_balanced_110 slot_span=-12 edges=3897
HIST mode=band_tiling_balanced_110 slot_span=-11 edges=4080
HIST mode=band_tiling_balanced_110 slot_span=-10 edges=3941
HIST mode=band_tiling_balanced_110 slot_span=-9 edges=4113
HIST mode=band_tiling_balanced_110 slot_span=-8 edges=3950
HIST mode=band_tiling_balanced_110 slot_span=-7 edges=4332
HIST mode=band_tiling_balanced_110 slot_span=-6 edges=4144
HIST mode=band_tiling_balanced_110 slot_span=-5 edges=4312
HIST mode=band_tiling_balanced_110 slot_span=-4 edges=4047
HIST mode=band_tiling_balanced_110 slot_span=-3 edges=3962
HIST mode=band_tiling_balanced_110 slot_span=-2 edges=4143
HIST mode=band_tiling_balanced_110 slot_span=-1 edges=4186
HIST mode=band_tiling_balanced_110 slot_span=0 edges=5279
HIST mode=band_tiling_balanced_110 slot_span=1 edges=19092
HIST mode=band_tiling_balanced_110 slot_span=2 edges=14463
HIST mode=band_tiling_balanced_110 slot_span=3 edges=19454
HIST mode=band_tiling_balanced_110 slot_span=4 edges=22859
HIST mode=band_tiling_balanced_110 slot_span=5 edges=29598
HIST mode=band_tiling_balanced_110 slot_span=6 edges=34430
HIST mode=band_tiling_balanced_110 slot_span=7 edges=39098
HIST mode=band_tiling_balanced_110 slot_span=8 edges=38960
HIST mode=band_tiling_balanced_110 slot_span=9 edges=39687
HIST mode=band_tiling_balanced_110 slot_span=10 edges=41004
HIST mode=band_tiling_balanced_110 slot_span=11 edges=42474
HIST mode=band_tiling_balanced_110 slot_span=12 edges=42965
HIST mode=band_tiling_balanced_110 slot_span=13 edges=40373
HIST mode=band_tiling_balanced_110 slot_span=14 edges=39495
HIST mode=band_tiling_balanced_110 slot_span=15 edges=40550
HIST mode=band_tiling_balanced_110 slot_span=16 edges=41754
HIST mode=band_tiling_balanced_110 slot_span=17 edges=38352
HIST mode=band_tiling_balanced_110 slot_span=18 edges=38915
HIST mode=band_tiling_balanced_110 slot_span=19 edges=38625
HIST mode=band_tiling_balanced_110 slot_span=20 edges=38672
HIST mode=band_tiling_balanced_110 slot_span=21 edges=37713
HIST mode=band_tiling_balanced_110 slot_span=22 edges=38538
HIST mode=band_tiling_balanced_110 slot_span=23 edges=38510
HIST mode=band_tiling_balanced_110 slot_span=24 edges=38111
HIST mode=band_tiling_balanced_110 slot_span=25 edges=37781
HIST mode=band_tiling_balanced_110 slot_span=26 edges=38519
HIST mode=band_tiling_balanced_110 slot_span=27 edges=39524
HIST mode=band_tiling_balanced_110 slot_span=28 edges=39507
HIST mode=band_tiling_balanced_110 slot_span=29 edges=39160
HIST mode=band_tiling_balanced_110 slot_span=30 edges=39357
HIST mode=band_tiling_balanced_110 slot_span=31 edges=40208
HIST mode=band_tiling_balanced_110 slot_span=32 edges=39628
HIST mode=band_tiling_balanced_110 slot_span=33 edges=39607
HIST mode=band_tiling_balanced_110 slot_span=34 edges=39606
HIST mode=band_tiling_balanced_110 slot_span=35 edges=38843
HIST mode=band_tiling_balanced_110 slot_span=36 edges=39352
HIST mode=band_tiling_balanced_110 slot_span=37 edges=38576
HIST mode=band_tiling_balanced_110 slot_span=38 edges=38916
HIST mode=band_tiling_balanced_110 slot_span=39 edges=38655
HIST mode=band_tiling_balanced_110 slot_span=40 edges=38389
HIST mode=band_tiling_balanced_110 slot_span=41 edges=38535
HIST mode=band_tiling_balanced_110 slot_span=42 edges=38650
HIST mode=band_tiling_balanced_110 slot_span=43 edges=38299
HIST mode=band_tiling_balanced_110 slot_span=44 edges=39169
HIST mode=band_tiling_balanced_110 slot_span=45 edges=37100
HIST mode=band_tiling_balanced_110 slot_span=46 edges=33153
HIST mode=band_tiling_balanced_110 slot_span=47 edges=28550
HIST mode=band_tiling_balanced_110 slot_span=48 edges=23822
HIST mode=band_tiling_balanced_110 slot_span=49 edges=19397
HIST mode=band_tiling_balanced_110 slot_span=50 edges=15446
HIST mode=band_tiling_balanced_110 slot_span=51 edges=10483
HIST mode=band_tiling_balanced_110 slot_span=52 edges=6768
HIST mode=band_tiling_balanced_110 slot_span=53 edges=6629
HIST mode=band_tiling_balanced_110 slot_span=54 edges=6175
HIST mode=band_tiling_balanced_110 slot_span=55 edges=6784
HIST mode=band_tiling_balanced_110 slot_span=56 edges=6123
HIST mode=band_tiling_balanced_110 slot_span=57 edges=6056
HIST mode=band_tiling_balanced_110 slot_span=58 edges=6105
HIST mode=band_tiling_balanced_110 slot_span=59 edges=6150
HIST mode=band_tiling_balanced_110 slot_span=60 edges=6102
HIST mode=band_tiling_balanced_110 slot_span=61 edges=5774
HIST mode=band_tiling_balanced_110 slot_span=62 edges=6225
HIST mode=band_tiling_balanced_110 slot_span=63 edges=5962
HIST mode=band_tiling_balanced_110 slot_span=64 edges=5971
HIST mode=band_tiling_balanced_110 slot_span=65 edges=6062
HIST mode=band_tiling_balanced_110 slot_span=66 edges=6092
HIST mode=band_tiling_balanced_110 slot_span=67 edges=6189
HIST mode=band_tiling_balanced_110 slot_span=68 edges=6213
HIST mode=band_tiling_balanced_110 slot_span=69 edges=6452
HIST mode=band_tiling_balanced_110 slot_span=70 edges=6340
HIST mode=band_tiling_balanced_110 slot_span=71 edges=5919
HIST mode=band_tiling_balanced_110 slot_span=72 edges=4601
HIST mode=band_tiling_balanced_110 slot_span=73 edges=3896
HIST mode=band_tiling_balanced_110 slot_span=74 edges=2823
HIST mode=band_tiling_balanced_110 slot_span=75 edges=2034
HIST mode=band_tiling_balanced_110 slot_span=76 edges=1006
SPAN mode=band_tiling_balanced_120 seq=512 workers=256 resident_limit=256 tasks=14560 edges=2128248 same_worker_edges=19062 producer_tasks=14544 fence_free_producers=2187 cross_worker_fraction=0.991043 same_worker_fraction=0.00895666 used_workers=256 max_queue=84 queue_cap=84 min=-76 p50=24 p95=51 max=83 forward_worker_span=250 slot_span_below_limit=1 resident_grid_safe=1 queue_cycle=0 overresident_proven=0
HIST mode=band_tiling_balanced_120 slot_span=-76 edges=107
HIST mode=band_tiling_balanced_120 slot_span=-75 edges=110
HIST mode=band_tiling_balanced_120 slot_span=-74 edges=253
HIST mode=band_tiling_balanced_120 slot_span=-73 edges=240
HIST mode=band_tiling_balanced_120 slot_span=-72 edges=439
HIST mode=band_tiling_balanced_120 slot_span=-71 edges=389
HIST mode=band_tiling_balanced_120 slot_span=-70 edges=584
HIST mode=band_tiling_balanced_120 slot_span=-69 edges=543
HIST mode=band_tiling_balanced_120 slot_span=-68 edges=745
HIST mode=band_tiling_balanced_120 slot_span=-67 edges=701
HIST mode=band_tiling_balanced_120 slot_span=-66 edges=922
HIST mode=band_tiling_balanced_120 slot_span=-65 edges=865
HIST mode=band_tiling_balanced_120 slot_span=-64 edges=1077
HIST mode=band_tiling_balanced_120 slot_span=-63 edges=1039
HIST mode=band_tiling_balanced_120 slot_span=-62 edges=1273
HIST mode=band_tiling_balanced_120 slot_span=-61 edges=1251
HIST mode=band_tiling_balanced_120 slot_span=-60 edges=1475
HIST mode=band_tiling_balanced_120 slot_span=-59 edges=1453
HIST mode=band_tiling_balanced_120 slot_span=-58 edges=1678
HIST mode=band_tiling_balanced_120 slot_span=-57 edges=1655
HIST mode=band_tiling_balanced_120 slot_span=-56 edges=1876
HIST mode=band_tiling_balanced_120 slot_span=-55 edges=1846
HIST mode=band_tiling_balanced_120 slot_span=-54 edges=2069
HIST mode=band_tiling_balanced_120 slot_span=-53 edges=2022
HIST mode=band_tiling_balanced_120 slot_span=-52 edges=2230
HIST mode=band_tiling_balanced_120 slot_span=-51 edges=2187
HIST mode=band_tiling_balanced_120 slot_span=-50 edges=2404
HIST mode=band_tiling_balanced_120 slot_span=-49 edges=2357
HIST mode=band_tiling_balanced_120 slot_span=-48 edges=2570
HIST mode=band_tiling_balanced_120 slot_span=-47 edges=2523
HIST mode=band_tiling_balanced_120 slot_span=-46 edges=2740
HIST mode=band_tiling_balanced_120 slot_span=-45 edges=2699
HIST mode=band_tiling_balanced_120 slot_span=-44 edges=2907
HIST mode=band_tiling_balanced_120 slot_span=-43 edges=2860
HIST mode=band_tiling_balanced_120 slot_span=-42 edges=3080
HIST mode=band_tiling_balanced_120 slot_span=-41 edges=3027
HIST mode=band_tiling_balanced_120 slot_span=-40 edges=3254
HIST mode=band_tiling_balanced_120 slot_span=-39 edges=3201
HIST mode=band_tiling_balanced_120 slot_span=-38 edges=3415
HIST mode=band_tiling_balanced_120 slot_span=-37 edges=3368
HIST mode=band_tiling_balanced_120 slot_span=-36 edges=3589
HIST mode=band_tiling_balanced_120 slot_span=-35 edges=3529
HIST mode=band_tiling_balanced_120 slot_span=-34 edges=3762
HIST mode=band_tiling_balanced_120 slot_span=-33 edges=3713
HIST mode=band_tiling_balanced_120 slot_span=-32 edges=3943
HIST mode=band_tiling_balanced_120 slot_span=-31 edges=3834
HIST mode=band_tiling_balanced_120 slot_span=-30 edges=3984
HIST mode=band_tiling_balanced_120 slot_span=-29 edges=3829
HIST mode=band_tiling_balanced_120 slot_span=-28 edges=3992
HIST mode=band_tiling_balanced_120 slot_span=-27 edges=3852
HIST mode=band_tiling_balanced_120 slot_span=-26 edges=4005
HIST mode=band_tiling_balanced_120 slot_span=-25 edges=3858
HIST mode=band_tiling_balanced_120 slot_span=-24 edges=4021
HIST mode=band_tiling_balanced_120 slot_span=-23 edges=3887
HIST mode=band_tiling_balanced_120 slot_span=-22 edges=4050
HIST mode=band_tiling_balanced_120 slot_span=-21 edges=3918
HIST mode=band_tiling_balanced_120 slot_span=-20 edges=4058
HIST mode=band_tiling_balanced_120 slot_span=-19 edges=3914
HIST mode=band_tiling_balanced_120 slot_span=-18 edges=4080
HIST mode=band_tiling_balanced_120 slot_span=-17 edges=3930
HIST mode=band_tiling_balanced_120 slot_span=-16 edges=4088
HIST mode=band_tiling_balanced_120 slot_span=-15 edges=3968
HIST mode=band_tiling_balanced_120 slot_span=-14 edges=4124
HIST mode=band_tiling_balanced_120 slot_span=-13 edges=4025
HIST mode=band_tiling_balanced_120 slot_span=-12 edges=4248
HIST mode=band_tiling_balanced_120 slot_span=-11 edges=4088
HIST mode=band_tiling_balanced_120 slot_span=-10 edges=4213
HIST mode=band_tiling_balanced_120 slot_span=-9 edges=4075
HIST mode=band_tiling_balanced_120 slot_span=-8 edges=4243
HIST mode=band_tiling_balanced_120 slot_span=-7 edges=4298
HIST mode=band_tiling_balanced_120 slot_span=-6 edges=4393
HIST mode=band_tiling_balanced_120 slot_span=-5 edges=4290
HIST mode=band_tiling_balanced_120 slot_span=-4 edges=4183
HIST mode=band_tiling_balanced_120 slot_span=-3 edges=4071
HIST mode=band_tiling_balanced_120 slot_span=-2 edges=4414
HIST mode=band_tiling_balanced_120 slot_span=-1 edges=4217
HIST mode=band_tiling_balanced_120 slot_span=0 edges=4869
HIST mode=band_tiling_balanced_120 slot_span=1 edges=19088
HIST mode=band_tiling_balanced_120 slot_span=2 edges=14961
HIST mode=band_tiling_balanced_120 slot_span=3 edges=16539
HIST mode=band_tiling_balanced_120 slot_span=4 edges=18921
HIST mode=band_tiling_balanced_120 slot_span=5 edges=30528
HIST mode=band_tiling_balanced_120 slot_span=6 edges=29573
HIST mode=band_tiling_balanced_120 slot_span=7 edges=33913
HIST mode=band_tiling_balanced_120 slot_span=8 edges=34139
HIST mode=band_tiling_balanced_120 slot_span=9 edges=41129
HIST mode=band_tiling_balanced_120 slot_span=10 edges=37838
HIST mode=band_tiling_balanced_120 slot_span=11 edges=35905
HIST mode=band_tiling_balanced_120 slot_span=12 edges=36987
HIST mode=band_tiling_balanced_120 slot_span=13 edges=42584
HIST mode=band_tiling_balanced_120 slot_span=14 edges=37132
HIST mode=band_tiling_balanced_120 slot_span=15 edges=40630
HIST mode=band_tiling_balanced_120 slot_span=16 edges=42547
HIST mode=band_tiling_balanced_120 slot_span=17 edges=42889
HIST mode=band_tiling_balanced_120 slot_span=18 edges=43214
HIST mode=band_tiling_balanced_120 slot_span=19 edges=46153
HIST mode=band_tiling_balanced_120 slot_span=20 edges=46655
HIST mode=band_tiling_balanced_120 slot_span=21 edges=44200
HIST mode=band_tiling_balanced_120 slot_span=22 edges=43200
HIST mode=band_tiling_balanced_120 slot_span=23 edges=42745
HIST mode=band_tiling_balanced_120 slot_span=24 edges=43707
HIST mode=band_tiling_balanced_120 slot_span=25 edges=39669
HIST mode=band_tiling_balanced_120 slot_span=26 edges=39902
HIST mode=band_tiling_balanced_120 slot_span=27 edges=39715
HIST mode=band_tiling_balanced_120 slot_span=28 edges=38761
HIST mode=band_tiling_balanced_120 slot_span=29 edges=38978
HIST mode=band_tiling_balanced_120 slot_span=30 edges=38513
HIST mode=band_tiling_balanced_120 slot_span=31 edges=38570
HIST mode=band_tiling_balanced_120 slot_span=32 edges=38522
HIST mode=band_tiling_balanced_120 slot_span=33 edges=38090
HIST mode=band_tiling_balanced_120 slot_span=34 edges=38408
HIST mode=band_tiling_balanced_120 slot_span=35 edges=38328
HIST mode=band_tiling_balanced_120 slot_span=36 edges=38070
HIST mode=band_tiling_balanced_120 slot_span=37 edges=37910
HIST mode=band_tiling_balanced_120 slot_span=38 edges=37989
HIST mode=band_tiling_balanced_120 slot_span=39 edges=37735
HIST mode=band_tiling_balanced_120 slot_span=40 edges=38031
HIST mode=band_tiling_balanced_120 slot_span=41 edges=38227
HIST mode=band_tiling_balanced_120 slot_span=42 edges=37326
HIST mode=band_tiling_balanced_120 slot_span=43 edges=38271
HIST mode=band_tiling_balanced_120 slot_span=44 edges=36966
HIST mode=band_tiling_balanced_120 slot_span=45 edges=38107
HIST mode=band_tiling_balanced_120 slot_span=46 edges=35320
HIST mode=band_tiling_balanced_120 slot_span=47 edges=30955
HIST mode=band_tiling_balanced_120 slot_span=48 edges=25889
HIST mode=band_tiling_balanced_120 slot_span=49 edges=20822
HIST mode=band_tiling_balanced_120 slot_span=50 edges=15857
HIST mode=band_tiling_balanced_120 slot_span=51 edges=11636
HIST mode=band_tiling_balanced_120 slot_span=52 edges=6468
HIST mode=band_tiling_balanced_120 slot_span=53 edges=3249
HIST mode=band_tiling_balanced_120 slot_span=54 edges=3237
HIST mode=band_tiling_balanced_120 slot_span=55 edges=3235
HIST mode=band_tiling_balanced_120 slot_span=56 edges=3223
HIST mode=band_tiling_balanced_120 slot_span=57 edges=3221
HIST mode=band_tiling_balanced_120 slot_span=58 edges=3209
HIST mode=band_tiling_balanced_120 slot_span=59 edges=3207
HIST mode=band_tiling_balanced_120 slot_span=60 edges=3195
HIST mode=band_tiling_balanced_120 slot_span=61 edges=3193
HIST mode=band_tiling_balanced_120 slot_span=62 edges=3181
HIST mode=band_tiling_balanced_120 slot_span=63 edges=3179
HIST mode=band_tiling_balanced_120 slot_span=64 edges=3167
HIST mode=band_tiling_balanced_120 slot_span=65 edges=3165
HIST mode=band_tiling_balanced_120 slot_span=66 edges=3153
HIST mode=band_tiling_balanced_120 slot_span=67 edges=3151
HIST mode=band_tiling_balanced_120 slot_span=68 edges=3139
HIST mode=band_tiling_balanced_120 slot_span=69 edges=3137
HIST mode=band_tiling_balanced_120 slot_span=70 edges=3125
HIST mode=band_tiling_balanced_120 slot_span=71 edges=3132
HIST mode=band_tiling_balanced_120 slot_span=72 edges=3120
HIST mode=band_tiling_balanced_120 slot_span=73 edges=3126
HIST mode=band_tiling_balanced_120 slot_span=74 edges=3120
HIST mode=band_tiling_balanced_120 slot_span=75 edges=3120
HIST mode=band_tiling_balanced_120 slot_span=76 edges=3113
HIST mode=band_tiling_balanced_120 slot_span=77 edges=3085
HIST mode=band_tiling_balanced_120 slot_span=78 edges=2956
HIST mode=band_tiling_balanced_120 slot_span=79 edges=2958
HIST mode=band_tiling_balanced_120 slot_span=80 edges=2456
HIST mode=band_tiling_balanced_120 slot_span=81 edges=1351
HIST mode=band_tiling_balanced_120 slot_span=82 edges=1188
HIST mode=band_tiling_balanced_120 slot_span=83 edges=956
SPAN mode=wavefront_balanced_100 seq=512 workers=256 resident_limit=256 tasks=14560 edges=2128248 same_worker_edges=16335 producer_tasks=14544 fence_free_producers=2148 cross_worker_fraction=0.992325 same_worker_fraction=0.00767533 used_workers=256 max_queue=70 queue_cap=70 min=-62 p50=25 p95=50 max=69 forward_worker_span=251 slot_span_below_limit=1 resident_grid_safe=1 queue_cycle=0 overresident_proven=0
HIST mode=wavefront_balanced_100 slot_span=-62 edges=95
HIST mode=wavefront_balanced_100 slot_span=-61 edges=168
HIST mode=wavefront_balanced_100 slot_span=-60 edges=258
HIST mode=wavefront_balanced_100 slot_span=-59 edges=336
HIST mode=wavefront_balanced_100 slot_span=-58 edges=437
HIST mode=wavefront_balanced_100 slot_span=-57 edges=529
HIST mode=wavefront_balanced_100 slot_span=-56 edges=623
HIST mode=wavefront_balanced_100 slot_span=-55 edges=711
HIST mode=wavefront_balanced_100 slot_span=-54 edges=806
HIST mode=wavefront_balanced_100 slot_span=-53 edges=895
HIST mode=wavefront_balanced_100 slot_span=-52 edges=987
HIST mode=wavefront_balanced_100 slot_span=-51 edges=1076
HIST mode=wavefront_balanced_100 slot_span=-50 edges=1158
HIST mode=wavefront_balanced_100 slot_span=-49 edges=1247
HIST mode=wavefront_balanced_100 slot_span=-48 edges=1338
HIST mode=wavefront_balanced_100 slot_span=-47 edges=1399
HIST mode=wavefront_balanced_100 slot_span=-46 edges=1498
HIST mode=wavefront_balanced_100 slot_span=-45 edges=1562
HIST mode=wavefront_balanced_100 slot_span=-44 edges=1682
HIST mode=wavefront_balanced_100 slot_span=-43 edges=1729
HIST mode=wavefront_balanced_100 slot_span=-42 edges=1836
HIST mode=wavefront_balanced_100 slot_span=-41 edges=1888
HIST mode=wavefront_balanced_100 slot_span=-40 edges=2007
HIST mode=wavefront_balanced_100 slot_span=-39 edges=2069
HIST mode=wavefront_balanced_100 slot_span=-38 edges=2171
HIST mode=wavefront_balanced_100 slot_span=-37 edges=2223
HIST mode=wavefront_balanced_100 slot_span=-36 edges=2330
HIST mode=wavefront_balanced_100 slot_span=-35 edges=2399
HIST mode=wavefront_balanced_100 slot_span=-34 edges=2506
HIST mode=wavefront_balanced_100 slot_span=-33 edges=2559
HIST mode=wavefront_balanced_100 slot_span=-32 edges=2658
HIST mode=wavefront_balanced_100 slot_span=-31 edges=2728
HIST mode=wavefront_balanced_100 slot_span=-30 edges=2836
HIST mode=wavefront_balanced_100 slot_span=-29 edges=2900
HIST mode=wavefront_balanced_100 slot_span=-28 edges=2986
HIST mode=wavefront_balanced_100 slot_span=-27 edges=3063
HIST mode=wavefront_balanced_100 slot_span=-26 edges=3153
HIST mode=wavefront_balanced_100 slot_span=-25 edges=3245
HIST mode=wavefront_balanced_100 slot_span=-24 edges=3317
HIST mode=wavefront_balanced_100 slot_span=-23 edges=3399
HIST mode=wavefront_balanced_100 slot_span=-22 edges=3481
HIST mode=wavefront_balanced_100 slot_span=-21 edges=3580
HIST mode=wavefront_balanced_100 slot_span=-20 edges=3650
HIST mode=wavefront_balanced_100 slot_span=-19 edges=3735
HIST mode=wavefront_balanced_100 slot_span=-18 edges=3806
HIST mode=wavefront_balanced_100 slot_span=-17 edges=3902
HIST mode=wavefront_balanced_100 slot_span=-16 edges=3973
HIST mode=wavefront_balanced_100 slot_span=-15 edges=4020
HIST mode=wavefront_balanced_100 slot_span=-14 edges=4035
HIST mode=wavefront_balanced_100 slot_span=-13 edges=4043
HIST mode=wavefront_balanced_100 slot_span=-12 edges=4040
HIST mode=wavefront_balanced_100 slot_span=-11 edges=4051
HIST mode=wavefront_balanced_100 slot_span=-10 edges=4050
HIST mode=wavefront_balanced_100 slot_span=-9 edges=4070
HIST mode=wavefront_balanced_100 slot_span=-8 edges=4078
HIST mode=wavefront_balanced_100 slot_span=-7 edges=4265
HIST mode=wavefront_balanced_100 slot_span=-6 edges=4204
HIST mode=wavefront_balanced_100 slot_span=-5 edges=4185
HIST mode=wavefront_balanced_100 slot_span=-4 edges=3994
HIST mode=wavefront_balanced_100 slot_span=-3 edges=3816
HIST mode=wavefront_balanced_100 slot_span=-2 edges=3957
HIST mode=wavefront_balanced_100 slot_span=-1 edges=3893
HIST mode=wavefront_balanced_100 slot_span=0 edges=6753
HIST mode=wavefront_balanced_100 slot_span=1 edges=23608
HIST mode=wavefront_balanced_100 slot_span=2 edges=13516
HIST mode=wavefront_balanced_100 slot_span=3 edges=16417
HIST mode=wavefront_balanced_100 slot_span=4 edges=24821
HIST mode=wavefront_balanced_100 slot_span=5 edges=31413
HIST mode=wavefront_balanced_100 slot_span=6 edges=35363
HIST mode=wavefront_balanced_100 slot_span=7 edges=44269
HIST mode=wavefront_balanced_100 slot_span=8 edges=40211
HIST mode=wavefront_balanced_100 slot_span=9 edges=44397
HIST mode=wavefront_balanced_100 slot_span=10 edges=43509
HIST mode=wavefront_balanced_100 slot_span=11 edges=43708
HIST mode=wavefront_balanced_100 slot_span=12 edges=45632
HIST mode=wavefront_balanced_100 slot_span=13 edges=43955
HIST mode=wavefront_balanced_100 slot_span=14 edges=41387
HIST mode=wavefront_balanced_100 slot_span=15 edges=41789
HIST mode=wavefront_balanced_100 slot_span=16 edges=41918
HIST mode=wavefront_balanced_100 slot_span=17 edges=40001
HIST mode=wavefront_balanced_100 slot_span=18 edges=40278
HIST mode=wavefront_balanced_100 slot_span=19 edges=40154
HIST mode=wavefront_balanced_100 slot_span=20 edges=40057
HIST mode=wavefront_balanced_100 slot_span=21 edges=40018
HIST mode=wavefront_balanced_100 slot_span=22 edges=39868
HIST mode=wavefront_balanced_100 slot_span=23 edges=39747
HIST mode=wavefront_balanced_100 slot_span=24 edges=39730
HIST mode=wavefront_balanced_100 slot_span=25 edges=39684
HIST mode=wavefront_balanced_100 slot_span=26 edges=39499
HIST mode=wavefront_balanced_100 slot_span=27 edges=39318
HIST mode=wavefront_balanced_100 slot_span=28 edges=39335
HIST mode=wavefront_balanced_100 slot_span=29 edges=39347
HIST mode=wavefront_balanced_100 slot_span=30 edges=39239
HIST mode=wavefront_balanced_100 slot_span=31 edges=39176
HIST mode=wavefront_balanced_100 slot_span=32 edges=39075
HIST mode=wavefront_balanced_100 slot_span=33 edges=39008
HIST mode=wavefront_balanced_100 slot_span=34 edges=38911
HIST mode=wavefront_balanced_100 slot_span=35 edges=38841
HIST mode=wavefront_balanced_100 slot_span=36 edges=38743
HIST mode=wavefront_balanced_100 slot_span=37 edges=38690
HIST mode=wavefront_balanced_100 slot_span=38 edges=38589
HIST mode=wavefront_balanced_100 slot_span=39 edges=38710
HIST mode=wavefront_balanced_100 slot_span=40 edges=38685
HIST mode=wavefront_balanced_100 slot_span=41 edges=38515
HIST mode=wavefront_balanced_100 slot_span=42 edges=38450
HIST mode=wavefront_balanced_100 slot_span=43 edges=38420
HIST mode=wavefront_balanced_100 slot_span=44 edges=38501
HIST mode=wavefront_balanced_100 slot_span=45 edges=38465
HIST mode=wavefront_balanced_100 slot_span=46 edges=38587
HIST mode=wavefront_balanced_100 slot_span=47 edges=37389
HIST mode=wavefront_balanced_100 slot_span=48 edges=33945
HIST mode=wavefront_balanced_100 slot_span=49 edges=29055
HIST mode=wavefront_balanced_100 slot_span=50 edges=24533
HIST mode=wavefront_balanced_100 slot_span=51 edges=19468
HIST mode=wavefront_balanced_100 slot_span=52 edges=14627
HIST mode=wavefront_balanced_100 slot_span=53 edges=10027
HIST mode=wavefront_balanced_100 slot_span=54 edges=5083
HIST mode=wavefront_balanced_100 slot_span=55 edges=3291
HIST mode=wavefront_balanced_100 slot_span=56 edges=3277
HIST mode=wavefront_balanced_100 slot_span=57 edges=3285
HIST mode=wavefront_balanced_100 slot_span=58 edges=3271
HIST mode=wavefront_balanced_100 slot_span=59 edges=3279
HIST mode=wavefront_balanced_100 slot_span=60 edges=3271
HIST mode=wavefront_balanced_100 slot_span=61 edges=3273
HIST mode=wavefront_balanced_100 slot_span=62 edges=3265
HIST mode=wavefront_balanced_100 slot_span=63 edges=3239
HIST mode=wavefront_balanced_100 slot_span=64 edges=2965
HIST mode=wavefront_balanced_100 slot_span=65 edges=1859
HIST mode=wavefront_balanced_100 slot_span=66 edges=1437
HIST mode=wavefront_balanced_100 slot_span=67 edges=1411
HIST mode=wavefront_balanced_100 slot_span=68 edges=942
HIST mode=wavefront_balanced_100 slot_span=69 edges=114
SPAN mode=wavefront_balanced_110 seq=512 workers=256 resident_limit=256 tasks=14560 edges=2128248 same_worker_edges=20223 producer_tasks=14544 fence_free_producers=2160 cross_worker_fraction=0.990498 same_worker_fraction=0.00950218 used_workers=256 max_queue=77 queue_cap=77 min=-69 p50=24 p95=49 max=76 forward_worker_span=250 slot_span_below_limit=1 resident_grid_safe=1 queue_cycle=0 overresident_proven=0
HIST mode=wavefront_balanced_110 slot_span=-69 edges=108
HIST mode=wavefront_balanced_110 slot_span=-68 edges=159
HIST mode=wavefront_balanced_110 slot_span=-67 edges=272
HIST mode=wavefront_balanced_110 slot_span=-66 edges=337
HIST mode=wavefront_balanced_110 slot_span=-65 edges=451
HIST mode=wavefront_balanced_110 slot_span=-64 edges=543
HIST mode=wavefront_balanced_110 slot_span=-63 edges=643
HIST mode=wavefront_balanced_110 slot_span=-62 edges=739
HIST mode=wavefront_balanced_110 slot_span=-61 edges=837
HIST mode=wavefront_balanced_110 slot_span=-60 edges=935
HIST mode=wavefront_balanced_110 slot_span=-59 edges=1032
HIST mode=wavefront_balanced_110 slot_span=-58 edges=1130
HIST mode=wavefront_balanced_110 slot_span=-57 edges=1212
HIST mode=wavefront_balanced_110 slot_span=-56 edges=1316
HIST mode=wavefront_balanced_110 slot_span=-55 edges=1386
HIST mode=wavefront_balanced_110 slot_span=-54 edges=1468
HIST mode=wavefront_balanced_110 slot_span=-53 edges=1558
HIST mode=wavefront_balanced_110 slot_span=-52 edges=1637
HIST mode=wavefront_balanced_110 slot_span=-51 edges=1717
HIST mode=wavefront_balanced_110 slot_span=-50 edges=1797
HIST mode=wavefront_balanced_110 slot_span=-49 edges=1887
HIST mode=wavefront_balanced_110 slot_span=-48 edges=1963
HIST mode=wavefront_balanced_110 slot_span=-47 edges=2045
HIST mode=wavefront_balanced_110 slot_span=-46 edges=2123
HIST mode=wavefront_balanced_110 slot_span=-45 edges=2219
HIST mode=wavefront_balanced_110 slot_span=-44 edges=2288
HIST mode=wavefront_balanced_110 slot_span=-43 edges=2372
HIST mode=wavefront_balanced_110 slot_span=-42 edges=2457
HIST mode=wavefront_balanced_110 slot_span=-41 edges=2540
HIST mode=wavefront_balanced_110 slot_span=-40 edges=2619
HIST mode=wavefront_balanced_110 slot_span=-39 edges=2697
HIST mode=wavefront_balanced_110 slot_span=-38 edges=2792
HIST mode=wavefront_balanced_110 slot_span=-37 edges=2869
HIST mode=wavefront_balanced_110 slot_span=-36 edges=2950
HIST mode=wavefront_balanced_110 slot_span=-35 edges=3022
HIST mode=wavefront_balanced_110 slot_span=-34 edges=3131
HIST mode=wavefront_balanced_110 slot_span=-33 edges=3189
HIST mode=wavefront_balanced_110 slot_span=-32 edges=3273
HIST mode=wavefront_balanced_110 slot_span=-31 edges=3365
HIST mode=wavefront_balanced_110 slot_span=-30 edges=3432
HIST mode=wavefront_balanced_110 slot_span=-29 edges=3531
HIST mode=wavefront_balanced_110 slot_span=-28 edges=3587
HIST mode=wavefront_balanced_110 slot_span=-27 edges=3699
HIST mode=wavefront_balanced_110 slot_span=-26 edges=3763
HIST mode=wavefront_balanced_110 slot_span=-25 edges=3868
HIST mode=wavefront_balanced_110 slot_span=-24 edges=3919
HIST mode=wavefront_balanced_110 slot_span=-23 edges=4019
HIST mode=wavefront_balanced_110 slot_span=-22 edges=4025
HIST mode=wavefront_balanced_110 slot_span=-21 edges=4039
HIST mode=wavefront_balanced_110 slot_span=-20 edges=4029
HIST mode=wavefront_balanced_110 slot_span=-19 edges=4047
HIST mode=wavefront_balanced_110 slot_span=-18 edges=4045
HIST mode=wavefront_balanced_110 slot_span=-17 edges=4055
HIST mode=wavefront_balanced_110 slot_span=-16 edges=4049
HIST mode=wavefront_balanced_110 slot_span=-15 edges=4067
HIST mode=wavefront_balanced_110 slot_span=-14 edges=4063
HIST mode=wavefront_balanced_110 slot_span=-13 edges=4085
HIST mode=wavefront_balanced_110 slot_span=-12 edges=4069
HIST mode=wavefront_balanced_110 slot_span=-11 edges=4079
HIST mode=wavefront_balanced_110 slot_span=-10 edges=4073
HIST mode=wavefront_balanced_110 slot_span=-9 edges=4091
HIST mode=wavefront_balanced_110 slot_span=-8 edges=4087
HIST mode=wavefront_balanced_110 slot_span=-7 edges=4282
HIST mode=wavefront_balanced_110 slot_span=-6 edges=4210
HIST mode=wavefront_balanced_110 slot_span=-5 edges=4204
HIST mode=wavefront_balanced_110 slot_span=-4 edges=3962
HIST mode=wavefront_balanced_110 slot_span=-3 edges=3802
HIST mode=wavefront_balanced_110 slot_span=-2 edges=3945
HIST mode=wavefront_balanced_110 slot_span=-1 edges=3874
HIST mode=wavefront_balanced_110 slot_span=0 edges=6599
HIST mode=wavefront_balanced_110 slot_span=1 edges=28164
HIST mode=wavefront_balanced_110 slot_span=2 edges=7087
HIST mode=wavefront_balanced_110 slot_span=3 edges=19472
HIST mode=wavefront_balanced_110 slot_span=4 edges=18328
HIST mode=wavefront_balanced_110 slot_span=5 edges=37887
HIST mode=wavefront_balanced_110 slot_span=6 edges=30917
HIST mode=wavefront_balanced_110 slot_span=7 edges=50884
HIST mode=wavefront_balanced_110 slot_span=8 edges=38017
HIST mode=wavefront_balanced_110 slot_span=9 edges=46091
HIST mode=wavefront_balanced_110 slot_span=10 edges=48356
HIST mode=wavefront_balanced_110 slot_span=11 edges=45496
HIST mode=wavefront_balanced_110 slot_span=12 edges=47199
HIST mode=wavefront_balanced_110 slot_span=13 edges=44992
HIST mode=wavefront_balanced_110 slot_span=14 edges=44103
HIST mode=wavefront_balanced_110 slot_span=15 edges=43184
HIST mode=wavefront_balanced_110 slot_span=16 edges=42549
HIST mode=wavefront_balanced_110 slot_span=17 edges=40819
HIST mode=wavefront_balanced_110 slot_span=18 edges=40209
HIST mode=wavefront_balanced_110 slot_span=19 edges=39472
HIST mode=wavefront_balanced_110 slot_span=20 edges=39002
HIST mode=wavefront_balanced_110 slot_span=21 edges=38791
HIST mode=wavefront_balanced_110 slot_span=22 edges=39237
HIST mode=wavefront_balanced_110 slot_span=23 edges=38683
HIST mode=wavefront_balanced_110 slot_span=24 edges=38545
HIST mode=wavefront_balanced_110 slot_span=25 edges=38818
HIST mode=wavefront_balanced_110 slot_span=26 edges=38205
HIST mode=wavefront_balanced_110 slot_span=27 edges=38515
HIST mode=wavefront_balanced_110 slot_span=28 edges=38295
HIST mode=wavefront_balanced_110 slot_span=29 edges=38286
HIST mode=wavefront_balanced_110 slot_span=30 edges=37993
HIST mode=wavefront_balanced_110 slot_span=31 edges=38383
HIST mode=wavefront_balanced_110 slot_span=32 edges=38020
HIST mode=wavefront_balanced_110 slot_span=33 edges=37834
HIST mode=wavefront_balanced_110 slot_span=34 edges=37690
HIST mode=wavefront_balanced_110 slot_span=35 edges=38005
HIST mode=wavefront_balanced_110 slot_span=36 edges=37709
HIST mode=wavefront_balanced_110 slot_span=37 edges=37545
HIST mode=wavefront_balanced_110 slot_span=38 edges=37650
HIST mode=wavefront_balanced_110 slot_span=39 edges=37522
HIST mode=wavefront_balanced_110 slot_span=40 edges=37572
HIST mode=wavefront_balanced_110 slot_span=41 edges=37532
HIST mode=wavefront_balanced_110 slot_span=42 edges=37051
HIST mode=wavefront_balanced_110 slot_span=43 edges=37139
HIST mode=wavefront_balanced_110 slot_span=44 edges=37806
HIST mode=wavefront_balanced_110 slot_span=45 edges=37219
HIST mode=wavefront_balanced_110 slot_span=46 edges=37708
HIST mode=wavefront_balanced_110 slot_span=47 edges=36429
HIST mode=wavefront_balanced_110 slot_span=48 edges=32116
HIST mode=wavefront_balanced_110 slot_span=49 edges=27020
HIST mode=wavefront_balanced_110 slot_span=50 edges=21928
HIST mode=wavefront_balanced_110 slot_span=51 edges=18100
HIST mode=wavefront_balanced_110 slot_span=52 edges=12215
HIST mode=wavefront_balanced_110 slot_span=53 edges=7119
HIST mode=wavefront_balanced_110 slot_span=54 edges=3135
HIST mode=wavefront_balanced_110 slot_span=55 edges=1913
HIST mode=wavefront_balanced_110 slot_span=56 edges=1903
HIST mode=wavefront_balanced_110 slot_span=57 edges=1905
HIST mode=wavefront_balanced_110 slot_span=58 edges=1895
HIST mode=wavefront_balanced_110 slot_span=59 edges=1897
HIST mode=wavefront_balanced_110 slot_span=60 edges=1887
HIST mode=wavefront_balanced_110 slot_span=61 edges=1889
HIST mode=wavefront_balanced_110 slot_span=62 edges=1879
HIST mode=wavefront_balanced_110 slot_span=63 edges=1880
HIST mode=wavefront_balanced_110 slot_span=64 edges=1875
HIST mode=wavefront_balanced_110 slot_span=65 edges=1876
HIST mode=wavefront_balanced_110 slot_span=66 edges=1870
HIST mode=wavefront_balanced_110 slot_span=67 edges=1876
HIST mode=wavefront_balanced_110 slot_span=68 edges=1865
HIST mode=wavefront_balanced_110 slot_span=69 edges=1872
HIST mode=wavefront_balanced_110 slot_span=70 edges=1835
HIST mode=wavefront_balanced_110 slot_span=71 edges=1786
HIST mode=wavefront_balanced_110 slot_span=72 edges=1279
HIST mode=wavefront_balanced_110 slot_span=73 edges=810
HIST mode=wavefront_balanced_110 slot_span=74 edges=776
HIST mode=wavefront_balanced_110 slot_span=75 edges=632
HIST mode=wavefront_balanced_110 slot_span=76 edges=128
SPAN mode=wavefront_balanced_120 seq=512 workers=256 resident_limit=256 tasks=14560 edges=2128248 same_worker_edges=16870 producer_tasks=14544 fence_free_producers=2199 cross_worker_fraction=0.992073 same_worker_fraction=0.00792671 used_workers=256 max_queue=84 queue_cap=84 min=-76 p50=24 p95=51 max=83 forward_worker_span=251 slot_span_below_limit=1 resident_grid_safe=1 queue_cycle=0 overresident_proven=0
HIST mode=wavefront_balanced_120 slot_span=-76 edges=120
HIST mode=wavefront_balanced_120 slot_span=-75 edges=184
HIST mode=wavefront_balanced_120 slot_span=-74 edges=278
HIST mode=wavefront_balanced_120 slot_span=-73 edges=354
HIST mode=wavefront_balanced_120 slot_span=-72 edges=449
HIST mode=wavefront_balanced_120 slot_span=-71 edges=538
HIST mode=wavefront_balanced_120 slot_span=-70 edges=636
HIST mode=wavefront_balanced_120 slot_span=-69 edges=725
HIST mode=wavefront_balanced_120 slot_span=-68 edges=819
HIST mode=wavefront_balanced_120 slot_span=-67 edges=910
HIST mode=wavefront_balanced_120 slot_span=-66 edges=1004
HIST mode=wavefront_balanced_120 slot_span=-65 edges=1091
HIST mode=wavefront_balanced_120 slot_span=-64 edges=1192
HIST mode=wavefront_balanced_120 slot_span=-63 edges=1269
HIST mode=wavefront_balanced_120 slot_span=-62 edges=1360
HIST mode=wavefront_balanced_120 slot_span=-61 edges=1441
HIST mode=wavefront_balanced_120 slot_span=-60 edges=1543
HIST mode=wavefront_balanced_120 slot_span=-59 edges=1602
HIST mode=wavefront_balanced_120 slot_span=-58 edges=1692
HIST mode=wavefront_balanced_120 slot_span=-57 edges=1767
HIST mode=wavefront_balanced_120 slot_span=-56 edges=1866
HIST mode=wavefront_balanced_120 slot_span=-55 edges=1945
HIST mode=wavefront_balanced_120 slot_span=-54 edges=2024
HIST mode=wavefront_balanced_120 slot_span=-53 edges=2099
HIST mode=wavefront_balanced_120 slot_span=-52 edges=2191
HIST mode=wavefront_balanced_120 slot_span=-51 edges=2279
HIST mode=wavefront_balanced_120 slot_span=-50 edges=2361
HIST mode=wavefront_balanced_120 slot_span=-49 edges=2431
HIST mode=wavefront_balanced_120 slot_span=-48 edges=2522
HIST mode=wavefront_balanced_120 slot_span=-47 edges=2600
HIST mode=wavefront_balanced_120 slot_span=-46 edges=2702
HIST mode=wavefront_balanced_120 slot_span=-45 edges=2766
HIST mode=wavefront_balanced_120 slot_span=-44 edges=2854
HIST mode=wavefront_balanced_120 slot_span=-43 edges=2929
HIST mode=wavefront_balanced_120 slot_span=-42 edges=3026
HIST mode=wavefront_balanced_120 slot_span=-41 edges=3109
HIST mode=wavefront_balanced_120 slot_span=-40 edges=3188
HIST mode=wavefront_balanced_120 slot_span=-39 edges=3263
HIST mode=wavefront_balanced_120 slot_span=-38 edges=3352
HIST mode=wavefront_balanced_120 slot_span=-37 edges=3439
HIST mode=wavefront_balanced_120 slot_span=-36 edges=3526
HIST mode=wavefront_balanced_120 slot_span=-35 edges=3593
HIST mode=wavefront_balanced_120 slot_span=-34 edges=3684
HIST mode=wavefront_balanced_120 slot_span=-33 edges=3761
HIST mode=wavefront_balanced_120 slot_span=-32 edges=3864
HIST mode=wavefront_balanced_120 slot_span=-31 edges=3901
HIST mode=wavefront_balanced_120 slot_span=-30 edges=3917
HIST mode=wavefront_balanced_120 slot_span=-29 edges=3911
HIST mode=wavefront_balanced_120 slot_span=-28 edges=3943
HIST mode=wavefront_balanced_120 slot_span=-27 edges=3944
HIST mode=wavefront_balanced_120 slot_span=-26 edges=3947
HIST mode=wavefront_balanced_120 slot_span=-25 edges=3940
HIST mode=wavefront_balanced_120 slot_span=-24 edges=3959
HIST mode=wavefront_balanced_120 slot_span=-23 edges=3957
HIST mode=wavefront_balanced_120 slot_span=-22 edges=3988
HIST mode=wavefront_balanced_120 slot_span=-21 edges=3971
HIST mode=wavefront_balanced_120 slot_span=-20 edges=3987
HIST mode=wavefront_balanced_120 slot_span=-19 edges=3983
HIST mode=wavefront_balanced_120 slot_span=-18 edges=4001
HIST mode=wavefront_balanced_120 slot_span=-17 edges=3996
HIST mode=wavefront_balanced_120 slot_span=-16 edges=4016
HIST mode=wavefront_balanced_120 slot_span=-15 edges=4016
HIST mode=wavefront_balanced_120 slot_span=-14 edges=4043
HIST mode=wavefront_balanced_120 slot_span=-13 edges=4025
HIST mode=wavefront_balanced_120 slot_span=-12 edges=4043
HIST mode=wavefront_balanced_120 slot_span=-11 edges=4038
HIST mode=wavefront_balanced_120 slot_span=-10 edges=4072
HIST mode=wavefront_balanced_120 slot_span=-9 edges=4059
HIST mode=wavefront_balanced_120 slot_span=-8 edges=4075
HIST mode=wavefront_balanced_120 slot_span=-7 edges=4259
HIST mode=wavefront_balanced_120 slot_span=-6 edges=4187
HIST mode=wavefront_balanced_120 slot_span=-5 edges=4163
HIST mode=wavefront_balanced_120 slot_span=-4 edges=3946
HIST mode=wavefront_balanced_120 slot_span=-3 edges=3753
HIST mode=wavefront_balanced_120 slot_span=-2 edges=3975
HIST mode=wavefront_balanced_120 slot_span=-1 edges=3936
HIST mode=wavefront_balanced_120 slot_span=0 edges=4093
HIST mode=wavefront_balanced_120 slot_span=1 edges=26394
HIST mode=wavefront_balanced_120 slot_span=2 edges=12316
HIST mode=wavefront_balanced_120 slot_span=3 edges=16094
HIST mode=wavefront_balanced_120 slot_span=4 edges=27174
HIST mode=wavefront_balanced_120 slot_span=5 edges=30136
HIST mode=wavefront_balanced_120 slot_span=6 edges=31415
HIST mode=wavefront_balanced_120 slot_span=7 edges=46641
HIST mode=wavefront_balanced_120 slot_span=8 edges=38878
HIST mode=wavefront_balanced_120 slot_span=9 edges=41604
HIST mode=wavefront_balanced_120 slot_span=10 edges=42451
HIST mode=wavefront_balanced_120 slot_span=11 edges=43289
HIST mode=wavefront_balanced_120 slot_span=12 edges=43387
HIST mode=wavefront_balanced_120 slot_span=13 edges=40650
HIST mode=wavefront_balanced_120 slot_span=14 edges=44901
HIST mode=wavefront_balanced_120 slot_span=15 edges=42954
HIST mode=wavefront_balanced_120 slot_span=16 edges=40203
HIST mode=wavefront_balanced_120 slot_span=17 edges=39661
HIST mode=wavefront_balanced_120 slot_span=18 edges=40717
HIST mode=wavefront_balanced_120 slot_span=19 edges=38699
HIST mode=wavefront_balanced_120 slot_span=20 edges=38894
HIST mode=wavefront_balanced_120 slot_span=21 edges=38801
HIST mode=wavefront_balanced_120 slot_span=22 edges=38731
HIST mode=wavefront_balanced_120 slot_span=23 edges=38638
HIST mode=wavefront_balanced_120 slot_span=24 edges=38558
HIST mode=wavefront_balanced_120 slot_span=25 edges=38469
HIST mode=wavefront_balanced_120 slot_span=26 edges=38338
HIST mode=wavefront_balanced_120 slot_span=27 edges=38200
HIST mode=wavefront_balanced_120 slot_span=28 edges=38109
HIST mode=wavefront_balanced_120 slot_span=29 edges=38047
HIST mode=wavefront_balanced_120 slot_span=30 edges=37981
HIST mode=wavefront_balanced_120 slot_span=31 edges=37919
HIST mode=wavefront_balanced_120 slot_span=32 edges=37853
HIST mode=wavefront_balanced_120 slot_span=33 edges=37788
HIST mode=wavefront_balanced_120 slot_span=34 edges=37740
HIST mode=wavefront_balanced_120 slot_span=35 edges=37653
HIST mode=wavefront_balanced_120 slot_span=36 edges=37592
HIST mode=wavefront_balanced_120 slot_span=37 edges=37551
HIST mode=wavefront_balanced_120 slot_span=38 edges=37590
HIST mode=wavefront_balanced_120 slot_span=39 edges=37590
HIST mode=wavefront_balanced_120 slot_span=40 edges=37554
HIST mode=wavefront_balanced_120 slot_span=41 edges=37501
HIST mode=wavefront_balanced_120 slot_span=42 edges=37535
HIST mode=wavefront_balanced_120 slot_span=43 edges=37462
HIST mode=wavefront_balanced_120 slot_span=44 edges=37453
HIST mode=wavefront_balanced_120 slot_span=45 edges=37250
HIST mode=wavefront_balanced_120 slot_span=46 edges=35274
HIST mode=wavefront_balanced_120 slot_span=47 edges=30482
HIST mode=wavefront_balanced_120 slot_span=48 edges=25664
HIST mode=wavefront_balanced_120 slot_span=49 edges=20847
HIST mode=wavefront_balanced_120 slot_span=50 edges=16045
HIST mode=wavefront_balanced_120 slot_span=51 edges=11257
HIST mode=wavefront_balanced_120 slot_span=52 edges=6455
HIST mode=wavefront_balanced_120 slot_span=53 edges=3305
HIST mode=wavefront_balanced_120 slot_span=54 edges=3290
HIST mode=wavefront_balanced_120 slot_span=55 edges=3291
HIST mode=wavefront_balanced_120 slot_span=56 edges=3276
HIST mode=wavefront_balanced_120 slot_span=57 edges=3277
HIST mode=wavefront_balanced_120 slot_span=58 edges=3262
HIST mode=wavefront_balanced_120 slot_span=59 edges=3263
HIST mode=wavefront_balanced_120 slot_span=60 edges=3248
HIST mode=wavefront_balanced_120 slot_span=61 edges=3249
HIST mode=wavefront_balanced_120 slot_span=62 edges=3234
HIST mode=wavefront_balanced_120 slot_span=63 edges=3235
HIST mode=wavefront_balanced_120 slot_span=64 edges=3220
HIST mode=wavefront_balanced_120 slot_span=65 edges=3221
HIST mode=wavefront_balanced_120 slot_span=66 edges=3206
HIST mode=wavefront_balanced_120 slot_span=67 edges=3207
HIST mode=wavefront_balanced_120 slot_span=68 edges=3192
HIST mode=wavefront_balanced_120 slot_span=69 edges=3193
HIST mode=wavefront_balanced_120 slot_span=70 edges=3179
HIST mode=wavefront_balanced_120 slot_span=71 edges=3187
HIST mode=wavefront_balanced_120 slot_span=72 edges=3173
HIST mode=wavefront_balanced_120 slot_span=73 edges=3181
HIST mode=wavefront_balanced_120 slot_span=74 edges=3173
HIST mode=wavefront_balanced_120 slot_span=75 edges=3175
HIST mode=wavefront_balanced_120 slot_span=76 edges=3167
HIST mode=wavefront_balanced_120 slot_span=77 edges=3141
HIST mode=wavefront_balanced_120 slot_span=78 edges=3137
HIST mode=wavefront_balanced_120 slot_span=79 edges=1891
HIST mode=wavefront_balanced_120 slot_span=80 edges=1359
HIST mode=wavefront_balanced_120 slot_span=81 edges=1343
HIST mode=wavefront_balanced_120 slot_span=82 edges=1054
HIST mode=wavefront_balanced_120 slot_span=83 edges=142
RESULT legal=1 bands=6 bounded_at_fixed_parameters=1
ISL_CONTEXT remaining=0
