producer	consumer	direction	oracle	coordinate	expected	actual	equal
0	1	0	Unique	0	1	1	1
0	1	0	Unique	2	1	1	1
0	1	0	Unique	3	1	1	1
0	1	1	Unique	0	1	1	1
0	1	1	Unique	2	1	1	1
0	1	1	Unique	3	1	1	1
1	2	0	General	0	512	512	1
1	2	0	General	2	512	512	1
1	2	0	General	3	512	512	1
1	2	1	General	0	4	4	1
1	2	1	General	256	4	4	1
1	2	1	General	511	4	4	1
2	3	0	Unique	0	1	1	1
2	3	0	Unique	256	1	1	1
2	3	0	Unique	511	1	1	1
2	3	1	General	0	4	4	1
2	3	1	General	64	4	4	1
2	3	1	General	127	4	4	1
3	4	0	General	0	64	64	1
3	4	0	General	64	64	64	1
3	4	0	General	127	64	64	1
3	4	1	General	0	128	128	1
3	4	1	General	32	128	128	1
3	4	1	General	63	128	128	1
1	5	0	General	0	256	256	1
1	5	0	General	2	256	256	1
1	5	0	General	3	256	256	1
1	5	1	General	0	4	4	1
1	5	1	General	128	4	4	1
1	5	1	General	255	4	4	1
5	6	0	Unique	0	1	1	1
5	6	0	Unique	128	1	1	1
5	6	0	Unique	255	1	1	1
5	6	1	General	0	4	4	1
5	6	1	General	32	4	4	1
5	6	1	General	63	4	4	1
6	7	0	General	0	32	32	1
6	7	0	General	32	32	32	1
6	7	0	General	63	32	32	1
6	7	1	General	0	64	64	1
6	7	1	General	16	64	64	1
6	7	1	General	31	64	64	1
1	8	0	General	0	256	256	1
1	8	0	General	2	256	256	1
1	8	0	General	3	256	256	1
1	8	1	General	0	4	4	1
1	8	1	General	128	4	4	1
1	8	1	General	255	4	4	1
8	9	0	Unique	0	1	1	1
8	9	0	Unique	128	1	1	1
8	9	0	Unique	255	1	1	1
8	9	1	General	0	4	4	1
8	9	1	General	32	4	4	1
8	9	1	General	63	4	4	1
4	10	0	Unique	0	1	1	1
4	10	0	Unique	32	1	1	1
4	10	0	Unique	63	1	1	1
4	10	1	Unique	0	1	1	1
4	10	1	Unique	32	1	1	1
4	10	1	Unique	63	1	1	1
7	11	0	Unique	0	1	1	1
7	11	0	Unique	16	1	1	1
7	11	0	Unique	31	1	1	1
7	11	1	Unique	0	1	1	1
7	11	1	Unique	16	1	1	1
7	11	1	Unique	31	1	1	1
11	12	0	Unique	0	1	1	1
11	12	0	Unique	16	1	1	1
11	12	0	Unique	31	1	1	1
11	12	1	Unique	0	1	1	1
11	12	1	Unique	16	1	1	1
11	12	1	Unique	31	1	1	1
9	13	0	General	0	32	32	1
9	13	0	General	32	32	32	1
9	13	0	General	63	32	32	1
9	13	1	General	0	64	64	1
9	13	1	General	16	64	64	1
9	13	1	General	31	64	64	1
10	14	0	Unique	0	1	1	1
10	14	0	Unique	32	1	1	1
10	14	0	Unique	63	1	1	1
10	14	1	Unique	0	1	1	1
10	14	1	Unique	32	1	1	1
10	14	1	Unique	63	1	1	1
12	14	0	General	0	64	64	1
12	14	0	General	16	64	64	1
12	14	0	General	31	64	64	1
12	14	1	General	0	32	32	1
12	14	1	General	32	32	32	1
12	14	1	General	63	32	32	1
13	14	0	General	0	64	64	1
13	14	0	General	16	64	64	1
13	14	0	General	31	64	64	1
13	14	1	General	0	32	32	1
13	14	1	General	32	32	32	1
13	14	1	General	63	32	32	1
0	15	0	General	0	128	128	1
0	15	0	General	2	128	128	1
0	15	0	General	3	128	128	1
0	15	1	General	0	4	4	1
0	15	1	General	256	0	0	1
0	15	1	General	511	0	0	1
14	15	0	General	0	512	512	1
14	15	0	General	32	512	512	1
14	15	0	General	63	512	512	1
14	15	1	General	0	64	64	1
14	15	1	General	256	64	64	1
14	15	1	General	511	64	64	1
0	16	0	General	0	128	128	1
0	16	0	General	2	128	128	1
0	16	0	General	3	128	128	1
0	16	1	General	0	4	4	1
0	16	1	General	64	4	4	1
0	16	1	General	127	4	4	1
15	16	0	Unique	0	1	1	1
15	16	0	Unique	256	1	1	1
15	16	0	Unique	511	1	1	1
15	16	1	General	0	4	4	1
15	16	1	General	64	4	4	1
15	16	1	General	127	4	4	1
16	17	0	General	0	4	4	1
16	17	0	General	64	4	4	1
16	17	0	General	127	4	4	1
16	17	1	General	0	128	128	1
16	17	1	General	2	128	128	1
16	17	1	General	3	128	128	1
17	18	0	General	0	1536	1536	1
17	18	0	General	2	1536	1536	1
17	18	0	General	3	1536	1536	1
17	18	1	General	0	4	4	1
17	18	1	General	768	4	4	1
17	18	1	General	1535	4	4	1
18	19	0	Unique	0	1	1	1
18	19	0	Unique	768	1	1	1
18	19	0	Unique	1535	1	1	1
18	19	1	General	0	4	4	1
18	19	1	General	192	4	4	1
18	19	1	General	383	4	4	1
17	20	0	General	0	1536	1536	1
17	20	0	General	2	1536	1536	1
17	20	0	General	3	1536	1536	1
17	20	1	General	0	4	4	1
17	20	1	General	768	4	4	1
17	20	1	General	1535	4	4	1
20	21	0	Unique	0	1	1	1
20	21	0	Unique	768	1	1	1
20	21	0	Unique	1535	1	1	1
20	21	1	General	0	4	4	1
20	21	1	General	192	4	4	1
20	21	1	General	383	4	4	1
19	22	0	General	0	4	4	1
19	22	0	General	192	4	4	1
19	22	0	General	383	4	4	1
19	22	1	General	0	384	384	1
19	22	1	General	2	384	384	1
19	22	1	General	3	384	384	1
21	22	0	General	0	4	4	1
21	22	0	General	192	4	4	1
21	22	0	General	383	4	4	1
21	22	1	General	0	384	384	1
21	22	1	General	2	384	384	1
21	22	1	General	3	384	384	1
16	23	0	Unique	0	1	1	1
16	23	0	Unique	64	1	1	1
16	23	0	Unique	127	1	1	1
16	23	1	Unique	0	1	1	1
16	23	1	Unique	256	0	0	1
16	23	1	Unique	511	0	0	1
22	23	0	General	0	512	512	1
22	23	0	General	2	512	512	1
22	23	0	General	3	512	512	1
22	23	1	General	0	4	4	1
22	23	1	General	256	4	4	1
22	23	1	General	511	4	4	1
16	24	0	Unique	0	1	1	1
16	24	0	Unique	64	1	1	1
16	24	0	Unique	127	1	1	1
16	24	1	Unique	0	1	1	1
16	24	1	Unique	64	1	1	1
16	24	1	Unique	127	1	1	1
23	24	0	Unique	0	1	1	1
23	24	0	Unique	256	1	1	1
23	24	0	Unique	511	1	1	1
23	24	1	General	0	4	4	1
23	24	1	General	64	4	4	1
23	24	1	General	127	4	4	1
24	25	0	General	0	4	4	1
24	25	0	General	64	4	4	1
24	25	0	General	127	4	4	1
24	25	1	General	0	128	128	1
24	25	1	General	2	128	128	1
24	25	1	General	3	128	128	1
25	26	0	General	0	512	512	1
25	26	0	General	2	512	512	1
25	26	0	General	3	512	512	1
25	26	1	General	0	4	4	1
25	26	1	General	256	4	4	1
25	26	1	General	511	4	4	1
26	27	0	Unique	0	1	1	1
26	27	0	Unique	256	1	1	1
26	27	0	Unique	511	1	1	1
26	27	1	General	0	4	4	1
26	27	1	General	64	4	4	1
26	27	1	General	127	4	4	1
27	28	0	General	0	64	64	1
27	28	0	General	64	64	64	1
27	28	0	General	127	64	64	1
27	28	1	General	0	128	128	1
27	28	1	General	32	128	128	1
27	28	1	General	63	128	128	1
25	29	0	General	0	256	256	1
25	29	0	General	2	256	256	1
25	29	0	General	3	256	256	1
25	29	1	General	0	4	4	1
25	29	1	General	128	4	4	1
25	29	1	General	255	4	4	1
29	30	0	Unique	0	1	1	1
29	30	0	Unique	128	1	1	1
29	30	0	Unique	255	1	1	1
29	30	1	General	0	4	4	1
29	30	1	General	32	4	4	1
29	30	1	General	63	4	4	1
30	31	0	General	0	32	32	1
30	31	0	General	32	32	32	1
30	31	0	General	63	32	32	1
30	31	1	General	0	64	64	1
30	31	1	General	16	64	64	1
30	31	1	General	31	64	64	1
25	32	0	General	0	256	256	1
25	32	0	General	2	256	256	1
25	32	0	General	3	256	256	1
25	32	1	General	0	4	4	1
25	32	1	General	128	4	4	1
25	32	1	General	255	4	4	1
32	33	0	Unique	0	1	1	1
32	33	0	Unique	128	1	1	1
32	33	0	Unique	255	1	1	1
32	33	1	General	0	4	4	1
32	33	1	General	32	4	4	1
32	33	1	General	63	4	4	1
28	34	0	Unique	0	1	1	1
28	34	0	Unique	32	1	1	1
28	34	0	Unique	63	1	1	1
28	34	1	Unique	0	1	1	1
28	34	1	Unique	32	1	1	1
28	34	1	Unique	63	1	1	1
31	35	0	Unique	0	1	1	1
31	35	0	Unique	16	1	1	1
31	35	0	Unique	31	1	1	1
31	35	1	Unique	0	1	1	1
31	35	1	Unique	16	1	1	1
31	35	1	Unique	31	1	1	1
35	36	0	Unique	0	1	1	1
35	36	0	Unique	16	1	1	1
35	36	0	Unique	31	1	1	1
35	36	1	Unique	0	1	1	1
35	36	1	Unique	16	1	1	1
35	36	1	Unique	31	1	1	1
33	37	0	General	0	32	32	1
33	37	0	General	32	32	32	1
33	37	0	General	63	32	32	1
33	37	1	General	0	64	64	1
33	37	1	General	16	64	64	1
33	37	1	General	31	64	64	1
34	38	0	Unique	0	1	1	1
34	38	0	Unique	32	1	1	1
34	38	0	Unique	63	1	1	1
34	38	1	Unique	0	1	1	1
34	38	1	Unique	32	1	1	1
34	38	1	Unique	63	1	1	1
36	38	0	General	0	64	64	1
36	38	0	General	16	64	64	1
36	38	0	General	31	64	64	1
36	38	1	General	0	32	32	1
36	38	1	General	32	32	32	1
36	38	1	General	63	32	32	1
37	38	0	General	0	64	64	1
37	38	0	General	16	64	64	1
37	38	0	General	31	64	64	1
37	38	1	General	0	32	32	1
37	38	1	General	32	32	32	1
37	38	1	General	63	32	32	1
24	39	0	Unique	0	1	1	1
24	39	0	Unique	64	1	1	1
24	39	0	Unique	127	1	1	1
24	39	1	Unique	0	1	1	1
24	39	1	Unique	256	0	0	1
24	39	1	Unique	511	0	0	1
38	39	0	General	0	512	512	1
38	39	0	General	32	512	512	1
38	39	0	General	63	512	512	1
38	39	1	General	0	64	64	1
38	39	1	General	256	64	64	1
38	39	1	General	511	64	64	1
24	40	0	Unique	0	1	1	1
24	40	0	Unique	64	1	1	1
24	40	0	Unique	127	1	1	1
24	40	1	Unique	0	1	1	1
24	40	1	Unique	64	1	1	1
24	40	1	Unique	127	1	1	1
39	40	0	Unique	0	1	1	1
39	40	0	Unique	256	1	1	1
39	40	0	Unique	511	1	1	1
39	40	1	General	0	4	4	1
39	40	1	General	64	4	4	1
39	40	1	General	127	4	4	1
40	41	0	General	0	4	4	1
40	41	0	General	64	4	4	1
40	41	0	General	127	4	4	1
40	41	1	General	0	128	128	1
40	41	1	General	2	128	128	1
40	41	1	General	3	128	128	1
41	42	0	General	0	1536	1536	1
41	42	0	General	2	1536	1536	1
41	42	0	General	3	1536	1536	1
41	42	1	General	0	4	4	1
41	42	1	General	768	4	4	1
41	42	1	General	1535	4	4	1
42	43	0	Unique	0	1	1	1
42	43	0	Unique	768	1	1	1
42	43	0	Unique	1535	1	1	1
42	43	1	General	0	4	4	1
42	43	1	General	192	4	4	1
42	43	1	General	383	4	4	1
41	44	0	General	0	1536	1536	1
41	44	0	General	2	1536	1536	1
41	44	0	General	3	1536	1536	1
41	44	1	General	0	4	4	1
41	44	1	General	768	4	4	1
41	44	1	General	1535	4	4	1
44	45	0	Unique	0	1	1	1
44	45	0	Unique	768	1	1	1
44	45	0	Unique	1535	1	1	1
44	45	1	General	0	4	4	1
44	45	1	General	192	4	4	1
44	45	1	General	383	4	4	1
43	46	0	General	0	4	4	1
43	46	0	General	192	4	4	1
43	46	0	General	383	4	4	1
43	46	1	General	0	384	384	1
43	46	1	General	2	384	384	1
43	46	1	General	3	384	384	1
45	46	0	General	0	4	4	1
45	46	0	General	192	4	4	1
45	46	0	General	383	4	4	1
45	46	1	General	0	384	384	1
45	46	1	General	2	384	384	1
45	46	1	General	3	384	384	1
40	47	0	Unique	0	1	1	1
40	47	0	Unique	64	1	1	1
40	47	0	Unique	127	1	1	1
40	47	1	Unique	0	1	1	1
40	47	1	Unique	256	0	0	1
40	47	1	Unique	511	0	0	1
46	47	0	General	0	512	512	1
46	47	0	General	2	512	512	1
46	47	0	General	3	512	512	1
46	47	1	General	0	4	4	1
46	47	1	General	256	4	4	1
46	47	1	General	511	4	4	1
40	48	0	Unique	0	1	1	1
40	48	0	Unique	64	1	1	1
40	48	0	Unique	127	1	1	1
40	48	1	Unique	0	1	1	1
40	48	1	Unique	64	1	1	1
40	48	1	Unique	127	1	1	1
47	48	0	Unique	0	1	1	1
47	48	0	Unique	256	1	1	1
47	48	0	Unique	511	1	1	1
47	48	1	General	0	4	4	1
47	48	1	General	64	4	4	1
47	48	1	General	127	4	4	1
48	49	0	General	0	4	4	1
48	49	0	General	64	4	4	1
48	49	0	General	127	4	4	1
48	49	1	General	0	128	128	1
48	49	1	General	2	128	128	1
48	49	1	General	3	128	128	1
49	50	0	General	0	512	512	1
49	50	0	General	2	512	512	1
49	50	0	General	3	512	512	1
49	50	1	General	0	4	4	1
49	50	1	General	256	4	4	1
49	50	1	General	511	4	4	1
50	51	0	Unique	0	1	1	1
50	51	0	Unique	256	1	1	1
50	51	0	Unique	511	1	1	1
50	51	1	General	0	4	4	1
50	51	1	General	64	4	4	1
50	51	1	General	127	4	4	1
51	52	0	General	0	64	64	1
51	52	0	General	64	64	64	1
51	52	0	General	127	64	64	1
51	52	1	General	0	128	128	1
51	52	1	General	32	128	128	1
51	52	1	General	63	128	128	1
49	53	0	General	0	256	256	1
49	53	0	General	2	256	256	1
49	53	0	General	3	256	256	1
49	53	1	General	0	4	4	1
49	53	1	General	128	4	4	1
49	53	1	General	255	4	4	1
53	54	0	Unique	0	1	1	1
53	54	0	Unique	128	1	1	1
53	54	0	Unique	255	1	1	1
53	54	1	General	0	4	4	1
53	54	1	General	32	4	4	1
53	54	1	General	63	4	4	1
54	55	0	General	0	32	32	1
54	55	0	General	32	32	32	1
54	55	0	General	63	32	32	1
54	55	1	General	0	64	64	1
54	55	1	General	16	64	64	1
54	55	1	General	31	64	64	1
49	56	0	General	0	256	256	1
49	56	0	General	2	256	256	1
49	56	0	General	3	256	256	1
49	56	1	General	0	4	4	1
49	56	1	General	128	4	4	1
49	56	1	General	255	4	4	1
56	57	0	Unique	0	1	1	1
56	57	0	Unique	128	1	1	1
56	57	0	Unique	255	1	1	1
56	57	1	General	0	4	4	1
56	57	1	General	32	4	4	1
56	57	1	General	63	4	4	1
52	58	0	Unique	0	1	1	1
52	58	0	Unique	32	1	1	1
52	58	0	Unique	63	1	1	1
52	58	1	Unique	0	1	1	1
52	58	1	Unique	32	1	1	1
52	58	1	Unique	63	1	1	1
55	59	0	Unique	0	1	1	1
55	59	0	Unique	16	1	1	1
55	59	0	Unique	31	1	1	1
55	59	1	Unique	0	1	1	1
55	59	1	Unique	16	1	1	1
55	59	1	Unique	31	1	1	1
59	60	0	Unique	0	1	1	1
59	60	0	Unique	16	1	1	1
59	60	0	Unique	31	1	1	1
59	60	1	Unique	0	1	1	1
59	60	1	Unique	16	1	1	1
59	60	1	Unique	31	1	1	1
57	61	0	General	0	32	32	1
57	61	0	General	32	32	32	1
57	61	0	General	63	32	32	1
57	61	1	General	0	64	64	1
57	61	1	General	16	64	64	1
57	61	1	General	31	64	64	1
58	62	0	Unique	0	1	1	1
58	62	0	Unique	32	1	1	1
58	62	0	Unique	63	1	1	1
58	62	1	Unique	0	1	1	1
58	62	1	Unique	32	1	1	1
58	62	1	Unique	63	1	1	1
60	62	0	General	0	64	64	1
60	62	0	General	16	64	64	1
60	62	0	General	31	64	64	1
60	62	1	General	0	32	32	1
60	62	1	General	32	32	32	1
60	62	1	General	63	32	32	1
61	62	0	General	0	64	64	1
61	62	0	General	16	64	64	1
61	62	0	General	31	64	64	1
61	62	1	General	0	32	32	1
61	62	1	General	32	32	32	1
61	62	1	General	63	32	32	1
48	63	0	Unique	0	1	1	1
48	63	0	Unique	64	1	1	1
48	63	0	Unique	127	1	1	1
48	63	1	Unique	0	1	1	1
48	63	1	Unique	256	0	0	1
48	63	1	Unique	511	0	0	1
62	63	0	General	0	512	512	1
62	63	0	General	32	512	512	1
62	63	0	General	63	512	512	1
62	63	1	General	0	64	64	1
62	63	1	General	256	64	64	1
62	63	1	General	511	64	64	1
48	64	0	Unique	0	1	1	1
48	64	0	Unique	64	1	1	1
48	64	0	Unique	127	1	1	1
48	64	1	Unique	0	1	1	1
48	64	1	Unique	64	1	1	1
48	64	1	Unique	127	1	1	1
63	64	0	Unique	0	1	1	1
63	64	0	Unique	256	1	1	1
63	64	0	Unique	511	1	1	1
63	64	1	General	0	4	4	1
63	64	1	General	64	4	4	1
63	64	1	General	127	4	4	1
64	65	0	General	0	4	4	1
64	65	0	General	64	4	4	1
64	65	0	General	127	4	4	1
64	65	1	General	0	128	128	1
64	65	1	General	2	128	128	1
64	65	1	General	3	128	128	1
65	66	0	General	0	1536	1536	1
65	66	0	General	2	1536	1536	1
65	66	0	General	3	1536	1536	1
65	66	1	General	0	4	4	1
65	66	1	General	768	4	4	1
65	66	1	General	1535	4	4	1
66	67	0	Unique	0	1	1	1
66	67	0	Unique	768	1	1	1
66	67	0	Unique	1535	1	1	1
66	67	1	General	0	4	4	1
66	67	1	General	192	4	4	1
66	67	1	General	383	4	4	1
65	68	0	General	0	1536	1536	1
65	68	0	General	2	1536	1536	1
65	68	0	General	3	1536	1536	1
65	68	1	General	0	4	4	1
65	68	1	General	768	4	4	1
65	68	1	General	1535	4	4	1
68	69	0	Unique	0	1	1	1
68	69	0	Unique	768	1	1	1
68	69	0	Unique	1535	1	1	1
68	69	1	General	0	4	4	1
68	69	1	General	192	4	4	1
68	69	1	General	383	4	4	1
67	70	0	General	0	4	4	1
67	70	0	General	192	4	4	1
67	70	0	General	383	4	4	1
67	70	1	General	0	384	384	1
67	70	1	General	2	384	384	1
67	70	1	General	3	384	384	1
69	70	0	General	0	4	4	1
69	70	0	General	192	4	4	1
69	70	0	General	383	4	4	1
69	70	1	General	0	384	384	1
69	70	1	General	2	384	384	1
69	70	1	General	3	384	384	1
64	71	0	Unique	0	1	1	1
64	71	0	Unique	64	1	1	1
64	71	0	Unique	127	1	1	1
64	71	1	Unique	0	1	1	1
64	71	1	Unique	256	0	0	1
64	71	1	Unique	511	0	0	1
70	71	0	General	0	512	512	1
70	71	0	General	2	512	512	1
70	71	0	General	3	512	512	1
70	71	1	General	0	4	4	1
70	71	1	General	256	4	4	1
70	71	1	General	511	4	4	1
64	72	0	Unique	0	1	1	1
64	72	0	Unique	64	1	1	1
64	72	0	Unique	127	1	1	1
64	72	1	Unique	0	1	1	1
64	72	1	Unique	64	1	1	1
64	72	1	Unique	127	1	1	1
71	72	0	Unique	0	1	1	1
71	72	0	Unique	256	1	1	1
71	72	0	Unique	511	1	1	1
71	72	1	General	0	4	4	1
71	72	1	General	64	4	4	1
71	72	1	General	127	4	4	1
72	73	0	General	0	4	4	1
72	73	0	General	64	4	4	1
72	73	0	General	127	4	4	1
72	73	1	General	0	128	128	1
72	73	1	General	2	128	128	1
72	73	1	General	3	128	128	1
73	74	0	General	0	512	512	1
73	74	0	General	2	512	512	1
73	74	0	General	3	512	512	1
73	74	1	General	0	4	4	1
73	74	1	General	256	4	4	1
73	74	1	General	511	4	4	1
74	75	0	Unique	0	1	1	1
74	75	0	Unique	256	1	1	1
74	75	0	Unique	511	1	1	1
74	75	1	General	0	4	4	1
74	75	1	General	64	4	4	1
74	75	1	General	127	4	4	1
75	76	0	General	0	64	64	1
75	76	0	General	64	64	64	1
75	76	0	General	127	64	64	1
75	76	1	General	0	128	128	1
75	76	1	General	32	128	128	1
75	76	1	General	63	128	128	1
73	77	0	General	0	256	256	1
73	77	0	General	2	256	256	1
73	77	0	General	3	256	256	1
73	77	1	General	0	4	4	1
73	77	1	General	128	4	4	1
73	77	1	General	255	4	4	1
77	78	0	Unique	0	1	1	1
77	78	0	Unique	128	1	1	1
77	78	0	Unique	255	1	1	1
77	78	1	General	0	4	4	1
77	78	1	General	32	4	4	1
77	78	1	General	63	4	4	1
78	79	0	General	0	32	32	1
78	79	0	General	32	32	32	1
78	79	0	General	63	32	32	1
78	79	1	General	0	64	64	1
78	79	1	General	16	64	64	1
78	79	1	General	31	64	64	1
73	80	0	General	0	256	256	1
73	80	0	General	2	256	256	1
73	80	0	General	3	256	256	1
73	80	1	General	0	4	4	1
73	80	1	General	128	4	4	1
73	80	1	General	255	4	4	1
80	81	0	Unique	0	1	1	1
80	81	0	Unique	128	1	1	1
80	81	0	Unique	255	1	1	1
80	81	1	General	0	4	4	1
80	81	1	General	32	4	4	1
80	81	1	General	63	4	4	1
76	82	0	Unique	0	1	1	1
76	82	0	Unique	32	1	1	1
76	82	0	Unique	63	1	1	1
76	82	1	Unique	0	1	1	1
76	82	1	Unique	32	1	1	1
76	82	1	Unique	63	1	1	1
79	83	0	Unique	0	1	1	1
79	83	0	Unique	16	1	1	1
79	83	0	Unique	31	1	1	1
79	83	1	Unique	0	1	1	1
79	83	1	Unique	16	1	1	1
79	83	1	Unique	31	1	1	1
83	84	0	Unique	0	1	1	1
83	84	0	Unique	16	1	1	1
83	84	0	Unique	31	1	1	1
83	84	1	Unique	0	1	1	1
83	84	1	Unique	16	1	1	1
83	84	1	Unique	31	1	1	1
81	85	0	General	0	32	32	1
81	85	0	General	32	32	32	1
81	85	0	General	63	32	32	1
81	85	1	General	0	64	64	1
81	85	1	General	16	64	64	1
81	85	1	General	31	64	64	1
82	86	0	Unique	0	1	1	1
82	86	0	Unique	32	1	1	1
82	86	0	Unique	63	1	1	1
82	86	1	Unique	0	1	1	1
82	86	1	Unique	32	1	1	1
82	86	1	Unique	63	1	1	1
84	86	0	General	0	64	64	1
84	86	0	General	16	64	64	1
84	86	0	General	31	64	64	1
84	86	1	General	0	32	32	1
84	86	1	General	32	32	32	1
84	86	1	General	63	32	32	1
85	86	0	General	0	64	64	1
85	86	0	General	16	64	64	1
85	86	0	General	31	64	64	1
85	86	1	General	0	32	32	1
85	86	1	General	32	32	32	1
85	86	1	General	63	32	32	1
72	87	0	Unique	0	1	1	1
72	87	0	Unique	64	1	1	1
72	87	0	Unique	127	1	1	1
72	87	1	Unique	0	1	1	1
72	87	1	Unique	256	0	0	1
72	87	1	Unique	511	0	0	1
86	87	0	General	0	512	512	1
86	87	0	General	32	512	512	1
86	87	0	General	63	512	512	1
86	87	1	General	0	64	64	1
86	87	1	General	256	64	64	1
86	87	1	General	511	64	64	1
72	88	0	Unique	0	1	1	1
72	88	0	Unique	64	1	1	1
72	88	0	Unique	127	1	1	1
72	88	1	Unique	0	1	1	1
72	88	1	Unique	64	1	1	1
72	88	1	Unique	127	1	1	1
87	88	0	Unique	0	1	1	1
87	88	0	Unique	256	1	1	1
87	88	0	Unique	511	1	1	1
87	88	1	General	0	4	4	1
87	88	1	General	64	4	4	1
87	88	1	General	127	4	4	1
88	89	0	General	0	4	4	1
88	89	0	General	64	4	4	1
88	89	0	General	127	4	4	1
88	89	1	General	0	128	128	1
88	89	1	General	2	128	128	1
88	89	1	General	3	128	128	1
89	90	0	General	0	1536	1536	1
89	90	0	General	2	1536	1536	1
89	90	0	General	3	1536	1536	1
89	90	1	General	0	4	4	1
89	90	1	General	768	4	4	1
89	90	1	General	1535	4	4	1
90	91	0	Unique	0	1	1	1
90	91	0	Unique	768	1	1	1
90	91	0	Unique	1535	1	1	1
90	91	1	General	0	4	4	1
90	91	1	General	192	4	4	1
90	91	1	General	383	4	4	1
89	92	0	General	0	1536	1536	1
89	92	0	General	2	1536	1536	1
89	92	0	General	3	1536	1536	1
89	92	1	General	0	4	4	1
89	92	1	General	768	4	4	1
89	92	1	General	1535	4	4	1
92	93	0	Unique	0	1	1	1
92	93	0	Unique	768	1	1	1
92	93	0	Unique	1535	1	1	1
92	93	1	General	0	4	4	1
92	93	1	General	192	4	4	1
92	93	1	General	383	4	4	1
91	94	0	General	0	4	4	1
91	94	0	General	192	4	4	1
91	94	0	General	383	4	4	1
91	94	1	General	0	384	384	1
91	94	1	General	2	384	384	1
91	94	1	General	3	384	384	1
93	94	0	General	0	4	4	1
93	94	0	General	192	4	4	1
93	94	0	General	383	4	4	1
93	94	1	General	0	384	384	1
93	94	1	General	2	384	384	1
93	94	1	General	3	384	384	1
88	95	0	Unique	0	1	1	1
88	95	0	Unique	64	1	1	1
88	95	0	Unique	127	1	1	1
88	95	1	Unique	0	1	1	1
88	95	1	Unique	256	0	0	1
88	95	1	Unique	511	0	0	1
94	95	0	General	0	512	512	1
94	95	0	General	2	512	512	1
94	95	0	General	3	512	512	1
94	95	1	General	0	4	4	1
94	95	1	General	256	4	4	1
94	95	1	General	511	4	4	1
88	96	0	Unique	0	1	1	1
88	96	0	Unique	64	1	1	1
88	96	0	Unique	127	1	1	1
88	96	1	Unique	0	1	1	1
88	96	1	Unique	64	1	1	1
88	96	1	Unique	127	1	1	1
95	96	0	Unique	0	1	1	1
95	96	0	Unique	256	1	1	1
95	96	0	Unique	511	1	1	1
95	96	1	General	0	4	4	1
95	96	1	General	64	4	4	1
95	96	1	General	127	4	4	1
96	97	0	General	0	4	4	1
96	97	0	General	64	4	4	1
96	97	0	General	127	4	4	1
96	97	1	General	0	128	128	1
96	97	1	General	2	128	128	1
96	97	1	General	3	128	128	1
97	98	0	General	0	512	512	1
97	98	0	General	2	512	512	1
97	98	0	General	3	512	512	1
97	98	1	General	0	4	4	1
97	98	1	General	256	4	4	1
97	98	1	General	511	4	4	1
98	99	0	Unique	0	1	1	1
98	99	0	Unique	256	1	1	1
98	99	0	Unique	511	1	1	1
98	99	1	General	0	4	4	1
98	99	1	General	64	4	4	1
98	99	1	General	127	4	4	1
99	100	0	General	0	64	64	1
99	100	0	General	64	64	64	1
99	100	0	General	127	64	64	1
99	100	1	General	0	128	128	1
99	100	1	General	32	128	128	1
99	100	1	General	63	128	128	1
97	101	0	General	0	256	256	1
97	101	0	General	2	256	256	1
97	101	0	General	3	256	256	1
97	101	1	General	0	4	4	1
97	101	1	General	128	4	4	1
97	101	1	General	255	4	4	1
101	102	0	Unique	0	1	1	1
101	102	0	Unique	128	1	1	1
101	102	0	Unique	255	1	1	1
101	102	1	General	0	4	4	1
101	102	1	General	32	4	4	1
101	102	1	General	63	4	4	1
102	103	0	General	0	32	32	1
102	103	0	General	32	32	32	1
102	103	0	General	63	32	32	1
102	103	1	General	0	64	64	1
102	103	1	General	16	64	64	1
102	103	1	General	31	64	64	1
97	104	0	General	0	256	256	1
97	104	0	General	2	256	256	1
97	104	0	General	3	256	256	1
97	104	1	General	0	4	4	1
97	104	1	General	128	4	4	1
97	104	1	General	255	4	4	1
104	105	0	Unique	0	1	1	1
104	105	0	Unique	128	1	1	1
104	105	0	Unique	255	1	1	1
104	105	1	General	0	4	4	1
104	105	1	General	32	4	4	1
104	105	1	General	63	4	4	1
100	106	0	Unique	0	1	1	1
100	106	0	Unique	32	1	1	1
100	106	0	Unique	63	1	1	1
100	106	1	Unique	0	1	1	1
100	106	1	Unique	32	1	1	1
100	106	1	Unique	63	1	1	1
103	107	0	Unique	0	1	1	1
103	107	0	Unique	16	1	1	1
103	107	0	Unique	31	1	1	1
103	107	1	Unique	0	1	1	1
103	107	1	Unique	16	1	1	1
103	107	1	Unique	31	1	1	1
107	108	0	Unique	0	1	1	1
107	108	0	Unique	16	1	1	1
107	108	0	Unique	31	1	1	1
107	108	1	Unique	0	1	1	1
107	108	1	Unique	16	1	1	1
107	108	1	Unique	31	1	1	1
105	109	0	General	0	32	32	1
105	109	0	General	32	32	32	1
105	109	0	General	63	32	32	1
105	109	1	General	0	64	64	1
105	109	1	General	16	64	64	1
105	109	1	General	31	64	64	1
106	110	0	Unique	0	1	1	1
106	110	0	Unique	32	1	1	1
106	110	0	Unique	63	1	1	1
106	110	1	Unique	0	1	1	1
106	110	1	Unique	32	1	1	1
106	110	1	Unique	63	1	1	1
108	110	0	General	0	64	64	1
108	110	0	General	16	64	64	1
108	110	0	General	31	64	64	1
108	110	1	General	0	32	32	1
108	110	1	General	32	32	32	1
108	110	1	General	63	32	32	1
109	110	0	General	0	64	64	1
109	110	0	General	16	64	64	1
109	110	0	General	31	64	64	1
109	110	1	General	0	32	32	1
109	110	1	General	32	32	32	1
109	110	1	General	63	32	32	1
96	111	0	Unique	0	1	1	1
96	111	0	Unique	64	1	1	1
96	111	0	Unique	127	1	1	1
96	111	1	Unique	0	1	1	1
96	111	1	Unique	256	0	0	1
96	111	1	Unique	511	0	0	1
110	111	0	General	0	512	512	1
110	111	0	General	32	512	512	1
110	111	0	General	63	512	512	1
110	111	1	General	0	64	64	1
110	111	1	General	256	64	64	1
110	111	1	General	511	64	64	1
96	112	0	Unique	0	1	1	1
96	112	0	Unique	64	1	1	1
96	112	0	Unique	127	1	1	1
96	112	1	Unique	0	1	1	1
96	112	1	Unique	64	1	1	1
96	112	1	Unique	127	1	1	1
111	112	0	Unique	0	1	1	1
111	112	0	Unique	256	1	1	1
111	112	0	Unique	511	1	1	1
111	112	1	General	0	4	4	1
111	112	1	General	64	4	4	1
111	112	1	General	127	4	4	1
112	113	0	General	0	4	4	1
112	113	0	General	64	4	4	1
112	113	0	General	127	4	4	1
112	113	1	General	0	128	128	1
112	113	1	General	2	128	128	1
112	113	1	General	3	128	128	1
113	114	0	General	0	1536	1536	1
113	114	0	General	2	1536	1536	1
113	114	0	General	3	1536	1536	1
113	114	1	General	0	4	4	1
113	114	1	General	768	4	4	1
113	114	1	General	1535	4	4	1
114	115	0	Unique	0	1	1	1
114	115	0	Unique	768	1	1	1
114	115	0	Unique	1535	1	1	1
114	115	1	General	0	4	4	1
114	115	1	General	192	4	4	1
114	115	1	General	383	4	4	1
113	116	0	General	0	1536	1536	1
113	116	0	General	2	1536	1536	1
113	116	0	General	3	1536	1536	1
113	116	1	General	0	4	4	1
113	116	1	General	768	4	4	1
113	116	1	General	1535	4	4	1
116	117	0	Unique	0	1	1	1
116	117	0	Unique	768	1	1	1
116	117	0	Unique	1535	1	1	1
116	117	1	General	0	4	4	1
116	117	1	General	192	4	4	1
116	117	1	General	383	4	4	1
115	118	0	General	0	4	4	1
115	118	0	General	192	4	4	1
115	118	0	General	383	4	4	1
115	118	1	General	0	384	384	1
115	118	1	General	2	384	384	1
115	118	1	General	3	384	384	1
117	118	0	General	0	4	4	1
117	118	0	General	192	4	4	1
117	118	0	General	383	4	4	1
117	118	1	General	0	384	384	1
117	118	1	General	2	384	384	1
117	118	1	General	3	384	384	1
112	119	0	Unique	0	1	1	1
112	119	0	Unique	64	1	1	1
112	119	0	Unique	127	1	1	1
112	119	1	Unique	0	1	1	1
112	119	1	Unique	256	0	0	1
112	119	1	Unique	511	0	0	1
118	119	0	General	0	512	512	1
118	119	0	General	2	512	512	1
118	119	0	General	3	512	512	1
118	119	1	General	0	4	4	1
118	119	1	General	256	4	4	1
118	119	1	General	511	4	4	1
112	120	0	Unique	0	1	1	1
112	120	0	Unique	64	1	1	1
112	120	0	Unique	127	1	1	1
112	120	1	Unique	0	1	1	1
112	120	1	Unique	64	1	1	1
112	120	1	Unique	127	1	1	1
119	120	0	Unique	0	1	1	1
119	120	0	Unique	256	1	1	1
119	120	0	Unique	511	1	1	1
119	120	1	General	0	4	4	1
119	120	1	General	64	4	4	1
119	120	1	General	127	4	4	1
120	121	0	General	0	4	4	1
120	121	0	General	64	4	4	1
120	121	0	General	127	4	4	1
120	121	1	General	0	128	128	1
120	121	1	General	2	128	128	1
120	121	1	General	3	128	128	1
121	122	0	General	0	512	512	1
121	122	0	General	2	512	512	1
121	122	0	General	3	512	512	1
121	122	1	General	0	4	4	1
121	122	1	General	256	4	4	1
121	122	1	General	511	4	4	1
122	123	0	Unique	0	1	1	1
122	123	0	Unique	256	1	1	1
122	123	0	Unique	511	1	1	1
122	123	1	General	0	4	4	1
122	123	1	General	64	4	4	1
122	123	1	General	127	4	4	1
123	124	0	General	0	64	64	1
123	124	0	General	64	64	64	1
123	124	0	General	127	64	64	1
123	124	1	General	0	128	128	1
123	124	1	General	32	128	128	1
123	124	1	General	63	128	128	1
121	125	0	General	0	256	256	1
121	125	0	General	2	256	256	1
121	125	0	General	3	256	256	1
121	125	1	General	0	4	4	1
121	125	1	General	128	4	4	1
121	125	1	General	255	4	4	1
125	126	0	Unique	0	1	1	1
125	126	0	Unique	128	1	1	1
125	126	0	Unique	255	1	1	1
125	126	1	General	0	4	4	1
125	126	1	General	32	4	4	1
125	126	1	General	63	4	4	1
126	127	0	General	0	32	32	1
126	127	0	General	32	32	32	1
126	127	0	General	63	32	32	1
126	127	1	General	0	64	64	1
126	127	1	General	16	64	64	1
126	127	1	General	31	64	64	1
121	128	0	General	0	256	256	1
121	128	0	General	2	256	256	1
121	128	0	General	3	256	256	1
121	128	1	General	0	4	4	1
121	128	1	General	128	4	4	1
121	128	1	General	255	4	4	1
128	129	0	Unique	0	1	1	1
128	129	0	Unique	128	1	1	1
128	129	0	Unique	255	1	1	1
128	129	1	General	0	4	4	1
128	129	1	General	32	4	4	1
128	129	1	General	63	4	4	1
124	130	0	Unique	0	1	1	1
124	130	0	Unique	32	1	1	1
124	130	0	Unique	63	1	1	1
124	130	1	Unique	0	1	1	1
124	130	1	Unique	32	1	1	1
124	130	1	Unique	63	1	1	1
127	131	0	Unique	0	1	1	1
127	131	0	Unique	16	1	1	1
127	131	0	Unique	31	1	1	1
127	131	1	Unique	0	1	1	1
127	131	1	Unique	16	1	1	1
127	131	1	Unique	31	1	1	1
131	132	0	Unique	0	1	1	1
131	132	0	Unique	16	1	1	1
131	132	0	Unique	31	1	1	1
131	132	1	Unique	0	1	1	1
131	132	1	Unique	16	1	1	1
131	132	1	Unique	31	1	1	1
129	133	0	General	0	32	32	1
129	133	0	General	32	32	32	1
129	133	0	General	63	32	32	1
129	133	1	General	0	64	64	1
129	133	1	General	16	64	64	1
129	133	1	General	31	64	64	1
130	134	0	Unique	0	1	1	1
130	134	0	Unique	32	1	1	1
130	134	0	Unique	63	1	1	1
130	134	1	Unique	0	1	1	1
130	134	1	Unique	32	1	1	1
130	134	1	Unique	63	1	1	1
132	134	0	General	0	64	64	1
132	134	0	General	16	64	64	1
132	134	0	General	31	64	64	1
132	134	1	General	0	32	32	1
132	134	1	General	32	32	32	1
132	134	1	General	63	32	32	1
133	134	0	General	0	64	64	1
133	134	0	General	16	64	64	1
133	134	0	General	31	64	64	1
133	134	1	General	0	32	32	1
133	134	1	General	32	32	32	1
133	134	1	General	63	32	32	1
120	135	0	Unique	0	1	1	1
120	135	0	Unique	64	1	1	1
120	135	0	Unique	127	1	1	1
120	135	1	Unique	0	1	1	1
120	135	1	Unique	256	0	0	1
120	135	1	Unique	511	0	0	1
134	135	0	General	0	512	512	1
134	135	0	General	32	512	512	1
134	135	0	General	63	512	512	1
134	135	1	General	0	64	64	1
134	135	1	General	256	64	64	1
134	135	1	General	511	64	64	1
120	136	0	Unique	0	1	1	1
120	136	0	Unique	64	1	1	1
120	136	0	Unique	127	1	1	1
120	136	1	Unique	0	1	1	1
120	136	1	Unique	64	1	1	1
120	136	1	Unique	127	1	1	1
135	136	0	Unique	0	1	1	1
135	136	0	Unique	256	1	1	1
135	136	0	Unique	511	1	1	1
135	136	1	General	0	4	4	1
135	136	1	General	64	4	4	1
135	136	1	General	127	4	4	1
136	137	0	General	0	4	4	1
136	137	0	General	64	4	4	1
136	137	0	General	127	4	4	1
136	137	1	General	0	128	128	1
136	137	1	General	2	128	128	1
136	137	1	General	3	128	128	1
137	138	0	General	0	1536	1536	1
137	138	0	General	2	1536	1536	1
137	138	0	General	3	1536	1536	1
137	138	1	General	0	4	4	1
137	138	1	General	768	4	4	1
137	138	1	General	1535	4	4	1
138	139	0	Unique	0	1	1	1
138	139	0	Unique	768	1	1	1
138	139	0	Unique	1535	1	1	1
138	139	1	General	0	4	4	1
138	139	1	General	192	4	4	1
138	139	1	General	383	4	4	1
137	140	0	General	0	1536	1536	1
137	140	0	General	2	1536	1536	1
137	140	0	General	3	1536	1536	1
137	140	1	General	0	4	4	1
137	140	1	General	768	4	4	1
137	140	1	General	1535	4	4	1
140	141	0	Unique	0	1	1	1
140	141	0	Unique	768	1	1	1
140	141	0	Unique	1535	1	1	1
140	141	1	General	0	4	4	1
140	141	1	General	192	4	4	1
140	141	1	General	383	4	4	1
139	142	0	General	0	4	4	1
139	142	0	General	192	4	4	1
139	142	0	General	383	4	4	1
139	142	1	General	0	384	384	1
139	142	1	General	2	384	384	1
139	142	1	General	3	384	384	1
141	142	0	General	0	4	4	1
141	142	0	General	192	4	4	1
141	142	0	General	383	4	4	1
141	142	1	General	0	384	384	1
141	142	1	General	2	384	384	1
141	142	1	General	3	384	384	1
136	143	0	Unique	0	1	1	1
136	143	0	Unique	64	1	1	1
136	143	0	Unique	127	1	1	1
136	143	1	Unique	0	1	1	1
136	143	1	Unique	256	0	0	1
136	143	1	Unique	511	0	0	1
142	143	0	General	0	512	512	1
142	143	0	General	2	512	512	1
142	143	0	General	3	512	512	1
142	143	1	General	0	4	4	1
142	143	1	General	256	4	4	1
142	143	1	General	511	4	4	1
136	144	0	Unique	0	1	1	1
136	144	0	Unique	64	1	1	1
136	144	0	Unique	127	1	1	1
136	144	1	Unique	0	1	1	1
136	144	1	Unique	64	1	1	1
136	144	1	Unique	127	1	1	1
143	144	0	Unique	0	1	1	1
143	144	0	Unique	256	1	1	1
143	144	0	Unique	511	1	1	1
143	144	1	General	0	4	4	1
143	144	1	General	64	4	4	1
143	144	1	General	127	4	4	1
144	145	0	General	0	4	4	1
144	145	0	General	64	4	4	1
144	145	0	General	127	4	4	1
144	145	1	General	0	128	128	1
144	145	1	General	2	128	128	1
144	145	1	General	3	128	128	1
145	146	0	General	0	512	512	1
145	146	0	General	2	512	512	1
145	146	0	General	3	512	512	1
145	146	1	General	0	4	4	1
145	146	1	General	256	4	4	1
145	146	1	General	511	4	4	1
146	147	0	Unique	0	1	1	1
146	147	0	Unique	256	1	1	1
146	147	0	Unique	511	1	1	1
146	147	1	General	0	4	4	1
146	147	1	General	64	4	4	1
146	147	1	General	127	4	4	1
147	148	0	General	0	64	64	1
147	148	0	General	64	64	64	1
147	148	0	General	127	64	64	1
147	148	1	General	0	128	128	1
147	148	1	General	32	128	128	1
147	148	1	General	63	128	128	1
145	149	0	General	0	256	256	1
145	149	0	General	2	256	256	1
145	149	0	General	3	256	256	1
145	149	1	General	0	4	4	1
145	149	1	General	128	4	4	1
145	149	1	General	255	4	4	1
149	150	0	Unique	0	1	1	1
149	150	0	Unique	128	1	1	1
149	150	0	Unique	255	1	1	1
149	150	1	General	0	4	4	1
149	150	1	General	32	4	4	1
149	150	1	General	63	4	4	1
150	151	0	General	0	32	32	1
150	151	0	General	32	32	32	1
150	151	0	General	63	32	32	1
150	151	1	General	0	64	64	1
150	151	1	General	16	64	64	1
150	151	1	General	31	64	64	1
145	152	0	General	0	256	256	1
145	152	0	General	2	256	256	1
145	152	0	General	3	256	256	1
145	152	1	General	0	4	4	1
145	152	1	General	128	4	4	1
145	152	1	General	255	4	4	1
152	153	0	Unique	0	1	1	1
152	153	0	Unique	128	1	1	1
152	153	0	Unique	255	1	1	1
152	153	1	General	0	4	4	1
152	153	1	General	32	4	4	1
152	153	1	General	63	4	4	1
148	154	0	Unique	0	1	1	1
148	154	0	Unique	32	1	1	1
148	154	0	Unique	63	1	1	1
148	154	1	Unique	0	1	1	1
148	154	1	Unique	32	1	1	1
148	154	1	Unique	63	1	1	1
151	155	0	Unique	0	1	1	1
151	155	0	Unique	16	1	1	1
151	155	0	Unique	31	1	1	1
151	155	1	Unique	0	1	1	1
151	155	1	Unique	16	1	1	1
151	155	1	Unique	31	1	1	1
155	156	0	Unique	0	1	1	1
155	156	0	Unique	16	1	1	1
155	156	0	Unique	31	1	1	1
155	156	1	Unique	0	1	1	1
155	156	1	Unique	16	1	1	1
155	156	1	Unique	31	1	1	1
153	157	0	General	0	32	32	1
153	157	0	General	32	32	32	1
153	157	0	General	63	32	32	1
153	157	1	General	0	64	64	1
153	157	1	General	16	64	64	1
153	157	1	General	31	64	64	1
154	158	0	Unique	0	1	1	1
154	158	0	Unique	32	1	1	1
154	158	0	Unique	63	1	1	1
154	158	1	Unique	0	1	1	1
154	158	1	Unique	32	1	1	1
154	158	1	Unique	63	1	1	1
156	158	0	General	0	64	64	1
156	158	0	General	16	64	64	1
156	158	0	General	31	64	64	1
156	158	1	General	0	32	32	1
156	158	1	General	32	32	32	1
156	158	1	General	63	32	32	1
157	158	0	General	0	64	64	1
157	158	0	General	16	64	64	1
157	158	0	General	31	64	64	1
157	158	1	General	0	32	32	1
157	158	1	General	32	32	32	1
157	158	1	General	63	32	32	1
144	159	0	Unique	0	1	1	1
144	159	0	Unique	64	1	1	1
144	159	0	Unique	127	1	1	1
144	159	1	Unique	0	1	1	1
144	159	1	Unique	256	0	0	1
144	159	1	Unique	511	0	0	1
158	159	0	General	0	512	512	1
158	159	0	General	32	512	512	1
158	159	0	General	63	512	512	1
158	159	1	General	0	64	64	1
158	159	1	General	256	64	64	1
158	159	1	General	511	64	64	1
144	160	0	Unique	0	1	1	1
144	160	0	Unique	64	1	1	1
144	160	0	Unique	127	1	1	1
144	160	1	Unique	0	1	1	1
144	160	1	Unique	64	1	1	1
144	160	1	Unique	127	1	1	1
159	160	0	Unique	0	1	1	1
159	160	0	Unique	256	1	1	1
159	160	0	Unique	511	1	1	1
159	160	1	General	0	4	4	1
159	160	1	General	64	4	4	1
159	160	1	General	127	4	4	1
160	161	0	General	0	4	4	1
160	161	0	General	64	4	4	1
160	161	0	General	127	4	4	1
160	161	1	General	0	128	128	1
160	161	1	General	2	128	128	1
160	161	1	General	3	128	128	1
161	162	0	General	0	1536	1536	1
161	162	0	General	2	1536	1536	1
161	162	0	General	3	1536	1536	1
161	162	1	General	0	4	4	1
161	162	1	General	768	4	4	1
161	162	1	General	1535	4	4	1
162	163	0	Unique	0	1	1	1
162	163	0	Unique	768	1	1	1
162	163	0	Unique	1535	1	1	1
162	163	1	General	0	4	4	1
162	163	1	General	192	4	4	1
162	163	1	General	383	4	4	1
161	164	0	General	0	1536	1536	1
161	164	0	General	2	1536	1536	1
161	164	0	General	3	1536	1536	1
161	164	1	General	0	4	4	1
161	164	1	General	768	4	4	1
161	164	1	General	1535	4	4	1
164	165	0	Unique	0	1	1	1
164	165	0	Unique	768	1	1	1
164	165	0	Unique	1535	1	1	1
164	165	1	General	0	4	4	1
164	165	1	General	192	4	4	1
164	165	1	General	383	4	4	1
163	166	0	General	0	4	4	1
163	166	0	General	192	4	4	1
163	166	0	General	383	4	4	1
163	166	1	General	0	384	384	1
163	166	1	General	2	384	384	1
163	166	1	General	3	384	384	1
165	166	0	General	0	4	4	1
165	166	0	General	192	4	4	1
165	166	0	General	383	4	4	1
165	166	1	General	0	384	384	1
165	166	1	General	2	384	384	1
165	166	1	General	3	384	384	1
160	167	0	Unique	0	1	1	1
160	167	0	Unique	64	1	1	1
160	167	0	Unique	127	1	1	1
160	167	1	Unique	0	1	1	1
160	167	1	Unique	256	0	0	1
160	167	1	Unique	511	0	0	1
166	167	0	General	0	512	512	1
166	167	0	General	2	512	512	1
166	167	0	General	3	512	512	1
166	167	1	General	0	4	4	1
166	167	1	General	256	4	4	1
166	167	1	General	511	4	4	1
160	168	0	Unique	0	1	1	1
160	168	0	Unique	64	1	1	1
160	168	0	Unique	127	1	1	1
160	168	1	Unique	0	1	1	1
160	168	1	Unique	64	1	1	1
160	168	1	Unique	127	1	1	1
167	168	0	Unique	0	1	1	1
167	168	0	Unique	256	1	1	1
167	168	0	Unique	511	1	1	1
167	168	1	General	0	4	4	1
167	168	1	General	64	4	4	1
167	168	1	General	127	4	4	1
168	169	0	General	0	4	4	1
168	169	0	General	64	4	4	1
168	169	0	General	127	4	4	1
168	169	1	General	0	128	128	1
168	169	1	General	2	128	128	1
168	169	1	General	3	128	128	1
169	170	0	General	0	512	512	1
169	170	0	General	2	512	512	1
169	170	0	General	3	512	512	1
169	170	1	General	0	4	4	1
169	170	1	General	256	4	4	1
169	170	1	General	511	4	4	1
170	171	0	Unique	0	1	1	1
170	171	0	Unique	256	1	1	1
170	171	0	Unique	511	1	1	1
170	171	1	General	0	4	4	1
170	171	1	General	64	4	4	1
170	171	1	General	127	4	4	1
171	172	0	General	0	64	64	1
171	172	0	General	64	64	64	1
171	172	0	General	127	64	64	1
171	172	1	General	0	128	128	1
171	172	1	General	32	128	128	1
171	172	1	General	63	128	128	1
169	173	0	General	0	256	256	1
169	173	0	General	2	256	256	1
169	173	0	General	3	256	256	1
169	173	1	General	0	4	4	1
169	173	1	General	128	4	4	1
169	173	1	General	255	4	4	1
173	174	0	Unique	0	1	1	1
173	174	0	Unique	128	1	1	1
173	174	0	Unique	255	1	1	1
173	174	1	General	0	4	4	1
173	174	1	General	32	4	4	1
173	174	1	General	63	4	4	1
174	175	0	General	0	32	32	1
174	175	0	General	32	32	32	1
174	175	0	General	63	32	32	1
174	175	1	General	0	64	64	1
174	175	1	General	16	64	64	1
174	175	1	General	31	64	64	1
169	176	0	General	0	256	256	1
169	176	0	General	2	256	256	1
169	176	0	General	3	256	256	1
169	176	1	General	0	4	4	1
169	176	1	General	128	4	4	1
169	176	1	General	255	4	4	1
176	177	0	Unique	0	1	1	1
176	177	0	Unique	128	1	1	1
176	177	0	Unique	255	1	1	1
176	177	1	General	0	4	4	1
176	177	1	General	32	4	4	1
176	177	1	General	63	4	4	1
172	178	0	Unique	0	1	1	1
172	178	0	Unique	32	1	1	1
172	178	0	Unique	63	1	1	1
172	178	1	Unique	0	1	1	1
172	178	1	Unique	32	1	1	1
172	178	1	Unique	63	1	1	1
175	179	0	Unique	0	1	1	1
175	179	0	Unique	16	1	1	1
175	179	0	Unique	31	1	1	1
175	179	1	Unique	0	1	1	1
175	179	1	Unique	16	1	1	1
175	179	1	Unique	31	1	1	1
179	180	0	Unique	0	1	1	1
179	180	0	Unique	16	1	1	1
179	180	0	Unique	31	1	1	1
179	180	1	Unique	0	1	1	1
179	180	1	Unique	16	1	1	1
179	180	1	Unique	31	1	1	1
177	181	0	General	0	32	32	1
177	181	0	General	32	32	32	1
177	181	0	General	63	32	32	1
177	181	1	General	0	64	64	1
177	181	1	General	16	64	64	1
177	181	1	General	31	64	64	1
178	182	0	Unique	0	1	1	1
178	182	0	Unique	32	1	1	1
178	182	0	Unique	63	1	1	1
178	182	1	Unique	0	1	1	1
178	182	1	Unique	32	1	1	1
178	182	1	Unique	63	1	1	1
180	182	0	General	0	64	64	1
180	182	0	General	16	64	64	1
180	182	0	General	31	64	64	1
180	182	1	General	0	32	32	1
180	182	1	General	32	32	32	1
180	182	1	General	63	32	32	1
181	182	0	General	0	64	64	1
181	182	0	General	16	64	64	1
181	182	0	General	31	64	64	1
181	182	1	General	0	32	32	1
181	182	1	General	32	32	32	1
181	182	1	General	63	32	32	1
168	183	0	Unique	0	1	1	1
168	183	0	Unique	64	1	1	1
168	183	0	Unique	127	1	1	1
168	183	1	Unique	0	1	1	1
168	183	1	Unique	256	0	0	1
168	183	1	Unique	511	0	0	1
182	183	0	General	0	512	512	1
182	183	0	General	32	512	512	1
182	183	0	General	63	512	512	1
182	183	1	General	0	64	64	1
182	183	1	General	256	64	64	1
182	183	1	General	511	64	64	1
168	184	0	Unique	0	1	1	1
168	184	0	Unique	64	1	1	1
168	184	0	Unique	127	1	1	1
168	184	1	Unique	0	1	1	1
168	184	1	Unique	64	1	1	1
168	184	1	Unique	127	1	1	1
183	184	0	Unique	0	1	1	1
183	184	0	Unique	256	1	1	1
183	184	0	Unique	511	1	1	1
183	184	1	General	0	4	4	1
183	184	1	General	64	4	4	1
183	184	1	General	127	4	4	1
184	185	0	General	0	4	4	1
184	185	0	General	64	4	4	1
184	185	0	General	127	4	4	1
184	185	1	General	0	128	128	1
184	185	1	General	2	128	128	1
184	185	1	General	3	128	128	1
185	186	0	General	0	1536	1536	1
185	186	0	General	2	1536	1536	1
185	186	0	General	3	1536	1536	1
185	186	1	General	0	4	4	1
185	186	1	General	768	4	4	1
185	186	1	General	1535	4	4	1
186	187	0	Unique	0	1	1	1
186	187	0	Unique	768	1	1	1
186	187	0	Unique	1535	1	1	1
186	187	1	General	0	4	4	1
186	187	1	General	192	4	4	1
186	187	1	General	383	4	4	1
185	188	0	General	0	1536	1536	1
185	188	0	General	2	1536	1536	1
185	188	0	General	3	1536	1536	1
185	188	1	General	0	4	4	1
185	188	1	General	768	4	4	1
185	188	1	General	1535	4	4	1
188	189	0	Unique	0	1	1	1
188	189	0	Unique	768	1	1	1
188	189	0	Unique	1535	1	1	1
188	189	1	General	0	4	4	1
188	189	1	General	192	4	4	1
188	189	1	General	383	4	4	1
187	190	0	General	0	4	4	1
187	190	0	General	192	4	4	1
187	190	0	General	383	4	4	1
187	190	1	General	0	384	384	1
187	190	1	General	2	384	384	1
187	190	1	General	3	384	384	1
189	190	0	General	0	4	4	1
189	190	0	General	192	4	4	1
189	190	0	General	383	4	4	1
189	190	1	General	0	384	384	1
189	190	1	General	2	384	384	1
189	190	1	General	3	384	384	1
184	191	0	Unique	0	1	1	1
184	191	0	Unique	64	1	1	1
184	191	0	Unique	127	1	1	1
184	191	1	Unique	0	1	1	1
184	191	1	Unique	256	0	0	1
184	191	1	Unique	511	0	0	1
190	191	0	General	0	512	512	1
190	191	0	General	2	512	512	1
190	191	0	General	3	512	512	1
190	191	1	General	0	4	4	1
190	191	1	General	256	4	4	1
190	191	1	General	511	4	4	1
184	192	0	Unique	0	1	1	1
184	192	0	Unique	64	1	1	1
184	192	0	Unique	127	1	1	1
184	192	1	Unique	0	1	1	1
184	192	1	Unique	64	1	1	1
184	192	1	Unique	127	1	1	1
191	192	0	Unique	0	1	1	1
191	192	0	Unique	256	1	1	1
191	192	0	Unique	511	1	1	1
191	192	1	General	0	4	4	1
191	192	1	General	64	4	4	1
191	192	1	General	127	4	4	1
192	193	0	General	0	4	4	1
192	193	0	General	64	4	4	1
192	193	0	General	127	4	4	1
192	193	1	General	0	128	128	1
192	193	1	General	2	128	128	1
192	193	1	General	3	128	128	1
193	194	0	General	0	512	512	1
193	194	0	General	2	512	512	1
193	194	0	General	3	512	512	1
193	194	1	General	0	4	4	1
193	194	1	General	256	4	4	1
193	194	1	General	511	4	4	1
194	195	0	Unique	0	1	1	1
194	195	0	Unique	256	1	1	1
194	195	0	Unique	511	1	1	1
194	195	1	General	0	4	4	1
194	195	1	General	64	4	4	1
194	195	1	General	127	4	4	1
195	196	0	General	0	64	64	1
195	196	0	General	64	64	64	1
195	196	0	General	127	64	64	1
195	196	1	General	0	128	128	1
195	196	1	General	32	128	128	1
195	196	1	General	63	128	128	1
193	197	0	General	0	256	256	1
193	197	0	General	2	256	256	1
193	197	0	General	3	256	256	1
193	197	1	General	0	4	4	1
193	197	1	General	128	4	4	1
193	197	1	General	255	4	4	1
197	198	0	Unique	0	1	1	1
197	198	0	Unique	128	1	1	1
197	198	0	Unique	255	1	1	1
197	198	1	General	0	4	4	1
197	198	1	General	32	4	4	1
197	198	1	General	63	4	4	1
198	199	0	General	0	32	32	1
198	199	0	General	32	32	32	1
198	199	0	General	63	32	32	1
198	199	1	General	0	64	64	1
198	199	1	General	16	64	64	1
198	199	1	General	31	64	64	1
193	200	0	General	0	256	256	1
193	200	0	General	2	256	256	1
193	200	0	General	3	256	256	1
193	200	1	General	0	4	4	1
193	200	1	General	128	4	4	1
193	200	1	General	255	4	4	1
200	201	0	Unique	0	1	1	1
200	201	0	Unique	128	1	1	1
200	201	0	Unique	255	1	1	1
200	201	1	General	0	4	4	1
200	201	1	General	32	4	4	1
200	201	1	General	63	4	4	1
196	202	0	Unique	0	1	1	1
196	202	0	Unique	32	1	1	1
196	202	0	Unique	63	1	1	1
196	202	1	Unique	0	1	1	1
196	202	1	Unique	32	1	1	1
196	202	1	Unique	63	1	1	1
199	203	0	Unique	0	1	1	1
199	203	0	Unique	16	1	1	1
199	203	0	Unique	31	1	1	1
199	203	1	Unique	0	1	1	1
199	203	1	Unique	16	1	1	1
199	203	1	Unique	31	1	1	1
203	204	0	Unique	0	1	1	1
203	204	0	Unique	16	1	1	1
203	204	0	Unique	31	1	1	1
203	204	1	Unique	0	1	1	1
203	204	1	Unique	16	1	1	1
203	204	1	Unique	31	1	1	1
201	205	0	General	0	32	32	1
201	205	0	General	32	32	32	1
201	205	0	General	63	32	32	1
201	205	1	General	0	64	64	1
201	205	1	General	16	64	64	1
201	205	1	General	31	64	64	1
202	206	0	Unique	0	1	1	1
202	206	0	Unique	32	1	1	1
202	206	0	Unique	63	1	1	1
202	206	1	Unique	0	1	1	1
202	206	1	Unique	32	1	1	1
202	206	1	Unique	63	1	1	1
204	206	0	General	0	64	64	1
204	206	0	General	16	64	64	1
204	206	0	General	31	64	64	1
204	206	1	General	0	32	32	1
204	206	1	General	32	32	32	1
204	206	1	General	63	32	32	1
205	206	0	General	0	64	64	1
205	206	0	General	16	64	64	1
205	206	0	General	31	64	64	1
205	206	1	General	0	32	32	1
205	206	1	General	32	32	32	1
205	206	1	General	63	32	32	1
192	207	0	Unique	0	1	1	1
192	207	0	Unique	64	1	1	1
192	207	0	Unique	127	1	1	1
192	207	1	Unique	0	1	1	1
192	207	1	Unique	256	0	0	1
192	207	1	Unique	511	0	0	1
206	207	0	General	0	512	512	1
206	207	0	General	32	512	512	1
206	207	0	General	63	512	512	1
206	207	1	General	0	64	64	1
206	207	1	General	256	64	64	1
206	207	1	General	511	64	64	1
192	208	0	Unique	0	1	1	1
192	208	0	Unique	64	1	1	1
192	208	0	Unique	127	1	1	1
192	208	1	Unique	0	1	1	1
192	208	1	Unique	64	1	1	1
192	208	1	Unique	127	1	1	1
207	208	0	Unique	0	1	1	1
207	208	0	Unique	256	1	1	1
207	208	0	Unique	511	1	1	1
207	208	1	General	0	4	4	1
207	208	1	General	64	4	4	1
207	208	1	General	127	4	4	1
208	209	0	General	0	4	4	1
208	209	0	General	64	4	4	1
208	209	0	General	127	4	4	1
208	209	1	General	0	128	128	1
208	209	1	General	2	128	128	1
208	209	1	General	3	128	128	1
209	210	0	General	0	1536	1536	1
209	210	0	General	2	1536	1536	1
209	210	0	General	3	1536	1536	1
209	210	1	General	0	4	4	1
209	210	1	General	768	4	4	1
209	210	1	General	1535	4	4	1
210	211	0	Unique	0	1	1	1
210	211	0	Unique	768	1	1	1
210	211	0	Unique	1535	1	1	1
210	211	1	General	0	4	4	1
210	211	1	General	192	4	4	1
210	211	1	General	383	4	4	1
209	212	0	General	0	1536	1536	1
209	212	0	General	2	1536	1536	1
209	212	0	General	3	1536	1536	1
209	212	1	General	0	4	4	1
209	212	1	General	768	4	4	1
209	212	1	General	1535	4	4	1
212	213	0	Unique	0	1	1	1
212	213	0	Unique	768	1	1	1
212	213	0	Unique	1535	1	1	1
212	213	1	General	0	4	4	1
212	213	1	General	192	4	4	1
212	213	1	General	383	4	4	1
211	214	0	General	0	4	4	1
211	214	0	General	192	4	4	1
211	214	0	General	383	4	4	1
211	214	1	General	0	384	384	1
211	214	1	General	2	384	384	1
211	214	1	General	3	384	384	1
213	214	0	General	0	4	4	1
213	214	0	General	192	4	4	1
213	214	0	General	383	4	4	1
213	214	1	General	0	384	384	1
213	214	1	General	2	384	384	1
213	214	1	General	3	384	384	1
208	215	0	Unique	0	1	1	1
208	215	0	Unique	64	1	1	1
208	215	0	Unique	127	1	1	1
208	215	1	Unique	0	1	1	1
208	215	1	Unique	256	0	0	1
208	215	1	Unique	511	0	0	1
214	215	0	General	0	512	512	1
214	215	0	General	2	512	512	1
214	215	0	General	3	512	512	1
214	215	1	General	0	4	4	1
214	215	1	General	256	4	4	1
214	215	1	General	511	4	4	1
208	216	0	Unique	0	1	1	1
208	216	0	Unique	64	1	1	1
208	216	0	Unique	127	1	1	1
208	216	1	Unique	0	1	1	1
208	216	1	Unique	64	1	1	1
208	216	1	Unique	127	1	1	1
215	216	0	Unique	0	1	1	1
215	216	0	Unique	256	1	1	1
215	216	0	Unique	511	1	1	1
215	216	1	General	0	4	4	1
215	216	1	General	64	4	4	1
215	216	1	General	127	4	4	1
216	217	0	General	0	4	4	1
216	217	0	General	64	4	4	1
216	217	0	General	127	4	4	1
216	217	1	General	0	128	128	1
216	217	1	General	2	128	128	1
216	217	1	General	3	128	128	1
217	218	0	General	0	512	512	1
217	218	0	General	2	512	512	1
217	218	0	General	3	512	512	1
217	218	1	General	0	4	4	1
217	218	1	General	256	4	4	1
217	218	1	General	511	4	4	1
218	219	0	Unique	0	1	1	1
218	219	0	Unique	256	1	1	1
218	219	0	Unique	511	1	1	1
218	219	1	General	0	4	4	1
218	219	1	General	64	4	4	1
218	219	1	General	127	4	4	1
219	220	0	General	0	64	64	1
219	220	0	General	64	64	64	1
219	220	0	General	127	64	64	1
219	220	1	General	0	128	128	1
219	220	1	General	32	128	128	1
219	220	1	General	63	128	128	1
217	221	0	General	0	256	256	1
217	221	0	General	2	256	256	1
217	221	0	General	3	256	256	1
217	221	1	General	0	4	4	1
217	221	1	General	128	4	4	1
217	221	1	General	255	4	4	1
221	222	0	Unique	0	1	1	1
221	222	0	Unique	128	1	1	1
221	222	0	Unique	255	1	1	1
221	222	1	General	0	4	4	1
221	222	1	General	32	4	4	1
221	222	1	General	63	4	4	1
222	223	0	General	0	32	32	1
222	223	0	General	32	32	32	1
222	223	0	General	63	32	32	1
222	223	1	General	0	64	64	1
222	223	1	General	16	64	64	1
222	223	1	General	31	64	64	1
217	224	0	General	0	256	256	1
217	224	0	General	2	256	256	1
217	224	0	General	3	256	256	1
217	224	1	General	0	4	4	1
217	224	1	General	128	4	4	1
217	224	1	General	255	4	4	1
224	225	0	Unique	0	1	1	1
224	225	0	Unique	128	1	1	1
224	225	0	Unique	255	1	1	1
224	225	1	General	0	4	4	1
224	225	1	General	32	4	4	1
224	225	1	General	63	4	4	1
220	226	0	Unique	0	1	1	1
220	226	0	Unique	32	1	1	1
220	226	0	Unique	63	1	1	1
220	226	1	Unique	0	1	1	1
220	226	1	Unique	32	1	1	1
220	226	1	Unique	63	1	1	1
223	227	0	Unique	0	1	1	1
223	227	0	Unique	16	1	1	1
223	227	0	Unique	31	1	1	1
223	227	1	Unique	0	1	1	1
223	227	1	Unique	16	1	1	1
223	227	1	Unique	31	1	1	1
227	228	0	Unique	0	1	1	1
227	228	0	Unique	16	1	1	1
227	228	0	Unique	31	1	1	1
227	228	1	Unique	0	1	1	1
227	228	1	Unique	16	1	1	1
227	228	1	Unique	31	1	1	1
225	229	0	General	0	32	32	1
225	229	0	General	32	32	32	1
225	229	0	General	63	32	32	1
225	229	1	General	0	64	64	1
225	229	1	General	16	64	64	1
225	229	1	General	31	64	64	1
226	230	0	Unique	0	1	1	1
226	230	0	Unique	32	1	1	1
226	230	0	Unique	63	1	1	1
226	230	1	Unique	0	1	1	1
226	230	1	Unique	32	1	1	1
226	230	1	Unique	63	1	1	1
228	230	0	General	0	64	64	1
228	230	0	General	16	64	64	1
228	230	0	General	31	64	64	1
228	230	1	General	0	32	32	1
228	230	1	General	32	32	32	1
228	230	1	General	63	32	32	1
229	230	0	General	0	64	64	1
229	230	0	General	16	64	64	1
229	230	0	General	31	64	64	1
229	230	1	General	0	32	32	1
229	230	1	General	32	32	32	1
229	230	1	General	63	32	32	1
216	231	0	Unique	0	1	1	1
216	231	0	Unique	64	1	1	1
216	231	0	Unique	127	1	1	1
216	231	1	Unique	0	1	1	1
216	231	1	Unique	256	0	0	1
216	231	1	Unique	511	0	0	1
230	231	0	General	0	512	512	1
230	231	0	General	32	512	512	1
230	231	0	General	63	512	512	1
230	231	1	General	0	64	64	1
230	231	1	General	256	64	64	1
230	231	1	General	511	64	64	1
216	232	0	Unique	0	1	1	1
216	232	0	Unique	64	1	1	1
216	232	0	Unique	127	1	1	1
216	232	1	Unique	0	1	1	1
216	232	1	Unique	64	1	1	1
216	232	1	Unique	127	1	1	1
231	232	0	Unique	0	1	1	1
231	232	0	Unique	256	1	1	1
231	232	0	Unique	511	1	1	1
231	232	1	General	0	4	4	1
231	232	1	General	64	4	4	1
231	232	1	General	127	4	4	1
232	233	0	General	0	4	4	1
232	233	0	General	64	4	4	1
232	233	0	General	127	4	4	1
232	233	1	General	0	128	128	1
232	233	1	General	2	128	128	1
232	233	1	General	3	128	128	1
233	234	0	General	0	1536	1536	1
233	234	0	General	2	1536	1536	1
233	234	0	General	3	1536	1536	1
233	234	1	General	0	4	4	1
233	234	1	General	768	4	4	1
233	234	1	General	1535	4	4	1
234	235	0	Unique	0	1	1	1
234	235	0	Unique	768	1	1	1
234	235	0	Unique	1535	1	1	1
234	235	1	General	0	4	4	1
234	235	1	General	192	4	4	1
234	235	1	General	383	4	4	1
233	236	0	General	0	1536	1536	1
233	236	0	General	2	1536	1536	1
233	236	0	General	3	1536	1536	1
233	236	1	General	0	4	4	1
233	236	1	General	768	4	4	1
233	236	1	General	1535	4	4	1
236	237	0	Unique	0	1	1	1
236	237	0	Unique	768	1	1	1
236	237	0	Unique	1535	1	1	1
236	237	1	General	0	4	4	1
236	237	1	General	192	4	4	1
236	237	1	General	383	4	4	1
235	238	0	General	0	4	4	1
235	238	0	General	192	4	4	1
235	238	0	General	383	4	4	1
235	238	1	General	0	384	384	1
235	238	1	General	2	384	384	1
235	238	1	General	3	384	384	1
237	238	0	General	0	4	4	1
237	238	0	General	192	4	4	1
237	238	0	General	383	4	4	1
237	238	1	General	0	384	384	1
237	238	1	General	2	384	384	1
237	238	1	General	3	384	384	1
232	239	0	Unique	0	1	1	1
232	239	0	Unique	64	1	1	1
232	239	0	Unique	127	1	1	1
232	239	1	Unique	0	1	1	1
232	239	1	Unique	256	0	0	1
232	239	1	Unique	511	0	0	1
238	239	0	General	0	512	512	1
238	239	0	General	2	512	512	1
238	239	0	General	3	512	512	1
238	239	1	General	0	4	4	1
238	239	1	General	256	4	4	1
238	239	1	General	511	4	4	1
232	240	0	Unique	0	1	1	1
232	240	0	Unique	64	1	1	1
232	240	0	Unique	127	1	1	1
232	240	1	Unique	0	1	1	1
232	240	1	Unique	64	1	1	1
232	240	1	Unique	127	1	1	1
239	240	0	Unique	0	1	1	1
239	240	0	Unique	256	1	1	1
239	240	0	Unique	511	1	1	1
239	240	1	General	0	4	4	1
239	240	1	General	64	4	4	1
239	240	1	General	127	4	4	1
240	241	0	General	0	4	4	1
240	241	0	General	64	4	4	1
240	241	0	General	127	4	4	1
240	241	1	General	0	128	128	1
240	241	1	General	2	128	128	1
240	241	1	General	3	128	128	1
241	242	0	General	0	512	512	1
241	242	0	General	2	512	512	1
241	242	0	General	3	512	512	1
241	242	1	General	0	4	4	1
241	242	1	General	256	4	4	1
241	242	1	General	511	4	4	1
242	243	0	Unique	0	1	1	1
242	243	0	Unique	256	1	1	1
242	243	0	Unique	511	1	1	1
242	243	1	General	0	4	4	1
242	243	1	General	64	4	4	1
242	243	1	General	127	4	4	1
243	244	0	General	0	64	64	1
243	244	0	General	64	64	64	1
243	244	0	General	127	64	64	1
243	244	1	General	0	128	128	1
243	244	1	General	32	128	128	1
243	244	1	General	63	128	128	1
241	245	0	General	0	256	256	1
241	245	0	General	2	256	256	1
241	245	0	General	3	256	256	1
241	245	1	General	0	4	4	1
241	245	1	General	128	4	4	1
241	245	1	General	255	4	4	1
245	246	0	Unique	0	1	1	1
245	246	0	Unique	128	1	1	1
245	246	0	Unique	255	1	1	1
245	246	1	General	0	4	4	1
245	246	1	General	32	4	4	1
245	246	1	General	63	4	4	1
246	247	0	General	0	32	32	1
246	247	0	General	32	32	32	1
246	247	0	General	63	32	32	1
246	247	1	General	0	64	64	1
246	247	1	General	16	64	64	1
246	247	1	General	31	64	64	1
241	248	0	General	0	256	256	1
241	248	0	General	2	256	256	1
241	248	0	General	3	256	256	1
241	248	1	General	0	4	4	1
241	248	1	General	128	4	4	1
241	248	1	General	255	4	4	1
248	249	0	Unique	0	1	1	1
248	249	0	Unique	128	1	1	1
248	249	0	Unique	255	1	1	1
248	249	1	General	0	4	4	1
248	249	1	General	32	4	4	1
248	249	1	General	63	4	4	1
244	250	0	Unique	0	1	1	1
244	250	0	Unique	32	1	1	1
244	250	0	Unique	63	1	1	1
244	250	1	Unique	0	1	1	1
244	250	1	Unique	32	1	1	1
244	250	1	Unique	63	1	1	1
247	251	0	Unique	0	1	1	1
247	251	0	Unique	16	1	1	1
247	251	0	Unique	31	1	1	1
247	251	1	Unique	0	1	1	1
247	251	1	Unique	16	1	1	1
247	251	1	Unique	31	1	1	1
251	252	0	Unique	0	1	1	1
251	252	0	Unique	16	1	1	1
251	252	0	Unique	31	1	1	1
251	252	1	Unique	0	1	1	1
251	252	1	Unique	16	1	1	1
251	252	1	Unique	31	1	1	1
249	253	0	General	0	32	32	1
249	253	0	General	32	32	32	1
249	253	0	General	63	32	32	1
249	253	1	General	0	64	64	1
249	253	1	General	16	64	64	1
249	253	1	General	31	64	64	1
250	254	0	Unique	0	1	1	1
250	254	0	Unique	32	1	1	1
250	254	0	Unique	63	1	1	1
250	254	1	Unique	0	1	1	1
250	254	1	Unique	32	1	1	1
250	254	1	Unique	63	1	1	1
252	254	0	General	0	64	64	1
252	254	0	General	16	64	64	1
252	254	0	General	31	64	64	1
252	254	1	General	0	32	32	1
252	254	1	General	32	32	32	1
252	254	1	General	63	32	32	1
253	254	0	General	0	64	64	1
253	254	0	General	16	64	64	1
253	254	0	General	31	64	64	1
253	254	1	General	0	32	32	1
253	254	1	General	32	32	32	1
253	254	1	General	63	32	32	1
240	255	0	Unique	0	1	1	1
240	255	0	Unique	64	1	1	1
240	255	0	Unique	127	1	1	1
240	255	1	Unique	0	1	1	1
240	255	1	Unique	256	0	0	1
240	255	1	Unique	511	0	0	1
254	255	0	General	0	512	512	1
254	255	0	General	32	512	512	1
254	255	0	General	63	512	512	1
254	255	1	General	0	64	64	1
254	255	1	General	256	64	64	1
254	255	1	General	511	64	64	1
240	256	0	Unique	0	1	1	1
240	256	0	Unique	64	1	1	1
240	256	0	Unique	127	1	1	1
240	256	1	Unique	0	1	1	1
240	256	1	Unique	64	1	1	1
240	256	1	Unique	127	1	1	1
255	256	0	Unique	0	1	1	1
255	256	0	Unique	256	1	1	1
255	256	0	Unique	511	1	1	1
255	256	1	General	0	4	4	1
255	256	1	General	64	4	4	1
255	256	1	General	127	4	4	1
256	257	0	General	0	4	4	1
256	257	0	General	64	4	4	1
256	257	0	General	127	4	4	1
256	257	1	General	0	128	128	1
256	257	1	General	2	128	128	1
256	257	1	General	3	128	128	1
257	258	0	General	0	1536	1536	1
257	258	0	General	2	1536	1536	1
257	258	0	General	3	1536	1536	1
257	258	1	General	0	4	4	1
257	258	1	General	768	4	4	1
257	258	1	General	1535	4	4	1
258	259	0	Unique	0	1	1	1
258	259	0	Unique	768	1	1	1
258	259	0	Unique	1535	1	1	1
258	259	1	General	0	4	4	1
258	259	1	General	192	4	4	1
258	259	1	General	383	4	4	1
257	260	0	General	0	1536	1536	1
257	260	0	General	2	1536	1536	1
257	260	0	General	3	1536	1536	1
257	260	1	General	0	4	4	1
257	260	1	General	768	4	4	1
257	260	1	General	1535	4	4	1
260	261	0	Unique	0	1	1	1
260	261	0	Unique	768	1	1	1
260	261	0	Unique	1535	1	1	1
260	261	1	General	0	4	4	1
260	261	1	General	192	4	4	1
260	261	1	General	383	4	4	1
259	262	0	General	0	4	4	1
259	262	0	General	192	4	4	1
259	262	0	General	383	4	4	1
259	262	1	General	0	384	384	1
259	262	1	General	2	384	384	1
259	262	1	General	3	384	384	1
261	262	0	General	0	4	4	1
261	262	0	General	192	4	4	1
261	262	0	General	383	4	4	1
261	262	1	General	0	384	384	1
261	262	1	General	2	384	384	1
261	262	1	General	3	384	384	1
256	263	0	Unique	0	1	1	1
256	263	0	Unique	64	1	1	1
256	263	0	Unique	127	1	1	1
256	263	1	Unique	0	1	1	1
256	263	1	Unique	256	0	0	1
256	263	1	Unique	511	0	0	1
262	263	0	General	0	512	512	1
262	263	0	General	2	512	512	1
262	263	0	General	3	512	512	1
262	263	1	General	0	4	4	1
262	263	1	General	256	4	4	1
262	263	1	General	511	4	4	1
256	264	0	Unique	0	1	1	1
256	264	0	Unique	64	1	1	1
256	264	0	Unique	127	1	1	1
256	264	1	Unique	0	1	1	1
256	264	1	Unique	64	1	1	1
256	264	1	Unique	127	1	1	1
263	264	0	Unique	0	1	1	1
263	264	0	Unique	256	1	1	1
263	264	0	Unique	511	1	1	1
263	264	1	General	0	4	4	1
263	264	1	General	64	4	4	1
263	264	1	General	127	4	4	1
264	265	0	General	0	4	4	1
264	265	0	General	64	4	4	1
264	265	0	General	127	4	4	1
264	265	1	General	0	128	128	1
264	265	1	General	2	128	128	1
264	265	1	General	3	128	128	1
265	266	0	General	0	512	512	1
265	266	0	General	2	512	512	1
265	266	0	General	3	512	512	1
265	266	1	General	0	4	4	1
265	266	1	General	256	4	4	1
265	266	1	General	511	4	4	1
266	267	0	Unique	0	1	1	1
266	267	0	Unique	256	1	1	1
266	267	0	Unique	511	1	1	1
266	267	1	General	0	4	4	1
266	267	1	General	64	4	4	1
266	267	1	General	127	4	4	1
267	268	0	General	0	64	64	1
267	268	0	General	64	64	64	1
267	268	0	General	127	64	64	1
267	268	1	General	0	128	128	1
267	268	1	General	32	128	128	1
267	268	1	General	63	128	128	1
265	269	0	General	0	256	256	1
265	269	0	General	2	256	256	1
265	269	0	General	3	256	256	1
265	269	1	General	0	4	4	1
265	269	1	General	128	4	4	1
265	269	1	General	255	4	4	1
269	270	0	Unique	0	1	1	1
269	270	0	Unique	128	1	1	1
269	270	0	Unique	255	1	1	1
269	270	1	General	0	4	4	1
269	270	1	General	32	4	4	1
269	270	1	General	63	4	4	1
270	271	0	General	0	32	32	1
270	271	0	General	32	32	32	1
270	271	0	General	63	32	32	1
270	271	1	General	0	64	64	1
270	271	1	General	16	64	64	1
270	271	1	General	31	64	64	1
265	272	0	General	0	256	256	1
265	272	0	General	2	256	256	1
265	272	0	General	3	256	256	1
265	272	1	General	0	4	4	1
265	272	1	General	128	4	4	1
265	272	1	General	255	4	4	1
272	273	0	Unique	0	1	1	1
272	273	0	Unique	128	1	1	1
272	273	0	Unique	255	1	1	1
272	273	1	General	0	4	4	1
272	273	1	General	32	4	4	1
272	273	1	General	63	4	4	1
268	274	0	Unique	0	1	1	1
268	274	0	Unique	32	1	1	1
268	274	0	Unique	63	1	1	1
268	274	1	Unique	0	1	1	1
268	274	1	Unique	32	1	1	1
268	274	1	Unique	63	1	1	1
271	275	0	Unique	0	1	1	1
271	275	0	Unique	16	1	1	1
271	275	0	Unique	31	1	1	1
271	275	1	Unique	0	1	1	1
271	275	1	Unique	16	1	1	1
271	275	1	Unique	31	1	1	1
275	276	0	Unique	0	1	1	1
275	276	0	Unique	16	1	1	1
275	276	0	Unique	31	1	1	1
275	276	1	Unique	0	1	1	1
275	276	1	Unique	16	1	1	1
275	276	1	Unique	31	1	1	1
273	277	0	General	0	32	32	1
273	277	0	General	32	32	32	1
273	277	0	General	63	32	32	1
273	277	1	General	0	64	64	1
273	277	1	General	16	64	64	1
273	277	1	General	31	64	64	1
274	278	0	Unique	0	1	1	1
274	278	0	Unique	32	1	1	1
274	278	0	Unique	63	1	1	1
274	278	1	Unique	0	1	1	1
274	278	1	Unique	32	1	1	1
274	278	1	Unique	63	1	1	1
276	278	0	General	0	64	64	1
276	278	0	General	16	64	64	1
276	278	0	General	31	64	64	1
276	278	1	General	0	32	32	1
276	278	1	General	32	32	32	1
276	278	1	General	63	32	32	1
277	278	0	General	0	64	64	1
277	278	0	General	16	64	64	1
277	278	0	General	31	64	64	1
277	278	1	General	0	32	32	1
277	278	1	General	32	32	32	1
277	278	1	General	63	32	32	1
264	279	0	Unique	0	1	1	1
264	279	0	Unique	64	1	1	1
264	279	0	Unique	127	1	1	1
264	279	1	Unique	0	1	1	1
264	279	1	Unique	256	0	0	1
264	279	1	Unique	511	0	0	1
278	279	0	General	0	512	512	1
278	279	0	General	32	512	512	1
278	279	0	General	63	512	512	1
278	279	1	General	0	64	64	1
278	279	1	General	256	64	64	1
278	279	1	General	511	64	64	1
264	280	0	Unique	0	1	1	1
264	280	0	Unique	64	1	1	1
264	280	0	Unique	127	1	1	1
264	280	1	Unique	0	1	1	1
264	280	1	Unique	64	1	1	1
264	280	1	Unique	127	1	1	1
279	280	0	Unique	0	1	1	1
279	280	0	Unique	256	1	1	1
279	280	0	Unique	511	1	1	1
279	280	1	General	0	4	4	1
279	280	1	General	64	4	4	1
279	280	1	General	127	4	4	1
280	281	0	General	0	4	4	1
280	281	0	General	64	4	4	1
280	281	0	General	127	4	4	1
280	281	1	General	0	128	128	1
280	281	1	General	2	128	128	1
280	281	1	General	3	128	128	1
281	282	0	General	0	1536	1536	1
281	282	0	General	2	1536	1536	1
281	282	0	General	3	1536	1536	1
281	282	1	General	0	4	4	1
281	282	1	General	768	4	4	1
281	282	1	General	1535	4	4	1
282	283	0	Unique	0	1	1	1
282	283	0	Unique	768	1	1	1
282	283	0	Unique	1535	1	1	1
282	283	1	General	0	4	4	1
282	283	1	General	192	4	4	1
282	283	1	General	383	4	4	1
281	284	0	General	0	1536	1536	1
281	284	0	General	2	1536	1536	1
281	284	0	General	3	1536	1536	1
281	284	1	General	0	4	4	1
281	284	1	General	768	4	4	1
281	284	1	General	1535	4	4	1
284	285	0	Unique	0	1	1	1
284	285	0	Unique	768	1	1	1
284	285	0	Unique	1535	1	1	1
284	285	1	General	0	4	4	1
284	285	1	General	192	4	4	1
284	285	1	General	383	4	4	1
283	286	0	General	0	4	4	1
283	286	0	General	192	4	4	1
283	286	0	General	383	4	4	1
283	286	1	General	0	384	384	1
283	286	1	General	2	384	384	1
283	286	1	General	3	384	384	1
285	286	0	General	0	4	4	1
285	286	0	General	192	4	4	1
285	286	0	General	383	4	4	1
285	286	1	General	0	384	384	1
285	286	1	General	2	384	384	1
285	286	1	General	3	384	384	1
280	287	0	Unique	0	1	1	1
280	287	0	Unique	64	1	1	1
280	287	0	Unique	127	1	1	1
280	287	1	Unique	0	1	1	1
280	287	1	Unique	256	0	0	1
280	287	1	Unique	511	0	0	1
286	287	0	General	0	512	512	1
286	287	0	General	2	512	512	1
286	287	0	General	3	512	512	1
286	287	1	General	0	4	4	1
286	287	1	General	256	4	4	1
286	287	1	General	511	4	4	1
280	288	0	Unique	0	1	1	1
280	288	0	Unique	64	1	1	1
280	288	0	Unique	127	1	1	1
280	288	1	Unique	0	1	1	1
280	288	1	Unique	64	1	1	1
280	288	1	Unique	127	1	1	1
287	288	0	Unique	0	1	1	1
287	288	0	Unique	256	1	1	1
287	288	0	Unique	511	1	1	1
287	288	1	General	0	4	4	1
287	288	1	General	64	4	4	1
287	288	1	General	127	4	4	1
288	289	0	General	0	4	4	1
288	289	0	General	64	4	4	1
288	289	0	General	127	4	4	1
288	289	1	General	0	128	128	1
288	289	1	General	2	128	128	1
288	289	1	General	3	128	128	1
289	290	0	General	0	512	512	1
289	290	0	General	2	512	512	1
289	290	0	General	3	512	512	1
289	290	1	General	0	4	4	1
289	290	1	General	256	4	4	1
289	290	1	General	511	4	4	1
290	291	0	Unique	0	1	1	1
290	291	0	Unique	256	1	1	1
290	291	0	Unique	511	1	1	1
290	291	1	General	0	4	4	1
290	291	1	General	64	4	4	1
290	291	1	General	127	4	4	1
291	292	0	General	0	64	64	1
291	292	0	General	64	64	64	1
291	292	0	General	127	64	64	1
291	292	1	General	0	128	128	1
291	292	1	General	32	128	128	1
291	292	1	General	63	128	128	1
289	293	0	General	0	256	256	1
289	293	0	General	2	256	256	1
289	293	0	General	3	256	256	1
289	293	1	General	0	4	4	1
289	293	1	General	128	4	4	1
289	293	1	General	255	4	4	1
293	294	0	Unique	0	1	1	1
293	294	0	Unique	128	1	1	1
293	294	0	Unique	255	1	1	1
293	294	1	General	0	4	4	1
293	294	1	General	32	4	4	1
293	294	1	General	63	4	4	1
294	295	0	General	0	32	32	1
294	295	0	General	32	32	32	1
294	295	0	General	63	32	32	1
294	295	1	General	0	64	64	1
294	295	1	General	16	64	64	1
294	295	1	General	31	64	64	1
289	296	0	General	0	256	256	1
289	296	0	General	2	256	256	1
289	296	0	General	3	256	256	1
289	296	1	General	0	4	4	1
289	296	1	General	128	4	4	1
289	296	1	General	255	4	4	1
296	297	0	Unique	0	1	1	1
296	297	0	Unique	128	1	1	1
296	297	0	Unique	255	1	1	1
296	297	1	General	0	4	4	1
296	297	1	General	32	4	4	1
296	297	1	General	63	4	4	1
292	298	0	Unique	0	1	1	1
292	298	0	Unique	32	1	1	1
292	298	0	Unique	63	1	1	1
292	298	1	Unique	0	1	1	1
292	298	1	Unique	32	1	1	1
292	298	1	Unique	63	1	1	1
295	299	0	Unique	0	1	1	1
295	299	0	Unique	16	1	1	1
295	299	0	Unique	31	1	1	1
295	299	1	Unique	0	1	1	1
295	299	1	Unique	16	1	1	1
295	299	1	Unique	31	1	1	1
299	300	0	Unique	0	1	1	1
299	300	0	Unique	16	1	1	1
299	300	0	Unique	31	1	1	1
299	300	1	Unique	0	1	1	1
299	300	1	Unique	16	1	1	1
299	300	1	Unique	31	1	1	1
297	301	0	General	0	32	32	1
297	301	0	General	32	32	32	1
297	301	0	General	63	32	32	1
297	301	1	General	0	64	64	1
297	301	1	General	16	64	64	1
297	301	1	General	31	64	64	1
298	302	0	Unique	0	1	1	1
298	302	0	Unique	32	1	1	1
298	302	0	Unique	63	1	1	1
298	302	1	Unique	0	1	1	1
298	302	1	Unique	32	1	1	1
298	302	1	Unique	63	1	1	1
300	302	0	General	0	64	64	1
300	302	0	General	16	64	64	1
300	302	0	General	31	64	64	1
300	302	1	General	0	32	32	1
300	302	1	General	32	32	32	1
300	302	1	General	63	32	32	1
301	302	0	General	0	64	64	1
301	302	0	General	16	64	64	1
301	302	0	General	31	64	64	1
301	302	1	General	0	32	32	1
301	302	1	General	32	32	32	1
301	302	1	General	63	32	32	1
288	303	0	Unique	0	1	1	1
288	303	0	Unique	64	1	1	1
288	303	0	Unique	127	1	1	1
288	303	1	Unique	0	1	1	1
288	303	1	Unique	256	0	0	1
288	303	1	Unique	511	0	0	1
302	303	0	General	0	512	512	1
302	303	0	General	32	512	512	1
302	303	0	General	63	512	512	1
302	303	1	General	0	64	64	1
302	303	1	General	256	64	64	1
302	303	1	General	511	64	64	1
288	304	0	Unique	0	1	1	1
288	304	0	Unique	64	1	1	1
288	304	0	Unique	127	1	1	1
288	304	1	Unique	0	1	1	1
288	304	1	Unique	64	1	1	1
288	304	1	Unique	127	1	1	1
303	304	0	Unique	0	1	1	1
303	304	0	Unique	256	1	1	1
303	304	0	Unique	511	1	1	1
303	304	1	General	0	4	4	1
303	304	1	General	64	4	4	1
303	304	1	General	127	4	4	1
304	305	0	General	0	4	4	1
304	305	0	General	64	4	4	1
304	305	0	General	127	4	4	1
304	305	1	General	0	128	128	1
304	305	1	General	2	128	128	1
304	305	1	General	3	128	128	1
305	306	0	General	0	1536	1536	1
305	306	0	General	2	1536	1536	1
305	306	0	General	3	1536	1536	1
305	306	1	General	0	4	4	1
305	306	1	General	768	4	4	1
305	306	1	General	1535	4	4	1
306	307	0	Unique	0	1	1	1
306	307	0	Unique	768	1	1	1
306	307	0	Unique	1535	1	1	1
306	307	1	General	0	4	4	1
306	307	1	General	192	4	4	1
306	307	1	General	383	4	4	1
305	308	0	General	0	1536	1536	1
305	308	0	General	2	1536	1536	1
305	308	0	General	3	1536	1536	1
305	308	1	General	0	4	4	1
305	308	1	General	768	4	4	1
305	308	1	General	1535	4	4	1
308	309	0	Unique	0	1	1	1
308	309	0	Unique	768	1	1	1
308	309	0	Unique	1535	1	1	1
308	309	1	General	0	4	4	1
308	309	1	General	192	4	4	1
308	309	1	General	383	4	4	1
307	310	0	General	0	4	4	1
307	310	0	General	192	4	4	1
307	310	0	General	383	4	4	1
307	310	1	General	0	384	384	1
307	310	1	General	2	384	384	1
307	310	1	General	3	384	384	1
309	310	0	General	0	4	4	1
309	310	0	General	192	4	4	1
309	310	0	General	383	4	4	1
309	310	1	General	0	384	384	1
309	310	1	General	2	384	384	1
309	310	1	General	3	384	384	1
304	311	0	Unique	0	1	1	1
304	311	0	Unique	64	1	1	1
304	311	0	Unique	127	1	1	1
304	311	1	Unique	0	1	1	1
304	311	1	Unique	256	0	0	1
304	311	1	Unique	511	0	0	1
310	311	0	General	0	512	512	1
310	311	0	General	2	512	512	1
310	311	0	General	3	512	512	1
310	311	1	General	0	4	4	1
310	311	1	General	256	4	4	1
310	311	1	General	511	4	4	1
304	312	0	Unique	0	1	1	1
304	312	0	Unique	64	1	1	1
304	312	0	Unique	127	1	1	1
304	312	1	Unique	0	1	1	1
304	312	1	Unique	64	1	1	1
304	312	1	Unique	127	1	1	1
311	312	0	Unique	0	1	1	1
311	312	0	Unique	256	1	1	1
311	312	0	Unique	511	1	1	1
311	312	1	General	0	4	4	1
311	312	1	General	64	4	4	1
311	312	1	General	127	4	4	1
312	313	0	General	0	4	4	1
312	313	0	General	64	4	4	1
312	313	0	General	127	4	4	1
312	313	1	General	0	128	128	1
312	313	1	General	2	128	128	1
312	313	1	General	3	128	128	1
313	314	0	General	0	512	512	1
313	314	0	General	2	512	512	1
313	314	0	General	3	512	512	1
313	314	1	General	0	4	4	1
313	314	1	General	256	4	4	1
313	314	1	General	511	4	4	1
314	315	0	Unique	0	1	1	1
314	315	0	Unique	256	1	1	1
314	315	0	Unique	511	1	1	1
314	315	1	General	0	4	4	1
314	315	1	General	64	4	4	1
314	315	1	General	127	4	4	1
315	316	0	General	0	64	64	1
315	316	0	General	64	64	64	1
315	316	0	General	127	64	64	1
315	316	1	General	0	128	128	1
315	316	1	General	32	128	128	1
315	316	1	General	63	128	128	1
313	317	0	General	0	256	256	1
313	317	0	General	2	256	256	1
313	317	0	General	3	256	256	1
313	317	1	General	0	4	4	1
313	317	1	General	128	4	4	1
313	317	1	General	255	4	4	1
317	318	0	Unique	0	1	1	1
317	318	0	Unique	128	1	1	1
317	318	0	Unique	255	1	1	1
317	318	1	General	0	4	4	1
317	318	1	General	32	4	4	1
317	318	1	General	63	4	4	1
318	319	0	General	0	32	32	1
318	319	0	General	32	32	32	1
318	319	0	General	63	32	32	1
318	319	1	General	0	64	64	1
318	319	1	General	16	64	64	1
318	319	1	General	31	64	64	1
313	320	0	General	0	256	256	1
313	320	0	General	2	256	256	1
313	320	0	General	3	256	256	1
313	320	1	General	0	4	4	1
313	320	1	General	128	4	4	1
313	320	1	General	255	4	4	1
320	321	0	Unique	0	1	1	1
320	321	0	Unique	128	1	1	1
320	321	0	Unique	255	1	1	1
320	321	1	General	0	4	4	1
320	321	1	General	32	4	4	1
320	321	1	General	63	4	4	1
316	322	0	Unique	0	1	1	1
316	322	0	Unique	32	1	1	1
316	322	0	Unique	63	1	1	1
316	322	1	Unique	0	1	1	1
316	322	1	Unique	32	1	1	1
316	322	1	Unique	63	1	1	1
319	323	0	Unique	0	1	1	1
319	323	0	Unique	16	1	1	1
319	323	0	Unique	31	1	1	1
319	323	1	Unique	0	1	1	1
319	323	1	Unique	16	1	1	1
319	323	1	Unique	31	1	1	1
323	324	0	Unique	0	1	1	1
323	324	0	Unique	16	1	1	1
323	324	0	Unique	31	1	1	1
323	324	1	Unique	0	1	1	1
323	324	1	Unique	16	1	1	1
323	324	1	Unique	31	1	1	1
321	325	0	General	0	32	32	1
321	325	0	General	32	32	32	1
321	325	0	General	63	32	32	1
321	325	1	General	0	64	64	1
321	325	1	General	16	64	64	1
321	325	1	General	31	64	64	1
322	326	0	Unique	0	1	1	1
322	326	0	Unique	32	1	1	1
322	326	0	Unique	63	1	1	1
322	326	1	Unique	0	1	1	1
322	326	1	Unique	32	1	1	1
322	326	1	Unique	63	1	1	1
324	326	0	General	0	64	64	1
324	326	0	General	16	64	64	1
324	326	0	General	31	64	64	1
324	326	1	General	0	32	32	1
324	326	1	General	32	32	32	1
324	326	1	General	63	32	32	1
325	326	0	General	0	64	64	1
325	326	0	General	16	64	64	1
325	326	0	General	31	64	64	1
325	326	1	General	0	32	32	1
325	326	1	General	32	32	32	1
325	326	1	General	63	32	32	1
312	327	0	Unique	0	1	1	1
312	327	0	Unique	64	1	1	1
312	327	0	Unique	127	1	1	1
312	327	1	Unique	0	1	1	1
312	327	1	Unique	256	0	0	1
312	327	1	Unique	511	0	0	1
326	327	0	General	0	512	512	1
326	327	0	General	32	512	512	1
326	327	0	General	63	512	512	1
326	327	1	General	0	64	64	1
326	327	1	General	256	64	64	1
326	327	1	General	511	64	64	1
312	328	0	Unique	0	1	1	1
312	328	0	Unique	64	1	1	1
312	328	0	Unique	127	1	1	1
312	328	1	Unique	0	1	1	1
312	328	1	Unique	64	1	1	1
312	328	1	Unique	127	1	1	1
327	328	0	Unique	0	1	1	1
327	328	0	Unique	256	1	1	1
327	328	0	Unique	511	1	1	1
327	328	1	General	0	4	4	1
327	328	1	General	64	4	4	1
327	328	1	General	127	4	4	1
328	329	0	General	0	4	4	1
328	329	0	General	64	4	4	1
328	329	0	General	127	4	4	1
328	329	1	General	0	128	128	1
328	329	1	General	2	128	128	1
328	329	1	General	3	128	128	1
329	330	0	General	0	1536	1536	1
329	330	0	General	2	1536	1536	1
329	330	0	General	3	1536	1536	1
329	330	1	General	0	4	4	1
329	330	1	General	768	4	4	1
329	330	1	General	1535	4	4	1
330	331	0	Unique	0	1	1	1
330	331	0	Unique	768	1	1	1
330	331	0	Unique	1535	1	1	1
330	331	1	General	0	4	4	1
330	331	1	General	192	4	4	1
330	331	1	General	383	4	4	1
329	332	0	General	0	1536	1536	1
329	332	0	General	2	1536	1536	1
329	332	0	General	3	1536	1536	1
329	332	1	General	0	4	4	1
329	332	1	General	768	4	4	1
329	332	1	General	1535	4	4	1
332	333	0	Unique	0	1	1	1
332	333	0	Unique	768	1	1	1
332	333	0	Unique	1535	1	1	1
332	333	1	General	0	4	4	1
332	333	1	General	192	4	4	1
332	333	1	General	383	4	4	1
331	334	0	General	0	4	4	1
331	334	0	General	192	4	4	1
331	334	0	General	383	4	4	1
331	334	1	General	0	384	384	1
331	334	1	General	2	384	384	1
331	334	1	General	3	384	384	1
333	334	0	General	0	4	4	1
333	334	0	General	192	4	4	1
333	334	0	General	383	4	4	1
333	334	1	General	0	384	384	1
333	334	1	General	2	384	384	1
333	334	1	General	3	384	384	1
328	335	0	Unique	0	1	1	1
328	335	0	Unique	64	1	1	1
328	335	0	Unique	127	1	1	1
328	335	1	Unique	0	1	1	1
328	335	1	Unique	256	0	0	1
328	335	1	Unique	511	0	0	1
334	335	0	General	0	512	512	1
334	335	0	General	2	512	512	1
334	335	0	General	3	512	512	1
334	335	1	General	0	4	4	1
334	335	1	General	256	4	4	1
334	335	1	General	511	4	4	1
328	336	0	Unique	0	1	1	1
328	336	0	Unique	64	1	1	1
328	336	0	Unique	127	1	1	1
328	336	1	Unique	0	1	1	1
328	336	1	Unique	64	1	1	1
328	336	1	Unique	127	1	1	1
335	336	0	Unique	0	1	1	1
335	336	0	Unique	256	1	1	1
335	336	0	Unique	511	1	1	1
335	336	1	General	0	4	4	1
335	336	1	General	64	4	4	1
335	336	1	General	127	4	4	1
336	337	0	General	0	4	4	1
336	337	0	General	64	4	4	1
336	337	0	General	127	4	4	1
336	337	1	General	0	128	128	1
336	337	1	General	2	128	128	1
336	337	1	General	3	128	128	1
337	338	0	General	0	512	512	1
337	338	0	General	2	512	512	1
337	338	0	General	3	512	512	1
337	338	1	General	0	4	4	1
337	338	1	General	256	4	4	1
337	338	1	General	511	4	4	1
338	339	0	Unique	0	1	1	1
338	339	0	Unique	256	1	1	1
338	339	0	Unique	511	1	1	1
338	339	1	General	0	4	4	1
338	339	1	General	64	4	4	1
338	339	1	General	127	4	4	1
339	340	0	General	0	64	64	1
339	340	0	General	64	64	64	1
339	340	0	General	127	64	64	1
339	340	1	General	0	128	128	1
339	340	1	General	32	128	128	1
339	340	1	General	63	128	128	1
337	341	0	General	0	256	256	1
337	341	0	General	2	256	256	1
337	341	0	General	3	256	256	1
337	341	1	General	0	4	4	1
337	341	1	General	128	4	4	1
337	341	1	General	255	4	4	1
341	342	0	Unique	0	1	1	1
341	342	0	Unique	128	1	1	1
341	342	0	Unique	255	1	1	1
341	342	1	General	0	4	4	1
341	342	1	General	32	4	4	1
341	342	1	General	63	4	4	1
342	343	0	General	0	32	32	1
342	343	0	General	32	32	32	1
342	343	0	General	63	32	32	1
342	343	1	General	0	64	64	1
342	343	1	General	16	64	64	1
342	343	1	General	31	64	64	1
337	344	0	General	0	256	256	1
337	344	0	General	2	256	256	1
337	344	0	General	3	256	256	1
337	344	1	General	0	4	4	1
337	344	1	General	128	4	4	1
337	344	1	General	255	4	4	1
344	345	0	Unique	0	1	1	1
344	345	0	Unique	128	1	1	1
344	345	0	Unique	255	1	1	1
344	345	1	General	0	4	4	1
344	345	1	General	32	4	4	1
344	345	1	General	63	4	4	1
340	346	0	Unique	0	1	1	1
340	346	0	Unique	32	1	1	1
340	346	0	Unique	63	1	1	1
340	346	1	Unique	0	1	1	1
340	346	1	Unique	32	1	1	1
340	346	1	Unique	63	1	1	1
343	347	0	Unique	0	1	1	1
343	347	0	Unique	16	1	1	1
343	347	0	Unique	31	1	1	1
343	347	1	Unique	0	1	1	1
343	347	1	Unique	16	1	1	1
343	347	1	Unique	31	1	1	1
347	348	0	Unique	0	1	1	1
347	348	0	Unique	16	1	1	1
347	348	0	Unique	31	1	1	1
347	348	1	Unique	0	1	1	1
347	348	1	Unique	16	1	1	1
347	348	1	Unique	31	1	1	1
345	349	0	General	0	32	32	1
345	349	0	General	32	32	32	1
345	349	0	General	63	32	32	1
345	349	1	General	0	64	64	1
345	349	1	General	16	64	64	1
345	349	1	General	31	64	64	1
346	350	0	Unique	0	1	1	1
346	350	0	Unique	32	1	1	1
346	350	0	Unique	63	1	1	1
346	350	1	Unique	0	1	1	1
346	350	1	Unique	32	1	1	1
346	350	1	Unique	63	1	1	1
348	350	0	General	0	64	64	1
348	350	0	General	16	64	64	1
348	350	0	General	31	64	64	1
348	350	1	General	0	32	32	1
348	350	1	General	32	32	32	1
348	350	1	General	63	32	32	1
349	350	0	General	0	64	64	1
349	350	0	General	16	64	64	1
349	350	0	General	31	64	64	1
349	350	1	General	0	32	32	1
349	350	1	General	32	32	32	1
349	350	1	General	63	32	32	1
336	351	0	Unique	0	1	1	1
336	351	0	Unique	64	1	1	1
336	351	0	Unique	127	1	1	1
336	351	1	Unique	0	1	1	1
336	351	1	Unique	256	0	0	1
336	351	1	Unique	511	0	0	1
350	351	0	General	0	512	512	1
350	351	0	General	32	512	512	1
350	351	0	General	63	512	512	1
350	351	1	General	0	64	64	1
350	351	1	General	256	64	64	1
350	351	1	General	511	64	64	1
336	352	0	Unique	0	1	1	1
336	352	0	Unique	64	1	1	1
336	352	0	Unique	127	1	1	1
336	352	1	Unique	0	1	1	1
336	352	1	Unique	64	1	1	1
336	352	1	Unique	127	1	1	1
351	352	0	Unique	0	1	1	1
351	352	0	Unique	256	1	1	1
351	352	0	Unique	511	1	1	1
351	352	1	General	0	4	4	1
351	352	1	General	64	4	4	1
351	352	1	General	127	4	4	1
352	353	0	General	0	4	4	1
352	353	0	General	64	4	4	1
352	353	0	General	127	4	4	1
352	353	1	General	0	128	128	1
352	353	1	General	2	128	128	1
352	353	1	General	3	128	128	1
353	354	0	General	0	1536	1536	1
353	354	0	General	2	1536	1536	1
353	354	0	General	3	1536	1536	1
353	354	1	General	0	4	4	1
353	354	1	General	768	4	4	1
353	354	1	General	1535	4	4	1
354	355	0	Unique	0	1	1	1
354	355	0	Unique	768	1	1	1
354	355	0	Unique	1535	1	1	1
354	355	1	General	0	4	4	1
354	355	1	General	192	4	4	1
354	355	1	General	383	4	4	1
353	356	0	General	0	1536	1536	1
353	356	0	General	2	1536	1536	1
353	356	0	General	3	1536	1536	1
353	356	1	General	0	4	4	1
353	356	1	General	768	4	4	1
353	356	1	General	1535	4	4	1
356	357	0	Unique	0	1	1	1
356	357	0	Unique	768	1	1	1
356	357	0	Unique	1535	1	1	1
356	357	1	General	0	4	4	1
356	357	1	General	192	4	4	1
356	357	1	General	383	4	4	1
355	358	0	General	0	4	4	1
355	358	0	General	192	4	4	1
355	358	0	General	383	4	4	1
355	358	1	General	0	384	384	1
355	358	1	General	2	384	384	1
355	358	1	General	3	384	384	1
357	358	0	General	0	4	4	1
357	358	0	General	192	4	4	1
357	358	0	General	383	4	4	1
357	358	1	General	0	384	384	1
357	358	1	General	2	384	384	1
357	358	1	General	3	384	384	1
352	359	0	Unique	0	1	1	1
352	359	0	Unique	64	1	1	1
352	359	0	Unique	127	1	1	1
352	359	1	Unique	0	1	1	1
352	359	1	Unique	256	0	0	1
352	359	1	Unique	511	0	0	1
358	359	0	General	0	512	512	1
358	359	0	General	2	512	512	1
358	359	0	General	3	512	512	1
358	359	1	General	0	4	4	1
358	359	1	General	256	4	4	1
358	359	1	General	511	4	4	1
352	360	0	Unique	0	1	1	1
352	360	0	Unique	64	1	1	1
352	360	0	Unique	127	1	1	1
352	360	1	Unique	0	1	1	1
352	360	1	Unique	64	1	1	1
352	360	1	Unique	127	1	1	1
359	360	0	Unique	0	1	1	1
359	360	0	Unique	256	1	1	1
359	360	0	Unique	511	1	1	1
359	360	1	General	0	4	4	1
359	360	1	General	64	4	4	1
359	360	1	General	127	4	4	1
360	361	0	General	0	4	4	1
360	361	0	General	64	4	4	1
360	361	0	General	127	4	4	1
360	361	1	General	0	128	128	1
360	361	1	General	2	128	128	1
360	361	1	General	3	128	128	1
361	362	0	General	0	512	512	1
361	362	0	General	2	512	512	1
361	362	0	General	3	512	512	1
361	362	1	General	0	4	4	1
361	362	1	General	256	4	4	1
361	362	1	General	511	4	4	1
362	363	0	Unique	0	1	1	1
362	363	0	Unique	256	1	1	1
362	363	0	Unique	511	1	1	1
362	363	1	General	0	4	4	1
362	363	1	General	64	4	4	1
362	363	1	General	127	4	4	1
363	364	0	General	0	64	64	1
363	364	0	General	64	64	64	1
363	364	0	General	127	64	64	1
363	364	1	General	0	128	128	1
363	364	1	General	32	128	128	1
363	364	1	General	63	128	128	1
361	365	0	General	0	256	256	1
361	365	0	General	2	256	256	1
361	365	0	General	3	256	256	1
361	365	1	General	0	4	4	1
361	365	1	General	128	4	4	1
361	365	1	General	255	4	4	1
365	366	0	Unique	0	1	1	1
365	366	0	Unique	128	1	1	1
365	366	0	Unique	255	1	1	1
365	366	1	General	0	4	4	1
365	366	1	General	32	4	4	1
365	366	1	General	63	4	4	1
366	367	0	General	0	32	32	1
366	367	0	General	32	32	32	1
366	367	0	General	63	32	32	1
366	367	1	General	0	64	64	1
366	367	1	General	16	64	64	1
366	367	1	General	31	64	64	1
361	368	0	General	0	256	256	1
361	368	0	General	2	256	256	1
361	368	0	General	3	256	256	1
361	368	1	General	0	4	4	1
361	368	1	General	128	4	4	1
361	368	1	General	255	4	4	1
368	369	0	Unique	0	1	1	1
368	369	0	Unique	128	1	1	1
368	369	0	Unique	255	1	1	1
368	369	1	General	0	4	4	1
368	369	1	General	32	4	4	1
368	369	1	General	63	4	4	1
364	370	0	Unique	0	1	1	1
364	370	0	Unique	32	1	1	1
364	370	0	Unique	63	1	1	1
364	370	1	Unique	0	1	1	1
364	370	1	Unique	32	1	1	1
364	370	1	Unique	63	1	1	1
367	371	0	Unique	0	1	1	1
367	371	0	Unique	16	1	1	1
367	371	0	Unique	31	1	1	1
367	371	1	Unique	0	1	1	1
367	371	1	Unique	16	1	1	1
367	371	1	Unique	31	1	1	1
371	372	0	Unique	0	1	1	1
371	372	0	Unique	16	1	1	1
371	372	0	Unique	31	1	1	1
371	372	1	Unique	0	1	1	1
371	372	1	Unique	16	1	1	1
371	372	1	Unique	31	1	1	1
369	373	0	General	0	32	32	1
369	373	0	General	32	32	32	1
369	373	0	General	63	32	32	1
369	373	1	General	0	64	64	1
369	373	1	General	16	64	64	1
369	373	1	General	31	64	64	1
370	374	0	Unique	0	1	1	1
370	374	0	Unique	32	1	1	1
370	374	0	Unique	63	1	1	1
370	374	1	Unique	0	1	1	1
370	374	1	Unique	32	1	1	1
370	374	1	Unique	63	1	1	1
372	374	0	General	0	64	64	1
372	374	0	General	16	64	64	1
372	374	0	General	31	64	64	1
372	374	1	General	0	32	32	1
372	374	1	General	32	32	32	1
372	374	1	General	63	32	32	1
373	374	0	General	0	64	64	1
373	374	0	General	16	64	64	1
373	374	0	General	31	64	64	1
373	374	1	General	0	32	32	1
373	374	1	General	32	32	32	1
373	374	1	General	63	32	32	1
360	375	0	Unique	0	1	1	1
360	375	0	Unique	64	1	1	1
360	375	0	Unique	127	1	1	1
360	375	1	Unique	0	1	1	1
360	375	1	Unique	256	0	0	1
360	375	1	Unique	511	0	0	1
374	375	0	General	0	512	512	1
374	375	0	General	32	512	512	1
374	375	0	General	63	512	512	1
374	375	1	General	0	64	64	1
374	375	1	General	256	64	64	1
374	375	1	General	511	64	64	1
360	376	0	Unique	0	1	1	1
360	376	0	Unique	64	1	1	1
360	376	0	Unique	127	1	1	1
360	376	1	Unique	0	1	1	1
360	376	1	Unique	64	1	1	1
360	376	1	Unique	127	1	1	1
375	376	0	Unique	0	1	1	1
375	376	0	Unique	256	1	1	1
375	376	0	Unique	511	1	1	1
375	376	1	General	0	4	4	1
375	376	1	General	64	4	4	1
375	376	1	General	127	4	4	1
376	377	0	General	0	4	4	1
376	377	0	General	64	4	4	1
376	377	0	General	127	4	4	1
376	377	1	General	0	128	128	1
376	377	1	General	2	128	128	1
376	377	1	General	3	128	128	1
377	378	0	General	0	1536	1536	1
377	378	0	General	2	1536	1536	1
377	378	0	General	3	1536	1536	1
377	378	1	General	0	4	4	1
377	378	1	General	768	4	4	1
377	378	1	General	1535	4	4	1
378	379	0	Unique	0	1	1	1
378	379	0	Unique	768	1	1	1
378	379	0	Unique	1535	1	1	1
378	379	1	General	0	4	4	1
378	379	1	General	192	4	4	1
378	379	1	General	383	4	4	1
377	380	0	General	0	1536	1536	1
377	380	0	General	2	1536	1536	1
377	380	0	General	3	1536	1536	1
377	380	1	General	0	4	4	1
377	380	1	General	768	4	4	1
377	380	1	General	1535	4	4	1
380	381	0	Unique	0	1	1	1
380	381	0	Unique	768	1	1	1
380	381	0	Unique	1535	1	1	1
380	381	1	General	0	4	4	1
380	381	1	General	192	4	4	1
380	381	1	General	383	4	4	1
379	382	0	General	0	4	4	1
379	382	0	General	192	4	4	1
379	382	0	General	383	4	4	1
379	382	1	General	0	384	384	1
379	382	1	General	2	384	384	1
379	382	1	General	3	384	384	1
381	382	0	General	0	4	4	1
381	382	0	General	192	4	4	1
381	382	0	General	383	4	4	1
381	382	1	General	0	384	384	1
381	382	1	General	2	384	384	1
381	382	1	General	3	384	384	1
376	383	0	Unique	0	1	1	1
376	383	0	Unique	64	1	1	1
376	383	0	Unique	127	1	1	1
376	383	1	Unique	0	1	1	1
376	383	1	Unique	256	0	0	1
376	383	1	Unique	511	0	0	1
382	383	0	General	0	512	512	1
382	383	0	General	2	512	512	1
382	383	0	General	3	512	512	1
382	383	1	General	0	4	4	1
382	383	1	General	256	4	4	1
382	383	1	General	511	4	4	1
376	384	0	Unique	0	1	1	1
376	384	0	Unique	64	1	1	1
376	384	0	Unique	127	1	1	1
376	384	1	Unique	0	1	1	1
376	384	1	Unique	64	1	1	1
376	384	1	Unique	127	1	1	1
383	384	0	Unique	0	1	1	1
383	384	0	Unique	256	1	1	1
383	384	0	Unique	511	1	1	1
383	384	1	General	0	4	4	1
383	384	1	General	64	4	4	1
383	384	1	General	127	4	4	1
384	385	0	General	0	4	4	1
384	385	0	General	64	4	4	1
384	385	0	General	127	4	4	1
384	385	1	General	0	128	128	1
384	385	1	General	2	128	128	1
384	385	1	General	3	128	128	1
385	386	0	General	0	512	512	1
385	386	0	General	2	512	512	1
385	386	0	General	3	512	512	1
385	386	1	General	0	4	4	1
385	386	1	General	256	4	4	1
385	386	1	General	511	4	4	1
386	387	0	Unique	0	1	1	1
386	387	0	Unique	256	1	1	1
386	387	0	Unique	511	1	1	1
386	387	1	General	0	4	4	1
386	387	1	General	64	4	4	1
386	387	1	General	127	4	4	1
387	388	0	General	0	64	64	1
387	388	0	General	64	64	64	1
387	388	0	General	127	64	64	1
387	388	1	General	0	128	128	1
387	388	1	General	32	128	128	1
387	388	1	General	63	128	128	1
385	389	0	General	0	256	256	1
385	389	0	General	2	256	256	1
385	389	0	General	3	256	256	1
385	389	1	General	0	4	4	1
385	389	1	General	128	4	4	1
385	389	1	General	255	4	4	1
389	390	0	Unique	0	1	1	1
389	390	0	Unique	128	1	1	1
389	390	0	Unique	255	1	1	1
389	390	1	General	0	4	4	1
389	390	1	General	32	4	4	1
389	390	1	General	63	4	4	1
390	391	0	General	0	32	32	1
390	391	0	General	32	32	32	1
390	391	0	General	63	32	32	1
390	391	1	General	0	64	64	1
390	391	1	General	16	64	64	1
390	391	1	General	31	64	64	1
385	392	0	General	0	256	256	1
385	392	0	General	2	256	256	1
385	392	0	General	3	256	256	1
385	392	1	General	0	4	4	1
385	392	1	General	128	4	4	1
385	392	1	General	255	4	4	1
392	393	0	Unique	0	1	1	1
392	393	0	Unique	128	1	1	1
392	393	0	Unique	255	1	1	1
392	393	1	General	0	4	4	1
392	393	1	General	32	4	4	1
392	393	1	General	63	4	4	1
388	394	0	Unique	0	1	1	1
388	394	0	Unique	32	1	1	1
388	394	0	Unique	63	1	1	1
388	394	1	Unique	0	1	1	1
388	394	1	Unique	32	1	1	1
388	394	1	Unique	63	1	1	1
391	395	0	Unique	0	1	1	1
391	395	0	Unique	16	1	1	1
391	395	0	Unique	31	1	1	1
391	395	1	Unique	0	1	1	1
391	395	1	Unique	16	1	1	1
391	395	1	Unique	31	1	1	1
395	396	0	Unique	0	1	1	1
395	396	0	Unique	16	1	1	1
395	396	0	Unique	31	1	1	1
395	396	1	Unique	0	1	1	1
395	396	1	Unique	16	1	1	1
395	396	1	Unique	31	1	1	1
393	397	0	General	0	32	32	1
393	397	0	General	32	32	32	1
393	397	0	General	63	32	32	1
393	397	1	General	0	64	64	1
393	397	1	General	16	64	64	1
393	397	1	General	31	64	64	1
394	398	0	Unique	0	1	1	1
394	398	0	Unique	32	1	1	1
394	398	0	Unique	63	1	1	1
394	398	1	Unique	0	1	1	1
394	398	1	Unique	32	1	1	1
394	398	1	Unique	63	1	1	1
396	398	0	General	0	64	64	1
396	398	0	General	16	64	64	1
396	398	0	General	31	64	64	1
396	398	1	General	0	32	32	1
396	398	1	General	32	32	32	1
396	398	1	General	63	32	32	1
397	398	0	General	0	64	64	1
397	398	0	General	16	64	64	1
397	398	0	General	31	64	64	1
397	398	1	General	0	32	32	1
397	398	1	General	32	32	32	1
397	398	1	General	63	32	32	1
384	399	0	Unique	0	1	1	1
384	399	0	Unique	64	1	1	1
384	399	0	Unique	127	1	1	1
384	399	1	Unique	0	1	1	1
384	399	1	Unique	256	0	0	1
384	399	1	Unique	511	0	0	1
398	399	0	General	0	512	512	1
398	399	0	General	32	512	512	1
398	399	0	General	63	512	512	1
398	399	1	General	0	64	64	1
398	399	1	General	256	64	64	1
398	399	1	General	511	64	64	1
384	400	0	Unique	0	1	1	1
384	400	0	Unique	64	1	1	1
384	400	0	Unique	127	1	1	1
384	400	1	Unique	0	1	1	1
384	400	1	Unique	64	1	1	1
384	400	1	Unique	127	1	1	1
399	400	0	Unique	0	1	1	1
399	400	0	Unique	256	1	1	1
399	400	0	Unique	511	1	1	1
399	400	1	General	0	4	4	1
399	400	1	General	64	4	4	1
399	400	1	General	127	4	4	1
400	401	0	General	0	4	4	1
400	401	0	General	64	4	4	1
400	401	0	General	127	4	4	1
400	401	1	General	0	128	128	1
400	401	1	General	2	128	128	1
400	401	1	General	3	128	128	1
401	402	0	General	0	1536	1536	1
401	402	0	General	2	1536	1536	1
401	402	0	General	3	1536	1536	1
401	402	1	General	0	4	4	1
401	402	1	General	768	4	4	1
401	402	1	General	1535	4	4	1
402	403	0	Unique	0	1	1	1
402	403	0	Unique	768	1	1	1
402	403	0	Unique	1535	1	1	1
402	403	1	General	0	4	4	1
402	403	1	General	192	4	4	1
402	403	1	General	383	4	4	1
401	404	0	General	0	1536	1536	1
401	404	0	General	2	1536	1536	1
401	404	0	General	3	1536	1536	1
401	404	1	General	0	4	4	1
401	404	1	General	768	4	4	1
401	404	1	General	1535	4	4	1
404	405	0	Unique	0	1	1	1
404	405	0	Unique	768	1	1	1
404	405	0	Unique	1535	1	1	1
404	405	1	General	0	4	4	1
404	405	1	General	192	4	4	1
404	405	1	General	383	4	4	1
403	406	0	General	0	4	4	1
403	406	0	General	192	4	4	1
403	406	0	General	383	4	4	1
403	406	1	General	0	384	384	1
403	406	1	General	2	384	384	1
403	406	1	General	3	384	384	1
405	406	0	General	0	4	4	1
405	406	0	General	192	4	4	1
405	406	0	General	383	4	4	1
405	406	1	General	0	384	384	1
405	406	1	General	2	384	384	1
405	406	1	General	3	384	384	1
400	407	0	Unique	0	1	1	1
400	407	0	Unique	64	1	1	1
400	407	0	Unique	127	1	1	1
400	407	1	Unique	0	1	1	1
400	407	1	Unique	256	0	0	1
400	407	1	Unique	511	0	0	1
406	407	0	General	0	512	512	1
406	407	0	General	2	512	512	1
406	407	0	General	3	512	512	1
406	407	1	General	0	4	4	1
406	407	1	General	256	4	4	1
406	407	1	General	511	4	4	1
400	408	0	Unique	0	1	1	1
400	408	0	Unique	64	1	1	1
400	408	0	Unique	127	1	1	1
400	408	1	Unique	0	1	1	1
400	408	1	Unique	64	1	1	1
400	408	1	Unique	127	1	1	1
407	408	0	Unique	0	1	1	1
407	408	0	Unique	256	1	1	1
407	408	0	Unique	511	1	1	1
407	408	1	General	0	4	4	1
407	408	1	General	64	4	4	1
407	408	1	General	127	4	4	1
408	409	0	General	0	4	4	1
408	409	0	General	64	4	4	1
408	409	0	General	127	4	4	1
408	409	1	General	0	128	128	1
408	409	1	General	2	128	128	1
408	409	1	General	3	128	128	1
409	410	0	General	0	512	512	1
409	410	0	General	2	512	512	1
409	410	0	General	3	512	512	1
409	410	1	General	0	4	4	1
409	410	1	General	256	4	4	1
409	410	1	General	511	4	4	1
410	411	0	Unique	0	1	1	1
410	411	0	Unique	256	1	1	1
410	411	0	Unique	511	1	1	1
410	411	1	General	0	4	4	1
410	411	1	General	64	4	4	1
410	411	1	General	127	4	4	1
411	412	0	General	0	64	64	1
411	412	0	General	64	64	64	1
411	412	0	General	127	64	64	1
411	412	1	General	0	128	128	1
411	412	1	General	32	128	128	1
411	412	1	General	63	128	128	1
409	413	0	General	0	256	256	1
409	413	0	General	2	256	256	1
409	413	0	General	3	256	256	1
409	413	1	General	0	4	4	1
409	413	1	General	128	4	4	1
409	413	1	General	255	4	4	1
413	414	0	Unique	0	1	1	1
413	414	0	Unique	128	1	1	1
413	414	0	Unique	255	1	1	1
413	414	1	General	0	4	4	1
413	414	1	General	32	4	4	1
413	414	1	General	63	4	4	1
414	415	0	General	0	32	32	1
414	415	0	General	32	32	32	1
414	415	0	General	63	32	32	1
414	415	1	General	0	64	64	1
414	415	1	General	16	64	64	1
414	415	1	General	31	64	64	1
409	416	0	General	0	256	256	1
409	416	0	General	2	256	256	1
409	416	0	General	3	256	256	1
409	416	1	General	0	4	4	1
409	416	1	General	128	4	4	1
409	416	1	General	255	4	4	1
416	417	0	Unique	0	1	1	1
416	417	0	Unique	128	1	1	1
416	417	0	Unique	255	1	1	1
416	417	1	General	0	4	4	1
416	417	1	General	32	4	4	1
416	417	1	General	63	4	4	1
412	418	0	Unique	0	1	1	1
412	418	0	Unique	32	1	1	1
412	418	0	Unique	63	1	1	1
412	418	1	Unique	0	1	1	1
412	418	1	Unique	32	1	1	1
412	418	1	Unique	63	1	1	1
415	419	0	Unique	0	1	1	1
415	419	0	Unique	16	1	1	1
415	419	0	Unique	31	1	1	1
415	419	1	Unique	0	1	1	1
415	419	1	Unique	16	1	1	1
415	419	1	Unique	31	1	1	1
419	420	0	Unique	0	1	1	1
419	420	0	Unique	16	1	1	1
419	420	0	Unique	31	1	1	1
419	420	1	Unique	0	1	1	1
419	420	1	Unique	16	1	1	1
419	420	1	Unique	31	1	1	1
417	421	0	General	0	32	32	1
417	421	0	General	32	32	32	1
417	421	0	General	63	32	32	1
417	421	1	General	0	64	64	1
417	421	1	General	16	64	64	1
417	421	1	General	31	64	64	1
418	422	0	Unique	0	1	1	1
418	422	0	Unique	32	1	1	1
418	422	0	Unique	63	1	1	1
418	422	1	Unique	0	1	1	1
418	422	1	Unique	32	1	1	1
418	422	1	Unique	63	1	1	1
420	422	0	General	0	64	64	1
420	422	0	General	16	64	64	1
420	422	0	General	31	64	64	1
420	422	1	General	0	32	32	1
420	422	1	General	32	32	32	1
420	422	1	General	63	32	32	1
421	422	0	General	0	64	64	1
421	422	0	General	16	64	64	1
421	422	0	General	31	64	64	1
421	422	1	General	0	32	32	1
421	422	1	General	32	32	32	1
421	422	1	General	63	32	32	1
408	423	0	Unique	0	1	1	1
408	423	0	Unique	64	1	1	1
408	423	0	Unique	127	1	1	1
408	423	1	Unique	0	1	1	1
408	423	1	Unique	256	0	0	1
408	423	1	Unique	511	0	0	1
422	423	0	General	0	512	512	1
422	423	0	General	32	512	512	1
422	423	0	General	63	512	512	1
422	423	1	General	0	64	64	1
422	423	1	General	256	64	64	1
422	423	1	General	511	64	64	1
408	424	0	Unique	0	1	1	1
408	424	0	Unique	64	1	1	1
408	424	0	Unique	127	1	1	1
408	424	1	Unique	0	1	1	1
408	424	1	Unique	64	1	1	1
408	424	1	Unique	127	1	1	1
423	424	0	Unique	0	1	1	1
423	424	0	Unique	256	1	1	1
423	424	0	Unique	511	1	1	1
423	424	1	General	0	4	4	1
423	424	1	General	64	4	4	1
423	424	1	General	127	4	4	1
424	425	0	General	0	4	4	1
424	425	0	General	64	4	4	1
424	425	0	General	127	4	4	1
424	425	1	General	0	128	128	1
424	425	1	General	2	128	128	1
424	425	1	General	3	128	128	1
425	426	0	General	0	1536	1536	1
425	426	0	General	2	1536	1536	1
425	426	0	General	3	1536	1536	1
425	426	1	General	0	4	4	1
425	426	1	General	768	4	4	1
425	426	1	General	1535	4	4	1
426	427	0	Unique	0	1	1	1
426	427	0	Unique	768	1	1	1
426	427	0	Unique	1535	1	1	1
426	427	1	General	0	4	4	1
426	427	1	General	192	4	4	1
426	427	1	General	383	4	4	1
425	428	0	General	0	1536	1536	1
425	428	0	General	2	1536	1536	1
425	428	0	General	3	1536	1536	1
425	428	1	General	0	4	4	1
425	428	1	General	768	4	4	1
425	428	1	General	1535	4	4	1
428	429	0	Unique	0	1	1	1
428	429	0	Unique	768	1	1	1
428	429	0	Unique	1535	1	1	1
428	429	1	General	0	4	4	1
428	429	1	General	192	4	4	1
428	429	1	General	383	4	4	1
427	430	0	General	0	4	4	1
427	430	0	General	192	4	4	1
427	430	0	General	383	4	4	1
427	430	1	General	0	384	384	1
427	430	1	General	2	384	384	1
427	430	1	General	3	384	384	1
429	430	0	General	0	4	4	1
429	430	0	General	192	4	4	1
429	430	0	General	383	4	4	1
429	430	1	General	0	384	384	1
429	430	1	General	2	384	384	1
429	430	1	General	3	384	384	1
424	431	0	Unique	0	1	1	1
424	431	0	Unique	64	1	1	1
424	431	0	Unique	127	1	1	1
424	431	1	Unique	0	1	1	1
424	431	1	Unique	256	0	0	1
424	431	1	Unique	511	0	0	1
430	431	0	General	0	512	512	1
430	431	0	General	2	512	512	1
430	431	0	General	3	512	512	1
430	431	1	General	0	4	4	1
430	431	1	General	256	4	4	1
430	431	1	General	511	4	4	1
424	432	0	Unique	0	1	1	1
424	432	0	Unique	64	1	1	1
424	432	0	Unique	127	1	1	1
424	432	1	Unique	0	1	1	1
424	432	1	Unique	64	1	1	1
424	432	1	Unique	127	1	1	1
431	432	0	Unique	0	1	1	1
431	432	0	Unique	256	1	1	1
431	432	0	Unique	511	1	1	1
431	432	1	General	0	4	4	1
431	432	1	General	64	4	4	1
431	432	1	General	127	4	4	1
432	433	0	General	0	4	4	1
432	433	0	General	64	4	4	1
432	433	0	General	127	4	4	1
432	433	1	General	0	128	128	1
432	433	1	General	2	128	128	1
432	433	1	General	3	128	128	1
433	434	0	General	0	512	512	1
433	434	0	General	2	512	512	1
433	434	0	General	3	512	512	1
433	434	1	General	0	4	4	1
433	434	1	General	256	4	4	1
433	434	1	General	511	4	4	1
434	435	0	Unique	0	1	1	1
434	435	0	Unique	256	1	1	1
434	435	0	Unique	511	1	1	1
434	435	1	General	0	4	4	1
434	435	1	General	64	4	4	1
434	435	1	General	127	4	4	1
435	436	0	General	0	64	64	1
435	436	0	General	64	64	64	1
435	436	0	General	127	64	64	1
435	436	1	General	0	128	128	1
435	436	1	General	32	128	128	1
435	436	1	General	63	128	128	1
433	437	0	General	0	256	256	1
433	437	0	General	2	256	256	1
433	437	0	General	3	256	256	1
433	437	1	General	0	4	4	1
433	437	1	General	128	4	4	1
433	437	1	General	255	4	4	1
437	438	0	Unique	0	1	1	1
437	438	0	Unique	128	1	1	1
437	438	0	Unique	255	1	1	1
437	438	1	General	0	4	4	1
437	438	1	General	32	4	4	1
437	438	1	General	63	4	4	1
438	439	0	General	0	32	32	1
438	439	0	General	32	32	32	1
438	439	0	General	63	32	32	1
438	439	1	General	0	64	64	1
438	439	1	General	16	64	64	1
438	439	1	General	31	64	64	1
433	440	0	General	0	256	256	1
433	440	0	General	2	256	256	1
433	440	0	General	3	256	256	1
433	440	1	General	0	4	4	1
433	440	1	General	128	4	4	1
433	440	1	General	255	4	4	1
440	441	0	Unique	0	1	1	1
440	441	0	Unique	128	1	1	1
440	441	0	Unique	255	1	1	1
440	441	1	General	0	4	4	1
440	441	1	General	32	4	4	1
440	441	1	General	63	4	4	1
436	442	0	Unique	0	1	1	1
436	442	0	Unique	32	1	1	1
436	442	0	Unique	63	1	1	1
436	442	1	Unique	0	1	1	1
436	442	1	Unique	32	1	1	1
436	442	1	Unique	63	1	1	1
439	443	0	Unique	0	1	1	1
439	443	0	Unique	16	1	1	1
439	443	0	Unique	31	1	1	1
439	443	1	Unique	0	1	1	1
439	443	1	Unique	16	1	1	1
439	443	1	Unique	31	1	1	1
443	444	0	Unique	0	1	1	1
443	444	0	Unique	16	1	1	1
443	444	0	Unique	31	1	1	1
443	444	1	Unique	0	1	1	1
443	444	1	Unique	16	1	1	1
443	444	1	Unique	31	1	1	1
441	445	0	General	0	32	32	1
441	445	0	General	32	32	32	1
441	445	0	General	63	32	32	1
441	445	1	General	0	64	64	1
441	445	1	General	16	64	64	1
441	445	1	General	31	64	64	1
442	446	0	Unique	0	1	1	1
442	446	0	Unique	32	1	1	1
442	446	0	Unique	63	1	1	1
442	446	1	Unique	0	1	1	1
442	446	1	Unique	32	1	1	1
442	446	1	Unique	63	1	1	1
444	446	0	General	0	64	64	1
444	446	0	General	16	64	64	1
444	446	0	General	31	64	64	1
444	446	1	General	0	32	32	1
444	446	1	General	32	32	32	1
444	446	1	General	63	32	32	1
445	446	0	General	0	64	64	1
445	446	0	General	16	64	64	1
445	446	0	General	31	64	64	1
445	446	1	General	0	32	32	1
445	446	1	General	32	32	32	1
445	446	1	General	63	32	32	1
432	447	0	Unique	0	1	1	1
432	447	0	Unique	64	1	1	1
432	447	0	Unique	127	1	1	1
432	447	1	Unique	0	1	1	1
432	447	1	Unique	256	0	0	1
432	447	1	Unique	511	0	0	1
446	447	0	General	0	512	512	1
446	447	0	General	32	512	512	1
446	447	0	General	63	512	512	1
446	447	1	General	0	64	64	1
446	447	1	General	256	64	64	1
446	447	1	General	511	64	64	1
432	448	0	Unique	0	1	1	1
432	448	0	Unique	64	1	1	1
432	448	0	Unique	127	1	1	1
432	448	1	Unique	0	1	1	1
432	448	1	Unique	64	1	1	1
432	448	1	Unique	127	1	1	1
447	448	0	Unique	0	1	1	1
447	448	0	Unique	256	1	1	1
447	448	0	Unique	511	1	1	1
447	448	1	General	0	4	4	1
447	448	1	General	64	4	4	1
447	448	1	General	127	4	4	1
448	449	0	General	0	4	4	1
448	449	0	General	64	4	4	1
448	449	0	General	127	4	4	1
448	449	1	General	0	128	128	1
448	449	1	General	2	128	128	1
448	449	1	General	3	128	128	1
449	450	0	General	0	1536	1536	1
449	450	0	General	2	1536	1536	1
449	450	0	General	3	1536	1536	1
449	450	1	General	0	4	4	1
449	450	1	General	768	4	4	1
449	450	1	General	1535	4	4	1
450	451	0	Unique	0	1	1	1
450	451	0	Unique	768	1	1	1
450	451	0	Unique	1535	1	1	1
450	451	1	General	0	4	4	1
450	451	1	General	192	4	4	1
450	451	1	General	383	4	4	1
449	452	0	General	0	1536	1536	1
449	452	0	General	2	1536	1536	1
449	452	0	General	3	1536	1536	1
449	452	1	General	0	4	4	1
449	452	1	General	768	4	4	1
449	452	1	General	1535	4	4	1
452	453	0	Unique	0	1	1	1
452	453	0	Unique	768	1	1	1
452	453	0	Unique	1535	1	1	1
452	453	1	General	0	4	4	1
452	453	1	General	192	4	4	1
452	453	1	General	383	4	4	1
451	454	0	General	0	4	4	1
451	454	0	General	192	4	4	1
451	454	0	General	383	4	4	1
451	454	1	General	0	384	384	1
451	454	1	General	2	384	384	1
451	454	1	General	3	384	384	1
453	454	0	General	0	4	4	1
453	454	0	General	192	4	4	1
453	454	0	General	383	4	4	1
453	454	1	General	0	384	384	1
453	454	1	General	2	384	384	1
453	454	1	General	3	384	384	1
448	455	0	Unique	0	1	1	1
448	455	0	Unique	64	1	1	1
448	455	0	Unique	127	1	1	1
448	455	1	Unique	0	1	1	1
448	455	1	Unique	256	0	0	1
448	455	1	Unique	511	0	0	1
454	455	0	General	0	512	512	1
454	455	0	General	2	512	512	1
454	455	0	General	3	512	512	1
454	455	1	General	0	4	4	1
454	455	1	General	256	4	4	1
454	455	1	General	511	4	4	1
448	456	0	Unique	0	1	1	1
448	456	0	Unique	64	1	1	1
448	456	0	Unique	127	1	1	1
448	456	1	Unique	0	1	1	1
448	456	1	Unique	64	1	1	1
448	456	1	Unique	127	1	1	1
455	456	0	Unique	0	1	1	1
455	456	0	Unique	256	1	1	1
455	456	0	Unique	511	1	1	1
455	456	1	General	0	4	4	1
455	456	1	General	64	4	4	1
455	456	1	General	127	4	4	1
456	457	0	General	0	4	4	1
456	457	0	General	64	4	4	1
456	457	0	General	127	4	4	1
456	457	1	General	0	128	128	1
456	457	1	General	2	128	128	1
456	457	1	General	3	128	128	1
457	458	0	General	0	512	512	1
457	458	0	General	2	512	512	1
457	458	0	General	3	512	512	1
457	458	1	General	0	4	4	1
457	458	1	General	256	4	4	1
457	458	1	General	511	4	4	1
458	459	0	Unique	0	1	1	1
458	459	0	Unique	256	1	1	1
458	459	0	Unique	511	1	1	1
458	459	1	General	0	4	4	1
458	459	1	General	64	4	4	1
458	459	1	General	127	4	4	1
459	460	0	General	0	64	64	1
459	460	0	General	64	64	64	1
459	460	0	General	127	64	64	1
459	460	1	General	0	128	128	1
459	460	1	General	32	128	128	1
459	460	1	General	63	128	128	1
457	461	0	General	0	256	256	1
457	461	0	General	2	256	256	1
457	461	0	General	3	256	256	1
457	461	1	General	0	4	4	1
457	461	1	General	128	4	4	1
457	461	1	General	255	4	4	1
461	462	0	Unique	0	1	1	1
461	462	0	Unique	128	1	1	1
461	462	0	Unique	255	1	1	1
461	462	1	General	0	4	4	1
461	462	1	General	32	4	4	1
461	462	1	General	63	4	4	1
462	463	0	General	0	32	32	1
462	463	0	General	32	32	32	1
462	463	0	General	63	32	32	1
462	463	1	General	0	64	64	1
462	463	1	General	16	64	64	1
462	463	1	General	31	64	64	1
457	464	0	General	0	256	256	1
457	464	0	General	2	256	256	1
457	464	0	General	3	256	256	1
457	464	1	General	0	4	4	1
457	464	1	General	128	4	4	1
457	464	1	General	255	4	4	1
464	465	0	Unique	0	1	1	1
464	465	0	Unique	128	1	1	1
464	465	0	Unique	255	1	1	1
464	465	1	General	0	4	4	1
464	465	1	General	32	4	4	1
464	465	1	General	63	4	4	1
460	466	0	Unique	0	1	1	1
460	466	0	Unique	32	1	1	1
460	466	0	Unique	63	1	1	1
460	466	1	Unique	0	1	1	1
460	466	1	Unique	32	1	1	1
460	466	1	Unique	63	1	1	1
463	467	0	Unique	0	1	1	1
463	467	0	Unique	16	1	1	1
463	467	0	Unique	31	1	1	1
463	467	1	Unique	0	1	1	1
463	467	1	Unique	16	1	1	1
463	467	1	Unique	31	1	1	1
467	468	0	Unique	0	1	1	1
467	468	0	Unique	16	1	1	1
467	468	0	Unique	31	1	1	1
467	468	1	Unique	0	1	1	1
467	468	1	Unique	16	1	1	1
467	468	1	Unique	31	1	1	1
465	469	0	General	0	32	32	1
465	469	0	General	32	32	32	1
465	469	0	General	63	32	32	1
465	469	1	General	0	64	64	1
465	469	1	General	16	64	64	1
465	469	1	General	31	64	64	1
466	470	0	Unique	0	1	1	1
466	470	0	Unique	32	1	1	1
466	470	0	Unique	63	1	1	1
466	470	1	Unique	0	1	1	1
466	470	1	Unique	32	1	1	1
466	470	1	Unique	63	1	1	1
468	470	0	General	0	64	64	1
468	470	0	General	16	64	64	1
468	470	0	General	31	64	64	1
468	470	1	General	0	32	32	1
468	470	1	General	32	32	32	1
468	470	1	General	63	32	32	1
469	470	0	General	0	64	64	1
469	470	0	General	16	64	64	1
469	470	0	General	31	64	64	1
469	470	1	General	0	32	32	1
469	470	1	General	32	32	32	1
469	470	1	General	63	32	32	1
456	471	0	Unique	0	1	1	1
456	471	0	Unique	64	1	1	1
456	471	0	Unique	127	1	1	1
456	471	1	Unique	0	1	1	1
456	471	1	Unique	256	0	0	1
456	471	1	Unique	511	0	0	1
470	471	0	General	0	512	512	1
470	471	0	General	32	512	512	1
470	471	0	General	63	512	512	1
470	471	1	General	0	64	64	1
470	471	1	General	256	64	64	1
470	471	1	General	511	64	64	1
456	472	0	Unique	0	1	1	1
456	472	0	Unique	64	1	1	1
456	472	0	Unique	127	1	1	1
456	472	1	Unique	0	1	1	1
456	472	1	Unique	64	1	1	1
456	472	1	Unique	127	1	1	1
471	472	0	Unique	0	1	1	1
471	472	0	Unique	256	1	1	1
471	472	0	Unique	511	1	1	1
471	472	1	General	0	4	4	1
471	472	1	General	64	4	4	1
471	472	1	General	127	4	4	1
472	473	0	General	0	4	4	1
472	473	0	General	64	4	4	1
472	473	0	General	127	4	4	1
472	473	1	General	0	128	128	1
472	473	1	General	2	128	128	1
472	473	1	General	3	128	128	1
473	474	0	General	0	1536	1536	1
473	474	0	General	2	1536	1536	1
473	474	0	General	3	1536	1536	1
473	474	1	General	0	4	4	1
473	474	1	General	768	4	4	1
473	474	1	General	1535	4	4	1
474	475	0	Unique	0	1	1	1
474	475	0	Unique	768	1	1	1
474	475	0	Unique	1535	1	1	1
474	475	1	General	0	4	4	1
474	475	1	General	192	4	4	1
474	475	1	General	383	4	4	1
473	476	0	General	0	1536	1536	1
473	476	0	General	2	1536	1536	1
473	476	0	General	3	1536	1536	1
473	476	1	General	0	4	4	1
473	476	1	General	768	4	4	1
473	476	1	General	1535	4	4	1
476	477	0	Unique	0	1	1	1
476	477	0	Unique	768	1	1	1
476	477	0	Unique	1535	1	1	1
476	477	1	General	0	4	4	1
476	477	1	General	192	4	4	1
476	477	1	General	383	4	4	1
475	478	0	General	0	4	4	1
475	478	0	General	192	4	4	1
475	478	0	General	383	4	4	1
475	478	1	General	0	384	384	1
475	478	1	General	2	384	384	1
475	478	1	General	3	384	384	1
477	478	0	General	0	4	4	1
477	478	0	General	192	4	4	1
477	478	0	General	383	4	4	1
477	478	1	General	0	384	384	1
477	478	1	General	2	384	384	1
477	478	1	General	3	384	384	1
472	479	0	Unique	0	1	1	1
472	479	0	Unique	64	1	1	1
472	479	0	Unique	127	1	1	1
472	479	1	Unique	0	1	1	1
472	479	1	Unique	256	0	0	1
472	479	1	Unique	511	0	0	1
478	479	0	General	0	512	512	1
478	479	0	General	2	512	512	1
478	479	0	General	3	512	512	1
478	479	1	General	0	4	4	1
478	479	1	General	256	4	4	1
478	479	1	General	511	4	4	1
472	480	0	Unique	0	1	1	1
472	480	0	Unique	64	1	1	1
472	480	0	Unique	127	1	1	1
472	480	1	Unique	0	1	1	1
472	480	1	Unique	64	1	1	1
472	480	1	Unique	127	1	1	1
479	480	0	Unique	0	1	1	1
479	480	0	Unique	256	1	1	1
479	480	0	Unique	511	1	1	1
479	480	1	General	0	4	4	1
479	480	1	General	64	4	4	1
479	480	1	General	127	4	4	1
480	481	0	General	0	4	4	1
480	481	0	General	64	4	4	1
480	481	0	General	127	4	4	1
480	481	1	General	0	128	128	1
480	481	1	General	2	128	128	1
480	481	1	General	3	128	128	1
481	482	0	General	0	512	512	1
481	482	0	General	2	512	512	1
481	482	0	General	3	512	512	1
481	482	1	General	0	4	4	1
481	482	1	General	256	4	4	1
481	482	1	General	511	4	4	1
482	483	0	Unique	0	1	1	1
482	483	0	Unique	256	1	1	1
482	483	0	Unique	511	1	1	1
482	483	1	General	0	4	4	1
482	483	1	General	64	4	4	1
482	483	1	General	127	4	4	1
483	484	0	General	0	64	64	1
483	484	0	General	64	64	64	1
483	484	0	General	127	64	64	1
483	484	1	General	0	128	128	1
483	484	1	General	32	128	128	1
483	484	1	General	63	128	128	1
481	485	0	General	0	256	256	1
481	485	0	General	2	256	256	1
481	485	0	General	3	256	256	1
481	485	1	General	0	4	4	1
481	485	1	General	128	4	4	1
481	485	1	General	255	4	4	1
485	486	0	Unique	0	1	1	1
485	486	0	Unique	128	1	1	1
485	486	0	Unique	255	1	1	1
485	486	1	General	0	4	4	1
485	486	1	General	32	4	4	1
485	486	1	General	63	4	4	1
486	487	0	General	0	32	32	1
486	487	0	General	32	32	32	1
486	487	0	General	63	32	32	1
486	487	1	General	0	64	64	1
486	487	1	General	16	64	64	1
486	487	1	General	31	64	64	1
481	488	0	General	0	256	256	1
481	488	0	General	2	256	256	1
481	488	0	General	3	256	256	1
481	488	1	General	0	4	4	1
481	488	1	General	128	4	4	1
481	488	1	General	255	4	4	1
488	489	0	Unique	0	1	1	1
488	489	0	Unique	128	1	1	1
488	489	0	Unique	255	1	1	1
488	489	1	General	0	4	4	1
488	489	1	General	32	4	4	1
488	489	1	General	63	4	4	1
484	490	0	Unique	0	1	1	1
484	490	0	Unique	32	1	1	1
484	490	0	Unique	63	1	1	1
484	490	1	Unique	0	1	1	1
484	490	1	Unique	32	1	1	1
484	490	1	Unique	63	1	1	1
487	491	0	Unique	0	1	1	1
487	491	0	Unique	16	1	1	1
487	491	0	Unique	31	1	1	1
487	491	1	Unique	0	1	1	1
487	491	1	Unique	16	1	1	1
487	491	1	Unique	31	1	1	1
491	492	0	Unique	0	1	1	1
491	492	0	Unique	16	1	1	1
491	492	0	Unique	31	1	1	1
491	492	1	Unique	0	1	1	1
491	492	1	Unique	16	1	1	1
491	492	1	Unique	31	1	1	1
489	493	0	General	0	32	32	1
489	493	0	General	32	32	32	1
489	493	0	General	63	32	32	1
489	493	1	General	0	64	64	1
489	493	1	General	16	64	64	1
489	493	1	General	31	64	64	1
490	494	0	Unique	0	1	1	1
490	494	0	Unique	32	1	1	1
490	494	0	Unique	63	1	1	1
490	494	1	Unique	0	1	1	1
490	494	1	Unique	32	1	1	1
490	494	1	Unique	63	1	1	1
492	494	0	General	0	64	64	1
492	494	0	General	16	64	64	1
492	494	0	General	31	64	64	1
492	494	1	General	0	32	32	1
492	494	1	General	32	32	32	1
492	494	1	General	63	32	32	1
493	494	0	General	0	64	64	1
493	494	0	General	16	64	64	1
493	494	0	General	31	64	64	1
493	494	1	General	0	32	32	1
493	494	1	General	32	32	32	1
493	494	1	General	63	32	32	1
480	495	0	Unique	0	1	1	1
480	495	0	Unique	64	1	1	1
480	495	0	Unique	127	1	1	1
480	495	1	Unique	0	1	1	1
480	495	1	Unique	256	0	0	1
480	495	1	Unique	511	0	0	1
494	495	0	General	0	512	512	1
494	495	0	General	32	512	512	1
494	495	0	General	63	512	512	1
494	495	1	General	0	64	64	1
494	495	1	General	256	64	64	1
494	495	1	General	511	64	64	1
480	496	0	Unique	0	1	1	1
480	496	0	Unique	64	1	1	1
480	496	0	Unique	127	1	1	1
480	496	1	Unique	0	1	1	1
480	496	1	Unique	64	1	1	1
480	496	1	Unique	127	1	1	1
495	496	0	Unique	0	1	1	1
495	496	0	Unique	256	1	1	1
495	496	0	Unique	511	1	1	1
495	496	1	General	0	4	4	1
495	496	1	General	64	4	4	1
495	496	1	General	127	4	4	1
496	497	0	General	0	4	4	1
496	497	0	General	64	4	4	1
496	497	0	General	127	4	4	1
496	497	1	General	0	128	128	1
496	497	1	General	2	128	128	1
496	497	1	General	3	128	128	1
497	498	0	General	0	1536	1536	1
497	498	0	General	2	1536	1536	1
497	498	0	General	3	1536	1536	1
497	498	1	General	0	4	4	1
497	498	1	General	768	4	4	1
497	498	1	General	1535	4	4	1
498	499	0	Unique	0	1	1	1
498	499	0	Unique	768	1	1	1
498	499	0	Unique	1535	1	1	1
498	499	1	General	0	4	4	1
498	499	1	General	192	4	4	1
498	499	1	General	383	4	4	1
497	500	0	General	0	1536	1536	1
497	500	0	General	2	1536	1536	1
497	500	0	General	3	1536	1536	1
497	500	1	General	0	4	4	1
497	500	1	General	768	4	4	1
497	500	1	General	1535	4	4	1
500	501	0	Unique	0	1	1	1
500	501	0	Unique	768	1	1	1
500	501	0	Unique	1535	1	1	1
500	501	1	General	0	4	4	1
500	501	1	General	192	4	4	1
500	501	1	General	383	4	4	1
499	502	0	General	0	4	4	1
499	502	0	General	192	4	4	1
499	502	0	General	383	4	4	1
499	502	1	General	0	384	384	1
499	502	1	General	2	384	384	1
499	502	1	General	3	384	384	1
501	502	0	General	0	4	4	1
501	502	0	General	192	4	4	1
501	502	0	General	383	4	4	1
501	502	1	General	0	384	384	1
501	502	1	General	2	384	384	1
501	502	1	General	3	384	384	1
496	503	0	Unique	0	1	1	1
496	503	0	Unique	64	1	1	1
496	503	0	Unique	127	1	1	1
496	503	1	Unique	0	1	1	1
496	503	1	Unique	256	0	0	1
496	503	1	Unique	511	0	0	1
502	503	0	General	0	512	512	1
502	503	0	General	2	512	512	1
502	503	0	General	3	512	512	1
502	503	1	General	0	4	4	1
502	503	1	General	256	4	4	1
502	503	1	General	511	4	4	1
496	504	0	Unique	0	1	1	1
496	504	0	Unique	64	1	1	1
496	504	0	Unique	127	1	1	1
496	504	1	Unique	0	1	1	1
496	504	1	Unique	64	1	1	1
496	504	1	Unique	127	1	1	1
503	504	0	Unique	0	1	1	1
503	504	0	Unique	256	1	1	1
503	504	0	Unique	511	1	1	1
503	504	1	General	0	4	4	1
503	504	1	General	64	4	4	1
503	504	1	General	127	4	4	1
504	505	0	General	0	4	4	1
504	505	0	General	64	4	4	1
504	505	0	General	127	4	4	1
504	505	1	General	0	128	128	1
504	505	1	General	2	128	128	1
504	505	1	General	3	128	128	1
505	506	0	General	0	512	512	1
505	506	0	General	2	512	512	1
505	506	0	General	3	512	512	1
505	506	1	General	0	4	4	1
505	506	1	General	256	4	4	1
505	506	1	General	511	4	4	1
506	507	0	Unique	0	1	1	1
506	507	0	Unique	256	1	1	1
506	507	0	Unique	511	1	1	1
506	507	1	General	0	4	4	1
506	507	1	General	64	4	4	1
506	507	1	General	127	4	4	1
507	508	0	General	0	64	64	1
507	508	0	General	64	64	64	1
507	508	0	General	127	64	64	1
507	508	1	General	0	128	128	1
507	508	1	General	32	128	128	1
507	508	1	General	63	128	128	1
505	509	0	General	0	256	256	1
505	509	0	General	2	256	256	1
505	509	0	General	3	256	256	1
505	509	1	General	0	4	4	1
505	509	1	General	128	4	4	1
505	509	1	General	255	4	4	1
509	510	0	Unique	0	1	1	1
509	510	0	Unique	128	1	1	1
509	510	0	Unique	255	1	1	1
509	510	1	General	0	4	4	1
509	510	1	General	32	4	4	1
509	510	1	General	63	4	4	1
510	511	0	General	0	32	32	1
510	511	0	General	32	32	32	1
510	511	0	General	63	32	32	1
510	511	1	General	0	64	64	1
510	511	1	General	16	64	64	1
510	511	1	General	31	64	64	1
505	512	0	General	0	256	256	1
505	512	0	General	2	256	256	1
505	512	0	General	3	256	256	1
505	512	1	General	0	4	4	1
505	512	1	General	128	4	4	1
505	512	1	General	255	4	4	1
512	513	0	Unique	0	1	1	1
512	513	0	Unique	128	1	1	1
512	513	0	Unique	255	1	1	1
512	513	1	General	0	4	4	1
512	513	1	General	32	4	4	1
512	513	1	General	63	4	4	1
508	514	0	Unique	0	1	1	1
508	514	0	Unique	32	1	1	1
508	514	0	Unique	63	1	1	1
508	514	1	Unique	0	1	1	1
508	514	1	Unique	32	1	1	1
508	514	1	Unique	63	1	1	1
511	515	0	Unique	0	1	1	1
511	515	0	Unique	16	1	1	1
511	515	0	Unique	31	1	1	1
511	515	1	Unique	0	1	1	1
511	515	1	Unique	16	1	1	1
511	515	1	Unique	31	1	1	1
515	516	0	Unique	0	1	1	1
515	516	0	Unique	16	1	1	1
515	516	0	Unique	31	1	1	1
515	516	1	Unique	0	1	1	1
515	516	1	Unique	16	1	1	1
515	516	1	Unique	31	1	1	1
513	517	0	General	0	32	32	1
513	517	0	General	32	32	32	1
513	517	0	General	63	32	32	1
513	517	1	General	0	64	64	1
513	517	1	General	16	64	64	1
513	517	1	General	31	64	64	1
514	518	0	Unique	0	1	1	1
514	518	0	Unique	32	1	1	1
514	518	0	Unique	63	1	1	1
514	518	1	Unique	0	1	1	1
514	518	1	Unique	32	1	1	1
514	518	1	Unique	63	1	1	1
516	518	0	General	0	64	64	1
516	518	0	General	16	64	64	1
516	518	0	General	31	64	64	1
516	518	1	General	0	32	32	1
516	518	1	General	32	32	32	1
516	518	1	General	63	32	32	1
517	518	0	General	0	64	64	1
517	518	0	General	16	64	64	1
517	518	0	General	31	64	64	1
517	518	1	General	0	32	32	1
517	518	1	General	32	32	32	1
517	518	1	General	63	32	32	1
504	519	0	Unique	0	1	1	1
504	519	0	Unique	64	1	1	1
504	519	0	Unique	127	1	1	1
504	519	1	Unique	0	1	1	1
504	519	1	Unique	256	0	0	1
504	519	1	Unique	511	0	0	1
518	519	0	General	0	512	512	1
518	519	0	General	32	512	512	1
518	519	0	General	63	512	512	1
518	519	1	General	0	64	64	1
518	519	1	General	256	64	64	1
518	519	1	General	511	64	64	1
504	520	0	Unique	0	1	1	1
504	520	0	Unique	64	1	1	1
504	520	0	Unique	127	1	1	1
504	520	1	Unique	0	1	1	1
504	520	1	Unique	64	1	1	1
504	520	1	Unique	127	1	1	1
519	520	0	Unique	0	1	1	1
519	520	0	Unique	256	1	1	1
519	520	0	Unique	511	1	1	1
519	520	1	General	0	4	4	1
519	520	1	General	64	4	4	1
519	520	1	General	127	4	4	1
520	521	0	General	0	4	4	1
520	521	0	General	64	4	4	1
520	521	0	General	127	4	4	1
520	521	1	General	0	128	128	1
520	521	1	General	2	128	128	1
520	521	1	General	3	128	128	1
521	522	0	General	0	1536	1536	1
521	522	0	General	2	1536	1536	1
521	522	0	General	3	1536	1536	1
521	522	1	General	0	4	4	1
521	522	1	General	768	4	4	1
521	522	1	General	1535	4	4	1
522	523	0	Unique	0	1	1	1
522	523	0	Unique	768	1	1	1
522	523	0	Unique	1535	1	1	1
522	523	1	General	0	4	4	1
522	523	1	General	192	4	4	1
522	523	1	General	383	4	4	1
521	524	0	General	0	1536	1536	1
521	524	0	General	2	1536	1536	1
521	524	0	General	3	1536	1536	1
521	524	1	General	0	4	4	1
521	524	1	General	768	4	4	1
521	524	1	General	1535	4	4	1
524	525	0	Unique	0	1	1	1
524	525	0	Unique	768	1	1	1
524	525	0	Unique	1535	1	1	1
524	525	1	General	0	4	4	1
524	525	1	General	192	4	4	1
524	525	1	General	383	4	4	1
523	526	0	General	0	4	4	1
523	526	0	General	192	4	4	1
523	526	0	General	383	4	4	1
523	526	1	General	0	384	384	1
523	526	1	General	2	384	384	1
523	526	1	General	3	384	384	1
525	526	0	General	0	4	4	1
525	526	0	General	192	4	4	1
525	526	0	General	383	4	4	1
525	526	1	General	0	384	384	1
525	526	1	General	2	384	384	1
525	526	1	General	3	384	384	1
520	527	0	Unique	0	1	1	1
520	527	0	Unique	64	1	1	1
520	527	0	Unique	127	1	1	1
520	527	1	Unique	0	1	1	1
520	527	1	Unique	256	0	0	1
520	527	1	Unique	511	0	0	1
526	527	0	General	0	512	512	1
526	527	0	General	2	512	512	1
526	527	0	General	3	512	512	1
526	527	1	General	0	4	4	1
526	527	1	General	256	4	4	1
526	527	1	General	511	4	4	1
520	528	0	Unique	0	1	1	1
520	528	0	Unique	64	1	1	1
520	528	0	Unique	127	1	1	1
520	528	1	Unique	0	1	1	1
520	528	1	Unique	64	1	1	1
520	528	1	Unique	127	1	1	1
527	528	0	Unique	0	1	1	1
527	528	0	Unique	256	1	1	1
527	528	0	Unique	511	1	1	1
527	528	1	General	0	4	4	1
527	528	1	General	64	4	4	1
527	528	1	General	127	4	4	1
528	529	0	General	0	4	4	1
528	529	0	General	64	4	4	1
528	529	0	General	127	4	4	1
528	529	1	General	0	128	128	1
528	529	1	General	2	128	128	1
528	529	1	General	3	128	128	1
529	530	0	General	0	512	512	1
529	530	0	General	2	512	512	1
529	530	0	General	3	512	512	1
529	530	1	General	0	4	4	1
529	530	1	General	256	4	4	1
529	530	1	General	511	4	4	1
530	531	0	Unique	0	1	1	1
530	531	0	Unique	256	1	1	1
530	531	0	Unique	511	1	1	1
530	531	1	General	0	4	4	1
530	531	1	General	64	4	4	1
530	531	1	General	127	4	4	1
531	532	0	General	0	64	64	1
531	532	0	General	64	64	64	1
531	532	0	General	127	64	64	1
531	532	1	General	0	128	128	1
531	532	1	General	32	128	128	1
531	532	1	General	63	128	128	1
529	533	0	General	0	256	256	1
529	533	0	General	2	256	256	1
529	533	0	General	3	256	256	1
529	533	1	General	0	4	4	1
529	533	1	General	128	4	4	1
529	533	1	General	255	4	4	1
533	534	0	Unique	0	1	1	1
533	534	0	Unique	128	1	1	1
533	534	0	Unique	255	1	1	1
533	534	1	General	0	4	4	1
533	534	1	General	32	4	4	1
533	534	1	General	63	4	4	1
534	535	0	General	0	32	32	1
534	535	0	General	32	32	32	1
534	535	0	General	63	32	32	1
534	535	1	General	0	64	64	1
534	535	1	General	16	64	64	1
534	535	1	General	31	64	64	1
529	536	0	General	0	256	256	1
529	536	0	General	2	256	256	1
529	536	0	General	3	256	256	1
529	536	1	General	0	4	4	1
529	536	1	General	128	4	4	1
529	536	1	General	255	4	4	1
536	537	0	Unique	0	1	1	1
536	537	0	Unique	128	1	1	1
536	537	0	Unique	255	1	1	1
536	537	1	General	0	4	4	1
536	537	1	General	32	4	4	1
536	537	1	General	63	4	4	1
532	538	0	Unique	0	1	1	1
532	538	0	Unique	32	1	1	1
532	538	0	Unique	63	1	1	1
532	538	1	Unique	0	1	1	1
532	538	1	Unique	32	1	1	1
532	538	1	Unique	63	1	1	1
535	539	0	Unique	0	1	1	1
535	539	0	Unique	16	1	1	1
535	539	0	Unique	31	1	1	1
535	539	1	Unique	0	1	1	1
535	539	1	Unique	16	1	1	1
535	539	1	Unique	31	1	1	1
539	540	0	Unique	0	1	1	1
539	540	0	Unique	16	1	1	1
539	540	0	Unique	31	1	1	1
539	540	1	Unique	0	1	1	1
539	540	1	Unique	16	1	1	1
539	540	1	Unique	31	1	1	1
537	541	0	General	0	32	32	1
537	541	0	General	32	32	32	1
537	541	0	General	63	32	32	1
537	541	1	General	0	64	64	1
537	541	1	General	16	64	64	1
537	541	1	General	31	64	64	1
538	542	0	Unique	0	1	1	1
538	542	0	Unique	32	1	1	1
538	542	0	Unique	63	1	1	1
538	542	1	Unique	0	1	1	1
538	542	1	Unique	32	1	1	1
538	542	1	Unique	63	1	1	1
540	542	0	General	0	64	64	1
540	542	0	General	16	64	64	1
540	542	0	General	31	64	64	1
540	542	1	General	0	32	32	1
540	542	1	General	32	32	32	1
540	542	1	General	63	32	32	1
541	542	0	General	0	64	64	1
541	542	0	General	16	64	64	1
541	542	0	General	31	64	64	1
541	542	1	General	0	32	32	1
541	542	1	General	32	32	32	1
541	542	1	General	63	32	32	1
528	543	0	Unique	0	1	1	1
528	543	0	Unique	64	1	1	1
528	543	0	Unique	127	1	1	1
528	543	1	Unique	0	1	1	1
528	543	1	Unique	256	0	0	1
528	543	1	Unique	511	0	0	1
542	543	0	General	0	512	512	1
542	543	0	General	32	512	512	1
542	543	0	General	63	512	512	1
542	543	1	General	0	64	64	1
542	543	1	General	256	64	64	1
542	543	1	General	511	64	64	1
528	544	0	Unique	0	1	1	1
528	544	0	Unique	64	1	1	1
528	544	0	Unique	127	1	1	1
528	544	1	Unique	0	1	1	1
528	544	1	Unique	64	1	1	1
528	544	1	Unique	127	1	1	1
543	544	0	Unique	0	1	1	1
543	544	0	Unique	256	1	1	1
543	544	0	Unique	511	1	1	1
543	544	1	General	0	4	4	1
543	544	1	General	64	4	4	1
543	544	1	General	127	4	4	1
544	545	0	General	0	4	4	1
544	545	0	General	64	4	4	1
544	545	0	General	127	4	4	1
544	545	1	General	0	128	128	1
544	545	1	General	2	128	128	1
544	545	1	General	3	128	128	1
545	546	0	General	0	1536	1536	1
545	546	0	General	2	1536	1536	1
545	546	0	General	3	1536	1536	1
545	546	1	General	0	4	4	1
545	546	1	General	768	4	4	1
545	546	1	General	1535	4	4	1
546	547	0	Unique	0	1	1	1
546	547	0	Unique	768	1	1	1
546	547	0	Unique	1535	1	1	1
546	547	1	General	0	4	4	1
546	547	1	General	192	4	4	1
546	547	1	General	383	4	4	1
545	548	0	General	0	1536	1536	1
545	548	0	General	2	1536	1536	1
545	548	0	General	3	1536	1536	1
545	548	1	General	0	4	4	1
545	548	1	General	768	4	4	1
545	548	1	General	1535	4	4	1
548	549	0	Unique	0	1	1	1
548	549	0	Unique	768	1	1	1
548	549	0	Unique	1535	1	1	1
548	549	1	General	0	4	4	1
548	549	1	General	192	4	4	1
548	549	1	General	383	4	4	1
547	550	0	General	0	4	4	1
547	550	0	General	192	4	4	1
547	550	0	General	383	4	4	1
547	550	1	General	0	384	384	1
547	550	1	General	2	384	384	1
547	550	1	General	3	384	384	1
549	550	0	General	0	4	4	1
549	550	0	General	192	4	4	1
549	550	0	General	383	4	4	1
549	550	1	General	0	384	384	1
549	550	1	General	2	384	384	1
549	550	1	General	3	384	384	1
544	551	0	Unique	0	1	1	1
544	551	0	Unique	64	1	1	1
544	551	0	Unique	127	1	1	1
544	551	1	Unique	0	1	1	1
544	551	1	Unique	256	0	0	1
544	551	1	Unique	511	0	0	1
550	551	0	General	0	512	512	1
550	551	0	General	2	512	512	1
550	551	0	General	3	512	512	1
550	551	1	General	0	4	4	1
550	551	1	General	256	4	4	1
550	551	1	General	511	4	4	1
544	552	0	Unique	0	1	1	1
544	552	0	Unique	64	1	1	1
544	552	0	Unique	127	1	1	1
544	552	1	Unique	0	1	1	1
544	552	1	Unique	64	1	1	1
544	552	1	Unique	127	1	1	1
551	552	0	Unique	0	1	1	1
551	552	0	Unique	256	1	1	1
551	552	0	Unique	511	1	1	1
551	552	1	General	0	4	4	1
551	552	1	General	64	4	4	1
551	552	1	General	127	4	4	1
552	553	0	General	0	4	4	1
552	553	0	General	64	4	4	1
552	553	0	General	127	4	4	1
552	553	1	General	0	128	128	1
552	553	1	General	2	128	128	1
552	553	1	General	3	128	128	1
553	554	0	General	0	512	512	1
553	554	0	General	2	512	512	1
553	554	0	General	3	512	512	1
553	554	1	General	0	4	4	1
553	554	1	General	256	4	4	1
553	554	1	General	511	4	4	1
554	555	0	Unique	0	1	1	1
554	555	0	Unique	256	1	1	1
554	555	0	Unique	511	1	1	1
554	555	1	General	0	4	4	1
554	555	1	General	64	4	4	1
554	555	1	General	127	4	4	1
555	556	0	General	0	64	64	1
555	556	0	General	64	64	64	1
555	556	0	General	127	64	64	1
555	556	1	General	0	128	128	1
555	556	1	General	32	128	128	1
555	556	1	General	63	128	128	1
553	557	0	General	0	256	256	1
553	557	0	General	2	256	256	1
553	557	0	General	3	256	256	1
553	557	1	General	0	4	4	1
553	557	1	General	128	4	4	1
553	557	1	General	255	4	4	1
557	558	0	Unique	0	1	1	1
557	558	0	Unique	128	1	1	1
557	558	0	Unique	255	1	1	1
557	558	1	General	0	4	4	1
557	558	1	General	32	4	4	1
557	558	1	General	63	4	4	1
558	559	0	General	0	32	32	1
558	559	0	General	32	32	32	1
558	559	0	General	63	32	32	1
558	559	1	General	0	64	64	1
558	559	1	General	16	64	64	1
558	559	1	General	31	64	64	1
553	560	0	General	0	256	256	1
553	560	0	General	2	256	256	1
553	560	0	General	3	256	256	1
553	560	1	General	0	4	4	1
553	560	1	General	128	4	4	1
553	560	1	General	255	4	4	1
560	561	0	Unique	0	1	1	1
560	561	0	Unique	128	1	1	1
560	561	0	Unique	255	1	1	1
560	561	1	General	0	4	4	1
560	561	1	General	32	4	4	1
560	561	1	General	63	4	4	1
556	562	0	Unique	0	1	1	1
556	562	0	Unique	32	1	1	1
556	562	0	Unique	63	1	1	1
556	562	1	Unique	0	1	1	1
556	562	1	Unique	32	1	1	1
556	562	1	Unique	63	1	1	1
559	563	0	Unique	0	1	1	1
559	563	0	Unique	16	1	1	1
559	563	0	Unique	31	1	1	1
559	563	1	Unique	0	1	1	1
559	563	1	Unique	16	1	1	1
559	563	1	Unique	31	1	1	1
563	564	0	Unique	0	1	1	1
563	564	0	Unique	16	1	1	1
563	564	0	Unique	31	1	1	1
563	564	1	Unique	0	1	1	1
563	564	1	Unique	16	1	1	1
563	564	1	Unique	31	1	1	1
561	565	0	General	0	32	32	1
561	565	0	General	32	32	32	1
561	565	0	General	63	32	32	1
561	565	1	General	0	64	64	1
561	565	1	General	16	64	64	1
561	565	1	General	31	64	64	1
562	566	0	Unique	0	1	1	1
562	566	0	Unique	32	1	1	1
562	566	0	Unique	63	1	1	1
562	566	1	Unique	0	1	1	1
562	566	1	Unique	32	1	1	1
562	566	1	Unique	63	1	1	1
564	566	0	General	0	64	64	1
564	566	0	General	16	64	64	1
564	566	0	General	31	64	64	1
564	566	1	General	0	32	32	1
564	566	1	General	32	32	32	1
564	566	1	General	63	32	32	1
565	566	0	General	0	64	64	1
565	566	0	General	16	64	64	1
565	566	0	General	31	64	64	1
565	566	1	General	0	32	32	1
565	566	1	General	32	32	32	1
565	566	1	General	63	32	32	1
552	567	0	Unique	0	1	1	1
552	567	0	Unique	64	1	1	1
552	567	0	Unique	127	1	1	1
552	567	1	Unique	0	1	1	1
552	567	1	Unique	256	0	0	1
552	567	1	Unique	511	0	0	1
566	567	0	General	0	512	512	1
566	567	0	General	32	512	512	1
566	567	0	General	63	512	512	1
566	567	1	General	0	64	64	1
566	567	1	General	256	64	64	1
566	567	1	General	511	64	64	1
552	568	0	Unique	0	1	1	1
552	568	0	Unique	64	1	1	1
552	568	0	Unique	127	1	1	1
552	568	1	Unique	0	1	1	1
552	568	1	Unique	64	1	1	1
552	568	1	Unique	127	1	1	1
567	568	0	Unique	0	1	1	1
567	568	0	Unique	256	1	1	1
567	568	0	Unique	511	1	1	1
567	568	1	General	0	4	4	1
567	568	1	General	64	4	4	1
567	568	1	General	127	4	4	1
568	569	0	General	0	4	4	1
568	569	0	General	64	4	4	1
568	569	0	General	127	4	4	1
568	569	1	General	0	128	128	1
568	569	1	General	2	128	128	1
568	569	1	General	3	128	128	1
569	570	0	General	0	1536	1536	1
569	570	0	General	2	1536	1536	1
569	570	0	General	3	1536	1536	1
569	570	1	General	0	4	4	1
569	570	1	General	768	4	4	1
569	570	1	General	1535	4	4	1
570	571	0	Unique	0	1	1	1
570	571	0	Unique	768	1	1	1
570	571	0	Unique	1535	1	1	1
570	571	1	General	0	4	4	1
570	571	1	General	192	4	4	1
570	571	1	General	383	4	4	1
569	572	0	General	0	1536	1536	1
569	572	0	General	2	1536	1536	1
569	572	0	General	3	1536	1536	1
569	572	1	General	0	4	4	1
569	572	1	General	768	4	4	1
569	572	1	General	1535	4	4	1
572	573	0	Unique	0	1	1	1
572	573	0	Unique	768	1	1	1
572	573	0	Unique	1535	1	1	1
572	573	1	General	0	4	4	1
572	573	1	General	192	4	4	1
572	573	1	General	383	4	4	1
571	574	0	General	0	4	4	1
571	574	0	General	192	4	4	1
571	574	0	General	383	4	4	1
571	574	1	General	0	384	384	1
571	574	1	General	2	384	384	1
571	574	1	General	3	384	384	1
573	574	0	General	0	4	4	1
573	574	0	General	192	4	4	1
573	574	0	General	383	4	4	1
573	574	1	General	0	384	384	1
573	574	1	General	2	384	384	1
573	574	1	General	3	384	384	1
568	575	0	Unique	0	1	1	1
568	575	0	Unique	64	1	1	1
568	575	0	Unique	127	1	1	1
568	575	1	Unique	0	1	1	1
568	575	1	Unique	256	0	0	1
568	575	1	Unique	511	0	0	1
574	575	0	General	0	512	512	1
574	575	0	General	2	512	512	1
574	575	0	General	3	512	512	1
574	575	1	General	0	4	4	1
574	575	1	General	256	4	4	1
574	575	1	General	511	4	4	1
568	576	0	Unique	0	1	1	1
568	576	0	Unique	64	1	1	1
568	576	0	Unique	127	1	1	1
568	576	1	Unique	0	1	1	1
568	576	1	Unique	64	1	1	1
568	576	1	Unique	127	1	1	1
575	576	0	Unique	0	1	1	1
575	576	0	Unique	256	1	1	1
575	576	0	Unique	511	1	1	1
575	576	1	General	0	4	4	1
575	576	1	General	64	4	4	1
575	576	1	General	127	4	4	1
576	577	0	General	0	4	4	1
576	577	0	General	64	4	4	1
576	577	0	General	127	4	4	1
576	577	1	General	0	128	128	1
576	577	1	General	2	128	128	1
576	577	1	General	3	128	128	1
577	578	0	General	0	512	512	1
577	578	0	General	2	512	512	1
577	578	0	General	3	512	512	1
577	578	1	General	0	4	4	1
577	578	1	General	256	4	4	1
577	578	1	General	511	4	4	1
578	579	0	Unique	0	1	1	1
578	579	0	Unique	256	1	1	1
578	579	0	Unique	511	1	1	1
578	579	1	General	0	4	4	1
578	579	1	General	64	4	4	1
578	579	1	General	127	4	4	1
579	580	0	General	0	64	64	1
579	580	0	General	64	64	64	1
579	580	0	General	127	64	64	1
579	580	1	General	0	128	128	1
579	580	1	General	32	128	128	1
579	580	1	General	63	128	128	1
577	581	0	General	0	256	256	1
577	581	0	General	2	256	256	1
577	581	0	General	3	256	256	1
577	581	1	General	0	4	4	1
577	581	1	General	128	4	4	1
577	581	1	General	255	4	4	1
581	582	0	Unique	0	1	1	1
581	582	0	Unique	128	1	1	1
581	582	0	Unique	255	1	1	1
581	582	1	General	0	4	4	1
581	582	1	General	32	4	4	1
581	582	1	General	63	4	4	1
582	583	0	General	0	32	32	1
582	583	0	General	32	32	32	1
582	583	0	General	63	32	32	1
582	583	1	General	0	64	64	1
582	583	1	General	16	64	64	1
582	583	1	General	31	64	64	1
577	584	0	General	0	256	256	1
577	584	0	General	2	256	256	1
577	584	0	General	3	256	256	1
577	584	1	General	0	4	4	1
577	584	1	General	128	4	4	1
577	584	1	General	255	4	4	1
584	585	0	Unique	0	1	1	1
584	585	0	Unique	128	1	1	1
584	585	0	Unique	255	1	1	1
584	585	1	General	0	4	4	1
584	585	1	General	32	4	4	1
584	585	1	General	63	4	4	1
580	586	0	Unique	0	1	1	1
580	586	0	Unique	32	1	1	1
580	586	0	Unique	63	1	1	1
580	586	1	Unique	0	1	1	1
580	586	1	Unique	32	1	1	1
580	586	1	Unique	63	1	1	1
583	587	0	Unique	0	1	1	1
583	587	0	Unique	16	1	1	1
583	587	0	Unique	31	1	1	1
583	587	1	Unique	0	1	1	1
583	587	1	Unique	16	1	1	1
583	587	1	Unique	31	1	1	1
587	588	0	Unique	0	1	1	1
587	588	0	Unique	16	1	1	1
587	588	0	Unique	31	1	1	1
587	588	1	Unique	0	1	1	1
587	588	1	Unique	16	1	1	1
587	588	1	Unique	31	1	1	1
585	589	0	General	0	32	32	1
585	589	0	General	32	32	32	1
585	589	0	General	63	32	32	1
585	589	1	General	0	64	64	1
585	589	1	General	16	64	64	1
585	589	1	General	31	64	64	1
586	590	0	Unique	0	1	1	1
586	590	0	Unique	32	1	1	1
586	590	0	Unique	63	1	1	1
586	590	1	Unique	0	1	1	1
586	590	1	Unique	32	1	1	1
586	590	1	Unique	63	1	1	1
588	590	0	General	0	64	64	1
588	590	0	General	16	64	64	1
588	590	0	General	31	64	64	1
588	590	1	General	0	32	32	1
588	590	1	General	32	32	32	1
588	590	1	General	63	32	32	1
589	590	0	General	0	64	64	1
589	590	0	General	16	64	64	1
589	590	0	General	31	64	64	1
589	590	1	General	0	32	32	1
589	590	1	General	32	32	32	1
589	590	1	General	63	32	32	1
576	591	0	Unique	0	1	1	1
576	591	0	Unique	64	1	1	1
576	591	0	Unique	127	1	1	1
576	591	1	Unique	0	1	1	1
576	591	1	Unique	256	0	0	1
576	591	1	Unique	511	0	0	1
590	591	0	General	0	512	512	1
590	591	0	General	32	512	512	1
590	591	0	General	63	512	512	1
590	591	1	General	0	64	64	1
590	591	1	General	256	64	64	1
590	591	1	General	511	64	64	1
576	592	0	Unique	0	1	1	1
576	592	0	Unique	64	1	1	1
576	592	0	Unique	127	1	1	1
576	592	1	Unique	0	1	1	1
576	592	1	Unique	64	1	1	1
576	592	1	Unique	127	1	1	1
591	592	0	Unique	0	1	1	1
591	592	0	Unique	256	1	1	1
591	592	0	Unique	511	1	1	1
591	592	1	General	0	4	4	1
591	592	1	General	64	4	4	1
591	592	1	General	127	4	4	1
592	593	0	General	0	4	4	1
592	593	0	General	64	4	4	1
592	593	0	General	127	4	4	1
592	593	1	General	0	128	128	1
592	593	1	General	2	128	128	1
592	593	1	General	3	128	128	1
593	594	0	General	0	1536	1536	1
593	594	0	General	2	1536	1536	1
593	594	0	General	3	1536	1536	1
593	594	1	General	0	4	4	1
593	594	1	General	768	4	4	1
593	594	1	General	1535	4	4	1
594	595	0	Unique	0	1	1	1
594	595	0	Unique	768	1	1	1
594	595	0	Unique	1535	1	1	1
594	595	1	General	0	4	4	1
594	595	1	General	192	4	4	1
594	595	1	General	383	4	4	1
593	596	0	General	0	1536	1536	1
593	596	0	General	2	1536	1536	1
593	596	0	General	3	1536	1536	1
593	596	1	General	0	4	4	1
593	596	1	General	768	4	4	1
593	596	1	General	1535	4	4	1
596	597	0	Unique	0	1	1	1
596	597	0	Unique	768	1	1	1
596	597	0	Unique	1535	1	1	1
596	597	1	General	0	4	4	1
596	597	1	General	192	4	4	1
596	597	1	General	383	4	4	1
595	598	0	General	0	4	4	1
595	598	0	General	192	4	4	1
595	598	0	General	383	4	4	1
595	598	1	General	0	384	384	1
595	598	1	General	2	384	384	1
595	598	1	General	3	384	384	1
597	598	0	General	0	4	4	1
597	598	0	General	192	4	4	1
597	598	0	General	383	4	4	1
597	598	1	General	0	384	384	1
597	598	1	General	2	384	384	1
597	598	1	General	3	384	384	1
592	599	0	Unique	0	1	1	1
592	599	0	Unique	64	1	1	1
592	599	0	Unique	127	1	1	1
592	599	1	Unique	0	1	1	1
592	599	1	Unique	256	0	0	1
592	599	1	Unique	511	0	0	1
598	599	0	General	0	512	512	1
598	599	0	General	2	512	512	1
598	599	0	General	3	512	512	1
598	599	1	General	0	4	4	1
598	599	1	General	256	4	4	1
598	599	1	General	511	4	4	1
592	600	0	Unique	0	1	1	1
592	600	0	Unique	64	1	1	1
592	600	0	Unique	127	1	1	1
592	600	1	Unique	0	1	1	1
592	600	1	Unique	64	1	1	1
592	600	1	Unique	127	1	1	1
599	600	0	Unique	0	1	1	1
599	600	0	Unique	256	1	1	1
599	600	0	Unique	511	1	1	1
599	600	1	General	0	4	4	1
599	600	1	General	64	4	4	1
599	600	1	General	127	4	4	1
600	601	0	General	0	4	4	1
600	601	0	General	64	4	4	1
600	601	0	General	127	4	4	1
600	601	1	General	0	128	128	1
600	601	1	General	2	128	128	1
600	601	1	General	3	128	128	1
601	602	0	General	0	512	512	1
601	602	0	General	2	512	512	1
601	602	0	General	3	512	512	1
601	602	1	General	0	4	4	1
601	602	1	General	256	4	4	1
601	602	1	General	511	4	4	1
602	603	0	Unique	0	1	1	1
602	603	0	Unique	256	1	1	1
602	603	0	Unique	511	1	1	1
602	603	1	General	0	4	4	1
602	603	1	General	64	4	4	1
602	603	1	General	127	4	4	1
603	604	0	General	0	64	64	1
603	604	0	General	64	64	64	1
603	604	0	General	127	64	64	1
603	604	1	General	0	128	128	1
603	604	1	General	32	128	128	1
603	604	1	General	63	128	128	1
601	605	0	General	0	256	256	1
601	605	0	General	2	256	256	1
601	605	0	General	3	256	256	1
601	605	1	General	0	4	4	1
601	605	1	General	128	4	4	1
601	605	1	General	255	4	4	1
605	606	0	Unique	0	1	1	1
605	606	0	Unique	128	1	1	1
605	606	0	Unique	255	1	1	1
605	606	1	General	0	4	4	1
605	606	1	General	32	4	4	1
605	606	1	General	63	4	4	1
606	607	0	General	0	32	32	1
606	607	0	General	32	32	32	1
606	607	0	General	63	32	32	1
606	607	1	General	0	64	64	1
606	607	1	General	16	64	64	1
606	607	1	General	31	64	64	1
601	608	0	General	0	256	256	1
601	608	0	General	2	256	256	1
601	608	0	General	3	256	256	1
601	608	1	General	0	4	4	1
601	608	1	General	128	4	4	1
601	608	1	General	255	4	4	1
608	609	0	Unique	0	1	1	1
608	609	0	Unique	128	1	1	1
608	609	0	Unique	255	1	1	1
608	609	1	General	0	4	4	1
608	609	1	General	32	4	4	1
608	609	1	General	63	4	4	1
604	610	0	Unique	0	1	1	1
604	610	0	Unique	32	1	1	1
604	610	0	Unique	63	1	1	1
604	610	1	Unique	0	1	1	1
604	610	1	Unique	32	1	1	1
604	610	1	Unique	63	1	1	1
607	611	0	Unique	0	1	1	1
607	611	0	Unique	16	1	1	1
607	611	0	Unique	31	1	1	1
607	611	1	Unique	0	1	1	1
607	611	1	Unique	16	1	1	1
607	611	1	Unique	31	1	1	1
611	612	0	Unique	0	1	1	1
611	612	0	Unique	16	1	1	1
611	612	0	Unique	31	1	1	1
611	612	1	Unique	0	1	1	1
611	612	1	Unique	16	1	1	1
611	612	1	Unique	31	1	1	1
609	613	0	General	0	32	32	1
609	613	0	General	32	32	32	1
609	613	0	General	63	32	32	1
609	613	1	General	0	64	64	1
609	613	1	General	16	64	64	1
609	613	1	General	31	64	64	1
610	614	0	Unique	0	1	1	1
610	614	0	Unique	32	1	1	1
610	614	0	Unique	63	1	1	1
610	614	1	Unique	0	1	1	1
610	614	1	Unique	32	1	1	1
610	614	1	Unique	63	1	1	1
612	614	0	General	0	64	64	1
612	614	0	General	16	64	64	1
612	614	0	General	31	64	64	1
612	614	1	General	0	32	32	1
612	614	1	General	32	32	32	1
612	614	1	General	63	32	32	1
613	614	0	General	0	64	64	1
613	614	0	General	16	64	64	1
613	614	0	General	31	64	64	1
613	614	1	General	0	32	32	1
613	614	1	General	32	32	32	1
613	614	1	General	63	32	32	1
600	615	0	Unique	0	1	1	1
600	615	0	Unique	64	1	1	1
600	615	0	Unique	127	1	1	1
600	615	1	Unique	0	1	1	1
600	615	1	Unique	256	0	0	1
600	615	1	Unique	511	0	0	1
614	615	0	General	0	512	512	1
614	615	0	General	32	512	512	1
614	615	0	General	63	512	512	1
614	615	1	General	0	64	64	1
614	615	1	General	256	64	64	1
614	615	1	General	511	64	64	1
600	616	0	Unique	0	1	1	1
600	616	0	Unique	64	1	1	1
600	616	0	Unique	127	1	1	1
600	616	1	Unique	0	1	1	1
600	616	1	Unique	64	1	1	1
600	616	1	Unique	127	1	1	1
615	616	0	Unique	0	1	1	1
615	616	0	Unique	256	1	1	1
615	616	0	Unique	511	1	1	1
615	616	1	General	0	4	4	1
615	616	1	General	64	4	4	1
615	616	1	General	127	4	4	1
616	617	0	General	0	4	4	1
616	617	0	General	64	4	4	1
616	617	0	General	127	4	4	1
616	617	1	General	0	128	128	1
616	617	1	General	2	128	128	1
616	617	1	General	3	128	128	1
617	618	0	General	0	1536	1536	1
617	618	0	General	2	1536	1536	1
617	618	0	General	3	1536	1536	1
617	618	1	General	0	4	4	1
617	618	1	General	768	4	4	1
617	618	1	General	1535	4	4	1
618	619	0	Unique	0	1	1	1
618	619	0	Unique	768	1	1	1
618	619	0	Unique	1535	1	1	1
618	619	1	General	0	4	4	1
618	619	1	General	192	4	4	1
618	619	1	General	383	4	4	1
617	620	0	General	0	1536	1536	1
617	620	0	General	2	1536	1536	1
617	620	0	General	3	1536	1536	1
617	620	1	General	0	4	4	1
617	620	1	General	768	4	4	1
617	620	1	General	1535	4	4	1
620	621	0	Unique	0	1	1	1
620	621	0	Unique	768	1	1	1
620	621	0	Unique	1535	1	1	1
620	621	1	General	0	4	4	1
620	621	1	General	192	4	4	1
620	621	1	General	383	4	4	1
619	622	0	General	0	4	4	1
619	622	0	General	192	4	4	1
619	622	0	General	383	4	4	1
619	622	1	General	0	384	384	1
619	622	1	General	2	384	384	1
619	622	1	General	3	384	384	1
621	622	0	General	0	4	4	1
621	622	0	General	192	4	4	1
621	622	0	General	383	4	4	1
621	622	1	General	0	384	384	1
621	622	1	General	2	384	384	1
621	622	1	General	3	384	384	1
616	623	0	Unique	0	1	1	1
616	623	0	Unique	64	1	1	1
616	623	0	Unique	127	1	1	1
616	623	1	Unique	0	1	1	1
616	623	1	Unique	256	0	0	1
616	623	1	Unique	511	0	0	1
622	623	0	General	0	512	512	1
622	623	0	General	2	512	512	1
622	623	0	General	3	512	512	1
622	623	1	General	0	4	4	1
622	623	1	General	256	4	4	1
622	623	1	General	511	4	4	1
616	624	0	Unique	0	1	1	1
616	624	0	Unique	64	1	1	1
616	624	0	Unique	127	1	1	1
616	624	1	Unique	0	1	1	1
616	624	1	Unique	64	1	1	1
616	624	1	Unique	127	1	1	1
623	624	0	Unique	0	1	1	1
623	624	0	Unique	256	1	1	1
623	624	0	Unique	511	1	1	1
623	624	1	General	0	4	4	1
623	624	1	General	64	4	4	1
623	624	1	General	127	4	4	1
624	625	0	General	0	4	4	1
624	625	0	General	64	4	4	1
624	625	0	General	127	4	4	1
624	625	1	General	0	128	128	1
624	625	1	General	2	128	128	1
624	625	1	General	3	128	128	1
625	626	0	General	0	512	512	1
625	626	0	General	2	512	512	1
625	626	0	General	3	512	512	1
625	626	1	General	0	4	4	1
625	626	1	General	256	4	4	1
625	626	1	General	511	4	4	1
626	627	0	Unique	0	1	1	1
626	627	0	Unique	256	1	1	1
626	627	0	Unique	511	1	1	1
626	627	1	General	0	4	4	1
626	627	1	General	64	4	4	1
626	627	1	General	127	4	4	1
627	628	0	General	0	64	64	1
627	628	0	General	64	64	64	1
627	628	0	General	127	64	64	1
627	628	1	General	0	128	128	1
627	628	1	General	32	128	128	1
627	628	1	General	63	128	128	1
625	629	0	General	0	256	256	1
625	629	0	General	2	256	256	1
625	629	0	General	3	256	256	1
625	629	1	General	0	4	4	1
625	629	1	General	128	4	4	1
625	629	1	General	255	4	4	1
629	630	0	Unique	0	1	1	1
629	630	0	Unique	128	1	1	1
629	630	0	Unique	255	1	1	1
629	630	1	General	0	4	4	1
629	630	1	General	32	4	4	1
629	630	1	General	63	4	4	1
630	631	0	General	0	32	32	1
630	631	0	General	32	32	32	1
630	631	0	General	63	32	32	1
630	631	1	General	0	64	64	1
630	631	1	General	16	64	64	1
630	631	1	General	31	64	64	1
625	632	0	General	0	256	256	1
625	632	0	General	2	256	256	1
625	632	0	General	3	256	256	1
625	632	1	General	0	4	4	1
625	632	1	General	128	4	4	1
625	632	1	General	255	4	4	1
632	633	0	Unique	0	1	1	1
632	633	0	Unique	128	1	1	1
632	633	0	Unique	255	1	1	1
632	633	1	General	0	4	4	1
632	633	1	General	32	4	4	1
632	633	1	General	63	4	4	1
628	634	0	Unique	0	1	1	1
628	634	0	Unique	32	1	1	1
628	634	0	Unique	63	1	1	1
628	634	1	Unique	0	1	1	1
628	634	1	Unique	32	1	1	1
628	634	1	Unique	63	1	1	1
631	635	0	Unique	0	1	1	1
631	635	0	Unique	16	1	1	1
631	635	0	Unique	31	1	1	1
631	635	1	Unique	0	1	1	1
631	635	1	Unique	16	1	1	1
631	635	1	Unique	31	1	1	1
635	636	0	Unique	0	1	1	1
635	636	0	Unique	16	1	1	1
635	636	0	Unique	31	1	1	1
635	636	1	Unique	0	1	1	1
635	636	1	Unique	16	1	1	1
635	636	1	Unique	31	1	1	1
633	637	0	General	0	32	32	1
633	637	0	General	32	32	32	1
633	637	0	General	63	32	32	1
633	637	1	General	0	64	64	1
633	637	1	General	16	64	64	1
633	637	1	General	31	64	64	1
634	638	0	Unique	0	1	1	1
634	638	0	Unique	32	1	1	1
634	638	0	Unique	63	1	1	1
634	638	1	Unique	0	1	1	1
634	638	1	Unique	32	1	1	1
634	638	1	Unique	63	1	1	1
636	638	0	General	0	64	64	1
636	638	0	General	16	64	64	1
636	638	0	General	31	64	64	1
636	638	1	General	0	32	32	1
636	638	1	General	32	32	32	1
636	638	1	General	63	32	32	1
637	638	0	General	0	64	64	1
637	638	0	General	16	64	64	1
637	638	0	General	31	64	64	1
637	638	1	General	0	32	32	1
637	638	1	General	32	32	32	1
637	638	1	General	63	32	32	1
624	639	0	Unique	0	1	1	1
624	639	0	Unique	64	1	1	1
624	639	0	Unique	127	1	1	1
624	639	1	Unique	0	1	1	1
624	639	1	Unique	256	0	0	1
624	639	1	Unique	511	0	0	1
638	639	0	General	0	512	512	1
638	639	0	General	32	512	512	1
638	639	0	General	63	512	512	1
638	639	1	General	0	64	64	1
638	639	1	General	256	64	64	1
638	639	1	General	511	64	64	1
624	640	0	Unique	0	1	1	1
624	640	0	Unique	64	1	1	1
624	640	0	Unique	127	1	1	1
624	640	1	Unique	0	1	1	1
624	640	1	Unique	64	1	1	1
624	640	1	Unique	127	1	1	1
639	640	0	Unique	0	1	1	1
639	640	0	Unique	256	1	1	1
639	640	0	Unique	511	1	1	1
639	640	1	General	0	4	4	1
639	640	1	General	64	4	4	1
639	640	1	General	127	4	4	1
640	641	0	General	0	4	4	1
640	641	0	General	64	4	4	1
640	641	0	General	127	4	4	1
640	641	1	General	0	128	128	1
640	641	1	General	2	128	128	1
640	641	1	General	3	128	128	1
641	642	0	General	0	1536	1536	1
641	642	0	General	2	1536	1536	1
641	642	0	General	3	1536	1536	1
641	642	1	General	0	4	4	1
641	642	1	General	768	4	4	1
641	642	1	General	1535	4	4	1
642	643	0	Unique	0	1	1	1
642	643	0	Unique	768	1	1	1
642	643	0	Unique	1535	1	1	1
642	643	1	General	0	4	4	1
642	643	1	General	192	4	4	1
642	643	1	General	383	4	4	1
641	644	0	General	0	1536	1536	1
641	644	0	General	2	1536	1536	1
641	644	0	General	3	1536	1536	1
641	644	1	General	0	4	4	1
641	644	1	General	768	4	4	1
641	644	1	General	1535	4	4	1
644	645	0	Unique	0	1	1	1
644	645	0	Unique	768	1	1	1
644	645	0	Unique	1535	1	1	1
644	645	1	General	0	4	4	1
644	645	1	General	192	4	4	1
644	645	1	General	383	4	4	1
643	646	0	General	0	4	4	1
643	646	0	General	192	4	4	1
643	646	0	General	383	4	4	1
643	646	1	General	0	384	384	1
643	646	1	General	2	384	384	1
643	646	1	General	3	384	384	1
645	646	0	General	0	4	4	1
645	646	0	General	192	4	4	1
645	646	0	General	383	4	4	1
645	646	1	General	0	384	384	1
645	646	1	General	2	384	384	1
645	646	1	General	3	384	384	1
640	647	0	Unique	0	1	1	1
640	647	0	Unique	64	1	1	1
640	647	0	Unique	127	1	1	1
640	647	1	Unique	0	1	1	1
640	647	1	Unique	256	0	0	1
640	647	1	Unique	511	0	0	1
646	647	0	General	0	512	512	1
646	647	0	General	2	512	512	1
646	647	0	General	3	512	512	1
646	647	1	General	0	4	4	1
646	647	1	General	256	4	4	1
646	647	1	General	511	4	4	1
640	648	0	Unique	0	1	1	1
640	648	0	Unique	64	1	1	1
640	648	0	Unique	127	1	1	1
640	648	1	Unique	0	1	1	1
640	648	1	Unique	64	1	1	1
640	648	1	Unique	127	1	1	1
647	648	0	Unique	0	1	1	1
647	648	0	Unique	256	1	1	1
647	648	0	Unique	511	1	1	1
647	648	1	General	0	4	4	1
647	648	1	General	64	4	4	1
647	648	1	General	127	4	4	1
648	649	0	General	0	4	4	1
648	649	0	General	64	4	4	1
648	649	0	General	127	4	4	1
648	649	1	General	0	128	128	1
648	649	1	General	2	128	128	1
648	649	1	General	3	128	128	1
649	650	0	General	0	512	512	1
649	650	0	General	2	512	512	1
649	650	0	General	3	512	512	1
649	650	1	General	0	4	4	1
649	650	1	General	256	4	4	1
649	650	1	General	511	4	4	1
650	651	0	Unique	0	1	1	1
650	651	0	Unique	256	1	1	1
650	651	0	Unique	511	1	1	1
650	651	1	General	0	4	4	1
650	651	1	General	64	4	4	1
650	651	1	General	127	4	4	1
651	652	0	General	0	64	64	1
651	652	0	General	64	64	64	1
651	652	0	General	127	64	64	1
651	652	1	General	0	128	128	1
651	652	1	General	32	128	128	1
651	652	1	General	63	128	128	1
649	653	0	General	0	256	256	1
649	653	0	General	2	256	256	1
649	653	0	General	3	256	256	1
649	653	1	General	0	4	4	1
649	653	1	General	128	4	4	1
649	653	1	General	255	4	4	1
653	654	0	Unique	0	1	1	1
653	654	0	Unique	128	1	1	1
653	654	0	Unique	255	1	1	1
653	654	1	General	0	4	4	1
653	654	1	General	32	4	4	1
653	654	1	General	63	4	4	1
654	655	0	General	0	32	32	1
654	655	0	General	32	32	32	1
654	655	0	General	63	32	32	1
654	655	1	General	0	64	64	1
654	655	1	General	16	64	64	1
654	655	1	General	31	64	64	1
649	656	0	General	0	256	256	1
649	656	0	General	2	256	256	1
649	656	0	General	3	256	256	1
649	656	1	General	0	4	4	1
649	656	1	General	128	4	4	1
649	656	1	General	255	4	4	1
656	657	0	Unique	0	1	1	1
656	657	0	Unique	128	1	1	1
656	657	0	Unique	255	1	1	1
656	657	1	General	0	4	4	1
656	657	1	General	32	4	4	1
656	657	1	General	63	4	4	1
652	658	0	Unique	0	1	1	1
652	658	0	Unique	32	1	1	1
652	658	0	Unique	63	1	1	1
652	658	1	Unique	0	1	1	1
652	658	1	Unique	32	1	1	1
652	658	1	Unique	63	1	1	1
655	659	0	Unique	0	1	1	1
655	659	0	Unique	16	1	1	1
655	659	0	Unique	31	1	1	1
655	659	1	Unique	0	1	1	1
655	659	1	Unique	16	1	1	1
655	659	1	Unique	31	1	1	1
659	660	0	Unique	0	1	1	1
659	660	0	Unique	16	1	1	1
659	660	0	Unique	31	1	1	1
659	660	1	Unique	0	1	1	1
659	660	1	Unique	16	1	1	1
659	660	1	Unique	31	1	1	1
657	661	0	General	0	32	32	1
657	661	0	General	32	32	32	1
657	661	0	General	63	32	32	1
657	661	1	General	0	64	64	1
657	661	1	General	16	64	64	1
657	661	1	General	31	64	64	1
658	662	0	Unique	0	1	1	1
658	662	0	Unique	32	1	1	1
658	662	0	Unique	63	1	1	1
658	662	1	Unique	0	1	1	1
658	662	1	Unique	32	1	1	1
658	662	1	Unique	63	1	1	1
660	662	0	General	0	64	64	1
660	662	0	General	16	64	64	1
660	662	0	General	31	64	64	1
660	662	1	General	0	32	32	1
660	662	1	General	32	32	32	1
660	662	1	General	63	32	32	1
661	662	0	General	0	64	64	1
661	662	0	General	16	64	64	1
661	662	0	General	31	64	64	1
661	662	1	General	0	32	32	1
661	662	1	General	32	32	32	1
661	662	1	General	63	32	32	1
648	663	0	Unique	0	1	1	1
648	663	0	Unique	64	1	1	1
648	663	0	Unique	127	1	1	1
648	663	1	Unique	0	1	1	1
648	663	1	Unique	256	0	0	1
648	663	1	Unique	511	0	0	1
662	663	0	General	0	512	512	1
662	663	0	General	32	512	512	1
662	663	0	General	63	512	512	1
662	663	1	General	0	64	64	1
662	663	1	General	256	64	64	1
662	663	1	General	511	64	64	1
648	664	0	Unique	0	1	1	1
648	664	0	Unique	64	1	1	1
648	664	0	Unique	127	1	1	1
648	664	1	Unique	0	1	1	1
648	664	1	Unique	64	1	1	1
648	664	1	Unique	127	1	1	1
663	664	0	Unique	0	1	1	1
663	664	0	Unique	256	1	1	1
663	664	0	Unique	511	1	1	1
663	664	1	General	0	4	4	1
663	664	1	General	64	4	4	1
663	664	1	General	127	4	4	1
664	665	0	General	0	4	4	1
664	665	0	General	64	4	4	1
664	665	0	General	127	4	4	1
664	665	1	General	0	128	128	1
664	665	1	General	2	128	128	1
664	665	1	General	3	128	128	1
665	666	0	General	0	1536	1536	1
665	666	0	General	2	1536	1536	1
665	666	0	General	3	1536	1536	1
665	666	1	General	0	4	4	1
665	666	1	General	768	4	4	1
665	666	1	General	1535	4	4	1
666	667	0	Unique	0	1	1	1
666	667	0	Unique	768	1	1	1
666	667	0	Unique	1535	1	1	1
666	667	1	General	0	4	4	1
666	667	1	General	192	4	4	1
666	667	1	General	383	4	4	1
665	668	0	General	0	1536	1536	1
665	668	0	General	2	1536	1536	1
665	668	0	General	3	1536	1536	1
665	668	1	General	0	4	4	1
665	668	1	General	768	4	4	1
665	668	1	General	1535	4	4	1
668	669	0	Unique	0	1	1	1
668	669	0	Unique	768	1	1	1
668	669	0	Unique	1535	1	1	1
668	669	1	General	0	4	4	1
668	669	1	General	192	4	4	1
668	669	1	General	383	4	4	1
667	670	0	General	0	4	4	1
667	670	0	General	192	4	4	1
667	670	0	General	383	4	4	1
667	670	1	General	0	384	384	1
667	670	1	General	2	384	384	1
667	670	1	General	3	384	384	1
669	670	0	General	0	4	4	1
669	670	0	General	192	4	4	1
669	670	0	General	383	4	4	1
669	670	1	General	0	384	384	1
669	670	1	General	2	384	384	1
669	670	1	General	3	384	384	1
664	671	0	Unique	0	1	1	1
664	671	0	Unique	64	1	1	1
664	671	0	Unique	127	1	1	1
664	671	1	Unique	0	1	1	1
664	671	1	Unique	256	0	0	1
664	671	1	Unique	511	0	0	1
670	671	0	General	0	512	512	1
670	671	0	General	2	512	512	1
670	671	0	General	3	512	512	1
670	671	1	General	0	4	4	1
670	671	1	General	256	4	4	1
670	671	1	General	511	4	4	1
664	672	0	Unique	0	1	1	1
664	672	0	Unique	64	1	1	1
664	672	0	Unique	127	1	1	1
664	672	1	Unique	0	1	1	1
664	672	1	Unique	64	1	1	1
664	672	1	Unique	127	1	1	1
671	672	0	Unique	0	1	1	1
671	672	0	Unique	256	1	1	1
671	672	0	Unique	511	1	1	1
671	672	1	General	0	4	4	1
671	672	1	General	64	4	4	1
671	672	1	General	127	4	4	1
672	673	0	General	0	4	4	1
672	673	0	General	64	4	4	1
672	673	0	General	127	4	4	1
672	673	1	General	0	128	128	1
672	673	1	General	2	128	128	1
672	673	1	General	3	128	128	1
673	674	0	General	0	37984	37984	1
673	674	0	General	2	37984	37984	1
673	674	0	General	3	37984	37984	1
673	674	1	General	0	4	4	1
673	674	1	General	18992	4	4	1
673	674	1	General	37983	4	4	1
674	675	0	Unique	0	1	1	1
674	675	0	Unique	18992	1	1	1
674	675	0	Unique	37983	1	1	1
674	675	1	General	0	4	4	1
674	675	1	General	4748	4	4	1
674	675	1	General	9495	4	4	1
STRUCTURE 1:1 edges=223
STRUCTURE M:N edges=451
STRUCTURE N:1 edges=197
ORACLE_KIND General directions=1099
ORACLE_KIND Unique directions=643
ORACLE_SET_EQUAL comparisons=5226 PASS
CONTROL_EFT plan=/root/TileMega/docs/experiments/SOLVER_V2/legacy_r8_domain/qwen3_s4/eft_queue.tsv nodes=235984
