event_index	stage	group	fanin	publish_ns
0	0	4294967295	0	0
1	1	4294967295	0	0
2	2	4294967295	0	0
3	3	4294967295	0	0
4	4	4294967295	0	0
5	5	4294967295	0	0
6	6	4294967295	0	0
7	7	4294967295	0	0
8	8	4294967295	0	0
9	9	4294967295	0	0
10	10	4294967295	0	0
11	11	4294967295	0	0
12	12	4294967295	0	0
13	13	4294967295	0	0
14	14	4294967295	0	0
15	15	4294967295	0	0
16	16	4294967295	0	0
17	17	4294967295	0	0
18	18	4294967295	0	0
19	19	4294967295	0	0
20	20	4294967295	0	0
21	21	4294967295	0	0
22	22	4294967295	0	0
23	23	4294967295	0	0
24	24	4294967295	0	0
25	25	4294967295	0	0
26	26	4294967295	0	0
27	27	4294967295	0	0
28	28	4294967295	0	0
29	29	4294967295	0	0
30	30	4294967295	0	0
31	31	4294967295	0	0
32	32	4294967295	0	0
33	33	4294967295	0	0
34	34	4294967295	0	0
35	35	4294967295	0	0
36	36	4294967295	0	0
37	37	4294967295	0	0
38	38	4294967295	0	0
39	39	4294967295	0	0
40	40	4294967295	0	0
41	41	4294967295	0	0
42	42	4294967295	0	0
43	43	4294967295	0	0
44	44	4294967295	0	0
45	45	4294967295	0	0
46	46	4294967295	0	0
47	47	4294967295	0	0
48	48	4294967295	0	0
49	49	4294967295	0	0
50	50	4294967295	0	0
51	51	4294967295	0	0
52	52	4294967295	0	0
53	53	4294967295	0	0
54	54	4294967295	0	0
55	55	4294967295	0	0
56	56	4294967295	0	0
57	57	4294967295	0	0
58	58	4294967295	0	0
59	59	4294967295	0	0
60	60	4294967295	0	0
61	61	4294967295	0	0
62	62	4294967295	0	0
63	63	4294967295	0	0
64	64	4294967295	0	0
65	65	4294967295	0	0
66	66	4294967295	0	0
67	67	4294967295	0	0
68	68	4294967295	0	0
69	69	4294967295	0	0
70	70	4294967295	0	0
71	71	4294967295	0	0
72	72	4294967295	0	0
73	73	4294967295	0	0
74	74	4294967295	0	0
75	75	4294967295	0	0
76	76	4294967295	0	0
77	77	4294967295	0	0
78	78	4294967295	0	0
79	79	4294967295	0	0
80	80	4294967295	0	0
81	81	4294967295	0	0
82	82	4294967295	0	0
83	83	4294967295	0	0
84	84	4294967295	0	0
85	85	4294967295	0	0
86	86	4294967295	0	0
87	87	4294967295	0	0
88	0	0	4	1789681864424611840
89	0	1	4	1789681864424611840
90	0	2	4	1789681864424611840
91	0	3	4	1789681864424611840
92	0	4	4	1789681864424611840
93	0	5	4	1789681864424611840
94	0	6	4	1789681864424611840
95	0	7	4	1789681864424610816
96	0	8	4	1789681864424610816
97	0	9	4	1789681864424611840
98	0	10	4	1789681864424610816
99	0	11	4	1789681864424610816
100	0	12	4	1789681864424611840
101	0	13	4	1789681864424611840
102	0	14	4	1789681864424610816
103	0	15	4	1789681864424610816
104	0	16	4	1789681864424610816
105	0	17	4	1789681864424610816
106	0	18	4	1789681864424610816
107	0	19	4	1789681864424610816
108	0	20	4	1789681864424611840
109	0	21	4	1789681864424610816
110	0	22	4	1789681864424610816
111	0	23	4	1789681864424610816
112	0	24	4	1789681864424611840
113	0	25	4	1789681864424611840
114	0	26	4	1789681864424611840
115	0	27	4	1789681864424611840
116	0	28	4	1789681864424611840
117	0	29	4	1789681864424611840
118	0	30	4	1789681864424611840
119	0	31	4	1789681864424610816
120	1	0	4	1789681864424629248
121	1	1	4	1789681864424628224
122	1	2	4	1789681864424627200
123	1	3	4	1789681864424627200
124	1	4	4	1789681864424628224
125	1	5	4	1789681864424628224
126	1	6	4	1789681864424627200
127	1	7	4	1789681864424627200
128	1	8	4	1789681864424628224
129	1	9	4	1789681864424628224
130	1	10	4	1789681864424627200
131	1	11	4	1789681864424628224
132	1	12	4	1789681864424627200
133	1	13	4	1789681864424627200
134	1	14	4	1789681864424627200
135	1	15	4	1789681864424627200
136	1	16	4	1789681864424627200
137	1	17	4	1789681864424627200
138	1	18	4	1789681864424628224
139	1	19	4	1789681864424627200
140	1	20	4	1789681864424627200
141	1	21	4	1789681864424628224
142	1	22	4	1789681864424627200
143	1	23	4	1789681864424628224
144	1	24	4	1789681864424627200
145	1	25	4	1789681864424628224
146	1	26	4	1789681864424628224
147	1	27	4	1789681864424627200
148	1	28	4	1789681864424628224
149	1	29	4	1789681864424627200
150	1	30	4	1789681864424628224
151	1	31	4	1789681864424628224
152	1	32	4	1789681864424627200
153	1	33	4	1789681864424625152
154	1	34	4	1789681864424626176
155	1	35	4	1789681864424625152
156	1	36	4	1789681864424626176
157	1	37	4	1789681864424625152
158	1	38	4	1789681864424625152
159	1	39	4	1789681864424626176
160	1	40	4	1789681864424625152
161	1	41	4	1789681864424625152
162	1	42	4	1789681864424625152
163	1	43	4	1789681864424625152
164	1	44	4	1789681864424625152
165	1	45	4	1789681864424626176
166	1	46	4	1789681864424625152
167	1	47	4	1789681864424625152
168	1	48	4	1789681864424625152
169	1	49	4	1789681864424625152
170	1	50	4	1789681864424625152
171	1	51	4	1789681864424625152
172	1	52	4	1789681864424626176
173	1	53	4	1789681864424625152
174	1	54	4	1789681864424626176
175	1	55	4	1789681864424625152
176	1	56	4	1789681864424625152
177	1	57	4	1789681864424625152
178	1	58	4	1789681864424625152
179	1	59	4	1789681864424625152
180	1	60	4	1789681864424626176
181	1	61	4	1789681864424625152
182	1	62	4	1789681864424626176
183	1	63	4	1789681864424625152
184	1	64	4	1789681864424624128
185	1	65	4	1789681864424624128
186	1	66	4	1789681864424624128
187	1	67	4	1789681864424624128
188	1	68	4	1789681864424624128
189	1	69	4	1789681864424625152
190	1	70	4	1789681864424625152
191	1	71	4	1789681864424625152
192	1	72	4	1789681864424626176
193	1	73	4	1789681864424625152
194	1	74	4	1789681864424627200
195	1	75	4	1789681864424627200
196	1	76	4	1789681864424629248
197	1	77	4	1789681864424627200
198	1	78	4	1789681864424627200
199	1	79	4	1789681864424627200
200	1	80	4	1789681864424628224
201	1	81	4	1789681864424628224
202	1	82	4	1789681864424627200
203	1	83	4	1789681864424627200
204	1	84	4	1789681864424628224
205	1	85	4	1789681864424627200
206	1	86	4	1789681864424627200
207	1	87	4	1789681864424627200
208	1	88	4	1789681864424628224
209	1	89	4	1789681864424628224
210	1	90	4	1789681864424627200
211	1	91	4	1789681864424628224
212	1	92	4	1789681864424627200
213	1	93	4	1789681864424627200
214	1	94	4	1789681864424627200
215	1	95	4	1789681864424627200
216	1	96	4	1789681864424630272
217	1	97	4	1789681864424629248
218	1	98	4	1789681864424629248
219	1	99	4	1789681864424629248
220	1	100	4	1789681864424629248
221	1	101	4	1789681864424629248
222	1	102	4	1789681864424629248
223	1	103	4	1789681864424629248
224	1	104	4	1789681864424629248
225	1	105	4	1789681864424629248
226	1	106	4	1789681864424629248
227	1	107	4	1789681864424629248
228	1	108	4	1789681864424629248
229	1	109	4	1789681864424630272
230	1	110	4	1789681864424629248
231	1	111	4	1789681864424629248
232	1	112	4	1789681864424629248
233	1	113	4	1789681864424629248
234	1	114	4	1789681864424629248
235	1	115	4	1789681864424629248
236	1	116	4	1789681864424629248
237	1	117	4	1789681864424629248
238	1	118	4	1789681864424628224
239	1	119	4	1789681864424629248
240	1	120	4	1789681864424629248
241	1	121	4	1789681864424629248
242	1	122	4	1789681864424630272
243	1	123	4	1789681864424629248
244	1	124	4	1789681864424629248
245	1	125	4	1789681864424629248
246	1	126	4	1789681864424629248
247	1	127	4	1789681864424630272
248	2	4294967295	128	1789681864424638464
249	3	0	4	1789681864424621056
250	3	1	4	1789681864424620032
251	3	2	4	1789681864424620032
252	3	3	4	1789681864424620032
253	3	4	4	1789681864424621056
254	3	5	4	1789681864424621056
255	3	6	4	1789681864424620032
256	3	7	4	1789681864424619008
257	3	8	4	1789681864424620032
258	3	9	4	1789681864424620032
259	3	10	4	1789681864424619008
260	3	11	4	1789681864424619008
261	3	12	4	1789681864424620032
262	3	13	4	1789681864424621056
263	3	14	4	1789681864424620032
264	3	15	4	1789681864424619008
265	3	16	4	1789681864424620032
266	3	17	4	1789681864424620032
267	3	18	4	1789681864424620032
268	3	19	4	1789681864424620032
269	3	20	4	1789681864424620032
270	3	21	4	1789681864424620032
271	3	22	4	1789681864424620032
272	3	23	4	1789681864424620032
273	3	24	4	1789681864424620032
274	3	25	4	1789681864424621056
275	3	26	4	1789681864424620032
276	3	27	4	1789681864424620032
277	3	28	4	1789681864424620032
278	3	29	4	1789681864424620032
279	3	30	4	1789681864424620032
280	3	31	4	1789681864424620032
281	3	32	4	1789681864424619008
282	3	33	4	1789681864424619008
283	3	34	4	1789681864424619008
284	3	35	4	1789681864424619008
285	3	36	4	1789681864424619008
286	3	37	4	1789681864424619008
287	3	38	4	1789681864424619008
288	3	39	4	1789681864424619008
289	3	40	4	1789681864424619008
290	3	41	4	1789681864424619008
291	3	42	4	1789681864424619008
292	3	43	4	1789681864424619008
293	3	44	4	1789681864424619008
294	3	45	4	1789681864424619008
295	3	46	4	1789681864424619008
296	3	47	4	1789681864424619008
297	3	48	4	1789681864424619008
298	3	49	4	1789681864424619008
299	3	50	4	1789681864424619008
300	3	51	4	1789681864424619008
301	3	52	4	1789681864424619008
302	3	53	4	1789681864424619008
303	3	54	4	1789681864424619008
304	3	55	4	1789681864424619008
305	3	56	4	1789681864424619008
306	3	57	4	1789681864424619008
307	3	58	4	1789681864424619008
308	3	59	4	1789681864424619008
309	3	60	4	1789681864424619008
310	3	61	4	1789681864424619008
311	3	62	4	1789681864424619008
312	3	63	4	1789681864424619008
313	3	64	4	1789681864424619008
314	3	65	4	1789681864424619008
315	3	66	4	1789681864424617984
316	3	67	4	1789681864424617984
317	3	68	4	1789681864424617984
318	3	69	4	1789681864424619008
319	3	70	4	1789681864424619008
320	3	71	4	1789681864424619008
321	3	72	4	1789681864424619008
322	3	73	4	1789681864424619008
323	3	74	4	1789681864424620032
324	3	75	4	1789681864424620032
325	3	76	4	1789681864424620032
326	3	77	4	1789681864424620032
327	3	78	4	1789681864424620032
328	3	79	4	1789681864424620032
329	3	80	4	1789681864424620032
330	3	81	4	1789681864424620032
331	3	82	4	1789681864424620032
332	3	83	4	1789681864424620032
333	3	84	4	1789681864424620032
334	3	85	4	1789681864424620032
335	3	86	4	1789681864424620032
336	3	87	4	1789681864424620032
337	3	88	4	1789681864424620032
338	3	89	4	1789681864424620032
339	3	90	4	1789681864424620032
340	3	91	4	1789681864424620032
341	3	92	4	1789681864424620032
342	3	93	4	1789681864424619008
343	3	94	4	1789681864424620032
344	3	95	4	1789681864424620032
345	3	96	4	1789681864424622080
346	3	97	4	1789681864424621056
347	3	98	4	1789681864424621056
348	3	99	4	1789681864424622080
349	3	100	4	1789681864424621056
350	3	101	4	1789681864424622080
351	3	102	4	1789681864424622080
352	3	103	4	1789681864424621056
353	3	104	4	1789681864424622080
354	3	105	4	1789681864424622080
355	3	106	4	1789681864424621056
356	3	107	4	1789681864424621056
357	3	108	4	1789681864424622080
358	3	109	4	1789681864424621056
359	3	110	4	1789681864424621056
360	3	111	4	1789681864424621056
361	3	112	4	1789681864424621056
362	3	113	4	1789681864424622080
363	3	114	4	1789681864424621056
364	3	115	4	1789681864424621056
365	3	116	4	1789681864424621056
366	3	117	4	1789681864424621056
367	3	118	4	1789681864424621056
368	3	119	4	1789681864424621056
369	3	120	4	1789681864424621056
370	3	121	4	1789681864424621056
371	3	122	4	1789681864424621056
372	3	123	4	1789681864424621056
373	3	124	4	1789681864424621056
374	3	125	4	1789681864424621056
375	3	126	4	1789681864424621056
376	3	127	4	1789681864424621056
377	4	4294967295	128	1789681864424640512
378	5	0	4	1789681864424634368
379	5	1	4	1789681864424634368
380	5	2	4	1789681864424633344
381	5	3	4	1789681864424633344
382	5	4	4	1789681864424634368
383	5	5	4	1789681864424634368
384	5	6	4	1789681864424633344
385	5	7	4	1789681864424633344
386	5	8	4	1789681864424634368
387	5	9	4	1789681864424633344
388	5	10	4	1789681864424633344
389	5	11	4	1789681864424633344
390	5	12	4	1789681864424633344
391	5	13	4	1789681864424633344
392	5	14	4	1789681864424633344
393	5	15	4	1789681864424633344
394	5	16	4	1789681864424632320
395	5	17	4	1789681864424633344
396	5	18	4	1789681864424633344
397	5	19	4	1789681864424632320
398	5	20	4	1789681864424633344
399	5	21	4	1789681864424633344
400	5	22	4	1789681864424633344
401	5	23	4	1789681864424633344
402	5	24	4	1789681864424633344
403	5	25	4	1789681864424634368
404	5	26	4	1789681864424633344
405	5	27	4	1789681864424633344
406	5	28	4	1789681864424634368
407	5	29	4	1789681864424633344
408	5	30	4	1789681864424633344
409	5	31	4	1789681864424633344
410	5	32	4	1789681864424632320
411	5	33	4	1789681864424632320
412	5	34	4	1789681864424631296
413	5	35	4	1789681864424631296
414	5	36	4	1789681864424632320
415	5	37	4	1789681864424631296
416	5	38	4	1789681864424631296
417	5	39	4	1789681864424632320
418	5	40	4	1789681864424631296
419	5	41	4	1789681864424632320
420	5	42	4	1789681864424632320
421	5	43	4	1789681864424631296
422	5	44	4	1789681864424631296
423	5	45	4	1789681864424632320
424	5	46	4	1789681864424632320
425	5	47	4	1789681864424631296
426	5	48	4	1789681864424631296
427	5	49	4	1789681864424631296
428	5	50	4	1789681864424631296
429	5	51	4	1789681864424632320
430	5	52	4	1789681864424632320
431	5	53	4	1789681864424631296
432	5	54	4	1789681864424632320
433	5	55	4	1789681864424631296
434	5	56	4	1789681864424631296
435	5	57	4	1789681864424631296
436	5	58	4	1789681864424632320
437	5	59	4	1789681864424632320
438	5	60	4	1789681864424632320
439	5	61	4	1789681864424631296
440	5	62	4	1789681864424632320
441	5	63	4	1789681864424631296
442	5	64	4	1789681864424629248
443	5	65	4	1789681864424630272
444	5	66	4	1789681864424629248
445	5	67	4	1789681864424629248
446	5	68	4	1789681864424630272
447	5	69	4	1789681864424631296
448	5	70	4	1789681864424631296
449	5	71	4	1789681864424631296
450	5	72	4	1789681864424632320
451	5	73	4	1789681864424632320
452	5	74	4	1789681864424632320
453	5	75	4	1789681864424633344
454	5	76	4	1789681864424634368
455	5	77	4	1789681864424633344
456	5	78	4	1789681864424633344
457	5	79	4	1789681864424633344
458	5	80	4	1789681864424634368
459	5	81	4	1789681864424634368
460	5	82	4	1789681864424633344
461	5	83	4	1789681864424633344
462	5	84	4	1789681864424633344
463	5	85	4	1789681864424633344
464	5	86	4	1789681864424633344
465	5	87	4	1789681864424633344
466	5	88	4	1789681864424633344
467	5	89	4	1789681864424634368
468	5	90	4	1789681864424633344
469	5	91	4	1789681864424633344
470	5	92	4	1789681864424633344
471	5	93	4	1789681864424633344
472	5	94	4	1789681864424632320
473	5	95	4	1789681864424633344
474	5	96	4	1789681864424635392
475	5	97	4	1789681864424634368
476	5	98	4	1789681864424635392
477	5	99	4	1789681864424634368
478	5	100	4	1789681864424634368
479	5	101	4	1789681864424634368
480	5	102	4	1789681864424634368
481	5	103	4	1789681864424634368
482	5	104	4	1789681864424635392
483	5	105	4	1789681864424634368
484	5	106	4	1789681864424634368
485	5	107	4	1789681864424634368
486	5	108	4	1789681864424634368
487	5	109	4	1789681864424634368
488	5	110	4	1789681864424634368
489	5	111	4	1789681864424634368
490	5	112	4	1789681864424635392
491	5	113	4	1789681864424634368
492	5	114	4	1789681864424634368
493	5	115	4	1789681864424634368
494	5	116	4	1789681864424634368
495	5	117	4	1789681864424634368
496	5	118	4	1789681864424634368
497	5	119	4	1789681864424634368
498	5	120	4	1789681864424635392
499	5	121	4	1789681864424634368
500	5	122	4	1789681864424634368
501	5	123	4	1789681864424634368
502	5	124	4	1789681864424634368
503	5	125	4	1789681864424633344
504	5	126	4	1789681864424633344
505	5	127	4	1789681864424634368
506	6	4294967295	128	1789681864424640512
507	7	0	4	1789681864424658944
508	7	1	4	1789681864424651776
509	7	2	4	1789681864424651776
510	7	3	4	1789681864424651776
511	7	4	4	1789681864424652800
512	7	5	4	1789681864424652800
513	7	6	4	1789681864424652800
514	7	7	4	1789681864424652800
515	7	8	4	1789681864424652800
516	7	9	4	1789681864424651776
517	7	10	4	1789681864424651776
518	7	11	4	1789681864424651776
519	7	12	4	1789681864424652800
520	7	13	4	1789681864424652800
521	7	14	4	1789681864424652800
522	7	15	4	1789681864424652800
523	7	16	4	1789681864424653824
524	7	17	4	1789681864424652800
525	7	18	4	1789681864424651776
526	7	19	4	1789681864424651776
527	7	20	4	1789681864424652800
528	7	21	4	1789681864424652800
529	7	22	4	1789681864424652800
530	7	23	4	1789681864424651776
531	7	24	4	1789681864424651776
532	7	25	4	1789681864424652800
533	7	26	4	1789681864424652800
534	7	27	4	1789681864424652800
535	7	28	4	1789681864424651776
536	7	29	4	1789681864424651776
537	7	30	4	1789681864424651776
538	7	31	4	1789681864424652800
539	7	32	4	1789681864424652800
540	7	33	4	1789681864424651776
541	7	34	4	1789681864424651776
542	7	35	4	1789681864424651776
543	7	36	4	1789681864424652800
544	7	37	4	1789681864424652800
545	7	38	4	1789681864424652800
546	7	39	4	1789681864424652800
547	7	40	4	1789681864424652800
548	7	41	4	1789681864424651776
549	7	42	4	1789681864424651776
550	7	43	4	1789681864424651776
551	7	44	4	1789681864424652800
552	7	45	4	1789681864424652800
553	7	46	4	1789681864424652800
554	7	47	4	1789681864424652800
555	7	48	4	1789681864424653824
556	7	49	4	1789681864424652800
557	7	50	4	1789681864424651776
558	7	51	4	1789681864424651776
559	7	52	4	1789681864424652800
560	7	53	4	1789681864424652800
561	7	54	4	1789681864424652800
562	7	55	4	1789681864424652800
563	7	56	4	1789681864424652800
564	7	57	4	1789681864424652800
565	7	58	4	1789681864424651776
566	7	59	4	1789681864424651776
567	7	60	4	1789681864424652800
568	7	61	4	1789681864424652800
569	7	62	4	1789681864424652800
570	7	63	4	1789681864424652800
571	7	64	4	1789681864424668160
572	7	65	4	1789681864424652800
573	7	66	4	1789681864424652800
574	7	67	4	1789681864424652800
575	7	68	4	1789681864424652800
576	7	69	4	1789681864424652800
577	7	70	4	1789681864424652800
578	7	71	4	1789681864424651776
579	7	72	4	1789681864424651776
580	7	73	4	1789681864424651776
581	7	74	4	1789681864424651776
582	7	75	4	1789681864424651776
583	7	76	4	1789681864424651776
584	7	77	4	1789681864424652800
585	7	78	4	1789681864424652800
586	7	79	4	1789681864424652800
587	7	80	4	1789681864424652800
588	7	81	4	1789681864424651776
589	7	82	4	1789681864424652800
590	7	83	4	1789681864424652800
591	7	84	4	1789681864424652800
592	7	85	4	1789681864424653824
593	7	86	4	1789681864424653824
594	7	87	4	1789681864424652800
595	7	88	4	1789681864424651776
596	7	89	4	1789681864424651776
597	7	90	4	1789681864424651776
598	7	91	4	1789681864424651776
599	7	92	4	1789681864424652800
600	7	93	4	1789681864424652800
601	7	94	4	1789681864424651776
602	7	95	4	1789681864424652800
603	7	96	4	1789681864424652800
604	7	97	4	1789681864424652800
605	7	98	4	1789681864424652800
606	7	99	4	1789681864424652800
607	7	100	4	1789681864424652800
608	7	101	4	1789681864424652800
609	7	102	4	1789681864424652800
610	7	103	4	1789681864424652800
611	7	104	4	1789681864424652800
612	7	105	4	1789681864424652800
613	7	106	4	1789681864424651776
614	7	107	4	1789681864424651776
615	7	108	4	1789681864424651776
616	7	109	4	1789681864424651776
617	7	110	4	1789681864424651776
618	7	111	4	1789681864424651776
619	7	112	4	1789681864424651776
620	7	113	4	1789681864424651776
621	7	114	4	1789681864424651776
622	7	115	4	1789681864424652800
623	7	116	4	1789681864424652800
624	7	117	4	1789681864424651776
625	7	118	4	1789681864424651776
626	7	119	4	1789681864424652800
627	7	120	4	1789681864424652800
628	7	121	4	1789681864424651776
629	7	122	4	1789681864424652800
630	7	123	4	1789681864424652800
631	7	124	4	1789681864424652800
632	7	125	4	1789681864424652800
633	7	126	4	1789681864424652800
634	7	127	4	1789681864424646656
635	8	0	4	1789681864424643584
636	8	1	4	1789681864424642560
637	8	2	4	1789681864424642560
638	8	3	4	1789681864424642560
639	8	4	4	1789681864424642560
640	8	5	4	1789681864424642560
641	8	6	4	1789681864424642560
642	8	7	4	1789681864424642560
643	8	8	4	1789681864424642560
644	8	9	4	1789681864424642560
645	8	10	4	1789681864424642560
646	8	11	4	1789681864424642560
647	8	12	4	1789681864424642560
648	8	13	4	1789681864424642560
649	8	14	4	1789681864424642560
650	8	15	4	1789681864424642560
651	8	16	4	1789681864424642560
652	8	17	4	1789681864424642560
653	8	18	4	1789681864424642560
654	8	19	4	1789681864424642560
655	8	20	4	1789681864424642560
656	8	21	4	1789681864424642560
657	8	22	4	1789681864424642560
658	8	23	4	1789681864424642560
659	8	24	4	1789681864424642560
660	8	25	4	1789681864424642560
661	8	26	4	1789681864424642560
662	8	27	4	1789681864424642560
663	8	28	4	1789681864424642560
664	8	29	4	1789681864424642560
665	8	30	4	1789681864424642560
666	8	31	4	1789681864424642560
667	8	32	4	1789681864424642560
668	8	33	4	1789681864424642560
669	8	34	4	1789681864424642560
670	8	35	4	1789681864424642560
671	8	36	4	1789681864424642560
672	8	37	4	1789681864424642560
673	8	38	4	1789681864424642560
674	8	39	4	1789681864424642560
675	8	40	4	1789681864424642560
676	8	41	4	1789681864424642560
677	8	42	4	1789681864424643584
678	8	43	4	1789681864424643584
679	8	44	4	1789681864424642560
680	8	45	4	1789681864424642560
681	8	46	4	1789681864424642560
682	8	47	4	1789681864424642560
683	8	48	4	1789681864424642560
684	8	49	4	1789681864424642560
685	8	50	4	1789681864424642560
686	8	51	4	1789681864424642560
687	8	52	4	1789681864424642560
688	8	53	4	1789681864424642560
689	8	54	4	1789681864424642560
690	8	55	4	1789681864424642560
691	8	56	4	1789681864424642560
692	8	57	4	1789681864424642560
693	8	58	4	1789681864424642560
694	8	59	4	1789681864424642560
695	8	60	4	1789681864424642560
696	8	61	4	1789681864424642560
697	8	62	4	1789681864424642560
698	8	63	4	1789681864424642560
699	8	64	4	1789681864424642560
700	8	65	4	1789681864424642560
701	8	66	4	1789681864424642560
702	8	67	4	1789681864424642560
703	8	68	4	1789681864424642560
704	8	69	4	1789681864424642560
705	8	70	4	1789681864424642560
706	8	71	4	1789681864424642560
707	8	72	4	1789681864424642560
708	8	73	4	1789681864424642560
709	8	74	4	1789681864424642560
710	8	75	4	1789681864424642560
711	8	76	4	1789681864424642560
712	8	77	4	1789681864424642560
713	8	78	4	1789681864424642560
714	8	79	4	1789681864424642560
715	8	80	4	1789681864424643584
716	8	81	4	1789681864424642560
717	8	82	4	1789681864424642560
718	8	83	4	1789681864424642560
719	8	84	4	1789681864424642560
720	8	85	4	1789681864424642560
721	8	86	4	1789681864424642560
722	8	87	4	1789681864424642560
723	8	88	4	1789681864424642560
724	8	89	4	1789681864424642560
725	8	90	4	1789681864424642560
726	8	91	4	1789681864424642560
727	8	92	4	1789681864424642560
728	8	93	4	1789681864424642560
729	8	94	4	1789681864424642560
730	8	95	4	1789681864424642560
731	8	96	4	1789681864424642560
732	8	97	4	1789681864424642560
733	8	98	4	1789681864424642560
734	8	99	4	1789681864424642560
735	8	100	4	1789681864424642560
736	8	101	4	1789681864424642560
737	8	102	4	1789681864424642560
738	8	103	4	1789681864424642560
739	8	104	4	1789681864424642560
740	8	105	4	1789681864424642560
741	8	106	4	1789681864424642560
742	8	107	4	1789681864424642560
743	8	108	4	1789681864424642560
744	8	109	4	1789681864424642560
745	8	110	4	1789681864424642560
746	8	111	4	1789681864424642560
747	8	112	4	1789681864424643584
748	8	113	4	1789681864424642560
749	8	114	4	1789681864424642560
750	8	115	4	1789681864424642560
751	8	116	4	1789681864424642560
752	8	117	4	1789681864424642560
753	8	118	4	1789681864424642560
754	8	119	4	1789681864424642560
755	8	120	4	1789681864424642560
756	8	121	4	1789681864424642560
757	8	122	4	1789681864424642560
758	8	123	4	1789681864424642560
759	8	124	4	1789681864424642560
760	8	125	4	1789681864424642560
761	8	126	4	1789681864424642560
762	8	127	4	1789681864424642560
763	9	4294967295	512	1789681864424649728
764	10	4294967295	512	1789681864424651776
765	11	4294967295	512	1789681864424696832
766	12	0	4	1789681864424704000
767	12	1	4	1789681864424704000
768	12	2	4	1789681864424704000
769	12	3	4	1789681864424704000
770	12	4	4	1789681864424704000
771	12	5	4	1789681864424705024
772	12	6	4	1789681864424704000
773	12	7	4	1789681864424704000
774	12	8	4	1789681864424704000
775	12	9	4	1789681864424704000
776	12	10	4	1789681864424704000
777	12	11	4	1789681864424704000
778	12	12	4	1789681864424704000
779	12	13	4	1789681864424704000
780	12	14	4	1789681864424704000
781	12	15	4	1789681864424704000
782	12	16	4	1789681864424704000
783	12	17	4	1789681864424704000
784	12	18	4	1789681864424704000
785	12	19	4	1789681864424704000
786	12	20	4	1789681864424704000
787	12	21	4	1789681864424704000
788	12	22	4	1789681864424704000
789	12	23	4	1789681864424704000
790	12	24	4	1789681864424704000
791	12	25	4	1789681864424704000
792	12	26	4	1789681864424704000
793	12	27	4	1789681864424704000
794	12	28	4	1789681864424704000
795	12	29	4	1789681864424704000
796	12	30	4	1789681864424704000
797	12	31	4	1789681864424704000
798	12	32	4	1789681864424705024
799	12	33	4	1789681864424704000
800	12	34	4	1789681864424704000
801	12	35	4	1789681864424704000
802	12	36	4	1789681864424704000
803	12	37	4	1789681864424704000
804	12	38	4	1789681864424705024
805	12	39	4	1789681864424704000
806	12	40	4	1789681864424704000
807	12	41	4	1789681864424704000
808	12	42	4	1789681864424704000
809	12	43	4	1789681864424704000
810	12	44	4	1789681864424704000
811	12	45	4	1789681864424704000
812	12	46	4	1789681864424704000
813	12	47	4	1789681864424704000
814	12	48	4	1789681864424704000
815	12	49	4	1789681864424704000
816	12	50	4	1789681864424704000
817	12	51	4	1789681864424705024
818	12	52	4	1789681864424704000
819	12	53	4	1789681864424704000
820	12	54	4	1789681864424704000
821	12	55	4	1789681864424704000
822	12	56	4	1789681864424704000
823	12	57	4	1789681864424704000
824	12	58	4	1789681864424704000
825	12	59	4	1789681864424704000
826	12	60	4	1789681864424704000
827	12	61	4	1789681864424704000
828	12	62	4	1789681864424704000
829	12	63	4	1789681864424704000
830	12	64	4	1789681864424704000
831	12	65	4	1789681864424704000
832	12	66	4	1789681864424704000
833	12	67	4	1789681864424704000
834	12	68	4	1789681864424704000
835	12	69	4	1789681864424704000
836	12	70	4	1789681864424705024
837	12	71	4	1789681864424705024
838	12	72	4	1789681864424704000
839	12	73	4	1789681864424704000
840	12	74	4	1789681864424704000
841	12	75	4	1789681864424704000
842	12	76	4	1789681864424704000
843	12	77	4	1789681864424704000
844	12	78	4	1789681864424704000
845	12	79	4	1789681864424704000
846	12	80	4	1789681864424704000
847	12	81	4	1789681864424704000
848	12	82	4	1789681864424704000
849	12	83	4	1789681864424704000
850	12	84	4	1789681864424704000
851	12	85	4	1789681864424704000
852	12	86	4	1789681864424704000
853	12	87	4	1789681864424704000
854	12	88	4	1789681864424704000
855	12	89	4	1789681864424704000
856	12	90	4	1789681864424705024
857	12	91	4	1789681864424705024
858	12	92	4	1789681864424705024
859	12	93	4	1789681864424705024
860	12	94	4	1789681864424705024
861	12	95	4	1789681864424705024
862	12	96	4	1789681864424705024
863	12	97	4	1789681864424705024
864	12	98	4	1789681864424705024
865	12	99	4	1789681864424705024
866	12	100	4	1789681864424705024
867	12	101	4	1789681864424705024
868	12	102	4	1789681864424705024
869	12	103	4	1789681864424705024
870	12	104	4	1789681864424705024
871	12	105	4	1789681864424705024
872	12	106	4	1789681864424705024
873	12	107	4	1789681864424705024
874	12	108	4	1789681864424705024
875	12	109	4	1789681864424704000
876	12	110	4	1789681864424705024
877	12	111	4	1789681864424705024
878	12	112	4	1789681864424705024
879	12	113	4	1789681864424705024
880	12	114	4	1789681864424704000
881	12	115	4	1789681864424705024
882	12	116	4	1789681864424705024
883	12	117	4	1789681864424705024
884	12	118	4	1789681864424705024
885	12	119	4	1789681864424704000
886	12	120	4	1789681864424705024
887	12	121	4	1789681864424705024
888	12	122	4	1789681864424706048
889	12	123	4	1789681864424705024
890	12	124	4	1789681864424706048
891	12	125	4	1789681864424706048
892	12	126	4	1789681864424705024
893	12	127	4	1789681864424706048
894	13	0	4	1789681864424711168
895	13	1	4	1789681864424712192
896	13	2	4	1789681864424711168
897	13	3	4	1789681864424711168
898	13	4	4	1789681864424711168
899	13	5	4	1789681864424711168
900	13	6	4	1789681864424712192
901	13	7	4	1789681864424710144
902	13	8	4	1789681864424711168
903	13	9	4	1789681864424711168
904	13	10	4	1789681864424711168
905	13	11	4	1789681864424712192
906	13	12	4	1789681864424711168
907	13	13	4	1789681864424711168
908	13	14	4	1789681864424711168
909	13	15	4	1789681864424709120
910	13	16	4	1789681864424710144
911	13	17	4	1789681864424710144
912	13	18	4	1789681864424710144
913	13	19	4	1789681864424710144
914	13	20	4	1789681864424710144
915	13	21	4	1789681864424711168
916	13	22	4	1789681864424711168
917	13	23	4	1789681864424711168
918	13	24	4	1789681864424711168
919	13	25	4	1789681864424711168
920	13	26	4	1789681864424712192
921	13	27	4	1789681864424711168
922	13	28	4	1789681864424711168
923	13	29	4	1789681864424711168
924	13	30	4	1789681864424711168
925	13	31	4	1789681864424712192
926	14	0	4	1789681864424717312
927	14	1	4	1789681864424716288
928	14	2	4	1789681864424716288
929	14	3	4	1789681864424716288
930	14	4	4	1789681864424717312
931	14	5	4	1789681864424717312
932	14	6	4	1789681864424716288
933	14	7	4	1789681864424716288
934	14	8	4	1789681864424716288
935	14	9	4	1789681864424716288
936	14	10	4	1789681864424716288
937	14	11	4	1789681864424716288
938	14	12	4	1789681864424716288
939	14	13	4	1789681864424716288
940	14	14	4	1789681864424717312
941	14	15	4	1789681864424716288
942	14	16	4	1789681864424715264
943	14	17	4	1789681864424716288
944	14	18	4	1789681864424715264
945	14	19	4	1789681864424715264
946	14	20	4	1789681864424715264
947	14	21	4	1789681864424716288
948	14	22	4	1789681864424716288
949	14	23	4	1789681864424716288
950	14	24	4	1789681864424717312
951	14	25	4	1789681864424717312
952	14	26	4	1789681864424717312
953	14	27	4	1789681864424717312
954	14	28	4	1789681864424717312
955	14	29	4	1789681864424717312
956	14	30	4	1789681864424717312
957	14	31	4	1789681864424717312
958	15	0	4	1789681864424725504
959	15	1	4	1789681864424725504
960	15	2	4	1789681864424725504
961	15	3	4	1789681864424725504
962	15	4	4	1789681864424725504
963	15	5	4	1789681864424725504
964	15	6	4	1789681864424725504
965	15	7	4	1789681864424725504
966	15	8	4	1789681864424725504
967	15	9	4	1789681864424725504
968	15	10	4	1789681864424724480
969	15	11	4	1789681864424725504
970	15	12	4	1789681864424725504
971	15	13	4	1789681864424725504
972	15	14	4	1789681864424725504
973	15	15	4	1789681864424724480
974	15	16	4	1789681864424725504
975	15	17	4	1789681864424725504
976	15	18	4	1789681864424724480
977	15	19	4	1789681864424724480
978	15	20	4	1789681864424725504
979	15	21	4	1789681864424725504
980	15	22	4	1789681864424724480
981	15	23	4	1789681864424725504
982	15	24	4	1789681864424724480
983	15	25	4	1789681864424724480
984	15	26	4	1789681864424725504
985	15	27	4	1789681864424724480
986	15	28	4	1789681864424725504
987	15	29	4	1789681864424725504
988	15	30	4	1789681864424725504
989	15	31	4	1789681864424724480
990	15	32	4	1789681864424724480
991	15	33	4	1789681864424725504
992	15	34	4	1789681864424724480
993	15	35	4	1789681864424724480
994	15	36	4	1789681864424724480
995	15	37	4	1789681864424724480
996	15	38	4	1789681864424724480
997	15	39	4	1789681864424724480
998	15	40	4	1789681864424724480
999	15	41	4	1789681864424724480
1000	15	42	4	1789681864424724480
1001	15	43	4	1789681864424724480
1002	15	44	4	1789681864424724480
1003	15	45	4	1789681864424724480
1004	15	46	4	1789681864424724480
1005	15	47	4	1789681864424724480
1006	15	48	4	1789681864424724480
1007	15	49	4	1789681864424724480
1008	15	50	4	1789681864424724480
1009	15	51	4	1789681864424724480
1010	15	52	4	1789681864424724480
1011	15	53	4	1789681864424724480
1012	15	54	4	1789681864424724480
1013	15	55	4	1789681864424724480
1014	15	56	4	1789681864424724480
1015	15	57	4	1789681864424724480
1016	15	58	4	1789681864424724480
1017	15	59	4	1789681864424724480
1018	15	60	4	1789681864424724480
1019	15	61	4	1789681864424724480
1020	15	62	4	1789681864424724480
1021	15	63	4	1789681864424724480
1022	15	64	4	1789681864424724480
1023	15	65	4	1789681864424724480
1024	15	66	4	1789681864424724480
1025	15	67	4	1789681864424724480
1026	15	68	4	1789681864424723456
1027	15	69	4	1789681864424724480
1028	15	70	4	1789681864424724480
1029	15	71	4	1789681864424724480
1030	15	72	4	1789681864424724480
1031	15	73	4	1789681864424724480
1032	15	74	4	1789681864424725504
1033	15	75	4	1789681864424725504
1034	15	76	4	1789681864424725504
1035	15	77	4	1789681864424725504
1036	15	78	4	1789681864424725504
1037	15	79	4	1789681864424725504
1038	15	80	4	1789681864424725504
1039	15	81	4	1789681864424725504
1040	15	82	4	1789681864424725504
1041	15	83	4	1789681864424725504
1042	15	84	4	1789681864424725504
1043	15	85	4	1789681864424724480
1044	15	86	4	1789681864424725504
1045	15	87	4	1789681864424725504
1046	15	88	4	1789681864424725504
1047	15	89	4	1789681864424725504
1048	15	90	4	1789681864424725504
1049	15	91	4	1789681864424725504
1050	15	92	4	1789681864424725504
1051	15	93	4	1789681864424725504
1052	15	94	4	1789681864424725504
1053	15	95	4	1789681864424725504
1054	15	96	4	1789681864424725504
1055	15	97	4	1789681864424726528
1056	15	98	4	1789681864424725504
1057	15	99	4	1789681864424725504
1058	15	100	4	1789681864424725504
1059	15	101	4	1789681864424725504
1060	15	102	4	1789681864424725504
1061	15	103	4	1789681864424725504
1062	15	104	4	1789681864424726528
1063	15	105	4	1789681864424725504
1064	15	106	4	1789681864424725504
1065	15	107	4	1789681864424725504
1066	15	108	4	1789681864424725504
1067	15	109	4	1789681864424725504
1068	15	110	4	1789681864424725504
1069	15	111	4	1789681864424725504
1070	15	112	4	1789681864424725504
1071	15	113	4	1789681864424725504
1072	15	114	4	1789681864424725504
1073	15	115	4	1789681864424725504
1074	15	116	4	1789681864424725504
1075	15	117	4	1789681864424725504
1076	15	118	4	1789681864424725504
1077	15	119	4	1789681864424725504
1078	15	120	4	1789681864424725504
1079	15	121	4	1789681864424725504
1080	15	122	4	1789681864424725504
1081	15	123	4	1789681864424725504
1082	15	124	4	1789681864424725504
1083	15	125	4	1789681864424725504
1084	15	126	4	1789681864424725504
1085	15	127	4	1789681864424725504
1086	15	128	4	1789681864424733696
1087	15	129	4	1789681864424733696
1088	15	130	4	1789681864424732672
1089	15	131	4	1789681864424733696
1090	15	132	4	1789681864424733696
1091	15	133	4	1789681864424733696
1092	15	134	4	1789681864424734720
1093	15	135	4	1789681864424732672
1094	15	136	4	1789681864424733696
1095	15	137	4	1789681864424733696
1096	15	138	4	1789681864424732672
1097	15	139	4	1789681864424732672
1098	15	140	4	1789681864424733696
1099	15	141	4	1789681864424733696
1100	15	142	4	1789681864424733696
1101	15	143	4	1789681864424732672
1102	15	144	4	1789681864424733696
1103	15	145	4	1789681864424733696
1104	15	146	4	1789681864424732672
1105	15	147	4	1789681864424733696
1106	15	148	4	1789681864424733696
1107	15	149	4	1789681864424733696
1108	15	150	4	1789681864424733696
1109	15	151	4	1789681864424732672
1110	15	152	4	1789681864424732672
1111	15	153	4	1789681864424733696
1112	15	154	4	1789681864424733696
1113	15	155	4	1789681864424732672
1114	15	156	4	1789681864424733696
1115	15	157	4	1789681864424733696
1116	15	158	4	1789681864424734720
1117	15	159	4	1789681864424733696
1118	15	160	4	1789681864424733696
1119	15	161	4	1789681864424732672
1120	15	162	4	1789681864424731648
1121	15	163	4	1789681864424732672
1122	15	164	4	1789681864424732672
1123	15	165	4	1789681864424731648
1124	15	166	4	1789681864424732672
1125	15	167	4	1789681864424731648
1126	15	168	4	1789681864424731648
1127	15	169	4	1789681864424731648
1128	15	170	4	1789681864424731648
1129	15	171	4	1789681864424732672
1130	15	172	4	1789681864424731648
1131	15	173	4	1789681864424732672
1132	15	174	4	1789681864424732672
1133	15	175	4	1789681864424731648
1134	15	176	4	1789681864424732672
1135	15	177	4	1789681864424731648
1136	15	178	4	1789681864424731648
1137	15	179	4	1789681864424731648
1138	15	180	4	1789681864424730624
1139	15	181	4	1789681864424731648
1140	15	182	4	1789681864424732672
1141	15	183	4	1789681864424731648
1142	15	184	4	1789681864424731648
1143	15	185	4	1789681864424731648
1144	15	186	4	1789681864424731648
1145	15	187	4	1789681864424732672
1146	15	188	4	1789681864424731648
1147	15	189	4	1789681864424731648
1148	15	190	4	1789681864424731648
1149	15	191	4	1789681864424731648
1150	15	192	4	1789681864424730624
1151	15	193	4	1789681864424731648
1152	15	194	4	1789681864424730624
1153	15	195	4	1789681864424730624
1154	15	196	4	1789681864424730624
1155	15	197	4	1789681864424731648
1156	15	198	4	1789681864424731648
1157	15	199	4	1789681864424731648
1158	15	200	4	1789681864424731648
1159	15	201	4	1789681864424731648
1160	15	202	4	1789681864424733696
1161	15	203	4	1789681864424733696
1162	15	204	4	1789681864424733696
1163	15	205	4	1789681864424733696
1164	15	206	4	1789681864424733696
1165	15	207	4	1789681864424733696
1166	15	208	4	1789681864424733696
1167	15	209	4	1789681864424733696
1168	15	210	4	1789681864424734720
1169	15	211	4	1789681864424734720
1170	15	212	4	1789681864424734720
1171	15	213	4	1789681864424733696
1172	15	214	4	1789681864424733696
1173	15	215	4	1789681864424733696
1174	15	216	4	1789681864424733696
1175	15	217	4	1789681864424734720
1176	15	218	4	1789681864424733696
1177	15	219	4	1789681864424733696
1178	15	220	4	1789681864424733696
1179	15	221	4	1789681864424733696
1180	15	222	4	1789681864424733696
1181	15	223	4	1789681864424733696
1182	15	224	4	1789681864424735744
1183	15	225	4	1789681864424735744
1184	15	226	4	1789681864424736768
1185	15	227	4	1789681864424735744
1186	15	228	4	1789681864424735744
1187	15	229	4	1789681864424735744
1188	15	230	4	1789681864424736768
1189	15	231	4	1789681864424735744
1190	15	232	4	1789681864424736768
1191	15	233	4	1789681864424735744
1192	15	234	4	1789681864424735744
1193	15	235	4	1789681864424734720
1194	15	236	4	1789681864424734720
1195	15	237	4	1789681864424736768
1196	15	238	4	1789681864424735744
1197	15	239	4	1789681864424736768
1198	15	240	4	1789681864424735744
1199	15	241	4	1789681864424735744
1200	15	242	4	1789681864424734720
1201	15	243	4	1789681864424734720
1202	15	244	4	1789681864424735744
1203	15	245	4	1789681864424735744
1204	15	246	4	1789681864424735744
1205	15	247	4	1789681864424735744
1206	15	248	4	1789681864424735744
1207	15	249	4	1789681864424734720
1208	15	250	4	1789681864424735744
1209	15	251	4	1789681864424736768
1210	15	252	4	1789681864424735744
1211	15	253	4	1789681864424735744
1212	15	254	4	1789681864424734720
1213	15	255	4	1789681864424735744
1214	16	0	4	1789681864424752128
1215	16	1	4	1789681864424752128
1216	16	2	4	1789681864424751104
1217	16	3	4	1789681864424752128
1218	16	4	4	1789681864424752128
1219	16	5	4	1789681864424752128
1220	16	6	4	1789681864424752128
1221	16	7	4	1789681864424751104
1222	16	8	4	1789681864424751104
1223	16	9	4	1789681864424751104
1224	16	10	4	1789681864424750080
1225	16	11	4	1789681864424751104
1226	16	12	4	1789681864424751104
1227	16	13	4	1789681864424753152
1228	16	14	4	1789681864424751104
1229	16	15	4	1789681864424750080
1230	16	16	4	1789681864424751104
1231	16	17	4	1789681864424751104
1232	16	18	4	1789681864424751104
1233	16	19	4	1789681864424751104
1234	16	20	4	1789681864424752128
1235	16	21	4	1789681864424751104
1236	16	22	4	1789681864424750080
1237	16	23	4	1789681864424751104
1238	16	24	4	1789681864424751104
1239	16	25	4	1789681864424752128
1240	16	26	4	1789681864424751104
1241	16	27	4	1789681864424750080
1242	16	28	4	1789681864424752128
1243	16	29	4	1789681864424751104
1244	16	30	4	1789681864424752128
1245	16	31	4	1789681864424752128
1246	16	32	4	1789681864424751104
1247	16	33	4	1789681864424750080
1248	16	34	4	1789681864424749056
1249	16	35	4	1789681864424750080
1250	16	36	4	1789681864424751104
1251	16	37	4	1789681864424749056
1252	16	38	4	1789681864424750080
1253	16	39	4	1789681864424749056
1254	16	40	4	1789681864424749056
1255	16	41	4	1789681864424749056
1256	16	42	4	1789681864424750080
1257	16	43	4	1789681864424751104
1258	16	44	4	1789681864424750080
1259	16	45	4	1789681864424751104
1260	16	46	4	1789681864424750080
1261	16	47	4	1789681864424749056
1262	16	48	4	1789681864424749056
1263	16	49	4	1789681864424749056
1264	16	50	4	1789681864424749056
1265	16	51	4	1789681864424749056
1266	16	52	4	1789681864424748032
1267	16	53	4	1789681864424750080
1268	16	54	4	1789681864424749056
1269	16	55	4	1789681864424749056
1270	16	56	4	1789681864424749056
1271	16	57	4	1789681864424749056
1272	16	58	4	1789681864424750080
1273	16	59	4	1789681864424750080
1274	16	60	4	1789681864424750080
1275	16	61	4	1789681864424750080
1276	16	62	4	1789681864424750080
1277	16	63	4	1789681864424749056
1278	17	0	4	1789681864424740864
1279	17	1	4	1789681864424740864
1280	17	2	4	1789681864424739840
1281	17	3	4	1789681864424741888
1282	17	4	4	1789681864424740864
1283	17	5	4	1789681864424740864
1284	17	6	4	1789681864424741888
1285	17	7	4	1789681864424740864
1286	17	8	4	1789681864424740864
1287	17	9	4	1789681864424740864
1288	17	10	4	1789681864424739840
1289	17	11	4	1789681864424739840
1290	17	12	4	1789681864424740864
1291	17	13	4	1789681864424741888
1292	17	14	4	1789681864424741888
1293	17	15	4	1789681864424739840
1294	17	16	4	1789681864424741888
1295	17	17	4	1789681864424740864
1296	17	18	4	1789681864424739840
1297	17	19	4	1789681864424740864
1298	17	20	4	1789681864424740864
1299	17	21	4	1789681864424740864
1300	17	22	4	1789681864424740864
1301	17	23	4	1789681864424739840
1302	17	24	4	1789681864424739840
1303	17	25	4	1789681864424740864
1304	17	26	4	1789681864424740864
1305	17	27	4	1789681864424739840
1306	17	28	4	1789681864424741888
1307	17	29	4	1789681864424740864
1308	17	30	4	1789681864424741888
1309	17	31	4	1789681864424740864
1310	17	32	4	1789681864424740864
1311	17	33	4	1789681864424738816
1312	17	34	4	1789681864424737792
1313	17	35	4	1789681864424738816
1314	17	36	4	1789681864424738816
1315	17	37	4	1789681864424736768
1316	17	38	4	1789681864424738816
1317	17	39	4	1789681864424737792
1318	17	40	4	1789681864424737792
1319	17	41	4	1789681864424737792
1320	17	42	4	1789681864424737792
1321	17	43	4	1789681864424738816
1322	17	44	4	1789681864424738816
1323	17	45	4	1789681864424737792
1324	17	46	4	1789681864424738816
1325	17	47	4	1789681864424737792
1326	17	48	4	1789681864424738816
1327	17	49	4	1789681864424737792
1328	17	50	4	1789681864424738816
1329	17	51	4	1789681864424737792
1330	17	52	4	1789681864424736768
1331	17	53	4	1789681864424737792
1332	17	54	4	1789681864424737792
1333	17	55	4	1789681864424737792
1334	17	56	4	1789681864424737792
1335	17	57	4	1789681864424737792
1336	17	58	4	1789681864424738816
1337	17	59	4	1789681864424738816
1338	17	60	4	1789681864424738816
1339	17	61	4	1789681864424737792
1340	17	62	4	1789681864424738816
1341	17	63	4	1789681864424738816
1342	17	64	4	1789681864424736768
1343	17	65	4	1789681864424737792
1344	17	66	4	1789681864424735744
1345	17	67	4	1789681864424736768
1346	17	68	4	1789681864424736768
1347	17	69	4	1789681864424737792
1348	17	70	4	1789681864424738816
1349	17	71	4	1789681864424738816
1350	17	72	4	1789681864424737792
1351	17	73	4	1789681864424738816
1352	17	74	4	1789681864424739840
1353	17	75	4	1789681864424740864
1354	17	76	4	1789681864424740864
1355	17	77	4	1789681864424740864
1356	17	78	4	1789681864424740864
1357	17	79	4	1789681864424739840
1358	17	80	4	1789681864424740864
1359	17	81	4	1789681864424740864
1360	17	82	4	1789681864424741888
1361	17	83	4	1789681864424741888
1362	17	84	4	1789681864424741888
1363	17	85	4	1789681864424739840
1364	17	86	4	1789681864424740864
1365	17	87	4	1789681864424740864
1366	17	88	4	1789681864424741888
1367	17	89	4	1789681864424741888
1368	17	90	4	1789681864424740864
1369	17	91	4	1789681864424740864
1370	17	92	4	1789681864424741888
1371	17	93	4	1789681864424740864
1372	17	94	4	1789681864424740864
1373	17	95	4	1789681864424740864
1374	17	96	4	1789681864424744960
1375	17	97	4	1789681864424742912
1376	17	98	4	1789681864424744960
1377	17	99	4	1789681864424742912
1378	17	100	4	1789681864424743936
1379	17	101	4	1789681864424742912
1380	17	102	4	1789681864424744960
1381	17	103	4	1789681864424742912
1382	17	104	4	1789681864424743936
1383	17	105	4	1789681864424742912
1384	17	106	4	1789681864424742912
1385	17	107	4	1789681864424741888
1386	17	108	4	1789681864424742912
1387	17	109	4	1789681864424743936
1388	17	110	4	1789681864424741888
1389	17	111	4	1789681864424743936
1390	17	112	4	1789681864424743936
1391	17	113	4	1789681864424743936
1392	17	114	4	1789681864424742912
1393	17	115	4	1789681864424742912
1394	17	116	4	1789681864424743936
1395	17	117	4	1789681864424743936
1396	17	118	4	1789681864424743936
1397	17	119	4	1789681864424742912
1398	17	120	4	1789681864424743936
1399	17	121	4	1789681864424742912
1400	17	122	4	1789681864424742912
1401	17	123	4	1789681864424743936
1402	17	124	4	1789681864424742912
1403	17	125	4	1789681864424741888
1404	17	126	4	1789681864424741888
1405	17	127	4	1789681864424742912
1406	17	128	4	1789681864424745984
1407	17	129	4	1789681864424747008
1408	17	130	4	1789681864424745984
1409	17	131	4	1789681864424747008
1410	17	132	4	1789681864424747008
1411	17	133	4	1789681864424747008
1412	17	134	4	1789681864424747008
1413	17	135	4	1789681864424745984
1414	17	136	4	1789681864424745984
1415	17	137	4	1789681864424745984
1416	17	138	4	1789681864424745984
1417	17	139	4	1789681864424745984
1418	17	140	4	1789681864424745984
1419	17	141	4	1789681864424748032
1420	17	142	4	1789681864424745984
1421	17	143	4	1789681864424744960
1422	17	144	4	1789681864424747008
1423	17	145	4	1789681864424745984
1424	17	146	4	1789681864424745984
1425	17	147	4	1789681864424745984
1426	17	148	4	1789681864424747008
1427	17	149	4	1789681864424745984
1428	17	150	4	1789681864424745984
1429	17	151	4	1789681864424745984
1430	17	152	4	1789681864424744960
1431	17	153	4	1789681864424745984
1432	17	154	4	1789681864424745984
1433	17	155	4	1789681864424744960
1434	17	156	4	1789681864424747008
1435	17	157	4	1789681864424745984
1436	17	158	4	1789681864424747008
1437	17	159	4	1789681864424747008
1438	17	160	4	1789681864424745984
1439	17	161	4	1789681864424744960
1440	17	162	4	1789681864424743936
1441	17	163	4	1789681864424743936
1442	17	164	4	1789681864424744960
1443	17	165	4	1789681864424743936
1444	17	166	4	1789681864424744960
1445	17	167	4	1789681864424743936
1446	17	168	4	1789681864424742912
1447	17	169	4	1789681864424743936
1448	17	170	4	1789681864424743936
1449	17	171	4	1789681864424744960
1450	17	172	4	1789681864424743936
1451	17	173	4	1789681864424744960
1452	17	174	4	1789681864424744960
1453	17	175	4	1789681864424742912
1454	17	176	4	1789681864424743936
1455	17	177	4	1789681864424743936
1456	17	178	4	1789681864424743936
1457	17	179	4	1789681864424743936
1458	17	180	4	1789681864424742912
1459	17	181	4	1789681864424743936
1460	17	182	4	1789681864424743936
1461	17	183	4	1789681864424743936
1462	17	184	4	1789681864424743936
1463	17	185	4	1789681864424743936
1464	17	186	4	1789681864424744960
1465	17	187	4	1789681864424744960
1466	17	188	4	1789681864424743936
1467	17	189	4	1789681864424743936
1468	17	190	4	1789681864424743936
1469	17	191	4	1789681864424743936
1470	17	192	4	1789681864424742912
1471	17	193	4	1789681864424743936
1472	17	194	4	1789681864424741888
1473	17	195	4	1789681864424741888
1474	17	196	4	1789681864424741888
1475	17	197	4	1789681864424743936
1476	17	198	4	1789681864424743936
1477	17	199	4	1789681864424744960
1478	17	200	4	1789681864424742912
1479	17	201	4	1789681864424743936
1480	17	202	4	1789681864424745984
1481	17	203	4	1789681864424745984
1482	17	204	4	1789681864424745984
1483	17	205	4	1789681864424745984
1484	17	206	4	1789681864424745984
1485	17	207	4	1789681864424745984
1486	17	208	4	1789681864424745984
1487	17	209	4	1789681864424747008
1488	17	210	4	1789681864424747008
1489	17	211	4	1789681864424747008
1490	17	212	4	1789681864424747008
1491	17	213	4	1789681864424745984
1492	17	214	4	1789681864424745984
1493	17	215	4	1789681864424745984
1494	17	216	4	1789681864424745984
1495	17	217	4	1789681864424747008
1496	17	218	4	1789681864424745984
1497	17	219	4	1789681864424745984
1498	17	220	4	1789681864424747008
1499	17	221	4	1789681864424745984
1500	17	222	4	1789681864424745984
1501	17	223	4	1789681864424745984
1502	17	224	4	1789681864424749056
1503	17	225	4	1789681864424748032
1504	17	226	4	1789681864424749056
1505	17	227	4	1789681864424747008
1506	17	228	4	1789681864424748032
1507	17	229	4	1789681864424747008
1508	17	230	4	1789681864424749056
1509	17	231	4	1789681864424747008
1510	17	232	4	1789681864424749056
1511	17	233	4	1789681864424748032
1512	17	234	4	1789681864424748032
1513	17	235	4	1789681864424747008
1514	17	236	4	1789681864424748032
1515	17	237	4	1789681864424748032
1516	17	238	4	1789681864424747008
1517	17	239	4	1789681864424748032
1518	17	240	4	1789681864424748032
1519	17	241	4	1789681864424749056
1520	17	242	4	1789681864424747008
1521	17	243	4	1789681864424748032
1522	17	244	4	1789681864424748032
1523	17	245	4	1789681864424748032
1524	17	246	4	1789681864424748032
1525	17	247	4	1789681864424747008
1526	17	248	4	1789681864424748032
1527	17	249	4	1789681864424748032
1528	17	250	4	1789681864424747008
1529	17	251	4	1789681864424748032
1530	17	252	4	1789681864424748032
1531	17	253	4	1789681864424747008
1532	17	254	4	1789681864424747008
1533	17	255	4	1789681864424748032
1534	18	0	4	1789681864424749056
1535	18	1	4	1789681864424749056
1536	18	2	4	1789681864424747008
1537	18	3	4	1789681864424748032
1538	18	4	4	1789681864424748032
1539	18	5	4	1789681864424749056
1540	18	6	4	1789681864424749056
1541	18	7	4	1789681864424750080
1542	18	8	4	1789681864424749056
1543	18	9	4	1789681864424750080
1544	18	10	4	1789681864424751104
1545	18	11	4	1789681864424752128
1546	18	12	4	1789681864424751104
1547	18	13	4	1789681864424751104
1548	18	14	4	1789681864424751104
1549	18	15	4	1789681864424751104
1550	18	16	4	1789681864424752128
1551	18	17	4	1789681864424752128
1552	18	18	4	1789681864424752128
1553	18	19	4	1789681864424752128
1554	18	20	4	1789681864424752128
1555	18	21	4	1789681864424751104
1556	18	22	4	1789681864424751104
1557	18	23	4	1789681864424751104
1558	18	24	4	1789681864424751104
1559	18	25	4	1789681864424752128
1560	18	26	4	1789681864424751104
1561	18	27	4	1789681864424751104
1562	18	28	4	1789681864424751104
1563	18	29	4	1789681864424751104
1564	18	30	4	1789681864424751104
1565	18	31	4	1789681864424751104
1566	18	32	4	1789681864424754176
1567	18	33	4	1789681864424753152
1568	18	34	4	1789681864424754176
1569	18	35	4	1789681864424753152
1570	18	36	4	1789681864424753152
1571	18	37	4	1789681864424752128
1572	18	38	4	1789681864424754176
1573	18	39	4	1789681864424752128
1574	18	40	4	1789681864424754176
1575	18	41	4	1789681864424753152
1576	18	42	4	1789681864424753152
1577	18	43	4	1789681864424752128
1578	18	44	4	1789681864424753152
1579	18	45	4	1789681864424752128
1580	18	46	4	1789681864424752128
1581	18	47	4	1789681864424752128
1582	18	48	4	1789681864424753152
1583	18	49	4	1789681864424754176
1584	18	50	4	1789681864424752128
1585	18	51	4	1789681864424752128
1586	18	52	4	1789681864424753152
1587	18	53	4	1789681864424752128
1588	18	54	4	1789681864424753152
1589	18	55	4	1789681864424752128
1590	18	56	4	1789681864424753152
1591	18	57	4	1789681864424752128
1592	18	58	4	1789681864424753152
1593	18	59	4	1789681864424752128
1594	18	60	4	1789681864424753152
1595	18	61	4	1789681864424752128
1596	18	62	4	1789681864424752128
1597	18	63	4	1789681864424752128
1598	19	0	4	1789681864424757248
1599	19	1	4	1789681864424757248
1600	19	2	4	1789681864424757248
1601	19	3	4	1789681864424758272
1602	19	4	4	1789681864424757248
1603	19	5	4	1789681864424757248
1604	19	6	4	1789681864424757248
1605	19	7	4	1789681864424757248
1606	19	8	4	1789681864424757248
1607	19	9	4	1789681864424757248
1608	19	10	4	1789681864424757248
1609	19	11	4	1789681864424757248
1610	19	12	4	1789681864424757248
1611	19	13	4	1789681864424758272
1612	19	14	4	1789681864424757248
1613	19	15	4	1789681864424757248
1614	19	16	4	1789681864424759296
1615	19	17	4	1789681864424759296
1616	19	18	4	1789681864424759296
1617	19	19	4	1789681864424759296
1618	19	20	4	1789681864424759296
1619	19	21	4	1789681864424759296
1620	19	22	4	1789681864424758272
1621	19	23	4	1789681864424759296
1622	19	24	4	1789681864424759296
1623	19	25	4	1789681864424758272
1624	19	26	4	1789681864424758272
1625	19	27	4	1789681864424759296
1626	19	28	4	1789681864424759296
1627	19	29	4	1789681864424758272
1628	19	30	4	1789681864424758272
1629	19	31	4	1789681864424758272
1630	20	0	4	1789681864424769536
1631	20	1	4	1789681864424768512
1632	20	2	4	1789681864424769536
1633	20	3	4	1789681864424768512
1634	20	4	4	1789681864424768512
1635	20	5	4	1789681864424769536
1636	20	6	4	1789681864424768512
1637	20	7	4	1789681864424768512
1638	20	8	4	1789681864424768512
1639	20	9	4	1789681864424768512
1640	20	10	4	1789681864424768512
1641	20	11	4	1789681864424768512
1642	20	12	4	1789681864424768512
1643	20	13	4	1789681864424769536
1644	20	14	4	1789681864424769536
1645	20	15	4	1789681864424768512
1646	20	16	4	1789681864424767488
1647	20	17	4	1789681864424767488
1648	20	18	4	1789681864424767488
1649	20	19	4	1789681864424767488
1650	20	20	4	1789681864424767488
1651	20	21	4	1789681864424767488
1652	20	22	4	1789681864424767488
1653	20	23	4	1789681864424767488
1654	20	24	4	1789681864424767488
1655	20	25	4	1789681864424767488
1656	20	26	4	1789681864424767488
1657	20	27	4	1789681864424767488
1658	20	28	4	1789681864424767488
1659	20	29	4	1789681864424767488
1660	20	30	4	1789681864424767488
1661	20	31	4	1789681864424767488
1662	20	32	4	1789681864424767488
1663	20	33	4	1789681864424767488
1664	20	34	4	1789681864424767488
1665	20	35	4	1789681864424768512
1666	20	36	4	1789681864424767488
1667	20	37	4	1789681864424767488
1668	20	38	4	1789681864424767488
1669	20	39	4	1789681864424767488
1670	20	40	4	1789681864424767488
1671	20	41	4	1789681864424767488
1672	20	42	4	1789681864424767488
1673	20	43	4	1789681864424767488
1674	20	44	4	1789681864424767488
1675	20	45	4	1789681864424767488
1676	20	46	4	1789681864424767488
1677	20	47	4	1789681864424768512
1678	20	48	4	1789681864424766464
1679	20	49	4	1789681864424766464
1680	20	50	4	1789681864424766464
1681	20	51	4	1789681864424766464
1682	20	52	4	1789681864424766464
1683	20	53	4	1789681864424767488
1684	20	54	4	1789681864424767488
1685	20	55	4	1789681864424767488
1686	20	56	4	1789681864424767488
1687	20	57	4	1789681864424767488
1688	20	58	4	1789681864424768512
1689	20	59	4	1789681864424768512
1690	20	60	4	1789681864424769536
1691	20	61	4	1789681864424768512
1692	20	62	4	1789681864424768512
1693	20	63	4	1789681864424768512
1694	20	64	4	1789681864424769536
1695	20	65	4	1789681864424771584
1696	20	66	4	1789681864424770560
1697	20	67	4	1789681864424770560
1698	20	68	4	1789681864424771584
1699	20	69	4	1789681864424771584
1700	20	70	4	1789681864424770560
1701	20	71	4	1789681864424770560
1702	20	72	4	1789681864424770560
1703	20	73	4	1789681864424770560
1704	20	74	4	1789681864424770560
1705	20	75	4	1789681864424770560
1706	20	76	4	1789681864424770560
1707	20	77	4	1789681864424770560
1708	20	78	4	1789681864424770560
1709	20	79	4	1789681864424770560
1710	20	80	4	1789681864424769536
1711	20	81	4	1789681864424769536
1712	20	82	4	1789681864424769536
1713	20	83	4	1789681864424769536
1714	20	84	4	1789681864424770560
1715	20	85	4	1789681864424769536
1716	20	86	4	1789681864424769536
1717	20	87	4	1789681864424769536
1718	20	88	4	1789681864424769536
1719	20	89	4	1789681864424769536
1720	20	90	4	1789681864424769536
1721	20	91	4	1789681864424769536
1722	20	92	4	1789681864424769536
1723	20	93	4	1789681864424769536
1724	20	94	4	1789681864424769536
1725	20	95	4	1789681864424769536
1726	20	96	4	1789681864424770560
1727	20	97	4	1789681864424770560
1728	20	98	4	1789681864424770560
1729	20	99	4	1789681864424770560
1730	20	100	4	1789681864424770560
1731	20	101	4	1789681864424771584
1732	20	102	4	1789681864424771584
1733	20	103	4	1789681864424771584
1734	20	104	4	1789681864424771584
1735	20	105	4	1789681864424771584
1736	20	106	4	1789681864424771584
1737	20	107	4	1789681864424770560
1738	20	108	4	1789681864424770560
1739	20	109	4	1789681864424770560
1740	20	110	4	1789681864424770560
1741	20	111	4	1789681864424770560
1742	20	112	4	1789681864424770560
1743	20	113	4	1789681864424769536
1744	20	114	4	1789681864424770560
1745	20	115	4	1789681864424770560
1746	20	116	4	1789681864424770560
1747	20	117	4	1789681864424770560
1748	20	118	4	1789681864424770560
1749	20	119	4	1789681864424770560
1750	20	120	4	1789681864424770560
1751	20	121	4	1789681864424770560
1752	20	122	4	1789681864424770560
1753	20	123	4	1789681864424770560
1754	20	124	4	1789681864424770560
1755	20	125	4	1789681864424770560
1756	20	126	4	1789681864424770560
1757	20	127	4	1789681864424770560
1758	21	0	4	1789681864424774656
1759	21	1	4	1789681864424774656
1760	21	2	4	1789681864424774656
1761	21	3	4	1789681864424774656
1762	21	4	4	1789681864424774656
1763	21	5	4	1789681864424774656
1764	21	6	4	1789681864424773632
1765	21	7	4	1789681864424773632
1766	21	8	4	1789681864424773632
1767	21	9	4	1789681864424774656
1768	21	10	4	1789681864424774656
1769	21	11	4	1789681864424773632
1770	21	12	4	1789681864424774656
1771	21	13	4	1789681864424775680
1772	21	14	4	1789681864424774656
1773	21	15	4	1789681864424773632
1774	21	16	4	1789681864424775680
1775	21	17	4	1789681864424776704
1776	21	18	4	1789681864424775680
1777	21	19	4	1789681864424775680
1778	21	20	4	1789681864424776704
1779	21	21	4	1789681864424776704
1780	21	22	4	1789681864424775680
1781	21	23	4	1789681864424775680
1782	21	24	4	1789681864424775680
1783	21	25	4	1789681864424776704
1784	21	26	4	1789681864424776704
1785	21	27	4	1789681864424776704
1786	21	28	4	1789681864424775680
1787	21	29	4	1789681864424776704
1788	21	30	4	1789681864424776704
1789	21	31	4	1789681864424776704
1790	22	0	4	1789681864424779776
1791	22	1	4	1789681864424778752
1792	22	2	4	1789681864424778752
1793	22	3	4	1789681864424778752
1794	22	4	4	1789681864424778752
1795	22	5	4	1789681864424779776
1796	22	6	4	1789681864424778752
1797	22	7	4	1789681864424778752
1798	22	8	4	1789681864424779776
1799	22	9	4	1789681864424779776
1800	22	10	4	1789681864424778752
1801	22	11	4	1789681864424778752
1802	22	12	4	1789681864424779776
1803	22	13	4	1789681864424779776
1804	22	14	4	1789681864424778752
1805	22	15	4	1789681864424778752
1806	22	16	4	1789681864424780800
1807	22	17	4	1789681864424780800
1808	22	18	4	1789681864424780800
1809	22	19	4	1789681864424780800
1810	22	20	4	1789681864424780800
1811	22	21	4	1789681864424780800
1812	22	22	4	1789681864424780800
1813	22	23	4	1789681864424780800
1814	22	24	4	1789681864424780800
1815	22	25	4	1789681864424780800
1816	22	26	4	1789681864424781824
1817	22	27	4	1789681864424780800
1818	22	28	4	1789681864424780800
1819	22	29	4	1789681864424780800
1820	22	30	4	1789681864424780800
1821	22	31	4	1789681864424780800
1822	23	0	4	1789681864424795136
1823	23	1	4	1789681864424796160
1824	23	2	4	1789681864424794112
1825	23	3	4	1789681864424794112
1826	23	4	4	1789681864424795136
1827	23	5	4	1789681864424795136
1828	23	6	4	1789681864424794112
1829	23	7	4	1789681864424794112
1830	23	8	4	1789681864424794112
1831	23	9	4	1789681864424795136
1832	23	10	4	1789681864424794112
1833	23	11	4	1789681864424794112
1834	23	12	4	1789681864424794112
1835	23	13	4	1789681864424796160
1836	23	14	4	1789681864424795136
1837	23	15	4	1789681864424795136
1838	23	16	4	1789681864424793088
1839	23	17	4	1789681864424793088
1840	23	18	4	1789681864424793088
1841	23	19	4	1789681864424793088
1842	23	20	4	1789681864424793088
1843	23	21	4	1789681864424793088
1844	23	22	4	1789681864424793088
1845	23	23	4	1789681864424793088
1846	23	24	4	1789681864424792064
1847	23	25	4	1789681864424793088
1848	23	26	4	1789681864424793088
1849	23	27	4	1789681864424793088
1850	23	28	4	1789681864424793088
1851	23	29	4	1789681864424792064
1852	23	30	4	1789681864424792064
1853	23	31	4	1789681864424792064
1854	23	32	4	1789681864424793088
1855	23	33	4	1789681864424793088
1856	23	34	4	1789681864424793088
1857	23	35	4	1789681864424793088
1858	23	36	4	1789681864424793088
1859	23	37	4	1789681864424793088
1860	23	38	4	1789681864424793088
1861	23	39	4	1789681864424793088
1862	23	40	4	1789681864424793088
1863	23	41	4	1789681864424793088
1864	23	42	4	1789681864424793088
1865	23	43	4	1789681864424794112
1866	23	44	4	1789681864424793088
1867	23	45	4	1789681864424793088
1868	23	46	4	1789681864424794112
1869	23	47	4	1789681864424793088
1870	23	48	4	1789681864424792064
1871	23	49	4	1789681864424792064
1872	23	50	4	1789681864424792064
1873	23	51	4	1789681864424792064
1874	23	52	4	1789681864424792064
1875	23	53	4	1789681864424793088
1876	23	54	4	1789681864424793088
1877	23	55	4	1789681864424794112
1878	23	56	4	1789681864424793088
1879	23	57	4	1789681864424793088
1880	23	58	4	1789681864424794112
1881	23	59	4	1789681864424795136
1882	23	60	4	1789681864424795136
1883	23	61	4	1789681864424795136
1884	23	62	4	1789681864424794112
1885	23	63	4	1789681864424795136
1886	23	64	4	1789681864424797184
1887	23	65	4	1789681864424797184
1888	23	66	4	1789681864424796160
1889	23	67	4	1789681864424796160
1890	23	68	4	1789681864424796160
1891	23	69	4	1789681864424796160
1892	23	70	4	1789681864424796160
1893	23	71	4	1789681864424796160
1894	23	72	4	1789681864424797184
1895	23	73	4	1789681864424797184
1896	23	74	4	1789681864424797184
1897	23	75	4	1789681864424796160
1898	23	76	4	1789681864424796160
1899	23	77	4	1789681864424797184
1900	23	78	4	1789681864424797184
1901	23	79	4	1789681864424796160
1902	23	80	4	1789681864424796160
1903	23	81	4	1789681864424797184
1904	23	82	4	1789681864424796160
1905	23	83	4	1789681864424795136
1906	23	84	4	1789681864424796160
1907	23	85	4	1789681864424795136
1908	23	86	4	1789681864424795136
1909	23	87	4	1789681864424796160
1910	23	88	4	1789681864424796160
1911	23	89	4	1789681864424796160
1912	23	90	4	1789681864424795136
1913	23	91	4	1789681864424795136
1914	23	92	4	1789681864424797184
1915	23	93	4	1789681864424796160
1916	23	94	4	1789681864424795136
1917	23	95	4	1789681864424795136
1918	23	96	4	1789681864424798208
1919	23	97	4	1789681864424799232
1920	23	98	4	1789681864424798208
1921	23	99	4	1789681864424799232
1922	23	100	4	1789681864424799232
1923	23	101	4	1789681864424798208
1924	23	102	4	1789681864424798208
1925	23	103	4	1789681864424798208
1926	23	104	4	1789681864424799232
1927	23	105	4	1789681864424798208
1928	23	106	4	1789681864424799232
1929	23	107	4	1789681864424798208
1930	23	108	4	1789681864424799232
1931	23	109	4	1789681864424799232
1932	23	110	4	1789681864424798208
1933	23	111	4	1789681864424799232
1934	23	112	4	1789681864424797184
1935	23	113	4	1789681864424798208
1936	23	114	4	1789681864424798208
1937	23	115	4	1789681864424799232
1938	23	116	4	1789681864424799232
1939	23	117	4	1789681864424799232
1940	23	118	4	1789681864424798208
1941	23	119	4	1789681864424798208
1942	23	120	4	1789681864424799232
1943	23	121	4	1789681864424799232
1944	23	122	4	1789681864424798208
1945	23	123	4	1789681864424798208
1946	23	124	4	1789681864424798208
1947	23	125	4	1789681864424799232
1948	23	126	4	1789681864424799232
1949	23	127	4	1789681864424798208
1950	24	4294967295	128	1789681864424806400
1951	25	0	4	1789681864424787968
1952	25	1	4	1789681864424787968
1953	25	2	4	1789681864424786944
1954	25	3	4	1789681864424786944
1955	25	4	4	1789681864424787968
1956	25	5	4	1789681864424787968
1957	25	6	4	1789681864424786944
1958	25	7	4	1789681864424786944
1959	25	8	4	1789681864424787968
1960	25	9	4	1789681864424787968
1961	25	10	4	1789681864424787968
1962	25	11	4	1789681864424786944
1963	25	12	4	1789681864424786944
1964	25	13	4	1789681864424787968
1965	25	14	4	1789681864424786944
1966	25	15	4	1789681864424787968
1967	25	16	4	1789681864424785920
1968	25	17	4	1789681864424786944
1969	25	18	4	1789681864424786944
1970	25	19	4	1789681864424786944
1971	25	20	4	1789681864424786944
1972	25	21	4	1789681864424786944
1973	25	22	4	1789681864424786944
1974	25	23	4	1789681864424786944
1975	25	24	4	1789681864424786944
1976	25	25	4	1789681864424786944
1977	25	26	4	1789681864424786944
1978	25	27	4	1789681864424786944
1979	25	28	4	1789681864424785920
1980	25	29	4	1789681864424785920
1981	25	30	4	1789681864424785920
1982	25	31	4	1789681864424785920
1983	25	32	4	1789681864424786944
1984	25	33	4	1789681864424786944
1985	25	34	4	1789681864424786944
1986	25	35	4	1789681864424786944
1987	25	36	4	1789681864424786944
1988	25	37	4	1789681864424786944
1989	25	38	4	1789681864424786944
1990	25	39	4	1789681864424786944
1991	25	40	4	1789681864424786944
1992	25	41	4	1789681864424786944
1993	25	42	4	1789681864424786944
1994	25	43	4	1789681864424786944
1995	25	44	4	1789681864424786944
1996	25	45	4	1789681864424786944
1997	25	46	4	1789681864424786944
1998	25	47	4	1789681864424786944
1999	25	48	4	1789681864424785920
2000	25	49	4	1789681864424785920
2001	25	50	4	1789681864424785920
2002	25	51	4	1789681864424785920
2003	25	52	4	1789681864424785920
2004	25	53	4	1789681864424786944
2005	25	54	4	1789681864424786944
2006	25	55	4	1789681864424786944
2007	25	56	4	1789681864424786944
2008	25	57	4	1789681864424786944
2009	25	58	4	1789681864424786944
2010	25	59	4	1789681864424786944
2011	25	60	4	1789681864424787968
2012	25	61	4	1789681864424787968
2013	25	62	4	1789681864424786944
2014	25	63	4	1789681864424787968
2015	25	64	4	1789681864424788992
2016	25	65	4	1789681864424790016
2017	25	66	4	1789681864424788992
2018	25	67	4	1789681864424788992
2019	25	68	4	1789681864424788992
2020	25	69	4	1789681864424788992
2021	25	70	4	1789681864424788992
2022	25	71	4	1789681864424788992
2023	25	72	4	1789681864424788992
2024	25	73	4	1789681864424790016
2025	25	74	4	1789681864424790016
2026	25	75	4	1789681864424788992
2027	25	76	4	1789681864424788992
2028	25	77	4	1789681864424790016
2029	25	78	4	1789681864424788992
2030	25	79	4	1789681864424788992
2031	25	80	4	1789681864424788992
2032	25	81	4	1789681864424790016
2033	25	82	4	1789681864424790016
2034	25	83	4	1789681864424787968
2035	25	84	4	1789681864424788992
2036	25	85	4	1789681864424787968
2037	25	86	4	1789681864424788992
2038	25	87	4	1789681864424788992
2039	25	88	4	1789681864424787968
2040	25	89	4	1789681864424788992
2041	25	90	4	1789681864424787968
2042	25	91	4	1789681864424788992
2043	25	92	4	1789681864424787968
2044	25	93	4	1789681864424788992
2045	25	94	4	1789681864424787968
2046	25	95	4	1789681864424788992
2047	25	96	4	1789681864424791040
2048	25	97	4	1789681864424791040
2049	25	98	4	1789681864424790016
2050	25	99	4	1789681864424790016
2051	25	100	4	1789681864424791040
2052	25	101	4	1789681864424791040
2053	25	102	4	1789681864424790016
2054	25	103	4	1789681864424791040
2055	25	104	4	1789681864424791040
2056	25	105	4	1789681864424791040
2057	25	106	4	1789681864424791040
2058	25	107	4	1789681864424791040
2059	25	108	4	1789681864424792064
2060	25	109	4	1789681864424791040
2061	25	110	4	1789681864424791040
2062	25	111	4	1789681864424791040
2063	25	112	4	1789681864424788992
2064	25	113	4	1789681864424790016
2065	25	114	4	1789681864424791040
2066	25	115	4	1789681864424791040
2067	25	116	4	1789681864424791040
2068	25	117	4	1789681864424791040
2069	25	118	4	1789681864424791040
2070	25	119	4	1789681864424791040
2071	25	120	4	1789681864424791040
2072	25	121	4	1789681864424790016
2073	25	122	4	1789681864424791040
2074	25	123	4	1789681864424791040
2075	25	124	4	1789681864424790016
2076	25	125	4	1789681864424791040
2077	25	126	4	1789681864424791040
2078	25	127	4	1789681864424791040
2079	26	4294967295	128	1789681864424807424
2080	27	0	4	1789681864424801280
2081	27	1	4	1789681864424802304
2082	27	2	4	1789681864424800256
2083	27	3	4	1789681864424801280
2084	27	4	4	1789681864424801280
2085	27	5	4	1789681864424800256
2086	27	6	4	1789681864424800256
2087	27	7	4	1789681864424800256
2088	27	8	4	1789681864424800256
2089	27	9	4	1789681864424801280
2090	27	10	4	1789681864424800256
2091	27	11	4	1789681864424800256
2092	27	12	4	1789681864424800256
2093	27	13	4	1789681864424801280
2094	27	14	4	1789681864424800256
2095	27	15	4	1789681864424801280
2096	27	16	4	1789681864424800256
2097	27	17	4	1789681864424799232
2098	27	18	4	1789681864424799232
2099	27	19	4	1789681864424799232
2100	27	20	4	1789681864424799232
2101	27	21	4	1789681864424799232
2102	27	22	4	1789681864424799232
2103	27	23	4	1789681864424799232
2104	27	24	4	1789681864424799232
2105	27	25	4	1789681864424799232
2106	27	26	4	1789681864424799232
2107	27	27	4	1789681864424798208
2108	27	28	4	1789681864424798208
2109	27	29	4	1789681864424798208
2110	27	30	4	1789681864424799232
2111	27	31	4	1789681864424798208
2112	27	32	4	1789681864424799232
2113	27	33	4	1789681864424799232
2114	27	34	4	1789681864424799232
2115	27	35	4	1789681864424800256
2116	27	36	4	1789681864424799232
2117	27	37	4	1789681864424799232
2118	27	38	4	1789681864424799232
2119	27	39	4	1789681864424799232
2120	27	40	4	1789681864424799232
2121	27	41	4	1789681864424799232
2122	27	42	4	1789681864424798208
2123	27	43	4	1789681864424800256
2124	27	44	4	1789681864424799232
2125	27	45	4	1789681864424799232
2126	27	46	4	1789681864424799232
2127	27	47	4	1789681864424799232
2128	27	48	4	1789681864424798208
2129	27	49	4	1789681864424798208
2130	27	50	4	1789681864424797184
2131	27	51	4	1789681864424798208
2132	27	52	4	1789681864424798208
2133	27	53	4	1789681864424799232
2134	27	54	4	1789681864424799232
2135	27	55	4	1789681864424799232
2136	27	56	4	1789681864424799232
2137	27	57	4	1789681864424799232
2138	27	58	4	1789681864424799232
2139	27	59	4	1789681864424800256
2140	27	60	4	1789681864424800256
2141	27	61	4	1789681864424800256
2142	27	62	4	1789681864424800256
2143	27	63	4	1789681864424800256
2144	27	64	4	1789681864424801280
2145	27	65	4	1789681864424803328
2146	27	66	4	1789681864424801280
2147	27	67	4	1789681864424801280
2148	27	68	4	1789681864424802304
2149	27	69	4	1789681864424802304
2150	27	70	4	1789681864424801280
2151	27	71	4	1789681864424802304
2152	27	72	4	1789681864424802304
2153	27	73	4	1789681864424802304
2154	27	74	4	1789681864424803328
2155	27	75	4	1789681864424802304
2156	27	76	4	1789681864424801280
2157	27	77	4	1789681864424802304
2158	27	78	4	1789681864424802304
2159	27	79	4	1789681864424802304
2160	27	80	4	1789681864424801280
2161	27	81	4	1789681864424802304
2162	27	82	4	1789681864424801280
2163	27	83	4	1789681864424801280
2164	27	84	4	1789681864424801280
2165	27	85	4	1789681864424801280
2166	27	86	4	1789681864424800256
2167	27	87	4	1789681864424801280
2168	27	88	4	1789681864424801280
2169	27	89	4	1789681864424801280
2170	27	90	4	1789681864424801280
2171	27	91	4	1789681864424801280
2172	27	92	4	1789681864424802304
2173	27	93	4	1789681864424801280
2174	27	94	4	1789681864424801280
2175	27	95	4	1789681864424801280
2176	27	96	4	1789681864424803328
2177	27	97	4	1789681864424803328
2178	27	98	4	1789681864424802304
2179	27	99	4	1789681864424803328
2180	27	100	4	1789681864424803328
2181	27	101	4	1789681864424803328
2182	27	102	4	1789681864424803328
2183	27	103	4	1789681864424803328
2184	27	104	4	1789681864424804352
2185	27	105	4	1789681864424803328
2186	27	106	4	1789681864424803328
2187	27	107	4	1789681864424802304
2188	27	108	4	1789681864424803328
2189	27	109	4	1789681864424803328
2190	27	110	4	1789681864424802304
2191	27	111	4	1789681864424803328
2192	27	112	4	1789681864424801280
2193	27	113	4	1789681864424802304
2194	27	114	4	1789681864424803328
2195	27	115	4	1789681864424803328
2196	27	116	4	1789681864424803328
2197	27	117	4	1789681864424803328
2198	27	118	4	1789681864424803328
2199	27	119	4	1789681864424802304
2200	27	120	4	1789681864424803328
2201	27	121	4	1789681864424803328
2202	27	122	4	1789681864424803328
2203	27	123	4	1789681864424802304
2204	27	124	4	1789681864424803328
2205	27	125	4	1789681864424802304
2206	27	126	4	1789681864424803328
2207	27	127	4	1789681864424802304
2208	28	4294967295	128	1789681864424812544
2209	29	0	4	1789681864424818688
2210	29	1	4	1789681864424819712
2211	29	2	4	1789681864424819712
2212	29	3	4	1789681864424819712
2213	29	4	4	1789681864424819712
2214	29	5	4	1789681864424818688
2215	29	6	4	1789681864424820736
2216	29	7	4	1789681864424819712
2217	29	8	4	1789681864424819712
2218	29	9	4	1789681864424818688
2219	29	10	4	1789681864424819712
2220	29	11	4	1789681864424819712
2221	29	12	4	1789681864424819712
2222	29	13	4	1789681864424819712
2223	29	14	4	1789681864424819712
2224	29	15	4	1789681864424821760
2225	29	16	4	1789681864424822784
2226	29	17	4	1789681864424825856
2227	29	18	4	1789681864424825856
2228	29	19	4	1789681864424823808
2229	29	20	4	1789681864424825856
2230	29	21	4	1789681864424825856
2231	29	22	4	1789681864424823808
2232	29	23	4	1789681864424823808
2233	29	24	4	1789681864424822784
2234	29	25	4	1789681864424823808
2235	29	26	4	1789681864424823808
2236	29	27	4	1789681864424824832
2237	29	28	4	1789681864424824832
2238	29	29	4	1789681864424823808
2239	29	30	4	1789681864424823808
2240	29	31	4	1789681864424823808
2241	29	32	4	1789681864424819712
2242	29	33	4	1789681864424819712
2243	29	34	4	1789681864424819712
2244	29	35	4	1789681864424819712
2245	29	36	4	1789681864424819712
2246	29	37	4	1789681864424819712
2247	29	38	4	1789681864424819712
2248	29	39	4	1789681864424819712
2249	29	40	4	1789681864424819712
2250	29	41	4	1789681864424819712
2251	29	42	4	1789681864424819712
2252	29	43	4	1789681864424819712
2253	29	44	4	1789681864424819712
2254	29	45	4	1789681864424819712
2255	29	46	4	1789681864424819712
2256	29	47	4	1789681864424818688
2257	29	48	4	1789681864424818688
2258	29	49	4	1789681864424818688
2259	29	50	4	1789681864424818688
2260	29	51	4	1789681864424818688
2261	29	52	4	1789681864424818688
2262	29	53	4	1789681864424820736
2263	29	54	4	1789681864424820736
2264	29	55	4	1789681864424820736
2265	29	56	4	1789681864424818688
2266	29	57	4	1789681864424819712
2267	29	58	4	1789681864424819712
2268	29	59	4	1789681864424819712
2269	29	60	4	1789681864424819712
2270	29	61	4	1789681864424819712
2271	29	62	4	1789681864424819712
2272	29	63	4	1789681864424819712
2273	29	64	4	1789681864424819712
2274	29	65	4	1789681864424819712
2275	29	66	4	1789681864424819712
2276	29	67	4	1789681864424819712
2277	29	68	4	1789681864424819712
2278	29	69	4	1789681864424819712
2279	29	70	4	1789681864424819712
2280	29	71	4	1789681864424819712
2281	29	72	4	1789681864424819712
2282	29	73	4	1789681864424819712
2283	29	74	4	1789681864424819712
2284	29	75	4	1789681864424819712
2285	29	76	4	1789681864424819712
2286	29	77	4	1789681864424819712
2287	29	78	4	1789681864424819712
2288	29	79	4	1789681864424818688
2289	29	80	4	1789681864424818688
2290	29	81	4	1789681864424818688
2291	29	82	4	1789681864424818688
2292	29	83	4	1789681864424818688
2293	29	84	4	1789681864424818688
2294	29	85	4	1789681864424819712
2295	29	86	4	1789681864424819712
2296	29	87	4	1789681864424819712
2297	29	88	4	1789681864424819712
2298	29	89	4	1789681864424819712
2299	29	90	4	1789681864424819712
2300	29	91	4	1789681864424819712
2301	29	92	4	1789681864424819712
2302	29	93	4	1789681864424818688
2303	29	94	4	1789681864424819712
2304	29	95	4	1789681864424819712
2305	29	96	4	1789681864424819712
2306	29	97	4	1789681864424819712
2307	29	98	4	1789681864424819712
2308	29	99	4	1789681864424819712
2309	29	100	4	1789681864424819712
2310	29	101	4	1789681864424819712
2311	29	102	4	1789681864424819712
2312	29	103	4	1789681864424819712
2313	29	104	4	1789681864424818688
2314	29	105	4	1789681864424819712
2315	29	106	4	1789681864424819712
2316	29	107	4	1789681864424819712
2317	29	108	4	1789681864424819712
2318	29	109	4	1789681864424819712
2319	29	110	4	1789681864424819712
2320	29	111	4	1789681864424819712
2321	29	112	4	1789681864424820736
2322	29	113	4	1789681864424820736
2323	29	114	4	1789681864424819712
2324	29	115	4	1789681864424819712
2325	29	116	4	1789681864424821760
2326	29	117	4	1789681864424820736
2327	29	118	4	1789681864424820736
2328	29	119	4	1789681864424818688
2329	29	120	4	1789681864424818688
2330	29	121	4	1789681864424819712
2331	29	122	4	1789681864424819712
2332	29	123	4	1789681864424818688
2333	29	124	4	1789681864424818688
2334	29	125	4	1789681864424819712
2335	29	126	4	1789681864424819712
2336	29	127	4	1789681864424812544
2337	30	0	4	1789681864424809472
2338	30	1	4	1789681864424809472
2339	30	2	4	1789681864424809472
2340	30	3	4	1789681864424809472
2341	30	4	4	1789681864424809472
2342	30	5	4	1789681864424809472
2343	30	6	4	1789681864424809472
2344	30	7	4	1789681864424809472
2345	30	8	4	1789681864424809472
2346	30	9	4	1789681864424809472
2347	30	10	4	1789681864424809472
2348	30	11	4	1789681864424810496
2349	30	12	4	1789681864424809472
2350	30	13	4	1789681864424810496
2351	30	14	4	1789681864424809472
2352	30	15	4	1789681864424809472
2353	30	16	4	1789681864424809472
2354	30	17	4	1789681864424809472
2355	30	18	4	1789681864424810496
2356	30	19	4	1789681864424810496
2357	30	20	4	1789681864424809472
2358	30	21	4	1789681864424809472
2359	30	22	4	1789681864424809472
2360	30	23	4	1789681864424809472
2361	30	24	4	1789681864424809472
2362	30	25	4	1789681864424809472
2363	30	26	4	1789681864424809472
2364	30	27	4	1789681864424810496
2365	30	28	4	1789681864424810496
2366	30	29	4	1789681864424809472
2367	30	30	4	1789681864424809472
2368	30	31	4	1789681864424809472
2369	30	32	4	1789681864424809472
2370	30	33	4	1789681864424809472
2371	30	34	4	1789681864424809472
2372	30	35	4	1789681864424809472
2373	30	36	4	1789681864424809472
2374	30	37	4	1789681864424809472
2375	30	38	4	1789681864424809472
2376	30	39	4	1789681864424809472
2377	30	40	4	1789681864424809472
2378	30	41	4	1789681864424809472
2379	30	42	4	1789681864424809472
2380	30	43	4	1789681864424809472
2381	30	44	4	1789681864424809472
2382	30	45	4	1789681864424809472
2383	30	46	4	1789681864424809472
2384	30	47	4	1789681864424809472
2385	30	48	4	1789681864424810496
2386	30	49	4	1789681864424810496
2387	30	50	4	1789681864424809472
2388	30	51	4	1789681864424809472
2389	30	52	4	1789681864424810496
2390	30	53	4	1789681864424809472
2391	30	54	4	1789681864424809472
2392	30	55	4	1789681864424809472
2393	30	56	4	1789681864424810496
2394	30	57	4	1789681864424809472
2395	30	58	4	1789681864424809472
2396	30	59	4	1789681864424809472
2397	30	60	4	1789681864424809472
2398	30	61	4	1789681864424809472
2399	30	62	4	1789681864424809472
2400	30	63	4	1789681864424809472
2401	30	64	4	1789681864424809472
2402	30	65	4	1789681864424810496
2403	30	66	4	1789681864424809472
2404	30	67	4	1789681864424809472
2405	30	68	4	1789681864424810496
2406	30	69	4	1789681864424809472
2407	30	70	4	1789681864424809472
2408	30	71	4	1789681864424809472
2409	30	72	4	1789681864424809472
2410	30	73	4	1789681864424809472
2411	30	74	4	1789681864424810496
2412	30	75	4	1789681864424809472
2413	30	76	4	1789681864424809472
2414	30	77	4	1789681864424809472
2415	30	78	4	1789681864424809472
2416	30	79	4	1789681864424809472
2417	30	80	4	1789681864424810496
2418	30	81	4	1789681864424810496
2419	30	82	4	1789681864424809472
2420	30	83	4	1789681864424809472
2421	30	84	4	1789681864424810496
2422	30	85	4	1789681864424809472
2423	30	86	4	1789681864424809472
2424	30	87	4	1789681864424809472
2425	30	88	4	1789681864424810496
2426	30	89	4	1789681864424809472
2427	30	90	4	1789681864424809472
2428	30	91	4	1789681864424809472
2429	30	92	4	1789681864424809472
2430	30	93	4	1789681864424809472
2431	30	94	4	1789681864424809472
2432	30	95	4	1789681864424809472
2433	30	96	4	1789681864424809472
2434	30	97	4	1789681864424809472
2435	30	98	4	1789681864424809472
2436	30	99	4	1789681864424809472
2437	30	100	4	1789681864424810496
2438	30	101	4	1789681864424810496
2439	30	102	4	1789681864424809472
2440	30	103	4	1789681864424809472
2441	30	104	4	1789681864424810496
2442	30	105	4	1789681864424811520
2443	30	106	4	1789681864424811520
2444	30	107	4	1789681864424810496
2445	30	108	4	1789681864424809472
2446	30	109	4	1789681864424811520
2447	30	110	4	1789681864424810496
2448	30	111	4	1789681864424809472
2449	30	112	4	1789681864424811520
2450	30	113	4	1789681864424812544
2451	30	114	4	1789681864424812544
2452	30	115	4	1789681864424812544
2453	30	116	4	1789681864424812544
2454	30	117	4	1789681864424811520
2455	30	118	4	1789681864424812544
2456	30	119	4	1789681864424811520
2457	30	120	4	1789681864424811520
2458	30	121	4	1789681864424812544
2459	30	122	4	1789681864424812544
2460	30	123	4	1789681864424812544
2461	30	124	4	1789681864424812544
2462	30	125	4	1789681864424812544
2463	30	126	4	1789681864424812544
2464	30	127	4	1789681864424812544
2465	31	4294967295	512	1789681864424819712
2466	32	4294967295	512	1789681864424819712
2467	33	4294967295	512	1789681864424863744
2468	34	0	4	1789681864424870912
2469	34	1	4	1789681864424871936
2470	34	2	4	1789681864424871936
2471	34	3	4	1789681864424871936
2472	34	4	4	1789681864424872960
2473	34	5	4	1789681864424871936
2474	34	6	4	1789681864424871936
2475	34	7	4	1789681864424871936
2476	34	8	4	1789681864424871936
2477	34	9	4	1789681864424871936
2478	34	10	4	1789681864424871936
2479	34	11	4	1789681864424871936
2480	34	12	4	1789681864424871936
2481	34	13	4	1789681864424871936
2482	34	14	4	1789681864424871936
2483	34	15	4	1789681864424871936
2484	34	16	4	1789681864424871936
2485	34	17	4	1789681864424871936
2486	34	18	4	1789681864424870912
2487	34	19	4	1789681864424870912
2488	34	20	4	1789681864424871936
2489	34	21	4	1789681864424871936
2490	34	22	4	1789681864424871936
2491	34	23	4	1789681864424870912
2492	34	24	4	1789681864424870912
2493	34	25	4	1789681864424871936
2494	34	26	4	1789681864424871936
2495	34	27	4	1789681864424870912
2496	34	28	4	1789681864424871936
2497	34	29	4	1789681864424871936
2498	34	30	4	1789681864424871936
2499	34	31	4	1789681864424870912
2500	34	32	4	1789681864424870912
2501	34	33	4	1789681864424870912
2502	34	34	4	1789681864424870912
2503	34	35	4	1789681864424870912
2504	34	36	4	1789681864424870912
2505	34	37	4	1789681864424870912
2506	34	38	4	1789681864424870912
2507	34	39	4	1789681864424870912
2508	34	40	4	1789681864424870912
2509	34	41	4	1789681864424870912
2510	34	42	4	1789681864424869888
2511	34	43	4	1789681864424870912
2512	34	44	4	1789681864424870912
2513	34	45	4	1789681864424870912
2514	34	46	4	1789681864424870912
2515	34	47	4	1789681864424869888
2516	34	48	4	1789681864424870912
2517	34	49	4	1789681864424870912
2518	34	50	4	1789681864424870912
2519	34	51	4	1789681864424870912
2520	34	52	4	1789681864424870912
2521	34	53	4	1789681864424870912
2522	34	54	4	1789681864424870912
2523	34	55	4	1789681864424870912
2524	34	56	4	1789681864424870912
2525	34	57	4	1789681864424870912
2526	34	58	4	1789681864424870912
2527	34	59	4	1789681864424870912
2528	34	60	4	1789681864424870912
2529	34	61	4	1789681864424870912
2530	34	62	4	1789681864424870912
2531	34	63	4	1789681864424870912
2532	34	64	4	1789681864424870912
2533	34	65	4	1789681864424870912
2534	34	66	4	1789681864424870912
2535	34	67	4	1789681864424870912
2536	34	68	4	1789681864424870912
2537	34	69	4	1789681864424871936
2538	34	70	4	1789681864424871936
2539	34	71	4	1789681864424870912
2540	34	72	4	1789681864424870912
2541	34	73	4	1789681864424870912
2542	34	74	4	1789681864424871936
2543	34	75	4	1789681864424871936
2544	34	76	4	1789681864424871936
2545	34	77	4	1789681864424871936
2546	34	78	4	1789681864424871936
2547	34	79	4	1789681864424871936
2548	34	80	4	1789681864424871936
2549	34	81	4	1789681864424871936
2550	34	82	4	1789681864424871936
2551	34	83	4	1789681864424871936
2552	34	84	4	1789681864424871936
2553	34	85	4	1789681864424871936
2554	34	86	4	1789681864424871936
2555	34	87	4	1789681864424870912
2556	34	88	4	1789681864424871936
2557	34	89	4	1789681864424871936
2558	34	90	4	1789681864424871936
2559	34	91	4	1789681864424871936
2560	34	92	4	1789681864424871936
2561	34	93	4	1789681864424871936
2562	34	94	4	1789681864424870912
2563	34	95	4	1789681864424870912
2564	34	96	4	1789681864424872960
2565	34	97	4	1789681864424872960
2566	34	98	4	1789681864424872960
2567	34	99	4	1789681864424872960
2568	34	100	4	1789681864424872960
2569	34	101	4	1789681864424871936
2570	34	102	4	1789681864424871936
2571	34	103	4	1789681864424871936
2572	34	104	4	1789681864424871936
2573	34	105	4	1789681864424871936
2574	34	106	4	1789681864424871936
2575	34	107	4	1789681864424871936
2576	34	108	4	1789681864424871936
2577	34	109	4	1789681864424871936
2578	34	110	4	1789681864424871936
2579	34	111	4	1789681864424871936
2580	34	112	4	1789681864424871936
2581	34	113	4	1789681864424871936
2582	34	114	4	1789681864424871936
2583	34	115	4	1789681864424871936
2584	34	116	4	1789681864424871936
2585	34	117	4	1789681864424871936
2586	34	118	4	1789681864424871936
2587	34	119	4	1789681864424871936
2588	34	120	4	1789681864424871936
2589	34	121	4	1789681864424871936
2590	34	122	4	1789681864424871936
2591	34	123	4	1789681864424871936
2592	34	124	4	1789681864424871936
2593	34	125	4	1789681864424871936
2594	34	126	4	1789681864424871936
2595	34	127	4	1789681864424871936
2596	35	0	4	1789681864424879104
2597	35	1	4	1789681864424879104
2598	35	2	4	1789681864424879104
2599	35	3	4	1789681864424879104
2600	35	4	4	1789681864424880128
2601	35	5	4	1789681864424879104
2602	35	6	4	1789681864424879104
2603	35	7	4	1789681864424878080
2604	35	8	4	1789681864424879104
2605	35	9	4	1789681864424879104
2606	35	10	4	1789681864424879104
2607	35	11	4	1789681864424880128
2608	35	12	4	1789681864424879104
2609	35	13	4	1789681864424879104
2610	35	14	4	1789681864424880128
2611	35	15	4	1789681864424878080
2612	35	16	4	1789681864424877056
2613	35	17	4	1789681864424878080
2614	35	18	4	1789681864424877056
2615	35	19	4	1789681864424878080
2616	35	20	4	1789681864424878080
2617	35	21	4	1789681864424878080
2618	35	22	4	1789681864424878080
2619	35	23	4	1789681864424877056
2620	35	24	4	1789681864424878080
2621	35	25	4	1789681864424879104
2622	35	26	4	1789681864424878080
2623	35	27	4	1789681864424878080
2624	35	28	4	1789681864424878080
2625	35	29	4	1789681864424878080
2626	35	30	4	1789681864424878080
2627	35	31	4	1789681864424878080
2628	36	0	4	1789681864424885248
2629	36	1	4	1789681864424885248
2630	36	2	4	1789681864424885248
2631	36	3	4	1789681864424885248
2632	36	4	4	1789681864424886272
2633	36	5	4	1789681864424885248
2634	36	6	4	1789681864424885248
2635	36	7	4	1789681864424884224
2636	36	8	4	1789681864424884224
2637	36	9	4	1789681864424884224
2638	36	10	4	1789681864424885248
2639	36	11	4	1789681864424884224
2640	36	12	4	1789681864424885248
2641	36	13	4	1789681864424886272
2642	36	14	4	1789681864424884224
2643	36	15	4	1789681864424884224
2644	36	16	4	1789681864424883200
2645	36	17	4	1789681864424884224
2646	36	18	4	1789681864424883200
2647	36	19	4	1789681864424883200
2648	36	20	4	1789681864424883200
2649	36	21	4	1789681864424883200
2650	36	22	4	1789681864424883200
2651	36	23	4	1789681864424883200
2652	36	24	4	1789681864424884224
2653	36	25	4	1789681864424884224
2654	36	26	4	1789681864424884224
2655	36	27	4	1789681864424883200
2656	36	28	4	1789681864424883200
2657	36	29	4	1789681864424883200
2658	36	30	4	1789681864424883200
2659	36	31	4	1789681864424883200
2660	37	0	4	1789681864424893440
2661	37	1	4	1789681864424893440
2662	37	2	4	1789681864424893440
2663	37	3	4	1789681864424893440
2664	37	4	4	1789681864424894464
2665	37	5	4	1789681864424894464
2666	37	6	4	1789681864424893440
2667	37	7	4	1789681864424893440
2668	37	8	4	1789681864424894464
2669	37	9	4	1789681864424893440
2670	37	10	4	1789681864424893440
2671	37	11	4	1789681864424894464
2672	37	12	4	1789681864424893440
2673	37	13	4	1789681864424894464
2674	37	14	4	1789681864424893440
2675	37	15	4	1789681864424894464
2676	37	16	4	1789681864424893440
2677	37	17	4	1789681864424893440
2678	37	18	4	1789681864424893440
2679	37	19	4	1789681864424893440
2680	37	20	4	1789681864424894464
2681	37	21	4	1789681864424893440
2682	37	22	4	1789681864424894464
2683	37	23	4	1789681864424893440
2684	37	24	4	1789681864424893440
2685	37	25	4	1789681864424893440
2686	37	26	4	1789681864424893440
2687	37	27	4	1789681864424893440
2688	37	28	4	1789681864424893440
2689	37	29	4	1789681864424894464
2690	37	30	4	1789681864424893440
2691	37	31	4	1789681864424893440
2692	37	32	4	1789681864424893440
2693	37	33	4	1789681864424893440
2694	37	34	4	1789681864424893440
2695	37	35	4	1789681864424893440
2696	37	36	4	1789681864424893440
2697	37	37	4	1789681864424892416
2698	37	38	4	1789681864424893440
2699	37	39	4	1789681864424893440
2700	37	40	4	1789681864424893440
2701	37	41	4	1789681864424893440
2702	37	42	4	1789681864424893440
2703	37	43	4	1789681864424893440
2704	37	44	4	1789681864424893440
2705	37	45	4	1789681864424893440
2706	37	46	4	1789681864424893440
2707	37	47	4	1789681864424893440
2708	37	48	4	1789681864424893440
2709	37	49	4	1789681864424893440
2710	37	50	4	1789681864424893440
2711	37	51	4	1789681864424893440
2712	37	52	4	1789681864424893440
2713	37	53	4	1789681864424893440
2714	37	54	4	1789681864424893440
2715	37	55	4	1789681864424893440
2716	37	56	4	1789681864424893440
2717	37	57	4	1789681864424893440
2718	37	58	4	1789681864424893440
2719	37	59	4	1789681864424893440
2720	37	60	4	1789681864424893440
2721	37	61	4	1789681864424893440
2722	37	62	4	1789681864424893440
2723	37	63	4	1789681864424893440
2724	37	64	4	1789681864424892416
2725	37	65	4	1789681864424893440
2726	37	66	4	1789681864424892416
2727	37	67	4	1789681864424892416
2728	37	68	4	1789681864424892416
2729	37	69	4	1789681864424893440
2730	37	70	4	1789681864424893440
2731	37	71	4	1789681864424893440
2732	37	72	4	1789681864424893440
2733	37	73	4	1789681864424893440
2734	37	74	4	1789681864424893440
2735	37	75	4	1789681864424893440
2736	37	76	4	1789681864424893440
2737	37	77	4	1789681864424894464
2738	37	78	4	1789681864424894464
2739	37	79	4	1789681864424894464
2740	37	80	4	1789681864424893440
2741	37	81	4	1789681864424894464
2742	37	82	4	1789681864424893440
2743	37	83	4	1789681864424893440
2744	37	84	4	1789681864424894464
2745	37	85	4	1789681864424893440
2746	37	86	4	1789681864424893440
2747	37	87	4	1789681864424893440
2748	37	88	4	1789681864424893440
2749	37	89	4	1789681864424893440
2750	37	90	4	1789681864424893440
2751	37	91	4	1789681864424893440
2752	37	92	4	1789681864424894464
2753	37	93	4	1789681864424893440
2754	37	94	4	1789681864424893440
2755	37	95	4	1789681864424894464
2756	37	96	4	1789681864424894464
2757	37	97	4	1789681864424894464
2758	37	98	4	1789681864424894464
2759	37	99	4	1789681864424894464
2760	37	100	4	1789681864424894464
2761	37	101	4	1789681864424894464
2762	37	102	4	1789681864424894464
2763	37	103	4	1789681864424894464
2764	37	104	4	1789681864424894464
2765	37	105	4	1789681864424894464
2766	37	106	4	1789681864424894464
2767	37	107	4	1789681864424894464
2768	37	108	4	1789681864424894464
2769	37	109	4	1789681864424894464
2770	37	110	4	1789681864424894464
2771	37	111	4	1789681864424894464
2772	37	112	4	1789681864424894464
2773	37	113	4	1789681864424894464
2774	37	114	4	1789681864424894464
2775	37	115	4	1789681864424894464
2776	37	116	4	1789681864424894464
2777	37	117	4	1789681864424894464
2778	37	118	4	1789681864424894464
2779	37	119	4	1789681864424894464
2780	37	120	4	1789681864424894464
2781	37	121	4	1789681864424894464
2782	37	122	4	1789681864424894464
2783	37	123	4	1789681864424894464
2784	37	124	4	1789681864424894464
2785	37	125	4	1789681864424894464
2786	37	126	4	1789681864424894464
2787	37	127	4	1789681864424894464
2788	37	128	4	1789681864424901632
2789	37	129	4	1789681864424901632
2790	37	130	4	1789681864424902656
2791	37	131	4	1789681864424902656
2792	37	132	4	1789681864424904704
2793	37	133	4	1789681864424902656
2794	37	134	4	1789681864424901632
2795	37	135	4	1789681864424902656
2796	37	136	4	1789681864424902656
2797	37	137	4	1789681864424902656
2798	37	138	4	1789681864424901632
2799	37	139	4	1789681864424901632
2800	37	140	4	1789681864424902656
2801	37	141	4	1789681864424901632
2802	37	142	4	1789681864424902656
2803	37	143	4	1789681864424902656
2804	37	144	4	1789681864424902656
2805	37	145	4	1789681864424902656
2806	37	146	4	1789681864424901632
2807	37	147	4	1789681864424902656
2808	37	148	4	1789681864424902656
2809	37	149	4	1789681864424902656
2810	37	150	4	1789681864424902656
2811	37	151	4	1789681864424901632
2812	37	152	4	1789681864424901632
2813	37	153	4	1789681864424901632
2814	37	154	4	1789681864424901632
2815	37	155	4	1789681864424902656
2816	37	156	4	1789681864424901632
2817	37	157	4	1789681864424903680
2818	37	158	4	1789681864424902656
2819	37	159	4	1789681864424901632
2820	37	160	4	1789681864424902656
2821	37	161	4	1789681864424900608
2822	37	162	4	1789681864424900608
2823	37	163	4	1789681864424900608
2824	37	164	4	1789681864424900608
2825	37	165	4	1789681864424900608
2826	37	166	4	1789681864424900608
2827	37	167	4	1789681864424900608
2828	37	168	4	1789681864424900608
2829	37	169	4	1789681864424900608
2830	37	170	4	1789681864424900608
2831	37	171	4	1789681864424900608
2832	37	172	4	1789681864424900608
2833	37	173	4	1789681864424900608
2834	37	174	4	1789681864424900608
2835	37	175	4	1789681864424899584
2836	37	176	4	1789681864424900608
2837	37	177	4	1789681864424900608
2838	37	178	4	1789681864424900608
2839	37	179	4	1789681864424900608
2840	37	180	4	1789681864424900608
2841	37	181	4	1789681864424900608
2842	37	182	4	1789681864424900608
2843	37	183	4	1789681864424900608
2844	37	184	4	1789681864424900608
2845	37	185	4	1789681864424900608
2846	37	186	4	1789681864424900608
2847	37	187	4	1789681864424901632
2848	37	188	4	1789681864424900608
2849	37	189	4	1789681864424900608
2850	37	190	4	1789681864424901632
2851	37	191	4	1789681864424900608
2852	37	192	4	1789681864424899584
2853	37	193	4	1789681864424899584
2854	37	194	4	1789681864424899584
2855	37	195	4	1789681864424899584
2856	37	196	4	1789681864424899584
2857	37	197	4	1789681864424900608
2858	37	198	4	1789681864424900608
2859	37	199	4	1789681864424900608
2860	37	200	4	1789681864424900608
2861	37	201	4	1789681864424900608
2862	37	202	4	1789681864424902656
2863	37	203	4	1789681864424902656
2864	37	204	4	1789681864424902656
2865	37	205	4	1789681864424902656
2866	37	206	4	1789681864424902656
2867	37	207	4	1789681864424902656
2868	37	208	4	1789681864424902656
2869	37	209	4	1789681864424902656
2870	37	210	4	1789681864424903680
2871	37	211	4	1789681864424902656
2872	37	212	4	1789681864424903680
2873	37	213	4	1789681864424903680
2874	37	214	4	1789681864424902656
2875	37	215	4	1789681864424902656
2876	37	216	4	1789681864424901632
2877	37	217	4	1789681864424902656
2878	37	218	4	1789681864424902656
2879	37	219	4	1789681864424902656
2880	37	220	4	1789681864424902656
2881	37	221	4	1789681864424902656
2882	37	222	4	1789681864424902656
2883	37	223	4	1789681864424902656
2884	37	224	4	1789681864424904704
2885	37	225	4	1789681864424904704
2886	37	226	4	1789681864424904704
2887	37	227	4	1789681864424904704
2888	37	228	4	1789681864424904704
2889	37	229	4	1789681864424904704
2890	37	230	4	1789681864424904704
2891	37	231	4	1789681864424904704
2892	37	232	4	1789681864424903680
2893	37	233	4	1789681864424904704
2894	37	234	4	1789681864424903680
2895	37	235	4	1789681864424904704
2896	37	236	4	1789681864424904704
2897	37	237	4	1789681864424905728
2898	37	238	4	1789681864424904704
2899	37	239	4	1789681864424904704
2900	37	240	4	1789681864424904704
2901	37	241	4	1789681864424904704
2902	37	242	4	1789681864424903680
2903	37	243	4	1789681864424904704
2904	37	244	4	1789681864424904704
2905	37	245	4	1789681864424904704
2906	37	246	4	1789681864424904704
2907	37	247	4	1789681864424905728
2908	37	248	4	1789681864424904704
2909	37	249	4	1789681864424904704
2910	37	250	4	1789681864424904704
2911	37	251	4	1789681864424903680
2912	37	252	4	1789681864424905728
2913	37	253	4	1789681864424903680
2914	37	254	4	1789681864424903680
2915	37	255	4	1789681864424903680
2916	38	0	4	1789681864424921088
2917	38	1	4	1789681864424921088
2918	38	2	4	1789681864424921088
2919	38	3	4	1789681864424920064
2920	38	4	4	1789681864424923136
2921	38	5	4	1789681864424921088
2922	38	6	4	1789681864424919040
2923	38	7	4	1789681864424920064
2924	38	8	4	1789681864424921088
2925	38	9	4	1789681864424921088
2926	38	10	4	1789681864424920064
2927	38	11	4	1789681864424920064
2928	38	12	4	1789681864424921088
2929	38	13	4	1789681864424921088
2930	38	14	4	1789681864424920064
2931	38	15	4	1789681864424920064
2932	38	16	4	1789681864424920064
2933	38	17	4	1789681864424920064
2934	38	18	4	1789681864424919040
2935	38	19	4	1789681864424921088
2936	38	20	4	1789681864424920064
2937	38	21	4	1789681864424920064
2938	38	22	4	1789681864424920064
2939	38	23	4	1789681864424920064
2940	38	24	4	1789681864424920064
2941	38	25	4	1789681864424921088
2942	38	26	4	1789681864424921088
2943	38	27	4	1789681864424919040
2944	38	28	4	1789681864424920064
2945	38	29	4	1789681864424922112
2946	38	30	4	1789681864424920064
2947	38	31	4	1789681864424920064
2948	38	32	4	1789681864424920064
2949	38	33	4	1789681864424919040
2950	38	34	4	1789681864424918016
2951	38	35	4	1789681864424919040
2952	38	36	4	1789681864424920064
2953	38	37	4	1789681864424918016
2954	38	38	4	1789681864424919040
2955	38	39	4	1789681864424918016
2956	38	40	4	1789681864424918016
2957	38	41	4	1789681864424919040
2958	38	42	4	1789681864424919040
2959	38	43	4	1789681864424920064
2960	38	44	4	1789681864424918016
2961	38	45	4	1789681864424919040
2962	38	46	4	1789681864424919040
2963	38	47	4	1789681864424918016
2964	38	48	4	1789681864424918016
2965	38	49	4	1789681864424919040
2966	38	50	4	1789681864424919040
2967	38	51	4	1789681864424919040
2968	38	52	4	1789681864424919040
2969	38	53	4	1789681864424918016
2970	38	54	4	1789681864424919040
2971	38	55	4	1789681864424918016
2972	38	56	4	1789681864424918016
2973	38	57	4	1789681864424919040
2974	38	58	4	1789681864424919040
2975	38	59	4	1789681864424920064
2976	38	60	4	1789681864424920064
2977	38	61	4	1789681864424919040
2978	38	62	4	1789681864424919040
2979	38	63	4	1789681864424918016
2980	39	0	4	1789681864424908800
2981	39	1	4	1789681864424909824
2982	39	2	4	1789681864424909824
2983	39	3	4	1789681864424909824
2984	39	4	4	1789681864424911872
2985	39	5	4	1789681864424909824
2986	39	6	4	1789681864424907776
2987	39	7	4	1789681864424909824
2988	39	8	4	1789681864424908800
2989	39	9	4	1789681864424909824
2990	39	10	4	1789681864424907776
2991	39	11	4	1789681864424908800
2992	39	12	4	1789681864424909824
2993	39	13	4	1789681864424909824
2994	39	14	4	1789681864424909824
2995	39	15	4	1789681864424909824
2996	39	16	4	1789681864424909824
2997	39	17	4	1789681864424908800
2998	39	18	4	1789681864424907776
2999	39	19	4	1789681864424909824
3000	39	20	4	1789681864424908800
3001	39	21	4	1789681864424908800
3002	39	22	4	1789681864424909824
3003	39	23	4	1789681864424908800
3004	39	24	4	1789681864424908800
3005	39	25	4	1789681864424909824
3006	39	26	4	1789681864424909824
3007	39	27	4	1789681864424908800
3008	39	28	4	1789681864424909824
3009	39	29	4	1789681864424910848
3010	39	30	4	1789681864424909824
3011	39	31	4	1789681864424908800
3012	39	32	4	1789681864424908800
3013	39	33	4	1789681864424906752
3014	39	34	4	1789681864424906752
3015	39	35	4	1789681864424906752
3016	39	36	4	1789681864424907776
3017	39	37	4	1789681864424905728
3018	39	38	4	1789681864424907776
3019	39	39	4	1789681864424906752
3020	39	40	4	1789681864424905728
3021	39	41	4	1789681864424906752
3022	39	42	4	1789681864424905728
3023	39	43	4	1789681864424906752
3024	39	44	4	1789681864424906752
3025	39	45	4	1789681864424906752
3026	39	46	4	1789681864424906752
3027	39	47	4	1789681864424905728
3028	39	48	4	1789681864424906752
3029	39	49	4	1789681864424906752
3030	39	50	4	1789681864424906752
3031	39	51	4	1789681864424906752
3032	39	52	4	1789681864424907776
3033	39	53	4	1789681864424905728
3034	39	54	4	1789681864424906752
3035	39	55	4	1789681864424905728
3036	39	56	4	1789681864424906752
3037	39	57	4	1789681864424906752
3038	39	58	4	1789681864424906752
3039	39	59	4	1789681864424907776
3040	39	60	4	1789681864424906752
3041	39	61	4	1789681864424906752
3042	39	62	4	1789681864424907776
3043	39	63	4	1789681864424906752
3044	39	64	4	1789681864424904704
3045	39	65	4	1789681864424904704
3046	39	66	4	1789681864424904704
3047	39	67	4	1789681864424905728
3048	39	68	4	1789681864424904704
3049	39	69	4	1789681864424906752
3050	39	70	4	1789681864424906752
3051	39	71	4	1789681864424907776
3052	39	72	4	1789681864424907776
3053	39	73	4	1789681864424906752
3054	39	74	4	1789681864424908800
3055	39	75	4	1789681864424909824
3056	39	76	4	1789681864424909824
3057	39	77	4	1789681864424908800
3058	39	78	4	1789681864424909824
3059	39	79	4	1789681864424909824
3060	39	80	4	1789681864424910848
3061	39	81	4	1789681864424909824
3062	39	82	4	1789681864424909824
3063	39	83	4	1789681864424908800
3064	39	84	4	1789681864424910848
3065	39	85	4	1789681864424909824
3066	39	86	4	1789681864424908800
3067	39	87	4	1789681864424908800
3068	39	88	4	1789681864424909824
3069	39	89	4	1789681864424909824
3070	39	90	4	1789681864424909824
3071	39	91	4	1789681864424909824
3072	39	92	4	1789681864424909824
3073	39	93	4	1789681864424909824
3074	39	94	4	1789681864424909824
3075	39	95	4	1789681864424909824
3076	39	96	4	1789681864424911872
3077	39	97	4	1789681864424911872
3078	39	98	4	1789681864424911872
3079	39	99	4	1789681864424911872
3080	39	100	4	1789681864424912896
3081	39	101	4	1789681864424911872
3082	39	102	4	1789681864424912896
3083	39	103	4	1789681864424911872
3084	39	104	4	1789681864424910848
3085	39	105	4	1789681864424911872
3086	39	106	4	1789681864424911872
3087	39	107	4	1789681864424912896
3088	39	108	4	1789681864424911872
3089	39	109	4	1789681864424912896
3090	39	110	4	1789681864424912896
3091	39	111	4	1789681864424911872
3092	39	112	4	1789681864424912896
3093	39	113	4	1789681864424912896
3094	39	114	4	1789681864424910848
3095	39	115	4	1789681864424911872
3096	39	116	4	1789681864424911872
3097	39	117	4	1789681864424911872
3098	39	118	4	1789681864424911872
3099	39	119	4	1789681864424912896
3100	39	120	4	1789681864424912896
3101	39	121	4	1789681864424912896
3102	39	122	4	1789681864424912896
3103	39	123	4	1789681864424911872
3104	39	124	4	1789681864424912896
3105	39	125	4	1789681864424911872
3106	39	126	4	1789681864424911872
3107	39	127	4	1789681864424911872
3108	39	128	4	1789681864424914944
3109	39	129	4	1789681864424914944
3110	39	130	4	1789681864424914944
3111	39	131	4	1789681864424914944
3112	39	132	4	1789681864424916992
3113	39	133	4	1789681864424915968
3114	39	134	4	1789681864424913920
3115	39	135	4	1789681864424914944
3116	39	136	4	1789681864424914944
3117	39	137	4	1789681864424914944
3118	39	138	4	1789681864424913920
3119	39	139	4	1789681864424914944
3120	39	140	4	1789681864424914944
3121	39	141	4	1789681864424915968
3122	39	142	4	1789681864424914944
3123	39	143	4	1789681864424914944
3124	39	144	4	1789681864424914944
3125	39	145	4	1789681864424913920
3126	39	146	4	1789681864424913920
3127	39	147	4	1789681864424914944
3128	39	148	4	1789681864424914944
3129	39	149	4	1789681864424913920
3130	39	150	4	1789681864424914944
3131	39	151	4	1789681864424914944
3132	39	152	4	1789681864424914944
3133	39	153	4	1789681864424915968
3134	39	154	4	1789681864424914944
3135	39	155	4	1789681864424913920
3136	39	156	4	1789681864424914944
3137	39	157	4	1789681864424915968
3138	39	158	4	1789681864424914944
3139	39	159	4	1789681864424914944
3140	39	160	4	1789681864424913920
3141	39	161	4	1789681864424912896
3142	39	162	4	1789681864424911872
3143	39	163	4	1789681864424912896
3144	39	164	4	1789681864424913920
3145	39	165	4	1789681864424911872
3146	39	166	4	1789681864424912896
3147	39	167	4	1789681864424912896
3148	39	168	4	1789681864424911872
3149	39	169	4	1789681864424912896
3150	39	170	4	1789681864424912896
3151	39	171	4	1789681864424913920
3152	39	172	4	1789681864424912896
3153	39	173	4	1789681864424912896
3154	39	174	4	1789681864424912896
3155	39	175	4	1789681864424911872
3156	39	176	4	1789681864424911872
3157	39	177	4	1789681864424912896
3158	39	178	4	1789681864424912896
3159	39	179	4	1789681864424911872
3160	39	180	4	1789681864424912896
3161	39	181	4	1789681864424911872
3162	39	182	4	1789681864424912896
3163	39	183	4	1789681864424912896
3164	39	184	4	1789681864424912896
3165	39	185	4	1789681864424912896
3166	39	186	4	1789681864424912896
3167	39	187	4	1789681864424912896
3168	39	188	4	1789681864424913920
3169	39	189	4	1789681864424912896
3170	39	190	4	1789681864424912896
3171	39	191	4	1789681864424912896
3172	39	192	4	1789681864424910848
3173	39	193	4	1789681864424910848
3174	39	194	4	1789681864424910848
3175	39	195	4	1789681864424910848
3176	39	196	4	1789681864424910848
3177	39	197	4	1789681864424912896
3178	39	198	4	1789681864424911872
3179	39	199	4	1789681864424912896
3180	39	200	4	1789681864424912896
3181	39	201	4	1789681864424911872
3182	39	202	4	1789681864424913920
3183	39	203	4	1789681864424914944
3184	39	204	4	1789681864424915968
3185	39	205	4	1789681864424914944
3186	39	206	4	1789681864424914944
3187	39	207	4	1789681864424914944
3188	39	208	4	1789681864424915968
3189	39	209	4	1789681864424914944
3190	39	210	4	1789681864424914944
3191	39	211	4	1789681864424913920
3192	39	212	4	1789681864424915968
3193	39	213	4	1789681864424914944
3194	39	214	4	1789681864424913920
3195	39	215	4	1789681864424914944
3196	39	216	4	1789681864424915968
3197	39	217	4	1789681864424915968
3198	39	218	4	1789681864424915968
3199	39	219	4	1789681864424914944
3200	39	220	4	1789681864424914944
3201	39	221	4	1789681864424913920
3202	39	222	4	1789681864424914944
3203	39	223	4	1789681864424914944
3204	39	224	4	1789681864424916992
3205	39	225	4	1789681864424916992
3206	39	226	4	1789681864424916992
3207	39	227	4	1789681864424915968
3208	39	228	4	1789681864424916992
3209	39	229	4	1789681864424915968
3210	39	230	4	1789681864424916992
3211	39	231	4	1789681864424916992
3212	39	232	4	1789681864424915968
3213	39	233	4	1789681864424916992
3214	39	234	4	1789681864424915968
3215	39	235	4	1789681864424916992
3216	39	236	4	1789681864424916992
3217	39	237	4	1789681864424916992
3218	39	238	4	1789681864424916992
3219	39	239	4	1789681864424915968
3220	39	240	4	1789681864424918016
3221	39	241	4	1789681864424916992
3222	39	242	4	1789681864424915968
3223	39	243	4	1789681864424915968
3224	39	244	4	1789681864424915968
3225	39	245	4	1789681864424916992
3226	39	246	4	1789681864424916992
3227	39	247	4	1789681864424916992
3228	39	248	4	1789681864424916992
3229	39	249	4	1789681864424916992
3230	39	250	4	1789681864424916992
3231	39	251	4	1789681864424915968
3232	39	252	4	1789681864424916992
3233	39	253	4	1789681864424916992
3234	39	254	4	1789681864424916992
3235	39	255	4	1789681864424915968
3236	40	0	4	1789681864424918016
3237	40	1	4	1789681864424916992
3238	40	2	4	1789681864424916992
3239	40	3	4	1789681864424916992
3240	40	4	4	1789681864424916992
3241	40	5	4	1789681864424918016
3242	40	6	4	1789681864424918016
3243	40	7	4	1789681864424919040
3244	40	8	4	1789681864424919040
3245	40	9	4	1789681864424918016
3246	40	10	4	1789681864424919040
3247	40	11	4	1789681864424921088
3248	40	12	4	1789681864424921088
3249	40	13	4	1789681864424920064
3250	40	14	4	1789681864424920064
3251	40	15	4	1789681864424921088
3252	40	16	4	1789681864424921088
3253	40	17	4	1789681864424921088
3254	40	18	4	1789681864424920064
3255	40	19	4	1789681864424919040
3256	40	20	4	1789681864424921088
3257	40	21	4	1789681864424920064
3258	40	22	4	1789681864424919040
3259	40	23	4	1789681864424919040
3260	40	24	4	1789681864424921088
3261	40	25	4	1789681864424921088
3262	40	26	4	1789681864424920064
3263	40	27	4	1789681864424920064
3264	40	28	4	1789681864424920064
3265	40	29	4	1789681864424920064
3266	40	30	4	1789681864424920064
3267	40	31	4	1789681864424920064
3268	40	32	4	1789681864424922112
3269	40	33	4	1789681864424923136
3270	40	34	4	1789681864424922112
3271	40	35	4	1789681864424922112
3272	40	36	4	1789681864424923136
3273	40	37	4	1789681864424922112
3274	40	38	4	1789681864424922112
3275	40	39	4	1789681864424922112
3276	40	40	4	1789681864424922112
3277	40	41	4	1789681864424923136
3278	40	42	4	1789681864424922112
3279	40	43	4	1789681864424922112
3280	40	44	4	1789681864424922112
3281	40	45	4	1789681864424922112
3282	40	46	4	1789681864424922112
3283	40	47	4	1789681864424921088
3284	40	48	4	1789681864424923136
3285	40	49	4	1789681864424922112
3286	40	50	4	1789681864424921088
3287	40	51	4	1789681864424921088
3288	40	52	4	1789681864424922112
3289	40	53	4	1789681864424921088
3290	40	54	4	1789681864424922112
3291	40	55	4	1789681864424922112
3292	40	56	4	1789681864424922112
3293	40	57	4	1789681864424922112
3294	40	58	4	1789681864424922112
3295	40	59	4	1789681864424921088
3296	40	60	4	1789681864424922112
3297	40	61	4	1789681864424922112
3298	40	62	4	1789681864424922112
3299	40	63	4	1789681864424921088
3300	41	0	4	1789681864424929280
3301	41	1	4	1789681864424929280
3302	41	2	4	1789681864424928256
3303	41	3	4	1789681864424928256
3304	41	4	4	1789681864424929280
3305	41	5	4	1789681864424928256
3306	41	6	4	1789681864424928256
3307	41	7	4	1789681864424928256
3308	41	8	4	1789681864424927232
3309	41	9	4	1789681864424927232
3310	41	10	4	1789681864424927232
3311	41	11	4	1789681864424927232
3312	41	12	4	1789681864424927232
3313	41	13	4	1789681864424927232
3314	41	14	4	1789681864424927232
3315	41	15	4	1789681864424927232
3316	41	16	4	1789681864424927232
3317	41	17	4	1789681864424927232
3318	41	18	4	1789681864424927232
3319	41	19	4	1789681864424927232
3320	41	20	4	1789681864424927232
3321	41	21	4	1789681864424928256
3322	41	22	4	1789681864424927232
3323	41	23	4	1789681864424927232
3324	41	24	4	1789681864424928256
3325	41	25	4	1789681864424928256
3326	41	26	4	1789681864424928256
3327	41	27	4	1789681864424928256
3328	41	28	4	1789681864424928256
3329	41	29	4	1789681864424928256
3330	41	30	4	1789681864424928256
3331	41	31	4	1789681864424928256
3332	42	0	4	1789681864424940544
3333	42	1	4	1789681864424940544
3334	42	2	4	1789681864424940544
3335	42	3	4	1789681864424940544
3336	42	4	4	1789681864424940544
3337	42	5	4	1789681864424940544
3338	42	6	4	1789681864424940544
3339	42	7	4	1789681864424940544
3340	42	8	4	1789681864424940544
3341	42	9	4	1789681864424940544
3342	42	10	4	1789681864424940544
3343	42	11	4	1789681864424940544
3344	42	12	4	1789681864424940544
3345	42	13	4	1789681864424940544
3346	42	14	4	1789681864424939520
3347	42	15	4	1789681864424940544
3348	42	16	4	1789681864424939520
3349	42	17	4	1789681864424939520
3350	42	18	4	1789681864424938496
3351	42	19	4	1789681864424939520
3352	42	20	4	1789681864424939520
3353	42	21	4	1789681864424938496
3354	42	22	4	1789681864424938496
3355	42	23	4	1789681864424938496
3356	42	24	4	1789681864424938496
3357	42	25	4	1789681864424939520
3358	42	26	4	1789681864424939520
3359	42	27	4	1789681864424939520
3360	42	28	4	1789681864424938496
3361	42	29	4	1789681864424939520
3362	42	30	4	1789681864424939520
3363	42	31	4	1789681864424939520
3364	42	32	4	1789681864424937472
3365	42	33	4	1789681864424937472
3366	42	34	4	1789681864424937472
3367	42	35	4	1789681864424937472
3368	42	36	4	1789681864424937472
3369	42	37	4	1789681864424936448
3370	42	38	4	1789681864424937472
3371	42	39	4	1789681864424936448
3372	42	40	4	1789681864424937472
3373	42	41	4	1789681864424937472
3374	42	42	4	1789681864424936448
3375	42	43	4	1789681864424937472
3376	42	44	4	1789681864424937472
3377	42	45	4	1789681864424937472
3378	42	46	4	1789681864424937472
3379	42	47	4	1789681864424937472
3380	42	48	4	1789681864424936448
3381	42	49	4	1789681864424936448
3382	42	50	4	1789681864424935424
3383	42	51	4	1789681864424935424
3384	42	52	4	1789681864424936448
3385	42	53	4	1789681864424937472
3386	42	54	4	1789681864424937472
3387	42	55	4	1789681864424937472
3388	42	56	4	1789681864424936448
3389	42	57	4	1789681864424937472
3390	42	58	4	1789681864424938496
3391	42	59	4	1789681864424938496
3392	42	60	4	1789681864424938496
3393	42	61	4	1789681864424938496
3394	42	62	4	1789681864424938496
3395	42	63	4	1789681864424938496
3396	42	64	4	1789681864424938496
3397	42	65	4	1789681864424939520
3398	42	66	4	1789681864424938496
3399	42	67	4	1789681864424938496
3400	42	68	4	1789681864424939520
3401	42	69	4	1789681864424939520
3402	42	70	4	1789681864424939520
3403	42	71	4	1789681864424939520
3404	42	72	4	1789681864424939520
3405	42	73	4	1789681864424939520
3406	42	74	4	1789681864424939520
3407	42	75	4	1789681864424939520
3408	42	76	4	1789681864424939520
3409	42	77	4	1789681864424939520
3410	42	78	4	1789681864424939520
3411	42	79	4	1789681864424939520
3412	42	80	4	1789681864424939520
3413	42	81	4	1789681864424939520
3414	42	82	4	1789681864424938496
3415	42	83	4	1789681864424938496
3416	42	84	4	1789681864424938496
3417	42	85	4	1789681864424938496
3418	42	86	4	1789681864424938496
3419	42	87	4	1789681864424938496
3420	42	88	4	1789681864424938496
3421	42	89	4	1789681864424938496
3422	42	90	4	1789681864424938496
3423	42	91	4	1789681864424938496
3424	42	92	4	1789681864424938496
3425	42	93	4	1789681864424938496
3426	42	94	4	1789681864424938496
3427	42	95	4	1789681864424938496
3428	42	96	4	1789681864424940544
3429	42	97	4	1789681864424940544
3430	42	98	4	1789681864424940544
3431	42	99	4	1789681864424940544
3432	42	100	4	1789681864424940544
3433	42	101	4	1789681864424940544
3434	42	102	4	1789681864424940544
3435	42	103	4	1789681864424940544
3436	42	104	4	1789681864424940544
3437	42	105	4	1789681864424940544
3438	42	106	4	1789681864424940544
3439	42	107	4	1789681864424939520
3440	42	108	4	1789681864424939520
3441	42	109	4	1789681864424939520
3442	42	110	4	1789681864424939520
3443	42	111	4	1789681864424939520
3444	42	112	4	1789681864424939520
3445	42	113	4	1789681864424939520
3446	42	114	4	1789681864424939520
3447	42	115	4	1789681864424939520
3448	42	116	4	1789681864424939520
3449	42	117	4	1789681864424939520
3450	42	118	4	1789681864424939520
3451	42	119	4	1789681864424939520
3452	42	120	4	1789681864424939520
3453	42	121	4	1789681864424939520
3454	42	122	4	1789681864424939520
3455	42	123	4	1789681864424939520
3456	42	124	4	1789681864424939520
3457	42	125	4	1789681864424939520
3458	42	126	4	1789681864424939520
3459	42	127	4	1789681864424939520
3460	43	0	4	1789681864424946688
3461	43	1	4	1789681864424946688
3462	43	2	4	1789681864424945664
3463	43	3	4	1789681864424945664
3464	43	4	4	1789681864424946688
3465	43	5	4	1789681864424946688
3466	43	6	4	1789681864424946688
3467	43	7	4	1789681864424945664
3468	43	8	4	1789681864424945664
3469	43	9	4	1789681864424945664
3470	43	10	4	1789681864424945664
3471	43	11	4	1789681864424945664
3472	43	12	4	1789681864424945664
3473	43	13	4	1789681864424945664
3474	43	14	4	1789681864424945664
3475	43	15	4	1789681864424945664
3476	43	16	4	1789681864424943616
3477	43	17	4	1789681864424944640
3478	43	18	4	1789681864424944640
3479	43	19	4	1789681864424944640
3480	43	20	4	1789681864424945664
3481	43	21	4	1789681864424944640
3482	43	22	4	1789681864424944640
3483	43	23	4	1789681864424944640
3484	43	24	4	1789681864424945664
3485	43	25	4	1789681864424945664
3486	43	26	4	1789681864424945664
3487	43	27	4	1789681864424944640
3488	43	28	4	1789681864424944640
3489	43	29	4	1789681864424945664
3490	43	30	4	1789681864424944640
3491	43	31	4	1789681864424944640
3492	44	0	4	1789681864424950784
3493	44	1	4	1789681864424950784
3494	44	2	4	1789681864424950784
3495	44	3	4	1789681864424950784
3496	44	4	4	1789681864424951808
3497	44	5	4	1789681864424950784
3498	44	6	4	1789681864424950784
3499	44	7	4	1789681864424950784
3500	44	8	4	1789681864424949760
3501	44	9	4	1789681864424949760
3502	44	10	4	1789681864424949760
3503	44	11	4	1789681864424949760
3504	44	12	4	1789681864424949760
3505	44	13	4	1789681864424949760
3506	44	14	4	1789681864424949760
3507	44	15	4	1789681864424949760
3508	44	16	4	1789681864424948736
3509	44	17	4	1789681864424948736
3510	44	18	4	1789681864424948736
3511	44	19	4	1789681864424948736
3512	44	20	4	1789681864424949760
3513	44	21	4	1789681864424948736
3514	44	22	4	1789681864424948736
3515	44	23	4	1789681864424948736
3516	44	24	4	1789681864424950784
3517	44	25	4	1789681864424950784
3518	44	26	4	1789681864424949760
3519	44	27	4	1789681864424949760
3520	44	28	4	1789681864424949760
3521	44	29	4	1789681864424949760
3522	44	30	4	1789681864424949760
3523	44	31	4	1789681864424949760
3524	45	0	4	1789681864424967168
3525	45	1	4	1789681864424967168
3526	45	2	4	1789681864424966144
3527	45	3	4	1789681864424966144
3528	45	4	4	1789681864424967168
3529	45	5	4	1789681864424966144
3530	45	6	4	1789681864424967168
3531	45	7	4	1789681864424965120
3532	45	8	4	1789681864424967168
3533	45	9	4	1789681864424967168
3534	45	10	4	1789681864424967168
3535	45	11	4	1789681864424966144
3536	45	12	4	1789681864424967168
3537	45	13	4	1789681864424967168
3538	45	14	4	1789681864424966144
3539	45	15	4	1789681864424966144
3540	45	16	4	1789681864424966144
3541	45	17	4	1789681864424965120
3542	45	18	4	1789681864424965120
3543	45	19	4	1789681864424965120
3544	45	20	4	1789681864424965120
3545	45	21	4	1789681864424965120
3546	45	22	4	1789681864424965120
3547	45	23	4	1789681864424964096
3548	45	24	4	1789681864424964096
3549	45	25	4	1789681864424965120
3550	45	26	4	1789681864424964096
3551	45	27	4	1789681864424965120
3552	45	28	4	1789681864424964096
3553	45	29	4	1789681864424965120
3554	45	30	4	1789681864424965120
3555	45	31	4	1789681864424964096
3556	45	32	4	1789681864424964096
3557	45	33	4	1789681864424963072
3558	45	34	4	1789681864424963072
3559	45	35	4	1789681864424963072
3560	45	36	4	1789681864424963072
3561	45	37	4	1789681864424963072
3562	45	38	4	1789681864424963072
3563	45	39	4	1789681864424963072
3564	45	40	4	1789681864424963072
3565	45	41	4	1789681864424964096
3566	45	42	4	1789681864424963072
3567	45	43	4	1789681864424964096
3568	45	44	4	1789681864424964096
3569	45	45	4	1789681864424964096
3570	45	46	4	1789681864424964096
3571	45	47	4	1789681864424963072
3572	45	48	4	1789681864424962048
3573	45	49	4	1789681864424962048
3574	45	50	4	1789681864424962048
3575	45	51	4	1789681864424962048
3576	45	52	4	1789681864424962048
3577	45	53	4	1789681864424963072
3578	45	54	4	1789681864424963072
3579	45	55	4	1789681864424963072
3580	45	56	4	1789681864424963072
3581	45	57	4	1789681864424963072
3582	45	58	4	1789681864424964096
3583	45	59	4	1789681864424965120
3584	45	60	4	1789681864424965120
3585	45	61	4	1789681864424965120
3586	45	62	4	1789681864424965120
3587	45	63	4	1789681864424965120
3588	45	64	4	1789681864424964096
3589	45	65	4	1789681864424965120
3590	45	66	4	1789681864424965120
3591	45	67	4	1789681864424966144
3592	45	68	4	1789681864424965120
3593	45	69	4	1789681864424965120
3594	45	70	4	1789681864424965120
3595	45	71	4	1789681864424965120
3596	45	72	4	1789681864424966144
3597	45	73	4	1789681864424966144
3598	45	74	4	1789681864424966144
3599	45	75	4	1789681864424965120
3600	45	76	4	1789681864424965120
3601	45	77	4	1789681864424965120
3602	45	78	4	1789681864424966144
3603	45	79	4	1789681864424965120
3604	45	80	4	1789681864424965120
3605	45	81	4	1789681864424965120
3606	45	82	4	1789681864424965120
3607	45	83	4	1789681864424965120
3608	45	84	4	1789681864424965120
3609	45	85	4	1789681864424965120
3610	45	86	4	1789681864424965120
3611	45	87	4	1789681864424965120
3612	45	88	4	1789681864424966144
3613	45	89	4	1789681864424965120
3614	45	90	4	1789681864424965120
3615	45	91	4	1789681864424965120
3616	45	92	4	1789681864424965120
3617	45	93	4	1789681864424965120
3618	45	94	4	1789681864424965120
3619	45	95	4	1789681864424966144
3620	45	96	4	1789681864424967168
3621	45	97	4	1789681864424968192
3622	45	98	4	1789681864424967168
3623	45	99	4	1789681864424967168
3624	45	100	4	1789681864424967168
3625	45	101	4	1789681864424967168
3626	45	102	4	1789681864424967168
3627	45	103	4	1789681864424967168
3628	45	104	4	1789681864424968192
3629	45	105	4	1789681864424968192
3630	45	106	4	1789681864424967168
3631	45	107	4	1789681864424967168
3632	45	108	4	1789681864424967168
3633	45	109	4	1789681864424967168
3634	45	110	4	1789681864424967168
3635	45	111	4	1789681864424967168
3636	45	112	4	1789681864424967168
3637	45	113	4	1789681864424968192
3638	45	114	4	1789681864424967168
3639	45	115	4	1789681864424967168
3640	45	116	4	1789681864424968192
3641	45	117	4	1789681864424968192
3642	45	118	4	1789681864424968192
3643	45	119	4	1789681864424967168
3644	45	120	4	1789681864424967168
3645	45	121	4	1789681864424967168
3646	45	122	4	1789681864424968192
3647	45	123	4	1789681864424967168
3648	45	124	4	1789681864424967168
3649	45	125	4	1789681864424967168
3650	45	126	4	1789681864424967168
3651	45	127	4	1789681864424967168
3652	46	4294967295	128	1789681864424977408
3653	47	0	4	1789681864424960000
3654	47	1	4	1789681864424958976
3655	47	2	4	1789681864424958976
3656	47	3	4	1789681864424958976
3657	47	4	4	1789681864424958976
3658	47	5	4	1789681864424958976
3659	47	6	4	1789681864424958976
3660	47	7	4	1789681864424957952
3661	47	8	4	1789681864424958976
3662	47	9	4	1789681864424958976
3663	47	10	4	1789681864424958976
3664	47	11	4	1789681864424958976
3665	47	12	4	1789681864424958976
3666	47	13	4	1789681864424958976
3667	47	14	4	1789681864424958976
3668	47	15	4	1789681864424958976
3669	47	16	4	1789681864424957952
3670	47	17	4	1789681864424957952
3671	47	18	4	1789681864424958976
3672	47	19	4	1789681864424957952
3673	47	20	4	1789681864424957952
3674	47	21	4	1789681864424957952
3675	47	22	4	1789681864424957952
3676	47	23	4	1789681864424957952
3677	47	24	4	1789681864424957952
3678	47	25	4	1789681864424957952
3679	47	26	4	1789681864424957952
3680	47	27	4	1789681864424958976
3681	47	28	4	1789681864424958976
3682	47	29	4	1789681864424958976
3683	47	30	4	1789681864424958976
3684	47	31	4	1789681864424957952
3685	47	32	4	1789681864424956928
3686	47	33	4	1789681864424956928
3687	47	34	4	1789681864424956928
3688	47	35	4	1789681864424956928
3689	47	36	4	1789681864424956928
3690	47	37	4	1789681864424956928
3691	47	38	4	1789681864424956928
3692	47	39	4	1789681864424956928
3693	47	40	4	1789681864424956928
3694	47	41	4	1789681864424956928
3695	47	42	4	1789681864424956928
3696	47	43	4	1789681864424956928
3697	47	44	4	1789681864424956928
3698	47	45	4	1789681864424956928
3699	47	46	4	1789681864424956928
3700	47	47	4	1789681864424956928
3701	47	48	4	1789681864424955904
3702	47	49	4	1789681864424956928
3703	47	50	4	1789681864424956928
3704	47	51	4	1789681864424955904
3705	47	52	4	1789681864424955904
3706	47	53	4	1789681864424956928
3707	47	54	4	1789681864424956928
3708	47	55	4	1789681864424956928
3709	47	56	4	1789681864424956928
3710	47	57	4	1789681864424956928
3711	47	58	4	1789681864424956928
3712	47	59	4	1789681864424957952
3713	47	60	4	1789681864424956928
3714	47	61	4	1789681864424957952
3715	47	62	4	1789681864424957952
3716	47	63	4	1789681864424956928
3717	47	64	4	1789681864424956928
3718	47	65	4	1789681864424957952
3719	47	66	4	1789681864424957952
3720	47	67	4	1789681864424957952
3721	47	68	4	1789681864424957952
3722	47	69	4	1789681864424957952
3723	47	70	4	1789681864424957952
3724	47	71	4	1789681864424957952
3725	47	72	4	1789681864424958976
3726	47	73	4	1789681864424958976
3727	47	74	4	1789681864424957952
3728	47	75	4	1789681864424957952
3729	47	76	4	1789681864424957952
3730	47	77	4	1789681864424957952
3731	47	78	4	1789681864424957952
3732	47	79	4	1789681864424957952
3733	47	80	4	1789681864424956928
3734	47	81	4	1789681864424956928
3735	47	82	4	1789681864424957952
3736	47	83	4	1789681864424957952
3737	47	84	4	1789681864424957952
3738	47	85	4	1789681864424957952
3739	47	86	4	1789681864424957952
3740	47	87	4	1789681864424957952
3741	47	88	4	1789681864424957952
3742	47	89	4	1789681864424957952
3743	47	90	4	1789681864424957952
3744	47	91	4	1789681864424957952
3745	47	92	4	1789681864424957952
3746	47	93	4	1789681864424957952
3747	47	94	4	1789681864424957952
3748	47	95	4	1789681864424957952
3749	47	96	4	1789681864424958976
3750	47	97	4	1789681864424958976
3751	47	98	4	1789681864424958976
3752	47	99	4	1789681864424958976
3753	47	100	4	1789681864424958976
3754	47	101	4	1789681864424960000
3755	47	102	4	1789681864424960000
3756	47	103	4	1789681864424960000
3757	47	104	4	1789681864424958976
3758	47	105	4	1789681864424960000
3759	47	106	4	1789681864424960000
3760	47	107	4	1789681864424958976
3761	47	108	4	1789681864424957952
3762	47	109	4	1789681864424958976
3763	47	110	4	1789681864424957952
3764	47	111	4	1789681864424958976
3765	47	112	4	1789681864424958976
3766	47	113	4	1789681864424960000
3767	47	114	4	1789681864424958976
3768	47	115	4	1789681864424960000
3769	47	116	4	1789681864424960000
3770	47	117	4	1789681864424960000
3771	47	118	4	1789681864424960000
3772	47	119	4	1789681864424960000
3773	47	120	4	1789681864424960000
3774	47	121	4	1789681864424960000
3775	47	122	4	1789681864424960000
3776	47	123	4	1789681864424960000
3777	47	124	4	1789681864424960000
3778	47	125	4	1789681864424960000
3779	47	126	4	1789681864424960000
3780	47	127	4	1789681864424960000
3781	48	4294967295	128	1789681864424978432
3782	49	0	4	1789681864424973312
3783	49	1	4	1789681864424973312
3784	49	2	4	1789681864424972288
3785	49	3	4	1789681864424972288
3786	49	4	4	1789681864424972288
3787	49	5	4	1789681864424973312
3788	49	6	4	1789681864424972288
3789	49	7	4	1789681864424972288
3790	49	8	4	1789681864424972288
3791	49	9	4	1789681864424973312
3792	49	10	4	1789681864424973312
3793	49	11	4	1789681864424972288
3794	49	12	4	1789681864424972288
3795	49	13	4	1789681864424972288
3796	49	14	4	1789681864424972288
3797	49	15	4	1789681864424972288
3798	49	16	4	1789681864424971264
3799	49	17	4	1789681864424971264
3800	49	18	4	1789681864424971264
3801	49	19	4	1789681864424971264
3802	49	20	4	1789681864424971264
3803	49	21	4	1789681864424971264
3804	49	22	4	1789681864424971264
3805	49	23	4	1789681864424971264
3806	49	24	4	1789681864424971264
3807	49	25	4	1789681864424971264
3808	49	26	4	1789681864424971264
3809	49	27	4	1789681864424971264
3810	49	28	4	1789681864424971264
3811	49	29	4	1789681864424971264
3812	49	30	4	1789681864424971264
3813	49	31	4	1789681864424971264
3814	49	32	4	1789681864424970240
3815	49	33	4	1789681864424969216
3816	49	34	4	1789681864424969216
3817	49	35	4	1789681864424969216
3818	49	36	4	1789681864424969216
3819	49	37	4	1789681864424969216
3820	49	38	4	1789681864424969216
3821	49	39	4	1789681864424968192
3822	49	40	4	1789681864424969216
3823	49	41	4	1789681864424970240
3824	49	42	4	1789681864424969216
3825	49	43	4	1789681864424970240
3826	49	44	4	1789681864424971264
3827	49	45	4	1789681864424970240
3828	49	46	4	1789681864424971264
3829	49	47	4	1789681864424969216
3830	49	48	4	1789681864424968192
3831	49	49	4	1789681864424968192
3832	49	50	4	1789681864424968192
3833	49	51	4	1789681864424968192
3834	49	52	4	1789681864424968192
3835	49	53	4	1789681864424969216
3836	49	54	4	1789681864424969216
3837	49	55	4	1789681864424969216
3838	49	56	4	1789681864424969216
3839	49	57	4	1789681864424969216
3840	49	58	4	1789681864424971264
3841	49	59	4	1789681864424972288
3842	49	60	4	1789681864424972288
3843	49	61	4	1789681864424972288
3844	49	62	4	1789681864424971264
3845	49	63	4	1789681864424971264
3846	49	64	4	1789681864424970240
3847	49	65	4	1789681864424971264
3848	49	66	4	1789681864424970240
3849	49	67	4	1789681864424970240
3850	49	68	4	1789681864424971264
3851	49	69	4	1789681864424971264
3852	49	70	4	1789681864424971264
3853	49	71	4	1789681864424970240
3854	49	72	4	1789681864424972288
3855	49	73	4	1789681864424972288
3856	49	74	4	1789681864424971264
3857	49	75	4	1789681864424971264
3858	49	76	4	1789681864424971264
3859	49	77	4	1789681864424971264
3860	49	78	4	1789681864424971264
3861	49	79	4	1789681864424971264
3862	49	80	4	1789681864424972288
3863	49	81	4	1789681864424971264
3864	49	82	4	1789681864424971264
3865	49	83	4	1789681864424971264
3866	49	84	4	1789681864424971264
3867	49	85	4	1789681864424971264
3868	49	86	4	1789681864424971264
3869	49	87	4	1789681864424971264
3870	49	88	4	1789681864424971264
3871	49	89	4	1789681864424971264
3872	49	90	4	1789681864424971264
3873	49	91	4	1789681864424971264
3874	49	92	4	1789681864424971264
3875	49	93	4	1789681864424971264
3876	49	94	4	1789681864424971264
3877	49	95	4	1789681864424971264
3878	49	96	4	1789681864424973312
3879	49	97	4	1789681864424973312
3880	49	98	4	1789681864424974336
3881	49	99	4	1789681864424973312
3882	49	100	4	1789681864424973312
3883	49	101	4	1789681864424972288
3884	49	102	4	1789681864424971264
3885	49	103	4	1789681864424972288
3886	49	104	4	1789681864424973312
3887	49	105	4	1789681864424973312
3888	49	106	4	1789681864424972288
3889	49	107	4	1789681864424973312
3890	49	108	4	1789681864424973312
3891	49	109	4	1789681864424973312
3892	49	110	4	1789681864424972288
3893	49	111	4	1789681864424973312
3894	49	112	4	1789681864424973312
3895	49	113	4	1789681864424973312
3896	49	114	4	1789681864424972288
3897	49	115	4	1789681864424972288
3898	49	116	4	1789681864424972288
3899	49	117	4	1789681864424972288
3900	49	118	4	1789681864424972288
3901	49	119	4	1789681864424972288
3902	49	120	4	1789681864424972288
3903	49	121	4	1789681864424972288
3904	49	122	4	1789681864424972288
3905	49	123	4	1789681864424972288
3906	49	124	4	1789681864424972288
3907	49	125	4	1789681864424971264
3908	49	126	4	1789681864424972288
3909	49	127	4	1789681864424972288
3910	50	4294967295	128	1789681864424984576
3911	51	0	4	1789681864424991744
3912	51	1	4	1789681864424991744
3913	51	2	4	1789681864424991744
3914	51	3	4	1789681864424992768
3915	51	4	4	1789681864424991744
3916	51	5	4	1789681864424991744
3917	51	6	4	1789681864424991744
3918	51	7	4	1789681864424991744
3919	51	8	4	1789681864424991744
3920	51	9	4	1789681864424991744
3921	51	10	4	1789681864424992768
3922	51	11	4	1789681864424992768
3923	51	12	4	1789681864424992768
3924	51	13	4	1789681864424991744
3925	51	14	4	1789681864424991744
3926	51	15	4	1789681864424993792
3927	51	16	4	1789681864424994816
3928	51	17	4	1789681864424996864
3929	51	18	4	1789681864424997888
3930	51	19	4	1789681864424996864
3931	51	20	4	1789681864424996864
3932	51	21	4	1789681864424997888
3933	51	22	4	1789681864424995840
3934	51	23	4	1789681864424994816
3935	51	24	4	1789681864424995840
3936	51	25	4	1789681864424995840
3937	51	26	4	1789681864424993792
3938	51	27	4	1789681864424995840
3939	51	28	4	1789681864424996864
3940	51	29	4	1789681864424994816
3941	51	30	4	1789681864424996864
3942	51	31	4	1789681864424997888
3943	51	32	4	1789681864424990720
3944	51	33	4	1789681864424990720
3945	51	34	4	1789681864424990720
3946	51	35	4	1789681864424991744
3947	51	36	4	1789681864424991744
3948	51	37	4	1789681864424991744
3949	51	38	4	1789681864424991744
3950	51	39	4	1789681864424991744
3951	51	40	4	1789681864424990720
3952	51	41	4	1789681864424990720
3953	51	42	4	1789681864424990720
3954	51	43	4	1789681864424991744
3955	51	44	4	1789681864424991744
3956	51	45	4	1789681864424991744
3957	51	46	4	1789681864424990720
3958	51	47	4	1789681864424990720
3959	51	48	4	1789681864424990720
3960	51	49	4	1789681864424989696
3961	51	50	4	1789681864424990720
3962	51	51	4	1789681864424990720
3963	51	52	4	1789681864424990720
3964	51	53	4	1789681864424991744
3965	51	54	4	1789681864424991744
3966	51	55	4	1789681864424991744
3967	51	56	4	1789681864424991744
3968	51	57	4	1789681864424990720
3969	51	58	4	1789681864424990720
3970	51	59	4	1789681864424991744
3971	51	60	4	1789681864424991744
3972	51	61	4	1789681864424991744
3973	51	62	4	1789681864424992768
3974	51	63	4	1789681864424991744
3975	51	64	4	1789681864424990720
3976	51	65	4	1789681864424990720
3977	51	66	4	1789681864424990720
3978	51	67	4	1789681864424991744
3979	51	68	4	1789681864424991744
3980	51	69	4	1789681864424991744
3981	51	70	4	1789681864424991744
3982	51	71	4	1789681864424991744
3983	51	72	4	1789681864424990720
3984	51	73	4	1789681864424990720
3985	51	74	4	1789681864424990720
3986	51	75	4	1789681864424991744
3987	51	76	4	1789681864424991744
3988	51	77	4	1789681864424991744
3989	51	78	4	1789681864424990720
3990	51	79	4	1789681864424990720
3991	51	80	4	1789681864424990720
3992	51	81	4	1789681864424989696
3993	51	82	4	1789681864424990720
3994	51	83	4	1789681864424990720
3995	51	84	4	1789681864424990720
3996	51	85	4	1789681864424990720
3997	51	86	4	1789681864424990720
3998	51	87	4	1789681864424990720
3999	51	88	4	1789681864424991744
4000	51	89	4	1789681864424990720
4001	51	90	4	1789681864424991744
4002	51	91	4	1789681864424990720
4003	51	92	4	1789681864424990720
4004	51	93	4	1789681864424990720
4005	51	94	4	1789681864424991744
4006	51	95	4	1789681864424991744
4007	51	96	4	1789681864424991744
4008	51	97	4	1789681864424991744
4009	51	98	4	1789681864424991744
4010	51	99	4	1789681864424991744
4011	51	100	4	1789681864424991744
4012	51	101	4	1789681864424990720
4013	51	102	4	1789681864424990720
4014	51	103	4	1789681864424990720
4015	51	104	4	1789681864424990720
4016	51	105	4	1789681864424990720
4017	51	106	4	1789681864424990720
4018	51	107	4	1789681864424990720
4019	51	108	4	1789681864424991744
4020	51	109	4	1789681864424991744
4021	51	110	4	1789681864424991744
4022	51	111	4	1789681864424990720
4023	51	112	4	1789681864424991744
4024	51	113	4	1789681864424991744
4025	51	114	4	1789681864424991744
4026	51	115	4	1789681864424991744
4027	51	116	4	1789681864424991744
4028	51	117	4	1789681864424991744
4029	51	118	4	1789681864424991744
4030	51	119	4	1789681864424990720
4031	51	120	4	1789681864424990720
4032	51	121	4	1789681864424991744
4033	51	122	4	1789681864424990720
4034	51	123	4	1789681864424990720
4035	51	124	4	1789681864424990720
4036	51	125	4	1789681864424990720
4037	51	126	4	1789681864424990720
4038	51	127	4	1789681864424984576
4039	52	0	4	1789681864424981504
4040	52	1	4	1789681864424981504
4041	52	2	4	1789681864424981504
4042	52	3	4	1789681864424981504
4043	52	4	4	1789681864424981504
4044	52	5	4	1789681864424981504
4045	52	6	4	1789681864424981504
4046	52	7	4	1789681864424981504
4047	52	8	4	1789681864424981504
4048	52	9	4	1789681864424981504
4049	52	10	4	1789681864424981504
4050	52	11	4	1789681864424981504
4051	52	12	4	1789681864424981504
4052	52	13	4	1789681864424981504
4053	52	14	4	1789681864424981504
4054	52	15	4	1789681864424981504
4055	52	16	4	1789681864424981504
4056	52	17	4	1789681864424981504
4057	52	18	4	1789681864424981504
4058	52	19	4	1789681864424981504
4059	52	20	4	1789681864424981504
4060	52	21	4	1789681864424981504
4061	52	22	4	1789681864424981504
4062	52	23	4	1789681864424981504
4063	52	24	4	1789681864424981504
4064	52	25	4	1789681864424981504
4065	52	26	4	1789681864424981504
4066	52	27	4	1789681864424981504
4067	52	28	4	1789681864424981504
4068	52	29	4	1789681864424981504
4069	52	30	4	1789681864424981504
4070	52	31	4	1789681864424981504
4071	52	32	4	1789681864424981504
4072	52	33	4	1789681864424981504
4073	52	34	4	1789681864424981504
4074	52	35	4	1789681864424981504
4075	52	36	4	1789681864424981504
4076	52	37	4	1789681864424981504
4077	52	38	4	1789681864424981504
4078	52	39	4	1789681864424981504
4079	52	40	4	1789681864424981504
4080	52	41	4	1789681864424981504
4081	52	42	4	1789681864424981504
4082	52	43	4	1789681864424981504
4083	52	44	4	1789681864424981504
4084	52	45	4	1789681864424981504
4085	52	46	4	1789681864424981504
4086	52	47	4	1789681864424981504
4087	52	48	4	1789681864424981504
4088	52	49	4	1789681864424981504
4089	52	50	4	1789681864424981504
4090	52	51	4	1789681864424981504
4091	52	52	4	1789681864424981504
4092	52	53	4	1789681864424981504
4093	52	54	4	1789681864424981504
4094	52	55	4	1789681864424981504
4095	52	56	4	1789681864424981504
4096	52	57	4	1789681864424981504
4097	52	58	4	1789681864424981504
4098	52	59	4	1789681864424981504
4099	52	60	4	1789681864424981504
4100	52	61	4	1789681864424981504
4101	52	62	4	1789681864424981504
4102	52	63	4	1789681864424981504
4103	52	64	4	1789681864424981504
4104	52	65	4	1789681864424981504
4105	52	66	4	1789681864424981504
4106	52	67	4	1789681864424981504
4107	52	68	4	1789681864424981504
4108	52	69	4	1789681864424981504
4109	52	70	4	1789681864424981504
4110	52	71	4	1789681864424981504
4111	52	72	4	1789681864424981504
4112	52	73	4	1789681864424981504
4113	52	74	4	1789681864424981504
4114	52	75	4	1789681864424981504
4115	52	76	4	1789681864424981504
4116	52	77	4	1789681864424981504
4117	52	78	4	1789681864424981504
4118	52	79	4	1789681864424981504
4119	52	80	4	1789681864424981504
4120	52	81	4	1789681864424981504
4121	52	82	4	1789681864424981504
4122	52	83	4	1789681864424981504
4123	52	84	4	1789681864424981504
4124	52	85	4	1789681864424981504
4125	52	86	4	1789681864424981504
4126	52	87	4	1789681864424981504
4127	52	88	4	1789681864424981504
4128	52	89	4	1789681864424981504
4129	52	90	4	1789681864424981504
4130	52	91	4	1789681864424981504
4131	52	92	4	1789681864424981504
4132	52	93	4	1789681864424981504
4133	52	94	4	1789681864424981504
4134	52	95	4	1789681864424981504
4135	52	96	4	1789681864424981504
4136	52	97	4	1789681864424981504
4137	52	98	4	1789681864424981504
4138	52	99	4	1789681864424981504
4139	52	100	4	1789681864424981504
4140	52	101	4	1789681864424981504
4141	52	102	4	1789681864424981504
4142	52	103	4	1789681864424981504
4143	52	104	4	1789681864424981504
4144	52	105	4	1789681864424981504
4145	52	106	4	1789681864424981504
4146	52	107	4	1789681864424981504
4147	52	108	4	1789681864424981504
4148	52	109	4	1789681864424981504
4149	52	110	4	1789681864424981504
4150	52	111	4	1789681864424981504
4151	52	112	4	1789681864424983552
4152	52	113	4	1789681864424983552
4153	52	114	4	1789681864424983552
4154	52	115	4	1789681864424983552
4155	52	116	4	1789681864424983552
4156	52	117	4	1789681864424983552
4157	52	118	4	1789681864424983552
4158	52	119	4	1789681864424983552
4159	52	120	4	1789681864424983552
4160	52	121	4	1789681864424983552
4161	52	122	4	1789681864424984576
4162	52	123	4	1789681864424984576
4163	52	124	4	1789681864424983552
4164	52	125	4	1789681864424984576
4165	52	126	4	1789681864424983552
4166	52	127	4	1789681864424983552
4167	53	4294967295	512	1789681864424990720
4168	54	4294967295	512	1789681864424991744
4169	55	4294967295	512	1789681864425035776
4170	56	0	4	1789681864425042944
4171	56	1	4	1789681864425043968
4172	56	2	4	1789681864425043968
4173	56	3	4	1789681864425044992
4174	56	4	4	1789681864425044992
4175	56	5	4	1789681864425043968
4176	56	6	4	1789681864425043968
4177	56	7	4	1789681864425043968
4178	56	8	4	1789681864425043968
4179	56	9	4	1789681864425043968
4180	56	10	4	1789681864425043968
4181	56	11	4	1789681864425043968
4182	56	12	4	1789681864425044992
4183	56	13	4	1789681864425044992
4184	56	14	4	1789681864425043968
4185	56	15	4	1789681864425043968
4186	56	16	4	1789681864425043968
4187	56	17	4	1789681864425043968
4188	56	18	4	1789681864425042944
4189	56	19	4	1789681864425042944
4190	56	20	4	1789681864425042944
4191	56	21	4	1789681864425043968
4192	56	22	4	1789681864425042944
4193	56	23	4	1789681864425042944
4194	56	24	4	1789681864425042944
4195	56	25	4	1789681864425043968
4196	56	26	4	1789681864425043968
4197	56	27	4	1789681864425042944
4198	56	28	4	1789681864425042944
4199	56	29	4	1789681864425042944
4200	56	30	4	1789681864425042944
4201	56	31	4	1789681864425043968
4202	56	32	4	1789681864425043968
4203	56	33	4	1789681864425042944
4204	56	34	4	1789681864425042944
4205	56	35	4	1789681864425042944
4206	56	36	4	1789681864425042944
4207	56	37	4	1789681864425041920
4208	56	38	4	1789681864425042944
4209	56	39	4	1789681864425042944
4210	56	40	4	1789681864425041920
4211	56	41	4	1789681864425042944
4212	56	42	4	1789681864425042944
4213	56	43	4	1789681864425042944
4214	56	44	4	1789681864425042944
4215	56	45	4	1789681864425042944
4216	56	46	4	1789681864425042944
4217	56	47	4	1789681864425042944
4218	56	48	4	1789681864425042944
4219	56	49	4	1789681864425042944
4220	56	50	4	1789681864425042944
4221	56	51	4	1789681864425042944
4222	56	52	4	1789681864425042944
4223	56	53	4	1789681864425042944
4224	56	54	4	1789681864425042944
4225	56	55	4	1789681864425042944
4226	56	56	4	1789681864425042944
4227	56	57	4	1789681864425042944
4228	56	58	4	1789681864425042944
4229	56	59	4	1789681864425042944
4230	56	60	4	1789681864425042944
4231	56	61	4	1789681864425042944
4232	56	62	4	1789681864425042944
4233	56	63	4	1789681864425042944
4234	56	64	4	1789681864425042944
4235	56	65	4	1789681864425042944
4236	56	66	4	1789681864425042944
4237	56	67	4	1789681864425042944
4238	56	68	4	1789681864425042944
4239	56	69	4	1789681864425043968
4240	56	70	4	1789681864425042944
4241	56	71	4	1789681864425043968
4242	56	72	4	1789681864425043968
4243	56	73	4	1789681864425042944
4244	56	74	4	1789681864425043968
4245	56	75	4	1789681864425043968
4246	56	76	4	1789681864425043968
4247	56	77	4	1789681864425042944
4248	56	78	4	1789681864425042944
4249	56	79	4	1789681864425043968
4250	56	80	4	1789681864425043968
4251	56	81	4	1789681864425043968
4252	56	82	4	1789681864425043968
4253	56	83	4	1789681864425042944
4254	56	84	4	1789681864425042944
4255	56	85	4	1789681864425043968
4256	56	86	4	1789681864425042944
4257	56	87	4	1789681864425042944
4258	56	88	4	1789681864425043968
4259	56	89	4	1789681864425042944
4260	56	90	4	1789681864425042944
4261	56	91	4	1789681864425042944
4262	56	92	4	1789681864425042944
4263	56	93	4	1789681864425043968
4264	56	94	4	1789681864425042944
4265	56	95	4	1789681864425043968
4266	56	96	4	1789681864425044992
4267	56	97	4	1789681864425044992
4268	56	98	4	1789681864425044992
4269	56	99	4	1789681864425044992
4270	56	100	4	1789681864425044992
4271	56	101	4	1789681864425043968
4272	56	102	4	1789681864425043968
4273	56	103	4	1789681864425043968
4274	56	104	4	1789681864425043968
4275	56	105	4	1789681864425043968
4276	56	106	4	1789681864425043968
4277	56	107	4	1789681864425043968
4278	56	108	4	1789681864425043968
4279	56	109	4	1789681864425043968
4280	56	110	4	1789681864425043968
4281	56	111	4	1789681864425043968
4282	56	112	4	1789681864425043968
4283	56	113	4	1789681864425043968
4284	56	114	4	1789681864425043968
4285	56	115	4	1789681864425043968
4286	56	116	4	1789681864425043968
4287	56	117	4	1789681864425043968
4288	56	118	4	1789681864425043968
4289	56	119	4	1789681864425043968
4290	56	120	4	1789681864425043968
4291	56	121	4	1789681864425043968
4292	56	122	4	1789681864425043968
4293	56	123	4	1789681864425043968
4294	56	124	4	1789681864425043968
4295	56	125	4	1789681864425043968
4296	56	126	4	1789681864425043968
4297	56	127	4	1789681864425043968
4298	57	0	4	1789681864425051136
4299	57	1	4	1789681864425051136
4300	57	2	4	1789681864425052160
4301	57	3	4	1789681864425051136
4302	57	4	4	1789681864425051136
4303	57	5	4	1789681864425051136
4304	57	6	4	1789681864425051136
4305	57	7	4	1789681864425050112
4306	57	8	4	1789681864425051136
4307	57	9	4	1789681864425051136
4308	57	10	4	1789681864425051136
4309	57	11	4	1789681864425051136
4310	57	12	4	1789681864425052160
4311	57	13	4	1789681864425052160
4312	57	14	4	1789681864425052160
4313	57	15	4	1789681864425050112
4314	57	16	4	1789681864425050112
4315	57	17	4	1789681864425050112
4316	57	18	4	1789681864425050112
4317	57	19	4	1789681864425050112
4318	57	20	4	1789681864425050112
4319	57	21	4	1789681864425051136
4320	57	22	4	1789681864425050112
4321	57	23	4	1789681864425050112
4322	57	24	4	1789681864425051136
4323	57	25	4	1789681864425051136
4324	57	26	4	1789681864425050112
4325	57	27	4	1789681864425050112
4326	57	28	4	1789681864425051136
4327	57	29	4	1789681864425051136
4328	57	30	4	1789681864425051136
4329	57	31	4	1789681864425051136
4330	58	0	4	1789681864425057280
4331	58	1	4	1789681864425057280
4332	58	2	4	1789681864425057280
4333	58	3	4	1789681864425057280
4334	58	4	4	1789681864425057280
4335	58	5	4	1789681864425057280
4336	58	6	4	1789681864425056256
4337	58	7	4	1789681864425056256
4338	58	8	4	1789681864425057280
4339	58	9	4	1789681864425057280
4340	58	10	4	1789681864425057280
4341	58	11	4	1789681864425057280
4342	58	12	4	1789681864425057280
4343	58	13	4	1789681864425057280
4344	58	14	4	1789681864425057280
4345	58	15	4	1789681864425057280
4346	58	16	4	1789681864425056256
4347	58	17	4	1789681864425056256
4348	58	18	4	1789681864425056256
4349	58	19	4	1789681864425056256
4350	58	20	4	1789681864425056256
4351	58	21	4	1789681864425055232
4352	58	22	4	1789681864425055232
4353	58	23	4	1789681864425055232
4354	58	24	4	1789681864425056256
4355	58	25	4	1789681864425057280
4356	58	26	4	1789681864425057280
4357	58	27	4	1789681864425056256
4358	58	28	4	1789681864425056256
4359	58	29	4	1789681864425056256
4360	58	30	4	1789681864425056256
4361	58	31	4	1789681864425056256
4362	59	0	4	1789681864425065472
4363	59	1	4	1789681864425065472
4364	59	2	4	1789681864425065472
4365	59	3	4	1789681864425066496
4366	59	4	4	1789681864425065472
4367	59	5	4	1789681864425065472
4368	59	6	4	1789681864425066496
4369	59	7	4	1789681864425065472
4370	59	8	4	1789681864425066496
4371	59	9	4	1789681864425066496
4372	59	10	4	1789681864425065472
4373	59	11	4	1789681864425066496
4374	59	12	4	1789681864425065472
4375	59	13	4	1789681864425065472
4376	59	14	4	1789681864425065472
4377	59	15	4	1789681864425065472
4378	59	16	4	1789681864425065472
4379	59	17	4	1789681864425066496
4380	59	18	4	1789681864425065472
4381	59	19	4	1789681864425065472
4382	59	20	4	1789681864425066496
4383	59	21	4	1789681864425065472
4384	59	22	4	1789681864425065472
4385	59	23	4	1789681864425065472
4386	59	24	4	1789681864425065472
4387	59	25	4	1789681864425065472
4388	59	26	4	1789681864425066496
4389	59	27	4	1789681864425065472
4390	59	28	4	1789681864425065472
4391	59	29	4	1789681864425065472
4392	59	30	4	1789681864425065472
4393	59	31	4	1789681864425065472
4394	59	32	4	1789681864425065472
4395	59	33	4	1789681864425065472
4396	59	34	4	1789681864425064448
4397	59	35	4	1789681864425064448
4398	59	36	4	1789681864425064448
4399	59	37	4	1789681864425064448
4400	59	38	4	1789681864425064448
4401	59	39	4	1789681864425064448
4402	59	40	4	1789681864425065472
4403	59	41	4	1789681864425064448
4404	59	42	4	1789681864425064448
4405	59	43	4	1789681864425065472
4406	59	44	4	1789681864425064448
4407	59	45	4	1789681864425065472
4408	59	46	4	1789681864425064448
4409	59	47	4	1789681864425064448
4410	59	48	4	1789681864425064448
4411	59	49	4	1789681864425064448
4412	59	50	4	1789681864425064448
4413	59	51	4	1789681864425064448
4414	59	52	4	1789681864425065472
4415	59	53	4	1789681864425065472
4416	59	54	4	1789681864425065472
4417	59	55	4	1789681864425065472
4418	59	56	4	1789681864425065472
4419	59	57	4	1789681864425065472
4420	59	58	4	1789681864425065472
4421	59	59	4	1789681864425065472
4422	59	60	4	1789681864425065472
4423	59	61	4	1789681864425064448
4424	59	62	4	1789681864425065472
4425	59	63	4	1789681864425064448
4426	59	64	4	1789681864425064448
4427	59	65	4	1789681864425064448
4428	59	66	4	1789681864425064448
4429	59	67	4	1789681864425064448
4430	59	68	4	1789681864425064448
4431	59	69	4	1789681864425065472
4432	59	70	4	1789681864425065472
4433	59	71	4	1789681864425065472
4434	59	72	4	1789681864425065472
4435	59	73	4	1789681864425065472
4436	59	74	4	1789681864425065472
4437	59	75	4	1789681864425065472
4438	59	76	4	1789681864425065472
4439	59	77	4	1789681864425065472
4440	59	78	4	1789681864425065472
4441	59	79	4	1789681864425065472
4442	59	80	4	1789681864425066496
4443	59	81	4	1789681864425066496
4444	59	82	4	1789681864425065472
4445	59	83	4	1789681864425065472
4446	59	84	4	1789681864425065472
4447	59	85	4	1789681864425065472
4448	59	86	4	1789681864425065472
4449	59	87	4	1789681864425065472
4450	59	88	4	1789681864425066496
4451	59	89	4	1789681864425065472
4452	59	90	4	1789681864425065472
4453	59	91	4	1789681864425066496
4454	59	92	4	1789681864425066496
4455	59	93	4	1789681864425066496
4456	59	94	4	1789681864425065472
4457	59	95	4	1789681864425066496
4458	59	96	4	1789681864425066496
4459	59	97	4	1789681864425066496
4460	59	98	4	1789681864425066496
4461	59	99	4	1789681864425066496
4462	59	100	4	1789681864425066496
4463	59	101	4	1789681864425066496
4464	59	102	4	1789681864425066496
4465	59	103	4	1789681864425066496
4466	59	104	4	1789681864425066496
4467	59	105	4	1789681864425066496
4468	59	106	4	1789681864425066496
4469	59	107	4	1789681864425066496
4470	59	108	4	1789681864425066496
4471	59	109	4	1789681864425066496
4472	59	110	4	1789681864425066496
4473	59	111	4	1789681864425066496
4474	59	112	4	1789681864425066496
4475	59	113	4	1789681864425066496
4476	59	114	4	1789681864425066496
4477	59	115	4	1789681864425066496
4478	59	116	4	1789681864425066496
4479	59	117	4	1789681864425066496
4480	59	118	4	1789681864425066496
4481	59	119	4	1789681864425066496
4482	59	120	4	1789681864425066496
4483	59	121	4	1789681864425066496
4484	59	122	4	1789681864425066496
4485	59	123	4	1789681864425066496
4486	59	124	4	1789681864425066496
4487	59	125	4	1789681864425066496
4488	59	126	4	1789681864425066496
4489	59	127	4	1789681864425066496
4490	59	128	4	1789681864425074688
4491	59	129	4	1789681864425074688
4492	59	130	4	1789681864425074688
4493	59	131	4	1789681864425075712
4494	59	132	4	1789681864425074688
4495	59	133	4	1789681864425074688
4496	59	134	4	1789681864425074688
4497	59	135	4	1789681864425073664
4498	59	136	4	1789681864425075712
4499	59	137	4	1789681864425074688
4500	59	138	4	1789681864425074688
4501	59	139	4	1789681864425075712
4502	59	140	4	1789681864425074688
4503	59	141	4	1789681864425075712
4504	59	142	4	1789681864425073664
4505	59	143	4	1789681864425073664
4506	59	144	4	1789681864425073664
4507	59	145	4	1789681864425074688
4508	59	146	4	1789681864425074688
4509	59	147	4	1789681864425073664
4510	59	148	4	1789681864425074688
4511	59	149	4	1789681864425074688
4512	59	150	4	1789681864425075712
4513	59	151	4	1789681864425074688
4514	59	152	4	1789681864425074688
4515	59	153	4	1789681864425074688
4516	59	154	4	1789681864425075712
4517	59	155	4	1789681864425074688
4518	59	156	4	1789681864425074688
4519	59	157	4	1789681864425074688
4520	59	158	4	1789681864425074688
4521	59	159	4	1789681864425075712
4522	59	160	4	1789681864425074688
4523	59	161	4	1789681864425072640
4524	59	162	4	1789681864425072640
4525	59	163	4	1789681864425073664
4526	59	164	4	1789681864425072640
4527	59	165	4	1789681864425072640
4528	59	166	4	1789681864425072640
4529	59	167	4	1789681864425072640
4530	59	168	4	1789681864425072640
4531	59	169	4	1789681864425073664
4532	59	170	4	1789681864425072640
4533	59	171	4	1789681864425072640
4534	59	172	4	1789681864425073664
4535	59	173	4	1789681864425072640
4536	59	174	4	1789681864425072640
4537	59	175	4	1789681864425072640
4538	59	176	4	1789681864425072640
4539	59	177	4	1789681864425073664
4540	59	178	4	1789681864425072640
4541	59	179	4	1789681864425072640
4542	59	180	4	1789681864425072640
4543	59	181	4	1789681864425072640
4544	59	182	4	1789681864425072640
4545	59	183	4	1789681864425072640
4546	59	184	4	1789681864425072640
4547	59	185	4	1789681864425072640
4548	59	186	4	1789681864425072640
4549	59	187	4	1789681864425072640
4550	59	188	4	1789681864425072640
4551	59	189	4	1789681864425072640
4552	59	190	4	1789681864425072640
4553	59	191	4	1789681864425072640
4554	59	192	4	1789681864425071616
4555	59	193	4	1789681864425071616
4556	59	194	4	1789681864425071616
4557	59	195	4	1789681864425071616
4558	59	196	4	1789681864425071616
4559	59	197	4	1789681864425072640
4560	59	198	4	1789681864425072640
4561	59	199	4	1789681864425072640
4562	59	200	4	1789681864425072640
4563	59	201	4	1789681864425072640
4564	59	202	4	1789681864425073664
4565	59	203	4	1789681864425074688
4566	59	204	4	1789681864425074688
4567	59	205	4	1789681864425074688
4568	59	206	4	1789681864425074688
4569	59	207	4	1789681864425075712
4570	59	208	4	1789681864425075712
4571	59	209	4	1789681864425075712
4572	59	210	4	1789681864425074688
4573	59	211	4	1789681864425075712
4574	59	212	4	1789681864425075712
4575	59	213	4	1789681864425074688
4576	59	214	4	1789681864425073664
4577	59	215	4	1789681864425074688
4578	59	216	4	1789681864425074688
4579	59	217	4	1789681864425075712
4580	59	218	4	1789681864425074688
4581	59	219	4	1789681864425075712
4582	59	220	4	1789681864425074688
4583	59	221	4	1789681864425074688
4584	59	222	4	1789681864425074688
4585	59	223	4	1789681864425074688
4586	59	224	4	1789681864425076736
4587	59	225	4	1789681864425077760
4588	59	226	4	1789681864425076736
4589	59	227	4	1789681864425076736
4590	59	228	4	1789681864425075712
4591	59	229	4	1789681864425075712
4592	59	230	4	1789681864425076736
4593	59	231	4	1789681864425075712
4594	59	232	4	1789681864425075712
4595	59	233	4	1789681864425076736
4596	59	234	4	1789681864425075712
4597	59	235	4	1789681864425076736
4598	59	236	4	1789681864425076736
4599	59	237	4	1789681864425075712
4600	59	238	4	1789681864425076736
4601	59	239	4	1789681864425075712
4602	59	240	4	1789681864425076736
4603	59	241	4	1789681864425076736
4604	59	242	4	1789681864425076736
4605	59	243	4	1789681864425075712
4606	59	244	4	1789681864425077760
4607	59	245	4	1789681864425076736
4608	59	246	4	1789681864425076736
4609	59	247	4	1789681864425077760
4610	59	248	4	1789681864425076736
4611	59	249	4	1789681864425076736
4612	59	250	4	1789681864425076736
4613	59	251	4	1789681864425077760
4614	59	252	4	1789681864425075712
4615	59	253	4	1789681864425075712
4616	59	254	4	1789681864425076736
4617	59	255	4	1789681864425076736
4618	60	0	4	1789681864425093120
4619	60	1	4	1789681864425092096
4620	60	2	4	1789681864425092096
4621	60	3	4	1789681864425093120
4622	60	4	4	1789681864425094144
4623	60	5	4	1789681864425093120
4624	60	6	4	1789681864425093120
4625	60	7	4	1789681864425092096
4626	60	8	4	1789681864425093120
4627	60	9	4	1789681864425093120
4628	60	10	4	1789681864425094144
4629	60	11	4	1789681864425093120
4630	60	12	4	1789681864425093120
4631	60	13	4	1789681864425093120
4632	60	14	4	1789681864425092096
4633	60	15	4	1789681864425090048
4634	60	16	4	1789681864425091072
4635	60	17	4	1789681864425093120
4636	60	18	4	1789681864425091072
4637	60	19	4	1789681864425091072
4638	60	20	4	1789681864425093120
4639	60	21	4	1789681864425093120
4640	60	22	4	1789681864425093120
4641	60	23	4	1789681864425092096
4642	60	24	4	1789681864425092096
4643	60	25	4	1789681864425093120
4644	60	26	4	1789681864425093120
4645	60	27	4	1789681864425093120
4646	60	28	4	1789681864425093120
4647	60	29	4	1789681864425092096
4648	60	30	4	1789681864425093120
4649	60	31	4	1789681864425093120
4650	60	32	4	1789681864425091072
4651	60	33	4	1789681864425091072
4652	60	34	4	1789681864425091072
4653	60	35	4	1789681864425093120
4654	60	36	4	1789681864425091072
4655	60	37	4	1789681864425090048
4656	60	38	4	1789681864425091072
4657	60	39	4	1789681864425091072
4658	60	40	4	1789681864425091072
4659	60	41	4	1789681864425091072
4660	60	42	4	1789681864425091072
4661	60	43	4	1789681864425092096
4662	60	44	4	1789681864425091072
4663	60	45	4	1789681864425092096
4664	60	46	4	1789681864425091072
4665	60	47	4	1789681864425090048
4666	60	48	4	1789681864425092096
4667	60	49	4	1789681864425092096
4668	60	50	4	1789681864425091072
4669	60	51	4	1789681864425091072
4670	60	52	4	1789681864425091072
4671	60	53	4	1789681864425090048
4672	60	54	4	1789681864425091072
4673	60	55	4	1789681864425090048
4674	60	56	4	1789681864425091072
4675	60	57	4	1789681864425091072
4676	60	58	4	1789681864425091072
4677	60	59	4	1789681864425091072
4678	60	60	4	1789681864425091072
4679	60	61	4	1789681864425090048
4680	60	62	4	1789681864425091072
4681	60	63	4	1789681864425091072
4682	61	0	4	1789681864425081856
4683	61	1	4	1789681864425080832
4684	61	2	4	1789681864425081856
4685	61	3	4	1789681864425082880
4686	61	4	4	1789681864425082880
4687	61	5	4	1789681864425081856
4688	61	6	4	1789681864425081856
4689	61	7	4	1789681864425080832
4690	61	8	4	1789681864425082880
4691	61	9	4	1789681864425081856
4692	61	10	4	1789681864425082880
4693	61	11	4	1789681864425081856
4694	61	12	4	1789681864425081856
4695	61	13	4	1789681864425081856
4696	61	14	4	1789681864425081856
4697	61	15	4	1789681864425079808
4698	61	16	4	1789681864425081856
4699	61	17	4	1789681864425081856
4700	61	18	4	1789681864425081856
4701	61	19	4	1789681864425079808
4702	61	20	4	1789681864425082880
4703	61	21	4	1789681864425081856
4704	61	22	4	1789681864425081856
4705	61	23	4	1789681864425081856
4706	61	24	4	1789681864425081856
4707	61	25	4	1789681864425081856
4708	61	26	4	1789681864425081856
4709	61	27	4	1789681864425082880
4710	61	28	4	1789681864425081856
4711	61	29	4	1789681864425081856
4712	61	30	4	1789681864425082880
4713	61	31	4	1789681864425082880
4714	61	32	4	1789681864425080832
4715	61	33	4	1789681864425078784
4716	61	34	4	1789681864425078784
4717	61	35	4	1789681864425079808
4718	61	36	4	1789681864425078784
4719	61	37	4	1789681864425079808
4720	61	38	4	1789681864425078784
4721	61	39	4	1789681864425078784
4722	61	40	4	1789681864425078784
4723	61	41	4	1789681864425079808
4724	61	42	4	1789681864425078784
4725	61	43	4	1789681864425079808
4726	61	44	4	1789681864425079808
4727	61	45	4	1789681864425078784
4728	61	46	4	1789681864425079808
4729	61	47	4	1789681864425077760
4730	61	48	4	1789681864425079808
4731	61	49	4	1789681864425079808
4732	61	50	4	1789681864425078784
4733	61	51	4	1789681864425078784
4734	61	52	4	1789681864425078784
4735	61	53	4	1789681864425077760
4736	61	54	4	1789681864425079808
4737	61	55	4	1789681864425078784
4738	61	56	4	1789681864425078784
4739	61	57	4	1789681864425078784
4740	61	58	4	1789681864425078784
4741	61	59	4	1789681864425079808
4742	61	60	4	1789681864425079808
4743	61	61	4	1789681864425078784
4744	61	62	4	1789681864425078784
4745	61	63	4	1789681864425079808
4746	61	64	4	1789681864425077760
4747	61	65	4	1789681864425077760
4748	61	66	4	1789681864425077760
4749	61	67	4	1789681864425077760
4750	61	68	4	1789681864425077760
4751	61	69	4	1789681864425078784
4752	61	70	4	1789681864425078784
4753	61	71	4	1789681864425079808
4754	61	72	4	1789681864425079808
4755	61	73	4	1789681864425078784
4756	61	74	4	1789681864425080832
4757	61	75	4	1789681864425082880
4758	61	76	4	1789681864425082880
4759	61	77	4	1789681864425081856
4760	61	78	4	1789681864425081856
4761	61	79	4	1789681864425081856
4762	61	80	4	1789681864425082880
4763	61	81	4	1789681864425082880
4764	61	82	4	1789681864425081856
4765	61	83	4	1789681864425081856
4766	61	84	4	1789681864425082880
4767	61	85	4	1789681864425081856
4768	61	86	4	1789681864425080832
4769	61	87	4	1789681864425081856
4770	61	88	4	1789681864425081856
4771	61	89	4	1789681864425082880
4772	61	90	4	1789681864425081856
4773	61	91	4	1789681864425082880
4774	61	92	4	1789681864425082880
4775	61	93	4	1789681864425081856
4776	61	94	4	1789681864425081856
4777	61	95	4	1789681864425081856
4778	61	96	4	1789681864425083904
4779	61	97	4	1789681864425085952
4780	61	98	4	1789681864425083904
4781	61	99	4	1789681864425084928
4782	61	100	4	1789681864425084928
4783	61	101	4	1789681864425083904
4784	61	102	4	1789681864425083904
4785	61	103	4	1789681864425083904
4786	61	104	4	1789681864425083904
4787	61	105	4	1789681864425084928
4788	61	106	4	1789681864425083904
4789	61	107	4	1789681864425084928
4790	61	108	4	1789681864425084928
4791	61	109	4	1789681864425082880
4792	61	110	4	1789681864425084928
4793	61	111	4	1789681864425084928
4794	61	112	4	1789681864425083904
4795	61	113	4	1789681864425083904
4796	61	114	4	1789681864425084928
4797	61	115	4	1789681864425083904
4798	61	116	4	1789681864425084928
4799	61	117	4	1789681864425082880
4800	61	118	4	1789681864425083904
4801	61	119	4	1789681864425084928
4802	61	120	4	1789681864425083904
4803	61	121	4	1789681864425083904
4804	61	122	4	1789681864425084928
4805	61	123	4	1789681864425084928
4806	61	124	4	1789681864425083904
4807	61	125	4	1789681864425083904
4808	61	126	4	1789681864425084928
4809	61	127	4	1789681864425084928
4810	61	128	4	1789681864425088000
4811	61	129	4	1789681864425086976
4812	61	130	4	1789681864425086976
4813	61	131	4	1789681864425088000
4814	61	132	4	1789681864425089024
4815	61	133	4	1789681864425088000
4816	61	134	4	1789681864425088000
4817	61	135	4	1789681864425086976
4818	61	136	4	1789681864425088000
4819	61	137	4	1789681864425088000
4820	61	138	4	1789681864425088000
4821	61	139	4	1789681864425088000
4822	61	140	4	1789681864425088000
4823	61	141	4	1789681864425088000
4824	61	142	4	1789681864425088000
4825	61	143	4	1789681864425084928
4826	61	144	4	1789681864425086976
4827	61	145	4	1789681864425086976
4828	61	146	4	1789681864425086976
4829	61	147	4	1789681864425085952
4830	61	148	4	1789681864425088000
4831	61	149	4	1789681864425086976
4832	61	150	4	1789681864425088000
4833	61	151	4	1789681864425086976
4834	61	152	4	1789681864425086976
4835	61	153	4	1789681864425088000
4836	61	154	4	1789681864425086976
4837	61	155	4	1789681864425088000
4838	61	156	4	1789681864425086976
4839	61	157	4	1789681864425088000
4840	61	158	4	1789681864425088000
4841	61	159	4	1789681864425088000
4842	61	160	4	1789681864425085952
4843	61	161	4	1789681864425084928
4844	61	162	4	1789681864425084928
4845	61	163	4	1789681864425085952
4846	61	164	4	1789681864425084928
4847	61	165	4	1789681864425083904
4848	61	166	4	1789681864425084928
4849	61	167	4	1789681864425084928
4850	61	168	4	1789681864425084928
4851	61	169	4	1789681864425085952
4852	61	170	4	1789681864425083904
4853	61	171	4	1789681864425085952
4854	61	172	4	1789681864425086976
4855	61	173	4	1789681864425084928
4856	61	174	4	1789681864425085952
4857	61	175	4	1789681864425083904
4858	61	176	4	1789681864425085952
4859	61	177	4	1789681864425084928
4860	61	178	4	1789681864425084928
4861	61	179	4	1789681864425085952
4862	61	180	4	1789681864425084928
4863	61	181	4	1789681864425084928
4864	61	182	4	1789681864425084928
4865	61	183	4	1789681864425084928
4866	61	184	4	1789681864425084928
4867	61	185	4	1789681864425084928
4868	61	186	4	1789681864425084928
4869	61	187	4	1789681864425084928
4870	61	188	4	1789681864425084928
4871	61	189	4	1789681864425084928
4872	61	190	4	1789681864425084928
4873	61	191	4	1789681864425084928
4874	61	192	4	1789681864425082880
4875	61	193	4	1789681864425083904
4876	61	194	4	1789681864425083904
4877	61	195	4	1789681864425083904
4878	61	196	4	1789681864425083904
4879	61	197	4	1789681864425084928
4880	61	198	4	1789681864425084928
4881	61	199	4	1789681864425084928
4882	61	200	4	1789681864425084928
4883	61	201	4	1789681864425084928
4884	61	202	4	1789681864425085952
4885	61	203	4	1789681864425089024
4886	61	204	4	1789681864425089024
4887	61	205	4	1789681864425086976
4888	61	206	4	1789681864425086976
4889	61	207	4	1789681864425086976
4890	61	208	4	1789681864425088000
4891	61	209	4	1789681864425088000
4892	61	210	4	1789681864425086976
4893	61	211	4	1789681864425088000
4894	61	212	4	1789681864425088000
4895	61	213	4	1789681864425086976
4896	61	214	4	1789681864425088000
4897	61	215	4	1789681864425086976
4898	61	216	4	1789681864425088000
4899	61	217	4	1789681864425088000
4900	61	218	4	1789681864425086976
4901	61	219	4	1789681864425088000
4902	61	220	4	1789681864425088000
4903	61	221	4	1789681864425088000
4904	61	222	4	1789681864425086976
4905	61	223	4	1789681864425088000
4906	61	224	4	1789681864425089024
4907	61	225	4	1789681864425090048
4908	61	226	4	1789681864425089024
4909	61	227	4	1789681864425089024
4910	61	228	4	1789681864425089024
4911	61	229	4	1789681864425089024
4912	61	230	4	1789681864425089024
4913	61	231	4	1789681864425088000
4914	61	232	4	1789681864425089024
4915	61	233	4	1789681864425090048
4916	61	234	4	1789681864425089024
4917	61	235	4	1789681864425090048
4918	61	236	4	1789681864425090048
4919	61	237	4	1789681864425088000
4920	61	238	4	1789681864425089024
4921	61	239	4	1789681864425089024
4922	61	240	4	1789681864425089024
4923	61	241	4	1789681864425089024
4924	61	242	4	1789681864425089024
4925	61	243	4	1789681864425088000
4926	61	244	4	1789681864425090048
4927	61	245	4	1789681864425088000
4928	61	246	4	1789681864425089024
4929	61	247	4	1789681864425089024
4930	61	248	4	1789681864425089024
4931	61	249	4	1789681864425089024
4932	61	250	4	1789681864425089024
4933	61	251	4	1789681864425090048
4934	61	252	4	1789681864425089024
4935	61	253	4	1789681864425089024
4936	61	254	4	1789681864425089024
4937	61	255	4	1789681864425089024
4938	62	0	4	1789681864425090048
4939	62	1	4	1789681864425090048
4940	62	2	4	1789681864425090048
4941	62	3	4	1789681864425090048
4942	62	4	4	1789681864425090048
4943	62	5	4	1789681864425090048
4944	62	6	4	1789681864425091072
4945	62	7	4	1789681864425091072
4946	62	8	4	1789681864425091072
4947	62	9	4	1789681864425091072
4948	62	10	4	1789681864425091072
4949	62	11	4	1789681864425094144
4950	62	12	4	1789681864425094144
4951	62	13	4	1789681864425092096
4952	62	14	4	1789681864425092096
4953	62	15	4	1789681864425092096
4954	62	16	4	1789681864425093120
4955	62	17	4	1789681864425094144
4956	62	18	4	1789681864425092096
4957	62	19	4	1789681864425093120
4958	62	20	4	1789681864425093120
4959	62	21	4	1789681864425093120
4960	62	22	4	1789681864425093120
4961	62	23	4	1789681864425092096
4962	62	24	4	1789681864425093120
4963	62	25	4	1789681864425093120
4964	62	26	4	1789681864425092096
4965	62	27	4	1789681864425092096
4966	62	28	4	1789681864425093120
4967	62	29	4	1789681864425092096
4968	62	30	4	1789681864425092096
4969	62	31	4	1789681864425092096
4970	62	32	4	1789681864425095168
4971	62	33	4	1789681864425095168
4972	62	34	4	1789681864425094144
4973	62	35	4	1789681864425095168
4974	62	36	4	1789681864425094144
4975	62	37	4	1789681864425094144
4976	62	38	4	1789681864425094144
4977	62	39	4	1789681864425094144
4978	62	40	4	1789681864425095168
4979	62	41	4	1789681864425095168
4980	62	42	4	1789681864425094144
4981	62	43	4	1789681864425095168
4982	62	44	4	1789681864425095168
4983	62	45	4	1789681864425093120
4984	62	46	4	1789681864425094144
4985	62	47	4	1789681864425094144
4986	62	48	4	1789681864425095168
4987	62	49	4	1789681864425094144
4988	62	50	4	1789681864425094144
4989	62	51	4	1789681864425093120
4990	62	52	4	1789681864425094144
4991	62	53	4	1789681864425093120
4992	62	54	4	1789681864425094144
4993	62	55	4	1789681864425094144
4994	62	56	4	1789681864425094144
4995	62	57	4	1789681864425093120
4996	62	58	4	1789681864425094144
4997	62	59	4	1789681864425095168
4998	62	60	4	1789681864425094144
4999	62	61	4	1789681864425094144
5000	62	62	4	1789681864425094144
5001	62	63	4	1789681864425093120
5002	63	0	4	1789681864425099264
5003	63	1	4	1789681864425099264
5004	63	2	4	1789681864425099264
5005	63	3	4	1789681864425099264
5006	63	4	4	1789681864425099264
5007	63	5	4	1789681864425099264
5008	63	6	4	1789681864425099264
5009	63	7	4	1789681864425099264
5010	63	8	4	1789681864425098240
5011	63	9	4	1789681864425098240
5012	63	10	4	1789681864425099264
5013	63	11	4	1789681864425098240
5014	63	12	4	1789681864425099264
5015	63	13	4	1789681864425098240
5016	63	14	4	1789681864425098240
5017	63	15	4	1789681864425098240
5018	63	16	4	1789681864425100288
5019	63	17	4	1789681864425100288
5020	63	18	4	1789681864425099264
5021	63	19	4	1789681864425099264
5022	63	20	4	1789681864425100288
5023	63	21	4	1789681864425100288
5024	63	22	4	1789681864425099264
5025	63	23	4	1789681864425099264
5026	63	24	4	1789681864425100288
5027	63	25	4	1789681864425100288
5028	63	26	4	1789681864425100288
5029	63	27	4	1789681864425100288
5030	63	28	4	1789681864425100288
5031	63	29	4	1789681864425100288
5032	63	30	4	1789681864425099264
5033	63	31	4	1789681864425099264
5034	64	0	4	1789681864425110528
5035	64	1	4	1789681864425111552
5036	64	2	4	1789681864425110528
5037	64	3	4	1789681864425110528
5038	64	4	4	1789681864425111552
5039	64	5	4	1789681864425110528
5040	64	6	4	1789681864425110528
5041	64	7	4	1789681864425110528
5042	64	8	4	1789681864425110528
5043	64	9	4	1789681864425110528
5044	64	10	4	1789681864425110528
5045	64	11	4	1789681864425110528
5046	64	12	4	1789681864425110528
5047	64	13	4	1789681864425110528
5048	64	14	4	1789681864425110528
5049	64	15	4	1789681864425110528
5050	64	16	4	1789681864425110528
5051	64	17	4	1789681864425109504
5052	64	18	4	1789681864425109504
5053	64	19	4	1789681864425109504
5054	64	20	4	1789681864425109504
5055	64	21	4	1789681864425109504
5056	64	22	4	1789681864425109504
5057	64	23	4	1789681864425109504
5058	64	24	4	1789681864425109504
5059	64	25	4	1789681864425109504
5060	64	26	4	1789681864425109504
5061	64	27	4	1789681864425109504
5062	64	28	4	1789681864425109504
5063	64	29	4	1789681864425109504
5064	64	30	4	1789681864425109504
5065	64	31	4	1789681864425109504
5066	64	32	4	1789681864425109504
5067	64	33	4	1789681864425109504
5068	64	34	4	1789681864425109504
5069	64	35	4	1789681864425109504
5070	64	36	4	1789681864425108480
5071	64	37	4	1789681864425108480
5072	64	38	4	1789681864425108480
5073	64	39	4	1789681864425108480
5074	64	40	4	1789681864425109504
5075	64	41	4	1789681864425109504
5076	64	42	4	1789681864425108480
5077	64	43	4	1789681864425109504
5078	64	44	4	1789681864425109504
5079	64	45	4	1789681864425109504
5080	64	46	4	1789681864425109504
5081	64	47	4	1789681864425109504
5082	64	48	4	1789681864425108480
5083	64	49	4	1789681864425108480
5084	64	50	4	1789681864425108480
5085	64	51	4	1789681864425108480
5086	64	52	4	1789681864425108480
5087	64	53	4	1789681864425108480
5088	64	54	4	1789681864425109504
5089	64	55	4	1789681864425109504
5090	64	56	4	1789681864425109504
5091	64	57	4	1789681864425109504
5092	64	58	4	1789681864425110528
5093	64	59	4	1789681864425110528
5094	64	60	4	1789681864425110528
5095	64	61	4	1789681864425110528
5096	64	62	4	1789681864425110528
5097	64	63	4	1789681864425110528
5098	64	64	4	1789681864425110528
5099	64	65	4	1789681864425111552
5100	64	66	4	1789681864425111552
5101	64	67	4	1789681864425110528
5102	64	68	4	1789681864425111552
5103	64	69	4	1789681864425111552
5104	64	70	4	1789681864425111552
5105	64	71	4	1789681864425110528
5106	64	72	4	1789681864425111552
5107	64	73	4	1789681864425111552
5108	64	74	4	1789681864425111552
5109	64	75	4	1789681864425111552
5110	64	76	4	1789681864425111552
5111	64	77	4	1789681864425111552
5112	64	78	4	1789681864425111552
5113	64	79	4	1789681864425111552
5114	64	80	4	1789681864425110528
5115	64	81	4	1789681864425110528
5116	64	82	4	1789681864425110528
5117	64	83	4	1789681864425110528
5118	64	84	4	1789681864425110528
5119	64	85	4	1789681864425110528
5120	64	86	4	1789681864425110528
5121	64	87	4	1789681864425110528
5122	64	88	4	1789681864425110528
5123	64	89	4	1789681864425110528
5124	64	90	4	1789681864425110528
5125	64	91	4	1789681864425110528
5126	64	92	4	1789681864425110528
5127	64	93	4	1789681864425110528
5128	64	94	4	1789681864425110528
5129	64	95	4	1789681864425110528
5130	64	96	4	1789681864425111552
5131	64	97	4	1789681864425112576
5132	64	98	4	1789681864425111552
5133	64	99	4	1789681864425111552
5134	64	100	4	1789681864425112576
5135	64	101	4	1789681864425112576
5136	64	102	4	1789681864425112576
5137	64	103	4	1789681864425112576
5138	64	104	4	1789681864425112576
5139	64	105	4	1789681864425112576
5140	64	106	4	1789681864425111552
5141	64	107	4	1789681864425111552
5142	64	108	4	1789681864425111552
5143	64	109	4	1789681864425111552
5144	64	110	4	1789681864425111552
5145	64	111	4	1789681864425111552
5146	64	112	4	1789681864425111552
5147	64	113	4	1789681864425111552
5148	64	114	4	1789681864425111552
5149	64	115	4	1789681864425111552
5150	64	116	4	1789681864425111552
5151	64	117	4	1789681864425111552
5152	64	118	4	1789681864425111552
5153	64	119	4	1789681864425111552
5154	64	120	4	1789681864425111552
5155	64	121	4	1789681864425111552
5156	64	122	4	1789681864425111552
5157	64	123	4	1789681864425111552
5158	64	124	4	1789681864425111552
5159	64	125	4	1789681864425111552
5160	64	126	4	1789681864425111552
5161	64	127	4	1789681864425111552
5162	65	0	4	1789681864425117696
5163	65	1	4	1789681864425117696
5164	65	2	4	1789681864425116672
5165	65	3	4	1789681864425116672
5166	65	4	4	1789681864425117696
5167	65	5	4	1789681864425116672
5168	65	6	4	1789681864425116672
5169	65	7	4	1789681864425115648
5170	65	8	4	1789681864425116672
5171	65	9	4	1789681864425116672
5172	65	10	4	1789681864425116672
5173	65	11	4	1789681864425116672
5174	65	12	4	1789681864425115648
5175	65	13	4	1789681864425116672
5176	65	14	4	1789681864425116672
5177	65	15	4	1789681864425115648
5178	65	16	4	1789681864425116672
5179	65	17	4	1789681864425117696
5180	65	18	4	1789681864425116672
5181	65	19	4	1789681864425116672
5182	65	20	4	1789681864425117696
5183	65	21	4	1789681864425116672
5184	65	22	4	1789681864425116672
5185	65	23	4	1789681864425116672
5186	65	24	4	1789681864425117696
5187	65	25	4	1789681864425117696
5188	65	26	4	1789681864425117696
5189	65	27	4	1789681864425117696
5190	65	28	4	1789681864425117696
5191	65	29	4	1789681864425117696
5192	65	30	4	1789681864425117696
5193	65	31	4	1789681864425116672
5194	66	0	4	1789681864425121792
5195	66	1	4	1789681864425121792
5196	66	2	4	1789681864425121792
5197	66	3	4	1789681864425121792
5198	66	4	4	1789681864425121792
5199	66	5	4	1789681864425121792
5200	66	6	4	1789681864425121792
5201	66	7	4	1789681864425120768
5202	66	8	4	1789681864425120768
5203	66	9	4	1789681864425120768
5204	66	10	4	1789681864425120768
5205	66	11	4	1789681864425120768
5206	66	12	4	1789681864425120768
5207	66	13	4	1789681864425120768
5208	66	14	4	1789681864425120768
5209	66	15	4	1789681864425120768
5210	66	16	4	1789681864425121792
5211	66	17	4	1789681864425121792
5212	66	18	4	1789681864425120768
5213	66	19	4	1789681864425121792
5214	66	20	4	1789681864425121792
5215	66	21	4	1789681864425121792
5216	66	22	4	1789681864425120768
5217	66	23	4	1789681864425121792
5218	66	24	4	1789681864425122816
5219	66	25	4	1789681864425122816
5220	66	26	4	1789681864425122816
5221	66	27	4	1789681864425121792
5222	66	28	4	1789681864425122816
5223	66	29	4	1789681864425122816
5224	66	30	4	1789681864425121792
5225	66	31	4	1789681864425121792
5226	67	0	4	1789681864425137152
5227	67	1	4	1789681864425137152
5228	67	2	4	1789681864425137152
5229	67	3	4	1789681864425137152
5230	67	4	4	1789681864425138176
5231	67	5	4	1789681864425137152
5232	67	6	4	1789681864425136128
5233	67	7	4	1789681864425137152
5234	67	8	4	1789681864425136128
5235	67	9	4	1789681864425137152
5236	67	10	4	1789681864425136128
5237	67	11	4	1789681864425136128
5238	67	12	4	1789681864425136128
5239	67	13	4	1789681864425136128
5240	67	14	4	1789681864425136128
5241	67	15	4	1789681864425136128
5242	67	16	4	1789681864425135104
5243	67	17	4	1789681864425135104
5244	67	18	4	1789681864425135104
5245	67	19	4	1789681864425135104
5246	67	20	4	1789681864425135104
5247	67	21	4	1789681864425135104
5248	67	22	4	1789681864425136128
5249	67	23	4	1789681864425136128
5250	67	24	4	1789681864425135104
5251	67	25	4	1789681864425135104
5252	67	26	4	1789681864425135104
5253	67	27	4	1789681864425135104
5254	67	28	4	1789681864425136128
5255	67	29	4	1789681864425135104
5256	67	30	4	1789681864425135104
5257	67	31	4	1789681864425135104
5258	67	32	4	1789681864425135104
5259	67	33	4	1789681864425135104
5260	67	34	4	1789681864425134080
5261	67	35	4	1789681864425135104
5262	67	36	4	1789681864425134080
5263	67	37	4	1789681864425134080
5264	67	38	4	1789681864425135104
5265	67	39	4	1789681864425134080
5266	67	40	4	1789681864425135104
5267	67	41	4	1789681864425134080
5268	67	42	4	1789681864425134080
5269	67	43	4	1789681864425135104
5270	67	44	4	1789681864425135104
5271	67	45	4	1789681864425135104
5272	67	46	4	1789681864425135104
5273	67	47	4	1789681864425135104
5274	67	48	4	1789681864425134080
5275	67	49	4	1789681864425134080
5276	67	50	4	1789681864425133056
5277	67	51	4	1789681864425134080
5278	67	52	4	1789681864425133056
5279	67	53	4	1789681864425135104
5280	67	54	4	1789681864425135104
5281	67	55	4	1789681864425135104
5282	67	56	4	1789681864425135104
5283	67	57	4	1789681864425135104
5284	67	58	4	1789681864425136128
5285	67	59	4	1789681864425135104
5286	67	60	4	1789681864425136128
5287	67	61	4	1789681864425136128
5288	67	62	4	1789681864425136128
5289	67	63	4	1789681864425136128
5290	67	64	4	1789681864425136128
5291	67	65	4	1789681864425137152
5292	67	66	4	1789681864425136128
5293	67	67	4	1789681864425137152
5294	67	68	4	1789681864425137152
5295	67	69	4	1789681864425136128
5296	67	70	4	1789681864425137152
5297	67	71	4	1789681864425136128
5298	67	72	4	1789681864425137152
5299	67	73	4	1789681864425138176
5300	67	74	4	1789681864425138176
5301	67	75	4	1789681864425137152
5302	67	76	4	1789681864425137152
5303	67	77	4	1789681864425138176
5304	67	78	4	1789681864425137152
5305	67	79	4	1789681864425137152
5306	67	80	4	1789681864425137152
5307	67	81	4	1789681864425137152
5308	67	82	4	1789681864425137152
5309	67	83	4	1789681864425137152
5310	67	84	4	1789681864425137152
5311	67	85	4	1789681864425137152
5312	67	86	4	1789681864425137152
5313	67	87	4	1789681864425137152
5314	67	88	4	1789681864425137152
5315	67	89	4	1789681864425137152
5316	67	90	4	1789681864425136128
5317	67	91	4	1789681864425137152
5318	67	92	4	1789681864425136128
5319	67	93	4	1789681864425136128
5320	67	94	4	1789681864425136128
5321	67	95	4	1789681864425136128
5322	67	96	4	1789681864425140224
5323	67	97	4	1789681864425140224
5324	67	98	4	1789681864425139200
5325	67	99	4	1789681864425140224
5326	67	100	4	1789681864425140224
5327	67	101	4	1789681864425140224
5328	67	102	4	1789681864425140224
5329	67	103	4	1789681864425139200
5330	67	104	4	1789681864425139200
5331	67	105	4	1789681864425140224
5332	67	106	4	1789681864425139200
5333	67	107	4	1789681864425140224
5334	67	108	4	1789681864425140224
5335	67	109	4	1789681864425139200
5336	67	110	4	1789681864425139200
5337	67	111	4	1789681864425140224
5338	67	112	4	1789681864425139200
5339	67	113	4	1789681864425141248
5340	67	114	4	1789681864425139200
5341	67	115	4	1789681864425140224
5342	67	116	4	1789681864425139200
5343	67	117	4	1789681864425139200
5344	67	118	4	1789681864425139200
5345	67	119	4	1789681864425139200
5346	67	120	4	1789681864425140224
5347	67	121	4	1789681864425140224
5348	67	122	4	1789681864425139200
5349	67	123	4	1789681864425139200
5350	67	124	4	1789681864425140224
5351	67	125	4	1789681864425139200
5352	67	126	4	1789681864425140224
5353	67	127	4	1789681864425139200
5354	68	4294967295	128	1789681864425148416
5355	69	0	4	1789681864425129984
5356	69	1	4	1789681864425129984
5357	69	2	4	1789681864425129984
5358	69	3	4	1789681864425129984
5359	69	4	4	1789681864425129984
5360	69	5	4	1789681864425129984
5361	69	6	4	1789681864425129984
5362	69	7	4	1789681864425129984
5363	69	8	4	1789681864425129984
5364	69	9	4	1789681864425129984
5365	69	10	4	1789681864425128960
5366	69	11	4	1789681864425129984
5367	69	12	4	1789681864425129984
5368	69	13	4	1789681864425129984
5369	69	14	4	1789681864425128960
5370	69	15	4	1789681864425128960
5371	69	16	4	1789681864425128960
5372	69	17	4	1789681864425128960
5373	69	18	4	1789681864425128960
5374	69	19	4	1789681864425128960
5375	69	20	4	1789681864425128960
5376	69	21	4	1789681864425128960
5377	69	22	4	1789681864425128960
5378	69	23	4	1789681864425128960
5379	69	24	4	1789681864425128960
5380	69	25	4	1789681864425128960
5381	69	26	4	1789681864425128960
5382	69	27	4	1789681864425128960
5383	69	28	4	1789681864425128960
5384	69	29	4	1789681864425128960
5385	69	30	4	1789681864425128960
5386	69	31	4	1789681864425128960
5387	69	32	4	1789681864425127936
5388	69	33	4	1789681864425128960
5389	69	34	4	1789681864425128960
5390	69	35	4	1789681864425127936
5391	69	36	4	1789681864425127936
5392	69	37	4	1789681864425127936
5393	69	38	4	1789681864425128960
5394	69	39	4	1789681864425128960
5395	69	40	4	1789681864425128960
5396	69	41	4	1789681864425127936
5397	69	42	4	1789681864425127936
5398	69	43	4	1789681864425128960
5399	69	44	4	1789681864425128960
5400	69	45	4	1789681864425128960
5401	69	46	4	1789681864425128960
5402	69	47	4	1789681864425128960
5403	69	48	4	1789681864425127936
5404	69	49	4	1789681864425127936
5405	69	50	4	1789681864425126912
5406	69	51	4	1789681864425127936
5407	69	52	4	1789681864425126912
5408	69	53	4	1789681864425127936
5409	69	54	4	1789681864425128960
5410	69	55	4	1789681864425128960
5411	69	56	4	1789681864425128960
5412	69	57	4	1789681864425128960
5413	69	58	4	1789681864425127936
5414	69	59	4	1789681864425128960
5415	69	60	4	1789681864425128960
5416	69	61	4	1789681864425128960
5417	69	62	4	1789681864425128960
5418	69	63	4	1789681864425128960
5419	69	64	4	1789681864425128960
5420	69	65	4	1789681864425129984
5421	69	66	4	1789681864425128960
5422	69	67	4	1789681864425129984
5423	69	68	4	1789681864425129984
5424	69	69	4	1789681864425129984
5425	69	70	4	1789681864425129984
5426	69	71	4	1789681864425129984
5427	69	72	4	1789681864425129984
5428	69	73	4	1789681864425131008
5429	69	74	4	1789681864425131008
5430	69	75	4	1789681864425129984
5431	69	76	4	1789681864425129984
5432	69	77	4	1789681864425131008
5433	69	78	4	1789681864425129984
5434	69	79	4	1789681864425129984
5435	69	80	4	1789681864425128960
5436	69	81	4	1789681864425129984
5437	69	82	4	1789681864425128960
5438	69	83	4	1789681864425128960
5439	69	84	4	1789681864425128960
5440	69	85	4	1789681864425128960
5441	69	86	4	1789681864425128960
5442	69	87	4	1789681864425128960
5443	69	88	4	1789681864425128960
5444	69	89	4	1789681864425129984
5445	69	90	4	1789681864425128960
5446	69	91	4	1789681864425128960
5447	69	92	4	1789681864425128960
5448	69	93	4	1789681864425128960
5449	69	94	4	1789681864425128960
5450	69	95	4	1789681864425128960
5451	69	96	4	1789681864425131008
5452	69	97	4	1789681864425132032
5453	69	98	4	1789681864425132032
5454	69	99	4	1789681864425132032
5455	69	100	4	1789681864425132032
5456	69	101	4	1789681864425133056
5457	69	102	4	1789681864425132032
5458	69	103	4	1789681864425132032
5459	69	104	4	1789681864425131008
5460	69	105	4	1789681864425132032
5461	69	106	4	1789681864425132032
5462	69	107	4	1789681864425132032
5463	69	108	4	1789681864425132032
5464	69	109	4	1789681864425131008
5465	69	110	4	1789681864425131008
5466	69	111	4	1789681864425132032
5467	69	112	4	1789681864425132032
5468	69	113	4	1789681864425132032
5469	69	114	4	1789681864425132032
5470	69	115	4	1789681864425132032
5471	69	116	4	1789681864425131008
5472	69	117	4	1789681864425131008
5473	69	118	4	1789681864425132032
5474	69	119	4	1789681864425131008
5475	69	120	4	1789681864425132032
5476	69	121	4	1789681864425132032
5477	69	122	4	1789681864425132032
5478	69	123	4	1789681864425131008
5479	69	124	4	1789681864425132032
5480	69	125	4	1789681864425132032
5481	69	126	4	1789681864425133056
5482	69	127	4	1789681864425131008
5483	70	4294967295	128	1789681864425149440
5484	71	0	4	1789681864425143296
5485	71	1	4	1789681864425143296
5486	71	2	4	1789681864425143296
5487	71	3	4	1789681864425143296
5488	71	4	4	1789681864425144320
5489	71	5	4	1789681864425143296
5490	71	6	4	1789681864425143296
5491	71	7	4	1789681864425142272
5492	71	8	4	1789681864425142272
5493	71	9	4	1789681864425143296
5494	71	10	4	1789681864425142272
5495	71	11	4	1789681864425142272
5496	71	12	4	1789681864425143296
5497	71	13	4	1789681864425142272
5498	71	14	4	1789681864425142272
5499	71	15	4	1789681864425142272
5500	71	16	4	1789681864425141248
5501	71	17	4	1789681864425141248
5502	71	18	4	1789681864425141248
5503	71	19	4	1789681864425141248
5504	71	20	4	1789681864425141248
5505	71	21	4	1789681864425141248
5506	71	22	4	1789681864425142272
5507	71	23	4	1789681864425142272
5508	71	24	4	1789681864425141248
5509	71	25	4	1789681864425141248
5510	71	26	4	1789681864425141248
5511	71	27	4	1789681864425141248
5512	71	28	4	1789681864425141248
5513	71	29	4	1789681864425142272
5514	71	30	4	1789681864425141248
5515	71	31	4	1789681864425140224
5516	71	32	4	1789681864425141248
5517	71	33	4	1789681864425140224
5518	71	34	4	1789681864425140224
5519	71	35	4	1789681864425141248
5520	71	36	4	1789681864425140224
5521	71	37	4	1789681864425140224
5522	71	38	4	1789681864425140224
5523	71	39	4	1789681864425140224
5524	71	40	4	1789681864425141248
5525	71	41	4	1789681864425140224
5526	71	42	4	1789681864425140224
5527	71	43	4	1789681864425141248
5528	71	44	4	1789681864425141248
5529	71	45	4	1789681864425142272
5530	71	46	4	1789681864425141248
5531	71	47	4	1789681864425141248
5532	71	48	4	1789681864425139200
5533	71	49	4	1789681864425140224
5534	71	50	4	1789681864425139200
5535	71	51	4	1789681864425140224
5536	71	52	4	1789681864425139200
5537	71	53	4	1789681864425141248
5538	71	54	4	1789681864425140224
5539	71	55	4	1789681864425140224
5540	71	56	4	1789681864425140224
5541	71	57	4	1789681864425140224
5542	71	58	4	1789681864425142272
5543	71	59	4	1789681864425142272
5544	71	60	4	1789681864425142272
5545	71	61	4	1789681864425142272
5546	71	62	4	1789681864425142272
5547	71	63	4	1789681864425143296
5548	71	64	4	1789681864425142272
5549	71	65	4	1789681864425142272
5550	71	66	4	1789681864425142272
5551	71	67	4	1789681864425142272
5552	71	68	4	1789681864425143296
5553	71	69	4	1789681864425143296
5554	71	70	4	1789681864425142272
5555	71	71	4	1789681864425142272
5556	71	72	4	1789681864425143296
5557	71	73	4	1789681864425144320
5558	71	74	4	1789681864425144320
5559	71	75	4	1789681864425143296
5560	71	76	4	1789681864425143296
5561	71	77	4	1789681864425144320
5562	71	78	4	1789681864425143296
5563	71	79	4	1789681864425143296
5564	71	80	4	1789681864425142272
5565	71	81	4	1789681864425143296
5566	71	82	4	1789681864425142272
5567	71	83	4	1789681864425142272
5568	71	84	4	1789681864425142272
5569	71	85	4	1789681864425142272
5570	71	86	4	1789681864425142272
5571	71	87	4	1789681864425142272
5572	71	88	4	1789681864425143296
5573	71	89	4	1789681864425143296
5574	71	90	4	1789681864425142272
5575	71	91	4	1789681864425143296
5576	71	92	4	1789681864425142272
5577	71	93	4	1789681864425142272
5578	71	94	4	1789681864425142272
5579	71	95	4	1789681864425142272
5580	71	96	4	1789681864425144320
5581	71	97	4	1789681864425145344
5582	71	98	4	1789681864425144320
5583	71	99	4	1789681864425144320
5584	71	100	4	1789681864425145344
5585	71	101	4	1789681864425144320
5586	71	102	4	1789681864425144320
5587	71	103	4	1789681864425144320
5588	71	104	4	1789681864425145344
5589	71	105	4	1789681864425145344
5590	71	106	4	1789681864425144320
5591	71	107	4	1789681864425145344
5592	71	108	4	1789681864425144320
5593	71	109	4	1789681864425144320
5594	71	110	4	1789681864425143296
5595	71	111	4	1789681864425144320
5596	71	112	4	1789681864425144320
5597	71	113	4	1789681864425145344
5598	71	114	4	1789681864425144320
5599	71	115	4	1789681864425144320
5600	71	116	4	1789681864425144320
5601	71	117	4	1789681864425143296
5602	71	118	4	1789681864425143296
5603	71	119	4	1789681864425143296
5604	71	120	4	1789681864425144320
5605	71	121	4	1789681864425144320
5606	71	122	4	1789681864425144320
5607	71	123	4	1789681864425144320
5608	71	124	4	1789681864425145344
5609	71	125	4	1789681864425143296
5610	71	126	4	1789681864425145344
5611	71	127	4	1789681864425143296
5612	72	4294967295	128	1789681864425154560
5613	73	0	4	1789681864425161728
5614	73	1	4	1789681864425161728
5615	73	2	4	1789681864425162752
5616	73	3	4	1789681864425162752
5617	73	4	4	1789681864425161728
5618	73	5	4	1789681864425161728
5619	73	6	4	1789681864425161728
5620	73	7	4	1789681864425161728
5621	73	8	4	1789681864425161728
5622	73	9	4	1789681864425161728
5623	73	10	4	1789681864425161728
5624	73	11	4	1789681864425162752
5625	73	12	4	1789681864425162752
5626	73	13	4	1789681864425161728
5627	73	14	4	1789681864425161728
5628	73	15	4	1789681864425164800
5629	73	16	4	1789681864425166848
5630	73	17	4	1789681864425167872
5631	73	18	4	1789681864425167872
5632	73	19	4	1789681864425167872
5633	73	20	4	1789681864425168896
5634	73	21	4	1789681864425167872
5635	73	22	4	1789681864425167872
5636	73	23	4	1789681864425165824
5637	73	24	4	1789681864425165824
5638	73	25	4	1789681864425165824
5639	73	26	4	1789681864425164800
5640	73	27	4	1789681864425166848
5641	73	28	4	1789681864425167872
5642	73	29	4	1789681864425165824
5643	73	30	4	1789681864425167872
5644	73	31	4	1789681864425167872
5645	73	32	4	1789681864425161728
5646	73	33	4	1789681864425161728
5647	73	34	4	1789681864425161728
5648	73	35	4	1789681864425161728
5649	73	36	4	1789681864425161728
5650	73	37	4	1789681864425161728
5651	73	38	4	1789681864425161728
5652	73	39	4	1789681864425161728
5653	73	40	4	1789681864425161728
5654	73	41	4	1789681864425161728
5655	73	42	4	1789681864425161728
5656	73	43	4	1789681864425161728
5657	73	44	4	1789681864425161728
5658	73	45	4	1789681864425161728
5659	73	46	4	1789681864425161728
5660	73	47	4	1789681864425161728
5661	73	48	4	1789681864425160704
5662	73	49	4	1789681864425160704
5663	73	50	4	1789681864425160704
5664	73	51	4	1789681864425160704
5665	73	52	4	1789681864425161728
5666	73	53	4	1789681864425161728
5667	73	54	4	1789681864425162752
5668	73	55	4	1789681864425162752
5669	73	56	4	1789681864425161728
5670	73	57	4	1789681864425161728
5671	73	58	4	1789681864425161728
5672	73	59	4	1789681864425162752
5673	73	60	4	1789681864425161728
5674	73	61	4	1789681864425161728
5675	73	62	4	1789681864425161728
5676	73	63	4	1789681864425161728
5677	73	64	4	1789681864425161728
5678	73	65	4	1789681864425161728
5679	73	66	4	1789681864425161728
5680	73	67	4	1789681864425161728
5681	73	68	4	1789681864425161728
5682	73	69	4	1789681864425161728
5683	73	70	4	1789681864425161728
5684	73	71	4	1789681864425161728
5685	73	72	4	1789681864425161728
5686	73	73	4	1789681864425161728
5687	73	74	4	1789681864425161728
5688	73	75	4	1789681864425161728
5689	73	76	4	1789681864425161728
5690	73	77	4	1789681864425161728
5691	73	78	4	1789681864425161728
5692	73	79	4	1789681864425161728
5693	73	80	4	1789681864425160704
5694	73	81	4	1789681864425160704
5695	73	82	4	1789681864425160704
5696	73	83	4	1789681864425160704
5697	73	84	4	1789681864425161728
5698	73	85	4	1789681864425161728
5699	73	86	4	1789681864425161728
5700	73	87	4	1789681864425161728
5701	73	88	4	1789681864425161728
5702	73	89	4	1789681864425161728
5703	73	90	4	1789681864425161728
5704	73	91	4	1789681864425161728
5705	73	92	4	1789681864425161728
5706	73	93	4	1789681864425161728
5707	73	94	4	1789681864425161728
5708	73	95	4	1789681864425161728
5709	73	96	4	1789681864425161728
5710	73	97	4	1789681864425161728
5711	73	98	4	1789681864425161728
5712	73	99	4	1789681864425161728
5713	73	100	4	1789681864425161728
5714	73	101	4	1789681864425161728
5715	73	102	4	1789681864425161728
5716	73	103	4	1789681864425161728
5717	73	104	4	1789681864425160704
5718	73	105	4	1789681864425161728
5719	73	106	4	1789681864425161728
5720	73	107	4	1789681864425161728
5721	73	108	4	1789681864425161728
5722	73	109	4	1789681864425161728
5723	73	110	4	1789681864425161728
5724	73	111	4	1789681864425161728
5725	73	112	4	1789681864425161728
5726	73	113	4	1789681864425162752
5727	73	114	4	1789681864425162752
5728	73	115	4	1789681864425161728
5729	73	116	4	1789681864425161728
5730	73	117	4	1789681864425162752
5731	73	118	4	1789681864425162752
5732	73	119	4	1789681864425161728
5733	73	120	4	1789681864425160704
5734	73	121	4	1789681864425161728
5735	73	122	4	1789681864425161728
5736	73	123	4	1789681864425160704
5737	73	124	4	1789681864425160704
5738	73	125	4	1789681864425161728
5739	73	126	4	1789681864425161728
5740	73	127	4	1789681864425155584
5741	74	0	4	1789681864425152512
5742	74	1	4	1789681864425152512
5743	74	2	4	1789681864425151488
5744	74	3	4	1789681864425151488
5745	74	4	4	1789681864425151488
5746	74	5	4	1789681864425151488
5747	74	6	4	1789681864425151488
5748	74	7	4	1789681864425151488
5749	74	8	4	1789681864425151488
5750	74	9	4	1789681864425152512
5751	74	10	4	1789681864425152512
5752	74	11	4	1789681864425152512
5753	74	12	4	1789681864425152512
5754	74	13	4	1789681864425152512
5755	74	14	4	1789681864425152512
5756	74	15	4	1789681864425152512
5757	74	16	4	1789681864425152512
5758	74	17	4	1789681864425152512
5759	74	18	4	1789681864425152512
5760	74	19	4	1789681864425152512
5761	74	20	4	1789681864425152512
5762	74	21	4	1789681864425151488
5763	74	22	4	1789681864425151488
5764	74	23	4	1789681864425151488
5765	74	24	4	1789681864425151488
5766	74	25	4	1789681864425151488
5767	74	26	4	1789681864425152512
5768	74	27	4	1789681864425152512
5769	74	28	4	1789681864425152512
5770	74	29	4	1789681864425152512
5771	74	30	4	1789681864425152512
5772	74	31	4	1789681864425152512
5773	74	32	4	1789681864425152512
5774	74	33	4	1789681864425152512
5775	74	34	4	1789681864425151488
5776	74	35	4	1789681864425151488
5777	74	36	4	1789681864425152512
5778	74	37	4	1789681864425152512
5779	74	38	4	1789681864425152512
5780	74	39	4	1789681864425152512
5781	74	40	4	1789681864425151488
5782	74	41	4	1789681864425151488
5783	74	42	4	1789681864425152512
5784	74	43	4	1789681864425152512
5785	74	44	4	1789681864425151488
5786	74	45	4	1789681864425151488
5787	74	46	4	1789681864425151488
5788	74	47	4	1789681864425152512
5789	74	48	4	1789681864425152512
5790	74	49	4	1789681864425152512
5791	74	50	4	1789681864425152512
5792	74	51	4	1789681864425152512
5793	74	52	4	1789681864425152512
5794	74	53	4	1789681864425151488
5795	74	54	4	1789681864425151488
5796	74	55	4	1789681864425151488
5797	74	56	4	1789681864425152512
5798	74	57	4	1789681864425152512
5799	74	58	4	1789681864425152512
5800	74	59	4	1789681864425152512
5801	74	60	4	1789681864425152512
5802	74	61	4	1789681864425151488
5803	74	62	4	1789681864425151488
5804	74	63	4	1789681864425152512
5805	74	64	4	1789681864425152512
5806	74	65	4	1789681864425152512
5807	74	66	4	1789681864425152512
5808	74	67	4	1789681864425152512
5809	74	68	4	1789681864425152512
5810	74	69	4	1789681864425152512
5811	74	70	4	1789681864425151488
5812	74	71	4	1789681864425152512
5813	74	72	4	1789681864425152512
5814	74	73	4	1789681864425152512
5815	74	74	4	1789681864425152512
5816	74	75	4	1789681864425152512
5817	74	76	4	1789681864425151488
5818	74	77	4	1789681864425151488
5819	74	78	4	1789681864425151488
5820	74	79	4	1789681864425152512
5821	74	80	4	1789681864425152512
5822	74	81	4	1789681864425152512
5823	74	82	4	1789681864425152512
5824	74	83	4	1789681864425152512
5825	74	84	4	1789681864425152512
5826	74	85	4	1789681864425151488
5827	74	86	4	1789681864425151488
5828	74	87	4	1789681864425151488
5829	74	88	4	1789681864425152512
5830	74	89	4	1789681864425152512
5831	74	90	4	1789681864425152512
5832	74	91	4	1789681864425152512
5833	74	92	4	1789681864425152512
5834	74	93	4	1789681864425151488
5835	74	94	4	1789681864425151488
5836	74	95	4	1789681864425152512
5837	74	96	4	1789681864425152512
5838	74	97	4	1789681864425152512
5839	74	98	4	1789681864425151488
5840	74	99	4	1789681864425151488
5841	74	100	4	1789681864425151488
5842	74	101	4	1789681864425152512
5843	74	102	4	1789681864425151488
5844	74	103	4	1789681864425151488
5845	74	104	4	1789681864425152512
5846	74	105	4	1789681864425153536
5847	74	106	4	1789681864425152512
5848	74	107	4	1789681864425152512
5849	74	108	4	1789681864425152512
5850	74	109	4	1789681864425152512
5851	74	110	4	1789681864425152512
5852	74	111	4	1789681864425152512
5853	74	112	4	1789681864425154560
5854	74	113	4	1789681864425154560
5855	74	114	4	1789681864425154560
5856	74	115	4	1789681864425154560
5857	74	116	4	1789681864425154560
5858	74	117	4	1789681864425153536
5859	74	118	4	1789681864425154560
5860	74	119	4	1789681864425154560
5861	74	120	4	1789681864425154560
5862	74	121	4	1789681864425154560
5863	74	122	4	1789681864425154560
5864	74	123	4	1789681864425154560
5865	74	124	4	1789681864425154560
5866	74	125	4	1789681864425154560
5867	74	126	4	1789681864425154560
5868	74	127	4	1789681864425154560
5869	75	4294967295	512	1789681864425161728
5870	76	4294967295	512	1789681864425161728
5871	77	4294967295	512	1789681864425205760
5872	78	0	4	1789681864425213952
5873	78	1	4	1789681864425213952
5874	78	2	4	1789681864425213952
5875	78	3	4	1789681864425213952
5876	78	4	4	1789681864425213952
5877	78	5	4	1789681864425213952
5878	78	6	4	1789681864425213952
5879	78	7	4	1789681864425213952
5880	78	8	4	1789681864425213952
5881	78	9	4	1789681864425213952
5882	78	10	4	1789681864425213952
5883	78	11	4	1789681864425213952
5884	78	12	4	1789681864425213952
5885	78	13	4	1789681864425213952
5886	78	14	4	1789681864425213952
5887	78	15	4	1789681864425213952
5888	78	16	4	1789681864425213952
5889	78	17	4	1789681864425213952
5890	78	18	4	1789681864425213952
5891	78	19	4	1789681864425213952
5892	78	20	4	1789681864425213952
5893	78	21	4	1789681864425213952
5894	78	22	4	1789681864425213952
5895	78	23	4	1789681864425213952
5896	78	24	4	1789681864425213952
5897	78	25	4	1789681864425213952
5898	78	26	4	1789681864425213952
5899	78	27	4	1789681864425213952
5900	78	28	4	1789681864425213952
5901	78	29	4	1789681864425213952
5902	78	30	4	1789681864425213952
5903	78	31	4	1789681864425213952
5904	78	32	4	1789681864425213952
5905	78	33	4	1789681864425213952
5906	78	34	4	1789681864425212928
5907	78	35	4	1789681864425212928
5908	78	36	4	1789681864425213952
5909	78	37	4	1789681864425212928
5910	78	38	4	1789681864425212928
5911	78	39	4	1789681864425212928
5912	78	40	4	1789681864425212928
5913	78	41	4	1789681864425212928
5914	78	42	4	1789681864425212928
5915	78	43	4	1789681864425212928
5916	78	44	4	1789681864425212928
5917	78	45	4	1789681864425213952
5918	78	46	4	1789681864425212928
5919	78	47	4	1789681864425212928
5920	78	48	4	1789681864425212928
5921	78	49	4	1789681864425212928
5922	78	50	4	1789681864425212928
5923	78	51	4	1789681864425213952
5924	78	52	4	1789681864425212928
5925	78	53	4	1789681864425212928
5926	78	54	4	1789681864425212928
5927	78	55	4	1789681864425212928
5928	78	56	4	1789681864425212928
5929	78	57	4	1789681864425212928
5930	78	58	4	1789681864425212928
5931	78	59	4	1789681864425213952
5932	78	60	4	1789681864425213952
5933	78	61	4	1789681864425213952
5934	78	62	4	1789681864425212928
5935	78	63	4	1789681864425213952
5936	78	64	4	1789681864425212928
5937	78	65	4	1789681864425212928
5938	78	66	4	1789681864425212928
5939	78	67	4	1789681864425212928
5940	78	68	4	1789681864425212928
5941	78	69	4	1789681864425213952
5942	78	70	4	1789681864425212928
5943	78	71	4	1789681864425212928
5944	78	72	4	1789681864425213952
5945	78	73	4	1789681864425212928
5946	78	74	4	1789681864425213952
5947	78	75	4	1789681864425213952
5948	78	76	4	1789681864425213952
5949	78	77	4	1789681864425213952
5950	78	78	4	1789681864425213952
5951	78	79	4	1789681864425213952
5952	78	80	4	1789681864425213952
5953	78	81	4	1789681864425213952
5954	78	82	4	1789681864425213952
5955	78	83	4	1789681864425213952
5956	78	84	4	1789681864425213952
5957	78	85	4	1789681864425213952
5958	78	86	4	1789681864425213952
5959	78	87	4	1789681864425213952
5960	78	88	4	1789681864425213952
5961	78	89	4	1789681864425213952
5962	78	90	4	1789681864425213952
5963	78	91	4	1789681864425213952
5964	78	92	4	1789681864425213952
5965	78	93	4	1789681864425213952
5966	78	94	4	1789681864425213952
5967	78	95	4	1789681864425213952
5968	78	96	4	1789681864425214976
5969	78	97	4	1789681864425214976
5970	78	98	4	1789681864425214976
5971	78	99	4	1789681864425214976
5972	78	100	4	1789681864425214976
5973	78	101	4	1789681864425214976
5974	78	102	4	1789681864425213952
5975	78	103	4	1789681864425213952
5976	78	104	4	1789681864425214976
5977	78	105	4	1789681864425214976
5978	78	106	4	1789681864425213952
5979	78	107	4	1789681864425214976
5980	78	108	4	1789681864425214976
5981	78	109	4	1789681864425214976
5982	78	110	4	1789681864425214976
5983	78	111	4	1789681864425214976
5984	78	112	4	1789681864425214976
5985	78	113	4	1789681864425214976
5986	78	114	4	1789681864425214976
5987	78	115	4	1789681864425214976
5988	78	116	4	1789681864425213952
5989	78	117	4	1789681864425213952
5990	78	118	4	1789681864425213952
5991	78	119	4	1789681864425213952
5992	78	120	4	1789681864425214976
5993	78	121	4	1789681864425214976
5994	78	122	4	1789681864425214976
5995	78	123	4	1789681864425214976
5996	78	124	4	1789681864425214976
5997	78	125	4	1789681864425213952
5998	78	126	4	1789681864425213952
5999	78	127	4	1789681864425213952
6000	79	0	4	1789681864425221120
6001	79	1	4	1789681864425222144
6002	79	2	4	1789681864425222144
6003	79	3	4	1789681864425222144
6004	79	4	4	1789681864425222144
6005	79	5	4	1789681864425222144
6006	79	6	4	1789681864425221120
6007	79	7	4	1789681864425220096
6008	79	8	4	1789681864425221120
6009	79	9	4	1789681864425221120
6010	79	10	4	1789681864425221120
6011	79	11	4	1789681864425222144
6012	79	12	4	1789681864425221120
6013	79	13	4	1789681864425222144
6014	79	14	4	1789681864425221120
6015	79	15	4	1789681864425220096
6016	79	16	4	1789681864425221120
6017	79	17	4	1789681864425221120
6018	79	18	4	1789681864425221120
6019	79	19	4	1789681864425221120
6020	79	20	4	1789681864425221120
6021	79	21	4	1789681864425221120
6022	79	22	4	1789681864425221120
6023	79	23	4	1789681864425221120
6024	79	24	4	1789681864425221120
6025	79	25	4	1789681864425222144
6026	79	26	4	1789681864425222144
6027	79	27	4	1789681864425221120
6028	79	28	4	1789681864425222144
6029	79	29	4	1789681864425222144
6030	79	30	4	1789681864425221120
6031	79	31	4	1789681864425221120
6032	80	0	4	1789681864425227264
6033	80	1	4	1789681864425227264
6034	80	2	4	1789681864425227264
6035	80	3	4	1789681864425227264
6036	80	4	4	1789681864425227264
6037	80	5	4	1789681864425227264
6038	80	6	4	1789681864425228288
6039	80	7	4	1789681864425227264
6040	80	8	4	1789681864425227264
6041	80	9	4	1789681864425227264
6042	80	10	4	1789681864425227264
6043	80	11	4	1789681864425228288
6044	80	12	4	1789681864425227264
6045	80	13	4	1789681864425227264
6046	80	14	4	1789681864425226240
6047	80	15	4	1789681864425226240
6048	80	16	4	1789681864425227264
6049	80	17	4	1789681864425226240
6050	80	18	4	1789681864425226240
6051	80	19	4	1789681864425227264
6052	80	20	4	1789681864425226240
6053	80	21	4	1789681864425226240
6054	80	22	4	1789681864425226240
6055	80	23	4	1789681864425226240
6056	80	24	4	1789681864425227264
6057	80	25	4	1789681864425227264
6058	80	26	4	1789681864425227264
6059	80	27	4	1789681864425227264
6060	80	28	4	1789681864425227264
6061	80	29	4	1789681864425227264
6062	80	30	4	1789681864425227264
6063	80	31	4	1789681864425227264
6064	81	0	4	1789681864425236480
6065	81	1	4	1789681864425236480
6066	81	2	4	1789681864425236480
6067	81	3	4	1789681864425236480
6068	81	4	4	1789681864425237504
6069	81	5	4	1789681864425236480
6070	81	6	4	1789681864425237504
6071	81	7	4	1789681864425236480
6072	81	8	4	1789681864425236480
6073	81	9	4	1789681864425236480
6074	81	10	4	1789681864425236480
6075	81	11	4	1789681864425236480
6076	81	12	4	1789681864425236480
6077	81	13	4	1789681864425236480
6078	81	14	4	1789681864425236480
6079	81	15	4	1789681864425236480
6080	81	16	4	1789681864425236480
6081	81	17	4	1789681864425236480
6082	81	18	4	1789681864425236480
6083	81	19	4	1789681864425236480
6084	81	20	4	1789681864425236480
6085	81	21	4	1789681864425236480
6086	81	22	4	1789681864425236480
6087	81	23	4	1789681864425236480
6088	81	24	4	1789681864425236480
6089	81	25	4	1789681864425236480
6090	81	26	4	1789681864425237504
6091	81	27	4	1789681864425236480
6092	81	28	4	1789681864425236480
6093	81	29	4	1789681864425236480
6094	81	30	4	1789681864425236480
6095	81	31	4	1789681864425236480
6096	81	32	4	1789681864425236480
6097	81	33	4	1789681864425235456
6098	81	34	4	1789681864425235456
6099	81	35	4	1789681864425235456
6100	81	36	4	1789681864425235456
6101	81	37	4	1789681864425235456
6102	81	38	4	1789681864425235456
6103	81	39	4	1789681864425236480
6104	81	40	4	1789681864425236480
6105	81	41	4	1789681864425235456
6106	81	42	4	1789681864425235456
6107	81	43	4	1789681864425236480
6108	81	44	4	1789681864425235456
6109	81	45	4	1789681864425236480
6110	81	46	4	1789681864425235456
6111	81	47	4	1789681864425235456
6112	81	48	4	1789681864425236480
6113	81	49	4	1789681864425236480
6114	81	50	4	1789681864425235456
6115	81	51	4	1789681864425235456
6116	81	52	4	1789681864425235456
6117	81	53	4	1789681864425235456
6118	81	54	4	1789681864425235456
6119	81	55	4	1789681864425235456
6120	81	56	4	1789681864425235456
6121	81	57	4	1789681864425235456
6122	81	58	4	1789681864425235456
6123	81	59	4	1789681864425235456
6124	81	60	4	1789681864425235456
6125	81	61	4	1789681864425235456
6126	81	62	4	1789681864425235456
6127	81	63	4	1789681864425235456
6128	81	64	4	1789681864425235456
6129	81	65	4	1789681864425235456
6130	81	66	4	1789681864425235456
6131	81	67	4	1789681864425235456
6132	81	68	4	1789681864425235456
6133	81	69	4	1789681864425235456
6134	81	70	4	1789681864425235456
6135	81	71	4	1789681864425235456
6136	81	72	4	1789681864425235456
6137	81	73	4	1789681864425235456
6138	81	74	4	1789681864425236480
6139	81	75	4	1789681864425236480
6140	81	76	4	1789681864425236480
6141	81	77	4	1789681864425237504
6142	81	78	4	1789681864425236480
6143	81	79	4	1789681864425236480
6144	81	80	4	1789681864425236480
6145	81	81	4	1789681864425236480
6146	81	82	4	1789681864425236480
6147	81	83	4	1789681864425236480
6148	81	84	4	1789681864425236480
6149	81	85	4	1789681864425236480
6150	81	86	4	1789681864425236480
6151	81	87	4	1789681864425236480
6152	81	88	4	1789681864425236480
6153	81	89	4	1789681864425236480
6154	81	90	4	1789681864425236480
6155	81	91	4	1789681864425236480
6156	81	92	4	1789681864425236480
6157	81	93	4	1789681864425236480
6158	81	94	4	1789681864425236480
6159	81	95	4	1789681864425236480
6160	81	96	4	1789681864425237504
6161	81	97	4	1789681864425237504
6162	81	98	4	1789681864425237504
6163	81	99	4	1789681864425237504
6164	81	100	4	1789681864425237504
6165	81	101	4	1789681864425237504
6166	81	102	4	1789681864425237504
6167	81	103	4	1789681864425237504
6168	81	104	4	1789681864425237504
6169	81	105	4	1789681864425237504
6170	81	106	4	1789681864425237504
6171	81	107	4	1789681864425237504
6172	81	108	4	1789681864425237504
6173	81	109	4	1789681864425237504
6174	81	110	4	1789681864425237504
6175	81	111	4	1789681864425237504
6176	81	112	4	1789681864425237504
6177	81	113	4	1789681864425237504
6178	81	114	4	1789681864425237504
6179	81	115	4	1789681864425237504
6180	81	116	4	1789681864425237504
6181	81	117	4	1789681864425237504
6182	81	118	4	1789681864425237504
6183	81	119	4	1789681864425237504
6184	81	120	4	1789681864425237504
6185	81	121	4	1789681864425237504
6186	81	122	4	1789681864425237504
6187	81	123	4	1789681864425237504
6188	81	124	4	1789681864425237504
6189	81	125	4	1789681864425237504
6190	81	126	4	1789681864425236480
6191	81	127	4	1789681864425237504
6192	81	128	4	1789681864425244672
6193	81	129	4	1789681864425244672
6194	81	130	4	1789681864425244672
6195	81	131	4	1789681864425244672
6196	81	132	4	1789681864425244672
6197	81	133	4	1789681864425244672
6198	81	134	4	1789681864425245696
6199	81	135	4	1789681864425243648
6200	81	136	4	1789681864425244672
6201	81	137	4	1789681864425245696
6202	81	138	4	1789681864425244672
6203	81	139	4	1789681864425245696
6204	81	140	4	1789681864425244672
6205	81	141	4	1789681864425244672
6206	81	142	4	1789681864425244672
6207	81	143	4	1789681864425244672
6208	81	144	4	1789681864425243648
6209	81	145	4	1789681864425244672
6210	81	146	4	1789681864425244672
6211	81	147	4	1789681864425245696
6212	81	148	4	1789681864425244672
6213	81	149	4	1789681864425244672
6214	81	150	4	1789681864425245696
6215	81	151	4	1789681864425244672
6216	81	152	4	1789681864425244672
6217	81	153	4	1789681864425244672
6218	81	154	4	1789681864425244672
6219	81	155	4	1789681864425245696
6220	81	156	4	1789681864425245696
6221	81	157	4	1789681864425245696
6222	81	158	4	1789681864425244672
6223	81	159	4	1789681864425245696
6224	81	160	4	1789681864425244672
6225	81	161	4	1789681864425243648
6226	81	162	4	1789681864425243648
6227	81	163	4	1789681864425243648
6228	81	164	4	1789681864425243648
6229	81	165	4	1789681864425243648
6230	81	166	4	1789681864425243648
6231	81	167	4	1789681864425243648
6232	81	168	4	1789681864425243648
6233	81	169	4	1789681864425243648
6234	81	170	4	1789681864425243648
6235	81	171	4	1789681864425243648
6236	81	172	4	1789681864425243648
6237	81	173	4	1789681864425243648
6238	81	174	4	1789681864425244672
6239	81	175	4	1789681864425242624
6240	81	176	4	1789681864425243648
6241	81	177	4	1789681864425243648
6242	81	178	4	1789681864425243648
6243	81	179	4	1789681864425243648
6244	81	180	4	1789681864425243648
6245	81	181	4	1789681864425243648
6246	81	182	4	1789681864425243648
6247	81	183	4	1789681864425242624
6248	81	184	4	1789681864425243648
6249	81	185	4	1789681864425243648
6250	81	186	4	1789681864425243648
6251	81	187	4	1789681864425243648
6252	81	188	4	1789681864425243648
6253	81	189	4	1789681864425243648
6254	81	190	4	1789681864425243648
6255	81	191	4	1789681864425243648
6256	81	192	4	1789681864425242624
6257	81	193	4	1789681864425242624
6258	81	194	4	1789681864425242624
6259	81	195	4	1789681864425241600
6260	81	196	4	1789681864425242624
6261	81	197	4	1789681864425243648
6262	81	198	4	1789681864425243648
6263	81	199	4	1789681864425243648
6264	81	200	4	1789681864425243648
6265	81	201	4	1789681864425243648
6266	81	202	4	1789681864425244672
6267	81	203	4	1789681864425244672
6268	81	204	4	1789681864425245696
6269	81	205	4	1789681864425245696
6270	81	206	4	1789681864425245696
6271	81	207	4	1789681864425244672
6272	81	208	4	1789681864425244672
6273	81	209	4	1789681864425245696
6274	81	210	4	1789681864425244672
6275	81	211	4	1789681864425244672
6276	81	212	4	1789681864425245696
6277	81	213	4	1789681864425244672
6278	81	214	4	1789681864425244672
6279	81	215	4	1789681864425245696
6280	81	216	4	1789681864425246720
6281	81	217	4	1789681864425244672
6282	81	218	4	1789681864425245696
6283	81	219	4	1789681864425244672
6284	81	220	4	1789681864425244672
6285	81	221	4	1789681864425244672
6286	81	222	4	1789681864425244672
6287	81	223	4	1789681864425244672
6288	81	224	4	1789681864425248768
6289	81	225	4	1789681864425248768
6290	81	226	4	1789681864425246720
6291	81	227	4	1789681864425247744
6292	81	228	4	1789681864425247744
6293	81	229	4	1789681864425247744
6294	81	230	4	1789681864425247744
6295	81	231	4	1789681864425246720
6296	81	232	4	1789681864425247744
6297	81	233	4	1789681864425247744
6298	81	234	4	1789681864425247744
6299	81	235	4	1789681864425246720
6300	81	236	4	1789681864425247744
6301	81	237	4	1789681864425245696
6302	81	238	4	1789681864425247744
6303	81	239	4	1789681864425247744
6304	81	240	4	1789681864425249792
6305	81	241	4	1789681864425248768
6306	81	242	4	1789681864425247744
6307	81	243	4	1789681864425248768
6308	81	244	4	1789681864425247744
6309	81	245	4	1789681864425247744
6310	81	246	4	1789681864425246720
6311	81	247	4	1789681864425246720
6312	81	248	4	1789681864425248768
6313	81	249	4	1789681864425247744
6314	81	250	4	1789681864425246720
6315	81	251	4	1789681864425246720
6316	81	252	4	1789681864425247744
6317	81	253	4	1789681864425246720
6318	81	254	4	1789681864425245696
6319	81	255	4	1789681864425248768
6320	82	0	4	1789681864425264128
6321	82	1	4	1789681864425263104
6322	82	2	4	1789681864425263104
6323	82	3	4	1789681864425263104
6324	82	4	4	1789681864425264128
6325	82	5	4	1789681864425264128
6326	82	6	4	1789681864425263104
6327	82	7	4	1789681864425262080
6328	82	8	4	1789681864425263104
6329	82	9	4	1789681864425263104
6330	82	10	4	1789681864425262080
6331	82	11	4	1789681864425262080
6332	82	12	4	1789681864425264128
6333	82	13	4	1789681864425264128
6334	82	14	4	1789681864425262080
6335	82	15	4	1789681864425262080
6336	82	16	4	1789681864425263104
6337	82	17	4	1789681864425263104
6338	82	18	4	1789681864425263104
6339	82	19	4	1789681864425263104
6340	82	20	4	1789681864425262080
6341	82	21	4	1789681864425264128
6342	82	22	4	1789681864425263104
6343	82	23	4	1789681864425262080
6344	82	24	4	1789681864425262080
6345	82	25	4	1789681864425264128
6346	82	26	4	1789681864425263104
6347	82	27	4	1789681864425263104
6348	82	28	4	1789681864425262080
6349	82	29	4	1789681864425265152
6350	82	30	4	1789681864425262080
6351	82	31	4	1789681864425264128
6352	82	32	4	1789681864425262080
6353	82	33	4	1789681864425262080
6354	82	34	4	1789681864425261056
6355	82	35	4	1789681864425262080
6356	82	36	4	1789681864425261056
6357	82	37	4	1789681864425262080
6358	82	38	4	1789681864425261056
6359	82	39	4	1789681864425261056
6360	82	40	4	1789681864425262080
6361	82	41	4	1789681864425262080
6362	82	42	4	1789681864425262080
6363	82	43	4	1789681864425263104
6364	82	44	4	1789681864425262080
6365	82	45	4	1789681864425261056
6366	82	46	4	1789681864425262080
6367	82	47	4	1789681864425261056
6368	82	48	4	1789681864425262080
6369	82	49	4	1789681864425262080
6370	82	50	4	1789681864425262080
6371	82	51	4	1789681864425261056
6372	82	52	4	1789681864425261056
6373	82	53	4	1789681864425261056
6374	82	54	4	1789681864425261056
6375	82	55	4	1789681864425261056
6376	82	56	4	1789681864425261056
6377	82	57	4	1789681864425262080
6378	82	58	4	1789681864425261056
6379	82	59	4	1789681864425263104
6380	82	60	4	1789681864425262080
6381	82	61	4	1789681864425262080
6382	82	62	4	1789681864425262080
6383	82	63	4	1789681864425261056
6384	83	0	4	1789681864425252864
6385	83	1	4	1789681864425252864
6386	83	2	4	1789681864425250816
6387	83	3	4	1789681864425251840
6388	83	4	4	1789681864425252864
6389	83	5	4	1789681864425252864
6390	83	6	4	1789681864425252864
6391	83	7	4	1789681864425251840
6392	83	8	4	1789681864425251840
6393	83	9	4	1789681864425252864
6394	83	10	4	1789681864425251840
6395	83	11	4	1789681864425252864
6396	83	12	4	1789681864425252864
6397	83	13	4	1789681864425252864
6398	83	14	4	1789681864425251840
6399	83	15	4	1789681864425252864
6400	83	16	4	1789681864425251840
6401	83	17	4	1789681864425250816
6402	83	18	4	1789681864425251840
6403	83	19	4	1789681864425252864
6404	83	20	4	1789681864425251840
6405	83	21	4	1789681864425252864
6406	83	22	4	1789681864425252864
6407	83	23	4	1789681864425251840
6408	83	24	4	1789681864425250816
6409	83	25	4	1789681864425251840
6410	83	26	4	1789681864425251840
6411	83	27	4	1789681864425252864
6412	83	28	4	1789681864425251840
6413	83	29	4	1789681864425253888
6414	83	30	4	1789681864425250816
6415	83	31	4	1789681864425252864
6416	83	32	4	1789681864425251840
6417	83	33	4	1789681864425249792
6418	83	34	4	1789681864425249792
6419	83	35	4	1789681864425249792
6420	83	36	4	1789681864425249792
6421	83	37	4	1789681864425249792
6422	83	38	4	1789681864425249792
6423	83	39	4	1789681864425250816
6424	83	40	4	1789681864425250816
6425	83	41	4	1789681864425249792
6426	83	42	4	1789681864425249792
6427	83	43	4	1789681864425249792
6428	83	44	4	1789681864425249792
6429	83	45	4	1789681864425249792
6430	83	46	4	1789681864425250816
6431	83	47	4	1789681864425249792
6432	83	48	4	1789681864425249792
6433	83	49	4	1789681864425249792
6434	83	50	4	1789681864425249792
6435	83	51	4	1789681864425248768
6436	83	52	4	1789681864425250816
6437	83	53	4	1789681864425249792
6438	83	54	4	1789681864425249792
6439	83	55	4	1789681864425249792
6440	83	56	4	1789681864425249792
6441	83	57	4	1789681864425249792
6442	83	58	4	1789681864425249792
6443	83	59	4	1789681864425250816
6444	83	60	4	1789681864425249792
6445	83	61	4	1789681864425249792
6446	83	62	4	1789681864425249792
6447	83	63	4	1789681864425249792
6448	83	64	4	1789681864425248768
6449	83	65	4	1789681864425248768
6450	83	66	4	1789681864425248768
6451	83	67	4	1789681864425247744
6452	83	68	4	1789681864425248768
6453	83	69	4	1789681864425249792
6454	83	70	4	1789681864425249792
6455	83	71	4	1789681864425250816
6456	83	72	4	1789681864425249792
6457	83	73	4	1789681864425249792
6458	83	74	4	1789681864425251840
6459	83	75	4	1789681864425252864
6460	83	76	4	1789681864425251840
6461	83	77	4	1789681864425252864
6462	83	78	4	1789681864425251840
6463	83	79	4	1789681864425252864
6464	83	80	4	1789681864425251840
6465	83	81	4	1789681864425252864
6466	83	82	4	1789681864425252864
6467	83	83	4	1789681864425251840
6468	83	84	4	1789681864425252864
6469	83	85	4	1789681864425251840
6470	83	86	4	1789681864425251840
6471	83	87	4	1789681864425252864
6472	83	88	4	1789681864425252864
6473	83	89	4	1789681864425252864
6474	83	90	4	1789681864425252864
6475	83	91	4	1789681864425252864
6476	83	92	4	1789681864425251840
6477	83	93	4	1789681864425251840
6478	83	94	4	1789681864425251840
6479	83	95	4	1789681864425252864
6480	83	96	4	1789681864425255936
6481	83	97	4	1789681864425255936
6482	83	98	4	1789681864425254912
6483	83	99	4	1789681864425254912
6484	83	100	4	1789681864425255936
6485	83	101	4	1789681864425255936
6486	83	102	4	1789681864425254912
6487	83	103	4	1789681864425254912
6488	83	104	4	1789681864425254912
6489	83	105	4	1789681864425254912
6490	83	106	4	1789681864425254912
6491	83	107	4	1789681864425253888
6492	83	108	4	1789681864425255936
6493	83	109	4	1789681864425253888
6494	83	110	4	1789681864425254912
6495	83	111	4	1789681864425254912
6496	83	112	4	1789681864425256960
6497	83	113	4	1789681864425255936
6498	83	114	4	1789681864425254912
6499	83	115	4	1789681864425256960
6500	83	116	4	1789681864425254912
6501	83	117	4	1789681864425254912
6502	83	118	4	1789681864425254912
6503	83	119	4	1789681864425254912
6504	83	120	4	1789681864425255936
6505	83	121	4	1789681864425255936
6506	83	122	4	1789681864425254912
6507	83	123	4	1789681864425253888
6508	83	124	4	1789681864425254912
6509	83	125	4	1789681864425254912
6510	83	126	4	1789681864425253888
6511	83	127	4	1789681864425255936
6512	83	128	4	1789681864425257984
6513	83	129	4	1789681864425257984
6514	83	130	4	1789681864425257984
6515	83	131	4	1789681864425257984
6516	83	132	4	1789681864425259008
6517	83	133	4	1789681864425257984
6518	83	134	4	1789681864425257984
6519	83	135	4	1789681864425257984
6520	83	136	4	1789681864425257984
6521	83	137	4	1789681864425257984
6522	83	138	4	1789681864425256960
6523	83	139	4	1789681864425257984
6524	83	140	4	1789681864425259008
6525	83	141	4	1789681864425257984
6526	83	142	4	1789681864425257984
6527	83	143	4	1789681864425257984
6528	83	144	4	1789681864425256960
6529	83	145	4	1789681864425256960
6530	83	146	4	1789681864425257984
6531	83	147	4	1789681864425257984
6532	83	148	4	1789681864425256960
6533	83	149	4	1789681864425257984
6534	83	150	4	1789681864425257984
6535	83	151	4	1789681864425256960
6536	83	152	4	1789681864425256960
6537	83	153	4	1789681864425257984
6538	83	154	4	1789681864425257984
6539	83	155	4	1789681864425257984
6540	83	156	4	1789681864425256960
6541	83	157	4	1789681864425259008
6542	83	158	4	1789681864425256960
6543	83	159	4	1789681864425257984
6544	83	160	4	1789681864425256960
6545	83	161	4	1789681864425255936
6546	83	162	4	1789681864425254912
6547	83	163	4	1789681864425255936
6548	83	164	4	1789681864425255936
6549	83	165	4	1789681864425255936
6550	83	166	4	1789681864425255936
6551	83	167	4	1789681864425255936
6552	83	168	4	1789681864425255936
6553	83	169	4	1789681864425255936
6554	83	170	4	1789681864425255936
6555	83	171	4	1789681864425256960
6556	83	172	4	1789681864425255936
6557	83	173	4	1789681864425255936
6558	83	174	4	1789681864425256960
6559	83	175	4	1789681864425254912
6560	83	176	4	1789681864425255936
6561	83	177	4	1789681864425255936
6562	83	178	4	1789681864425255936
6563	83	179	4	1789681864425254912
6564	83	180	4	1789681864425255936
6565	83	181	4	1789681864425255936
6566	83	182	4	1789681864425255936
6567	83	183	4	1789681864425254912
6568	83	184	4	1789681864425255936
6569	83	185	4	1789681864425255936
6570	83	186	4	1789681864425254912
6571	83	187	4	1789681864425256960
6572	83	188	4	1789681864425255936
6573	83	189	4	1789681864425255936
6574	83	190	4	1789681864425255936
6575	83	191	4	1789681864425254912
6576	83	192	4	1789681864425254912
6577	83	193	4	1789681864425254912
6578	83	194	4	1789681864425253888
6579	83	195	4	1789681864425253888
6580	83	196	4	1789681864425253888
6581	83	197	4	1789681864425255936
6582	83	198	4	1789681864425255936
6583	83	199	4	1789681864425256960
6584	83	200	4	1789681864425255936
6585	83	201	4	1789681864425255936
6586	83	202	4	1789681864425256960
6587	83	203	4	1789681864425257984
6588	83	204	4	1789681864425257984
6589	83	205	4	1789681864425257984
6590	83	206	4	1789681864425257984
6591	83	207	4	1789681864425257984
6592	83	208	4	1789681864425257984
6593	83	209	4	1789681864425259008
6594	83	210	4	1789681864425257984
6595	83	211	4	1789681864425256960
6596	83	212	4	1789681864425257984
6597	83	213	4	1789681864425256960
6598	83	214	4	1789681864425257984
6599	83	215	4	1789681864425257984
6600	83	216	4	1789681864425257984
6601	83	217	4	1789681864425257984
6602	83	218	4	1789681864425257984
6603	83	219	4	1789681864425257984
6604	83	220	4	1789681864425257984
6605	83	221	4	1789681864425257984
6606	83	222	4	1789681864425256960
6607	83	223	4	1789681864425257984
6608	83	224	4	1789681864425261056
6609	83	225	4	1789681864425260032
6610	83	226	4	1789681864425259008
6611	83	227	4	1789681864425260032
6612	83	228	4	1789681864425260032
6613	83	229	4	1789681864425261056
6614	83	230	4	1789681864425260032
6615	83	231	4	1789681864425259008
6616	83	232	4	1789681864425260032
6617	83	233	4	1789681864425260032
6618	83	234	4	1789681864425260032
6619	83	235	4	1789681864425259008
6620	83	236	4	1789681864425260032
6621	83	237	4	1789681864425257984
6622	83	238	4	1789681864425260032
6623	83	239	4	1789681864425260032
6624	83	240	4	1789681864425261056
6625	83	241	4	1789681864425261056
6626	83	242	4	1789681864425259008
6627	83	243	4	1789681864425261056
6628	83	244	4	1789681864425259008
6629	83	245	4	1789681864425259008
6630	83	246	4	1789681864425259008
6631	83	247	4	1789681864425259008
6632	83	248	4	1789681864425261056
6633	83	249	4	1789681864425260032
6634	83	250	4	1789681864425259008
6635	83	251	4	1789681864425259008
6636	83	252	4	1789681864425259008
6637	83	253	4	1789681864425259008
6638	83	254	4	1789681864425259008
6639	83	255	4	1789681864425260032
6640	84	0	4	1789681864425261056
6641	84	1	4	1789681864425261056
6642	84	2	4	1789681864425260032
6643	84	3	4	1789681864425259008
6644	84	4	4	1789681864425260032
6645	84	5	4	1789681864425262080
6646	84	6	4	1789681864425261056
6647	84	7	4	1789681864425262080
6648	84	8	4	1789681864425261056
6649	84	9	4	1789681864425262080
6650	84	10	4	1789681864425262080
6651	84	11	4	1789681864425263104
6652	84	12	4	1789681864425263104
6653	84	13	4	1789681864425263104
6654	84	14	4	1789681864425263104
6655	84	15	4	1789681864425263104
6656	84	16	4	1789681864425264128
6657	84	17	4	1789681864425264128
6658	84	18	4	1789681864425263104
6659	84	19	4	1789681864425263104
6660	84	20	4	1789681864425264128
6661	84	21	4	1789681864425263104
6662	84	22	4	1789681864425262080
6663	84	23	4	1789681864425262080
6664	84	24	4	1789681864425264128
6665	84	25	4	1789681864425264128
6666	84	26	4	1789681864425263104
6667	84	27	4	1789681864425263104
6668	84	28	4	1789681864425263104
6669	84	29	4	1789681864425262080
6670	84	30	4	1789681864425262080
6671	84	31	4	1789681864425263104
6672	84	32	4	1789681864425266176
6673	84	33	4	1789681864425265152
6674	84	34	4	1789681864425265152
6675	84	35	4	1789681864425264128
6676	84	36	4	1789681864425266176
6677	84	37	4	1789681864425266176
6678	84	38	4	1789681864425265152
6679	84	39	4	1789681864425264128
6680	84	40	4	1789681864425265152
6681	84	41	4	1789681864425266176
6682	84	42	4	1789681864425264128
6683	84	43	4	1789681864425264128
6684	84	44	4	1789681864425265152
6685	84	45	4	1789681864425263104
6686	84	46	4	1789681864425264128
6687	84	47	4	1789681864425265152
6688	84	48	4	1789681864425267200
6689	84	49	4	1789681864425266176
6690	84	50	4	1789681864425264128
6691	84	51	4	1789681864425266176
6692	84	52	4	1789681864425264128
6693	84	53	4	1789681864425264128
6694	84	54	4	1789681864425264128
6695	84	55	4	1789681864425264128
6696	84	56	4	1789681864425266176
6697	84	57	4	1789681864425265152
6698	84	58	4	1789681864425264128
6699	84	59	4	1789681864425264128
6700	84	60	4	1789681864425266176
6701	84	61	4	1789681864425264128
6702	84	62	4	1789681864425264128
6703	84	63	4	1789681864425265152
6704	85	0	4	1789681864425270272
6705	85	1	4	1789681864425270272
6706	85	2	4	1789681864425270272
6707	85	3	4	1789681864425270272
6708	85	4	4	1789681864425271296
6709	85	5	4	1789681864425270272
6710	85	6	4	1789681864425270272
6711	85	7	4	1789681864425269248
6712	85	8	4	1789681864425271296
6713	85	9	4	1789681864425271296
6714	85	10	4	1789681864425270272
6715	85	11	4	1789681864425271296
6716	85	12	4	1789681864425272320
6717	85	13	4	1789681864425271296
6718	85	14	4	1789681864425270272
6719	85	15	4	1789681864425270272
6720	85	16	4	1789681864425272320
6721	85	17	4	1789681864425272320
6722	85	18	4	1789681864425272320
6723	85	19	4	1789681864425272320
6724	85	20	4	1789681864425272320
6725	85	21	4	1789681864425272320
6726	85	22	4	1789681864425272320
6727	85	23	4	1789681864425272320
6728	85	24	4	1789681864425273344
6729	85	25	4	1789681864425273344
6730	85	26	4	1789681864425273344
6731	85	27	4	1789681864425273344
6732	85	28	4	1789681864425273344
6733	85	29	4	1789681864425273344
6734	85	30	4	1789681864425273344
6735	85	31	4	1789681864425273344
6736	86	0	4	1789681864425282560
6737	86	1	4	1789681864425282560
6738	86	2	4	1789681864425282560
6739	86	3	4	1789681864425282560
6740	86	4	4	1789681864425283584
6741	86	5	4	1789681864425282560
6742	86	6	4	1789681864425282560
6743	86	7	4	1789681864425282560
6744	86	8	4	1789681864425282560
6745	86	9	4	1789681864425282560
6746	86	10	4	1789681864425282560
6747	86	11	4	1789681864425282560
6748	86	12	4	1789681864425283584
6749	86	13	4	1789681864425283584
6750	86	14	4	1789681864425282560
6751	86	15	4	1789681864425282560
6752	86	16	4	1789681864425281536
6753	86	17	4	1789681864425281536
6754	86	18	4	1789681864425281536
6755	86	19	4	1789681864425281536
6756	86	20	4	1789681864425281536
6757	86	21	4	1789681864425280512
6758	86	22	4	1789681864425280512
6759	86	23	4	1789681864425281536
6760	86	24	4	1789681864425281536
6761	86	25	4	1789681864425281536
6762	86	26	4	1789681864425280512
6763	86	27	4	1789681864425281536
6764	86	28	4	1789681864425281536
6765	86	29	4	1789681864425281536
6766	86	30	4	1789681864425281536
6767	86	31	4	1789681864425280512
6768	86	32	4	1789681864425281536
6769	86	33	4	1789681864425281536
6770	86	34	4	1789681864425281536
6771	86	35	4	1789681864425282560
6772	86	36	4	1789681864425282560
6773	86	37	4	1789681864425281536
6774	86	38	4	1789681864425282560
6775	86	39	4	1789681864425281536
6776	86	40	4	1789681864425281536
6777	86	41	4	1789681864425281536
6778	86	42	4	1789681864425281536
6779	86	43	4	1789681864425281536
6780	86	44	4	1789681864425281536
6781	86	45	4	1789681864425281536
6782	86	46	4	1789681864425281536
6783	86	47	4	1789681864425282560
6784	86	48	4	1789681864425280512
6785	86	49	4	1789681864425280512
6786	86	50	4	1789681864425280512
6787	86	51	4	1789681864425280512
6788	86	52	4	1789681864425280512
6789	86	53	4	1789681864425282560
6790	86	54	4	1789681864425281536
6791	86	55	4	1789681864425282560
6792	86	56	4	1789681864425282560
6793	86	57	4	1789681864425282560
6794	86	58	4	1789681864425282560
6795	86	59	4	1789681864425282560
6796	86	60	4	1789681864425282560
6797	86	61	4	1789681864425282560
6798	86	62	4	1789681864425282560
6799	86	63	4	1789681864425282560
6800	86	64	4	1789681864425282560
6801	86	65	4	1789681864425283584
6802	86	66	4	1789681864425283584
6803	86	67	4	1789681864425283584
6804	86	68	4	1789681864425283584
6805	86	69	4	1789681864425283584
6806	86	70	4	1789681864425283584
6807	86	71	4	1789681864425283584
6808	86	72	4	1789681864425284608
6809	86	73	4	1789681864425284608
6810	86	74	4	1789681864425284608
6811	86	75	4	1789681864425284608
6812	86	76	4	1789681864425285632
6813	86	77	4	1789681864425285632
6814	86	78	4	1789681864425284608
6815	86	79	4	1789681864425284608
6816	86	80	4	1789681864425282560
6817	86	81	4	1789681864425283584
6818	86	82	4	1789681864425283584
6819	86	83	4	1789681864425283584
6820	86	84	4	1789681864425283584
6821	86	85	4	1789681864425283584
6822	86	86	4	1789681864425283584
6823	86	87	4	1789681864425283584
6824	86	88	4	1789681864425283584
6825	86	89	4	1789681864425283584
6826	86	90	4	1789681864425283584
6827	86	91	4	1789681864425283584
6828	86	92	4	1789681864425283584
6829	86	93	4	1789681864425283584
6830	86	94	4	1789681864425283584
6831	86	95	4	1789681864425283584
6832	86	96	4	1789681864425284608
6833	86	97	4	1789681864425284608
6834	86	98	4	1789681864425283584
6835	86	99	4	1789681864425284608
6836	86	100	4	1789681864425284608
6837	86	101	4	1789681864425284608
6838	86	102	4	1789681864425284608
6839	86	103	4	1789681864425284608
6840	86	104	4	1789681864425285632
6841	86	105	4	1789681864425286656
6842	86	106	4	1789681864425285632
6843	86	107	4	1789681864425283584
6844	86	108	4	1789681864425283584
6845	86	109	4	1789681864425283584
6846	86	110	4	1789681864425283584
6847	86	111	4	1789681864425283584
6848	86	112	4	1789681864425284608
6849	86	113	4	1789681864425283584
6850	86	114	4	1789681864425284608
6851	86	115	4	1789681864425284608
6852	86	116	4	1789681864425284608
6853	86	117	4	1789681864425284608
6854	86	118	4	1789681864425284608
6855	86	119	4	1789681864425284608
6856	86	120	4	1789681864425284608
6857	86	121	4	1789681864425284608
6858	86	122	4	1789681864425284608
6859	86	123	4	1789681864425284608
6860	86	124	4	1789681864425284608
6861	86	125	4	1789681864425284608
6862	86	126	4	1789681864425284608
6863	86	127	4	1789681864425284608
