event_index	stage	group	fanin	publish_ns
0	0	4294967295	0	0
1	1	4294967295	0	0
2	2	4294967295	0	0
3	3	4294967295	0	0
4	4	4294967295	0	0
5	5	4294967295	0	0
6	6	4294967295	0	0
7	7	4294967295	0	0
8	8	4294967295	0	0
9	9	4294967295	0	0
10	10	4294967295	0	0
11	11	4294967295	0	0
12	12	4294967295	0	0
13	13	4294967295	0	0
14	14	4294967295	0	0
15	15	4294967295	0	0
16	16	4294967295	0	0
17	17	4294967295	0	0
18	18	4294967295	0	0
19	19	4294967295	0	0
20	20	4294967295	0	0
21	21	4294967295	0	0
22	22	4294967295	0	0
23	23	4294967295	0	0
24	24	4294967295	0	0
25	25	4294967295	0	0
26	26	4294967295	0	0
27	27	4294967295	0	0
28	28	4294967295	0	0
29	29	4294967295	0	0
30	30	4294967295	0	0
31	31	4294967295	0	0
32	32	4294967295	0	0
33	33	4294967295	0	0
34	34	4294967295	0	0
35	35	4294967295	0	0
36	36	4294967295	0	0
37	37	4294967295	0	0
38	38	4294967295	0	0
39	39	4294967295	0	0
40	40	4294967295	0	0
41	41	4294967295	0	0
42	42	4294967295	0	0
43	43	4294967295	0	0
44	44	4294967295	0	0
45	45	4294967295	0	0
46	46	4294967295	0	0
47	47	4294967295	0	0
48	48	4294967295	0	0
49	49	4294967295	0	0
50	50	4294967295	0	0
51	51	4294967295	0	0
52	52	4294967295	0	0
53	53	4294967295	0	0
54	54	4294967295	0	0
55	55	4294967295	0	0
56	56	4294967295	0	0
57	57	4294967295	0	0
58	58	4294967295	0	0
59	59	4294967295	0	0
60	0	0	1	1789394734233067520
61	0	1	1	1789394734233067520
62	0	2	1	1789394734233067520
63	0	3	1	1789394734233066496
64	0	4	1	1789394734233066496
65	0	5	1	1789394734233067520
66	0	6	1	1789394734233067520
67	0	7	1	1789394734233066496
68	0	8	1	1789394734233066496
69	0	9	1	1789394734233066496
70	0	10	1	1789394734233066496
71	0	11	1	1789394734233067520
72	0	12	1	1789394734233067520
73	0	13	1	1789394734233066496
74	0	14	1	1789394734233066496
75	0	15	1	1789394734233066496
76	0	16	1	1789394734233067520
77	0	17	1	1789394734233067520
78	0	18	1	1789394734233066496
79	0	19	1	1789394734233066496
80	0	20	1	1789394734233066496
81	0	21	1	1789394734233066496
82	0	22	1	1789394734233066496
83	0	23	1	1789394734233066496
84	0	24	1	1789394734233066496
85	0	25	1	1789394734233066496
86	0	26	1	1789394734233066496
87	0	27	1	1789394734233066496
88	0	28	1	1789394734233066496
89	0	29	1	1789394734233066496
90	0	30	1	1789394734233066496
91	0	31	1	1789394734233066496
92	0	32	1	1789394734233066496
93	0	33	1	1789394734233067520
94	0	34	1	1789394734233067520
95	0	35	1	1789394734233066496
96	0	36	1	1789394734233066496
97	0	37	1	1789394734233066496
98	0	38	1	1789394734233067520
99	0	39	1	1789394734233067520
100	0	40	1	1789394734233066496
101	0	41	1	1789394734233066496
102	0	42	1	1789394734233066496
103	0	43	1	1789394734233066496
104	0	44	1	1789394734233067520
105	0	45	1	1789394734233067520
106	0	46	1	1789394734233066496
107	0	47	1	1789394734233066496
108	0	48	1	1789394734233066496
109	0	49	1	1789394734233067520
110	0	50	1	1789394734233067520
111	0	51	1	1789394734233066496
112	0	52	1	1789394734233066496
113	0	53	1	1789394734233066496
114	0	54	1	1789394734233066496
115	0	55	1	1789394734233066496
116	0	56	1	1789394734233066496
117	0	57	1	1789394734233066496
118	0	58	1	1789394734233066496
119	0	59	1	1789394734233066496
120	0	60	1	1789394734233066496
121	0	61	1	1789394734233067520
122	0	62	1	1789394734233066496
123	0	63	1	1789394734233066496
124	0	64	1	1789394734233067520
125	0	65	1	1789394734233067520
126	0	66	1	1789394734233067520
127	0	67	1	1789394734233066496
128	0	68	1	1789394734233066496
129	0	69	1	1789394734233067520
130	0	70	1	1789394734233067520
131	0	71	1	1789394734233067520
132	0	72	1	1789394734233066496
133	0	73	1	1789394734233066496
134	0	74	1	1789394734233066496
135	0	75	1	1789394734233067520
136	0	76	1	1789394734233067520
137	0	77	1	1789394734233066496
138	0	78	1	1789394734233066496
139	0	79	1	1789394734233066496
140	0	80	1	1789394734233066496
141	0	81	1	1789394734233067520
142	0	82	1	1789394734233066496
143	0	83	1	1789394734233066496
144	0	84	1	1789394734233066496
145	0	85	1	1789394734233066496
146	0	86	1	1789394734233066496
147	0	87	1	1789394734233066496
148	0	88	1	1789394734233066496
149	0	89	1	1789394734233066496
150	0	90	1	1789394734233066496
151	0	91	1	1789394734233066496
152	0	92	1	1789394734233066496
153	0	93	1	1789394734233066496
154	0	94	1	1789394734233066496
155	0	95	1	1789394734233066496
156	0	96	1	1789394734233066496
157	0	97	1	1789394734233067520
158	0	98	1	1789394734233067520
159	0	99	1	1789394734233066496
160	0	100	1	1789394734233066496
161	0	101	1	1789394734233066496
162	0	102	1	1789394734233067520
163	0	103	1	1789394734233067520
164	0	104	1	1789394734233066496
165	0	105	1	1789394734233066496
166	0	106	1	1789394734233066496
167	0	107	1	1789394734233066496
168	0	108	1	1789394734233067520
169	0	109	1	1789394734233067520
170	0	110	1	1789394734233066496
171	0	111	1	1789394734233066496
172	0	112	1	1789394734233066496
173	0	113	1	1789394734233066496
174	0	114	1	1789394734233067520
175	0	115	1	1789394734233066496
176	0	116	1	1789394734233066496
177	0	117	1	1789394734233066496
178	0	118	1	1789394734233066496
179	0	119	1	1789394734233066496
180	0	120	1	1789394734233066496
181	0	121	1	1789394734233066496
182	0	122	1	1789394734233066496
183	0	123	1	1789394734233066496
184	0	124	1	1789394734233066496
185	0	125	1	1789394734233066496
186	0	126	1	1789394734233066496
187	0	127	1	1789394734233066496
188	1	4294967295	4	1789394734233122816
189	2	4294967295	4	1789394734233095168
190	3	4294967295	4	1789394734233151488
191	4	0	1	1789394734233162752
192	4	1	1	1789394734233163776
193	4	2	1	1789394734233162752
194	4	3	1	1789394734233160704
195	4	4	1	1789394734233126912
196	4	5	1	1789394734233126912
197	4	6	1	1789394734233126912
198	4	7	1	1789394734233126912
199	4	8	1	1789394734233126912
200	4	9	1	1789394734233126912
201	4	10	1	1789394734233126912
202	4	11	1	1789394734233126912
203	4	12	1	1789394734233126912
204	4	13	1	1789394734233126912
205	4	14	1	1789394734233126912
206	4	15	1	1789394734233126912
207	4	16	1	1789394734233126912
208	4	17	1	1789394734233126912
209	4	18	1	1789394734233126912
210	4	19	1	1789394734233126912
211	4	20	1	1789394734233125888
212	4	21	1	1789394734233125888
213	4	22	1	1789394734233126912
214	4	23	1	1789394734233126912
215	4	24	1	1789394734233125888
216	4	25	1	1789394734233125888
217	4	26	1	1789394734233125888
218	4	27	1	1789394734233126912
219	4	28	1	1789394734233126912
220	4	29	1	1789394734233125888
221	4	30	1	1789394734233125888
222	4	31	1	1789394734233126912
223	4	32	1	1789394734233126912
224	4	33	1	1789394734233126912
225	4	34	1	1789394734233126912
226	4	35	1	1789394734233126912
227	4	36	1	1789394734233126912
228	4	37	1	1789394734233126912
229	4	38	1	1789394734233126912
230	4	39	1	1789394734233126912
231	4	40	1	1789394734233126912
232	4	41	1	1789394734233126912
233	4	42	1	1789394734233126912
234	4	43	1	1789394734233126912
235	4	44	1	1789394734233126912
236	4	45	1	1789394734233126912
237	4	46	1	1789394734233126912
238	4	47	1	1789394734233126912
239	4	48	1	1789394734233126912
240	4	49	1	1789394734233126912
241	4	50	1	1789394734233126912
242	4	51	1	1789394734233126912
243	4	52	1	1789394734233126912
244	4	53	1	1789394734233125888
245	4	54	1	1789394734233125888
246	4	55	1	1789394734233126912
247	4	56	1	1789394734233126912
248	4	57	1	1789394734233125888
249	4	58	1	1789394734233125888
250	4	59	1	1789394734233125888
251	4	60	1	1789394734233126912
252	4	61	1	1789394734233126912
253	4	62	1	1789394734233125888
254	4	63	1	1789394734233125888
255	4	64	1	1789394734233126912
256	4	65	1	1789394734233126912
257	4	66	1	1789394734233126912
258	4	67	1	1789394734233126912
259	4	68	1	1789394734233126912
260	4	69	1	1789394734233126912
261	4	70	1	1789394734233126912
262	4	71	1	1789394734233126912
263	4	72	1	1789394734233126912
264	4	73	1	1789394734233126912
265	4	74	1	1789394734233126912
266	4	75	1	1789394734233126912
267	4	76	1	1789394734233126912
268	4	77	1	1789394734233126912
269	4	78	1	1789394734233126912
270	4	79	1	1789394734233126912
271	4	80	1	1789394734233126912
272	4	81	1	1789394734233126912
273	4	82	1	1789394734233126912
274	4	83	1	1789394734233126912
275	4	84	1	1789394734233125888
276	4	85	1	1789394734233125888
277	4	86	1	1789394734233126912
278	4	87	1	1789394734233126912
279	4	88	1	1789394734233125888
280	4	89	1	1789394734233125888
281	4	90	1	1789394734233125888
282	4	91	1	1789394734233126912
283	4	92	1	1789394734233126912
284	4	93	1	1789394734233125888
285	4	94	1	1789394734233125888
286	4	95	1	1789394734233126912
287	4	96	1	1789394734233126912
288	4	97	1	1789394734233126912
289	4	98	1	1789394734233126912
290	4	99	1	1789394734233126912
291	4	100	1	1789394734233126912
292	4	101	1	1789394734233126912
293	4	102	1	1789394734233126912
294	4	103	1	1789394734233126912
295	4	104	1	1789394734233126912
296	4	105	1	1789394734233126912
297	4	106	1	1789394734233126912
298	4	107	1	1789394734233126912
299	4	108	1	1789394734233126912
300	4	109	1	1789394734233126912
301	4	110	1	1789394734233126912
302	4	111	1	1789394734233125888
303	4	112	1	1789394734233126912
304	4	113	1	1789394734233126912
305	4	114	1	1789394734233126912
306	4	115	1	1789394734233126912
307	4	116	1	1789394734233126912
308	4	117	1	1789394734233125888
309	4	118	1	1789394734233125888
310	4	119	1	1789394734233126912
311	4	120	1	1789394734233126912
312	4	121	1	1789394734233125888
313	4	122	1	1789394734233125888
314	4	123	1	1789394734233125888
315	4	124	1	1789394734233126912
316	4	125	1	1789394734233126912
317	4	126	1	1789394734233125888
318	4	127	1	1789394734233125888
319	4	128	1	1789394734233127936
320	4	129	1	1789394734233126912
321	4	130	1	1789394734233127936
322	4	131	1	1789394734233127936
323	4	132	1	1789394734233126912
324	4	133	1	1789394734233126912
325	4	134	1	1789394734233126912
326	4	135	1	1789394734233126912
327	4	136	1	1789394734233126912
328	4	137	1	1789394734233126912
329	4	138	1	1789394734233126912
330	4	139	1	1789394734233126912
331	4	140	1	1789394734233126912
332	4	141	1	1789394734233126912
333	4	142	1	1789394734233126912
334	4	143	1	1789394734233126912
335	4	144	1	1789394734233126912
336	4	145	1	1789394734233126912
337	4	146	1	1789394734233126912
338	4	147	1	1789394734233126912
339	4	148	1	1789394734233125888
340	4	149	1	1789394734233125888
341	4	150	1	1789394734233126912
342	4	151	1	1789394734233126912
343	4	152	1	1789394734233125888
344	4	153	1	1789394734233125888
345	4	154	1	1789394734233125888
346	4	155	1	1789394734233126912
347	4	156	1	1789394734233126912
348	4	157	1	1789394734233125888
349	4	158	1	1789394734233125888
350	4	159	1	1789394734233126912
351	4	160	1	1789394734233126912
352	4	161	1	1789394734233126912
353	4	162	1	1789394734233126912
354	4	163	1	1789394734233126912
355	4	164	1	1789394734233126912
356	4	165	1	1789394734233126912
357	4	166	1	1789394734233126912
358	4	167	1	1789394734233126912
359	4	168	1	1789394734233126912
360	4	169	1	1789394734233126912
361	4	170	1	1789394734233126912
362	4	171	1	1789394734233126912
363	4	172	1	1789394734233126912
364	4	173	1	1789394734233126912
365	4	174	1	1789394734233126912
366	4	175	1	1789394734233126912
367	4	176	1	1789394734233126912
368	4	177	1	1789394734233126912
369	4	178	1	1789394734233126912
370	4	179	1	1789394734233126912
371	4	180	1	1789394734233126912
372	4	181	1	1789394734233125888
373	4	182	1	1789394734233125888
374	4	183	1	1789394734233126912
375	4	184	1	1789394734233126912
376	4	185	1	1789394734233125888
377	4	186	1	1789394734233125888
378	4	187	1	1789394734233125888
379	4	188	1	1789394734233126912
380	4	189	1	1789394734233126912
381	4	190	1	1789394734233125888
382	4	191	1	1789394734233125888
383	4	192	1	1789394734233126912
384	4	193	1	1789394734233126912
385	4	194	1	1789394734233126912
386	4	195	1	1789394734233126912
387	4	196	1	1789394734233126912
388	4	197	1	1789394734233126912
389	4	198	1	1789394734233126912
390	4	199	1	1789394734233126912
391	4	200	1	1789394734233126912
392	4	201	1	1789394734233126912
393	4	202	1	1789394734233126912
394	4	203	1	1789394734233126912
395	4	204	1	1789394734233126912
396	4	205	1	1789394734233126912
397	4	206	1	1789394734233126912
398	4	207	1	1789394734233126912
399	4	208	1	1789394734233126912
400	4	209	1	1789394734233126912
401	4	210	1	1789394734233126912
402	4	211	1	1789394734233126912
403	4	212	1	1789394734233125888
404	4	213	1	1789394734233125888
405	4	214	1	1789394734233126912
406	4	215	1	1789394734233126912
407	4	216	1	1789394734233125888
408	4	217	1	1789394734233125888
409	4	218	1	1789394734233125888
410	4	219	1	1789394734233126912
411	4	220	1	1789394734233126912
412	4	221	1	1789394734233125888
413	4	222	1	1789394734233125888
414	4	223	1	1789394734233126912
415	4	224	1	1789394734233126912
416	4	225	1	1789394734233126912
417	4	226	1	1789394734233126912
418	4	227	1	1789394734233126912
419	4	228	1	1789394734233126912
420	4	229	1	1789394734233126912
421	4	230	1	1789394734233126912
422	4	231	1	1789394734233126912
423	4	232	1	1789394734233126912
424	4	233	1	1789394734233126912
425	4	234	1	1789394734233126912
426	4	235	1	1789394734233126912
427	4	236	1	1789394734233126912
428	4	237	1	1789394734233126912
429	4	238	1	1789394734233126912
430	4	239	1	1789394734233125888
431	4	240	1	1789394734233126912
432	4	241	1	1789394734233126912
433	4	242	1	1789394734233126912
434	4	243	1	1789394734233126912
435	4	244	1	1789394734233126912
436	4	245	1	1789394734233125888
437	4	246	1	1789394734233125888
438	4	247	1	1789394734233126912
439	4	248	1	1789394734233126912
440	4	249	1	1789394734233125888
441	4	250	1	1789394734233125888
442	4	251	1	1789394734233125888
443	4	252	1	1789394734233126912
444	4	253	1	1789394734233126912
445	4	254	1	1789394734233125888
446	4	255	1	1789394734233125888
447	4	256	1	1789394734233165824
448	4	257	1	1789394734233166848
449	4	258	1	1789394734233165824
450	4	259	1	1789394734233164800
451	4	260	1	1789394734233131008
452	4	261	1	1789394734233131008
453	4	262	1	1789394734233131008
454	4	263	1	1789394734233131008
455	4	264	1	1789394734233129984
456	4	265	1	1789394734233129984
457	4	266	1	1789394734233129984
458	4	267	1	1789394734233131008
459	4	268	1	1789394734233131008
460	4	269	1	1789394734233129984
461	4	270	1	1789394734233129984
462	4	271	1	1789394734233129984
463	4	272	1	1789394734233131008
464	4	273	1	1789394734233131008
465	4	274	1	1789394734233129984
466	4	275	1	1789394734233129984
467	4	276	1	1789394734233129984
468	4	277	1	1789394734233129984
469	4	278	1	1789394734233129984
470	4	279	1	1789394734233129984
471	4	280	1	1789394734233129984
472	4	281	1	1789394734233129984
473	4	282	1	1789394734233129984
474	4	283	1	1789394734233129984
475	4	284	1	1789394734233129984
476	4	285	1	1789394734233129984
477	4	286	1	1789394734233129984
478	4	287	1	1789394734233129984
479	4	288	1	1789394734233131008
480	4	289	1	1789394734233131008
481	4	290	1	1789394734233131008
482	4	291	1	1789394734233131008
483	4	292	1	1789394734233129984
484	4	293	1	1789394734233131008
485	4	294	1	1789394734233131008
486	4	295	1	1789394734233131008
487	4	296	1	1789394734233131008
488	4	297	1	1789394734233129984
489	4	298	1	1789394734233129984
490	4	299	1	1789394734233129984
491	4	300	1	1789394734233131008
492	4	301	1	1789394734233131008
493	4	302	1	1789394734233129984
494	4	303	1	1789394734233129984
495	4	304	1	1789394734233129984
496	4	305	1	1789394734233131008
497	4	306	1	1789394734233131008
498	4	307	1	1789394734233129984
499	4	308	1	1789394734233129984
500	4	309	1	1789394734233129984
501	4	310	1	1789394734233129984
502	4	311	1	1789394734233129984
503	4	312	1	1789394734233129984
504	4	313	1	1789394734233129984
505	4	314	1	1789394734233129984
506	4	315	1	1789394734233129984
507	4	316	1	1789394734233129984
508	4	317	1	1789394734233129984
509	4	318	1	1789394734233129984
510	4	319	1	1789394734233129984
511	4	320	1	1789394734233131008
512	4	321	1	1789394734233131008
513	4	322	1	1789394734233131008
514	4	323	1	1789394734233131008
515	4	324	1	1789394734233131008
516	4	325	1	1789394734233131008
517	4	326	1	1789394734233131008
518	4	327	1	1789394734233131008
519	4	328	1	1789394734233129984
520	4	329	1	1789394734233129984
521	4	330	1	1789394734233129984
522	4	331	1	1789394734233131008
523	4	332	1	1789394734233131008
524	4	333	1	1789394734233129984
525	4	334	1	1789394734233129984
526	4	335	1	1789394734233129984
527	4	336	1	1789394734233131008
528	4	337	1	1789394734233131008
529	4	338	1	1789394734233129984
530	4	339	1	1789394734233129984
531	4	340	1	1789394734233129984
532	4	341	1	1789394734233129984
533	4	342	1	1789394734233129984
534	4	343	1	1789394734233129984
535	4	344	1	1789394734233129984
536	4	345	1	1789394734233129984
537	4	346	1	1789394734233129984
538	4	347	1	1789394734233129984
539	4	348	1	1789394734233129984
540	4	349	1	1789394734233129984
541	4	350	1	1789394734233129984
542	4	351	1	1789394734233129984
543	4	352	1	1789394734233131008
544	4	353	1	1789394734233131008
545	4	354	1	1789394734233131008
546	4	355	1	1789394734233131008
547	4	356	1	1789394734233129984
548	4	357	1	1789394734233131008
549	4	358	1	1789394734233131008
550	4	359	1	1789394734233131008
551	4	360	1	1789394734233131008
552	4	361	1	1789394734233129984
553	4	362	1	1789394734233129984
554	4	363	1	1789394734233129984
555	4	364	1	1789394734233131008
556	4	365	1	1789394734233131008
557	4	366	1	1789394734233129984
558	4	367	1	1789394734233129984
559	4	368	1	1789394734233129984
560	4	369	1	1789394734233129984
561	4	370	1	1789394734233131008
562	4	371	1	1789394734233129984
563	4	372	1	1789394734233129984
564	4	373	1	1789394734233129984
565	4	374	1	1789394734233129984
566	4	375	1	1789394734233129984
567	4	376	1	1789394734233129984
568	4	377	1	1789394734233129984
569	4	378	1	1789394734233129984
570	4	379	1	1789394734233129984
571	4	380	1	1789394734233129984
572	4	381	1	1789394734233129984
573	4	382	1	1789394734233129984
574	4	383	1	1789394734233129984
575	4	384	1	1789394734233133056
576	4	385	1	1789394734233133056
577	4	386	1	1789394734233133056
578	4	387	1	1789394734233132032
579	4	388	1	1789394734233131008
580	4	389	1	1789394734233131008
581	4	390	1	1789394734233131008
582	4	391	1	1789394734233131008
583	4	392	1	1789394734233129984
584	4	393	1	1789394734233129984
585	4	394	1	1789394734233129984
586	4	395	1	1789394734233131008
587	4	396	1	1789394734233131008
588	4	397	1	1789394734233129984
589	4	398	1	1789394734233129984
590	4	399	1	1789394734233129984
591	4	400	1	1789394734233131008
592	4	401	1	1789394734233131008
593	4	402	1	1789394734233129984
594	4	403	1	1789394734233129984
595	4	404	1	1789394734233129984
596	4	405	1	1789394734233129984
597	4	406	1	1789394734233129984
598	4	407	1	1789394734233129984
599	4	408	1	1789394734233129984
600	4	409	1	1789394734233129984
601	4	410	1	1789394734233129984
602	4	411	1	1789394734233129984
603	4	412	1	1789394734233129984
604	4	413	1	1789394734233129984
605	4	414	1	1789394734233129984
606	4	415	1	1789394734233129984
607	4	416	1	1789394734233131008
608	4	417	1	1789394734233131008
609	4	418	1	1789394734233131008
610	4	419	1	1789394734233131008
611	4	420	1	1789394734233129984
612	4	421	1	1789394734233131008
613	4	422	1	1789394734233131008
614	4	423	1	1789394734233131008
615	4	424	1	1789394734233131008
616	4	425	1	1789394734233129984
617	4	426	1	1789394734233129984
618	4	427	1	1789394734233129984
619	4	428	1	1789394734233131008
620	4	429	1	1789394734233131008
621	4	430	1	1789394734233129984
622	4	431	1	1789394734233129984
623	4	432	1	1789394734233129984
624	4	433	1	1789394734233131008
625	4	434	1	1789394734233131008
626	4	435	1	1789394734233129984
627	4	436	1	1789394734233129984
628	4	437	1	1789394734233129984
629	4	438	1	1789394734233129984
630	4	439	1	1789394734233129984
631	4	440	1	1789394734233129984
632	4	441	1	1789394734233129984
633	4	442	1	1789394734233129984
634	4	443	1	1789394734233129984
635	4	444	1	1789394734233129984
636	4	445	1	1789394734233129984
637	4	446	1	1789394734233129984
638	4	447	1	1789394734233129984
639	4	448	1	1789394734233131008
640	4	449	1	1789394734233131008
641	4	450	1	1789394734233131008
642	4	451	1	1789394734233131008
643	4	452	1	1789394734233131008
644	4	453	1	1789394734233131008
645	4	454	1	1789394734233131008
646	4	455	1	1789394734233131008
647	4	456	1	1789394734233129984
648	4	457	1	1789394734233129984
649	4	458	1	1789394734233129984
650	4	459	1	1789394734233131008
651	4	460	1	1789394734233131008
652	4	461	1	1789394734233129984
653	4	462	1	1789394734233129984
654	4	463	1	1789394734233129984
655	4	464	1	1789394734233131008
656	4	465	1	1789394734233131008
657	4	466	1	1789394734233129984
658	4	467	1	1789394734233129984
659	4	468	1	1789394734233129984
660	4	469	1	1789394734233129984
661	4	470	1	1789394734233129984
662	4	471	1	1789394734233129984
663	4	472	1	1789394734233129984
664	4	473	1	1789394734233129984
665	4	474	1	1789394734233129984
666	4	475	1	1789394734233129984
667	4	476	1	1789394734233129984
668	4	477	1	1789394734233129984
669	4	478	1	1789394734233129984
670	4	479	1	1789394734233129984
671	4	480	1	1789394734233131008
672	4	481	1	1789394734233131008
673	4	482	1	1789394734233131008
674	4	483	1	1789394734233131008
675	4	484	1	1789394734233129984
676	4	485	1	1789394734233131008
677	4	486	1	1789394734233131008
678	4	487	1	1789394734233131008
679	4	488	1	1789394734233131008
680	4	489	1	1789394734233129984
681	4	490	1	1789394734233129984
682	4	491	1	1789394734233129984
683	4	492	1	1789394734233131008
684	4	493	1	1789394734233131008
685	4	494	1	1789394734233129984
686	4	495	1	1789394734233129984
687	4	496	1	1789394734233129984
688	4	497	1	1789394734233129984
689	4	498	1	1789394734233131008
690	4	499	1	1789394734233129984
691	4	500	1	1789394734233129984
692	4	501	1	1789394734233129984
693	4	502	1	1789394734233129984
694	4	503	1	1789394734233129984
695	4	504	1	1789394734233129984
696	4	505	1	1789394734233129984
697	4	506	1	1789394734233129984
698	4	507	1	1789394734233129984
699	4	508	1	1789394734233129984
700	4	509	1	1789394734233129984
701	4	510	1	1789394734233129984
702	4	511	1	1789394734233129984
703	5	0	1	1789394734233154560
704	5	1	1	1789394734233155584
705	5	2	1	1789394734233154560
706	5	3	1	1789394734233153536
707	5	4	1	1789394734233099264
708	5	5	1	1789394734233099264
709	5	6	1	1789394734233099264
710	5	7	1	1789394734233099264
711	5	8	1	1789394734233099264
712	5	9	1	1789394734233099264
713	5	10	1	1789394734233099264
714	5	11	1	1789394734233099264
715	5	12	1	1789394734233099264
716	5	13	1	1789394734233099264
717	5	14	1	1789394734233098240
718	5	15	1	1789394734233099264
719	5	16	1	1789394734233099264
720	5	17	1	1789394734233099264
721	5	18	1	1789394734233099264
722	5	19	1	1789394734233099264
723	5	20	1	1789394734233098240
724	5	21	1	1789394734233098240
725	5	22	1	1789394734233099264
726	5	23	1	1789394734233099264
727	5	24	1	1789394734233098240
728	5	25	1	1789394734233098240
729	5	26	1	1789394734233098240
730	5	27	1	1789394734233099264
731	5	28	1	1789394734233099264
732	5	29	1	1789394734233098240
733	5	30	1	1789394734233098240
734	5	31	1	1789394734233099264
735	5	32	1	1789394734233099264
736	5	33	1	1789394734233099264
737	5	34	1	1789394734233099264
738	5	35	1	1789394734233099264
739	5	36	1	1789394734233099264
740	5	37	1	1789394734233099264
741	5	38	1	1789394734233099264
742	5	39	1	1789394734233099264
743	5	40	1	1789394734233099264
744	5	41	1	1789394734233099264
745	5	42	1	1789394734233099264
746	5	43	1	1789394734233099264
747	5	44	1	1789394734233099264
748	5	45	1	1789394734233099264
749	5	46	1	1789394734233099264
750	5	47	1	1789394734233098240
751	5	48	1	1789394734233099264
752	5	49	1	1789394734233099264
753	5	50	1	1789394734233099264
754	5	51	1	1789394734233099264
755	5	52	1	1789394734233099264
756	5	53	1	1789394734233098240
757	5	54	1	1789394734233099264
758	5	55	1	1789394734233099264
759	5	56	1	1789394734233099264
760	5	57	1	1789394734233098240
761	5	58	1	1789394734233098240
762	5	59	1	1789394734233098240
763	5	60	1	1789394734233099264
764	5	61	1	1789394734233099264
765	5	62	1	1789394734233099264
766	5	63	1	1789394734233098240
767	5	64	1	1789394734233099264
768	5	65	1	1789394734233099264
769	5	66	1	1789394734233099264
770	5	67	1	1789394734233099264
771	5	68	1	1789394734233099264
772	5	69	1	1789394734233099264
773	5	70	1	1789394734233099264
774	5	71	1	1789394734233099264
775	5	72	1	1789394734233099264
776	5	73	1	1789394734233099264
777	5	74	1	1789394734233099264
778	5	75	1	1789394734233099264
779	5	76	1	1789394734233099264
780	5	77	1	1789394734233099264
781	5	78	1	1789394734233098240
782	5	79	1	1789394734233099264
783	5	80	1	1789394734233099264
784	5	81	1	1789394734233099264
785	5	82	1	1789394734233099264
786	5	83	1	1789394734233099264
787	5	84	1	1789394734233098240
788	5	85	1	1789394734233098240
789	5	86	1	1789394734233099264
790	5	87	1	1789394734233099264
791	5	88	1	1789394734233098240
792	5	89	1	1789394734233098240
793	5	90	1	1789394734233098240
794	5	91	1	1789394734233099264
795	5	92	1	1789394734233099264
796	5	93	1	1789394734233098240
797	5	94	1	1789394734233098240
798	5	95	1	1789394734233099264
799	5	96	1	1789394734233099264
800	5	97	1	1789394734233099264
801	5	98	1	1789394734233099264
802	5	99	1	1789394734233099264
803	5	100	1	1789394734233099264
804	5	101	1	1789394734233099264
805	5	102	1	1789394734233099264
806	5	103	1	1789394734233099264
807	5	104	1	1789394734233099264
808	5	105	1	1789394734233099264
809	5	106	1	1789394734233098240
810	5	107	1	1789394734233099264
811	5	108	1	1789394734233099264
812	5	109	1	1789394734233099264
813	5	110	1	1789394734233099264
814	5	111	1	1789394734233098240
815	5	112	1	1789394734233099264
816	5	113	1	1789394734233099264
817	5	114	1	1789394734233099264
818	5	115	1	1789394734233099264
819	5	116	1	1789394734233098240
820	5	117	1	1789394734233098240
821	5	118	1	1789394734233099264
822	5	119	1	1789394734233099264
823	5	120	1	1789394734233099264
824	5	121	1	1789394734233098240
825	5	122	1	1789394734233098240
826	5	123	1	1789394734233098240
827	5	124	1	1789394734233099264
828	5	125	1	1789394734233099264
829	5	126	1	1789394734233098240
830	5	127	1	1789394734233098240
831	5	128	1	1789394734233099264
832	5	129	1	1789394734233100288
833	5	130	1	1789394734233100288
834	5	131	1	1789394734233099264
835	5	132	1	1789394734233099264
836	5	133	1	1789394734233099264
837	5	134	1	1789394734233099264
838	5	135	1	1789394734233099264
839	5	136	1	1789394734233099264
840	5	137	1	1789394734233099264
841	5	138	1	1789394734233099264
842	5	139	1	1789394734233099264
843	5	140	1	1789394734233099264
844	5	141	1	1789394734233099264
845	5	142	1	1789394734233098240
846	5	143	1	1789394734233099264
847	5	144	1	1789394734233099264
848	5	145	1	1789394734233099264
849	5	146	1	1789394734233099264
850	5	147	1	1789394734233099264
851	5	148	1	1789394734233098240
852	5	149	1	1789394734233098240
853	5	150	1	1789394734233099264
854	5	151	1	1789394734233099264
855	5	152	1	1789394734233098240
856	5	153	1	1789394734233098240
857	5	154	1	1789394734233098240
858	5	155	1	1789394734233099264
859	5	156	1	1789394734233099264
860	5	157	1	1789394734233098240
861	5	158	1	1789394734233098240
862	5	159	1	1789394734233099264
863	5	160	1	1789394734233099264
864	5	161	1	1789394734233099264
865	5	162	1	1789394734233099264
866	5	163	1	1789394734233099264
867	5	164	1	1789394734233099264
868	5	165	1	1789394734233099264
869	5	166	1	1789394734233099264
870	5	167	1	1789394734233099264
871	5	168	1	1789394734233099264
872	5	169	1	1789394734233099264
873	5	170	1	1789394734233099264
874	5	171	1	1789394734233099264
875	5	172	1	1789394734233099264
876	5	173	1	1789394734233099264
877	5	174	1	1789394734233099264
878	5	175	1	1789394734233098240
879	5	176	1	1789394734233099264
880	5	177	1	1789394734233099264
881	5	178	1	1789394734233099264
882	5	179	1	1789394734233099264
883	5	180	1	1789394734233099264
884	5	181	1	1789394734233098240
885	5	182	1	1789394734233099264
886	5	183	1	1789394734233099264
887	5	184	1	1789394734233099264
888	5	185	1	1789394734233099264
889	5	186	1	1789394734233098240
890	5	187	1	1789394734233098240
891	5	188	1	1789394734233099264
892	5	189	1	1789394734233099264
893	5	190	1	1789394734233099264
894	5	191	1	1789394734233098240
895	5	192	1	1789394734233099264
896	5	193	1	1789394734233099264
897	5	194	1	1789394734233099264
898	5	195	1	1789394734233099264
899	5	196	1	1789394734233099264
900	5	197	1	1789394734233099264
901	5	198	1	1789394734233099264
902	5	199	1	1789394734233099264
903	5	200	1	1789394734233099264
904	5	201	1	1789394734233099264
905	5	202	1	1789394734233099264
906	5	203	1	1789394734233099264
907	5	204	1	1789394734233099264
908	5	205	1	1789394734233099264
909	5	206	1	1789394734233098240
910	5	207	1	1789394734233099264
911	5	208	1	1789394734233099264
912	5	209	1	1789394734233099264
913	5	210	1	1789394734233099264
914	5	211	1	1789394734233099264
915	5	212	1	1789394734233098240
916	5	213	1	1789394734233098240
917	5	214	1	1789394734233099264
918	5	215	1	1789394734233099264
919	5	216	1	1789394734233098240
920	5	217	1	1789394734233098240
921	5	218	1	1789394734233098240
922	5	219	1	1789394734233099264
923	5	220	1	1789394734233099264
924	5	221	1	1789394734233098240
925	5	222	1	1789394734233098240
926	5	223	1	1789394734233099264
927	5	224	1	1789394734233099264
928	5	225	1	1789394734233099264
929	5	226	1	1789394734233099264
930	5	227	1	1789394734233099264
931	5	228	1	1789394734233099264
932	5	229	1	1789394734233099264
933	5	230	1	1789394734233099264
934	5	231	1	1789394734233099264
935	5	232	1	1789394734233099264
936	5	233	1	1789394734233099264
937	5	234	1	1789394734233098240
938	5	235	1	1789394734233099264
939	5	236	1	1789394734233099264
940	5	237	1	1789394734233099264
941	5	238	1	1789394734233099264
942	5	239	1	1789394734233098240
943	5	240	1	1789394734233099264
944	5	241	1	1789394734233099264
945	5	242	1	1789394734233099264
946	5	243	1	1789394734233099264
947	5	244	1	1789394734233098240
948	5	245	1	1789394734233098240
949	5	246	1	1789394734233099264
950	5	247	1	1789394734233099264
951	5	248	1	1789394734233099264
952	5	249	1	1789394734233098240
953	5	250	1	1789394734233098240
954	5	251	1	1789394734233098240
955	5	252	1	1789394734233099264
956	5	253	1	1789394734233099264
957	5	254	1	1789394734233099264
958	5	255	1	1789394734233098240
959	5	256	1	1789394734233158656
960	5	257	1	1789394734233159680
961	5	258	1	1789394734233158656
962	5	259	1	1789394734233157632
963	5	260	1	1789394734233103360
964	5	261	1	1789394734233103360
965	5	262	1	1789394734233103360
966	5	263	1	1789394734233103360
967	5	264	1	1789394734233102336
968	5	265	1	1789394734233102336
969	5	266	1	1789394734233102336
970	5	267	1	1789394734233103360
971	5	268	1	1789394734233103360
972	5	269	1	1789394734233102336
973	5	270	1	1789394734233102336
974	5	271	1	1789394734233102336
975	5	272	1	1789394734233103360
976	5	273	1	1789394734233103360
977	5	274	1	1789394734233102336
978	5	275	1	1789394734233102336
979	5	276	1	1789394734233102336
980	5	277	1	1789394734233102336
981	5	278	1	1789394734233102336
982	5	279	1	1789394734233102336
983	5	280	1	1789394734233102336
984	5	281	1	1789394734233102336
985	5	282	1	1789394734233102336
986	5	283	1	1789394734233102336
987	5	284	1	1789394734233102336
988	5	285	1	1789394734233102336
989	5	286	1	1789394734233102336
990	5	287	1	1789394734233102336
991	5	288	1	1789394734233103360
992	5	289	1	1789394734233103360
993	5	290	1	1789394734233103360
994	5	291	1	1789394734233103360
995	5	292	1	1789394734233102336
996	5	293	1	1789394734233103360
997	5	294	1	1789394734233103360
998	5	295	1	1789394734233103360
999	5	296	1	1789394734233103360
1000	5	297	1	1789394734233103360
1001	5	298	1	1789394734233102336
1002	5	299	1	1789394734233102336
1003	5	300	1	1789394734233103360
1004	5	301	1	1789394734233103360
1005	5	302	1	1789394734233102336
1006	5	303	1	1789394734233102336
1007	5	304	1	1789394734233102336
1008	5	305	1	1789394734233103360
1009	5	306	1	1789394734233103360
1010	5	307	1	1789394734233102336
1011	5	308	1	1789394734233102336
1012	5	309	1	1789394734233102336
1013	5	310	1	1789394734233102336
1014	5	311	1	1789394734233102336
1015	5	312	1	1789394734233102336
1016	5	313	1	1789394734233102336
1017	5	314	1	1789394734233102336
1018	5	315	1	1789394734233102336
1019	5	316	1	1789394734233102336
1020	5	317	1	1789394734233102336
1021	5	318	1	1789394734233102336
1022	5	319	1	1789394734233102336
1023	5	320	1	1789394734233103360
1024	5	321	1	1789394734233103360
1025	5	322	1	1789394734233103360
1026	5	323	1	1789394734233103360
1027	5	324	1	1789394734233103360
1028	5	325	1	1789394734233103360
1029	5	326	1	1789394734233103360
1030	5	327	1	1789394734233103360
1031	5	328	1	1789394734233102336
1032	5	329	1	1789394734233102336
1033	5	330	1	1789394734233102336
1034	5	331	1	1789394734233103360
1035	5	332	1	1789394734233103360
1036	5	333	1	1789394734233102336
1037	5	334	1	1789394734233102336
1038	5	335	1	1789394734233102336
1039	5	336	1	1789394734233103360
1040	5	337	1	1789394734233103360
1041	5	338	1	1789394734233102336
1042	5	339	1	1789394734233102336
1043	5	340	1	1789394734233102336
1044	5	341	1	1789394734233102336
1045	5	342	1	1789394734233102336
1046	5	343	1	1789394734233102336
1047	5	344	1	1789394734233102336
1048	5	345	1	1789394734233102336
1049	5	346	1	1789394734233102336
1050	5	347	1	1789394734233102336
1051	5	348	1	1789394734233102336
1052	5	349	1	1789394734233102336
1053	5	350	1	1789394734233102336
1054	5	351	1	1789394734233102336
1055	5	352	1	1789394734233103360
1056	5	353	1	1789394734233103360
1057	5	354	1	1789394734233103360
1058	5	355	1	1789394734233103360
1059	5	356	1	1789394734233102336
1060	5	357	1	1789394734233103360
1061	5	358	1	1789394734233103360
1062	5	359	1	1789394734233103360
1063	5	360	1	1789394734233103360
1064	5	361	1	1789394734233102336
1065	5	362	1	1789394734233102336
1066	5	363	1	1789394734233102336
1067	5	364	1	1789394734233103360
1068	5	365	1	1789394734233103360
1069	5	366	1	1789394734233102336
1070	5	367	1	1789394734233102336
1071	5	368	1	1789394734233102336
1072	5	369	1	1789394734233103360
1073	5	370	1	1789394734233103360
1074	5	371	1	1789394734233102336
1075	5	372	1	1789394734233102336
1076	5	373	1	1789394734233102336
1077	5	374	1	1789394734233102336
1078	5	375	1	1789394734233102336
1079	5	376	1	1789394734233102336
1080	5	377	1	1789394734233102336
1081	5	378	1	1789394734233102336
1082	5	379	1	1789394734233102336
1083	5	380	1	1789394734233102336
1084	5	381	1	1789394734233102336
1085	5	382	1	1789394734233102336
1086	5	383	1	1789394734233102336
1087	5	384	1	1789394734233104384
1088	5	385	1	1789394734233105408
1089	5	386	1	1789394734233105408
1090	5	387	1	1789394734233104384
1091	5	388	1	1789394734233103360
1092	5	389	1	1789394734233103360
1093	5	390	1	1789394734233103360
1094	5	391	1	1789394734233103360
1095	5	392	1	1789394734233102336
1096	5	393	1	1789394734233102336
1097	5	394	1	1789394734233102336
1098	5	395	1	1789394734233103360
1099	5	396	1	1789394734233103360
1100	5	397	1	1789394734233102336
1101	5	398	1	1789394734233102336
1102	5	399	1	1789394734233102336
1103	5	400	1	1789394734233103360
1104	5	401	1	1789394734233103360
1105	5	402	1	1789394734233102336
1106	5	403	1	1789394734233102336
1107	5	404	1	1789394734233102336
1108	5	405	1	1789394734233102336
1109	5	406	1	1789394734233102336
1110	5	407	1	1789394734233102336
1111	5	408	1	1789394734233102336
1112	5	409	1	1789394734233102336
1113	5	410	1	1789394734233102336
1114	5	411	1	1789394734233102336
1115	5	412	1	1789394734233102336
1116	5	413	1	1789394734233102336
1117	5	414	1	1789394734233102336
1118	5	415	1	1789394734233102336
1119	5	416	1	1789394734233103360
1120	5	417	1	1789394734233103360
1121	5	418	1	1789394734233103360
1122	5	419	1	1789394734233103360
1123	5	420	1	1789394734233102336
1124	5	421	1	1789394734233103360
1125	5	422	1	1789394734233103360
1126	5	423	1	1789394734233103360
1127	5	424	1	1789394734233103360
1128	5	425	1	1789394734233103360
1129	5	426	1	1789394734233102336
1130	5	427	1	1789394734233102336
1131	5	428	1	1789394734233103360
1132	5	429	1	1789394734233103360
1133	5	430	1	1789394734233102336
1134	5	431	1	1789394734233102336
1135	5	432	1	1789394734233102336
1136	5	433	1	1789394734233103360
1137	5	434	1	1789394734233103360
1138	5	435	1	1789394734233102336
1139	5	436	1	1789394734233102336
1140	5	437	1	1789394734233102336
1141	5	438	1	1789394734233102336
1142	5	439	1	1789394734233102336
1143	5	440	1	1789394734233102336
1144	5	441	1	1789394734233102336
1145	5	442	1	1789394734233102336
1146	5	443	1	1789394734233102336
1147	5	444	1	1789394734233102336
1148	5	445	1	1789394734233102336
1149	5	446	1	1789394734233102336
1150	5	447	1	1789394734233102336
1151	5	448	1	1789394734233103360
1152	5	449	1	1789394734233103360
1153	5	450	1	1789394734233103360
1154	5	451	1	1789394734233103360
1155	5	452	1	1789394734233103360
1156	5	453	1	1789394734233103360
1157	5	454	1	1789394734233103360
1158	5	455	1	1789394734233103360
1159	5	456	1	1789394734233102336
1160	5	457	1	1789394734233102336
1161	5	458	1	1789394734233102336
1162	5	459	1	1789394734233103360
1163	5	460	1	1789394734233103360
1164	5	461	1	1789394734233102336
1165	5	462	1	1789394734233102336
1166	5	463	1	1789394734233102336
1167	5	464	1	1789394734233103360
1168	5	465	1	1789394734233103360
1169	5	466	1	1789394734233102336
1170	5	467	1	1789394734233102336
1171	5	468	1	1789394734233102336
1172	5	469	1	1789394734233102336
1173	5	470	1	1789394734233102336
1174	5	471	1	1789394734233102336
1175	5	472	1	1789394734233102336
1176	5	473	1	1789394734233102336
1177	5	474	1	1789394734233102336
1178	5	475	1	1789394734233102336
1179	5	476	1	1789394734233102336
1180	5	477	1	1789394734233102336
1181	5	478	1	1789394734233102336
1182	5	479	1	1789394734233102336
1183	5	480	1	1789394734233103360
1184	5	481	1	1789394734233103360
1185	5	482	1	1789394734233103360
1186	5	483	1	1789394734233103360
1187	5	484	1	1789394734233102336
1188	5	485	1	1789394734233103360
1189	5	486	1	1789394734233103360
1190	5	487	1	1789394734233103360
1191	5	488	1	1789394734233103360
1192	5	489	1	1789394734233102336
1193	5	490	1	1789394734233102336
1194	5	491	1	1789394734233102336
1195	5	492	1	1789394734233103360
1196	5	493	1	1789394734233103360
1197	5	494	1	1789394734233102336
1198	5	495	1	1789394734233102336
1199	5	496	1	1789394734233102336
1200	5	497	1	1789394734233103360
1201	5	498	1	1789394734233103360
1202	5	499	1	1789394734233102336
1203	5	500	1	1789394734233102336
1204	5	501	1	1789394734233102336
1205	5	502	1	1789394734233102336
1206	5	503	1	1789394734233102336
1207	5	504	1	1789394734233102336
1208	5	505	1	1789394734233102336
1209	5	506	1	1789394734233102336
1210	5	507	1	1789394734233102336
1211	5	508	1	1789394734233102336
1212	5	509	1	1789394734233102336
1213	5	510	1	1789394734233102336
1214	5	511	1	1789394734233102336
1215	6	4294967295	512	1789394734233179136
1216	7	4294967295	512	1789394734233174016
1217	8	0	1	1789394734233229312
1218	8	1	1	1789394734233205760
1219	8	2	1	1789394734233202688
1220	8	3	1	1789394734233204736
1221	8	4	1	1789394734233204736
1222	8	5	1	1789394734233204736
1223	8	6	1	1789394734233204736
1224	8	7	1	1789394734233203712
1225	8	8	1	1789394734233204736
1226	8	9	1	1789394734233204736
1227	8	10	1	1789394734233204736
1228	8	11	1	1789394734233204736
1229	8	12	1	1789394734233204736
1230	8	13	1	1789394734233203712
1231	8	14	1	1789394734233203712
1232	8	15	1	1789394734233204736
1233	8	16	1	1789394734233204736
1234	8	17	1	1789394734233204736
1235	8	18	1	1789394734233204736
1236	8	19	1	1789394734233205760
1237	8	20	1	1789394734233204736
1238	8	21	1	1789394734233205760
1239	8	22	1	1789394734233204736
1240	8	23	1	1789394734233204736
1241	8	24	1	1789394734233205760
1242	8	25	1	1789394734233204736
1243	8	26	1	1789394734233204736
1244	8	27	1	1789394734233204736
1245	8	28	1	1789394734233204736
1246	8	29	1	1789394734233206784
1247	8	30	1	1789394734233205760
1248	8	31	1	1789394734233204736
1249	8	32	1	1789394734233205760
1250	8	33	1	1789394734233205760
1251	8	34	1	1789394734233205760
1252	8	35	1	1789394734233205760
1253	8	36	1	1789394734233205760
1254	8	37	1	1789394734233205760
1255	8	38	1	1789394734233205760
1256	8	39	1	1789394734233205760
1257	8	40	1	1789394734233205760
1258	8	41	1	1789394734233205760
1259	8	42	1	1789394734233205760
1260	8	43	1	1789394734233206784
1261	8	44	1	1789394734233205760
1262	8	45	1	1789394734233205760
1263	8	46	1	1789394734233205760
1264	8	47	1	1789394734233205760
1265	8	48	1	1789394734233205760
1266	8	49	1	1789394734233205760
1267	8	50	1	1789394734233205760
1268	8	51	1	1789394734233206784
1269	8	52	1	1789394734233206784
1270	8	53	1	1789394734233205760
1271	8	54	1	1789394734233206784
1272	8	55	1	1789394734233205760
1273	8	56	1	1789394734233206784
1274	8	57	1	1789394734233206784
1275	8	58	1	1789394734233205760
1276	8	59	1	1789394734233206784
1277	8	60	1	1789394734233206784
1278	8	61	1	1789394734233205760
1279	8	62	1	1789394734233206784
1280	8	63	1	1789394734233205760
1281	8	64	1	1789394734233206784
1282	8	65	1	1789394734233205760
1283	8	66	1	1789394734233206784
1284	8	67	1	1789394734233205760
1285	8	68	1	1789394734233206784
1286	8	69	1	1789394734233205760
1287	8	70	1	1789394734233205760
1288	8	71	1	1789394734233206784
1289	8	72	1	1789394734233206784
1290	8	73	1	1789394734233206784
1291	8	74	1	1789394734233206784
1292	8	75	1	1789394734233207808
1293	8	76	1	1789394734233205760
1294	8	77	1	1789394734233206784
1295	8	78	1	1789394734233206784
1296	8	79	1	1789394734233206784
1297	8	80	1	1789394734233206784
1298	8	81	1	1789394734233206784
1299	8	82	1	1789394734233206784
1300	8	83	1	1789394734233206784
1301	8	84	1	1789394734233206784
1302	8	85	1	1789394734233206784
1303	8	86	1	1789394734233205760
1304	8	87	1	1789394734233206784
1305	8	88	1	1789394734233206784
1306	8	89	1	1789394734233206784
1307	8	90	1	1789394734233205760
1308	8	91	1	1789394734233205760
1309	8	92	1	1789394734233205760
1310	8	93	1	1789394734233206784
1311	8	94	1	1789394734233206784
1312	8	95	1	1789394734233207808
1313	8	96	1	1789394734233205760
1314	8	97	1	1789394734233206784
1315	8	98	1	1789394734233206784
1316	8	99	1	1789394734233205760
1317	8	100	1	1789394734233206784
1318	8	101	1	1789394734233205760
1319	8	102	1	1789394734233206784
1320	8	103	1	1789394734233206784
1321	8	104	1	1789394734233206784
1322	8	105	1	1789394734233205760
1323	8	106	1	1789394734233206784
1324	8	107	1	1789394734233206784
1325	8	108	1	1789394734233206784
1326	8	109	1	1789394734233206784
1327	8	110	1	1789394734233206784
1328	8	111	1	1789394734233206784
1329	8	112	1	1789394734233207808
1330	8	113	1	1789394734233205760
1331	8	114	1	1789394734233205760
1332	8	115	1	1789394734233205760
1333	8	116	1	1789394734233204736
1334	8	117	1	1789394734233205760
1335	8	118	1	1789394734233205760
1336	8	119	1	1789394734233205760
1337	8	120	1	1789394734233205760
1338	8	121	1	1789394734233205760
1339	8	122	1	1789394734233205760
1340	8	123	1	1789394734233204736
1341	8	124	1	1789394734233205760
1342	8	125	1	1789394734233205760
1343	8	126	1	1789394734233207808
1344	8	127	1	1789394734233204736
1345	8	128	1	1789394734233205760
1346	8	129	1	1789394734233202688
1347	8	130	1	1789394734233202688
1348	8	131	1	1789394734233201664
1349	8	132	1	1789394734233201664
1350	8	133	1	1789394734233202688
1351	8	134	1	1789394734233202688
1352	8	135	1	1789394734233202688
1353	8	136	1	1789394734233202688
1354	8	137	1	1789394734233202688
1355	8	138	1	1789394734233201664
1356	8	139	1	1789394734233202688
1357	8	140	1	1789394734233201664
1358	8	141	1	1789394734233202688
1359	8	142	1	1789394734233201664
1360	8	143	1	1789394734233202688
1361	8	144	1	1789394734233201664
1362	8	145	1	1789394734233202688
1363	8	146	1	1789394734233202688
1364	8	147	1	1789394734233202688
1365	8	148	1	1789394734233201664
1366	8	149	1	1789394734233201664
1367	8	150	1	1789394734233202688
1368	8	151	1	1789394734233202688
1369	8	152	1	1789394734233202688
1370	8	153	1	1789394734233201664
1371	8	154	1	1789394734233201664
1372	8	155	1	1789394734233202688
1373	8	156	1	1789394734233202688
1374	8	157	1	1789394734233202688
1375	8	158	1	1789394734233201664
1376	8	159	1	1789394734233202688
1377	8	160	1	1789394734233202688
1378	8	161	1	1789394734233202688
1379	8	162	1	1789394734233202688
1380	8	163	1	1789394734233202688
1381	8	164	1	1789394734233202688
1382	8	165	1	1789394734233202688
1383	8	166	1	1789394734233202688
1384	8	167	1	1789394734233202688
1385	8	168	1	1789394734233202688
1386	8	169	1	1789394734233202688
1387	8	170	1	1789394734233202688
1388	8	171	1	1789394734233202688
1389	8	172	1	1789394734233202688
1390	8	173	1	1789394734233202688
1391	8	174	1	1789394734233201664
1392	8	175	1	1789394734233201664
1393	8	176	1	1789394734233202688
1394	8	177	1	1789394734233202688
1395	8	178	1	1789394734233202688
1396	8	179	1	1789394734233202688
1397	8	180	1	1789394734233202688
1398	8	181	1	1789394734233201664
1399	8	182	1	1789394734233202688
1400	8	183	1	1789394734233202688
1401	8	184	1	1789394734233202688
1402	8	185	1	1789394734233202688
1403	8	186	1	1789394734233201664
1404	8	187	1	1789394734233202688
1405	8	188	1	1789394734233202688
1406	8	189	1	1789394734233202688
1407	8	190	1	1789394734233202688
1408	8	191	1	1789394734233201664
1409	8	192	1	1789394734233202688
1410	8	193	1	1789394734233202688
1411	8	194	1	1789394734233202688
1412	8	195	1	1789394734233201664
1413	8	196	1	1789394734233202688
1414	8	197	1	1789394734233202688
1415	8	198	1	1789394734233202688
1416	8	199	1	1789394734233202688
1417	8	200	1	1789394734233202688
1418	8	201	1	1789394734233202688
1419	8	202	1	1789394734233202688
1420	8	203	1	1789394734233202688
1421	8	204	1	1789394734233202688
1422	8	205	1	1789394734233202688
1423	8	206	1	1789394734233202688
1424	8	207	1	1789394734233202688
1425	8	208	1	1789394734233202688
1426	8	209	1	1789394734233202688
1427	8	210	1	1789394734233202688
1428	8	211	1	1789394734233202688
1429	8	212	1	1789394734233202688
1430	8	213	1	1789394734233202688
1431	8	214	1	1789394734233202688
1432	8	215	1	1789394734233202688
1433	8	216	1	1789394734233202688
1434	8	217	1	1789394734233201664
1435	8	218	1	1789394734233201664
1436	8	219	1	1789394734233202688
1437	8	220	1	1789394734233202688
1438	8	221	1	1789394734233202688
1439	8	222	1	1789394734233201664
1440	8	223	1	1789394734233202688
1441	8	224	1	1789394734233202688
1442	8	225	1	1789394734233202688
1443	8	226	1	1789394734233202688
1444	8	227	1	1789394734233202688
1445	8	228	1	1789394734233202688
1446	8	229	1	1789394734233202688
1447	8	230	1	1789394734233202688
1448	8	231	1	1789394734233203712
1449	8	232	1	1789394734233202688
1450	8	233	1	1789394734233202688
1451	8	234	1	1789394734233202688
1452	8	235	1	1789394734233202688
1453	8	236	1	1789394734233202688
1454	8	237	1	1789394734233202688
1455	8	238	1	1789394734233202688
1456	8	239	1	1789394734233202688
1457	8	240	1	1789394734233202688
1458	8	241	1	1789394734233202688
1459	8	242	1	1789394734233202688
1460	8	243	1	1789394734233201664
1461	8	244	1	1789394734233203712
1462	8	245	1	1789394734233202688
1463	8	246	1	1789394734233202688
1464	8	247	1	1789394734233202688
1465	8	248	1	1789394734233202688
1466	8	249	1	1789394734233202688
1467	8	250	1	1789394734233202688
1468	8	251	1	1789394734233202688
1469	8	252	1	1789394734233202688
1470	8	253	1	1789394734233202688
1471	8	254	1	1789394734233202688
1472	8	255	1	1789394734233202688
1473	8	256	1	1789394734233202688
1474	8	257	1	1789394734233231360
1475	8	258	1	1789394734233229312
1476	8	259	1	1789394734233230336
1477	8	260	1	1789394734233230336
1478	8	261	1	1789394734233230336
1479	8	262	1	1789394734233230336
1480	8	263	1	1789394734233230336
1481	8	264	1	1789394734233230336
1482	8	265	1	1789394734233230336
1483	8	266	1	1789394734233230336
1484	8	267	1	1789394734233231360
1485	8	268	1	1789394734233230336
1486	8	269	1	1789394734233230336
1487	8	270	1	1789394734233229312
1488	8	271	1	1789394734233230336
1489	8	272	1	1789394734233230336
1490	8	273	1	1789394734233230336
1491	8	274	1	1789394734233230336
1492	8	275	1	1789394734233230336
1493	8	276	1	1789394734233229312
1494	8	277	1	1789394734233230336
1495	8	278	1	1789394734233230336
1496	8	279	1	1789394734233230336
1497	8	280	1	1789394734233230336
1498	8	281	1	1789394734233229312
1499	8	282	1	1789394734233229312
1500	8	283	1	1789394734233230336
1501	8	284	1	1789394734233230336
1502	8	285	1	1789394734233231360
1503	8	286	1	1789394734233230336
1504	8	287	1	1789394734233230336
1505	8	288	1	1789394734233231360
1506	8	289	1	1789394734233230336
1507	8	290	1	1789394734233230336
1508	8	291	1	1789394734233231360
1509	8	292	1	1789394734233230336
1510	8	293	1	1789394734233231360
1511	8	294	1	1789394734233230336
1512	8	295	1	1789394734233232384
1513	8	296	1	1789394734233230336
1514	8	297	1	1789394734233231360
1515	8	298	1	1789394734233230336
1516	8	299	1	1789394734233230336
1517	8	300	1	1789394734233231360
1518	8	301	1	1789394734233231360
1519	8	302	1	1789394734233230336
1520	8	303	1	1789394734233230336
1521	8	304	1	1789394734233230336
1522	8	305	1	1789394734233231360
1523	8	306	1	1789394734233230336
1524	8	307	1	1789394734233231360
1525	8	308	1	1789394734233230336
1526	8	309	1	1789394734233230336
1527	8	310	1	1789394734233230336
1528	8	311	1	1789394734233231360
1529	8	312	1	1789394734233230336
1530	8	313	1	1789394734233230336
1531	8	314	1	1789394734233230336
1532	8	315	1	1789394734233230336
1533	8	316	1	1789394734233231360
1534	8	317	1	1789394734233231360
1535	8	318	1	1789394734233230336
1536	8	319	1	1789394734233230336
1537	8	320	1	1789394734233231360
1538	8	321	1	1789394734233231360
1539	8	322	1	1789394734233231360
1540	8	323	1	1789394734233230336
1541	8	324	1	1789394734233230336
1542	8	325	1	1789394734233231360
1543	8	326	1	1789394734233231360
1544	8	327	1	1789394734233231360
1545	8	328	1	1789394734233231360
1546	8	329	1	1789394734233230336
1547	8	330	1	1789394734233230336
1548	8	331	1	1789394734233230336
1549	8	332	1	1789394734233231360
1550	8	333	1	1789394734233230336
1551	8	334	1	1789394734233231360
1552	8	335	1	1789394734233230336
1553	8	336	1	1789394734233230336
1554	8	337	1	1789394734233230336
1555	8	338	1	1789394734233230336
1556	8	339	1	1789394734233231360
1557	8	340	1	1789394734233230336
1558	8	341	1	1789394734233230336
1559	8	342	1	1789394734233231360
1560	8	343	1	1789394734233231360
1561	8	344	1	1789394734233230336
1562	8	345	1	1789394734233230336
1563	8	346	1	1789394734233229312
1564	8	347	1	1789394734233230336
1565	8	348	1	1789394734233231360
1566	8	349	1	1789394734233231360
1567	8	350	1	1789394734233230336
1568	8	351	1	1789394734233231360
1569	8	352	1	1789394734233231360
1570	8	353	1	1789394734233231360
1571	8	354	1	1789394734233231360
1572	8	355	1	1789394734233230336
1573	8	356	1	1789394734233230336
1574	8	357	1	1789394734233231360
1575	8	358	1	1789394734233231360
1576	8	359	1	1789394734233231360
1577	8	360	1	1789394734233230336
1578	8	361	1	1789394734233230336
1579	8	362	1	1789394734233231360
1580	8	363	1	1789394734233231360
1581	8	364	1	1789394734233231360
1582	8	365	1	1789394734233232384
1583	8	366	1	1789394734233230336
1584	8	367	1	1789394734233230336
1585	8	368	1	1789394734233230336
1586	8	369	1	1789394734233230336
1587	8	370	1	1789394734233231360
1588	8	371	1	1789394734233230336
1589	8	372	1	1789394734233230336
1590	8	373	1	1789394734233230336
1591	8	374	1	1789394734233230336
1592	8	375	1	1789394734233231360
1593	8	376	1	1789394734233231360
1594	8	377	1	1789394734233231360
1595	8	378	1	1789394734233230336
1596	8	379	1	1789394734233230336
1597	8	380	1	1789394734233231360
1598	8	381	1	1789394734233231360
1599	8	382	1	1789394734233231360
1600	8	383	1	1789394734233230336
1601	8	384	1	1789394734233227264
1602	8	385	1	1789394734233226240
1603	8	386	1	1789394734233227264
1604	8	387	1	1789394734233225216
1605	8	388	1	1789394734233225216
1606	8	389	1	1789394734233226240
1607	8	390	1	1789394734233226240
1608	8	391	1	1789394734233227264
1609	8	392	1	1789394734233225216
1610	8	393	1	1789394734233225216
1611	8	394	1	1789394734233225216
1612	8	395	1	1789394734233226240
1613	8	396	1	1789394734233225216
1614	8	397	1	1789394734233226240
1615	8	398	1	1789394734233226240
1616	8	399	1	1789394734233225216
1617	8	400	1	1789394734233225216
1618	8	401	1	1789394734233226240
1619	8	402	1	1789394734233226240
1620	8	403	1	1789394734233225216
1621	8	404	1	1789394734233225216
1622	8	405	1	1789394734233225216
1623	8	406	1	1789394734233226240
1624	8	407	1	1789394734233226240
1625	8	408	1	1789394734233225216
1626	8	409	1	1789394734233224192
1627	8	410	1	1789394734233224192
1628	8	411	1	1789394734233225216
1629	8	412	1	1789394734233226240
1630	8	413	1	1789394734233225216
1631	8	414	1	1789394734233224192
1632	8	415	1	1789394734233226240
1633	8	416	1	1789394734233226240
1634	8	417	1	1789394734233225216
1635	8	418	1	1789394734233227264
1636	8	419	1	1789394734233225216
1637	8	420	1	1789394734233226240
1638	8	421	1	1789394734233226240
1639	8	422	1	1789394734233226240
1640	8	423	1	1789394734233226240
1641	8	424	1	1789394734233226240
1642	8	425	1	1789394734233226240
1643	8	426	1	1789394734233225216
1644	8	427	1	1789394734233225216
1645	8	428	1	1789394734233226240
1646	8	429	1	1789394734233226240
1647	8	430	1	1789394734233225216
1648	8	431	1	1789394734233224192
1649	8	432	1	1789394734233225216
1650	8	433	1	1789394734233226240
1651	8	434	1	1789394734233226240
1652	8	435	1	1789394734233225216
1653	8	436	1	1789394734233224192
1654	8	437	1	1789394734233225216
1655	8	438	1	1789394734233225216
1656	8	439	1	1789394734233226240
1657	8	440	1	1789394734233225216
1658	8	441	1	1789394734233224192
1659	8	442	1	1789394734233224192
1660	8	443	1	1789394734233225216
1661	8	444	1	1789394734233225216
1662	8	445	1	1789394734233226240
1663	8	446	1	1789394734233224192
1664	8	447	1	1789394734233225216
1665	8	448	1	1789394734233227264
1666	8	449	1	1789394734233226240
1667	8	450	1	1789394734233226240
1668	8	451	1	1789394734233225216
1669	8	452	1	1789394734233226240
1670	8	453	1	1789394734233226240
1671	8	454	1	1789394734233226240
1672	8	455	1	1789394734233226240
1673	8	456	1	1789394734233225216
1674	8	457	1	1789394734233225216
1675	8	458	1	1789394734233225216
1676	8	459	1	1789394734233224192
1677	8	460	1	1789394734233226240
1678	8	461	1	1789394734233225216
1679	8	462	1	1789394734233225216
1680	8	463	1	1789394734233225216
1681	8	464	1	1789394734233226240
1682	8	465	1	1789394734233225216
1683	8	466	1	1789394734233225216
1684	8	467	1	1789394734233225216
1685	8	468	1	1789394734233225216
1686	8	469	1	1789394734233225216
1687	8	470	1	1789394734233226240
1688	8	471	1	1789394734233225216
1689	8	472	1	1789394734233225216
1690	8	473	1	1789394734233224192
1691	8	474	1	1789394734233225216
1692	8	475	1	1789394734233225216
1693	8	476	1	1789394734233226240
1694	8	477	1	1789394734233225216
1695	8	478	1	1789394734233225216
1696	8	479	1	1789394734233225216
1697	8	480	1	1789394734233226240
1698	8	481	1	1789394734233226240
1699	8	482	1	1789394734233226240
1700	8	483	1	1789394734233225216
1701	8	484	1	1789394734233225216
1702	8	485	1	1789394734233226240
1703	8	486	1	1789394734233227264
1704	8	487	1	1789394734233226240
1705	8	488	1	1789394734233225216
1706	8	489	1	1789394734233226240
1707	8	490	1	1789394734233226240
1708	8	491	1	1789394734233225216
1709	8	492	1	1789394734233225216
1710	8	493	1	1789394734233226240
1711	8	494	1	1789394734233225216
1712	8	495	1	1789394734233224192
1713	8	496	1	1789394734233225216
1714	8	497	1	1789394734233224192
1715	8	498	1	1789394734233226240
1716	8	499	1	1789394734233225216
1717	8	500	1	1789394734233229312
1718	8	501	1	1789394734233228288
1719	8	502	1	1789394734233228288
1720	8	503	1	1789394734233230336
1721	8	504	1	1789394734233228288
1722	8	505	1	1789394734233229312
1723	8	506	1	1789394734233228288
1724	8	507	1	1789394734233229312
1725	8	508	1	1789394734233228288
1726	8	509	1	1789394734233229312
1727	8	510	1	1789394734233227264
1728	8	511	1	1789394734233228288
1729	9	0	1	1789394734233269248
1730	9	1	1	1789394734233269248
1731	9	2	1	1789394734233268224
1732	9	3	1	1789394734233269248
1733	10	0	1	1789394734233274368
1734	10	1	1	1789394734233274368
1735	10	2	1	1789394734233273344
1736	10	3	1	1789394734233273344
1737	10	4	1	1789394734233274368
1738	10	5	1	1789394734233274368
1739	10	6	1	1789394734233274368
1740	10	7	1	1789394734233274368
1741	10	8	1	1789394734233273344
1742	10	9	1	1789394734233273344
1743	10	10	1	1789394734233273344
1744	10	11	1	1789394734233274368
1745	10	12	1	1789394734233274368
1746	10	13	1	1789394734233273344
1747	10	14	1	1789394734233273344
1748	10	15	1	1789394734233273344
1749	10	16	1	1789394734233274368
1750	10	17	1	1789394734233274368
1751	10	18	1	1789394734233273344
1752	10	19	1	1789394734233273344
1753	10	20	1	1789394734233273344
1754	10	21	1	1789394734233273344
1755	10	22	1	1789394734233273344
1756	10	23	1	1789394734233273344
1757	10	24	1	1789394734233273344
1758	10	25	1	1789394734233273344
1759	10	26	1	1789394734233273344
1760	10	27	1	1789394734233273344
1761	10	28	1	1789394734233273344
1762	10	29	1	1789394734233273344
1763	10	30	1	1789394734233273344
1764	10	31	1	1789394734233273344
1765	10	32	1	1789394734233274368
1766	10	33	1	1789394734233274368
1767	10	34	1	1789394734233274368
1768	10	35	1	1789394734233274368
1769	10	36	1	1789394734233273344
1770	10	37	1	1789394734233274368
1771	10	38	1	1789394734233274368
1772	10	39	1	1789394734233274368
1773	10	40	1	1789394734233274368
1774	10	41	1	1789394734233273344
1775	10	42	1	1789394734233273344
1776	10	43	1	1789394734233273344
1777	10	44	1	1789394734233273344
1778	10	45	1	1789394734233274368
1779	10	46	1	1789394734233273344
1780	10	47	1	1789394734233273344
1781	10	48	1	1789394734233273344
1782	10	49	1	1789394734233274368
1783	10	50	1	1789394734233274368
1784	10	51	1	1789394734233273344
1785	10	52	1	1789394734233273344
1786	10	53	1	1789394734233273344
1787	10	54	1	1789394734233273344
1788	10	55	1	1789394734233273344
1789	10	56	1	1789394734233273344
1790	10	57	1	1789394734233273344
1791	10	58	1	1789394734233273344
1792	10	59	1	1789394734233273344
1793	10	60	1	1789394734233273344
1794	10	61	1	1789394734233274368
1795	10	62	1	1789394734233273344
1796	10	63	1	1789394734233273344
1797	10	64	1	1789394734233274368
1798	10	65	1	1789394734233274368
1799	10	66	1	1789394734233273344
1800	10	67	1	1789394734233273344
1801	10	68	1	1789394734233274368
1802	10	69	1	1789394734233274368
1803	10	70	1	1789394734233274368
1804	10	71	1	1789394734233274368
1805	10	72	1	1789394734233273344
1806	10	73	1	1789394734233273344
1807	10	74	1	1789394734233273344
1808	10	75	1	1789394734233273344
1809	10	76	1	1789394734233274368
1810	10	77	1	1789394734233273344
1811	10	78	1	1789394734233273344
1812	10	79	1	1789394734233273344
1813	10	80	1	1789394734233274368
1814	10	81	1	1789394734233274368
1815	10	82	1	1789394734233273344
1816	10	83	1	1789394734233273344
1817	10	84	1	1789394734233273344
1818	10	85	1	1789394734233273344
1819	10	86	1	1789394734233273344
1820	10	87	1	1789394734233273344
1821	10	88	1	1789394734233273344
1822	10	89	1	1789394734233273344
1823	10	90	1	1789394734233273344
1824	10	91	1	1789394734233273344
1825	10	92	1	1789394734233273344
1826	10	93	1	1789394734233273344
1827	10	94	1	1789394734233273344
1828	10	95	1	1789394734233273344
1829	10	96	1	1789394734233273344
1830	10	97	1	1789394734233274368
1831	10	98	1	1789394734233274368
1832	10	99	1	1789394734233274368
1833	10	100	1	1789394734233273344
1834	10	101	1	1789394734233274368
1835	10	102	1	1789394734233274368
1836	10	103	1	1789394734233274368
1837	10	104	1	1789394734233274368
1838	10	105	1	1789394734233273344
1839	10	106	1	1789394734233273344
1840	10	107	1	1789394734233273344
1841	10	108	1	1789394734233273344
1842	10	109	1	1789394734233274368
1843	10	110	1	1789394734233273344
1844	10	111	1	1789394734233273344
1845	10	112	1	1789394734233273344
1846	10	113	1	1789394734233273344
1847	10	114	1	1789394734233273344
1848	10	115	1	1789394734233273344
1849	10	116	1	1789394734233273344
1850	10	117	1	1789394734233273344
1851	10	118	1	1789394734233273344
1852	10	119	1	1789394734233273344
1853	10	120	1	1789394734233273344
1854	10	121	1	1789394734233273344
1855	10	122	1	1789394734233273344
1856	10	123	1	1789394734233273344
1857	10	124	1	1789394734233273344
1858	10	125	1	1789394734233273344
1859	10	126	1	1789394734233273344
1860	10	127	1	1789394734233273344
1861	11	0	1	1789394734233300992
1862	11	1	1	1789394734233302016
1863	11	2	1	1789394734233328640
1864	11	3	1	1789394734233300992
1865	11	4	1	1789394734233300992
1866	11	5	1	1789394734233302016
1867	11	6	1	1789394734233302016
1868	11	7	1	1789394734233300992
1869	12	0	1	1789394734233328640
1870	12	1	1	1789394734233328640
1871	12	2	1	1789394734233300992
1872	12	3	1	1789394734233328640
1873	12	4	1	1789394734233329664
1874	12	5	1	1789394734233329664
1875	12	6	1	1789394734233329664
1876	12	7	1	1789394734233328640
1877	13	0	1	1789394734233334784
1878	13	1	1	1789394734233334784
1879	13	2	1	1789394734233334784
1880	13	3	1	1789394734233334784
1881	13	4	1	1789394734233334784
1882	13	5	1	1789394734233335808
1883	13	6	1	1789394734233334784
1884	13	7	1	1789394734233334784
1885	13	8	1	1789394734233334784
1886	13	9	1	1789394734233334784
1887	13	10	1	1789394734233334784
1888	13	11	1	1789394734233334784
1889	13	12	1	1789394734233334784
1890	13	13	1	1789394734233334784
1891	13	14	1	1789394734233334784
1892	13	15	1	1789394734233334784
1893	13	16	1	1789394734233334784
1894	13	17	1	1789394734233334784
1895	13	18	1	1789394734233334784
1896	13	19	1	1789394734233334784
1897	13	20	1	1789394734233334784
1898	13	21	1	1789394734233334784
1899	13	22	1	1789394734233334784
1900	13	23	1	1789394734233334784
1901	13	24	1	1789394734233334784
1902	13	25	1	1789394734233334784
1903	13	26	1	1789394734233334784
1904	13	27	1	1789394734233334784
1905	13	28	1	1789394734233334784
1906	13	29	1	1789394734233334784
1907	13	30	1	1789394734233334784
1908	13	31	1	1789394734233334784
1909	13	32	1	1789394734233334784
1910	13	33	1	1789394734233335808
1911	13	34	1	1789394734233335808
1912	13	35	1	1789394734233334784
1913	13	36	1	1789394734233334784
1914	13	37	1	1789394734233334784
1915	13	38	1	1789394734233334784
1916	13	39	1	1789394734233335808
1917	13	40	1	1789394734233334784
1918	13	41	1	1789394734233334784
1919	13	42	1	1789394734233334784
1920	13	43	1	1789394734233334784
1921	13	44	1	1789394734233334784
1922	13	45	1	1789394734233334784
1923	13	46	1	1789394734233334784
1924	13	47	1	1789394734233334784
1925	13	48	1	1789394734233334784
1926	13	49	1	1789394734233334784
1927	13	50	1	1789394734233334784
1928	13	51	1	1789394734233334784
1929	13	52	1	1789394734233334784
1930	13	53	1	1789394734233334784
1931	13	54	1	1789394734233334784
1932	13	55	1	1789394734233334784
1933	13	56	1	1789394734233334784
1934	13	57	1	1789394734233334784
1935	13	58	1	1789394734233334784
1936	13	59	1	1789394734233334784
1937	13	60	1	1789394734233334784
1938	13	61	1	1789394734233334784
1939	13	62	1	1789394734233334784
1940	13	63	1	1789394734233334784
1941	13	64	1	1789394734233335808
1942	13	65	1	1789394734233334784
1943	13	66	1	1789394734233334784
1944	13	67	1	1789394734233334784
1945	13	68	1	1789394734233334784
1946	13	69	1	1789394734233335808
1947	13	70	1	1789394734233334784
1948	13	71	1	1789394734233334784
1949	13	72	1	1789394734233334784
1950	13	73	1	1789394734233334784
1951	13	74	1	1789394734233334784
1952	13	75	1	1789394734233334784
1953	13	76	1	1789394734233334784
1954	13	77	1	1789394734233334784
1955	13	78	1	1789394734233334784
1956	13	79	1	1789394734233334784
1957	13	80	1	1789394734233334784
1958	13	81	1	1789394734233334784
1959	13	82	1	1789394734233334784
1960	13	83	1	1789394734233334784
1961	13	84	1	1789394734233334784
1962	13	85	1	1789394734233334784
1963	13	86	1	1789394734233334784
1964	13	87	1	1789394734233334784
1965	13	88	1	1789394734233334784
1966	13	89	1	1789394734233334784
1967	13	90	1	1789394734233334784
1968	13	91	1	1789394734233334784
1969	13	92	1	1789394734233334784
1970	13	93	1	1789394734233334784
1971	13	94	1	1789394734233334784
1972	13	95	1	1789394734233334784
1973	13	96	1	1789394734233334784
1974	13	97	1	1789394734233335808
1975	13	98	1	1789394734233335808
1976	13	99	1	1789394734233334784
1977	13	100	1	1789394734233334784
1978	13	101	1	1789394734233334784
1979	13	102	1	1789394734233334784
1980	13	103	1	1789394734233335808
1981	13	104	1	1789394734233334784
1982	13	105	1	1789394734233334784
1983	13	106	1	1789394734233334784
1984	13	107	1	1789394734233334784
1985	13	108	1	1789394734233334784
1986	13	109	1	1789394734233334784
1987	13	110	1	1789394734233334784
1988	13	111	1	1789394734233334784
1989	13	112	1	1789394734233334784
1990	13	113	1	1789394734233334784
1991	13	114	1	1789394734233334784
1992	13	115	1	1789394734233334784
1993	13	116	1	1789394734233334784
1994	13	117	1	1789394734233334784
1995	13	118	1	1789394734233334784
1996	13	119	1	1789394734233334784
1997	13	120	1	1789394734233334784
1998	13	121	1	1789394734233334784
1999	13	122	1	1789394734233334784
2000	13	123	1	1789394734233334784
2001	13	124	1	1789394734233334784
2002	13	125	1	1789394734233334784
2003	13	126	1	1789394734233334784
2004	13	127	1	1789394734233334784
2005	14	0	1	1789394734233391104
2006	14	1	1	1789394734233391104
2007	14	2	1	1789394734233392128
2008	14	3	1	1789394734233391104
2009	15	0	1	1789394734233396224
2010	15	1	1	1789394734233396224
2011	15	2	1	1789394734233397248
2012	15	3	1	1789394734233396224
2013	15	4	1	1789394734233396224
2014	15	5	1	1789394734233396224
2015	15	6	1	1789394734233396224
2016	15	7	1	1789394734233396224
2017	15	8	1	1789394734233396224
2018	15	9	1	1789394734233396224
2019	15	10	1	1789394734233396224
2020	15	11	1	1789394734233396224
2021	15	12	1	1789394734233396224
2022	15	13	1	1789394734233396224
2023	15	14	1	1789394734233396224
2024	15	15	1	1789394734233396224
2025	15	16	1	1789394734233396224
2026	15	17	1	1789394734233397248
2027	15	18	1	1789394734233396224
2028	15	19	1	1789394734233396224
2029	15	20	1	1789394734233396224
2030	15	21	1	1789394734233396224
2031	15	22	1	1789394734233396224
2032	15	23	1	1789394734233396224
2033	15	24	1	1789394734233396224
2034	15	25	1	1789394734233396224
2035	15	26	1	1789394734233396224
2036	15	27	1	1789394734233396224
2037	15	28	1	1789394734233396224
2038	15	29	1	1789394734233396224
2039	15	30	1	1789394734233396224
2040	15	31	1	1789394734233396224
2041	15	32	1	1789394734233396224
2042	15	33	1	1789394734233397248
2043	15	34	1	1789394734233396224
2044	15	35	1	1789394734233396224
2045	15	36	1	1789394734233396224
2046	15	37	1	1789394734233396224
2047	15	38	1	1789394734233396224
2048	15	39	1	1789394734233396224
2049	15	40	1	1789394734233396224
2050	15	41	1	1789394734233396224
2051	15	42	1	1789394734233396224
2052	15	43	1	1789394734233396224
2053	15	44	1	1789394734233396224
2054	15	45	1	1789394734233396224
2055	15	46	1	1789394734233396224
2056	15	47	1	1789394734233396224
2057	15	48	1	1789394734233396224
2058	15	49	1	1789394734233396224
2059	15	50	1	1789394734233396224
2060	15	51	1	1789394734233396224
2061	15	52	1	1789394734233396224
2062	15	53	1	1789394734233396224
2063	15	54	1	1789394734233396224
2064	15	55	1	1789394734233396224
2065	15	56	1	1789394734233396224
2066	15	57	1	1789394734233396224
2067	15	58	1	1789394734233396224
2068	15	59	1	1789394734233396224
2069	15	60	1	1789394734233396224
2070	15	61	1	1789394734233396224
2071	15	62	1	1789394734233396224
2072	15	63	1	1789394734233396224
2073	15	64	1	1789394734233397248
2074	15	65	1	1789394734233397248
2075	15	66	1	1789394734233396224
2076	15	67	1	1789394734233396224
2077	15	68	1	1789394734233396224
2078	15	69	1	1789394734233397248
2079	15	70	1	1789394734233397248
2080	15	71	1	1789394734233396224
2081	15	72	1	1789394734233396224
2082	15	73	1	1789394734233396224
2083	15	74	1	1789394734233396224
2084	15	75	1	1789394734233396224
2085	15	76	1	1789394734233396224
2086	15	77	1	1789394734233396224
2087	15	78	1	1789394734233396224
2088	15	79	1	1789394734233396224
2089	15	80	1	1789394734233396224
2090	15	81	1	1789394734233397248
2091	15	82	1	1789394734233396224
2092	15	83	1	1789394734233396224
2093	15	84	1	1789394734233396224
2094	15	85	1	1789394734233396224
2095	15	86	1	1789394734233396224
2096	15	87	1	1789394734233396224
2097	15	88	1	1789394734233396224
2098	15	89	1	1789394734233396224
2099	15	90	1	1789394734233396224
2100	15	91	1	1789394734233396224
2101	15	92	1	1789394734233396224
2102	15	93	1	1789394734233396224
2103	15	94	1	1789394734233396224
2104	15	95	1	1789394734233396224
2105	15	96	1	1789394734233396224
2106	15	97	1	1789394734233397248
2107	15	98	1	1789394734233397248
2108	15	99	1	1789394734233396224
2109	15	100	1	1789394734233396224
2110	15	101	1	1789394734233396224
2111	15	102	1	1789394734233397248
2112	15	103	1	1789394734233397248
2113	15	104	1	1789394734233396224
2114	15	105	1	1789394734233396224
2115	15	106	1	1789394734233396224
2116	15	107	1	1789394734233396224
2117	15	108	1	1789394734233396224
2118	15	109	1	1789394734233396224
2119	15	110	1	1789394734233396224
2120	15	111	1	1789394734233396224
2121	15	112	1	1789394734233396224
2122	15	113	1	1789394734233396224
2123	15	114	1	1789394734233396224
2124	15	115	1	1789394734233396224
2125	15	116	1	1789394734233396224
2126	15	117	1	1789394734233396224
2127	15	118	1	1789394734233396224
2128	15	119	1	1789394734233396224
2129	15	120	1	1789394734233396224
2130	15	121	1	1789394734233396224
2131	15	122	1	1789394734233396224
2132	15	123	1	1789394734233396224
2133	15	124	1	1789394734233396224
2134	15	125	1	1789394734233396224
2135	15	126	1	1789394734233396224
2136	15	127	1	1789394734233396224
2137	16	4294967295	4	1789394734233452544
2138	17	4294967295	4	1789394734233424896
2139	18	4294967295	4	1789394734233481216
2140	19	0	1	1789394734233491456
2141	19	1	1	1789394734233491456
2142	19	2	1	1789394734233492480
2143	19	3	1	1789394734233490432
2144	19	4	1	1789394734233456640
2145	19	5	1	1789394734233456640
2146	19	6	1	1789394734233456640
2147	19	7	1	1789394734233456640
2148	19	8	1	1789394734233456640
2149	19	9	1	1789394734233456640
2150	19	10	1	1789394734233456640
2151	19	11	1	1789394734233456640
2152	19	12	1	1789394734233456640
2153	19	13	1	1789394734233456640
2154	19	14	1	1789394734233456640
2155	19	15	1	1789394734233456640
2156	19	16	1	1789394734233456640
2157	19	17	1	1789394734233456640
2158	19	18	1	1789394734233456640
2159	19	19	1	1789394734233456640
2160	19	20	1	1789394734233455616
2161	19	21	1	1789394734233456640
2162	19	22	1	1789394734233456640
2163	19	23	1	1789394734233456640
2164	19	24	1	1789394734233456640
2165	19	25	1	1789394734233455616
2166	19	26	1	1789394734233456640
2167	19	27	1	1789394734233456640
2168	19	28	1	1789394734233456640
2169	19	29	1	1789394734233456640
2170	19	30	1	1789394734233455616
2171	19	31	1	1789394734233456640
2172	19	32	1	1789394734233456640
2173	19	33	1	1789394734233456640
2174	19	34	1	1789394734233456640
2175	19	35	1	1789394734233456640
2176	19	36	1	1789394734233456640
2177	19	37	1	1789394734233456640
2178	19	38	1	1789394734233456640
2179	19	39	1	1789394734233456640
2180	19	40	1	1789394734233456640
2181	19	41	1	1789394734233456640
2182	19	42	1	1789394734233456640
2183	19	43	1	1789394734233456640
2184	19	44	1	1789394734233456640
2185	19	45	1	1789394734233456640
2186	19	46	1	1789394734233456640
2187	19	47	1	1789394734233456640
2188	19	48	1	1789394734233456640
2189	19	49	1	1789394734233456640
2190	19	50	1	1789394734233456640
2191	19	51	1	1789394734233456640
2192	19	52	1	1789394734233456640
2193	19	53	1	1789394734233455616
2194	19	54	1	1789394734233456640
2195	19	55	1	1789394734233456640
2196	19	56	1	1789394734233456640
2197	19	57	1	1789394734233456640
2198	19	58	1	1789394734233455616
2199	19	59	1	1789394734233456640
2200	19	60	1	1789394734233456640
2201	19	61	1	1789394734233456640
2202	19	62	1	1789394734233456640
2203	19	63	1	1789394734233455616
2204	19	64	1	1789394734233456640
2205	19	65	1	1789394734233456640
2206	19	66	1	1789394734233456640
2207	19	67	1	1789394734233456640
2208	19	68	1	1789394734233456640
2209	19	69	1	1789394734233456640
2210	19	70	1	1789394734233456640
2211	19	71	1	1789394734233456640
2212	19	72	1	1789394734233456640
2213	19	73	1	1789394734233456640
2214	19	74	1	1789394734233456640
2215	19	75	1	1789394734233456640
2216	19	76	1	1789394734233456640
2217	19	77	1	1789394734233456640
2218	19	78	1	1789394734233456640
2219	19	79	1	1789394734233456640
2220	19	80	1	1789394734233456640
2221	19	81	1	1789394734233456640
2222	19	82	1	1789394734233456640
2223	19	83	1	1789394734233456640
2224	19	84	1	1789394734233455616
2225	19	85	1	1789394734233455616
2226	19	86	1	1789394734233456640
2227	19	87	1	1789394734233456640
2228	19	88	1	1789394734233456640
2229	19	89	1	1789394734233455616
2230	19	90	1	1789394734233456640
2231	19	91	1	1789394734233456640
2232	19	92	1	1789394734233456640
2233	19	93	1	1789394734233456640
2234	19	94	1	1789394734233455616
2235	19	95	1	1789394734233456640
2236	19	96	1	1789394734233456640
2237	19	97	1	1789394734233456640
2238	19	98	1	1789394734233456640
2239	19	99	1	1789394734233456640
2240	19	100	1	1789394734233456640
2241	19	101	1	1789394734233456640
2242	19	102	1	1789394734233456640
2243	19	103	1	1789394734233456640
2244	19	104	1	1789394734233456640
2245	19	105	1	1789394734233456640
2246	19	106	1	1789394734233455616
2247	19	107	1	1789394734233456640
2248	19	108	1	1789394734233456640
2249	19	109	1	1789394734233456640
2250	19	110	1	1789394734233456640
2251	19	111	1	1789394734233456640
2252	19	112	1	1789394734233456640
2253	19	113	1	1789394734233456640
2254	19	114	1	1789394734233456640
2255	19	115	1	1789394734233456640
2256	19	116	1	1789394734233456640
2257	19	117	1	1789394734233455616
2258	19	118	1	1789394734233456640
2259	19	119	1	1789394734233456640
2260	19	120	1	1789394734233456640
2261	19	121	1	1789394734233456640
2262	19	122	1	1789394734233455616
2263	19	123	1	1789394734233456640
2264	19	124	1	1789394734233456640
2265	19	125	1	1789394734233456640
2266	19	126	1	1789394734233456640
2267	19	127	1	1789394734233455616
2268	19	128	1	1789394734233457664
2269	19	129	1	1789394734233457664
2270	19	130	1	1789394734233457664
2271	19	131	1	1789394734233456640
2272	19	132	1	1789394734233456640
2273	19	133	1	1789394734233456640
2274	19	134	1	1789394734233456640
2275	19	135	1	1789394734233456640
2276	19	136	1	1789394734233456640
2277	19	137	1	1789394734233456640
2278	19	138	1	1789394734233456640
2279	19	139	1	1789394734233456640
2280	19	140	1	1789394734233456640
2281	19	141	1	1789394734233456640
2282	19	142	1	1789394734233456640
2283	19	143	1	1789394734233456640
2284	19	144	1	1789394734233456640
2285	19	145	1	1789394734233456640
2286	19	146	1	1789394734233456640
2287	19	147	1	1789394734233456640
2288	19	148	1	1789394734233455616
2289	19	149	1	1789394734233456640
2290	19	150	1	1789394734233456640
2291	19	151	1	1789394734233456640
2292	19	152	1	1789394734233456640
2293	19	153	1	1789394734233455616
2294	19	154	1	1789394734233456640
2295	19	155	1	1789394734233456640
2296	19	156	1	1789394734233456640
2297	19	157	1	1789394734233456640
2298	19	158	1	1789394734233455616
2299	19	159	1	1789394734233456640
2300	19	160	1	1789394734233456640
2301	19	161	1	1789394734233456640
2302	19	162	1	1789394734233456640
2303	19	163	1	1789394734233456640
2304	19	164	1	1789394734233456640
2305	19	165	1	1789394734233456640
2306	19	166	1	1789394734233456640
2307	19	167	1	1789394734233456640
2308	19	168	1	1789394734233456640
2309	19	169	1	1789394734233456640
2310	19	170	1	1789394734233456640
2311	19	171	1	1789394734233456640
2312	19	172	1	1789394734233456640
2313	19	173	1	1789394734233456640
2314	19	174	1	1789394734233456640
2315	19	175	1	1789394734233456640
2316	19	176	1	1789394734233456640
2317	19	177	1	1789394734233456640
2318	19	178	1	1789394734233456640
2319	19	179	1	1789394734233456640
2320	19	180	1	1789394734233456640
2321	19	181	1	1789394734233455616
2322	19	182	1	1789394734233456640
2323	19	183	1	1789394734233456640
2324	19	184	1	1789394734233456640
2325	19	185	1	1789394734233456640
2326	19	186	1	1789394734233455616
2327	19	187	1	1789394734233456640
2328	19	188	1	1789394734233456640
2329	19	189	1	1789394734233456640
2330	19	190	1	1789394734233456640
2331	19	191	1	1789394734233455616
2332	19	192	1	1789394734233456640
2333	19	193	1	1789394734233456640
2334	19	194	1	1789394734233456640
2335	19	195	1	1789394734233456640
2336	19	196	1	1789394734233456640
2337	19	197	1	1789394734233456640
2338	19	198	1	1789394734233456640
2339	19	199	1	1789394734233456640
2340	19	200	1	1789394734233456640
2341	19	201	1	1789394734233456640
2342	19	202	1	1789394734233456640
2343	19	203	1	1789394734233456640
2344	19	204	1	1789394734233456640
2345	19	205	1	1789394734233456640
2346	19	206	1	1789394734233456640
2347	19	207	1	1789394734233456640
2348	19	208	1	1789394734233456640
2349	19	209	1	1789394734233456640
2350	19	210	1	1789394734233456640
2351	19	211	1	1789394734233456640
2352	19	212	1	1789394734233455616
2353	19	213	1	1789394734233456640
2354	19	214	1	1789394734233456640
2355	19	215	1	1789394734233456640
2356	19	216	1	1789394734233455616
2357	19	217	1	1789394734233455616
2358	19	218	1	1789394734233456640
2359	19	219	1	1789394734233456640
2360	19	220	1	1789394734233456640
2361	19	221	1	1789394734233456640
2362	19	222	1	1789394734233455616
2363	19	223	1	1789394734233456640
2364	19	224	1	1789394734233456640
2365	19	225	1	1789394734233456640
2366	19	226	1	1789394734233456640
2367	19	227	1	1789394734233456640
2368	19	228	1	1789394734233456640
2369	19	229	1	1789394734233456640
2370	19	230	1	1789394734233456640
2371	19	231	1	1789394734233456640
2372	19	232	1	1789394734233456640
2373	19	233	1	1789394734233456640
2374	19	234	1	1789394734233455616
2375	19	235	1	1789394734233456640
2376	19	236	1	1789394734233456640
2377	19	237	1	1789394734233456640
2378	19	238	1	1789394734233456640
2379	19	239	1	1789394734233456640
2380	19	240	1	1789394734233456640
2381	19	241	1	1789394734233456640
2382	19	242	1	1789394734233456640
2383	19	243	1	1789394734233456640
2384	19	244	1	1789394734233456640
2385	19	245	1	1789394734233455616
2386	19	246	1	1789394734233456640
2387	19	247	1	1789394734233456640
2388	19	248	1	1789394734233456640
2389	19	249	1	1789394734233456640
2390	19	250	1	1789394734233455616
2391	19	251	1	1789394734233456640
2392	19	252	1	1789394734233456640
2393	19	253	1	1789394734233456640
2394	19	254	1	1789394734233456640
2395	19	255	1	1789394734233455616
2396	19	256	1	1789394734233495552
2397	19	257	1	1789394734233494528
2398	19	258	1	1789394734233496576
2399	19	259	1	1789394734233493504
2400	19	260	1	1789394734233460736
2401	19	261	1	1789394734233460736
2402	19	262	1	1789394734233460736
2403	19	263	1	1789394734233460736
2404	19	264	1	1789394734233459712
2405	19	265	1	1789394734233459712
2406	19	266	1	1789394734233459712
2407	19	267	1	1789394734233460736
2408	19	268	1	1789394734233460736
2409	19	269	1	1789394734233460736
2410	19	270	1	1789394734233459712
2411	19	271	1	1789394734233460736
2412	19	272	1	1789394734233460736
2413	19	273	1	1789394734233460736
2414	19	274	1	1789394734233459712
2415	19	275	1	1789394734233459712
2416	19	276	1	1789394734233459712
2417	19	277	1	1789394734233459712
2418	19	278	1	1789394734233459712
2419	19	279	1	1789394734233459712
2420	19	280	1	1789394734233459712
2421	19	281	1	1789394734233459712
2422	19	282	1	1789394734233459712
2423	19	283	1	1789394734233460736
2424	19	284	1	1789394734233459712
2425	19	285	1	1789394734233459712
2426	19	286	1	1789394734233459712
2427	19	287	1	1789394734233459712
2428	19	288	1	1789394734233460736
2429	19	289	1	1789394734233460736
2430	19	290	1	1789394734233460736
2431	19	291	1	1789394734233460736
2432	19	292	1	1789394734233459712
2433	19	293	1	1789394734233460736
2434	19	294	1	1789394734233460736
2435	19	295	1	1789394734233460736
2436	19	296	1	1789394734233460736
2437	19	297	1	1789394734233460736
2438	19	298	1	1789394734233459712
2439	19	299	1	1789394734233459712
2440	19	300	1	1789394734233460736
2441	19	301	1	1789394734233460736
2442	19	302	1	1789394734233459712
2443	19	303	1	1789394734233459712
2444	19	304	1	1789394734233459712
2445	19	305	1	1789394734233460736
2446	19	306	1	1789394734233460736
2447	19	307	1	1789394734233459712
2448	19	308	1	1789394734233459712
2449	19	309	1	1789394734233459712
2450	19	310	1	1789394734233459712
2451	19	311	1	1789394734233459712
2452	19	312	1	1789394734233459712
2453	19	313	1	1789394734233459712
2454	19	314	1	1789394734233459712
2455	19	315	1	1789394734233459712
2456	19	316	1	1789394734233459712
2457	19	317	1	1789394734233460736
2458	19	318	1	1789394734233459712
2459	19	319	1	1789394734233459712
2460	19	320	1	1789394734233460736
2461	19	321	1	1789394734233460736
2462	19	322	1	1789394734233460736
2463	19	323	1	1789394734233460736
2464	19	324	1	1789394734233460736
2465	19	325	1	1789394734233460736
2466	19	326	1	1789394734233460736
2467	19	327	1	1789394734233460736
2468	19	328	1	1789394734233459712
2469	19	329	1	1789394734233459712
2470	19	330	1	1789394734233459712
2471	19	331	1	1789394734233460736
2472	19	332	1	1789394734233460736
2473	19	333	1	1789394734233460736
2474	19	334	1	1789394734233459712
2475	19	335	1	1789394734233460736
2476	19	336	1	1789394734233460736
2477	19	337	1	1789394734233460736
2478	19	338	1	1789394734233459712
2479	19	339	1	1789394734233459712
2480	19	340	1	1789394734233459712
2481	19	341	1	1789394734233459712
2482	19	342	1	1789394734233459712
2483	19	343	1	1789394734233459712
2484	19	344	1	1789394734233459712
2485	19	345	1	1789394734233459712
2486	19	346	1	1789394734233459712
2487	19	347	1	1789394734233459712
2488	19	348	1	1789394734233459712
2489	19	349	1	1789394734233459712
2490	19	350	1	1789394734233459712
2491	19	351	1	1789394734233459712
2492	19	352	1	1789394734233460736
2493	19	353	1	1789394734233460736
2494	19	354	1	1789394734233460736
2495	19	355	1	1789394734233460736
2496	19	356	1	1789394734233459712
2497	19	357	1	1789394734233460736
2498	19	358	1	1789394734233460736
2499	19	359	1	1789394734233460736
2500	19	360	1	1789394734233460736
2501	19	361	1	1789394734233459712
2502	19	362	1	1789394734233459712
2503	19	363	1	1789394734233459712
2504	19	364	1	1789394734233460736
2505	19	365	1	1789394734233460736
2506	19	366	1	1789394734233459712
2507	19	367	1	1789394734233459712
2508	19	368	1	1789394734233459712
2509	19	369	1	1789394734233460736
2510	19	370	1	1789394734233460736
2511	19	371	1	1789394734233459712
2512	19	372	1	1789394734233459712
2513	19	373	1	1789394734233459712
2514	19	374	1	1789394734233459712
2515	19	375	1	1789394734233459712
2516	19	376	1	1789394734233459712
2517	19	377	1	1789394734233459712
2518	19	378	1	1789394734233459712
2519	19	379	1	1789394734233459712
2520	19	380	1	1789394734233459712
2521	19	381	1	1789394734233459712
2522	19	382	1	1789394734233459712
2523	19	383	1	1789394734233459712
2524	19	384	1	1789394734233462784
2525	19	385	1	1789394734233462784
2526	19	386	1	1789394734233462784
2527	19	387	1	1789394734233461760
2528	19	388	1	1789394734233460736
2529	19	389	1	1789394734233460736
2530	19	390	1	1789394734233460736
2531	19	391	1	1789394734233460736
2532	19	392	1	1789394734233459712
2533	19	393	1	1789394734233459712
2534	19	394	1	1789394734233459712
2535	19	395	1	1789394734233460736
2536	19	396	1	1789394734233460736
2537	19	397	1	1789394734233460736
2538	19	398	1	1789394734233459712
2539	19	399	1	1789394734233460736
2540	19	400	1	1789394734233460736
2541	19	401	1	1789394734233460736
2542	19	402	1	1789394734233459712
2543	19	403	1	1789394734233459712
2544	19	404	1	1789394734233459712
2545	19	405	1	1789394734233459712
2546	19	406	1	1789394734233459712
2547	19	407	1	1789394734233459712
2548	19	408	1	1789394734233459712
2549	19	409	1	1789394734233459712
2550	19	410	1	1789394734233459712
2551	19	411	1	1789394734233460736
2552	19	412	1	1789394734233459712
2553	19	413	1	1789394734233459712
2554	19	414	1	1789394734233459712
2555	19	415	1	1789394734233459712
2556	19	416	1	1789394734233460736
2557	19	417	1	1789394734233460736
2558	19	418	1	1789394734233460736
2559	19	419	1	1789394734233460736
2560	19	420	1	1789394734233459712
2561	19	421	1	1789394734233460736
2562	19	422	1	1789394734233460736
2563	19	423	1	1789394734233460736
2564	19	424	1	1789394734233460736
2565	19	425	1	1789394734233460736
2566	19	426	1	1789394734233459712
2567	19	427	1	1789394734233459712
2568	19	428	1	1789394734233460736
2569	19	429	1	1789394734233460736
2570	19	430	1	1789394734233459712
2571	19	431	1	1789394734233459712
2572	19	432	1	1789394734233459712
2573	19	433	1	1789394734233460736
2574	19	434	1	1789394734233460736
2575	19	435	1	1789394734233459712
2576	19	436	1	1789394734233459712
2577	19	437	1	1789394734233459712
2578	19	438	1	1789394734233459712
2579	19	439	1	1789394734233459712
2580	19	440	1	1789394734233459712
2581	19	441	1	1789394734233459712
2582	19	442	1	1789394734233459712
2583	19	443	1	1789394734233459712
2584	19	444	1	1789394734233459712
2585	19	445	1	1789394734233460736
2586	19	446	1	1789394734233459712
2587	19	447	1	1789394734233459712
2588	19	448	1	1789394734233460736
2589	19	449	1	1789394734233460736
2590	19	450	1	1789394734233460736
2591	19	451	1	1789394734233460736
2592	19	452	1	1789394734233460736
2593	19	453	1	1789394734233460736
2594	19	454	1	1789394734233460736
2595	19	455	1	1789394734233460736
2596	19	456	1	1789394734233459712
2597	19	457	1	1789394734233459712
2598	19	458	1	1789394734233459712
2599	19	459	1	1789394734233460736
2600	19	460	1	1789394734233460736
2601	19	461	1	1789394734233460736
2602	19	462	1	1789394734233459712
2603	19	463	1	1789394734233460736
2604	19	464	1	1789394734233460736
2605	19	465	1	1789394734233460736
2606	19	466	1	1789394734233459712
2607	19	467	1	1789394734233459712
2608	19	468	1	1789394734233459712
2609	19	469	1	1789394734233459712
2610	19	470	1	1789394734233459712
2611	19	471	1	1789394734233459712
2612	19	472	1	1789394734233459712
2613	19	473	1	1789394734233459712
2614	19	474	1	1789394734233459712
2615	19	475	1	1789394734233459712
2616	19	476	1	1789394734233459712
2617	19	477	1	1789394734233459712
2618	19	478	1	1789394734233459712
2619	19	479	1	1789394734233459712
2620	19	480	1	1789394734233460736
2621	19	481	1	1789394734233460736
2622	19	482	1	1789394734233460736
2623	19	483	1	1789394734233460736
2624	19	484	1	1789394734233459712
2625	19	485	1	1789394734233460736
2626	19	486	1	1789394734233460736
2627	19	487	1	1789394734233460736
2628	19	488	1	1789394734233460736
2629	19	489	1	1789394734233459712
2630	19	490	1	1789394734233459712
2631	19	491	1	1789394734233459712
2632	19	492	1	1789394734233460736
2633	19	493	1	1789394734233460736
2634	19	494	1	1789394734233459712
2635	19	495	1	1789394734233459712
2636	19	496	1	1789394734233459712
2637	19	497	1	1789394734233460736
2638	19	498	1	1789394734233460736
2639	19	499	1	1789394734233459712
2640	19	500	1	1789394734233459712
2641	19	501	1	1789394734233459712
2642	19	502	1	1789394734233459712
2643	19	503	1	1789394734233459712
2644	19	504	1	1789394734233459712
2645	19	505	1	1789394734233459712
2646	19	506	1	1789394734233459712
2647	19	507	1	1789394734233459712
2648	19	508	1	1789394734233459712
2649	19	509	1	1789394734233459712
2650	19	510	1	1789394734233459712
2651	19	511	1	1789394734233459712
2652	20	0	1	1789394734233483264
2653	20	1	1	1789394734233483264
2654	20	2	1	1789394734233485312
2655	20	3	1	1789394734233483264
2656	20	4	1	1789394734233427968
2657	20	5	1	1789394734233428992
2658	20	6	1	1789394734233428992
2659	20	7	1	1789394734233428992
2660	20	8	1	1789394734233428992
2661	20	9	1	1789394734233428992
2662	20	10	1	1789394734233428992
2663	20	11	1	1789394734233428992
2664	20	12	1	1789394734233428992
2665	20	13	1	1789394734233428992
2666	20	14	1	1789394734233428992
2667	20	15	1	1789394734233428992
2668	20	16	1	1789394734233428992
2669	20	17	1	1789394734233428992
2670	20	18	1	1789394734233428992
2671	20	19	1	1789394734233428992
2672	20	20	1	1789394734233427968
2673	20	21	1	1789394734233428992
2674	20	22	1	1789394734233428992
2675	20	23	1	1789394734233428992
2676	20	24	1	1789394734233427968
2677	20	25	1	1789394734233427968
2678	20	26	1	1789394734233427968
2679	20	27	1	1789394734233428992
2680	20	28	1	1789394734233428992
2681	20	29	1	1789394734233427968
2682	20	30	1	1789394734233427968
2683	20	31	1	1789394734233428992
2684	20	32	1	1789394734233428992
2685	20	33	1	1789394734233427968
2686	20	34	1	1789394734233428992
2687	20	35	1	1789394734233428992
2688	20	36	1	1789394734233428992
2689	20	37	1	1789394734233427968
2690	20	38	1	1789394734233428992
2691	20	39	1	1789394734233428992
2692	20	40	1	1789394734233427968
2693	20	41	1	1789394734233428992
2694	20	42	1	1789394734233427968
2695	20	43	1	1789394734233428992
2696	20	44	1	1789394734233428992
2697	20	45	1	1789394734233428992
2698	20	46	1	1789394734233428992
2699	20	47	1	1789394734233427968
2700	20	48	1	1789394734233428992
2701	20	49	1	1789394734233428992
2702	20	50	1	1789394734233428992
2703	20	51	1	1789394734233428992
2704	20	52	1	1789394734233427968
2705	20	53	1	1789394734233427968
2706	20	54	1	1789394734233428992
2707	20	55	1	1789394734233428992
2708	20	56	1	1789394734233428992
2709	20	57	1	1789394734233428992
2710	20	58	1	1789394734233427968
2711	20	59	1	1789394734233427968
2712	20	60	1	1789394734233428992
2713	20	61	1	1789394734233428992
2714	20	62	1	1789394734233428992
2715	20	63	1	1789394734233427968
2716	20	64	1	1789394734233428992
2717	20	65	1	1789394734233428992
2718	20	66	1	1789394734233428992
2719	20	67	1	1789394734233428992
2720	20	68	1	1789394734233428992
2721	20	69	1	1789394734233428992
2722	20	70	1	1789394734233428992
2723	20	71	1	1789394734233428992
2724	20	72	1	1789394734233428992
2725	20	73	1	1789394734233427968
2726	20	74	1	1789394734233428992
2727	20	75	1	1789394734233428992
2728	20	76	1	1789394734233428992
2729	20	77	1	1789394734233428992
2730	20	78	1	1789394734233427968
2731	20	79	1	1789394734233428992
2732	20	80	1	1789394734233428992
2733	20	81	1	1789394734233428992
2734	20	82	1	1789394734233428992
2735	20	83	1	1789394734233428992
2736	20	84	1	1789394734233427968
2737	20	85	1	1789394734233427968
2738	20	86	1	1789394734233428992
2739	20	87	1	1789394734233428992
2740	20	88	1	1789394734233427968
2741	20	89	1	1789394734233427968
2742	20	90	1	1789394734233427968
2743	20	91	1	1789394734233428992
2744	20	92	1	1789394734233428992
2745	20	93	1	1789394734233427968
2746	20	94	1	1789394734233427968
2747	20	95	1	1789394734233428992
2748	20	96	1	1789394734233428992
2749	20	97	1	1789394734233428992
2750	20	98	1	1789394734233428992
2751	20	99	1	1789394734233428992
2752	20	100	1	1789394734233428992
2753	20	101	1	1789394734233428992
2754	20	102	1	1789394734233428992
2755	20	103	1	1789394734233428992
2756	20	104	1	1789394734233428992
2757	20	105	1	1789394734233428992
2758	20	106	1	1789394734233427968
2759	20	107	1	1789394734233428992
2760	20	108	1	1789394734233428992
2761	20	109	1	1789394734233428992
2762	20	110	1	1789394734233428992
2763	20	111	1	1789394734233427968
2764	20	112	1	1789394734233428992
2765	20	113	1	1789394734233428992
2766	20	114	1	1789394734233428992
2767	20	115	1	1789394734233428992
2768	20	116	1	1789394734233427968
2769	20	117	1	1789394734233427968
2770	20	118	1	1789394734233428992
2771	20	119	1	1789394734233428992
2772	20	120	1	1789394734233428992
2773	20	121	1	1789394734233427968
2774	20	122	1	1789394734233427968
2775	20	123	1	1789394734233427968
2776	20	124	1	1789394734233428992
2777	20	125	1	1789394734233428992
2778	20	126	1	1789394734233428992
2779	20	127	1	1789394734233427968
2780	20	128	1	1789394734233430016
2781	20	129	1	1789394734233430016
2782	20	130	1	1789394734233427968
2783	20	131	1	1789394734233430016
2784	20	132	1	1789394734233428992
2785	20	133	1	1789394734233427968
2786	20	134	1	1789394734233427968
2787	20	135	1	1789394734233428992
2788	20	136	1	1789394734233428992
2789	20	137	1	1789394734233428992
2790	20	138	1	1789394734233428992
2791	20	139	1	1789394734233428992
2792	20	140	1	1789394734233428992
2793	20	141	1	1789394734233428992
2794	20	142	1	1789394734233428992
2795	20	143	1	1789394734233428992
2796	20	144	1	1789394734233428992
2797	20	145	1	1789394734233428992
2798	20	146	1	1789394734233428992
2799	20	147	1	1789394734233428992
2800	20	148	1	1789394734233427968
2801	20	149	1	1789394734233428992
2802	20	150	1	1789394734233428992
2803	20	151	1	1789394734233428992
2804	20	152	1	1789394734233427968
2805	20	153	1	1789394734233427968
2806	20	154	1	1789394734233427968
2807	20	155	1	1789394734233428992
2808	20	156	1	1789394734233428992
2809	20	157	1	1789394734233427968
2810	20	158	1	1789394734233427968
2811	20	159	1	1789394734233428992
2812	20	160	1	1789394734233428992
2813	20	161	1	1789394734233428992
2814	20	162	1	1789394734233427968
2815	20	163	1	1789394734233428992
2816	20	164	1	1789394734233428992
2817	20	165	1	1789394734233428992
2818	20	166	1	1789394734233427968
2819	20	167	1	1789394734233427968
2820	20	168	1	1789394734233428992
2821	20	169	1	1789394734233428992
2822	20	170	1	1789394734233427968
2823	20	171	1	1789394734233428992
2824	20	172	1	1789394734233428992
2825	20	173	1	1789394734233428992
2826	20	174	1	1789394734233428992
2827	20	175	1	1789394734233427968
2828	20	176	1	1789394734233428992
2829	20	177	1	1789394734233428992
2830	20	178	1	1789394734233428992
2831	20	179	1	1789394734233428992
2832	20	180	1	1789394734233427968
2833	20	181	1	1789394734233427968
2834	20	182	1	1789394734233428992
2835	20	183	1	1789394734233428992
2836	20	184	1	1789394734233428992
2837	20	185	1	1789394734233428992
2838	20	186	1	1789394734233427968
2839	20	187	1	1789394734233427968
2840	20	188	1	1789394734233428992
2841	20	189	1	1789394734233428992
2842	20	190	1	1789394734233428992
2843	20	191	1	1789394734233427968
2844	20	192	1	1789394734233428992
2845	20	193	1	1789394734233428992
2846	20	194	1	1789394734233428992
2847	20	195	1	1789394734233428992
2848	20	196	1	1789394734233428992
2849	20	197	1	1789394734233428992
2850	20	198	1	1789394734233428992
2851	20	199	1	1789394734233428992
2852	20	200	1	1789394734233428992
2853	20	201	1	1789394734233427968
2854	20	202	1	1789394734233428992
2855	20	203	1	1789394734233428992
2856	20	204	1	1789394734233428992
2857	20	205	1	1789394734233428992
2858	20	206	1	1789394734233427968
2859	20	207	1	1789394734233428992
2860	20	208	1	1789394734233428992
2861	20	209	1	1789394734233428992
2862	20	210	1	1789394734233428992
2863	20	211	1	1789394734233428992
2864	20	212	1	1789394734233427968
2865	20	213	1	1789394734233427968
2866	20	214	1	1789394734233428992
2867	20	215	1	1789394734233428992
2868	20	216	1	1789394734233427968
2869	20	217	1	1789394734233427968
2870	20	218	1	1789394734233427968
2871	20	219	1	1789394734233428992
2872	20	220	1	1789394734233428992
2873	20	221	1	1789394734233427968
2874	20	222	1	1789394734233427968
2875	20	223	1	1789394734233428992
2876	20	224	1	1789394734233428992
2877	20	225	1	1789394734233428992
2878	20	226	1	1789394734233427968
2879	20	227	1	1789394734233428992
2880	20	228	1	1789394734233428992
2881	20	229	1	1789394734233428992
2882	20	230	1	1789394734233428992
2883	20	231	1	1789394734233428992
2884	20	232	1	1789394734233428992
2885	20	233	1	1789394734233428992
2886	20	234	1	1789394734233427968
2887	20	235	1	1789394734233428992
2888	20	236	1	1789394734233428992
2889	20	237	1	1789394734233428992
2890	20	238	1	1789394734233428992
2891	20	239	1	1789394734233427968
2892	20	240	1	1789394734233428992
2893	20	241	1	1789394734233428992
2894	20	242	1	1789394734233428992
2895	20	243	1	1789394734233428992
2896	20	244	1	1789394734233427968
2897	20	245	1	1789394734233427968
2898	20	246	1	1789394734233428992
2899	20	247	1	1789394734233428992
2900	20	248	1	1789394734233428992
2901	20	249	1	1789394734233427968
2902	20	250	1	1789394734233427968
2903	20	251	1	1789394734233427968
2904	20	252	1	1789394734233428992
2905	20	253	1	1789394734233428992
2906	20	254	1	1789394734233428992
2907	20	255	1	1789394734233427968
2908	20	256	1	1789394734233487360
2909	20	257	1	1789394734233487360
2910	20	258	1	1789394734233489408
2911	20	259	1	1789394734233487360
2912	20	260	1	1789394734233432064
2913	20	261	1	1789394734233433088
2914	20	262	1	1789394734233433088
2915	20	263	1	1789394734233433088
2916	20	264	1	1789394734233432064
2917	20	265	1	1789394734233432064
2918	20	266	1	1789394734233432064
2919	20	267	1	1789394734233433088
2920	20	268	1	1789394734233433088
2921	20	269	1	1789394734233432064
2922	20	270	1	1789394734233432064
2923	20	271	1	1789394734233432064
2924	20	272	1	1789394734233433088
2925	20	273	1	1789394734233433088
2926	20	274	1	1789394734233432064
2927	20	275	1	1789394734233432064
2928	20	276	1	1789394734233432064
2929	20	277	1	1789394734233432064
2930	20	278	1	1789394734233432064
2931	20	279	1	1789394734233432064
2932	20	280	1	1789394734233432064
2933	20	281	1	1789394734233432064
2934	20	282	1	1789394734233432064
2935	20	283	1	1789394734233432064
2936	20	284	1	1789394734233432064
2937	20	285	1	1789394734233432064
2938	20	286	1	1789394734233432064
2939	20	287	1	1789394734233432064
2940	20	288	1	1789394734233433088
2941	20	289	1	1789394734233432064
2942	20	290	1	1789394734233433088
2943	20	291	1	1789394734233433088
2944	20	292	1	1789394734233432064
2945	20	293	1	1789394734233431040
2946	20	294	1	1789394734233433088
2947	20	295	1	1789394734233433088
2948	20	296	1	1789394734233431040
2949	20	297	1	1789394734233432064
2950	20	298	1	1789394734233432064
2951	20	299	1	1789394734233432064
2952	20	300	1	1789394734233433088
2953	20	301	1	1789394734233433088
2954	20	302	1	1789394734233432064
2955	20	303	1	1789394734233432064
2956	20	304	1	1789394734233432064
2957	20	305	1	1789394734233433088
2958	20	306	1	1789394734233433088
2959	20	307	1	1789394734233432064
2960	20	308	1	1789394734233432064
2961	20	309	1	1789394734233432064
2962	20	310	1	1789394734233432064
2963	20	311	1	1789394734233432064
2964	20	312	1	1789394734233432064
2965	20	313	1	1789394734233432064
2966	20	314	1	1789394734233432064
2967	20	315	1	1789394734233432064
2968	20	316	1	1789394734233432064
2969	20	317	1	1789394734233432064
2970	20	318	1	1789394734233432064
2971	20	319	1	1789394734233432064
2972	20	320	1	1789394734233433088
2973	20	321	1	1789394734233433088
2974	20	322	1	1789394734233433088
2975	20	323	1	1789394734233432064
2976	20	324	1	1789394734233433088
2977	20	325	1	1789394734233433088
2978	20	326	1	1789394734233433088
2979	20	327	1	1789394734233433088
2980	20	328	1	1789394734233432064
2981	20	329	1	1789394734233432064
2982	20	330	1	1789394734233432064
2983	20	331	1	1789394734233433088
2984	20	332	1	1789394734233433088
2985	20	333	1	1789394734233432064
2986	20	334	1	1789394734233432064
2987	20	335	1	1789394734233432064
2988	20	336	1	1789394734233433088
2989	20	337	1	1789394734233433088
2990	20	338	1	1789394734233432064
2991	20	339	1	1789394734233432064
2992	20	340	1	1789394734233432064
2993	20	341	1	1789394734233432064
2994	20	342	1	1789394734233432064
2995	20	343	1	1789394734233432064
2996	20	344	1	1789394734233432064
2997	20	345	1	1789394734233432064
2998	20	346	1	1789394734233432064
2999	20	347	1	1789394734233432064
3000	20	348	1	1789394734233432064
3001	20	349	1	1789394734233432064
3002	20	350	1	1789394734233432064
3003	20	351	1	1789394734233432064
3004	20	352	1	1789394734233433088
3005	20	353	1	1789394734233433088
3006	20	354	1	1789394734233433088
3007	20	355	1	1789394734233433088
3008	20	356	1	1789394734233432064
3009	20	357	1	1789394734233433088
3010	20	358	1	1789394734233433088
3011	20	359	1	1789394734233433088
3012	20	360	1	1789394734233433088
3013	20	361	1	1789394734233432064
3014	20	362	1	1789394734233432064
3015	20	363	1	1789394734233432064
3016	20	364	1	1789394734233433088
3017	20	365	1	1789394734233433088
3018	20	366	1	1789394734233432064
3019	20	367	1	1789394734233432064
3020	20	368	1	1789394734233432064
3021	20	369	1	1789394734233433088
3022	20	370	1	1789394734233433088
3023	20	371	1	1789394734233432064
3024	20	372	1	1789394734233432064
3025	20	373	1	1789394734233432064
3026	20	374	1	1789394734233432064
3027	20	375	1	1789394734233432064
3028	20	376	1	1789394734233432064
3029	20	377	1	1789394734233432064
3030	20	378	1	1789394734233432064
3031	20	379	1	1789394734233432064
3032	20	380	1	1789394734233432064
3033	20	381	1	1789394734233432064
3034	20	382	1	1789394734233432064
3035	20	383	1	1789394734233432064
3036	20	384	1	1789394734233435136
3037	20	385	1	1789394734233435136
3038	20	386	1	1789394734233433088
3039	20	387	1	1789394734233434112
3040	20	388	1	1789394734233433088
3041	20	389	1	1789394734233432064
3042	20	390	1	1789394734233432064
3043	20	391	1	1789394734233433088
3044	20	392	1	1789394734233432064
3045	20	393	1	1789394734233432064
3046	20	394	1	1789394734233432064
3047	20	395	1	1789394734233433088
3048	20	396	1	1789394734233433088
3049	20	397	1	1789394734233432064
3050	20	398	1	1789394734233432064
3051	20	399	1	1789394734233432064
3052	20	400	1	1789394734233433088
3053	20	401	1	1789394734233433088
3054	20	402	1	1789394734233432064
3055	20	403	1	1789394734233432064
3056	20	404	1	1789394734233432064
3057	20	405	1	1789394734233432064
3058	20	406	1	1789394734233432064
3059	20	407	1	1789394734233432064
3060	20	408	1	1789394734233432064
3061	20	409	1	1789394734233432064
3062	20	410	1	1789394734233432064
3063	20	411	1	1789394734233432064
3064	20	412	1	1789394734233432064
3065	20	413	1	1789394734233432064
3066	20	414	1	1789394734233432064
3067	20	415	1	1789394734233432064
3068	20	416	1	1789394734233433088
3069	20	417	1	1789394734233433088
3070	20	418	1	1789394734233432064
3071	20	419	1	1789394734233433088
3072	20	420	1	1789394734233432064
3073	20	421	1	1789394734233433088
3074	20	422	1	1789394734233432064
3075	20	423	1	1789394734233432064
3076	20	424	1	1789394734233433088
3077	20	425	1	1789394734233432064
3078	20	426	1	1789394734233432064
3079	20	427	1	1789394734233432064
3080	20	428	1	1789394734233433088
3081	20	429	1	1789394734233433088
3082	20	430	1	1789394734233432064
3083	20	431	1	1789394734233432064
3084	20	432	1	1789394734233432064
3085	20	433	1	1789394734233433088
3086	20	434	1	1789394734233433088
3087	20	435	1	1789394734233432064
3088	20	436	1	1789394734233432064
3089	20	437	1	1789394734233432064
3090	20	438	1	1789394734233432064
3091	20	439	1	1789394734233432064
3092	20	440	1	1789394734233432064
3093	20	441	1	1789394734233432064
3094	20	442	1	1789394734233432064
3095	20	443	1	1789394734233432064
3096	20	444	1	1789394734233432064
3097	20	445	1	1789394734233432064
3098	20	446	1	1789394734233432064
3099	20	447	1	1789394734233432064
3100	20	448	1	1789394734233433088
3101	20	449	1	1789394734233433088
3102	20	450	1	1789394734233433088
3103	20	451	1	1789394734233432064
3104	20	452	1	1789394734233433088
3105	20	453	1	1789394734233433088
3106	20	454	1	1789394734233433088
3107	20	455	1	1789394734233433088
3108	20	456	1	1789394734233432064
3109	20	457	1	1789394734233432064
3110	20	458	1	1789394734233432064
3111	20	459	1	1789394734233433088
3112	20	460	1	1789394734233433088
3113	20	461	1	1789394734233432064
3114	20	462	1	1789394734233432064
3115	20	463	1	1789394734233432064
3116	20	464	1	1789394734233433088
3117	20	465	1	1789394734233433088
3118	20	466	1	1789394734233432064
3119	20	467	1	1789394734233432064
3120	20	468	1	1789394734233432064
3121	20	469	1	1789394734233432064
3122	20	470	1	1789394734233432064
3123	20	471	1	1789394734233432064
3124	20	472	1	1789394734233432064
3125	20	473	1	1789394734233432064
3126	20	474	1	1789394734233432064
3127	20	475	1	1789394734233432064
3128	20	476	1	1789394734233432064
3129	20	477	1	1789394734233432064
3130	20	478	1	1789394734233432064
3131	20	479	1	1789394734233432064
3132	20	480	1	1789394734233433088
3133	20	481	1	1789394734233433088
3134	20	482	1	1789394734233432064
3135	20	483	1	1789394734233433088
3136	20	484	1	1789394734233432064
3137	20	485	1	1789394734233433088
3138	20	486	1	1789394734233433088
3139	20	487	1	1789394734233433088
3140	20	488	1	1789394734233433088
3141	20	489	1	1789394734233432064
3142	20	490	1	1789394734233432064
3143	20	491	1	1789394734233432064
3144	20	492	1	1789394734233433088
3145	20	493	1	1789394734233433088
3146	20	494	1	1789394734233432064
3147	20	495	1	1789394734233432064
3148	20	496	1	1789394734233432064
3149	20	497	1	1789394734233433088
3150	20	498	1	1789394734233433088
3151	20	499	1	1789394734233432064
3152	20	500	1	1789394734233432064
3153	20	501	1	1789394734233432064
3154	20	502	1	1789394734233432064
3155	20	503	1	1789394734233432064
3156	20	504	1	1789394734233432064
3157	20	505	1	1789394734233432064
3158	20	506	1	1789394734233432064
3159	20	507	1	1789394734233432064
3160	20	508	1	1789394734233432064
3161	20	509	1	1789394734233432064
3162	20	510	1	1789394734233432064
3163	20	511	1	1789394734233432064
3164	21	4294967295	512	1789394734233508864
3165	22	4294967295	512	1789394734233503744
3166	23	0	1	1789394734233558016
3167	23	1	1	1789394734233558016
3168	23	2	1	1789394734233535488
3169	23	3	1	1789394734233534464
3170	23	4	1	1789394734233535488
3171	23	5	1	1789394734233535488
3172	23	6	1	1789394734233535488
3173	23	7	1	1789394734233535488
3174	23	8	1	1789394734233534464
3175	23	9	1	1789394734233534464
3176	23	10	1	1789394734233534464
3177	23	11	1	1789394734233534464
3178	23	12	1	1789394734233534464
3179	23	13	1	1789394734233534464
3180	23	14	1	1789394734233534464
3181	23	15	1	1789394734233534464
3182	23	16	1	1789394734233533440
3183	23	17	1	1789394734233536512
3184	23	18	1	1789394734233535488
3185	23	19	1	1789394734233534464
3186	23	20	1	1789394734233534464
3187	23	21	1	1789394734233535488
3188	23	22	1	1789394734233535488
3189	23	23	1	1789394734233534464
3190	23	24	1	1789394734233534464
3191	23	25	1	1789394734233535488
3192	23	26	1	1789394734233534464
3193	23	27	1	1789394734233534464
3194	23	28	1	1789394734233535488
3195	23	29	1	1789394734233535488
3196	23	30	1	1789394734233536512
3197	23	31	1	1789394734233535488
3198	23	32	1	1789394734233535488
3199	23	33	1	1789394734233532416
3200	23	34	1	1789394734233532416
3201	23	35	1	1789394734233535488
3202	23	36	1	1789394734233535488
3203	23	37	1	1789394734233532416
3204	23	38	1	1789394734233532416
3205	23	39	1	1789394734233534464
3206	23	40	1	1789394734233532416
3207	23	41	1	1789394734233535488
3208	23	42	1	1789394734233535488
3209	23	43	1	1789394734233535488
3210	23	44	1	1789394734233535488
3211	23	45	1	1789394734233535488
3212	23	46	1	1789394734233535488
3213	23	47	1	1789394734233535488
3214	23	48	1	1789394734233535488
3215	23	49	1	1789394734233535488
3216	23	50	1	1789394734233535488
3217	23	51	1	1789394734233536512
3218	23	52	1	1789394734233536512
3219	23	53	1	1789394734233535488
3220	23	54	1	1789394734233536512
3221	23	55	1	1789394734233536512
3222	23	56	1	1789394734233536512
3223	23	57	1	1789394734233535488
3224	23	58	1	1789394734233535488
3225	23	59	1	1789394734233535488
3226	23	60	1	1789394734233535488
3227	23	61	1	1789394734233536512
3228	23	62	1	1789394734233535488
3229	23	63	1	1789394734233535488
3230	23	64	1	1789394734233533440
3231	23	65	1	1789394734233535488
3232	23	66	1	1789394734233535488
3233	23	67	1	1789394734233535488
3234	23	68	1	1789394734233533440
3235	23	69	1	1789394734233532416
3236	23	70	1	1789394734233533440
3237	23	71	1	1789394734233532416
3238	23	72	1	1789394734233536512
3239	23	73	1	1789394734233536512
3240	23	74	1	1789394734233536512
3241	23	75	1	1789394734233535488
3242	23	76	1	1789394734233535488
3243	23	77	1	1789394734233536512
3244	23	78	1	1789394734233536512
3245	23	79	1	1789394734233536512
3246	23	80	1	1789394734233535488
3247	23	81	1	1789394734233535488
3248	23	82	1	1789394734233536512
3249	23	83	1	1789394734233536512
3250	23	84	1	1789394734233536512
3251	23	85	1	1789394734233536512
3252	23	86	1	1789394734233535488
3253	23	87	1	1789394734233536512
3254	23	88	1	1789394734233536512
3255	23	89	1	1789394734233535488
3256	23	90	1	1789394734233535488
3257	23	91	1	1789394734233536512
3258	23	92	1	1789394734233536512
3259	23	93	1	1789394734233536512
3260	23	94	1	1789394734233536512
3261	23	95	1	1789394734233536512
3262	23	96	1	1789394734233536512
3263	23	97	1	1789394734233533440
3264	23	98	1	1789394734233533440
3265	23	99	1	1789394734233535488
3266	23	100	1	1789394734233536512
3267	23	101	1	1789394734233533440
3268	23	102	1	1789394734233533440
3269	23	103	1	1789394734233534464
3270	23	104	1	1789394734233532416
3271	23	105	1	1789394734233537536
3272	23	106	1	1789394734233536512
3273	23	107	1	1789394734233536512
3274	23	108	1	1789394734233536512
3275	23	109	1	1789394734233536512
3276	23	110	1	1789394734233536512
3277	23	111	1	1789394734233535488
3278	23	112	1	1789394734233535488
3279	23	113	1	1789394734233535488
3280	23	114	1	1789394734233536512
3281	23	115	1	1789394734233536512
3282	23	116	1	1789394734233535488
3283	23	117	1	1789394734233535488
3284	23	118	1	1789394734233535488
3285	23	119	1	1789394734233535488
3286	23	120	1	1789394734233534464
3287	23	121	1	1789394734233535488
3288	23	122	1	1789394734233535488
3289	23	123	1	1789394734233534464
3290	23	124	1	1789394734233535488
3291	23	125	1	1789394734233535488
3292	23	126	1	1789394734233535488
3293	23	127	1	1789394734233535488
3294	23	128	1	1789394734233535488
3295	23	129	1	1789394734233534464
3296	23	130	1	1789394734233531392
3297	23	131	1	1789394734233531392
3298	23	132	1	1789394734233530368
3299	23	133	1	1789394734233531392
3300	23	134	1	1789394734233531392
3301	23	135	1	1789394734233530368
3302	23	136	1	1789394734233531392
3303	23	137	1	1789394734233531392
3304	23	138	1	1789394734233532416
3305	23	139	1	1789394734233531392
3306	23	140	1	1789394734233531392
3307	23	141	1	1789394734233532416
3308	23	142	1	1789394734233531392
3309	23	143	1	1789394734233532416
3310	23	144	1	1789394734233532416
3311	23	145	1	1789394734233532416
3312	23	146	1	1789394734233532416
3313	23	147	1	1789394734233532416
3314	23	148	1	1789394734233531392
3315	23	149	1	1789394734233532416
3316	23	150	1	1789394734233532416
3317	23	151	1	1789394734233531392
3318	23	152	1	1789394734233532416
3319	23	153	1	1789394734233531392
3320	23	154	1	1789394734233531392
3321	23	155	1	1789394734233532416
3322	23	156	1	1789394734233532416
3323	23	157	1	1789394734233532416
3324	23	158	1	1789394734233531392
3325	23	159	1	1789394734233532416
3326	23	160	1	1789394734233532416
3327	23	161	1	1789394734233532416
3328	23	162	1	1789394734233532416
3329	23	163	1	1789394734233532416
3330	23	164	1	1789394734233531392
3331	23	165	1	1789394734233532416
3332	23	166	1	1789394734233532416
3333	23	167	1	1789394734233530368
3334	23	168	1	1789394734233532416
3335	23	169	1	1789394734233531392
3336	23	170	1	1789394734233532416
3337	23	171	1	1789394734233532416
3338	23	172	1	1789394734233532416
3339	23	173	1	1789394734233532416
3340	23	174	1	1789394734233532416
3341	23	175	1	1789394734233532416
3342	23	176	1	1789394734233531392
3343	23	177	1	1789394734233532416
3344	23	178	1	1789394734233532416
3345	23	179	1	1789394734233532416
3346	23	180	1	1789394734233532416
3347	23	181	1	1789394734233531392
3348	23	182	1	1789394734233532416
3349	23	183	1	1789394734233532416
3350	23	184	1	1789394734233532416
3351	23	185	1	1789394734233531392
3352	23	186	1	1789394734233531392
3353	23	187	1	1789394734233532416
3354	23	188	1	1789394734233532416
3355	23	189	1	1789394734233532416
3356	23	190	1	1789394734233532416
3357	23	191	1	1789394734233531392
3358	23	192	1	1789394734233532416
3359	23	193	1	1789394734233532416
3360	23	194	1	1789394734233532416
3361	23	195	1	1789394734233531392
3362	23	196	1	1789394734233532416
3363	23	197	1	1789394734233532416
3364	23	198	1	1789394734233532416
3365	23	199	1	1789394734233532416
3366	23	200	1	1789394734233532416
3367	23	201	1	1789394734233532416
3368	23	202	1	1789394734233532416
3369	23	203	1	1789394734233532416
3370	23	204	1	1789394734233532416
3371	23	205	1	1789394734233532416
3372	23	206	1	1789394734233532416
3373	23	207	1	1789394734233532416
3374	23	208	1	1789394734233532416
3375	23	209	1	1789394734233532416
3376	23	210	1	1789394734233532416
3377	23	211	1	1789394734233532416
3378	23	212	1	1789394734233532416
3379	23	213	1	1789394734233532416
3380	23	214	1	1789394734233532416
3381	23	215	1	1789394734233532416
3382	23	216	1	1789394734233532416
3383	23	217	1	1789394734233531392
3384	23	218	1	1789394734233531392
3385	23	219	1	1789394734233532416
3386	23	220	1	1789394734233532416
3387	23	221	1	1789394734233532416
3388	23	222	1	1789394734233532416
3389	23	223	1	1789394734233532416
3390	23	224	1	1789394734233532416
3391	23	225	1	1789394734233532416
3392	23	226	1	1789394734233532416
3393	23	227	1	1789394734233532416
3394	23	228	1	1789394734233532416
3395	23	229	1	1789394734233532416
3396	23	230	1	1789394734233532416
3397	23	231	1	1789394734233532416
3398	23	232	1	1789394734233532416
3399	23	233	1	1789394734233532416
3400	23	234	1	1789394734233532416
3401	23	235	1	1789394734233532416
3402	23	236	1	1789394734233532416
3403	23	237	1	1789394734233532416
3404	23	238	1	1789394734233532416
3405	23	239	1	1789394734233531392
3406	23	240	1	1789394734233532416
3407	23	241	1	1789394734233532416
3408	23	242	1	1789394734233532416
3409	23	243	1	1789394734233532416
3410	23	244	1	1789394734233532416
3411	23	245	1	1789394734233532416
3412	23	246	1	1789394734233532416
3413	23	247	1	1789394734233532416
3414	23	248	1	1789394734233533440
3415	23	249	1	1789394734233532416
3416	23	250	1	1789394734233532416
3417	23	251	1	1789394734233532416
3418	23	252	1	1789394734233532416
3419	23	253	1	1789394734233533440
3420	23	254	1	1789394734233532416
3421	23	255	1	1789394734233532416
3422	23	256	1	1789394734233531392
3423	23	257	1	1789394734233532416
3424	23	258	1	1789394734233560064
3425	23	259	1	1789394734233560064
3426	23	260	1	1789394734233558016
3427	23	261	1	1789394734233560064
3428	23	262	1	1789394734233560064
3429	23	263	1	1789394734233560064
3430	23	264	1	1789394734233559040
3431	23	265	1	1789394734233559040
3432	23	266	1	1789394734233561088
3433	23	267	1	1789394734233560064
3434	23	268	1	1789394734233560064
3435	23	269	1	1789394734233560064
3436	23	270	1	1789394734233560064
3437	23	271	1	1789394734233559040
3438	23	272	1	1789394734233560064
3439	23	273	1	1789394734233561088
3440	23	274	1	1789394734233560064
3441	23	275	1	1789394734233561088
3442	23	276	1	1789394734233559040
3443	23	277	1	1789394734233560064
3444	23	278	1	1789394734233561088
3445	23	279	1	1789394734233560064
3446	23	280	1	1789394734233559040
3447	23	281	1	1789394734233561088
3448	23	282	1	1789394734233560064
3449	23	283	1	1789394734233560064
3450	23	284	1	1789394734233560064
3451	23	285	1	1789394734233560064
3452	23	286	1	1789394734233560064
3453	23	287	1	1789394734233561088
3454	23	288	1	1789394734233560064
3455	23	289	1	1789394734233560064
3456	23	290	1	1789394734233559040
3457	23	291	1	1789394734233561088
3458	23	292	1	1789394734233560064
3459	23	293	1	1789394734233559040
3460	23	294	1	1789394734233559040
3461	23	295	1	1789394734233560064
3462	23	296	1	1789394734233559040
3463	23	297	1	1789394734233559040
3464	23	298	1	1789394734233561088
3465	23	299	1	1789394734233561088
3466	23	300	1	1789394734233560064
3467	23	301	1	1789394734233561088
3468	23	302	1	1789394734233561088
3469	23	303	1	1789394734233560064
3470	23	304	1	1789394734233560064
3471	23	305	1	1789394734233561088
3472	23	306	1	1789394734233560064
3473	23	307	1	1789394734233561088
3474	23	308	1	1789394734233560064
3475	23	309	1	1789394734233560064
3476	23	310	1	1789394734233561088
3477	23	311	1	1789394734233560064
3478	23	312	1	1789394734233560064
3479	23	313	1	1789394734233560064
3480	23	314	1	1789394734233559040
3481	23	315	1	1789394734233561088
3482	23	316	1	1789394734233560064
3483	23	317	1	1789394734233561088
3484	23	318	1	1789394734233560064
3485	23	319	1	1789394734233561088
3486	23	320	1	1789394734233559040
3487	23	321	1	1789394734233561088
3488	23	322	1	1789394734233561088
3489	23	323	1	1789394734233560064
3490	23	324	1	1789394734233559040
3491	23	325	1	1789394734233559040
3492	23	326	1	1789394734233559040
3493	23	327	1	1789394734233559040
3494	23	328	1	1789394734233560064
3495	23	329	1	1789394734233560064
3496	23	330	1	1789394734233561088
3497	23	331	1	1789394734233561088
3498	23	332	1	1789394734233560064
3499	23	333	1	1789394734233560064
3500	23	334	1	1789394734233561088
3501	23	335	1	1789394734233560064
3502	23	336	1	1789394734233560064
3503	23	337	1	1789394734233561088
3504	23	338	1	1789394734233561088
3505	23	339	1	1789394734233560064
3506	23	340	1	1789394734233560064
3507	23	341	1	1789394734233560064
3508	23	342	1	1789394734233560064
3509	23	343	1	1789394734233560064
3510	23	344	1	1789394734233560064
3511	23	345	1	1789394734233559040
3512	23	346	1	1789394734233560064
3513	23	347	1	1789394734233560064
3514	23	348	1	1789394734233560064
3515	23	349	1	1789394734233560064
3516	23	350	1	1789394734233561088
3517	23	351	1	1789394734233561088
3518	23	352	1	1789394734233560064
3519	23	353	1	1789394734233560064
3520	23	354	1	1789394734233560064
3521	23	355	1	1789394734233561088
3522	23	356	1	1789394734233560064
3523	23	357	1	1789394734233560064
3524	23	358	1	1789394734233559040
3525	23	359	1	1789394734233560064
3526	23	360	1	1789394734233559040
3527	23	361	1	1789394734233560064
3528	23	362	1	1789394734233561088
3529	23	363	1	1789394734233560064
3530	23	364	1	1789394734233560064
3531	23	365	1	1789394734233560064
3532	23	366	1	1789394734233562112
3533	23	367	1	1789394734233560064
3534	23	368	1	1789394734233560064
3535	23	369	1	1789394734233560064
3536	23	370	1	1789394734233561088
3537	23	371	1	1789394734233560064
3538	23	372	1	1789394734233560064
3539	23	373	1	1789394734233560064
3540	23	374	1	1789394734233560064
3541	23	375	1	1789394734233560064
3542	23	376	1	1789394734233560064
3543	23	377	1	1789394734233561088
3544	23	378	1	1789394734233561088
3545	23	379	1	1789394734233561088
3546	23	380	1	1789394734233560064
3547	23	381	1	1789394734233561088
3548	23	382	1	1789394734233560064
3549	23	383	1	1789394734233560064
3550	23	384	1	1789394734233555968
3551	23	385	1	1789394734233555968
3552	23	386	1	1789394734233553920
3553	23	387	1	1789394734233554944
3554	23	388	1	1789394734233552896
3555	23	389	1	1789394734233553920
3556	23	390	1	1789394734233553920
3557	23	391	1	1789394734233553920
3558	23	392	1	1789394734233554944
3559	23	393	1	1789394734233554944
3560	23	394	1	1789394734233555968
3561	23	395	1	1789394734233555968
3562	23	396	1	1789394734233554944
3563	23	397	1	1789394734233555968
3564	23	398	1	1789394734233554944
3565	23	399	1	1789394734233553920
3566	23	400	1	1789394734233555968
3567	23	401	1	1789394734233554944
3568	23	402	1	1789394734233554944
3569	23	403	1	1789394734233554944
3570	23	404	1	1789394734233554944
3571	23	405	1	1789394734233553920
3572	23	406	1	1789394734233554944
3573	23	407	1	1789394734233554944
3574	23	408	1	1789394734233555968
3575	23	409	1	1789394734233554944
3576	23	410	1	1789394734233554944
3577	23	411	1	1789394734233555968
3578	23	412	1	1789394734233554944
3579	23	413	1	1789394734233554944
3580	23	414	1	1789394734233553920
3581	23	415	1	1789394734233555968
3582	23	416	1	1789394734233554944
3583	23	417	1	1789394734233556992
3584	23	418	1	1789394734233556992
3585	23	419	1	1789394734233555968
3586	23	420	1	1789394734233554944
3587	23	421	1	1789394734233556992
3588	23	422	1	1789394734233558016
3589	23	423	1	1789394734233554944
3590	23	424	1	1789394734233556992
3591	23	425	1	1789394734233552896
3592	23	426	1	1789394734233554944
3593	23	427	1	1789394734233555968
3594	23	428	1	1789394734233554944
3595	23	429	1	1789394734233555968
3596	23	430	1	1789394734233554944
3597	23	431	1	1789394734233553920
3598	23	432	1	1789394734233554944
3599	23	433	1	1789394734233555968
3600	23	434	1	1789394734233555968
3601	23	435	1	1789394734233555968
3602	23	436	1	1789394734233553920
3603	23	437	1	1789394734233553920
3604	23	438	1	1789394734233554944
3605	23	439	1	1789394734233554944
3606	23	440	1	1789394734233554944
3607	23	441	1	1789394734233553920
3608	23	442	1	1789394734233553920
3609	23	443	1	1789394734233554944
3610	23	444	1	1789394734233555968
3611	23	445	1	1789394734233554944
3612	23	446	1	1789394734233554944
3613	23	447	1	1789394734233554944
3614	23	448	1	1789394734233556992
3615	23	449	1	1789394734233555968
3616	23	450	1	1789394734233555968
3617	23	451	1	1789394734233553920
3618	23	452	1	1789394734233556992
3619	23	453	1	1789394734233556992
3620	23	454	1	1789394734233556992
3621	23	455	1	1789394734233556992
3622	23	456	1	1789394734233554944
3623	23	457	1	1789394734233554944
3624	23	458	1	1789394734233554944
3625	23	459	1	1789394734233555968
3626	23	460	1	1789394734233555968
3627	23	461	1	1789394734233553920
3628	23	462	1	1789394734233553920
3629	23	463	1	1789394734233554944
3630	23	464	1	1789394734233555968
3631	23	465	1	1789394734233555968
3632	23	466	1	1789394734233555968
3633	23	467	1	1789394734233554944
3634	23	468	1	1789394734233553920
3635	23	469	1	1789394734233554944
3636	23	470	1	1789394734233554944
3637	23	471	1	1789394734233553920
3638	23	472	1	1789394734233553920
3639	23	473	1	1789394734233553920
3640	23	474	1	1789394734233553920
3641	23	475	1	1789394734233554944
3642	23	476	1	1789394734233554944
3643	23	477	1	1789394734233554944
3644	23	478	1	1789394734233554944
3645	23	479	1	1789394734233554944
3646	23	480	1	1789394734233555968
3647	23	481	1	1789394734233556992
3648	23	482	1	1789394734233558016
3649	23	483	1	1789394734233556992
3650	23	484	1	1789394734233554944
3651	23	485	1	1789394734233556992
3652	23	486	1	1789394734233556992
3653	23	487	1	1789394734233558016
3654	23	488	1	1789394734233556992
3655	23	489	1	1789394734233554944
3656	23	490	1	1789394734233554944
3657	23	491	1	1789394734233554944
3658	23	492	1	1789394734233554944
3659	23	493	1	1789394734233554944
3660	23	494	1	1789394734233555968
3661	23	495	1	1789394734233553920
3662	23	496	1	1789394734233554944
3663	23	497	1	1789394734233555968
3664	23	498	1	1789394734233555968
3665	23	499	1	1789394734233555968
3666	23	500	1	1789394734233558016
3667	23	501	1	1789394734233558016
3668	23	502	1	1789394734233558016
3669	23	503	1	1789394734233559040
3670	23	504	1	1789394734233559040
3671	23	505	1	1789394734233559040
3672	23	506	1	1789394734233558016
3673	23	507	1	1789394734233559040
3674	23	508	1	1789394734233558016
3675	23	509	1	1789394734233559040
3676	23	510	1	1789394734233558016
3677	23	511	1	1789394734233558016
3678	24	0	1	1789394734233597952
3679	24	1	1	1789394734233597952
3680	24	2	1	1789394734233598976
3681	24	3	1	1789394734233597952
3682	25	0	1	1789394734233603072
3683	25	1	1	1789394734233603072
3684	25	2	1	1789394734233604096
3685	25	3	1	1789394734233603072
3686	25	4	1	1789394734233604096
3687	25	5	1	1789394734233604096
3688	25	6	1	1789394734233604096
3689	25	7	1	1789394734233603072
3690	25	8	1	1789394734233603072
3691	25	9	1	1789394734233603072
3692	25	10	1	1789394734233603072
3693	25	11	1	1789394734233604096
3694	25	12	1	1789394734233604096
3695	25	13	1	1789394734233603072
3696	25	14	1	1789394734233603072
3697	25	15	1	1789394734233603072
3698	25	16	1	1789394734233603072
3699	25	17	1	1789394734233603072
3700	25	18	1	1789394734233603072
3701	25	19	1	1789394734233603072
3702	25	20	1	1789394734233603072
3703	25	21	1	1789394734233603072
3704	25	22	1	1789394734233603072
3705	25	23	1	1789394734233603072
3706	25	24	1	1789394734233603072
3707	25	25	1	1789394734233603072
3708	25	26	1	1789394734233603072
3709	25	27	1	1789394734233603072
3710	25	28	1	1789394734233603072
3711	25	29	1	1789394734233603072
3712	25	30	1	1789394734233603072
3713	25	31	1	1789394734233603072
3714	25	32	1	1789394734233603072
3715	25	33	1	1789394734233604096
3716	25	34	1	1789394734233604096
3717	25	35	1	1789394734233604096
3718	25	36	1	1789394734233603072
3719	25	37	1	1789394734233603072
3720	25	38	1	1789394734233604096
3721	25	39	1	1789394734233604096
3722	25	40	1	1789394734233603072
3723	25	41	1	1789394734233603072
3724	25	42	1	1789394734233603072
3725	25	43	1	1789394734233603072
3726	25	44	1	1789394734233604096
3727	25	45	1	1789394734233603072
3728	25	46	1	1789394734233603072
3729	25	47	1	1789394734233603072
3730	25	48	1	1789394734233603072
3731	25	49	1	1789394734233603072
3732	25	50	1	1789394734233603072
3733	25	51	1	1789394734233603072
3734	25	52	1	1789394734233603072
3735	25	53	1	1789394734233603072
3736	25	54	1	1789394734233603072
3737	25	55	1	1789394734233603072
3738	25	56	1	1789394734233603072
3739	25	57	1	1789394734233603072
3740	25	58	1	1789394734233603072
3741	25	59	1	1789394734233603072
3742	25	60	1	1789394734233603072
3743	25	61	1	1789394734233603072
3744	25	62	1	1789394734233603072
3745	25	63	1	1789394734233603072
3746	25	64	1	1789394734233604096
3747	25	65	1	1789394734233604096
3748	25	66	1	1789394734233604096
3749	25	67	1	1789394734233603072
3750	25	68	1	1789394734233603072
3751	25	69	1	1789394734233604096
3752	25	70	1	1789394734233604096
3753	25	71	1	1789394734233604096
3754	25	72	1	1789394734233603072
3755	25	73	1	1789394734233603072
3756	25	74	1	1789394734233603072
3757	25	75	1	1789394734233603072
3758	25	76	1	1789394734233603072
3759	25	77	1	1789394734233603072
3760	25	78	1	1789394734233603072
3761	25	79	1	1789394734233603072
3762	25	80	1	1789394734233603072
3763	25	81	1	1789394734233603072
3764	25	82	1	1789394734233603072
3765	25	83	1	1789394734233603072
3766	25	84	1	1789394734233603072
3767	25	85	1	1789394734233603072
3768	25	86	1	1789394734233603072
3769	25	87	1	1789394734233603072
3770	25	88	1	1789394734233603072
3771	25	89	1	1789394734233603072
3772	25	90	1	1789394734233603072
3773	25	91	1	1789394734233603072
3774	25	92	1	1789394734233603072
3775	25	93	1	1789394734233603072
3776	25	94	1	1789394734233603072
3777	25	95	1	1789394734233603072
3778	25	96	1	1789394734233603072
3779	25	97	1	1789394734233604096
3780	25	98	1	1789394734233604096
3781	25	99	1	1789394734233603072
3782	25	100	1	1789394734233603072
3783	25	101	1	1789394734233603072
3784	25	102	1	1789394734233604096
3785	25	103	1	1789394734233604096
3786	25	104	1	1789394734233603072
3787	25	105	1	1789394734233603072
3788	25	106	1	1789394734233603072
3789	25	107	1	1789394734233603072
3790	25	108	1	1789394734233603072
3791	25	109	1	1789394734233603072
3792	25	110	1	1789394734233603072
3793	25	111	1	1789394734233603072
3794	25	112	1	1789394734233603072
3795	25	113	1	1789394734233603072
3796	25	114	1	1789394734233603072
3797	25	115	1	1789394734233603072
3798	25	116	1	1789394734233603072
3799	25	117	1	1789394734233603072
3800	25	118	1	1789394734233603072
3801	25	119	1	1789394734233603072
3802	25	120	1	1789394734233603072
3803	25	121	1	1789394734233603072
3804	25	122	1	1789394734233603072
3805	25	123	1	1789394734233603072
3806	25	124	1	1789394734233603072
3807	25	125	1	1789394734233603072
3808	25	126	1	1789394734233603072
3809	25	127	1	1789394734233603072
3810	26	0	1	1789394734233630720
3811	26	1	1	1789394734233630720
3812	26	2	1	1789394734233631744
3813	26	3	1	1789394734233630720
3814	26	4	1	1789394734233630720
3815	26	5	1	1789394734233631744
3816	26	6	1	1789394734233630720
3817	26	7	1	1789394734233630720
3818	27	0	1	1789394734233658368
3819	27	1	1	1789394734233658368
3820	27	2	1	1789394734233659392
3821	27	3	1	1789394734233658368
3822	27	4	1	1789394734233658368
3823	27	5	1	1789394734233659392
3824	27	6	1	1789394734233658368
3825	27	7	1	1789394734233658368
3826	28	0	1	1789394734233664512
3827	28	1	1	1789394734233665536
3828	28	2	1	1789394734233665536
3829	28	3	1	1789394734233664512
3830	28	4	1	1789394734233664512
3831	28	5	1	1789394734233665536
3832	28	6	1	1789394734233664512
3833	28	7	1	1789394734233666560
3834	28	8	1	1789394734233664512
3835	28	9	1	1789394734233664512
3836	28	10	1	1789394734233664512
3837	28	11	1	1789394734233664512
3838	28	12	1	1789394734233664512
3839	28	13	1	1789394734233664512
3840	28	14	1	1789394734233664512
3841	28	15	1	1789394734233664512
3842	28	16	1	1789394734233664512
3843	28	17	1	1789394734233664512
3844	28	18	1	1789394734233664512
3845	28	19	1	1789394734233664512
3846	28	20	1	1789394734233664512
3847	28	21	1	1789394734233664512
3848	28	22	1	1789394734233664512
3849	28	23	1	1789394734233664512
3850	28	24	1	1789394734233664512
3851	28	25	1	1789394734233664512
3852	28	26	1	1789394734233664512
3853	28	27	1	1789394734233664512
3854	28	28	1	1789394734233664512
3855	28	29	1	1789394734233664512
3856	28	30	1	1789394734233664512
3857	28	31	1	1789394734233664512
3858	28	32	1	1789394734233664512
3859	28	33	1	1789394734233665536
3860	28	34	1	1789394734233665536
3861	28	35	1	1789394734233664512
3862	28	36	1	1789394734233664512
3863	28	37	1	1789394734233664512
3864	28	38	1	1789394734233665536
3865	28	39	1	1789394734233665536
3866	28	40	1	1789394734233664512
3867	28	41	1	1789394734233664512
3868	28	42	1	1789394734233664512
3869	28	43	1	1789394734233664512
3870	28	44	1	1789394734233664512
3871	28	45	1	1789394734233664512
3872	28	46	1	1789394734233664512
3873	28	47	1	1789394734233664512
3874	28	48	1	1789394734233664512
3875	28	49	1	1789394734233664512
3876	28	50	1	1789394734233664512
3877	28	51	1	1789394734233664512
3878	28	52	1	1789394734233664512
3879	28	53	1	1789394734233664512
3880	28	54	1	1789394734233664512
3881	28	55	1	1789394734233664512
3882	28	56	1	1789394734233664512
3883	28	57	1	1789394734233664512
3884	28	58	1	1789394734233664512
3885	28	59	1	1789394734233664512
3886	28	60	1	1789394734233664512
3887	28	61	1	1789394734233664512
3888	28	62	1	1789394734233664512
3889	28	63	1	1789394734233664512
3890	28	64	1	1789394734233665536
3891	28	65	1	1789394734233665536
3892	28	66	1	1789394734233664512
3893	28	67	1	1789394734233664512
3894	28	68	1	1789394734233664512
3895	28	69	1	1789394734233665536
3896	28	70	1	1789394734233665536
3897	28	71	1	1789394734233664512
3898	28	72	1	1789394734233664512
3899	28	73	1	1789394734233664512
3900	28	74	1	1789394734233664512
3901	28	75	1	1789394734233664512
3902	28	76	1	1789394734233664512
3903	28	77	1	1789394734233664512
3904	28	78	1	1789394734233664512
3905	28	79	1	1789394734233664512
3906	28	80	1	1789394734233664512
3907	28	81	1	1789394734233664512
3908	28	82	1	1789394734233664512
3909	28	83	1	1789394734233664512
3910	28	84	1	1789394734233664512
3911	28	85	1	1789394734233664512
3912	28	86	1	1789394734233664512
3913	28	87	1	1789394734233664512
3914	28	88	1	1789394734233664512
3915	28	89	1	1789394734233664512
3916	28	90	1	1789394734233664512
3917	28	91	1	1789394734233664512
3918	28	92	1	1789394734233664512
3919	28	93	1	1789394734233664512
3920	28	94	1	1789394734233664512
3921	28	95	1	1789394734233664512
3922	28	96	1	1789394734233664512
3923	28	97	1	1789394734233665536
3924	28	98	1	1789394734233665536
3925	28	99	1	1789394734233664512
3926	28	100	1	1789394734233664512
3927	28	101	1	1789394734233664512
3928	28	102	1	1789394734233664512
3929	28	103	1	1789394734233665536
3930	28	104	1	1789394734233664512
3931	28	105	1	1789394734233664512
3932	28	106	1	1789394734233664512
3933	28	107	1	1789394734233664512
3934	28	108	1	1789394734233664512
3935	28	109	1	1789394734233664512
3936	28	110	1	1789394734233664512
3937	28	111	1	1789394734233664512
3938	28	112	1	1789394734233664512
3939	28	113	1	1789394734233664512
3940	28	114	1	1789394734233664512
3941	28	115	1	1789394734233664512
3942	28	116	1	1789394734233664512
3943	28	117	1	1789394734233664512
3944	28	118	1	1789394734233664512
3945	28	119	1	1789394734233664512
3946	28	120	1	1789394734233664512
3947	28	121	1	1789394734233664512
3948	28	122	1	1789394734233664512
3949	28	123	1	1789394734233664512
3950	28	124	1	1789394734233664512
3951	28	125	1	1789394734233664512
3952	28	126	1	1789394734233664512
3953	28	127	1	1789394734233664512
3954	29	0	1	1789394734233722880
3955	29	1	1	1789394734233722880
3956	29	2	1	1789394734233721856
3957	29	3	1	1789394734233720832
3958	30	0	1	1789394734233726976
3959	30	1	1	1789394734233726976
3960	30	2	1	1789394734233726976
3961	30	3	1	1789394734233725952
3962	30	4	1	1789394734233726976
3963	30	5	1	1789394734233726976
3964	30	6	1	1789394734233726976
3965	30	7	1	1789394734233726976
3966	30	8	1	1789394734233725952
3967	30	9	1	1789394734233725952
3968	30	10	1	1789394734233725952
3969	30	11	1	1789394734233726976
3970	30	12	1	1789394734233726976
3971	30	13	1	1789394734233725952
3972	30	14	1	1789394734233725952
3973	30	15	1	1789394734233725952
3974	30	16	1	1789394734233725952
3975	30	17	1	1789394734233725952
3976	30	18	1	1789394734233725952
3977	30	19	1	1789394734233725952
3978	30	20	1	1789394734233725952
3979	30	21	1	1789394734233725952
3980	30	22	1	1789394734233725952
3981	30	23	1	1789394734233725952
3982	30	24	1	1789394734233725952
3983	30	25	1	1789394734233725952
3984	30	26	1	1789394734233725952
3985	30	27	1	1789394734233725952
3986	30	28	1	1789394734233725952
3987	30	29	1	1789394734233725952
3988	30	30	1	1789394734233725952
3989	30	31	1	1789394734233725952
3990	30	32	1	1789394734233726976
3991	30	33	1	1789394734233726976
3992	30	34	1	1789394734233726976
3993	30	35	1	1789394734233726976
3994	30	36	1	1789394734233725952
3995	30	37	1	1789394734233725952
3996	30	38	1	1789394734233726976
3997	30	39	1	1789394734233726976
3998	30	40	1	1789394734233726976
3999	30	41	1	1789394734233725952
4000	30	42	1	1789394734233725952
4001	30	43	1	1789394734233725952
4002	30	44	1	1789394734233725952
4003	30	45	1	1789394734233725952
4004	30	46	1	1789394734233725952
4005	30	47	1	1789394734233725952
4006	30	48	1	1789394734233725952
4007	30	49	1	1789394734233725952
4008	30	50	1	1789394734233725952
4009	30	51	1	1789394734233725952
4010	30	52	1	1789394734233725952
4011	30	53	1	1789394734233725952
4012	30	54	1	1789394734233725952
4013	30	55	1	1789394734233725952
4014	30	56	1	1789394734233725952
4015	30	57	1	1789394734233725952
4016	30	58	1	1789394734233725952
4017	30	59	1	1789394734233725952
4018	30	60	1	1789394734233725952
4019	30	61	1	1789394734233725952
4020	30	62	1	1789394734233725952
4021	30	63	1	1789394734233725952
4022	30	64	1	1789394734233726976
4023	30	65	1	1789394734233726976
4024	30	66	1	1789394734233726976
4025	30	67	1	1789394734233725952
4026	30	68	1	1789394734233725952
4027	30	69	1	1789394734233726976
4028	30	70	1	1789394734233726976
4029	30	71	1	1789394734233726976
4030	30	72	1	1789394734233725952
4031	30	73	1	1789394734233725952
4032	30	74	1	1789394734233725952
4033	30	75	1	1789394734233725952
4034	30	76	1	1789394734233725952
4035	30	77	1	1789394734233725952
4036	30	78	1	1789394734233725952
4037	30	79	1	1789394734233725952
4038	30	80	1	1789394734233725952
4039	30	81	1	1789394734233725952
4040	30	82	1	1789394734233725952
4041	30	83	1	1789394734233725952
4042	30	84	1	1789394734233725952
4043	30	85	1	1789394734233725952
4044	30	86	1	1789394734233725952
4045	30	87	1	1789394734233725952
4046	30	88	1	1789394734233725952
4047	30	89	1	1789394734233725952
4048	30	90	1	1789394734233725952
4049	30	91	1	1789394734233725952
4050	30	92	1	1789394734233725952
4051	30	93	1	1789394734233725952
4052	30	94	1	1789394734233725952
4053	30	95	1	1789394734233725952
4054	30	96	1	1789394734233725952
4055	30	97	1	1789394734233726976
4056	30	98	1	1789394734233726976
4057	30	99	1	1789394734233726976
4058	30	100	1	1789394734233725952
4059	30	101	1	1789394734233725952
4060	30	102	1	1789394734233726976
4061	30	103	1	1789394734233726976
4062	30	104	1	1789394734233725952
4063	30	105	1	1789394734233725952
4064	30	106	1	1789394734233725952
4065	30	107	1	1789394734233725952
4066	30	108	1	1789394734233725952
4067	30	109	1	1789394734233725952
4068	30	110	1	1789394734233725952
4069	30	111	1	1789394734233725952
4070	30	112	1	1789394734233725952
4071	30	113	1	1789394734233725952
4072	30	114	1	1789394734233725952
4073	30	115	1	1789394734233725952
4074	30	116	1	1789394734233725952
4075	30	117	1	1789394734233725952
4076	30	118	1	1789394734233725952
4077	30	119	1	1789394734233725952
4078	30	120	1	1789394734233725952
4079	30	121	1	1789394734233725952
4080	30	122	1	1789394734233725952
4081	30	123	1	1789394734233725952
4082	30	124	1	1789394734233725952
4083	30	125	1	1789394734233725952
4084	30	126	1	1789394734233725952
4085	30	127	1	1789394734233725952
4086	31	4294967295	4	1789394734233783296
4087	32	4294967295	4	1789394734233782272
4088	33	4294967295	4	1789394734233810944
4089	34	0	1	1789394734233823232
4090	34	1	1	1789394734233822208
4091	34	2	1	1789394734233821184
4092	34	3	1	1789394734233821184
4093	34	4	1	1789394734233793536
4094	34	5	1	1789394734233794560
4095	34	6	1	1789394734233794560
4096	34	7	1	1789394734233794560
4097	34	8	1	1789394734233793536
4098	34	9	1	1789394734233793536
4099	34	10	1	1789394734233793536
4100	34	11	1	1789394734233794560
4101	34	12	1	1789394734233794560
4102	34	13	1	1789394734233793536
4103	34	14	1	1789394734233793536
4104	34	15	1	1789394734233793536
4105	34	16	1	1789394734233793536
4106	34	17	1	1789394734233794560
4107	34	18	1	1789394734233793536
4108	34	19	1	1789394734233793536
4109	34	20	1	1789394734233792512
4110	34	21	1	1789394734233793536
4111	34	22	1	1789394734233793536
4112	34	23	1	1789394734233793536
4113	34	24	1	1789394734233793536
4114	34	25	1	1789394734233792512
4115	34	26	1	1789394734233793536
4116	34	27	1	1789394734233793536
4117	34	28	1	1789394734233793536
4118	34	29	1	1789394734233793536
4119	34	30	1	1789394734233792512
4120	34	31	1	1789394734233793536
4121	34	32	1	1789394734233794560
4122	34	33	1	1789394734233794560
4123	34	34	1	1789394734233794560
4124	34	35	1	1789394734233793536
4125	34	36	1	1789394734233793536
4126	34	37	1	1789394734233793536
4127	34	38	1	1789394734233794560
4128	34	39	1	1789394734233794560
4129	34	40	1	1789394734233794560
4130	34	41	1	1789394734233793536
4131	34	42	1	1789394734233793536
4132	34	43	1	1789394734233793536
4133	34	44	1	1789394734233794560
4134	34	45	1	1789394734233793536
4135	34	46	1	1789394734233793536
4136	34	47	1	1789394734233793536
4137	34	48	1	1789394734233793536
4138	34	49	1	1789394734233793536
4139	34	50	1	1789394734233793536
4140	34	51	1	1789394734233793536
4141	34	52	1	1789394734233793536
4142	34	53	1	1789394734233792512
4143	34	54	1	1789394734233793536
4144	34	55	1	1789394734233793536
4145	34	56	1	1789394734233793536
4146	34	57	1	1789394734233793536
4147	34	58	1	1789394734233792512
4148	34	59	1	1789394734233793536
4149	34	60	1	1789394734233793536
4150	34	61	1	1789394734233793536
4151	34	62	1	1789394734233793536
4152	34	63	1	1789394734233792512
4153	34	64	1	1789394734233794560
4154	34	65	1	1789394734233794560
4155	34	66	1	1789394734233794560
4156	34	67	1	1789394734233793536
4157	34	68	1	1789394734233793536
4158	34	69	1	1789394734233794560
4159	34	70	1	1789394734233794560
4160	34	71	1	1789394734233793536
4161	34	72	1	1789394734233793536
4162	34	73	1	1789394734233793536
4163	34	74	1	1789394734233793536
4164	34	75	1	1789394734233794560
4165	34	76	1	1789394734233793536
4166	34	77	1	1789394734233793536
4167	34	78	1	1789394734233793536
4168	34	79	1	1789394734233793536
4169	34	80	1	1789394734233793536
4170	34	81	1	1789394734233794560
4171	34	82	1	1789394734233793536
4172	34	83	1	1789394734233793536
4173	34	84	1	1789394734233792512
4174	34	85	1	1789394734233793536
4175	34	86	1	1789394734233793536
4176	34	87	1	1789394734233793536
4177	34	88	1	1789394734233793536
4178	34	89	1	1789394734233792512
4179	34	90	1	1789394734233793536
4180	34	91	1	1789394734233793536
4181	34	92	1	1789394734233793536
4182	34	93	1	1789394734233793536
4183	34	94	1	1789394734233792512
4184	34	95	1	1789394734233793536
4185	34	96	1	1789394734233794560
4186	34	97	1	1789394734233794560
4187	34	98	1	1789394734233794560
4188	34	99	1	1789394734233793536
4189	34	100	1	1789394734233793536
4190	34	101	1	1789394734233793536
4191	34	102	1	1789394734233794560
4192	34	103	1	1789394734233794560
4193	34	104	1	1789394734233794560
4194	34	105	1	1789394734233793536
4195	34	106	1	1789394734233793536
4196	34	107	1	1789394734233793536
4197	34	108	1	1789394734233794560
4198	34	109	1	1789394734233793536
4199	34	110	1	1789394734233793536
4200	34	111	1	1789394734233793536
4201	34	112	1	1789394734233793536
4202	34	113	1	1789394734233793536
4203	34	114	1	1789394734233793536
4204	34	115	1	1789394734233793536
4205	34	116	1	1789394734233793536
4206	34	117	1	1789394734233792512
4207	34	118	1	1789394734233793536
4208	34	119	1	1789394734233793536
4209	34	120	1	1789394734233793536
4210	34	121	1	1789394734233793536
4211	34	122	1	1789394734233792512
4212	34	123	1	1789394734233793536
4213	34	124	1	1789394734233793536
4214	34	125	1	1789394734233793536
4215	34	126	1	1789394734233793536
4216	34	127	1	1789394734233792512
4217	34	128	1	1789394734233797632
4218	34	129	1	1789394734233796608
4219	34	130	1	1789394734233796608
4220	34	131	1	1789394734233796608
4221	34	132	1	1789394734233793536
4222	34	133	1	1789394734233794560
4223	34	134	1	1789394734233794560
4224	34	135	1	1789394734233794560
4225	34	136	1	1789394734233793536
4226	34	137	1	1789394734233793536
4227	34	138	1	1789394734233793536
4228	34	139	1	1789394734233794560
4229	34	140	1	1789394734233794560
4230	34	141	1	1789394734233793536
4231	34	142	1	1789394734233793536
4232	34	143	1	1789394734233793536
4233	34	144	1	1789394734233793536
4234	34	145	1	1789394734233794560
4235	34	146	1	1789394734233793536
4236	34	147	1	1789394734233793536
4237	34	148	1	1789394734233793536
4238	34	149	1	1789394734233793536
4239	34	150	1	1789394734233793536
4240	34	151	1	1789394734233793536
4241	34	152	1	1789394734233793536
4242	34	153	1	1789394734233792512
4243	34	154	1	1789394734233793536
4244	34	155	1	1789394734233793536
4245	34	156	1	1789394734233793536
4246	34	157	1	1789394734233793536
4247	34	158	1	1789394734233792512
4248	34	159	1	1789394734233793536
4249	34	160	1	1789394734233794560
4250	34	161	1	1789394734233794560
4251	34	162	1	1789394734233794560
4252	34	163	1	1789394734233793536
4253	34	164	1	1789394734233793536
4254	34	165	1	1789394734233793536
4255	34	166	1	1789394734233794560
4256	34	167	1	1789394734233794560
4257	34	168	1	1789394734233794560
4258	34	169	1	1789394734233793536
4259	34	170	1	1789394734233793536
4260	34	171	1	1789394734233793536
4261	34	172	1	1789394734233794560
4262	34	173	1	1789394734233793536
4263	34	174	1	1789394734233793536
4264	34	175	1	1789394734233793536
4265	34	176	1	1789394734233793536
4266	34	177	1	1789394734233793536
4267	34	178	1	1789394734233793536
4268	34	179	1	1789394734233793536
4269	34	180	1	1789394734233793536
4270	34	181	1	1789394734233792512
4271	34	182	1	1789394734233793536
4272	34	183	1	1789394734233793536
4273	34	184	1	1789394734233793536
4274	34	185	1	1789394734233793536
4275	34	186	1	1789394734233792512
4276	34	187	1	1789394734233793536
4277	34	188	1	1789394734233793536
4278	34	189	1	1789394734233793536
4279	34	190	1	1789394734233793536
4280	34	191	1	1789394734233792512
4281	34	192	1	1789394734233794560
4282	34	193	1	1789394734233794560
4283	34	194	1	1789394734233794560
4284	34	195	1	1789394734233793536
4285	34	196	1	1789394734233793536
4286	34	197	1	1789394734233794560
4287	34	198	1	1789394734233794560
4288	34	199	1	1789394734233793536
4289	34	200	1	1789394734233793536
4290	34	201	1	1789394734233793536
4291	34	202	1	1789394734233793536
4292	34	203	1	1789394734233794560
4293	34	204	1	1789394734233793536
4294	34	205	1	1789394734233793536
4295	34	206	1	1789394734233793536
4296	34	207	1	1789394734233793536
4297	34	208	1	1789394734233793536
4298	34	209	1	1789394734233794560
4299	34	210	1	1789394734233793536
4300	34	211	1	1789394734233793536
4301	34	212	1	1789394734233792512
4302	34	213	1	1789394734233793536
4303	34	214	1	1789394734233793536
4304	34	215	1	1789394734233793536
4305	34	216	1	1789394734233793536
4306	34	217	1	1789394734233792512
4307	34	218	1	1789394734233793536
4308	34	219	1	1789394734233793536
4309	34	220	1	1789394734233793536
4310	34	221	1	1789394734233793536
4311	34	222	1	1789394734233792512
4312	34	223	1	1789394734233793536
4313	34	224	1	1789394734233794560
4314	34	225	1	1789394734233794560
4315	34	226	1	1789394734233794560
4316	34	227	1	1789394734233793536
4317	34	228	1	1789394734233793536
4318	34	229	1	1789394734233793536
4319	34	230	1	1789394734233794560
4320	34	231	1	1789394734233794560
4321	34	232	1	1789394734233793536
4322	34	233	1	1789394734233793536
4323	34	234	1	1789394734233793536
4324	34	235	1	1789394734233793536
4325	34	236	1	1789394734233794560
4326	34	237	1	1789394734233793536
4327	34	238	1	1789394734233793536
4328	34	239	1	1789394734233793536
4329	34	240	1	1789394734233793536
4330	34	241	1	1789394734233793536
4331	34	242	1	1789394734233793536
4332	34	243	1	1789394734233793536
4333	34	244	1	1789394734233793536
4334	34	245	1	1789394734233792512
4335	34	246	1	1789394734233793536
4336	34	247	1	1789394734233793536
4337	34	248	1	1789394734233793536
4338	34	249	1	1789394734233793536
4339	34	250	1	1789394734233792512
4340	34	251	1	1789394734233793536
4341	34	252	1	1789394734233793536
4342	34	253	1	1789394734233793536
4343	34	254	1	1789394734233793536
4344	34	255	1	1789394734233792512
4345	34	256	1	1789394734233827328
4346	34	257	1	1789394734233826304
4347	34	258	1	1789394734233825280
4348	34	259	1	1789394734233825280
4349	34	260	1	1789394734233797632
4350	34	261	1	1789394734233798656
4351	34	262	1	1789394734233798656
4352	34	263	1	1789394734233797632
4353	34	264	1	1789394734233797632
4354	34	265	1	1789394734233796608
4355	34	266	1	1789394734233797632
4356	34	267	1	1789394734233797632
4357	34	268	1	1789394734233797632
4358	34	269	1	1789394734233797632
4359	34	270	1	1789394734233796608
4360	34	271	1	1789394734233797632
4361	34	272	1	1789394734233797632
4362	34	273	1	1789394734233797632
4363	34	274	1	1789394734233797632
4364	34	275	1	1789394734233797632
4365	34	276	1	1789394734233796608
4366	34	277	1	1789394734233797632
4367	34	278	1	1789394734233797632
4368	34	279	1	1789394734233797632
4369	34	280	1	1789394734233796608
4370	34	281	1	1789394734233796608
4371	34	282	1	1789394734233796608
4372	34	283	1	1789394734233797632
4373	34	284	1	1789394734233797632
4374	34	285	1	1789394734233796608
4375	34	286	1	1789394734233796608
4376	34	287	1	1789394734233797632
4377	34	288	1	1789394734233797632
4378	34	289	1	1789394734233798656
4379	34	290	1	1789394734233798656
4380	34	291	1	1789394734233797632
4381	34	292	1	1789394734233797632
4382	34	293	1	1789394734233797632
4383	34	294	1	1789394734233798656
4384	34	295	1	1789394734233798656
4385	34	296	1	1789394734233797632
4386	34	297	1	1789394734233797632
4387	34	298	1	1789394734233796608
4388	34	299	1	1789394734233797632
4389	34	300	1	1789394734233797632
4390	34	301	1	1789394734233797632
4391	34	302	1	1789394734233797632
4392	34	303	1	1789394734233796608
4393	34	304	1	1789394734233797632
4394	34	305	1	1789394734233797632
4395	34	306	1	1789394734233797632
4396	34	307	1	1789394734233797632
4397	34	308	1	1789394734233796608
4398	34	309	1	1789394734233796608
4399	34	310	1	1789394734233797632
4400	34	311	1	1789394734233797632
4401	34	312	1	1789394734233797632
4402	34	313	1	1789394734233796608
4403	34	314	1	1789394734233796608
4404	34	315	1	1789394734233796608
4405	34	316	1	1789394734233797632
4406	34	317	1	1789394734233797632
4407	34	318	1	1789394734233797632
4408	34	319	1	1789394734233796608
4409	34	320	1	1789394734233799680
4410	34	321	1	1789394734233798656
4411	34	322	1	1789394734233798656
4412	34	323	1	1789394734233797632
4413	34	324	1	1789394734233797632
4414	34	325	1	1789394734233798656
4415	34	326	1	1789394734233798656
4416	34	327	1	1789394734233797632
4417	34	328	1	1789394734233797632
4418	34	329	1	1789394734233796608
4419	34	330	1	1789394734233797632
4420	34	331	1	1789394734233797632
4421	34	332	1	1789394734233797632
4422	34	333	1	1789394734233797632
4423	34	334	1	1789394734233796608
4424	34	335	1	1789394734233797632
4425	34	336	1	1789394734233797632
4426	34	337	1	1789394734233797632
4427	34	338	1	1789394734233797632
4428	34	339	1	1789394734233796608
4429	34	340	1	1789394734233796608
4430	34	341	1	1789394734233797632
4431	34	342	1	1789394734233797632
4432	34	343	1	1789394734233797632
4433	34	344	1	1789394734233796608
4434	34	345	1	1789394734233796608
4435	34	346	1	1789394734233796608
4436	34	347	1	1789394734233797632
4437	34	348	1	1789394734233797632
4438	34	349	1	1789394734233796608
4439	34	350	1	1789394734233796608
4440	34	351	1	1789394734233797632
4441	34	352	1	1789394734233797632
4442	34	353	1	1789394734233798656
4443	34	354	1	1789394734233798656
4444	34	355	1	1789394734233797632
4445	34	356	1	1789394734233797632
4446	34	357	1	1789394734233797632
4447	34	358	1	1789394734233798656
4448	34	359	1	1789394734233798656
4449	34	360	1	1789394734233797632
4450	34	361	1	1789394734233797632
4451	34	362	1	1789394734233796608
4452	34	363	1	1789394734233797632
4453	34	364	1	1789394734233797632
4454	34	365	1	1789394734233797632
4455	34	366	1	1789394734233797632
4456	34	367	1	1789394734233796608
4457	34	368	1	1789394734233797632
4458	34	369	1	1789394734233797632
4459	34	370	1	1789394734233797632
4460	34	371	1	1789394734233797632
4461	34	372	1	1789394734233796608
4462	34	373	1	1789394734233796608
4463	34	374	1	1789394734233797632
4464	34	375	1	1789394734233797632
4465	34	376	1	1789394734233797632
4466	34	377	1	1789394734233796608
4467	34	378	1	1789394734233796608
4468	34	379	1	1789394734233796608
4469	34	380	1	1789394734233797632
4470	34	381	1	1789394734233797632
4471	34	382	1	1789394734233797632
4472	34	383	1	1789394734233796608
4473	34	384	1	1789394734233802752
4474	34	385	1	1789394734233801728
4475	34	386	1	1789394734233801728
4476	34	387	1	1789394734233801728
4477	34	388	1	1789394734233797632
4478	34	389	1	1789394734233798656
4479	34	390	1	1789394734233798656
4480	34	391	1	1789394734233797632
4481	34	392	1	1789394734233797632
4482	34	393	1	1789394734233796608
4483	34	394	1	1789394734233797632
4484	34	395	1	1789394734233797632
4485	34	396	1	1789394734233797632
4486	34	397	1	1789394734233797632
4487	34	398	1	1789394734233796608
4488	34	399	1	1789394734233797632
4489	34	400	1	1789394734233797632
4490	34	401	1	1789394734233797632
4491	34	402	1	1789394734233797632
4492	34	403	1	1789394734233797632
4493	34	404	1	1789394734233796608
4494	34	405	1	1789394734233797632
4495	34	406	1	1789394734233797632
4496	34	407	1	1789394734233797632
4497	34	408	1	1789394734233796608
4498	34	409	1	1789394734233796608
4499	34	410	1	1789394734233796608
4500	34	411	1	1789394734233797632
4501	34	412	1	1789394734233797632
4502	34	413	1	1789394734233796608
4503	34	414	1	1789394734233796608
4504	34	415	1	1789394734233797632
4505	34	416	1	1789394734233797632
4506	34	417	1	1789394734233798656
4507	34	418	1	1789394734233798656
4508	34	419	1	1789394734233797632
4509	34	420	1	1789394734233797632
4510	34	421	1	1789394734233797632
4511	34	422	1	1789394734233798656
4512	34	423	1	1789394734233798656
4513	34	424	1	1789394734233797632
4514	34	425	1	1789394734233797632
4515	34	426	1	1789394734233796608
4516	34	427	1	1789394734233797632
4517	34	428	1	1789394734233797632
4518	34	429	1	1789394734233797632
4519	34	430	1	1789394734233797632
4520	34	431	1	1789394734233796608
4521	34	432	1	1789394734233797632
4522	34	433	1	1789394734233797632
4523	34	434	1	1789394734233797632
4524	34	435	1	1789394734233797632
4525	34	436	1	1789394734233796608
4526	34	437	1	1789394734233796608
4527	34	438	1	1789394734233797632
4528	34	439	1	1789394734233797632
4529	34	440	1	1789394734233797632
4530	34	441	1	1789394734233796608
4531	34	442	1	1789394734233796608
4532	34	443	1	1789394734233796608
4533	34	444	1	1789394734233797632
4534	34	445	1	1789394734233797632
4535	34	446	1	1789394734233797632
4536	34	447	1	1789394734233796608
4537	34	448	1	1789394734233799680
4538	34	449	1	1789394734233798656
4539	34	450	1	1789394734233798656
4540	34	451	1	1789394734233797632
4541	34	452	1	1789394734233797632
4542	34	453	1	1789394734233798656
4543	34	454	1	1789394734233798656
4544	34	455	1	1789394734233797632
4545	34	456	1	1789394734233797632
4546	34	457	1	1789394734233796608
4547	34	458	1	1789394734233797632
4548	34	459	1	1789394734233797632
4549	34	460	1	1789394734233797632
4550	34	461	1	1789394734233797632
4551	34	462	1	1789394734233796608
4552	34	463	1	1789394734233797632
4553	34	464	1	1789394734233797632
4554	34	465	1	1789394734233797632
4555	34	466	1	1789394734233797632
4556	34	467	1	1789394734233796608
4557	34	468	1	1789394734233796608
4558	34	469	1	1789394734233797632
4559	34	470	1	1789394734233797632
4560	34	471	1	1789394734233797632
4561	34	472	1	1789394734233796608
4562	34	473	1	1789394734233796608
4563	34	474	1	1789394734233796608
4564	34	475	1	1789394734233797632
4565	34	476	1	1789394734233797632
4566	34	477	1	1789394734233796608
4567	34	478	1	1789394734233796608
4568	34	479	1	1789394734233797632
4569	34	480	1	1789394734233797632
4570	34	481	1	1789394734233798656
4571	34	482	1	1789394734233798656
4572	34	483	1	1789394734233797632
4573	34	484	1	1789394734233797632
4574	34	485	1	1789394734233797632
4575	34	486	1	1789394734233798656
4576	34	487	1	1789394734233798656
4577	34	488	1	1789394734233797632
4578	34	489	1	1789394734233797632
4579	34	490	1	1789394734233796608
4580	34	491	1	1789394734233797632
4581	34	492	1	1789394734233797632
4582	34	493	1	1789394734233797632
4583	34	494	1	1789394734233797632
4584	34	495	1	1789394734233796608
4585	34	496	1	1789394734233797632
4586	34	497	1	1789394734233797632
4587	34	498	1	1789394734233797632
4588	34	499	1	1789394734233797632
4589	34	500	1	1789394734233796608
4590	34	501	1	1789394734233796608
4591	34	502	1	1789394734233797632
4592	34	503	1	1789394734233797632
4593	34	504	1	1789394734233797632
4594	34	505	1	1789394734233796608
4595	34	506	1	1789394734233796608
4596	34	507	1	1789394734233796608
4597	34	508	1	1789394734233797632
4598	34	509	1	1789394734233797632
4599	34	510	1	1789394734233797632
4600	34	511	1	1789394734233796608
4601	35	0	1	1789394734233815040
4602	35	1	1	1789394734233814016
4603	35	2	1	1789394734233814016
4604	35	3	1	1789394734233814016
4605	35	4	1	1789394734233786368
4606	35	5	1	1789394734233786368
4607	35	6	1	1789394734233786368
4608	35	7	1	1789394734233786368
4609	35	8	1	1789394734233786368
4610	35	9	1	1789394734233786368
4611	35	10	1	1789394734233786368
4612	35	11	1	1789394734233786368
4613	35	12	1	1789394734233786368
4614	35	13	1	1789394734233786368
4615	35	14	1	1789394734233786368
4616	35	15	1	1789394734233786368
4617	35	16	1	1789394734233786368
4618	35	17	1	1789394734233786368
4619	35	18	1	1789394734233786368
4620	35	19	1	1789394734233786368
4621	35	20	1	1789394734233785344
4622	35	21	1	1789394734233786368
4623	35	22	1	1789394734233786368
4624	35	23	1	1789394734233786368
4625	35	24	1	1789394734233785344
4626	35	25	1	1789394734233785344
4627	35	26	1	1789394734233785344
4628	35	27	1	1789394734233786368
4629	35	28	1	1789394734233786368
4630	35	29	1	1789394734233786368
4631	35	30	1	1789394734233785344
4632	35	31	1	1789394734233786368
4633	35	32	1	1789394734233786368
4634	35	33	1	1789394734233786368
4635	35	34	1	1789394734233786368
4636	35	35	1	1789394734233786368
4637	35	36	1	1789394734233786368
4638	35	37	1	1789394734233786368
4639	35	38	1	1789394734233786368
4640	35	39	1	1789394734233786368
4641	35	40	1	1789394734233786368
4642	35	41	1	1789394734233786368
4643	35	42	1	1789394734233786368
4644	35	43	1	1789394734233786368
4645	35	44	1	1789394734233786368
4646	35	45	1	1789394734233786368
4647	35	46	1	1789394734233786368
4648	35	47	1	1789394734233785344
4649	35	48	1	1789394734233786368
4650	35	49	1	1789394734233786368
4651	35	50	1	1789394734233786368
4652	35	51	1	1789394734233786368
4653	35	52	1	1789394734233786368
4654	35	53	1	1789394734233785344
4655	35	54	1	1789394734233786368
4656	35	55	1	1789394734233786368
4657	35	56	1	1789394734233786368
4658	35	57	1	1789394734233786368
4659	35	58	1	1789394734233785344
4660	35	59	1	1789394734233785344
4661	35	60	1	1789394734233786368
4662	35	61	1	1789394734233786368
4663	35	62	1	1789394734233786368
4664	35	63	1	1789394734233785344
4665	35	64	1	1789394734233786368
4666	35	65	1	1789394734233786368
4667	35	66	1	1789394734233786368
4668	35	67	1	1789394734233786368
4669	35	68	1	1789394734233786368
4670	35	69	1	1789394734233786368
4671	35	70	1	1789394734233786368
4672	35	71	1	1789394734233786368
4673	35	72	1	1789394734233786368
4674	35	73	1	1789394734233786368
4675	35	74	1	1789394734233786368
4676	35	75	1	1789394734233786368
4677	35	76	1	1789394734233786368
4678	35	77	1	1789394734233786368
4679	35	78	1	1789394734233785344
4680	35	79	1	1789394734233786368
4681	35	80	1	1789394734233786368
4682	35	81	1	1789394734233786368
4683	35	82	1	1789394734233786368
4684	35	83	1	1789394734233786368
4685	35	84	1	1789394734233785344
4686	35	85	1	1789394734233786368
4687	35	86	1	1789394734233786368
4688	35	87	1	1789394734233786368
4689	35	88	1	1789394734233785344
4690	35	89	1	1789394734233785344
4691	35	90	1	1789394734233785344
4692	35	91	1	1789394734233786368
4693	35	92	1	1789394734233786368
4694	35	93	1	1789394734233785344
4695	35	94	1	1789394734233785344
4696	35	95	1	1789394734233786368
4697	35	96	1	1789394734233786368
4698	35	97	1	1789394734233786368
4699	35	98	1	1789394734233786368
4700	35	99	1	1789394734233786368
4701	35	100	1	1789394734233786368
4702	35	101	1	1789394734233786368
4703	35	102	1	1789394734233786368
4704	35	103	1	1789394734233786368
4705	35	104	1	1789394734233786368
4706	35	105	1	1789394734233786368
4707	35	106	1	1789394734233786368
4708	35	107	1	1789394734233786368
4709	35	108	1	1789394734233786368
4710	35	109	1	1789394734233786368
4711	35	110	1	1789394734233786368
4712	35	111	1	1789394734233785344
4713	35	112	1	1789394734233786368
4714	35	113	1	1789394734233786368
4715	35	114	1	1789394734233786368
4716	35	115	1	1789394734233786368
4717	35	116	1	1789394734233786368
4718	35	117	1	1789394734233785344
4719	35	118	1	1789394734233786368
4720	35	119	1	1789394734233786368
4721	35	120	1	1789394734233786368
4722	35	121	1	1789394734233786368
4723	35	122	1	1789394734233785344
4724	35	123	1	1789394734233785344
4725	35	124	1	1789394734233786368
4726	35	125	1	1789394734233786368
4727	35	126	1	1789394734233786368
4728	35	127	1	1789394734233785344
4729	35	128	1	1789394734233786368
4730	35	129	1	1789394734233786368
4731	35	130	1	1789394734233786368
4732	35	131	1	1789394734233787392
4733	35	132	1	1789394734233786368
4734	35	133	1	1789394734233786368
4735	35	134	1	1789394734233786368
4736	35	135	1	1789394734233786368
4737	35	136	1	1789394734233786368
4738	35	137	1	1789394734233786368
4739	35	138	1	1789394734233786368
4740	35	139	1	1789394734233786368
4741	35	140	1	1789394734233786368
4742	35	141	1	1789394734233786368
4743	35	142	1	1789394734233786368
4744	35	143	1	1789394734233786368
4745	35	144	1	1789394734233786368
4746	35	145	1	1789394734233786368
4747	35	146	1	1789394734233786368
4748	35	147	1	1789394734233786368
4749	35	148	1	1789394734233785344
4750	35	149	1	1789394734233786368
4751	35	150	1	1789394734233786368
4752	35	151	1	1789394734233786368
4753	35	152	1	1789394734233785344
4754	35	153	1	1789394734233785344
4755	35	154	1	1789394734233785344
4756	35	155	1	1789394734233786368
4757	35	156	1	1789394734233786368
4758	35	157	1	1789394734233786368
4759	35	158	1	1789394734233785344
4760	35	159	1	1789394734233786368
4761	35	160	1	1789394734233786368
4762	35	161	1	1789394734233786368
4763	35	162	1	1789394734233786368
4764	35	163	1	1789394734233786368
4765	35	164	1	1789394734233786368
4766	35	165	1	1789394734233786368
4767	35	166	1	1789394734233786368
4768	35	167	1	1789394734233786368
4769	35	168	1	1789394734233786368
4770	35	169	1	1789394734233786368
4771	35	170	1	1789394734233786368
4772	35	171	1	1789394734233786368
4773	35	172	1	1789394734233786368
4774	35	173	1	1789394734233786368
4775	35	174	1	1789394734233786368
4776	35	175	1	1789394734233785344
4777	35	176	1	1789394734233786368
4778	35	177	1	1789394734233786368
4779	35	178	1	1789394734233786368
4780	35	179	1	1789394734233786368
4781	35	180	1	1789394734233786368
4782	35	181	1	1789394734233785344
4783	35	182	1	1789394734233786368
4784	35	183	1	1789394734233786368
4785	35	184	1	1789394734233786368
4786	35	185	1	1789394734233786368
4787	35	186	1	1789394734233785344
4788	35	187	1	1789394734233785344
4789	35	188	1	1789394734233786368
4790	35	189	1	1789394734233786368
4791	35	190	1	1789394734233786368
4792	35	191	1	1789394734233785344
4793	35	192	1	1789394734233786368
4794	35	193	1	1789394734233786368
4795	35	194	1	1789394734233786368
4796	35	195	1	1789394734233786368
4797	35	196	1	1789394734233786368
4798	35	197	1	1789394734233786368
4799	35	198	1	1789394734233786368
4800	35	199	1	1789394734233786368
4801	35	200	1	1789394734233786368
4802	35	201	1	1789394734233786368
4803	35	202	1	1789394734233786368
4804	35	203	1	1789394734233786368
4805	35	204	1	1789394734233786368
4806	35	205	1	1789394734233786368
4807	35	206	1	1789394734233785344
4808	35	207	1	1789394734233786368
4809	35	208	1	1789394734233786368
4810	35	209	1	1789394734233786368
4811	35	210	1	1789394734233786368
4812	35	211	1	1789394734233786368
4813	35	212	1	1789394734233785344
4814	35	213	1	1789394734233786368
4815	35	214	1	1789394734233786368
4816	35	215	1	1789394734233786368
4817	35	216	1	1789394734233785344
4818	35	217	1	1789394734233785344
4819	35	218	1	1789394734233785344
4820	35	219	1	1789394734233786368
4821	35	220	1	1789394734233786368
4822	35	221	1	1789394734233785344
4823	35	222	1	1789394734233785344
4824	35	223	1	1789394734233786368
4825	35	224	1	1789394734233786368
4826	35	225	1	1789394734233786368
4827	35	226	1	1789394734233786368
4828	35	227	1	1789394734233786368
4829	35	228	1	1789394734233786368
4830	35	229	1	1789394734233786368
4831	35	230	1	1789394734233786368
4832	35	231	1	1789394734233786368
4833	35	232	1	1789394734233786368
4834	35	233	1	1789394734233786368
4835	35	234	1	1789394734233786368
4836	35	235	1	1789394734233786368
4837	35	236	1	1789394734233786368
4838	35	237	1	1789394734233786368
4839	35	238	1	1789394734233786368
4840	35	239	1	1789394734233785344
4841	35	240	1	1789394734233786368
4842	35	241	1	1789394734233786368
4843	35	242	1	1789394734233786368
4844	35	243	1	1789394734233786368
4845	35	244	1	1789394734233786368
4846	35	245	1	1789394734233785344
4847	35	246	1	1789394734233786368
4848	35	247	1	1789394734233786368
4849	35	248	1	1789394734233786368
4850	35	249	1	1789394734233786368
4851	35	250	1	1789394734233785344
4852	35	251	1	1789394734233785344
4853	35	252	1	1789394734233786368
4854	35	253	1	1789394734233786368
4855	35	254	1	1789394734233786368
4856	35	255	1	1789394734233785344
4857	35	256	1	1789394734233819136
4858	35	257	1	1789394734233818112
4859	35	258	1	1789394734233818112
4860	35	259	1	1789394734233817088
4861	35	260	1	1789394734233790464
4862	35	261	1	1789394734233790464
4863	35	262	1	1789394734233790464
4864	35	263	1	1789394734233790464
4865	35	264	1	1789394734233789440
4866	35	265	1	1789394734233789440
4867	35	266	1	1789394734233790464
4868	35	267	1	1789394734233790464
4869	35	268	1	1789394734233790464
4870	35	269	1	1789394734233789440
4871	35	270	1	1789394734233789440
4872	35	271	1	1789394734233789440
4873	35	272	1	1789394734233790464
4874	35	273	1	1789394734233790464
4875	35	274	1	1789394734233789440
4876	35	275	1	1789394734233789440
4877	35	276	1	1789394734233789440
4878	35	277	1	1789394734233789440
4879	35	278	1	1789394734233789440
4880	35	279	1	1789394734233789440
4881	35	280	1	1789394734233789440
4882	35	281	1	1789394734233789440
4883	35	282	1	1789394734233789440
4884	35	283	1	1789394734233789440
4885	35	284	1	1789394734233789440
4886	35	285	1	1789394734233789440
4887	35	286	1	1789394734233789440
4888	35	287	1	1789394734233789440
4889	35	288	1	1789394734233790464
4890	35	289	1	1789394734233790464
4891	35	290	1	1789394734233790464
4892	35	291	1	1789394734233790464
4893	35	292	1	1789394734233789440
4894	35	293	1	1789394734233790464
4895	35	294	1	1789394734233790464
4896	35	295	1	1789394734233790464
4897	35	296	1	1789394734233790464
4898	35	297	1	1789394734233789440
4899	35	298	1	1789394734233789440
4900	35	299	1	1789394734233789440
4901	35	300	1	1789394734233790464
4902	35	301	1	1789394734233790464
4903	35	302	1	1789394734233789440
4904	35	303	1	1789394734233789440
4905	35	304	1	1789394734233789440
4906	35	305	1	1789394734233790464
4907	35	306	1	1789394734233790464
4908	35	307	1	1789394734233789440
4909	35	308	1	1789394734233789440
4910	35	309	1	1789394734233789440
4911	35	310	1	1789394734233789440
4912	35	311	1	1789394734233789440
4913	35	312	1	1789394734233789440
4914	35	313	1	1789394734233789440
4915	35	314	1	1789394734233789440
4916	35	315	1	1789394734233789440
4917	35	316	1	1789394734233789440
4918	35	317	1	1789394734233789440
4919	35	318	1	1789394734233789440
4920	35	319	1	1789394734233789440
4921	35	320	1	1789394734233790464
4922	35	321	1	1789394734233790464
4923	35	322	1	1789394734233790464
4924	35	323	1	1789394734233790464
4925	35	324	1	1789394734233790464
4926	35	325	1	1789394734233790464
4927	35	326	1	1789394734233790464
4928	35	327	1	1789394734233790464
4929	35	328	1	1789394734233789440
4930	35	329	1	1789394734233789440
4931	35	330	1	1789394734233789440
4932	35	331	1	1789394734233790464
4933	35	332	1	1789394734233790464
4934	35	333	1	1789394734233789440
4935	35	334	1	1789394734233789440
4936	35	335	1	1789394734233789440
4937	35	336	1	1789394734233790464
4938	35	337	1	1789394734233790464
4939	35	338	1	1789394734233789440
4940	35	339	1	1789394734233789440
4941	35	340	1	1789394734233789440
4942	35	341	1	1789394734233789440
4943	35	342	1	1789394734233789440
4944	35	343	1	1789394734233789440
4945	35	344	1	1789394734233789440
4946	35	345	1	1789394734233789440
4947	35	346	1	1789394734233789440
4948	35	347	1	1789394734233789440
4949	35	348	1	1789394734233789440
4950	35	349	1	1789394734233789440
4951	35	350	1	1789394734233789440
4952	35	351	1	1789394734233789440
4953	35	352	1	1789394734233790464
4954	35	353	1	1789394734233790464
4955	35	354	1	1789394734233790464
4956	35	355	1	1789394734233790464
4957	35	356	1	1789394734233789440
4958	35	357	1	1789394734233790464
4959	35	358	1	1789394734233790464
4960	35	359	1	1789394734233790464
4961	35	360	1	1789394734233790464
4962	35	361	1	1789394734233789440
4963	35	362	1	1789394734233789440
4964	35	363	1	1789394734233789440
4965	35	364	1	1789394734233790464
4966	35	365	1	1789394734233790464
4967	35	366	1	1789394734233789440
4968	35	367	1	1789394734233789440
4969	35	368	1	1789394734233789440
4970	35	369	1	1789394734233790464
4971	35	370	1	1789394734233790464
4972	35	371	1	1789394734233789440
4973	35	372	1	1789394734233789440
4974	35	373	1	1789394734233789440
4975	35	374	1	1789394734233789440
4976	35	375	1	1789394734233789440
4977	35	376	1	1789394734233789440
4978	35	377	1	1789394734233789440
4979	35	378	1	1789394734233789440
4980	35	379	1	1789394734233789440
4981	35	380	1	1789394734233789440
4982	35	381	1	1789394734233789440
4983	35	382	1	1789394734233789440
4984	35	383	1	1789394734233789440
4985	35	384	1	1789394734233792512
4986	35	385	1	1789394734233791488
4987	35	386	1	1789394734233791488
4988	35	387	1	1789394734233791488
4989	35	388	1	1789394734233790464
4990	35	389	1	1789394734233790464
4991	35	390	1	1789394734233790464
4992	35	391	1	1789394734233790464
4993	35	392	1	1789394734233789440
4994	35	393	1	1789394734233789440
4995	35	394	1	1789394734233790464
4996	35	395	1	1789394734233790464
4997	35	396	1	1789394734233790464
4998	35	397	1	1789394734233789440
4999	35	398	1	1789394734233789440
5000	35	399	1	1789394734233789440
5001	35	400	1	1789394734233790464
5002	35	401	1	1789394734233790464
5003	35	402	1	1789394734233789440
5004	35	403	1	1789394734233789440
5005	35	404	1	1789394734233789440
5006	35	405	1	1789394734233789440
5007	35	406	1	1789394734233789440
5008	35	407	1	1789394734233789440
5009	35	408	1	1789394734233789440
5010	35	409	1	1789394734233789440
5011	35	410	1	1789394734233789440
5012	35	411	1	1789394734233789440
5013	35	412	1	1789394734233789440
5014	35	413	1	1789394734233789440
5015	35	414	1	1789394734233789440
5016	35	415	1	1789394734233789440
5017	35	416	1	1789394734233790464
5018	35	417	1	1789394734233790464
5019	35	418	1	1789394734233790464
5020	35	419	1	1789394734233790464
5021	35	420	1	1789394734233789440
5022	35	421	1	1789394734233790464
5023	35	422	1	1789394734233790464
5024	35	423	1	1789394734233790464
5025	35	424	1	1789394734233790464
5026	35	425	1	1789394734233789440
5027	35	426	1	1789394734233789440
5028	35	427	1	1789394734233789440
5029	35	428	1	1789394734233790464
5030	35	429	1	1789394734233790464
5031	35	430	1	1789394734233789440
5032	35	431	1	1789394734233789440
5033	35	432	1	1789394734233789440
5034	35	433	1	1789394734233790464
5035	35	434	1	1789394734233790464
5036	35	435	1	1789394734233789440
5037	35	436	1	1789394734233789440
5038	35	437	1	1789394734233789440
5039	35	438	1	1789394734233789440
5040	35	439	1	1789394734233789440
5041	35	440	1	1789394734233789440
5042	35	441	1	1789394734233789440
5043	35	442	1	1789394734233789440
5044	35	443	1	1789394734233789440
5045	35	444	1	1789394734233789440
5046	35	445	1	1789394734233789440
5047	35	446	1	1789394734233789440
5048	35	447	1	1789394734233789440
5049	35	448	1	1789394734233790464
5050	35	449	1	1789394734233790464
5051	35	450	1	1789394734233790464
5052	35	451	1	1789394734233790464
5053	35	452	1	1789394734233790464
5054	35	453	1	1789394734233790464
5055	35	454	1	1789394734233790464
5056	35	455	1	1789394734233790464
5057	35	456	1	1789394734233789440
5058	35	457	1	1789394734233789440
5059	35	458	1	1789394734233790464
5060	35	459	1	1789394734233790464
5061	35	460	1	1789394734233790464
5062	35	461	1	1789394734233789440
5063	35	462	1	1789394734233789440
5064	35	463	1	1789394734233789440
5065	35	464	1	1789394734233790464
5066	35	465	1	1789394734233790464
5067	35	466	1	1789394734233789440
5068	35	467	1	1789394734233789440
5069	35	468	1	1789394734233789440
5070	35	469	1	1789394734233789440
5071	35	470	1	1789394734233789440
5072	35	471	1	1789394734233789440
5073	35	472	1	1789394734233789440
5074	35	473	1	1789394734233789440
5075	35	474	1	1789394734233789440
5076	35	475	1	1789394734233789440
5077	35	476	1	1789394734233789440
5078	35	477	1	1789394734233789440
5079	35	478	1	1789394734233789440
5080	35	479	1	1789394734233789440
5081	35	480	1	1789394734233790464
5082	35	481	1	1789394734233790464
5083	35	482	1	1789394734233790464
5084	35	483	1	1789394734233790464
5085	35	484	1	1789394734233789440
5086	35	485	1	1789394734233790464
5087	35	486	1	1789394734233790464
5088	35	487	1	1789394734233790464
5089	35	488	1	1789394734233790464
5090	35	489	1	1789394734233789440
5091	35	490	1	1789394734233789440
5092	35	491	1	1789394734233789440
5093	35	492	1	1789394734233790464
5094	35	493	1	1789394734233790464
5095	35	494	1	1789394734233789440
5096	35	495	1	1789394734233789440
5097	35	496	1	1789394734233789440
5098	35	497	1	1789394734233790464
5099	35	498	1	1789394734233790464
5100	35	499	1	1789394734233789440
5101	35	500	1	1789394734233789440
5102	35	501	1	1789394734233789440
5103	35	502	1	1789394734233789440
5104	35	503	1	1789394734233789440
5105	35	504	1	1789394734233789440
5106	35	505	1	1789394734233789440
5107	35	506	1	1789394734233789440
5108	35	507	1	1789394734233789440
5109	35	508	1	1789394734233789440
5110	35	509	1	1789394734233789440
5111	35	510	1	1789394734233789440
5112	35	511	1	1789394734233789440
5113	36	4294967295	512	1789394734233839616
5114	37	4294967295	512	1789394734233833472
5115	38	0	1	1789394734233866240
5116	38	1	1	1789394734233865216
5117	38	2	1	1789394734233865216
5118	38	3	1	1789394734233864192
5119	38	4	1	1789394734233864192
5120	38	5	1	1789394734233864192
5121	38	6	1	1789394734233864192
5122	38	7	1	1789394734233864192
5123	38	8	1	1789394734233864192
5124	38	9	1	1789394734233865216
5125	38	10	1	1789394734233866240
5126	38	11	1	1789394734233864192
5127	38	12	1	1789394734233864192
5128	38	13	1	1789394734233864192
5129	38	14	1	1789394734233865216
5130	38	15	1	1789394734233863168
5131	38	16	1	1789394734233863168
5132	38	17	1	1789394734233865216
5133	38	18	1	1789394734233864192
5134	38	19	1	1789394734233864192
5135	38	20	1	1789394734233865216
5136	38	21	1	1789394734233864192
5137	38	22	1	1789394734233866240
5138	38	23	1	1789394734233865216
5139	38	24	1	1789394734233864192
5140	38	25	1	1789394734233864192
5141	38	26	1	1789394734233864192
5142	38	27	1	1789394734233864192
5143	38	28	1	1789394734233864192
5144	38	29	1	1789394734233865216
5145	38	30	1	1789394734233862144
5146	38	31	1	1789394734233864192
5147	38	32	1	1789394734233864192
5148	38	33	1	1789394734233865216
5149	38	34	1	1789394734233865216
5150	38	35	1	1789394734233865216
5151	38	36	1	1789394734233865216
5152	38	37	1	1789394734233865216
5153	38	38	1	1789394734233865216
5154	38	39	1	1789394734233864192
5155	38	40	1	1789394734233865216
5156	38	41	1	1789394734233865216
5157	38	42	1	1789394734233862144
5158	38	43	1	1789394734233865216
5159	38	44	1	1789394734233865216
5160	38	45	1	1789394734233865216
5161	38	46	1	1789394734233865216
5162	38	47	1	1789394734233865216
5163	38	48	1	1789394734233865216
5164	38	49	1	1789394734233865216
5165	38	50	1	1789394734233865216
5166	38	51	1	1789394734233865216
5167	38	52	1	1789394734233865216
5168	38	53	1	1789394734233866240
5169	38	54	1	1789394734233866240
5170	38	55	1	1789394734233866240
5171	38	56	1	1789394734233866240
5172	38	57	1	1789394734233866240
5173	38	58	1	1789394734233865216
5174	38	59	1	1789394734233865216
5175	38	60	1	1789394734233865216
5176	38	61	1	1789394734233865216
5177	38	62	1	1789394734233866240
5178	38	63	1	1789394734233865216
5179	38	64	1	1789394734233866240
5180	38	65	1	1789394734233865216
5181	38	66	1	1789394734233865216
5182	38	67	1	1789394734233865216
5183	38	68	1	1789394734233866240
5184	38	69	1	1789394734233865216
5185	38	70	1	1789394734233865216
5186	38	71	1	1789394734233865216
5187	38	72	1	1789394734233866240
5188	38	73	1	1789394734233863168
5189	38	74	1	1789394734233866240
5190	38	75	1	1789394734233865216
5191	38	76	1	1789394734233865216
5192	38	77	1	1789394734233866240
5193	38	78	1	1789394734233866240
5194	38	79	1	1789394734233866240
5195	38	80	1	1789394734233865216
5196	38	81	1	1789394734233865216
5197	38	82	1	1789394734233866240
5198	38	83	1	1789394734233866240
5199	38	84	1	1789394734233867264
5200	38	85	1	1789394734233864192
5201	38	86	1	1789394734233866240
5202	38	87	1	1789394734233866240
5203	38	88	1	1789394734233865216
5204	38	89	1	1789394734233864192
5205	38	90	1	1789394734233866240
5206	38	91	1	1789394734233866240
5207	38	92	1	1789394734233865216
5208	38	93	1	1789394734233866240
5209	38	94	1	1789394734233864192
5210	38	95	1	1789394734233866240
5211	38	96	1	1789394734233866240
5212	38	97	1	1789394734233865216
5213	38	98	1	1789394734233866240
5214	38	99	1	1789394734233866240
5215	38	100	1	1789394734233866240
5216	38	101	1	1789394734233866240
5217	38	102	1	1789394734233866240
5218	38	103	1	1789394734233866240
5219	38	104	1	1789394734233865216
5220	38	105	1	1789394734233866240
5221	38	106	1	1789394734233863168
5222	38	107	1	1789394734233866240
5223	38	108	1	1789394734233865216
5224	38	109	1	1789394734233866240
5225	38	110	1	1789394734233866240
5226	38	111	1	1789394734233865216
5227	38	112	1	1789394734233866240
5228	38	113	1	1789394734233865216
5229	38	114	1	1789394734233866240
5230	38	115	1	1789394734233865216
5231	38	116	1	1789394734233865216
5232	38	117	1	1789394734233866240
5233	38	118	1	1789394734233864192
5234	38	119	1	1789394734233866240
5235	38	120	1	1789394734233866240
5236	38	121	1	1789394734233864192
5237	38	122	1	1789394734233863168
5238	38	123	1	1789394734233864192
5239	38	124	1	1789394734233866240
5240	38	125	1	1789394734233865216
5241	38	126	1	1789394734233864192
5242	38	127	1	1789394734233864192
5243	38	128	1	1789394734233862144
5244	38	129	1	1789394734233862144
5245	38	130	1	1789394734233862144
5246	38	131	1	1789394734233861120
5247	38	132	1	1789394734233861120
5248	38	133	1	1789394734233861120
5249	38	134	1	1789394734233862144
5250	38	135	1	1789394734233861120
5251	38	136	1	1789394734233862144
5252	38	137	1	1789394734233862144
5253	38	138	1	1789394734233862144
5254	38	139	1	1789394734233861120
5255	38	140	1	1789394734233862144
5256	38	141	1	1789394734233862144
5257	38	142	1	1789394734233861120
5258	38	143	1	1789394734233861120
5259	38	144	1	1789394734233862144
5260	38	145	1	1789394734233862144
5261	38	146	1	1789394734233862144
5262	38	147	1	1789394734233861120
5263	38	148	1	1789394734233862144
5264	38	149	1	1789394734233861120
5265	38	150	1	1789394734233862144
5266	38	151	1	1789394734233862144
5267	38	152	1	1789394734233861120
5268	38	153	1	1789394734233861120
5269	38	154	1	1789394734233861120
5270	38	155	1	1789394734233861120
5271	38	156	1	1789394734233862144
5272	38	157	1	1789394734233862144
5273	38	158	1	1789394734233862144
5274	38	159	1	1789394734233861120
5275	38	160	1	1789394734233862144
5276	38	161	1	1789394734233862144
5277	38	162	1	1789394734233862144
5278	38	163	1	1789394734233862144
5279	38	164	1	1789394734233861120
5280	38	165	1	1789394734233862144
5281	38	166	1	1789394734233862144
5282	38	167	1	1789394734233862144
5283	38	168	1	1789394734233862144
5284	38	169	1	1789394734233862144
5285	38	170	1	1789394734233862144
5286	38	171	1	1789394734233862144
5287	38	172	1	1789394734233862144
5288	38	173	1	1789394734233862144
5289	38	174	1	1789394734233862144
5290	38	175	1	1789394734233862144
5291	38	176	1	1789394734233861120
5292	38	177	1	1789394734233862144
5293	38	178	1	1789394734233862144
5294	38	179	1	1789394734233862144
5295	38	180	1	1789394734233862144
5296	38	181	1	1789394734233862144
5297	38	182	1	1789394734233862144
5298	38	183	1	1789394734233862144
5299	38	184	1	1789394734233862144
5300	38	185	1	1789394734233862144
5301	38	186	1	1789394734233861120
5302	38	187	1	1789394734233861120
5303	38	188	1	1789394734233862144
5304	38	189	1	1789394734233862144
5305	38	190	1	1789394734233862144
5306	38	191	1	1789394734233861120
5307	38	192	1	1789394734233862144
5308	38	193	1	1789394734233862144
5309	38	194	1	1789394734233862144
5310	38	195	1	1789394734233861120
5311	38	196	1	1789394734233862144
5312	38	197	1	1789394734233862144
5313	38	198	1	1789394734233862144
5314	38	199	1	1789394734233862144
5315	38	200	1	1789394734233862144
5316	38	201	1	1789394734233862144
5317	38	202	1	1789394734233862144
5318	38	203	1	1789394734233862144
5319	38	204	1	1789394734233862144
5320	38	205	1	1789394734233862144
5321	38	206	1	1789394734233862144
5322	38	207	1	1789394734233862144
5323	38	208	1	1789394734233862144
5324	38	209	1	1789394734233862144
5325	38	210	1	1789394734233862144
5326	38	211	1	1789394734233862144
5327	38	212	1	1789394734233863168
5328	38	213	1	1789394734233863168
5329	38	214	1	1789394734233862144
5330	38	215	1	1789394734233862144
5331	38	216	1	1789394734233863168
5332	38	217	1	1789394734233862144
5333	38	218	1	1789394734233862144
5334	38	219	1	1789394734233862144
5335	38	220	1	1789394734233862144
5336	38	221	1	1789394734233862144
5337	38	222	1	1789394734233862144
5338	38	223	1	1789394734233862144
5339	38	224	1	1789394734233862144
5340	38	225	1	1789394734233862144
5341	38	226	1	1789394734233862144
5342	38	227	1	1789394734233862144
5343	38	228	1	1789394734233862144
5344	38	229	1	1789394734233862144
5345	38	230	1	1789394734233862144
5346	38	231	1	1789394734233862144
5347	38	232	1	1789394734233862144
5348	38	233	1	1789394734233862144
5349	38	234	1	1789394734233862144
5350	38	235	1	1789394734233862144
5351	38	236	1	1789394734233862144
5352	38	237	1	1789394734233862144
5353	38	238	1	1789394734233862144
5354	38	239	1	1789394734233861120
5355	38	240	1	1789394734233862144
5356	38	241	1	1789394734233862144
5357	38	242	1	1789394734233862144
5358	38	243	1	1789394734233862144
5359	38	244	1	1789394734233862144
5360	38	245	1	1789394734233863168
5361	38	246	1	1789394734233863168
5362	38	247	1	1789394734233862144
5363	38	248	1	1789394734233862144
5364	38	249	1	1789394734233862144
5365	38	250	1	1789394734233862144
5366	38	251	1	1789394734233862144
5367	38	252	1	1789394734233862144
5368	38	253	1	1789394734233862144
5369	38	254	1	1789394734233862144
5370	38	255	1	1789394734233863168
5371	38	256	1	1789394734233890816
5372	38	257	1	1789394734233890816
5373	38	258	1	1789394734233889792
5374	38	259	1	1789394734233889792
5375	38	260	1	1789394734233889792
5376	38	261	1	1789394734233889792
5377	38	262	1	1789394734233889792
5378	38	263	1	1789394734233890816
5379	38	264	1	1789394734233889792
5380	38	265	1	1789394734233890816
5381	38	266	1	1789394734233890816
5382	38	267	1	1789394734233889792
5383	38	268	1	1789394734233889792
5384	38	269	1	1789394734233889792
5385	38	270	1	1789394734233890816
5386	38	271	1	1789394734233889792
5387	38	272	1	1789394734233889792
5388	38	273	1	1789394734233889792
5389	38	274	1	1789394734233890816
5390	38	275	1	1789394734233889792
5391	38	276	1	1789394734233889792
5392	38	277	1	1789394734233889792
5393	38	278	1	1789394734233890816
5394	38	279	1	1789394734233890816
5395	38	280	1	1789394734233889792
5396	38	281	1	1789394734233889792
5397	38	282	1	1789394734233888768
5398	38	283	1	1789394734233889792
5399	38	284	1	1789394734233889792
5400	38	285	1	1789394734233890816
5401	38	286	1	1789394734233888768
5402	38	287	1	1789394734233889792
5403	38	288	1	1789394734233889792
5404	38	289	1	1789394734233890816
5405	38	290	1	1789394734233890816
5406	38	291	1	1789394734233889792
5407	38	292	1	1789394734233888768
5408	38	293	1	1789394734233889792
5409	38	294	1	1789394734233890816
5410	38	295	1	1789394734233890816
5411	38	296	1	1789394734233889792
5412	38	297	1	1789394734233889792
5413	38	298	1	1789394734233888768
5414	38	299	1	1789394734233890816
5415	38	300	1	1789394734233889792
5416	38	301	1	1789394734233890816
5417	38	302	1	1789394734233889792
5418	38	303	1	1789394734233889792
5419	38	304	1	1789394734233888768
5420	38	305	1	1789394734233890816
5421	38	306	1	1789394734233890816
5422	38	307	1	1789394734233890816
5423	38	308	1	1789394734233890816
5424	38	309	1	1789394734233890816
5425	38	310	1	1789394734233890816
5426	38	311	1	1789394734233890816
5427	38	312	1	1789394734233889792
5428	38	313	1	1789394734233889792
5429	38	314	1	1789394734233888768
5430	38	315	1	1789394734233889792
5431	38	316	1	1789394734233889792
5432	38	317	1	1789394734233890816
5433	38	318	1	1789394734233890816
5434	38	319	1	1789394734233889792
5435	38	320	1	1789394734233891840
5436	38	321	1	1789394734233890816
5437	38	322	1	1789394734233889792
5438	38	323	1	1789394734233888768
5439	38	324	1	1789394734233889792
5440	38	325	1	1789394734233890816
5441	38	326	1	1789394734233890816
5442	38	327	1	1789394734233890816
5443	38	328	1	1789394734233890816
5444	38	329	1	1789394734233889792
5445	38	330	1	1789394734233889792
5446	38	331	1	1789394734233890816
5447	38	332	1	1789394734233890816
5448	38	333	1	1789394734233889792
5449	38	334	1	1789394734233890816
5450	38	335	1	1789394734233889792
5451	38	336	1	1789394734233890816
5452	38	337	1	1789394734233889792
5453	38	338	1	1789394734233890816
5454	38	339	1	1789394734233890816
5455	38	340	1	1789394734233890816
5456	38	341	1	1789394734233890816
5457	38	342	1	1789394734233890816
5458	38	343	1	1789394734233890816
5459	38	344	1	1789394734233890816
5460	38	345	1	1789394734233889792
5461	38	346	1	1789394734233889792
5462	38	347	1	1789394734233889792
5463	38	348	1	1789394734233890816
5464	38	349	1	1789394734233889792
5465	38	350	1	1789394734233890816
5466	38	351	1	1789394734233890816
5467	38	352	1	1789394734233889792
5468	38	353	1	1789394734233889792
5469	38	354	1	1789394734233890816
5470	38	355	1	1789394734233890816
5471	38	356	1	1789394734233889792
5472	38	357	1	1789394734233890816
5473	38	358	1	1789394734233890816
5474	38	359	1	1789394734233890816
5475	38	360	1	1789394734233890816
5476	38	361	1	1789394734233891840
5477	38	362	1	1789394734233889792
5478	38	363	1	1789394734233890816
5479	38	364	1	1789394734233890816
5480	38	365	1	1789394734233890816
5481	38	366	1	1789394734233889792
5482	38	367	1	1789394734233889792
5483	38	368	1	1789394734233890816
5484	38	369	1	1789394734233889792
5485	38	370	1	1789394734233891840
5486	38	371	1	1789394734233889792
5487	38	372	1	1789394734233889792
5488	38	373	1	1789394734233891840
5489	38	374	1	1789394734233889792
5490	38	375	1	1789394734233890816
5491	38	376	1	1789394734233890816
5492	38	377	1	1789394734233888768
5493	38	378	1	1789394734233888768
5494	38	379	1	1789394734233889792
5495	38	380	1	1789394734233889792
5496	38	381	1	1789394734233889792
5497	38	382	1	1789394734233888768
5498	38	383	1	1789394734233889792
5499	38	384	1	1789394734233885696
5500	38	385	1	1789394734233885696
5501	38	386	1	1789394734233884672
5502	38	387	1	1789394734233884672
5503	38	388	1	1789394734233885696
5504	38	389	1	1789394734233885696
5505	38	390	1	1789394734233885696
5506	38	391	1	1789394734233885696
5507	38	392	1	1789394734233885696
5508	38	393	1	1789394734233885696
5509	38	394	1	1789394734233884672
5510	38	395	1	1789394734233885696
5511	38	396	1	1789394734233885696
5512	38	397	1	1789394734233884672
5513	38	398	1	1789394734233884672
5514	38	399	1	1789394734233885696
5515	38	400	1	1789394734233886720
5516	38	401	1	1789394734233885696
5517	38	402	1	1789394734233885696
5518	38	403	1	1789394734233885696
5519	38	404	1	1789394734233885696
5520	38	405	1	1789394734233884672
5521	38	406	1	1789394734233884672
5522	38	407	1	1789394734233885696
5523	38	408	1	1789394734233884672
5524	38	409	1	1789394734233884672
5525	38	410	1	1789394734233884672
5526	38	411	1	1789394734233885696
5527	38	412	1	1789394734233886720
5528	38	413	1	1789394734233885696
5529	38	414	1	1789394734233886720
5530	38	415	1	1789394734233885696
5531	38	416	1	1789394734233885696
5532	38	417	1	1789394734233885696
5533	38	418	1	1789394734233885696
5534	38	419	1	1789394734233885696
5535	38	420	1	1789394734233884672
5536	38	421	1	1789394734233885696
5537	38	422	1	1789394734233885696
5538	38	423	1	1789394734233886720
5539	38	424	1	1789394734233884672
5540	38	425	1	1789394734233883648
5541	38	426	1	1789394734233886720
5542	38	427	1	1789394734233885696
5543	38	428	1	1789394734233886720
5544	38	429	1	1789394734233884672
5545	38	430	1	1789394734233884672
5546	38	431	1	1789394734233884672
5547	38	432	1	1789394734233884672
5548	38	433	1	1789394734233884672
5549	38	434	1	1789394734233885696
5550	38	435	1	1789394734233885696
5551	38	436	1	1789394734233884672
5552	38	437	1	1789394734233885696
5553	38	438	1	1789394734233885696
5554	38	439	1	1789394734233884672
5555	38	440	1	1789394734233884672
5556	38	441	1	1789394734233883648
5557	38	442	1	1789394734233882624
5558	38	443	1	1789394734233884672
5559	38	444	1	1789394734233884672
5560	38	445	1	1789394734233885696
5561	38	446	1	1789394734233884672
5562	38	447	1	1789394734233884672
5563	38	448	1	1789394734233886720
5564	38	449	1	1789394734233885696
5565	38	450	1	1789394734233884672
5566	38	451	1	1789394734233883648
5567	38	452	1	1789394734233884672
5568	38	453	1	1789394734233885696
5569	38	454	1	1789394734233885696
5570	38	455	1	1789394734233884672
5571	38	456	1	1789394734233884672
5572	38	457	1	1789394734233886720
5573	38	458	1	1789394734233884672
5574	38	459	1	1789394734233885696
5575	38	460	1	1789394734233885696
5576	38	461	1	1789394734233885696
5577	38	462	1	1789394734233884672
5578	38	463	1	1789394734233884672
5579	38	464	1	1789394734233885696
5580	38	465	1	1789394734233885696
5581	38	466	1	1789394734233885696
5582	38	467	1	1789394734233884672
5583	38	468	1	1789394734233885696
5584	38	469	1	1789394734233886720
5585	38	470	1	1789394734233884672
5586	38	471	1	1789394734233884672
5587	38	472	1	1789394734233886720
5588	38	473	1	1789394734233886720
5589	38	474	1	1789394734233883648
5590	38	475	1	1789394734233884672
5591	38	476	1	1789394734233885696
5592	38	477	1	1789394734233884672
5593	38	478	1	1789394734233885696
5594	38	479	1	1789394734233884672
5595	38	480	1	1789394734233885696
5596	38	481	1	1789394734233885696
5597	38	482	1	1789394734233886720
5598	38	483	1	1789394734233885696
5599	38	484	1	1789394734233884672
5600	38	485	1	1789394734233884672
5601	38	486	1	1789394734233886720
5602	38	487	1	1789394734233886720
5603	38	488	1	1789394734233885696
5604	38	489	1	1789394734233885696
5605	38	490	1	1789394734233886720
5606	38	491	1	1789394734233885696
5607	38	492	1	1789394734233885696
5608	38	493	1	1789394734233886720
5609	38	494	1	1789394734233885696
5610	38	495	1	1789394734233883648
5611	38	496	1	1789394734233884672
5612	38	497	1	1789394734233885696
5613	38	498	1	1789394734233886720
5614	38	499	1	1789394734233884672
5615	38	500	1	1789394734233887744
5616	38	501	1	1789394734233888768
5617	38	502	1	1789394734233888768
5618	38	503	1	1789394734233888768
5619	38	504	1	1789394734233888768
5620	38	505	1	1789394734233888768
5621	38	506	1	1789394734233888768
5622	38	507	1	1789394734233888768
5623	38	508	1	1789394734233887744
5624	38	509	1	1789394734233888768
5625	38	510	1	1789394734233887744
5626	38	511	1	1789394734233888768
5627	39	0	1	1789394734233928704
5628	39	1	1	1789394734233928704
5629	39	2	1	1789394734233928704
5630	39	3	1	1789394734233928704
5631	40	0	1	1789394734233933824
5632	40	1	1	1789394734233933824
5633	40	2	1	1789394734233933824
5634	40	3	1	1789394734233932800
5635	40	4	1	1789394734233933824
5636	40	5	1	1789394734233933824
5637	40	6	1	1789394734233933824
5638	40	7	1	1789394734233933824
5639	40	8	1	1789394734233932800
5640	40	9	1	1789394734233932800
5641	40	10	1	1789394734233932800
5642	40	11	1	1789394734233932800
5643	40	12	1	1789394734233932800
5644	40	13	1	1789394734233932800
5645	40	14	1	1789394734233932800
5646	40	15	1	1789394734233932800
5647	40	16	1	1789394734233932800
5648	40	17	1	1789394734233933824
5649	40	18	1	1789394734233932800
5650	40	19	1	1789394734233932800
5651	40	20	1	1789394734233932800
5652	40	21	1	1789394734233932800
5653	40	22	1	1789394734233932800
5654	40	23	1	1789394734233932800
5655	40	24	1	1789394734233932800
5656	40	25	1	1789394734233932800
5657	40	26	1	1789394734233932800
5658	40	27	1	1789394734233932800
5659	40	28	1	1789394734233932800
5660	40	29	1	1789394734233932800
5661	40	30	1	1789394734233932800
5662	40	31	1	1789394734233932800
5663	40	32	1	1789394734233933824
5664	40	33	1	1789394734233933824
5665	40	34	1	1789394734233933824
5666	40	35	1	1789394734233932800
5667	40	36	1	1789394734233932800
5668	40	37	1	1789394734233932800
5669	40	38	1	1789394734233933824
5670	40	39	1	1789394734233933824
5671	40	40	1	1789394734233933824
5672	40	41	1	1789394734233932800
5673	40	42	1	1789394734233932800
5674	40	43	1	1789394734233932800
5675	40	44	1	1789394734233932800
5676	40	45	1	1789394734233932800
5677	40	46	1	1789394734233932800
5678	40	47	1	1789394734233932800
5679	40	48	1	1789394734233932800
5680	40	49	1	1789394734233932800
5681	40	50	1	1789394734233932800
5682	40	51	1	1789394734233932800
5683	40	52	1	1789394734233932800
5684	40	53	1	1789394734233932800
5685	40	54	1	1789394734233932800
5686	40	55	1	1789394734233932800
5687	40	56	1	1789394734233932800
5688	40	57	1	1789394734233932800
5689	40	58	1	1789394734233932800
5690	40	59	1	1789394734233932800
5691	40	60	1	1789394734233932800
5692	40	61	1	1789394734233932800
5693	40	62	1	1789394734233932800
5694	40	63	1	1789394734233932800
5695	40	64	1	1789394734233933824
5696	40	65	1	1789394734233933824
5697	40	66	1	1789394734233932800
5698	40	67	1	1789394734233932800
5699	40	68	1	1789394734233932800
5700	40	69	1	1789394734233933824
5701	40	70	1	1789394734233933824
5702	40	71	1	1789394734233933824
5703	40	72	1	1789394734233932800
5704	40	73	1	1789394734233932800
5705	40	74	1	1789394734233932800
5706	40	75	1	1789394734233932800
5707	40	76	1	1789394734233932800
5708	40	77	1	1789394734233932800
5709	40	78	1	1789394734233932800
5710	40	79	1	1789394734233932800
5711	40	80	1	1789394734233932800
5712	40	81	1	1789394734233933824
5713	40	82	1	1789394734233932800
5714	40	83	1	1789394734233932800
5715	40	84	1	1789394734233932800
5716	40	85	1	1789394734233932800
5717	40	86	1	1789394734233932800
5718	40	87	1	1789394734233932800
5719	40	88	1	1789394734233932800
5720	40	89	1	1789394734233932800
5721	40	90	1	1789394734233932800
5722	40	91	1	1789394734233932800
5723	40	92	1	1789394734233932800
5724	40	93	1	1789394734233932800
5725	40	94	1	1789394734233932800
5726	40	95	1	1789394734233932800
5727	40	96	1	1789394734233932800
5728	40	97	1	1789394734233933824
5729	40	98	1	1789394734233933824
5730	40	99	1	1789394734233932800
5731	40	100	1	1789394734233932800
5732	40	101	1	1789394734233932800
5733	40	102	1	1789394734233933824
5734	40	103	1	1789394734233933824
5735	40	104	1	1789394734233933824
5736	40	105	1	1789394734233932800
5737	40	106	1	1789394734233932800
5738	40	107	1	1789394734233932800
5739	40	108	1	1789394734233932800
5740	40	109	1	1789394734233932800
5741	40	110	1	1789394734233932800
5742	40	111	1	1789394734233932800
5743	40	112	1	1789394734233932800
5744	40	113	1	1789394734233932800
5745	40	114	1	1789394734233932800
5746	40	115	1	1789394734233932800
5747	40	116	1	1789394734233932800
5748	40	117	1	1789394734233932800
5749	40	118	1	1789394734233932800
5750	40	119	1	1789394734233932800
5751	40	120	1	1789394734233932800
5752	40	121	1	1789394734233932800
5753	40	122	1	1789394734233932800
5754	40	123	1	1789394734233932800
5755	40	124	1	1789394734233932800
5756	40	125	1	1789394734233932800
5757	40	126	1	1789394734233932800
5758	40	127	1	1789394734233932800
5759	41	0	1	1789394734233961472
5760	41	1	1	1789394734233961472
5761	41	2	1	1789394734233961472
5762	41	3	1	1789394734233960448
5763	41	4	1	1789394734233960448
5764	41	5	1	1789394734233961472
5765	41	6	1	1789394734233960448
5766	41	7	1	1789394734233960448
5767	42	0	1	1789394734233989120
5768	42	1	1	1789394734233989120
5769	42	2	1	1789394734233989120
5770	42	3	1	1789394734233988096
5771	42	4	1	1789394734233988096
5772	42	5	1	1789394734233989120
5773	42	6	1	1789394734233988096
5774	42	7	1	1789394734233988096
5775	43	0	1	1789394734233995264
5776	43	1	1	1789394734233995264
5777	43	2	1	1789394734233995264
5778	43	3	1	1789394734233994240
5779	43	4	1	1789394734233996288
5780	43	5	1	1789394734233995264
5781	43	6	1	1789394734233996288
5782	43	7	1	1789394734233994240
5783	43	8	1	1789394734233994240
5784	43	9	1	1789394734233994240
5785	43	10	1	1789394734233994240
5786	43	11	1	1789394734233994240
5787	43	12	1	1789394734233994240
5788	43	13	1	1789394734233994240
5789	43	14	1	1789394734233994240
5790	43	15	1	1789394734233994240
5791	43	16	1	1789394734233994240
5792	43	17	1	1789394734233994240
5793	43	18	1	1789394734233994240
5794	43	19	1	1789394734233994240
5795	43	20	1	1789394734233994240
5796	43	21	1	1789394734233994240
5797	43	22	1	1789394734233994240
5798	43	23	1	1789394734233994240
5799	43	24	1	1789394734233994240
5800	43	25	1	1789394734233994240
5801	43	26	1	1789394734233994240
5802	43	27	1	1789394734233994240
5803	43	28	1	1789394734233994240
5804	43	29	1	1789394734233994240
5805	43	30	1	1789394734233994240
5806	43	31	1	1789394734233994240
5807	43	32	1	1789394734233994240
5808	43	33	1	1789394734233995264
5809	43	34	1	1789394734233995264
5810	43	35	1	1789394734233994240
5811	43	36	1	1789394734233994240
5812	43	37	1	1789394734233994240
5813	43	38	1	1789394734233995264
5814	43	39	1	1789394734233995264
5815	43	40	1	1789394734233994240
5816	43	41	1	1789394734233994240
5817	43	42	1	1789394734233994240
5818	43	43	1	1789394734233994240
5819	43	44	1	1789394734233995264
5820	43	45	1	1789394734233994240
5821	43	46	1	1789394734233994240
5822	43	47	1	1789394734233994240
5823	43	48	1	1789394734233994240
5824	43	49	1	1789394734233994240
5825	43	50	1	1789394734233994240
5826	43	51	1	1789394734233994240
5827	43	52	1	1789394734233994240
5828	43	53	1	1789394734233994240
5829	43	54	1	1789394734233994240
5830	43	55	1	1789394734233994240
5831	43	56	1	1789394734233994240
5832	43	57	1	1789394734233994240
5833	43	58	1	1789394734233994240
5834	43	59	1	1789394734233994240
5835	43	60	1	1789394734233994240
5836	43	61	1	1789394734233994240
5837	43	62	1	1789394734233994240
5838	43	63	1	1789394734233994240
5839	43	64	1	1789394734233995264
5840	43	65	1	1789394734233995264
5841	43	66	1	1789394734233994240
5842	43	67	1	1789394734233994240
5843	43	68	1	1789394734233994240
5844	43	69	1	1789394734233995264
5845	43	70	1	1789394734233995264
5846	43	71	1	1789394734233994240
5847	43	72	1	1789394734233994240
5848	43	73	1	1789394734233994240
5849	43	74	1	1789394734233994240
5850	43	75	1	1789394734233994240
5851	43	76	1	1789394734233994240
5852	43	77	1	1789394734233994240
5853	43	78	1	1789394734233994240
5854	43	79	1	1789394734233994240
5855	43	80	1	1789394734233994240
5856	43	81	1	1789394734233994240
5857	43	82	1	1789394734233994240
5858	43	83	1	1789394734233994240
5859	43	84	1	1789394734233994240
5860	43	85	1	1789394734233994240
5861	43	86	1	1789394734233994240
5862	43	87	1	1789394734233994240
5863	43	88	1	1789394734233994240
5864	43	89	1	1789394734233994240
5865	43	90	1	1789394734233994240
5866	43	91	1	1789394734233994240
5867	43	92	1	1789394734233994240
5868	43	93	1	1789394734233994240
5869	43	94	1	1789394734233994240
5870	43	95	1	1789394734233994240
5871	43	96	1	1789394734233994240
5872	43	97	1	1789394734233995264
5873	43	98	1	1789394734233995264
5874	43	99	1	1789394734233994240
5875	43	100	1	1789394734233994240
5876	43	101	1	1789394734233994240
5877	43	102	1	1789394734233994240
5878	43	103	1	1789394734233995264
5879	43	104	1	1789394734233994240
5880	43	105	1	1789394734233994240
5881	43	106	1	1789394734233994240
5882	43	107	1	1789394734233994240
5883	43	108	1	1789394734233994240
5884	43	109	1	1789394734233994240
5885	43	110	1	1789394734233994240
5886	43	111	1	1789394734233994240
5887	43	112	1	1789394734233994240
5888	43	113	1	1789394734233994240
5889	43	114	1	1789394734233994240
5890	43	115	1	1789394734233994240
5891	43	116	1	1789394734233994240
5892	43	117	1	1789394734233994240
5893	43	118	1	1789394734233994240
5894	43	119	1	1789394734233994240
5895	43	120	1	1789394734233994240
5896	43	121	1	1789394734233994240
5897	43	122	1	1789394734233994240
5898	43	123	1	1789394734233994240
5899	43	124	1	1789394734233994240
5900	43	125	1	1789394734233994240
5901	43	126	1	1789394734233994240
5902	43	127	1	1789394734233994240
5903	44	0	1	1789394734234051584
5904	44	1	1	1789394734234051584
5905	44	2	1	1789394734234052608
5906	44	3	1	1789394734234051584
5907	45	0	1	1789394734234056704
5908	45	1	1	1789394734234056704
5909	45	2	1	1789394734234056704
5910	45	3	1	1789394734234055680
5911	45	4	1	1789394734234055680
5912	45	5	1	1789394734234056704
5913	45	6	1	1789394734234056704
5914	45	7	1	1789394734234056704
5915	45	8	1	1789394734234055680
5916	45	9	1	1789394734234055680
5917	45	10	1	1789394734234055680
5918	45	11	1	1789394734234056704
5919	45	12	1	1789394734234056704
5920	45	13	1	1789394734234055680
5921	45	14	1	1789394734234055680
5922	45	15	1	1789394734234055680
5923	45	16	1	1789394734234055680
5924	45	17	1	1789394734234056704
5925	45	18	1	1789394734234055680
5926	45	19	1	1789394734234055680
5927	45	20	1	1789394734234055680
5928	45	21	1	1789394734234055680
5929	45	22	1	1789394734234055680
5930	45	23	1	1789394734234055680
5931	45	24	1	1789394734234055680
5932	45	25	1	1789394734234055680
5933	45	26	1	1789394734234055680
5934	45	27	1	1789394734234055680
5935	45	28	1	1789394734234055680
5936	45	29	1	1789394734234055680
5937	45	30	1	1789394734234055680
5938	45	31	1	1789394734234055680
5939	45	32	1	1789394734234055680
5940	45	33	1	1789394734234056704
5941	45	34	1	1789394734234056704
5942	45	35	1	1789394734234055680
5943	45	36	1	1789394734234055680
5944	45	37	1	1789394734234055680
5945	45	38	1	1789394734234056704
5946	45	39	1	1789394734234056704
5947	45	40	1	1789394734234056704
5948	45	41	1	1789394734234055680
5949	45	42	1	1789394734234055680
5950	45	43	1	1789394734234055680
5951	45	44	1	1789394734234056704
5952	45	45	1	1789394734234055680
5953	45	46	1	1789394734234055680
5954	45	47	1	1789394734234055680
5955	45	48	1	1789394734234055680
5956	45	49	1	1789394734234055680
5957	45	50	1	1789394734234055680
5958	45	51	1	1789394734234055680
5959	45	52	1	1789394734234055680
5960	45	53	1	1789394734234055680
5961	45	54	1	1789394734234055680
5962	45	55	1	1789394734234055680
5963	45	56	1	1789394734234055680
5964	45	57	1	1789394734234055680
5965	45	58	1	1789394734234055680
5966	45	59	1	1789394734234055680
5967	45	60	1	1789394734234055680
5968	45	61	1	1789394734234055680
5969	45	62	1	1789394734234055680
5970	45	63	1	1789394734234055680
5971	45	64	1	1789394734234056704
5972	45	65	1	1789394734234056704
5973	45	66	1	1789394734234056704
5974	45	67	1	1789394734234055680
5975	45	68	1	1789394734234055680
5976	45	69	1	1789394734234056704
5977	45	70	1	1789394734234056704
5978	45	71	1	1789394734234055680
5979	45	72	1	1789394734234055680
5980	45	73	1	1789394734234055680
5981	45	74	1	1789394734234055680
5982	45	75	1	1789394734234055680
5983	45	76	1	1789394734234055680
5984	45	77	1	1789394734234055680
5985	45	78	1	1789394734234055680
5986	45	79	1	1789394734234055680
5987	45	80	1	1789394734234055680
5988	45	81	1	1789394734234055680
5989	45	82	1	1789394734234055680
5990	45	83	1	1789394734234055680
5991	45	84	1	1789394734234055680
5992	45	85	1	1789394734234055680
5993	45	86	1	1789394734234055680
5994	45	87	1	1789394734234055680
5995	45	88	1	1789394734234055680
5996	45	89	1	1789394734234055680
5997	45	90	1	1789394734234055680
5998	45	91	1	1789394734234055680
5999	45	92	1	1789394734234055680
6000	45	93	1	1789394734234055680
6001	45	94	1	1789394734234055680
6002	45	95	1	1789394734234055680
6003	45	96	1	1789394734234055680
6004	45	97	1	1789394734234056704
6005	45	98	1	1789394734234056704
6006	45	99	1	1789394734234055680
6007	45	100	1	1789394734234055680
6008	45	101	1	1789394734234055680
6009	45	102	1	1789394734234056704
6010	45	103	1	1789394734234056704
6011	45	104	1	1789394734234056704
6012	45	105	1	1789394734234055680
6013	45	106	1	1789394734234055680
6014	45	107	1	1789394734234055680
6015	45	108	1	1789394734234055680
6016	45	109	1	1789394734234055680
6017	45	110	1	1789394734234055680
6018	45	111	1	1789394734234055680
6019	45	112	1	1789394734234055680
6020	45	113	1	1789394734234055680
6021	45	114	1	1789394734234055680
6022	45	115	1	1789394734234055680
6023	45	116	1	1789394734234055680
6024	45	117	1	1789394734234055680
6025	45	118	1	1789394734234055680
6026	45	119	1	1789394734234055680
6027	45	120	1	1789394734234055680
6028	45	121	1	1789394734234055680
6029	45	122	1	1789394734234055680
6030	45	123	1	1789394734234055680
6031	45	124	1	1789394734234055680
6032	45	125	1	1789394734234055680
6033	45	126	1	1789394734234055680
6034	45	127	1	1789394734234055680
6035	46	4294967295	4	1789394734234112000
6036	47	4294967295	4	1789394734234112000
6037	48	4294967295	4	1789394734234140672
6038	49	0	1	1789394734234150912
6039	49	1	1	1789394734234151936
6040	49	2	1	1789394734234151936
6041	49	3	1	1789394734234150912
6042	49	4	1	1789394734234122240
6043	49	5	1	1789394734234123264
6044	49	6	1	1789394734234123264
6045	49	7	1	1789394734234122240
6046	49	8	1	1789394734234122240
6047	49	9	1	1789394734234123264
6048	49	10	1	1789394734234123264
6049	49	11	1	1789394734234124288
6050	49	12	1	1789394734234124288
6051	49	13	1	1789394734234123264
6052	49	14	1	1789394734234123264
6053	49	15	1	1789394734234123264
6054	49	16	1	1789394734234123264
6055	49	17	1	1789394734234124288
6056	49	18	1	1789394734234123264
6057	49	19	1	1789394734234123264
6058	49	20	1	1789394734234122240
6059	49	21	1	1789394734234123264
6060	49	22	1	1789394734234123264
6061	49	23	1	1789394734234123264
6062	49	24	1	1789394734234123264
6063	49	25	1	1789394734234122240
6064	49	26	1	1789394734234123264
6065	49	27	1	1789394734234123264
6066	49	28	1	1789394734234123264
6067	49	29	1	1789394734234123264
6068	49	30	1	1789394734234122240
6069	49	31	1	1789394734234123264
6070	49	32	1	1789394734234122240
6071	49	33	1	1789394734234123264
6072	49	34	1	1789394734234123264
6073	49	35	1	1789394734234122240
6074	49	36	1	1789394734234123264
6075	49	37	1	1789394734234122240
6076	49	38	1	1789394734234123264
6077	49	39	1	1789394734234123264
6078	49	40	1	1789394734234123264
6079	49	41	1	1789394734234122240
6080	49	42	1	1789394734234123264
6081	49	43	1	1789394734234123264
6082	49	44	1	1789394734234123264
6083	49	45	1	1789394734234123264
6084	49	46	1	1789394734234123264
6085	49	47	1	1789394734234123264
6086	49	48	1	1789394734234123264
6087	49	49	1	1789394734234123264
6088	49	50	1	1789394734234123264
6089	49	51	1	1789394734234123264
6090	49	52	1	1789394734234123264
6091	49	53	1	1789394734234122240
6092	49	54	1	1789394734234123264
6093	49	55	1	1789394734234123264
6094	49	56	1	1789394734234123264
6095	49	57	1	1789394734234123264
6096	49	58	1	1789394734234122240
6097	49	59	1	1789394734234123264
6098	49	60	1	1789394734234123264
6099	49	61	1	1789394734234123264
6100	49	62	1	1789394734234123264
6101	49	63	1	1789394734234122240
6102	49	64	1	1789394734234123264
6103	49	65	1	1789394734234123264
6104	49	66	1	1789394734234122240
6105	49	67	1	1789394734234123264
6106	49	68	1	1789394734234122240
6107	49	69	1	1789394734234123264
6108	49	70	1	1789394734234124288
6109	49	71	1	1789394734234122240
6110	49	72	1	1789394734234123264
6111	49	73	1	1789394734234123264
6112	49	74	1	1789394734234123264
6113	49	75	1	1789394734234124288
6114	49	76	1	1789394734234124288
6115	49	77	1	1789394734234123264
6116	49	78	1	1789394734234123264
6117	49	79	1	1789394734234123264
6118	49	80	1	1789394734234123264
6119	49	81	1	1789394734234124288
6120	49	82	1	1789394734234123264
6121	49	83	1	1789394734234123264
6122	49	84	1	1789394734234122240
6123	49	85	1	1789394734234123264
6124	49	86	1	1789394734234123264
6125	49	87	1	1789394734234123264
6126	49	88	1	1789394734234123264
6127	49	89	1	1789394734234122240
6128	49	90	1	1789394734234123264
6129	49	91	1	1789394734234123264
6130	49	92	1	1789394734234123264
6131	49	93	1	1789394734234123264
6132	49	94	1	1789394734234122240
6133	49	95	1	1789394734234123264
6134	49	96	1	1789394734234124288
6135	49	97	1	1789394734234123264
6136	49	98	1	1789394734234123264
6137	49	99	1	1789394734234122240
6138	49	100	1	1789394734234123264
6139	49	101	1	1789394734234122240
6140	49	102	1	1789394734234123264
6141	49	103	1	1789394734234123264
6142	49	104	1	1789394734234123264
6143	49	105	1	1789394734234122240
6144	49	106	1	1789394734234123264
6145	49	107	1	1789394734234123264
6146	49	108	1	1789394734234123264
6147	49	109	1	1789394734234123264
6148	49	110	1	1789394734234123264
6149	49	111	1	1789394734234123264
6150	49	112	1	1789394734234123264
6151	49	113	1	1789394734234123264
6152	49	114	1	1789394734234123264
6153	49	115	1	1789394734234123264
6154	49	116	1	1789394734234123264
6155	49	117	1	1789394734234122240
6156	49	118	1	1789394734234123264
6157	49	119	1	1789394734234123264
6158	49	120	1	1789394734234123264
6159	49	121	1	1789394734234123264
6160	49	122	1	1789394734234122240
6161	49	123	1	1789394734234123264
6162	49	124	1	1789394734234123264
6163	49	125	1	1789394734234123264
6164	49	126	1	1789394734234123264
6165	49	127	1	1789394734234122240
6166	49	128	1	1789394734234125312
6167	49	129	1	1789394734234125312
6168	49	130	1	1789394734234125312
6169	49	131	1	1789394734234124288
6170	49	132	1	1789394734234124288
6171	49	133	1	1789394734234123264
6172	49	134	1	1789394734234123264
6173	49	135	1	1789394734234124288
6174	49	136	1	1789394734234123264
6175	49	137	1	1789394734234123264
6176	49	138	1	1789394734234123264
6177	49	139	1	1789394734234124288
6178	49	140	1	1789394734234124288
6179	49	141	1	1789394734234123264
6180	49	142	1	1789394734234123264
6181	49	143	1	1789394734234123264
6182	49	144	1	1789394734234123264
6183	49	145	1	1789394734234124288
6184	49	146	1	1789394734234123264
6185	49	147	1	1789394734234123264
6186	49	148	1	1789394734234122240
6187	49	149	1	1789394734234123264
6188	49	150	1	1789394734234123264
6189	49	151	1	1789394734234123264
6190	49	152	1	1789394734234123264
6191	49	153	1	1789394734234122240
6192	49	154	1	1789394734234123264
6193	49	155	1	1789394734234123264
6194	49	156	1	1789394734234123264
6195	49	157	1	1789394734234123264
6196	49	158	1	1789394734234122240
6197	49	159	1	1789394734234123264
6198	49	160	1	1789394734234123264
6199	49	161	1	1789394734234123264
6200	49	162	1	1789394734234123264
6201	49	163	1	1789394734234124288
6202	49	164	1	1789394734234123264
6203	49	165	1	1789394734234122240
6204	49	166	1	1789394734234123264
6205	49	167	1	1789394734234123264
6206	49	168	1	1789394734234123264
6207	49	169	1	1789394734234123264
6208	49	170	1	1789394734234123264
6209	49	171	1	1789394734234123264
6210	49	172	1	1789394734234123264
6211	49	173	1	1789394734234123264
6212	49	174	1	1789394734234123264
6213	49	175	1	1789394734234123264
6214	49	176	1	1789394734234123264
6215	49	177	1	1789394734234123264
6216	49	178	1	1789394734234123264
6217	49	179	1	1789394734234123264
6218	49	180	1	1789394734234123264
6219	49	181	1	1789394734234122240
6220	49	182	1	1789394734234123264
6221	49	183	1	1789394734234123264
6222	49	184	1	1789394734234123264
6223	49	185	1	1789394734234123264
6224	49	186	1	1789394734234122240
6225	49	187	1	1789394734234123264
6226	49	188	1	1789394734234123264
6227	49	189	1	1789394734234123264
6228	49	190	1	1789394734234123264
6229	49	191	1	1789394734234122240
6230	49	192	1	1789394734234124288
6231	49	193	1	1789394734234124288
6232	49	194	1	1789394734234124288
6233	49	195	1	1789394734234123264
6234	49	196	1	1789394734234123264
6235	49	197	1	1789394734234124288
6236	49	198	1	1789394734234123264
6237	49	199	1	1789394734234123264
6238	49	200	1	1789394734234123264
6239	49	201	1	1789394734234123264
6240	49	202	1	1789394734234123264
6241	49	203	1	1789394734234124288
6242	49	204	1	1789394734234124288
6243	49	205	1	1789394734234123264
6244	49	206	1	1789394734234123264
6245	49	207	1	1789394734234123264
6246	49	208	1	1789394734234123264
6247	49	209	1	1789394734234124288
6248	49	210	1	1789394734234123264
6249	49	211	1	1789394734234123264
6250	49	212	1	1789394734234122240
6251	49	213	1	1789394734234123264
6252	49	214	1	1789394734234123264
6253	49	215	1	1789394734234123264
6254	49	216	1	1789394734234123264
6255	49	217	1	1789394734234122240
6256	49	218	1	1789394734234123264
6257	49	219	1	1789394734234123264
6258	49	220	1	1789394734234123264
6259	49	221	1	1789394734234123264
6260	49	222	1	1789394734234122240
6261	49	223	1	1789394734234123264
6262	49	224	1	1789394734234124288
6263	49	225	1	1789394734234123264
6264	49	226	1	1789394734234124288
6265	49	227	1	1789394734234123264
6266	49	228	1	1789394734234123264
6267	49	229	1	1789394734234123264
6268	49	230	1	1789394734234124288
6269	49	231	1	1789394734234124288
6270	49	232	1	1789394734234123264
6271	49	233	1	1789394734234123264
6272	49	234	1	1789394734234123264
6273	49	235	1	1789394734234123264
6274	49	236	1	1789394734234123264
6275	49	237	1	1789394734234123264
6276	49	238	1	1789394734234123264
6277	49	239	1	1789394734234123264
6278	49	240	1	1789394734234123264
6279	49	241	1	1789394734234123264
6280	49	242	1	1789394734234123264
6281	49	243	1	1789394734234123264
6282	49	244	1	1789394734234123264
6283	49	245	1	1789394734234122240
6284	49	246	1	1789394734234123264
6285	49	247	1	1789394734234123264
6286	49	248	1	1789394734234123264
6287	49	249	1	1789394734234123264
6288	49	250	1	1789394734234122240
6289	49	251	1	1789394734234123264
6290	49	252	1	1789394734234123264
6291	49	253	1	1789394734234123264
6292	49	254	1	1789394734234123264
6293	49	255	1	1789394734234122240
6294	49	256	1	1789394734234155008
6295	49	257	1	1789394734234156032
6296	49	258	1	1789394734234156032
6297	49	259	1	1789394734234155008
6298	49	260	1	1789394734234126336
6299	49	261	1	1789394734234127360
6300	49	262	1	1789394734234127360
6301	49	263	1	1789394734234126336
6302	49	264	1	1789394734234126336
6303	49	265	1	1789394734234126336
6304	49	266	1	1789394734234127360
6305	49	267	1	1789394734234127360
6306	49	268	1	1789394734234127360
6307	49	269	1	1789394734234127360
6308	49	270	1	1789394734234126336
6309	49	271	1	1789394734234127360
6310	49	272	1	1789394734234127360
6311	49	273	1	1789394734234127360
6312	49	274	1	1789394734234127360
6313	49	275	1	1789394734234126336
6314	49	276	1	1789394734234126336
6315	49	277	1	1789394734234126336
6316	49	278	1	1789394734234127360
6317	49	279	1	1789394734234127360
6318	49	280	1	1789394734234126336
6319	49	281	1	1789394734234126336
6320	49	282	1	1789394734234126336
6321	49	283	1	1789394734234127360
6322	49	284	1	1789394734234127360
6323	49	285	1	1789394734234126336
6324	49	286	1	1789394734234126336
6325	49	287	1	1789394734234127360
6326	49	288	1	1789394734234126336
6327	49	289	1	1789394734234127360
6328	49	290	1	1789394734234127360
6329	49	291	1	1789394734234126336
6330	49	292	1	1789394734234127360
6331	49	293	1	1789394734234126336
6332	49	294	1	1789394734234127360
6333	49	295	1	1789394734234127360
6334	49	296	1	1789394734234127360
6335	49	297	1	1789394734234126336
6336	49	298	1	1789394734234126336
6337	49	299	1	1789394734234127360
6338	49	300	1	1789394734234127360
6339	49	301	1	1789394734234127360
6340	49	302	1	1789394734234127360
6341	49	303	1	1789394734234126336
6342	49	304	1	1789394734234127360
6343	49	305	1	1789394734234127360
6344	49	306	1	1789394734234127360
6345	49	307	1	1789394734234127360
6346	49	308	1	1789394734234126336
6347	49	309	1	1789394734234126336
6348	49	310	1	1789394734234126336
6349	49	311	1	1789394734234127360
6350	49	312	1	1789394734234127360
6351	49	313	1	1789394734234126336
6352	49	314	1	1789394734234126336
6353	49	315	1	1789394734234126336
6354	49	316	1	1789394734234127360
6355	49	317	1	1789394734234127360
6356	49	318	1	1789394734234126336
6357	49	319	1	1789394734234126336
6358	49	320	1	1789394734234127360
6359	49	321	1	1789394734234127360
6360	49	322	1	1789394734234126336
6361	49	323	1	1789394734234127360
6362	49	324	1	1789394734234126336
6363	49	325	1	1789394734234127360
6364	49	326	1	1789394734234128384
6365	49	327	1	1789394734234126336
6366	49	328	1	1789394734234127360
6367	49	329	1	1789394734234126336
6368	49	330	1	1789394734234127360
6369	49	331	1	1789394734234127360
6370	49	332	1	1789394734234127360
6371	49	333	1	1789394734234127360
6372	49	334	1	1789394734234126336
6373	49	335	1	1789394734234127360
6374	49	336	1	1789394734234127360
6375	49	337	1	1789394734234127360
6376	49	338	1	1789394734234127360
6377	49	339	1	1789394734234126336
6378	49	340	1	1789394734234126336
6379	49	341	1	1789394734234126336
6380	49	342	1	1789394734234127360
6381	49	343	1	1789394734234127360
6382	49	344	1	1789394734234126336
6383	49	345	1	1789394734234126336
6384	49	346	1	1789394734234126336
6385	49	347	1	1789394734234127360
6386	49	348	1	1789394734234127360
6387	49	349	1	1789394734234126336
6388	49	350	1	1789394734234126336
6389	49	351	1	1789394734234127360
6390	49	352	1	1789394734234128384
6391	49	353	1	1789394734234127360
6392	49	354	1	1789394734234127360
6393	49	355	1	1789394734234126336
6394	49	356	1	1789394734234127360
6395	49	357	1	1789394734234126336
6396	49	358	1	1789394734234127360
6397	49	359	1	1789394734234127360
6398	49	360	1	1789394734234126336
6399	49	361	1	1789394734234126336
6400	49	362	1	1789394734234126336
6401	49	363	1	1789394734234127360
6402	49	364	1	1789394734234127360
6403	49	365	1	1789394734234127360
6404	49	366	1	1789394734234127360
6405	49	367	1	1789394734234126336
6406	49	368	1	1789394734234127360
6407	49	369	1	1789394734234127360
6408	49	370	1	1789394734234127360
6409	49	371	1	1789394734234127360
6410	49	372	1	1789394734234126336
6411	49	373	1	1789394734234126336
6412	49	374	1	1789394734234126336
6413	49	375	1	1789394734234127360
6414	49	376	1	1789394734234127360
6415	49	377	1	1789394734234126336
6416	49	378	1	1789394734234126336
6417	49	379	1	1789394734234126336
6418	49	380	1	1789394734234127360
6419	49	381	1	1789394734234127360
6420	49	382	1	1789394734234126336
6421	49	383	1	1789394734234126336
6422	49	384	1	1789394734234130432
6423	49	385	1	1789394734234130432
6424	49	386	1	1789394734234129408
6425	49	387	1	1789394734234129408
6426	49	388	1	1789394734234127360
6427	49	389	1	1789394734234127360
6428	49	390	1	1789394734234127360
6429	49	391	1	1789394734234127360
6430	49	392	1	1789394734234127360
6431	49	393	1	1789394734234126336
6432	49	394	1	1789394734234127360
6433	49	395	1	1789394734234127360
6434	49	396	1	1789394734234127360
6435	49	397	1	1789394734234127360
6436	49	398	1	1789394734234126336
6437	49	399	1	1789394734234127360
6438	49	400	1	1789394734234127360
6439	49	401	1	1789394734234127360
6440	49	402	1	1789394734234127360
6441	49	403	1	1789394734234126336
6442	49	404	1	1789394734234126336
6443	49	405	1	1789394734234126336
6444	49	406	1	1789394734234127360
6445	49	407	1	1789394734234127360
6446	49	408	1	1789394734234126336
6447	49	409	1	1789394734234126336
6448	49	410	1	1789394734234126336
6449	49	411	1	1789394734234127360
6450	49	412	1	1789394734234127360
6451	49	413	1	1789394734234126336
6452	49	414	1	1789394734234126336
6453	49	415	1	1789394734234127360
6454	49	416	1	1789394734234127360
6455	49	417	1	1789394734234127360
6456	49	418	1	1789394734234127360
6457	49	419	1	1789394734234127360
6458	49	420	1	1789394734234127360
6459	49	421	1	1789394734234126336
6460	49	422	1	1789394734234127360
6461	49	423	1	1789394734234127360
6462	49	424	1	1789394734234127360
6463	49	425	1	1789394734234127360
6464	49	426	1	1789394734234126336
6465	49	427	1	1789394734234127360
6466	49	428	1	1789394734234127360
6467	49	429	1	1789394734234127360
6468	49	430	1	1789394734234127360
6469	49	431	1	1789394734234126336
6470	49	432	1	1789394734234127360
6471	49	433	1	1789394734234127360
6472	49	434	1	1789394734234127360
6473	49	435	1	1789394734234127360
6474	49	436	1	1789394734234126336
6475	49	437	1	1789394734234126336
6476	49	438	1	1789394734234126336
6477	49	439	1	1789394734234127360
6478	49	440	1	1789394734234127360
6479	49	441	1	1789394734234126336
6480	49	442	1	1789394734234126336
6481	49	443	1	1789394734234126336
6482	49	444	1	1789394734234127360
6483	49	445	1	1789394734234127360
6484	49	446	1	1789394734234126336
6485	49	447	1	1789394734234126336
6486	49	448	1	1789394734234128384
6487	49	449	1	1789394734234128384
6488	49	450	1	1789394734234127360
6489	49	451	1	1789394734234127360
6490	49	452	1	1789394734234127360
6491	49	453	1	1789394734234127360
6492	49	454	1	1789394734234127360
6493	49	455	1	1789394734234127360
6494	49	456	1	1789394734234127360
6495	49	457	1	1789394734234126336
6496	49	458	1	1789394734234127360
6497	49	459	1	1789394734234127360
6498	49	460	1	1789394734234127360
6499	49	461	1	1789394734234127360
6500	49	462	1	1789394734234126336
6501	49	463	1	1789394734234127360
6502	49	464	1	1789394734234127360
6503	49	465	1	1789394734234127360
6504	49	466	1	1789394734234127360
6505	49	467	1	1789394734234126336
6506	49	468	1	1789394734234126336
6507	49	469	1	1789394734234126336
6508	49	470	1	1789394734234127360
6509	49	471	1	1789394734234127360
6510	49	472	1	1789394734234126336
6511	49	473	1	1789394734234126336
6512	49	474	1	1789394734234126336
6513	49	475	1	1789394734234127360
6514	49	476	1	1789394734234127360
6515	49	477	1	1789394734234126336
6516	49	478	1	1789394734234126336
6517	49	479	1	1789394734234127360
6518	49	480	1	1789394734234128384
6519	49	481	1	1789394734234127360
6520	49	482	1	1789394734234128384
6521	49	483	1	1789394734234127360
6522	49	484	1	1789394734234127360
6523	49	485	1	1789394734234127360
6524	49	486	1	1789394734234127360
6525	49	487	1	1789394734234128384
6526	49	488	1	1789394734234127360
6527	49	489	1	1789394734234127360
6528	49	490	1	1789394734234126336
6529	49	491	1	1789394734234127360
6530	49	492	1	1789394734234127360
6531	49	493	1	1789394734234127360
6532	49	494	1	1789394734234127360
6533	49	495	1	1789394734234126336
6534	49	496	1	1789394734234127360
6535	49	497	1	1789394734234127360
6536	49	498	1	1789394734234127360
6537	49	499	1	1789394734234127360
6538	49	500	1	1789394734234126336
6539	49	501	1	1789394734234126336
6540	49	502	1	1789394734234126336
6541	49	503	1	1789394734234127360
6542	49	504	1	1789394734234127360
6543	49	505	1	1789394734234126336
6544	49	506	1	1789394734234126336
6545	49	507	1	1789394734234126336
6546	49	508	1	1789394734234127360
6547	49	509	1	1789394734234127360
6548	49	510	1	1789394734234126336
6549	49	511	1	1789394734234126336
6550	50	0	1	1789394734234143744
6551	50	1	1	1789394734234143744
6552	50	2	1	1789394734234144768
6553	50	3	1	1789394734234143744
6554	50	4	1	1789394734234115072
6555	50	5	1	1789394734234115072
6556	50	6	1	1789394734234115072
6557	50	7	1	1789394734234115072
6558	50	8	1	1789394734234115072
6559	50	9	1	1789394734234116096
6560	50	10	1	1789394734234116096
6561	50	11	1	1789394734234116096
6562	50	12	1	1789394734234116096
6563	50	13	1	1789394734234116096
6564	50	14	1	1789394734234116096
6565	50	15	1	1789394734234116096
6566	50	16	1	1789394734234116096
6567	50	17	1	1789394734234116096
6568	50	18	1	1789394734234116096
6569	50	19	1	1789394734234116096
6570	50	20	1	1789394734234115072
6571	50	21	1	1789394734234116096
6572	50	22	1	1789394734234116096
6573	50	23	1	1789394734234116096
6574	50	24	1	1789394734234115072
6575	50	25	1	1789394734234115072
6576	50	26	1	1789394734234115072
6577	50	27	1	1789394734234116096
6578	50	28	1	1789394734234116096
6579	50	29	1	1789394734234116096
6580	50	30	1	1789394734234115072
6581	50	31	1	1789394734234116096
6582	50	32	1	1789394734234115072
6583	50	33	1	1789394734234115072
6584	50	34	1	1789394734234115072
6585	50	35	1	1789394734234115072
6586	50	36	1	1789394734234116096
6587	50	37	1	1789394734234115072
6588	50	38	1	1789394734234115072
6589	50	39	1	1789394734234115072
6590	50	40	1	1789394734234115072
6591	50	41	1	1789394734234115072
6592	50	42	1	1789394734234116096
6593	50	43	1	1789394734234116096
6594	50	44	1	1789394734234116096
6595	50	45	1	1789394734234116096
6596	50	46	1	1789394734234116096
6597	50	47	1	1789394734234115072
6598	50	48	1	1789394734234116096
6599	50	49	1	1789394734234116096
6600	50	50	1	1789394734234116096
6601	50	51	1	1789394734234116096
6602	50	52	1	1789394734234116096
6603	50	53	1	1789394734234115072
6604	50	54	1	1789394734234116096
6605	50	55	1	1789394734234116096
6606	50	56	1	1789394734234116096
6607	50	57	1	1789394734234115072
6608	50	58	1	1789394734234115072
6609	50	59	1	1789394734234116096
6610	50	60	1	1789394734234116096
6611	50	61	1	1789394734234116096
6612	50	62	1	1789394734234116096
6613	50	63	1	1789394734234115072
6614	50	64	1	1789394734234115072
6615	50	65	1	1789394734234115072
6616	50	66	1	1789394734234115072
6617	50	67	1	1789394734234116096
6618	50	68	1	1789394734234115072
6619	50	69	1	1789394734234115072
6620	50	70	1	1789394734234116096
6621	50	71	1	1789394734234115072
6622	50	72	1	1789394734234116096
6623	50	73	1	1789394734234116096
6624	50	74	1	1789394734234116096
6625	50	75	1	1789394734234116096
6626	50	76	1	1789394734234116096
6627	50	77	1	1789394734234116096
6628	50	78	1	1789394734234115072
6629	50	79	1	1789394734234116096
6630	50	80	1	1789394734234116096
6631	50	81	1	1789394734234116096
6632	50	82	1	1789394734234116096
6633	50	83	1	1789394734234116096
6634	50	84	1	1789394734234115072
6635	50	85	1	1789394734234115072
6636	50	86	1	1789394734234116096
6637	50	87	1	1789394734234116096
6638	50	88	1	1789394734234115072
6639	50	89	1	1789394734234115072
6640	50	90	1	1789394734234115072
6641	50	91	1	1789394734234116096
6642	50	92	1	1789394734234116096
6643	50	93	1	1789394734234115072
6644	50	94	1	1789394734234115072
6645	50	95	1	1789394734234116096
6646	50	96	1	1789394734234116096
6647	50	97	1	1789394734234115072
6648	50	98	1	1789394734234115072
6649	50	99	1	1789394734234115072
6650	50	100	1	1789394734234116096
6651	50	101	1	1789394734234115072
6652	50	102	1	1789394734234115072
6653	50	103	1	1789394734234115072
6654	50	104	1	1789394734234115072
6655	50	105	1	1789394734234114048
6656	50	106	1	1789394734234116096
6657	50	107	1	1789394734234116096
6658	50	108	1	1789394734234116096
6659	50	109	1	1789394734234116096
6660	50	110	1	1789394734234116096
6661	50	111	1	1789394734234115072
6662	50	112	1	1789394734234116096
6663	50	113	1	1789394734234116096
6664	50	114	1	1789394734234116096
6665	50	115	1	1789394734234116096
6666	50	116	1	1789394734234115072
6667	50	117	1	1789394734234115072
6668	50	118	1	1789394734234116096
6669	50	119	1	1789394734234116096
6670	50	120	1	1789394734234116096
6671	50	121	1	1789394734234115072
6672	50	122	1	1789394734234115072
6673	50	123	1	1789394734234116096
6674	50	124	1	1789394734234116096
6675	50	125	1	1789394734234116096
6676	50	126	1	1789394734234115072
6677	50	127	1	1789394734234115072
6678	50	128	1	1789394734234115072
6679	50	129	1	1789394734234115072
6680	50	130	1	1789394734234115072
6681	50	131	1	1789394734234115072
6682	50	132	1	1789394734234116096
6683	50	133	1	1789394734234115072
6684	50	134	1	1789394734234115072
6685	50	135	1	1789394734234116096
6686	50	136	1	1789394734234116096
6687	50	137	1	1789394734234116096
6688	50	138	1	1789394734234116096
6689	50	139	1	1789394734234116096
6690	50	140	1	1789394734234116096
6691	50	141	1	1789394734234116096
6692	50	142	1	1789394734234116096
6693	50	143	1	1789394734234116096
6694	50	144	1	1789394734234116096
6695	50	145	1	1789394734234116096
6696	50	146	1	1789394734234116096
6697	50	147	1	1789394734234116096
6698	50	148	1	1789394734234115072
6699	50	149	1	1789394734234116096
6700	50	150	1	1789394734234116096
6701	50	151	1	1789394734234116096
6702	50	152	1	1789394734234115072
6703	50	153	1	1789394734234115072
6704	50	154	1	1789394734234115072
6705	50	155	1	1789394734234116096
6706	50	156	1	1789394734234116096
6707	50	157	1	1789394734234116096
6708	50	158	1	1789394734234115072
6709	50	159	1	1789394734234116096
6710	50	160	1	1789394734234116096
6711	50	161	1	1789394734234115072
6712	50	162	1	1789394734234115072
6713	50	163	1	1789394734234116096
6714	50	164	1	1789394734234116096
6715	50	165	1	1789394734234115072
6716	50	166	1	1789394734234115072
6717	50	167	1	1789394734234115072
6718	50	168	1	1789394734234115072
6719	50	169	1	1789394734234116096
6720	50	170	1	1789394734234116096
6721	50	171	1	1789394734234116096
6722	50	172	1	1789394734234116096
6723	50	173	1	1789394734234116096
6724	50	174	1	1789394734234116096
6725	50	175	1	1789394734234115072
6726	50	176	1	1789394734234116096
6727	50	177	1	1789394734234116096
6728	50	178	1	1789394734234116096
6729	50	179	1	1789394734234116096
6730	50	180	1	1789394734234116096
6731	50	181	1	1789394734234115072
6732	50	182	1	1789394734234116096
6733	50	183	1	1789394734234116096
6734	50	184	1	1789394734234116096
6735	50	185	1	1789394734234115072
6736	50	186	1	1789394734234115072
6737	50	187	1	1789394734234116096
6738	50	188	1	1789394734234116096
6739	50	189	1	1789394734234116096
6740	50	190	1	1789394734234116096
6741	50	191	1	1789394734234115072
6742	50	192	1	1789394734234116096
6743	50	193	1	1789394734234116096
6744	50	194	1	1789394734234116096
6745	50	195	1	1789394734234116096
6746	50	196	1	1789394734234116096
6747	50	197	1	1789394734234116096
6748	50	198	1	1789394734234115072
6749	50	199	1	1789394734234116096
6750	50	200	1	1789394734234116096
6751	50	201	1	1789394734234116096
6752	50	202	1	1789394734234116096
6753	50	203	1	1789394734234116096
6754	50	204	1	1789394734234116096
6755	50	205	1	1789394734234116096
6756	50	206	1	1789394734234115072
6757	50	207	1	1789394734234116096
6758	50	208	1	1789394734234116096
6759	50	209	1	1789394734234116096
6760	50	210	1	1789394734234116096
6761	50	211	1	1789394734234116096
6762	50	212	1	1789394734234115072
6763	50	213	1	1789394734234115072
6764	50	214	1	1789394734234116096
6765	50	215	1	1789394734234116096
6766	50	216	1	1789394734234115072
6767	50	217	1	1789394734234115072
6768	50	218	1	1789394734234115072
6769	50	219	1	1789394734234116096
6770	50	220	1	1789394734234116096
6771	50	221	1	1789394734234115072
6772	50	222	1	1789394734234115072
6773	50	223	1	1789394734234116096
6774	50	224	1	1789394734234116096
6775	50	225	1	1789394734234115072
6776	50	226	1	1789394734234116096
6777	50	227	1	1789394734234116096
6778	50	228	1	1789394734234116096
6779	50	229	1	1789394734234116096
6780	50	230	1	1789394734234116096
6781	50	231	1	1789394734234116096
6782	50	232	1	1789394734234116096
6783	50	233	1	1789394734234116096
6784	50	234	1	1789394734234116096
6785	50	235	1	1789394734234116096
6786	50	236	1	1789394734234116096
6787	50	237	1	1789394734234116096
6788	50	238	1	1789394734234116096
6789	50	239	1	1789394734234115072
6790	50	240	1	1789394734234116096
6791	50	241	1	1789394734234116096
6792	50	242	1	1789394734234116096
6793	50	243	1	1789394734234116096
6794	50	244	1	1789394734234115072
6795	50	245	1	1789394734234115072
6796	50	246	1	1789394734234116096
6797	50	247	1	1789394734234116096
6798	50	248	1	1789394734234116096
6799	50	249	1	1789394734234115072
6800	50	250	1	1789394734234115072
6801	50	251	1	1789394734234116096
6802	50	252	1	1789394734234116096
6803	50	253	1	1789394734234116096
6804	50	254	1	1789394734234115072
6805	50	255	1	1789394734234115072
6806	50	256	1	1789394734234147840
6807	50	257	1	1789394734234147840
6808	50	258	1	1789394734234147840
6809	50	259	1	1789394734234146816
6810	50	260	1	1789394734234119168
6811	50	261	1	1789394734234119168
6812	50	262	1	1789394734234119168
6813	50	263	1	1789394734234118144
6814	50	264	1	1789394734234118144
6815	50	265	1	1789394734234119168
6816	50	266	1	1789394734234120192
6817	50	267	1	1789394734234120192
6818	50	268	1	1789394734234120192
6819	50	269	1	1789394734234119168
6820	50	270	1	1789394734234119168
6821	50	271	1	1789394734234119168
6822	50	272	1	1789394734234120192
6823	50	273	1	1789394734234120192
6824	50	274	1	1789394734234119168
6825	50	275	1	1789394734234119168
6826	50	276	1	1789394734234119168
6827	50	277	1	1789394734234119168
6828	50	278	1	1789394734234119168
6829	50	279	1	1789394734234119168
6830	50	280	1	1789394734234119168
6831	50	281	1	1789394734234119168
6832	50	282	1	1789394734234119168
6833	50	283	1	1789394734234119168
6834	50	284	1	1789394734234119168
6835	50	285	1	1789394734234119168
6836	50	286	1	1789394734234119168
6837	50	287	1	1789394734234119168
6838	50	288	1	1789394734234119168
6839	50	289	1	1789394734234119168
6840	50	290	1	1789394734234119168
6841	50	291	1	1789394734234118144
6842	50	292	1	1789394734234119168
6843	50	293	1	1789394734234119168
6844	50	294	1	1789394734234119168
6845	50	295	1	1789394734234119168
6846	50	296	1	1789394734234119168
6847	50	297	1	1789394734234118144
6848	50	298	1	1789394734234119168
6849	50	299	1	1789394734234119168
6850	50	300	1	1789394734234120192
6851	50	301	1	1789394734234120192
6852	50	302	1	1789394734234119168
6853	50	303	1	1789394734234119168
6854	50	304	1	1789394734234119168
6855	50	305	1	1789394734234120192
6856	50	306	1	1789394734234120192
6857	50	307	1	1789394734234119168
6858	50	308	1	1789394734234119168
6859	50	309	1	1789394734234119168
6860	50	310	1	1789394734234119168
6861	50	311	1	1789394734234119168
6862	50	312	1	1789394734234119168
6863	50	313	1	1789394734234119168
6864	50	314	1	1789394734234119168
6865	50	315	1	1789394734234119168
6866	50	316	1	1789394734234119168
6867	50	317	1	1789394734234119168
6868	50	318	1	1789394734234119168
6869	50	319	1	1789394734234119168
6870	50	320	1	1789394734234119168
6871	50	321	1	1789394734234119168
6872	50	322	1	1789394734234119168
6873	50	323	1	1789394734234120192
6874	50	324	1	1789394734234118144
6875	50	325	1	1789394734234119168
6876	50	326	1	1789394734234120192
6877	50	327	1	1789394734234118144
6878	50	328	1	1789394734234119168
6879	50	329	1	1789394734234119168
6880	50	330	1	1789394734234119168
6881	50	331	1	1789394734234120192
6882	50	332	1	1789394734234120192
6883	50	333	1	1789394734234119168
6884	50	334	1	1789394734234119168
6885	50	335	1	1789394734234119168
6886	50	336	1	1789394734234120192
6887	50	337	1	1789394734234120192
6888	50	338	1	1789394734234119168
6889	50	339	1	1789394734234119168
6890	50	340	1	1789394734234119168
6891	50	341	1	1789394734234119168
6892	50	342	1	1789394734234119168
6893	50	343	1	1789394734234119168
6894	50	344	1	1789394734234119168
6895	50	345	1	1789394734234119168
6896	50	346	1	1789394734234119168
6897	50	347	1	1789394734234119168
6898	50	348	1	1789394734234119168
6899	50	349	1	1789394734234119168
6900	50	350	1	1789394734234119168
6901	50	351	1	1789394734234119168
6902	50	352	1	1789394734234120192
6903	50	353	1	1789394734234119168
6904	50	354	1	1789394734234119168
6905	50	355	1	1789394734234119168
6906	50	356	1	1789394734234119168
6907	50	357	1	1789394734234118144
6908	50	358	1	1789394734234119168
6909	50	359	1	1789394734234119168
6910	50	360	1	1789394734234119168
6911	50	361	1	1789394734234118144
6912	50	362	1	1789394734234119168
6913	50	363	1	1789394734234119168
6914	50	364	1	1789394734234120192
6915	50	365	1	1789394734234120192
6916	50	366	1	1789394734234119168
6917	50	367	1	1789394734234119168
6918	50	368	1	1789394734234119168
6919	50	369	1	1789394734234120192
6920	50	370	1	1789394734234120192
6921	50	371	1	1789394734234119168
6922	50	372	1	1789394734234119168
6923	50	373	1	1789394734234119168
6924	50	374	1	1789394734234119168
6925	50	375	1	1789394734234119168
6926	50	376	1	1789394734234119168
6927	50	377	1	1789394734234119168
6928	50	378	1	1789394734234119168
6929	50	379	1	1789394734234119168
6930	50	380	1	1789394734234119168
6931	50	381	1	1789394734234119168
6932	50	382	1	1789394734234119168
6933	50	383	1	1789394734234119168
6934	50	384	1	1789394734234120192
6935	50	385	1	1789394734234120192
6936	50	386	1	1789394734234120192
6937	50	387	1	1789394734234120192
6938	50	388	1	1789394734234120192
6939	50	389	1	1789394734234119168
6940	50	390	1	1789394734234119168
6941	50	391	1	1789394734234120192
6942	50	392	1	1789394734234120192
6943	50	393	1	1789394734234119168
6944	50	394	1	1789394734234120192
6945	50	395	1	1789394734234120192
6946	50	396	1	1789394734234120192
6947	50	397	1	1789394734234119168
6948	50	398	1	1789394734234119168
6949	50	399	1	1789394734234119168
6950	50	400	1	1789394734234120192
6951	50	401	1	1789394734234120192
6952	50	402	1	1789394734234119168
6953	50	403	1	1789394734234119168
6954	50	404	1	1789394734234119168
6955	50	405	1	1789394734234119168
6956	50	406	1	1789394734234119168
6957	50	407	1	1789394734234119168
6958	50	408	1	1789394734234119168
6959	50	409	1	1789394734234119168
6960	50	410	1	1789394734234119168
6961	50	411	1	1789394734234119168
6962	50	412	1	1789394734234119168
6963	50	413	1	1789394734234119168
6964	50	414	1	1789394734234119168
6965	50	415	1	1789394734234119168
6966	50	416	1	1789394734234120192
6967	50	417	1	1789394734234119168
6968	50	418	1	1789394734234119168
6969	50	419	1	1789394734234120192
6970	50	420	1	1789394734234119168
6971	50	421	1	1789394734234119168
6972	50	422	1	1789394734234119168
6973	50	423	1	1789394734234119168
6974	50	424	1	1789394734234119168
6975	50	425	1	1789394734234120192
6976	50	426	1	1789394734234119168
6977	50	427	1	1789394734234119168
6978	50	428	1	1789394734234120192
6979	50	429	1	1789394734234120192
6980	50	430	1	1789394734234119168
6981	50	431	1	1789394734234119168
6982	50	432	1	1789394734234119168
6983	50	433	1	1789394734234120192
6984	50	434	1	1789394734234120192
6985	50	435	1	1789394734234119168
6986	50	436	1	1789394734234119168
6987	50	437	1	1789394734234119168
6988	50	438	1	1789394734234119168
6989	50	439	1	1789394734234119168
6990	50	440	1	1789394734234119168
6991	50	441	1	1789394734234119168
6992	50	442	1	1789394734234119168
6993	50	443	1	1789394734234119168
6994	50	444	1	1789394734234119168
6995	50	445	1	1789394734234119168
6996	50	446	1	1789394734234119168
6997	50	447	1	1789394734234119168
6998	50	448	1	1789394734234120192
6999	50	449	1	1789394734234120192
7000	50	450	1	1789394734234120192
7001	50	451	1	1789394734234120192
7002	50	452	1	1789394734234120192
7003	50	453	1	1789394734234120192
7004	50	454	1	1789394734234119168
7005	50	455	1	1789394734234120192
7006	50	456	1	1789394734234119168
7007	50	457	1	1789394734234119168
7008	50	458	1	1789394734234119168
7009	50	459	1	1789394734234120192
7010	50	460	1	1789394734234120192
7011	50	461	1	1789394734234119168
7012	50	462	1	1789394734234119168
7013	50	463	1	1789394734234119168
7014	50	464	1	1789394734234120192
7015	50	465	1	1789394734234120192
7016	50	466	1	1789394734234119168
7017	50	467	1	1789394734234119168
7018	50	468	1	1789394734234119168
7019	50	469	1	1789394734234119168
7020	50	470	1	1789394734234119168
7021	50	471	1	1789394734234119168
7022	50	472	1	1789394734234119168
7023	50	473	1	1789394734234119168
7024	50	474	1	1789394734234119168
7025	50	475	1	1789394734234119168
7026	50	476	1	1789394734234119168
7027	50	477	1	1789394734234119168
7028	50	478	1	1789394734234119168
7029	50	479	1	1789394734234119168
7030	50	480	1	1789394734234120192
7031	50	481	1	1789394734234119168
7032	50	482	1	1789394734234120192
7033	50	483	1	1789394734234120192
7034	50	484	1	1789394734234119168
7035	50	485	1	1789394734234120192
7036	50	486	1	1789394734234120192
7037	50	487	1	1789394734234120192
7038	50	488	1	1789394734234120192
7039	50	489	1	1789394734234119168
7040	50	490	1	1789394734234119168
7041	50	491	1	1789394734234119168
7042	50	492	1	1789394734234120192
7043	50	493	1	1789394734234120192
7044	50	494	1	1789394734234119168
7045	50	495	1	1789394734234119168
7046	50	496	1	1789394734234119168
7047	50	497	1	1789394734234120192
7048	50	498	1	1789394734234120192
7049	50	499	1	1789394734234119168
7050	50	500	1	1789394734234119168
7051	50	501	1	1789394734234119168
7052	50	502	1	1789394734234119168
7053	50	503	1	1789394734234119168
7054	50	504	1	1789394734234119168
7055	50	505	1	1789394734234119168
7056	50	506	1	1789394734234119168
7057	50	507	1	1789394734234119168
7058	50	508	1	1789394734234119168
7059	50	509	1	1789394734234119168
7060	50	510	1	1789394734234119168
7061	50	511	1	1789394734234119168
7062	51	4294967295	512	1789394734234168320
7063	52	4294967295	512	1789394734234163200
7064	53	0	1	1789394734234219520
7065	53	1	1	1789394734234194944
7066	53	2	1	1789394734234220544
7067	53	3	1	1789394734234193920
7068	53	4	1	1789394734234193920
7069	53	5	1	1789394734234194944
7070	53	6	1	1789394734234193920
7071	53	7	1	1789394734234193920
7072	53	8	1	1789394734234193920
7073	53	9	1	1789394734234193920
7074	53	10	1	1789394734234192896
7075	53	11	1	1789394734234192896
7076	53	12	1	1789394734234193920
7077	53	13	1	1789394734234193920
7078	53	14	1	1789394734234193920
7079	53	15	1	1789394734234193920
7080	53	16	1	1789394734234192896
7081	53	17	1	1789394734234194944
7082	53	18	1	1789394734234194944
7083	53	19	1	1789394734234194944
7084	53	20	1	1789394734234193920
7085	53	21	1	1789394734234194944
7086	53	22	1	1789394734234194944
7087	53	23	1	1789394734234193920
7088	53	24	1	1789394734234193920
7089	53	25	1	1789394734234193920
7090	53	26	1	1789394734234193920
7091	53	27	1	1789394734234193920
7092	53	28	1	1789394734234193920
7093	53	29	1	1789394734234194944
7094	53	30	1	1789394734234195968
7095	53	31	1	1789394734234194944
7096	53	32	1	1789394734234193920
7097	53	33	1	1789394734234194944
7098	53	34	1	1789394734234194944
7099	53	35	1	1789394734234194944
7100	53	36	1	1789394734234194944
7101	53	37	1	1789394734234194944
7102	53	38	1	1789394734234194944
7103	53	39	1	1789394734234194944
7104	53	40	1	1789394734234194944
7105	53	41	1	1789394734234194944
7106	53	42	1	1789394734234195968
7107	53	43	1	1789394734234195968
7108	53	44	1	1789394734234194944
7109	53	45	1	1789394734234194944
7110	53	46	1	1789394734234194944
7111	53	47	1	1789394734234194944
7112	53	48	1	1789394734234194944
7113	53	49	1	1789394734234194944
7114	53	50	1	1789394734234194944
7115	53	51	1	1789394734234194944
7116	53	52	1	1789394734234195968
7117	53	53	1	1789394734234194944
7118	53	54	1	1789394734234194944
7119	53	55	1	1789394734234194944
7120	53	56	1	1789394734234194944
7121	53	57	1	1789394734234195968
7122	53	58	1	1789394734234195968
7123	53	59	1	1789394734234194944
7124	53	60	1	1789394734234194944
7125	53	61	1	1789394734234194944
7126	53	62	1	1789394734234195968
7127	53	63	1	1789394734234194944
7128	53	64	1	1789394734234194944
7129	53	65	1	1789394734234194944
7130	53	66	1	1789394734234194944
7131	53	67	1	1789394734234194944
7132	53	68	1	1789394734234195968
7133	53	69	1	1789394734234194944
7134	53	70	1	1789394734234194944
7135	53	71	1	1789394734234194944
7136	53	72	1	1789394734234194944
7137	53	73	1	1789394734234195968
7138	53	74	1	1789394734234194944
7139	53	75	1	1789394734234194944
7140	53	76	1	1789394734234195968
7141	53	77	1	1789394734234194944
7142	53	78	1	1789394734234195968
7143	53	79	1	1789394734234195968
7144	53	80	1	1789394734234195968
7145	53	81	1	1789394734234195968
7146	53	82	1	1789394734234195968
7147	53	83	1	1789394734234195968
7148	53	84	1	1789394734234194944
7149	53	85	1	1789394734234195968
7150	53	86	1	1789394734234195968
7151	53	87	1	1789394734234194944
7152	53	88	1	1789394734234195968
7153	53	89	1	1789394734234195968
7154	53	90	1	1789394734234194944
7155	53	91	1	1789394734234196992
7156	53	92	1	1789394734234195968
7157	53	93	1	1789394734234195968
7158	53	94	1	1789394734234195968
7159	53	95	1	1789394734234195968
7160	53	96	1	1789394734234194944
7161	53	97	1	1789394734234195968
7162	53	98	1	1789394734234195968
7163	53	99	1	1789394734234194944
7164	53	100	1	1789394734234194944
7165	53	101	1	1789394734234195968
7166	53	102	1	1789394734234195968
7167	53	103	1	1789394734234195968
7168	53	104	1	1789394734234195968
7169	53	105	1	1789394734234194944
7170	53	106	1	1789394734234194944
7171	53	107	1	1789394734234195968
7172	53	108	1	1789394734234195968
7173	53	109	1	1789394734234195968
7174	53	110	1	1789394734234195968
7175	53	111	1	1789394734234195968
7176	53	112	1	1789394734234195968
7177	53	113	1	1789394734234195968
7178	53	114	1	1789394734234194944
7179	53	115	1	1789394734234195968
7180	53	116	1	1789394734234194944
7181	53	117	1	1789394734234193920
7182	53	118	1	1789394734234194944
7183	53	119	1	1789394734234194944
7184	53	120	1	1789394734234195968
7185	53	121	1	1789394734234194944
7186	53	122	1	1789394734234193920
7187	53	123	1	1789394734234194944
7188	53	124	1	1789394734234195968
7189	53	125	1	1789394734234194944
7190	53	126	1	1789394734234194944
7191	53	127	1	1789394734234194944
7192	53	128	1	1789394734234194944
7193	53	129	1	1789394734234191872
7194	53	130	1	1789394734234194944
7195	53	131	1	1789394734234190848
7196	53	132	1	1789394734234190848
7197	53	133	1	1789394734234191872
7198	53	134	1	1789394734234191872
7199	53	135	1	1789394734234191872
7200	53	136	1	1789394734234191872
7201	53	137	1	1789394734234190848
7202	53	138	1	1789394734234191872
7203	53	139	1	1789394734234191872
7204	53	140	1	1789394734234190848
7205	53	141	1	1789394734234191872
7206	53	142	1	1789394734234191872
7207	53	143	1	1789394734234190848
7208	53	144	1	1789394734234191872
7209	53	145	1	1789394734234191872
7210	53	146	1	1789394734234191872
7211	53	147	1	1789394734234191872
7212	53	148	1	1789394734234190848
7213	53	149	1	1789394734234190848
7214	53	150	1	1789394734234191872
7215	53	151	1	1789394734234191872
7216	53	152	1	1789394734234190848
7217	53	153	1	1789394734234190848
7218	53	154	1	1789394734234190848
7219	53	155	1	1789394734234191872
7220	53	156	1	1789394734234191872
7221	53	157	1	1789394734234191872
7222	53	158	1	1789394734234190848
7223	53	159	1	1789394734234190848
7224	53	160	1	1789394734234191872
7225	53	161	1	1789394734234191872
7226	53	162	1	1789394734234191872
7227	53	163	1	1789394734234191872
7228	53	164	1	1789394734234191872
7229	53	165	1	1789394734234191872
7230	53	166	1	1789394734234191872
7231	53	167	1	1789394734234191872
7232	53	168	1	1789394734234191872
7233	53	169	1	1789394734234191872
7234	53	170	1	1789394734234191872
7235	53	171	1	1789394734234191872
7236	53	172	1	1789394734234191872
7237	53	173	1	1789394734234191872
7238	53	174	1	1789394734234191872
7239	53	175	1	1789394734234191872
7240	53	176	1	1789394734234191872
7241	53	177	1	1789394734234191872
7242	53	178	1	1789394734234191872
7243	53	179	1	1789394734234191872
7244	53	180	1	1789394734234191872
7245	53	181	1	1789394734234191872
7246	53	182	1	1789394734234191872
7247	53	183	1	1789394734234191872
7248	53	184	1	1789394734234191872
7249	53	185	1	1789394734234191872
7250	53	186	1	1789394734234190848
7251	53	187	1	1789394734234191872
7252	53	188	1	1789394734234191872
7253	53	189	1	1789394734234191872
7254	53	190	1	1789394734234191872
7255	53	191	1	1789394734234191872
7256	53	192	1	1789394734234191872
7257	53	193	1	1789394734234191872
7258	53	194	1	1789394734234191872
7259	53	195	1	1789394734234191872
7260	53	196	1	1789394734234191872
7261	53	197	1	1789394734234191872
7262	53	198	1	1789394734234191872
7263	53	199	1	1789394734234191872
7264	53	200	1	1789394734234191872
7265	53	201	1	1789394734234191872
7266	53	202	1	1789394734234191872
7267	53	203	1	1789394734234191872
7268	53	204	1	1789394734234191872
7269	53	205	1	1789394734234191872
7270	53	206	1	1789394734234191872
7271	53	207	1	1789394734234191872
7272	53	208	1	1789394734234191872
7273	53	209	1	1789394734234191872
7274	53	210	1	1789394734234191872
7275	53	211	1	1789394734234191872
7276	53	212	1	1789394734234191872
7277	53	213	1	1789394734234191872
7278	53	214	1	1789394734234191872
7279	53	215	1	1789394734234191872
7280	53	216	1	1789394734234191872
7281	53	217	1	1789394734234190848
7282	53	218	1	1789394734234190848
7283	53	219	1	1789394734234191872
7284	53	220	1	1789394734234191872
7285	53	221	1	1789394734234191872
7286	53	222	1	1789394734234191872
7287	53	223	1	1789394734234190848
7288	53	224	1	1789394734234191872
7289	53	225	1	1789394734234191872
7290	53	226	1	1789394734234191872
7291	53	227	1	1789394734234191872
7292	53	228	1	1789394734234191872
7293	53	229	1	1789394734234191872
7294	53	230	1	1789394734234191872
7295	53	231	1	1789394734234191872
7296	53	232	1	1789394734234191872
7297	53	233	1	1789394734234191872
7298	53	234	1	1789394734234191872
7299	53	235	1	1789394734234191872
7300	53	236	1	1789394734234191872
7301	53	237	1	1789394734234191872
7302	53	238	1	1789394734234191872
7303	53	239	1	1789394734234191872
7304	53	240	1	1789394734234191872
7305	53	241	1	1789394734234191872
7306	53	242	1	1789394734234191872
7307	53	243	1	1789394734234191872
7308	53	244	1	1789394734234191872
7309	53	245	1	1789394734234191872
7310	53	246	1	1789394734234191872
7311	53	247	1	1789394734234192896
7312	53	248	1	1789394734234191872
7313	53	249	1	1789394734234191872
7314	53	250	1	1789394734234191872
7315	53	251	1	1789394734234191872
7316	53	252	1	1789394734234191872
7317	53	253	1	1789394734234191872
7318	53	254	1	1789394734234191872
7319	53	255	1	1789394734234191872
7320	53	256	1	1789394734234191872
7321	53	257	1	1789394734234220544
7322	53	258	1	1789394734234191872
7323	53	259	1	1789394734234220544
7324	53	260	1	1789394734234219520
7325	53	261	1	1789394734234219520
7326	53	262	1	1789394734234220544
7327	53	263	1	1789394734234219520
7328	53	264	1	1789394734234220544
7329	53	265	1	1789394734234219520
7330	53	266	1	1789394734234219520
7331	53	267	1	1789394734234219520
7332	53	268	1	1789394734234219520
7333	53	269	1	1789394734234220544
7334	53	270	1	1789394734234219520
7335	53	271	1	1789394734234219520
7336	53	272	1	1789394734234219520
7337	53	273	1	1789394734234220544
7338	53	274	1	1789394734234219520
7339	53	275	1	1789394734234220544
7340	53	276	1	1789394734234219520
7341	53	277	1	1789394734234219520
7342	53	278	1	1789394734234220544
7343	53	279	1	1789394734234219520
7344	53	280	1	1789394734234219520
7345	53	281	1	1789394734234219520
7346	53	282	1	1789394734234219520
7347	53	283	1	1789394734234219520
7348	53	284	1	1789394734234219520
7349	53	285	1	1789394734234220544
7350	53	286	1	1789394734234219520
7351	53	287	1	1789394734234220544
7352	53	288	1	1789394734234219520
7353	53	289	1	1789394734234220544
7354	53	290	1	1789394734234220544
7355	53	291	1	1789394734234220544
7356	53	292	1	1789394734234219520
7357	53	293	1	1789394734234219520
7358	53	294	1	1789394734234220544
7359	53	295	1	1789394734234219520
7360	53	296	1	1789394734234219520
7361	53	297	1	1789394734234220544
7362	53	298	1	1789394734234220544
7363	53	299	1	1789394734234219520
7364	53	300	1	1789394734234219520
7365	53	301	1	1789394734234220544
7366	53	302	1	1789394734234220544
7367	53	303	1	1789394734234219520
7368	53	304	1	1789394734234219520
7369	53	305	1	1789394734234220544
7370	53	306	1	1789394734234219520
7371	53	307	1	1789394734234219520
7372	53	308	1	1789394734234219520
7373	53	309	1	1789394734234219520
7374	53	310	1	1789394734234219520
7375	53	311	1	1789394734234220544
7376	53	312	1	1789394734234220544
7377	53	313	1	1789394734234220544
7378	53	314	1	1789394734234219520
7379	53	315	1	1789394734234220544
7380	53	316	1	1789394734234220544
7381	53	317	1	1789394734234219520
7382	53	318	1	1789394734234219520
7383	53	319	1	1789394734234219520
7384	53	320	1	1789394734234219520
7385	53	321	1	1789394734234219520
7386	53	322	1	1789394734234220544
7387	53	323	1	1789394734234219520
7388	53	324	1	1789394734234220544
7389	53	325	1	1789394734234220544
7390	53	326	1	1789394734234220544
7391	53	327	1	1789394734234220544
7392	53	328	1	1789394734234219520
7393	53	329	1	1789394734234219520
7394	53	330	1	1789394734234219520
7395	53	331	1	1789394734234220544
7396	53	332	1	1789394734234220544
7397	53	333	1	1789394734234220544
7398	53	334	1	1789394734234220544
7399	53	335	1	1789394734234219520
7400	53	336	1	1789394734234220544
7401	53	337	1	1789394734234220544
7402	53	338	1	1789394734234220544
7403	53	339	1	1789394734234219520
7404	53	340	1	1789394734234219520
7405	53	341	1	1789394734234219520
7406	53	342	1	1789394734234219520
7407	53	343	1	1789394734234220544
7408	53	344	1	1789394734234219520
7409	53	345	1	1789394734234219520
7410	53	346	1	1789394734234219520
7411	53	347	1	1789394734234220544
7412	53	348	1	1789394734234219520
7413	53	349	1	1789394734234220544
7414	53	350	1	1789394734234219520
7415	53	351	1	1789394734234220544
7416	53	352	1	1789394734234221568
7417	53	353	1	1789394734234220544
7418	53	354	1	1789394734234221568
7419	53	355	1	1789394734234220544
7420	53	356	1	1789394734234220544
7421	53	357	1	1789394734234219520
7422	53	358	1	1789394734234221568
7423	53	359	1	1789394734234220544
7424	53	360	1	1789394734234220544
7425	53	361	1	1789394734234220544
7426	53	362	1	1789394734234219520
7427	53	363	1	1789394734234220544
7428	53	364	1	1789394734234220544
7429	53	365	1	1789394734234220544
7430	53	366	1	1789394734234220544
7431	53	367	1	1789394734234220544
7432	53	368	1	1789394734234219520
7433	53	369	1	1789394734234220544
7434	53	370	1	1789394734234219520
7435	53	371	1	1789394734234220544
7436	53	372	1	1789394734234220544
7437	53	373	1	1789394734234220544
7438	53	374	1	1789394734234220544
7439	53	375	1	1789394734234220544
7440	53	376	1	1789394734234220544
7441	53	377	1	1789394734234220544
7442	53	378	1	1789394734234219520
7443	53	379	1	1789394734234219520
7444	53	380	1	1789394734234219520
7445	53	381	1	1789394734234220544
7446	53	382	1	1789394734234220544
7447	53	383	1	1789394734234219520
7448	53	384	1	1789394734234215424
7449	53	385	1	1789394734234215424
7450	53	386	1	1789394734234216448
7451	53	387	1	1789394734234215424
7452	53	388	1	1789394734234214400
7453	53	389	1	1789394734234215424
7454	53	390	1	1789394734234215424
7455	53	391	1	1789394734234215424
7456	53	392	1	1789394734234215424
7457	53	393	1	1789394734234214400
7458	53	394	1	1789394734234215424
7459	53	395	1	1789394734234216448
7460	53	396	1	1789394734234215424
7461	53	397	1	1789394734234215424
7462	53	398	1	1789394734234214400
7463	53	399	1	1789394734234214400
7464	53	400	1	1789394734234215424
7465	53	401	1	1789394734234214400
7466	53	402	1	1789394734234215424
7467	53	403	1	1789394734234214400
7468	53	404	1	1789394734234214400
7469	53	405	1	1789394734234214400
7470	53	406	1	1789394734234215424
7471	53	407	1	1789394734234214400
7472	53	408	1	1789394734234214400
7473	53	409	1	1789394734234214400
7474	53	410	1	1789394734234214400
7475	53	411	1	1789394734234214400
7476	53	412	1	1789394734234214400
7477	53	413	1	1789394734234214400
7478	53	414	1	1789394734234213376
7479	53	415	1	1789394734234214400
7480	53	416	1	1789394734234215424
7481	53	417	1	1789394734234215424
7482	53	418	1	1789394734234215424
7483	53	419	1	1789394734234214400
7484	53	420	1	1789394734234214400
7485	53	421	1	1789394734234214400
7486	53	422	1	1789394734234215424
7487	53	423	1	1789394734234214400
7488	53	424	1	1789394734234215424
7489	53	425	1	1789394734234215424
7490	53	426	1	1789394734234214400
7491	53	427	1	1789394734234214400
7492	53	428	1	1789394734234215424
7493	53	429	1	1789394734234215424
7494	53	430	1	1789394734234215424
7495	53	431	1	1789394734234214400
7496	53	432	1	1789394734234214400
7497	53	433	1	1789394734234215424
7498	53	434	1	1789394734234214400
7499	53	435	1	1789394734234214400
7500	53	436	1	1789394734234213376
7501	53	437	1	1789394734234213376
7502	53	438	1	1789394734234215424
7503	53	439	1	1789394734234215424
7504	53	440	1	1789394734234214400
7505	53	441	1	1789394734234214400
7506	53	442	1	1789394734234213376
7507	53	443	1	1789394734234214400
7508	53	444	1	1789394734234214400
7509	53	445	1	1789394734234214400
7510	53	446	1	1789394734234214400
7511	53	447	1	1789394734234214400
7512	53	448	1	1789394734234215424
7513	53	449	1	1789394734234213376
7514	53	450	1	1789394734234215424
7515	53	451	1	1789394734234214400
7516	53	452	1	1789394734234215424
7517	53	453	1	1789394734234215424
7518	53	454	1	1789394734234214400
7519	53	455	1	1789394734234214400
7520	53	456	1	1789394734234214400
7521	53	457	1	1789394734234213376
7522	53	458	1	1789394734234214400
7523	53	459	1	1789394734234215424
7524	53	460	1	1789394734234214400
7525	53	461	1	1789394734234214400
7526	53	462	1	1789394734234214400
7527	53	463	1	1789394734234214400
7528	53	464	1	1789394734234214400
7529	53	465	1	1789394734234214400
7530	53	466	1	1789394734234213376
7531	53	467	1	1789394734234214400
7532	53	468	1	1789394734234213376
7533	53	469	1	1789394734234213376
7534	53	470	1	1789394734234214400
7535	53	471	1	1789394734234214400
7536	53	472	1	1789394734234213376
7537	53	473	1	1789394734234213376
7538	53	474	1	1789394734234214400
7539	53	475	1	1789394734234214400
7540	53	476	1	1789394734234215424
7541	53	477	1	1789394734234214400
7542	53	478	1	1789394734234213376
7543	53	479	1	1789394734234214400
7544	53	480	1	1789394734234216448
7545	53	481	1	1789394734234215424
7546	53	482	1	1789394734234215424
7547	53	483	1	1789394734234215424
7548	53	484	1	1789394734234215424
7549	53	485	1	1789394734234214400
7550	53	486	1	1789394734234215424
7551	53	487	1	1789394734234215424
7552	53	488	1	1789394734234215424
7553	53	489	1	1789394734234214400
7554	53	490	1	1789394734234214400
7555	53	491	1	1789394734234214400
7556	53	492	1	1789394734234215424
7557	53	493	1	1789394734234215424
7558	53	494	1	1789394734234215424
7559	53	495	1	1789394734234214400
7560	53	496	1	1789394734234214400
7561	53	497	1	1789394734234215424
7562	53	498	1	1789394734234214400
7563	53	499	1	1789394734234214400
7564	53	500	1	1789394734234218496
7565	53	501	1	1789394734234217472
7566	53	502	1	1789394734234217472
7567	53	503	1	1789394734234218496
7568	53	504	1	1789394734234218496
7569	53	505	1	1789394734234217472
7570	53	506	1	1789394734234217472
7571	53	507	1	1789394734234217472
7572	53	508	1	1789394734234217472
7573	53	509	1	1789394734234218496
7574	53	510	1	1789394734234218496
7575	53	511	1	1789394734234217472
7576	54	0	1	1789394734234258432
7577	54	1	1	1789394734234258432
7578	54	2	1	1789394734234257408
7579	54	3	1	1789394734234257408
7580	55	0	1	1789394734234263552
7581	55	1	1	1789394734234263552
7582	55	2	1	1789394734234263552
7583	55	3	1	1789394734234262528
7584	55	4	1	1789394734234263552
7585	55	5	1	1789394734234263552
7586	55	6	1	1789394734234263552
7587	55	7	1	1789394734234263552
7588	55	8	1	1789394734234262528
7589	55	9	1	1789394734234262528
7590	55	10	1	1789394734234262528
7591	55	11	1	1789394734234263552
7592	55	12	1	1789394734234263552
7593	55	13	1	1789394734234262528
7594	55	14	1	1789394734234262528
7595	55	15	1	1789394734234262528
7596	55	16	1	1789394734234263552
7597	55	17	1	1789394734234263552
7598	55	18	1	1789394734234262528
7599	55	19	1	1789394734234262528
7600	55	20	1	1789394734234262528
7601	55	21	1	1789394734234262528
7602	55	22	1	1789394734234262528
7603	55	23	1	1789394734234262528
7604	55	24	1	1789394734234262528
7605	55	25	1	1789394734234262528
7606	55	26	1	1789394734234262528
7607	55	27	1	1789394734234262528
7608	55	28	1	1789394734234262528
7609	55	29	1	1789394734234262528
7610	55	30	1	1789394734234262528
7611	55	31	1	1789394734234262528
7612	55	32	1	1789394734234263552
7613	55	33	1	1789394734234263552
7614	55	34	1	1789394734234263552
7615	55	35	1	1789394734234263552
7616	55	36	1	1789394734234262528
7617	55	37	1	1789394734234263552
7618	55	38	1	1789394734234263552
7619	55	39	1	1789394734234263552
7620	55	40	1	1789394734234263552
7621	55	41	1	1789394734234262528
7622	55	42	1	1789394734234262528
7623	55	43	1	1789394734234262528
7624	55	44	1	1789394734234263552
7625	55	45	1	1789394734234263552
7626	55	46	1	1789394734234262528
7627	55	47	1	1789394734234262528
7628	55	48	1	1789394734234262528
7629	55	49	1	1789394734234262528
7630	55	50	1	1789394734234263552
7631	55	51	1	1789394734234262528
7632	55	52	1	1789394734234262528
7633	55	53	1	1789394734234262528
7634	55	54	1	1789394734234262528
7635	55	55	1	1789394734234262528
7636	55	56	1	1789394734234262528
7637	55	57	1	1789394734234262528
7638	55	58	1	1789394734234262528
7639	55	59	1	1789394734234262528
7640	55	60	1	1789394734234262528
7641	55	61	1	1789394734234262528
7642	55	62	1	1789394734234262528
7643	55	63	1	1789394734234262528
7644	55	64	1	1789394734234263552
7645	55	65	1	1789394734234263552
7646	55	66	1	1789394734234263552
7647	55	67	1	1789394734234262528
7648	55	68	1	1789394734234263552
7649	55	69	1	1789394734234263552
7650	55	70	1	1789394734234263552
7651	55	71	1	1789394734234263552
7652	55	72	1	1789394734234262528
7653	55	73	1	1789394734234262528
7654	55	74	1	1789394734234262528
7655	55	75	1	1789394734234263552
7656	55	76	1	1789394734234263552
7657	55	77	1	1789394734234262528
7658	55	78	1	1789394734234262528
7659	55	79	1	1789394734234262528
7660	55	80	1	1789394734234263552
7661	55	81	1	1789394734234263552
7662	55	82	1	1789394734234262528
7663	55	83	1	1789394734234262528
7664	55	84	1	1789394734234262528
7665	55	85	1	1789394734234262528
7666	55	86	1	1789394734234262528
7667	55	87	1	1789394734234262528
7668	55	88	1	1789394734234262528
7669	55	89	1	1789394734234262528
7670	55	90	1	1789394734234262528
7671	55	91	1	1789394734234262528
7672	55	92	1	1789394734234262528
7673	55	93	1	1789394734234262528
7674	55	94	1	1789394734234262528
7675	55	95	1	1789394734234262528
7676	55	96	1	1789394734234263552
7677	55	97	1	1789394734234263552
7678	55	98	1	1789394734234263552
7679	55	99	1	1789394734234263552
7680	55	100	1	1789394734234262528
7681	55	101	1	1789394734234263552
7682	55	102	1	1789394734234263552
7683	55	103	1	1789394734234263552
7684	55	104	1	1789394734234263552
7685	55	105	1	1789394734234262528
7686	55	106	1	1789394734234262528
7687	55	107	1	1789394734234262528
7688	55	108	1	1789394734234263552
7689	55	109	1	1789394734234263552
7690	55	110	1	1789394734234262528
7691	55	111	1	1789394734234262528
7692	55	112	1	1789394734234262528
7693	55	113	1	1789394734234262528
7694	55	114	1	1789394734234262528
7695	55	115	1	1789394734234262528
7696	55	116	1	1789394734234262528
7697	55	117	1	1789394734234262528
7698	55	118	1	1789394734234262528
7699	55	119	1	1789394734234262528
7700	55	120	1	1789394734234262528
7701	55	121	1	1789394734234262528
7702	55	122	1	1789394734234262528
7703	55	123	1	1789394734234262528
7704	55	124	1	1789394734234262528
7705	55	125	1	1789394734234262528
7706	55	126	1	1789394734234262528
7707	55	127	1	1789394734234262528
7708	56	0	1	1789394734234292224
7709	56	1	1	1789394734234291200
7710	56	2	1	1789394734234290176
7711	56	3	1	1789394734234318848
7712	56	4	1	1789394734234290176
7713	56	5	1	1789394734234291200
7714	56	6	1	1789394734234290176
7715	56	7	1	1789394734234290176
7716	57	0	1	1789394734234319872
7717	57	1	1	1789394734234318848
7718	57	2	1	1789394734234317824
7719	57	3	1	1789394734234291200
7720	57	4	1	1789394734234317824
7721	57	5	1	1789394734234318848
7722	57	6	1	1789394734234317824
7723	57	7	1	1789394734234317824
7724	58	0	1	1789394734234326016
7725	58	1	1	1789394734234324992
7726	58	2	1	1789394734234324992
7727	58	3	1	1789394734234324992
7728	58	4	1	1789394734234326016
7729	58	5	1	1789394734234324992
7730	58	6	1	1789394734234326016
7731	58	7	1	1789394734234326016
7732	58	8	1	1789394734234324992
7733	58	9	1	1789394734234324992
7734	58	10	1	1789394734234324992
7735	58	11	1	1789394734234326016
7736	58	12	1	1789394734234326016
7737	58	13	1	1789394734234324992
7738	58	14	1	1789394734234324992
7739	58	15	1	1789394734234324992
7740	58	16	1	1789394734234324992
7741	58	17	1	1789394734234326016
7742	58	18	1	1789394734234324992
7743	58	19	1	1789394734234324992
7744	58	20	1	1789394734234324992
7745	58	21	1	1789394734234324992
7746	58	22	1	1789394734234324992
7747	58	23	1	1789394734234324992
7748	58	24	1	1789394734234324992
7749	58	25	1	1789394734234324992
7750	58	26	1	1789394734234324992
7751	58	27	1	1789394734234324992
7752	58	28	1	1789394734234324992
7753	58	29	1	1789394734234324992
7754	58	30	1	1789394734234324992
7755	58	31	1	1789394734234324992
7756	58	32	1	1789394734234326016
7757	58	33	1	1789394734234326016
7758	58	34	1	1789394734234326016
7759	58	35	1	1789394734234326016
7760	58	36	1	1789394734234324992
7761	58	37	1	1789394734234326016
7762	58	38	1	1789394734234326016
7763	58	39	1	1789394734234326016
7764	58	40	1	1789394734234326016
7765	58	41	1	1789394734234324992
7766	58	42	1	1789394734234324992
7767	58	43	1	1789394734234324992
7768	58	44	1	1789394734234324992
7769	58	45	1	1789394734234326016
7770	58	46	1	1789394734234324992
7771	58	47	1	1789394734234324992
7772	58	48	1	1789394734234324992
7773	58	49	1	1789394734234326016
7774	58	50	1	1789394734234324992
7775	58	51	1	1789394734234324992
7776	58	52	1	1789394734234324992
7777	58	53	1	1789394734234324992
7778	58	54	1	1789394734234324992
7779	58	55	1	1789394734234324992
7780	58	56	1	1789394734234324992
7781	58	57	1	1789394734234324992
7782	58	58	1	1789394734234324992
7783	58	59	1	1789394734234324992
7784	58	60	1	1789394734234324992
7785	58	61	1	1789394734234324992
7786	58	62	1	1789394734234324992
7787	58	63	1	1789394734234324992
7788	58	64	1	1789394734234326016
7789	58	65	1	1789394734234326016
7790	58	66	1	1789394734234324992
7791	58	67	1	1789394734234324992
7792	58	68	1	1789394734234326016
7793	58	69	1	1789394734234326016
7794	58	70	1	1789394734234326016
7795	58	71	1	1789394734234326016
7796	58	72	1	1789394734234324992
7797	58	73	1	1789394734234324992
7798	58	74	1	1789394734234324992
7799	58	75	1	1789394734234326016
7800	58	76	1	1789394734234326016
7801	58	77	1	1789394734234324992
7802	58	78	1	1789394734234324992
7803	58	79	1	1789394734234324992
7804	58	80	1	1789394734234324992
7805	58	81	1	1789394734234326016
7806	58	82	1	1789394734234324992
7807	58	83	1	1789394734234324992
7808	58	84	1	1789394734234324992
7809	58	85	1	1789394734234324992
7810	58	86	1	1789394734234324992
7811	58	87	1	1789394734234324992
7812	58	88	1	1789394734234324992
7813	58	89	1	1789394734234324992
7814	58	90	1	1789394734234324992
7815	58	91	1	1789394734234324992
7816	58	92	1	1789394734234324992
7817	58	93	1	1789394734234324992
7818	58	94	1	1789394734234324992
7819	58	95	1	1789394734234324992
7820	58	96	1	1789394734234326016
7821	58	97	1	1789394734234326016
7822	58	98	1	1789394734234326016
7823	58	99	1	1789394734234324992
7824	58	100	1	1789394734234324992
7825	58	101	1	1789394734234324992
7826	58	102	1	1789394734234326016
7827	58	103	1	1789394734234326016
7828	58	104	1	1789394734234324992
7829	58	105	1	1789394734234324992
7830	58	106	1	1789394734234324992
7831	58	107	1	1789394734234324992
7832	58	108	1	1789394734234324992
7833	58	109	1	1789394734234324992
7834	58	110	1	1789394734234324992
7835	58	111	1	1789394734234324992
7836	58	112	1	1789394734234324992
7837	58	113	1	1789394734234324992
7838	58	114	1	1789394734234324992
7839	58	115	1	1789394734234324992
7840	58	116	1	1789394734234324992
7841	58	117	1	1789394734234324992
7842	58	118	1	1789394734234324992
7843	58	119	1	1789394734234324992
7844	58	120	1	1789394734234324992
7845	58	121	1	1789394734234324992
7846	58	122	1	1789394734234324992
7847	58	123	1	1789394734234324992
7848	58	124	1	1789394734234324992
7849	58	125	1	1789394734234324992
7850	58	126	1	1789394734234324992
7851	58	127	1	1789394734234324992
