step	node	pred	pred_stage	pred_chain	pred_worker	pred_end_ns	arrival_ns	cross	gating
0	11916	11640	54	-1	3	542197.1057	542197.1057	0	0
0	11916	11788	58	-1	127	566204.3376	567438.819	1	1
0	11916	11789	58	-1	126	566204.3376	567438.819	1	1
0	11916	11790	58	-1	125	566204.3376	567438.819	1	1
0	11916	11791	58	-1	124	566204.3376	567438.819	1	1
0	11916	11792	58	-1	123	566204.3376	567438.819	1	1
0	11916	11793	58	-1	122	566204.3376	567438.819	1	1
0	11916	11794	58	-1	121	566204.3376	567438.819	1	1
0	11916	11795	58	-1	120	566204.3376	567438.819	1	1
0	11916	11796	58	-1	119	566204.3376	567438.819	1	1
0	11916	11797	58	-1	118	566204.3376	567438.819	1	1
0	11916	11798	58	-1	117	566204.3376	567438.819	1	1
0	11916	11799	58	-1	116	566204.3376	567438.819	1	1
0	11916	11800	58	-1	115	566204.3376	567438.819	1	1
0	11916	11801	58	-1	114	566204.3376	567438.819	1	1
0	11916	11802	58	-1	113	566204.3376	567438.819	1	1
0	11916	11803	58	-1	112	566204.3376	567438.819	1	1
0	11916	11804	58	-1	111	566204.3376	567438.819	1	1
0	11916	11805	58	-1	110	566204.3376	567438.819	1	1
0	11916	11806	58	-1	109	566204.3376	567438.819	1	1
0	11916	11807	58	-1	108	566204.3376	567438.819	1	1
0	11916	11808	58	-1	107	566204.3376	567438.819	1	1
0	11916	11809	58	-1	106	566204.3376	567438.819	1	1
0	11916	11810	58	-1	105	566204.3376	567438.819	1	1
0	11916	11811	58	-1	104	566204.3376	567438.819	1	1
0	11916	11812	58	-1	103	566204.3376	567438.819	1	1
0	11916	11813	58	-1	102	566204.3376	567438.819	1	1
0	11916	11814	58	-1	101	566204.3376	567438.819	1	1
0	11916	11815	58	-1	100	566204.3376	567438.819	1	1
0	11916	11816	58	-1	99	566204.3376	567438.819	1	1
0	11916	11817	58	-1	98	566204.3376	567438.819	1	1
0	11916	11818	58	-1	97	566204.3376	567438.819	1	1
0	11916	11819	58	-1	96	566204.3376	567438.819	1	1
0	11916	11820	58	-1	95	566204.3376	567438.819	1	1
0	11916	11821	58	-1	94	566204.3376	567438.819	1	1
0	11916	11822	58	-1	93	566204.3376	567438.819	1	1
0	11916	11823	58	-1	92	566204.3376	567438.819	1	1
0	11916	11824	58	-1	91	566204.3376	567438.819	1	1
0	11916	11825	58	-1	90	566204.3376	567438.819	1	1
0	11916	11826	58	-1	89	566204.3376	567438.819	1	1
0	11916	11827	58	-1	88	566204.3376	567438.819	1	1
0	11916	11828	58	-1	87	566204.3376	567438.819	1	1
0	11916	11829	58	-1	86	566204.3376	567438.819	1	1
0	11916	11830	58	-1	85	566204.3376	567438.819	1	1
0	11916	11831	58	-1	84	566204.3376	567438.819	1	1
0	11916	11832	58	-1	83	566204.3376	567438.819	1	1
0	11916	11833	58	-1	82	566204.3376	567438.819	1	1
0	11916	11834	58	-1	81	566204.3376	567438.819	1	1
0	11916	11835	58	-1	80	566204.3376	567438.819	1	1
0	11916	11836	58	-1	79	566204.3376	567438.819	1	1
0	11916	11837	58	-1	78	566204.3376	567438.819	1	1
0	11916	11838	58	-1	77	566204.3376	567438.819	1	1
0	11916	11839	58	-1	76	566204.3376	567438.819	1	1
0	11916	11840	58	-1	75	566204.3376	567438.819	1	1
0	11916	11841	58	-1	74	566204.3376	567438.819	1	1
0	11916	11842	58	-1	73	566204.3376	567438.819	1	1
0	11916	11843	58	-1	72	566204.3376	567438.819	1	1
0	11916	11844	58	-1	71	566204.3376	567438.819	1	1
0	11916	11845	58	-1	70	566204.3376	567438.819	1	1
0	11916	11846	58	-1	69	566204.3376	567438.819	1	1
0	11916	11847	58	-1	68	566204.3376	567438.819	1	1
0	11916	11848	58	-1	67	566204.3376	567438.819	1	1
0	11916	11849	58	-1	66	566204.3376	567438.819	1	1
0	11916	11850	58	-1	65	566204.3376	567438.819	1	1
0	11916	11851	58	-1	64	566204.3376	567438.819	1	1
0	11916	11852	58	-1	63	566204.3376	567438.819	1	1
0	11916	11853	58	-1	62	566204.3376	567438.819	1	1
0	11916	11854	58	-1	61	566204.3376	567438.819	1	1
0	11916	11855	58	-1	60	566204.3376	567438.819	1	1
0	11916	11856	58	-1	59	566204.3376	567438.819	1	1
0	11916	11857	58	-1	58	566204.3376	567438.819	1	1
0	11916	11858	58	-1	57	566204.3376	567438.819	1	1
0	11916	11859	58	-1	56	566204.3376	567438.819	1	1
0	11916	11860	58	-1	55	566204.3376	567438.819	1	1
0	11916	11861	58	-1	54	566204.3376	567438.819	1	1
0	11916	11862	58	-1	53	566204.3376	567438.819	1	1
0	11916	11863	58	-1	52	566204.3376	567438.819	1	1
0	11916	11864	58	-1	51	566204.3376	567438.819	1	1
0	11916	11865	58	-1	50	566204.3376	567438.819	1	1
0	11916	11866	58	-1	49	566204.3376	567438.819	1	1
0	11916	11867	58	-1	48	566204.3376	567438.819	1	1
0	11916	11868	58	-1	47	566204.3376	567438.819	1	1
0	11916	11869	58	-1	46	566204.3376	567438.819	1	1
0	11916	11870	58	-1	45	566204.3376	567438.819	1	1
0	11916	11871	58	-1	44	566204.3376	567438.819	1	1
0	11916	11872	58	-1	43	566204.3376	567438.819	1	1
0	11916	11873	58	-1	42	566204.3376	567438.819	1	1
0	11916	11874	58	-1	41	566204.3376	567438.819	1	1
0	11916	11875	58	-1	40	566204.3376	567438.819	1	1
0	11916	11876	58	-1	39	566204.3376	567438.819	1	1
0	11916	11877	58	-1	38	566204.3376	567438.819	1	1
0	11916	11878	58	-1	37	566204.3376	567438.819	1	1
0	11916	11879	58	-1	36	566204.3376	567438.819	1	1
0	11916	11880	58	-1	35	566204.3376	567438.819	1	1
0	11916	11881	58	-1	34	566204.3376	567438.819	1	1
0	11916	11882	58	-1	33	566204.3376	567438.819	1	1
0	11916	11883	58	-1	32	566204.3376	567438.819	1	1
0	11916	11884	58	-1	31	566204.3376	567438.819	1	1
0	11916	11885	58	-1	30	566204.3376	567438.819	1	1
0	11916	11886	58	-1	29	566204.3376	567438.819	1	1
0	11916	11887	58	-1	28	566204.3376	567438.819	1	1
0	11916	11888	58	-1	27	566204.3376	567438.819	1	1
0	11916	11889	58	-1	26	566204.3376	567438.819	1	1
0	11916	11890	58	-1	25	566204.3376	567438.819	1	1
0	11916	11891	58	-1	24	566204.3376	567438.819	1	1
0	11916	11892	58	-1	23	566204.3376	567438.819	1	1
0	11916	11893	58	-1	22	566204.3376	567438.819	1	1
0	11916	11894	58	-1	21	566204.3376	567438.819	1	1
0	11916	11895	58	-1	20	566204.3376	567438.819	1	1
0	11916	11896	58	-1	19	566204.3376	567438.819	1	1
0	11916	11897	58	-1	18	566204.3376	567438.819	1	1
0	11916	11898	58	-1	17	566204.3376	567438.819	1	1
0	11916	11899	58	-1	16	566204.3376	567438.819	1	1
0	11916	11900	58	-1	15	566204.3376	567438.819	1	1
0	11916	11901	58	-1	14	566204.3376	567438.819	1	1
0	11916	11902	58	-1	13	566204.3376	567438.819	1	1
0	11916	11903	58	-1	12	566204.3376	567438.819	1	1
0	11916	11904	58	-1	11	566204.3376	567438.819	1	1
0	11916	11905	58	-1	10	566204.3376	567438.819	1	1
0	11916	11906	58	-1	9	566204.3376	567438.819	1	1
0	11916	11907	58	-1	8	566204.3376	567438.819	1	1
0	11916	11908	58	-1	7	566204.3376	567438.819	1	1
0	11916	11909	58	-1	6	566204.3376	567438.819	1	1
0	11916	11910	58	-1	5	566204.3376	567438.819	1	1
0	11916	11911	58	-1	4	566204.3376	567438.819	1	1
0	11916	11912	58	-1	3	566204.3376	566204.3376	0	0
0	11916	11913	58	-1	2	566204.3376	567438.819	1	1
0	11916	11914	58	-1	1	566204.3376	567438.819	1	1
0	11916	11915	58	-1	0	566204.3376	567438.819	1	1
1	11788	11772	56	-1	15	564551.8896	565784.492	1	1
1	11788	11773	56	-1	14	564551.8896	565784.492	1	1
1	11788	11774	56	-1	13	564551.8896	565784.492	1	1
1	11788	11775	56	-1	12	564551.8896	565784.492	1	1
1	11788	11776	56	-1	11	564551.8896	565784.492	1	1
1	11788	11777	56	-1	10	564551.8896	565784.492	1	1
1	11788	11778	56	-1	9	564551.8896	565784.492	1	1
1	11788	11779	56	-1	8	564551.8896	565784.492	1	1
1	11788	11780	57	-1	7	564551.8896	565784.492	1	1
1	11788	11781	57	-1	6	564551.8896	565784.492	1	1
1	11788	11782	57	-1	5	564551.8896	565784.492	1	1
1	11788	11783	57	-1	4	564551.8896	565784.492	1	1
1	11788	11784	57	-1	3	564551.8896	565784.492	1	1
1	11788	11785	57	-1	2	564551.8896	565784.492	1	1
1	11788	11786	57	-1	1	564551.8896	565784.492	1	1
1	11788	11787	57	-1	0	564551.8896	565784.492	1	1
2	11772	11644	55	-1	127	545014.346	546248.12	1	1
2	11772	11645	55	-1	126	545014.346	546248.12	1	1
2	11772	11646	55	-1	125	545014.346	546248.12	1	1
2	11772	11647	55	-1	124	545014.346	546248.12	1	1
2	11772	11648	55	-1	123	545014.346	546248.12	1	1
2	11772	11649	55	-1	122	545014.346	546248.12	1	1
2	11772	11650	55	-1	121	545014.346	546248.12	1	1
2	11772	11651	55	-1	120	545014.346	546248.12	1	1
2	11772	11652	55	-1	119	545014.346	546248.12	1	1
2	11772	11653	55	-1	118	545014.346	546248.12	1	1
2	11772	11654	55	-1	117	545014.346	546248.12	1	1
2	11772	11655	55	-1	116	545014.346	546248.12	1	1
2	11772	11656	55	-1	115	545014.346	546248.12	1	1
2	11772	11657	55	-1	114	545014.346	546248.12	1	1
2	11772	11658	55	-1	113	545014.346	546248.12	1	1
2	11772	11659	55	-1	112	545014.346	546248.12	1	1
2	11772	11660	55	-1	111	545014.346	546248.12	1	1
2	11772	11661	55	-1	110	545014.346	546248.12	1	1
2	11772	11662	55	-1	109	545014.346	546248.12	1	1
2	11772	11663	55	-1	108	545014.346	546248.12	1	1
2	11772	11664	55	-1	107	545014.346	546248.12	1	1
2	11772	11665	55	-1	106	545014.346	546248.12	1	1
2	11772	11666	55	-1	105	545014.346	546248.12	1	1
2	11772	11667	55	-1	104	545014.346	546248.12	1	1
2	11772	11668	55	-1	103	545014.346	546248.12	1	1
2	11772	11669	55	-1	102	545014.346	546248.12	1	1
2	11772	11670	55	-1	101	545014.346	546248.12	1	1
2	11772	11671	55	-1	100	545014.346	546248.12	1	1
2	11772	11672	55	-1	99	545014.346	546248.12	1	1
2	11772	11673	55	-1	98	545014.346	546248.12	1	1
2	11772	11674	55	-1	97	545014.346	546248.12	1	1
2	11772	11675	55	-1	96	545014.346	546248.12	1	1
2	11772	11676	55	-1	95	545014.346	546248.12	1	1
2	11772	11677	55	-1	94	545014.346	546248.12	1	1
2	11772	11678	55	-1	93	545014.346	546248.12	1	1
2	11772	11679	55	-1	92	545014.346	546248.12	1	1
2	11772	11680	55	-1	91	545014.346	546248.12	1	1
2	11772	11681	55	-1	90	545014.346	546248.12	1	1
2	11772	11682	55	-1	89	545014.346	546248.12	1	1
2	11772	11683	55	-1	88	545014.346	546248.12	1	1
2	11772	11684	55	-1	87	545014.346	546248.12	1	1
2	11772	11685	55	-1	86	545014.346	546248.12	1	1
2	11772	11686	55	-1	85	545014.346	546248.12	1	1
2	11772	11687	55	-1	84	545014.346	546248.12	1	1
2	11772	11688	55	-1	83	545014.346	546248.12	1	1
2	11772	11689	55	-1	82	545014.346	546248.12	1	1
2	11772	11690	55	-1	81	545014.346	546248.12	1	1
2	11772	11691	55	-1	80	545014.346	546248.12	1	1
2	11772	11692	55	-1	79	545014.346	546248.12	1	1
2	11772	11693	55	-1	78	545014.346	546248.12	1	1
2	11772	11694	55	-1	77	545014.346	546248.12	1	1
2	11772	11695	55	-1	76	545014.346	546248.12	1	1
2	11772	11696	55	-1	75	545014.346	546248.12	1	1
2	11772	11697	55	-1	74	545014.346	546248.12	1	1
2	11772	11698	55	-1	73	545014.346	546248.12	1	1
2	11772	11699	55	-1	72	545014.346	546248.12	1	1
2	11772	11700	55	-1	71	545014.346	546248.12	1	1
2	11772	11701	55	-1	70	545014.346	546248.12	1	1
2	11772	11702	55	-1	69	545014.346	546248.12	1	1
2	11772	11703	55	-1	68	545014.346	546248.12	1	1
2	11772	11704	55	-1	67	545014.346	546248.12	1	1
2	11772	11705	55	-1	66	545014.346	546248.12	1	1
2	11772	11706	55	-1	65	545014.346	546248.12	1	1
2	11772	11707	55	-1	64	545014.346	546248.12	1	1
2	11772	11708	55	-1	63	545014.346	546248.12	1	1
2	11772	11709	55	-1	62	545014.346	546248.12	1	1
2	11772	11710	55	-1	61	545014.346	546248.12	1	1
2	11772	11711	55	-1	60	545014.346	546248.12	1	1
2	11772	11712	55	-1	59	545014.346	546248.12	1	1
2	11772	11713	55	-1	58	545014.346	546248.12	1	1
2	11772	11714	55	-1	57	545014.346	546248.12	1	1
2	11772	11715	55	-1	56	545014.346	546248.12	1	1
2	11772	11716	55	-1	55	545014.346	546248.12	1	1
2	11772	11717	55	-1	54	545014.346	546248.12	1	1
2	11772	11718	55	-1	53	545014.346	546248.12	1	1
2	11772	11719	55	-1	52	545014.346	546248.12	1	1
2	11772	11720	55	-1	51	545014.346	546248.12	1	1
2	11772	11721	55	-1	50	545014.346	546248.12	1	1
2	11772	11722	55	-1	49	545014.346	546248.12	1	1
2	11772	11723	55	-1	48	545014.346	546248.12	1	1
2	11772	11724	55	-1	47	545014.346	546248.12	1	1
2	11772	11725	55	-1	46	545014.346	546248.12	1	1
2	11772	11726	55	-1	45	545014.346	546248.12	1	1
2	11772	11727	55	-1	44	545014.346	546248.12	1	1
2	11772	11728	55	-1	43	545014.346	546248.12	1	1
2	11772	11729	55	-1	42	545014.346	546248.12	1	1
2	11772	11730	55	-1	41	545014.346	546248.12	1	1
2	11772	11731	55	-1	40	545014.346	546248.12	1	1
2	11772	11732	55	-1	39	545014.346	546248.12	1	1
2	11772	11733	55	-1	38	545014.346	546248.12	1	1
2	11772	11734	55	-1	37	545014.346	546248.12	1	1
2	11772	11735	55	-1	36	545014.346	546248.12	1	1
2	11772	11736	55	-1	35	545014.346	546248.12	1	1
2	11772	11737	55	-1	34	545014.346	546248.12	1	1
2	11772	11738	55	-1	33	545014.346	546248.12	1	1
2	11772	11739	55	-1	32	545014.346	546248.12	1	1
2	11772	11740	55	-1	31	545014.346	546248.12	1	1
2	11772	11741	55	-1	30	545014.346	546248.12	1	1
2	11772	11742	55	-1	29	545014.346	546248.12	1	1
2	11772	11743	55	-1	28	545014.346	546248.12	1	1
2	11772	11744	55	-1	27	545014.346	546248.12	1	1
2	11772	11745	55	-1	26	545014.346	546248.12	1	1
2	11772	11746	55	-1	25	545014.346	546248.12	1	1
2	11772	11747	55	-1	24	545014.346	546248.12	1	1
2	11772	11748	55	-1	23	545014.346	546248.12	1	1
2	11772	11749	55	-1	22	545014.346	546248.12	1	1
2	11772	11750	55	-1	21	545014.346	546248.12	1	1
2	11772	11751	55	-1	20	545014.346	546248.12	1	1
2	11772	11752	55	-1	19	545014.346	546248.12	1	1
2	11772	11753	55	-1	18	545014.346	546248.12	1	1
2	11772	11754	55	-1	17	545014.346	546248.12	1	1
2	11772	11755	55	-1	16	545014.346	546248.12	1	1
2	11772	11756	55	-1	15	545014.346	545014.346	0	0
2	11772	11757	55	-1	14	545014.346	546248.12	1	1
2	11772	11758	55	-1	13	545014.346	546248.12	1	1
2	11772	11759	55	-1	12	545014.346	546248.12	1	1
2	11772	11760	55	-1	11	545014.346	546248.12	1	1
2	11772	11761	55	-1	10	545014.346	546248.12	1	1
2	11772	11762	55	-1	9	545014.346	546248.12	1	1
2	11772	11763	55	-1	8	545014.346	546248.12	1	1
2	11772	11764	55	-1	7	545014.346	546248.12	1	1
2	11772	11765	55	-1	6	545014.346	546248.12	1	1
2	11772	11766	55	-1	5	545014.346	546248.12	1	1
2	11772	11767	55	-1	4	545014.346	546248.12	1	1
2	11772	11768	55	-1	3	545014.346	546248.12	1	1
2	11772	11769	55	-1	2	545014.346	546248.12	1	1
2	11772	11770	55	-1	1	545014.346	546248.12	1	1
2	11772	11771	55	-1	0	545014.346	546248.12	1	1
3	11644	11640	54	-1	3	542197.1057	543429.7036	1	1
3	11644	11641	54	-1	2	542197.1057	543429.7036	1	1
3	11644	11642	54	-1	1	542197.1057	543429.7036	1	1
3	11644	11643	54	-1	0	542197.1057	543429.7036	1	1
4	11640	8936	44	-1	3	449840.1757	449840.1757	0	0
4	11640	11128	53	-1	255	522658.8546	523893.336	1	1
4	11640	11129	53	-1	254	522658.8546	523893.336	1	1
4	11640	11130	53	-1	253	522658.8546	523893.336	1	1
4	11640	11131	53	-1	252	522658.8546	523893.336	1	1
4	11640	11132	53	-1	251	522658.8546	523893.336	1	1
4	11640	11133	53	-1	250	522658.8546	523893.336	1	1
4	11640	11134	53	-1	249	522658.8546	523893.336	1	1
4	11640	11135	53	-1	248	522658.8546	523893.336	1	1
4	11640	11136	53	-1	247	522658.8546	523893.336	1	1
4	11640	11137	53	-1	246	522658.8546	523893.336	1	1
4	11640	11138	53	-1	245	522658.8546	523893.336	1	1
4	11640	11139	53	-1	244	522658.8546	523893.336	1	1
4	11640	11140	53	-1	243	522658.8546	523893.336	1	1
4	11640	11141	53	-1	242	522658.8546	523893.336	1	1
4	11640	11142	53	-1	241	522658.8546	523893.336	1	1
4	11640	11143	53	-1	240	522658.8546	523893.336	1	1
4	11640	11144	53	-1	239	522658.8546	523893.336	1	1
4	11640	11145	53	-1	238	522658.8546	523893.336	1	1
4	11640	11146	53	-1	237	522658.8546	523893.336	1	1
4	11640	11147	53	-1	236	522658.8546	523893.336	1	1
4	11640	11148	53	-1	235	522658.8546	523893.336	1	1
4	11640	11149	53	-1	234	522658.8546	523893.336	1	1
4	11640	11150	53	-1	233	522658.8546	523893.336	1	1
4	11640	11151	53	-1	232	522658.8546	523893.336	1	1
4	11640	11152	53	-1	231	522658.8546	523893.336	1	1
4	11640	11153	53	-1	230	522658.8546	523893.336	1	1
4	11640	11154	53	-1	229	522658.8546	523893.336	1	1
4	11640	11155	53	-1	228	522658.8546	523893.336	1	1
4	11640	11156	53	-1	227	522658.8546	523893.336	1	1
4	11640	11157	53	-1	226	522658.8546	523893.336	1	1
4	11640	11158	53	-1	225	522658.8546	523893.336	1	1
4	11640	11159	53	-1	224	522658.8546	523893.336	1	1
4	11640	11160	53	-1	223	522658.8546	523893.336	1	1
4	11640	11161	53	-1	222	522658.8546	523893.336	1	1
4	11640	11162	53	-1	221	522658.8546	523893.336	1	1
4	11640	11163	53	-1	220	522658.8546	523893.336	1	1
4	11640	11164	53	-1	219	522658.8546	523893.336	1	1
4	11640	11165	53	-1	218	522658.8546	523893.336	1	1
4	11640	11166	53	-1	217	522658.8546	523893.336	1	1
4	11640	11167	53	-1	216	522658.8546	523893.336	1	1
4	11640	11168	53	-1	215	522658.8546	523893.336	1	1
4	11640	11169	53	-1	214	522658.8546	523893.336	1	1
4	11640	11170	53	-1	213	522658.8546	523893.336	1	1
4	11640	11171	53	-1	212	522658.8546	523893.336	1	1
4	11640	11172	53	-1	211	522658.8546	523893.336	1	1
4	11640	11173	53	-1	210	522658.8546	523893.336	1	1
4	11640	11174	53	-1	209	522658.8546	523893.336	1	1
4	11640	11175	53	-1	208	522658.8546	523893.336	1	1
4	11640	11176	53	-1	207	522658.8546	523893.336	1	1
4	11640	11177	53	-1	206	522658.8546	523893.336	1	1
4	11640	11178	53	-1	205	522658.8546	523893.336	1	1
4	11640	11179	53	-1	204	522658.8546	523893.336	1	1
4	11640	11180	53	-1	203	522658.8546	523893.336	1	1
4	11640	11181	53	-1	202	522658.8546	523893.336	1	1
4	11640	11182	53	-1	201	522658.8546	523893.336	1	1
4	11640	11183	53	-1	200	522658.8546	523893.336	1	1
4	11640	11184	53	-1	199	522658.8546	523893.336	1	1
4	11640	11185	53	-1	198	522658.8546	523893.336	1	1
4	11640	11186	53	-1	197	522658.8546	523893.336	1	1
4	11640	11187	53	-1	196	522658.8546	523893.336	1	1
4	11640	11188	53	-1	195	522658.8546	523893.336	1	1
4	11640	11189	53	-1	194	522658.8546	523893.336	1	1
4	11640	11190	53	-1	193	522658.8546	523893.336	1	1
4	11640	11191	53	-1	192	522658.8546	523893.336	1	1
4	11640	11192	53	-1	191	522658.8546	523893.336	1	1
4	11640	11193	53	-1	190	522658.8546	523893.336	1	1
4	11640	11194	53	-1	189	522658.8546	523893.336	1	1
4	11640	11195	53	-1	188	522658.8546	523893.336	1	1
4	11640	11196	53	-1	187	522658.8546	523893.336	1	1
4	11640	11197	53	-1	186	522658.8546	523893.336	1	1
4	11640	11198	53	-1	185	522658.8546	523893.336	1	1
4	11640	11199	53	-1	184	522658.8546	523893.336	1	1
4	11640	11200	53	-1	183	522658.8546	523893.336	1	1
4	11640	11201	53	-1	182	522658.8546	523893.336	1	1
4	11640	11202	53	-1	181	522658.8546	523893.336	1	1
4	11640	11203	53	-1	180	522658.8546	523893.336	1	1
4	11640	11204	53	-1	179	522658.8546	523893.336	1	1
4	11640	11205	53	-1	178	522658.8546	523893.336	1	1
4	11640	11206	53	-1	177	522658.8546	523893.336	1	1
4	11640	11207	53	-1	176	522658.8546	523893.336	1	1
4	11640	11208	53	-1	175	522658.8546	523893.336	1	1
4	11640	11209	53	-1	174	522658.8546	523893.336	1	1
4	11640	11210	53	-1	173	522658.8546	523893.336	1	1
4	11640	11211	53	-1	172	522658.8546	523893.336	1	1
4	11640	11212	53	-1	171	522658.8546	523893.336	1	1
4	11640	11213	53	-1	170	522658.8546	523893.336	1	1
4	11640	11214	53	-1	169	522658.8546	523893.336	1	1
4	11640	11215	53	-1	168	522658.8546	523893.336	1	1
4	11640	11216	53	-1	167	522658.8546	523893.336	1	1
4	11640	11217	53	-1	166	522658.8546	523893.336	1	1
4	11640	11218	53	-1	165	522658.8546	523893.336	1	1
4	11640	11219	53	-1	164	522658.8546	523893.336	1	1
4	11640	11220	53	-1	163	522658.8546	523893.336	1	1
4	11640	11221	53	-1	162	522658.8546	523893.336	1	1
4	11640	11222	53	-1	161	522658.8546	523893.336	1	1
4	11640	11223	53	-1	160	522658.8546	523893.336	1	1
4	11640	11224	53	-1	159	522658.8546	523893.336	1	1
4	11640	11225	53	-1	158	522658.8546	523893.336	1	1
4	11640	11226	53	-1	157	522658.8546	523893.336	1	1
4	11640	11227	53	-1	156	522658.8546	523893.336	1	1
4	11640	11228	53	-1	155	522658.8546	523893.336	1	1
4	11640	11229	53	-1	154	522658.8546	523893.336	1	1
4	11640	11230	53	-1	153	522658.8546	523893.336	1	1
4	11640	11231	53	-1	152	522658.8546	523893.336	1	1
4	11640	11232	53	-1	151	522658.8546	523893.336	1	1
4	11640	11233	53	-1	150	522658.8546	523893.336	1	1
4	11640	11234	53	-1	149	522658.8546	523893.336	1	1
4	11640	11235	53	-1	148	522658.8546	523893.336	1	1
4	11640	11236	53	-1	147	522658.8546	523893.336	1	1
4	11640	11237	53	-1	146	522658.8546	523893.336	1	1
4	11640	11238	53	-1	145	522658.8546	523893.336	1	1
4	11640	11239	53	-1	144	522658.8546	523893.336	1	1
4	11640	11240	53	-1	143	522658.8546	523893.336	1	1
4	11640	11241	53	-1	142	522658.8546	523893.336	1	1
4	11640	11242	53	-1	141	522658.8546	523893.336	1	1
4	11640	11243	53	-1	140	522658.8546	523893.336	1	1
4	11640	11244	53	-1	139	522658.8546	523893.336	1	1
4	11640	11245	53	-1	138	522658.8546	523893.336	1	1
4	11640	11246	53	-1	137	522658.8546	523893.336	1	1
4	11640	11247	53	-1	136	522658.8546	523893.336	1	1
4	11640	11248	53	-1	135	522658.8546	523893.336	1	1
4	11640	11249	53	-1	134	522658.8546	523893.336	1	1
4	11640	11250	53	-1	133	522658.8546	523893.336	1	1
4	11640	11251	53	-1	132	522658.8546	523893.336	1	1
4	11640	11252	53	-1	131	522658.8546	523893.336	1	1
4	11640	11253	53	-1	130	522658.8546	523893.336	1	1
4	11640	11254	53	-1	129	522658.8546	523893.336	1	1
4	11640	11255	53	-1	128	521427.048	522661.5294	1	0
4	11640	11256	53	-1	127	522658.8546	523893.336	1	1
4	11640	11257	53	-1	126	522658.8546	523893.336	1	1
4	11640	11258	53	-1	125	522658.8546	523893.336	1	1
4	11640	11259	53	-1	124	522658.8546	523893.336	1	1
4	11640	11260	53	-1	123	522658.8546	523893.336	1	1
4	11640	11261	53	-1	122	522658.8546	523893.336	1	1
4	11640	11262	53	-1	121	522658.8546	523893.336	1	1
4	11640	11263	53	-1	120	522658.8546	523893.336	1	1
4	11640	11264	53	-1	119	522658.8546	523893.336	1	1
4	11640	11265	53	-1	118	522658.8546	523893.336	1	1
4	11640	11266	53	-1	117	522658.8546	523893.336	1	1
4	11640	11267	53	-1	116	522658.8546	523893.336	1	1
4	11640	11268	53	-1	115	522658.8546	523893.336	1	1
4	11640	11269	53	-1	114	522658.8546	523893.336	1	1
4	11640	11270	53	-1	113	522658.8546	523893.336	1	1
4	11640	11271	53	-1	112	522658.8546	523893.336	1	1
4	11640	11272	53	-1	111	522658.8546	523893.336	1	1
4	11640	11273	53	-1	110	522658.8546	523893.336	1	1
4	11640	11274	53	-1	109	522658.8546	523893.336	1	1
4	11640	11275	53	-1	108	522658.8546	523893.336	1	1
4	11640	11276	53	-1	107	522658.8546	523893.336	1	1
4	11640	11277	53	-1	106	522658.8546	523893.336	1	1
4	11640	11278	53	-1	105	522658.8546	523893.336	1	1
4	11640	11279	53	-1	104	522658.8546	523893.336	1	1
4	11640	11280	53	-1	103	522658.8546	523893.336	1	1
4	11640	11281	53	-1	102	522658.8546	523893.336	1	1
4	11640	11282	53	-1	101	522658.8546	523893.336	1	1
4	11640	11283	53	-1	100	522658.8546	523893.336	1	1
4	11640	11284	53	-1	99	522658.8546	523893.336	1	1
4	11640	11285	53	-1	98	522658.8546	523893.336	1	1
4	11640	11286	53	-1	97	522658.8546	523893.336	1	1
4	11640	11287	53	-1	96	522658.8546	523893.336	1	1
4	11640	11288	53	-1	95	522658.8546	523893.336	1	1
4	11640	11289	53	-1	94	522658.8546	523893.336	1	1
4	11640	11290	53	-1	93	522658.8546	523893.336	1	1
4	11640	11291	53	-1	92	522658.8546	523893.336	1	1
4	11640	11292	53	-1	91	522658.8546	523893.336	1	1
4	11640	11293	53	-1	90	522658.8546	523893.336	1	1
4	11640	11294	53	-1	89	522658.8546	523893.336	1	1
4	11640	11295	53	-1	88	522658.8546	523893.336	1	1
4	11640	11296	53	-1	87	522658.8546	523893.336	1	1
4	11640	11297	53	-1	86	522658.8546	523893.336	1	1
4	11640	11298	53	-1	85	522658.8546	523893.336	1	1
4	11640	11299	53	-1	84	522658.8546	523893.336	1	1
4	11640	11300	53	-1	83	522658.8546	523893.336	1	1
4	11640	11301	53	-1	82	522658.8546	523893.336	1	1
4	11640	11302	53	-1	81	522658.8546	523893.336	1	1
4	11640	11303	53	-1	80	522658.8546	523893.336	1	1
4	11640	11304	53	-1	79	522658.8546	523893.336	1	1
4	11640	11305	53	-1	78	522658.8546	523893.336	1	1
4	11640	11306	53	-1	77	522658.8546	523893.336	1	1
4	11640	11307	53	-1	76	522658.8546	523893.336	1	1
4	11640	11308	53	-1	75	522658.8546	523893.336	1	1
4	11640	11309	53	-1	74	522658.8546	523893.336	1	1
4	11640	11310	53	-1	73	522658.8546	523893.336	1	1
4	11640	11311	53	-1	72	522658.8546	523893.336	1	1
4	11640	11312	53	-1	71	522658.8546	523893.336	1	1
4	11640	11313	53	-1	70	522658.8546	523893.336	1	1
4	11640	11314	53	-1	69	522658.8546	523893.336	1	1
4	11640	11315	53	-1	68	522658.8546	523893.336	1	1
4	11640	11316	53	-1	67	522658.8546	523893.336	1	1
4	11640	11317	53	-1	66	522658.8546	523893.336	1	1
4	11640	11318	53	-1	65	522658.8546	523893.336	1	1
4	11640	11319	53	-1	64	522658.8546	523893.336	1	1
4	11640	11320	53	-1	63	522658.8546	523893.336	1	1
4	11640	11321	53	-1	62	522658.8546	523893.336	1	1
4	11640	11322	53	-1	61	522658.8546	523893.336	1	1
4	11640	11323	53	-1	60	522658.8546	523893.336	1	1
4	11640	11324	53	-1	59	522658.8546	523893.336	1	1
4	11640	11325	53	-1	58	522658.8546	523893.336	1	1
4	11640	11326	53	-1	57	522658.8546	523893.336	1	1
4	11640	11327	53	-1	56	522658.8546	523893.336	1	1
4	11640	11328	53	-1	55	522658.8546	523893.336	1	1
4	11640	11329	53	-1	54	522658.8546	523893.336	1	1
4	11640	11330	53	-1	53	522658.8546	523893.336	1	1
4	11640	11331	53	-1	52	522658.8546	523893.336	1	1
4	11640	11332	53	-1	51	522658.8546	523893.336	1	1
4	11640	11333	53	-1	50	522658.8546	523893.336	1	1
4	11640	11334	53	-1	49	522658.8546	523893.336	1	1
4	11640	11335	53	-1	48	522658.8546	523893.336	1	1
4	11640	11336	53	-1	47	522658.8546	523893.336	1	1
4	11640	11337	53	-1	46	522658.8546	523893.336	1	1
4	11640	11338	53	-1	45	522658.8546	523893.336	1	1
4	11640	11339	53	-1	44	522658.8546	523893.336	1	1
4	11640	11340	53	-1	43	522658.8546	523893.336	1	1
4	11640	11341	53	-1	42	522658.8546	523893.336	1	1
4	11640	11342	53	-1	41	522658.8546	523893.336	1	1
4	11640	11343	53	-1	40	522658.8546	523893.336	1	1
4	11640	11344	53	-1	39	522658.8546	523893.336	1	1
4	11640	11345	53	-1	38	522658.8546	523893.336	1	1
4	11640	11346	53	-1	37	522658.8546	523893.336	1	1
4	11640	11347	53	-1	36	522658.8546	523893.336	1	1
4	11640	11348	53	-1	35	522658.8546	523893.336	1	1
4	11640	11349	53	-1	34	522658.8546	523893.336	1	1
4	11640	11350	53	-1	33	522658.8546	523893.336	1	1
4	11640	11351	53	-1	32	522658.8546	523893.336	1	1
4	11640	11352	53	-1	31	522658.8546	523893.336	1	1
4	11640	11353	53	-1	30	522658.8546	523893.336	1	1
4	11640	11354	53	-1	29	522658.8546	523893.336	1	1
4	11640	11355	53	-1	28	522658.8546	523893.336	1	1
4	11640	11356	53	-1	27	522658.8546	523893.336	1	1
4	11640	11357	53	-1	26	522658.8546	523893.336	1	1
4	11640	11358	53	-1	25	522658.8546	523893.336	1	1
4	11640	11359	53	-1	24	522658.8546	523893.336	1	1
4	11640	11360	53	-1	23	522658.8546	523893.336	1	1
4	11640	11361	53	-1	22	522658.8546	523893.336	1	1
4	11640	11362	53	-1	21	522658.8546	523893.336	1	1
4	11640	11363	53	-1	20	522658.8546	523893.336	1	1
4	11640	11364	53	-1	19	522658.8546	523893.336	1	1
4	11640	11365	53	-1	18	522658.8546	523893.336	1	1
4	11640	11366	53	-1	17	522658.8546	523893.336	1	1
4	11640	11367	53	-1	16	522658.8546	523893.336	1	1
4	11640	11368	53	-1	15	522658.8546	523893.336	1	1
4	11640	11369	53	-1	14	522658.8546	523893.336	1	1
4	11640	11370	53	-1	13	522658.8546	523893.336	1	1
4	11640	11371	53	-1	12	522658.8546	523893.336	1	1
4	11640	11372	53	-1	11	522658.8546	523893.336	1	1
4	11640	11373	53	-1	10	522658.8546	523893.336	1	1
4	11640	11374	53	-1	9	522658.8546	523893.336	1	1
4	11640	11375	53	-1	8	522658.8546	523893.336	1	1
4	11640	11376	53	-1	7	522658.8546	523893.336	1	1
4	11640	11377	53	-1	6	522658.8546	523893.336	1	1
4	11640	11378	53	-1	5	522658.8546	523893.336	1	1
4	11640	11379	53	-1	4	522658.8546	523893.336	1	1
4	11640	11380	53	-1	3	522658.8546	522658.8546	0	0
4	11640	11381	53	-1	2	522658.8546	523893.336	1	1
4	11640	11382	53	-1	1	522658.8546	523893.336	1	1
4	11640	11383	53	-1	0	520195.2415	521429.7228	1	0
4	11640	11384	53	-1	255	519191.1875	520425.6689	1	0
4	11640	11385	53	-1	254	519191.1875	520425.6689	1	0
4	11640	11386	53	-1	253	519191.1875	520425.6689	1	0
4	11640	11387	53	-1	252	519191.1875	520425.6689	1	0
4	11640	11388	53	-1	251	519191.1875	520425.6689	1	0
4	11640	11389	53	-1	250	519191.1875	520425.6689	1	0
4	11640	11390	53	-1	249	519191.1875	520425.6689	1	0
4	11640	11391	53	-1	248	519191.1875	520425.6689	1	0
4	11640	11392	53	-1	247	519191.1875	520425.6689	1	0
4	11640	11393	53	-1	246	519191.1875	520425.6689	1	0
4	11640	11394	53	-1	245	519191.1875	520425.6689	1	0
4	11640	11395	53	-1	244	519191.1875	520425.6689	1	0
4	11640	11396	53	-1	243	519191.1875	520425.6689	1	0
4	11640	11397	53	-1	242	519191.1875	520425.6689	1	0
4	11640	11398	53	-1	241	519191.1875	520425.6689	1	0
4	11640	11399	53	-1	240	519191.1875	520425.6689	1	0
4	11640	11400	53	-1	239	519191.1875	520425.6689	1	0
4	11640	11401	53	-1	238	519191.1875	520425.6689	1	0
4	11640	11402	53	-1	237	519191.1875	520425.6689	1	0
4	11640	11403	53	-1	236	519191.1875	520425.6689	1	0
4	11640	11404	53	-1	235	519191.1875	520425.6689	1	0
4	11640	11405	53	-1	234	519191.1875	520425.6689	1	0
4	11640	11406	53	-1	233	519191.1875	520425.6689	1	0
4	11640	11407	53	-1	232	519191.1875	520425.6689	1	0
4	11640	11408	53	-1	231	519191.1875	520425.6689	1	0
4	11640	11409	53	-1	230	519191.1875	520425.6689	1	0
4	11640	11410	53	-1	229	519191.1875	520425.6689	1	0
4	11640	11411	53	-1	228	519191.1875	520425.6689	1	0
4	11640	11412	53	-1	227	519191.1875	520425.6689	1	0
4	11640	11413	53	-1	226	519191.1875	520425.6689	1	0
4	11640	11414	53	-1	225	519191.1875	520425.6689	1	0
4	11640	11415	53	-1	224	519191.1875	520425.6689	1	0
4	11640	11416	53	-1	223	519191.1875	520425.6689	1	0
4	11640	11417	53	-1	222	519191.1875	520425.6689	1	0
4	11640	11418	53	-1	221	519191.1875	520425.6689	1	0
4	11640	11419	53	-1	220	519191.1875	520425.6689	1	0
4	11640	11420	53	-1	219	519191.1875	520425.6689	1	0
4	11640	11421	53	-1	218	519191.1875	520425.6689	1	0
4	11640	11422	53	-1	217	519191.1875	520425.6689	1	0
4	11640	11423	53	-1	216	519191.1875	520425.6689	1	0
4	11640	11424	53	-1	215	519191.1875	520425.6689	1	0
4	11640	11425	53	-1	214	519191.1875	520425.6689	1	0
4	11640	11426	53	-1	213	519191.1875	520425.6689	1	0
4	11640	11427	53	-1	212	519191.1875	520425.6689	1	0
4	11640	11428	53	-1	211	519191.1875	520425.6689	1	0
4	11640	11429	53	-1	210	519191.1875	520425.6689	1	0
4	11640	11430	53	-1	209	519191.1875	520425.6689	1	0
4	11640	11431	53	-1	208	519191.1875	520425.6689	1	0
4	11640	11432	53	-1	207	519191.1875	520425.6689	1	0
4	11640	11433	53	-1	206	519191.1875	520425.6689	1	0
4	11640	11434	53	-1	205	519191.1875	520425.6689	1	0
4	11640	11435	53	-1	204	519191.1875	520425.6689	1	0
4	11640	11436	53	-1	203	519191.1875	520425.6689	1	0
4	11640	11437	53	-1	202	519191.1875	520425.6689	1	0
4	11640	11438	53	-1	201	519191.1875	520425.6689	1	0
4	11640	11439	53	-1	200	519191.1875	520425.6689	1	0
4	11640	11440	53	-1	199	519191.1875	520425.6689	1	0
4	11640	11441	53	-1	198	519191.1875	520425.6689	1	0
4	11640	11442	53	-1	197	519191.1875	520425.6689	1	0
4	11640	11443	53	-1	196	519191.1875	520425.6689	1	0
4	11640	11444	53	-1	195	519191.1875	520425.6689	1	0
4	11640	11445	53	-1	194	519191.1875	520425.6689	1	0
4	11640	11446	53	-1	193	519191.1875	520425.6689	1	0
4	11640	11447	53	-1	192	519191.1875	520425.6689	1	0
4	11640	11448	53	-1	191	519191.1875	520425.6689	1	0
4	11640	11449	53	-1	190	519191.1875	520425.6689	1	0
4	11640	11450	53	-1	189	519191.1875	520425.6689	1	0
4	11640	11451	53	-1	188	519191.1875	520425.6689	1	0
4	11640	11452	53	-1	187	519191.1875	520425.6689	1	0
4	11640	11453	53	-1	186	519191.1875	520425.6689	1	0
4	11640	11454	53	-1	185	519191.1875	520425.6689	1	0
4	11640	11455	53	-1	184	519191.1875	520425.6689	1	0
4	11640	11456	53	-1	183	519191.1875	520425.6689	1	0
4	11640	11457	53	-1	182	519191.1875	520425.6689	1	0
4	11640	11458	53	-1	181	519191.1875	520425.6689	1	0
4	11640	11459	53	-1	180	519191.1875	520425.6689	1	0
4	11640	11460	53	-1	179	519191.1875	520425.6689	1	0
4	11640	11461	53	-1	178	519191.1875	520425.6689	1	0
4	11640	11462	53	-1	177	519191.1875	520425.6689	1	0
4	11640	11463	53	-1	176	519191.1875	520425.6689	1	0
4	11640	11464	53	-1	175	519191.1875	520425.6689	1	0
4	11640	11465	53	-1	174	519191.1875	520425.6689	1	0
4	11640	11466	53	-1	173	519191.1875	520425.6689	1	0
4	11640	11467	53	-1	172	519191.1875	520425.6689	1	0
4	11640	11468	53	-1	171	519191.1875	520425.6689	1	0
4	11640	11469	53	-1	170	519191.1875	520425.6689	1	0
4	11640	11470	53	-1	169	519191.1875	520425.6689	1	0
4	11640	11471	53	-1	168	519191.1875	520425.6689	1	0
4	11640	11472	53	-1	167	519191.1875	520425.6689	1	0
4	11640	11473	53	-1	166	519191.1875	520425.6689	1	0
4	11640	11474	53	-1	165	519191.1875	520425.6689	1	0
4	11640	11475	53	-1	164	519191.1875	520425.6689	1	0
4	11640	11476	53	-1	163	519191.1875	520425.6689	1	0
4	11640	11477	53	-1	162	519191.1875	520425.6689	1	0
4	11640	11478	53	-1	161	519191.1875	520425.6689	1	0
4	11640	11479	53	-1	160	519191.1875	520425.6689	1	0
4	11640	11480	53	-1	159	519191.1875	520425.6689	1	0
4	11640	11481	53	-1	158	519191.1875	520425.6689	1	0
4	11640	11482	53	-1	157	519191.1875	520425.6689	1	0
4	11640	11483	53	-1	156	519191.1875	520425.6689	1	0
4	11640	11484	53	-1	155	519191.1875	520425.6689	1	0
4	11640	11485	53	-1	154	519191.1875	520425.6689	1	0
4	11640	11486	53	-1	153	519191.1875	520425.6689	1	0
4	11640	11487	53	-1	152	519191.1875	520425.6689	1	0
4	11640	11488	53	-1	151	519191.1875	520425.6689	1	0
4	11640	11489	53	-1	150	519191.1875	520425.6689	1	0
4	11640	11490	53	-1	149	519191.1875	520425.6689	1	0
4	11640	11491	53	-1	148	519191.1875	520425.6689	1	0
4	11640	11492	53	-1	147	519191.1875	520425.6689	1	0
4	11640	11493	53	-1	146	519191.1875	520425.6689	1	0
4	11640	11494	53	-1	145	519191.1875	520425.6689	1	0
4	11640	11495	53	-1	144	519191.1875	520425.6689	1	0
4	11640	11496	53	-1	143	519191.1875	520425.6689	1	0
4	11640	11497	53	-1	142	519191.1875	520425.6689	1	0
4	11640	11498	53	-1	141	519191.1875	520425.6689	1	0
4	11640	11499	53	-1	140	519191.1875	520425.6689	1	0
4	11640	11500	53	-1	139	519191.1875	520425.6689	1	0
4	11640	11501	53	-1	138	519191.1875	520425.6689	1	0
4	11640	11502	53	-1	137	519191.1875	520425.6689	1	0
4	11640	11503	53	-1	136	519191.1875	520425.6689	1	0
4	11640	11504	53	-1	135	519191.1875	520425.6689	1	0
4	11640	11505	53	-1	134	519191.1875	520425.6689	1	0
4	11640	11506	53	-1	133	519191.1875	520425.6689	1	0
4	11640	11507	53	-1	132	519191.1875	520425.6689	1	0
4	11640	11508	53	-1	131	519191.1875	520425.6689	1	0
4	11640	11509	53	-1	130	519191.1875	520425.6689	1	0
4	11640	11510	53	-1	129	519191.1875	520425.6689	1	0
4	11640	11511	53	-1	128	519191.1875	520425.6689	1	0
4	11640	11512	53	-1	127	519191.1875	520425.6689	1	0
4	11640	11513	53	-1	126	519191.1875	520425.6689	1	0
4	11640	11514	53	-1	125	519191.1875	520425.6689	1	0
4	11640	11515	53	-1	124	519191.1875	520425.6689	1	0
4	11640	11516	53	-1	123	519191.1875	520425.6689	1	0
4	11640	11517	53	-1	122	519191.1875	520425.6689	1	0
4	11640	11518	53	-1	121	519191.1875	520425.6689	1	0
4	11640	11519	53	-1	120	519191.1875	520425.6689	1	0
4	11640	11520	53	-1	119	519191.1875	520425.6689	1	0
4	11640	11521	53	-1	118	519191.1875	520425.6689	1	0
4	11640	11522	53	-1	117	519191.1875	520425.6689	1	0
4	11640	11523	53	-1	116	519191.1875	520425.6689	1	0
4	11640	11524	53	-1	115	519191.1875	520425.6689	1	0
4	11640	11525	53	-1	114	519191.1875	520425.6689	1	0
4	11640	11526	53	-1	113	519191.1875	520425.6689	1	0
4	11640	11527	53	-1	112	519191.1875	520425.6689	1	0
4	11640	11528	53	-1	111	519191.1875	520425.6689	1	0
4	11640	11529	53	-1	110	519191.1875	520425.6689	1	0
4	11640	11530	53	-1	109	519191.1875	520425.6689	1	0
4	11640	11531	53	-1	108	519191.1875	520425.6689	1	0
4	11640	11532	53	-1	107	519191.1875	520425.6689	1	0
4	11640	11533	53	-1	106	519191.1875	520425.6689	1	0
4	11640	11534	53	-1	105	519191.1875	520425.6689	1	0
4	11640	11535	53	-1	104	519191.1875	520425.6689	1	0
4	11640	11536	53	-1	103	519191.1875	520425.6689	1	0
4	11640	11537	53	-1	102	519191.1875	520425.6689	1	0
4	11640	11538	53	-1	101	519191.1875	520425.6689	1	0
4	11640	11539	53	-1	100	519191.1875	520425.6689	1	0
4	11640	11540	53	-1	99	519191.1875	520425.6689	1	0
4	11640	11541	53	-1	98	519191.1875	520425.6689	1	0
4	11640	11542	53	-1	97	519191.1875	520425.6689	1	0
4	11640	11543	53	-1	96	519191.1875	520425.6689	1	0
4	11640	11544	53	-1	95	519191.1875	520425.6689	1	0
4	11640	11545	53	-1	94	519191.1875	520425.6689	1	0
4	11640	11546	53	-1	93	519191.1875	520425.6689	1	0
4	11640	11547	53	-1	92	519191.1875	520425.6689	1	0
4	11640	11548	53	-1	91	519191.1875	520425.6689	1	0
4	11640	11549	53	-1	90	519191.1875	520425.6689	1	0
4	11640	11550	53	-1	89	519191.1875	520425.6689	1	0
4	11640	11551	53	-1	88	519191.1875	520425.6689	1	0
4	11640	11552	53	-1	87	519191.1875	520425.6689	1	0
4	11640	11553	53	-1	86	519191.1875	520425.6689	1	0
4	11640	11554	53	-1	85	519191.1875	520425.6689	1	0
4	11640	11555	53	-1	84	519191.1875	520425.6689	1	0
4	11640	11556	53	-1	83	519191.1875	520425.6689	1	0
4	11640	11557	53	-1	82	519191.1875	520425.6689	1	0
4	11640	11558	53	-1	81	519191.1875	520425.6689	1	0
4	11640	11559	53	-1	80	519191.1875	520425.6689	1	0
4	11640	11560	53	-1	79	519191.1875	520425.6689	1	0
4	11640	11561	53	-1	78	519191.1875	520425.6689	1	0
4	11640	11562	53	-1	77	519191.1875	520425.6689	1	0
4	11640	11563	53	-1	76	519191.1875	520425.6689	1	0
4	11640	11564	53	-1	75	519191.1875	520425.6689	1	0
4	11640	11565	53	-1	74	519191.1875	520425.6689	1	0
4	11640	11566	53	-1	73	519191.1875	520425.6689	1	0
4	11640	11567	53	-1	72	519191.1875	520425.6689	1	0
4	11640	11568	53	-1	71	519191.1875	520425.6689	1	0
4	11640	11569	53	-1	70	519191.1875	520425.6689	1	0
4	11640	11570	53	-1	69	519191.1875	520425.6689	1	0
4	11640	11571	53	-1	68	519191.1875	520425.6689	1	0
4	11640	11572	53	-1	67	519191.1875	520425.6689	1	0
4	11640	11573	53	-1	66	519191.1875	520425.6689	1	0
4	11640	11574	53	-1	65	519191.1875	520425.6689	1	0
4	11640	11575	53	-1	64	519191.1875	520425.6689	1	0
4	11640	11576	53	-1	63	519191.1875	520425.6689	1	0
4	11640	11577	53	-1	62	519191.1875	520425.6689	1	0
4	11640	11578	53	-1	61	519191.1875	520425.6689	1	0
4	11640	11579	53	-1	60	519191.1875	520425.6689	1	0
4	11640	11580	53	-1	59	519191.1875	520425.6689	1	0
4	11640	11581	53	-1	58	519191.1875	520425.6689	1	0
4	11640	11582	53	-1	57	519191.1875	520425.6689	1	0
4	11640	11583	53	-1	56	519191.1875	520425.6689	1	0
4	11640	11584	53	-1	55	519191.1875	520425.6689	1	0
4	11640	11585	53	-1	54	519191.1875	520425.6689	1	0
4	11640	11586	53	-1	53	519191.1875	520425.6689	1	0
4	11640	11587	53	-1	52	519191.1875	520425.6689	1	0
4	11640	11588	53	-1	51	519191.1875	520425.6689	1	0
4	11640	11589	53	-1	50	519191.1875	520425.6689	1	0
4	11640	11590	53	-1	49	519191.1875	520425.6689	1	0
4	11640	11591	53	-1	48	519191.1875	520425.6689	1	0
4	11640	11592	53	-1	47	519191.1875	520425.6689	1	0
4	11640	11593	53	-1	46	519191.1875	520425.6689	1	0
4	11640	11594	53	-1	45	519191.1875	520425.6689	1	0
4	11640	11595	53	-1	44	519191.1875	520425.6689	1	0
4	11640	11596	53	-1	43	519191.1875	520425.6689	1	0
4	11640	11597	53	-1	42	519191.1875	520425.6689	1	0
4	11640	11598	53	-1	41	519191.1875	520425.6689	1	0
4	11640	11599	53	-1	40	519191.1875	520425.6689	1	0
4	11640	11600	53	-1	39	519191.1875	520425.6689	1	0
4	11640	11601	53	-1	38	519191.1875	520425.6689	1	0
4	11640	11602	53	-1	37	519191.1875	520425.6689	1	0
4	11640	11603	53	-1	36	519191.1875	520425.6689	1	0
4	11640	11604	53	-1	35	519191.1875	520425.6689	1	0
4	11640	11605	53	-1	34	519191.1875	520425.6689	1	0
4	11640	11606	53	-1	33	519191.1875	520425.6689	1	0
4	11640	11607	53	-1	0	516727.5744	517962.0558	1	0
4	11640	11608	53	-1	32	519191.1875	520425.6689	1	0
4	11640	11609	53	-1	31	519191.1875	520425.6689	1	0
4	11640	11610	53	-1	30	519191.1875	520425.6689	1	0
4	11640	11611	53	-1	29	519191.1875	520425.6689	1	0
4	11640	11612	53	-1	28	519191.1875	520425.6689	1	0
4	11640	11613	53	-1	27	519191.1875	520425.6689	1	0
4	11640	11614	53	-1	26	519191.1875	520425.6689	1	0
4	11640	11615	53	-1	25	519191.1875	520425.6689	1	0
4	11640	11616	53	-1	24	519191.1875	520425.6689	1	0
4	11640	11617	53	-1	23	519191.1875	520425.6689	1	0
4	11640	11618	53	-1	22	519191.1875	520425.6689	1	0
4	11640	11619	53	-1	21	519191.1875	520425.6689	1	0
4	11640	11620	53	-1	20	519191.1875	520425.6689	1	0
4	11640	11621	53	-1	19	519191.1875	520425.6689	1	0
4	11640	11622	53	-1	18	519191.1875	520425.6689	1	0
4	11640	11623	53	-1	17	519191.1875	520425.6689	1	0
4	11640	11624	53	-1	16	519191.1875	520425.6689	1	0
4	11640	11625	53	-1	15	519191.1875	520425.6689	1	0
4	11640	11626	53	-1	14	519191.1875	520425.6689	1	0
4	11640	11627	53	-1	13	519191.1875	520425.6689	1	0
4	11640	11628	53	-1	12	519191.1875	520425.6689	1	0
4	11640	11629	53	-1	11	519191.1875	520425.6689	1	0
4	11640	11630	53	-1	10	519191.1875	520425.6689	1	0
4	11640	11631	53	-1	9	519191.1875	520425.6689	1	0
4	11640	11632	53	-1	8	519191.1875	520425.6689	1	0
4	11640	11633	53	-1	7	519191.1875	520425.6689	1	0
4	11640	11634	53	-1	6	519191.1875	520425.6689	1	0
4	11640	11635	53	-1	5	519191.1875	520425.6689	1	0
4	11640	11636	53	-1	4	519191.1875	520425.6689	1	0
4	11640	11637	53	-1	3	519191.1875	519191.1875	0	0
4	11640	11638	53	-1	2	519191.1875	520425.6689	1	0
4	11640	11639	53	-1	1	519191.1875	520425.6689	1	0
5	11128	9080	49	-1	255	519665.4851	519665.4851	0	1
5	11128	10104	51	-1	33	496659.0367	497890.841	1	0
5	11128	10105	51	-1	32	496659.0367	497890.841	1	0
5	11128	10106	51	-1	31	496659.0367	497890.841	1	0
5	11128	10107	51	-1	30	496659.0367	497890.841	1	0
5	11128	10108	51	-1	29	496659.0367	497890.841	1	0
5	11128	10109	51	-1	28	496659.0367	497890.841	1	0
5	11128	10110	51	-1	27	496187.9442	497419.7485	1	0
5	11128	10111	51	-1	26	496187.9442	497419.7485	1	0
5	11128	10112	51	-1	25	496187.9442	497419.7485	1	0
5	11128	10113	51	-1	24	496187.9442	497419.7485	1	0
5	11128	10114	51	-1	23	496187.9442	497419.7485	1	0
5	11128	10115	51	-1	22	496187.9442	497419.7485	1	0
5	11128	10116	51	-1	21	496187.9442	497419.7485	1	0
5	11128	10117	51	-1	20	496187.9442	497419.7485	1	0
5	11128	10118	51	-1	19	496187.9442	497419.7485	1	0
5	11128	10119	51	-1	18	496187.9442	497419.7485	1	0
5	11128	10120	51	-1	17	496187.9442	497419.7485	1	0
5	11128	10121	51	-1	16	496187.9442	497419.7485	1	0
5	11128	10122	51	-1	15	496187.9442	497419.7485	1	0
5	11128	10123	51	-1	14	496187.9442	497419.7485	1	0
5	11128	10124	51	-1	13	496187.9442	497419.7485	1	0
5	11128	10125	51	-1	12	496187.9442	497419.7485	1	0
5	11128	10126	51	-1	11	496659.0367	497890.841	1	0
5	11128	10127	51	-1	10	496659.0367	497890.841	1	0
5	11128	10128	51	-1	9	496659.0367	497890.841	1	0
5	11128	10129	51	-1	8	496659.0367	497890.841	1	0
5	11128	10130	51	-1	7	496187.9442	497419.7485	1	0
5	11128	10131	51	-1	6	496187.9442	497419.7485	1	0
5	11128	10132	51	-1	5	496187.9442	497419.7485	1	0
5	11128	10133	51	-1	4	496187.9442	497419.7485	1	0
5	11128	10134	51	-1	3	496187.9442	497419.7485	1	0
5	11128	10135	51	-1	2	496187.9442	497419.7485	1	0
5	11128	10136	51	-1	1	496187.9442	497419.7485	1	0
5	11128	10137	51	-1	0	496187.9442	497419.7485	1	0
5	11128	10138	51	-1	205	501184.011	502415.8153	1	0
5	11128	10139	51	-1	255	500714.0066	500714.0066	0	0
5	11128	10140	51	-1	253	500713.4242	501945.2285	1	0
5	11128	10141	51	-1	205	500712.9185	501944.7228	1	0
5	11128	10142	51	-1	255	499014.499	499014.499	0	0
5	11128	10143	51	-1	254	499014.499	500246.3033	1	0
5	11128	10144	51	-1	253	499014.499	500246.3033	1	0
5	11128	10145	51	-1	252	499014.499	500246.3033	1	0
5	11128	10146	51	-1	251	499014.499	500246.3033	1	0
5	11128	10147	51	-1	250	499014.499	500246.3033	1	0
5	11128	10148	51	-1	249	499014.499	500246.3033	1	0
5	11128	10149	51	-1	248	499014.499	500246.3033	1	0
5	11128	10150	51	-1	247	499014.499	500246.3033	1	0
5	11128	10151	51	-1	246	499014.499	500246.3033	1	0
5	11128	10152	51	-1	245	499014.499	500246.3033	1	0
5	11128	10153	51	-1	244	499014.499	500246.3033	1	0
5	11128	10154	51	-1	243	499014.499	500246.3033	1	0
5	11128	10155	51	-1	242	499014.499	500246.3033	1	0
5	11128	10156	51	-1	241	499014.499	500246.3033	1	0
5	11128	10157	51	-1	240	499014.499	500246.3033	1	0
5	11128	10158	51	-1	239	499014.499	500246.3033	1	0
5	11128	10159	51	-1	238	499014.499	500246.3033	1	0
5	11128	10160	51	-1	237	499014.499	500246.3033	1	0
5	11128	10161	51	-1	236	499014.499	500246.3033	1	0
5	11128	10162	51	-1	235	499014.499	500246.3033	1	0
5	11128	10163	51	-1	234	499014.499	500246.3033	1	0
5	11128	10164	51	-1	233	499014.499	500246.3033	1	0
5	11128	10165	51	-1	232	499014.499	500246.3033	1	0
5	11128	10166	51	-1	231	499014.499	500246.3033	1	0
5	11128	10167	51	-1	255	498543.4065	498543.4065	0	0
5	11128	10168	51	-1	254	498543.4065	499775.2108	1	0
5	11128	10169	51	-1	253	498543.4065	499775.2108	1	0
5	11128	10170	51	-1	252	498543.4065	499775.2108	1	0
5	11128	10171	51	-1	251	498543.4065	499775.2108	1	0
5	11128	10172	51	-1	250	498543.4065	499775.2108	1	0
5	11128	10173	51	-1	249	498543.4065	499775.2108	1	0
5	11128	10174	51	-1	248	498543.4065	499775.2108	1	0
5	11128	10175	51	-1	247	498543.4065	499775.2108	1	0
5	11128	10176	51	-1	246	498543.4065	499775.2108	1	0
5	11128	10177	51	-1	245	498543.4065	499775.2108	1	0
5	11128	10178	51	-1	244	498543.4065	499775.2108	1	0
5	11128	10179	51	-1	243	498543.4065	499775.2108	1	0
5	11128	10180	51	-1	242	498543.4065	499775.2108	1	0
5	11128	10181	51	-1	241	498543.4065	499775.2108	1	0
5	11128	10182	51	-1	240	498543.4065	499775.2108	1	0
5	11128	10183	51	-1	239	498543.4065	499775.2108	1	0
5	11128	10184	51	-1	238	498543.4065	499775.2108	1	0
5	11128	10185	51	-1	237	498543.4065	499775.2108	1	0
5	11128	10186	51	-1	236	498543.4065	499775.2108	1	0
5	11128	10187	51	-1	235	498543.4065	499775.2108	1	0
5	11128	10188	51	-1	234	498543.4065	499775.2108	1	0
5	11128	10189	51	-1	233	498543.4065	499775.2108	1	0
5	11128	10190	51	-1	232	498543.4065	499775.2108	1	0
5	11128	10191	51	-1	231	498543.4065	499775.2108	1	0
5	11128	10192	51	-1	230	498543.4065	499775.2108	1	0
5	11128	10193	51	-1	229	498543.4065	499775.2108	1	0
5	11128	10194	51	-1	228	499765.9518	500997.7561	1	0
5	11128	10195	51	-1	226	499764.8822	500996.6865	1	0
5	11128	10196	51	-1	224	499765.5613	500997.3656	1	0
5	11128	10197	51	-1	222	499765.0955	500996.8998	1	0
5	11128	10198	51	-1	220	499765.6871	500997.4914	1	0
5	11128	10199	51	-1	218	499765.2068	500997.0111	1	0
5	11128	10200	51	-1	205	499765.8172	500997.6215	1	0
5	11128	10201	51	-1	138	499765.3214	500997.1257	1	0
5	11128	10202	51	-1	137	499764.9874	500996.7917	1	0
5	11128	10203	51	-1	136	499765.4395	500997.2438	1	0
5	11128	10204	51	-1	255	498072.314	498072.314	0	0
5	11128	10205	51	-1	254	498072.314	499304.1184	1	0
5	11128	10206	51	-1	253	498072.314	499304.1184	1	0
5	11128	10207	51	-1	252	498072.314	499304.1184	1	0
5	11128	10208	51	-1	251	498072.314	499304.1184	1	0
5	11128	10209	51	-1	250	498072.314	499304.1184	1	0
5	11128	10210	51	-1	249	498072.314	499304.1184	1	0
5	11128	10211	51	-1	248	498072.314	499304.1184	1	0
5	11128	10212	51	-1	247	498072.314	499304.1184	1	0
5	11128	10213	51	-1	246	498072.314	499304.1184	1	0
5	11128	10214	51	-1	245	498072.314	499304.1184	1	0
5	11128	10215	51	-1	244	498072.314	499304.1184	1	0
5	11128	10216	51	-1	243	498072.314	499304.1184	1	0
5	11128	10217	51	-1	242	498072.314	499304.1184	1	0
5	11128	10218	51	-1	241	498072.314	499304.1184	1	0
5	11128	10219	51	-1	240	498072.314	499304.1184	1	0
5	11128	10220	51	-1	239	498072.314	499304.1184	1	0
5	11128	10221	51	-1	238	498072.314	499304.1184	1	0
5	11128	10222	51	-1	237	498072.314	499304.1184	1	0
5	11128	10223	51	-1	236	498072.314	499304.1184	1	0
5	11128	10224	51	-1	235	498072.314	499304.1184	1	0
5	11128	10225	51	-1	234	498072.314	499304.1184	1	0
5	11128	10226	51	-1	233	498072.314	499304.1184	1	0
5	11128	10227	51	-1	232	498072.314	499304.1184	1	0
5	11128	10228	51	-1	231	498072.314	499304.1184	1	0
5	11128	10229	51	-1	230	498072.314	499304.1184	1	0
5	11128	10230	51	-1	229	498072.314	499304.1184	1	0
5	11128	10231	51	-1	228	498072.314	499304.1184	1	0
5	11128	10232	51	-1	227	498072.314	499304.1184	1	0
5	11128	10233	51	-1	226	498072.314	499304.1184	1	0
5	11128	10234	51	-1	225	498072.314	499304.1184	1	0
5	11128	10235	51	-1	224	498072.314	499304.1184	1	0
5	11128	10236	51	-1	223	498072.314	499304.1184	1	0
5	11128	10237	51	-1	222	498072.314	499304.1184	1	0
5	11128	10238	51	-1	221	498072.314	499304.1184	1	0
5	11128	10239	51	-1	220	498072.314	499304.1184	1	0
5	11128	10240	51	-1	219	498072.314	499304.1184	1	0
5	11128	10241	51	-1	218	498072.314	499304.1184	1	0
5	11128	10242	51	-1	217	498072.314	499304.1184	1	0
5	11128	10243	51	-1	216	498072.314	499304.1184	1	0
5	11128	10244	51	-1	215	498072.314	499304.1184	1	0
5	11128	10245	51	-1	214	498072.314	499304.1184	1	0
5	11128	10246	51	-1	213	498072.314	499304.1184	1	0
5	11128	10247	51	-1	208	498072.314	499304.1184	1	0
5	11128	10248	51	-1	207	498072.314	499304.1184	1	0
5	11128	10249	51	-1	206	498072.314	499304.1184	1	0
5	11128	10250	51	-1	255	497601.2216	497601.2216	0	0
5	11128	10251	51	-1	254	497601.2216	498833.0259	1	0
5	11128	10252	51	-1	253	497601.2216	498833.0259	1	0
5	11128	10253	51	-1	252	497601.2216	498833.0259	1	0
5	11128	10254	51	-1	251	497601.2216	498833.0259	1	0
5	11128	10255	51	-1	250	497601.2216	498833.0259	1	0
5	11128	10256	51	-1	249	497601.2216	498833.0259	1	0
5	11128	10257	51	-1	248	497601.2216	498833.0259	1	0
5	11128	10258	51	-1	247	497601.2216	498833.0259	1	0
5	11128	10259	51	-1	246	497601.2216	498833.0259	1	0
5	11128	10260	51	-1	245	497601.2216	498833.0259	1	0
5	11128	10261	51	-1	244	497601.2216	498833.0259	1	0
5	11128	10262	51	-1	243	497601.2216	498833.0259	1	0
5	11128	10263	51	-1	242	497601.2216	498833.0259	1	0
5	11128	10264	51	-1	241	497601.2216	498833.0259	1	0
5	11128	10265	51	-1	240	497601.2216	498833.0259	1	0
5	11128	10266	51	-1	239	497601.2216	498833.0259	1	0
5	11128	10267	51	-1	238	497601.2216	498833.0259	1	0
5	11128	10268	51	-1	237	497601.2216	498833.0259	1	0
5	11128	10269	51	-1	236	497601.2216	498833.0259	1	0
5	11128	10270	51	-1	235	497601.2216	498833.0259	1	0
5	11128	10271	51	-1	234	497601.2216	498833.0259	1	0
5	11128	10272	51	-1	233	497601.2216	498833.0259	1	0
5	11128	10273	51	-1	232	497601.2216	498833.0259	1	0
5	11128	10274	51	-1	231	497601.2216	498833.0259	1	0
5	11128	10275	51	-1	230	497601.2216	498833.0259	1	0
5	11128	10276	51	-1	229	497601.2216	498833.0259	1	0
5	11128	10277	51	-1	228	497601.2216	498833.0259	1	0
5	11128	10278	51	-1	227	497601.2216	498833.0259	1	0
5	11128	10279	51	-1	226	497601.2216	498833.0259	1	0
5	11128	10280	51	-1	225	497601.2216	498833.0259	1	0
5	11128	10281	51	-1	224	497601.2216	498833.0259	1	0
5	11128	10282	51	-1	223	497601.2216	498833.0259	1	0
5	11128	10283	51	-1	222	497601.2216	498833.0259	1	0
5	11128	10284	51	-1	221	497601.2216	498833.0259	1	0
5	11128	10285	51	-1	220	497601.2216	498833.0259	1	0
5	11128	10286	51	-1	219	497601.2216	498833.0259	1	0
5	11128	10287	51	-1	218	497601.2216	498833.0259	1	0
5	11128	10288	51	-1	217	497601.2216	498833.0259	1	0
5	11128	10289	51	-1	216	497601.2216	498833.0259	1	0
5	11128	10290	51	-1	215	497601.2216	498833.0259	1	0
5	11128	10291	51	-1	214	497601.2216	498833.0259	1	0
5	11128	10292	51	-1	213	497601.2216	498833.0259	1	0
5	11128	10293	51	-1	208	497601.2216	498833.0259	1	0
5	11128	10294	51	-1	207	497601.2216	498833.0259	1	0
5	11128	10295	51	-1	206	497601.2216	498833.0259	1	0
5	11128	10296	51	-1	205	498820.8394	500052.6437	1	0
5	11128	10297	51	-1	199	498820.6518	500052.4561	1	0
5	11128	10298	51	-1	197	498821.0366	500052.841	1	0
5	11128	10299	51	-1	195	498820.5912	500052.3955	1	0
5	11128	10300	51	-1	193	498820.7758	500052.5801	1	0
5	11128	10301	51	-1	191	498820.415	500052.2193	1	0
5	11128	10302	51	-1	189	498819.9301	500051.7344	1	0
5	11128	10303	51	-1	187	498820.2465	500052.0508	1	0
5	11128	10304	51	-1	185	498820.4728	500052.2771	1	0
5	11128	10305	51	-1	183	498820.1381	500051.9424	1	0
5	11128	10306	51	-1	181	498819.981	500051.7854	1	0
5	11128	10307	51	-1	179	498820.358	500052.1623	1	0
5	11128	10308	51	-1	177	498820.1919	500051.9962	1	0
5	11128	10309	51	-1	175	498820.085	500051.8893	1	0
5	11128	10310	51	-1	173	498820.9698	500052.7741	1	0
5	11128	10311	51	-1	171	498820.904	500052.7083	1	0
5	11128	10312	51	-1	169	498820.3018	500052.1061	1	0
5	11128	10313	51	-1	167	498820.5315	500052.3359	1	0
5	11128	10314	51	-1	165	498820.7133	500052.5176	1	0
5	11128	10315	51	-1	163	498820.0327	500051.837	1	0
5	11128	10316	51	-1	161	499292.337	500524.1413	1	0
5	11128	10317	51	-1	138	499292.5567	500524.361	1	0
5	11128	10318	51	-1	137	499292.4821	500524.2864	1	0
5	11128	10319	51	-1	136	499292.4089	500524.2132	1	0
5	11128	10320	51	-1	73	499292.2664	500524.0708	1	0
5	11128	10321	51	-1	255	497130.1291	497130.1291	0	0
5	11128	10322	51	-1	254	497130.1291	498361.9334	1	0
5	11128	10323	51	-1	253	497130.1291	498361.9334	1	0
5	11128	10324	51	-1	252	497130.1291	498361.9334	1	0
5	11128	10325	51	-1	251	497130.1291	498361.9334	1	0
5	11128	10326	51	-1	250	497130.1291	498361.9334	1	0
5	11128	10327	51	-1	249	497130.1291	498361.9334	1	0
5	11128	10328	51	-1	248	497130.1291	498361.9334	1	0
5	11128	10329	51	-1	247	497130.1291	498361.9334	1	0
5	11128	10330	51	-1	246	497130.1291	498361.9334	1	0
5	11128	10331	51	-1	245	497130.1291	498361.9334	1	0
5	11128	10332	51	-1	244	497130.1291	498361.9334	1	0
5	11128	10333	51	-1	243	497130.1291	498361.9334	1	0
5	11128	10334	51	-1	242	497130.1291	498361.9334	1	0
5	11128	10335	51	-1	241	497130.1291	498361.9334	1	0
5	11128	10336	51	-1	240	497130.1291	498361.9334	1	0
5	11128	10337	51	-1	239	497130.1291	498361.9334	1	0
5	11128	10338	51	-1	238	497130.1291	498361.9334	1	0
5	11128	10339	51	-1	237	497130.1291	498361.9334	1	0
5	11128	10340	51	-1	236	497130.1291	498361.9334	1	0
5	11128	10341	51	-1	235	497130.1291	498361.9334	1	0
5	11128	10342	51	-1	234	497130.1291	498361.9334	1	0
5	11128	10343	51	-1	233	497130.1291	498361.9334	1	0
5	11128	10344	51	-1	232	497130.1291	498361.9334	1	0
5	11128	10345	51	-1	231	497130.1291	498361.9334	1	0
5	11128	10346	51	-1	230	497130.1291	498361.9334	1	0
5	11128	10347	51	-1	229	497130.1291	498361.9334	1	0
5	11128	10348	51	-1	228	497130.1291	498361.9334	1	0
5	11128	10349	51	-1	227	497130.1291	498361.9334	1	0
5	11128	10350	51	-1	226	497130.1291	498361.9334	1	0
5	11128	10351	51	-1	225	497130.1291	498361.9334	1	0
5	11128	10352	51	-1	224	497130.1291	498361.9334	1	0
5	11128	10353	51	-1	223	497130.1291	498361.9334	1	0
5	11128	10354	51	-1	222	497130.1291	498361.9334	1	0
5	11128	10355	51	-1	221	497130.1291	498361.9334	1	0
5	11128	10356	51	-1	220	497130.1291	498361.9334	1	0
5	11128	10357	51	-1	219	497130.1291	498361.9334	1	0
5	11128	10358	51	-1	218	497130.1291	498361.9334	1	0
5	11128	10359	51	-1	217	497130.1291	498361.9334	1	0
5	11128	10360	51	-1	216	497130.1291	498361.9334	1	0
5	11128	10361	51	-1	215	497130.1291	498361.9334	1	0
5	11128	10362	51	-1	214	497130.1291	498361.9334	1	0
5	11128	10363	51	-1	213	497130.1291	498361.9334	1	0
5	11128	10364	51	-1	208	497130.1291	498361.9334	1	0
5	11128	10365	51	-1	207	497130.1291	498361.9334	1	0
5	11128	10366	51	-1	206	497130.1291	498361.9334	1	0
5	11128	10367	51	-1	205	497130.1291	498361.9334	1	0
5	11128	10368	51	-1	200	497130.1291	498361.9334	1	0
5	11128	10369	51	-1	199	497130.1291	498361.9334	1	0
5	11128	10370	51	-1	198	497130.1291	498361.9334	1	0
5	11128	10371	51	-1	197	497130.1291	498361.9334	1	0
5	11128	10372	51	-1	196	497130.1291	498361.9334	1	0
5	11128	10373	51	-1	195	497130.1291	498361.9334	1	0
5	11128	10374	51	-1	194	497130.1291	498361.9334	1	0
5	11128	10375	51	-1	193	497130.1291	498361.9334	1	0
5	11128	10376	51	-1	192	497130.1291	498361.9334	1	0
5	11128	10377	51	-1	191	497130.1291	498361.9334	1	0
5	11128	10378	51	-1	190	497130.1291	498361.9334	1	0
5	11128	10379	51	-1	189	497130.1291	498361.9334	1	0
5	11128	10380	51	-1	188	497130.1291	498361.9334	1	0
5	11128	10381	51	-1	187	497130.1291	498361.9334	1	0
5	11128	10382	51	-1	186	497130.1291	498361.9334	1	0
5	11128	10383	51	-1	185	497130.1291	498361.9334	1	0
5	11128	10384	51	-1	184	497130.1291	498361.9334	1	0
5	11128	10385	51	-1	183	497130.1291	498361.9334	1	0
5	11128	10386	51	-1	182	497130.1291	498361.9334	1	0
5	11128	10387	51	-1	181	497130.1291	498361.9334	1	0
5	11128	10388	51	-1	180	497130.1291	498361.9334	1	0
5	11128	10389	51	-1	179	497130.1291	498361.9334	1	0
5	11128	10390	51	-1	178	497130.1291	498361.9334	1	0
5	11128	10391	51	-1	177	497130.1291	498361.9334	1	0
5	11128	10392	51	-1	176	497130.1291	498361.9334	1	0
5	11128	10393	51	-1	175	497130.1291	498361.9334	1	0
5	11128	10394	51	-1	174	497130.1291	498361.9334	1	0
5	11128	10395	51	-1	173	497130.1291	498361.9334	1	0
5	11128	10396	51	-1	172	497130.1291	498361.9334	1	0
5	11128	10397	51	-1	171	497130.1291	498361.9334	1	0
5	11128	10398	51	-1	170	497130.1291	498361.9334	1	0
5	11128	10399	51	-1	169	497130.1291	498361.9334	1	0
5	11128	10400	51	-1	168	497130.1291	498361.9334	1	0
5	11128	10401	51	-1	167	497130.1291	498361.9334	1	0
5	11128	10402	51	-1	166	497130.1291	498361.9334	1	0
5	11128	10403	51	-1	165	497130.1291	498361.9334	1	0
5	11128	10404	51	-1	164	497130.1291	498361.9334	1	0
5	11128	10405	51	-1	163	497130.1291	498361.9334	1	0
5	11128	10406	51	-1	162	497130.1291	498361.9334	1	0
5	11128	10407	51	-1	161	497601.2216	498833.0259	1	0
5	11128	10408	51	-1	160	497601.2216	498833.0259	1	0
5	11128	10409	51	-1	159	497601.2216	498833.0259	1	0
5	11128	10410	51	-1	158	497601.2216	498833.0259	1	0
5	11128	10411	51	-1	157	497601.2216	498833.0259	1	0
5	11128	10412	51	-1	156	497601.2216	498833.0259	1	0
5	11128	10413	51	-1	139	497601.2216	498833.0259	1	0
5	11128	10414	51	-1	255	496659.0367	496659.0367	0	0
5	11128	10415	51	-1	254	496659.0367	497890.841	1	0
5	11128	10416	51	-1	253	496659.0367	497890.841	1	0
5	11128	10417	51	-1	252	496659.0367	497890.841	1	0
5	11128	10418	51	-1	251	496659.0367	497890.841	1	0
5	11128	10419	51	-1	250	496659.0367	497890.841	1	0
5	11128	10420	51	-1	249	496659.0367	497890.841	1	0
5	11128	10421	51	-1	248	496659.0367	497890.841	1	0
5	11128	10422	51	-1	247	496659.0367	497890.841	1	0
5	11128	10423	51	-1	246	496659.0367	497890.841	1	0
5	11128	10424	51	-1	245	496659.0367	497890.841	1	0
5	11128	10425	51	-1	244	496659.0367	497890.841	1	0
5	11128	10426	51	-1	243	496659.0367	497890.841	1	0
5	11128	10427	51	-1	242	496659.0367	497890.841	1	0
5	11128	10428	51	-1	241	496659.0367	497890.841	1	0
5	11128	10429	51	-1	240	496659.0367	497890.841	1	0
5	11128	10430	51	-1	239	496659.0367	497890.841	1	0
5	11128	10431	51	-1	238	496659.0367	497890.841	1	0
5	11128	10432	51	-1	237	496659.0367	497890.841	1	0
5	11128	10433	51	-1	236	496659.0367	497890.841	1	0
5	11128	10434	51	-1	235	496659.0367	497890.841	1	0
5	11128	10435	51	-1	234	496659.0367	497890.841	1	0
5	11128	10436	51	-1	233	496659.0367	497890.841	1	0
5	11128	10437	51	-1	232	496659.0367	497890.841	1	0
5	11128	10438	51	-1	231	496659.0367	497890.841	1	0
5	11128	10439	51	-1	230	496659.0367	497890.841	1	0
5	11128	10440	51	-1	229	496659.0367	497890.841	1	0
5	11128	10441	51	-1	228	496659.0367	497890.841	1	0
5	11128	10442	51	-1	227	496659.0367	497890.841	1	0
5	11128	10443	51	-1	226	496659.0367	497890.841	1	0
5	11128	10444	51	-1	225	496659.0367	497890.841	1	0
5	11128	10445	51	-1	224	496659.0367	497890.841	1	0
5	11128	10446	51	-1	223	496659.0367	497890.841	1	0
5	11128	10447	51	-1	222	496659.0367	497890.841	1	0
5	11128	10448	51	-1	221	496659.0367	497890.841	1	0
5	11128	10449	51	-1	220	496659.0367	497890.841	1	0
5	11128	10450	51	-1	219	496659.0367	497890.841	1	0
5	11128	10451	51	-1	218	496659.0367	497890.841	1	0
5	11128	10452	51	-1	217	496659.0367	497890.841	1	0
5	11128	10453	51	-1	216	496659.0367	497890.841	1	0
5	11128	10454	51	-1	215	496659.0367	497890.841	1	0
5	11128	10455	51	-1	214	496659.0367	497890.841	1	0
5	11128	10456	51	-1	213	496659.0367	497890.841	1	0
5	11128	10457	51	-1	138	497876.3572	499108.1615	1	0
5	11128	10458	51	-1	137	497876.2872	499108.0915	1	0
5	11128	10459	51	-1	136	497876.322	499108.1264	1	0
5	11128	10460	51	-1	73	497876.3927	499108.197	1	0
5	11128	10461	51	-1	208	496659.0367	497890.841	1	0
5	11128	10462	51	-1	207	496659.0367	497890.841	1	0
5	11128	10463	51	-1	206	496659.0367	497890.841	1	0
5	11128	10464	51	-1	205	496659.0367	497890.841	1	0
5	11128	10465	51	-1	200	496659.0367	497890.841	1	0
5	11128	10466	51	-1	199	496659.0367	497890.841	1	0
5	11128	10467	51	-1	198	496659.0367	497890.841	1	0
5	11128	10468	51	-1	197	496659.0367	497890.841	1	0
5	11128	10469	51	-1	196	496659.0367	497890.841	1	0
5	11128	10470	51	-1	195	496659.0367	497890.841	1	0
5	11128	10471	51	-1	194	496659.0367	497890.841	1	0
5	11128	10472	51	-1	193	496659.0367	497890.841	1	0
5	11128	10473	51	-1	192	496659.0367	497890.841	1	0
5	11128	10474	51	-1	191	496659.0367	497890.841	1	0
5	11128	10475	51	-1	190	496659.0367	497890.841	1	0
5	11128	10476	51	-1	189	496659.0367	497890.841	1	0
5	11128	10477	51	-1	188	496659.0367	497890.841	1	0
5	11128	10478	51	-1	187	496659.0367	497890.841	1	0
5	11128	10479	51	-1	186	496659.0367	497890.841	1	0
5	11128	10480	51	-1	185	496659.0367	497890.841	1	0
5	11128	10481	51	-1	184	496659.0367	497890.841	1	0
5	11128	10482	51	-1	183	496659.0367	497890.841	1	0
5	11128	10483	51	-1	182	496659.0367	497890.841	1	0
5	11128	10484	51	-1	181	496659.0367	497890.841	1	0
5	11128	10485	51	-1	180	496659.0367	497890.841	1	0
5	11128	10486	51	-1	179	496659.0367	497890.841	1	0
5	11128	10487	51	-1	178	496659.0367	497890.841	1	0
5	11128	10488	51	-1	177	496659.0367	497890.841	1	0
5	11128	10489	51	-1	176	496659.0367	497890.841	1	0
5	11128	10490	51	-1	175	496659.0367	497890.841	1	0
5	11128	10491	51	-1	174	496659.0367	497890.841	1	0
5	11128	10492	51	-1	173	496659.0367	497890.841	1	0
5	11128	10493	51	-1	172	496659.0367	497890.841	1	0
5	11128	10494	51	-1	171	496659.0367	497890.841	1	0
5	11128	10495	51	-1	170	496659.0367	497890.841	1	0
5	11128	10496	51	-1	169	496659.0367	497890.841	1	0
5	11128	10497	51	-1	168	496659.0367	497890.841	1	0
5	11128	10498	51	-1	167	496659.0367	497890.841	1	0
5	11128	10499	51	-1	166	496659.0367	497890.841	1	0
5	11128	10500	51	-1	165	496659.0367	497890.841	1	0
5	11128	10501	51	-1	164	496659.0367	497890.841	1	0
5	11128	10502	51	-1	163	496659.0367	497890.841	1	0
5	11128	10503	51	-1	162	496659.0367	497890.841	1	0
5	11128	10504	51	-1	161	497130.1291	498361.9334	1	0
5	11128	10505	51	-1	160	497130.1291	498361.9334	1	0
5	11128	10506	51	-1	159	497130.1291	498361.9334	1	0
5	11128	10507	51	-1	158	497130.1291	498361.9334	1	0
5	11128	10508	51	-1	157	497130.1291	498361.9334	1	0
5	11128	10509	51	-1	156	497130.1291	498361.9334	1	0
5	11128	10510	51	-1	139	497130.1291	498361.9334	1	0
5	11128	10511	51	-1	255	496187.9442	496187.9442	0	0
5	11128	10512	51	-1	254	496187.9442	497419.7485	1	0
5	11128	10513	51	-1	253	496187.9442	497419.7485	1	0
5	11128	10514	51	-1	252	496187.9442	497419.7485	1	0
5	11128	10515	51	-1	251	496187.9442	497419.7485	1	0
5	11128	10516	51	-1	250	496187.9442	497419.7485	1	0
5	11128	10517	51	-1	249	496187.9442	497419.7485	1	0
5	11128	10518	51	-1	248	496187.9442	497419.7485	1	0
5	11128	10519	51	-1	247	496187.9442	497419.7485	1	0
5	11128	10520	51	-1	246	496187.9442	497419.7485	1	0
5	11128	10521	51	-1	245	496187.9442	497419.7485	1	0
5	11128	10522	51	-1	244	496187.9442	497419.7485	1	0
5	11128	10523	51	-1	243	496187.9442	497419.7485	1	0
5	11128	10524	51	-1	242	496187.9442	497419.7485	1	0
5	11128	10525	51	-1	241	496187.9442	497419.7485	1	0
5	11128	10526	51	-1	240	496187.9442	497419.7485	1	0
5	11128	10527	51	-1	239	496187.9442	497419.7485	1	0
5	11128	10528	51	-1	238	496187.9442	497419.7485	1	0
5	11128	10529	51	-1	237	496187.9442	497419.7485	1	0
5	11128	10530	51	-1	236	496187.9442	497419.7485	1	0
5	11128	10531	51	-1	235	496187.9442	497419.7485	1	0
5	11128	10532	51	-1	234	496187.9442	497419.7485	1	0
5	11128	10533	51	-1	233	496187.9442	497419.7485	1	0
5	11128	10534	51	-1	232	496187.9442	497419.7485	1	0
5	11128	10535	51	-1	231	496187.9442	497419.7485	1	0
5	11128	10536	51	-1	230	496187.9442	497419.7485	1	0
5	11128	10537	51	-1	229	496187.9442	497419.7485	1	0
5	11128	10538	51	-1	228	496187.9442	497419.7485	1	0
5	11128	10539	51	-1	227	496187.9442	497419.7485	1	0
5	11128	10540	51	-1	226	496187.9442	497419.7485	1	0
5	11128	10541	51	-1	225	496187.9442	497419.7485	1	0
5	11128	10542	51	-1	224	496187.9442	497419.7485	1	0
5	11128	10543	51	-1	223	496187.9442	497419.7485	1	0
5	11128	10544	51	-1	222	496187.9442	497419.7485	1	0
5	11128	10545	51	-1	221	496187.9442	497419.7485	1	0
5	11128	10546	51	-1	220	496187.9442	497419.7485	1	0
5	11128	10547	51	-1	219	496187.9442	497419.7485	1	0
5	11128	10548	51	-1	218	496187.9442	497419.7485	1	0
5	11128	10549	51	-1	217	496187.9442	497419.7485	1	0
5	11128	10550	51	-1	216	496187.9442	497419.7485	1	0
5	11128	10551	51	-1	215	496187.9442	497419.7485	1	0
5	11128	10552	51	-1	214	496187.9442	497419.7485	1	0
5	11128	10553	51	-1	213	496187.9442	497419.7485	1	0
5	11128	10554	51	-1	212	496187.9442	497419.7485	1	0
5	11128	10555	51	-1	211	496187.9442	497419.7485	1	0
5	11128	10556	51	-1	210	496187.9442	497419.7485	1	0
5	11128	10557	51	-1	209	496187.9442	497419.7485	1	0
5	11128	10558	51	-1	208	496187.9442	497419.7485	1	0
5	11128	10559	51	-1	207	496187.9442	497419.7485	1	0
5	11128	10560	51	-1	206	496187.9442	497419.7485	1	0
5	11128	10561	51	-1	205	496187.9442	497419.7485	1	0
5	11128	10562	51	-1	138	497404.4126	498636.2169	1	0
5	11128	10563	51	-1	137	497404.3564	498636.1607	1	0
5	11128	10564	51	-1	136	497404.3844	498636.1887	1	0
5	11128	10565	51	-1	73	497642.309	498874.1133	1	0
5	11128	10566	51	-1	200	496187.9442	497419.7485	1	0
5	11128	10567	51	-1	199	496187.9442	497419.7485	1	0
5	11128	10568	51	-1	198	496187.9442	497419.7485	1	0
5	11128	10569	51	-1	197	496187.9442	497419.7485	1	0
5	11128	10570	51	-1	196	496187.9442	497419.7485	1	0
5	11128	10571	51	-1	195	496187.9442	497419.7485	1	0
5	11128	10572	51	-1	194	496187.9442	497419.7485	1	0
5	11128	10573	51	-1	193	496187.9442	497419.7485	1	0
5	11128	10574	51	-1	192	496187.9442	497419.7485	1	0
5	11128	10575	51	-1	191	496187.9442	497419.7485	1	0
5	11128	10576	51	-1	190	496187.9442	497419.7485	1	0
5	11128	10577	51	-1	189	496187.9442	497419.7485	1	0
5	11128	10578	51	-1	188	496187.9442	497419.7485	1	0
5	11128	10579	51	-1	187	496187.9442	497419.7485	1	0
5	11128	10580	51	-1	186	496187.9442	497419.7485	1	0
5	11128	10581	51	-1	185	496187.9442	497419.7485	1	0
5	11128	10582	51	-1	184	496187.9442	497419.7485	1	0
5	11128	10583	51	-1	183	496187.9442	497419.7485	1	0
5	11128	10584	51	-1	182	496187.9442	497419.7485	1	0
5	11128	10585	51	-1	181	496187.9442	497419.7485	1	0
5	11128	10586	51	-1	180	496187.9442	497419.7485	1	0
5	11128	10587	51	-1	179	496187.9442	497419.7485	1	0
5	11128	10588	51	-1	178	496187.9442	497419.7485	1	0
5	11128	10589	51	-1	177	496187.9442	497419.7485	1	0
5	11128	10590	51	-1	176	496187.9442	497419.7485	1	0
5	11128	10591	51	-1	175	496187.9442	497419.7485	1	0
5	11128	10592	51	-1	174	496187.9442	497419.7485	1	0
5	11128	10593	51	-1	173	496187.9442	497419.7485	1	0
5	11128	10594	51	-1	172	496187.9442	497419.7485	1	0
5	11128	10595	51	-1	171	496187.9442	497419.7485	1	0
5	11128	10596	51	-1	170	496187.9442	497419.7485	1	0
5	11128	10597	51	-1	169	496187.9442	497419.7485	1	0
5	11128	10598	51	-1	168	496187.9442	497419.7485	1	0
5	11128	10599	51	-1	167	496187.9442	497419.7485	1	0
5	11128	10600	51	-1	166	496187.9442	497419.7485	1	0
5	11128	10601	51	-1	165	496187.9442	497419.7485	1	0
5	11128	10602	51	-1	164	496187.9442	497419.7485	1	0
5	11128	10603	51	-1	163	496187.9442	497419.7485	1	0
5	11128	10604	51	-1	162	496187.9442	497419.7485	1	0
5	11128	10605	51	-1	161	496659.0367	497890.841	1	0
5	11128	10606	51	-1	160	496659.0367	497890.841	1	0
5	11128	10607	51	-1	159	496659.0367	497890.841	1	0
5	11128	10608	51	-1	158	496659.0367	497890.841	1	0
5	11128	10609	51	-1	157	496659.0367	497890.841	1	0
5	11128	10610	51	-1	156	496659.0367	497890.841	1	0
5	11128	10611	51	-1	139	496659.0367	497890.841	1	0
5	11128	10612	51	-1	138	496659.0367	497890.841	1	0
5	11128	10613	51	-1	137	496659.0367	497890.841	1	0
5	11128	10614	51	-1	136	496659.0367	497890.841	1	0
5	11128	10615	51	-1	73	496425.093	497656.8973	1	0
5	11128	10616	52	-1	246	476415.2135	477647.0178	1	0
5	11128	10617	52	-1	245	476415.2135	477647.0178	1	0
5	11128	10618	52	-1	244	476415.2135	477647.0178	1	0
5	11128	10619	52	-1	243	476415.2135	477647.0178	1	0
5	11128	10620	52	-1	242	476415.2135	477647.0178	1	0
5	11128	10621	52	-1	241	476415.2135	477647.0178	1	0
5	11128	10622	52	-1	240	476415.2135	477647.0178	1	0
5	11128	10623	52	-1	239	476415.2135	477647.0178	1	0
5	11128	10624	52	-1	238	476415.2135	477647.0178	1	0
5	11128	10625	52	-1	237	476415.2135	477647.0178	1	0
5	11128	10626	52	-1	236	476415.2135	477647.0178	1	0
5	11128	10627	52	-1	235	476415.2135	477647.0178	1	0
5	11128	10628	52	-1	234	476415.2135	477647.0178	1	0
5	11128	10629	52	-1	233	476415.2135	477647.0178	1	0
5	11128	10630	52	-1	232	476415.2135	477647.0178	1	0
5	11128	10631	52	-1	231	476415.2135	477647.0178	1	0
5	11128	10632	52	-1	230	476415.2135	477647.0178	1	0
5	11128	10633	52	-1	229	476415.2135	477647.0178	1	0
5	11128	10634	52	-1	228	476415.2135	477647.0178	1	0
5	11128	10635	52	-1	227	476415.2135	477647.0178	1	0
5	11128	10636	52	-1	226	476415.2135	477647.0178	1	0
5	11128	10637	52	-1	225	476415.2135	477647.0178	1	0
5	11128	10638	52	-1	224	476415.2135	477647.0178	1	0
5	11128	10639	52	-1	223	476415.2135	477647.0178	1	0
5	11128	10640	52	-1	222	476415.2135	477647.0178	1	0
5	11128	10641	52	-1	221	476415.2135	477647.0178	1	0
5	11128	10642	52	-1	220	476415.2135	477647.0178	1	0
5	11128	10643	52	-1	219	476415.2135	477647.0178	1	0
5	11128	10644	52	-1	218	476415.2135	477647.0178	1	0
5	11128	10645	52	-1	217	476415.2135	477647.0178	1	0
5	11128	10646	52	-1	216	476415.2135	477647.0178	1	0
5	11128	10647	52	-1	215	476415.2135	477647.0178	1	0
5	11128	10648	52	-1	214	476415.2135	477647.0178	1	0
5	11128	10649	52	-1	213	476415.2135	477647.0178	1	0
5	11128	10650	52	-1	212	476415.2135	477647.0178	1	0
5	11128	10651	52	-1	211	476415.2135	477647.0178	1	0
5	11128	10652	52	-1	210	476406.1207	477637.925	1	0
5	11128	10653	52	-1	209	476415.2135	477647.0178	1	0
5	11128	10654	52	-1	208	476415.2135	477647.0178	1	0
5	11128	10655	52	-1	207	476415.2135	477647.0178	1	0
5	11128	10656	52	-1	206	476415.2135	477647.0178	1	0
5	11128	10657	52	-1	205	476415.2135	477647.0178	1	0
5	11128	10658	52	-1	204	476415.2135	477647.0178	1	0
5	11128	10659	52	-1	203	476415.2135	477647.0178	1	0
5	11128	10660	52	-1	202	476415.2135	477647.0178	1	0
5	11128	10661	52	-1	201	476415.2135	477647.0178	1	0
5	11128	10662	52	-1	200	475713.3825	476945.1868	1	0
5	11128	10663	52	-1	199	475713.3825	476945.1868	1	0
5	11128	10664	52	-1	198	475713.3825	476945.1868	1	0
5	11128	10665	52	-1	197	475713.3825	476945.1868	1	0
5	11128	10666	52	-1	196	475713.3825	476945.1868	1	0
5	11128	10667	52	-1	195	475713.3825	476945.1868	1	0
5	11128	10668	52	-1	194	475713.3825	476945.1868	1	0
5	11128	10669	52	-1	193	475713.3825	476945.1868	1	0
5	11128	10670	52	-1	192	475713.3825	476945.1868	1	0
5	11128	10671	52	-1	191	475713.3825	476945.1868	1	0
5	11128	10672	52	-1	190	475713.3825	476945.1868	1	0
5	11128	10673	52	-1	189	475713.3825	476945.1868	1	0
5	11128	10674	52	-1	188	475713.3825	476945.1868	1	0
5	11128	10675	52	-1	187	475713.3825	476945.1868	1	0
5	11128	10676	52	-1	186	475713.3825	476945.1868	1	0
5	11128	10677	52	-1	185	475713.3825	476945.1868	1	0
5	11128	10678	52	-1	184	475713.3825	476945.1868	1	0
5	11128	10679	52	-1	183	475713.3825	476945.1868	1	0
5	11128	10680	52	-1	182	475713.3825	476945.1868	1	0
5	11128	10681	52	-1	181	475713.3825	476945.1868	1	0
5	11128	10682	52	-1	180	475713.3825	476945.1868	1	0
5	11128	10683	52	-1	179	475713.3825	476945.1868	1	0
5	11128	10684	52	-1	178	475713.3825	476945.1868	1	0
5	11128	10685	52	-1	177	475713.3825	476945.1868	1	0
5	11128	10686	52	-1	176	475713.3825	476945.1868	1	0
5	11128	10687	52	-1	175	475713.3825	476945.1868	1	0
5	11128	10688	52	-1	174	475713.3825	476945.1868	1	0
5	11128	10689	52	-1	173	475713.3825	476945.1868	1	0
5	11128	10690	52	-1	172	475713.3825	476945.1868	1	0
5	11128	10691	52	-1	171	475713.3825	476945.1868	1	0
5	11128	10692	52	-1	170	475713.3825	476945.1868	1	0
5	11128	10693	52	-1	169	475713.3825	476945.1868	1	0
5	11128	10694	52	-1	168	475713.3825	476945.1868	1	0
5	11128	10695	52	-1	167	475713.3825	476945.1868	1	0
5	11128	10696	52	-1	166	475713.3825	476945.1868	1	0
5	11128	10697	52	-1	165	475713.3825	476945.1868	1	0
5	11128	10698	52	-1	164	475713.3825	476945.1868	1	0
5	11128	10699	52	-1	163	475713.3825	476945.1868	1	0
5	11128	10700	52	-1	162	475713.3825	476945.1868	1	0
5	11128	10701	52	-1	161	475713.3825	476945.1868	1	0
5	11128	10702	52	-1	160	475713.3825	476945.1868	1	0
5	11128	10703	52	-1	159	475713.3825	476945.1868	1	0
5	11128	10704	52	-1	158	475713.3825	476945.1868	1	0
5	11128	10705	52	-1	157	475713.3825	476945.1868	1	0
5	11128	10706	52	-1	156	475713.3825	476945.1868	1	0
5	11128	10707	52	-1	139	475713.3825	476945.1868	1	0
5	11128	10708	52	-1	138	475713.3825	476945.1868	1	0
5	11128	10709	52	-1	137	475713.3825	476945.1868	1	0
5	11128	10710	52	-1	136	475713.3825	476945.1868	1	0
5	11128	10711	52	-1	135	475713.3825	476945.1868	1	0
5	11128	10712	52	-1	134	475713.3825	476945.1868	1	0
5	11128	10713	52	-1	133	475713.3825	476945.1868	1	0
5	11128	10714	52	-1	132	475713.3825	476945.1868	1	0
5	11128	10715	52	-1	127	476181.2698	477413.0741	1	0
5	11128	10716	52	-1	126	476181.2698	477413.0741	1	0
5	11128	10717	52	-1	125	476181.2698	477413.0741	1	0
5	11128	10718	52	-1	124	476181.2698	477413.0741	1	0
5	11128	10719	52	-1	123	476181.2698	477413.0741	1	0
5	11128	10720	52	-1	122	476415.2135	477647.0178	1	0
5	11128	10721	52	-1	121	476415.2135	477647.0178	1	0
5	11128	10722	52	-1	120	476415.2135	477647.0178	1	0
5	11128	10723	52	-1	119	476415.2135	477647.0178	1	0
5	11128	10724	52	-1	118	476415.2135	477647.0178	1	0
5	11128	10725	52	-1	117	476415.2135	477647.0178	1	0
5	11128	10726	52	-1	116	476415.2135	477647.0178	1	0
5	11128	10727	52	-1	115	476415.2135	477647.0178	1	0
5	11128	10728	52	-1	114	476415.2135	477647.0178	1	0
5	11128	10729	52	-1	113	476415.2135	477647.0178	1	0
5	11128	10730	52	-1	112	476415.2135	477647.0178	1	0
5	11128	10731	52	-1	111	476415.2135	477647.0178	1	0
5	11128	10732	52	-1	110	476415.2135	477647.0178	1	0
5	11128	10733	52	-1	109	476415.2135	477647.0178	1	0
5	11128	10734	52	-1	108	476415.2135	477647.0178	1	0
5	11128	10735	52	-1	107	476415.2135	477647.0178	1	0
5	11128	10736	52	-1	106	476415.2135	477647.0178	1	0
5	11128	10737	52	-1	105	476415.2135	477647.0178	1	0
5	11128	10738	52	-1	104	476415.2135	477647.0178	1	0
5	11128	10739	52	-1	103	476415.2135	477647.0178	1	0
5	11128	10740	52	-1	102	476415.2135	477647.0178	1	0
5	11128	10741	52	-1	101	476415.2135	477647.0178	1	0
5	11128	10742	52	-1	100	476415.2135	477647.0178	1	0
5	11128	10743	52	-1	99	476415.2135	477647.0178	1	0
5	11128	10744	52	-1	98	476415.2135	477647.0178	1	0
5	11128	10745	52	-1	97	476415.2135	477647.0178	1	0
5	11128	10746	52	-1	96	476415.2135	477647.0178	1	0
5	11128	10747	52	-1	95	476415.2135	477647.0178	1	0
5	11128	10748	52	-1	94	476415.2135	477647.0178	1	0
5	11128	10749	52	-1	93	476415.2135	477647.0178	1	0
5	11128	10750	52	-1	92	476415.2135	477647.0178	1	0
5	11128	10751	52	-1	91	476415.2135	477647.0178	1	0
5	11128	10752	52	-1	90	476415.2135	477647.0178	1	0
5	11128	10753	52	-1	89	476415.2135	477647.0178	1	0
5	11128	10754	52	-1	88	476415.2135	477647.0178	1	0
5	11128	10755	52	-1	87	476415.2135	477647.0178	1	0
5	11128	10756	52	-1	86	476415.2135	477647.0178	1	0
5	11128	10757	52	-1	85	476415.2135	477647.0178	1	0
5	11128	10758	52	-1	84	476415.2135	477647.0178	1	0
5	11128	10759	52	-1	83	476415.2135	477647.0178	1	0
5	11128	10760	52	-1	82	476410.6671	477642.4714	1	0
5	11128	10761	52	-1	81	476415.2135	477647.0178	1	0
5	11128	10762	52	-1	80	476415.2135	477647.0178	1	0
5	11128	10763	52	-1	79	476415.2135	477647.0178	1	0
5	11128	10764	52	-1	78	476415.2135	477647.0178	1	0
5	11128	10765	52	-1	77	476415.2135	477647.0178	1	0
5	11128	10766	52	-1	76	476415.2135	477647.0178	1	0
5	11128	10767	52	-1	75	476415.2135	477647.0178	1	0
5	11128	10768	52	-1	74	476415.2135	477647.0178	1	0
5	11128	10769	52	-1	73	476415.2135	477647.0178	1	0
5	11128	10770	52	-1	255	475947.3261	475947.3261	0	0
5	11128	10771	52	-1	254	475947.3261	477179.1304	1	0
5	11128	10772	52	-1	253	475947.3261	477179.1304	1	0
5	11128	10773	52	-1	252	475947.3261	477179.1304	1	0
5	11128	10774	52	-1	251	475947.3261	477179.1304	1	0
5	11128	10775	52	-1	250	475947.3261	477179.1304	1	0
5	11128	10776	52	-1	249	475947.3261	477179.1304	1	0
5	11128	10777	52	-1	248	475947.3261	477179.1304	1	0
5	11128	10778	52	-1	247	475947.3261	477179.1304	1	0
5	11128	10779	52	-1	246	475947.3261	477179.1304	1	0
5	11128	10780	52	-1	245	475947.3261	477179.1304	1	0
5	11128	10781	52	-1	244	475947.3261	477179.1304	1	0
5	11128	10782	52	-1	243	475947.3261	477179.1304	1	0
5	11128	10783	52	-1	242	475947.3261	477179.1304	1	0
5	11128	10784	52	-1	241	475947.3261	477179.1304	1	0
5	11128	10785	52	-1	240	475947.3261	477179.1304	1	0
5	11128	10786	52	-1	239	475947.3261	477179.1304	1	0
5	11128	10787	52	-1	238	475947.3261	477179.1304	1	0
5	11128	10788	52	-1	237	475947.3261	477179.1304	1	0
5	11128	10789	52	-1	236	475947.3261	477179.1304	1	0
5	11128	10790	52	-1	235	475947.3261	477179.1304	1	0
5	11128	10791	52	-1	234	475947.3261	477179.1304	1	0
5	11128	10792	52	-1	233	475947.3261	477179.1304	1	0
5	11128	10793	52	-1	232	475947.3261	477179.1304	1	0
5	11128	10794	52	-1	231	475947.3261	477179.1304	1	0
5	11128	10795	52	-1	230	475947.3261	477179.1304	1	0
5	11128	10796	52	-1	229	475947.3261	477179.1304	1	0
5	11128	10797	52	-1	228	475947.3261	477179.1304	1	0
5	11128	10798	52	-1	227	475947.3261	477179.1304	1	0
5	11128	10799	52	-1	226	475947.3261	477179.1304	1	0
5	11128	10800	52	-1	225	475947.3261	477179.1304	1	0
5	11128	10801	52	-1	224	475947.3261	477179.1304	1	0
5	11128	10802	52	-1	223	475947.3261	477179.1304	1	0
5	11128	10803	52	-1	222	475947.3261	477179.1304	1	0
5	11128	10804	52	-1	221	475947.3261	477179.1304	1	0
5	11128	10805	52	-1	220	475947.3261	477179.1304	1	0
5	11128	10806	52	-1	219	475947.3261	477179.1304	1	0
5	11128	10807	52	-1	218	475947.3261	477179.1304	1	0
5	11128	10808	52	-1	217	475947.3261	477179.1304	1	0
5	11128	10809	52	-1	216	475947.3261	477179.1304	1	0
5	11128	10810	52	-1	215	475947.3261	477179.1304	1	0
5	11128	10811	52	-1	214	475947.3261	477179.1304	1	0
5	11128	10812	52	-1	213	475947.3261	477179.1304	1	0
5	11128	10813	52	-1	212	475947.3261	477179.1304	1	0
5	11128	10814	52	-1	211	475947.3261	477179.1304	1	0
5	11128	10815	52	-1	210	475938.2334	477170.0377	1	0
5	11128	10816	52	-1	209	475947.3261	477179.1304	1	0
5	11128	10817	52	-1	208	475947.3261	477179.1304	1	0
5	11128	10818	52	-1	207	475947.3261	477179.1304	1	0
5	11128	10819	52	-1	206	475947.3261	477179.1304	1	0
5	11128	10820	52	-1	205	475947.3261	477179.1304	1	0
5	11128	10821	52	-1	204	475947.3261	477179.1304	1	0
5	11128	10822	52	-1	203	475947.3261	477179.1304	1	0
5	11128	10823	52	-1	202	475947.3261	477179.1304	1	0
5	11128	10824	52	-1	201	475947.3261	477179.1304	1	0
5	11128	10825	52	-1	200	475479.4388	476711.2431	1	0
5	11128	10826	52	-1	199	475479.4388	476711.2431	1	0
5	11128	10827	52	-1	198	475479.4388	476711.2431	1	0
5	11128	10828	52	-1	197	475479.4388	476711.2431	1	0
5	11128	10829	52	-1	196	475479.4388	476711.2431	1	0
5	11128	10830	52	-1	195	475479.4388	476711.2431	1	0
5	11128	10831	52	-1	194	475479.4388	476711.2431	1	0
5	11128	10832	52	-1	193	475479.4388	476711.2431	1	0
5	11128	10833	52	-1	192	475479.4388	476711.2431	1	0
5	11128	10834	52	-1	191	475479.4388	476711.2431	1	0
5	11128	10835	52	-1	190	475479.4388	476711.2431	1	0
5	11128	10836	52	-1	189	475479.4388	476711.2431	1	0
5	11128	10837	52	-1	188	475479.4388	476711.2431	1	0
5	11128	10838	52	-1	187	475479.4388	476711.2431	1	0
5	11128	10839	52	-1	186	475479.4388	476711.2431	1	0
5	11128	10840	52	-1	185	475479.4388	476711.2431	1	0
5	11128	10841	52	-1	184	475479.4388	476711.2431	1	0
5	11128	10842	52	-1	183	475479.4388	476711.2431	1	0
5	11128	10843	52	-1	182	475479.4388	476711.2431	1	0
5	11128	10844	52	-1	181	475479.4388	476711.2431	1	0
5	11128	10845	52	-1	180	475479.4388	476711.2431	1	0
5	11128	10846	52	-1	179	475479.4388	476711.2431	1	0
5	11128	10847	52	-1	178	475479.4388	476711.2431	1	0
5	11128	10848	52	-1	177	475479.4388	476711.2431	1	0
5	11128	10849	52	-1	176	475479.4388	476711.2431	1	0
5	11128	10850	52	-1	175	475479.4388	476711.2431	1	0
5	11128	10851	52	-1	174	475479.4388	476711.2431	1	0
5	11128	10852	52	-1	173	475479.4388	476711.2431	1	0
5	11128	10853	52	-1	172	475479.4388	476711.2431	1	0
5	11128	10854	52	-1	171	475479.4388	476711.2431	1	0
5	11128	10855	52	-1	170	475479.4388	476711.2431	1	0
5	11128	10856	52	-1	169	475479.4388	476711.2431	1	0
5	11128	10857	52	-1	168	475479.4388	476711.2431	1	0
5	11128	10858	52	-1	167	475479.4388	476711.2431	1	0
5	11128	10859	52	-1	166	475479.4388	476711.2431	1	0
5	11128	10860	52	-1	165	475479.4388	476711.2431	1	0
5	11128	10861	52	-1	164	475479.4388	476711.2431	1	0
5	11128	10862	52	-1	163	475479.4388	476711.2431	1	0
5	11128	10863	52	-1	162	475479.4388	476711.2431	1	0
5	11128	10864	52	-1	161	475479.4388	476711.2431	1	0
5	11128	10865	52	-1	160	475479.4388	476711.2431	1	0
5	11128	10866	52	-1	159	475479.4388	476711.2431	1	0
5	11128	10867	52	-1	158	475479.4388	476711.2431	1	0
5	11128	10868	52	-1	157	475479.4388	476711.2431	1	0
5	11128	10869	52	-1	156	475479.4388	476711.2431	1	0
5	11128	10870	52	-1	155	475479.4388	476711.2431	1	0
5	11128	10871	52	-1	154	475479.4388	476711.2431	1	0
5	11128	10872	52	-1	153	475479.4388	476711.2431	1	0
5	11128	10873	52	-1	152	475479.4388	476711.2431	1	0
5	11128	10874	52	-1	151	475479.4388	476711.2431	1	0
5	11128	10875	52	-1	150	475479.4388	476711.2431	1	0
5	11128	10876	52	-1	149	475479.4388	476711.2431	1	0
5	11128	10877	52	-1	148	475479.4388	476711.2431	1	0
5	11128	10878	52	-1	147	475479.4388	476711.2431	1	0
5	11128	10879	52	-1	146	475479.4388	476711.2431	1	0
5	11128	10880	52	-1	145	475479.4388	476711.2431	1	0
5	11128	10881	52	-1	144	475479.4388	476711.2431	1	0
5	11128	10882	52	-1	143	475479.4388	476711.2431	1	0
5	11128	10883	52	-1	142	475479.4388	476711.2431	1	0
5	11128	10884	52	-1	141	475479.4388	476711.2431	1	0
5	11128	10885	52	-1	140	475479.4388	476711.2431	1	0
5	11128	10886	52	-1	139	475479.4388	476711.2431	1	0
5	11128	10887	52	-1	138	475479.4388	476711.2431	1	0
5	11128	10888	52	-1	137	475479.4388	476711.2431	1	0
5	11128	10889	52	-1	136	475479.4388	476711.2431	1	0
5	11128	10890	52	-1	135	475479.4388	476711.2431	1	0
5	11128	10891	52	-1	134	475479.4388	476711.2431	1	0
5	11128	10892	52	-1	133	475479.4388	476711.2431	1	0
5	11128	10893	52	-1	132	475479.4388	476711.2431	1	0
5	11128	10894	52	-1	127	475947.3261	477179.1304	1	0
5	11128	10895	52	-1	126	475947.3261	477179.1304	1	0
5	11128	10896	52	-1	125	475947.3261	477179.1304	1	0
5	11128	10897	52	-1	124	475947.3261	477179.1304	1	0
5	11128	10898	52	-1	123	475947.3261	477179.1304	1	0
5	11128	10899	52	-1	122	475947.3261	477179.1304	1	0
5	11128	10900	52	-1	121	475947.3261	477179.1304	1	0
5	11128	10901	52	-1	120	475947.3261	477179.1304	1	0
5	11128	10902	52	-1	119	475947.3261	477179.1304	1	0
5	11128	10903	52	-1	118	475947.3261	477179.1304	1	0
5	11128	10904	52	-1	117	475947.3261	477179.1304	1	0
5	11128	10905	52	-1	116	475947.3261	477179.1304	1	0
5	11128	10906	52	-1	115	475947.3261	477179.1304	1	0
5	11128	10907	52	-1	114	475947.3261	477179.1304	1	0
5	11128	10908	52	-1	113	475947.3261	477179.1304	1	0
5	11128	10909	52	-1	112	475947.3261	477179.1304	1	0
5	11128	10910	52	-1	111	475947.3261	477179.1304	1	0
5	11128	10911	52	-1	110	475947.3261	477179.1304	1	0
5	11128	10912	52	-1	109	475947.3261	477179.1304	1	0
5	11128	10913	52	-1	108	475947.3261	477179.1304	1	0
5	11128	10914	52	-1	107	475947.3261	477179.1304	1	0
5	11128	10915	52	-1	106	475947.3261	477179.1304	1	0
5	11128	10916	52	-1	105	475947.3261	477179.1304	1	0
5	11128	10917	52	-1	104	475947.3261	477179.1304	1	0
5	11128	10918	52	-1	103	475947.3261	477179.1304	1	0
5	11128	10919	52	-1	102	475947.3261	477179.1304	1	0
5	11128	10920	52	-1	101	475947.3261	477179.1304	1	0
5	11128	10921	52	-1	100	475947.3261	477179.1304	1	0
5	11128	10922	52	-1	99	475947.3261	477179.1304	1	0
5	11128	10923	52	-1	98	475947.3261	477179.1304	1	0
5	11128	10924	52	-1	97	475947.3261	477179.1304	1	0
5	11128	10925	52	-1	96	475947.3261	477179.1304	1	0
5	11128	10926	52	-1	95	475947.3261	477179.1304	1	0
5	11128	10927	52	-1	94	475947.3261	477179.1304	1	0
5	11128	10928	52	-1	93	475947.3261	477179.1304	1	0
5	11128	10929	52	-1	92	475947.3261	477179.1304	1	0
5	11128	10930	52	-1	91	475947.3261	477179.1304	1	0
5	11128	10931	52	-1	90	475947.3261	477179.1304	1	0
5	11128	10932	52	-1	89	475947.3261	477179.1304	1	0
5	11128	10933	52	-1	88	475947.3261	477179.1304	1	0
5	11128	10934	52	-1	87	475947.3261	477179.1304	1	0
5	11128	10935	52	-1	86	475947.3261	477179.1304	1	0
5	11128	10936	52	-1	85	475947.3261	477179.1304	1	0
5	11128	10937	52	-1	84	475947.3261	477179.1304	1	0
5	11128	10938	52	-1	83	475947.3261	477179.1304	1	0
5	11128	10939	52	-1	82	475947.3261	477179.1304	1	0
5	11128	10940	52	-1	81	475947.3261	477179.1304	1	0
5	11128	10941	52	-1	80	475947.3261	477179.1304	1	0
5	11128	10942	52	-1	79	475947.3261	477179.1304	1	0
5	11128	10943	52	-1	78	475947.3261	477179.1304	1	0
5	11128	10944	52	-1	77	475947.3261	477179.1304	1	0
5	11128	10945	52	-1	76	475947.3261	477179.1304	1	0
5	11128	10946	52	-1	75	475947.3261	477179.1304	1	0
5	11128	10947	52	-1	74	475947.3261	477179.1304	1	0
5	11128	10948	52	-1	73	475947.3261	477179.1304	1	0
5	11128	10949	52	-1	255	475479.4388	475479.4388	0	0
5	11128	10950	52	-1	254	475479.4388	476711.2431	1	0
5	11128	10951	52	-1	253	475479.4388	476711.2431	1	0
5	11128	10952	52	-1	252	475479.4388	476711.2431	1	0
5	11128	10953	52	-1	251	475479.4388	476711.2431	1	0
5	11128	10954	52	-1	250	475479.4388	476711.2431	1	0
5	11128	10955	52	-1	249	475479.4388	476711.2431	1	0
5	11128	10956	52	-1	248	475479.4388	476711.2431	1	0
5	11128	10957	52	-1	247	475479.4388	476711.2431	1	0
5	11128	10958	52	-1	246	475479.4388	476711.2431	1	0
5	11128	10959	52	-1	245	475479.4388	476711.2431	1	0
5	11128	10960	52	-1	244	475479.4388	476711.2431	1	0
5	11128	10961	52	-1	243	475479.4388	476711.2431	1	0
5	11128	10962	52	-1	242	475479.4388	476711.2431	1	0
5	11128	10963	52	-1	241	475479.4388	476711.2431	1	0
5	11128	10964	52	-1	240	475479.4388	476711.2431	1	0
5	11128	10965	52	-1	239	475479.4388	476711.2431	1	0
5	11128	10966	52	-1	238	475479.4388	476711.2431	1	0
5	11128	10967	52	-1	237	475479.4388	476711.2431	1	0
5	11128	10968	52	-1	236	475479.4388	476711.2431	1	0
5	11128	10969	52	-1	235	475479.4388	476711.2431	1	0
5	11128	10970	52	-1	234	475479.4388	476711.2431	1	0
5	11128	10971	52	-1	233	475479.4388	476711.2431	1	0
5	11128	10972	52	-1	232	475479.4388	476711.2431	1	0
5	11128	10973	52	-1	231	475479.4388	476711.2431	1	0
5	11128	10974	52	-1	230	475479.4388	476711.2431	1	0
5	11128	10975	52	-1	229	475479.4388	476711.2431	1	0
5	11128	10976	52	-1	228	475479.4388	476711.2431	1	0
5	11128	10977	52	-1	227	475479.4388	476711.2431	1	0
5	11128	10978	52	-1	226	475479.4388	476711.2431	1	0
5	11128	10979	52	-1	225	475479.4388	476711.2431	1	0
5	11128	10980	52	-1	224	475479.4388	476711.2431	1	0
5	11128	10981	52	-1	223	475479.4388	476711.2431	1	0
5	11128	10982	52	-1	222	475479.4388	476711.2431	1	0
5	11128	10983	52	-1	221	475479.4388	476711.2431	1	0
5	11128	10984	52	-1	220	475479.4388	476711.2431	1	0
5	11128	10985	52	-1	219	475479.4388	476711.2431	1	0
5	11128	10986	52	-1	218	475479.4388	476711.2431	1	0
5	11128	10987	52	-1	217	475479.4388	476711.2431	1	0
5	11128	10988	52	-1	216	475479.4388	476711.2431	1	0
5	11128	10989	52	-1	215	475479.4388	476711.2431	1	0
5	11128	10990	52	-1	214	475479.4388	476711.2431	1	0
5	11128	10991	52	-1	213	475479.4388	476711.2431	1	0
5	11128	10992	52	-1	212	475479.4388	476711.2431	1	0
5	11128	10993	52	-1	211	475479.4388	476711.2431	1	0
5	11128	10994	52	-1	210	475470.346	476702.1503	1	0
5	11128	10995	52	-1	209	475479.4388	476711.2431	1	0
5	11128	10996	52	-1	208	475479.4388	476711.2431	1	0
5	11128	10997	52	-1	207	475479.4388	476711.2431	1	0
5	11128	10998	52	-1	206	475479.4388	476711.2431	1	0
5	11128	10999	52	-1	205	475479.4388	476711.2431	1	0
5	11128	11000	52	-1	204	475479.4388	476711.2431	1	0
5	11128	11001	52	-1	203	475479.4388	476711.2431	1	0
5	11128	11002	52	-1	202	475479.4388	476711.2431	1	0
5	11128	11003	52	-1	201	475479.4388	476711.2431	1	0
5	11128	11004	52	-1	200	475245.4951	476477.2994	1	0
5	11128	11005	52	-1	199	475245.4951	476477.2994	1	0
5	11128	11006	52	-1	198	475245.4951	476477.2994	1	0
5	11128	11007	52	-1	197	475245.4951	476477.2994	1	0
5	11128	11008	52	-1	196	475245.4951	476477.2994	1	0
5	11128	11009	52	-1	195	475245.4951	476477.2994	1	0
5	11128	11010	52	-1	194	475245.4951	476477.2994	1	0
5	11128	11011	52	-1	193	475245.4951	476477.2994	1	0
5	11128	11012	52	-1	192	475245.4951	476477.2994	1	0
5	11128	11013	52	-1	191	475245.4951	476477.2994	1	0
5	11128	11014	52	-1	190	475245.4951	476477.2994	1	0
5	11128	11015	52	-1	189	475245.4951	476477.2994	1	0
5	11128	11016	52	-1	188	475245.4951	476477.2994	1	0
5	11128	11017	52	-1	187	475245.4951	476477.2994	1	0
5	11128	11018	52	-1	186	475245.4951	476477.2994	1	0
5	11128	11019	52	-1	185	475245.4951	476477.2994	1	0
5	11128	11020	52	-1	184	475245.4951	476477.2994	1	0
5	11128	11021	52	-1	183	475245.4951	476477.2994	1	0
5	11128	11022	52	-1	182	475245.4951	476477.2994	1	0
5	11128	11023	52	-1	181	475245.4951	476477.2994	1	0
5	11128	11024	52	-1	180	475245.4951	476477.2994	1	0
5	11128	11025	52	-1	179	475245.4951	476477.2994	1	0
5	11128	11026	52	-1	178	475245.4951	476477.2994	1	0
5	11128	11027	52	-1	177	475245.4951	476477.2994	1	0
5	11128	11028	52	-1	176	475245.4951	476477.2994	1	0
5	11128	11029	52	-1	175	475245.4951	476477.2994	1	0
5	11128	11030	52	-1	174	475245.4951	476477.2994	1	0
5	11128	11031	52	-1	173	475245.4951	476477.2994	1	0
5	11128	11032	52	-1	172	475245.4951	476477.2994	1	0
5	11128	11033	52	-1	171	475245.4951	476477.2994	1	0
5	11128	11034	52	-1	170	475245.4951	476477.2994	1	0
5	11128	11035	52	-1	169	475245.4951	476477.2994	1	0
5	11128	11036	52	-1	168	475245.4951	476477.2994	1	0
5	11128	11037	52	-1	167	475245.4951	476477.2994	1	0
5	11128	11038	52	-1	166	475245.4951	476477.2994	1	0
5	11128	11039	52	-1	165	475245.4951	476477.2994	1	0
5	11128	11040	52	-1	164	475245.4951	476477.2994	1	0
5	11128	11041	52	-1	163	475245.4951	476477.2994	1	0
5	11128	11042	52	-1	162	475245.4951	476477.2994	1	0
5	11128	11043	52	-1	161	475245.4951	476477.2994	1	0
5	11128	11044	52	-1	160	475245.4951	476477.2994	1	0
5	11128	11045	52	-1	159	475245.4951	476477.2994	1	0
5	11128	11046	52	-1	158	475245.4951	476477.2994	1	0
5	11128	11047	52	-1	157	475245.4951	476477.2994	1	0
5	11128	11048	52	-1	156	475245.4951	476477.2994	1	0
5	11128	11049	52	-1	155	475245.4951	476477.2994	1	0
5	11128	11050	52	-1	154	475245.4951	476477.2994	1	0
5	11128	11051	52	-1	153	475245.4951	476477.2994	1	0
5	11128	11052	52	-1	152	475245.4951	476477.2994	1	0
5	11128	11053	52	-1	151	475245.4951	476477.2994	1	0
5	11128	11054	52	-1	150	475245.4951	476477.2994	1	0
5	11128	11055	52	-1	149	475245.4951	476477.2994	1	0
5	11128	11056	52	-1	148	475245.4951	476477.2994	1	0
5	11128	11057	52	-1	147	475245.4951	476477.2994	1	0
5	11128	11058	52	-1	146	475245.4951	476477.2994	1	0
5	11128	11059	52	-1	145	475245.4951	476477.2994	1	0
5	11128	11060	52	-1	144	475245.4951	476477.2994	1	0
5	11128	11061	52	-1	143	475245.4951	476477.2994	1	0
5	11128	11062	52	-1	142	475245.4951	476477.2994	1	0
5	11128	11063	52	-1	141	475245.4951	476477.2994	1	0
5	11128	11064	52	-1	140	475245.4951	476477.2994	1	0
5	11128	11065	52	-1	139	475245.4951	476477.2994	1	0
5	11128	11066	52	-1	138	475245.4951	476477.2994	1	0
5	11128	11067	52	-1	137	475245.4951	476477.2994	1	0
5	11128	11068	52	-1	136	475245.4951	476477.2994	1	0
5	11128	11069	52	-1	135	475245.4951	476477.2994	1	0
5	11128	11070	52	-1	134	475245.4951	476477.2994	1	0
5	11128	11071	52	-1	133	475245.4951	476477.2994	1	0
5	11128	11072	52	-1	132	475245.4951	476477.2994	1	0
5	11128	11073	52	-1	127	475479.4388	476711.2431	1	0
5	11128	11074	52	-1	126	475479.4388	476711.2431	1	0
5	11128	11075	52	-1	125	475479.4388	476711.2431	1	0
5	11128	11076	52	-1	124	475479.4388	476711.2431	1	0
5	11128	11077	52	-1	123	475479.4388	476711.2431	1	0
5	11128	11078	52	-1	122	475479.4388	476711.2431	1	0
5	11128	11079	52	-1	121	475479.4388	476711.2431	1	0
5	11128	11080	52	-1	120	475479.4388	476711.2431	1	0
5	11128	11081	52	-1	119	475479.4388	476711.2431	1	0
5	11128	11082	52	-1	118	475479.4388	476711.2431	1	0
5	11128	11083	52	-1	117	475479.4388	476711.2431	1	0
5	11128	11084	52	-1	116	475479.4388	476711.2431	1	0
5	11128	11085	52	-1	115	475479.4388	476711.2431	1	0
5	11128	11086	52	-1	114	475479.4388	476711.2431	1	0
5	11128	11087	52	-1	113	475479.4388	476711.2431	1	0
5	11128	11088	52	-1	112	475479.4388	476711.2431	1	0
5	11128	11089	52	-1	111	475479.4388	476711.2431	1	0
5	11128	11090	52	-1	110	475479.4388	476711.2431	1	0
5	11128	11091	52	-1	109	475479.4388	476711.2431	1	0
5	11128	11092	52	-1	108	475479.4388	476711.2431	1	0
5	11128	11093	52	-1	107	475479.4388	476711.2431	1	0
5	11128	11094	52	-1	106	475479.4388	476711.2431	1	0
5	11128	11095	52	-1	105	475479.4388	476711.2431	1	0
5	11128	11096	52	-1	104	475479.4388	476711.2431	1	0
5	11128	11097	52	-1	103	475479.4388	476711.2431	1	0
5	11128	11098	52	-1	102	475479.4388	476711.2431	1	0
5	11128	11099	52	-1	101	475479.4388	476711.2431	1	0
5	11128	11100	52	-1	100	475479.4388	476711.2431	1	0
5	11128	11101	52	-1	99	475479.4388	476711.2431	1	0
5	11128	11102	52	-1	98	475479.4388	476711.2431	1	0
5	11128	11103	52	-1	97	475479.4388	476711.2431	1	0
5	11128	11104	52	-1	96	475479.4388	476711.2431	1	0
5	11128	11105	52	-1	95	475479.4388	476711.2431	1	0
5	11128	11106	52	-1	94	475479.4388	476711.2431	1	0
5	11128	11107	52	-1	93	475479.4388	476711.2431	1	0
5	11128	11108	52	-1	92	475479.4388	476711.2431	1	0
5	11128	11109	52	-1	91	475479.4388	476711.2431	1	0
5	11128	11110	52	-1	90	475479.4388	476711.2431	1	0
5	11128	11111	52	-1	89	475479.4388	476711.2431	1	0
5	11128	11112	52	-1	88	475479.4388	476711.2431	1	0
5	11128	11113	52	-1	87	475479.4388	476711.2431	1	0
5	11128	11114	52	-1	86	475479.4388	476711.2431	1	0
5	11128	11115	52	-1	85	475479.4388	476711.2431	1	0
5	11128	11116	52	-1	84	475479.4388	476711.2431	1	0
5	11128	11117	52	-1	83	475479.4388	476711.2431	1	0
5	11128	11118	52	-1	82	475479.4388	476711.2431	1	0
5	11128	11119	52	-1	81	475479.4388	476711.2431	1	0
5	11128	11120	52	-1	80	475479.4388	476711.2431	1	0
5	11128	11121	52	-1	79	475479.4388	476711.2431	1	0
5	11128	11122	52	-1	78	475479.4388	476711.2431	1	0
5	11128	11123	52	-1	77	475479.4388	476711.2431	1	0
5	11128	11124	52	-1	76	475479.4388	476711.2431	1	0
5	11128	11125	52	-1	75	475479.4388	476711.2431	1	0
5	11128	11126	52	-1	74	475479.4388	476711.2431	1	0
5	11128	11127	52	-1	73	475479.4388	476711.2431	1	0
6	9080	9068	46	-1	36	473779.7438	475011.5481	1	0
6	9080	9069	46	0	0	514491.7139	515723.5182	1	1
6	9080	9070	46	-1	35	473779.7438	475011.5481	1	0
6	9080	9071	46	-1	34	473779.7438	475011.5481	1	0
7	11384	9336	49	-1	255	516197.818	516197.818	0	1
7	11384	10104	51	-1	33	496659.0367	497890.841	1	0
7	11384	10105	51	-1	32	496659.0367	497890.841	1	0
7	11384	10106	51	-1	31	496659.0367	497890.841	1	0
7	11384	10107	51	-1	30	496659.0367	497890.841	1	0
7	11384	10108	51	-1	29	496659.0367	497890.841	1	0
7	11384	10109	51	-1	28	496659.0367	497890.841	1	0
7	11384	10110	51	-1	27	496187.9442	497419.7485	1	0
7	11384	10111	51	-1	26	496187.9442	497419.7485	1	0
7	11384	10112	51	-1	25	496187.9442	497419.7485	1	0
7	11384	10113	51	-1	24	496187.9442	497419.7485	1	0
7	11384	10114	51	-1	23	496187.9442	497419.7485	1	0
7	11384	10115	51	-1	22	496187.9442	497419.7485	1	0
7	11384	10116	51	-1	21	496187.9442	497419.7485	1	0
7	11384	10117	51	-1	20	496187.9442	497419.7485	1	0
7	11384	10118	51	-1	19	496187.9442	497419.7485	1	0
7	11384	10119	51	-1	18	496187.9442	497419.7485	1	0
7	11384	10120	51	-1	17	496187.9442	497419.7485	1	0
7	11384	10121	51	-1	16	496187.9442	497419.7485	1	0
7	11384	10122	51	-1	15	496187.9442	497419.7485	1	0
7	11384	10123	51	-1	14	496187.9442	497419.7485	1	0
7	11384	10124	51	-1	13	496187.9442	497419.7485	1	0
7	11384	10125	51	-1	12	496187.9442	497419.7485	1	0
7	11384	10126	51	-1	11	496659.0367	497890.841	1	0
7	11384	10127	51	-1	10	496659.0367	497890.841	1	0
7	11384	10128	51	-1	9	496659.0367	497890.841	1	0
7	11384	10129	51	-1	8	496659.0367	497890.841	1	0
7	11384	10130	51	-1	7	496187.9442	497419.7485	1	0
7	11384	10131	51	-1	6	496187.9442	497419.7485	1	0
7	11384	10132	51	-1	5	496187.9442	497419.7485	1	0
7	11384	10133	51	-1	4	496187.9442	497419.7485	1	0
7	11384	10134	51	-1	3	496187.9442	497419.7485	1	0
7	11384	10135	51	-1	2	496187.9442	497419.7485	1	0
7	11384	10136	51	-1	1	496187.9442	497419.7485	1	0
7	11384	10137	51	-1	0	496187.9442	497419.7485	1	0
7	11384	10138	51	-1	205	501184.011	502415.8153	1	0
7	11384	10139	51	-1	255	500714.0066	500714.0066	0	0
7	11384	10140	51	-1	253	500713.4242	501945.2285	1	0
7	11384	10141	51	-1	205	500712.9185	501944.7228	1	0
7	11384	10142	51	-1	255	499014.499	499014.499	0	0
7	11384	10143	51	-1	254	499014.499	500246.3033	1	0
7	11384	10144	51	-1	253	499014.499	500246.3033	1	0
7	11384	10145	51	-1	252	499014.499	500246.3033	1	0
7	11384	10146	51	-1	251	499014.499	500246.3033	1	0
7	11384	10147	51	-1	250	499014.499	500246.3033	1	0
7	11384	10148	51	-1	249	499014.499	500246.3033	1	0
7	11384	10149	51	-1	248	499014.499	500246.3033	1	0
7	11384	10150	51	-1	247	499014.499	500246.3033	1	0
7	11384	10151	51	-1	246	499014.499	500246.3033	1	0
7	11384	10152	51	-1	245	499014.499	500246.3033	1	0
7	11384	10153	51	-1	244	499014.499	500246.3033	1	0
7	11384	10154	51	-1	243	499014.499	500246.3033	1	0
7	11384	10155	51	-1	242	499014.499	500246.3033	1	0
7	11384	10156	51	-1	241	499014.499	500246.3033	1	0
7	11384	10157	51	-1	240	499014.499	500246.3033	1	0
7	11384	10158	51	-1	239	499014.499	500246.3033	1	0
7	11384	10159	51	-1	238	499014.499	500246.3033	1	0
7	11384	10160	51	-1	237	499014.499	500246.3033	1	0
7	11384	10161	51	-1	236	499014.499	500246.3033	1	0
7	11384	10162	51	-1	235	499014.499	500246.3033	1	0
7	11384	10163	51	-1	234	499014.499	500246.3033	1	0
7	11384	10164	51	-1	233	499014.499	500246.3033	1	0
7	11384	10165	51	-1	232	499014.499	500246.3033	1	0
7	11384	10166	51	-1	231	499014.499	500246.3033	1	0
7	11384	10167	51	-1	255	498543.4065	498543.4065	0	0
7	11384	10168	51	-1	254	498543.4065	499775.2108	1	0
7	11384	10169	51	-1	253	498543.4065	499775.2108	1	0
7	11384	10170	51	-1	252	498543.4065	499775.2108	1	0
7	11384	10171	51	-1	251	498543.4065	499775.2108	1	0
7	11384	10172	51	-1	250	498543.4065	499775.2108	1	0
7	11384	10173	51	-1	249	498543.4065	499775.2108	1	0
7	11384	10174	51	-1	248	498543.4065	499775.2108	1	0
7	11384	10175	51	-1	247	498543.4065	499775.2108	1	0
7	11384	10176	51	-1	246	498543.4065	499775.2108	1	0
7	11384	10177	51	-1	245	498543.4065	499775.2108	1	0
7	11384	10178	51	-1	244	498543.4065	499775.2108	1	0
7	11384	10179	51	-1	243	498543.4065	499775.2108	1	0
7	11384	10180	51	-1	242	498543.4065	499775.2108	1	0
7	11384	10181	51	-1	241	498543.4065	499775.2108	1	0
7	11384	10182	51	-1	240	498543.4065	499775.2108	1	0
7	11384	10183	51	-1	239	498543.4065	499775.2108	1	0
7	11384	10184	51	-1	238	498543.4065	499775.2108	1	0
7	11384	10185	51	-1	237	498543.4065	499775.2108	1	0
7	11384	10186	51	-1	236	498543.4065	499775.2108	1	0
7	11384	10187	51	-1	235	498543.4065	499775.2108	1	0
7	11384	10188	51	-1	234	498543.4065	499775.2108	1	0
7	11384	10189	51	-1	233	498543.4065	499775.2108	1	0
7	11384	10190	51	-1	232	498543.4065	499775.2108	1	0
7	11384	10191	51	-1	231	498543.4065	499775.2108	1	0
7	11384	10192	51	-1	230	498543.4065	499775.2108	1	0
7	11384	10193	51	-1	229	498543.4065	499775.2108	1	0
7	11384	10194	51	-1	228	499765.9518	500997.7561	1	0
7	11384	10195	51	-1	226	499764.8822	500996.6865	1	0
7	11384	10196	51	-1	224	499765.5613	500997.3656	1	0
7	11384	10197	51	-1	222	499765.0955	500996.8998	1	0
7	11384	10198	51	-1	220	499765.6871	500997.4914	1	0
7	11384	10199	51	-1	218	499765.2068	500997.0111	1	0
7	11384	10200	51	-1	205	499765.8172	500997.6215	1	0
7	11384	10201	51	-1	138	499765.3214	500997.1257	1	0
7	11384	10202	51	-1	137	499764.9874	500996.7917	1	0
7	11384	10203	51	-1	136	499765.4395	500997.2438	1	0
7	11384	10204	51	-1	255	498072.314	498072.314	0	0
7	11384	10205	51	-1	254	498072.314	499304.1184	1	0
7	11384	10206	51	-1	253	498072.314	499304.1184	1	0
7	11384	10207	51	-1	252	498072.314	499304.1184	1	0
7	11384	10208	51	-1	251	498072.314	499304.1184	1	0
7	11384	10209	51	-1	250	498072.314	499304.1184	1	0
7	11384	10210	51	-1	249	498072.314	499304.1184	1	0
7	11384	10211	51	-1	248	498072.314	499304.1184	1	0
7	11384	10212	51	-1	247	498072.314	499304.1184	1	0
7	11384	10213	51	-1	246	498072.314	499304.1184	1	0
7	11384	10214	51	-1	245	498072.314	499304.1184	1	0
7	11384	10215	51	-1	244	498072.314	499304.1184	1	0
7	11384	10216	51	-1	243	498072.314	499304.1184	1	0
7	11384	10217	51	-1	242	498072.314	499304.1184	1	0
7	11384	10218	51	-1	241	498072.314	499304.1184	1	0
7	11384	10219	51	-1	240	498072.314	499304.1184	1	0
7	11384	10220	51	-1	239	498072.314	499304.1184	1	0
7	11384	10221	51	-1	238	498072.314	499304.1184	1	0
7	11384	10222	51	-1	237	498072.314	499304.1184	1	0
7	11384	10223	51	-1	236	498072.314	499304.1184	1	0
7	11384	10224	51	-1	235	498072.314	499304.1184	1	0
7	11384	10225	51	-1	234	498072.314	499304.1184	1	0
7	11384	10226	51	-1	233	498072.314	499304.1184	1	0
7	11384	10227	51	-1	232	498072.314	499304.1184	1	0
7	11384	10228	51	-1	231	498072.314	499304.1184	1	0
7	11384	10229	51	-1	230	498072.314	499304.1184	1	0
7	11384	10230	51	-1	229	498072.314	499304.1184	1	0
7	11384	10231	51	-1	228	498072.314	499304.1184	1	0
7	11384	10232	51	-1	227	498072.314	499304.1184	1	0
7	11384	10233	51	-1	226	498072.314	499304.1184	1	0
7	11384	10234	51	-1	225	498072.314	499304.1184	1	0
7	11384	10235	51	-1	224	498072.314	499304.1184	1	0
7	11384	10236	51	-1	223	498072.314	499304.1184	1	0
7	11384	10237	51	-1	222	498072.314	499304.1184	1	0
7	11384	10238	51	-1	221	498072.314	499304.1184	1	0
7	11384	10239	51	-1	220	498072.314	499304.1184	1	0
7	11384	10240	51	-1	219	498072.314	499304.1184	1	0
7	11384	10241	51	-1	218	498072.314	499304.1184	1	0
7	11384	10242	51	-1	217	498072.314	499304.1184	1	0
7	11384	10243	51	-1	216	498072.314	499304.1184	1	0
7	11384	10244	51	-1	215	498072.314	499304.1184	1	0
7	11384	10245	51	-1	214	498072.314	499304.1184	1	0
7	11384	10246	51	-1	213	498072.314	499304.1184	1	0
7	11384	10247	51	-1	208	498072.314	499304.1184	1	0
7	11384	10248	51	-1	207	498072.314	499304.1184	1	0
7	11384	10249	51	-1	206	498072.314	499304.1184	1	0
7	11384	10250	51	-1	255	497601.2216	497601.2216	0	0
7	11384	10251	51	-1	254	497601.2216	498833.0259	1	0
7	11384	10252	51	-1	253	497601.2216	498833.0259	1	0
7	11384	10253	51	-1	252	497601.2216	498833.0259	1	0
7	11384	10254	51	-1	251	497601.2216	498833.0259	1	0
7	11384	10255	51	-1	250	497601.2216	498833.0259	1	0
7	11384	10256	51	-1	249	497601.2216	498833.0259	1	0
7	11384	10257	51	-1	248	497601.2216	498833.0259	1	0
7	11384	10258	51	-1	247	497601.2216	498833.0259	1	0
7	11384	10259	51	-1	246	497601.2216	498833.0259	1	0
7	11384	10260	51	-1	245	497601.2216	498833.0259	1	0
7	11384	10261	51	-1	244	497601.2216	498833.0259	1	0
7	11384	10262	51	-1	243	497601.2216	498833.0259	1	0
7	11384	10263	51	-1	242	497601.2216	498833.0259	1	0
7	11384	10264	51	-1	241	497601.2216	498833.0259	1	0
7	11384	10265	51	-1	240	497601.2216	498833.0259	1	0
7	11384	10266	51	-1	239	497601.2216	498833.0259	1	0
7	11384	10267	51	-1	238	497601.2216	498833.0259	1	0
7	11384	10268	51	-1	237	497601.2216	498833.0259	1	0
7	11384	10269	51	-1	236	497601.2216	498833.0259	1	0
7	11384	10270	51	-1	235	497601.2216	498833.0259	1	0
7	11384	10271	51	-1	234	497601.2216	498833.0259	1	0
7	11384	10272	51	-1	233	497601.2216	498833.0259	1	0
7	11384	10273	51	-1	232	497601.2216	498833.0259	1	0
7	11384	10274	51	-1	231	497601.2216	498833.0259	1	0
7	11384	10275	51	-1	230	497601.2216	498833.0259	1	0
7	11384	10276	51	-1	229	497601.2216	498833.0259	1	0
7	11384	10277	51	-1	228	497601.2216	498833.0259	1	0
7	11384	10278	51	-1	227	497601.2216	498833.0259	1	0
7	11384	10279	51	-1	226	497601.2216	498833.0259	1	0
7	11384	10280	51	-1	225	497601.2216	498833.0259	1	0
7	11384	10281	51	-1	224	497601.2216	498833.0259	1	0
7	11384	10282	51	-1	223	497601.2216	498833.0259	1	0
7	11384	10283	51	-1	222	497601.2216	498833.0259	1	0
7	11384	10284	51	-1	221	497601.2216	498833.0259	1	0
7	11384	10285	51	-1	220	497601.2216	498833.0259	1	0
7	11384	10286	51	-1	219	497601.2216	498833.0259	1	0
7	11384	10287	51	-1	218	497601.2216	498833.0259	1	0
7	11384	10288	51	-1	217	497601.2216	498833.0259	1	0
7	11384	10289	51	-1	216	497601.2216	498833.0259	1	0
7	11384	10290	51	-1	215	497601.2216	498833.0259	1	0
7	11384	10291	51	-1	214	497601.2216	498833.0259	1	0
7	11384	10292	51	-1	213	497601.2216	498833.0259	1	0
7	11384	10293	51	-1	208	497601.2216	498833.0259	1	0
7	11384	10294	51	-1	207	497601.2216	498833.0259	1	0
7	11384	10295	51	-1	206	497601.2216	498833.0259	1	0
7	11384	10296	51	-1	205	498820.8394	500052.6437	1	0
7	11384	10297	51	-1	199	498820.6518	500052.4561	1	0
7	11384	10298	51	-1	197	498821.0366	500052.841	1	0
7	11384	10299	51	-1	195	498820.5912	500052.3955	1	0
7	11384	10300	51	-1	193	498820.7758	500052.5801	1	0
7	11384	10301	51	-1	191	498820.415	500052.2193	1	0
7	11384	10302	51	-1	189	498819.9301	500051.7344	1	0
7	11384	10303	51	-1	187	498820.2465	500052.0508	1	0
7	11384	10304	51	-1	185	498820.4728	500052.2771	1	0
7	11384	10305	51	-1	183	498820.1381	500051.9424	1	0
7	11384	10306	51	-1	181	498819.981	500051.7854	1	0
7	11384	10307	51	-1	179	498820.358	500052.1623	1	0
7	11384	10308	51	-1	177	498820.1919	500051.9962	1	0
7	11384	10309	51	-1	175	498820.085	500051.8893	1	0
7	11384	10310	51	-1	173	498820.9698	500052.7741	1	0
7	11384	10311	51	-1	171	498820.904	500052.7083	1	0
7	11384	10312	51	-1	169	498820.3018	500052.1061	1	0
7	11384	10313	51	-1	167	498820.5315	500052.3359	1	0
7	11384	10314	51	-1	165	498820.7133	500052.5176	1	0
7	11384	10315	51	-1	163	498820.0327	500051.837	1	0
7	11384	10316	51	-1	161	499292.337	500524.1413	1	0
7	11384	10317	51	-1	138	499292.5567	500524.361	1	0
7	11384	10318	51	-1	137	499292.4821	500524.2864	1	0
7	11384	10319	51	-1	136	499292.4089	500524.2132	1	0
7	11384	10320	51	-1	73	499292.2664	500524.0708	1	0
7	11384	10321	51	-1	255	497130.1291	497130.1291	0	0
7	11384	10322	51	-1	254	497130.1291	498361.9334	1	0
7	11384	10323	51	-1	253	497130.1291	498361.9334	1	0
7	11384	10324	51	-1	252	497130.1291	498361.9334	1	0
7	11384	10325	51	-1	251	497130.1291	498361.9334	1	0
7	11384	10326	51	-1	250	497130.1291	498361.9334	1	0
7	11384	10327	51	-1	249	497130.1291	498361.9334	1	0
7	11384	10328	51	-1	248	497130.1291	498361.9334	1	0
7	11384	10329	51	-1	247	497130.1291	498361.9334	1	0
7	11384	10330	51	-1	246	497130.1291	498361.9334	1	0
7	11384	10331	51	-1	245	497130.1291	498361.9334	1	0
7	11384	10332	51	-1	244	497130.1291	498361.9334	1	0
7	11384	10333	51	-1	243	497130.1291	498361.9334	1	0
7	11384	10334	51	-1	242	497130.1291	498361.9334	1	0
7	11384	10335	51	-1	241	497130.1291	498361.9334	1	0
7	11384	10336	51	-1	240	497130.1291	498361.9334	1	0
7	11384	10337	51	-1	239	497130.1291	498361.9334	1	0
7	11384	10338	51	-1	238	497130.1291	498361.9334	1	0
7	11384	10339	51	-1	237	497130.1291	498361.9334	1	0
7	11384	10340	51	-1	236	497130.1291	498361.9334	1	0
7	11384	10341	51	-1	235	497130.1291	498361.9334	1	0
7	11384	10342	51	-1	234	497130.1291	498361.9334	1	0
7	11384	10343	51	-1	233	497130.1291	498361.9334	1	0
7	11384	10344	51	-1	232	497130.1291	498361.9334	1	0
7	11384	10345	51	-1	231	497130.1291	498361.9334	1	0
7	11384	10346	51	-1	230	497130.1291	498361.9334	1	0
7	11384	10347	51	-1	229	497130.1291	498361.9334	1	0
7	11384	10348	51	-1	228	497130.1291	498361.9334	1	0
7	11384	10349	51	-1	227	497130.1291	498361.9334	1	0
7	11384	10350	51	-1	226	497130.1291	498361.9334	1	0
7	11384	10351	51	-1	225	497130.1291	498361.9334	1	0
7	11384	10352	51	-1	224	497130.1291	498361.9334	1	0
7	11384	10353	51	-1	223	497130.1291	498361.9334	1	0
7	11384	10354	51	-1	222	497130.1291	498361.9334	1	0
7	11384	10355	51	-1	221	497130.1291	498361.9334	1	0
7	11384	10356	51	-1	220	497130.1291	498361.9334	1	0
7	11384	10357	51	-1	219	497130.1291	498361.9334	1	0
7	11384	10358	51	-1	218	497130.1291	498361.9334	1	0
7	11384	10359	51	-1	217	497130.1291	498361.9334	1	0
7	11384	10360	51	-1	216	497130.1291	498361.9334	1	0
7	11384	10361	51	-1	215	497130.1291	498361.9334	1	0
7	11384	10362	51	-1	214	497130.1291	498361.9334	1	0
7	11384	10363	51	-1	213	497130.1291	498361.9334	1	0
7	11384	10364	51	-1	208	497130.1291	498361.9334	1	0
7	11384	10365	51	-1	207	497130.1291	498361.9334	1	0
7	11384	10366	51	-1	206	497130.1291	498361.9334	1	0
7	11384	10367	51	-1	205	497130.1291	498361.9334	1	0
7	11384	10368	51	-1	200	497130.1291	498361.9334	1	0
7	11384	10369	51	-1	199	497130.1291	498361.9334	1	0
7	11384	10370	51	-1	198	497130.1291	498361.9334	1	0
7	11384	10371	51	-1	197	497130.1291	498361.9334	1	0
7	11384	10372	51	-1	196	497130.1291	498361.9334	1	0
7	11384	10373	51	-1	195	497130.1291	498361.9334	1	0
7	11384	10374	51	-1	194	497130.1291	498361.9334	1	0
7	11384	10375	51	-1	193	497130.1291	498361.9334	1	0
7	11384	10376	51	-1	192	497130.1291	498361.9334	1	0
7	11384	10377	51	-1	191	497130.1291	498361.9334	1	0
7	11384	10378	51	-1	190	497130.1291	498361.9334	1	0
7	11384	10379	51	-1	189	497130.1291	498361.9334	1	0
7	11384	10380	51	-1	188	497130.1291	498361.9334	1	0
7	11384	10381	51	-1	187	497130.1291	498361.9334	1	0
7	11384	10382	51	-1	186	497130.1291	498361.9334	1	0
7	11384	10383	51	-1	185	497130.1291	498361.9334	1	0
7	11384	10384	51	-1	184	497130.1291	498361.9334	1	0
7	11384	10385	51	-1	183	497130.1291	498361.9334	1	0
7	11384	10386	51	-1	182	497130.1291	498361.9334	1	0
7	11384	10387	51	-1	181	497130.1291	498361.9334	1	0
7	11384	10388	51	-1	180	497130.1291	498361.9334	1	0
7	11384	10389	51	-1	179	497130.1291	498361.9334	1	0
7	11384	10390	51	-1	178	497130.1291	498361.9334	1	0
7	11384	10391	51	-1	177	497130.1291	498361.9334	1	0
7	11384	10392	51	-1	176	497130.1291	498361.9334	1	0
7	11384	10393	51	-1	175	497130.1291	498361.9334	1	0
7	11384	10394	51	-1	174	497130.1291	498361.9334	1	0
7	11384	10395	51	-1	173	497130.1291	498361.9334	1	0
7	11384	10396	51	-1	172	497130.1291	498361.9334	1	0
7	11384	10397	51	-1	171	497130.1291	498361.9334	1	0
7	11384	10398	51	-1	170	497130.1291	498361.9334	1	0
7	11384	10399	51	-1	169	497130.1291	498361.9334	1	0
7	11384	10400	51	-1	168	497130.1291	498361.9334	1	0
7	11384	10401	51	-1	167	497130.1291	498361.9334	1	0
7	11384	10402	51	-1	166	497130.1291	498361.9334	1	0
7	11384	10403	51	-1	165	497130.1291	498361.9334	1	0
7	11384	10404	51	-1	164	497130.1291	498361.9334	1	0
7	11384	10405	51	-1	163	497130.1291	498361.9334	1	0
7	11384	10406	51	-1	162	497130.1291	498361.9334	1	0
7	11384	10407	51	-1	161	497601.2216	498833.0259	1	0
7	11384	10408	51	-1	160	497601.2216	498833.0259	1	0
7	11384	10409	51	-1	159	497601.2216	498833.0259	1	0
7	11384	10410	51	-1	158	497601.2216	498833.0259	1	0
7	11384	10411	51	-1	157	497601.2216	498833.0259	1	0
7	11384	10412	51	-1	156	497601.2216	498833.0259	1	0
7	11384	10413	51	-1	139	497601.2216	498833.0259	1	0
7	11384	10414	51	-1	255	496659.0367	496659.0367	0	0
7	11384	10415	51	-1	254	496659.0367	497890.841	1	0
7	11384	10416	51	-1	253	496659.0367	497890.841	1	0
7	11384	10417	51	-1	252	496659.0367	497890.841	1	0
7	11384	10418	51	-1	251	496659.0367	497890.841	1	0
7	11384	10419	51	-1	250	496659.0367	497890.841	1	0
7	11384	10420	51	-1	249	496659.0367	497890.841	1	0
7	11384	10421	51	-1	248	496659.0367	497890.841	1	0
7	11384	10422	51	-1	247	496659.0367	497890.841	1	0
7	11384	10423	51	-1	246	496659.0367	497890.841	1	0
7	11384	10424	51	-1	245	496659.0367	497890.841	1	0
7	11384	10425	51	-1	244	496659.0367	497890.841	1	0
7	11384	10426	51	-1	243	496659.0367	497890.841	1	0
7	11384	10427	51	-1	242	496659.0367	497890.841	1	0
7	11384	10428	51	-1	241	496659.0367	497890.841	1	0
7	11384	10429	51	-1	240	496659.0367	497890.841	1	0
7	11384	10430	51	-1	239	496659.0367	497890.841	1	0
7	11384	10431	51	-1	238	496659.0367	497890.841	1	0
7	11384	10432	51	-1	237	496659.0367	497890.841	1	0
7	11384	10433	51	-1	236	496659.0367	497890.841	1	0
7	11384	10434	51	-1	235	496659.0367	497890.841	1	0
7	11384	10435	51	-1	234	496659.0367	497890.841	1	0
7	11384	10436	51	-1	233	496659.0367	497890.841	1	0
7	11384	10437	51	-1	232	496659.0367	497890.841	1	0
7	11384	10438	51	-1	231	496659.0367	497890.841	1	0
7	11384	10439	51	-1	230	496659.0367	497890.841	1	0
7	11384	10440	51	-1	229	496659.0367	497890.841	1	0
7	11384	10441	51	-1	228	496659.0367	497890.841	1	0
7	11384	10442	51	-1	227	496659.0367	497890.841	1	0
7	11384	10443	51	-1	226	496659.0367	497890.841	1	0
7	11384	10444	51	-1	225	496659.0367	497890.841	1	0
7	11384	10445	51	-1	224	496659.0367	497890.841	1	0
7	11384	10446	51	-1	223	496659.0367	497890.841	1	0
7	11384	10447	51	-1	222	496659.0367	497890.841	1	0
7	11384	10448	51	-1	221	496659.0367	497890.841	1	0
7	11384	10449	51	-1	220	496659.0367	497890.841	1	0
7	11384	10450	51	-1	219	496659.0367	497890.841	1	0
7	11384	10451	51	-1	218	496659.0367	497890.841	1	0
7	11384	10452	51	-1	217	496659.0367	497890.841	1	0
7	11384	10453	51	-1	216	496659.0367	497890.841	1	0
7	11384	10454	51	-1	215	496659.0367	497890.841	1	0
7	11384	10455	51	-1	214	496659.0367	497890.841	1	0
7	11384	10456	51	-1	213	496659.0367	497890.841	1	0
7	11384	10457	51	-1	138	497876.3572	499108.1615	1	0
7	11384	10458	51	-1	137	497876.2872	499108.0915	1	0
7	11384	10459	51	-1	136	497876.322	499108.1264	1	0
7	11384	10460	51	-1	73	497876.3927	499108.197	1	0
7	11384	10461	51	-1	208	496659.0367	497890.841	1	0
7	11384	10462	51	-1	207	496659.0367	497890.841	1	0
7	11384	10463	51	-1	206	496659.0367	497890.841	1	0
7	11384	10464	51	-1	205	496659.0367	497890.841	1	0
7	11384	10465	51	-1	200	496659.0367	497890.841	1	0
7	11384	10466	51	-1	199	496659.0367	497890.841	1	0
7	11384	10467	51	-1	198	496659.0367	497890.841	1	0
7	11384	10468	51	-1	197	496659.0367	497890.841	1	0
7	11384	10469	51	-1	196	496659.0367	497890.841	1	0
7	11384	10470	51	-1	195	496659.0367	497890.841	1	0
7	11384	10471	51	-1	194	496659.0367	497890.841	1	0
7	11384	10472	51	-1	193	496659.0367	497890.841	1	0
7	11384	10473	51	-1	192	496659.0367	497890.841	1	0
7	11384	10474	51	-1	191	496659.0367	497890.841	1	0
7	11384	10475	51	-1	190	496659.0367	497890.841	1	0
7	11384	10476	51	-1	189	496659.0367	497890.841	1	0
7	11384	10477	51	-1	188	496659.0367	497890.841	1	0
7	11384	10478	51	-1	187	496659.0367	497890.841	1	0
7	11384	10479	51	-1	186	496659.0367	497890.841	1	0
7	11384	10480	51	-1	185	496659.0367	497890.841	1	0
7	11384	10481	51	-1	184	496659.0367	497890.841	1	0
7	11384	10482	51	-1	183	496659.0367	497890.841	1	0
7	11384	10483	51	-1	182	496659.0367	497890.841	1	0
7	11384	10484	51	-1	181	496659.0367	497890.841	1	0
7	11384	10485	51	-1	180	496659.0367	497890.841	1	0
7	11384	10486	51	-1	179	496659.0367	497890.841	1	0
7	11384	10487	51	-1	178	496659.0367	497890.841	1	0
7	11384	10488	51	-1	177	496659.0367	497890.841	1	0
7	11384	10489	51	-1	176	496659.0367	497890.841	1	0
7	11384	10490	51	-1	175	496659.0367	497890.841	1	0
7	11384	10491	51	-1	174	496659.0367	497890.841	1	0
7	11384	10492	51	-1	173	496659.0367	497890.841	1	0
7	11384	10493	51	-1	172	496659.0367	497890.841	1	0
7	11384	10494	51	-1	171	496659.0367	497890.841	1	0
7	11384	10495	51	-1	170	496659.0367	497890.841	1	0
7	11384	10496	51	-1	169	496659.0367	497890.841	1	0
7	11384	10497	51	-1	168	496659.0367	497890.841	1	0
7	11384	10498	51	-1	167	496659.0367	497890.841	1	0
7	11384	10499	51	-1	166	496659.0367	497890.841	1	0
7	11384	10500	51	-1	165	496659.0367	497890.841	1	0
7	11384	10501	51	-1	164	496659.0367	497890.841	1	0
7	11384	10502	51	-1	163	496659.0367	497890.841	1	0
7	11384	10503	51	-1	162	496659.0367	497890.841	1	0
7	11384	10504	51	-1	161	497130.1291	498361.9334	1	0
7	11384	10505	51	-1	160	497130.1291	498361.9334	1	0
7	11384	10506	51	-1	159	497130.1291	498361.9334	1	0
7	11384	10507	51	-1	158	497130.1291	498361.9334	1	0
7	11384	10508	51	-1	157	497130.1291	498361.9334	1	0
7	11384	10509	51	-1	156	497130.1291	498361.9334	1	0
7	11384	10510	51	-1	139	497130.1291	498361.9334	1	0
7	11384	10511	51	-1	255	496187.9442	496187.9442	0	0
7	11384	10512	51	-1	254	496187.9442	497419.7485	1	0
7	11384	10513	51	-1	253	496187.9442	497419.7485	1	0
7	11384	10514	51	-1	252	496187.9442	497419.7485	1	0
7	11384	10515	51	-1	251	496187.9442	497419.7485	1	0
7	11384	10516	51	-1	250	496187.9442	497419.7485	1	0
7	11384	10517	51	-1	249	496187.9442	497419.7485	1	0
7	11384	10518	51	-1	248	496187.9442	497419.7485	1	0
7	11384	10519	51	-1	247	496187.9442	497419.7485	1	0
7	11384	10520	51	-1	246	496187.9442	497419.7485	1	0
7	11384	10521	51	-1	245	496187.9442	497419.7485	1	0
7	11384	10522	51	-1	244	496187.9442	497419.7485	1	0
7	11384	10523	51	-1	243	496187.9442	497419.7485	1	0
7	11384	10524	51	-1	242	496187.9442	497419.7485	1	0
7	11384	10525	51	-1	241	496187.9442	497419.7485	1	0
7	11384	10526	51	-1	240	496187.9442	497419.7485	1	0
7	11384	10527	51	-1	239	496187.9442	497419.7485	1	0
7	11384	10528	51	-1	238	496187.9442	497419.7485	1	0
7	11384	10529	51	-1	237	496187.9442	497419.7485	1	0
7	11384	10530	51	-1	236	496187.9442	497419.7485	1	0
7	11384	10531	51	-1	235	496187.9442	497419.7485	1	0
7	11384	10532	51	-1	234	496187.9442	497419.7485	1	0
7	11384	10533	51	-1	233	496187.9442	497419.7485	1	0
7	11384	10534	51	-1	232	496187.9442	497419.7485	1	0
7	11384	10535	51	-1	231	496187.9442	497419.7485	1	0
7	11384	10536	51	-1	230	496187.9442	497419.7485	1	0
7	11384	10537	51	-1	229	496187.9442	497419.7485	1	0
7	11384	10538	51	-1	228	496187.9442	497419.7485	1	0
7	11384	10539	51	-1	227	496187.9442	497419.7485	1	0
7	11384	10540	51	-1	226	496187.9442	497419.7485	1	0
7	11384	10541	51	-1	225	496187.9442	497419.7485	1	0
7	11384	10542	51	-1	224	496187.9442	497419.7485	1	0
7	11384	10543	51	-1	223	496187.9442	497419.7485	1	0
7	11384	10544	51	-1	222	496187.9442	497419.7485	1	0
7	11384	10545	51	-1	221	496187.9442	497419.7485	1	0
7	11384	10546	51	-1	220	496187.9442	497419.7485	1	0
7	11384	10547	51	-1	219	496187.9442	497419.7485	1	0
7	11384	10548	51	-1	218	496187.9442	497419.7485	1	0
7	11384	10549	51	-1	217	496187.9442	497419.7485	1	0
7	11384	10550	51	-1	216	496187.9442	497419.7485	1	0
7	11384	10551	51	-1	215	496187.9442	497419.7485	1	0
7	11384	10552	51	-1	214	496187.9442	497419.7485	1	0
7	11384	10553	51	-1	213	496187.9442	497419.7485	1	0
7	11384	10554	51	-1	212	496187.9442	497419.7485	1	0
7	11384	10555	51	-1	211	496187.9442	497419.7485	1	0
7	11384	10556	51	-1	210	496187.9442	497419.7485	1	0
7	11384	10557	51	-1	209	496187.9442	497419.7485	1	0
7	11384	10558	51	-1	208	496187.9442	497419.7485	1	0
7	11384	10559	51	-1	207	496187.9442	497419.7485	1	0
7	11384	10560	51	-1	206	496187.9442	497419.7485	1	0
7	11384	10561	51	-1	205	496187.9442	497419.7485	1	0
7	11384	10562	51	-1	138	497404.4126	498636.2169	1	0
7	11384	10563	51	-1	137	497404.3564	498636.1607	1	0
7	11384	10564	51	-1	136	497404.3844	498636.1887	1	0
7	11384	10565	51	-1	73	497642.309	498874.1133	1	0
7	11384	10566	51	-1	200	496187.9442	497419.7485	1	0
7	11384	10567	51	-1	199	496187.9442	497419.7485	1	0
7	11384	10568	51	-1	198	496187.9442	497419.7485	1	0
7	11384	10569	51	-1	197	496187.9442	497419.7485	1	0
7	11384	10570	51	-1	196	496187.9442	497419.7485	1	0
7	11384	10571	51	-1	195	496187.9442	497419.7485	1	0
7	11384	10572	51	-1	194	496187.9442	497419.7485	1	0
7	11384	10573	51	-1	193	496187.9442	497419.7485	1	0
7	11384	10574	51	-1	192	496187.9442	497419.7485	1	0
7	11384	10575	51	-1	191	496187.9442	497419.7485	1	0
7	11384	10576	51	-1	190	496187.9442	497419.7485	1	0
7	11384	10577	51	-1	189	496187.9442	497419.7485	1	0
7	11384	10578	51	-1	188	496187.9442	497419.7485	1	0
7	11384	10579	51	-1	187	496187.9442	497419.7485	1	0
7	11384	10580	51	-1	186	496187.9442	497419.7485	1	0
7	11384	10581	51	-1	185	496187.9442	497419.7485	1	0
7	11384	10582	51	-1	184	496187.9442	497419.7485	1	0
7	11384	10583	51	-1	183	496187.9442	497419.7485	1	0
7	11384	10584	51	-1	182	496187.9442	497419.7485	1	0
7	11384	10585	51	-1	181	496187.9442	497419.7485	1	0
7	11384	10586	51	-1	180	496187.9442	497419.7485	1	0
7	11384	10587	51	-1	179	496187.9442	497419.7485	1	0
7	11384	10588	51	-1	178	496187.9442	497419.7485	1	0
7	11384	10589	51	-1	177	496187.9442	497419.7485	1	0
7	11384	10590	51	-1	176	496187.9442	497419.7485	1	0
7	11384	10591	51	-1	175	496187.9442	497419.7485	1	0
7	11384	10592	51	-1	174	496187.9442	497419.7485	1	0
7	11384	10593	51	-1	173	496187.9442	497419.7485	1	0
7	11384	10594	51	-1	172	496187.9442	497419.7485	1	0
7	11384	10595	51	-1	171	496187.9442	497419.7485	1	0
7	11384	10596	51	-1	170	496187.9442	497419.7485	1	0
7	11384	10597	51	-1	169	496187.9442	497419.7485	1	0
7	11384	10598	51	-1	168	496187.9442	497419.7485	1	0
7	11384	10599	51	-1	167	496187.9442	497419.7485	1	0
7	11384	10600	51	-1	166	496187.9442	497419.7485	1	0
7	11384	10601	51	-1	165	496187.9442	497419.7485	1	0
7	11384	10602	51	-1	164	496187.9442	497419.7485	1	0
7	11384	10603	51	-1	163	496187.9442	497419.7485	1	0
7	11384	10604	51	-1	162	496187.9442	497419.7485	1	0
7	11384	10605	51	-1	161	496659.0367	497890.841	1	0
7	11384	10606	51	-1	160	496659.0367	497890.841	1	0
7	11384	10607	51	-1	159	496659.0367	497890.841	1	0
7	11384	10608	51	-1	158	496659.0367	497890.841	1	0
7	11384	10609	51	-1	157	496659.0367	497890.841	1	0
7	11384	10610	51	-1	156	496659.0367	497890.841	1	0
7	11384	10611	51	-1	139	496659.0367	497890.841	1	0
7	11384	10612	51	-1	138	496659.0367	497890.841	1	0
7	11384	10613	51	-1	137	496659.0367	497890.841	1	0
7	11384	10614	51	-1	136	496659.0367	497890.841	1	0
7	11384	10615	51	-1	73	496425.093	497656.8973	1	0
7	11384	10616	52	-1	246	476415.2135	477647.0178	1	0
7	11384	10617	52	-1	245	476415.2135	477647.0178	1	0
7	11384	10618	52	-1	244	476415.2135	477647.0178	1	0
7	11384	10619	52	-1	243	476415.2135	477647.0178	1	0
7	11384	10620	52	-1	242	476415.2135	477647.0178	1	0
7	11384	10621	52	-1	241	476415.2135	477647.0178	1	0
7	11384	10622	52	-1	240	476415.2135	477647.0178	1	0
7	11384	10623	52	-1	239	476415.2135	477647.0178	1	0
7	11384	10624	52	-1	238	476415.2135	477647.0178	1	0
7	11384	10625	52	-1	237	476415.2135	477647.0178	1	0
7	11384	10626	52	-1	236	476415.2135	477647.0178	1	0
7	11384	10627	52	-1	235	476415.2135	477647.0178	1	0
7	11384	10628	52	-1	234	476415.2135	477647.0178	1	0
7	11384	10629	52	-1	233	476415.2135	477647.0178	1	0
7	11384	10630	52	-1	232	476415.2135	477647.0178	1	0
7	11384	10631	52	-1	231	476415.2135	477647.0178	1	0
7	11384	10632	52	-1	230	476415.2135	477647.0178	1	0
7	11384	10633	52	-1	229	476415.2135	477647.0178	1	0
7	11384	10634	52	-1	228	476415.2135	477647.0178	1	0
7	11384	10635	52	-1	227	476415.2135	477647.0178	1	0
7	11384	10636	52	-1	226	476415.2135	477647.0178	1	0
7	11384	10637	52	-1	225	476415.2135	477647.0178	1	0
7	11384	10638	52	-1	224	476415.2135	477647.0178	1	0
7	11384	10639	52	-1	223	476415.2135	477647.0178	1	0
7	11384	10640	52	-1	222	476415.2135	477647.0178	1	0
7	11384	10641	52	-1	221	476415.2135	477647.0178	1	0
7	11384	10642	52	-1	220	476415.2135	477647.0178	1	0
7	11384	10643	52	-1	219	476415.2135	477647.0178	1	0
7	11384	10644	52	-1	218	476415.2135	477647.0178	1	0
7	11384	10645	52	-1	217	476415.2135	477647.0178	1	0
7	11384	10646	52	-1	216	476415.2135	477647.0178	1	0
7	11384	10647	52	-1	215	476415.2135	477647.0178	1	0
7	11384	10648	52	-1	214	476415.2135	477647.0178	1	0
7	11384	10649	52	-1	213	476415.2135	477647.0178	1	0
7	11384	10650	52	-1	212	476415.2135	477647.0178	1	0
7	11384	10651	52	-1	211	476415.2135	477647.0178	1	0
7	11384	10652	52	-1	210	476406.1207	477637.925	1	0
7	11384	10653	52	-1	209	476415.2135	477647.0178	1	0
7	11384	10654	52	-1	208	476415.2135	477647.0178	1	0
7	11384	10655	52	-1	207	476415.2135	477647.0178	1	0
7	11384	10656	52	-1	206	476415.2135	477647.0178	1	0
7	11384	10657	52	-1	205	476415.2135	477647.0178	1	0
7	11384	10658	52	-1	204	476415.2135	477647.0178	1	0
7	11384	10659	52	-1	203	476415.2135	477647.0178	1	0
7	11384	10660	52	-1	202	476415.2135	477647.0178	1	0
7	11384	10661	52	-1	201	476415.2135	477647.0178	1	0
7	11384	10662	52	-1	200	475713.3825	476945.1868	1	0
7	11384	10663	52	-1	199	475713.3825	476945.1868	1	0
7	11384	10664	52	-1	198	475713.3825	476945.1868	1	0
7	11384	10665	52	-1	197	475713.3825	476945.1868	1	0
7	11384	10666	52	-1	196	475713.3825	476945.1868	1	0
7	11384	10667	52	-1	195	475713.3825	476945.1868	1	0
7	11384	10668	52	-1	194	475713.3825	476945.1868	1	0
7	11384	10669	52	-1	193	475713.3825	476945.1868	1	0
7	11384	10670	52	-1	192	475713.3825	476945.1868	1	0
7	11384	10671	52	-1	191	475713.3825	476945.1868	1	0
7	11384	10672	52	-1	190	475713.3825	476945.1868	1	0
7	11384	10673	52	-1	189	475713.3825	476945.1868	1	0
7	11384	10674	52	-1	188	475713.3825	476945.1868	1	0
7	11384	10675	52	-1	187	475713.3825	476945.1868	1	0
7	11384	10676	52	-1	186	475713.3825	476945.1868	1	0
7	11384	10677	52	-1	185	475713.3825	476945.1868	1	0
7	11384	10678	52	-1	184	475713.3825	476945.1868	1	0
7	11384	10679	52	-1	183	475713.3825	476945.1868	1	0
7	11384	10680	52	-1	182	475713.3825	476945.1868	1	0
7	11384	10681	52	-1	181	475713.3825	476945.1868	1	0
7	11384	10682	52	-1	180	475713.3825	476945.1868	1	0
7	11384	10683	52	-1	179	475713.3825	476945.1868	1	0
7	11384	10684	52	-1	178	475713.3825	476945.1868	1	0
7	11384	10685	52	-1	177	475713.3825	476945.1868	1	0
7	11384	10686	52	-1	176	475713.3825	476945.1868	1	0
7	11384	10687	52	-1	175	475713.3825	476945.1868	1	0
7	11384	10688	52	-1	174	475713.3825	476945.1868	1	0
7	11384	10689	52	-1	173	475713.3825	476945.1868	1	0
7	11384	10690	52	-1	172	475713.3825	476945.1868	1	0
7	11384	10691	52	-1	171	475713.3825	476945.1868	1	0
7	11384	10692	52	-1	170	475713.3825	476945.1868	1	0
7	11384	10693	52	-1	169	475713.3825	476945.1868	1	0
7	11384	10694	52	-1	168	475713.3825	476945.1868	1	0
7	11384	10695	52	-1	167	475713.3825	476945.1868	1	0
7	11384	10696	52	-1	166	475713.3825	476945.1868	1	0
7	11384	10697	52	-1	165	475713.3825	476945.1868	1	0
7	11384	10698	52	-1	164	475713.3825	476945.1868	1	0
7	11384	10699	52	-1	163	475713.3825	476945.1868	1	0
7	11384	10700	52	-1	162	475713.3825	476945.1868	1	0
7	11384	10701	52	-1	161	475713.3825	476945.1868	1	0
7	11384	10702	52	-1	160	475713.3825	476945.1868	1	0
7	11384	10703	52	-1	159	475713.3825	476945.1868	1	0
7	11384	10704	52	-1	158	475713.3825	476945.1868	1	0
7	11384	10705	52	-1	157	475713.3825	476945.1868	1	0
7	11384	10706	52	-1	156	475713.3825	476945.1868	1	0
7	11384	10707	52	-1	139	475713.3825	476945.1868	1	0
7	11384	10708	52	-1	138	475713.3825	476945.1868	1	0
7	11384	10709	52	-1	137	475713.3825	476945.1868	1	0
7	11384	10710	52	-1	136	475713.3825	476945.1868	1	0
7	11384	10711	52	-1	135	475713.3825	476945.1868	1	0
7	11384	10712	52	-1	134	475713.3825	476945.1868	1	0
7	11384	10713	52	-1	133	475713.3825	476945.1868	1	0
7	11384	10714	52	-1	132	475713.3825	476945.1868	1	0
7	11384	10715	52	-1	127	476181.2698	477413.0741	1	0
7	11384	10716	52	-1	126	476181.2698	477413.0741	1	0
7	11384	10717	52	-1	125	476181.2698	477413.0741	1	0
7	11384	10718	52	-1	124	476181.2698	477413.0741	1	0
7	11384	10719	52	-1	123	476181.2698	477413.0741	1	0
7	11384	10720	52	-1	122	476415.2135	477647.0178	1	0
7	11384	10721	52	-1	121	476415.2135	477647.0178	1	0
7	11384	10722	52	-1	120	476415.2135	477647.0178	1	0
7	11384	10723	52	-1	119	476415.2135	477647.0178	1	0
7	11384	10724	52	-1	118	476415.2135	477647.0178	1	0
7	11384	10725	52	-1	117	476415.2135	477647.0178	1	0
7	11384	10726	52	-1	116	476415.2135	477647.0178	1	0
7	11384	10727	52	-1	115	476415.2135	477647.0178	1	0
7	11384	10728	52	-1	114	476415.2135	477647.0178	1	0
7	11384	10729	52	-1	113	476415.2135	477647.0178	1	0
7	11384	10730	52	-1	112	476415.2135	477647.0178	1	0
7	11384	10731	52	-1	111	476415.2135	477647.0178	1	0
7	11384	10732	52	-1	110	476415.2135	477647.0178	1	0
7	11384	10733	52	-1	109	476415.2135	477647.0178	1	0
7	11384	10734	52	-1	108	476415.2135	477647.0178	1	0
7	11384	10735	52	-1	107	476415.2135	477647.0178	1	0
7	11384	10736	52	-1	106	476415.2135	477647.0178	1	0
7	11384	10737	52	-1	105	476415.2135	477647.0178	1	0
7	11384	10738	52	-1	104	476415.2135	477647.0178	1	0
7	11384	10739	52	-1	103	476415.2135	477647.0178	1	0
7	11384	10740	52	-1	102	476415.2135	477647.0178	1	0
7	11384	10741	52	-1	101	476415.2135	477647.0178	1	0
7	11384	10742	52	-1	100	476415.2135	477647.0178	1	0
7	11384	10743	52	-1	99	476415.2135	477647.0178	1	0
7	11384	10744	52	-1	98	476415.2135	477647.0178	1	0
7	11384	10745	52	-1	97	476415.2135	477647.0178	1	0
7	11384	10746	52	-1	96	476415.2135	477647.0178	1	0
7	11384	10747	52	-1	95	476415.2135	477647.0178	1	0
7	11384	10748	52	-1	94	476415.2135	477647.0178	1	0
7	11384	10749	52	-1	93	476415.2135	477647.0178	1	0
7	11384	10750	52	-1	92	476415.2135	477647.0178	1	0
7	11384	10751	52	-1	91	476415.2135	477647.0178	1	0
7	11384	10752	52	-1	90	476415.2135	477647.0178	1	0
7	11384	10753	52	-1	89	476415.2135	477647.0178	1	0
7	11384	10754	52	-1	88	476415.2135	477647.0178	1	0
7	11384	10755	52	-1	87	476415.2135	477647.0178	1	0
7	11384	10756	52	-1	86	476415.2135	477647.0178	1	0
7	11384	10757	52	-1	85	476415.2135	477647.0178	1	0
7	11384	10758	52	-1	84	476415.2135	477647.0178	1	0
7	11384	10759	52	-1	83	476415.2135	477647.0178	1	0
7	11384	10760	52	-1	82	476410.6671	477642.4714	1	0
7	11384	10761	52	-1	81	476415.2135	477647.0178	1	0
7	11384	10762	52	-1	80	476415.2135	477647.0178	1	0
7	11384	10763	52	-1	79	476415.2135	477647.0178	1	0
7	11384	10764	52	-1	78	476415.2135	477647.0178	1	0
7	11384	10765	52	-1	77	476415.2135	477647.0178	1	0
7	11384	10766	52	-1	76	476415.2135	477647.0178	1	0
7	11384	10767	52	-1	75	476415.2135	477647.0178	1	0
7	11384	10768	52	-1	74	476415.2135	477647.0178	1	0
7	11384	10769	52	-1	73	476415.2135	477647.0178	1	0
7	11384	10770	52	-1	255	475947.3261	475947.3261	0	0
7	11384	10771	52	-1	254	475947.3261	477179.1304	1	0
7	11384	10772	52	-1	253	475947.3261	477179.1304	1	0
7	11384	10773	52	-1	252	475947.3261	477179.1304	1	0
7	11384	10774	52	-1	251	475947.3261	477179.1304	1	0
7	11384	10775	52	-1	250	475947.3261	477179.1304	1	0
7	11384	10776	52	-1	249	475947.3261	477179.1304	1	0
7	11384	10777	52	-1	248	475947.3261	477179.1304	1	0
7	11384	10778	52	-1	247	475947.3261	477179.1304	1	0
7	11384	10779	52	-1	246	475947.3261	477179.1304	1	0
7	11384	10780	52	-1	245	475947.3261	477179.1304	1	0
7	11384	10781	52	-1	244	475947.3261	477179.1304	1	0
7	11384	10782	52	-1	243	475947.3261	477179.1304	1	0
7	11384	10783	52	-1	242	475947.3261	477179.1304	1	0
7	11384	10784	52	-1	241	475947.3261	477179.1304	1	0
7	11384	10785	52	-1	240	475947.3261	477179.1304	1	0
7	11384	10786	52	-1	239	475947.3261	477179.1304	1	0
7	11384	10787	52	-1	238	475947.3261	477179.1304	1	0
7	11384	10788	52	-1	237	475947.3261	477179.1304	1	0
7	11384	10789	52	-1	236	475947.3261	477179.1304	1	0
7	11384	10790	52	-1	235	475947.3261	477179.1304	1	0
7	11384	10791	52	-1	234	475947.3261	477179.1304	1	0
7	11384	10792	52	-1	233	475947.3261	477179.1304	1	0
7	11384	10793	52	-1	232	475947.3261	477179.1304	1	0
7	11384	10794	52	-1	231	475947.3261	477179.1304	1	0
7	11384	10795	52	-1	230	475947.3261	477179.1304	1	0
7	11384	10796	52	-1	229	475947.3261	477179.1304	1	0
7	11384	10797	52	-1	228	475947.3261	477179.1304	1	0
7	11384	10798	52	-1	227	475947.3261	477179.1304	1	0
7	11384	10799	52	-1	226	475947.3261	477179.1304	1	0
7	11384	10800	52	-1	225	475947.3261	477179.1304	1	0
7	11384	10801	52	-1	224	475947.3261	477179.1304	1	0
7	11384	10802	52	-1	223	475947.3261	477179.1304	1	0
7	11384	10803	52	-1	222	475947.3261	477179.1304	1	0
7	11384	10804	52	-1	221	475947.3261	477179.1304	1	0
7	11384	10805	52	-1	220	475947.3261	477179.1304	1	0
7	11384	10806	52	-1	219	475947.3261	477179.1304	1	0
7	11384	10807	52	-1	218	475947.3261	477179.1304	1	0
7	11384	10808	52	-1	217	475947.3261	477179.1304	1	0
7	11384	10809	52	-1	216	475947.3261	477179.1304	1	0
7	11384	10810	52	-1	215	475947.3261	477179.1304	1	0
7	11384	10811	52	-1	214	475947.3261	477179.1304	1	0
7	11384	10812	52	-1	213	475947.3261	477179.1304	1	0
7	11384	10813	52	-1	212	475947.3261	477179.1304	1	0
7	11384	10814	52	-1	211	475947.3261	477179.1304	1	0
7	11384	10815	52	-1	210	475938.2334	477170.0377	1	0
7	11384	10816	52	-1	209	475947.3261	477179.1304	1	0
7	11384	10817	52	-1	208	475947.3261	477179.1304	1	0
7	11384	10818	52	-1	207	475947.3261	477179.1304	1	0
7	11384	10819	52	-1	206	475947.3261	477179.1304	1	0
7	11384	10820	52	-1	205	475947.3261	477179.1304	1	0
7	11384	10821	52	-1	204	475947.3261	477179.1304	1	0
7	11384	10822	52	-1	203	475947.3261	477179.1304	1	0
7	11384	10823	52	-1	202	475947.3261	477179.1304	1	0
7	11384	10824	52	-1	201	475947.3261	477179.1304	1	0
7	11384	10825	52	-1	200	475479.4388	476711.2431	1	0
7	11384	10826	52	-1	199	475479.4388	476711.2431	1	0
7	11384	10827	52	-1	198	475479.4388	476711.2431	1	0
7	11384	10828	52	-1	197	475479.4388	476711.2431	1	0
7	11384	10829	52	-1	196	475479.4388	476711.2431	1	0
7	11384	10830	52	-1	195	475479.4388	476711.2431	1	0
7	11384	10831	52	-1	194	475479.4388	476711.2431	1	0
7	11384	10832	52	-1	193	475479.4388	476711.2431	1	0
7	11384	10833	52	-1	192	475479.4388	476711.2431	1	0
7	11384	10834	52	-1	191	475479.4388	476711.2431	1	0
7	11384	10835	52	-1	190	475479.4388	476711.2431	1	0
7	11384	10836	52	-1	189	475479.4388	476711.2431	1	0
7	11384	10837	52	-1	188	475479.4388	476711.2431	1	0
7	11384	10838	52	-1	187	475479.4388	476711.2431	1	0
7	11384	10839	52	-1	186	475479.4388	476711.2431	1	0
7	11384	10840	52	-1	185	475479.4388	476711.2431	1	0
7	11384	10841	52	-1	184	475479.4388	476711.2431	1	0
7	11384	10842	52	-1	183	475479.4388	476711.2431	1	0
7	11384	10843	52	-1	182	475479.4388	476711.2431	1	0
7	11384	10844	52	-1	181	475479.4388	476711.2431	1	0
7	11384	10845	52	-1	180	475479.4388	476711.2431	1	0
7	11384	10846	52	-1	179	475479.4388	476711.2431	1	0
7	11384	10847	52	-1	178	475479.4388	476711.2431	1	0
7	11384	10848	52	-1	177	475479.4388	476711.2431	1	0
7	11384	10849	52	-1	176	475479.4388	476711.2431	1	0
7	11384	10850	52	-1	175	475479.4388	476711.2431	1	0
7	11384	10851	52	-1	174	475479.4388	476711.2431	1	0
7	11384	10852	52	-1	173	475479.4388	476711.2431	1	0
7	11384	10853	52	-1	172	475479.4388	476711.2431	1	0
7	11384	10854	52	-1	171	475479.4388	476711.2431	1	0
7	11384	10855	52	-1	170	475479.4388	476711.2431	1	0
7	11384	10856	52	-1	169	475479.4388	476711.2431	1	0
7	11384	10857	52	-1	168	475479.4388	476711.2431	1	0
7	11384	10858	52	-1	167	475479.4388	476711.2431	1	0
7	11384	10859	52	-1	166	475479.4388	476711.2431	1	0
7	11384	10860	52	-1	165	475479.4388	476711.2431	1	0
7	11384	10861	52	-1	164	475479.4388	476711.2431	1	0
7	11384	10862	52	-1	163	475479.4388	476711.2431	1	0
7	11384	10863	52	-1	162	475479.4388	476711.2431	1	0
7	11384	10864	52	-1	161	475479.4388	476711.2431	1	0
7	11384	10865	52	-1	160	475479.4388	476711.2431	1	0
7	11384	10866	52	-1	159	475479.4388	476711.2431	1	0
7	11384	10867	52	-1	158	475479.4388	476711.2431	1	0
7	11384	10868	52	-1	157	475479.4388	476711.2431	1	0
7	11384	10869	52	-1	156	475479.4388	476711.2431	1	0
7	11384	10870	52	-1	155	475479.4388	476711.2431	1	0
7	11384	10871	52	-1	154	475479.4388	476711.2431	1	0
7	11384	10872	52	-1	153	475479.4388	476711.2431	1	0
7	11384	10873	52	-1	152	475479.4388	476711.2431	1	0
7	11384	10874	52	-1	151	475479.4388	476711.2431	1	0
7	11384	10875	52	-1	150	475479.4388	476711.2431	1	0
7	11384	10876	52	-1	149	475479.4388	476711.2431	1	0
7	11384	10877	52	-1	148	475479.4388	476711.2431	1	0
7	11384	10878	52	-1	147	475479.4388	476711.2431	1	0
7	11384	10879	52	-1	146	475479.4388	476711.2431	1	0
7	11384	10880	52	-1	145	475479.4388	476711.2431	1	0
7	11384	10881	52	-1	144	475479.4388	476711.2431	1	0
7	11384	10882	52	-1	143	475479.4388	476711.2431	1	0
7	11384	10883	52	-1	142	475479.4388	476711.2431	1	0
7	11384	10884	52	-1	141	475479.4388	476711.2431	1	0
7	11384	10885	52	-1	140	475479.4388	476711.2431	1	0
7	11384	10886	52	-1	139	475479.4388	476711.2431	1	0
7	11384	10887	52	-1	138	475479.4388	476711.2431	1	0
7	11384	10888	52	-1	137	475479.4388	476711.2431	1	0
7	11384	10889	52	-1	136	475479.4388	476711.2431	1	0
7	11384	10890	52	-1	135	475479.4388	476711.2431	1	0
7	11384	10891	52	-1	134	475479.4388	476711.2431	1	0
7	11384	10892	52	-1	133	475479.4388	476711.2431	1	0
7	11384	10893	52	-1	132	475479.4388	476711.2431	1	0
7	11384	10894	52	-1	127	475947.3261	477179.1304	1	0
7	11384	10895	52	-1	126	475947.3261	477179.1304	1	0
7	11384	10896	52	-1	125	475947.3261	477179.1304	1	0
7	11384	10897	52	-1	124	475947.3261	477179.1304	1	0
7	11384	10898	52	-1	123	475947.3261	477179.1304	1	0
7	11384	10899	52	-1	122	475947.3261	477179.1304	1	0
7	11384	10900	52	-1	121	475947.3261	477179.1304	1	0
7	11384	10901	52	-1	120	475947.3261	477179.1304	1	0
7	11384	10902	52	-1	119	475947.3261	477179.1304	1	0
7	11384	10903	52	-1	118	475947.3261	477179.1304	1	0
7	11384	10904	52	-1	117	475947.3261	477179.1304	1	0
7	11384	10905	52	-1	116	475947.3261	477179.1304	1	0
7	11384	10906	52	-1	115	475947.3261	477179.1304	1	0
7	11384	10907	52	-1	114	475947.3261	477179.1304	1	0
7	11384	10908	52	-1	113	475947.3261	477179.1304	1	0
7	11384	10909	52	-1	112	475947.3261	477179.1304	1	0
7	11384	10910	52	-1	111	475947.3261	477179.1304	1	0
7	11384	10911	52	-1	110	475947.3261	477179.1304	1	0
7	11384	10912	52	-1	109	475947.3261	477179.1304	1	0
7	11384	10913	52	-1	108	475947.3261	477179.1304	1	0
7	11384	10914	52	-1	107	475947.3261	477179.1304	1	0
7	11384	10915	52	-1	106	475947.3261	477179.1304	1	0
7	11384	10916	52	-1	105	475947.3261	477179.1304	1	0
7	11384	10917	52	-1	104	475947.3261	477179.1304	1	0
7	11384	10918	52	-1	103	475947.3261	477179.1304	1	0
7	11384	10919	52	-1	102	475947.3261	477179.1304	1	0
7	11384	10920	52	-1	101	475947.3261	477179.1304	1	0
7	11384	10921	52	-1	100	475947.3261	477179.1304	1	0
7	11384	10922	52	-1	99	475947.3261	477179.1304	1	0
7	11384	10923	52	-1	98	475947.3261	477179.1304	1	0
7	11384	10924	52	-1	97	475947.3261	477179.1304	1	0
7	11384	10925	52	-1	96	475947.3261	477179.1304	1	0
7	11384	10926	52	-1	95	475947.3261	477179.1304	1	0
7	11384	10927	52	-1	94	475947.3261	477179.1304	1	0
7	11384	10928	52	-1	93	475947.3261	477179.1304	1	0
7	11384	10929	52	-1	92	475947.3261	477179.1304	1	0
7	11384	10930	52	-1	91	475947.3261	477179.1304	1	0
7	11384	10931	52	-1	90	475947.3261	477179.1304	1	0
7	11384	10932	52	-1	89	475947.3261	477179.1304	1	0
7	11384	10933	52	-1	88	475947.3261	477179.1304	1	0
7	11384	10934	52	-1	87	475947.3261	477179.1304	1	0
7	11384	10935	52	-1	86	475947.3261	477179.1304	1	0
7	11384	10936	52	-1	85	475947.3261	477179.1304	1	0
7	11384	10937	52	-1	84	475947.3261	477179.1304	1	0
7	11384	10938	52	-1	83	475947.3261	477179.1304	1	0
7	11384	10939	52	-1	82	475947.3261	477179.1304	1	0
7	11384	10940	52	-1	81	475947.3261	477179.1304	1	0
7	11384	10941	52	-1	80	475947.3261	477179.1304	1	0
7	11384	10942	52	-1	79	475947.3261	477179.1304	1	0
7	11384	10943	52	-1	78	475947.3261	477179.1304	1	0
7	11384	10944	52	-1	77	475947.3261	477179.1304	1	0
7	11384	10945	52	-1	76	475947.3261	477179.1304	1	0
7	11384	10946	52	-1	75	475947.3261	477179.1304	1	0
7	11384	10947	52	-1	74	475947.3261	477179.1304	1	0
7	11384	10948	52	-1	73	475947.3261	477179.1304	1	0
7	11384	10949	52	-1	255	475479.4388	475479.4388	0	0
7	11384	10950	52	-1	254	475479.4388	476711.2431	1	0
7	11384	10951	52	-1	253	475479.4388	476711.2431	1	0
7	11384	10952	52	-1	252	475479.4388	476711.2431	1	0
7	11384	10953	52	-1	251	475479.4388	476711.2431	1	0
7	11384	10954	52	-1	250	475479.4388	476711.2431	1	0
7	11384	10955	52	-1	249	475479.4388	476711.2431	1	0
7	11384	10956	52	-1	248	475479.4388	476711.2431	1	0
7	11384	10957	52	-1	247	475479.4388	476711.2431	1	0
7	11384	10958	52	-1	246	475479.4388	476711.2431	1	0
7	11384	10959	52	-1	245	475479.4388	476711.2431	1	0
7	11384	10960	52	-1	244	475479.4388	476711.2431	1	0
7	11384	10961	52	-1	243	475479.4388	476711.2431	1	0
7	11384	10962	52	-1	242	475479.4388	476711.2431	1	0
7	11384	10963	52	-1	241	475479.4388	476711.2431	1	0
7	11384	10964	52	-1	240	475479.4388	476711.2431	1	0
7	11384	10965	52	-1	239	475479.4388	476711.2431	1	0
7	11384	10966	52	-1	238	475479.4388	476711.2431	1	0
7	11384	10967	52	-1	237	475479.4388	476711.2431	1	0
7	11384	10968	52	-1	236	475479.4388	476711.2431	1	0
7	11384	10969	52	-1	235	475479.4388	476711.2431	1	0
7	11384	10970	52	-1	234	475479.4388	476711.2431	1	0
7	11384	10971	52	-1	233	475479.4388	476711.2431	1	0
7	11384	10972	52	-1	232	475479.4388	476711.2431	1	0
7	11384	10973	52	-1	231	475479.4388	476711.2431	1	0
7	11384	10974	52	-1	230	475479.4388	476711.2431	1	0
7	11384	10975	52	-1	229	475479.4388	476711.2431	1	0
7	11384	10976	52	-1	228	475479.4388	476711.2431	1	0
7	11384	10977	52	-1	227	475479.4388	476711.2431	1	0
7	11384	10978	52	-1	226	475479.4388	476711.2431	1	0
7	11384	10979	52	-1	225	475479.4388	476711.2431	1	0
7	11384	10980	52	-1	224	475479.4388	476711.2431	1	0
7	11384	10981	52	-1	223	475479.4388	476711.2431	1	0
7	11384	10982	52	-1	222	475479.4388	476711.2431	1	0
7	11384	10983	52	-1	221	475479.4388	476711.2431	1	0
7	11384	10984	52	-1	220	475479.4388	476711.2431	1	0
7	11384	10985	52	-1	219	475479.4388	476711.2431	1	0
7	11384	10986	52	-1	218	475479.4388	476711.2431	1	0
7	11384	10987	52	-1	217	475479.4388	476711.2431	1	0
7	11384	10988	52	-1	216	475479.4388	476711.2431	1	0
7	11384	10989	52	-1	215	475479.4388	476711.2431	1	0
7	11384	10990	52	-1	214	475479.4388	476711.2431	1	0
7	11384	10991	52	-1	213	475479.4388	476711.2431	1	0
7	11384	10992	52	-1	212	475479.4388	476711.2431	1	0
7	11384	10993	52	-1	211	475479.4388	476711.2431	1	0
7	11384	10994	52	-1	210	475470.346	476702.1503	1	0
7	11384	10995	52	-1	209	475479.4388	476711.2431	1	0
7	11384	10996	52	-1	208	475479.4388	476711.2431	1	0
7	11384	10997	52	-1	207	475479.4388	476711.2431	1	0
7	11384	10998	52	-1	206	475479.4388	476711.2431	1	0
7	11384	10999	52	-1	205	475479.4388	476711.2431	1	0
7	11384	11000	52	-1	204	475479.4388	476711.2431	1	0
7	11384	11001	52	-1	203	475479.4388	476711.2431	1	0
7	11384	11002	52	-1	202	475479.4388	476711.2431	1	0
7	11384	11003	52	-1	201	475479.4388	476711.2431	1	0
7	11384	11004	52	-1	200	475245.4951	476477.2994	1	0
7	11384	11005	52	-1	199	475245.4951	476477.2994	1	0
7	11384	11006	52	-1	198	475245.4951	476477.2994	1	0
7	11384	11007	52	-1	197	475245.4951	476477.2994	1	0
7	11384	11008	52	-1	196	475245.4951	476477.2994	1	0
7	11384	11009	52	-1	195	475245.4951	476477.2994	1	0
7	11384	11010	52	-1	194	475245.4951	476477.2994	1	0
7	11384	11011	52	-1	193	475245.4951	476477.2994	1	0
7	11384	11012	52	-1	192	475245.4951	476477.2994	1	0
7	11384	11013	52	-1	191	475245.4951	476477.2994	1	0
7	11384	11014	52	-1	190	475245.4951	476477.2994	1	0
7	11384	11015	52	-1	189	475245.4951	476477.2994	1	0
7	11384	11016	52	-1	188	475245.4951	476477.2994	1	0
7	11384	11017	52	-1	187	475245.4951	476477.2994	1	0
7	11384	11018	52	-1	186	475245.4951	476477.2994	1	0
7	11384	11019	52	-1	185	475245.4951	476477.2994	1	0
7	11384	11020	52	-1	184	475245.4951	476477.2994	1	0
7	11384	11021	52	-1	183	475245.4951	476477.2994	1	0
7	11384	11022	52	-1	182	475245.4951	476477.2994	1	0
7	11384	11023	52	-1	181	475245.4951	476477.2994	1	0
7	11384	11024	52	-1	180	475245.4951	476477.2994	1	0
7	11384	11025	52	-1	179	475245.4951	476477.2994	1	0
7	11384	11026	52	-1	178	475245.4951	476477.2994	1	0
7	11384	11027	52	-1	177	475245.4951	476477.2994	1	0
7	11384	11028	52	-1	176	475245.4951	476477.2994	1	0
7	11384	11029	52	-1	175	475245.4951	476477.2994	1	0
7	11384	11030	52	-1	174	475245.4951	476477.2994	1	0
7	11384	11031	52	-1	173	475245.4951	476477.2994	1	0
7	11384	11032	52	-1	172	475245.4951	476477.2994	1	0
7	11384	11033	52	-1	171	475245.4951	476477.2994	1	0
7	11384	11034	52	-1	170	475245.4951	476477.2994	1	0
7	11384	11035	52	-1	169	475245.4951	476477.2994	1	0
7	11384	11036	52	-1	168	475245.4951	476477.2994	1	0
7	11384	11037	52	-1	167	475245.4951	476477.2994	1	0
7	11384	11038	52	-1	166	475245.4951	476477.2994	1	0
7	11384	11039	52	-1	165	475245.4951	476477.2994	1	0
7	11384	11040	52	-1	164	475245.4951	476477.2994	1	0
7	11384	11041	52	-1	163	475245.4951	476477.2994	1	0
7	11384	11042	52	-1	162	475245.4951	476477.2994	1	0
7	11384	11043	52	-1	161	475245.4951	476477.2994	1	0
7	11384	11044	52	-1	160	475245.4951	476477.2994	1	0
7	11384	11045	52	-1	159	475245.4951	476477.2994	1	0
7	11384	11046	52	-1	158	475245.4951	476477.2994	1	0
7	11384	11047	52	-1	157	475245.4951	476477.2994	1	0
7	11384	11048	52	-1	156	475245.4951	476477.2994	1	0
7	11384	11049	52	-1	155	475245.4951	476477.2994	1	0
7	11384	11050	52	-1	154	475245.4951	476477.2994	1	0
7	11384	11051	52	-1	153	475245.4951	476477.2994	1	0
7	11384	11052	52	-1	152	475245.4951	476477.2994	1	0
7	11384	11053	52	-1	151	475245.4951	476477.2994	1	0
7	11384	11054	52	-1	150	475245.4951	476477.2994	1	0
7	11384	11055	52	-1	149	475245.4951	476477.2994	1	0
7	11384	11056	52	-1	148	475245.4951	476477.2994	1	0
7	11384	11057	52	-1	147	475245.4951	476477.2994	1	0
7	11384	11058	52	-1	146	475245.4951	476477.2994	1	0
7	11384	11059	52	-1	145	475245.4951	476477.2994	1	0
7	11384	11060	52	-1	144	475245.4951	476477.2994	1	0
7	11384	11061	52	-1	143	475245.4951	476477.2994	1	0
7	11384	11062	52	-1	142	475245.4951	476477.2994	1	0
7	11384	11063	52	-1	141	475245.4951	476477.2994	1	0
7	11384	11064	52	-1	140	475245.4951	476477.2994	1	0
7	11384	11065	52	-1	139	475245.4951	476477.2994	1	0
7	11384	11066	52	-1	138	475245.4951	476477.2994	1	0
7	11384	11067	52	-1	137	475245.4951	476477.2994	1	0
7	11384	11068	52	-1	136	475245.4951	476477.2994	1	0
7	11384	11069	52	-1	135	475245.4951	476477.2994	1	0
7	11384	11070	52	-1	134	475245.4951	476477.2994	1	0
7	11384	11071	52	-1	133	475245.4951	476477.2994	1	0
7	11384	11072	52	-1	132	475245.4951	476477.2994	1	0
7	11384	11073	52	-1	127	475479.4388	476711.2431	1	0
7	11384	11074	52	-1	126	475479.4388	476711.2431	1	0
7	11384	11075	52	-1	125	475479.4388	476711.2431	1	0
7	11384	11076	52	-1	124	475479.4388	476711.2431	1	0
7	11384	11077	52	-1	123	475479.4388	476711.2431	1	0
7	11384	11078	52	-1	122	475479.4388	476711.2431	1	0
7	11384	11079	52	-1	121	475479.4388	476711.2431	1	0
7	11384	11080	52	-1	120	475479.4388	476711.2431	1	0
7	11384	11081	52	-1	119	475479.4388	476711.2431	1	0
7	11384	11082	52	-1	118	475479.4388	476711.2431	1	0
7	11384	11083	52	-1	117	475479.4388	476711.2431	1	0
7	11384	11084	52	-1	116	475479.4388	476711.2431	1	0
7	11384	11085	52	-1	115	475479.4388	476711.2431	1	0
7	11384	11086	52	-1	114	475479.4388	476711.2431	1	0
7	11384	11087	52	-1	113	475479.4388	476711.2431	1	0
7	11384	11088	52	-1	112	475479.4388	476711.2431	1	0
7	11384	11089	52	-1	111	475479.4388	476711.2431	1	0
7	11384	11090	52	-1	110	475479.4388	476711.2431	1	0
7	11384	11091	52	-1	109	475479.4388	476711.2431	1	0
7	11384	11092	52	-1	108	475479.4388	476711.2431	1	0
7	11384	11093	52	-1	107	475479.4388	476711.2431	1	0
7	11384	11094	52	-1	106	475479.4388	476711.2431	1	0
7	11384	11095	52	-1	105	475479.4388	476711.2431	1	0
7	11384	11096	52	-1	104	475479.4388	476711.2431	1	0
7	11384	11097	52	-1	103	475479.4388	476711.2431	1	0
7	11384	11098	52	-1	102	475479.4388	476711.2431	1	0
7	11384	11099	52	-1	101	475479.4388	476711.2431	1	0
7	11384	11100	52	-1	100	475479.4388	476711.2431	1	0
7	11384	11101	52	-1	99	475479.4388	476711.2431	1	0
7	11384	11102	52	-1	98	475479.4388	476711.2431	1	0
7	11384	11103	52	-1	97	475479.4388	476711.2431	1	0
7	11384	11104	52	-1	96	475479.4388	476711.2431	1	0
7	11384	11105	52	-1	95	475479.4388	476711.2431	1	0
7	11384	11106	52	-1	94	475479.4388	476711.2431	1	0
7	11384	11107	52	-1	93	475479.4388	476711.2431	1	0
7	11384	11108	52	-1	92	475479.4388	476711.2431	1	0
7	11384	11109	52	-1	91	475479.4388	476711.2431	1	0
7	11384	11110	52	-1	90	475479.4388	476711.2431	1	0
7	11384	11111	52	-1	89	475479.4388	476711.2431	1	0
7	11384	11112	52	-1	88	475479.4388	476711.2431	1	0
7	11384	11113	52	-1	87	475479.4388	476711.2431	1	0
7	11384	11114	52	-1	86	475479.4388	476711.2431	1	0
7	11384	11115	52	-1	85	475479.4388	476711.2431	1	0
7	11384	11116	52	-1	84	475479.4388	476711.2431	1	0
7	11384	11117	52	-1	83	475479.4388	476711.2431	1	0
7	11384	11118	52	-1	82	475479.4388	476711.2431	1	0
7	11384	11119	52	-1	81	475479.4388	476711.2431	1	0
7	11384	11120	52	-1	80	475479.4388	476711.2431	1	0
7	11384	11121	52	-1	79	475479.4388	476711.2431	1	0
7	11384	11122	52	-1	78	475479.4388	476711.2431	1	0
7	11384	11123	52	-1	77	475479.4388	476711.2431	1	0
7	11384	11124	52	-1	76	475479.4388	476711.2431	1	0
7	11384	11125	52	-1	75	475479.4388	476711.2431	1	0
7	11384	11126	52	-1	74	475479.4388	476711.2431	1	0
7	11384	11127	52	-1	73	475479.4388	476711.2431	1	0
8	9336	9068	46	-1	36	473779.7438	475011.5481	1	0
8	9336	9069	46	0	0	514491.7139	515723.5182	1	1
8	9336	9070	46	-1	35	473779.7438	475011.5481	1	0
8	9336	9071	46	-1	34	473779.7438	475011.5481	1	0
9	9069	8940	45	-1	228	454242.0451	455475.9741	1	1
9	9069	8941	45	-1	227	454242.0451	455475.9741	1	1
9	9069	8942	45	-1	226	454242.0451	455475.9741	1	1
9	9069	8943	45	-1	225	454242.0451	455475.9741	1	1
9	9069	8944	45	-1	224	454242.0451	455475.9741	1	1
9	9069	8945	45	-1	223	454242.0451	455475.9741	1	1
9	9069	8946	45	-1	222	454242.0451	455475.9741	1	1
9	9069	8947	45	-1	221	454242.0451	455475.9741	1	1
9	9069	8948	45	-1	220	454242.0451	455475.9741	1	1
9	9069	8949	45	-1	219	454242.0451	455475.9741	1	1
9	9069	8950	45	-1	218	454242.0451	455475.9741	1	1
9	9069	8951	45	-1	217	454242.0451	455475.9741	1	1
9	9069	8952	45	-1	216	454242.0451	455475.9741	1	1
9	9069	8953	45	-1	215	454242.0451	455475.9741	1	1
9	9069	8954	45	-1	214	454242.0451	455475.9741	1	1
9	9069	8955	45	-1	213	454242.0451	455475.9741	1	1
9	9069	8956	45	-1	212	454242.0451	455475.9741	1	1
9	9069	8957	45	-1	211	454242.0451	455475.9741	1	1
9	9069	8958	45	-1	210	454242.0451	455475.9741	1	1
9	9069	8959	45	-1	209	454242.0451	455475.9741	1	1
9	9069	8960	45	-1	208	454242.0451	455475.9741	1	1
9	9069	8961	45	-1	207	454242.0451	455475.9741	1	1
9	9069	8962	45	-1	206	454242.0451	455475.9741	1	1
9	9069	8963	45	-1	205	454242.0451	455475.9741	1	1
9	9069	8964	45	-1	200	452657.4116	453891.3406	1	0
9	9069	8965	45	-1	199	452657.4116	453891.3406	1	0
9	9069	8966	45	-1	198	452657.4116	453891.3406	1	0
9	9069	8967	45	-1	197	452657.4116	453891.3406	1	0
9	9069	8968	45	-1	196	452657.4116	453891.3406	1	0
9	9069	8969	45	-1	195	452657.4116	453891.3406	1	0
9	9069	8970	45	-1	194	452657.4116	453891.3406	1	0
9	9069	8971	45	-1	193	452657.4116	453891.3406	1	0
9	9069	8972	45	-1	192	452657.4116	453891.3406	1	0
9	9069	8973	45	-1	191	452657.4116	453891.3406	1	0
9	9069	8974	45	-1	190	452657.4116	453891.3406	1	0
9	9069	8975	45	-1	189	452657.4116	453891.3406	1	0
9	9069	8976	45	-1	188	452657.4116	453891.3406	1	0
9	9069	8977	45	-1	187	452657.4116	453891.3406	1	0
9	9069	8978	45	-1	186	452657.4116	453891.3406	1	0
9	9069	8979	45	-1	185	452657.4116	453891.3406	1	0
9	9069	8980	45	-1	184	452657.4116	453891.3406	1	0
9	9069	8981	45	-1	183	452657.4116	453891.3406	1	0
9	9069	8982	45	-1	182	452657.4116	453891.3406	1	0
9	9069	8983	45	-1	181	452657.4116	453891.3406	1	0
9	9069	8984	45	-1	180	452657.4116	453891.3406	1	0
9	9069	8985	45	-1	179	452657.4116	453891.3406	1	0
9	9069	8986	45	-1	178	452657.4116	453891.3406	1	0
9	9069	8987	45	-1	177	452657.4116	453891.3406	1	0
9	9069	8988	45	-1	176	452657.4116	453891.3406	1	0
9	9069	8989	45	-1	175	452657.4116	453891.3406	1	0
9	9069	8990	45	-1	174	452657.4116	453891.3406	1	0
9	9069	8991	45	-1	173	452657.4116	453891.3406	1	0
9	9069	8992	45	-1	172	452657.4116	453891.3406	1	0
9	9069	8993	45	-1	171	452657.4116	453891.3406	1	0
9	9069	8994	45	-1	170	452657.4116	453891.3406	1	0
9	9069	8995	45	-1	169	452657.4116	453891.3406	1	0
9	9069	8996	45	-1	168	452657.4116	453891.3406	1	0
9	9069	8997	45	-1	167	452657.4116	453891.3406	1	0
9	9069	8998	45	-1	166	452657.4116	453891.3406	1	0
9	9069	8999	45	-1	165	452657.4116	453891.3406	1	0
9	9069	9000	45	-1	164	452657.4116	453891.3406	1	0
9	9069	9001	45	-1	163	452657.4116	453891.3406	1	0
9	9069	9002	45	-1	162	452657.4116	453891.3406	1	0
9	9069	9003	45	-1	161	452657.4116	453891.3406	1	0
9	9069	9004	45	-1	160	452657.4116	453891.3406	1	0
9	9069	9005	45	-1	159	452657.4116	453891.3406	1	0
9	9069	9006	45	-1	158	452657.4116	453891.3406	1	0
9	9069	9007	45	-1	157	452657.4116	453891.3406	1	0
9	9069	9008	45	-1	156	452657.4116	453891.3406	1	0
9	9069	9009	45	-1	139	452657.4116	453891.3406	1	0
9	9069	9010	45	-1	138	452657.4116	453891.3406	1	0
9	9069	9011	45	-1	137	452657.4116	453891.3406	1	0
9	9069	9012	45	-1	136	452657.4116	453891.3406	1	0
9	9069	9013	45	-1	127	452657.4116	453891.3406	1	0
9	9069	9014	45	-1	126	452657.4116	453891.3406	1	0
9	9069	9015	45	-1	125	452657.4116	453891.3406	1	0
9	9069	9016	45	-1	124	452657.4116	453891.3406	1	0
9	9069	9017	45	-1	123	452657.4116	453891.3406	1	0
9	9069	9018	45	-1	122	452657.4116	453891.3406	1	0
9	9069	9019	45	-1	121	452657.4116	453891.3406	1	0
9	9069	9020	45	-1	120	452657.4116	453891.3406	1	0
9	9069	9021	45	-1	119	452657.4116	453891.3406	1	0
9	9069	9022	45	-1	118	452657.4116	453891.3406	1	0
9	9069	9023	45	-1	117	452657.4116	453891.3406	1	0
9	9069	9024	45	-1	116	452657.4116	453891.3406	1	0
9	9069	9025	45	-1	115	452657.4116	453891.3406	1	0
9	9069	9026	45	-1	114	452657.4116	453891.3406	1	0
9	9069	9027	45	-1	113	452657.4116	453891.3406	1	0
9	9069	9028	45	-1	112	452657.4116	453891.3406	1	0
9	9069	9029	45	-1	111	452657.4116	453891.3406	1	0
9	9069	9030	45	-1	110	452657.4116	453891.3406	1	0
9	9069	9031	45	-1	109	452657.4116	453891.3406	1	0
9	9069	9032	45	-1	108	452657.4116	453891.3406	1	0
9	9069	9033	45	-1	107	452657.4116	453891.3406	1	0
9	9069	9034	45	-1	106	452657.4116	453891.3406	1	0
9	9069	9035	45	-1	105	452657.4116	453891.3406	1	0
9	9069	9036	45	-1	104	452657.4116	453891.3406	1	0
9	9069	9037	45	-1	103	452657.4116	453891.3406	1	0
9	9069	9038	45	-1	102	452657.4116	453891.3406	1	0
9	9069	9039	45	-1	101	452657.4116	453891.3406	1	0
9	9069	9040	45	-1	100	454242.0451	455475.9741	1	1
9	9069	9041	45	-1	99	454242.0451	455475.9741	1	1
9	9069	9042	45	-1	98	454242.0451	455475.9741	1	1
9	9069	9043	45	-1	97	454242.0451	455475.9741	1	1
9	9069	9044	45	-1	96	454242.0451	455475.9741	1	1
9	9069	9045	45	-1	95	454242.0451	455475.9741	1	1
9	9069	9046	45	-1	94	454242.0451	455475.9741	1	1
9	9069	9047	45	-1	93	454242.0451	455475.9741	1	1
9	9069	9048	45	-1	92	454242.0451	455475.9741	1	1
9	9069	9049	45	-1	91	454242.0451	455475.9741	1	1
9	9069	9050	45	-1	90	454242.0451	455475.9741	1	1
9	9069	9051	45	-1	89	454242.0451	455475.9741	1	1
9	9069	9052	45	-1	88	454242.0451	455475.9741	1	1
9	9069	9053	45	-1	87	454242.0451	455475.9741	1	1
9	9069	9054	45	-1	86	454242.0451	455475.9741	1	1
9	9069	9055	45	-1	85	454242.0451	455475.9741	1	1
9	9069	9056	45	-1	84	454242.0451	455475.9741	1	1
9	9069	9057	45	-1	83	454242.0451	455475.9741	1	1
9	9069	9058	45	-1	82	454242.0451	455475.9741	1	1
9	9069	9059	45	-1	81	454242.0451	455475.9741	1	1
9	9069	9060	45	-1	80	454242.0451	455475.9741	1	1
9	9069	9061	45	-1	79	454242.0451	455475.9741	1	1
9	9069	9062	45	-1	78	454242.0451	455475.9741	1	1
9	9069	9063	45	-1	77	454242.0451	455475.9741	1	1
9	9069	9064	45	-1	76	452657.4116	453891.3406	1	0
9	9069	9065	45	-1	75	452657.4116	453891.3406	1	0
9	9069	9066	45	-1	74	452657.4116	453891.3406	1	0
9	9069	9067	45	-1	73	452657.4116	453891.3406	1	0
10	10137	9625	50	-1	0	495954.0005	495954.0005	0	1
11	9625	9072	47	-1	250	494485.0395	495716.8438	1	1
11	9625	9073	47	-1	249	494485.0395	495716.8438	1	1
11	9625	9074	47	-1	248	494485.0395	495716.8438	1	1
11	9625	9075	47	-1	247	494485.0395	495716.8438	1	1
12	9072	8940	45	-1	228	454242.0451	455475.9741	1	1
12	9072	8941	45	-1	227	454242.0451	455475.9741	1	1
12	9072	8942	45	-1	226	454242.0451	455475.9741	1	1
12	9072	8943	45	-1	225	454242.0451	455475.9741	1	1
12	9072	8944	45	-1	224	454242.0451	455475.9741	1	1
12	9072	8945	45	-1	223	454242.0451	455475.9741	1	1
12	9072	8946	45	-1	222	454242.0451	455475.9741	1	1
12	9072	8947	45	-1	221	454242.0451	455475.9741	1	1
12	9072	8948	45	-1	220	454242.0451	455475.9741	1	1
12	9072	8949	45	-1	219	454242.0451	455475.9741	1	1
12	9072	8950	45	-1	218	454242.0451	455475.9741	1	1
12	9072	8951	45	-1	217	454242.0451	455475.9741	1	1
12	9072	8952	45	-1	216	454242.0451	455475.9741	1	1
12	9072	8953	45	-1	215	454242.0451	455475.9741	1	1
12	9072	8954	45	-1	214	454242.0451	455475.9741	1	1
12	9072	8955	45	-1	213	454242.0451	455475.9741	1	1
12	9072	8956	45	-1	212	454242.0451	455475.9741	1	1
12	9072	8957	45	-1	211	454242.0451	455475.9741	1	1
12	9072	8958	45	-1	210	454242.0451	455475.9741	1	1
12	9072	8959	45	-1	209	454242.0451	455475.9741	1	1
12	9072	8960	45	-1	208	454242.0451	455475.9741	1	1
12	9072	8961	45	-1	207	454242.0451	455475.9741	1	1
12	9072	8962	45	-1	206	454242.0451	455475.9741	1	1
12	9072	8963	45	-1	205	454242.0451	455475.9741	1	1
12	9072	8964	45	-1	200	452657.4116	453891.3406	1	0
12	9072	8965	45	-1	199	452657.4116	453891.3406	1	0
12	9072	8966	45	-1	198	452657.4116	453891.3406	1	0
12	9072	8967	45	-1	197	452657.4116	453891.3406	1	0
12	9072	8968	45	-1	196	452657.4116	453891.3406	1	0
12	9072	8969	45	-1	195	452657.4116	453891.3406	1	0
12	9072	8970	45	-1	194	452657.4116	453891.3406	1	0
12	9072	8971	45	-1	193	452657.4116	453891.3406	1	0
12	9072	8972	45	-1	192	452657.4116	453891.3406	1	0
12	9072	8973	45	-1	191	452657.4116	453891.3406	1	0
12	9072	8974	45	-1	190	452657.4116	453891.3406	1	0
12	9072	8975	45	-1	189	452657.4116	453891.3406	1	0
12	9072	8976	45	-1	188	452657.4116	453891.3406	1	0
12	9072	8977	45	-1	187	452657.4116	453891.3406	1	0
12	9072	8978	45	-1	186	452657.4116	453891.3406	1	0
12	9072	8979	45	-1	185	452657.4116	453891.3406	1	0
12	9072	8980	45	-1	184	452657.4116	453891.3406	1	0
12	9072	8981	45	-1	183	452657.4116	453891.3406	1	0
12	9072	8982	45	-1	182	452657.4116	453891.3406	1	0
12	9072	8983	45	-1	181	452657.4116	453891.3406	1	0
12	9072	8984	45	-1	180	452657.4116	453891.3406	1	0
12	9072	8985	45	-1	179	452657.4116	453891.3406	1	0
12	9072	8986	45	-1	178	452657.4116	453891.3406	1	0
12	9072	8987	45	-1	177	452657.4116	453891.3406	1	0
12	9072	8988	45	-1	176	452657.4116	453891.3406	1	0
12	9072	8989	45	-1	175	452657.4116	453891.3406	1	0
12	9072	8990	45	-1	174	452657.4116	453891.3406	1	0
12	9072	8991	45	-1	173	452657.4116	453891.3406	1	0
12	9072	8992	45	-1	172	452657.4116	453891.3406	1	0
12	9072	8993	45	-1	171	452657.4116	453891.3406	1	0
12	9072	8994	45	-1	170	452657.4116	453891.3406	1	0
12	9072	8995	45	-1	169	452657.4116	453891.3406	1	0
12	9072	8996	45	-1	168	452657.4116	453891.3406	1	0
12	9072	8997	45	-1	167	452657.4116	453891.3406	1	0
12	9072	8998	45	-1	166	452657.4116	453891.3406	1	0
12	9072	8999	45	-1	165	452657.4116	453891.3406	1	0
12	9072	9000	45	-1	164	452657.4116	453891.3406	1	0
12	9072	9001	45	-1	163	452657.4116	453891.3406	1	0
12	9072	9002	45	-1	162	452657.4116	453891.3406	1	0
12	9072	9003	45	-1	161	452657.4116	453891.3406	1	0
12	9072	9004	45	-1	160	452657.4116	453891.3406	1	0
12	9072	9005	45	-1	159	452657.4116	453891.3406	1	0
12	9072	9006	45	-1	158	452657.4116	453891.3406	1	0
12	9072	9007	45	-1	157	452657.4116	453891.3406	1	0
12	9072	9008	45	-1	156	452657.4116	453891.3406	1	0
12	9072	9009	45	-1	139	452657.4116	453891.3406	1	0
12	9072	9010	45	-1	138	452657.4116	453891.3406	1	0
12	9072	9011	45	-1	137	452657.4116	453891.3406	1	0
12	9072	9012	45	-1	136	452657.4116	453891.3406	1	0
12	9072	9013	45	-1	127	452657.4116	453891.3406	1	0
12	9072	9014	45	-1	126	452657.4116	453891.3406	1	0
12	9072	9015	45	-1	125	452657.4116	453891.3406	1	0
12	9072	9016	45	-1	124	452657.4116	453891.3406	1	0
12	9072	9017	45	-1	123	452657.4116	453891.3406	1	0
12	9072	9018	45	-1	122	452657.4116	453891.3406	1	0
12	9072	9019	45	-1	121	452657.4116	453891.3406	1	0
12	9072	9020	45	-1	120	452657.4116	453891.3406	1	0
12	9072	9021	45	-1	119	452657.4116	453891.3406	1	0
12	9072	9022	45	-1	118	452657.4116	453891.3406	1	0
12	9072	9023	45	-1	117	452657.4116	453891.3406	1	0
12	9072	9024	45	-1	116	452657.4116	453891.3406	1	0
12	9072	9025	45	-1	115	452657.4116	453891.3406	1	0
12	9072	9026	45	-1	114	452657.4116	453891.3406	1	0
12	9072	9027	45	-1	113	452657.4116	453891.3406	1	0
12	9072	9028	45	-1	112	452657.4116	453891.3406	1	0
12	9072	9029	45	-1	111	452657.4116	453891.3406	1	0
12	9072	9030	45	-1	110	452657.4116	453891.3406	1	0
12	9072	9031	45	-1	109	452657.4116	453891.3406	1	0
12	9072	9032	45	-1	108	452657.4116	453891.3406	1	0
12	9072	9033	45	-1	107	452657.4116	453891.3406	1	0
12	9072	9034	45	-1	106	452657.4116	453891.3406	1	0
12	9072	9035	45	-1	105	452657.4116	453891.3406	1	0
12	9072	9036	45	-1	104	452657.4116	453891.3406	1	0
12	9072	9037	45	-1	103	452657.4116	453891.3406	1	0
12	9072	9038	45	-1	102	452657.4116	453891.3406	1	0
12	9072	9039	45	-1	101	452657.4116	453891.3406	1	0
12	9072	9040	45	-1	100	454242.0451	455475.9741	1	1
12	9072	9041	45	-1	99	454242.0451	455475.9741	1	1
12	9072	9042	45	-1	98	454242.0451	455475.9741	1	1
12	9072	9043	45	-1	97	454242.0451	455475.9741	1	1
12	9072	9044	45	-1	96	454242.0451	455475.9741	1	1
12	9072	9045	45	-1	95	454242.0451	455475.9741	1	1
12	9072	9046	45	-1	94	454242.0451	455475.9741	1	1
12	9072	9047	45	-1	93	454242.0451	455475.9741	1	1
12	9072	9048	45	-1	92	454242.0451	455475.9741	1	1
12	9072	9049	45	-1	91	454242.0451	455475.9741	1	1
12	9072	9050	45	-1	90	454242.0451	455475.9741	1	1
12	9072	9051	45	-1	89	454242.0451	455475.9741	1	1
12	9072	9052	45	-1	88	454242.0451	455475.9741	1	1
12	9072	9053	45	-1	87	454242.0451	455475.9741	1	1
12	9072	9054	45	-1	86	454242.0451	455475.9741	1	1
12	9072	9055	45	-1	85	454242.0451	455475.9741	1	1
12	9072	9056	45	-1	84	454242.0451	455475.9741	1	1
12	9072	9057	45	-1	83	454242.0451	455475.9741	1	1
12	9072	9058	45	-1	82	454242.0451	455475.9741	1	1
12	9072	9059	45	-1	81	454242.0451	455475.9741	1	1
12	9072	9060	45	-1	80	454242.0451	455475.9741	1	1
12	9072	9061	45	-1	79	454242.0451	455475.9741	1	1
12	9072	9062	45	-1	78	454242.0451	455475.9741	1	1
12	9072	9063	45	-1	77	454242.0451	455475.9741	1	1
12	9072	9064	45	-1	76	452657.4116	453891.3406	1	0
12	9072	9065	45	-1	75	452657.4116	453891.3406	1	0
12	9072	9066	45	-1	74	452657.4116	453891.3406	1	0
12	9072	9067	45	-1	73	452657.4116	453891.3406	1	0
13	10775	9076	48	-1	212	473779.7438	475011.5481	1	1
13	10775	9077	48	-1	211	473779.7438	475011.5481	1	1
13	10775	9078	48	-1	210	473779.7438	475011.5481	1	1
13	10775	9079	48	-1	209	473779.7438	475011.5481	1	1
14	10954	9076	48	-1	212	473779.7438	475011.5481	1	1
14	10954	9077	48	-1	211	473779.7438	475011.5481	1	1
14	10954	9078	48	-1	210	473779.7438	475011.5481	1	1
14	10954	9079	48	-1	209	473779.7438	475011.5481	1	1
15	9076	8940	45	-1	228	454242.0451	455475.9741	1	1
15	9076	8941	45	-1	227	454242.0451	455475.9741	1	1
15	9076	8942	45	-1	226	454242.0451	455475.9741	1	1
15	9076	8943	45	-1	225	454242.0451	455475.9741	1	1
15	9076	8944	45	-1	224	454242.0451	455475.9741	1	1
15	9076	8945	45	-1	223	454242.0451	455475.9741	1	1
15	9076	8946	45	-1	222	454242.0451	455475.9741	1	1
15	9076	8947	45	-1	221	454242.0451	455475.9741	1	1
15	9076	8948	45	-1	220	454242.0451	455475.9741	1	1
15	9076	8949	45	-1	219	454242.0451	455475.9741	1	1
15	9076	8950	45	-1	218	454242.0451	455475.9741	1	1
15	9076	8951	45	-1	217	454242.0451	455475.9741	1	1
15	9076	8952	45	-1	216	454242.0451	455475.9741	1	1
15	9076	8953	45	-1	215	454242.0451	455475.9741	1	1
15	9076	8954	45	-1	214	454242.0451	455475.9741	1	1
15	9076	8955	45	-1	213	454242.0451	455475.9741	1	1
15	9076	8956	45	-1	212	454242.0451	454242.0451	0	0
15	9076	8957	45	-1	211	454242.0451	455475.9741	1	1
15	9076	8958	45	-1	210	454242.0451	455475.9741	1	1
15	9076	8959	45	-1	209	454242.0451	455475.9741	1	1
15	9076	8960	45	-1	208	454242.0451	455475.9741	1	1
15	9076	8961	45	-1	207	454242.0451	455475.9741	1	1
15	9076	8962	45	-1	206	454242.0451	455475.9741	1	1
15	9076	8963	45	-1	205	454242.0451	455475.9741	1	1
15	9076	8964	45	-1	200	452657.4116	453891.3406	1	0
15	9076	8965	45	-1	199	452657.4116	453891.3406	1	0
15	9076	8966	45	-1	198	452657.4116	453891.3406	1	0
15	9076	8967	45	-1	197	452657.4116	453891.3406	1	0
15	9076	8968	45	-1	196	452657.4116	453891.3406	1	0
15	9076	8969	45	-1	195	452657.4116	453891.3406	1	0
15	9076	8970	45	-1	194	452657.4116	453891.3406	1	0
15	9076	8971	45	-1	193	452657.4116	453891.3406	1	0
15	9076	8972	45	-1	192	452657.4116	453891.3406	1	0
15	9076	8973	45	-1	191	452657.4116	453891.3406	1	0
15	9076	8974	45	-1	190	452657.4116	453891.3406	1	0
15	9076	8975	45	-1	189	452657.4116	453891.3406	1	0
15	9076	8976	45	-1	188	452657.4116	453891.3406	1	0
15	9076	8977	45	-1	187	452657.4116	453891.3406	1	0
15	9076	8978	45	-1	186	452657.4116	453891.3406	1	0
15	9076	8979	45	-1	185	452657.4116	453891.3406	1	0
15	9076	8980	45	-1	184	452657.4116	453891.3406	1	0
15	9076	8981	45	-1	183	452657.4116	453891.3406	1	0
15	9076	8982	45	-1	182	452657.4116	453891.3406	1	0
15	9076	8983	45	-1	181	452657.4116	453891.3406	1	0
15	9076	8984	45	-1	180	452657.4116	453891.3406	1	0
15	9076	8985	45	-1	179	452657.4116	453891.3406	1	0
15	9076	8986	45	-1	178	452657.4116	453891.3406	1	0
15	9076	8987	45	-1	177	452657.4116	453891.3406	1	0
15	9076	8988	45	-1	176	452657.4116	453891.3406	1	0
15	9076	8989	45	-1	175	452657.4116	453891.3406	1	0
15	9076	8990	45	-1	174	452657.4116	453891.3406	1	0
15	9076	8991	45	-1	173	452657.4116	453891.3406	1	0
15	9076	8992	45	-1	172	452657.4116	453891.3406	1	0
15	9076	8993	45	-1	171	452657.4116	453891.3406	1	0
15	9076	8994	45	-1	170	452657.4116	453891.3406	1	0
15	9076	8995	45	-1	169	452657.4116	453891.3406	1	0
15	9076	8996	45	-1	168	452657.4116	453891.3406	1	0
15	9076	8997	45	-1	167	452657.4116	453891.3406	1	0
15	9076	8998	45	-1	166	452657.4116	453891.3406	1	0
15	9076	8999	45	-1	165	452657.4116	453891.3406	1	0
15	9076	9000	45	-1	164	452657.4116	453891.3406	1	0
15	9076	9001	45	-1	163	452657.4116	453891.3406	1	0
15	9076	9002	45	-1	162	452657.4116	453891.3406	1	0
15	9076	9003	45	-1	161	452657.4116	453891.3406	1	0
15	9076	9004	45	-1	160	452657.4116	453891.3406	1	0
15	9076	9005	45	-1	159	452657.4116	453891.3406	1	0
15	9076	9006	45	-1	158	452657.4116	453891.3406	1	0
15	9076	9007	45	-1	157	452657.4116	453891.3406	1	0
15	9076	9008	45	-1	156	452657.4116	453891.3406	1	0
15	9076	9009	45	-1	139	452657.4116	453891.3406	1	0
15	9076	9010	45	-1	138	452657.4116	453891.3406	1	0
15	9076	9011	45	-1	137	452657.4116	453891.3406	1	0
15	9076	9012	45	-1	136	452657.4116	453891.3406	1	0
15	9076	9013	45	-1	127	452657.4116	453891.3406	1	0
15	9076	9014	45	-1	126	452657.4116	453891.3406	1	0
15	9076	9015	45	-1	125	452657.4116	453891.3406	1	0
15	9076	9016	45	-1	124	452657.4116	453891.3406	1	0
15	9076	9017	45	-1	123	452657.4116	453891.3406	1	0
15	9076	9018	45	-1	122	452657.4116	453891.3406	1	0
15	9076	9019	45	-1	121	452657.4116	453891.3406	1	0
15	9076	9020	45	-1	120	452657.4116	453891.3406	1	0
15	9076	9021	45	-1	119	452657.4116	453891.3406	1	0
15	9076	9022	45	-1	118	452657.4116	453891.3406	1	0
15	9076	9023	45	-1	117	452657.4116	453891.3406	1	0
15	9076	9024	45	-1	116	452657.4116	453891.3406	1	0
15	9076	9025	45	-1	115	452657.4116	453891.3406	1	0
15	9076	9026	45	-1	114	452657.4116	453891.3406	1	0
15	9076	9027	45	-1	113	452657.4116	453891.3406	1	0
15	9076	9028	45	-1	112	452657.4116	453891.3406	1	0
15	9076	9029	45	-1	111	452657.4116	453891.3406	1	0
15	9076	9030	45	-1	110	452657.4116	453891.3406	1	0
15	9076	9031	45	-1	109	452657.4116	453891.3406	1	0
15	9076	9032	45	-1	108	452657.4116	453891.3406	1	0
15	9076	9033	45	-1	107	452657.4116	453891.3406	1	0
15	9076	9034	45	-1	106	452657.4116	453891.3406	1	0
15	9076	9035	45	-1	105	452657.4116	453891.3406	1	0
15	9076	9036	45	-1	104	452657.4116	453891.3406	1	0
15	9076	9037	45	-1	103	452657.4116	453891.3406	1	0
15	9076	9038	45	-1	102	452657.4116	453891.3406	1	0
15	9076	9039	45	-1	101	452657.4116	453891.3406	1	0
15	9076	9040	45	-1	100	454242.0451	455475.9741	1	1
15	9076	9041	45	-1	99	454242.0451	455475.9741	1	1
15	9076	9042	45	-1	98	454242.0451	455475.9741	1	1
15	9076	9043	45	-1	97	454242.0451	455475.9741	1	1
15	9076	9044	45	-1	96	454242.0451	455475.9741	1	1
15	9076	9045	45	-1	95	454242.0451	455475.9741	1	1
15	9076	9046	45	-1	94	454242.0451	455475.9741	1	1
15	9076	9047	45	-1	93	454242.0451	455475.9741	1	1
15	9076	9048	45	-1	92	454242.0451	455475.9741	1	1
15	9076	9049	45	-1	91	454242.0451	455475.9741	1	1
15	9076	9050	45	-1	90	454242.0451	455475.9741	1	1
15	9076	9051	45	-1	89	454242.0451	455475.9741	1	1
15	9076	9052	45	-1	88	454242.0451	455475.9741	1	1
15	9076	9053	45	-1	87	454242.0451	455475.9741	1	1
15	9076	9054	45	-1	86	454242.0451	455475.9741	1	1
15	9076	9055	45	-1	85	454242.0451	455475.9741	1	1
15	9076	9056	45	-1	84	454242.0451	455475.9741	1	1
15	9076	9057	45	-1	83	454242.0451	455475.9741	1	1
15	9076	9058	45	-1	82	454242.0451	455475.9741	1	1
15	9076	9059	45	-1	81	454242.0451	455475.9741	1	1
15	9076	9060	45	-1	80	454242.0451	455475.9741	1	1
15	9076	9061	45	-1	79	454242.0451	455475.9741	1	1
15	9076	9062	45	-1	78	454242.0451	455475.9741	1	1
15	9076	9063	45	-1	77	454242.0451	455475.9741	1	1
15	9076	9064	45	-1	76	452657.4116	453891.3406	1	0
15	9076	9065	45	-1	75	452657.4116	453891.3406	1	0
15	9076	9066	45	-1	74	452657.4116	453891.3406	1	0
15	9076	9067	45	-1	73	452657.4116	453891.3406	1	0
16	8940	8936	44	-1	3	449840.1757	451072.7736	1	1
16	8940	8937	44	-1	2	449840.1757	451072.7736	1	1
16	8940	8938	44	-1	1	449840.1757	451072.7736	1	1
16	8940	8939	44	-1	0	449840.1757	451072.7736	1	1
17	8936	8660	39	-1	135	392358.8934	393591.4913	1	0
17	8936	8808	43	-1	204	418370.591	419605.0724	1	1
17	8936	8809	43	-1	203	418370.591	419605.0724	1	1
17	8936	8810	43	-1	202	418370.591	419605.0724	1	1
17	8936	8811	43	-1	201	418370.591	419605.0724	1	1
17	8936	8812	43	-1	200	417950.7499	419185.2313	1	0
17	8936	8813	43	-1	199	417950.7499	419185.2313	1	0
17	8936	8814	43	-1	198	417950.7499	419185.2313	1	0
17	8936	8815	43	-1	197	417950.7499	419185.2313	1	0
17	8936	8816	43	-1	196	417950.7499	419185.2313	1	0
17	8936	8817	43	-1	195	417950.7499	419185.2313	1	0
17	8936	8818	43	-1	194	417950.7499	419185.2313	1	0
17	8936	8819	43	-1	193	417950.7499	419185.2313	1	0
17	8936	8820	43	-1	192	417950.7499	419185.2313	1	0
17	8936	8821	43	-1	191	417950.7499	419185.2313	1	0
17	8936	8822	43	-1	190	417950.7499	419185.2313	1	0
17	8936	8823	43	-1	189	417950.7499	419185.2313	1	0
17	8936	8824	43	-1	188	417950.7499	419185.2313	1	0
17	8936	8825	43	-1	187	417950.7499	419185.2313	1	0
17	8936	8826	43	-1	186	417950.7499	419185.2313	1	0
17	8936	8827	43	-1	185	417950.7499	419185.2313	1	0
17	8936	8828	43	-1	184	417950.7499	419185.2313	1	0
17	8936	8829	43	-1	183	417950.7499	419185.2313	1	0
17	8936	8830	43	-1	182	417950.7499	419185.2313	1	0
17	8936	8831	43	-1	181	417950.7499	419185.2313	1	0
17	8936	8832	43	-1	180	417950.7499	419185.2313	1	0
17	8936	8833	43	-1	179	417950.7499	419185.2313	1	0
17	8936	8834	43	-1	178	417950.7499	419185.2313	1	0
17	8936	8835	43	-1	177	417950.7499	419185.2313	1	0
17	8936	8836	43	-1	176	417950.7499	419185.2313	1	0
17	8936	8837	43	-1	175	417950.7499	419185.2313	1	0
17	8936	8838	43	-1	174	417950.7499	419185.2313	1	0
17	8936	8839	43	-1	173	417950.7499	419185.2313	1	0
17	8936	8840	43	-1	172	417950.7499	419185.2313	1	0
17	8936	8841	43	-1	171	417950.7499	419185.2313	1	0
17	8936	8842	43	-1	170	417950.7499	419185.2313	1	0
17	8936	8843	43	-1	169	417950.7499	419185.2313	1	0
17	8936	8844	43	-1	168	417950.7499	419185.2313	1	0
17	8936	8845	43	-1	167	417950.7499	419185.2313	1	0
17	8936	8846	43	-1	166	417950.7499	419185.2313	1	0
17	8936	8847	43	-1	165	417950.7499	419185.2313	1	0
17	8936	8848	43	-1	164	417950.7499	419185.2313	1	0
17	8936	8849	43	-1	163	417950.7499	419185.2313	1	0
17	8936	8850	43	-1	162	417950.7499	419185.2313	1	0
17	8936	8851	43	-1	161	417950.7499	419185.2313	1	0
17	8936	8852	43	-1	160	417950.7499	419185.2313	1	0
17	8936	8853	43	-1	159	417950.7499	419185.2313	1	0
17	8936	8854	43	-1	158	417950.7499	419185.2313	1	0
17	8936	8855	43	-1	157	417950.7499	419185.2313	1	0
17	8936	8856	43	-1	156	417950.7499	419185.2313	1	0
17	8936	8857	43	-1	155	417950.7499	419185.2313	1	0
17	8936	8858	43	-1	154	417950.7499	419185.2313	1	0
17	8936	8859	43	-1	153	417950.7499	419185.2313	1	0
17	8936	8860	43	-1	152	417950.7499	419185.2313	1	0
17	8936	8861	43	-1	151	417950.7499	419185.2313	1	0
17	8936	8862	43	-1	150	417950.7499	419185.2313	1	0
17	8936	8863	43	-1	149	417950.7499	419185.2313	1	0
17	8936	8864	43	-1	148	417950.7499	419185.2313	1	0
17	8936	8865	43	-1	147	417950.7499	419185.2313	1	0
17	8936	8866	43	-1	146	417950.7499	419185.2313	1	0
17	8936	8867	43	-1	145	417950.7499	419185.2313	1	0
17	8936	8868	43	-1	144	417950.7499	419185.2313	1	0
17	8936	8869	43	-1	143	417950.7499	419185.2313	1	0
17	8936	8870	43	-1	142	417950.7499	419185.2313	1	0
17	8936	8871	43	-1	141	417950.7499	419185.2313	1	0
17	8936	8872	43	-1	140	417950.7499	419185.2313	1	0
17	8936	8873	43	-1	139	417950.7499	419185.2313	1	0
17	8936	8874	43	-1	138	417950.7499	419185.2313	1	0
17	8936	8875	43	-1	137	417950.7499	419185.2313	1	0
17	8936	8876	43	-1	136	417950.7499	419185.2313	1	0
17	8936	8877	43	-1	135	417950.7499	419185.2313	1	0
17	8936	8878	43	-1	134	417950.7499	419185.2313	1	0
17	8936	8879	43	-1	133	417950.7499	419185.2313	1	0
17	8936	8880	43	-1	132	417950.7499	419185.2313	1	0
17	8936	8881	43	-1	127	417950.7499	419185.2313	1	0
17	8936	8882	43	-1	126	417950.7499	419185.2313	1	0
17	8936	8883	43	-1	125	417950.7499	419185.2313	1	0
17	8936	8884	43	-1	124	417950.7499	419185.2313	1	0
17	8936	8885	43	-1	123	417950.7499	419185.2313	1	0
17	8936	8886	43	-1	122	417950.7499	419185.2313	1	0
17	8936	8887	43	-1	121	417950.7499	419185.2313	1	0
17	8936	8888	43	-1	120	417950.7499	419185.2313	1	0
17	8936	8889	43	-1	119	417950.7499	419185.2313	1	0
17	8936	8890	43	-1	118	417950.7499	419185.2313	1	0
17	8936	8891	43	-1	117	417950.7499	419185.2313	1	0
17	8936	8892	43	-1	116	417950.7499	419185.2313	1	0
17	8936	8893	43	-1	115	417950.7499	419185.2313	1	0
17	8936	8894	43	-1	114	417950.7499	419185.2313	1	0
17	8936	8895	43	-1	113	417950.7499	419185.2313	1	0
17	8936	8896	43	-1	112	417950.7499	419185.2313	1	0
17	8936	8897	43	-1	111	417950.7499	419185.2313	1	0
17	8936	8898	43	-1	110	417950.7499	419185.2313	1	0
17	8936	8899	43	-1	109	417950.7499	419185.2313	1	0
17	8936	8900	43	-1	108	417950.7499	419185.2313	1	0
17	8936	8901	43	-1	107	417950.7499	419185.2313	1	0
17	8936	8902	43	-1	106	417950.7499	419185.2313	1	0
17	8936	8903	43	-1	105	417950.7499	419185.2313	1	0
17	8936	8904	43	-1	104	417950.7499	419185.2313	1	0
17	8936	8905	43	-1	103	417950.7499	419185.2313	1	0
17	8936	8906	43	-1	102	417950.7499	419185.2313	1	0
17	8936	8907	43	-1	101	417950.7499	419185.2313	1	0
17	8936	8908	43	-1	100	417950.7499	419185.2313	1	0
17	8936	8909	43	-1	99	417950.7499	419185.2313	1	0
17	8936	8910	43	-1	98	417950.7499	419185.2313	1	0
17	8936	8911	43	-1	97	417950.7499	419185.2313	1	0
17	8936	8912	43	-1	96	417950.7499	419185.2313	1	0
17	8936	8913	43	-1	95	417950.7499	419185.2313	1	0
17	8936	8914	43	-1	94	417950.7499	419185.2313	1	0
17	8936	8915	43	-1	93	417950.7499	419185.2313	1	0
17	8936	8916	43	-1	92	417950.7499	419185.2313	1	0
17	8936	8917	43	-1	91	417950.7499	419185.2313	1	0
17	8936	8918	43	-1	90	417950.7499	419185.2313	1	0
17	8936	8919	43	-1	89	417950.7499	419185.2313	1	0
17	8936	8920	43	-1	88	417950.7499	419185.2313	1	0
17	8936	8921	43	-1	87	417950.7499	419185.2313	1	0
17	8936	8922	43	-1	86	417950.7499	419185.2313	1	0
17	8936	8923	43	-1	85	417950.7499	419185.2313	1	0
17	8936	8924	43	-1	84	417950.7499	419185.2313	1	0
17	8936	8925	43	-1	83	417950.7499	419185.2313	1	0
17	8936	8926	43	-1	82	417950.7499	419185.2313	1	0
17	8936	8927	43	-1	81	417950.7499	419185.2313	1	0
17	8936	8928	43	-1	80	417950.7499	419185.2313	1	0
17	8936	8929	43	-1	79	417950.7499	419185.2313	1	0
17	8936	8930	43	-1	78	417950.7499	419185.2313	1	0
17	8936	8931	43	-1	77	417950.7499	419185.2313	1	0
17	8936	8932	43	-1	76	418370.591	419605.0724	1	1
17	8936	8933	43	-1	75	418370.591	419605.0724	1	1
17	8936	8934	43	-1	74	418370.591	419605.0724	1	1
17	8936	8935	43	-1	73	418370.591	419605.0724	1	1
18	8808	8792	41	-1	155	416298.3019	417530.9043	1	1
18	8808	8793	41	-1	154	416298.3019	417530.9043	1	1
18	8808	8794	41	-1	153	416298.3019	417530.9043	1	1
18	8808	8795	41	-1	152	416298.3019	417530.9043	1	1
18	8808	8796	41	-1	151	416298.3019	417530.9043	1	1
18	8808	8797	41	-1	150	416298.3019	417530.9043	1	1
18	8808	8798	41	-1	149	416298.3019	417530.9043	1	1
18	8808	8799	41	-1	148	416298.3019	417530.9043	1	1
18	8808	8800	42	-1	147	416298.3019	417530.9043	1	1
18	8808	8801	42	-1	146	416298.3019	417530.9043	1	1
18	8808	8802	42	-1	145	416298.3019	417530.9043	1	1
18	8808	8803	42	-1	144	416298.3019	417530.9043	1	1
18	8808	8804	42	-1	143	416298.3019	417530.9043	1	1
18	8808	8805	42	-1	142	416298.3019	417530.9043	1	1
18	8808	8806	42	-1	141	416298.3019	417530.9043	1	1
18	8808	8807	42	-1	140	416298.3019	417530.9043	1	1
19	8792	8664	40	-1	208	396760.7583	397994.5322	1	1
19	8792	8665	40	-1	207	396760.7583	397994.5322	1	1
19	8792	8666	40	-1	206	396760.7583	397994.5322	1	1
19	8792	8667	40	-1	205	396760.7583	397994.5322	1	1
19	8792	8668	40	-1	204	396760.7583	397994.5322	1	1
19	8792	8669	40	-1	203	396760.7583	397994.5322	1	1
19	8792	8670	40	-1	202	396760.7583	397994.5322	1	1
19	8792	8671	40	-1	201	396760.7583	397994.5322	1	1
19	8792	8672	40	-1	200	395176.1248	396409.8987	1	0
19	8792	8673	40	-1	199	395176.1248	396409.8987	1	0
19	8792	8674	40	-1	198	395176.1248	396409.8987	1	0
19	8792	8675	40	-1	197	395176.1248	396409.8987	1	0
19	8792	8676	40	-1	196	395176.1248	396409.8987	1	0
19	8792	8677	40	-1	195	395176.1248	396409.8987	1	0
19	8792	8678	40	-1	194	395176.1248	396409.8987	1	0
19	8792	8679	40	-1	193	395176.1248	396409.8987	1	0
19	8792	8680	40	-1	192	395176.1248	396409.8987	1	0
19	8792	8681	40	-1	191	395176.1248	396409.8987	1	0
19	8792	8682	40	-1	190	395176.1248	396409.8987	1	0
19	8792	8683	40	-1	189	395176.1248	396409.8987	1	0
19	8792	8684	40	-1	188	395176.1248	396409.8987	1	0
19	8792	8685	40	-1	187	395176.1248	396409.8987	1	0
19	8792	8686	40	-1	186	395176.1248	396409.8987	1	0
19	8792	8687	40	-1	185	395176.1248	396409.8987	1	0
19	8792	8688	40	-1	184	395176.1248	396409.8987	1	0
19	8792	8689	40	-1	183	395176.1248	396409.8987	1	0
19	8792	8690	40	-1	182	395176.1248	396409.8987	1	0
19	8792	8691	40	-1	181	395176.1248	396409.8987	1	0
19	8792	8692	40	-1	180	395176.1248	396409.8987	1	0
19	8792	8693	40	-1	179	395176.1248	396409.8987	1	0
19	8792	8694	40	-1	178	395176.1248	396409.8987	1	0
19	8792	8695	40	-1	177	395176.1248	396409.8987	1	0
19	8792	8696	40	-1	176	395176.1248	396409.8987	1	0
19	8792	8697	40	-1	175	395176.1248	396409.8987	1	0
19	8792	8698	40	-1	174	395176.1248	396409.8987	1	0
19	8792	8699	40	-1	173	395176.1248	396409.8987	1	0
19	8792	8700	40	-1	172	395176.1248	396409.8987	1	0
19	8792	8701	40	-1	171	395176.1248	396409.8987	1	0
19	8792	8702	40	-1	170	395176.1248	396409.8987	1	0
19	8792	8703	40	-1	169	395176.1248	396409.8987	1	0
19	8792	8704	40	-1	168	395176.1248	396409.8987	1	0
19	8792	8705	40	-1	167	395176.1248	396409.8987	1	0
19	8792	8706	40	-1	166	395176.1248	396409.8987	1	0
19	8792	8707	40	-1	165	395176.1248	396409.8987	1	0
19	8792	8708	40	-1	164	395176.1248	396409.8987	1	0
19	8792	8709	40	-1	163	395176.1248	396409.8987	1	0
19	8792	8710	40	-1	162	395176.1248	396409.8987	1	0
19	8792	8711	40	-1	161	395176.1248	396409.8987	1	0
19	8792	8712	40	-1	160	395176.1248	396409.8987	1	0
19	8792	8713	40	-1	159	395176.1248	396409.8987	1	0
19	8792	8714	40	-1	158	395176.1248	396409.8987	1	0
19	8792	8715	40	-1	157	395176.1248	396409.8987	1	0
19	8792	8716	40	-1	156	395176.1248	396409.8987	1	0
19	8792	8717	40	-1	155	395176.1248	395176.1248	0	0
19	8792	8718	40	-1	154	395176.1248	396409.8987	1	0
19	8792	8719	40	-1	153	395176.1248	396409.8987	1	0
19	8792	8720	40	-1	152	395176.1248	396409.8987	1	0
19	8792	8721	40	-1	151	395176.1248	396409.8987	1	0
19	8792	8722	40	-1	150	395176.1248	396409.8987	1	0
19	8792	8723	40	-1	149	395176.1248	396409.8987	1	0
19	8792	8724	40	-1	148	395176.1248	396409.8987	1	0
19	8792	8725	40	-1	147	395176.1248	396409.8987	1	0
19	8792	8726	40	-1	146	395176.1248	396409.8987	1	0
19	8792	8727	40	-1	145	395176.1248	396409.8987	1	0
19	8792	8728	40	-1	144	395176.1248	396409.8987	1	0
19	8792	8729	40	-1	143	395176.1248	396409.8987	1	0
19	8792	8730	40	-1	142	395176.1248	396409.8987	1	0
19	8792	8731	40	-1	141	395176.1248	396409.8987	1	0
19	8792	8732	40	-1	140	395176.1248	396409.8987	1	0
19	8792	8733	40	-1	139	395176.1248	396409.8987	1	0
19	8792	8734	40	-1	138	395176.1248	396409.8987	1	0
19	8792	8735	40	-1	137	395176.1248	396409.8987	1	0
19	8792	8736	40	-1	136	395176.1248	396409.8987	1	0
19	8792	8737	40	-1	127	395176.1248	396409.8987	1	0
19	8792	8738	40	-1	126	395176.1248	396409.8987	1	0
19	8792	8739	40	-1	125	395176.1248	396409.8987	1	0
19	8792	8740	40	-1	124	395176.1248	396409.8987	1	0
19	8792	8741	40	-1	123	395176.1248	396409.8987	1	0
19	8792	8742	40	-1	122	395176.1248	396409.8987	1	0
19	8792	8743	40	-1	121	395176.1248	396409.8987	1	0
19	8792	8744	40	-1	120	395176.1248	396409.8987	1	0
19	8792	8745	40	-1	119	395176.1248	396409.8987	1	0
19	8792	8746	40	-1	118	395176.1248	396409.8987	1	0
19	8792	8747	40	-1	117	395176.1248	396409.8987	1	0
19	8792	8748	40	-1	116	395176.1248	396409.8987	1	0
19	8792	8749	40	-1	115	395176.1248	396409.8987	1	0
19	8792	8750	40	-1	114	395176.1248	396409.8987	1	0
19	8792	8751	40	-1	113	395176.1248	396409.8987	1	0
19	8792	8752	40	-1	112	395176.1248	396409.8987	1	0
19	8792	8753	40	-1	111	395176.1248	396409.8987	1	0
19	8792	8754	40	-1	110	395176.1248	396409.8987	1	0
19	8792	8755	40	-1	109	395176.1248	396409.8987	1	0
19	8792	8756	40	-1	108	395176.1248	396409.8987	1	0
19	8792	8757	40	-1	107	395176.1248	396409.8987	1	0
19	8792	8758	40	-1	106	395176.1248	396409.8987	1	0
19	8792	8759	40	-1	105	395176.1248	396409.8987	1	0
19	8792	8760	40	-1	104	395176.1248	396409.8987	1	0
19	8792	8761	40	-1	103	395176.1248	396409.8987	1	0
19	8792	8762	40	-1	102	395176.1248	396409.8987	1	0
19	8792	8763	40	-1	101	395176.1248	396409.8987	1	0
19	8792	8764	40	-1	100	395176.1248	396409.8987	1	0
19	8792	8765	40	-1	99	395176.1248	396409.8987	1	0
19	8792	8766	40	-1	98	395176.1248	396409.8987	1	0
19	8792	8767	40	-1	97	395176.1248	396409.8987	1	0
19	8792	8768	40	-1	96	395176.1248	396409.8987	1	0
19	8792	8769	40	-1	95	395176.1248	396409.8987	1	0
19	8792	8770	40	-1	94	395176.1248	396409.8987	1	0
19	8792	8771	40	-1	93	395176.1248	396409.8987	1	0
19	8792	8772	40	-1	92	395176.1248	396409.8987	1	0
19	8792	8773	40	-1	91	395176.1248	396409.8987	1	0
19	8792	8774	40	-1	90	395176.1248	396409.8987	1	0
19	8792	8775	40	-1	89	395176.1248	396409.8987	1	0
19	8792	8776	40	-1	88	395176.1248	396409.8987	1	0
19	8792	8777	40	-1	87	395176.1248	396409.8987	1	0
19	8792	8778	40	-1	86	395176.1248	396409.8987	1	0
19	8792	8779	40	-1	85	395176.1248	396409.8987	1	0
19	8792	8780	40	-1	84	395176.1248	396409.8987	1	0
19	8792	8781	40	-1	83	395176.1248	396409.8987	1	0
19	8792	8782	40	-1	82	395176.1248	396409.8987	1	0
19	8792	8783	40	-1	81	395176.1248	396409.8987	1	0
19	8792	8784	40	-1	80	396760.7583	397994.5322	1	1
19	8792	8785	40	-1	79	396760.7583	397994.5322	1	1
19	8792	8786	40	-1	78	396760.7583	397994.5322	1	1
19	8792	8787	40	-1	77	396760.7583	397994.5322	1	1
19	8792	8788	40	-1	76	396760.7583	397994.5322	1	1
19	8792	8789	40	-1	75	396760.7583	397994.5322	1	1
19	8792	8790	40	-1	74	396760.7583	397994.5322	1	1
19	8792	8791	40	-1	73	396760.7583	397994.5322	1	1
20	8664	8660	39	-1	135	392358.8934	393591.4913	1	1
20	8664	8661	39	-1	134	392358.8934	393591.4913	1	1
20	8664	8662	39	-1	133	392358.8934	393591.4913	1	1
20	8664	8663	39	-1	132	392358.8934	393591.4913	1	1
21	8660	5956	29	-1	3	294883.8815	296116.4794	1	0
21	8660	8148	38	-1	230	372820.6424	374055.1238	1	1
21	8660	8149	38	-1	229	372820.6424	374055.1238	1	1
21	8660	8150	38	-1	228	372820.6424	374055.1238	1	1
21	8660	8151	38	-1	227	372820.6424	374055.1238	1	1
21	8660	8152	38	-1	226	372820.6424	374055.1238	1	1
21	8660	8153	38	-1	225	372820.6424	374055.1238	1	1
21	8660	8154	38	-1	224	372820.6424	374055.1238	1	1
21	8660	8155	38	-1	223	372820.6424	374055.1238	1	1
21	8660	8156	38	-1	222	372820.6424	374055.1238	1	1
21	8660	8157	38	-1	221	372820.6424	374055.1238	1	1
21	8660	8158	38	-1	220	372820.6424	374055.1238	1	1
21	8660	8159	38	-1	219	372820.6424	374055.1238	1	1
21	8660	8160	38	-1	218	372820.6424	374055.1238	1	1
21	8660	8161	38	-1	217	372820.6424	374055.1238	1	1
21	8660	8162	38	-1	216	372820.6424	374055.1238	1	1
21	8660	8163	38	-1	215	372820.6424	374055.1238	1	1
21	8660	8164	38	-1	214	372820.6424	374055.1238	1	1
21	8660	8165	38	-1	213	372820.6424	374055.1238	1	1
21	8660	8166	38	-1	212	372820.6424	374055.1238	1	1
21	8660	8167	38	-1	211	372820.6424	374055.1238	1	1
21	8660	8168	38	-1	210	372820.6424	374055.1238	1	1
21	8660	8169	38	-1	209	372820.6424	374055.1238	1	1
21	8660	8170	38	-1	208	372820.6424	374055.1238	1	1
21	8660	8171	38	-1	207	372820.6424	374055.1238	1	1
21	8660	8172	38	-1	206	372820.6424	374055.1238	1	1
21	8660	8173	38	-1	205	372820.6424	374055.1238	1	1
21	8660	8174	38	-1	204	372820.6424	374055.1238	1	1
21	8660	8175	38	-1	203	372820.6424	374055.1238	1	1
21	8660	8176	38	-1	202	372820.6424	374055.1238	1	1
21	8660	8177	38	-1	201	372820.6424	374055.1238	1	1
21	8660	8178	38	-1	200	367619.1417	368853.6231	1	0
21	8660	8179	38	-1	199	367619.1417	368853.6231	1	0
21	8660	8180	38	-1	198	367619.1417	368853.6231	1	0
21	8660	8181	38	-1	197	367619.1417	368853.6231	1	0
21	8660	8182	38	-1	196	367619.1417	368853.6231	1	0
21	8660	8183	38	-1	195	367619.1417	368853.6231	1	0
21	8660	8184	38	-1	194	367619.1417	368853.6231	1	0
21	8660	8185	38	-1	193	367619.1417	368853.6231	1	0
21	8660	8186	38	-1	192	367619.1417	368853.6231	1	0
21	8660	8187	38	-1	191	367619.1417	368853.6231	1	0
21	8660	8188	38	-1	190	367619.1417	368853.6231	1	0
21	8660	8189	38	-1	189	367619.1417	368853.6231	1	0
21	8660	8190	38	-1	188	367619.1417	368853.6231	1	0
21	8660	8191	38	-1	187	367619.1417	368853.6231	1	0
21	8660	8192	38	-1	186	367619.1417	368853.6231	1	0
21	8660	8193	38	-1	185	367619.1417	368853.6231	1	0
21	8660	8194	38	-1	184	367619.1417	368853.6231	1	0
21	8660	8195	38	-1	183	367619.1417	368853.6231	1	0
21	8660	8196	38	-1	182	367619.1417	368853.6231	1	0
21	8660	8197	38	-1	181	367619.1417	368853.6231	1	0
21	8660	8198	38	-1	180	367619.1417	368853.6231	1	0
21	8660	8199	38	-1	179	367619.1417	368853.6231	1	0
21	8660	8200	38	-1	178	367619.1417	368853.6231	1	0
21	8660	8201	38	-1	177	367619.1417	368853.6231	1	0
21	8660	8202	38	-1	176	367619.1417	368853.6231	1	0
21	8660	8203	38	-1	175	367619.1417	368853.6231	1	0
21	8660	8204	38	-1	174	367619.1417	368853.6231	1	0
21	8660	8205	38	-1	173	367619.1417	368853.6231	1	0
21	8660	8206	38	-1	172	367619.1417	368853.6231	1	0
21	8660	8207	38	-1	171	367619.1417	368853.6231	1	0
21	8660	8208	38	-1	170	367619.1417	368853.6231	1	0
21	8660	8209	38	-1	169	367619.1417	368853.6231	1	0
21	8660	8210	38	-1	168	367619.1417	368853.6231	1	0
21	8660	8211	38	-1	167	367619.1417	368853.6231	1	0
21	8660	8212	38	-1	166	367619.1417	368853.6231	1	0
21	8660	8213	38	-1	165	367619.1417	368853.6231	1	0
21	8660	8214	38	-1	164	367619.1417	368853.6231	1	0
21	8660	8215	38	-1	163	367619.1417	368853.6231	1	0
21	8660	8216	38	-1	162	367619.1417	368853.6231	1	0
21	8660	8217	38	-1	161	367619.1417	368853.6231	1	0
21	8660	8218	38	-1	160	367619.1417	368853.6231	1	0
21	8660	8219	38	-1	159	367619.1417	368853.6231	1	0
21	8660	8220	38	-1	158	367619.1417	368853.6231	1	0
21	8660	8221	38	-1	157	367619.1417	368853.6231	1	0
21	8660	8222	38	-1	156	367619.1417	368853.6231	1	0
21	8660	8223	38	-1	155	367619.1417	368853.6231	1	0
21	8660	8224	38	-1	154	367619.1417	368853.6231	1	0
21	8660	8225	38	-1	153	367619.1417	368853.6231	1	0
21	8660	8226	38	-1	152	367619.1417	368853.6231	1	0
21	8660	8227	38	-1	151	367619.1417	368853.6231	1	0
21	8660	8228	38	-1	150	367619.1417	368853.6231	1	0
21	8660	8229	38	-1	149	367619.1417	368853.6231	1	0
21	8660	8230	38	-1	148	367619.1417	368853.6231	1	0
21	8660	8231	38	-1	147	367619.1417	368853.6231	1	0
21	8660	8232	38	-1	146	367619.1417	368853.6231	1	0
21	8660	8233	38	-1	145	367619.1417	368853.6231	1	0
21	8660	8234	38	-1	144	367619.1417	368853.6231	1	0
21	8660	8235	38	-1	143	367619.1417	368853.6231	1	0
21	8660	8236	38	-1	142	367619.1417	368853.6231	1	0
21	8660	8237	38	-1	141	367619.1417	368853.6231	1	0
21	8660	8238	38	-1	140	367619.1417	368853.6231	1	0
21	8660	8239	38	-1	139	367619.1417	368853.6231	1	0
21	8660	8240	38	-1	138	367619.1417	368853.6231	1	0
21	8660	8241	38	-1	137	367619.1417	368853.6231	1	0
21	8660	8242	38	-1	136	367619.1417	368853.6231	1	0
21	8660	8243	38	-1	135	367619.1417	367619.1417	0	0
21	8660	8244	38	-1	134	367619.1417	368853.6231	1	0
21	8660	8245	38	-1	133	367619.1417	368853.6231	1	0
21	8660	8246	38	-1	132	367619.1417	368853.6231	1	0
21	8660	8247	38	-1	127	371086.8088	372321.2902	1	0
21	8660	8248	38	-1	126	371086.8088	372321.2902	1	0
21	8660	8249	38	-1	125	371086.8088	372321.2902	1	0
21	8660	8250	38	-1	124	371086.8088	372321.2902	1	0
21	8660	8251	38	-1	123	371086.8088	372321.2902	1	0
21	8660	8252	38	-1	122	371086.8088	372321.2902	1	0
21	8660	8253	38	-1	121	371086.8088	372321.2902	1	0
21	8660	8254	38	-1	120	371086.8088	372321.2902	1	0
21	8660	8255	38	-1	119	371086.8088	372321.2902	1	0
21	8660	8256	38	-1	118	371086.8088	372321.2902	1	0
21	8660	8257	38	-1	117	371086.8088	372321.2902	1	0
21	8660	8258	38	-1	116	371086.8088	372321.2902	1	0
21	8660	8259	38	-1	115	371086.8088	372321.2902	1	0
21	8660	8260	38	-1	114	371086.8088	372321.2902	1	0
21	8660	8261	38	-1	113	371086.8088	372321.2902	1	0
21	8660	8262	38	-1	112	371086.8088	372321.2902	1	0
21	8660	8263	38	-1	111	371086.8088	372321.2902	1	0
21	8660	8264	38	-1	110	371086.8088	372321.2902	1	0
21	8660	8265	38	-1	109	371086.8088	372321.2902	1	0
21	8660	8266	38	-1	108	371086.8088	372321.2902	1	0
21	8660	8267	38	-1	107	371086.8088	372321.2902	1	0
21	8660	8268	38	-1	106	371086.8088	372321.2902	1	0
21	8660	8269	38	-1	105	371086.8088	372321.2902	1	0
21	8660	8270	38	-1	104	371086.8088	372321.2902	1	0
21	8660	8271	38	-1	103	371086.8088	372321.2902	1	0
21	8660	8272	38	-1	102	372820.6424	374055.1238	1	1
21	8660	8273	38	-1	101	372820.6424	374055.1238	1	1
21	8660	8274	38	-1	100	372820.6424	374055.1238	1	1
21	8660	8275	38	-1	99	372820.6424	374055.1238	1	1
21	8660	8276	38	-1	98	372820.6424	374055.1238	1	1
21	8660	8277	38	-1	97	372820.6424	374055.1238	1	1
21	8660	8278	38	-1	96	372820.6424	374055.1238	1	1
21	8660	8279	38	-1	95	372820.6424	374055.1238	1	1
21	8660	8280	38	-1	94	372820.6424	374055.1238	1	1
21	8660	8281	38	-1	93	372820.6424	374055.1238	1	1
21	8660	8282	38	-1	92	372820.6424	374055.1238	1	1
21	8660	8283	38	-1	91	372820.6424	374055.1238	1	1
21	8660	8284	38	-1	90	372820.6424	374055.1238	1	1
21	8660	8285	38	-1	89	372820.6424	374055.1238	1	1
21	8660	8286	38	-1	88	372820.6424	374055.1238	1	1
21	8660	8287	38	-1	87	372820.6424	374055.1238	1	1
21	8660	8288	38	-1	86	372820.6424	374055.1238	1	1
21	8660	8289	38	-1	85	372820.6424	374055.1238	1	1
21	8660	8290	38	-1	84	372820.6424	374055.1238	1	1
21	8660	8291	38	-1	83	372820.6424	374055.1238	1	1
21	8660	8292	38	-1	82	372820.6424	374055.1238	1	1
21	8660	8293	38	-1	81	372820.6424	374055.1238	1	1
21	8660	8294	38	-1	80	372820.6424	374055.1238	1	1
21	8660	8295	38	-1	79	372820.6424	374055.1238	1	1
21	8660	8296	38	-1	78	372820.6424	374055.1238	1	1
21	8660	8297	38	-1	77	372820.6424	374055.1238	1	1
21	8660	8298	38	-1	76	372820.6424	374055.1238	1	1
21	8660	8299	38	-1	75	372820.6424	374055.1238	1	1
21	8660	8300	38	-1	74	372820.6424	374055.1238	1	1
21	8660	8301	38	-1	73	372820.6424	374055.1238	1	1
21	8660	8302	38	-1	255	369352.9753	370587.4567	1	0
21	8660	8303	38	-1	254	369352.9753	370587.4567	1	0
21	8660	8304	38	-1	253	369352.9753	370587.4567	1	0
21	8660	8305	38	-1	252	369352.9753	370587.4567	1	0
21	8660	8306	38	-1	251	369352.9753	370587.4567	1	0
21	8660	8307	38	-1	250	369352.9753	370587.4567	1	0
21	8660	8308	38	-1	249	369352.9753	370587.4567	1	0
21	8660	8309	38	-1	248	369352.9753	370587.4567	1	0
21	8660	8310	38	-1	247	369352.9753	370587.4567	1	0
21	8660	8311	38	-1	246	369352.9753	370587.4567	1	0
21	8660	8312	38	-1	245	369352.9753	370587.4567	1	0
21	8660	8313	38	-1	244	369352.9753	370587.4567	1	0
21	8660	8314	38	-1	243	369352.9753	370587.4567	1	0
21	8660	8315	38	-1	242	369352.9753	370587.4567	1	0
21	8660	8316	38	-1	241	369352.9753	370587.4567	1	0
21	8660	8317	38	-1	240	369352.9753	370587.4567	1	0
21	8660	8318	38	-1	239	369352.9753	370587.4567	1	0
21	8660	8319	38	-1	238	369352.9753	370587.4567	1	0
21	8660	8320	38	-1	237	369352.9753	370587.4567	1	0
21	8660	8321	38	-1	236	369352.9753	370587.4567	1	0
21	8660	8322	38	-1	235	369352.9753	370587.4567	1	0
21	8660	8323	38	-1	234	369352.9753	370587.4567	1	0
21	8660	8324	38	-1	233	369352.9753	370587.4567	1	0
21	8660	8325	38	-1	232	369352.9753	370587.4567	1	0
21	8660	8326	38	-1	231	369352.9753	370587.4567	1	0
21	8660	8327	38	-1	230	369352.9753	370587.4567	1	0
21	8660	8328	38	-1	229	369352.9753	370587.4567	1	0
21	8660	8329	38	-1	228	369352.9753	370587.4567	1	0
21	8660	8330	38	-1	227	369352.9753	370587.4567	1	0
21	8660	8331	38	-1	226	369352.9753	370587.4567	1	0
21	8660	8332	38	-1	225	369352.9753	370587.4567	1	0
21	8660	8333	38	-1	224	369352.9753	370587.4567	1	0
21	8660	8334	38	-1	223	369352.9753	370587.4567	1	0
21	8660	8335	38	-1	222	369352.9753	370587.4567	1	0
21	8660	8336	38	-1	221	369352.9753	370587.4567	1	0
21	8660	8337	38	-1	220	369352.9753	370587.4567	1	0
21	8660	8338	38	-1	219	369352.9753	370587.4567	1	0
21	8660	8339	38	-1	218	369352.9753	370587.4567	1	0
21	8660	8340	38	-1	217	369352.9753	370587.4567	1	0
21	8660	8341	38	-1	216	369352.9753	370587.4567	1	0
21	8660	8342	38	-1	215	369352.9753	370587.4567	1	0
21	8660	8343	38	-1	214	369352.9753	370587.4567	1	0
21	8660	8344	38	-1	213	369352.9753	370587.4567	1	0
21	8660	8345	38	-1	212	369352.9753	370587.4567	1	0
21	8660	8346	38	-1	211	369352.9753	370587.4567	1	0
21	8660	8347	38	-1	210	369352.9753	370587.4567	1	0
21	8660	8348	38	-1	209	369352.9753	370587.4567	1	0
21	8660	8349	38	-1	208	369352.9753	370587.4567	1	0
21	8660	8350	38	-1	207	369352.9753	370587.4567	1	0
21	8660	8351	38	-1	206	369352.9753	370587.4567	1	0
21	8660	8352	38	-1	205	369352.9753	370587.4567	1	0
21	8660	8353	38	-1	204	369352.9753	370587.4567	1	0
21	8660	8354	38	-1	203	369352.9753	370587.4567	1	0
21	8660	8355	38	-1	202	369352.9753	370587.4567	1	0
21	8660	8356	38	-1	201	369352.9753	370587.4567	1	0
21	8660	8357	38	-1	200	365885.3082	367119.7896	1	0
21	8660	8358	38	-1	199	365885.3082	367119.7896	1	0
21	8660	8359	38	-1	198	365885.3082	367119.7896	1	0
21	8660	8360	38	-1	197	365885.3082	367119.7896	1	0
21	8660	8361	38	-1	196	365885.3082	367119.7896	1	0
21	8660	8362	38	-1	195	365885.3082	367119.7896	1	0
21	8660	8363	38	-1	194	365885.3082	367119.7896	1	0
21	8660	8364	38	-1	193	365885.3082	367119.7896	1	0
21	8660	8365	38	-1	192	365885.3082	367119.7896	1	0
21	8660	8366	38	-1	191	365885.3082	367119.7896	1	0
21	8660	8367	38	-1	190	365885.3082	367119.7896	1	0
21	8660	8368	38	-1	189	365885.3082	367119.7896	1	0
21	8660	8369	38	-1	188	365885.3082	367119.7896	1	0
21	8660	8370	38	-1	187	365885.3082	367119.7896	1	0
21	8660	8371	38	-1	186	365885.3082	367119.7896	1	0
21	8660	8372	38	-1	185	365885.3082	367119.7896	1	0
21	8660	8373	38	-1	184	365885.3082	367119.7896	1	0
21	8660	8374	38	-1	183	365885.3082	367119.7896	1	0
21	8660	8375	38	-1	182	365885.3082	367119.7896	1	0
21	8660	8376	38	-1	181	365885.3082	367119.7896	1	0
21	8660	8377	38	-1	180	365885.3082	367119.7896	1	0
21	8660	8378	38	-1	179	365885.3082	367119.7896	1	0
21	8660	8379	38	-1	178	365885.3082	367119.7896	1	0
21	8660	8380	38	-1	177	365885.3082	367119.7896	1	0
21	8660	8381	38	-1	176	365885.3082	367119.7896	1	0
21	8660	8382	38	-1	175	365885.3082	367119.7896	1	0
21	8660	8383	38	-1	174	365885.3082	367119.7896	1	0
21	8660	8384	38	-1	173	365885.3082	367119.7896	1	0
21	8660	8385	38	-1	172	365885.3082	367119.7896	1	0
21	8660	8386	38	-1	171	365885.3082	367119.7896	1	0
21	8660	8387	38	-1	170	365885.3082	367119.7896	1	0
21	8660	8388	38	-1	169	365885.3082	367119.7896	1	0
21	8660	8389	38	-1	168	365885.3082	367119.7896	1	0
21	8660	8390	38	-1	167	365885.3082	367119.7896	1	0
21	8660	8391	38	-1	166	365885.3082	367119.7896	1	0
21	8660	8392	38	-1	165	365885.3082	367119.7896	1	0
21	8660	8393	38	-1	164	365885.3082	367119.7896	1	0
21	8660	8394	38	-1	163	365885.3082	367119.7896	1	0
21	8660	8395	38	-1	162	365885.3082	367119.7896	1	0
21	8660	8396	38	-1	161	365885.3082	367119.7896	1	0
21	8660	8397	38	-1	160	365885.3082	367119.7896	1	0
21	8660	8398	38	-1	159	365885.3082	367119.7896	1	0
21	8660	8399	38	-1	158	365885.3082	367119.7896	1	0
21	8660	8400	38	-1	157	365885.3082	367119.7896	1	0
21	8660	8401	38	-1	156	365885.3082	367119.7896	1	0
21	8660	8402	38	-1	155	365885.3082	367119.7896	1	0
21	8660	8403	38	-1	154	365885.3082	367119.7896	1	0
21	8660	8404	38	-1	153	365885.3082	367119.7896	1	0
21	8660	8405	38	-1	152	365885.3082	367119.7896	1	0
21	8660	8406	38	-1	151	365885.3082	367119.7896	1	0
21	8660	8407	38	-1	150	365885.3082	367119.7896	1	0
21	8660	8408	38	-1	149	365885.3082	367119.7896	1	0
21	8660	8409	38	-1	148	365885.3082	367119.7896	1	0
21	8660	8410	38	-1	147	365885.3082	367119.7896	1	0
21	8660	8411	38	-1	146	365885.3082	367119.7896	1	0
21	8660	8412	38	-1	145	365885.3082	367119.7896	1	0
21	8660	8413	38	-1	144	365885.3082	367119.7896	1	0
21	8660	8414	38	-1	143	365885.3082	367119.7896	1	0
21	8660	8415	38	-1	142	365885.3082	367119.7896	1	0
21	8660	8416	38	-1	141	365885.3082	367119.7896	1	0
21	8660	8417	38	-1	140	365885.3082	367119.7896	1	0
21	8660	8418	38	-1	139	365885.3082	367119.7896	1	0
21	8660	8419	38	-1	138	365885.3082	367119.7896	1	0
21	8660	8420	38	-1	137	365885.3082	367119.7896	1	0
21	8660	8421	38	-1	136	365885.3082	367119.7896	1	0
21	8660	8422	38	-1	135	365885.3082	365885.3082	0	0
21	8660	8423	38	-1	134	365885.3082	367119.7896	1	0
21	8660	8424	38	-1	133	365885.3082	367119.7896	1	0
21	8660	8425	38	-1	132	365885.3082	367119.7896	1	0
21	8660	8426	38	-1	127	369352.9753	370587.4567	1	0
21	8660	8427	38	-1	126	369352.9753	370587.4567	1	0
21	8660	8428	38	-1	125	369352.9753	370587.4567	1	0
21	8660	8429	38	-1	124	369352.9753	370587.4567	1	0
21	8660	8430	38	-1	123	369352.9753	370587.4567	1	0
21	8660	8431	38	-1	122	369352.9753	370587.4567	1	0
21	8660	8432	38	-1	121	369352.9753	370587.4567	1	0
21	8660	8433	38	-1	120	369352.9753	370587.4567	1	0
21	8660	8434	38	-1	119	369352.9753	370587.4567	1	0
21	8660	8435	38	-1	118	369352.9753	370587.4567	1	0
21	8660	8436	38	-1	117	369352.9753	370587.4567	1	0
21	8660	8437	38	-1	116	369352.9753	370587.4567	1	0
21	8660	8438	38	-1	115	369352.9753	370587.4567	1	0
21	8660	8439	38	-1	114	369352.9753	370587.4567	1	0
21	8660	8440	38	-1	113	369352.9753	370587.4567	1	0
21	8660	8441	38	-1	112	369352.9753	370587.4567	1	0
21	8660	8442	38	-1	111	369352.9753	370587.4567	1	0
21	8660	8443	38	-1	110	369352.9753	370587.4567	1	0
21	8660	8444	38	-1	109	369352.9753	370587.4567	1	0
21	8660	8445	38	-1	108	369352.9753	370587.4567	1	0
21	8660	8446	38	-1	107	369352.9753	370587.4567	1	0
21	8660	8447	38	-1	106	369352.9753	370587.4567	1	0
21	8660	8448	38	-1	105	369352.9753	370587.4567	1	0
21	8660	8449	38	-1	104	369352.9753	370587.4567	1	0
21	8660	8450	38	-1	103	369352.9753	370587.4567	1	0
21	8660	8451	38	-1	102	369352.9753	370587.4567	1	0
21	8660	8452	38	-1	101	369352.9753	370587.4567	1	0
21	8660	8453	38	-1	100	369352.9753	370587.4567	1	0
21	8660	8454	38	-1	99	369352.9753	370587.4567	1	0
21	8660	8455	38	-1	98	369352.9753	370587.4567	1	0
21	8660	8456	38	-1	97	369352.9753	370587.4567	1	0
21	8660	8457	38	-1	96	369352.9753	370587.4567	1	0
21	8660	8458	38	-1	95	369352.9753	370587.4567	1	0
21	8660	8459	38	-1	94	369352.9753	370587.4567	1	0
21	8660	8460	38	-1	93	369352.9753	370587.4567	1	0
21	8660	8461	38	-1	92	369352.9753	370587.4567	1	0
21	8660	8462	38	-1	91	369352.9753	370587.4567	1	0
21	8660	8463	38	-1	90	369352.9753	370587.4567	1	0
21	8660	8464	38	-1	89	369352.9753	370587.4567	1	0
21	8660	8465	38	-1	88	369352.9753	370587.4567	1	0
21	8660	8466	38	-1	87	369352.9753	370587.4567	1	0
21	8660	8467	38	-1	86	369352.9753	370587.4567	1	0
21	8660	8468	38	-1	85	369352.9753	370587.4567	1	0
21	8660	8469	38	-1	84	369352.9753	370587.4567	1	0
21	8660	8470	38	-1	83	369352.9753	370587.4567	1	0
21	8660	8471	38	-1	82	369352.9753	370587.4567	1	0
21	8660	8472	38	-1	81	369352.9753	370587.4567	1	0
21	8660	8473	38	-1	80	369352.9753	370587.4567	1	0
21	8660	8474	38	-1	79	369352.9753	370587.4567	1	0
21	8660	8475	38	-1	78	369352.9753	370587.4567	1	0
21	8660	8476	38	-1	77	369352.9753	370587.4567	1	0
21	8660	8477	38	-1	76	369352.9753	370587.4567	1	0
21	8660	8478	38	-1	75	369352.9753	370587.4567	1	0
21	8660	8479	38	-1	74	369352.9753	370587.4567	1	0
21	8660	8480	38	-1	73	369352.9753	370587.4567	1	0
21	8660	8481	38	-1	255	365885.3082	367119.7896	1	0
21	8660	8482	38	-1	254	365885.3082	367119.7896	1	0
21	8660	8483	38	-1	253	365885.3082	367119.7896	1	0
21	8660	8484	38	-1	252	365885.3082	367119.7896	1	0
21	8660	8485	38	-1	251	365885.3082	367119.7896	1	0
21	8660	8486	38	-1	250	365885.3082	367119.7896	1	0
21	8660	8487	38	-1	249	365885.3082	367119.7896	1	0
21	8660	8488	38	-1	248	365885.3082	367119.7896	1	0
21	8660	8489	38	-1	247	365885.3082	367119.7896	1	0
21	8660	8490	38	-1	246	365885.3082	367119.7896	1	0
21	8660	8491	38	-1	245	365885.3082	367119.7896	1	0
21	8660	8492	38	-1	244	365885.3082	367119.7896	1	0
21	8660	8493	38	-1	243	365885.3082	367119.7896	1	0
21	8660	8494	38	-1	242	365885.3082	367119.7896	1	0
21	8660	8495	38	-1	241	365885.3082	367119.7896	1	0
21	8660	8496	38	-1	240	365885.3082	367119.7896	1	0
21	8660	8497	38	-1	239	365885.3082	367119.7896	1	0
21	8660	8498	38	-1	238	365885.3082	367119.7896	1	0
21	8660	8499	38	-1	237	365885.3082	367119.7896	1	0
21	8660	8500	38	-1	236	365885.3082	367119.7896	1	0
21	8660	8501	38	-1	235	365885.3082	367119.7896	1	0
21	8660	8502	38	-1	234	365885.3082	367119.7896	1	0
21	8660	8503	38	-1	233	365885.3082	367119.7896	1	0
21	8660	8504	38	-1	232	365885.3082	367119.7896	1	0
21	8660	8505	38	-1	231	365885.3082	367119.7896	1	0
21	8660	8506	38	-1	230	365885.3082	367119.7896	1	0
21	8660	8507	38	-1	229	365885.3082	367119.7896	1	0
21	8660	8508	38	-1	228	365885.3082	367119.7896	1	0
21	8660	8509	38	-1	227	365885.3082	367119.7896	1	0
21	8660	8510	38	-1	226	365885.3082	367119.7896	1	0
21	8660	8511	38	-1	225	365885.3082	367119.7896	1	0
21	8660	8512	38	-1	224	365885.3082	367119.7896	1	0
21	8660	8513	38	-1	223	365885.3082	367119.7896	1	0
21	8660	8514	38	-1	222	365885.3082	367119.7896	1	0
21	8660	8515	38	-1	221	365885.3082	367119.7896	1	0
21	8660	8516	38	-1	220	365885.3082	367119.7896	1	0
21	8660	8517	38	-1	219	365885.3082	367119.7896	1	0
21	8660	8518	38	-1	218	365885.3082	367119.7896	1	0
21	8660	8519	38	-1	217	365885.3082	367119.7896	1	0
21	8660	8520	38	-1	216	365885.3082	367119.7896	1	0
21	8660	8521	38	-1	215	365885.3082	367119.7896	1	0
21	8660	8522	38	-1	214	365885.3082	367119.7896	1	0
21	8660	8523	38	-1	213	365885.3082	367119.7896	1	0
21	8660	8524	38	-1	212	365885.3082	367119.7896	1	0
21	8660	8525	38	-1	211	365885.3082	367119.7896	1	0
21	8660	8526	38	-1	210	365885.3082	367119.7896	1	0
21	8660	8527	38	-1	209	365885.3082	367119.7896	1	0
21	8660	8528	38	-1	208	365885.3082	367119.7896	1	0
21	8660	8529	38	-1	207	365885.3082	367119.7896	1	0
21	8660	8530	38	-1	206	365885.3082	367119.7896	1	0
21	8660	8531	38	-1	205	365885.3082	367119.7896	1	0
21	8660	8532	38	-1	204	365885.3082	367119.7896	1	0
21	8660	8533	38	-1	203	365885.3082	367119.7896	1	0
21	8660	8534	38	-1	202	365885.3082	367119.7896	1	0
21	8660	8535	38	-1	201	365885.3082	367119.7896	1	0
21	8660	8536	38	-1	200	364151.4746	365385.956	1	0
21	8660	8537	38	-1	199	364151.4746	365385.956	1	0
21	8660	8538	38	-1	198	364151.4746	365385.956	1	0
21	8660	8539	38	-1	197	364151.4746	365385.956	1	0
21	8660	8540	38	-1	196	364151.4746	365385.956	1	0
21	8660	8541	38	-1	195	364151.4746	365385.956	1	0
21	8660	8542	38	-1	194	364151.4746	365385.956	1	0
21	8660	8543	38	-1	193	364151.4746	365385.956	1	0
21	8660	8544	38	-1	192	364151.4746	365385.956	1	0
21	8660	8545	38	-1	191	364151.4746	365385.956	1	0
21	8660	8546	38	-1	190	364151.4746	365385.956	1	0
21	8660	8547	38	-1	189	364151.4746	365385.956	1	0
21	8660	8548	38	-1	188	364151.4746	365385.956	1	0
21	8660	8549	38	-1	187	364151.4746	365385.956	1	0
21	8660	8550	38	-1	186	364151.4746	365385.956	1	0
21	8660	8551	38	-1	185	364151.4746	365385.956	1	0
21	8660	8552	38	-1	184	364151.4746	365385.956	1	0
21	8660	8553	38	-1	183	364151.4746	365385.956	1	0
21	8660	8554	38	-1	182	364151.4746	365385.956	1	0
21	8660	8555	38	-1	181	364151.4746	365385.956	1	0
21	8660	8556	38	-1	180	364151.4746	365385.956	1	0
21	8660	8557	38	-1	179	364151.4746	365385.956	1	0
21	8660	8558	38	-1	178	364151.4746	365385.956	1	0
21	8660	8559	38	-1	177	364151.4746	365385.956	1	0
21	8660	8560	38	-1	176	364151.4746	365385.956	1	0
21	8660	8561	38	-1	175	364151.4746	365385.956	1	0
21	8660	8562	38	-1	174	364151.4746	365385.956	1	0
21	8660	8563	38	-1	173	364151.4746	365385.956	1	0
21	8660	8564	38	-1	172	364151.4746	365385.956	1	0
21	8660	8565	38	-1	171	364151.4746	365385.956	1	0
21	8660	8566	38	-1	170	364151.4746	365385.956	1	0
21	8660	8567	38	-1	169	364151.4746	365385.956	1	0
21	8660	8568	38	-1	168	364151.4746	365385.956	1	0
21	8660	8569	38	-1	167	364151.4746	365385.956	1	0
21	8660	8570	38	-1	166	364151.4746	365385.956	1	0
21	8660	8571	38	-1	165	364151.4746	365385.956	1	0
21	8660	8572	38	-1	164	364151.4746	365385.956	1	0
21	8660	8573	38	-1	163	364151.4746	365385.956	1	0
21	8660	8574	38	-1	162	364151.4746	365385.956	1	0
21	8660	8575	38	-1	161	364151.4746	365385.956	1	0
21	8660	8576	38	-1	160	364151.4746	365385.956	1	0
21	8660	8577	38	-1	159	364151.4746	365385.956	1	0
21	8660	8578	38	-1	158	364151.4746	365385.956	1	0
21	8660	8579	38	-1	157	364151.4746	365385.956	1	0
21	8660	8580	38	-1	156	364151.4746	365385.956	1	0
21	8660	8581	38	-1	155	364151.4746	365385.956	1	0
21	8660	8582	38	-1	154	364151.4746	365385.956	1	0
21	8660	8583	38	-1	153	364151.4746	365385.956	1	0
21	8660	8584	38	-1	152	364151.4746	365385.956	1	0
21	8660	8585	38	-1	151	364151.4746	365385.956	1	0
21	8660	8586	38	-1	150	364151.4746	365385.956	1	0
21	8660	8587	38	-1	149	364151.4746	365385.956	1	0
21	8660	8588	38	-1	148	364151.4746	365385.956	1	0
21	8660	8589	38	-1	147	364151.4746	365385.956	1	0
21	8660	8590	38	-1	146	364151.4746	365385.956	1	0
21	8660	8591	38	-1	145	364151.4746	365385.956	1	0
21	8660	8592	38	-1	144	364151.4746	365385.956	1	0
21	8660	8593	38	-1	143	364151.4746	365385.956	1	0
21	8660	8594	38	-1	142	364151.4746	365385.956	1	0
21	8660	8595	38	-1	141	364151.4746	365385.956	1	0
21	8660	8596	38	-1	140	364151.4746	365385.956	1	0
21	8660	8597	38	-1	139	364151.4746	365385.956	1	0
21	8660	8598	38	-1	138	364151.4746	365385.956	1	0
21	8660	8599	38	-1	137	364151.4746	365385.956	1	0
21	8660	8600	38	-1	136	364151.4746	365385.956	1	0
21	8660	8601	38	-1	135	364151.4746	364151.4746	0	0
21	8660	8602	38	-1	134	364151.4746	365385.956	1	0
21	8660	8603	38	-1	133	364151.4746	365385.956	1	0
21	8660	8604	38	-1	132	364151.4746	365385.956	1	0
21	8660	8605	38	-1	127	365885.3082	367119.7896	1	0
21	8660	8606	38	-1	126	365885.3082	367119.7896	1	0
21	8660	8607	38	-1	125	365885.3082	367119.7896	1	0
21	8660	8608	38	-1	124	365885.3082	367119.7896	1	0
21	8660	8609	38	-1	123	365885.3082	367119.7896	1	0
21	8660	8610	38	-1	122	365885.3082	367119.7896	1	0
21	8660	8611	38	-1	121	365885.3082	367119.7896	1	0
21	8660	8612	38	-1	120	365885.3082	367119.7896	1	0
21	8660	8613	38	-1	119	365885.3082	367119.7896	1	0
21	8660	8614	38	-1	118	365885.3082	367119.7896	1	0
21	8660	8615	38	-1	117	365885.3082	367119.7896	1	0
21	8660	8616	38	-1	116	365885.3082	367119.7896	1	0
21	8660	8617	38	-1	115	365885.3082	367119.7896	1	0
21	8660	8618	38	-1	114	365885.3082	367119.7896	1	0
21	8660	8619	38	-1	113	365885.3082	367119.7896	1	0
21	8660	8620	38	-1	112	365885.3082	367119.7896	1	0
21	8660	8621	38	-1	111	365885.3082	367119.7896	1	0
21	8660	8622	38	-1	110	365885.3082	367119.7896	1	0
21	8660	8623	38	-1	109	365885.3082	367119.7896	1	0
21	8660	8624	38	-1	108	365885.3082	367119.7896	1	0
21	8660	8625	38	-1	107	365885.3082	367119.7896	1	0
21	8660	8626	38	-1	106	365885.3082	367119.7896	1	0
21	8660	8627	38	-1	105	365885.3082	367119.7896	1	0
21	8660	8628	38	-1	104	365885.3082	367119.7896	1	0
21	8660	8629	38	-1	103	365885.3082	367119.7896	1	0
21	8660	8630	38	-1	102	365885.3082	367119.7896	1	0
21	8660	8631	38	-1	101	365885.3082	367119.7896	1	0
21	8660	8632	38	-1	100	365885.3082	367119.7896	1	0
21	8660	8633	38	-1	99	365885.3082	367119.7896	1	0
21	8660	8634	38	-1	98	365885.3082	367119.7896	1	0
21	8660	8635	38	-1	97	365885.3082	367119.7896	1	0
21	8660	8636	38	-1	96	365885.3082	367119.7896	1	0
21	8660	8637	38	-1	95	365885.3082	367119.7896	1	0
21	8660	8638	38	-1	94	365885.3082	367119.7896	1	0
21	8660	8639	38	-1	93	365885.3082	367119.7896	1	0
21	8660	8640	38	-1	92	365885.3082	367119.7896	1	0
21	8660	8641	38	-1	91	365885.3082	367119.7896	1	0
21	8660	8642	38	-1	90	365885.3082	367119.7896	1	0
21	8660	8643	38	-1	89	365885.3082	367119.7896	1	0
21	8660	8644	38	-1	88	365885.3082	367119.7896	1	0
21	8660	8645	38	-1	87	365885.3082	367119.7896	1	0
21	8660	8646	38	-1	86	365885.3082	367119.7896	1	0
21	8660	8647	38	-1	85	365885.3082	367119.7896	1	0
21	8660	8648	38	-1	84	365885.3082	367119.7896	1	0
21	8660	8649	38	-1	83	365885.3082	367119.7896	1	0
21	8660	8650	38	-1	82	365885.3082	367119.7896	1	0
21	8660	8651	38	-1	81	365885.3082	367119.7896	1	0
21	8660	8652	38	-1	80	365885.3082	367119.7896	1	0
21	8660	8653	38	-1	79	365885.3082	367119.7896	1	0
21	8660	8654	38	-1	78	365885.3082	367119.7896	1	0
21	8660	8655	38	-1	77	365885.3082	367119.7896	1	0
21	8660	8656	38	-1	76	365885.3082	367119.7896	1	0
21	8660	8657	38	-1	75	365885.3082	367119.7896	1	0
21	8660	8658	38	-1	74	365885.3082	367119.7896	1	0
21	8660	8659	38	-1	73	365885.3082	367119.7896	1	0
22	8148	6100	34	-1	230	369827.2729	369827.2729	0	1
22	8148	7124	36	-1	200	342177.0276	343408.8319	1	0
22	8148	7125	36	-1	199	341939.8788	343171.6831	1	0
22	8148	7126	36	-1	198	342177.0276	343408.8319	1	0
22	8148	7127	36	-1	197	341939.8788	343171.6831	1	0
22	8148	7128	36	-1	196	342177.0276	343408.8319	1	0
22	8148	7129	36	-1	195	341939.8788	343171.6831	1	0
22	8148	7130	36	-1	194	342177.0276	343408.8319	1	0
22	8148	7131	36	-1	193	341939.8788	343171.6831	1	0
22	8148	7132	36	-1	192	342177.0276	343408.8319	1	0
22	8148	7133	36	-1	191	341939.8788	343171.6831	1	0
22	8148	7134	36	-1	190	342177.0276	343408.8319	1	0
22	8148	7135	36	-1	189	341939.8788	343171.6831	1	0
22	8148	7136	36	-1	188	342177.0276	343408.8319	1	0
22	8148	7137	36	-1	187	341939.8788	343171.6831	1	0
22	8148	7138	36	-1	186	342177.0276	343408.8319	1	0
22	8148	7139	36	-1	185	341939.8788	343171.6831	1	0
22	8148	7140	36	-1	184	342177.0276	343408.8319	1	0
22	8148	7141	36	-1	183	341939.8788	343171.6831	1	0
22	8148	7142	36	-1	182	342177.0276	343408.8319	1	0
22	8148	7143	36	-1	181	341939.8788	343171.6831	1	0
22	8148	7144	36	-1	180	342177.0276	343408.8319	1	0
22	8148	7145	36	-1	179	341939.8788	343171.6831	1	0
22	8148	7146	36	-1	178	342177.0276	343408.8319	1	0
22	8148	7147	36	-1	177	341939.8788	343171.6831	1	0
22	8148	7148	36	-1	176	342177.0276	343408.8319	1	0
22	8148	7149	36	-1	175	341939.8788	343171.6831	1	0
22	8148	7150	36	-1	174	342177.0276	343408.8319	1	0
22	8148	7151	36	-1	173	341939.8788	343171.6831	1	0
22	8148	7152	36	-1	172	342177.0276	343408.8319	1	0
22	8148	7153	36	-1	171	341939.8788	343171.6831	1	0
22	8148	7154	36	-1	170	342177.0276	343408.8319	1	0
22	8148	7155	36	-1	169	341939.8788	343171.6831	1	0
22	8148	7156	36	-1	168	342177.0276	343408.8319	1	0
22	8148	7157	36	-1	167	341939.8788	343171.6831	1	0
22	8148	7158	36	-1	166	342177.0276	343408.8319	1	0
22	8148	7159	36	-1	165	341939.8788	343171.6831	1	0
22	8148	7160	36	-1	164	342177.0276	343408.8319	1	0
22	8148	7161	36	-1	163	341939.8788	343171.6831	1	0
22	8148	7162	36	-1	162	342177.0276	343408.8319	1	0
22	8148	7163	36	-1	161	341939.8788	343171.6831	1	0
22	8148	7164	36	-1	160	342177.0276	343408.8319	1	0
22	8148	7165	36	-1	159	341939.8788	343171.6831	1	0
22	8148	7166	36	-1	158	342177.0276	343408.8319	1	0
22	8148	7167	36	-1	157	341939.8788	343171.6831	1	0
22	8148	7168	36	-1	156	342177.0276	343408.8319	1	0
22	8148	7169	36	-1	155	341939.8788	343171.6831	1	0
22	8148	7170	36	-1	154	342177.0276	343408.8319	1	0
22	8148	7171	36	-1	153	341939.8788	343171.6831	1	0
22	8148	7172	36	-1	152	342177.0276	343408.8319	1	0
22	8148	7173	36	-1	151	341939.8788	343171.6831	1	0
22	8148	7174	36	-1	150	342177.0276	343408.8319	1	0
22	8148	7175	36	-1	149	341939.8788	343171.6831	1	0
22	8148	7176	36	-1	148	342177.0276	343408.8319	1	0
22	8148	7177	36	-1	147	341939.8788	343171.6831	1	0
22	8148	7178	36	-1	146	341939.8788	343171.6831	1	0
22	8148	7179	36	-1	145	341939.8788	343171.6831	1	0
22	8148	7180	36	-1	144	341939.8788	343171.6831	1	0
22	8148	7181	36	-1	143	341939.8788	343171.6831	1	0
22	8148	7182	36	-1	142	342177.0276	343408.8319	1	0
22	8148	7183	36	-1	141	341939.8788	343171.6831	1	0
22	8148	7184	36	-1	140	342177.0276	343408.8319	1	0
22	8148	7185	36	-1	139	341939.8788	343171.6831	1	0
22	8148	7186	36	-1	138	342177.0276	343408.8319	1	0
22	8148	7187	36	-1	137	341939.8788	343171.6831	1	0
22	8148	7188	36	-1	136	342177.0276	343408.8319	1	0
22	8148	7189	36	-1	135	341939.8788	343171.6831	1	0
22	8148	7190	36	-1	134	342177.0276	343408.8319	1	0
22	8148	7191	36	-1	133	341939.8788	343171.6831	1	0
22	8148	7192	36	-1	132	342177.0276	343408.8319	1	0
22	8148	7193	36	-1	127	342882.0637	344113.868	1	0
22	8148	7194	36	-1	126	342882.0637	344113.868	1	0
22	8148	7195	36	-1	125	342882.0637	344113.868	1	0
22	8148	7196	36	-1	124	342882.0637	344113.868	1	0
22	8148	7197	36	-1	123	342882.0637	344113.868	1	0
22	8148	7198	36	-1	122	342882.0637	344113.868	1	0
22	8148	7199	36	-1	121	342882.0637	344113.868	1	0
22	8148	7200	36	-1	120	342882.0637	344113.868	1	0
22	8148	7201	36	-1	119	342882.0637	344113.868	1	0
22	8148	7202	36	-1	118	342882.0637	344113.868	1	0
22	8148	7203	36	-1	117	342882.0637	344113.868	1	0
22	8148	7204	36	-1	116	342882.0637	344113.868	1	0
22	8148	7205	36	-1	115	342882.0637	344113.868	1	0
22	8148	7206	36	-1	114	342882.0637	344113.868	1	0
22	8148	7207	36	-1	113	342882.0637	344113.868	1	0
22	8148	7208	36	-1	112	342882.0637	344113.868	1	0
22	8148	7209	36	-1	111	342882.0637	344113.868	1	0
22	8148	7210	36	-1	110	342882.0637	344113.868	1	0
22	8148	7211	36	-1	109	342882.0637	344113.868	1	0
22	8148	7212	36	-1	108	342882.0637	344113.868	1	0
22	8148	7213	36	-1	107	342882.0637	344113.868	1	0
22	8148	7214	36	-1	106	342882.0637	344113.868	1	0
22	8148	7215	36	-1	105	342882.0637	344113.868	1	0
22	8148	7216	36	-1	104	342882.0637	344113.868	1	0
22	8148	7217	36	-1	103	342882.0637	344113.868	1	0
22	8148	7218	36	-1	102	342882.0637	344113.868	1	0
22	8148	7219	36	-1	101	342882.0637	344113.868	1	0
22	8148	7220	36	-1	100	342882.0637	344113.868	1	0
22	8148	7221	36	-1	99	342882.0637	344113.868	1	0
22	8148	7222	36	-1	98	342882.0637	344113.868	1	0
22	8148	7223	36	-1	97	342882.0637	344113.868	1	0
22	8148	7224	36	-1	96	342882.0637	344113.868	1	0
22	8148	7225	36	-1	95	342882.0637	344113.868	1	0
22	8148	7226	36	-1	94	342882.0637	344113.868	1	0
22	8148	7227	36	-1	93	342882.0637	344113.868	1	0
22	8148	7228	36	-1	92	342882.0637	344113.868	1	0
22	8148	7229	36	-1	91	342882.0637	344113.868	1	0
22	8148	7230	36	-1	90	342882.0637	344113.868	1	0
22	8148	7231	36	-1	89	342882.0637	344113.868	1	0
22	8148	7232	36	-1	88	342882.0637	344113.868	1	0
22	8148	7233	36	-1	87	342882.0637	344113.868	1	0
22	8148	7234	36	-1	86	342882.0637	344113.868	1	0
22	8148	7235	36	-1	85	342882.0637	344113.868	1	0
22	8148	7236	36	-1	84	342882.0637	344113.868	1	0
22	8148	7237	36	-1	83	342882.0637	344113.868	1	0
22	8148	7238	36	-1	82	342882.0637	344113.868	1	0
22	8148	7239	36	-1	81	342882.0637	344113.868	1	0
22	8148	7240	36	-1	80	342882.0637	344113.868	1	0
22	8148	7241	36	-1	79	342882.0637	344113.868	1	0
22	8148	7242	36	-1	78	342882.0637	344113.868	1	0
22	8148	7243	36	-1	77	342882.0637	344113.868	1	0
22	8148	7244	36	-1	76	343353.1562	344584.9605	1	0
22	8148	7245	36	-1	75	343353.1562	344584.9605	1	0
22	8148	7246	36	-1	74	343353.1562	344584.9605	1	0
22	8148	7247	36	-1	255	342410.9713	343642.7756	1	0
22	8148	7248	36	-1	254	342410.9713	343642.7756	1	0
22	8148	7249	36	-1	253	342410.9713	343642.7756	1	0
22	8148	7250	36	-1	252	342410.9713	343642.7756	1	0
22	8148	7251	36	-1	251	342410.9713	343642.7756	1	0
22	8148	7252	36	-1	250	342410.9713	343642.7756	1	0
22	8148	7253	36	-1	249	342410.9713	343642.7756	1	0
22	8148	7254	36	-1	248	342410.9713	343642.7756	1	0
22	8148	7255	36	-1	247	342410.9713	343642.7756	1	0
22	8148	7256	36	-1	246	342410.9713	343642.7756	1	0
22	8148	7257	36	-1	245	342410.9713	343642.7756	1	0
22	8148	7258	36	-1	244	342410.9713	343642.7756	1	0
22	8148	7259	36	-1	243	342410.9713	343642.7756	1	0
22	8148	7260	36	-1	242	342410.9713	343642.7756	1	0
22	8148	7261	36	-1	241	342410.9713	343642.7756	1	0
22	8148	7262	36	-1	240	342410.9713	343642.7756	1	0
22	8148	7263	36	-1	239	342410.9713	343642.7756	1	0
22	8148	7264	36	-1	238	342410.9713	343642.7756	1	0
22	8148	7265	36	-1	237	342410.9713	343642.7756	1	0
22	8148	7266	36	-1	236	342410.9713	343642.7756	1	0
22	8148	7267	36	-1	235	342410.9713	343642.7756	1	0
22	8148	7268	36	-1	234	342410.9713	343642.7756	1	0
22	8148	7269	36	-1	233	342410.9713	343642.7756	1	0
22	8148	7270	36	-1	232	342410.9713	343642.7756	1	0
22	8148	7271	36	-1	231	342410.9713	343642.7756	1	0
22	8148	7272	36	-1	230	342410.9713	342410.9713	0	0
22	8148	7273	36	-1	229	342410.9713	343642.7756	1	0
22	8148	7274	36	-1	228	342410.9713	343642.7756	1	0
22	8148	7275	36	-1	227	342410.9713	343642.7756	1	0
22	8148	7276	36	-1	226	342410.9713	343642.7756	1	0
22	8148	7277	36	-1	225	342410.9713	343642.7756	1	0
22	8148	7278	36	-1	224	342410.9713	343642.7756	1	0
22	8148	7279	36	-1	223	342410.9713	343642.7756	1	0
22	8148	7280	36	-1	222	342410.9713	343642.7756	1	0
22	8148	7281	36	-1	221	342410.9713	343642.7756	1	0
22	8148	7282	36	-1	220	342410.9713	343642.7756	1	0
22	8148	7283	36	-1	219	342410.9713	343642.7756	1	0
22	8148	7284	36	-1	218	342410.9713	343642.7756	1	0
22	8148	7285	36	-1	217	342410.9713	343642.7756	1	0
22	8148	7286	36	-1	216	342410.9713	343642.7756	1	0
22	8148	7287	36	-1	215	342410.9713	343642.7756	1	0
22	8148	7288	36	-1	214	342410.9713	343642.7756	1	0
22	8148	7289	36	-1	213	342410.9713	343642.7756	1	0
22	8148	7290	36	-1	212	342410.9713	343642.7756	1	0
22	8148	7291	36	-1	211	342410.9713	343642.7756	1	0
22	8148	7292	36	-1	210	342410.9713	343642.7756	1	0
22	8148	7293	36	-1	209	342410.9713	343642.7756	1	0
22	8148	7294	36	-1	208	342410.9713	343642.7756	1	0
22	8148	7295	36	-1	207	342410.9713	343642.7756	1	0
22	8148	7296	36	-1	206	342410.9713	343642.7756	1	0
22	8148	7297	36	-1	205	342410.9713	343642.7756	1	0
22	8148	7298	36	-1	204	342410.9713	343642.7756	1	0
22	8148	7299	36	-1	203	342410.9713	343642.7756	1	0
22	8148	7300	36	-1	202	342410.9713	343642.7756	1	0
22	8148	7301	36	-1	201	341468.7863	342700.5907	1	0
22	8148	7302	36	-1	200	341705.9351	342937.7395	1	0
22	8148	7303	36	-1	199	341468.7863	342700.5907	1	0
22	8148	7304	36	-1	198	341705.9351	342937.7395	1	0
22	8148	7305	36	-1	197	341468.7863	342700.5907	1	0
22	8148	7306	36	-1	196	341705.9351	342937.7395	1	0
22	8148	7307	36	-1	195	341468.7863	342700.5907	1	0
22	8148	7308	36	-1	194	341705.9351	342937.7395	1	0
22	8148	7309	36	-1	193	341468.7863	342700.5907	1	0
22	8148	7310	36	-1	192	341705.9351	342937.7395	1	0
22	8148	7311	36	-1	191	341468.7863	342700.5907	1	0
22	8148	7312	36	-1	190	341705.9351	342937.7395	1	0
22	8148	7313	36	-1	189	341468.7863	342700.5907	1	0
22	8148	7314	36	-1	188	341705.9351	342937.7395	1	0
22	8148	7315	36	-1	187	341468.7863	342700.5907	1	0
22	8148	7316	36	-1	186	341705.9351	342937.7395	1	0
22	8148	7317	36	-1	185	341468.7863	342700.5907	1	0
22	8148	7318	36	-1	184	341705.9351	342937.7395	1	0
22	8148	7319	36	-1	183	341468.7863	342700.5907	1	0
22	8148	7320	36	-1	182	341705.9351	342937.7395	1	0
22	8148	7321	36	-1	181	341468.7863	342700.5907	1	0
22	8148	7322	36	-1	180	341705.9351	342937.7395	1	0
22	8148	7323	36	-1	179	341468.7863	342700.5907	1	0
22	8148	7324	36	-1	178	341705.9351	342937.7395	1	0
22	8148	7325	36	-1	177	341468.7863	342700.5907	1	0
22	8148	7326	36	-1	176	341705.9351	342937.7395	1	0
22	8148	7327	36	-1	175	341468.7863	342700.5907	1	0
22	8148	7328	36	-1	174	341705.9351	342937.7395	1	0
22	8148	7329	36	-1	173	341468.7863	342700.5907	1	0
22	8148	7330	36	-1	172	341705.9351	342937.7395	1	0
22	8148	7331	36	-1	171	341468.7863	342700.5907	1	0
22	8148	7332	36	-1	170	341705.9351	342937.7395	1	0
22	8148	7333	36	-1	169	341468.7863	342700.5907	1	0
22	8148	7334	36	-1	168	341705.9351	342937.7395	1	0
22	8148	7335	36	-1	167	341468.7863	342700.5907	1	0
22	8148	7336	36	-1	166	341705.9351	342937.7395	1	0
22	8148	7337	36	-1	165	341468.7863	342700.5907	1	0
22	8148	7338	36	-1	164	341705.9351	342937.7395	1	0
22	8148	7339	36	-1	163	341468.7863	342700.5907	1	0
22	8148	7340	36	-1	162	341705.9351	342937.7395	1	0
22	8148	7341	36	-1	161	341468.7863	342700.5907	1	0
22	8148	7342	36	-1	160	341705.9351	342937.7395	1	0
22	8148	7343	36	-1	159	341468.7863	342700.5907	1	0
22	8148	7344	36	-1	158	341705.9351	342937.7395	1	0
22	8148	7345	36	-1	157	341468.7863	342700.5907	1	0
22	8148	7346	36	-1	156	341705.9351	342937.7395	1	0
22	8148	7347	36	-1	155	341468.7863	342700.5907	1	0
22	8148	7348	36	-1	154	341705.9351	342937.7395	1	0
22	8148	7349	36	-1	153	341468.7863	342700.5907	1	0
22	8148	7350	36	-1	152	341705.9351	342937.7395	1	0
22	8148	7351	36	-1	151	341468.7863	342700.5907	1	0
22	8148	7352	36	-1	150	341705.9351	342937.7395	1	0
22	8148	7353	36	-1	149	341468.7863	342700.5907	1	0
22	8148	7354	36	-1	148	341705.9351	342937.7395	1	0
22	8148	7355	36	-1	147	341468.7863	342700.5907	1	0
22	8148	7356	36	-1	146	341468.7863	342700.5907	1	0
22	8148	7357	36	-1	145	341468.7863	342700.5907	1	0
22	8148	7358	36	-1	144	341468.7863	342700.5907	1	0
22	8148	7359	36	-1	143	341468.7863	342700.5907	1	0
22	8148	7360	36	-1	142	341705.9351	342937.7395	1	0
22	8148	7361	36	-1	141	341468.7863	342700.5907	1	0
22	8148	7362	36	-1	140	341705.9351	342937.7395	1	0
22	8148	7363	36	-1	139	341468.7863	342700.5907	1	0
22	8148	7364	36	-1	138	341705.9351	342937.7395	1	0
22	8148	7365	36	-1	137	341468.7863	342700.5907	1	0
22	8148	7366	36	-1	136	341705.9351	342937.7395	1	0
22	8148	7367	36	-1	135	341468.7863	342700.5907	1	0
22	8148	7368	36	-1	134	341705.9351	342937.7395	1	0
22	8148	7369	36	-1	133	341468.7863	342700.5907	1	0
22	8148	7370	36	-1	132	341705.9351	342937.7395	1	0
22	8148	7371	36	-1	127	342410.9713	343642.7756	1	0
22	8148	7372	36	-1	126	342410.9713	343642.7756	1	0
22	8148	7373	36	-1	125	342410.9713	343642.7756	1	0
22	8148	7374	36	-1	124	342410.9713	343642.7756	1	0
22	8148	7375	36	-1	123	342410.9713	343642.7756	1	0
22	8148	7376	36	-1	122	342410.9713	343642.7756	1	0
22	8148	7377	36	-1	121	342410.9713	343642.7756	1	0
22	8148	7378	36	-1	120	342410.9713	343642.7756	1	0
22	8148	7379	36	-1	119	342410.9713	343642.7756	1	0
22	8148	7380	36	-1	118	342410.9713	343642.7756	1	0
22	8148	7381	36	-1	117	342410.9713	343642.7756	1	0
22	8148	7382	36	-1	116	342410.9713	343642.7756	1	0
22	8148	7383	36	-1	115	342410.9713	343642.7756	1	0
22	8148	7384	36	-1	114	342410.9713	343642.7756	1	0
22	8148	7385	36	-1	113	342410.9713	343642.7756	1	0
22	8148	7386	36	-1	112	342410.9713	343642.7756	1	0
22	8148	7387	36	-1	111	342410.9713	343642.7756	1	0
22	8148	7388	36	-1	110	342410.9713	343642.7756	1	0
22	8148	7389	36	-1	109	342410.9713	343642.7756	1	0
22	8148	7390	36	-1	108	342410.9713	343642.7756	1	0
22	8148	7391	36	-1	107	342410.9713	343642.7756	1	0
22	8148	7392	36	-1	106	342410.9713	343642.7756	1	0
22	8148	7393	36	-1	105	342410.9713	343642.7756	1	0
22	8148	7394	36	-1	104	342410.9713	343642.7756	1	0
22	8148	7395	36	-1	103	342410.9713	343642.7756	1	0
22	8148	7396	36	-1	102	342410.9713	343642.7756	1	0
22	8148	7397	36	-1	101	342410.9713	343642.7756	1	0
22	8148	7398	36	-1	100	342410.9713	343642.7756	1	0
22	8148	7399	36	-1	99	342410.9713	343642.7756	1	0
22	8148	7400	36	-1	98	342410.9713	343642.7756	1	0
22	8148	7401	36	-1	97	342410.9713	343642.7756	1	0
22	8148	7402	36	-1	96	342410.9713	343642.7756	1	0
22	8148	7403	36	-1	95	342410.9713	343642.7756	1	0
22	8148	7404	36	-1	94	342410.9713	343642.7756	1	0
22	8148	7405	36	-1	93	342410.9713	343642.7756	1	0
22	8148	7406	36	-1	92	342410.9713	343642.7756	1	0
22	8148	7407	36	-1	91	342410.9713	343642.7756	1	0
22	8148	7408	36	-1	90	342410.9713	343642.7756	1	0
22	8148	7409	36	-1	89	342410.9713	343642.7756	1	0
22	8148	7410	36	-1	88	342410.9713	343642.7756	1	0
22	8148	7411	36	-1	87	342410.9713	343642.7756	1	0
22	8148	7412	36	-1	86	342410.9713	343642.7756	1	0
22	8148	7413	36	-1	85	342410.9713	343642.7756	1	0
22	8148	7414	36	-1	84	342410.9713	343642.7756	1	0
22	8148	7415	36	-1	83	342410.9713	343642.7756	1	0
22	8148	7416	36	-1	82	342410.9713	343642.7756	1	0
22	8148	7417	36	-1	81	342410.9713	343642.7756	1	0
22	8148	7418	36	-1	80	342410.9713	343642.7756	1	0
22	8148	7419	36	-1	79	342410.9713	343642.7756	1	0
22	8148	7420	36	-1	78	342410.9713	343642.7756	1	0
22	8148	7421	36	-1	77	342410.9713	343642.7756	1	0
22	8148	7422	36	-1	76	342410.9713	343642.7756	1	0
22	8148	7423	36	-1	75	342410.9713	343642.7756	1	0
22	8148	7424	36	-1	74	342410.9713	343642.7756	1	0
22	8148	7425	36	-1	255	341468.7863	342700.5907	1	0
22	8148	7426	36	-1	254	341468.7863	342700.5907	1	0
22	8148	7427	36	-1	253	341468.7863	342700.5907	1	0
22	8148	7428	36	-1	252	341468.7863	342700.5907	1	0
22	8148	7429	36	-1	251	341468.7863	342700.5907	1	0
22	8148	7430	36	-1	250	341468.7863	342700.5907	1	0
22	8148	7431	36	-1	249	341468.7863	342700.5907	1	0
22	8148	7432	36	-1	248	341468.7863	342700.5907	1	0
22	8148	7433	36	-1	247	341468.7863	342700.5907	1	0
22	8148	7434	36	-1	246	341468.7863	342700.5907	1	0
22	8148	7435	36	-1	245	341468.7863	342700.5907	1	0
22	8148	7436	36	-1	244	341468.7863	342700.5907	1	0
22	8148	7437	36	-1	243	341468.7863	342700.5907	1	0
22	8148	7438	36	-1	242	341468.7863	342700.5907	1	0
22	8148	7439	36	-1	241	341468.7863	342700.5907	1	0
22	8148	7440	36	-1	240	341468.7863	342700.5907	1	0
22	8148	7441	36	-1	239	341468.7863	342700.5907	1	0
22	8148	7442	36	-1	238	341468.7863	342700.5907	1	0
22	8148	7443	36	-1	237	341468.7863	342700.5907	1	0
22	8148	7444	36	-1	236	341468.7863	342700.5907	1	0
22	8148	7445	36	-1	235	341468.7863	342700.5907	1	0
22	8148	7446	36	-1	234	341468.7863	342700.5907	1	0
22	8148	7447	36	-1	233	341468.7863	342700.5907	1	0
22	8148	7448	36	-1	232	341468.7863	342700.5907	1	0
22	8148	7449	36	-1	231	341468.7863	342700.5907	1	0
22	8148	7450	36	-1	230	341468.7863	341468.7863	0	0
22	8148	7451	36	-1	229	341468.7863	342700.5907	1	0
22	8148	7452	36	-1	228	341468.7863	342700.5907	1	0
22	8148	7453	36	-1	227	341468.7863	342700.5907	1	0
22	8148	7454	36	-1	226	341468.7863	342700.5907	1	0
22	8148	7455	36	-1	225	341468.7863	342700.5907	1	0
22	8148	7456	36	-1	224	341468.7863	342700.5907	1	0
22	8148	7457	36	-1	223	341468.7863	342700.5907	1	0
22	8148	7458	36	-1	222	341468.7863	342700.5907	1	0
22	8148	7459	36	-1	221	341468.7863	342700.5907	1	0
22	8148	7460	36	-1	220	341468.7863	342700.5907	1	0
22	8148	7461	36	-1	219	341468.7863	342700.5907	1	0
22	8148	7462	36	-1	218	341468.7863	342700.5907	1	0
22	8148	7463	36	-1	217	341468.7863	342700.5907	1	0
22	8148	7464	36	-1	216	341468.7863	342700.5907	1	0
22	8148	7465	36	-1	215	341468.7863	342700.5907	1	0
22	8148	7466	36	-1	214	341468.7863	342700.5907	1	0
22	8148	7467	36	-1	213	341468.7863	342700.5907	1	0
22	8148	7468	36	-1	212	341468.7863	342700.5907	1	0
22	8148	7469	36	-1	211	341468.7863	342700.5907	1	0
22	8148	7470	36	-1	210	341468.7863	342700.5907	1	0
22	8148	7471	36	-1	209	341468.7863	342700.5907	1	0
22	8148	7472	36	-1	208	341468.7863	342700.5907	1	0
22	8148	7473	36	-1	207	341468.7863	342700.5907	1	0
22	8148	7474	36	-1	206	341468.7863	342700.5907	1	0
22	8148	7475	36	-1	205	341468.7863	342700.5907	1	0
22	8148	7476	36	-1	204	341468.7863	342700.5907	1	0
22	8148	7477	36	-1	203	341468.7863	342700.5907	1	0
22	8148	7478	36	-1	202	341468.7863	342700.5907	1	0
22	8148	7479	36	-1	201	340997.6939	342229.4982	1	0
22	8148	7480	36	-1	200	341234.8427	342466.647	1	0
22	8148	7481	36	-1	199	340997.6939	342229.4982	1	0
22	8148	7482	36	-1	198	341234.8427	342466.647	1	0
22	8148	7483	36	-1	197	340997.6939	342229.4982	1	0
22	8148	7484	36	-1	196	341234.8427	342466.647	1	0
22	8148	7485	36	-1	195	340997.6939	342229.4982	1	0
22	8148	7486	36	-1	194	341234.8427	342466.647	1	0
22	8148	7487	36	-1	193	340997.6939	342229.4982	1	0
22	8148	7488	36	-1	192	341234.8427	342466.647	1	0
22	8148	7489	36	-1	191	340997.6939	342229.4982	1	0
22	8148	7490	36	-1	190	341234.8427	342466.647	1	0
22	8148	7491	36	-1	189	340997.6939	342229.4982	1	0
22	8148	7492	36	-1	188	341234.8427	342466.647	1	0
22	8148	7493	36	-1	187	340997.6939	342229.4982	1	0
22	8148	7494	36	-1	186	341234.8427	342466.647	1	0
22	8148	7495	36	-1	185	340997.6939	342229.4982	1	0
22	8148	7496	36	-1	184	341234.8427	342466.647	1	0
22	8148	7497	36	-1	183	340997.6939	342229.4982	1	0
22	8148	7498	36	-1	182	341234.8427	342466.647	1	0
22	8148	7499	36	-1	181	340997.6939	342229.4982	1	0
22	8148	7500	36	-1	180	341234.8427	342466.647	1	0
22	8148	7501	36	-1	179	340997.6939	342229.4982	1	0
22	8148	7502	36	-1	178	341234.8427	342466.647	1	0
22	8148	7503	36	-1	177	340997.6939	342229.4982	1	0
22	8148	7504	36	-1	176	341234.8427	342466.647	1	0
22	8148	7505	36	-1	175	340997.6939	342229.4982	1	0
22	8148	7506	36	-1	174	341234.8427	342466.647	1	0
22	8148	7507	36	-1	173	340997.6939	342229.4982	1	0
22	8148	7508	36	-1	172	341234.8427	342466.647	1	0
22	8148	7509	36	-1	171	340997.6939	342229.4982	1	0
22	8148	7510	36	-1	170	341234.8427	342466.647	1	0
22	8148	7511	36	-1	169	340997.6939	342229.4982	1	0
22	8148	7512	36	-1	168	341234.8427	342466.647	1	0
22	8148	7513	36	-1	167	340997.6939	342229.4982	1	0
22	8148	7514	36	-1	166	341234.8427	342466.647	1	0
22	8148	7515	36	-1	165	340997.6939	342229.4982	1	0
22	8148	7516	36	-1	164	341234.8427	342466.647	1	0
22	8148	7517	36	-1	163	340997.6939	342229.4982	1	0
22	8148	7518	36	-1	162	341234.8427	342466.647	1	0
22	8148	7519	36	-1	161	340997.6939	342229.4982	1	0
22	8148	7520	36	-1	160	341234.8427	342466.647	1	0
22	8148	7521	36	-1	159	340997.6939	342229.4982	1	0
22	8148	7522	36	-1	158	341234.8427	342466.647	1	0
22	8148	7523	36	-1	157	340997.6939	342229.4982	1	0
22	8148	7524	36	-1	156	341234.8427	342466.647	1	0
22	8148	7525	36	-1	155	340997.6939	342229.4982	1	0
22	8148	7526	36	-1	154	341234.8427	342466.647	1	0
22	8148	7527	36	-1	153	340997.6939	342229.4982	1	0
22	8148	7528	36	-1	152	341234.8427	342466.647	1	0
22	8148	7529	36	-1	151	340997.6939	342229.4982	1	0
22	8148	7530	36	-1	150	341234.8427	342466.647	1	0
22	8148	7531	36	-1	149	340997.6939	342229.4982	1	0
22	8148	7532	36	-1	148	341234.8427	342466.647	1	0
22	8148	7533	36	-1	147	340997.6939	342229.4982	1	0
22	8148	7534	36	-1	146	340997.6939	342229.4982	1	0
22	8148	7535	36	-1	145	340997.6939	342229.4982	1	0
22	8148	7536	36	-1	144	340997.6939	342229.4982	1	0
22	8148	7537	36	-1	143	340997.6939	342229.4982	1	0
22	8148	7538	36	-1	142	341234.8427	342466.647	1	0
22	8148	7539	36	-1	141	340997.6939	342229.4982	1	0
22	8148	7540	36	-1	140	341234.8427	342466.647	1	0
22	8148	7541	36	-1	139	340997.6939	342229.4982	1	0
22	8148	7542	36	-1	138	341234.8427	342466.647	1	0
22	8148	7543	36	-1	137	340997.6939	342229.4982	1	0
22	8148	7544	36	-1	136	341234.8427	342466.647	1	0
22	8148	7545	36	-1	135	340997.6939	342229.4982	1	0
22	8148	7546	36	-1	134	341234.8427	342466.647	1	0
22	8148	7547	36	-1	133	340997.6939	342229.4982	1	0
22	8148	7548	36	-1	132	341234.8427	342466.647	1	0
22	8148	7549	36	-1	127	341468.7863	342700.5907	1	0
22	8148	7550	36	-1	126	341468.7863	342700.5907	1	0
22	8148	7551	36	-1	125	341468.7863	342700.5907	1	0
22	8148	7552	36	-1	124	341468.7863	342700.5907	1	0
22	8148	7553	36	-1	123	341468.7863	342700.5907	1	0
22	8148	7554	36	-1	122	341468.7863	342700.5907	1	0
22	8148	7555	36	-1	121	341468.7863	342700.5907	1	0
22	8148	7556	36	-1	120	341468.7863	342700.5907	1	0
22	8148	7557	36	-1	119	341468.7863	342700.5907	1	0
22	8148	7558	36	-1	118	341468.7863	342700.5907	1	0
22	8148	7559	36	-1	117	341468.7863	342700.5907	1	0
22	8148	7560	36	-1	116	341468.7863	342700.5907	1	0
22	8148	7561	36	-1	115	341468.7863	342700.5907	1	0
22	8148	7562	36	-1	114	341468.7863	342700.5907	1	0
22	8148	7563	36	-1	113	341468.7863	342700.5907	1	0
22	8148	7564	36	-1	112	341468.7863	342700.5907	1	0
22	8148	7565	36	-1	111	341468.7863	342700.5907	1	0
22	8148	7566	36	-1	110	341468.7863	342700.5907	1	0
22	8148	7567	36	-1	109	341468.7863	342700.5907	1	0
22	8148	7568	36	-1	108	341468.7863	342700.5907	1	0
22	8148	7569	36	-1	107	341468.7863	342700.5907	1	0
22	8148	7570	36	-1	106	341468.7863	342700.5907	1	0
22	8148	7571	36	-1	105	341468.7863	342700.5907	1	0
22	8148	7572	36	-1	104	341468.7863	342700.5907	1	0
22	8148	7573	36	-1	103	341468.7863	342700.5907	1	0
22	8148	7574	36	-1	102	341468.7863	342700.5907	1	0
22	8148	7575	36	-1	101	341468.7863	342700.5907	1	0
22	8148	7576	36	-1	100	341468.7863	342700.5907	1	0
22	8148	7577	36	-1	99	341468.7863	342700.5907	1	0
22	8148	7578	36	-1	98	341468.7863	342700.5907	1	0
22	8148	7579	36	-1	97	341468.7863	342700.5907	1	0
22	8148	7580	36	-1	96	341468.7863	342700.5907	1	0
22	8148	7581	36	-1	95	341468.7863	342700.5907	1	0
22	8148	7582	36	-1	94	341468.7863	342700.5907	1	0
22	8148	7583	36	-1	93	341468.7863	342700.5907	1	0
22	8148	7584	36	-1	92	341468.7863	342700.5907	1	0
22	8148	7585	36	-1	91	341468.7863	342700.5907	1	0
22	8148	7586	36	-1	90	341468.7863	342700.5907	1	0
22	8148	7587	36	-1	89	341468.7863	342700.5907	1	0
22	8148	7588	36	-1	88	341468.7863	342700.5907	1	0
22	8148	7589	36	-1	87	341468.7863	342700.5907	1	0
22	8148	7590	36	-1	86	341468.7863	342700.5907	1	0
22	8148	7591	36	-1	85	341468.7863	342700.5907	1	0
22	8148	7592	36	-1	84	341468.7863	342700.5907	1	0
22	8148	7593	36	-1	83	341468.7863	342700.5907	1	0
22	8148	7594	36	-1	82	341468.7863	342700.5907	1	0
22	8148	7595	36	-1	81	341468.7863	342700.5907	1	0
22	8148	7596	36	-1	80	341468.7863	342700.5907	1	0
22	8148	7597	36	-1	79	341468.7863	342700.5907	1	0
22	8148	7598	36	-1	78	341468.7863	342700.5907	1	0
22	8148	7599	36	-1	77	341468.7863	342700.5907	1	0
22	8148	7600	36	-1	76	341468.7863	342700.5907	1	0
22	8148	7601	36	-1	75	341468.7863	342700.5907	1	0
22	8148	7602	36	-1	74	341468.7863	342700.5907	1	0
22	8148	7603	36	-1	73	342684.2182	343916.0225	1	0
22	8148	7604	36	-1	71	342450.064	343681.8683	1	0
22	8148	7605	36	-1	69	342450.253	343682.0573	1	0
22	8148	7606	36	-1	67	342450.126	343681.9303	1	0
22	8148	7607	36	-1	65	342449.9829	343681.7872	1	0
22	8148	7608	36	-1	63	342449.6745	343681.4789	1	0
22	8148	7609	36	-1	61	342450.1678	343681.9722	1	0
22	8148	7610	36	-1	59	342449.7118	343681.5161	1	0
22	8148	7611	36	-1	57	342449.6931	343681.4974	1	0
22	8148	7612	36	-1	55	342450.1889	343681.9933	1	0
22	8148	7613	36	-1	53	342449.7494	343681.5537	1	0
22	8148	7614	36	-1	51	342449.6377	343681.442	1	0
22	8148	7615	36	-1	49	342449.9629	343681.7672	1	0
22	8148	7616	36	-1	47	342449.6561	343681.4604	1	0
22	8148	7617	36	-1	45	342450.003	343681.8073	1	0
22	8148	7618	36	-1	43	342450.0232	343681.8276	1	0
22	8148	7619	36	-1	41	342450.0436	343681.8479	1	0
22	8148	7620	36	-1	39	342450.0845	343681.8889	1	0
22	8148	7621	36	-1	37	342450.1052	343681.9095	1	0
22	8148	7622	36	-1	35	342450.1468	343681.9512	1	0
22	8148	7623	36	-1	33	342449.943	343681.7473	1	0
22	8148	7624	36	-1	31	342449.9232	343681.7275	1	0
22	8148	7625	36	-1	29	342449.9035	343681.7078	1	0
22	8148	7626	36	-1	27	342449.8839	343681.6882	1	0
22	8148	7627	36	-1	25	342450.2315	343682.0358	1	0
22	8148	7628	36	-1	23	342449.8644	343681.6687	1	0
22	8148	7629	36	-1	21	342449.8064	343681.6107	1	0
22	8148	7630	36	-1	15	342449.8256	343681.63	1	0
22	8148	7631	36	-1	13	342449.7873	343681.5916	1	0
22	8148	7632	36	-1	11	342449.7683	343681.5726	1	0
22	8148	7633	36	-1	9	342449.7305	343681.5348	1	0
22	8148	7634	36	-1	7	342449.845	343681.6493	1	0
22	8148	7635	36	-1	5	342450.2102	343682.0145	1	0
22	8148	7636	37	-1	19	321224.97	322456.7743	1	0
22	8148	7637	37	-1	18	321224.97	322456.7743	1	0
22	8148	7638	37	-1	17	321224.97	322456.7743	1	0
22	8148	7639	37	-1	16	321224.97	322456.7743	1	0
22	8148	7640	37	-1	15	321224.97	322456.7743	1	0
22	8148	7641	37	-1	14	321224.97	322456.7743	1	0
22	8148	7642	37	-1	13	321224.97	322456.7743	1	0
22	8148	7643	37	-1	12	321224.97	322456.7743	1	0
22	8148	7644	37	-1	11	321224.97	322456.7743	1	0
22	8148	7645	37	-1	10	321224.97	322456.7743	1	0
22	8148	7646	37	-1	9	321224.97	322456.7743	1	0
22	8148	7647	37	-1	8	321224.97	322456.7743	1	0
22	8148	7648	37	-1	7	321224.97	322456.7743	1	0
22	8148	7649	37	-1	6	321224.97	322456.7743	1	0
22	8148	7650	37	-1	5	321224.97	322456.7743	1	0
22	8148	7651	37	-1	4	321224.97	322456.7743	1	0
22	8148	7652	37	-1	255	320991.0263	322222.8306	1	0
22	8148	7653	37	-1	254	320991.0263	322222.8306	1	0
22	8148	7654	37	-1	253	320991.0263	322222.8306	1	0
22	8148	7655	37	-1	252	320991.0263	322222.8306	1	0
22	8148	7656	37	-1	251	320991.0263	322222.8306	1	0
22	8148	7657	37	-1	250	320991.0263	322222.8306	1	0
22	8148	7658	37	-1	249	320991.0263	322222.8306	1	0
22	8148	7659	37	-1	248	320991.0263	322222.8306	1	0
22	8148	7660	37	-1	247	320991.0263	322222.8306	1	0
22	8148	7661	37	-1	246	320991.0263	322222.8306	1	0
22	8148	7662	37	-1	245	320991.0263	322222.8306	1	0
22	8148	7663	37	-1	244	320991.0263	322222.8306	1	0
22	8148	7664	37	-1	243	320991.0263	322222.8306	1	0
22	8148	7665	37	-1	242	320991.0263	322222.8306	1	0
22	8148	7666	37	-1	241	320991.0263	322222.8306	1	0
22	8148	7667	37	-1	240	320991.0263	322222.8306	1	0
22	8148	7668	37	-1	239	320991.0263	322222.8306	1	0
22	8148	7669	37	-1	238	320991.0263	322222.8306	1	0
22	8148	7670	37	-1	237	320991.0263	322222.8306	1	0
22	8148	7671	37	-1	236	320991.0263	322222.8306	1	0
22	8148	7672	37	-1	235	320991.0263	322222.8306	1	0
22	8148	7673	37	-1	234	320991.0263	322222.8306	1	0
22	8148	7674	37	-1	233	320991.0263	322222.8306	1	0
22	8148	7675	37	-1	232	320991.0263	322222.8306	1	0
22	8148	7676	37	-1	231	320991.0263	322222.8306	1	0
22	8148	7677	37	-1	230	320991.0263	320991.0263	0	0
22	8148	7678	37	-1	229	320991.0263	322222.8306	1	0
22	8148	7679	37	-1	228	320991.0263	322222.8306	1	0
22	8148	7680	37	-1	227	320991.0263	322222.8306	1	0
22	8148	7681	37	-1	226	320991.0263	322222.8306	1	0
22	8148	7682	37	-1	225	320991.0263	322222.8306	1	0
22	8148	7683	37	-1	224	320991.0263	322222.8306	1	0
22	8148	7684	37	-1	223	320991.0263	322222.8306	1	0
22	8148	7685	37	-1	222	320991.0263	322222.8306	1	0
22	8148	7686	37	-1	221	320991.0263	322222.8306	1	0
22	8148	7687	37	-1	220	320991.0263	322222.8306	1	0
22	8148	7688	37	-1	219	320991.0263	322222.8306	1	0
22	8148	7689	37	-1	218	320991.0263	322222.8306	1	0
22	8148	7690	37	-1	217	320991.0263	322222.8306	1	0
22	8148	7691	37	-1	216	320991.0263	322222.8306	1	0
22	8148	7692	37	-1	215	320991.0263	322222.8306	1	0
22	8148	7693	37	-1	214	320991.0263	322222.8306	1	0
22	8148	7694	37	-1	213	320991.0263	322222.8306	1	0
22	8148	7695	37	-1	212	320991.0263	322222.8306	1	0
22	8148	7696	37	-1	211	320991.0263	322222.8306	1	0
22	8148	7697	37	-1	210	320991.0263	322222.8306	1	0
22	8148	7698	37	-1	209	320991.0263	322222.8306	1	0
22	8148	7699	37	-1	208	320991.0263	322222.8306	1	0
22	8148	7700	37	-1	207	320991.0263	322222.8306	1	0
22	8148	7701	37	-1	206	320991.0263	322222.8306	1	0
22	8148	7702	37	-1	205	320991.0263	322222.8306	1	0
22	8148	7703	37	-1	204	320991.0263	322222.8306	1	0
22	8148	7704	37	-1	203	320991.0263	322222.8306	1	0
22	8148	7705	37	-1	202	320991.0263	322222.8306	1	0
22	8148	7706	37	-1	201	320991.0263	322222.8306	1	0
22	8148	7707	37	-1	200	320991.0263	322222.8306	1	0
22	8148	7708	37	-1	199	320991.0263	322222.8306	1	0
22	8148	7709	37	-1	198	320991.0263	322222.8306	1	0
22	8148	7710	37	-1	197	320991.0263	322222.8306	1	0
22	8148	7711	37	-1	196	320991.0263	322222.8306	1	0
22	8148	7712	37	-1	195	320991.0263	322222.8306	1	0
22	8148	7713	37	-1	194	320991.0263	322222.8306	1	0
22	8148	7714	37	-1	193	320991.0263	322222.8306	1	0
22	8148	7715	37	-1	192	320991.0263	322222.8306	1	0
22	8148	7716	37	-1	191	320991.0263	322222.8306	1	0
22	8148	7717	37	-1	190	320991.0263	322222.8306	1	0
22	8148	7718	37	-1	189	320991.0263	322222.8306	1	0
22	8148	7719	37	-1	188	320991.0263	322222.8306	1	0
22	8148	7720	37	-1	187	320991.0263	322222.8306	1	0
22	8148	7721	37	-1	186	320991.0263	322222.8306	1	0
22	8148	7722	37	-1	185	320991.0263	322222.8306	1	0
22	8148	7723	37	-1	184	320991.0263	322222.8306	1	0
22	8148	7724	37	-1	183	320991.0263	322222.8306	1	0
22	8148	7725	37	-1	182	320991.0263	322222.8306	1	0
22	8148	7726	37	-1	181	320991.0263	322222.8306	1	0
22	8148	7727	37	-1	180	320991.0263	322222.8306	1	0
22	8148	7728	37	-1	179	320991.0263	322222.8306	1	0
22	8148	7729	37	-1	178	320991.0263	322222.8306	1	0
22	8148	7730	37	-1	177	320991.0263	322222.8306	1	0
22	8148	7731	37	-1	176	320991.0263	322222.8306	1	0
22	8148	7732	37	-1	175	320991.0263	322222.8306	1	0
22	8148	7733	37	-1	174	320991.0263	322222.8306	1	0
22	8148	7734	37	-1	173	320991.0263	322222.8306	1	0
22	8148	7735	37	-1	172	320991.0263	322222.8306	1	0
22	8148	7736	37	-1	171	320991.0263	322222.8306	1	0
22	8148	7737	37	-1	170	320991.0263	322222.8306	1	0
22	8148	7738	37	-1	169	320991.0263	322222.8306	1	0
22	8148	7739	37	-1	168	320991.0263	322222.8306	1	0
22	8148	7740	37	-1	167	320991.0263	322222.8306	1	0
22	8148	7741	37	-1	166	320991.0263	322222.8306	1	0
22	8148	7742	37	-1	165	320991.0263	322222.8306	1	0
22	8148	7743	37	-1	164	320991.0263	322222.8306	1	0
22	8148	7744	37	-1	163	320991.0263	322222.8306	1	0
22	8148	7745	37	-1	162	320991.0263	322222.8306	1	0
22	8148	7746	37	-1	161	320991.0263	322222.8306	1	0
22	8148	7747	37	-1	160	320991.0263	322222.8306	1	0
22	8148	7748	37	-1	159	320991.0263	322222.8306	1	0
22	8148	7749	37	-1	158	320991.0263	322222.8306	1	0
22	8148	7750	37	-1	157	320991.0263	322222.8306	1	0
22	8148	7751	37	-1	156	320991.0263	322222.8306	1	0
22	8148	7752	37	-1	155	320991.0263	322222.8306	1	0
22	8148	7753	37	-1	154	320991.0263	322222.8306	1	0
22	8148	7754	37	-1	153	320991.0263	322222.8306	1	0
22	8148	7755	37	-1	152	320991.0263	322222.8306	1	0
22	8148	7756	37	-1	151	320991.0263	322222.8306	1	0
22	8148	7757	37	-1	150	320991.0263	322222.8306	1	0
22	8148	7758	37	-1	149	320991.0263	322222.8306	1	0
22	8148	7759	37	-1	148	320991.0263	322222.8306	1	0
22	8148	7760	37	-1	147	320991.0263	322222.8306	1	0
22	8148	7761	37	-1	146	320991.0263	322222.8306	1	0
22	8148	7762	37	-1	145	320991.0263	322222.8306	1	0
22	8148	7763	37	-1	144	320991.0263	322222.8306	1	0
22	8148	7764	37	-1	143	320991.0263	322222.8306	1	0
22	8148	7765	37	-1	142	320991.0263	322222.8306	1	0
22	8148	7766	37	-1	141	320991.0263	322222.8306	1	0
22	8148	7767	37	-1	140	320991.0263	322222.8306	1	0
22	8148	7768	37	-1	139	320991.0263	322222.8306	1	0
22	8148	7769	37	-1	138	320991.0263	322222.8306	1	0
22	8148	7770	37	-1	137	320991.0263	322222.8306	1	0
22	8148	7771	37	-1	136	320991.0263	322222.8306	1	0
22	8148	7772	37	-1	135	320991.0263	322222.8306	1	0
22	8148	7773	37	-1	134	320991.0263	322222.8306	1	0
22	8148	7774	37	-1	133	320991.0263	322222.8306	1	0
22	8148	7775	37	-1	132	320991.0263	322222.8306	1	0
22	8148	7776	37	-1	127	320991.0263	322222.8306	1	0
22	8148	7777	37	-1	126	320991.0263	322222.8306	1	0
22	8148	7778	37	-1	125	320991.0263	322222.8306	1	0
22	8148	7779	37	-1	124	320991.0263	322222.8306	1	0
22	8148	7780	37	-1	123	320991.0263	322222.8306	1	0
22	8148	7781	37	-1	122	320991.0263	322222.8306	1	0
22	8148	7782	37	-1	121	320991.0263	322222.8306	1	0
22	8148	7783	37	-1	120	320991.0263	322222.8306	1	0
22	8148	7784	37	-1	119	320991.0263	322222.8306	1	0
22	8148	7785	37	-1	118	320991.0263	322222.8306	1	0
22	8148	7786	37	-1	117	320991.0263	322222.8306	1	0
22	8148	7787	37	-1	116	320991.0263	322222.8306	1	0
22	8148	7788	37	-1	115	320991.0263	322222.8306	1	0
22	8148	7789	37	-1	114	320991.0263	322222.8306	1	0
22	8148	7790	37	-1	113	320991.0263	322222.8306	1	0
22	8148	7791	37	-1	112	320991.0263	322222.8306	1	0
22	8148	7792	37	-1	111	320991.0263	322222.8306	1	0
22	8148	7793	37	-1	110	320991.0263	322222.8306	1	0
22	8148	7794	37	-1	109	320991.0263	322222.8306	1	0
22	8148	7795	37	-1	108	320991.0263	322222.8306	1	0
22	8148	7796	37	-1	107	320991.0263	322222.8306	1	0
22	8148	7797	37	-1	106	320991.0263	322222.8306	1	0
22	8148	7798	37	-1	105	320991.0263	322222.8306	1	0
22	8148	7799	37	-1	104	320991.0263	322222.8306	1	0
22	8148	7800	37	-1	103	320991.0263	322222.8306	1	0
22	8148	7801	37	-1	102	320991.0263	322222.8306	1	0
22	8148	7802	37	-1	101	320991.0263	322222.8306	1	0
22	8148	7803	37	-1	100	320991.0263	322222.8306	1	0
22	8148	7804	37	-1	99	320991.0263	322222.8306	1	0
22	8148	7805	37	-1	98	320991.0263	322222.8306	1	0
22	8148	7806	37	-1	97	320991.0263	322222.8306	1	0
22	8148	7807	37	-1	96	320991.0263	322222.8306	1	0
22	8148	7808	37	-1	95	320991.0263	322222.8306	1	0
22	8148	7809	37	-1	94	320991.0263	322222.8306	1	0
22	8148	7810	37	-1	93	320991.0263	322222.8306	1	0
22	8148	7811	37	-1	92	320991.0263	322222.8306	1	0
22	8148	7812	37	-1	91	320991.0263	322222.8306	1	0
22	8148	7813	37	-1	90	320991.0263	322222.8306	1	0
22	8148	7814	37	-1	89	320991.0263	322222.8306	1	0
22	8148	7815	37	-1	88	320991.0263	322222.8306	1	0
22	8148	7816	37	-1	87	320991.0263	322222.8306	1	0
22	8148	7817	37	-1	86	320991.0263	322222.8306	1	0
22	8148	7818	37	-1	85	320991.0263	322222.8306	1	0
22	8148	7819	37	-1	84	320991.0263	322222.8306	1	0
22	8148	7820	37	-1	83	320991.0263	322222.8306	1	0
22	8148	7821	37	-1	82	320991.0263	322222.8306	1	0
22	8148	7822	37	-1	81	320991.0263	322222.8306	1	0
22	8148	7823	37	-1	80	320991.0263	322222.8306	1	0
22	8148	7824	37	-1	79	320991.0263	322222.8306	1	0
22	8148	7825	37	-1	78	320991.0263	322222.8306	1	0
22	8148	7826	37	-1	77	320991.0263	322222.8306	1	0
22	8148	7827	37	-1	76	320991.0263	322222.8306	1	0
22	8148	7828	37	-1	75	320991.0263	322222.8306	1	0
22	8148	7829	37	-1	74	320991.0263	322222.8306	1	0
22	8148	7830	37	-1	73	320991.0263	322222.8306	1	0
22	8148	7831	37	-1	72	320991.0263	322222.8306	1	0
22	8148	7832	37	-1	71	320991.0263	322222.8306	1	0
22	8148	7833	37	-1	70	320991.0263	322222.8306	1	0
22	8148	7834	37	-1	69	320991.0263	322222.8306	1	0
22	8148	7835	37	-1	68	320991.0263	322222.8306	1	0
22	8148	7836	37	-1	67	320991.0263	322222.8306	1	0
22	8148	7837	37	-1	66	320991.0263	322222.8306	1	0
22	8148	7838	37	-1	65	320991.0263	322222.8306	1	0
22	8148	7839	37	-1	64	320991.0263	322222.8306	1	0
22	8148	7840	37	-1	63	320991.0263	322222.8306	1	0
22	8148	7841	37	-1	62	320991.0263	322222.8306	1	0
22	8148	7842	37	-1	61	320991.0263	322222.8306	1	0
22	8148	7843	37	-1	60	320991.0263	322222.8306	1	0
22	8148	7844	37	-1	59	320991.0263	322222.8306	1	0
22	8148	7845	37	-1	58	320991.0263	322222.8306	1	0
22	8148	7846	37	-1	57	320991.0263	322222.8306	1	0
22	8148	7847	37	-1	56	320991.0263	322222.8306	1	0
22	8148	7848	37	-1	55	320991.0263	322222.8306	1	0
22	8148	7849	37	-1	54	320991.0263	322222.8306	1	0
22	8148	7850	37	-1	53	320991.0263	322222.8306	1	0
22	8148	7851	37	-1	52	320991.0263	322222.8306	1	0
22	8148	7852	37	-1	51	320991.0263	322222.8306	1	0
22	8148	7853	37	-1	50	320991.0263	322222.8306	1	0
22	8148	7854	37	-1	49	320991.0263	322222.8306	1	0
22	8148	7855	37	-1	48	320991.0263	322222.8306	1	0
22	8148	7856	37	-1	47	320991.0263	322222.8306	1	0
22	8148	7857	37	-1	46	320991.0263	322222.8306	1	0
22	8148	7858	37	-1	45	320991.0263	322222.8306	1	0
22	8148	7859	37	-1	44	320991.0263	322222.8306	1	0
22	8148	7860	37	-1	43	320991.0263	322222.8306	1	0
22	8148	7861	37	-1	42	320991.0263	322222.8306	1	0
22	8148	7862	37	-1	41	320991.0263	322222.8306	1	0
22	8148	7863	37	-1	40	320991.0263	322222.8306	1	0
22	8148	7864	37	-1	39	320991.0263	322222.8306	1	0
22	8148	7865	37	-1	38	320991.0263	322222.8306	1	0
22	8148	7866	37	-1	37	320991.0263	322222.8306	1	0
22	8148	7867	37	-1	36	320991.0263	322222.8306	1	0
22	8148	7868	37	-1	35	320991.0263	322222.8306	1	0
22	8148	7869	37	-1	34	320991.0263	322222.8306	1	0
22	8148	7870	37	-1	33	320991.0263	322222.8306	1	0
22	8148	7871	37	-1	32	320991.0263	322222.8306	1	0
22	8148	7872	37	-1	31	320991.0263	322222.8306	1	0
22	8148	7873	37	-1	30	320991.0263	322222.8306	1	0
22	8148	7874	37	-1	29	320991.0263	322222.8306	1	0
22	8148	7875	37	-1	28	320991.0263	322222.8306	1	0
22	8148	7876	37	-1	27	320991.0263	322222.8306	1	0
22	8148	7877	37	-1	26	320991.0263	322222.8306	1	0
22	8148	7878	37	-1	25	320991.0263	322222.8306	1	0
22	8148	7879	37	-1	24	320991.0263	322222.8306	1	0
22	8148	7880	37	-1	23	320991.0263	322222.8306	1	0
22	8148	7881	37	-1	22	320991.0263	322222.8306	1	0
22	8148	7882	37	-1	21	320991.0263	322222.8306	1	0
22	8148	7883	37	-1	20	320991.0263	322222.8306	1	0
22	8148	7884	37	-1	19	320991.0263	322222.8306	1	0
22	8148	7885	37	-1	18	320991.0263	322222.8306	1	0
22	8148	7886	37	-1	17	320991.0263	322222.8306	1	0
22	8148	7887	37	-1	16	320991.0263	322222.8306	1	0
22	8148	7888	37	-1	15	320991.0263	322222.8306	1	0
22	8148	7889	37	-1	14	320991.0263	322222.8306	1	0
22	8148	7890	37	-1	13	320991.0263	322222.8306	1	0
22	8148	7891	37	-1	12	320991.0263	322222.8306	1	0
22	8148	7892	37	-1	11	320991.0263	322222.8306	1	0
22	8148	7893	37	-1	10	320991.0263	322222.8306	1	0
22	8148	7894	37	-1	9	320991.0263	322222.8306	1	0
22	8148	7895	37	-1	8	320991.0263	322222.8306	1	0
22	8148	7896	37	-1	7	320991.0263	322222.8306	1	0
22	8148	7897	37	-1	6	320991.0263	322222.8306	1	0
22	8148	7898	37	-1	5	320991.0263	322222.8306	1	0
22	8148	7899	37	-1	4	320991.0263	322222.8306	1	0
22	8148	7900	37	-1	255	320523.139	321754.9433	1	0
22	8148	7901	37	-1	254	320523.139	321754.9433	1	0
22	8148	7902	37	-1	253	320523.139	321754.9433	1	0
22	8148	7903	37	-1	252	320523.139	321754.9433	1	0
22	8148	7904	37	-1	251	320523.139	321754.9433	1	0
22	8148	7905	37	-1	250	320523.139	321754.9433	1	0
22	8148	7906	37	-1	249	320523.139	321754.9433	1	0
22	8148	7907	37	-1	248	320523.139	321754.9433	1	0
22	8148	7908	37	-1	247	320523.139	321754.9433	1	0
22	8148	7909	37	-1	246	320523.139	321754.9433	1	0
22	8148	7910	37	-1	245	320523.139	321754.9433	1	0
22	8148	7911	37	-1	244	320523.139	321754.9433	1	0
22	8148	7912	37	-1	243	320523.139	321754.9433	1	0
22	8148	7913	37	-1	242	320523.139	321754.9433	1	0
22	8148	7914	37	-1	241	320523.139	321754.9433	1	0
22	8148	7915	37	-1	240	320523.139	321754.9433	1	0
22	8148	7916	37	-1	239	320523.139	321754.9433	1	0
22	8148	7917	37	-1	238	320523.139	321754.9433	1	0
22	8148	7918	37	-1	237	320523.139	321754.9433	1	0
22	8148	7919	37	-1	236	320523.139	321754.9433	1	0
22	8148	7920	37	-1	235	320523.139	321754.9433	1	0
22	8148	7921	37	-1	234	320523.139	321754.9433	1	0
22	8148	7922	37	-1	233	320523.139	321754.9433	1	0
22	8148	7923	37	-1	232	320523.139	321754.9433	1	0
22	8148	7924	37	-1	231	320523.139	321754.9433	1	0
22	8148	7925	37	-1	230	320523.139	320523.139	0	0
22	8148	7926	37	-1	229	320523.139	321754.9433	1	0
22	8148	7927	37	-1	228	320523.139	321754.9433	1	0
22	8148	7928	37	-1	227	320523.139	321754.9433	1	0
22	8148	7929	37	-1	226	320523.139	321754.9433	1	0
22	8148	7930	37	-1	225	320523.139	321754.9433	1	0
22	8148	7931	37	-1	224	320523.139	321754.9433	1	0
22	8148	7932	37	-1	223	320523.139	321754.9433	1	0
22	8148	7933	37	-1	222	320523.139	321754.9433	1	0
22	8148	7934	37	-1	221	320523.139	321754.9433	1	0
22	8148	7935	37	-1	220	320523.139	321754.9433	1	0
22	8148	7936	37	-1	219	320523.139	321754.9433	1	0
22	8148	7937	37	-1	218	320523.139	321754.9433	1	0
22	8148	7938	37	-1	217	320523.139	321754.9433	1	0
22	8148	7939	37	-1	216	320523.139	321754.9433	1	0
22	8148	7940	37	-1	215	320523.139	321754.9433	1	0
22	8148	7941	37	-1	214	320523.139	321754.9433	1	0
22	8148	7942	37	-1	213	320523.139	321754.9433	1	0
22	8148	7943	37	-1	212	320523.139	321754.9433	1	0
22	8148	7944	37	-1	211	320523.139	321754.9433	1	0
22	8148	7945	37	-1	210	320523.139	321754.9433	1	0
22	8148	7946	37	-1	209	320523.139	321754.9433	1	0
22	8148	7947	37	-1	208	320523.139	321754.9433	1	0
22	8148	7948	37	-1	207	320523.139	321754.9433	1	0
22	8148	7949	37	-1	206	320523.139	321754.9433	1	0
22	8148	7950	37	-1	205	320523.139	321754.9433	1	0
22	8148	7951	37	-1	204	320523.139	321754.9433	1	0
22	8148	7952	37	-1	203	320523.139	321754.9433	1	0
22	8148	7953	37	-1	202	320523.139	321754.9433	1	0
22	8148	7954	37	-1	201	320523.139	321754.9433	1	0
22	8148	7955	37	-1	200	320523.139	321754.9433	1	0
22	8148	7956	37	-1	199	320523.139	321754.9433	1	0
22	8148	7957	37	-1	198	320523.139	321754.9433	1	0
22	8148	7958	37	-1	197	320523.139	321754.9433	1	0
22	8148	7959	37	-1	196	320523.139	321754.9433	1	0
22	8148	7960	37	-1	195	320523.139	321754.9433	1	0
22	8148	7961	37	-1	194	320523.139	321754.9433	1	0
22	8148	7962	37	-1	193	320523.139	321754.9433	1	0
22	8148	7963	37	-1	192	320523.139	321754.9433	1	0
22	8148	7964	37	-1	191	320523.139	321754.9433	1	0
22	8148	7965	37	-1	190	320523.139	321754.9433	1	0
22	8148	7966	37	-1	189	320523.139	321754.9433	1	0
22	8148	7967	37	-1	188	320523.139	321754.9433	1	0
22	8148	7968	37	-1	187	320523.139	321754.9433	1	0
22	8148	7969	37	-1	186	320523.139	321754.9433	1	0
22	8148	7970	37	-1	185	320523.139	321754.9433	1	0
22	8148	7971	37	-1	184	320523.139	321754.9433	1	0
22	8148	7972	37	-1	183	320523.139	321754.9433	1	0
22	8148	7973	37	-1	182	320523.139	321754.9433	1	0
22	8148	7974	37	-1	181	320523.139	321754.9433	1	0
22	8148	7975	37	-1	180	320523.139	321754.9433	1	0
22	8148	7976	37	-1	179	320523.139	321754.9433	1	0
22	8148	7977	37	-1	178	320523.139	321754.9433	1	0
22	8148	7978	37	-1	177	320523.139	321754.9433	1	0
22	8148	7979	37	-1	176	320523.139	321754.9433	1	0
22	8148	7980	37	-1	175	320523.139	321754.9433	1	0
22	8148	7981	37	-1	174	320523.139	321754.9433	1	0
22	8148	7982	37	-1	173	320523.139	321754.9433	1	0
22	8148	7983	37	-1	172	320523.139	321754.9433	1	0
22	8148	7984	37	-1	171	320523.139	321754.9433	1	0
22	8148	7985	37	-1	170	320523.139	321754.9433	1	0
22	8148	7986	37	-1	169	320523.139	321754.9433	1	0
22	8148	7987	37	-1	168	320523.139	321754.9433	1	0
22	8148	7988	37	-1	167	320523.139	321754.9433	1	0
22	8148	7989	37	-1	166	320523.139	321754.9433	1	0
22	8148	7990	37	-1	165	320523.139	321754.9433	1	0
22	8148	7991	37	-1	164	320523.139	321754.9433	1	0
22	8148	7992	37	-1	163	320523.139	321754.9433	1	0
22	8148	7993	37	-1	162	320523.139	321754.9433	1	0
22	8148	7994	37	-1	161	320523.139	321754.9433	1	0
22	8148	7995	37	-1	160	320523.139	321754.9433	1	0
22	8148	7996	37	-1	159	320523.139	321754.9433	1	0
22	8148	7997	37	-1	158	320523.139	321754.9433	1	0
22	8148	7998	37	-1	157	320523.139	321754.9433	1	0
22	8148	7999	37	-1	156	320523.139	321754.9433	1	0
22	8148	8000	37	-1	155	320523.139	321754.9433	1	0
22	8148	8001	37	-1	154	320523.139	321754.9433	1	0
22	8148	8002	37	-1	153	320523.139	321754.9433	1	0
22	8148	8003	37	-1	152	320523.139	321754.9433	1	0
22	8148	8004	37	-1	151	320523.139	321754.9433	1	0
22	8148	8005	37	-1	150	320523.139	321754.9433	1	0
22	8148	8006	37	-1	149	320523.139	321754.9433	1	0
22	8148	8007	37	-1	148	320523.139	321754.9433	1	0
22	8148	8008	37	-1	147	320523.139	321754.9433	1	0
22	8148	8009	37	-1	146	320523.139	321754.9433	1	0
22	8148	8010	37	-1	145	320523.139	321754.9433	1	0
22	8148	8011	37	-1	144	320523.139	321754.9433	1	0
22	8148	8012	37	-1	143	320523.139	321754.9433	1	0
22	8148	8013	37	-1	142	320523.139	321754.9433	1	0
22	8148	8014	37	-1	141	320523.139	321754.9433	1	0
22	8148	8015	37	-1	140	320523.139	321754.9433	1	0
22	8148	8016	37	-1	139	320523.139	321754.9433	1	0
22	8148	8017	37	-1	138	320523.139	321754.9433	1	0
22	8148	8018	37	-1	137	320523.139	321754.9433	1	0
22	8148	8019	37	-1	136	320523.139	321754.9433	1	0
22	8148	8020	37	-1	135	320523.139	321754.9433	1	0
22	8148	8021	37	-1	134	320523.139	321754.9433	1	0
22	8148	8022	37	-1	133	320523.139	321754.9433	1	0
22	8148	8023	37	-1	132	320523.139	321754.9433	1	0
22	8148	8024	37	-1	127	320523.139	321754.9433	1	0
22	8148	8025	37	-1	126	320523.139	321754.9433	1	0
22	8148	8026	37	-1	125	320523.139	321754.9433	1	0
22	8148	8027	37	-1	124	320523.139	321754.9433	1	0
22	8148	8028	37	-1	123	320523.139	321754.9433	1	0
22	8148	8029	37	-1	122	320523.139	321754.9433	1	0
22	8148	8030	37	-1	121	320523.139	321754.9433	1	0
22	8148	8031	37	-1	120	320523.139	321754.9433	1	0
22	8148	8032	37	-1	119	320523.139	321754.9433	1	0
22	8148	8033	37	-1	118	320523.139	321754.9433	1	0
22	8148	8034	37	-1	117	320523.139	321754.9433	1	0
22	8148	8035	37	-1	116	320523.139	321754.9433	1	0
22	8148	8036	37	-1	115	320523.139	321754.9433	1	0
22	8148	8037	37	-1	114	320523.139	321754.9433	1	0
22	8148	8038	37	-1	113	320523.139	321754.9433	1	0
22	8148	8039	37	-1	112	320523.139	321754.9433	1	0
22	8148	8040	37	-1	111	320523.139	321754.9433	1	0
22	8148	8041	37	-1	110	320523.139	321754.9433	1	0
22	8148	8042	37	-1	109	320523.139	321754.9433	1	0
22	8148	8043	37	-1	108	320523.139	321754.9433	1	0
22	8148	8044	37	-1	107	320523.139	321754.9433	1	0
22	8148	8045	37	-1	106	320523.139	321754.9433	1	0
22	8148	8046	37	-1	105	320523.139	321754.9433	1	0
22	8148	8047	37	-1	104	320523.139	321754.9433	1	0
22	8148	8048	37	-1	103	320523.139	321754.9433	1	0
22	8148	8049	37	-1	102	320523.139	321754.9433	1	0
22	8148	8050	37	-1	101	320523.139	321754.9433	1	0
22	8148	8051	37	-1	100	320523.139	321754.9433	1	0
22	8148	8052	37	-1	99	320523.139	321754.9433	1	0
22	8148	8053	37	-1	98	320523.139	321754.9433	1	0
22	8148	8054	37	-1	97	320523.139	321754.9433	1	0
22	8148	8055	37	-1	96	320523.139	321754.9433	1	0
22	8148	8056	37	-1	95	320523.139	321754.9433	1	0
22	8148	8057	37	-1	94	320523.139	321754.9433	1	0
22	8148	8058	37	-1	93	320523.139	321754.9433	1	0
22	8148	8059	37	-1	92	320523.139	321754.9433	1	0
22	8148	8060	37	-1	91	320523.139	321754.9433	1	0
22	8148	8061	37	-1	90	320523.139	321754.9433	1	0
22	8148	8062	37	-1	89	320523.139	321754.9433	1	0
22	8148	8063	37	-1	88	320523.139	321754.9433	1	0
22	8148	8064	37	-1	87	320523.139	321754.9433	1	0
22	8148	8065	37	-1	86	320523.139	321754.9433	1	0
22	8148	8066	37	-1	85	320523.139	321754.9433	1	0
22	8148	8067	37	-1	84	320523.139	321754.9433	1	0
22	8148	8068	37	-1	83	320523.139	321754.9433	1	0
22	8148	8069	37	-1	82	320523.139	321754.9433	1	0
22	8148	8070	37	-1	81	320523.139	321754.9433	1	0
22	8148	8071	37	-1	80	320523.139	321754.9433	1	0
22	8148	8072	37	-1	79	320523.139	321754.9433	1	0
22	8148	8073	37	-1	78	320523.139	321754.9433	1	0
22	8148	8074	37	-1	77	320523.139	321754.9433	1	0
22	8148	8075	37	-1	76	320523.139	321754.9433	1	0
22	8148	8076	37	-1	75	320523.139	321754.9433	1	0
22	8148	8077	37	-1	74	320523.139	321754.9433	1	0
22	8148	8078	37	-1	73	320523.139	321754.9433	1	0
22	8148	8079	37	-1	72	320523.139	321754.9433	1	0
22	8148	8080	37	-1	71	320523.139	321754.9433	1	0
22	8148	8081	37	-1	70	320523.139	321754.9433	1	0
22	8148	8082	37	-1	69	320523.139	321754.9433	1	0
22	8148	8083	37	-1	68	320523.139	321754.9433	1	0
22	8148	8084	37	-1	67	320523.139	321754.9433	1	0
22	8148	8085	37	-1	66	320523.139	321754.9433	1	0
22	8148	8086	37	-1	65	320523.139	321754.9433	1	0
22	8148	8087	37	-1	64	320523.139	321754.9433	1	0
22	8148	8088	37	-1	63	320523.139	321754.9433	1	0
22	8148	8089	37	-1	62	320523.139	321754.9433	1	0
22	8148	8090	37	-1	61	320523.139	321754.9433	1	0
22	8148	8091	37	-1	60	320523.139	321754.9433	1	0
22	8148	8092	37	-1	59	320523.139	321754.9433	1	0
22	8148	8093	37	-1	58	320523.139	321754.9433	1	0
22	8148	8094	37	-1	57	320523.139	321754.9433	1	0
22	8148	8095	37	-1	56	320523.139	321754.9433	1	0
22	8148	8096	37	-1	55	320523.139	321754.9433	1	0
22	8148	8097	37	-1	54	320523.139	321754.9433	1	0
22	8148	8098	37	-1	53	320523.139	321754.9433	1	0
22	8148	8099	37	-1	52	320523.139	321754.9433	1	0
22	8148	8100	37	-1	51	320523.139	321754.9433	1	0
22	8148	8101	37	-1	50	320523.139	321754.9433	1	0
22	8148	8102	37	-1	49	320523.139	321754.9433	1	0
22	8148	8103	37	-1	48	320523.139	321754.9433	1	0
22	8148	8104	37	-1	47	320523.139	321754.9433	1	0
22	8148	8105	37	-1	46	320523.139	321754.9433	1	0
22	8148	8106	37	-1	45	320523.139	321754.9433	1	0
22	8148	8107	37	-1	44	320523.139	321754.9433	1	0
22	8148	8108	37	-1	43	320523.139	321754.9433	1	0
22	8148	8109	37	-1	42	320523.139	321754.9433	1	0
22	8148	8110	37	-1	41	320523.139	321754.9433	1	0
22	8148	8111	37	-1	40	320523.139	321754.9433	1	0
22	8148	8112	37	-1	39	320523.139	321754.9433	1	0
22	8148	8113	37	-1	38	320523.139	321754.9433	1	0
22	8148	8114	37	-1	37	320523.139	321754.9433	1	0
22	8148	8115	37	-1	36	320523.139	321754.9433	1	0
22	8148	8116	37	-1	35	320523.139	321754.9433	1	0
22	8148	8117	37	-1	34	320523.139	321754.9433	1	0
22	8148	8118	37	-1	33	320523.139	321754.9433	1	0
22	8148	8119	37	-1	32	320523.139	321754.9433	1	0
22	8148	8120	37	-1	31	320523.139	321754.9433	1	0
22	8148	8121	37	-1	30	320523.139	321754.9433	1	0
22	8148	8122	37	-1	29	320523.139	321754.9433	1	0
22	8148	8123	37	-1	28	320523.139	321754.9433	1	0
22	8148	8124	37	-1	27	320523.139	321754.9433	1	0
22	8148	8125	37	-1	26	320523.139	321754.9433	1	0
22	8148	8126	37	-1	25	320523.139	321754.9433	1	0
22	8148	8127	37	-1	24	320523.139	321754.9433	1	0
22	8148	8128	37	-1	23	320523.139	321754.9433	1	0
22	8148	8129	37	-1	22	320523.139	321754.9433	1	0
22	8148	8130	37	-1	21	320523.139	321754.9433	1	0
22	8148	8131	37	-1	20	320523.139	321754.9433	1	0
22	8148	8132	37	-1	19	320523.139	321754.9433	1	0
22	8148	8133	37	-1	18	320523.139	321754.9433	1	0
22	8148	8134	37	-1	17	320523.139	321754.9433	1	0
22	8148	8135	37	-1	16	320523.139	321754.9433	1	0
22	8148	8136	37	-1	15	320523.139	321754.9433	1	0
22	8148	8137	37	-1	14	320523.139	321754.9433	1	0
22	8148	8138	37	-1	13	320523.139	321754.9433	1	0
22	8148	8139	37	-1	12	320523.139	321754.9433	1	0
22	8148	8140	37	-1	11	320523.139	321754.9433	1	0
22	8148	8141	37	-1	10	320523.139	321754.9433	1	0
22	8148	8142	37	-1	9	320523.139	321754.9433	1	0
22	8148	8143	37	-1	8	320523.139	321754.9433	1	0
22	8148	8144	37	-1	7	320523.139	321754.9433	1	0
22	8148	8145	37	-1	6	320523.139	321754.9433	1	0
22	8148	8146	37	-1	5	320523.139	321754.9433	1	0
22	8148	8147	37	-1	4	320523.139	321754.9433	1	0
23	6100	6088	31	-1	204	361185.8334	362417.6377	1	1
23	6100	6089	31	-1	203	361185.8334	362417.6377	1	1
23	6100	6090	31	-1	202	361185.8334	362417.6377	1	1
23	6100	6091	31	-1	201	360006.4997	361238.304	1	0
24	8327	6279	34	-1	230	366359.6058	366359.6058	0	1
24	8327	7124	36	-1	200	342177.0276	343408.8319	1	0
24	8327	7125	36	-1	199	341939.8788	343171.6831	1	0
24	8327	7126	36	-1	198	342177.0276	343408.8319	1	0
24	8327	7127	36	-1	197	341939.8788	343171.6831	1	0
24	8327	7128	36	-1	196	342177.0276	343408.8319	1	0
24	8327	7129	36	-1	195	341939.8788	343171.6831	1	0
24	8327	7130	36	-1	194	342177.0276	343408.8319	1	0
24	8327	7131	36	-1	193	341939.8788	343171.6831	1	0
24	8327	7132	36	-1	192	342177.0276	343408.8319	1	0
24	8327	7133	36	-1	191	341939.8788	343171.6831	1	0
24	8327	7134	36	-1	190	342177.0276	343408.8319	1	0
24	8327	7135	36	-1	189	341939.8788	343171.6831	1	0
24	8327	7136	36	-1	188	342177.0276	343408.8319	1	0
24	8327	7137	36	-1	187	341939.8788	343171.6831	1	0
24	8327	7138	36	-1	186	342177.0276	343408.8319	1	0
24	8327	7139	36	-1	185	341939.8788	343171.6831	1	0
24	8327	7140	36	-1	184	342177.0276	343408.8319	1	0
24	8327	7141	36	-1	183	341939.8788	343171.6831	1	0
24	8327	7142	36	-1	182	342177.0276	343408.8319	1	0
24	8327	7143	36	-1	181	341939.8788	343171.6831	1	0
24	8327	7144	36	-1	180	342177.0276	343408.8319	1	0
24	8327	7145	36	-1	179	341939.8788	343171.6831	1	0
24	8327	7146	36	-1	178	342177.0276	343408.8319	1	0
24	8327	7147	36	-1	177	341939.8788	343171.6831	1	0
24	8327	7148	36	-1	176	342177.0276	343408.8319	1	0
24	8327	7149	36	-1	175	341939.8788	343171.6831	1	0
24	8327	7150	36	-1	174	342177.0276	343408.8319	1	0
24	8327	7151	36	-1	173	341939.8788	343171.6831	1	0
24	8327	7152	36	-1	172	342177.0276	343408.8319	1	0
24	8327	7153	36	-1	171	341939.8788	343171.6831	1	0
24	8327	7154	36	-1	170	342177.0276	343408.8319	1	0
24	8327	7155	36	-1	169	341939.8788	343171.6831	1	0
24	8327	7156	36	-1	168	342177.0276	343408.8319	1	0
24	8327	7157	36	-1	167	341939.8788	343171.6831	1	0
24	8327	7158	36	-1	166	342177.0276	343408.8319	1	0
24	8327	7159	36	-1	165	341939.8788	343171.6831	1	0
24	8327	7160	36	-1	164	342177.0276	343408.8319	1	0
24	8327	7161	36	-1	163	341939.8788	343171.6831	1	0
24	8327	7162	36	-1	162	342177.0276	343408.8319	1	0
24	8327	7163	36	-1	161	341939.8788	343171.6831	1	0
24	8327	7164	36	-1	160	342177.0276	343408.8319	1	0
24	8327	7165	36	-1	159	341939.8788	343171.6831	1	0
24	8327	7166	36	-1	158	342177.0276	343408.8319	1	0
24	8327	7167	36	-1	157	341939.8788	343171.6831	1	0
24	8327	7168	36	-1	156	342177.0276	343408.8319	1	0
24	8327	7169	36	-1	155	341939.8788	343171.6831	1	0
24	8327	7170	36	-1	154	342177.0276	343408.8319	1	0
24	8327	7171	36	-1	153	341939.8788	343171.6831	1	0
24	8327	7172	36	-1	152	342177.0276	343408.8319	1	0
24	8327	7173	36	-1	151	341939.8788	343171.6831	1	0
24	8327	7174	36	-1	150	342177.0276	343408.8319	1	0
24	8327	7175	36	-1	149	341939.8788	343171.6831	1	0
24	8327	7176	36	-1	148	342177.0276	343408.8319	1	0
24	8327	7177	36	-1	147	341939.8788	343171.6831	1	0
24	8327	7178	36	-1	146	341939.8788	343171.6831	1	0
24	8327	7179	36	-1	145	341939.8788	343171.6831	1	0
24	8327	7180	36	-1	144	341939.8788	343171.6831	1	0
24	8327	7181	36	-1	143	341939.8788	343171.6831	1	0
24	8327	7182	36	-1	142	342177.0276	343408.8319	1	0
24	8327	7183	36	-1	141	341939.8788	343171.6831	1	0
24	8327	7184	36	-1	140	342177.0276	343408.8319	1	0
24	8327	7185	36	-1	139	341939.8788	343171.6831	1	0
24	8327	7186	36	-1	138	342177.0276	343408.8319	1	0
24	8327	7187	36	-1	137	341939.8788	343171.6831	1	0
24	8327	7188	36	-1	136	342177.0276	343408.8319	1	0
24	8327	7189	36	-1	135	341939.8788	343171.6831	1	0
24	8327	7190	36	-1	134	342177.0276	343408.8319	1	0
24	8327	7191	36	-1	133	341939.8788	343171.6831	1	0
24	8327	7192	36	-1	132	342177.0276	343408.8319	1	0
24	8327	7193	36	-1	127	342882.0637	344113.868	1	0
24	8327	7194	36	-1	126	342882.0637	344113.868	1	0
24	8327	7195	36	-1	125	342882.0637	344113.868	1	0
24	8327	7196	36	-1	124	342882.0637	344113.868	1	0
24	8327	7197	36	-1	123	342882.0637	344113.868	1	0
24	8327	7198	36	-1	122	342882.0637	344113.868	1	0
24	8327	7199	36	-1	121	342882.0637	344113.868	1	0
24	8327	7200	36	-1	120	342882.0637	344113.868	1	0
24	8327	7201	36	-1	119	342882.0637	344113.868	1	0
24	8327	7202	36	-1	118	342882.0637	344113.868	1	0
24	8327	7203	36	-1	117	342882.0637	344113.868	1	0
24	8327	7204	36	-1	116	342882.0637	344113.868	1	0
24	8327	7205	36	-1	115	342882.0637	344113.868	1	0
24	8327	7206	36	-1	114	342882.0637	344113.868	1	0
24	8327	7207	36	-1	113	342882.0637	344113.868	1	0
24	8327	7208	36	-1	112	342882.0637	344113.868	1	0
24	8327	7209	36	-1	111	342882.0637	344113.868	1	0
24	8327	7210	36	-1	110	342882.0637	344113.868	1	0
24	8327	7211	36	-1	109	342882.0637	344113.868	1	0
24	8327	7212	36	-1	108	342882.0637	344113.868	1	0
24	8327	7213	36	-1	107	342882.0637	344113.868	1	0
24	8327	7214	36	-1	106	342882.0637	344113.868	1	0
24	8327	7215	36	-1	105	342882.0637	344113.868	1	0
24	8327	7216	36	-1	104	342882.0637	344113.868	1	0
24	8327	7217	36	-1	103	342882.0637	344113.868	1	0
24	8327	7218	36	-1	102	342882.0637	344113.868	1	0
24	8327	7219	36	-1	101	342882.0637	344113.868	1	0
24	8327	7220	36	-1	100	342882.0637	344113.868	1	0
24	8327	7221	36	-1	99	342882.0637	344113.868	1	0
24	8327	7222	36	-1	98	342882.0637	344113.868	1	0
24	8327	7223	36	-1	97	342882.0637	344113.868	1	0
24	8327	7224	36	-1	96	342882.0637	344113.868	1	0
24	8327	7225	36	-1	95	342882.0637	344113.868	1	0
24	8327	7226	36	-1	94	342882.0637	344113.868	1	0
24	8327	7227	36	-1	93	342882.0637	344113.868	1	0
24	8327	7228	36	-1	92	342882.0637	344113.868	1	0
24	8327	7229	36	-1	91	342882.0637	344113.868	1	0
24	8327	7230	36	-1	90	342882.0637	344113.868	1	0
24	8327	7231	36	-1	89	342882.0637	344113.868	1	0
24	8327	7232	36	-1	88	342882.0637	344113.868	1	0
24	8327	7233	36	-1	87	342882.0637	344113.868	1	0
24	8327	7234	36	-1	86	342882.0637	344113.868	1	0
24	8327	7235	36	-1	85	342882.0637	344113.868	1	0
24	8327	7236	36	-1	84	342882.0637	344113.868	1	0
24	8327	7237	36	-1	83	342882.0637	344113.868	1	0
24	8327	7238	36	-1	82	342882.0637	344113.868	1	0
24	8327	7239	36	-1	81	342882.0637	344113.868	1	0
24	8327	7240	36	-1	80	342882.0637	344113.868	1	0
24	8327	7241	36	-1	79	342882.0637	344113.868	1	0
24	8327	7242	36	-1	78	342882.0637	344113.868	1	0
24	8327	7243	36	-1	77	342882.0637	344113.868	1	0
24	8327	7244	36	-1	76	343353.1562	344584.9605	1	0
24	8327	7245	36	-1	75	343353.1562	344584.9605	1	0
24	8327	7246	36	-1	74	343353.1562	344584.9605	1	0
24	8327	7247	36	-1	255	342410.9713	343642.7756	1	0
24	8327	7248	36	-1	254	342410.9713	343642.7756	1	0
24	8327	7249	36	-1	253	342410.9713	343642.7756	1	0
24	8327	7250	36	-1	252	342410.9713	343642.7756	1	0
24	8327	7251	36	-1	251	342410.9713	343642.7756	1	0
24	8327	7252	36	-1	250	342410.9713	343642.7756	1	0
24	8327	7253	36	-1	249	342410.9713	343642.7756	1	0
24	8327	7254	36	-1	248	342410.9713	343642.7756	1	0
24	8327	7255	36	-1	247	342410.9713	343642.7756	1	0
24	8327	7256	36	-1	246	342410.9713	343642.7756	1	0
24	8327	7257	36	-1	245	342410.9713	343642.7756	1	0
24	8327	7258	36	-1	244	342410.9713	343642.7756	1	0
24	8327	7259	36	-1	243	342410.9713	343642.7756	1	0
24	8327	7260	36	-1	242	342410.9713	343642.7756	1	0
24	8327	7261	36	-1	241	342410.9713	343642.7756	1	0
24	8327	7262	36	-1	240	342410.9713	343642.7756	1	0
24	8327	7263	36	-1	239	342410.9713	343642.7756	1	0
24	8327	7264	36	-1	238	342410.9713	343642.7756	1	0
24	8327	7265	36	-1	237	342410.9713	343642.7756	1	0
24	8327	7266	36	-1	236	342410.9713	343642.7756	1	0
24	8327	7267	36	-1	235	342410.9713	343642.7756	1	0
24	8327	7268	36	-1	234	342410.9713	343642.7756	1	0
24	8327	7269	36	-1	233	342410.9713	343642.7756	1	0
24	8327	7270	36	-1	232	342410.9713	343642.7756	1	0
24	8327	7271	36	-1	231	342410.9713	343642.7756	1	0
24	8327	7272	36	-1	230	342410.9713	342410.9713	0	0
24	8327	7273	36	-1	229	342410.9713	343642.7756	1	0
24	8327	7274	36	-1	228	342410.9713	343642.7756	1	0
24	8327	7275	36	-1	227	342410.9713	343642.7756	1	0
24	8327	7276	36	-1	226	342410.9713	343642.7756	1	0
24	8327	7277	36	-1	225	342410.9713	343642.7756	1	0
24	8327	7278	36	-1	224	342410.9713	343642.7756	1	0
24	8327	7279	36	-1	223	342410.9713	343642.7756	1	0
24	8327	7280	36	-1	222	342410.9713	343642.7756	1	0
24	8327	7281	36	-1	221	342410.9713	343642.7756	1	0
24	8327	7282	36	-1	220	342410.9713	343642.7756	1	0
24	8327	7283	36	-1	219	342410.9713	343642.7756	1	0
24	8327	7284	36	-1	218	342410.9713	343642.7756	1	0
24	8327	7285	36	-1	217	342410.9713	343642.7756	1	0
24	8327	7286	36	-1	216	342410.9713	343642.7756	1	0
24	8327	7287	36	-1	215	342410.9713	343642.7756	1	0
24	8327	7288	36	-1	214	342410.9713	343642.7756	1	0
24	8327	7289	36	-1	213	342410.9713	343642.7756	1	0
24	8327	7290	36	-1	212	342410.9713	343642.7756	1	0
24	8327	7291	36	-1	211	342410.9713	343642.7756	1	0
24	8327	7292	36	-1	210	342410.9713	343642.7756	1	0
24	8327	7293	36	-1	209	342410.9713	343642.7756	1	0
24	8327	7294	36	-1	208	342410.9713	343642.7756	1	0
24	8327	7295	36	-1	207	342410.9713	343642.7756	1	0
24	8327	7296	36	-1	206	342410.9713	343642.7756	1	0
24	8327	7297	36	-1	205	342410.9713	343642.7756	1	0
24	8327	7298	36	-1	204	342410.9713	343642.7756	1	0
24	8327	7299	36	-1	203	342410.9713	343642.7756	1	0
24	8327	7300	36	-1	202	342410.9713	343642.7756	1	0
24	8327	7301	36	-1	201	341468.7863	342700.5907	1	0
24	8327	7302	36	-1	200	341705.9351	342937.7395	1	0
24	8327	7303	36	-1	199	341468.7863	342700.5907	1	0
24	8327	7304	36	-1	198	341705.9351	342937.7395	1	0
24	8327	7305	36	-1	197	341468.7863	342700.5907	1	0
24	8327	7306	36	-1	196	341705.9351	342937.7395	1	0
24	8327	7307	36	-1	195	341468.7863	342700.5907	1	0
24	8327	7308	36	-1	194	341705.9351	342937.7395	1	0
24	8327	7309	36	-1	193	341468.7863	342700.5907	1	0
24	8327	7310	36	-1	192	341705.9351	342937.7395	1	0
24	8327	7311	36	-1	191	341468.7863	342700.5907	1	0
24	8327	7312	36	-1	190	341705.9351	342937.7395	1	0
24	8327	7313	36	-1	189	341468.7863	342700.5907	1	0
24	8327	7314	36	-1	188	341705.9351	342937.7395	1	0
24	8327	7315	36	-1	187	341468.7863	342700.5907	1	0
24	8327	7316	36	-1	186	341705.9351	342937.7395	1	0
24	8327	7317	36	-1	185	341468.7863	342700.5907	1	0
24	8327	7318	36	-1	184	341705.9351	342937.7395	1	0
24	8327	7319	36	-1	183	341468.7863	342700.5907	1	0
24	8327	7320	36	-1	182	341705.9351	342937.7395	1	0
24	8327	7321	36	-1	181	341468.7863	342700.5907	1	0
24	8327	7322	36	-1	180	341705.9351	342937.7395	1	0
24	8327	7323	36	-1	179	341468.7863	342700.5907	1	0
24	8327	7324	36	-1	178	341705.9351	342937.7395	1	0
24	8327	7325	36	-1	177	341468.7863	342700.5907	1	0
24	8327	7326	36	-1	176	341705.9351	342937.7395	1	0
24	8327	7327	36	-1	175	341468.7863	342700.5907	1	0
24	8327	7328	36	-1	174	341705.9351	342937.7395	1	0
24	8327	7329	36	-1	173	341468.7863	342700.5907	1	0
24	8327	7330	36	-1	172	341705.9351	342937.7395	1	0
24	8327	7331	36	-1	171	341468.7863	342700.5907	1	0
24	8327	7332	36	-1	170	341705.9351	342937.7395	1	0
24	8327	7333	36	-1	169	341468.7863	342700.5907	1	0
24	8327	7334	36	-1	168	341705.9351	342937.7395	1	0
24	8327	7335	36	-1	167	341468.7863	342700.5907	1	0
24	8327	7336	36	-1	166	341705.9351	342937.7395	1	0
24	8327	7337	36	-1	165	341468.7863	342700.5907	1	0
24	8327	7338	36	-1	164	341705.9351	342937.7395	1	0
24	8327	7339	36	-1	163	341468.7863	342700.5907	1	0
24	8327	7340	36	-1	162	341705.9351	342937.7395	1	0
24	8327	7341	36	-1	161	341468.7863	342700.5907	1	0
24	8327	7342	36	-1	160	341705.9351	342937.7395	1	0
24	8327	7343	36	-1	159	341468.7863	342700.5907	1	0
24	8327	7344	36	-1	158	341705.9351	342937.7395	1	0
24	8327	7345	36	-1	157	341468.7863	342700.5907	1	0
24	8327	7346	36	-1	156	341705.9351	342937.7395	1	0
24	8327	7347	36	-1	155	341468.7863	342700.5907	1	0
24	8327	7348	36	-1	154	341705.9351	342937.7395	1	0
24	8327	7349	36	-1	153	341468.7863	342700.5907	1	0
24	8327	7350	36	-1	152	341705.9351	342937.7395	1	0
24	8327	7351	36	-1	151	341468.7863	342700.5907	1	0
24	8327	7352	36	-1	150	341705.9351	342937.7395	1	0
24	8327	7353	36	-1	149	341468.7863	342700.5907	1	0
24	8327	7354	36	-1	148	341705.9351	342937.7395	1	0
24	8327	7355	36	-1	147	341468.7863	342700.5907	1	0
24	8327	7356	36	-1	146	341468.7863	342700.5907	1	0
24	8327	7357	36	-1	145	341468.7863	342700.5907	1	0
24	8327	7358	36	-1	144	341468.7863	342700.5907	1	0
24	8327	7359	36	-1	143	341468.7863	342700.5907	1	0
24	8327	7360	36	-1	142	341705.9351	342937.7395	1	0
24	8327	7361	36	-1	141	341468.7863	342700.5907	1	0
24	8327	7362	36	-1	140	341705.9351	342937.7395	1	0
24	8327	7363	36	-1	139	341468.7863	342700.5907	1	0
24	8327	7364	36	-1	138	341705.9351	342937.7395	1	0
24	8327	7365	36	-1	137	341468.7863	342700.5907	1	0
24	8327	7366	36	-1	136	341705.9351	342937.7395	1	0
24	8327	7367	36	-1	135	341468.7863	342700.5907	1	0
24	8327	7368	36	-1	134	341705.9351	342937.7395	1	0
24	8327	7369	36	-1	133	341468.7863	342700.5907	1	0
24	8327	7370	36	-1	132	341705.9351	342937.7395	1	0
24	8327	7371	36	-1	127	342410.9713	343642.7756	1	0
24	8327	7372	36	-1	126	342410.9713	343642.7756	1	0
24	8327	7373	36	-1	125	342410.9713	343642.7756	1	0
24	8327	7374	36	-1	124	342410.9713	343642.7756	1	0
24	8327	7375	36	-1	123	342410.9713	343642.7756	1	0
24	8327	7376	36	-1	122	342410.9713	343642.7756	1	0
24	8327	7377	36	-1	121	342410.9713	343642.7756	1	0
24	8327	7378	36	-1	120	342410.9713	343642.7756	1	0
24	8327	7379	36	-1	119	342410.9713	343642.7756	1	0
24	8327	7380	36	-1	118	342410.9713	343642.7756	1	0
24	8327	7381	36	-1	117	342410.9713	343642.7756	1	0
24	8327	7382	36	-1	116	342410.9713	343642.7756	1	0
24	8327	7383	36	-1	115	342410.9713	343642.7756	1	0
24	8327	7384	36	-1	114	342410.9713	343642.7756	1	0
24	8327	7385	36	-1	113	342410.9713	343642.7756	1	0
24	8327	7386	36	-1	112	342410.9713	343642.7756	1	0
24	8327	7387	36	-1	111	342410.9713	343642.7756	1	0
24	8327	7388	36	-1	110	342410.9713	343642.7756	1	0
24	8327	7389	36	-1	109	342410.9713	343642.7756	1	0
24	8327	7390	36	-1	108	342410.9713	343642.7756	1	0
24	8327	7391	36	-1	107	342410.9713	343642.7756	1	0
24	8327	7392	36	-1	106	342410.9713	343642.7756	1	0
24	8327	7393	36	-1	105	342410.9713	343642.7756	1	0
24	8327	7394	36	-1	104	342410.9713	343642.7756	1	0
24	8327	7395	36	-1	103	342410.9713	343642.7756	1	0
24	8327	7396	36	-1	102	342410.9713	343642.7756	1	0
24	8327	7397	36	-1	101	342410.9713	343642.7756	1	0
24	8327	7398	36	-1	100	342410.9713	343642.7756	1	0
24	8327	7399	36	-1	99	342410.9713	343642.7756	1	0
24	8327	7400	36	-1	98	342410.9713	343642.7756	1	0
24	8327	7401	36	-1	97	342410.9713	343642.7756	1	0
24	8327	7402	36	-1	96	342410.9713	343642.7756	1	0
24	8327	7403	36	-1	95	342410.9713	343642.7756	1	0
24	8327	7404	36	-1	94	342410.9713	343642.7756	1	0
24	8327	7405	36	-1	93	342410.9713	343642.7756	1	0
24	8327	7406	36	-1	92	342410.9713	343642.7756	1	0
24	8327	7407	36	-1	91	342410.9713	343642.7756	1	0
24	8327	7408	36	-1	90	342410.9713	343642.7756	1	0
24	8327	7409	36	-1	89	342410.9713	343642.7756	1	0
24	8327	7410	36	-1	88	342410.9713	343642.7756	1	0
24	8327	7411	36	-1	87	342410.9713	343642.7756	1	0
24	8327	7412	36	-1	86	342410.9713	343642.7756	1	0
24	8327	7413	36	-1	85	342410.9713	343642.7756	1	0
24	8327	7414	36	-1	84	342410.9713	343642.7756	1	0
24	8327	7415	36	-1	83	342410.9713	343642.7756	1	0
24	8327	7416	36	-1	82	342410.9713	343642.7756	1	0
24	8327	7417	36	-1	81	342410.9713	343642.7756	1	0
24	8327	7418	36	-1	80	342410.9713	343642.7756	1	0
24	8327	7419	36	-1	79	342410.9713	343642.7756	1	0
24	8327	7420	36	-1	78	342410.9713	343642.7756	1	0
24	8327	7421	36	-1	77	342410.9713	343642.7756	1	0
24	8327	7422	36	-1	76	342410.9713	343642.7756	1	0
24	8327	7423	36	-1	75	342410.9713	343642.7756	1	0
24	8327	7424	36	-1	74	342410.9713	343642.7756	1	0
24	8327	7425	36	-1	255	341468.7863	342700.5907	1	0
24	8327	7426	36	-1	254	341468.7863	342700.5907	1	0
24	8327	7427	36	-1	253	341468.7863	342700.5907	1	0
24	8327	7428	36	-1	252	341468.7863	342700.5907	1	0
24	8327	7429	36	-1	251	341468.7863	342700.5907	1	0
24	8327	7430	36	-1	250	341468.7863	342700.5907	1	0
24	8327	7431	36	-1	249	341468.7863	342700.5907	1	0
24	8327	7432	36	-1	248	341468.7863	342700.5907	1	0
24	8327	7433	36	-1	247	341468.7863	342700.5907	1	0
24	8327	7434	36	-1	246	341468.7863	342700.5907	1	0
24	8327	7435	36	-1	245	341468.7863	342700.5907	1	0
24	8327	7436	36	-1	244	341468.7863	342700.5907	1	0
24	8327	7437	36	-1	243	341468.7863	342700.5907	1	0
24	8327	7438	36	-1	242	341468.7863	342700.5907	1	0
24	8327	7439	36	-1	241	341468.7863	342700.5907	1	0
24	8327	7440	36	-1	240	341468.7863	342700.5907	1	0
24	8327	7441	36	-1	239	341468.7863	342700.5907	1	0
24	8327	7442	36	-1	238	341468.7863	342700.5907	1	0
24	8327	7443	36	-1	237	341468.7863	342700.5907	1	0
24	8327	7444	36	-1	236	341468.7863	342700.5907	1	0
24	8327	7445	36	-1	235	341468.7863	342700.5907	1	0
24	8327	7446	36	-1	234	341468.7863	342700.5907	1	0
24	8327	7447	36	-1	233	341468.7863	342700.5907	1	0
24	8327	7448	36	-1	232	341468.7863	342700.5907	1	0
24	8327	7449	36	-1	231	341468.7863	342700.5907	1	0
24	8327	7450	36	-1	230	341468.7863	341468.7863	0	0
24	8327	7451	36	-1	229	341468.7863	342700.5907	1	0
24	8327	7452	36	-1	228	341468.7863	342700.5907	1	0
24	8327	7453	36	-1	227	341468.7863	342700.5907	1	0
24	8327	7454	36	-1	226	341468.7863	342700.5907	1	0
24	8327	7455	36	-1	225	341468.7863	342700.5907	1	0
24	8327	7456	36	-1	224	341468.7863	342700.5907	1	0
24	8327	7457	36	-1	223	341468.7863	342700.5907	1	0
24	8327	7458	36	-1	222	341468.7863	342700.5907	1	0
24	8327	7459	36	-1	221	341468.7863	342700.5907	1	0
24	8327	7460	36	-1	220	341468.7863	342700.5907	1	0
24	8327	7461	36	-1	219	341468.7863	342700.5907	1	0
24	8327	7462	36	-1	218	341468.7863	342700.5907	1	0
24	8327	7463	36	-1	217	341468.7863	342700.5907	1	0
24	8327	7464	36	-1	216	341468.7863	342700.5907	1	0
24	8327	7465	36	-1	215	341468.7863	342700.5907	1	0
24	8327	7466	36	-1	214	341468.7863	342700.5907	1	0
24	8327	7467	36	-1	213	341468.7863	342700.5907	1	0
24	8327	7468	36	-1	212	341468.7863	342700.5907	1	0
24	8327	7469	36	-1	211	341468.7863	342700.5907	1	0
24	8327	7470	36	-1	210	341468.7863	342700.5907	1	0
24	8327	7471	36	-1	209	341468.7863	342700.5907	1	0
24	8327	7472	36	-1	208	341468.7863	342700.5907	1	0
24	8327	7473	36	-1	207	341468.7863	342700.5907	1	0
24	8327	7474	36	-1	206	341468.7863	342700.5907	1	0
24	8327	7475	36	-1	205	341468.7863	342700.5907	1	0
24	8327	7476	36	-1	204	341468.7863	342700.5907	1	0
24	8327	7477	36	-1	203	341468.7863	342700.5907	1	0
24	8327	7478	36	-1	202	341468.7863	342700.5907	1	0
24	8327	7479	36	-1	201	340997.6939	342229.4982	1	0
24	8327	7480	36	-1	200	341234.8427	342466.647	1	0
24	8327	7481	36	-1	199	340997.6939	342229.4982	1	0
24	8327	7482	36	-1	198	341234.8427	342466.647	1	0
24	8327	7483	36	-1	197	340997.6939	342229.4982	1	0
24	8327	7484	36	-1	196	341234.8427	342466.647	1	0
24	8327	7485	36	-1	195	340997.6939	342229.4982	1	0
24	8327	7486	36	-1	194	341234.8427	342466.647	1	0
24	8327	7487	36	-1	193	340997.6939	342229.4982	1	0
24	8327	7488	36	-1	192	341234.8427	342466.647	1	0
24	8327	7489	36	-1	191	340997.6939	342229.4982	1	0
24	8327	7490	36	-1	190	341234.8427	342466.647	1	0
24	8327	7491	36	-1	189	340997.6939	342229.4982	1	0
24	8327	7492	36	-1	188	341234.8427	342466.647	1	0
24	8327	7493	36	-1	187	340997.6939	342229.4982	1	0
24	8327	7494	36	-1	186	341234.8427	342466.647	1	0
24	8327	7495	36	-1	185	340997.6939	342229.4982	1	0
24	8327	7496	36	-1	184	341234.8427	342466.647	1	0
24	8327	7497	36	-1	183	340997.6939	342229.4982	1	0
24	8327	7498	36	-1	182	341234.8427	342466.647	1	0
24	8327	7499	36	-1	181	340997.6939	342229.4982	1	0
24	8327	7500	36	-1	180	341234.8427	342466.647	1	0
24	8327	7501	36	-1	179	340997.6939	342229.4982	1	0
24	8327	7502	36	-1	178	341234.8427	342466.647	1	0
24	8327	7503	36	-1	177	340997.6939	342229.4982	1	0
24	8327	7504	36	-1	176	341234.8427	342466.647	1	0
24	8327	7505	36	-1	175	340997.6939	342229.4982	1	0
24	8327	7506	36	-1	174	341234.8427	342466.647	1	0
24	8327	7507	36	-1	173	340997.6939	342229.4982	1	0
24	8327	7508	36	-1	172	341234.8427	342466.647	1	0
24	8327	7509	36	-1	171	340997.6939	342229.4982	1	0
24	8327	7510	36	-1	170	341234.8427	342466.647	1	0
24	8327	7511	36	-1	169	340997.6939	342229.4982	1	0
24	8327	7512	36	-1	168	341234.8427	342466.647	1	0
24	8327	7513	36	-1	167	340997.6939	342229.4982	1	0
24	8327	7514	36	-1	166	341234.8427	342466.647	1	0
24	8327	7515	36	-1	165	340997.6939	342229.4982	1	0
24	8327	7516	36	-1	164	341234.8427	342466.647	1	0
24	8327	7517	36	-1	163	340997.6939	342229.4982	1	0
24	8327	7518	36	-1	162	341234.8427	342466.647	1	0
24	8327	7519	36	-1	161	340997.6939	342229.4982	1	0
24	8327	7520	36	-1	160	341234.8427	342466.647	1	0
24	8327	7521	36	-1	159	340997.6939	342229.4982	1	0
24	8327	7522	36	-1	158	341234.8427	342466.647	1	0
24	8327	7523	36	-1	157	340997.6939	342229.4982	1	0
24	8327	7524	36	-1	156	341234.8427	342466.647	1	0
24	8327	7525	36	-1	155	340997.6939	342229.4982	1	0
24	8327	7526	36	-1	154	341234.8427	342466.647	1	0
24	8327	7527	36	-1	153	340997.6939	342229.4982	1	0
24	8327	7528	36	-1	152	341234.8427	342466.647	1	0
24	8327	7529	36	-1	151	340997.6939	342229.4982	1	0
24	8327	7530	36	-1	150	341234.8427	342466.647	1	0
24	8327	7531	36	-1	149	340997.6939	342229.4982	1	0
24	8327	7532	36	-1	148	341234.8427	342466.647	1	0
24	8327	7533	36	-1	147	340997.6939	342229.4982	1	0
24	8327	7534	36	-1	146	340997.6939	342229.4982	1	0
24	8327	7535	36	-1	145	340997.6939	342229.4982	1	0
24	8327	7536	36	-1	144	340997.6939	342229.4982	1	0
24	8327	7537	36	-1	143	340997.6939	342229.4982	1	0
24	8327	7538	36	-1	142	341234.8427	342466.647	1	0
24	8327	7539	36	-1	141	340997.6939	342229.4982	1	0
24	8327	7540	36	-1	140	341234.8427	342466.647	1	0
24	8327	7541	36	-1	139	340997.6939	342229.4982	1	0
24	8327	7542	36	-1	138	341234.8427	342466.647	1	0
24	8327	7543	36	-1	137	340997.6939	342229.4982	1	0
24	8327	7544	36	-1	136	341234.8427	342466.647	1	0
24	8327	7545	36	-1	135	340997.6939	342229.4982	1	0
24	8327	7546	36	-1	134	341234.8427	342466.647	1	0
24	8327	7547	36	-1	133	340997.6939	342229.4982	1	0
24	8327	7548	36	-1	132	341234.8427	342466.647	1	0
24	8327	7549	36	-1	127	341468.7863	342700.5907	1	0
24	8327	7550	36	-1	126	341468.7863	342700.5907	1	0
24	8327	7551	36	-1	125	341468.7863	342700.5907	1	0
24	8327	7552	36	-1	124	341468.7863	342700.5907	1	0
24	8327	7553	36	-1	123	341468.7863	342700.5907	1	0
24	8327	7554	36	-1	122	341468.7863	342700.5907	1	0
24	8327	7555	36	-1	121	341468.7863	342700.5907	1	0
24	8327	7556	36	-1	120	341468.7863	342700.5907	1	0
24	8327	7557	36	-1	119	341468.7863	342700.5907	1	0
24	8327	7558	36	-1	118	341468.7863	342700.5907	1	0
24	8327	7559	36	-1	117	341468.7863	342700.5907	1	0
24	8327	7560	36	-1	116	341468.7863	342700.5907	1	0
24	8327	7561	36	-1	115	341468.7863	342700.5907	1	0
24	8327	7562	36	-1	114	341468.7863	342700.5907	1	0
24	8327	7563	36	-1	113	341468.7863	342700.5907	1	0
24	8327	7564	36	-1	112	341468.7863	342700.5907	1	0
24	8327	7565	36	-1	111	341468.7863	342700.5907	1	0
24	8327	7566	36	-1	110	341468.7863	342700.5907	1	0
24	8327	7567	36	-1	109	341468.7863	342700.5907	1	0
24	8327	7568	36	-1	108	341468.7863	342700.5907	1	0
24	8327	7569	36	-1	107	341468.7863	342700.5907	1	0
24	8327	7570	36	-1	106	341468.7863	342700.5907	1	0
24	8327	7571	36	-1	105	341468.7863	342700.5907	1	0
24	8327	7572	36	-1	104	341468.7863	342700.5907	1	0
24	8327	7573	36	-1	103	341468.7863	342700.5907	1	0
24	8327	7574	36	-1	102	341468.7863	342700.5907	1	0
24	8327	7575	36	-1	101	341468.7863	342700.5907	1	0
24	8327	7576	36	-1	100	341468.7863	342700.5907	1	0
24	8327	7577	36	-1	99	341468.7863	342700.5907	1	0
24	8327	7578	36	-1	98	341468.7863	342700.5907	1	0
24	8327	7579	36	-1	97	341468.7863	342700.5907	1	0
24	8327	7580	36	-1	96	341468.7863	342700.5907	1	0
24	8327	7581	36	-1	95	341468.7863	342700.5907	1	0
24	8327	7582	36	-1	94	341468.7863	342700.5907	1	0
24	8327	7583	36	-1	93	341468.7863	342700.5907	1	0
24	8327	7584	36	-1	92	341468.7863	342700.5907	1	0
24	8327	7585	36	-1	91	341468.7863	342700.5907	1	0
24	8327	7586	36	-1	90	341468.7863	342700.5907	1	0
24	8327	7587	36	-1	89	341468.7863	342700.5907	1	0
24	8327	7588	36	-1	88	341468.7863	342700.5907	1	0
24	8327	7589	36	-1	87	341468.7863	342700.5907	1	0
24	8327	7590	36	-1	86	341468.7863	342700.5907	1	0
24	8327	7591	36	-1	85	341468.7863	342700.5907	1	0
24	8327	7592	36	-1	84	341468.7863	342700.5907	1	0
24	8327	7593	36	-1	83	341468.7863	342700.5907	1	0
24	8327	7594	36	-1	82	341468.7863	342700.5907	1	0
24	8327	7595	36	-1	81	341468.7863	342700.5907	1	0
24	8327	7596	36	-1	80	341468.7863	342700.5907	1	0
24	8327	7597	36	-1	79	341468.7863	342700.5907	1	0
24	8327	7598	36	-1	78	341468.7863	342700.5907	1	0
24	8327	7599	36	-1	77	341468.7863	342700.5907	1	0
24	8327	7600	36	-1	76	341468.7863	342700.5907	1	0
24	8327	7601	36	-1	75	341468.7863	342700.5907	1	0
24	8327	7602	36	-1	74	341468.7863	342700.5907	1	0
24	8327	7603	36	-1	73	342684.2182	343916.0225	1	0
24	8327	7604	36	-1	71	342450.064	343681.8683	1	0
24	8327	7605	36	-1	69	342450.253	343682.0573	1	0
24	8327	7606	36	-1	67	342450.126	343681.9303	1	0
24	8327	7607	36	-1	65	342449.9829	343681.7872	1	0
24	8327	7608	36	-1	63	342449.6745	343681.4789	1	0
24	8327	7609	36	-1	61	342450.1678	343681.9722	1	0
24	8327	7610	36	-1	59	342449.7118	343681.5161	1	0
24	8327	7611	36	-1	57	342449.6931	343681.4974	1	0
24	8327	7612	36	-1	55	342450.1889	343681.9933	1	0
24	8327	7613	36	-1	53	342449.7494	343681.5537	1	0
24	8327	7614	36	-1	51	342449.6377	343681.442	1	0
24	8327	7615	36	-1	49	342449.9629	343681.7672	1	0
24	8327	7616	36	-1	47	342449.6561	343681.4604	1	0
24	8327	7617	36	-1	45	342450.003	343681.8073	1	0
24	8327	7618	36	-1	43	342450.0232	343681.8276	1	0
24	8327	7619	36	-1	41	342450.0436	343681.8479	1	0
24	8327	7620	36	-1	39	342450.0845	343681.8889	1	0
24	8327	7621	36	-1	37	342450.1052	343681.9095	1	0
24	8327	7622	36	-1	35	342450.1468	343681.9512	1	0
24	8327	7623	36	-1	33	342449.943	343681.7473	1	0
24	8327	7624	36	-1	31	342449.9232	343681.7275	1	0
24	8327	7625	36	-1	29	342449.9035	343681.7078	1	0
24	8327	7626	36	-1	27	342449.8839	343681.6882	1	0
24	8327	7627	36	-1	25	342450.2315	343682.0358	1	0
24	8327	7628	36	-1	23	342449.8644	343681.6687	1	0
24	8327	7629	36	-1	21	342449.8064	343681.6107	1	0
24	8327	7630	36	-1	15	342449.8256	343681.63	1	0
24	8327	7631	36	-1	13	342449.7873	343681.5916	1	0
24	8327	7632	36	-1	11	342449.7683	343681.5726	1	0
24	8327	7633	36	-1	9	342449.7305	343681.5348	1	0
24	8327	7634	36	-1	7	342449.845	343681.6493	1	0
24	8327	7635	36	-1	5	342450.2102	343682.0145	1	0
24	8327	7636	37	-1	19	321224.97	322456.7743	1	0
24	8327	7637	37	-1	18	321224.97	322456.7743	1	0
24	8327	7638	37	-1	17	321224.97	322456.7743	1	0
24	8327	7639	37	-1	16	321224.97	322456.7743	1	0
24	8327	7640	37	-1	15	321224.97	322456.7743	1	0
24	8327	7641	37	-1	14	321224.97	322456.7743	1	0
24	8327	7642	37	-1	13	321224.97	322456.7743	1	0
24	8327	7643	37	-1	12	321224.97	322456.7743	1	0
24	8327	7644	37	-1	11	321224.97	322456.7743	1	0
24	8327	7645	37	-1	10	321224.97	322456.7743	1	0
24	8327	7646	37	-1	9	321224.97	322456.7743	1	0
24	8327	7647	37	-1	8	321224.97	322456.7743	1	0
24	8327	7648	37	-1	7	321224.97	322456.7743	1	0
24	8327	7649	37	-1	6	321224.97	322456.7743	1	0
24	8327	7650	37	-1	5	321224.97	322456.7743	1	0
24	8327	7651	37	-1	4	321224.97	322456.7743	1	0
24	8327	7652	37	-1	255	320991.0263	322222.8306	1	0
24	8327	7653	37	-1	254	320991.0263	322222.8306	1	0
24	8327	7654	37	-1	253	320991.0263	322222.8306	1	0
24	8327	7655	37	-1	252	320991.0263	322222.8306	1	0
24	8327	7656	37	-1	251	320991.0263	322222.8306	1	0
24	8327	7657	37	-1	250	320991.0263	322222.8306	1	0
24	8327	7658	37	-1	249	320991.0263	322222.8306	1	0
24	8327	7659	37	-1	248	320991.0263	322222.8306	1	0
24	8327	7660	37	-1	247	320991.0263	322222.8306	1	0
24	8327	7661	37	-1	246	320991.0263	322222.8306	1	0
24	8327	7662	37	-1	245	320991.0263	322222.8306	1	0
24	8327	7663	37	-1	244	320991.0263	322222.8306	1	0
24	8327	7664	37	-1	243	320991.0263	322222.8306	1	0
24	8327	7665	37	-1	242	320991.0263	322222.8306	1	0
24	8327	7666	37	-1	241	320991.0263	322222.8306	1	0
24	8327	7667	37	-1	240	320991.0263	322222.8306	1	0
24	8327	7668	37	-1	239	320991.0263	322222.8306	1	0
24	8327	7669	37	-1	238	320991.0263	322222.8306	1	0
24	8327	7670	37	-1	237	320991.0263	322222.8306	1	0
24	8327	7671	37	-1	236	320991.0263	322222.8306	1	0
24	8327	7672	37	-1	235	320991.0263	322222.8306	1	0
24	8327	7673	37	-1	234	320991.0263	322222.8306	1	0
24	8327	7674	37	-1	233	320991.0263	322222.8306	1	0
24	8327	7675	37	-1	232	320991.0263	322222.8306	1	0
24	8327	7676	37	-1	231	320991.0263	322222.8306	1	0
24	8327	7677	37	-1	230	320991.0263	320991.0263	0	0
24	8327	7678	37	-1	229	320991.0263	322222.8306	1	0
24	8327	7679	37	-1	228	320991.0263	322222.8306	1	0
24	8327	7680	37	-1	227	320991.0263	322222.8306	1	0
24	8327	7681	37	-1	226	320991.0263	322222.8306	1	0
24	8327	7682	37	-1	225	320991.0263	322222.8306	1	0
24	8327	7683	37	-1	224	320991.0263	322222.8306	1	0
24	8327	7684	37	-1	223	320991.0263	322222.8306	1	0
24	8327	7685	37	-1	222	320991.0263	322222.8306	1	0
24	8327	7686	37	-1	221	320991.0263	322222.8306	1	0
24	8327	7687	37	-1	220	320991.0263	322222.8306	1	0
24	8327	7688	37	-1	219	320991.0263	322222.8306	1	0
24	8327	7689	37	-1	218	320991.0263	322222.8306	1	0
24	8327	7690	37	-1	217	320991.0263	322222.8306	1	0
24	8327	7691	37	-1	216	320991.0263	322222.8306	1	0
24	8327	7692	37	-1	215	320991.0263	322222.8306	1	0
24	8327	7693	37	-1	214	320991.0263	322222.8306	1	0
24	8327	7694	37	-1	213	320991.0263	322222.8306	1	0
24	8327	7695	37	-1	212	320991.0263	322222.8306	1	0
24	8327	7696	37	-1	211	320991.0263	322222.8306	1	0
24	8327	7697	37	-1	210	320991.0263	322222.8306	1	0
24	8327	7698	37	-1	209	320991.0263	322222.8306	1	0
24	8327	7699	37	-1	208	320991.0263	322222.8306	1	0
24	8327	7700	37	-1	207	320991.0263	322222.8306	1	0
24	8327	7701	37	-1	206	320991.0263	322222.8306	1	0
24	8327	7702	37	-1	205	320991.0263	322222.8306	1	0
24	8327	7703	37	-1	204	320991.0263	322222.8306	1	0
24	8327	7704	37	-1	203	320991.0263	322222.8306	1	0
24	8327	7705	37	-1	202	320991.0263	322222.8306	1	0
24	8327	7706	37	-1	201	320991.0263	322222.8306	1	0
24	8327	7707	37	-1	200	320991.0263	322222.8306	1	0
24	8327	7708	37	-1	199	320991.0263	322222.8306	1	0
24	8327	7709	37	-1	198	320991.0263	322222.8306	1	0
24	8327	7710	37	-1	197	320991.0263	322222.8306	1	0
24	8327	7711	37	-1	196	320991.0263	322222.8306	1	0
24	8327	7712	37	-1	195	320991.0263	322222.8306	1	0
24	8327	7713	37	-1	194	320991.0263	322222.8306	1	0
24	8327	7714	37	-1	193	320991.0263	322222.8306	1	0
24	8327	7715	37	-1	192	320991.0263	322222.8306	1	0
24	8327	7716	37	-1	191	320991.0263	322222.8306	1	0
24	8327	7717	37	-1	190	320991.0263	322222.8306	1	0
24	8327	7718	37	-1	189	320991.0263	322222.8306	1	0
24	8327	7719	37	-1	188	320991.0263	322222.8306	1	0
24	8327	7720	37	-1	187	320991.0263	322222.8306	1	0
24	8327	7721	37	-1	186	320991.0263	322222.8306	1	0
24	8327	7722	37	-1	185	320991.0263	322222.8306	1	0
24	8327	7723	37	-1	184	320991.0263	322222.8306	1	0
24	8327	7724	37	-1	183	320991.0263	322222.8306	1	0
24	8327	7725	37	-1	182	320991.0263	322222.8306	1	0
24	8327	7726	37	-1	181	320991.0263	322222.8306	1	0
24	8327	7727	37	-1	180	320991.0263	322222.8306	1	0
24	8327	7728	37	-1	179	320991.0263	322222.8306	1	0
24	8327	7729	37	-1	178	320991.0263	322222.8306	1	0
24	8327	7730	37	-1	177	320991.0263	322222.8306	1	0
24	8327	7731	37	-1	176	320991.0263	322222.8306	1	0
24	8327	7732	37	-1	175	320991.0263	322222.8306	1	0
24	8327	7733	37	-1	174	320991.0263	322222.8306	1	0
24	8327	7734	37	-1	173	320991.0263	322222.8306	1	0
24	8327	7735	37	-1	172	320991.0263	322222.8306	1	0
24	8327	7736	37	-1	171	320991.0263	322222.8306	1	0
24	8327	7737	37	-1	170	320991.0263	322222.8306	1	0
24	8327	7738	37	-1	169	320991.0263	322222.8306	1	0
24	8327	7739	37	-1	168	320991.0263	322222.8306	1	0
24	8327	7740	37	-1	167	320991.0263	322222.8306	1	0
24	8327	7741	37	-1	166	320991.0263	322222.8306	1	0
24	8327	7742	37	-1	165	320991.0263	322222.8306	1	0
24	8327	7743	37	-1	164	320991.0263	322222.8306	1	0
24	8327	7744	37	-1	163	320991.0263	322222.8306	1	0
24	8327	7745	37	-1	162	320991.0263	322222.8306	1	0
24	8327	7746	37	-1	161	320991.0263	322222.8306	1	0
24	8327	7747	37	-1	160	320991.0263	322222.8306	1	0
24	8327	7748	37	-1	159	320991.0263	322222.8306	1	0
24	8327	7749	37	-1	158	320991.0263	322222.8306	1	0
24	8327	7750	37	-1	157	320991.0263	322222.8306	1	0
24	8327	7751	37	-1	156	320991.0263	322222.8306	1	0
24	8327	7752	37	-1	155	320991.0263	322222.8306	1	0
24	8327	7753	37	-1	154	320991.0263	322222.8306	1	0
24	8327	7754	37	-1	153	320991.0263	322222.8306	1	0
24	8327	7755	37	-1	152	320991.0263	322222.8306	1	0
24	8327	7756	37	-1	151	320991.0263	322222.8306	1	0
24	8327	7757	37	-1	150	320991.0263	322222.8306	1	0
24	8327	7758	37	-1	149	320991.0263	322222.8306	1	0
24	8327	7759	37	-1	148	320991.0263	322222.8306	1	0
24	8327	7760	37	-1	147	320991.0263	322222.8306	1	0
24	8327	7761	37	-1	146	320991.0263	322222.8306	1	0
24	8327	7762	37	-1	145	320991.0263	322222.8306	1	0
24	8327	7763	37	-1	144	320991.0263	322222.8306	1	0
24	8327	7764	37	-1	143	320991.0263	322222.8306	1	0
24	8327	7765	37	-1	142	320991.0263	322222.8306	1	0
24	8327	7766	37	-1	141	320991.0263	322222.8306	1	0
24	8327	7767	37	-1	140	320991.0263	322222.8306	1	0
24	8327	7768	37	-1	139	320991.0263	322222.8306	1	0
24	8327	7769	37	-1	138	320991.0263	322222.8306	1	0
24	8327	7770	37	-1	137	320991.0263	322222.8306	1	0
24	8327	7771	37	-1	136	320991.0263	322222.8306	1	0
24	8327	7772	37	-1	135	320991.0263	322222.8306	1	0
24	8327	7773	37	-1	134	320991.0263	322222.8306	1	0
24	8327	7774	37	-1	133	320991.0263	322222.8306	1	0
24	8327	7775	37	-1	132	320991.0263	322222.8306	1	0
24	8327	7776	37	-1	127	320991.0263	322222.8306	1	0
24	8327	7777	37	-1	126	320991.0263	322222.8306	1	0
24	8327	7778	37	-1	125	320991.0263	322222.8306	1	0
24	8327	7779	37	-1	124	320991.0263	322222.8306	1	0
24	8327	7780	37	-1	123	320991.0263	322222.8306	1	0
24	8327	7781	37	-1	122	320991.0263	322222.8306	1	0
24	8327	7782	37	-1	121	320991.0263	322222.8306	1	0
24	8327	7783	37	-1	120	320991.0263	322222.8306	1	0
24	8327	7784	37	-1	119	320991.0263	322222.8306	1	0
24	8327	7785	37	-1	118	320991.0263	322222.8306	1	0
24	8327	7786	37	-1	117	320991.0263	322222.8306	1	0
24	8327	7787	37	-1	116	320991.0263	322222.8306	1	0
24	8327	7788	37	-1	115	320991.0263	322222.8306	1	0
24	8327	7789	37	-1	114	320991.0263	322222.8306	1	0
24	8327	7790	37	-1	113	320991.0263	322222.8306	1	0
24	8327	7791	37	-1	112	320991.0263	322222.8306	1	0
24	8327	7792	37	-1	111	320991.0263	322222.8306	1	0
24	8327	7793	37	-1	110	320991.0263	322222.8306	1	0
24	8327	7794	37	-1	109	320991.0263	322222.8306	1	0
24	8327	7795	37	-1	108	320991.0263	322222.8306	1	0
24	8327	7796	37	-1	107	320991.0263	322222.8306	1	0
24	8327	7797	37	-1	106	320991.0263	322222.8306	1	0
24	8327	7798	37	-1	105	320991.0263	322222.8306	1	0
24	8327	7799	37	-1	104	320991.0263	322222.8306	1	0
24	8327	7800	37	-1	103	320991.0263	322222.8306	1	0
24	8327	7801	37	-1	102	320991.0263	322222.8306	1	0
24	8327	7802	37	-1	101	320991.0263	322222.8306	1	0
24	8327	7803	37	-1	100	320991.0263	322222.8306	1	0
24	8327	7804	37	-1	99	320991.0263	322222.8306	1	0
24	8327	7805	37	-1	98	320991.0263	322222.8306	1	0
24	8327	7806	37	-1	97	320991.0263	322222.8306	1	0
24	8327	7807	37	-1	96	320991.0263	322222.8306	1	0
24	8327	7808	37	-1	95	320991.0263	322222.8306	1	0
24	8327	7809	37	-1	94	320991.0263	322222.8306	1	0
24	8327	7810	37	-1	93	320991.0263	322222.8306	1	0
24	8327	7811	37	-1	92	320991.0263	322222.8306	1	0
24	8327	7812	37	-1	91	320991.0263	322222.8306	1	0
24	8327	7813	37	-1	90	320991.0263	322222.8306	1	0
24	8327	7814	37	-1	89	320991.0263	322222.8306	1	0
24	8327	7815	37	-1	88	320991.0263	322222.8306	1	0
24	8327	7816	37	-1	87	320991.0263	322222.8306	1	0
24	8327	7817	37	-1	86	320991.0263	322222.8306	1	0
24	8327	7818	37	-1	85	320991.0263	322222.8306	1	0
24	8327	7819	37	-1	84	320991.0263	322222.8306	1	0
24	8327	7820	37	-1	83	320991.0263	322222.8306	1	0
24	8327	7821	37	-1	82	320991.0263	322222.8306	1	0
24	8327	7822	37	-1	81	320991.0263	322222.8306	1	0
24	8327	7823	37	-1	80	320991.0263	322222.8306	1	0
24	8327	7824	37	-1	79	320991.0263	322222.8306	1	0
24	8327	7825	37	-1	78	320991.0263	322222.8306	1	0
24	8327	7826	37	-1	77	320991.0263	322222.8306	1	0
24	8327	7827	37	-1	76	320991.0263	322222.8306	1	0
24	8327	7828	37	-1	75	320991.0263	322222.8306	1	0
24	8327	7829	37	-1	74	320991.0263	322222.8306	1	0
24	8327	7830	37	-1	73	320991.0263	322222.8306	1	0
24	8327	7831	37	-1	72	320991.0263	322222.8306	1	0
24	8327	7832	37	-1	71	320991.0263	322222.8306	1	0
24	8327	7833	37	-1	70	320991.0263	322222.8306	1	0
24	8327	7834	37	-1	69	320991.0263	322222.8306	1	0
24	8327	7835	37	-1	68	320991.0263	322222.8306	1	0
24	8327	7836	37	-1	67	320991.0263	322222.8306	1	0
24	8327	7837	37	-1	66	320991.0263	322222.8306	1	0
24	8327	7838	37	-1	65	320991.0263	322222.8306	1	0
24	8327	7839	37	-1	64	320991.0263	322222.8306	1	0
24	8327	7840	37	-1	63	320991.0263	322222.8306	1	0
24	8327	7841	37	-1	62	320991.0263	322222.8306	1	0
24	8327	7842	37	-1	61	320991.0263	322222.8306	1	0
24	8327	7843	37	-1	60	320991.0263	322222.8306	1	0
24	8327	7844	37	-1	59	320991.0263	322222.8306	1	0
24	8327	7845	37	-1	58	320991.0263	322222.8306	1	0
24	8327	7846	37	-1	57	320991.0263	322222.8306	1	0
24	8327	7847	37	-1	56	320991.0263	322222.8306	1	0
24	8327	7848	37	-1	55	320991.0263	322222.8306	1	0
24	8327	7849	37	-1	54	320991.0263	322222.8306	1	0
24	8327	7850	37	-1	53	320991.0263	322222.8306	1	0
24	8327	7851	37	-1	52	320991.0263	322222.8306	1	0
24	8327	7852	37	-1	51	320991.0263	322222.8306	1	0
24	8327	7853	37	-1	50	320991.0263	322222.8306	1	0
24	8327	7854	37	-1	49	320991.0263	322222.8306	1	0
24	8327	7855	37	-1	48	320991.0263	322222.8306	1	0
24	8327	7856	37	-1	47	320991.0263	322222.8306	1	0
24	8327	7857	37	-1	46	320991.0263	322222.8306	1	0
24	8327	7858	37	-1	45	320991.0263	322222.8306	1	0
24	8327	7859	37	-1	44	320991.0263	322222.8306	1	0
24	8327	7860	37	-1	43	320991.0263	322222.8306	1	0
24	8327	7861	37	-1	42	320991.0263	322222.8306	1	0
24	8327	7862	37	-1	41	320991.0263	322222.8306	1	0
24	8327	7863	37	-1	40	320991.0263	322222.8306	1	0
24	8327	7864	37	-1	39	320991.0263	322222.8306	1	0
24	8327	7865	37	-1	38	320991.0263	322222.8306	1	0
24	8327	7866	37	-1	37	320991.0263	322222.8306	1	0
24	8327	7867	37	-1	36	320991.0263	322222.8306	1	0
24	8327	7868	37	-1	35	320991.0263	322222.8306	1	0
24	8327	7869	37	-1	34	320991.0263	322222.8306	1	0
24	8327	7870	37	-1	33	320991.0263	322222.8306	1	0
24	8327	7871	37	-1	32	320991.0263	322222.8306	1	0
24	8327	7872	37	-1	31	320991.0263	322222.8306	1	0
24	8327	7873	37	-1	30	320991.0263	322222.8306	1	0
24	8327	7874	37	-1	29	320991.0263	322222.8306	1	0
24	8327	7875	37	-1	28	320991.0263	322222.8306	1	0
24	8327	7876	37	-1	27	320991.0263	322222.8306	1	0
24	8327	7877	37	-1	26	320991.0263	322222.8306	1	0
24	8327	7878	37	-1	25	320991.0263	322222.8306	1	0
24	8327	7879	37	-1	24	320991.0263	322222.8306	1	0
24	8327	7880	37	-1	23	320991.0263	322222.8306	1	0
24	8327	7881	37	-1	22	320991.0263	322222.8306	1	0
24	8327	7882	37	-1	21	320991.0263	322222.8306	1	0
24	8327	7883	37	-1	20	320991.0263	322222.8306	1	0
24	8327	7884	37	-1	19	320991.0263	322222.8306	1	0
24	8327	7885	37	-1	18	320991.0263	322222.8306	1	0
24	8327	7886	37	-1	17	320991.0263	322222.8306	1	0
24	8327	7887	37	-1	16	320991.0263	322222.8306	1	0
24	8327	7888	37	-1	15	320991.0263	322222.8306	1	0
24	8327	7889	37	-1	14	320991.0263	322222.8306	1	0
24	8327	7890	37	-1	13	320991.0263	322222.8306	1	0
24	8327	7891	37	-1	12	320991.0263	322222.8306	1	0
24	8327	7892	37	-1	11	320991.0263	322222.8306	1	0
24	8327	7893	37	-1	10	320991.0263	322222.8306	1	0
24	8327	7894	37	-1	9	320991.0263	322222.8306	1	0
24	8327	7895	37	-1	8	320991.0263	322222.8306	1	0
24	8327	7896	37	-1	7	320991.0263	322222.8306	1	0
24	8327	7897	37	-1	6	320991.0263	322222.8306	1	0
24	8327	7898	37	-1	5	320991.0263	322222.8306	1	0
24	8327	7899	37	-1	4	320991.0263	322222.8306	1	0
24	8327	7900	37	-1	255	320523.139	321754.9433	1	0
24	8327	7901	37	-1	254	320523.139	321754.9433	1	0
24	8327	7902	37	-1	253	320523.139	321754.9433	1	0
24	8327	7903	37	-1	252	320523.139	321754.9433	1	0
24	8327	7904	37	-1	251	320523.139	321754.9433	1	0
24	8327	7905	37	-1	250	320523.139	321754.9433	1	0
24	8327	7906	37	-1	249	320523.139	321754.9433	1	0
24	8327	7907	37	-1	248	320523.139	321754.9433	1	0
24	8327	7908	37	-1	247	320523.139	321754.9433	1	0
24	8327	7909	37	-1	246	320523.139	321754.9433	1	0
24	8327	7910	37	-1	245	320523.139	321754.9433	1	0
24	8327	7911	37	-1	244	320523.139	321754.9433	1	0
24	8327	7912	37	-1	243	320523.139	321754.9433	1	0
24	8327	7913	37	-1	242	320523.139	321754.9433	1	0
24	8327	7914	37	-1	241	320523.139	321754.9433	1	0
24	8327	7915	37	-1	240	320523.139	321754.9433	1	0
24	8327	7916	37	-1	239	320523.139	321754.9433	1	0
24	8327	7917	37	-1	238	320523.139	321754.9433	1	0
24	8327	7918	37	-1	237	320523.139	321754.9433	1	0
24	8327	7919	37	-1	236	320523.139	321754.9433	1	0
24	8327	7920	37	-1	235	320523.139	321754.9433	1	0
24	8327	7921	37	-1	234	320523.139	321754.9433	1	0
24	8327	7922	37	-1	233	320523.139	321754.9433	1	0
24	8327	7923	37	-1	232	320523.139	321754.9433	1	0
24	8327	7924	37	-1	231	320523.139	321754.9433	1	0
24	8327	7925	37	-1	230	320523.139	320523.139	0	0
24	8327	7926	37	-1	229	320523.139	321754.9433	1	0
24	8327	7927	37	-1	228	320523.139	321754.9433	1	0
24	8327	7928	37	-1	227	320523.139	321754.9433	1	0
24	8327	7929	37	-1	226	320523.139	321754.9433	1	0
24	8327	7930	37	-1	225	320523.139	321754.9433	1	0
24	8327	7931	37	-1	224	320523.139	321754.9433	1	0
24	8327	7932	37	-1	223	320523.139	321754.9433	1	0
24	8327	7933	37	-1	222	320523.139	321754.9433	1	0
24	8327	7934	37	-1	221	320523.139	321754.9433	1	0
24	8327	7935	37	-1	220	320523.139	321754.9433	1	0
24	8327	7936	37	-1	219	320523.139	321754.9433	1	0
24	8327	7937	37	-1	218	320523.139	321754.9433	1	0
24	8327	7938	37	-1	217	320523.139	321754.9433	1	0
24	8327	7939	37	-1	216	320523.139	321754.9433	1	0
24	8327	7940	37	-1	215	320523.139	321754.9433	1	0
24	8327	7941	37	-1	214	320523.139	321754.9433	1	0
24	8327	7942	37	-1	213	320523.139	321754.9433	1	0
24	8327	7943	37	-1	212	320523.139	321754.9433	1	0
24	8327	7944	37	-1	211	320523.139	321754.9433	1	0
24	8327	7945	37	-1	210	320523.139	321754.9433	1	0
24	8327	7946	37	-1	209	320523.139	321754.9433	1	0
24	8327	7947	37	-1	208	320523.139	321754.9433	1	0
24	8327	7948	37	-1	207	320523.139	321754.9433	1	0
24	8327	7949	37	-1	206	320523.139	321754.9433	1	0
24	8327	7950	37	-1	205	320523.139	321754.9433	1	0
24	8327	7951	37	-1	204	320523.139	321754.9433	1	0
24	8327	7952	37	-1	203	320523.139	321754.9433	1	0
24	8327	7953	37	-1	202	320523.139	321754.9433	1	0
24	8327	7954	37	-1	201	320523.139	321754.9433	1	0
24	8327	7955	37	-1	200	320523.139	321754.9433	1	0
24	8327	7956	37	-1	199	320523.139	321754.9433	1	0
24	8327	7957	37	-1	198	320523.139	321754.9433	1	0
24	8327	7958	37	-1	197	320523.139	321754.9433	1	0
24	8327	7959	37	-1	196	320523.139	321754.9433	1	0
24	8327	7960	37	-1	195	320523.139	321754.9433	1	0
24	8327	7961	37	-1	194	320523.139	321754.9433	1	0
24	8327	7962	37	-1	193	320523.139	321754.9433	1	0
24	8327	7963	37	-1	192	320523.139	321754.9433	1	0
24	8327	7964	37	-1	191	320523.139	321754.9433	1	0
24	8327	7965	37	-1	190	320523.139	321754.9433	1	0
24	8327	7966	37	-1	189	320523.139	321754.9433	1	0
24	8327	7967	37	-1	188	320523.139	321754.9433	1	0
24	8327	7968	37	-1	187	320523.139	321754.9433	1	0
24	8327	7969	37	-1	186	320523.139	321754.9433	1	0
24	8327	7970	37	-1	185	320523.139	321754.9433	1	0
24	8327	7971	37	-1	184	320523.139	321754.9433	1	0
24	8327	7972	37	-1	183	320523.139	321754.9433	1	0
24	8327	7973	37	-1	182	320523.139	321754.9433	1	0
24	8327	7974	37	-1	181	320523.139	321754.9433	1	0
24	8327	7975	37	-1	180	320523.139	321754.9433	1	0
24	8327	7976	37	-1	179	320523.139	321754.9433	1	0
24	8327	7977	37	-1	178	320523.139	321754.9433	1	0
24	8327	7978	37	-1	177	320523.139	321754.9433	1	0
24	8327	7979	37	-1	176	320523.139	321754.9433	1	0
24	8327	7980	37	-1	175	320523.139	321754.9433	1	0
24	8327	7981	37	-1	174	320523.139	321754.9433	1	0
24	8327	7982	37	-1	173	320523.139	321754.9433	1	0
24	8327	7983	37	-1	172	320523.139	321754.9433	1	0
24	8327	7984	37	-1	171	320523.139	321754.9433	1	0
24	8327	7985	37	-1	170	320523.139	321754.9433	1	0
24	8327	7986	37	-1	169	320523.139	321754.9433	1	0
24	8327	7987	37	-1	168	320523.139	321754.9433	1	0
24	8327	7988	37	-1	167	320523.139	321754.9433	1	0
24	8327	7989	37	-1	166	320523.139	321754.9433	1	0
24	8327	7990	37	-1	165	320523.139	321754.9433	1	0
24	8327	7991	37	-1	164	320523.139	321754.9433	1	0
24	8327	7992	37	-1	163	320523.139	321754.9433	1	0
24	8327	7993	37	-1	162	320523.139	321754.9433	1	0
24	8327	7994	37	-1	161	320523.139	321754.9433	1	0
24	8327	7995	37	-1	160	320523.139	321754.9433	1	0
24	8327	7996	37	-1	159	320523.139	321754.9433	1	0
24	8327	7997	37	-1	158	320523.139	321754.9433	1	0
24	8327	7998	37	-1	157	320523.139	321754.9433	1	0
24	8327	7999	37	-1	156	320523.139	321754.9433	1	0
24	8327	8000	37	-1	155	320523.139	321754.9433	1	0
24	8327	8001	37	-1	154	320523.139	321754.9433	1	0
24	8327	8002	37	-1	153	320523.139	321754.9433	1	0
24	8327	8003	37	-1	152	320523.139	321754.9433	1	0
24	8327	8004	37	-1	151	320523.139	321754.9433	1	0
24	8327	8005	37	-1	150	320523.139	321754.9433	1	0
24	8327	8006	37	-1	149	320523.139	321754.9433	1	0
24	8327	8007	37	-1	148	320523.139	321754.9433	1	0
24	8327	8008	37	-1	147	320523.139	321754.9433	1	0
24	8327	8009	37	-1	146	320523.139	321754.9433	1	0
24	8327	8010	37	-1	145	320523.139	321754.9433	1	0
24	8327	8011	37	-1	144	320523.139	321754.9433	1	0
24	8327	8012	37	-1	143	320523.139	321754.9433	1	0
24	8327	8013	37	-1	142	320523.139	321754.9433	1	0
24	8327	8014	37	-1	141	320523.139	321754.9433	1	0
24	8327	8015	37	-1	140	320523.139	321754.9433	1	0
24	8327	8016	37	-1	139	320523.139	321754.9433	1	0
24	8327	8017	37	-1	138	320523.139	321754.9433	1	0
24	8327	8018	37	-1	137	320523.139	321754.9433	1	0
24	8327	8019	37	-1	136	320523.139	321754.9433	1	0
24	8327	8020	37	-1	135	320523.139	321754.9433	1	0
24	8327	8021	37	-1	134	320523.139	321754.9433	1	0
24	8327	8022	37	-1	133	320523.139	321754.9433	1	0
24	8327	8023	37	-1	132	320523.139	321754.9433	1	0
24	8327	8024	37	-1	127	320523.139	321754.9433	1	0
24	8327	8025	37	-1	126	320523.139	321754.9433	1	0
24	8327	8026	37	-1	125	320523.139	321754.9433	1	0
24	8327	8027	37	-1	124	320523.139	321754.9433	1	0
24	8327	8028	37	-1	123	320523.139	321754.9433	1	0
24	8327	8029	37	-1	122	320523.139	321754.9433	1	0
24	8327	8030	37	-1	121	320523.139	321754.9433	1	0
24	8327	8031	37	-1	120	320523.139	321754.9433	1	0
24	8327	8032	37	-1	119	320523.139	321754.9433	1	0
24	8327	8033	37	-1	118	320523.139	321754.9433	1	0
24	8327	8034	37	-1	117	320523.139	321754.9433	1	0
24	8327	8035	37	-1	116	320523.139	321754.9433	1	0
24	8327	8036	37	-1	115	320523.139	321754.9433	1	0
24	8327	8037	37	-1	114	320523.139	321754.9433	1	0
24	8327	8038	37	-1	113	320523.139	321754.9433	1	0
24	8327	8039	37	-1	112	320523.139	321754.9433	1	0
24	8327	8040	37	-1	111	320523.139	321754.9433	1	0
24	8327	8041	37	-1	110	320523.139	321754.9433	1	0
24	8327	8042	37	-1	109	320523.139	321754.9433	1	0
24	8327	8043	37	-1	108	320523.139	321754.9433	1	0
24	8327	8044	37	-1	107	320523.139	321754.9433	1	0
24	8327	8045	37	-1	106	320523.139	321754.9433	1	0
24	8327	8046	37	-1	105	320523.139	321754.9433	1	0
24	8327	8047	37	-1	104	320523.139	321754.9433	1	0
24	8327	8048	37	-1	103	320523.139	321754.9433	1	0
24	8327	8049	37	-1	102	320523.139	321754.9433	1	0
24	8327	8050	37	-1	101	320523.139	321754.9433	1	0
24	8327	8051	37	-1	100	320523.139	321754.9433	1	0
24	8327	8052	37	-1	99	320523.139	321754.9433	1	0
24	8327	8053	37	-1	98	320523.139	321754.9433	1	0
24	8327	8054	37	-1	97	320523.139	321754.9433	1	0
24	8327	8055	37	-1	96	320523.139	321754.9433	1	0
24	8327	8056	37	-1	95	320523.139	321754.9433	1	0
24	8327	8057	37	-1	94	320523.139	321754.9433	1	0
24	8327	8058	37	-1	93	320523.139	321754.9433	1	0
24	8327	8059	37	-1	92	320523.139	321754.9433	1	0
24	8327	8060	37	-1	91	320523.139	321754.9433	1	0
24	8327	8061	37	-1	90	320523.139	321754.9433	1	0
24	8327	8062	37	-1	89	320523.139	321754.9433	1	0
24	8327	8063	37	-1	88	320523.139	321754.9433	1	0
24	8327	8064	37	-1	87	320523.139	321754.9433	1	0
24	8327	8065	37	-1	86	320523.139	321754.9433	1	0
24	8327	8066	37	-1	85	320523.139	321754.9433	1	0
24	8327	8067	37	-1	84	320523.139	321754.9433	1	0
24	8327	8068	37	-1	83	320523.139	321754.9433	1	0
24	8327	8069	37	-1	82	320523.139	321754.9433	1	0
24	8327	8070	37	-1	81	320523.139	321754.9433	1	0
24	8327	8071	37	-1	80	320523.139	321754.9433	1	0
24	8327	8072	37	-1	79	320523.139	321754.9433	1	0
24	8327	8073	37	-1	78	320523.139	321754.9433	1	0
24	8327	8074	37	-1	77	320523.139	321754.9433	1	0
24	8327	8075	37	-1	76	320523.139	321754.9433	1	0
24	8327	8076	37	-1	75	320523.139	321754.9433	1	0
24	8327	8077	37	-1	74	320523.139	321754.9433	1	0
24	8327	8078	37	-1	73	320523.139	321754.9433	1	0
24	8327	8079	37	-1	72	320523.139	321754.9433	1	0
24	8327	8080	37	-1	71	320523.139	321754.9433	1	0
24	8327	8081	37	-1	70	320523.139	321754.9433	1	0
24	8327	8082	37	-1	69	320523.139	321754.9433	1	0
24	8327	8083	37	-1	68	320523.139	321754.9433	1	0
24	8327	8084	37	-1	67	320523.139	321754.9433	1	0
24	8327	8085	37	-1	66	320523.139	321754.9433	1	0
24	8327	8086	37	-1	65	320523.139	321754.9433	1	0
24	8327	8087	37	-1	64	320523.139	321754.9433	1	0
24	8327	8088	37	-1	63	320523.139	321754.9433	1	0
24	8327	8089	37	-1	62	320523.139	321754.9433	1	0
24	8327	8090	37	-1	61	320523.139	321754.9433	1	0
24	8327	8091	37	-1	60	320523.139	321754.9433	1	0
24	8327	8092	37	-1	59	320523.139	321754.9433	1	0
24	8327	8093	37	-1	58	320523.139	321754.9433	1	0
24	8327	8094	37	-1	57	320523.139	321754.9433	1	0
24	8327	8095	37	-1	56	320523.139	321754.9433	1	0
24	8327	8096	37	-1	55	320523.139	321754.9433	1	0
24	8327	8097	37	-1	54	320523.139	321754.9433	1	0
24	8327	8098	37	-1	53	320523.139	321754.9433	1	0
24	8327	8099	37	-1	52	320523.139	321754.9433	1	0
24	8327	8100	37	-1	51	320523.139	321754.9433	1	0
24	8327	8101	37	-1	50	320523.139	321754.9433	1	0
24	8327	8102	37	-1	49	320523.139	321754.9433	1	0
24	8327	8103	37	-1	48	320523.139	321754.9433	1	0
24	8327	8104	37	-1	47	320523.139	321754.9433	1	0
24	8327	8105	37	-1	46	320523.139	321754.9433	1	0
24	8327	8106	37	-1	45	320523.139	321754.9433	1	0
24	8327	8107	37	-1	44	320523.139	321754.9433	1	0
24	8327	8108	37	-1	43	320523.139	321754.9433	1	0
24	8327	8109	37	-1	42	320523.139	321754.9433	1	0
24	8327	8110	37	-1	41	320523.139	321754.9433	1	0
24	8327	8111	37	-1	40	320523.139	321754.9433	1	0
24	8327	8112	37	-1	39	320523.139	321754.9433	1	0
24	8327	8113	37	-1	38	320523.139	321754.9433	1	0
24	8327	8114	37	-1	37	320523.139	321754.9433	1	0
24	8327	8115	37	-1	36	320523.139	321754.9433	1	0
24	8327	8116	37	-1	35	320523.139	321754.9433	1	0
24	8327	8117	37	-1	34	320523.139	321754.9433	1	0
24	8327	8118	37	-1	33	320523.139	321754.9433	1	0
24	8327	8119	37	-1	32	320523.139	321754.9433	1	0
24	8327	8120	37	-1	31	320523.139	321754.9433	1	0
24	8327	8121	37	-1	30	320523.139	321754.9433	1	0
24	8327	8122	37	-1	29	320523.139	321754.9433	1	0
24	8327	8123	37	-1	28	320523.139	321754.9433	1	0
24	8327	8124	37	-1	27	320523.139	321754.9433	1	0
24	8327	8125	37	-1	26	320523.139	321754.9433	1	0
24	8327	8126	37	-1	25	320523.139	321754.9433	1	0
24	8327	8127	37	-1	24	320523.139	321754.9433	1	0
24	8327	8128	37	-1	23	320523.139	321754.9433	1	0
24	8327	8129	37	-1	22	320523.139	321754.9433	1	0
24	8327	8130	37	-1	21	320523.139	321754.9433	1	0
24	8327	8131	37	-1	20	320523.139	321754.9433	1	0
24	8327	8132	37	-1	19	320523.139	321754.9433	1	0
24	8327	8133	37	-1	18	320523.139	321754.9433	1	0
24	8327	8134	37	-1	17	320523.139	321754.9433	1	0
24	8327	8135	37	-1	16	320523.139	321754.9433	1	0
24	8327	8136	37	-1	15	320523.139	321754.9433	1	0
24	8327	8137	37	-1	14	320523.139	321754.9433	1	0
24	8327	8138	37	-1	13	320523.139	321754.9433	1	0
24	8327	8139	37	-1	12	320523.139	321754.9433	1	0
24	8327	8140	37	-1	11	320523.139	321754.9433	1	0
24	8327	8141	37	-1	10	320523.139	321754.9433	1	0
24	8327	8142	37	-1	9	320523.139	321754.9433	1	0
24	8327	8143	37	-1	8	320523.139	321754.9433	1	0
24	8327	8144	37	-1	7	320523.139	321754.9433	1	0
24	8327	8145	37	-1	6	320523.139	321754.9433	1	0
24	8327	8146	37	-1	5	320523.139	321754.9433	1	0
24	8327	8147	37	-1	4	320523.139	321754.9433	1	0
25	6279	6088	31	-1	204	361185.8334	362417.6377	1	1
25	6279	6089	31	-1	203	361185.8334	362417.6377	1	1
25	6279	6090	31	-1	202	361185.8334	362417.6377	1	1
25	6279	6091	31	-1	201	360006.4997	361238.304	1	0
26	8506	6458	34	-1	230	362891.9387	362891.9387	0	1
26	8506	7124	36	-1	200	342177.0276	343408.8319	1	0
26	8506	7125	36	-1	199	341939.8788	343171.6831	1	0
26	8506	7126	36	-1	198	342177.0276	343408.8319	1	0
26	8506	7127	36	-1	197	341939.8788	343171.6831	1	0
26	8506	7128	36	-1	196	342177.0276	343408.8319	1	0
26	8506	7129	36	-1	195	341939.8788	343171.6831	1	0
26	8506	7130	36	-1	194	342177.0276	343408.8319	1	0
26	8506	7131	36	-1	193	341939.8788	343171.6831	1	0
26	8506	7132	36	-1	192	342177.0276	343408.8319	1	0
26	8506	7133	36	-1	191	341939.8788	343171.6831	1	0
26	8506	7134	36	-1	190	342177.0276	343408.8319	1	0
26	8506	7135	36	-1	189	341939.8788	343171.6831	1	0
26	8506	7136	36	-1	188	342177.0276	343408.8319	1	0
26	8506	7137	36	-1	187	341939.8788	343171.6831	1	0
26	8506	7138	36	-1	186	342177.0276	343408.8319	1	0
26	8506	7139	36	-1	185	341939.8788	343171.6831	1	0
26	8506	7140	36	-1	184	342177.0276	343408.8319	1	0
26	8506	7141	36	-1	183	341939.8788	343171.6831	1	0
26	8506	7142	36	-1	182	342177.0276	343408.8319	1	0
26	8506	7143	36	-1	181	341939.8788	343171.6831	1	0
26	8506	7144	36	-1	180	342177.0276	343408.8319	1	0
26	8506	7145	36	-1	179	341939.8788	343171.6831	1	0
26	8506	7146	36	-1	178	342177.0276	343408.8319	1	0
26	8506	7147	36	-1	177	341939.8788	343171.6831	1	0
26	8506	7148	36	-1	176	342177.0276	343408.8319	1	0
26	8506	7149	36	-1	175	341939.8788	343171.6831	1	0
26	8506	7150	36	-1	174	342177.0276	343408.8319	1	0
26	8506	7151	36	-1	173	341939.8788	343171.6831	1	0
26	8506	7152	36	-1	172	342177.0276	343408.8319	1	0
26	8506	7153	36	-1	171	341939.8788	343171.6831	1	0
26	8506	7154	36	-1	170	342177.0276	343408.8319	1	0
26	8506	7155	36	-1	169	341939.8788	343171.6831	1	0
26	8506	7156	36	-1	168	342177.0276	343408.8319	1	0
26	8506	7157	36	-1	167	341939.8788	343171.6831	1	0
26	8506	7158	36	-1	166	342177.0276	343408.8319	1	0
26	8506	7159	36	-1	165	341939.8788	343171.6831	1	0
26	8506	7160	36	-1	164	342177.0276	343408.8319	1	0
26	8506	7161	36	-1	163	341939.8788	343171.6831	1	0
26	8506	7162	36	-1	162	342177.0276	343408.8319	1	0
26	8506	7163	36	-1	161	341939.8788	343171.6831	1	0
26	8506	7164	36	-1	160	342177.0276	343408.8319	1	0
26	8506	7165	36	-1	159	341939.8788	343171.6831	1	0
26	8506	7166	36	-1	158	342177.0276	343408.8319	1	0
26	8506	7167	36	-1	157	341939.8788	343171.6831	1	0
26	8506	7168	36	-1	156	342177.0276	343408.8319	1	0
26	8506	7169	36	-1	155	341939.8788	343171.6831	1	0
26	8506	7170	36	-1	154	342177.0276	343408.8319	1	0
26	8506	7171	36	-1	153	341939.8788	343171.6831	1	0
26	8506	7172	36	-1	152	342177.0276	343408.8319	1	0
26	8506	7173	36	-1	151	341939.8788	343171.6831	1	0
26	8506	7174	36	-1	150	342177.0276	343408.8319	1	0
26	8506	7175	36	-1	149	341939.8788	343171.6831	1	0
26	8506	7176	36	-1	148	342177.0276	343408.8319	1	0
26	8506	7177	36	-1	147	341939.8788	343171.6831	1	0
26	8506	7178	36	-1	146	341939.8788	343171.6831	1	0
26	8506	7179	36	-1	145	341939.8788	343171.6831	1	0
26	8506	7180	36	-1	144	341939.8788	343171.6831	1	0
26	8506	7181	36	-1	143	341939.8788	343171.6831	1	0
26	8506	7182	36	-1	142	342177.0276	343408.8319	1	0
26	8506	7183	36	-1	141	341939.8788	343171.6831	1	0
26	8506	7184	36	-1	140	342177.0276	343408.8319	1	0
26	8506	7185	36	-1	139	341939.8788	343171.6831	1	0
26	8506	7186	36	-1	138	342177.0276	343408.8319	1	0
26	8506	7187	36	-1	137	341939.8788	343171.6831	1	0
26	8506	7188	36	-1	136	342177.0276	343408.8319	1	0
26	8506	7189	36	-1	135	341939.8788	343171.6831	1	0
26	8506	7190	36	-1	134	342177.0276	343408.8319	1	0
26	8506	7191	36	-1	133	341939.8788	343171.6831	1	0
26	8506	7192	36	-1	132	342177.0276	343408.8319	1	0
26	8506	7193	36	-1	127	342882.0637	344113.868	1	0
26	8506	7194	36	-1	126	342882.0637	344113.868	1	0
26	8506	7195	36	-1	125	342882.0637	344113.868	1	0
26	8506	7196	36	-1	124	342882.0637	344113.868	1	0
26	8506	7197	36	-1	123	342882.0637	344113.868	1	0
26	8506	7198	36	-1	122	342882.0637	344113.868	1	0
26	8506	7199	36	-1	121	342882.0637	344113.868	1	0
26	8506	7200	36	-1	120	342882.0637	344113.868	1	0
26	8506	7201	36	-1	119	342882.0637	344113.868	1	0
26	8506	7202	36	-1	118	342882.0637	344113.868	1	0
26	8506	7203	36	-1	117	342882.0637	344113.868	1	0
26	8506	7204	36	-1	116	342882.0637	344113.868	1	0
26	8506	7205	36	-1	115	342882.0637	344113.868	1	0
26	8506	7206	36	-1	114	342882.0637	344113.868	1	0
26	8506	7207	36	-1	113	342882.0637	344113.868	1	0
26	8506	7208	36	-1	112	342882.0637	344113.868	1	0
26	8506	7209	36	-1	111	342882.0637	344113.868	1	0
26	8506	7210	36	-1	110	342882.0637	344113.868	1	0
26	8506	7211	36	-1	109	342882.0637	344113.868	1	0
26	8506	7212	36	-1	108	342882.0637	344113.868	1	0
26	8506	7213	36	-1	107	342882.0637	344113.868	1	0
26	8506	7214	36	-1	106	342882.0637	344113.868	1	0
26	8506	7215	36	-1	105	342882.0637	344113.868	1	0
26	8506	7216	36	-1	104	342882.0637	344113.868	1	0
26	8506	7217	36	-1	103	342882.0637	344113.868	1	0
26	8506	7218	36	-1	102	342882.0637	344113.868	1	0
26	8506	7219	36	-1	101	342882.0637	344113.868	1	0
26	8506	7220	36	-1	100	342882.0637	344113.868	1	0
26	8506	7221	36	-1	99	342882.0637	344113.868	1	0
26	8506	7222	36	-1	98	342882.0637	344113.868	1	0
26	8506	7223	36	-1	97	342882.0637	344113.868	1	0
26	8506	7224	36	-1	96	342882.0637	344113.868	1	0
26	8506	7225	36	-1	95	342882.0637	344113.868	1	0
26	8506	7226	36	-1	94	342882.0637	344113.868	1	0
26	8506	7227	36	-1	93	342882.0637	344113.868	1	0
26	8506	7228	36	-1	92	342882.0637	344113.868	1	0
26	8506	7229	36	-1	91	342882.0637	344113.868	1	0
26	8506	7230	36	-1	90	342882.0637	344113.868	1	0
26	8506	7231	36	-1	89	342882.0637	344113.868	1	0
26	8506	7232	36	-1	88	342882.0637	344113.868	1	0
26	8506	7233	36	-1	87	342882.0637	344113.868	1	0
26	8506	7234	36	-1	86	342882.0637	344113.868	1	0
26	8506	7235	36	-1	85	342882.0637	344113.868	1	0
26	8506	7236	36	-1	84	342882.0637	344113.868	1	0
26	8506	7237	36	-1	83	342882.0637	344113.868	1	0
26	8506	7238	36	-1	82	342882.0637	344113.868	1	0
26	8506	7239	36	-1	81	342882.0637	344113.868	1	0
26	8506	7240	36	-1	80	342882.0637	344113.868	1	0
26	8506	7241	36	-1	79	342882.0637	344113.868	1	0
26	8506	7242	36	-1	78	342882.0637	344113.868	1	0
26	8506	7243	36	-1	77	342882.0637	344113.868	1	0
26	8506	7244	36	-1	76	343353.1562	344584.9605	1	0
26	8506	7245	36	-1	75	343353.1562	344584.9605	1	0
26	8506	7246	36	-1	74	343353.1562	344584.9605	1	0
26	8506	7247	36	-1	255	342410.9713	343642.7756	1	0
26	8506	7248	36	-1	254	342410.9713	343642.7756	1	0
26	8506	7249	36	-1	253	342410.9713	343642.7756	1	0
26	8506	7250	36	-1	252	342410.9713	343642.7756	1	0
26	8506	7251	36	-1	251	342410.9713	343642.7756	1	0
26	8506	7252	36	-1	250	342410.9713	343642.7756	1	0
26	8506	7253	36	-1	249	342410.9713	343642.7756	1	0
26	8506	7254	36	-1	248	342410.9713	343642.7756	1	0
26	8506	7255	36	-1	247	342410.9713	343642.7756	1	0
26	8506	7256	36	-1	246	342410.9713	343642.7756	1	0
26	8506	7257	36	-1	245	342410.9713	343642.7756	1	0
26	8506	7258	36	-1	244	342410.9713	343642.7756	1	0
26	8506	7259	36	-1	243	342410.9713	343642.7756	1	0
26	8506	7260	36	-1	242	342410.9713	343642.7756	1	0
26	8506	7261	36	-1	241	342410.9713	343642.7756	1	0
26	8506	7262	36	-1	240	342410.9713	343642.7756	1	0
26	8506	7263	36	-1	239	342410.9713	343642.7756	1	0
26	8506	7264	36	-1	238	342410.9713	343642.7756	1	0
26	8506	7265	36	-1	237	342410.9713	343642.7756	1	0
26	8506	7266	36	-1	236	342410.9713	343642.7756	1	0
26	8506	7267	36	-1	235	342410.9713	343642.7756	1	0
26	8506	7268	36	-1	234	342410.9713	343642.7756	1	0
26	8506	7269	36	-1	233	342410.9713	343642.7756	1	0
26	8506	7270	36	-1	232	342410.9713	343642.7756	1	0
26	8506	7271	36	-1	231	342410.9713	343642.7756	1	0
26	8506	7272	36	-1	230	342410.9713	342410.9713	0	0
26	8506	7273	36	-1	229	342410.9713	343642.7756	1	0
26	8506	7274	36	-1	228	342410.9713	343642.7756	1	0
26	8506	7275	36	-1	227	342410.9713	343642.7756	1	0
26	8506	7276	36	-1	226	342410.9713	343642.7756	1	0
26	8506	7277	36	-1	225	342410.9713	343642.7756	1	0
26	8506	7278	36	-1	224	342410.9713	343642.7756	1	0
26	8506	7279	36	-1	223	342410.9713	343642.7756	1	0
26	8506	7280	36	-1	222	342410.9713	343642.7756	1	0
26	8506	7281	36	-1	221	342410.9713	343642.7756	1	0
26	8506	7282	36	-1	220	342410.9713	343642.7756	1	0
26	8506	7283	36	-1	219	342410.9713	343642.7756	1	0
26	8506	7284	36	-1	218	342410.9713	343642.7756	1	0
26	8506	7285	36	-1	217	342410.9713	343642.7756	1	0
26	8506	7286	36	-1	216	342410.9713	343642.7756	1	0
26	8506	7287	36	-1	215	342410.9713	343642.7756	1	0
26	8506	7288	36	-1	214	342410.9713	343642.7756	1	0
26	8506	7289	36	-1	213	342410.9713	343642.7756	1	0
26	8506	7290	36	-1	212	342410.9713	343642.7756	1	0
26	8506	7291	36	-1	211	342410.9713	343642.7756	1	0
26	8506	7292	36	-1	210	342410.9713	343642.7756	1	0
26	8506	7293	36	-1	209	342410.9713	343642.7756	1	0
26	8506	7294	36	-1	208	342410.9713	343642.7756	1	0
26	8506	7295	36	-1	207	342410.9713	343642.7756	1	0
26	8506	7296	36	-1	206	342410.9713	343642.7756	1	0
26	8506	7297	36	-1	205	342410.9713	343642.7756	1	0
26	8506	7298	36	-1	204	342410.9713	343642.7756	1	0
26	8506	7299	36	-1	203	342410.9713	343642.7756	1	0
26	8506	7300	36	-1	202	342410.9713	343642.7756	1	0
26	8506	7301	36	-1	201	341468.7863	342700.5907	1	0
26	8506	7302	36	-1	200	341705.9351	342937.7395	1	0
26	8506	7303	36	-1	199	341468.7863	342700.5907	1	0
26	8506	7304	36	-1	198	341705.9351	342937.7395	1	0
26	8506	7305	36	-1	197	341468.7863	342700.5907	1	0
26	8506	7306	36	-1	196	341705.9351	342937.7395	1	0
26	8506	7307	36	-1	195	341468.7863	342700.5907	1	0
26	8506	7308	36	-1	194	341705.9351	342937.7395	1	0
26	8506	7309	36	-1	193	341468.7863	342700.5907	1	0
26	8506	7310	36	-1	192	341705.9351	342937.7395	1	0
26	8506	7311	36	-1	191	341468.7863	342700.5907	1	0
26	8506	7312	36	-1	190	341705.9351	342937.7395	1	0
26	8506	7313	36	-1	189	341468.7863	342700.5907	1	0
26	8506	7314	36	-1	188	341705.9351	342937.7395	1	0
26	8506	7315	36	-1	187	341468.7863	342700.5907	1	0
26	8506	7316	36	-1	186	341705.9351	342937.7395	1	0
26	8506	7317	36	-1	185	341468.7863	342700.5907	1	0
26	8506	7318	36	-1	184	341705.9351	342937.7395	1	0
26	8506	7319	36	-1	183	341468.7863	342700.5907	1	0
26	8506	7320	36	-1	182	341705.9351	342937.7395	1	0
26	8506	7321	36	-1	181	341468.7863	342700.5907	1	0
26	8506	7322	36	-1	180	341705.9351	342937.7395	1	0
26	8506	7323	36	-1	179	341468.7863	342700.5907	1	0
26	8506	7324	36	-1	178	341705.9351	342937.7395	1	0
26	8506	7325	36	-1	177	341468.7863	342700.5907	1	0
26	8506	7326	36	-1	176	341705.9351	342937.7395	1	0
26	8506	7327	36	-1	175	341468.7863	342700.5907	1	0
26	8506	7328	36	-1	174	341705.9351	342937.7395	1	0
26	8506	7329	36	-1	173	341468.7863	342700.5907	1	0
26	8506	7330	36	-1	172	341705.9351	342937.7395	1	0
26	8506	7331	36	-1	171	341468.7863	342700.5907	1	0
26	8506	7332	36	-1	170	341705.9351	342937.7395	1	0
26	8506	7333	36	-1	169	341468.7863	342700.5907	1	0
26	8506	7334	36	-1	168	341705.9351	342937.7395	1	0
26	8506	7335	36	-1	167	341468.7863	342700.5907	1	0
26	8506	7336	36	-1	166	341705.9351	342937.7395	1	0
26	8506	7337	36	-1	165	341468.7863	342700.5907	1	0
26	8506	7338	36	-1	164	341705.9351	342937.7395	1	0
26	8506	7339	36	-1	163	341468.7863	342700.5907	1	0
26	8506	7340	36	-1	162	341705.9351	342937.7395	1	0
26	8506	7341	36	-1	161	341468.7863	342700.5907	1	0
26	8506	7342	36	-1	160	341705.9351	342937.7395	1	0
26	8506	7343	36	-1	159	341468.7863	342700.5907	1	0
26	8506	7344	36	-1	158	341705.9351	342937.7395	1	0
26	8506	7345	36	-1	157	341468.7863	342700.5907	1	0
26	8506	7346	36	-1	156	341705.9351	342937.7395	1	0
26	8506	7347	36	-1	155	341468.7863	342700.5907	1	0
26	8506	7348	36	-1	154	341705.9351	342937.7395	1	0
26	8506	7349	36	-1	153	341468.7863	342700.5907	1	0
26	8506	7350	36	-1	152	341705.9351	342937.7395	1	0
26	8506	7351	36	-1	151	341468.7863	342700.5907	1	0
26	8506	7352	36	-1	150	341705.9351	342937.7395	1	0
26	8506	7353	36	-1	149	341468.7863	342700.5907	1	0
26	8506	7354	36	-1	148	341705.9351	342937.7395	1	0
26	8506	7355	36	-1	147	341468.7863	342700.5907	1	0
26	8506	7356	36	-1	146	341468.7863	342700.5907	1	0
26	8506	7357	36	-1	145	341468.7863	342700.5907	1	0
26	8506	7358	36	-1	144	341468.7863	342700.5907	1	0
26	8506	7359	36	-1	143	341468.7863	342700.5907	1	0
26	8506	7360	36	-1	142	341705.9351	342937.7395	1	0
26	8506	7361	36	-1	141	341468.7863	342700.5907	1	0
26	8506	7362	36	-1	140	341705.9351	342937.7395	1	0
26	8506	7363	36	-1	139	341468.7863	342700.5907	1	0
26	8506	7364	36	-1	138	341705.9351	342937.7395	1	0
26	8506	7365	36	-1	137	341468.7863	342700.5907	1	0
26	8506	7366	36	-1	136	341705.9351	342937.7395	1	0
26	8506	7367	36	-1	135	341468.7863	342700.5907	1	0
26	8506	7368	36	-1	134	341705.9351	342937.7395	1	0
26	8506	7369	36	-1	133	341468.7863	342700.5907	1	0
26	8506	7370	36	-1	132	341705.9351	342937.7395	1	0
26	8506	7371	36	-1	127	342410.9713	343642.7756	1	0
26	8506	7372	36	-1	126	342410.9713	343642.7756	1	0
26	8506	7373	36	-1	125	342410.9713	343642.7756	1	0
26	8506	7374	36	-1	124	342410.9713	343642.7756	1	0
26	8506	7375	36	-1	123	342410.9713	343642.7756	1	0
26	8506	7376	36	-1	122	342410.9713	343642.7756	1	0
26	8506	7377	36	-1	121	342410.9713	343642.7756	1	0
26	8506	7378	36	-1	120	342410.9713	343642.7756	1	0
26	8506	7379	36	-1	119	342410.9713	343642.7756	1	0
26	8506	7380	36	-1	118	342410.9713	343642.7756	1	0
26	8506	7381	36	-1	117	342410.9713	343642.7756	1	0
26	8506	7382	36	-1	116	342410.9713	343642.7756	1	0
26	8506	7383	36	-1	115	342410.9713	343642.7756	1	0
26	8506	7384	36	-1	114	342410.9713	343642.7756	1	0
26	8506	7385	36	-1	113	342410.9713	343642.7756	1	0
26	8506	7386	36	-1	112	342410.9713	343642.7756	1	0
26	8506	7387	36	-1	111	342410.9713	343642.7756	1	0
26	8506	7388	36	-1	110	342410.9713	343642.7756	1	0
26	8506	7389	36	-1	109	342410.9713	343642.7756	1	0
26	8506	7390	36	-1	108	342410.9713	343642.7756	1	0
26	8506	7391	36	-1	107	342410.9713	343642.7756	1	0
26	8506	7392	36	-1	106	342410.9713	343642.7756	1	0
26	8506	7393	36	-1	105	342410.9713	343642.7756	1	0
26	8506	7394	36	-1	104	342410.9713	343642.7756	1	0
26	8506	7395	36	-1	103	342410.9713	343642.7756	1	0
26	8506	7396	36	-1	102	342410.9713	343642.7756	1	0
26	8506	7397	36	-1	101	342410.9713	343642.7756	1	0
26	8506	7398	36	-1	100	342410.9713	343642.7756	1	0
26	8506	7399	36	-1	99	342410.9713	343642.7756	1	0
26	8506	7400	36	-1	98	342410.9713	343642.7756	1	0
26	8506	7401	36	-1	97	342410.9713	343642.7756	1	0
26	8506	7402	36	-1	96	342410.9713	343642.7756	1	0
26	8506	7403	36	-1	95	342410.9713	343642.7756	1	0
26	8506	7404	36	-1	94	342410.9713	343642.7756	1	0
26	8506	7405	36	-1	93	342410.9713	343642.7756	1	0
26	8506	7406	36	-1	92	342410.9713	343642.7756	1	0
26	8506	7407	36	-1	91	342410.9713	343642.7756	1	0
26	8506	7408	36	-1	90	342410.9713	343642.7756	1	0
26	8506	7409	36	-1	89	342410.9713	343642.7756	1	0
26	8506	7410	36	-1	88	342410.9713	343642.7756	1	0
26	8506	7411	36	-1	87	342410.9713	343642.7756	1	0
26	8506	7412	36	-1	86	342410.9713	343642.7756	1	0
26	8506	7413	36	-1	85	342410.9713	343642.7756	1	0
26	8506	7414	36	-1	84	342410.9713	343642.7756	1	0
26	8506	7415	36	-1	83	342410.9713	343642.7756	1	0
26	8506	7416	36	-1	82	342410.9713	343642.7756	1	0
26	8506	7417	36	-1	81	342410.9713	343642.7756	1	0
26	8506	7418	36	-1	80	342410.9713	343642.7756	1	0
26	8506	7419	36	-1	79	342410.9713	343642.7756	1	0
26	8506	7420	36	-1	78	342410.9713	343642.7756	1	0
26	8506	7421	36	-1	77	342410.9713	343642.7756	1	0
26	8506	7422	36	-1	76	342410.9713	343642.7756	1	0
26	8506	7423	36	-1	75	342410.9713	343642.7756	1	0
26	8506	7424	36	-1	74	342410.9713	343642.7756	1	0
26	8506	7425	36	-1	255	341468.7863	342700.5907	1	0
26	8506	7426	36	-1	254	341468.7863	342700.5907	1	0
26	8506	7427	36	-1	253	341468.7863	342700.5907	1	0
26	8506	7428	36	-1	252	341468.7863	342700.5907	1	0
26	8506	7429	36	-1	251	341468.7863	342700.5907	1	0
26	8506	7430	36	-1	250	341468.7863	342700.5907	1	0
26	8506	7431	36	-1	249	341468.7863	342700.5907	1	0
26	8506	7432	36	-1	248	341468.7863	342700.5907	1	0
26	8506	7433	36	-1	247	341468.7863	342700.5907	1	0
26	8506	7434	36	-1	246	341468.7863	342700.5907	1	0
26	8506	7435	36	-1	245	341468.7863	342700.5907	1	0
26	8506	7436	36	-1	244	341468.7863	342700.5907	1	0
26	8506	7437	36	-1	243	341468.7863	342700.5907	1	0
26	8506	7438	36	-1	242	341468.7863	342700.5907	1	0
26	8506	7439	36	-1	241	341468.7863	342700.5907	1	0
26	8506	7440	36	-1	240	341468.7863	342700.5907	1	0
26	8506	7441	36	-1	239	341468.7863	342700.5907	1	0
26	8506	7442	36	-1	238	341468.7863	342700.5907	1	0
26	8506	7443	36	-1	237	341468.7863	342700.5907	1	0
26	8506	7444	36	-1	236	341468.7863	342700.5907	1	0
26	8506	7445	36	-1	235	341468.7863	342700.5907	1	0
26	8506	7446	36	-1	234	341468.7863	342700.5907	1	0
26	8506	7447	36	-1	233	341468.7863	342700.5907	1	0
26	8506	7448	36	-1	232	341468.7863	342700.5907	1	0
26	8506	7449	36	-1	231	341468.7863	342700.5907	1	0
26	8506	7450	36	-1	230	341468.7863	341468.7863	0	0
26	8506	7451	36	-1	229	341468.7863	342700.5907	1	0
26	8506	7452	36	-1	228	341468.7863	342700.5907	1	0
26	8506	7453	36	-1	227	341468.7863	342700.5907	1	0
26	8506	7454	36	-1	226	341468.7863	342700.5907	1	0
26	8506	7455	36	-1	225	341468.7863	342700.5907	1	0
26	8506	7456	36	-1	224	341468.7863	342700.5907	1	0
26	8506	7457	36	-1	223	341468.7863	342700.5907	1	0
26	8506	7458	36	-1	222	341468.7863	342700.5907	1	0
26	8506	7459	36	-1	221	341468.7863	342700.5907	1	0
26	8506	7460	36	-1	220	341468.7863	342700.5907	1	0
26	8506	7461	36	-1	219	341468.7863	342700.5907	1	0
26	8506	7462	36	-1	218	341468.7863	342700.5907	1	0
26	8506	7463	36	-1	217	341468.7863	342700.5907	1	0
26	8506	7464	36	-1	216	341468.7863	342700.5907	1	0
26	8506	7465	36	-1	215	341468.7863	342700.5907	1	0
26	8506	7466	36	-1	214	341468.7863	342700.5907	1	0
26	8506	7467	36	-1	213	341468.7863	342700.5907	1	0
26	8506	7468	36	-1	212	341468.7863	342700.5907	1	0
26	8506	7469	36	-1	211	341468.7863	342700.5907	1	0
26	8506	7470	36	-1	210	341468.7863	342700.5907	1	0
26	8506	7471	36	-1	209	341468.7863	342700.5907	1	0
26	8506	7472	36	-1	208	341468.7863	342700.5907	1	0
26	8506	7473	36	-1	207	341468.7863	342700.5907	1	0
26	8506	7474	36	-1	206	341468.7863	342700.5907	1	0
26	8506	7475	36	-1	205	341468.7863	342700.5907	1	0
26	8506	7476	36	-1	204	341468.7863	342700.5907	1	0
26	8506	7477	36	-1	203	341468.7863	342700.5907	1	0
26	8506	7478	36	-1	202	341468.7863	342700.5907	1	0
26	8506	7479	36	-1	201	340997.6939	342229.4982	1	0
26	8506	7480	36	-1	200	341234.8427	342466.647	1	0
26	8506	7481	36	-1	199	340997.6939	342229.4982	1	0
26	8506	7482	36	-1	198	341234.8427	342466.647	1	0
26	8506	7483	36	-1	197	340997.6939	342229.4982	1	0
26	8506	7484	36	-1	196	341234.8427	342466.647	1	0
26	8506	7485	36	-1	195	340997.6939	342229.4982	1	0
26	8506	7486	36	-1	194	341234.8427	342466.647	1	0
26	8506	7487	36	-1	193	340997.6939	342229.4982	1	0
26	8506	7488	36	-1	192	341234.8427	342466.647	1	0
26	8506	7489	36	-1	191	340997.6939	342229.4982	1	0
26	8506	7490	36	-1	190	341234.8427	342466.647	1	0
26	8506	7491	36	-1	189	340997.6939	342229.4982	1	0
26	8506	7492	36	-1	188	341234.8427	342466.647	1	0
26	8506	7493	36	-1	187	340997.6939	342229.4982	1	0
26	8506	7494	36	-1	186	341234.8427	342466.647	1	0
26	8506	7495	36	-1	185	340997.6939	342229.4982	1	0
26	8506	7496	36	-1	184	341234.8427	342466.647	1	0
26	8506	7497	36	-1	183	340997.6939	342229.4982	1	0
26	8506	7498	36	-1	182	341234.8427	342466.647	1	0
26	8506	7499	36	-1	181	340997.6939	342229.4982	1	0
26	8506	7500	36	-1	180	341234.8427	342466.647	1	0
26	8506	7501	36	-1	179	340997.6939	342229.4982	1	0
26	8506	7502	36	-1	178	341234.8427	342466.647	1	0
26	8506	7503	36	-1	177	340997.6939	342229.4982	1	0
26	8506	7504	36	-1	176	341234.8427	342466.647	1	0
26	8506	7505	36	-1	175	340997.6939	342229.4982	1	0
26	8506	7506	36	-1	174	341234.8427	342466.647	1	0
26	8506	7507	36	-1	173	340997.6939	342229.4982	1	0
26	8506	7508	36	-1	172	341234.8427	342466.647	1	0
26	8506	7509	36	-1	171	340997.6939	342229.4982	1	0
26	8506	7510	36	-1	170	341234.8427	342466.647	1	0
26	8506	7511	36	-1	169	340997.6939	342229.4982	1	0
26	8506	7512	36	-1	168	341234.8427	342466.647	1	0
26	8506	7513	36	-1	167	340997.6939	342229.4982	1	0
26	8506	7514	36	-1	166	341234.8427	342466.647	1	0
26	8506	7515	36	-1	165	340997.6939	342229.4982	1	0
26	8506	7516	36	-1	164	341234.8427	342466.647	1	0
26	8506	7517	36	-1	163	340997.6939	342229.4982	1	0
26	8506	7518	36	-1	162	341234.8427	342466.647	1	0
26	8506	7519	36	-1	161	340997.6939	342229.4982	1	0
26	8506	7520	36	-1	160	341234.8427	342466.647	1	0
26	8506	7521	36	-1	159	340997.6939	342229.4982	1	0
26	8506	7522	36	-1	158	341234.8427	342466.647	1	0
26	8506	7523	36	-1	157	340997.6939	342229.4982	1	0
26	8506	7524	36	-1	156	341234.8427	342466.647	1	0
26	8506	7525	36	-1	155	340997.6939	342229.4982	1	0
26	8506	7526	36	-1	154	341234.8427	342466.647	1	0
26	8506	7527	36	-1	153	340997.6939	342229.4982	1	0
26	8506	7528	36	-1	152	341234.8427	342466.647	1	0
26	8506	7529	36	-1	151	340997.6939	342229.4982	1	0
26	8506	7530	36	-1	150	341234.8427	342466.647	1	0
26	8506	7531	36	-1	149	340997.6939	342229.4982	1	0
26	8506	7532	36	-1	148	341234.8427	342466.647	1	0
26	8506	7533	36	-1	147	340997.6939	342229.4982	1	0
26	8506	7534	36	-1	146	340997.6939	342229.4982	1	0
26	8506	7535	36	-1	145	340997.6939	342229.4982	1	0
26	8506	7536	36	-1	144	340997.6939	342229.4982	1	0
26	8506	7537	36	-1	143	340997.6939	342229.4982	1	0
26	8506	7538	36	-1	142	341234.8427	342466.647	1	0
26	8506	7539	36	-1	141	340997.6939	342229.4982	1	0
26	8506	7540	36	-1	140	341234.8427	342466.647	1	0
26	8506	7541	36	-1	139	340997.6939	342229.4982	1	0
26	8506	7542	36	-1	138	341234.8427	342466.647	1	0
26	8506	7543	36	-1	137	340997.6939	342229.4982	1	0
26	8506	7544	36	-1	136	341234.8427	342466.647	1	0
26	8506	7545	36	-1	135	340997.6939	342229.4982	1	0
26	8506	7546	36	-1	134	341234.8427	342466.647	1	0
26	8506	7547	36	-1	133	340997.6939	342229.4982	1	0
26	8506	7548	36	-1	132	341234.8427	342466.647	1	0
26	8506	7549	36	-1	127	341468.7863	342700.5907	1	0
26	8506	7550	36	-1	126	341468.7863	342700.5907	1	0
26	8506	7551	36	-1	125	341468.7863	342700.5907	1	0
26	8506	7552	36	-1	124	341468.7863	342700.5907	1	0
26	8506	7553	36	-1	123	341468.7863	342700.5907	1	0
26	8506	7554	36	-1	122	341468.7863	342700.5907	1	0
26	8506	7555	36	-1	121	341468.7863	342700.5907	1	0
26	8506	7556	36	-1	120	341468.7863	342700.5907	1	0
26	8506	7557	36	-1	119	341468.7863	342700.5907	1	0
26	8506	7558	36	-1	118	341468.7863	342700.5907	1	0
26	8506	7559	36	-1	117	341468.7863	342700.5907	1	0
26	8506	7560	36	-1	116	341468.7863	342700.5907	1	0
26	8506	7561	36	-1	115	341468.7863	342700.5907	1	0
26	8506	7562	36	-1	114	341468.7863	342700.5907	1	0
26	8506	7563	36	-1	113	341468.7863	342700.5907	1	0
26	8506	7564	36	-1	112	341468.7863	342700.5907	1	0
26	8506	7565	36	-1	111	341468.7863	342700.5907	1	0
26	8506	7566	36	-1	110	341468.7863	342700.5907	1	0
26	8506	7567	36	-1	109	341468.7863	342700.5907	1	0
26	8506	7568	36	-1	108	341468.7863	342700.5907	1	0
26	8506	7569	36	-1	107	341468.7863	342700.5907	1	0
26	8506	7570	36	-1	106	341468.7863	342700.5907	1	0
26	8506	7571	36	-1	105	341468.7863	342700.5907	1	0
26	8506	7572	36	-1	104	341468.7863	342700.5907	1	0
26	8506	7573	36	-1	103	341468.7863	342700.5907	1	0
26	8506	7574	36	-1	102	341468.7863	342700.5907	1	0
26	8506	7575	36	-1	101	341468.7863	342700.5907	1	0
26	8506	7576	36	-1	100	341468.7863	342700.5907	1	0
26	8506	7577	36	-1	99	341468.7863	342700.5907	1	0
26	8506	7578	36	-1	98	341468.7863	342700.5907	1	0
26	8506	7579	36	-1	97	341468.7863	342700.5907	1	0
26	8506	7580	36	-1	96	341468.7863	342700.5907	1	0
26	8506	7581	36	-1	95	341468.7863	342700.5907	1	0
26	8506	7582	36	-1	94	341468.7863	342700.5907	1	0
26	8506	7583	36	-1	93	341468.7863	342700.5907	1	0
26	8506	7584	36	-1	92	341468.7863	342700.5907	1	0
26	8506	7585	36	-1	91	341468.7863	342700.5907	1	0
26	8506	7586	36	-1	90	341468.7863	342700.5907	1	0
26	8506	7587	36	-1	89	341468.7863	342700.5907	1	0
26	8506	7588	36	-1	88	341468.7863	342700.5907	1	0
26	8506	7589	36	-1	87	341468.7863	342700.5907	1	0
26	8506	7590	36	-1	86	341468.7863	342700.5907	1	0
26	8506	7591	36	-1	85	341468.7863	342700.5907	1	0
26	8506	7592	36	-1	84	341468.7863	342700.5907	1	0
26	8506	7593	36	-1	83	341468.7863	342700.5907	1	0
26	8506	7594	36	-1	82	341468.7863	342700.5907	1	0
26	8506	7595	36	-1	81	341468.7863	342700.5907	1	0
26	8506	7596	36	-1	80	341468.7863	342700.5907	1	0
26	8506	7597	36	-1	79	341468.7863	342700.5907	1	0
26	8506	7598	36	-1	78	341468.7863	342700.5907	1	0
26	8506	7599	36	-1	77	341468.7863	342700.5907	1	0
26	8506	7600	36	-1	76	341468.7863	342700.5907	1	0
26	8506	7601	36	-1	75	341468.7863	342700.5907	1	0
26	8506	7602	36	-1	74	341468.7863	342700.5907	1	0
26	8506	7603	36	-1	73	342684.2182	343916.0225	1	0
26	8506	7604	36	-1	71	342450.064	343681.8683	1	0
26	8506	7605	36	-1	69	342450.253	343682.0573	1	0
26	8506	7606	36	-1	67	342450.126	343681.9303	1	0
26	8506	7607	36	-1	65	342449.9829	343681.7872	1	0
26	8506	7608	36	-1	63	342449.6745	343681.4789	1	0
26	8506	7609	36	-1	61	342450.1678	343681.9722	1	0
26	8506	7610	36	-1	59	342449.7118	343681.5161	1	0
26	8506	7611	36	-1	57	342449.6931	343681.4974	1	0
26	8506	7612	36	-1	55	342450.1889	343681.9933	1	0
26	8506	7613	36	-1	53	342449.7494	343681.5537	1	0
26	8506	7614	36	-1	51	342449.6377	343681.442	1	0
26	8506	7615	36	-1	49	342449.9629	343681.7672	1	0
26	8506	7616	36	-1	47	342449.6561	343681.4604	1	0
26	8506	7617	36	-1	45	342450.003	343681.8073	1	0
26	8506	7618	36	-1	43	342450.0232	343681.8276	1	0
26	8506	7619	36	-1	41	342450.0436	343681.8479	1	0
26	8506	7620	36	-1	39	342450.0845	343681.8889	1	0
26	8506	7621	36	-1	37	342450.1052	343681.9095	1	0
26	8506	7622	36	-1	35	342450.1468	343681.9512	1	0
26	8506	7623	36	-1	33	342449.943	343681.7473	1	0
26	8506	7624	36	-1	31	342449.9232	343681.7275	1	0
26	8506	7625	36	-1	29	342449.9035	343681.7078	1	0
26	8506	7626	36	-1	27	342449.8839	343681.6882	1	0
26	8506	7627	36	-1	25	342450.2315	343682.0358	1	0
26	8506	7628	36	-1	23	342449.8644	343681.6687	1	0
26	8506	7629	36	-1	21	342449.8064	343681.6107	1	0
26	8506	7630	36	-1	15	342449.8256	343681.63	1	0
26	8506	7631	36	-1	13	342449.7873	343681.5916	1	0
26	8506	7632	36	-1	11	342449.7683	343681.5726	1	0
26	8506	7633	36	-1	9	342449.7305	343681.5348	1	0
26	8506	7634	36	-1	7	342449.845	343681.6493	1	0
26	8506	7635	36	-1	5	342450.2102	343682.0145	1	0
26	8506	7636	37	-1	19	321224.97	322456.7743	1	0
26	8506	7637	37	-1	18	321224.97	322456.7743	1	0
26	8506	7638	37	-1	17	321224.97	322456.7743	1	0
26	8506	7639	37	-1	16	321224.97	322456.7743	1	0
26	8506	7640	37	-1	15	321224.97	322456.7743	1	0
26	8506	7641	37	-1	14	321224.97	322456.7743	1	0
26	8506	7642	37	-1	13	321224.97	322456.7743	1	0
26	8506	7643	37	-1	12	321224.97	322456.7743	1	0
26	8506	7644	37	-1	11	321224.97	322456.7743	1	0
26	8506	7645	37	-1	10	321224.97	322456.7743	1	0
26	8506	7646	37	-1	9	321224.97	322456.7743	1	0
26	8506	7647	37	-1	8	321224.97	322456.7743	1	0
26	8506	7648	37	-1	7	321224.97	322456.7743	1	0
26	8506	7649	37	-1	6	321224.97	322456.7743	1	0
26	8506	7650	37	-1	5	321224.97	322456.7743	1	0
26	8506	7651	37	-1	4	321224.97	322456.7743	1	0
26	8506	7652	37	-1	255	320991.0263	322222.8306	1	0
26	8506	7653	37	-1	254	320991.0263	322222.8306	1	0
26	8506	7654	37	-1	253	320991.0263	322222.8306	1	0
26	8506	7655	37	-1	252	320991.0263	322222.8306	1	0
26	8506	7656	37	-1	251	320991.0263	322222.8306	1	0
26	8506	7657	37	-1	250	320991.0263	322222.8306	1	0
26	8506	7658	37	-1	249	320991.0263	322222.8306	1	0
26	8506	7659	37	-1	248	320991.0263	322222.8306	1	0
26	8506	7660	37	-1	247	320991.0263	322222.8306	1	0
26	8506	7661	37	-1	246	320991.0263	322222.8306	1	0
26	8506	7662	37	-1	245	320991.0263	322222.8306	1	0
26	8506	7663	37	-1	244	320991.0263	322222.8306	1	0
26	8506	7664	37	-1	243	320991.0263	322222.8306	1	0
26	8506	7665	37	-1	242	320991.0263	322222.8306	1	0
26	8506	7666	37	-1	241	320991.0263	322222.8306	1	0
26	8506	7667	37	-1	240	320991.0263	322222.8306	1	0
26	8506	7668	37	-1	239	320991.0263	322222.8306	1	0
26	8506	7669	37	-1	238	320991.0263	322222.8306	1	0
26	8506	7670	37	-1	237	320991.0263	322222.8306	1	0
26	8506	7671	37	-1	236	320991.0263	322222.8306	1	0
26	8506	7672	37	-1	235	320991.0263	322222.8306	1	0
26	8506	7673	37	-1	234	320991.0263	322222.8306	1	0
26	8506	7674	37	-1	233	320991.0263	322222.8306	1	0
26	8506	7675	37	-1	232	320991.0263	322222.8306	1	0
26	8506	7676	37	-1	231	320991.0263	322222.8306	1	0
26	8506	7677	37	-1	230	320991.0263	320991.0263	0	0
26	8506	7678	37	-1	229	320991.0263	322222.8306	1	0
26	8506	7679	37	-1	228	320991.0263	322222.8306	1	0
26	8506	7680	37	-1	227	320991.0263	322222.8306	1	0
26	8506	7681	37	-1	226	320991.0263	322222.8306	1	0
26	8506	7682	37	-1	225	320991.0263	322222.8306	1	0
26	8506	7683	37	-1	224	320991.0263	322222.8306	1	0
26	8506	7684	37	-1	223	320991.0263	322222.8306	1	0
26	8506	7685	37	-1	222	320991.0263	322222.8306	1	0
26	8506	7686	37	-1	221	320991.0263	322222.8306	1	0
26	8506	7687	37	-1	220	320991.0263	322222.8306	1	0
26	8506	7688	37	-1	219	320991.0263	322222.8306	1	0
26	8506	7689	37	-1	218	320991.0263	322222.8306	1	0
26	8506	7690	37	-1	217	320991.0263	322222.8306	1	0
26	8506	7691	37	-1	216	320991.0263	322222.8306	1	0
26	8506	7692	37	-1	215	320991.0263	322222.8306	1	0
26	8506	7693	37	-1	214	320991.0263	322222.8306	1	0
26	8506	7694	37	-1	213	320991.0263	322222.8306	1	0
26	8506	7695	37	-1	212	320991.0263	322222.8306	1	0
26	8506	7696	37	-1	211	320991.0263	322222.8306	1	0
26	8506	7697	37	-1	210	320991.0263	322222.8306	1	0
26	8506	7698	37	-1	209	320991.0263	322222.8306	1	0
26	8506	7699	37	-1	208	320991.0263	322222.8306	1	0
26	8506	7700	37	-1	207	320991.0263	322222.8306	1	0
26	8506	7701	37	-1	206	320991.0263	322222.8306	1	0
26	8506	7702	37	-1	205	320991.0263	322222.8306	1	0
26	8506	7703	37	-1	204	320991.0263	322222.8306	1	0
26	8506	7704	37	-1	203	320991.0263	322222.8306	1	0
26	8506	7705	37	-1	202	320991.0263	322222.8306	1	0
26	8506	7706	37	-1	201	320991.0263	322222.8306	1	0
26	8506	7707	37	-1	200	320991.0263	322222.8306	1	0
26	8506	7708	37	-1	199	320991.0263	322222.8306	1	0
26	8506	7709	37	-1	198	320991.0263	322222.8306	1	0
26	8506	7710	37	-1	197	320991.0263	322222.8306	1	0
26	8506	7711	37	-1	196	320991.0263	322222.8306	1	0
26	8506	7712	37	-1	195	320991.0263	322222.8306	1	0
26	8506	7713	37	-1	194	320991.0263	322222.8306	1	0
26	8506	7714	37	-1	193	320991.0263	322222.8306	1	0
26	8506	7715	37	-1	192	320991.0263	322222.8306	1	0
26	8506	7716	37	-1	191	320991.0263	322222.8306	1	0
26	8506	7717	37	-1	190	320991.0263	322222.8306	1	0
26	8506	7718	37	-1	189	320991.0263	322222.8306	1	0
26	8506	7719	37	-1	188	320991.0263	322222.8306	1	0
26	8506	7720	37	-1	187	320991.0263	322222.8306	1	0
26	8506	7721	37	-1	186	320991.0263	322222.8306	1	0
26	8506	7722	37	-1	185	320991.0263	322222.8306	1	0
26	8506	7723	37	-1	184	320991.0263	322222.8306	1	0
26	8506	7724	37	-1	183	320991.0263	322222.8306	1	0
26	8506	7725	37	-1	182	320991.0263	322222.8306	1	0
26	8506	7726	37	-1	181	320991.0263	322222.8306	1	0
26	8506	7727	37	-1	180	320991.0263	322222.8306	1	0
26	8506	7728	37	-1	179	320991.0263	322222.8306	1	0
26	8506	7729	37	-1	178	320991.0263	322222.8306	1	0
26	8506	7730	37	-1	177	320991.0263	322222.8306	1	0
26	8506	7731	37	-1	176	320991.0263	322222.8306	1	0
26	8506	7732	37	-1	175	320991.0263	322222.8306	1	0
26	8506	7733	37	-1	174	320991.0263	322222.8306	1	0
26	8506	7734	37	-1	173	320991.0263	322222.8306	1	0
26	8506	7735	37	-1	172	320991.0263	322222.8306	1	0
26	8506	7736	37	-1	171	320991.0263	322222.8306	1	0
26	8506	7737	37	-1	170	320991.0263	322222.8306	1	0
26	8506	7738	37	-1	169	320991.0263	322222.8306	1	0
26	8506	7739	37	-1	168	320991.0263	322222.8306	1	0
26	8506	7740	37	-1	167	320991.0263	322222.8306	1	0
26	8506	7741	37	-1	166	320991.0263	322222.8306	1	0
26	8506	7742	37	-1	165	320991.0263	322222.8306	1	0
26	8506	7743	37	-1	164	320991.0263	322222.8306	1	0
26	8506	7744	37	-1	163	320991.0263	322222.8306	1	0
26	8506	7745	37	-1	162	320991.0263	322222.8306	1	0
26	8506	7746	37	-1	161	320991.0263	322222.8306	1	0
26	8506	7747	37	-1	160	320991.0263	322222.8306	1	0
26	8506	7748	37	-1	159	320991.0263	322222.8306	1	0
26	8506	7749	37	-1	158	320991.0263	322222.8306	1	0
26	8506	7750	37	-1	157	320991.0263	322222.8306	1	0
26	8506	7751	37	-1	156	320991.0263	322222.8306	1	0
26	8506	7752	37	-1	155	320991.0263	322222.8306	1	0
26	8506	7753	37	-1	154	320991.0263	322222.8306	1	0
26	8506	7754	37	-1	153	320991.0263	322222.8306	1	0
26	8506	7755	37	-1	152	320991.0263	322222.8306	1	0
26	8506	7756	37	-1	151	320991.0263	322222.8306	1	0
26	8506	7757	37	-1	150	320991.0263	322222.8306	1	0
26	8506	7758	37	-1	149	320991.0263	322222.8306	1	0
26	8506	7759	37	-1	148	320991.0263	322222.8306	1	0
26	8506	7760	37	-1	147	320991.0263	322222.8306	1	0
26	8506	7761	37	-1	146	320991.0263	322222.8306	1	0
26	8506	7762	37	-1	145	320991.0263	322222.8306	1	0
26	8506	7763	37	-1	144	320991.0263	322222.8306	1	0
26	8506	7764	37	-1	143	320991.0263	322222.8306	1	0
26	8506	7765	37	-1	142	320991.0263	322222.8306	1	0
26	8506	7766	37	-1	141	320991.0263	322222.8306	1	0
26	8506	7767	37	-1	140	320991.0263	322222.8306	1	0
26	8506	7768	37	-1	139	320991.0263	322222.8306	1	0
26	8506	7769	37	-1	138	320991.0263	322222.8306	1	0
26	8506	7770	37	-1	137	320991.0263	322222.8306	1	0
26	8506	7771	37	-1	136	320991.0263	322222.8306	1	0
26	8506	7772	37	-1	135	320991.0263	322222.8306	1	0
26	8506	7773	37	-1	134	320991.0263	322222.8306	1	0
26	8506	7774	37	-1	133	320991.0263	322222.8306	1	0
26	8506	7775	37	-1	132	320991.0263	322222.8306	1	0
26	8506	7776	37	-1	127	320991.0263	322222.8306	1	0
26	8506	7777	37	-1	126	320991.0263	322222.8306	1	0
26	8506	7778	37	-1	125	320991.0263	322222.8306	1	0
26	8506	7779	37	-1	124	320991.0263	322222.8306	1	0
26	8506	7780	37	-1	123	320991.0263	322222.8306	1	0
26	8506	7781	37	-1	122	320991.0263	322222.8306	1	0
26	8506	7782	37	-1	121	320991.0263	322222.8306	1	0
26	8506	7783	37	-1	120	320991.0263	322222.8306	1	0
26	8506	7784	37	-1	119	320991.0263	322222.8306	1	0
26	8506	7785	37	-1	118	320991.0263	322222.8306	1	0
26	8506	7786	37	-1	117	320991.0263	322222.8306	1	0
26	8506	7787	37	-1	116	320991.0263	322222.8306	1	0
26	8506	7788	37	-1	115	320991.0263	322222.8306	1	0
26	8506	7789	37	-1	114	320991.0263	322222.8306	1	0
26	8506	7790	37	-1	113	320991.0263	322222.8306	1	0
26	8506	7791	37	-1	112	320991.0263	322222.8306	1	0
26	8506	7792	37	-1	111	320991.0263	322222.8306	1	0
26	8506	7793	37	-1	110	320991.0263	322222.8306	1	0
26	8506	7794	37	-1	109	320991.0263	322222.8306	1	0
26	8506	7795	37	-1	108	320991.0263	322222.8306	1	0
26	8506	7796	37	-1	107	320991.0263	322222.8306	1	0
26	8506	7797	37	-1	106	320991.0263	322222.8306	1	0
26	8506	7798	37	-1	105	320991.0263	322222.8306	1	0
26	8506	7799	37	-1	104	320991.0263	322222.8306	1	0
26	8506	7800	37	-1	103	320991.0263	322222.8306	1	0
26	8506	7801	37	-1	102	320991.0263	322222.8306	1	0
26	8506	7802	37	-1	101	320991.0263	322222.8306	1	0
26	8506	7803	37	-1	100	320991.0263	322222.8306	1	0
26	8506	7804	37	-1	99	320991.0263	322222.8306	1	0
26	8506	7805	37	-1	98	320991.0263	322222.8306	1	0
26	8506	7806	37	-1	97	320991.0263	322222.8306	1	0
26	8506	7807	37	-1	96	320991.0263	322222.8306	1	0
26	8506	7808	37	-1	95	320991.0263	322222.8306	1	0
26	8506	7809	37	-1	94	320991.0263	322222.8306	1	0
26	8506	7810	37	-1	93	320991.0263	322222.8306	1	0
26	8506	7811	37	-1	92	320991.0263	322222.8306	1	0
26	8506	7812	37	-1	91	320991.0263	322222.8306	1	0
26	8506	7813	37	-1	90	320991.0263	322222.8306	1	0
26	8506	7814	37	-1	89	320991.0263	322222.8306	1	0
26	8506	7815	37	-1	88	320991.0263	322222.8306	1	0
26	8506	7816	37	-1	87	320991.0263	322222.8306	1	0
26	8506	7817	37	-1	86	320991.0263	322222.8306	1	0
26	8506	7818	37	-1	85	320991.0263	322222.8306	1	0
26	8506	7819	37	-1	84	320991.0263	322222.8306	1	0
26	8506	7820	37	-1	83	320991.0263	322222.8306	1	0
26	8506	7821	37	-1	82	320991.0263	322222.8306	1	0
26	8506	7822	37	-1	81	320991.0263	322222.8306	1	0
26	8506	7823	37	-1	80	320991.0263	322222.8306	1	0
26	8506	7824	37	-1	79	320991.0263	322222.8306	1	0
26	8506	7825	37	-1	78	320991.0263	322222.8306	1	0
26	8506	7826	37	-1	77	320991.0263	322222.8306	1	0
26	8506	7827	37	-1	76	320991.0263	322222.8306	1	0
26	8506	7828	37	-1	75	320991.0263	322222.8306	1	0
26	8506	7829	37	-1	74	320991.0263	322222.8306	1	0
26	8506	7830	37	-1	73	320991.0263	322222.8306	1	0
26	8506	7831	37	-1	72	320991.0263	322222.8306	1	0
26	8506	7832	37	-1	71	320991.0263	322222.8306	1	0
26	8506	7833	37	-1	70	320991.0263	322222.8306	1	0
26	8506	7834	37	-1	69	320991.0263	322222.8306	1	0
26	8506	7835	37	-1	68	320991.0263	322222.8306	1	0
26	8506	7836	37	-1	67	320991.0263	322222.8306	1	0
26	8506	7837	37	-1	66	320991.0263	322222.8306	1	0
26	8506	7838	37	-1	65	320991.0263	322222.8306	1	0
26	8506	7839	37	-1	64	320991.0263	322222.8306	1	0
26	8506	7840	37	-1	63	320991.0263	322222.8306	1	0
26	8506	7841	37	-1	62	320991.0263	322222.8306	1	0
26	8506	7842	37	-1	61	320991.0263	322222.8306	1	0
26	8506	7843	37	-1	60	320991.0263	322222.8306	1	0
26	8506	7844	37	-1	59	320991.0263	322222.8306	1	0
26	8506	7845	37	-1	58	320991.0263	322222.8306	1	0
26	8506	7846	37	-1	57	320991.0263	322222.8306	1	0
26	8506	7847	37	-1	56	320991.0263	322222.8306	1	0
26	8506	7848	37	-1	55	320991.0263	322222.8306	1	0
26	8506	7849	37	-1	54	320991.0263	322222.8306	1	0
26	8506	7850	37	-1	53	320991.0263	322222.8306	1	0
26	8506	7851	37	-1	52	320991.0263	322222.8306	1	0
26	8506	7852	37	-1	51	320991.0263	322222.8306	1	0
26	8506	7853	37	-1	50	320991.0263	322222.8306	1	0
26	8506	7854	37	-1	49	320991.0263	322222.8306	1	0
26	8506	7855	37	-1	48	320991.0263	322222.8306	1	0
26	8506	7856	37	-1	47	320991.0263	322222.8306	1	0
26	8506	7857	37	-1	46	320991.0263	322222.8306	1	0
26	8506	7858	37	-1	45	320991.0263	322222.8306	1	0
26	8506	7859	37	-1	44	320991.0263	322222.8306	1	0
26	8506	7860	37	-1	43	320991.0263	322222.8306	1	0
26	8506	7861	37	-1	42	320991.0263	322222.8306	1	0
26	8506	7862	37	-1	41	320991.0263	322222.8306	1	0
26	8506	7863	37	-1	40	320991.0263	322222.8306	1	0
26	8506	7864	37	-1	39	320991.0263	322222.8306	1	0
26	8506	7865	37	-1	38	320991.0263	322222.8306	1	0
26	8506	7866	37	-1	37	320991.0263	322222.8306	1	0
26	8506	7867	37	-1	36	320991.0263	322222.8306	1	0
26	8506	7868	37	-1	35	320991.0263	322222.8306	1	0
26	8506	7869	37	-1	34	320991.0263	322222.8306	1	0
26	8506	7870	37	-1	33	320991.0263	322222.8306	1	0
26	8506	7871	37	-1	32	320991.0263	322222.8306	1	0
26	8506	7872	37	-1	31	320991.0263	322222.8306	1	0
26	8506	7873	37	-1	30	320991.0263	322222.8306	1	0
26	8506	7874	37	-1	29	320991.0263	322222.8306	1	0
26	8506	7875	37	-1	28	320991.0263	322222.8306	1	0
26	8506	7876	37	-1	27	320991.0263	322222.8306	1	0
26	8506	7877	37	-1	26	320991.0263	322222.8306	1	0
26	8506	7878	37	-1	25	320991.0263	322222.8306	1	0
26	8506	7879	37	-1	24	320991.0263	322222.8306	1	0
26	8506	7880	37	-1	23	320991.0263	322222.8306	1	0
26	8506	7881	37	-1	22	320991.0263	322222.8306	1	0
26	8506	7882	37	-1	21	320991.0263	322222.8306	1	0
26	8506	7883	37	-1	20	320991.0263	322222.8306	1	0
26	8506	7884	37	-1	19	320991.0263	322222.8306	1	0
26	8506	7885	37	-1	18	320991.0263	322222.8306	1	0
26	8506	7886	37	-1	17	320991.0263	322222.8306	1	0
26	8506	7887	37	-1	16	320991.0263	322222.8306	1	0
26	8506	7888	37	-1	15	320991.0263	322222.8306	1	0
26	8506	7889	37	-1	14	320991.0263	322222.8306	1	0
26	8506	7890	37	-1	13	320991.0263	322222.8306	1	0
26	8506	7891	37	-1	12	320991.0263	322222.8306	1	0
26	8506	7892	37	-1	11	320991.0263	322222.8306	1	0
26	8506	7893	37	-1	10	320991.0263	322222.8306	1	0
26	8506	7894	37	-1	9	320991.0263	322222.8306	1	0
26	8506	7895	37	-1	8	320991.0263	322222.8306	1	0
26	8506	7896	37	-1	7	320991.0263	322222.8306	1	0
26	8506	7897	37	-1	6	320991.0263	322222.8306	1	0
26	8506	7898	37	-1	5	320991.0263	322222.8306	1	0
26	8506	7899	37	-1	4	320991.0263	322222.8306	1	0
26	8506	7900	37	-1	255	320523.139	321754.9433	1	0
26	8506	7901	37	-1	254	320523.139	321754.9433	1	0
26	8506	7902	37	-1	253	320523.139	321754.9433	1	0
26	8506	7903	37	-1	252	320523.139	321754.9433	1	0
26	8506	7904	37	-1	251	320523.139	321754.9433	1	0
26	8506	7905	37	-1	250	320523.139	321754.9433	1	0
26	8506	7906	37	-1	249	320523.139	321754.9433	1	0
26	8506	7907	37	-1	248	320523.139	321754.9433	1	0
26	8506	7908	37	-1	247	320523.139	321754.9433	1	0
26	8506	7909	37	-1	246	320523.139	321754.9433	1	0
26	8506	7910	37	-1	245	320523.139	321754.9433	1	0
26	8506	7911	37	-1	244	320523.139	321754.9433	1	0
26	8506	7912	37	-1	243	320523.139	321754.9433	1	0
26	8506	7913	37	-1	242	320523.139	321754.9433	1	0
26	8506	7914	37	-1	241	320523.139	321754.9433	1	0
26	8506	7915	37	-1	240	320523.139	321754.9433	1	0
26	8506	7916	37	-1	239	320523.139	321754.9433	1	0
26	8506	7917	37	-1	238	320523.139	321754.9433	1	0
26	8506	7918	37	-1	237	320523.139	321754.9433	1	0
26	8506	7919	37	-1	236	320523.139	321754.9433	1	0
26	8506	7920	37	-1	235	320523.139	321754.9433	1	0
26	8506	7921	37	-1	234	320523.139	321754.9433	1	0
26	8506	7922	37	-1	233	320523.139	321754.9433	1	0
26	8506	7923	37	-1	232	320523.139	321754.9433	1	0
26	8506	7924	37	-1	231	320523.139	321754.9433	1	0
26	8506	7925	37	-1	230	320523.139	320523.139	0	0
26	8506	7926	37	-1	229	320523.139	321754.9433	1	0
26	8506	7927	37	-1	228	320523.139	321754.9433	1	0
26	8506	7928	37	-1	227	320523.139	321754.9433	1	0
26	8506	7929	37	-1	226	320523.139	321754.9433	1	0
26	8506	7930	37	-1	225	320523.139	321754.9433	1	0
26	8506	7931	37	-1	224	320523.139	321754.9433	1	0
26	8506	7932	37	-1	223	320523.139	321754.9433	1	0
26	8506	7933	37	-1	222	320523.139	321754.9433	1	0
26	8506	7934	37	-1	221	320523.139	321754.9433	1	0
26	8506	7935	37	-1	220	320523.139	321754.9433	1	0
26	8506	7936	37	-1	219	320523.139	321754.9433	1	0
26	8506	7937	37	-1	218	320523.139	321754.9433	1	0
26	8506	7938	37	-1	217	320523.139	321754.9433	1	0
26	8506	7939	37	-1	216	320523.139	321754.9433	1	0
26	8506	7940	37	-1	215	320523.139	321754.9433	1	0
26	8506	7941	37	-1	214	320523.139	321754.9433	1	0
26	8506	7942	37	-1	213	320523.139	321754.9433	1	0
26	8506	7943	37	-1	212	320523.139	321754.9433	1	0
26	8506	7944	37	-1	211	320523.139	321754.9433	1	0
26	8506	7945	37	-1	210	320523.139	321754.9433	1	0
26	8506	7946	37	-1	209	320523.139	321754.9433	1	0
26	8506	7947	37	-1	208	320523.139	321754.9433	1	0
26	8506	7948	37	-1	207	320523.139	321754.9433	1	0
26	8506	7949	37	-1	206	320523.139	321754.9433	1	0
26	8506	7950	37	-1	205	320523.139	321754.9433	1	0
26	8506	7951	37	-1	204	320523.139	321754.9433	1	0
26	8506	7952	37	-1	203	320523.139	321754.9433	1	0
26	8506	7953	37	-1	202	320523.139	321754.9433	1	0
26	8506	7954	37	-1	201	320523.139	321754.9433	1	0
26	8506	7955	37	-1	200	320523.139	321754.9433	1	0
26	8506	7956	37	-1	199	320523.139	321754.9433	1	0
26	8506	7957	37	-1	198	320523.139	321754.9433	1	0
26	8506	7958	37	-1	197	320523.139	321754.9433	1	0
26	8506	7959	37	-1	196	320523.139	321754.9433	1	0
26	8506	7960	37	-1	195	320523.139	321754.9433	1	0
26	8506	7961	37	-1	194	320523.139	321754.9433	1	0
26	8506	7962	37	-1	193	320523.139	321754.9433	1	0
26	8506	7963	37	-1	192	320523.139	321754.9433	1	0
26	8506	7964	37	-1	191	320523.139	321754.9433	1	0
26	8506	7965	37	-1	190	320523.139	321754.9433	1	0
26	8506	7966	37	-1	189	320523.139	321754.9433	1	0
26	8506	7967	37	-1	188	320523.139	321754.9433	1	0
26	8506	7968	37	-1	187	320523.139	321754.9433	1	0
26	8506	7969	37	-1	186	320523.139	321754.9433	1	0
26	8506	7970	37	-1	185	320523.139	321754.9433	1	0
26	8506	7971	37	-1	184	320523.139	321754.9433	1	0
26	8506	7972	37	-1	183	320523.139	321754.9433	1	0
26	8506	7973	37	-1	182	320523.139	321754.9433	1	0
26	8506	7974	37	-1	181	320523.139	321754.9433	1	0
26	8506	7975	37	-1	180	320523.139	321754.9433	1	0
26	8506	7976	37	-1	179	320523.139	321754.9433	1	0
26	8506	7977	37	-1	178	320523.139	321754.9433	1	0
26	8506	7978	37	-1	177	320523.139	321754.9433	1	0
26	8506	7979	37	-1	176	320523.139	321754.9433	1	0
26	8506	7980	37	-1	175	320523.139	321754.9433	1	0
26	8506	7981	37	-1	174	320523.139	321754.9433	1	0
26	8506	7982	37	-1	173	320523.139	321754.9433	1	0
26	8506	7983	37	-1	172	320523.139	321754.9433	1	0
26	8506	7984	37	-1	171	320523.139	321754.9433	1	0
26	8506	7985	37	-1	170	320523.139	321754.9433	1	0
26	8506	7986	37	-1	169	320523.139	321754.9433	1	0
26	8506	7987	37	-1	168	320523.139	321754.9433	1	0
26	8506	7988	37	-1	167	320523.139	321754.9433	1	0
26	8506	7989	37	-1	166	320523.139	321754.9433	1	0
26	8506	7990	37	-1	165	320523.139	321754.9433	1	0
26	8506	7991	37	-1	164	320523.139	321754.9433	1	0
26	8506	7992	37	-1	163	320523.139	321754.9433	1	0
26	8506	7993	37	-1	162	320523.139	321754.9433	1	0
26	8506	7994	37	-1	161	320523.139	321754.9433	1	0
26	8506	7995	37	-1	160	320523.139	321754.9433	1	0
26	8506	7996	37	-1	159	320523.139	321754.9433	1	0
26	8506	7997	37	-1	158	320523.139	321754.9433	1	0
26	8506	7998	37	-1	157	320523.139	321754.9433	1	0
26	8506	7999	37	-1	156	320523.139	321754.9433	1	0
26	8506	8000	37	-1	155	320523.139	321754.9433	1	0
26	8506	8001	37	-1	154	320523.139	321754.9433	1	0
26	8506	8002	37	-1	153	320523.139	321754.9433	1	0
26	8506	8003	37	-1	152	320523.139	321754.9433	1	0
26	8506	8004	37	-1	151	320523.139	321754.9433	1	0
26	8506	8005	37	-1	150	320523.139	321754.9433	1	0
26	8506	8006	37	-1	149	320523.139	321754.9433	1	0
26	8506	8007	37	-1	148	320523.139	321754.9433	1	0
26	8506	8008	37	-1	147	320523.139	321754.9433	1	0
26	8506	8009	37	-1	146	320523.139	321754.9433	1	0
26	8506	8010	37	-1	145	320523.139	321754.9433	1	0
26	8506	8011	37	-1	144	320523.139	321754.9433	1	0
26	8506	8012	37	-1	143	320523.139	321754.9433	1	0
26	8506	8013	37	-1	142	320523.139	321754.9433	1	0
26	8506	8014	37	-1	141	320523.139	321754.9433	1	0
26	8506	8015	37	-1	140	320523.139	321754.9433	1	0
26	8506	8016	37	-1	139	320523.139	321754.9433	1	0
26	8506	8017	37	-1	138	320523.139	321754.9433	1	0
26	8506	8018	37	-1	137	320523.139	321754.9433	1	0
26	8506	8019	37	-1	136	320523.139	321754.9433	1	0
26	8506	8020	37	-1	135	320523.139	321754.9433	1	0
26	8506	8021	37	-1	134	320523.139	321754.9433	1	0
26	8506	8022	37	-1	133	320523.139	321754.9433	1	0
26	8506	8023	37	-1	132	320523.139	321754.9433	1	0
26	8506	8024	37	-1	127	320523.139	321754.9433	1	0
26	8506	8025	37	-1	126	320523.139	321754.9433	1	0
26	8506	8026	37	-1	125	320523.139	321754.9433	1	0
26	8506	8027	37	-1	124	320523.139	321754.9433	1	0
26	8506	8028	37	-1	123	320523.139	321754.9433	1	0
26	8506	8029	37	-1	122	320523.139	321754.9433	1	0
26	8506	8030	37	-1	121	320523.139	321754.9433	1	0
26	8506	8031	37	-1	120	320523.139	321754.9433	1	0
26	8506	8032	37	-1	119	320523.139	321754.9433	1	0
26	8506	8033	37	-1	118	320523.139	321754.9433	1	0
26	8506	8034	37	-1	117	320523.139	321754.9433	1	0
26	8506	8035	37	-1	116	320523.139	321754.9433	1	0
26	8506	8036	37	-1	115	320523.139	321754.9433	1	0
26	8506	8037	37	-1	114	320523.139	321754.9433	1	0
26	8506	8038	37	-1	113	320523.139	321754.9433	1	0
26	8506	8039	37	-1	112	320523.139	321754.9433	1	0
26	8506	8040	37	-1	111	320523.139	321754.9433	1	0
26	8506	8041	37	-1	110	320523.139	321754.9433	1	0
26	8506	8042	37	-1	109	320523.139	321754.9433	1	0
26	8506	8043	37	-1	108	320523.139	321754.9433	1	0
26	8506	8044	37	-1	107	320523.139	321754.9433	1	0
26	8506	8045	37	-1	106	320523.139	321754.9433	1	0
26	8506	8046	37	-1	105	320523.139	321754.9433	1	0
26	8506	8047	37	-1	104	320523.139	321754.9433	1	0
26	8506	8048	37	-1	103	320523.139	321754.9433	1	0
26	8506	8049	37	-1	102	320523.139	321754.9433	1	0
26	8506	8050	37	-1	101	320523.139	321754.9433	1	0
26	8506	8051	37	-1	100	320523.139	321754.9433	1	0
26	8506	8052	37	-1	99	320523.139	321754.9433	1	0
26	8506	8053	37	-1	98	320523.139	321754.9433	1	0
26	8506	8054	37	-1	97	320523.139	321754.9433	1	0
26	8506	8055	37	-1	96	320523.139	321754.9433	1	0
26	8506	8056	37	-1	95	320523.139	321754.9433	1	0
26	8506	8057	37	-1	94	320523.139	321754.9433	1	0
26	8506	8058	37	-1	93	320523.139	321754.9433	1	0
26	8506	8059	37	-1	92	320523.139	321754.9433	1	0
26	8506	8060	37	-1	91	320523.139	321754.9433	1	0
26	8506	8061	37	-1	90	320523.139	321754.9433	1	0
26	8506	8062	37	-1	89	320523.139	321754.9433	1	0
26	8506	8063	37	-1	88	320523.139	321754.9433	1	0
26	8506	8064	37	-1	87	320523.139	321754.9433	1	0
26	8506	8065	37	-1	86	320523.139	321754.9433	1	0
26	8506	8066	37	-1	85	320523.139	321754.9433	1	0
26	8506	8067	37	-1	84	320523.139	321754.9433	1	0
26	8506	8068	37	-1	83	320523.139	321754.9433	1	0
26	8506	8069	37	-1	82	320523.139	321754.9433	1	0
26	8506	8070	37	-1	81	320523.139	321754.9433	1	0
26	8506	8071	37	-1	80	320523.139	321754.9433	1	0
26	8506	8072	37	-1	79	320523.139	321754.9433	1	0
26	8506	8073	37	-1	78	320523.139	321754.9433	1	0
26	8506	8074	37	-1	77	320523.139	321754.9433	1	0
26	8506	8075	37	-1	76	320523.139	321754.9433	1	0
26	8506	8076	37	-1	75	320523.139	321754.9433	1	0
26	8506	8077	37	-1	74	320523.139	321754.9433	1	0
26	8506	8078	37	-1	73	320523.139	321754.9433	1	0
26	8506	8079	37	-1	72	320523.139	321754.9433	1	0
26	8506	8080	37	-1	71	320523.139	321754.9433	1	0
26	8506	8081	37	-1	70	320523.139	321754.9433	1	0
26	8506	8082	37	-1	69	320523.139	321754.9433	1	0
26	8506	8083	37	-1	68	320523.139	321754.9433	1	0
26	8506	8084	37	-1	67	320523.139	321754.9433	1	0
26	8506	8085	37	-1	66	320523.139	321754.9433	1	0
26	8506	8086	37	-1	65	320523.139	321754.9433	1	0
26	8506	8087	37	-1	64	320523.139	321754.9433	1	0
26	8506	8088	37	-1	63	320523.139	321754.9433	1	0
26	8506	8089	37	-1	62	320523.139	321754.9433	1	0
26	8506	8090	37	-1	61	320523.139	321754.9433	1	0
26	8506	8091	37	-1	60	320523.139	321754.9433	1	0
26	8506	8092	37	-1	59	320523.139	321754.9433	1	0
26	8506	8093	37	-1	58	320523.139	321754.9433	1	0
26	8506	8094	37	-1	57	320523.139	321754.9433	1	0
26	8506	8095	37	-1	56	320523.139	321754.9433	1	0
26	8506	8096	37	-1	55	320523.139	321754.9433	1	0
26	8506	8097	37	-1	54	320523.139	321754.9433	1	0
26	8506	8098	37	-1	53	320523.139	321754.9433	1	0
26	8506	8099	37	-1	52	320523.139	321754.9433	1	0
26	8506	8100	37	-1	51	320523.139	321754.9433	1	0
26	8506	8101	37	-1	50	320523.139	321754.9433	1	0
26	8506	8102	37	-1	49	320523.139	321754.9433	1	0
26	8506	8103	37	-1	48	320523.139	321754.9433	1	0
26	8506	8104	37	-1	47	320523.139	321754.9433	1	0
26	8506	8105	37	-1	46	320523.139	321754.9433	1	0
26	8506	8106	37	-1	45	320523.139	321754.9433	1	0
26	8506	8107	37	-1	44	320523.139	321754.9433	1	0
26	8506	8108	37	-1	43	320523.139	321754.9433	1	0
26	8506	8109	37	-1	42	320523.139	321754.9433	1	0
26	8506	8110	37	-1	41	320523.139	321754.9433	1	0
26	8506	8111	37	-1	40	320523.139	321754.9433	1	0
26	8506	8112	37	-1	39	320523.139	321754.9433	1	0
26	8506	8113	37	-1	38	320523.139	321754.9433	1	0
26	8506	8114	37	-1	37	320523.139	321754.9433	1	0
26	8506	8115	37	-1	36	320523.139	321754.9433	1	0
26	8506	8116	37	-1	35	320523.139	321754.9433	1	0
26	8506	8117	37	-1	34	320523.139	321754.9433	1	0
26	8506	8118	37	-1	33	320523.139	321754.9433	1	0
26	8506	8119	37	-1	32	320523.139	321754.9433	1	0
26	8506	8120	37	-1	31	320523.139	321754.9433	1	0
26	8506	8121	37	-1	30	320523.139	321754.9433	1	0
26	8506	8122	37	-1	29	320523.139	321754.9433	1	0
26	8506	8123	37	-1	28	320523.139	321754.9433	1	0
26	8506	8124	37	-1	27	320523.139	321754.9433	1	0
26	8506	8125	37	-1	26	320523.139	321754.9433	1	0
26	8506	8126	37	-1	25	320523.139	321754.9433	1	0
26	8506	8127	37	-1	24	320523.139	321754.9433	1	0
26	8506	8128	37	-1	23	320523.139	321754.9433	1	0
26	8506	8129	37	-1	22	320523.139	321754.9433	1	0
26	8506	8130	37	-1	21	320523.139	321754.9433	1	0
26	8506	8131	37	-1	20	320523.139	321754.9433	1	0
26	8506	8132	37	-1	19	320523.139	321754.9433	1	0
26	8506	8133	37	-1	18	320523.139	321754.9433	1	0
26	8506	8134	37	-1	17	320523.139	321754.9433	1	0
26	8506	8135	37	-1	16	320523.139	321754.9433	1	0
26	8506	8136	37	-1	15	320523.139	321754.9433	1	0
26	8506	8137	37	-1	14	320523.139	321754.9433	1	0
26	8506	8138	37	-1	13	320523.139	321754.9433	1	0
26	8506	8139	37	-1	12	320523.139	321754.9433	1	0
26	8506	8140	37	-1	11	320523.139	321754.9433	1	0
26	8506	8141	37	-1	10	320523.139	321754.9433	1	0
26	8506	8142	37	-1	9	320523.139	321754.9433	1	0
26	8506	8143	37	-1	8	320523.139	321754.9433	1	0
26	8506	8144	37	-1	7	320523.139	321754.9433	1	0
26	8506	8145	37	-1	6	320523.139	321754.9433	1	0
26	8506	8146	37	-1	5	320523.139	321754.9433	1	0
26	8506	8147	37	-1	4	320523.139	321754.9433	1	0
27	6458	6088	31	-1	204	361185.8334	362417.6377	1	1
27	6458	6089	31	-1	203	361185.8334	362417.6377	1	1
27	6458	6090	31	-1	202	361185.8334	362417.6377	1	1
27	6458	6091	31	-1	201	360006.4997	361238.304	1	0
28	6088	5960	30	-1	139	299285.7464	300519.6754	1	1
28	6088	5961	30	-1	138	299285.7464	300519.6754	1	1
28	6088	5962	30	-1	137	299285.7464	300519.6754	1	1
28	6088	5963	30	-1	136	299285.7464	300519.6754	1	1
28	6088	5964	30	-1	135	297701.1129	298935.0419	1	0
28	6088	5965	30	-1	134	297701.1129	298935.0419	1	0
28	6088	5966	30	-1	133	297701.1129	298935.0419	1	0
28	6088	5967	30	-1	132	297701.1129	298935.0419	1	0
28	6088	5968	30	-1	127	297701.1129	298935.0419	1	0
28	6088	5969	30	-1	126	297701.1129	298935.0419	1	0
28	6088	5970	30	-1	125	297701.1129	298935.0419	1	0
28	6088	5971	30	-1	124	297701.1129	298935.0419	1	0
28	6088	5972	30	-1	123	297701.1129	298935.0419	1	0
28	6088	5973	30	-1	122	297701.1129	298935.0419	1	0
28	6088	5974	30	-1	121	297701.1129	298935.0419	1	0
28	6088	5975	30	-1	120	297701.1129	298935.0419	1	0
28	6088	5976	30	-1	119	297701.1129	298935.0419	1	0
28	6088	5977	30	-1	118	297701.1129	298935.0419	1	0
28	6088	5978	30	-1	117	297701.1129	298935.0419	1	0
28	6088	5979	30	-1	116	297701.1129	298935.0419	1	0
28	6088	5980	30	-1	115	297701.1129	298935.0419	1	0
28	6088	5981	30	-1	114	297701.1129	298935.0419	1	0
28	6088	5982	30	-1	113	297701.1129	298935.0419	1	0
28	6088	5983	30	-1	112	297701.1129	298935.0419	1	0
28	6088	5984	30	-1	111	297701.1129	298935.0419	1	0
28	6088	5985	30	-1	110	297701.1129	298935.0419	1	0
28	6088	5986	30	-1	109	297701.1129	298935.0419	1	0
28	6088	5987	30	-1	108	297701.1129	298935.0419	1	0
28	6088	5988	30	-1	107	297701.1129	298935.0419	1	0
28	6088	5989	30	-1	106	297701.1129	298935.0419	1	0
28	6088	5990	30	-1	105	297701.1129	298935.0419	1	0
28	6088	5991	30	-1	104	297701.1129	298935.0419	1	0
28	6088	5992	30	-1	103	297701.1129	298935.0419	1	0
28	6088	5993	30	-1	102	297701.1129	298935.0419	1	0
28	6088	5994	30	-1	101	297701.1129	298935.0419	1	0
28	6088	5995	30	-1	100	297701.1129	298935.0419	1	0
28	6088	5996	30	-1	99	297701.1129	298935.0419	1	0
28	6088	5997	30	-1	98	297701.1129	298935.0419	1	0
28	6088	5998	30	-1	97	297701.1129	298935.0419	1	0
28	6088	5999	30	-1	96	297701.1129	298935.0419	1	0
28	6088	6000	30	-1	95	297701.1129	298935.0419	1	0
28	6088	6001	30	-1	94	297701.1129	298935.0419	1	0
28	6088	6002	30	-1	93	297701.1129	298935.0419	1	0
28	6088	6003	30	-1	92	297701.1129	298935.0419	1	0
28	6088	6004	30	-1	91	297701.1129	298935.0419	1	0
28	6088	6005	30	-1	90	297701.1129	298935.0419	1	0
28	6088	6006	30	-1	89	297701.1129	298935.0419	1	0
28	6088	6007	30	-1	88	297701.1129	298935.0419	1	0
28	6088	6008	30	-1	87	297701.1129	298935.0419	1	0
28	6088	6009	30	-1	86	297701.1129	298935.0419	1	0
28	6088	6010	30	-1	85	297701.1129	298935.0419	1	0
28	6088	6011	30	-1	84	297701.1129	298935.0419	1	0
28	6088	6012	30	-1	83	297701.1129	298935.0419	1	0
28	6088	6013	30	-1	82	297701.1129	298935.0419	1	0
28	6088	6014	30	-1	81	297701.1129	298935.0419	1	0
28	6088	6015	30	-1	80	297701.1129	298935.0419	1	0
28	6088	6016	30	-1	79	297701.1129	298935.0419	1	0
28	6088	6017	30	-1	78	297701.1129	298935.0419	1	0
28	6088	6018	30	-1	77	297701.1129	298935.0419	1	0
28	6088	6019	30	-1	76	297701.1129	298935.0419	1	0
28	6088	6020	30	-1	75	297701.1129	298935.0419	1	0
28	6088	6021	30	-1	74	297701.1129	298935.0419	1	0
28	6088	6022	30	-1	73	297701.1129	298935.0419	1	0
28	6088	6023	30	-1	72	297701.1129	298935.0419	1	0
28	6088	6024	30	-1	71	297701.1129	298935.0419	1	0
28	6088	6025	30	-1	70	297701.1129	298935.0419	1	0
28	6088	6026	30	-1	69	297701.1129	298935.0419	1	0
28	6088	6027	30	-1	68	297701.1129	298935.0419	1	0
28	6088	6028	30	-1	67	297701.1129	298935.0419	1	0
28	6088	6029	30	-1	66	297701.1129	298935.0419	1	0
28	6088	6030	30	-1	65	297701.1129	298935.0419	1	0
28	6088	6031	30	-1	64	297701.1129	298935.0419	1	0
28	6088	6032	30	-1	63	297701.1129	298935.0419	1	0
28	6088	6033	30	-1	62	297701.1129	298935.0419	1	0
28	6088	6034	30	-1	61	297701.1129	298935.0419	1	0
28	6088	6035	30	-1	60	297701.1129	298935.0419	1	0
28	6088	6036	30	-1	59	297701.1129	298935.0419	1	0
28	6088	6037	30	-1	58	297701.1129	298935.0419	1	0
28	6088	6038	30	-1	57	297701.1129	298935.0419	1	0
28	6088	6039	30	-1	56	297701.1129	298935.0419	1	0
28	6088	6040	30	-1	55	297701.1129	298935.0419	1	0
28	6088	6041	30	-1	54	297701.1129	298935.0419	1	0
28	6088	6042	30	-1	53	297701.1129	298935.0419	1	0
28	6088	6043	30	-1	52	297701.1129	298935.0419	1	0
28	6088	6044	30	-1	51	297701.1129	298935.0419	1	0
28	6088	6045	30	-1	50	297701.1129	298935.0419	1	0
28	6088	6046	30	-1	49	297701.1129	298935.0419	1	0
28	6088	6047	30	-1	48	297701.1129	298935.0419	1	0
28	6088	6048	30	-1	47	297701.1129	298935.0419	1	0
28	6088	6049	30	-1	46	297701.1129	298935.0419	1	0
28	6088	6050	30	-1	45	297701.1129	298935.0419	1	0
28	6088	6051	30	-1	44	297701.1129	298935.0419	1	0
28	6088	6052	30	-1	43	297701.1129	298935.0419	1	0
28	6088	6053	30	-1	42	297701.1129	298935.0419	1	0
28	6088	6054	30	-1	41	297701.1129	298935.0419	1	0
28	6088	6055	30	-1	40	297701.1129	298935.0419	1	0
28	6088	6056	30	-1	39	297701.1129	298935.0419	1	0
28	6088	6057	30	-1	38	297701.1129	298935.0419	1	0
28	6088	6058	30	-1	37	297701.1129	298935.0419	1	0
28	6088	6059	30	-1	36	297701.1129	298935.0419	1	0
28	6088	6060	30	-1	35	297701.1129	298935.0419	1	0
28	6088	6061	30	-1	34	297701.1129	298935.0419	1	0
28	6088	6062	30	-1	33	297701.1129	298935.0419	1	0
28	6088	6063	30	-1	32	297701.1129	298935.0419	1	0
28	6088	6064	30	-1	31	297701.1129	298935.0419	1	0
28	6088	6065	30	-1	30	297701.1129	298935.0419	1	0
28	6088	6066	30	-1	29	297701.1129	298935.0419	1	0
28	6088	6067	30	-1	28	297701.1129	298935.0419	1	0
28	6088	6068	30	-1	27	297701.1129	298935.0419	1	0
28	6088	6069	30	-1	26	297701.1129	298935.0419	1	0
28	6088	6070	30	-1	25	297701.1129	298935.0419	1	0
28	6088	6071	30	-1	24	297701.1129	298935.0419	1	0
28	6088	6072	30	-1	23	297701.1129	298935.0419	1	0
28	6088	6073	30	-1	22	297701.1129	298935.0419	1	0
28	6088	6074	30	-1	21	297701.1129	298935.0419	1	0
28	6088	6075	30	-1	20	297701.1129	298935.0419	1	0
28	6088	6076	30	-1	19	297701.1129	298935.0419	1	0
28	6088	6077	30	-1	18	297701.1129	298935.0419	1	0
28	6088	6078	30	-1	17	297701.1129	298935.0419	1	0
28	6088	6079	30	-1	16	297701.1129	298935.0419	1	0
28	6088	6080	30	-1	15	297701.1129	298935.0419	1	0
28	6088	6081	30	-1	14	297701.1129	298935.0419	1	0
28	6088	6082	30	-1	13	297701.1129	298935.0419	1	0
28	6088	6083	30	-1	12	297701.1129	298935.0419	1	0
28	6088	6084	30	-1	11	299285.7464	300519.6754	1	1
28	6088	6085	30	-1	10	299285.7464	300519.6754	1	1
28	6088	6086	30	-1	9	299285.7464	300519.6754	1	1
28	6088	6087	30	-1	8	299285.7464	300519.6754	1	1
29	7298	6786	35	-1	204	341943.0839	341943.0839	0	1
30	6786	6092	32	-1	72	339294.796	340526.6003	1	1
30	6786	6093	32	-1	71	339294.796	340526.6003	1	1
30	6786	6094	32	-1	70	339294.796	340526.6003	1	1
30	6786	6095	32	-1	69	339294.796	340526.6003	1	1
31	7476	6964	35	-1	204	341000.899	341000.899	0	1
32	6964	6092	32	-1	72	339294.796	340526.6003	1	1
32	6964	6093	32	-1	71	339294.796	340526.6003	1	1
32	6964	6094	32	-1	70	339294.796	340526.6003	1	1
32	6964	6095	32	-1	69	339294.796	340526.6003	1	1
33	6092	5960	30	-1	139	299285.7464	300519.6754	1	1
33	6092	5961	30	-1	138	299285.7464	300519.6754	1	1
33	6092	5962	30	-1	137	299285.7464	300519.6754	1	1
33	6092	5963	30	-1	136	299285.7464	300519.6754	1	1
33	6092	5964	30	-1	135	297701.1129	298935.0419	1	0
33	6092	5965	30	-1	134	297701.1129	298935.0419	1	0
33	6092	5966	30	-1	133	297701.1129	298935.0419	1	0
33	6092	5967	30	-1	132	297701.1129	298935.0419	1	0
33	6092	5968	30	-1	127	297701.1129	298935.0419	1	0
33	6092	5969	30	-1	126	297701.1129	298935.0419	1	0
33	6092	5970	30	-1	125	297701.1129	298935.0419	1	0
33	6092	5971	30	-1	124	297701.1129	298935.0419	1	0
33	6092	5972	30	-1	123	297701.1129	298935.0419	1	0
33	6092	5973	30	-1	122	297701.1129	298935.0419	1	0
33	6092	5974	30	-1	121	297701.1129	298935.0419	1	0
33	6092	5975	30	-1	120	297701.1129	298935.0419	1	0
33	6092	5976	30	-1	119	297701.1129	298935.0419	1	0
33	6092	5977	30	-1	118	297701.1129	298935.0419	1	0
33	6092	5978	30	-1	117	297701.1129	298935.0419	1	0
33	6092	5979	30	-1	116	297701.1129	298935.0419	1	0
33	6092	5980	30	-1	115	297701.1129	298935.0419	1	0
33	6092	5981	30	-1	114	297701.1129	298935.0419	1	0
33	6092	5982	30	-1	113	297701.1129	298935.0419	1	0
33	6092	5983	30	-1	112	297701.1129	298935.0419	1	0
33	6092	5984	30	-1	111	297701.1129	298935.0419	1	0
33	6092	5985	30	-1	110	297701.1129	298935.0419	1	0
33	6092	5986	30	-1	109	297701.1129	298935.0419	1	0
33	6092	5987	30	-1	108	297701.1129	298935.0419	1	0
33	6092	5988	30	-1	107	297701.1129	298935.0419	1	0
33	6092	5989	30	-1	106	297701.1129	298935.0419	1	0
33	6092	5990	30	-1	105	297701.1129	298935.0419	1	0
33	6092	5991	30	-1	104	297701.1129	298935.0419	1	0
33	6092	5992	30	-1	103	297701.1129	298935.0419	1	0
33	6092	5993	30	-1	102	297701.1129	298935.0419	1	0
33	6092	5994	30	-1	101	297701.1129	298935.0419	1	0
33	6092	5995	30	-1	100	297701.1129	298935.0419	1	0
33	6092	5996	30	-1	99	297701.1129	298935.0419	1	0
33	6092	5997	30	-1	98	297701.1129	298935.0419	1	0
33	6092	5998	30	-1	97	297701.1129	298935.0419	1	0
33	6092	5999	30	-1	96	297701.1129	298935.0419	1	0
33	6092	6000	30	-1	95	297701.1129	298935.0419	1	0
33	6092	6001	30	-1	94	297701.1129	298935.0419	1	0
33	6092	6002	30	-1	93	297701.1129	298935.0419	1	0
33	6092	6003	30	-1	92	297701.1129	298935.0419	1	0
33	6092	6004	30	-1	91	297701.1129	298935.0419	1	0
33	6092	6005	30	-1	90	297701.1129	298935.0419	1	0
33	6092	6006	30	-1	89	297701.1129	298935.0419	1	0
33	6092	6007	30	-1	88	297701.1129	298935.0419	1	0
33	6092	6008	30	-1	87	297701.1129	298935.0419	1	0
33	6092	6009	30	-1	86	297701.1129	298935.0419	1	0
33	6092	6010	30	-1	85	297701.1129	298935.0419	1	0
33	6092	6011	30	-1	84	297701.1129	298935.0419	1	0
33	6092	6012	30	-1	83	297701.1129	298935.0419	1	0
33	6092	6013	30	-1	82	297701.1129	298935.0419	1	0
33	6092	6014	30	-1	81	297701.1129	298935.0419	1	0
33	6092	6015	30	-1	80	297701.1129	298935.0419	1	0
33	6092	6016	30	-1	79	297701.1129	298935.0419	1	0
33	6092	6017	30	-1	78	297701.1129	298935.0419	1	0
33	6092	6018	30	-1	77	297701.1129	298935.0419	1	0
33	6092	6019	30	-1	76	297701.1129	298935.0419	1	0
33	6092	6020	30	-1	75	297701.1129	298935.0419	1	0
33	6092	6021	30	-1	74	297701.1129	298935.0419	1	0
33	6092	6022	30	-1	73	297701.1129	298935.0419	1	0
33	6092	6023	30	-1	72	297701.1129	297701.1129	0	0
33	6092	6024	30	-1	71	297701.1129	298935.0419	1	0
33	6092	6025	30	-1	70	297701.1129	298935.0419	1	0
33	6092	6026	30	-1	69	297701.1129	298935.0419	1	0
33	6092	6027	30	-1	68	297701.1129	298935.0419	1	0
33	6092	6028	30	-1	67	297701.1129	298935.0419	1	0
33	6092	6029	30	-1	66	297701.1129	298935.0419	1	0
33	6092	6030	30	-1	65	297701.1129	298935.0419	1	0
33	6092	6031	30	-1	64	297701.1129	298935.0419	1	0
33	6092	6032	30	-1	63	297701.1129	298935.0419	1	0
33	6092	6033	30	-1	62	297701.1129	298935.0419	1	0
33	6092	6034	30	-1	61	297701.1129	298935.0419	1	0
33	6092	6035	30	-1	60	297701.1129	298935.0419	1	0
33	6092	6036	30	-1	59	297701.1129	298935.0419	1	0
33	6092	6037	30	-1	58	297701.1129	298935.0419	1	0
33	6092	6038	30	-1	57	297701.1129	298935.0419	1	0
33	6092	6039	30	-1	56	297701.1129	298935.0419	1	0
33	6092	6040	30	-1	55	297701.1129	298935.0419	1	0
33	6092	6041	30	-1	54	297701.1129	298935.0419	1	0
33	6092	6042	30	-1	53	297701.1129	298935.0419	1	0
33	6092	6043	30	-1	52	297701.1129	298935.0419	1	0
33	6092	6044	30	-1	51	297701.1129	298935.0419	1	0
33	6092	6045	30	-1	50	297701.1129	298935.0419	1	0
33	6092	6046	30	-1	49	297701.1129	298935.0419	1	0
33	6092	6047	30	-1	48	297701.1129	298935.0419	1	0
33	6092	6048	30	-1	47	297701.1129	298935.0419	1	0
33	6092	6049	30	-1	46	297701.1129	298935.0419	1	0
33	6092	6050	30	-1	45	297701.1129	298935.0419	1	0
33	6092	6051	30	-1	44	297701.1129	298935.0419	1	0
33	6092	6052	30	-1	43	297701.1129	298935.0419	1	0
33	6092	6053	30	-1	42	297701.1129	298935.0419	1	0
33	6092	6054	30	-1	41	297701.1129	298935.0419	1	0
33	6092	6055	30	-1	40	297701.1129	298935.0419	1	0
33	6092	6056	30	-1	39	297701.1129	298935.0419	1	0
33	6092	6057	30	-1	38	297701.1129	298935.0419	1	0
33	6092	6058	30	-1	37	297701.1129	298935.0419	1	0
33	6092	6059	30	-1	36	297701.1129	298935.0419	1	0
33	6092	6060	30	-1	35	297701.1129	298935.0419	1	0
33	6092	6061	30	-1	34	297701.1129	298935.0419	1	0
33	6092	6062	30	-1	33	297701.1129	298935.0419	1	0
33	6092	6063	30	-1	32	297701.1129	298935.0419	1	0
33	6092	6064	30	-1	31	297701.1129	298935.0419	1	0
33	6092	6065	30	-1	30	297701.1129	298935.0419	1	0
33	6092	6066	30	-1	29	297701.1129	298935.0419	1	0
33	6092	6067	30	-1	28	297701.1129	298935.0419	1	0
33	6092	6068	30	-1	27	297701.1129	298935.0419	1	0
33	6092	6069	30	-1	26	297701.1129	298935.0419	1	0
33	6092	6070	30	-1	25	297701.1129	298935.0419	1	0
33	6092	6071	30	-1	24	297701.1129	298935.0419	1	0
33	6092	6072	30	-1	23	297701.1129	298935.0419	1	0
33	6092	6073	30	-1	22	297701.1129	298935.0419	1	0
33	6092	6074	30	-1	21	297701.1129	298935.0419	1	0
33	6092	6075	30	-1	20	297701.1129	298935.0419	1	0
33	6092	6076	30	-1	19	297701.1129	298935.0419	1	0
33	6092	6077	30	-1	18	297701.1129	298935.0419	1	0
33	6092	6078	30	-1	17	297701.1129	298935.0419	1	0
33	6092	6079	30	-1	16	297701.1129	298935.0419	1	0
33	6092	6080	30	-1	15	297701.1129	298935.0419	1	0
33	6092	6081	30	-1	14	297701.1129	298935.0419	1	0
33	6092	6082	30	-1	13	297701.1129	298935.0419	1	0
33	6092	6083	30	-1	12	297701.1129	298935.0419	1	0
33	6092	6084	30	-1	11	299285.7464	300519.6754	1	1
33	6092	6085	30	-1	10	299285.7464	300519.6754	1	1
33	6092	6086	30	-1	9	299285.7464	300519.6754	1	1
33	6092	6087	30	-1	8	299285.7464	300519.6754	1	1
34	7831	6096	33	-1	68	318823.4451	320055.2494	1	1
34	7831	6097	33	-1	67	318823.4451	320055.2494	1	1
34	7831	6098	33	-1	66	318823.4451	320055.2494	1	1
34	7831	6099	33	-1	65	318823.4451	320055.2494	1	1
35	8079	6096	33	-1	68	318823.4451	320055.2494	1	1
35	8079	6097	33	-1	67	318823.4451	320055.2494	1	1
35	8079	6098	33	-1	66	318823.4451	320055.2494	1	1
35	8079	6099	33	-1	65	318823.4451	320055.2494	1	1
36	6096	5960	30	-1	139	299285.7464	300519.6754	1	1
36	6096	5961	30	-1	138	299285.7464	300519.6754	1	1
36	6096	5962	30	-1	137	299285.7464	300519.6754	1	1
36	6096	5963	30	-1	136	299285.7464	300519.6754	1	1
36	6096	5964	30	-1	135	297701.1129	298935.0419	1	0
36	6096	5965	30	-1	134	297701.1129	298935.0419	1	0
36	6096	5966	30	-1	133	297701.1129	298935.0419	1	0
36	6096	5967	30	-1	132	297701.1129	298935.0419	1	0
36	6096	5968	30	-1	127	297701.1129	298935.0419	1	0
36	6096	5969	30	-1	126	297701.1129	298935.0419	1	0
36	6096	5970	30	-1	125	297701.1129	298935.0419	1	0
36	6096	5971	30	-1	124	297701.1129	298935.0419	1	0
36	6096	5972	30	-1	123	297701.1129	298935.0419	1	0
36	6096	5973	30	-1	122	297701.1129	298935.0419	1	0
36	6096	5974	30	-1	121	297701.1129	298935.0419	1	0
36	6096	5975	30	-1	120	297701.1129	298935.0419	1	0
36	6096	5976	30	-1	119	297701.1129	298935.0419	1	0
36	6096	5977	30	-1	118	297701.1129	298935.0419	1	0
36	6096	5978	30	-1	117	297701.1129	298935.0419	1	0
36	6096	5979	30	-1	116	297701.1129	298935.0419	1	0
36	6096	5980	30	-1	115	297701.1129	298935.0419	1	0
36	6096	5981	30	-1	114	297701.1129	298935.0419	1	0
36	6096	5982	30	-1	113	297701.1129	298935.0419	1	0
36	6096	5983	30	-1	112	297701.1129	298935.0419	1	0
36	6096	5984	30	-1	111	297701.1129	298935.0419	1	0
36	6096	5985	30	-1	110	297701.1129	298935.0419	1	0
36	6096	5986	30	-1	109	297701.1129	298935.0419	1	0
36	6096	5987	30	-1	108	297701.1129	298935.0419	1	0
36	6096	5988	30	-1	107	297701.1129	298935.0419	1	0
36	6096	5989	30	-1	106	297701.1129	298935.0419	1	0
36	6096	5990	30	-1	105	297701.1129	298935.0419	1	0
36	6096	5991	30	-1	104	297701.1129	298935.0419	1	0
36	6096	5992	30	-1	103	297701.1129	298935.0419	1	0
36	6096	5993	30	-1	102	297701.1129	298935.0419	1	0
36	6096	5994	30	-1	101	297701.1129	298935.0419	1	0
36	6096	5995	30	-1	100	297701.1129	298935.0419	1	0
36	6096	5996	30	-1	99	297701.1129	298935.0419	1	0
36	6096	5997	30	-1	98	297701.1129	298935.0419	1	0
36	6096	5998	30	-1	97	297701.1129	298935.0419	1	0
36	6096	5999	30	-1	96	297701.1129	298935.0419	1	0
36	6096	6000	30	-1	95	297701.1129	298935.0419	1	0
36	6096	6001	30	-1	94	297701.1129	298935.0419	1	0
36	6096	6002	30	-1	93	297701.1129	298935.0419	1	0
36	6096	6003	30	-1	92	297701.1129	298935.0419	1	0
36	6096	6004	30	-1	91	297701.1129	298935.0419	1	0
36	6096	6005	30	-1	90	297701.1129	298935.0419	1	0
36	6096	6006	30	-1	89	297701.1129	298935.0419	1	0
36	6096	6007	30	-1	88	297701.1129	298935.0419	1	0
36	6096	6008	30	-1	87	297701.1129	298935.0419	1	0
36	6096	6009	30	-1	86	297701.1129	298935.0419	1	0
36	6096	6010	30	-1	85	297701.1129	298935.0419	1	0
36	6096	6011	30	-1	84	297701.1129	298935.0419	1	0
36	6096	6012	30	-1	83	297701.1129	298935.0419	1	0
36	6096	6013	30	-1	82	297701.1129	298935.0419	1	0
36	6096	6014	30	-1	81	297701.1129	298935.0419	1	0
36	6096	6015	30	-1	80	297701.1129	298935.0419	1	0
36	6096	6016	30	-1	79	297701.1129	298935.0419	1	0
36	6096	6017	30	-1	78	297701.1129	298935.0419	1	0
36	6096	6018	30	-1	77	297701.1129	298935.0419	1	0
36	6096	6019	30	-1	76	297701.1129	298935.0419	1	0
36	6096	6020	30	-1	75	297701.1129	298935.0419	1	0
36	6096	6021	30	-1	74	297701.1129	298935.0419	1	0
36	6096	6022	30	-1	73	297701.1129	298935.0419	1	0
36	6096	6023	30	-1	72	297701.1129	298935.0419	1	0
36	6096	6024	30	-1	71	297701.1129	298935.0419	1	0
36	6096	6025	30	-1	70	297701.1129	298935.0419	1	0
36	6096	6026	30	-1	69	297701.1129	298935.0419	1	0
36	6096	6027	30	-1	68	297701.1129	297701.1129	0	0
36	6096	6028	30	-1	67	297701.1129	298935.0419	1	0
36	6096	6029	30	-1	66	297701.1129	298935.0419	1	0
36	6096	6030	30	-1	65	297701.1129	298935.0419	1	0
36	6096	6031	30	-1	64	297701.1129	298935.0419	1	0
36	6096	6032	30	-1	63	297701.1129	298935.0419	1	0
36	6096	6033	30	-1	62	297701.1129	298935.0419	1	0
36	6096	6034	30	-1	61	297701.1129	298935.0419	1	0
36	6096	6035	30	-1	60	297701.1129	298935.0419	1	0
36	6096	6036	30	-1	59	297701.1129	298935.0419	1	0
36	6096	6037	30	-1	58	297701.1129	298935.0419	1	0
36	6096	6038	30	-1	57	297701.1129	298935.0419	1	0
36	6096	6039	30	-1	56	297701.1129	298935.0419	1	0
36	6096	6040	30	-1	55	297701.1129	298935.0419	1	0
36	6096	6041	30	-1	54	297701.1129	298935.0419	1	0
36	6096	6042	30	-1	53	297701.1129	298935.0419	1	0
36	6096	6043	30	-1	52	297701.1129	298935.0419	1	0
36	6096	6044	30	-1	51	297701.1129	298935.0419	1	0
36	6096	6045	30	-1	50	297701.1129	298935.0419	1	0
36	6096	6046	30	-1	49	297701.1129	298935.0419	1	0
36	6096	6047	30	-1	48	297701.1129	298935.0419	1	0
36	6096	6048	30	-1	47	297701.1129	298935.0419	1	0
36	6096	6049	30	-1	46	297701.1129	298935.0419	1	0
36	6096	6050	30	-1	45	297701.1129	298935.0419	1	0
36	6096	6051	30	-1	44	297701.1129	298935.0419	1	0
36	6096	6052	30	-1	43	297701.1129	298935.0419	1	0
36	6096	6053	30	-1	42	297701.1129	298935.0419	1	0
36	6096	6054	30	-1	41	297701.1129	298935.0419	1	0
36	6096	6055	30	-1	40	297701.1129	298935.0419	1	0
36	6096	6056	30	-1	39	297701.1129	298935.0419	1	0
36	6096	6057	30	-1	38	297701.1129	298935.0419	1	0
36	6096	6058	30	-1	37	297701.1129	298935.0419	1	0
36	6096	6059	30	-1	36	297701.1129	298935.0419	1	0
36	6096	6060	30	-1	35	297701.1129	298935.0419	1	0
36	6096	6061	30	-1	34	297701.1129	298935.0419	1	0
36	6096	6062	30	-1	33	297701.1129	298935.0419	1	0
36	6096	6063	30	-1	32	297701.1129	298935.0419	1	0
36	6096	6064	30	-1	31	297701.1129	298935.0419	1	0
36	6096	6065	30	-1	30	297701.1129	298935.0419	1	0
36	6096	6066	30	-1	29	297701.1129	298935.0419	1	0
36	6096	6067	30	-1	28	297701.1129	298935.0419	1	0
36	6096	6068	30	-1	27	297701.1129	298935.0419	1	0
36	6096	6069	30	-1	26	297701.1129	298935.0419	1	0
36	6096	6070	30	-1	25	297701.1129	298935.0419	1	0
36	6096	6071	30	-1	24	297701.1129	298935.0419	1	0
36	6096	6072	30	-1	23	297701.1129	298935.0419	1	0
36	6096	6073	30	-1	22	297701.1129	298935.0419	1	0
36	6096	6074	30	-1	21	297701.1129	298935.0419	1	0
36	6096	6075	30	-1	20	297701.1129	298935.0419	1	0
36	6096	6076	30	-1	19	297701.1129	298935.0419	1	0
36	6096	6077	30	-1	18	297701.1129	298935.0419	1	0
36	6096	6078	30	-1	17	297701.1129	298935.0419	1	0
36	6096	6079	30	-1	16	297701.1129	298935.0419	1	0
36	6096	6080	30	-1	15	297701.1129	298935.0419	1	0
36	6096	6081	30	-1	14	297701.1129	298935.0419	1	0
36	6096	6082	30	-1	13	297701.1129	298935.0419	1	0
36	6096	6083	30	-1	12	297701.1129	298935.0419	1	0
36	6096	6084	30	-1	11	299285.7464	300519.6754	1	1
36	6096	6085	30	-1	10	299285.7464	300519.6754	1	1
36	6096	6086	30	-1	9	299285.7464	300519.6754	1	1
36	6096	6087	30	-1	8	299285.7464	300519.6754	1	1
37	5960	5956	29	-1	3	294883.8815	296116.4794	1	1
37	5960	5957	29	-1	2	294883.8815	296116.4794	1	1
37	5960	5958	29	-1	1	294883.8815	296116.4794	1	1
37	5960	5959	29	-1	0	294883.8815	296116.4794	1	1
38	5956	5680	24	-1	48	239407.0693	240639.6672	1	0
38	5956	5828	28	-1	127	263414.2967	264648.7781	1	1
38	5956	5829	28	-1	126	263414.2967	264648.7781	1	1
38	5956	5830	28	-1	125	263414.2967	264648.7781	1	1
38	5956	5831	28	-1	124	263414.2967	264648.7781	1	1
38	5956	5832	28	-1	123	263414.2967	264648.7781	1	1
38	5956	5833	28	-1	122	263414.2967	264648.7781	1	1
38	5956	5834	28	-1	121	263414.2967	264648.7781	1	1
38	5956	5835	28	-1	120	263414.2967	264648.7781	1	1
38	5956	5836	28	-1	119	263414.2967	264648.7781	1	1
38	5956	5837	28	-1	118	263414.2967	264648.7781	1	1
38	5956	5838	28	-1	117	263414.2967	264648.7781	1	1
38	5956	5839	28	-1	116	263414.2967	264648.7781	1	1
38	5956	5840	28	-1	115	263414.2967	264648.7781	1	1
38	5956	5841	28	-1	114	263414.2967	264648.7781	1	1
38	5956	5842	28	-1	113	263414.2967	264648.7781	1	1
38	5956	5843	28	-1	112	263414.2967	264648.7781	1	1
38	5956	5844	28	-1	111	263414.2967	264648.7781	1	1
38	5956	5845	28	-1	110	263414.2967	264648.7781	1	1
38	5956	5846	28	-1	109	263414.2967	264648.7781	1	1
38	5956	5847	28	-1	108	263414.2967	264648.7781	1	1
38	5956	5848	28	-1	107	263414.2967	264648.7781	1	1
38	5956	5849	28	-1	106	263414.2967	264648.7781	1	1
38	5956	5850	28	-1	105	263414.2967	264648.7781	1	1
38	5956	5851	28	-1	104	263414.2967	264648.7781	1	1
38	5956	5852	28	-1	103	263414.2967	264648.7781	1	1
38	5956	5853	28	-1	102	263414.2967	264648.7781	1	1
38	5956	5854	28	-1	101	263414.2967	264648.7781	1	1
38	5956	5855	28	-1	100	263414.2967	264648.7781	1	1
38	5956	5856	28	-1	99	263414.2967	264648.7781	1	1
38	5956	5857	28	-1	98	263414.2967	264648.7781	1	1
38	5956	5858	28	-1	97	263414.2967	264648.7781	1	1
38	5956	5859	28	-1	96	263414.2967	264648.7781	1	1
38	5956	5860	28	-1	95	263414.2967	264648.7781	1	1
38	5956	5861	28	-1	94	263414.2967	264648.7781	1	1
38	5956	5862	28	-1	93	263414.2967	264648.7781	1	1
38	5956	5863	28	-1	92	263414.2967	264648.7781	1	1
38	5956	5864	28	-1	91	263414.2967	264648.7781	1	1
38	5956	5865	28	-1	90	263414.2967	264648.7781	1	1
38	5956	5866	28	-1	89	263414.2967	264648.7781	1	1
38	5956	5867	28	-1	88	263414.2967	264648.7781	1	1
38	5956	5868	28	-1	87	263414.2967	264648.7781	1	1
38	5956	5869	28	-1	86	263414.2967	264648.7781	1	1
38	5956	5870	28	-1	85	263414.2967	264648.7781	1	1
38	5956	5871	28	-1	84	263414.2967	264648.7781	1	1
38	5956	5872	28	-1	83	263414.2967	264648.7781	1	1
38	5956	5873	28	-1	82	263414.2967	264648.7781	1	1
38	5956	5874	28	-1	81	263414.2967	264648.7781	1	1
38	5956	5875	28	-1	80	263414.2967	264648.7781	1	1
38	5956	5876	28	-1	79	263414.2967	264648.7781	1	1
38	5956	5877	28	-1	78	263414.2967	264648.7781	1	1
38	5956	5878	28	-1	77	263414.2967	264648.7781	1	1
38	5956	5879	28	-1	76	263414.2967	264648.7781	1	1
38	5956	5880	28	-1	75	263414.2967	264648.7781	1	1
38	5956	5881	28	-1	74	263414.2967	264648.7781	1	1
38	5956	5882	28	-1	73	263414.2967	264648.7781	1	1
38	5956	5883	28	-1	72	263414.2967	264648.7781	1	1
38	5956	5884	28	-1	71	263414.2967	264648.7781	1	1
38	5956	5885	28	-1	70	263414.2967	264648.7781	1	1
38	5956	5886	28	-1	69	263414.2967	264648.7781	1	1
38	5956	5887	28	-1	68	263414.2967	264648.7781	1	1
38	5956	5888	28	-1	67	263414.2967	264648.7781	1	1
38	5956	5889	28	-1	66	263414.2967	264648.7781	1	1
38	5956	5890	28	-1	65	263414.2967	264648.7781	1	1
38	5956	5891	28	-1	64	263414.2967	264648.7781	1	1
38	5956	5892	28	-1	63	263414.2967	264648.7781	1	1
38	5956	5893	28	-1	62	263414.2967	264648.7781	1	1
38	5956	5894	28	-1	61	263414.2967	264648.7781	1	1
38	5956	5895	28	-1	60	263414.2967	264648.7781	1	1
38	5956	5896	28	-1	59	263414.2967	264648.7781	1	1
38	5956	5897	28	-1	58	263414.2967	264648.7781	1	1
38	5956	5898	28	-1	57	263414.2967	264648.7781	1	1
38	5956	5899	28	-1	56	263414.2967	264648.7781	1	1
38	5956	5900	28	-1	55	263414.2967	264648.7781	1	1
38	5956	5901	28	-1	54	263414.2967	264648.7781	1	1
38	5956	5902	28	-1	53	263414.2967	264648.7781	1	1
38	5956	5903	28	-1	52	263414.2967	264648.7781	1	1
38	5956	5904	28	-1	51	263414.2967	264648.7781	1	1
38	5956	5905	28	-1	50	263414.2967	264648.7781	1	1
38	5956	5906	28	-1	49	263414.2967	264648.7781	1	1
38	5956	5907	28	-1	48	263414.2967	264648.7781	1	1
38	5956	5908	28	-1	47	263414.2967	264648.7781	1	1
38	5956	5909	28	-1	46	263414.2967	264648.7781	1	1
38	5956	5910	28	-1	45	263414.2967	264648.7781	1	1
38	5956	5911	28	-1	44	263414.2967	264648.7781	1	1
38	5956	5912	28	-1	43	263414.2967	264648.7781	1	1
38	5956	5913	28	-1	42	263414.2967	264648.7781	1	1
38	5956	5914	28	-1	41	263414.2967	264648.7781	1	1
38	5956	5915	28	-1	40	263414.2967	264648.7781	1	1
38	5956	5916	28	-1	39	263414.2967	264648.7781	1	1
38	5956	5917	28	-1	38	263414.2967	264648.7781	1	1
38	5956	5918	28	-1	37	263414.2967	264648.7781	1	1
38	5956	5919	28	-1	36	263414.2967	264648.7781	1	1
38	5956	5920	28	-1	35	263414.2967	264648.7781	1	1
38	5956	5921	28	-1	34	263414.2967	264648.7781	1	1
38	5956	5922	28	-1	33	263414.2967	264648.7781	1	1
38	5956	5923	28	-1	32	263414.2967	264648.7781	1	1
38	5956	5924	28	-1	31	263414.2967	264648.7781	1	1
38	5956	5925	28	-1	30	263414.2967	264648.7781	1	1
38	5956	5926	28	-1	29	263414.2967	264648.7781	1	1
38	5956	5927	28	-1	28	263414.2967	264648.7781	1	1
38	5956	5928	28	-1	27	263414.2967	264648.7781	1	1
38	5956	5929	28	-1	26	263414.2967	264648.7781	1	1
38	5956	5930	28	-1	25	263414.2967	264648.7781	1	1
38	5956	5931	28	-1	24	263414.2967	264648.7781	1	1
38	5956	5932	28	-1	23	263414.2967	264648.7781	1	1
38	5956	5933	28	-1	22	263414.2967	264648.7781	1	1
38	5956	5934	28	-1	21	263414.2967	264648.7781	1	1
38	5956	5935	28	-1	20	263414.2967	264648.7781	1	1
38	5956	5936	28	-1	19	263414.2967	264648.7781	1	1
38	5956	5937	28	-1	18	263414.2967	264648.7781	1	1
38	5956	5938	28	-1	17	263414.2967	264648.7781	1	1
38	5956	5939	28	-1	16	263414.2967	264648.7781	1	1
38	5956	5940	28	-1	15	263414.2967	264648.7781	1	1
38	5956	5941	28	-1	14	263414.2967	264648.7781	1	1
38	5956	5942	28	-1	13	263414.2967	264648.7781	1	1
38	5956	5943	28	-1	12	263414.2967	264648.7781	1	1
38	5956	5944	28	-1	11	263414.2967	264648.7781	1	1
38	5956	5945	28	-1	10	263414.2967	264648.7781	1	1
38	5956	5946	28	-1	9	263414.2967	264648.7781	1	1
38	5956	5947	28	-1	8	263414.2967	264648.7781	1	1
38	5956	5948	28	-1	7	263414.2967	264648.7781	1	1
38	5956	5949	28	-1	6	263414.2967	264648.7781	1	1
38	5956	5950	28	-1	5	263414.2967	264648.7781	1	1
38	5956	5951	28	-1	4	263414.2967	264648.7781	1	1
38	5956	5952	28	-1	3	263414.2967	263414.2967	0	0
38	5956	5953	28	-1	2	263414.2967	264648.7781	1	1
38	5956	5954	28	-1	1	263414.2967	264648.7781	1	1
38	5956	5955	28	-1	0	263414.2967	264648.7781	1	1
39	5828	5812	26	-1	64	261761.8488	262994.4511	1	1
39	5828	5813	26	-1	63	261761.8488	262994.4511	1	1
39	5828	5814	26	-1	62	261761.8488	262994.4511	1	1
39	5828	5815	26	-1	61	261761.8488	262994.4511	1	1
39	5828	5816	26	-1	60	261761.8488	262994.4511	1	1
39	5828	5817	26	-1	59	261761.8488	262994.4511	1	1
39	5828	5818	26	-1	58	261761.8488	262994.4511	1	1
39	5828	5819	26	-1	57	261761.8488	262994.4511	1	1
39	5828	5820	27	-1	56	261761.8488	262994.4511	1	1
39	5828	5821	27	-1	55	261761.8488	262994.4511	1	1
39	5828	5822	27	-1	54	261761.8488	262994.4511	1	1
39	5828	5823	27	-1	53	261761.8488	262994.4511	1	1
39	5828	5824	27	-1	52	261761.8488	262994.4511	1	1
39	5828	5825	27	-1	51	261761.8488	262994.4511	1	1
39	5828	5826	27	-1	50	261761.8488	262994.4511	1	1
39	5828	5827	27	-1	49	261761.8488	262994.4511	1	1
40	5812	5684	25	-1	127	242224.3052	243458.0791	1	1
40	5812	5685	25	-1	126	242224.3052	243458.0791	1	1
40	5812	5686	25	-1	125	242224.3052	243458.0791	1	1
40	5812	5687	25	-1	124	242224.3052	243458.0791	1	1
40	5812	5688	25	-1	123	242224.3052	243458.0791	1	1
40	5812	5689	25	-1	122	242224.3052	243458.0791	1	1
40	5812	5690	25	-1	121	242224.3052	243458.0791	1	1
40	5812	5691	25	-1	120	242224.3052	243458.0791	1	1
40	5812	5692	25	-1	119	242224.3052	243458.0791	1	1
40	5812	5693	25	-1	118	242224.3052	243458.0791	1	1
40	5812	5694	25	-1	117	242224.3052	243458.0791	1	1
40	5812	5695	25	-1	116	242224.3052	243458.0791	1	1
40	5812	5696	25	-1	115	242224.3052	243458.0791	1	1
40	5812	5697	25	-1	114	242224.3052	243458.0791	1	1
40	5812	5698	25	-1	113	242224.3052	243458.0791	1	1
40	5812	5699	25	-1	112	242224.3052	243458.0791	1	1
40	5812	5700	25	-1	111	242224.3052	243458.0791	1	1
40	5812	5701	25	-1	110	242224.3052	243458.0791	1	1
40	5812	5702	25	-1	109	242224.3052	243458.0791	1	1
40	5812	5703	25	-1	108	242224.3052	243458.0791	1	1
40	5812	5704	25	-1	107	242224.3052	243458.0791	1	1
40	5812	5705	25	-1	106	242224.3052	243458.0791	1	1
40	5812	5706	25	-1	105	242224.3052	243458.0791	1	1
40	5812	5707	25	-1	104	242224.3052	243458.0791	1	1
40	5812	5708	25	-1	103	242224.3052	243458.0791	1	1
40	5812	5709	25	-1	102	242224.3052	243458.0791	1	1
40	5812	5710	25	-1	101	242224.3052	243458.0791	1	1
40	5812	5711	25	-1	100	242224.3052	243458.0791	1	1
40	5812	5712	25	-1	99	242224.3052	243458.0791	1	1
40	5812	5713	25	-1	98	242224.3052	243458.0791	1	1
40	5812	5714	25	-1	97	242224.3052	243458.0791	1	1
40	5812	5715	25	-1	96	242224.3052	243458.0791	1	1
40	5812	5716	25	-1	95	242224.3052	243458.0791	1	1
40	5812	5717	25	-1	94	242224.3052	243458.0791	1	1
40	5812	5718	25	-1	93	242224.3052	243458.0791	1	1
40	5812	5719	25	-1	92	242224.3052	243458.0791	1	1
40	5812	5720	25	-1	91	242224.3052	243458.0791	1	1
40	5812	5721	25	-1	90	242224.3052	243458.0791	1	1
40	5812	5722	25	-1	89	242224.3052	243458.0791	1	1
40	5812	5723	25	-1	88	242224.3052	243458.0791	1	1
40	5812	5724	25	-1	87	242224.3052	243458.0791	1	1
40	5812	5725	25	-1	86	242224.3052	243458.0791	1	1
40	5812	5726	25	-1	85	242224.3052	243458.0791	1	1
40	5812	5727	25	-1	84	242224.3052	243458.0791	1	1
40	5812	5728	25	-1	83	242224.3052	243458.0791	1	1
40	5812	5729	25	-1	82	242224.3052	243458.0791	1	1
40	5812	5730	25	-1	81	242224.3052	243458.0791	1	1
40	5812	5731	25	-1	80	242224.3052	243458.0791	1	1
40	5812	5732	25	-1	79	242224.3052	243458.0791	1	1
40	5812	5733	25	-1	78	242224.3052	243458.0791	1	1
40	5812	5734	25	-1	77	242224.3052	243458.0791	1	1
40	5812	5735	25	-1	76	242224.3052	243458.0791	1	1
40	5812	5736	25	-1	75	242224.3052	243458.0791	1	1
40	5812	5737	25	-1	74	242224.3052	243458.0791	1	1
40	5812	5738	25	-1	73	242224.3052	243458.0791	1	1
40	5812	5739	25	-1	72	242224.3052	243458.0791	1	1
40	5812	5740	25	-1	71	242224.3052	243458.0791	1	1
40	5812	5741	25	-1	70	242224.3052	243458.0791	1	1
40	5812	5742	25	-1	69	242224.3052	243458.0791	1	1
40	5812	5743	25	-1	68	242224.3052	243458.0791	1	1
40	5812	5744	25	-1	67	242224.3052	243458.0791	1	1
40	5812	5745	25	-1	66	242224.3052	243458.0791	1	1
40	5812	5746	25	-1	65	242224.3052	243458.0791	1	1
40	5812	5747	25	-1	64	242224.3052	242224.3052	0	0
40	5812	5748	25	-1	63	242224.3052	243458.0791	1	1
40	5812	5749	25	-1	62	242224.3052	243458.0791	1	1
40	5812	5750	25	-1	61	242224.3052	243458.0791	1	1
40	5812	5751	25	-1	60	242224.3052	243458.0791	1	1
40	5812	5752	25	-1	59	242224.3052	243458.0791	1	1
40	5812	5753	25	-1	58	242224.3052	243458.0791	1	1
40	5812	5754	25	-1	57	242224.3052	243458.0791	1	1
40	5812	5755	25	-1	56	242224.3052	243458.0791	1	1
40	5812	5756	25	-1	55	242224.3052	243458.0791	1	1
40	5812	5757	25	-1	54	242224.3052	243458.0791	1	1
40	5812	5758	25	-1	53	242224.3052	243458.0791	1	1
40	5812	5759	25	-1	52	242224.3052	243458.0791	1	1
40	5812	5760	25	-1	51	242224.3052	243458.0791	1	1
40	5812	5761	25	-1	50	242224.3052	243458.0791	1	1
40	5812	5762	25	-1	49	242224.3052	243458.0791	1	1
40	5812	5763	25	-1	48	242224.3052	243458.0791	1	1
40	5812	5764	25	-1	47	242224.3052	243458.0791	1	1
40	5812	5765	25	-1	46	242224.3052	243458.0791	1	1
40	5812	5766	25	-1	45	242224.3052	243458.0791	1	1
40	5812	5767	25	-1	44	242224.3052	243458.0791	1	1
40	5812	5768	25	-1	43	242224.3052	243458.0791	1	1
40	5812	5769	25	-1	42	242224.3052	243458.0791	1	1
40	5812	5770	25	-1	41	242224.3052	243458.0791	1	1
40	5812	5771	25	-1	40	242224.3052	243458.0791	1	1
40	5812	5772	25	-1	39	242224.3052	243458.0791	1	1
40	5812	5773	25	-1	38	242224.3052	243458.0791	1	1
40	5812	5774	25	-1	37	242224.3052	243458.0791	1	1
40	5812	5775	25	-1	36	242224.3052	243458.0791	1	1
40	5812	5776	25	-1	35	242224.3052	243458.0791	1	1
40	5812	5777	25	-1	34	242224.3052	243458.0791	1	1
40	5812	5778	25	-1	33	242224.3052	243458.0791	1	1
40	5812	5779	25	-1	32	242224.3052	243458.0791	1	1
40	5812	5780	25	-1	31	242224.3052	243458.0791	1	1
40	5812	5781	25	-1	30	242224.3052	243458.0791	1	1
40	5812	5782	25	-1	29	242224.3052	243458.0791	1	1
40	5812	5783	25	-1	28	242224.3052	243458.0791	1	1
40	5812	5784	25	-1	27	242224.3052	243458.0791	1	1
40	5812	5785	25	-1	26	242224.3052	243458.0791	1	1
40	5812	5786	25	-1	25	242224.3052	243458.0791	1	1
40	5812	5787	25	-1	24	242224.3052	243458.0791	1	1
40	5812	5788	25	-1	23	242224.3052	243458.0791	1	1
40	5812	5789	25	-1	22	242224.3052	243458.0791	1	1
40	5812	5790	25	-1	21	242224.3052	243458.0791	1	1
40	5812	5791	25	-1	20	242224.3052	243458.0791	1	1
40	5812	5792	25	-1	19	242224.3052	243458.0791	1	1
40	5812	5793	25	-1	18	242224.3052	243458.0791	1	1
40	5812	5794	25	-1	17	242224.3052	243458.0791	1	1
40	5812	5795	25	-1	16	242224.3052	243458.0791	1	1
40	5812	5796	25	-1	15	242224.3052	243458.0791	1	1
40	5812	5797	25	-1	14	242224.3052	243458.0791	1	1
40	5812	5798	25	-1	13	242224.3052	243458.0791	1	1
40	5812	5799	25	-1	12	242224.3052	243458.0791	1	1
40	5812	5800	25	-1	11	242224.3052	243458.0791	1	1
40	5812	5801	25	-1	10	242224.3052	243458.0791	1	1
40	5812	5802	25	-1	9	242224.3052	243458.0791	1	1
40	5812	5803	25	-1	8	242224.3052	243458.0791	1	1
40	5812	5804	25	-1	7	242224.3052	243458.0791	1	1
40	5812	5805	25	-1	6	242224.3052	243458.0791	1	1
40	5812	5806	25	-1	5	242224.3052	243458.0791	1	1
40	5812	5807	25	-1	4	242224.3052	243458.0791	1	1
40	5812	5808	25	-1	3	242224.3052	243458.0791	1	1
40	5812	5809	25	-1	2	242224.3052	243458.0791	1	1
40	5812	5810	25	-1	1	242224.3052	243458.0791	1	1
40	5812	5811	25	-1	0	242224.3052	243458.0791	1	1
41	5684	5680	24	-1	48	239407.0693	240639.6672	1	1
41	5684	5681	24	-1	47	239407.0693	240639.6672	1	1
41	5684	5682	24	-1	46	239407.0693	240639.6672	1	1
41	5684	5683	24	-1	45	239407.0693	240639.6672	1	1
42	5680	2976	14	-1	131	146195.9145	147428.5124	1	0
42	5680	5168	23	-1	7	219868.8183	221103.2997	1	1
42	5680	5169	23	-1	6	219868.8183	221103.2997	1	1
42	5680	5170	23	-1	5	219868.8183	221103.2997	1	1
42	5680	5171	23	-1	4	219868.8183	221103.2997	1	1
42	5680	5172	23	-1	3	217824.0439	219058.5253	1	0
42	5680	5173	23	-1	2	217824.0439	219058.5253	1	0
42	5680	5174	23	-1	1	217824.0439	219058.5253	1	0
42	5680	5175	23	-1	0	217824.0439	219058.5253	1	0
42	5680	5176	23	-1	135	218965.6511	220200.1325	1	0
42	5680	5177	23	-1	134	218965.6511	220200.1325	1	0
42	5680	5178	23	-1	133	218965.6511	220200.1325	1	0
42	5680	5179	23	-1	132	218965.6511	220200.1325	1	0
42	5680	5180	23	-1	255	218609.2823	219843.7637	1	0
42	5680	5181	23	-1	254	218609.2823	219843.7637	1	0
42	5680	5182	23	-1	253	218609.2823	219843.7637	1	0
42	5680	5183	23	-1	252	218609.2823	219843.7637	1	0
42	5680	5184	23	-1	251	218609.2823	219843.7637	1	0
42	5680	5185	23	-1	250	218609.2823	219843.7637	1	0
42	5680	5186	23	-1	249	218609.2823	219843.7637	1	0
42	5680	5187	23	-1	248	218609.2823	219843.7637	1	0
42	5680	5188	23	-1	247	218609.2823	219843.7637	1	0
42	5680	5189	23	-1	246	218609.2823	219843.7637	1	0
42	5680	5190	23	-1	245	218609.2823	219843.7637	1	0
42	5680	5191	23	-1	244	218609.2823	219843.7637	1	0
42	5680	5192	23	-1	243	218609.2823	219843.7637	1	0
42	5680	5193	23	-1	242	218609.2823	219843.7637	1	0
42	5680	5194	23	-1	241	218609.2823	219843.7637	1	0
42	5680	5195	23	-1	240	218609.2823	219843.7637	1	0
42	5680	5196	23	-1	239	218609.2823	219843.7637	1	0
42	5680	5197	23	-1	238	218609.2823	219843.7637	1	0
42	5680	5198	23	-1	237	218609.2823	219843.7637	1	0
42	5680	5199	23	-1	236	218609.2823	219843.7637	1	0
42	5680	5200	23	-1	235	218609.2823	219843.7637	1	0
42	5680	5201	23	-1	234	218609.2823	219843.7637	1	0
42	5680	5202	23	-1	233	218609.2823	219843.7637	1	0
42	5680	5203	23	-1	232	218609.2823	219843.7637	1	0
42	5680	5204	23	-1	231	218609.2823	219843.7637	1	0
42	5680	5205	23	-1	230	218609.2823	219843.7637	1	0
42	5680	5206	23	-1	229	218609.2823	219843.7637	1	0
42	5680	5207	23	-1	228	218609.2823	219843.7637	1	0
42	5680	5208	23	-1	227	218609.2823	219843.7637	1	0
42	5680	5209	23	-1	226	218609.2823	219843.7637	1	0
42	5680	5210	23	-1	225	218609.2823	219843.7637	1	0
42	5680	5211	23	-1	224	218609.2823	219843.7637	1	0
42	5680	5212	23	-1	223	218609.2823	219843.7637	1	0
42	5680	5213	23	-1	222	218609.2823	219843.7637	1	0
42	5680	5214	23	-1	221	218609.2823	219843.7637	1	0
42	5680	5215	23	-1	220	218609.2823	219843.7637	1	0
42	5680	5216	23	-1	219	218609.2823	219843.7637	1	0
42	5680	5217	23	-1	218	218609.2823	219843.7637	1	0
42	5680	5218	23	-1	217	218609.2823	219843.7637	1	0
42	5680	5219	23	-1	216	218609.2823	219843.7637	1	0
42	5680	5220	23	-1	215	218609.2823	219843.7637	1	0
42	5680	5221	23	-1	214	218609.2823	219843.7637	1	0
42	5680	5222	23	-1	213	218609.2823	219843.7637	1	0
42	5680	5223	23	-1	212	218609.2823	219843.7637	1	0
42	5680	5224	23	-1	211	218609.2823	219843.7637	1	0
42	5680	5225	23	-1	210	218609.2823	219843.7637	1	0
42	5680	5226	23	-1	209	218609.2823	219843.7637	1	0
42	5680	5227	23	-1	208	218609.2823	219843.7637	1	0
42	5680	5228	23	-1	207	218609.2823	219843.7637	1	0
42	5680	5229	23	-1	206	218609.2823	219843.7637	1	0
42	5680	5230	23	-1	205	218609.2823	219843.7637	1	0
42	5680	5231	23	-1	204	218609.2823	219843.7637	1	0
42	5680	5232	23	-1	203	218609.2823	219843.7637	1	0
42	5680	5233	23	-1	202	218609.2823	219843.7637	1	0
42	5680	5234	23	-1	201	218609.2823	219843.7637	1	0
42	5680	5235	23	-1	200	218609.2823	219843.7637	1	0
42	5680	5236	23	-1	199	218609.2823	219843.7637	1	0
42	5680	5237	23	-1	198	218609.2823	219843.7637	1	0
42	5680	5238	23	-1	197	218609.2823	219843.7637	1	0
42	5680	5239	23	-1	196	218609.2823	219843.7637	1	0
42	5680	5240	23	-1	195	218609.2823	219843.7637	1	0
42	5680	5241	23	-1	194	218609.2823	219843.7637	1	0
42	5680	5242	23	-1	193	218609.2823	219843.7637	1	0
42	5680	5243	23	-1	192	218609.2823	219843.7637	1	0
42	5680	5244	23	-1	191	218609.2823	219843.7637	1	0
42	5680	5245	23	-1	190	218609.2823	219843.7637	1	0
42	5680	5246	23	-1	189	218609.2823	219843.7637	1	0
42	5680	5247	23	-1	188	218609.2823	219843.7637	1	0
42	5680	5248	23	-1	187	218609.2823	219843.7637	1	0
42	5680	5249	23	-1	186	218609.2823	219843.7637	1	0
42	5680	5250	23	-1	185	218609.2823	219843.7637	1	0
42	5680	5251	23	-1	184	218609.2823	219843.7637	1	0
42	5680	5252	23	-1	183	218609.2823	219843.7637	1	0
42	5680	5253	23	-1	182	218609.2823	219843.7637	1	0
42	5680	5254	23	-1	181	218609.2823	219843.7637	1	0
42	5680	5255	23	-1	180	218609.2823	219843.7637	1	0
42	5680	5256	23	-1	179	218609.2823	219843.7637	1	0
42	5680	5257	23	-1	178	218609.2823	219843.7637	1	0
42	5680	5258	23	-1	177	218609.2823	219843.7637	1	0
42	5680	5259	23	-1	176	218609.2823	219843.7637	1	0
42	5680	5260	23	-1	175	218609.2823	219843.7637	1	0
42	5680	5261	23	-1	174	218609.2823	219843.7637	1	0
42	5680	5262	23	-1	173	218609.2823	219843.7637	1	0
42	5680	5263	23	-1	172	218609.2823	219843.7637	1	0
42	5680	5264	23	-1	171	218609.2823	219843.7637	1	0
42	5680	5265	23	-1	170	218609.2823	219843.7637	1	0
42	5680	5266	23	-1	169	218609.2823	219843.7637	1	0
42	5680	5267	23	-1	168	218609.2823	219843.7637	1	0
42	5680	5268	23	-1	167	218609.2823	219843.7637	1	0
42	5680	5269	23	-1	166	218609.2823	219843.7637	1	0
42	5680	5270	23	-1	165	218609.2823	219843.7637	1	0
42	5680	5271	23	-1	164	218609.2823	219843.7637	1	0
42	5680	5272	23	-1	163	218609.2823	219843.7637	1	0
42	5680	5273	23	-1	162	218609.2823	219843.7637	1	0
42	5680	5274	23	-1	161	218609.2823	219843.7637	1	0
42	5680	5275	23	-1	160	218609.2823	219843.7637	1	0
42	5680	5276	23	-1	159	218609.2823	219843.7637	1	0
42	5680	5277	23	-1	158	218609.2823	219843.7637	1	0
42	5680	5278	23	-1	157	218609.2823	219843.7637	1	0
42	5680	5279	23	-1	156	218609.2823	219843.7637	1	0
42	5680	5280	23	-1	155	218609.2823	219843.7637	1	0
42	5680	5281	23	-1	154	218609.2823	219843.7637	1	0
42	5680	5282	23	-1	153	218609.2823	219843.7637	1	0
42	5680	5283	23	-1	152	218609.2823	219843.7637	1	0
42	5680	5284	23	-1	151	218609.2823	219843.7637	1	0
42	5680	5285	23	-1	150	218609.2823	219843.7637	1	0
42	5680	5286	23	-1	149	218609.2823	219843.7637	1	0
42	5680	5287	23	-1	148	218609.2823	219843.7637	1	0
42	5680	5288	23	-1	147	218609.2823	219843.7637	1	0
42	5680	5289	23	-1	146	218609.2823	219843.7637	1	0
42	5680	5290	23	-1	145	218609.2823	219843.7637	1	0
42	5680	5291	23	-1	144	218609.2823	219843.7637	1	0
42	5680	5292	23	-1	143	218372.1335	219606.6149	1	0
42	5680	5293	23	-1	142	218372.1335	219606.6149	1	0
42	5680	5294	23	-1	141	218372.1335	219606.6149	1	0
42	5680	5295	23	-1	140	218372.1335	219606.6149	1	0
42	5680	5296	23	-1	139	218372.1335	219606.6149	1	0
42	5680	5297	23	-1	138	218372.1335	219606.6149	1	0
42	5680	5298	23	-1	137	218372.1335	219606.6149	1	0
42	5680	5299	23	-1	136	218372.1335	219606.6149	1	0
42	5680	5300	23	-1	127	218609.2823	219843.7637	1	0
42	5680	5301	23	-1	126	218609.2823	219843.7637	1	0
42	5680	5302	23	-1	125	218609.2823	219843.7637	1	0
42	5680	5303	23	-1	124	218609.2823	219843.7637	1	0
42	5680	5304	23	-1	123	218609.2823	219843.7637	1	0
42	5680	5305	23	-1	122	218609.2823	219843.7637	1	0
42	5680	5306	23	-1	121	218609.2823	219843.7637	1	0
42	5680	5307	23	-1	120	218609.2823	219843.7637	1	0
42	5680	5308	23	-1	119	218609.2823	219843.7637	1	0
42	5680	5309	23	-1	118	218609.2823	219843.7637	1	0
42	5680	5310	23	-1	117	218609.2823	219843.7637	1	0
42	5680	5311	23	-1	116	218609.2823	219843.7637	1	0
42	5680	5312	23	-1	115	218609.2823	219843.7637	1	0
42	5680	5313	23	-1	114	218609.2823	219843.7637	1	0
42	5680	5314	23	-1	113	218609.2823	219843.7637	1	0
42	5680	5315	23	-1	112	218609.2823	219843.7637	1	0
42	5680	5316	23	-1	111	218609.2823	219843.7637	1	0
42	5680	5317	23	-1	110	218609.2823	219843.7637	1	0
42	5680	5318	23	-1	109	218609.2823	219843.7637	1	0
42	5680	5319	23	-1	108	218609.2823	219843.7637	1	0
42	5680	5320	23	-1	107	218609.2823	219843.7637	1	0
42	5680	5321	23	-1	106	218609.2823	219843.7637	1	0
42	5680	5322	23	-1	105	218609.2823	219843.7637	1	0
42	5680	5323	23	-1	104	218609.2823	219843.7637	1	0
42	5680	5324	23	-1	103	218609.2823	219843.7637	1	0
42	5680	5325	23	-1	102	218609.2823	219843.7637	1	0
42	5680	5326	23	-1	101	218609.2823	219843.7637	1	0
42	5680	5327	23	-1	100	218609.2823	219843.7637	1	0
42	5680	5328	23	-1	99	218609.2823	219843.7637	1	0
42	5680	5329	23	-1	98	218609.2823	219843.7637	1	0
42	5680	5330	23	-1	97	218609.2823	219843.7637	1	0
42	5680	5331	23	-1	96	218609.2823	219843.7637	1	0
42	5680	5332	23	-1	95	218609.2823	219843.7637	1	0
42	5680	5333	23	-1	94	218609.2823	219843.7637	1	0
42	5680	5334	23	-1	93	218609.2823	219843.7637	1	0
42	5680	5335	23	-1	92	218609.2823	219843.7637	1	0
42	5680	5336	23	-1	91	218609.2823	219843.7637	1	0
42	5680	5337	23	-1	90	218609.2823	219843.7637	1	0
42	5680	5338	23	-1	89	218609.2823	219843.7637	1	0
42	5680	5339	23	-1	88	218609.2823	219843.7637	1	0
42	5680	5340	23	-1	87	218609.2823	219843.7637	1	0
42	5680	5341	23	-1	86	218609.2823	219843.7637	1	0
42	5680	5342	23	-1	85	218609.2823	219843.7637	1	0
42	5680	5343	23	-1	84	218609.2823	219843.7637	1	0
42	5680	5344	23	-1	83	218609.2823	219843.7637	1	0
42	5680	5345	23	-1	82	218609.2823	219843.7637	1	0
42	5680	5346	23	-1	81	218609.2823	219843.7637	1	0
42	5680	5347	23	-1	80	218609.2823	219843.7637	1	0
42	5680	5348	23	-1	79	218609.2823	219843.7637	1	0
42	5680	5349	23	-1	78	218609.2823	219843.7637	1	0
42	5680	5350	23	-1	77	218609.2823	219843.7637	1	0
42	5680	5351	23	-1	76	218609.2823	219843.7637	1	0
42	5680	5352	23	-1	75	218609.2823	219843.7637	1	0
42	5680	5353	23	-1	74	218609.2823	219843.7637	1	0
42	5680	5354	23	-1	73	218609.2823	219843.7637	1	0
42	5680	5355	23	-1	72	218609.2823	219843.7637	1	0
42	5680	5356	23	-1	71	218609.2823	219843.7637	1	0
42	5680	5357	23	-1	70	218609.2823	219843.7637	1	0
42	5680	5358	23	-1	69	218609.2823	219843.7637	1	0
42	5680	5359	23	-1	68	218609.2823	219843.7637	1	0
42	5680	5360	23	-1	67	218609.2823	219843.7637	1	0
42	5680	5361	23	-1	66	218609.2823	219843.7637	1	0
42	5680	5362	23	-1	65	218609.2823	219843.7637	1	0
42	5680	5363	23	-1	64	218609.2823	219843.7637	1	0
42	5680	5364	23	-1	63	218609.2823	219843.7637	1	0
42	5680	5365	23	-1	62	218609.2823	219843.7637	1	0
42	5680	5366	23	-1	61	218609.2823	219843.7637	1	0
42	5680	5367	23	-1	60	218609.2823	219843.7637	1	0
42	5680	5368	23	-1	59	218609.2823	219843.7637	1	0
42	5680	5369	23	-1	58	218609.2823	219843.7637	1	0
42	5680	5370	23	-1	57	218609.2823	219843.7637	1	0
42	5680	5371	23	-1	56	218609.2823	219843.7637	1	0
42	5680	5372	23	-1	55	218609.2823	219843.7637	1	0
42	5680	5373	23	-1	54	218609.2823	219843.7637	1	0
42	5680	5374	23	-1	53	218609.2823	219843.7637	1	0
42	5680	5375	23	-1	52	218609.2823	219843.7637	1	0
42	5680	5376	23	-1	51	218609.2823	219843.7637	1	0
42	5680	5377	23	-1	50	218609.2823	219843.7637	1	0
42	5680	5378	23	-1	49	218609.2823	219843.7637	1	0
42	5680	5379	23	-1	48	218609.2823	218609.2823	0	0
42	5680	5380	23	-1	47	218609.2823	219843.7637	1	0
42	5680	5381	23	-1	46	218609.2823	219843.7637	1	0
42	5680	5382	23	-1	45	218609.2823	219843.7637	1	0
42	5680	5383	23	-1	44	218609.2823	219843.7637	1	0
42	5680	5384	23	-1	43	218609.2823	219843.7637	1	0
42	5680	5385	23	-1	42	218609.2823	219843.7637	1	0
42	5680	5386	23	-1	41	218609.2823	219843.7637	1	0
42	5680	5387	23	-1	40	218609.2823	219843.7637	1	0
42	5680	5388	23	-1	39	218609.2823	219843.7637	1	0
42	5680	5389	23	-1	38	218609.2823	219843.7637	1	0
42	5680	5390	23	-1	37	218609.2823	219843.7637	1	0
42	5680	5391	23	-1	36	218609.2823	219843.7637	1	0
42	5680	5392	23	-1	35	218609.2823	219843.7637	1	0
42	5680	5393	23	-1	34	218609.2823	219843.7637	1	0
42	5680	5394	23	-1	33	218609.2823	219843.7637	1	0
42	5680	5395	23	-1	32	218609.2823	219843.7637	1	0
42	5680	5396	23	-1	31	218609.2823	219843.7637	1	0
42	5680	5397	23	-1	30	218609.2823	219843.7637	1	0
42	5680	5398	23	-1	29	218609.2823	219843.7637	1	0
42	5680	5399	23	-1	28	218609.2823	219843.7637	1	0
42	5680	5400	23	-1	27	218609.2823	219843.7637	1	0
42	5680	5401	23	-1	26	218609.2823	219843.7637	1	0
42	5680	5402	23	-1	25	218609.2823	219843.7637	1	0
42	5680	5403	23	-1	24	218609.2823	219843.7637	1	0
42	5680	5404	23	-1	23	218609.2823	219843.7637	1	0
42	5680	5405	23	-1	22	218609.2823	219843.7637	1	0
42	5680	5406	23	-1	21	218609.2823	219843.7637	1	0
42	5680	5407	23	-1	20	218609.2823	219843.7637	1	0
42	5680	5408	23	-1	19	218609.2823	219843.7637	1	0
42	5680	5409	23	-1	18	218609.2823	219843.7637	1	0
42	5680	5410	23	-1	17	218609.2823	219843.7637	1	0
42	5680	5411	23	-1	16	218609.2823	219843.7637	1	0
42	5680	5412	23	-1	15	218252.9289	219487.4103	1	0
42	5680	5413	23	-1	14	218252.9443	219487.4257	1	0
42	5680	5414	23	-1	13	218252.9135	219487.3949	1	0
42	5680	5415	23	-1	12	218252.9598	219487.4412	1	0
42	5680	5416	23	-1	11	218134.9847	219369.4661	1	0
42	5680	5417	23	-1	10	218134.9847	219369.4661	1	0
42	5680	5418	23	-1	9	218134.9847	219369.4661	1	0
42	5680	5419	23	-1	8	218134.9847	219369.4661	1	0
42	5680	5420	23	-1	7	217304.3183	218538.7997	1	0
42	5680	5421	23	-1	6	217304.3183	218538.7997	1	0
42	5680	5422	23	-1	5	217304.3183	218538.7997	1	0
42	5680	5423	23	-1	4	217304.3183	218538.7997	1	0
42	5680	5424	23	-1	3	216090.2104	217324.6918	1	0
42	5680	5425	23	-1	2	216090.2104	217324.6918	1	0
42	5680	5426	23	-1	1	216090.2104	217324.6918	1	0
42	5680	5427	23	-1	0	216090.2104	217324.6918	1	0
42	5680	5428	23	-1	255	215141.6152	216376.0966	1	0
42	5680	5429	23	-1	254	215141.6152	216376.0966	1	0
42	5680	5430	23	-1	253	215141.6152	216376.0966	1	0
42	5680	5431	23	-1	252	215141.6152	216376.0966	1	0
42	5680	5432	23	-1	251	215141.6152	216376.0966	1	0
42	5680	5433	23	-1	250	215141.6152	216376.0966	1	0
42	5680	5434	23	-1	249	215141.6152	216376.0966	1	0
42	5680	5435	23	-1	248	215141.6152	216376.0966	1	0
42	5680	5436	23	-1	247	215141.6152	216376.0966	1	0
42	5680	5437	23	-1	246	215141.6152	216376.0966	1	0
42	5680	5438	23	-1	245	215141.6152	216376.0966	1	0
42	5680	5439	23	-1	244	215141.6152	216376.0966	1	0
42	5680	5440	23	-1	243	215141.6152	216376.0966	1	0
42	5680	5441	23	-1	242	215141.6152	216376.0966	1	0
42	5680	5442	23	-1	241	215141.6152	216376.0966	1	0
42	5680	5443	23	-1	240	215141.6152	216376.0966	1	0
42	5680	5444	23	-1	239	215141.6152	216376.0966	1	0
42	5680	5445	23	-1	238	215141.6152	216376.0966	1	0
42	5680	5446	23	-1	237	215141.6152	216376.0966	1	0
42	5680	5447	23	-1	236	215141.6152	216376.0966	1	0
42	5680	5448	23	-1	235	215141.6152	216376.0966	1	0
42	5680	5449	23	-1	234	215141.6152	216376.0966	1	0
42	5680	5450	23	-1	233	215141.6152	216376.0966	1	0
42	5680	5451	23	-1	232	215141.6152	216376.0966	1	0
42	5680	5452	23	-1	231	215141.6152	216376.0966	1	0
42	5680	5453	23	-1	230	215141.6152	216376.0966	1	0
42	5680	5454	23	-1	229	215141.6152	216376.0966	1	0
42	5680	5455	23	-1	228	215141.6152	216376.0966	1	0
42	5680	5456	23	-1	227	215141.6152	216376.0966	1	0
42	5680	5457	23	-1	226	215141.6152	216376.0966	1	0
42	5680	5458	23	-1	225	215141.6152	216376.0966	1	0
42	5680	5459	23	-1	224	215141.6152	216376.0966	1	0
42	5680	5460	23	-1	223	215141.6152	216376.0966	1	0
42	5680	5461	23	-1	222	215141.6152	216376.0966	1	0
42	5680	5462	23	-1	221	215141.6152	216376.0966	1	0
42	5680	5463	23	-1	220	215141.6152	216376.0966	1	0
42	5680	5464	23	-1	219	215141.6152	216376.0966	1	0
42	5680	5465	23	-1	218	215141.6152	216376.0966	1	0
42	5680	5466	23	-1	217	215141.6152	216376.0966	1	0
42	5680	5467	23	-1	216	215141.6152	216376.0966	1	0
42	5680	5468	23	-1	215	215141.6152	216376.0966	1	0
42	5680	5469	23	-1	214	215141.6152	216376.0966	1	0
42	5680	5470	23	-1	213	215141.6152	216376.0966	1	0
42	5680	5471	23	-1	212	215141.6152	216376.0966	1	0
42	5680	5472	23	-1	211	215141.6152	216376.0966	1	0
42	5680	5473	23	-1	210	215141.6152	216376.0966	1	0
42	5680	5474	23	-1	209	215141.6152	216376.0966	1	0
42	5680	5475	23	-1	208	215141.6152	216376.0966	1	0
42	5680	5476	23	-1	207	215141.6152	216376.0966	1	0
42	5680	5477	23	-1	206	215141.6152	216376.0966	1	0
42	5680	5478	23	-1	205	215141.6152	216376.0966	1	0
42	5680	5479	23	-1	204	215141.6152	216376.0966	1	0
42	5680	5480	23	-1	203	215141.6152	216376.0966	1	0
42	5680	5481	23	-1	202	215141.6152	216376.0966	1	0
42	5680	5482	23	-1	201	215141.6152	216376.0966	1	0
42	5680	5483	23	-1	200	215141.6152	216376.0966	1	0
42	5680	5484	23	-1	199	215141.6152	216376.0966	1	0
42	5680	5485	23	-1	198	215141.6152	216376.0966	1	0
42	5680	5486	23	-1	197	215141.6152	216376.0966	1	0
42	5680	5487	23	-1	196	215141.6152	216376.0966	1	0
42	5680	5488	23	-1	195	215141.6152	216376.0966	1	0
42	5680	5489	23	-1	194	215141.6152	216376.0966	1	0
42	5680	5490	23	-1	193	215141.6152	216376.0966	1	0
42	5680	5491	23	-1	192	215141.6152	216376.0966	1	0
42	5680	5492	23	-1	191	215141.6152	216376.0966	1	0
42	5680	5493	23	-1	190	215141.6152	216376.0966	1	0
42	5680	5494	23	-1	189	215141.6152	216376.0966	1	0
42	5680	5495	23	-1	188	215141.6152	216376.0966	1	0
42	5680	5496	23	-1	187	215141.6152	216376.0966	1	0
42	5680	5497	23	-1	186	215141.6152	216376.0966	1	0
42	5680	5498	23	-1	185	215141.6152	216376.0966	1	0
42	5680	5499	23	-1	184	215141.6152	216376.0966	1	0
42	5680	5500	23	-1	183	215141.6152	216376.0966	1	0
42	5680	5501	23	-1	182	215141.6152	216376.0966	1	0
42	5680	5502	23	-1	181	215141.6152	216376.0966	1	0
42	5680	5503	23	-1	180	215141.6152	216376.0966	1	0
42	5680	5504	23	-1	179	215141.6152	216376.0966	1	0
42	5680	5505	23	-1	178	215141.6152	216376.0966	1	0
42	5680	5506	23	-1	177	215141.6152	216376.0966	1	0
42	5680	5507	23	-1	176	215141.6152	216376.0966	1	0
42	5680	5508	23	-1	175	215141.6152	216376.0966	1	0
42	5680	5509	23	-1	174	215141.6152	216376.0966	1	0
42	5680	5510	23	-1	173	215141.6152	216376.0966	1	0
42	5680	5511	23	-1	172	215141.6152	216376.0966	1	0
42	5680	5512	23	-1	171	215141.6152	216376.0966	1	0
42	5680	5513	23	-1	170	215141.6152	216376.0966	1	0
42	5680	5514	23	-1	169	215141.6152	216376.0966	1	0
42	5680	5515	23	-1	168	215141.6152	216376.0966	1	0
42	5680	5516	23	-1	167	215141.6152	216376.0966	1	0
42	5680	5517	23	-1	166	215141.6152	216376.0966	1	0
42	5680	5518	23	-1	165	215141.6152	216376.0966	1	0
42	5680	5519	23	-1	164	215141.6152	216376.0966	1	0
42	5680	5520	23	-1	163	215141.6152	216376.0966	1	0
42	5680	5521	23	-1	162	215141.6152	216376.0966	1	0
42	5680	5522	23	-1	161	215141.6152	216376.0966	1	0
42	5680	5523	23	-1	160	215141.6152	216376.0966	1	0
42	5680	5524	23	-1	159	215141.6152	216376.0966	1	0
42	5680	5525	23	-1	158	215141.6152	216376.0966	1	0
42	5680	5526	23	-1	157	215141.6152	216376.0966	1	0
42	5680	5527	23	-1	156	215141.6152	216376.0966	1	0
42	5680	5528	23	-1	155	215141.6152	216376.0966	1	0
42	5680	5529	23	-1	154	215141.6152	216376.0966	1	0
42	5680	5530	23	-1	153	215141.6152	216376.0966	1	0
42	5680	5531	23	-1	152	215141.6152	216376.0966	1	0
42	5680	5532	23	-1	151	215141.6152	216376.0966	1	0
42	5680	5533	23	-1	150	215141.6152	216376.0966	1	0
42	5680	5534	23	-1	149	215141.6152	216376.0966	1	0
42	5680	5535	23	-1	148	215141.6152	216376.0966	1	0
42	5680	5536	23	-1	147	215141.6152	216376.0966	1	0
42	5680	5537	23	-1	146	215141.6152	216376.0966	1	0
42	5680	5538	23	-1	145	215141.6152	216376.0966	1	0
42	5680	5539	23	-1	144	215141.6152	216376.0966	1	0
42	5680	5540	23	-1	143	215141.6152	216376.0966	1	0
42	5680	5541	23	-1	142	215141.6152	216376.0966	1	0
42	5680	5542	23	-1	141	215141.6152	216376.0966	1	0
42	5680	5543	23	-1	140	215141.6152	216376.0966	1	0
42	5680	5544	23	-1	139	215141.6152	216376.0966	1	0
42	5680	5545	23	-1	138	215141.6152	216376.0966	1	0
42	5680	5546	23	-1	137	215141.6152	216376.0966	1	0
42	5680	5547	23	-1	136	215141.6152	216376.0966	1	0
42	5680	5548	23	-1	135	215497.984	216732.4654	1	0
42	5680	5549	23	-1	134	215497.984	216732.4654	1	0
42	5680	5550	23	-1	133	215497.984	216732.4654	1	0
42	5680	5551	23	-1	132	215497.984	216732.4654	1	0
42	5680	5552	23	-1	127	215141.6152	216376.0966	1	0
42	5680	5553	23	-1	126	215141.6152	216376.0966	1	0
42	5680	5554	23	-1	125	215141.6152	216376.0966	1	0
42	5680	5555	23	-1	124	215141.6152	216376.0966	1	0
42	5680	5556	23	-1	123	215141.6152	216376.0966	1	0
42	5680	5557	23	-1	122	215141.6152	216376.0966	1	0
42	5680	5558	23	-1	121	215141.6152	216376.0966	1	0
42	5680	5559	23	-1	120	215141.6152	216376.0966	1	0
42	5680	5560	23	-1	119	215141.6152	216376.0966	1	0
42	5680	5561	23	-1	118	215141.6152	216376.0966	1	0
42	5680	5562	23	-1	117	215141.6152	216376.0966	1	0
42	5680	5563	23	-1	116	215141.6152	216376.0966	1	0
42	5680	5564	23	-1	115	215141.6152	216376.0966	1	0
42	5680	5565	23	-1	114	215141.6152	216376.0966	1	0
42	5680	5566	23	-1	113	215141.6152	216376.0966	1	0
42	5680	5567	23	-1	112	215141.6152	216376.0966	1	0
42	5680	5568	23	-1	111	215141.6152	216376.0966	1	0
42	5680	5569	23	-1	110	215141.6152	216376.0966	1	0
42	5680	5570	23	-1	109	215141.6152	216376.0966	1	0
42	5680	5571	23	-1	108	215141.6152	216376.0966	1	0
42	5680	5572	23	-1	107	215141.6152	216376.0966	1	0
42	5680	5573	23	-1	106	215141.6152	216376.0966	1	0
42	5680	5574	23	-1	105	215141.6152	216376.0966	1	0
42	5680	5575	23	-1	104	215141.6152	216376.0966	1	0
42	5680	5576	23	-1	103	215141.6152	216376.0966	1	0
42	5680	5577	23	-1	102	215141.6152	216376.0966	1	0
42	5680	5578	23	-1	101	215141.6152	216376.0966	1	0
42	5680	5579	23	-1	100	215141.6152	216376.0966	1	0
42	5680	5580	23	-1	99	215141.6152	216376.0966	1	0
42	5680	5581	23	-1	98	215141.6152	216376.0966	1	0
42	5680	5582	23	-1	97	215141.6152	216376.0966	1	0
42	5680	5583	23	-1	96	215141.6152	216376.0966	1	0
42	5680	5584	23	-1	95	215141.6152	216376.0966	1	0
42	5680	5585	23	-1	94	215141.6152	216376.0966	1	0
42	5680	5586	23	-1	93	215141.6152	216376.0966	1	0
42	5680	5587	23	-1	92	215141.6152	216376.0966	1	0
42	5680	5588	23	-1	91	215141.6152	216376.0966	1	0
42	5680	5589	23	-1	90	215141.6152	216376.0966	1	0
42	5680	5590	23	-1	89	215141.6152	216376.0966	1	0
42	5680	5591	23	-1	88	215141.6152	216376.0966	1	0
42	5680	5592	23	-1	87	215141.6152	216376.0966	1	0
42	5680	5593	23	-1	86	215141.6152	216376.0966	1	0
42	5680	5594	23	-1	85	215141.6152	216376.0966	1	0
42	5680	5595	23	-1	84	215141.6152	216376.0966	1	0
42	5680	5596	23	-1	83	215141.6152	216376.0966	1	0
42	5680	5597	23	-1	82	215141.6152	216376.0966	1	0
42	5680	5598	23	-1	81	215141.6152	216376.0966	1	0
42	5680	5599	23	-1	80	215141.6152	216376.0966	1	0
42	5680	5600	23	-1	79	215141.6152	216376.0966	1	0
42	5680	5601	23	-1	78	215141.6152	216376.0966	1	0
42	5680	5602	23	-1	77	215141.6152	216376.0966	1	0
42	5680	5603	23	-1	76	215141.6152	216376.0966	1	0
42	5680	5604	23	-1	75	215141.6152	216376.0966	1	0
42	5680	5605	23	-1	74	215141.6152	216376.0966	1	0
42	5680	5606	23	-1	73	215141.6152	216376.0966	1	0
42	5680	5607	23	-1	72	215141.6152	216376.0966	1	0
42	5680	5608	23	-1	71	215141.6152	216376.0966	1	0
42	5680	5609	23	-1	70	215141.6152	216376.0966	1	0
42	5680	5610	23	-1	69	215141.6152	216376.0966	1	0
42	5680	5611	23	-1	68	215141.6152	216376.0966	1	0
42	5680	5612	23	-1	67	215141.6152	216376.0966	1	0
42	5680	5613	23	-1	66	215141.6152	216376.0966	1	0
42	5680	5614	23	-1	65	215141.6152	216376.0966	1	0
42	5680	5615	23	-1	64	215141.6152	216376.0966	1	0
42	5680	5616	23	-1	63	215141.6152	216376.0966	1	0
42	5680	5617	23	-1	62	215141.6152	216376.0966	1	0
42	5680	5618	23	-1	61	215141.6152	216376.0966	1	0
42	5680	5619	23	-1	60	215141.6152	216376.0966	1	0
42	5680	5620	23	-1	59	215141.6152	216376.0966	1	0
42	5680	5621	23	-1	58	215141.6152	216376.0966	1	0
42	5680	5622	23	-1	57	215141.6152	216376.0966	1	0
42	5680	5623	23	-1	56	215141.6152	216376.0966	1	0
42	5680	5624	23	-1	55	215141.6152	216376.0966	1	0
42	5680	5625	23	-1	54	215141.6152	216376.0966	1	0
42	5680	5626	23	-1	53	215141.6152	216376.0966	1	0
42	5680	5627	23	-1	52	215141.6152	216376.0966	1	0
42	5680	5628	23	-1	51	215141.6152	216376.0966	1	0
42	5680	5629	23	-1	50	215141.6152	216376.0966	1	0
42	5680	5630	23	-1	49	215141.6152	216376.0966	1	0
42	5680	5631	23	-1	48	215141.6152	215141.6152	0	0
42	5680	5632	23	-1	47	215141.6152	216376.0966	1	0
42	5680	5633	23	-1	46	215141.6152	216376.0966	1	0
42	5680	5634	23	-1	45	215141.6152	216376.0966	1	0
42	5680	5635	23	-1	44	215141.6152	216376.0966	1	0
42	5680	5636	23	-1	43	215141.6152	216376.0966	1	0
42	5680	5637	23	-1	42	215141.6152	216376.0966	1	0
42	5680	5638	23	-1	41	215141.6152	216376.0966	1	0
42	5680	5639	23	-1	40	215141.6152	216376.0966	1	0
42	5680	5640	23	-1	39	215141.6152	216376.0966	1	0
42	5680	5641	23	-1	38	215141.6152	216376.0966	1	0
42	5680	5642	23	-1	37	215141.6152	216376.0966	1	0
42	5680	5643	23	-1	36	215141.6152	216376.0966	1	0
42	5680	5644	23	-1	35	215141.6152	216376.0966	1	0
42	5680	5645	23	-1	34	215141.6152	216376.0966	1	0
42	5680	5646	23	-1	33	215141.6152	216376.0966	1	0
42	5680	5647	23	-1	32	215141.6152	216376.0966	1	0
42	5680	5648	23	-1	31	215141.6152	216376.0966	1	0
42	5680	5649	23	-1	30	215141.6152	216376.0966	1	0
42	5680	5650	23	-1	29	215141.6152	216376.0966	1	0
42	5680	5651	23	-1	28	215141.6152	216376.0966	1	0
42	5680	5652	23	-1	27	215141.6152	216376.0966	1	0
42	5680	5653	23	-1	26	215141.6152	216376.0966	1	0
42	5680	5654	23	-1	25	215141.6152	216376.0966	1	0
42	5680	5655	23	-1	24	215141.6152	216376.0966	1	0
42	5680	5656	23	-1	23	215141.6152	216376.0966	1	0
42	5680	5657	23	-1	22	215141.6152	216376.0966	1	0
42	5680	5658	23	-1	21	215141.6152	216376.0966	1	0
42	5680	5659	23	-1	20	215141.6152	216376.0966	1	0
42	5680	5660	23	-1	19	215141.6152	216376.0966	1	0
42	5680	5661	23	-1	18	215141.6152	216376.0966	1	0
42	5680	5662	23	-1	17	215141.6152	216376.0966	1	0
42	5680	5663	23	-1	16	215141.6152	216376.0966	1	0
42	5680	5664	23	-1	15	215141.6152	216376.0966	1	0
42	5680	5665	23	-1	14	215141.6152	216376.0966	1	0
42	5680	5666	23	-1	13	215141.6152	216376.0966	1	0
42	5680	5667	23	-1	12	215141.6152	216376.0966	1	0
42	5680	5668	23	-1	11	215141.6152	216376.0966	1	0
42	5680	5669	23	-1	10	215141.6152	216376.0966	1	0
42	5680	5670	23	-1	9	215141.6152	216376.0966	1	0
42	5680	5671	23	-1	8	215141.6152	216376.0966	1	0
42	5680	5672	23	-1	7	213453.2097	214687.6911	1	0
42	5680	5673	23	-1	6	213453.2097	214687.6911	1	0
42	5680	5674	23	-1	5	213453.2097	214687.6911	1	0
42	5680	5675	23	-1	4	213453.2097	214687.6911	1	0
42	5680	5676	23	-1	3	214593.5257	215828.007	1	0
42	5680	5677	23	-1	2	214593.5257	215828.007	1	0
42	5680	5678	23	-1	1	214593.5257	215828.007	1	0
42	5680	5679	23	-1	0	214593.5257	215828.007	1	0
43	5168	3120	19	-1	7	217778.6159	217778.6159	0	1
43	5168	4144	21	-1	255	192138.3719	193370.1762	1	0
43	5168	4145	21	-1	254	192138.3719	193370.1762	1	0
43	5168	4146	21	-1	253	192138.3719	193370.1762	1	0
43	5168	4147	21	-1	252	192138.3719	193370.1762	1	0
43	5168	4148	21	-1	251	192138.3719	193370.1762	1	0
43	5168	4149	21	-1	250	192138.3719	193370.1762	1	0
43	5168	4150	21	-1	249	192138.3719	193370.1762	1	0
43	5168	4151	21	-1	248	192138.3719	193370.1762	1	0
43	5168	4152	21	-1	247	192138.3719	193370.1762	1	0
43	5168	4153	21	-1	246	192138.3719	193370.1762	1	0
43	5168	4154	21	-1	245	192138.3719	193370.1762	1	0
43	5168	4155	21	-1	244	192138.3719	193370.1762	1	0
43	5168	4156	21	-1	243	192138.3719	193370.1762	1	0
43	5168	4157	21	-1	242	192138.3719	193370.1762	1	0
43	5168	4158	21	-1	241	192138.3719	193370.1762	1	0
43	5168	4159	21	-1	240	192138.3719	193370.1762	1	0
43	5168	4160	21	-1	239	192138.3719	193370.1762	1	0
43	5168	4161	21	-1	238	192138.3719	193370.1762	1	0
43	5168	4162	21	-1	237	192138.3719	193370.1762	1	0
43	5168	4163	21	-1	236	192138.3719	193370.1762	1	0
43	5168	4164	21	-1	235	192138.3719	193370.1762	1	0
43	5168	4165	21	-1	234	192138.3719	193370.1762	1	0
43	5168	4166	21	-1	233	192138.3719	193370.1762	1	0
43	5168	4167	21	-1	232	192138.3719	193370.1762	1	0
43	5168	4168	21	-1	231	192138.3719	193370.1762	1	0
43	5168	4169	21	-1	230	192138.3719	193370.1762	1	0
43	5168	4170	21	-1	229	192138.3719	193370.1762	1	0
43	5168	4171	21	-1	228	192138.3719	193370.1762	1	0
43	5168	4172	21	-1	227	192138.3719	193370.1762	1	0
43	5168	4173	21	-1	226	192138.3719	193370.1762	1	0
43	5168	4174	21	-1	225	192138.3719	193370.1762	1	0
43	5168	4175	21	-1	224	192138.3719	193370.1762	1	0
43	5168	4176	21	-1	223	192138.3719	193370.1762	1	0
43	5168	4177	21	-1	222	192138.3719	193370.1762	1	0
43	5168	4178	21	-1	221	192138.3719	193370.1762	1	0
43	5168	4179	21	-1	220	192138.3719	193370.1762	1	0
43	5168	4180	21	-1	219	192138.3719	193370.1762	1	0
43	5168	4181	21	-1	218	192138.3719	193370.1762	1	0
43	5168	4182	21	-1	217	192138.3719	193370.1762	1	0
43	5168	4183	21	-1	216	192138.3719	193370.1762	1	0
43	5168	4184	21	-1	215	192138.3719	193370.1762	1	0
43	5168	4185	21	-1	214	192138.3719	193370.1762	1	0
43	5168	4186	21	-1	213	192138.3719	193370.1762	1	0
43	5168	4187	21	-1	212	192138.3719	193370.1762	1	0
43	5168	4188	21	-1	211	192138.3719	193370.1762	1	0
43	5168	4189	21	-1	210	192138.3719	193370.1762	1	0
43	5168	4190	21	-1	209	192138.3719	193370.1762	1	0
43	5168	4191	21	-1	208	192138.3719	193370.1762	1	0
43	5168	4192	21	-1	207	192138.3719	193370.1762	1	0
43	5168	4193	21	-1	206	192138.3719	193370.1762	1	0
43	5168	4194	21	-1	205	192138.3719	193370.1762	1	0
43	5168	4195	21	-1	204	192138.3719	193370.1762	1	0
43	5168	4196	21	-1	203	192138.3719	193370.1762	1	0
43	5168	4197	21	-1	202	192138.3719	193370.1762	1	0
43	5168	4198	21	-1	201	192138.3719	193370.1762	1	0
43	5168	4199	21	-1	200	192138.3719	193370.1762	1	0
43	5168	4200	21	-1	199	192138.3719	193370.1762	1	0
43	5168	4201	21	-1	198	192138.3719	193370.1762	1	0
43	5168	4202	21	-1	197	192138.3719	193370.1762	1	0
43	5168	4203	21	-1	196	192138.3719	193370.1762	1	0
43	5168	4204	21	-1	195	192138.3719	193370.1762	1	0
43	5168	4205	21	-1	194	192138.3719	193370.1762	1	0
43	5168	4206	21	-1	193	192138.3719	193370.1762	1	0
43	5168	4207	21	-1	192	192138.3719	193370.1762	1	0
43	5168	4208	21	-1	191	192138.3719	193370.1762	1	0
43	5168	4209	21	-1	190	192138.3719	193370.1762	1	0
43	5168	4210	21	-1	189	192138.3719	193370.1762	1	0
43	5168	4211	21	-1	188	192138.3719	193370.1762	1	0
43	5168	4212	21	-1	187	192138.3719	193370.1762	1	0
43	5168	4213	21	-1	186	192138.3719	193370.1762	1	0
43	5168	4214	21	-1	185	192138.3719	193370.1762	1	0
43	5168	4215	21	-1	184	192138.3719	193370.1762	1	0
43	5168	4216	21	-1	183	192138.3719	193370.1762	1	0
43	5168	4217	21	-1	182	192138.3719	193370.1762	1	0
43	5168	4218	21	-1	181	192138.3719	193370.1762	1	0
43	5168	4219	21	-1	180	192138.3719	193370.1762	1	0
43	5168	4220	21	-1	179	192138.3719	193370.1762	1	0
43	5168	4221	21	-1	178	192138.3719	193370.1762	1	0
43	5168	4222	21	-1	177	192138.3719	193370.1762	1	0
43	5168	4223	21	-1	176	192138.3719	193370.1762	1	0
43	5168	4224	21	-1	175	192138.3719	193370.1762	1	0
43	5168	4225	21	-1	174	192138.3719	193370.1762	1	0
43	5168	4226	21	-1	173	192138.3719	193370.1762	1	0
43	5168	4227	21	-1	172	192138.3719	193370.1762	1	0
43	5168	4228	21	-1	171	192138.3719	193370.1762	1	0
43	5168	4229	21	-1	170	192138.3719	193370.1762	1	0
43	5168	4230	21	-1	169	192138.3719	193370.1762	1	0
43	5168	4231	21	-1	168	192138.3719	193370.1762	1	0
43	5168	4232	21	-1	167	192138.3719	193370.1762	1	0
43	5168	4233	21	-1	166	192138.3719	193370.1762	1	0
43	5168	4234	21	-1	165	192138.3719	193370.1762	1	0
43	5168	4235	21	-1	164	192138.3719	193370.1762	1	0
43	5168	4236	21	-1	163	192138.3719	193370.1762	1	0
43	5168	4237	21	-1	162	192138.3719	193370.1762	1	0
43	5168	4238	21	-1	161	192138.3719	193370.1762	1	0
43	5168	4239	21	-1	160	192138.3719	193370.1762	1	0
43	5168	4240	21	-1	159	192138.3719	193370.1762	1	0
43	5168	4241	21	-1	158	192138.3719	193370.1762	1	0
43	5168	4242	21	-1	157	192138.3719	193370.1762	1	0
43	5168	4243	21	-1	156	192138.3719	193370.1762	1	0
43	5168	4244	21	-1	155	192138.3719	193370.1762	1	0
43	5168	4245	21	-1	154	192138.3719	193370.1762	1	0
43	5168	4246	21	-1	153	192138.3719	193370.1762	1	0
43	5168	4247	21	-1	152	192138.3719	193370.1762	1	0
43	5168	4248	21	-1	151	192138.3719	193370.1762	1	0
43	5168	4249	21	-1	150	192138.3719	193370.1762	1	0
43	5168	4250	21	-1	149	192138.3719	193370.1762	1	0
43	5168	4251	21	-1	148	192138.3719	193370.1762	1	0
43	5168	4252	21	-1	147	192138.3719	193370.1762	1	0
43	5168	4253	21	-1	146	192138.3719	193370.1762	1	0
43	5168	4254	21	-1	145	192138.3719	193370.1762	1	0
43	5168	4255	21	-1	144	192138.3719	193370.1762	1	0
43	5168	4256	21	-1	143	192138.3719	193370.1762	1	0
43	5168	4257	21	-1	142	192138.3719	193370.1762	1	0
43	5168	4258	21	-1	141	192138.3719	193370.1762	1	0
43	5168	4259	21	-1	140	192138.3719	193370.1762	1	0
43	5168	4260	21	-1	139	192138.3719	193370.1762	1	0
43	5168	4261	21	-1	138	192138.3719	193370.1762	1	0
43	5168	4262	21	-1	137	192138.3719	193370.1762	1	0
43	5168	4263	21	-1	136	192138.3719	193370.1762	1	0
43	5168	4264	21	-1	135	192138.3719	193370.1762	1	0
43	5168	4265	21	-1	134	192138.3719	193370.1762	1	0
43	5168	4266	21	-1	133	192138.3719	193370.1762	1	0
43	5168	4267	21	-1	132	192138.3719	193370.1762	1	0
43	5168	4268	21	-1	131	192138.3719	193370.1762	1	0
43	5168	4269	21	-1	130	192138.3719	193370.1762	1	0
43	5168	4270	21	-1	129	192138.3719	193370.1762	1	0
43	5168	4271	21	-1	128	192138.3719	193370.1762	1	0
43	5168	4272	21	-1	127	192138.3719	193370.1762	1	0
43	5168	4273	21	-1	126	192138.3719	193370.1762	1	0
43	5168	4274	21	-1	125	192138.3719	193370.1762	1	0
43	5168	4275	21	-1	124	192138.3719	193370.1762	1	0
43	5168	4276	21	-1	123	192138.3719	193370.1762	1	0
43	5168	4277	21	-1	122	192138.3719	193370.1762	1	0
43	5168	4278	21	-1	121	192138.3719	193370.1762	1	0
43	5168	4279	21	-1	120	192138.3719	193370.1762	1	0
43	5168	4280	21	-1	119	192138.3719	193370.1762	1	0
43	5168	4281	21	-1	118	192138.3719	193370.1762	1	0
43	5168	4282	21	-1	117	192138.3719	193370.1762	1	0
43	5168	4283	21	-1	116	192138.3719	193370.1762	1	0
43	5168	4284	21	-1	115	192138.3719	193370.1762	1	0
43	5168	4285	21	-1	114	192138.3719	193370.1762	1	0
43	5168	4286	21	-1	113	192138.3719	193370.1762	1	0
43	5168	4287	21	-1	112	192138.3719	193370.1762	1	0
43	5168	4288	21	-1	111	192138.3719	193370.1762	1	0
43	5168	4289	21	-1	110	192138.3719	193370.1762	1	0
43	5168	4290	21	-1	109	192138.3719	193370.1762	1	0
43	5168	4291	21	-1	108	192138.3719	193370.1762	1	0
43	5168	4292	21	-1	107	192138.3719	193370.1762	1	0
43	5168	4293	21	-1	106	192138.3719	193370.1762	1	0
43	5168	4294	21	-1	105	192138.3719	193370.1762	1	0
43	5168	4295	21	-1	104	192138.3719	193370.1762	1	0
43	5168	4296	21	-1	103	192138.3719	193370.1762	1	0
43	5168	4297	21	-1	102	192138.3719	193370.1762	1	0
43	5168	4298	21	-1	101	192138.3719	193370.1762	1	0
43	5168	4299	21	-1	100	192138.3719	193370.1762	1	0
43	5168	4300	21	-1	99	192138.3719	193370.1762	1	0
43	5168	4301	21	-1	98	192138.3719	193370.1762	1	0
43	5168	4302	21	-1	97	192138.3719	193370.1762	1	0
43	5168	4303	21	-1	96	192138.3719	193370.1762	1	0
43	5168	4304	21	-1	95	192138.3719	193370.1762	1	0
43	5168	4305	21	-1	94	192138.3719	193370.1762	1	0
43	5168	4306	21	-1	93	192138.3719	193370.1762	1	0
43	5168	4307	21	-1	92	192138.3719	193370.1762	1	0
43	5168	4308	21	-1	91	192138.3719	193370.1762	1	0
43	5168	4309	21	-1	90	192138.3719	193370.1762	1	0
43	5168	4310	21	-1	89	192138.3719	193370.1762	1	0
43	5168	4311	21	-1	88	192138.3719	193370.1762	1	0
43	5168	4312	21	-1	87	192138.3719	193370.1762	1	0
43	5168	4313	21	-1	86	192138.3719	193370.1762	1	0
43	5168	4314	21	-1	85	192138.3719	193370.1762	1	0
43	5168	4315	21	-1	84	192138.3719	193370.1762	1	0
43	5168	4316	21	-1	83	192138.3719	193370.1762	1	0
43	5168	4317	21	-1	82	192138.3719	193370.1762	1	0
43	5168	4318	21	-1	81	192138.3719	193370.1762	1	0
43	5168	4319	21	-1	80	192138.3719	193370.1762	1	0
43	5168	4320	21	-1	79	192138.3719	193370.1762	1	0
43	5168	4321	21	-1	78	192138.3719	193370.1762	1	0
43	5168	4322	21	-1	77	192138.3719	193370.1762	1	0
43	5168	4323	21	-1	76	192138.3719	193370.1762	1	0
43	5168	4324	21	-1	75	192138.3719	193370.1762	1	0
43	5168	4325	21	-1	74	192138.3719	193370.1762	1	0
43	5168	4326	21	-1	73	192138.3719	193370.1762	1	0
43	5168	4327	21	-1	72	192138.3719	193370.1762	1	0
43	5168	4328	21	-1	71	192138.3719	193370.1762	1	0
43	5168	4329	21	-1	70	192138.3719	193370.1762	1	0
43	5168	4330	21	-1	69	192138.3719	193370.1762	1	0
43	5168	4331	21	-1	68	192138.3719	193370.1762	1	0
43	5168	4332	21	-1	67	192138.3719	193370.1762	1	0
43	5168	4333	21	-1	66	192138.3719	193370.1762	1	0
43	5168	4334	21	-1	65	192138.3719	193370.1762	1	0
43	5168	4335	21	-1	64	192138.3719	193370.1762	1	0
43	5168	4336	21	-1	63	192138.3719	193370.1762	1	0
43	5168	4337	21	-1	62	192138.3719	193370.1762	1	0
43	5168	4338	21	-1	61	192138.3719	193370.1762	1	0
43	5168	4339	21	-1	60	192138.3719	193370.1762	1	0
43	5168	4340	21	-1	59	192138.3719	193370.1762	1	0
43	5168	4341	21	-1	58	192138.3719	193370.1762	1	0
43	5168	4342	21	-1	57	192138.3719	193370.1762	1	0
43	5168	4343	21	-1	56	192138.3719	193370.1762	1	0
43	5168	4344	21	-1	55	192138.3719	193370.1762	1	0
43	5168	4345	21	-1	54	192138.3719	193370.1762	1	0
43	5168	4346	21	-1	53	192138.3719	193370.1762	1	0
43	5168	4347	21	-1	52	192138.3719	193370.1762	1	0
43	5168	4348	21	-1	51	192138.3719	193370.1762	1	0
43	5168	4349	21	-1	50	192138.3719	193370.1762	1	0
43	5168	4350	21	-1	49	192138.3719	193370.1762	1	0
43	5168	4351	21	-1	48	192138.3719	193370.1762	1	0
43	5168	4352	21	-1	47	192138.3719	193370.1762	1	0
43	5168	4353	21	-1	46	192138.3719	193370.1762	1	0
43	5168	4354	21	-1	45	192138.3719	193370.1762	1	0
43	5168	4355	21	-1	44	192138.3719	193370.1762	1	0
43	5168	4356	21	-1	43	192138.3719	193370.1762	1	0
43	5168	4357	21	-1	42	192138.3719	193370.1762	1	0
43	5168	4358	21	-1	41	192138.3719	193370.1762	1	0
43	5168	4359	21	-1	40	192138.3719	193370.1762	1	0
43	5168	4360	21	-1	39	192138.3719	193370.1762	1	0
43	5168	4361	21	-1	38	192138.3719	193370.1762	1	0
43	5168	4362	21	-1	37	192138.3719	193370.1762	1	0
43	5168	4363	21	-1	36	192138.3719	193370.1762	1	0
43	5168	4364	21	-1	35	192138.3719	193370.1762	1	0
43	5168	4365	21	-1	34	192138.3719	193370.1762	1	0
43	5168	4366	21	-1	33	192138.3719	193370.1762	1	0
43	5168	4367	21	-1	32	192138.3719	193370.1762	1	0
43	5168	4368	21	-1	31	192138.3719	193370.1762	1	0
43	5168	4369	21	-1	30	192138.3719	193370.1762	1	0
43	5168	4370	21	-1	29	192138.3719	193370.1762	1	0
43	5168	4371	21	-1	28	192138.3719	193370.1762	1	0
43	5168	4372	21	-1	27	192138.3719	193370.1762	1	0
43	5168	4373	21	-1	26	192138.3719	193370.1762	1	0
43	5168	4374	21	-1	25	192138.3719	193370.1762	1	0
43	5168	4375	21	-1	24	192138.3719	193370.1762	1	0
43	5168	4376	21	-1	23	192138.3719	193370.1762	1	0
43	5168	4377	21	-1	22	192138.3719	193370.1762	1	0
43	5168	4378	21	-1	21	192138.3719	193370.1762	1	0
43	5168	4379	21	-1	20	192138.3719	193370.1762	1	0
43	5168	4380	21	-1	19	192138.3719	193370.1762	1	0
43	5168	4381	21	-1	18	192138.3719	193370.1762	1	0
43	5168	4382	21	-1	17	192138.3719	193370.1762	1	0
43	5168	4383	21	-1	16	192138.3719	193370.1762	1	0
43	5168	4384	21	-1	15	192138.3719	193370.1762	1	0
43	5168	4385	21	-1	14	192138.3719	193370.1762	1	0
43	5168	4386	21	-1	13	192138.3719	193370.1762	1	0
43	5168	4387	21	-1	12	192138.3719	193370.1762	1	0
43	5168	4388	21	-1	11	192138.3719	193370.1762	1	0
43	5168	4389	21	-1	10	192138.3719	193370.1762	1	0
43	5168	4390	21	-1	9	192138.3719	193370.1762	1	0
43	5168	4391	21	-1	8	192138.3719	193370.1762	1	0
43	5168	4392	21	-1	7	192138.3719	192138.3719	0	0
43	5168	4393	21	-1	6	192138.3719	193370.1762	1	0
43	5168	4394	21	-1	5	192138.3719	193370.1762	1	0
43	5168	4395	21	-1	4	192138.3719	193370.1762	1	0
43	5168	4396	21	-1	3	192138.3719	193370.1762	1	0
43	5168	4397	21	-1	2	192138.3719	193370.1762	1	0
43	5168	4398	21	-1	1	192138.3719	193370.1762	1	0
43	5168	4399	21	-1	0	192138.3719	193370.1762	1	0
43	5168	4400	21	-1	255	191196.187	192427.9913	1	0
43	5168	4401	21	-1	254	191196.187	192427.9913	1	0
43	5168	4402	21	-1	253	191196.187	192427.9913	1	0
43	5168	4403	21	-1	252	191196.187	192427.9913	1	0
43	5168	4404	21	-1	251	191196.187	192427.9913	1	0
43	5168	4405	21	-1	250	191196.187	192427.9913	1	0
43	5168	4406	21	-1	249	191196.187	192427.9913	1	0
43	5168	4407	21	-1	248	191196.187	192427.9913	1	0
43	5168	4408	21	-1	247	191196.187	192427.9913	1	0
43	5168	4409	21	-1	246	191196.187	192427.9913	1	0
43	5168	4410	21	-1	245	191196.187	192427.9913	1	0
43	5168	4411	21	-1	244	191196.187	192427.9913	1	0
43	5168	4412	21	-1	243	191196.187	192427.9913	1	0
43	5168	4413	21	-1	242	191196.187	192427.9913	1	0
43	5168	4414	21	-1	241	191196.187	192427.9913	1	0
43	5168	4415	21	-1	240	191196.187	192427.9913	1	0
43	5168	4416	21	-1	239	191196.187	192427.9913	1	0
43	5168	4417	21	-1	238	191196.187	192427.9913	1	0
43	5168	4418	21	-1	237	191196.187	192427.9913	1	0
43	5168	4419	21	-1	236	191196.187	192427.9913	1	0
43	5168	4420	21	-1	235	191196.187	192427.9913	1	0
43	5168	4421	21	-1	234	191196.187	192427.9913	1	0
43	5168	4422	21	-1	233	191196.187	192427.9913	1	0
43	5168	4423	21	-1	232	191196.187	192427.9913	1	0
43	5168	4424	21	-1	231	191196.187	192427.9913	1	0
43	5168	4425	21	-1	230	191196.187	192427.9913	1	0
43	5168	4426	21	-1	229	191196.187	192427.9913	1	0
43	5168	4427	21	-1	228	191196.187	192427.9913	1	0
43	5168	4428	21	-1	227	191196.187	192427.9913	1	0
43	5168	4429	21	-1	226	191196.187	192427.9913	1	0
43	5168	4430	21	-1	225	191196.187	192427.9913	1	0
43	5168	4431	21	-1	224	191196.187	192427.9913	1	0
43	5168	4432	21	-1	223	191196.187	192427.9913	1	0
43	5168	4433	21	-1	222	191196.187	192427.9913	1	0
43	5168	4434	21	-1	221	191196.187	192427.9913	1	0
43	5168	4435	21	-1	220	191196.187	192427.9913	1	0
43	5168	4436	21	-1	219	191196.187	192427.9913	1	0
43	5168	4437	21	-1	218	191196.187	192427.9913	1	0
43	5168	4438	21	-1	217	191196.187	192427.9913	1	0
43	5168	4439	21	-1	216	191196.187	192427.9913	1	0
43	5168	4440	21	-1	215	191196.187	192427.9913	1	0
43	5168	4441	21	-1	214	191196.187	192427.9913	1	0
43	5168	4442	21	-1	213	191196.187	192427.9913	1	0
43	5168	4443	21	-1	212	191196.187	192427.9913	1	0
43	5168	4444	21	-1	211	191196.187	192427.9913	1	0
43	5168	4445	21	-1	210	191196.187	192427.9913	1	0
43	5168	4446	21	-1	209	191196.187	192427.9913	1	0
43	5168	4447	21	-1	208	191196.187	192427.9913	1	0
43	5168	4448	21	-1	207	191196.187	192427.9913	1	0
43	5168	4449	21	-1	206	191196.187	192427.9913	1	0
43	5168	4450	21	-1	205	191196.187	192427.9913	1	0
43	5168	4451	21	-1	204	191196.187	192427.9913	1	0
43	5168	4452	21	-1	203	191196.187	192427.9913	1	0
43	5168	4453	21	-1	202	191196.187	192427.9913	1	0
43	5168	4454	21	-1	201	191196.187	192427.9913	1	0
43	5168	4455	21	-1	200	191196.187	192427.9913	1	0
43	5168	4456	21	-1	199	191196.187	192427.9913	1	0
43	5168	4457	21	-1	198	191196.187	192427.9913	1	0
43	5168	4458	21	-1	197	191196.187	192427.9913	1	0
43	5168	4459	21	-1	196	191196.187	192427.9913	1	0
43	5168	4460	21	-1	195	191196.187	192427.9913	1	0
43	5168	4461	21	-1	194	191196.187	192427.9913	1	0
43	5168	4462	21	-1	193	191196.187	192427.9913	1	0
43	5168	4463	21	-1	192	191196.187	192427.9913	1	0
43	5168	4464	21	-1	191	191196.187	192427.9913	1	0
43	5168	4465	21	-1	190	191196.187	192427.9913	1	0
43	5168	4466	21	-1	189	191196.187	192427.9913	1	0
43	5168	4467	21	-1	188	191196.187	192427.9913	1	0
43	5168	4468	21	-1	187	191196.187	192427.9913	1	0
43	5168	4469	21	-1	186	191196.187	192427.9913	1	0
43	5168	4470	21	-1	185	191196.187	192427.9913	1	0
43	5168	4471	21	-1	184	191196.187	192427.9913	1	0
43	5168	4472	21	-1	183	191196.187	192427.9913	1	0
43	5168	4473	21	-1	182	191196.187	192427.9913	1	0
43	5168	4474	21	-1	181	191196.187	192427.9913	1	0
43	5168	4475	21	-1	180	191196.187	192427.9913	1	0
43	5168	4476	21	-1	179	191196.187	192427.9913	1	0
43	5168	4477	21	-1	178	191196.187	192427.9913	1	0
43	5168	4478	21	-1	177	191196.187	192427.9913	1	0
43	5168	4479	21	-1	176	191196.187	192427.9913	1	0
43	5168	4480	21	-1	175	191196.187	192427.9913	1	0
43	5168	4481	21	-1	174	191196.187	192427.9913	1	0
43	5168	4482	21	-1	173	191196.187	192427.9913	1	0
43	5168	4483	21	-1	172	191196.187	192427.9913	1	0
43	5168	4484	21	-1	171	191196.187	192427.9913	1	0
43	5168	4485	21	-1	170	191196.187	192427.9913	1	0
43	5168	4486	21	-1	169	191196.187	192427.9913	1	0
43	5168	4487	21	-1	168	191196.187	192427.9913	1	0
43	5168	4488	21	-1	167	191196.187	192427.9913	1	0
43	5168	4489	21	-1	166	191196.187	192427.9913	1	0
43	5168	4490	21	-1	165	191196.187	192427.9913	1	0
43	5168	4491	21	-1	164	191196.187	192427.9913	1	0
43	5168	4492	21	-1	163	191196.187	192427.9913	1	0
43	5168	4493	21	-1	162	191196.187	192427.9913	1	0
43	5168	4494	21	-1	161	191196.187	192427.9913	1	0
43	5168	4495	21	-1	160	191196.187	192427.9913	1	0
43	5168	4496	21	-1	159	191196.187	192427.9913	1	0
43	5168	4497	21	-1	158	191196.187	192427.9913	1	0
43	5168	4498	21	-1	157	191196.187	192427.9913	1	0
43	5168	4499	21	-1	156	191196.187	192427.9913	1	0
43	5168	4500	21	-1	155	191196.187	192427.9913	1	0
43	5168	4501	21	-1	154	191196.187	192427.9913	1	0
43	5168	4502	21	-1	153	191196.187	192427.9913	1	0
43	5168	4503	21	-1	152	191196.187	192427.9913	1	0
43	5168	4504	21	-1	151	191196.187	192427.9913	1	0
43	5168	4505	21	-1	150	191196.187	192427.9913	1	0
43	5168	4506	21	-1	149	191196.187	192427.9913	1	0
43	5168	4507	21	-1	148	191196.187	192427.9913	1	0
43	5168	4508	21	-1	147	191196.187	192427.9913	1	0
43	5168	4509	21	-1	146	191196.187	192427.9913	1	0
43	5168	4510	21	-1	145	191196.187	192427.9913	1	0
43	5168	4511	21	-1	144	191196.187	192427.9913	1	0
43	5168	4512	21	-1	143	191196.187	192427.9913	1	0
43	5168	4513	21	-1	142	191196.187	192427.9913	1	0
43	5168	4514	21	-1	141	191196.187	192427.9913	1	0
43	5168	4515	21	-1	140	191196.187	192427.9913	1	0
43	5168	4516	21	-1	139	191196.187	192427.9913	1	0
43	5168	4517	21	-1	138	191196.187	192427.9913	1	0
43	5168	4518	21	-1	137	191196.187	192427.9913	1	0
43	5168	4519	21	-1	136	191196.187	192427.9913	1	0
43	5168	4520	21	-1	135	191196.187	192427.9913	1	0
43	5168	4521	21	-1	134	191196.187	192427.9913	1	0
43	5168	4522	21	-1	133	191196.187	192427.9913	1	0
43	5168	4523	21	-1	132	191196.187	192427.9913	1	0
43	5168	4524	21	-1	131	191196.187	192427.9913	1	0
43	5168	4525	21	-1	130	191196.187	192427.9913	1	0
43	5168	4526	21	-1	129	191196.187	192427.9913	1	0
43	5168	4527	21	-1	128	191196.187	192427.9913	1	0
43	5168	4528	21	-1	127	191196.187	192427.9913	1	0
43	5168	4529	21	-1	126	191196.187	192427.9913	1	0
43	5168	4530	21	-1	125	191196.187	192427.9913	1	0
43	5168	4531	21	-1	124	191196.187	192427.9913	1	0
43	5168	4532	21	-1	123	191196.187	192427.9913	1	0
43	5168	4533	21	-1	122	191196.187	192427.9913	1	0
43	5168	4534	21	-1	121	191196.187	192427.9913	1	0
43	5168	4535	21	-1	120	191196.187	192427.9913	1	0
43	5168	4536	21	-1	119	191196.187	192427.9913	1	0
43	5168	4537	21	-1	118	191196.187	192427.9913	1	0
43	5168	4538	21	-1	117	191196.187	192427.9913	1	0
43	5168	4539	21	-1	116	191196.187	192427.9913	1	0
43	5168	4540	21	-1	115	191196.187	192427.9913	1	0
43	5168	4541	21	-1	114	191196.187	192427.9913	1	0
43	5168	4542	21	-1	113	191196.187	192427.9913	1	0
43	5168	4543	21	-1	112	191196.187	192427.9913	1	0
43	5168	4544	21	-1	111	191196.187	192427.9913	1	0
43	5168	4545	21	-1	110	191196.187	192427.9913	1	0
43	5168	4546	21	-1	109	191196.187	192427.9913	1	0
43	5168	4547	21	-1	108	191196.187	192427.9913	1	0
43	5168	4548	21	-1	107	191196.187	192427.9913	1	0
43	5168	4549	21	-1	106	191196.187	192427.9913	1	0
43	5168	4550	21	-1	105	191196.187	192427.9913	1	0
43	5168	4551	21	-1	104	191196.187	192427.9913	1	0
43	5168	4552	21	-1	103	191196.187	192427.9913	1	0
43	5168	4553	21	-1	102	191196.187	192427.9913	1	0
43	5168	4554	21	-1	101	191196.187	192427.9913	1	0
43	5168	4555	21	-1	100	191196.187	192427.9913	1	0
43	5168	4556	21	-1	99	191196.187	192427.9913	1	0
43	5168	4557	21	-1	98	191196.187	192427.9913	1	0
43	5168	4558	21	-1	97	191196.187	192427.9913	1	0
43	5168	4559	21	-1	96	191196.187	192427.9913	1	0
43	5168	4560	21	-1	95	191196.187	192427.9913	1	0
43	5168	4561	21	-1	94	191196.187	192427.9913	1	0
43	5168	4562	21	-1	93	191196.187	192427.9913	1	0
43	5168	4563	21	-1	92	191196.187	192427.9913	1	0
43	5168	4564	21	-1	91	191196.187	192427.9913	1	0
43	5168	4565	21	-1	90	191196.187	192427.9913	1	0
43	5168	4566	21	-1	89	191196.187	192427.9913	1	0
43	5168	4567	21	-1	88	191196.187	192427.9913	1	0
43	5168	4568	21	-1	87	191196.187	192427.9913	1	0
43	5168	4569	21	-1	86	191196.187	192427.9913	1	0
43	5168	4570	21	-1	85	191196.187	192427.9913	1	0
43	5168	4571	21	-1	84	191196.187	192427.9913	1	0
43	5168	4572	21	-1	83	191196.187	192427.9913	1	0
43	5168	4573	21	-1	82	191196.187	192427.9913	1	0
43	5168	4574	21	-1	81	191196.187	192427.9913	1	0
43	5168	4575	21	-1	80	191196.187	192427.9913	1	0
43	5168	4576	21	-1	79	191196.187	192427.9913	1	0
43	5168	4577	21	-1	78	191196.187	192427.9913	1	0
43	5168	4578	21	-1	77	191196.187	192427.9913	1	0
43	5168	4579	21	-1	76	191196.187	192427.9913	1	0
43	5168	4580	21	-1	75	191196.187	192427.9913	1	0
43	5168	4581	21	-1	74	191196.187	192427.9913	1	0
43	5168	4582	21	-1	73	191196.187	192427.9913	1	0
43	5168	4583	21	-1	72	191196.187	192427.9913	1	0
43	5168	4584	21	-1	71	191196.187	192427.9913	1	0
43	5168	4585	21	-1	70	191196.187	192427.9913	1	0
43	5168	4586	21	-1	69	191196.187	192427.9913	1	0
43	5168	4587	21	-1	68	191196.187	192427.9913	1	0
43	5168	4588	21	-1	67	191196.187	192427.9913	1	0
43	5168	4589	21	-1	66	191196.187	192427.9913	1	0
43	5168	4590	21	-1	65	191196.187	192427.9913	1	0
43	5168	4591	21	-1	64	191196.187	192427.9913	1	0
43	5168	4592	21	-1	63	191196.187	192427.9913	1	0
43	5168	4593	21	-1	62	191196.187	192427.9913	1	0
43	5168	4594	21	-1	61	191196.187	192427.9913	1	0
43	5168	4595	21	-1	60	191196.187	192427.9913	1	0
43	5168	4596	21	-1	59	191196.187	192427.9913	1	0
43	5168	4597	21	-1	58	191196.187	192427.9913	1	0
43	5168	4598	21	-1	57	191196.187	192427.9913	1	0
43	5168	4599	21	-1	56	191196.187	192427.9913	1	0
43	5168	4600	21	-1	55	191196.187	192427.9913	1	0
43	5168	4601	21	-1	54	191196.187	192427.9913	1	0
43	5168	4602	21	-1	53	191196.187	192427.9913	1	0
43	5168	4603	21	-1	52	191196.187	192427.9913	1	0
43	5168	4604	21	-1	51	191196.187	192427.9913	1	0
43	5168	4605	21	-1	50	191196.187	192427.9913	1	0
43	5168	4606	21	-1	49	191196.187	192427.9913	1	0
43	5168	4607	21	-1	48	191196.187	192427.9913	1	0
43	5168	4608	21	-1	47	191196.187	192427.9913	1	0
43	5168	4609	21	-1	46	191196.187	192427.9913	1	0
43	5168	4610	21	-1	45	191196.187	192427.9913	1	0
43	5168	4611	21	-1	44	191196.187	192427.9913	1	0
43	5168	4612	21	-1	43	191196.187	192427.9913	1	0
43	5168	4613	21	-1	42	191196.187	192427.9913	1	0
43	5168	4614	21	-1	41	191196.187	192427.9913	1	0
43	5168	4615	21	-1	40	191196.187	192427.9913	1	0
43	5168	4616	21	-1	39	191196.187	192427.9913	1	0
43	5168	4617	21	-1	38	191196.187	192427.9913	1	0
43	5168	4618	21	-1	37	191196.187	192427.9913	1	0
43	5168	4619	21	-1	36	191196.187	192427.9913	1	0
43	5168	4620	21	-1	35	191196.187	192427.9913	1	0
43	5168	4621	21	-1	34	191196.187	192427.9913	1	0
43	5168	4622	21	-1	33	191196.187	192427.9913	1	0
43	5168	4623	21	-1	32	191196.187	192427.9913	1	0
43	5168	4624	21	-1	31	191196.187	192427.9913	1	0
43	5168	4625	21	-1	30	191196.187	192427.9913	1	0
43	5168	4626	21	-1	29	191196.187	192427.9913	1	0
43	5168	4627	21	-1	28	191196.187	192427.9913	1	0
43	5168	4628	21	-1	27	191196.187	192427.9913	1	0
43	5168	4629	21	-1	26	191196.187	192427.9913	1	0
43	5168	4630	21	-1	25	191196.187	192427.9913	1	0
43	5168	4631	21	-1	24	191196.187	192427.9913	1	0
43	5168	4632	21	-1	23	191196.187	192427.9913	1	0
43	5168	4633	21	-1	22	191196.187	192427.9913	1	0
43	5168	4634	21	-1	21	191196.187	192427.9913	1	0
43	5168	4635	21	-1	20	191196.187	192427.9913	1	0
43	5168	4636	21	-1	19	191196.187	192427.9913	1	0
43	5168	4637	21	-1	18	191196.187	192427.9913	1	0
43	5168	4638	21	-1	17	191196.187	192427.9913	1	0
43	5168	4639	21	-1	16	191196.187	192427.9913	1	0
43	5168	4640	21	-1	15	191196.187	192427.9913	1	0
43	5168	4641	21	-1	14	191196.187	192427.9913	1	0
43	5168	4642	21	-1	13	191196.187	192427.9913	1	0
43	5168	4643	21	-1	12	191196.187	192427.9913	1	0
43	5168	4644	21	-1	11	191196.187	192427.9913	1	0
43	5168	4645	21	-1	10	191196.187	192427.9913	1	0
43	5168	4646	21	-1	9	191196.187	192427.9913	1	0
43	5168	4647	21	-1	8	191196.187	192427.9913	1	0
43	5168	4648	21	-1	7	191196.187	191196.187	0	0
43	5168	4649	21	-1	6	191196.187	192427.9913	1	0
43	5168	4650	21	-1	5	191196.187	192427.9913	1	0
43	5168	4651	21	-1	4	191196.187	192427.9913	1	0
43	5168	4652	21	-1	3	191196.187	192427.9913	1	0
43	5168	4653	21	-1	2	191196.187	192427.9913	1	0
43	5168	4654	21	-1	1	191196.187	192427.9913	1	0
43	5168	4655	21	-1	0	191196.187	192427.9913	1	0
43	5168	4656	22	-1	255	170718.4258	171950.2301	1	0
43	5168	4657	22	-1	254	170718.4258	171950.2301	1	0
43	5168	4658	22	-1	253	170718.4258	171950.2301	1	0
43	5168	4659	22	-1	252	170718.4258	171950.2301	1	0
43	5168	4660	22	-1	251	170718.4258	171950.2301	1	0
43	5168	4661	22	-1	250	170718.4258	171950.2301	1	0
43	5168	4662	22	-1	249	170718.4258	171950.2301	1	0
43	5168	4663	22	-1	248	170718.4258	171950.2301	1	0
43	5168	4664	22	-1	247	170718.4258	171950.2301	1	0
43	5168	4665	22	-1	246	170718.4258	171950.2301	1	0
43	5168	4666	22	-1	245	170718.4258	171950.2301	1	0
43	5168	4667	22	-1	244	170718.4258	171950.2301	1	0
43	5168	4668	22	-1	243	170718.4258	171950.2301	1	0
43	5168	4669	22	-1	242	170718.4258	171950.2301	1	0
43	5168	4670	22	-1	241	170718.4258	171950.2301	1	0
43	5168	4671	22	-1	240	170718.4258	171950.2301	1	0
43	5168	4672	22	-1	239	170718.4258	171950.2301	1	0
43	5168	4673	22	-1	238	170718.4258	171950.2301	1	0
43	5168	4674	22	-1	237	170718.4258	171950.2301	1	0
43	5168	4675	22	-1	236	170718.4258	171950.2301	1	0
43	5168	4676	22	-1	235	170718.4258	171950.2301	1	0
43	5168	4677	22	-1	234	170718.4258	171950.2301	1	0
43	5168	4678	22	-1	233	170718.4258	171950.2301	1	0
43	5168	4679	22	-1	232	170718.4258	171950.2301	1	0
43	5168	4680	22	-1	231	170718.4258	171950.2301	1	0
43	5168	4681	22	-1	230	170718.4258	171950.2301	1	0
43	5168	4682	22	-1	229	170718.4258	171950.2301	1	0
43	5168	4683	22	-1	228	170718.4258	171950.2301	1	0
43	5168	4684	22	-1	227	170718.4258	171950.2301	1	0
43	5168	4685	22	-1	226	170718.4258	171950.2301	1	0
43	5168	4686	22	-1	225	170718.4258	171950.2301	1	0
43	5168	4687	22	-1	224	170718.4258	171950.2301	1	0
43	5168	4688	22	-1	223	170718.4258	171950.2301	1	0
43	5168	4689	22	-1	222	170718.4258	171950.2301	1	0
43	5168	4690	22	-1	221	170718.4258	171950.2301	1	0
43	5168	4691	22	-1	220	170718.4258	171950.2301	1	0
43	5168	4692	22	-1	219	170718.4258	171950.2301	1	0
43	5168	4693	22	-1	218	170718.4258	171950.2301	1	0
43	5168	4694	22	-1	217	170718.4258	171950.2301	1	0
43	5168	4695	22	-1	216	170718.4258	171950.2301	1	0
43	5168	4696	22	-1	215	170718.4258	171950.2301	1	0
43	5168	4697	22	-1	214	170718.4258	171950.2301	1	0
43	5168	4698	22	-1	213	170718.4258	171950.2301	1	0
43	5168	4699	22	-1	212	170718.4258	171950.2301	1	0
43	5168	4700	22	-1	211	170718.4258	171950.2301	1	0
43	5168	4701	22	-1	210	170718.4258	171950.2301	1	0
43	5168	4702	22	-1	209	170718.4258	171950.2301	1	0
43	5168	4703	22	-1	208	170718.4258	171950.2301	1	0
43	5168	4704	22	-1	207	170718.4258	171950.2301	1	0
43	5168	4705	22	-1	206	170718.4258	171950.2301	1	0
43	5168	4706	22	-1	205	170718.4258	171950.2301	1	0
43	5168	4707	22	-1	204	170718.4258	171950.2301	1	0
43	5168	4708	22	-1	203	170718.4258	171950.2301	1	0
43	5168	4709	22	-1	202	170718.4258	171950.2301	1	0
43	5168	4710	22	-1	201	170718.4258	171950.2301	1	0
43	5168	4711	22	-1	200	170718.4258	171950.2301	1	0
43	5168	4712	22	-1	199	170718.4258	171950.2301	1	0
43	5168	4713	22	-1	198	170718.4258	171950.2301	1	0
43	5168	4714	22	-1	197	170718.4258	171950.2301	1	0
43	5168	4715	22	-1	196	170718.4258	171950.2301	1	0
43	5168	4716	22	-1	195	170718.4258	171950.2301	1	0
43	5168	4717	22	-1	194	170718.4258	171950.2301	1	0
43	5168	4718	22	-1	193	170718.4258	171950.2301	1	0
43	5168	4719	22	-1	192	170718.4258	171950.2301	1	0
43	5168	4720	22	-1	191	170718.4258	171950.2301	1	0
43	5168	4721	22	-1	190	170718.4258	171950.2301	1	0
43	5168	4722	22	-1	189	170718.4258	171950.2301	1	0
43	5168	4723	22	-1	188	170718.4258	171950.2301	1	0
43	5168	4724	22	-1	187	170718.4258	171950.2301	1	0
43	5168	4725	22	-1	186	170718.4258	171950.2301	1	0
43	5168	4726	22	-1	185	170718.4258	171950.2301	1	0
43	5168	4727	22	-1	184	170718.4258	171950.2301	1	0
43	5168	4728	22	-1	183	170718.4258	171950.2301	1	0
43	5168	4729	22	-1	182	170718.4258	171950.2301	1	0
43	5168	4730	22	-1	181	170718.4258	171950.2301	1	0
43	5168	4731	22	-1	180	170718.4258	171950.2301	1	0
43	5168	4732	22	-1	179	170718.4258	171950.2301	1	0
43	5168	4733	22	-1	178	170718.4258	171950.2301	1	0
43	5168	4734	22	-1	177	170718.4258	171950.2301	1	0
43	5168	4735	22	-1	176	170718.4258	171950.2301	1	0
43	5168	4736	22	-1	175	170718.4258	171950.2301	1	0
43	5168	4737	22	-1	174	170718.4258	171950.2301	1	0
43	5168	4738	22	-1	173	170718.4258	171950.2301	1	0
43	5168	4739	22	-1	172	170718.4258	171950.2301	1	0
43	5168	4740	22	-1	171	170718.4258	171950.2301	1	0
43	5168	4741	22	-1	170	170718.4258	171950.2301	1	0
43	5168	4742	22	-1	169	170718.4258	171950.2301	1	0
43	5168	4743	22	-1	168	170718.4258	171950.2301	1	0
43	5168	4744	22	-1	167	170718.4258	171950.2301	1	0
43	5168	4745	22	-1	166	170718.4258	171950.2301	1	0
43	5168	4746	22	-1	165	170718.4258	171950.2301	1	0
43	5168	4747	22	-1	164	170718.4258	171950.2301	1	0
43	5168	4748	22	-1	163	170718.4258	171950.2301	1	0
43	5168	4749	22	-1	162	170718.4258	171950.2301	1	0
43	5168	4750	22	-1	161	170718.4258	171950.2301	1	0
43	5168	4751	22	-1	160	170718.4258	171950.2301	1	0
43	5168	4752	22	-1	159	170718.4258	171950.2301	1	0
43	5168	4753	22	-1	158	170718.4258	171950.2301	1	0
43	5168	4754	22	-1	157	170718.4258	171950.2301	1	0
43	5168	4755	22	-1	156	170718.4258	171950.2301	1	0
43	5168	4756	22	-1	155	170718.4258	171950.2301	1	0
43	5168	4757	22	-1	154	170718.4258	171950.2301	1	0
43	5168	4758	22	-1	153	170718.4258	171950.2301	1	0
43	5168	4759	22	-1	152	170718.4258	171950.2301	1	0
43	5168	4760	22	-1	151	170718.4258	171950.2301	1	0
43	5168	4761	22	-1	150	170718.4258	171950.2301	1	0
43	5168	4762	22	-1	149	170718.4258	171950.2301	1	0
43	5168	4763	22	-1	148	170718.4258	171950.2301	1	0
43	5168	4764	22	-1	147	170718.4258	171950.2301	1	0
43	5168	4765	22	-1	146	170718.4258	171950.2301	1	0
43	5168	4766	22	-1	145	170718.4258	171950.2301	1	0
43	5168	4767	22	-1	144	170718.4258	171950.2301	1	0
43	5168	4768	22	-1	143	170718.4258	171950.2301	1	0
43	5168	4769	22	-1	142	170718.4258	171950.2301	1	0
43	5168	4770	22	-1	141	170718.4258	171950.2301	1	0
43	5168	4771	22	-1	140	170718.4258	171950.2301	1	0
43	5168	4772	22	-1	139	170718.4258	171950.2301	1	0
43	5168	4773	22	-1	138	170718.4258	171950.2301	1	0
43	5168	4774	22	-1	137	170718.4258	171950.2301	1	0
43	5168	4775	22	-1	136	170718.4258	171950.2301	1	0
43	5168	4776	22	-1	135	170718.4258	171950.2301	1	0
43	5168	4777	22	-1	134	170718.4258	171950.2301	1	0
43	5168	4778	22	-1	133	170718.4258	171950.2301	1	0
43	5168	4779	22	-1	132	170718.4258	171950.2301	1	0
43	5168	4780	22	-1	131	170718.4258	171950.2301	1	0
43	5168	4781	22	-1	130	170718.4258	171950.2301	1	0
43	5168	4782	22	-1	129	170718.4258	171950.2301	1	0
43	5168	4783	22	-1	128	170718.4258	171950.2301	1	0
43	5168	4784	22	-1	127	170718.4258	171950.2301	1	0
43	5168	4785	22	-1	126	170718.4258	171950.2301	1	0
43	5168	4786	22	-1	125	170718.4258	171950.2301	1	0
43	5168	4787	22	-1	124	170718.4258	171950.2301	1	0
43	5168	4788	22	-1	123	170718.4258	171950.2301	1	0
43	5168	4789	22	-1	122	170718.4258	171950.2301	1	0
43	5168	4790	22	-1	121	170718.4258	171950.2301	1	0
43	5168	4791	22	-1	120	170718.4258	171950.2301	1	0
43	5168	4792	22	-1	119	170718.4258	171950.2301	1	0
43	5168	4793	22	-1	118	170718.4258	171950.2301	1	0
43	5168	4794	22	-1	117	170718.4258	171950.2301	1	0
43	5168	4795	22	-1	116	170718.4258	171950.2301	1	0
43	5168	4796	22	-1	115	170718.4258	171950.2301	1	0
43	5168	4797	22	-1	114	170718.4258	171950.2301	1	0
43	5168	4798	22	-1	113	170718.4258	171950.2301	1	0
43	5168	4799	22	-1	112	170718.4258	171950.2301	1	0
43	5168	4800	22	-1	111	170718.4258	171950.2301	1	0
43	5168	4801	22	-1	110	170718.4258	171950.2301	1	0
43	5168	4802	22	-1	109	170718.4258	171950.2301	1	0
43	5168	4803	22	-1	108	170718.4258	171950.2301	1	0
43	5168	4804	22	-1	107	170718.4258	171950.2301	1	0
43	5168	4805	22	-1	106	170718.4258	171950.2301	1	0
43	5168	4806	22	-1	105	170718.4258	171950.2301	1	0
43	5168	4807	22	-1	104	170718.4258	171950.2301	1	0
43	5168	4808	22	-1	103	170718.4258	171950.2301	1	0
43	5168	4809	22	-1	102	170718.4258	171950.2301	1	0
43	5168	4810	22	-1	101	170718.4258	171950.2301	1	0
43	5168	4811	22	-1	100	170718.4258	171950.2301	1	0
43	5168	4812	22	-1	99	170718.4258	171950.2301	1	0
43	5168	4813	22	-1	98	170718.4258	171950.2301	1	0
43	5168	4814	22	-1	97	170718.4258	171950.2301	1	0
43	5168	4815	22	-1	96	170718.4258	171950.2301	1	0
43	5168	4816	22	-1	95	170718.4258	171950.2301	1	0
43	5168	4817	22	-1	94	170718.4258	171950.2301	1	0
43	5168	4818	22	-1	93	170718.4258	171950.2301	1	0
43	5168	4819	22	-1	92	170718.4258	171950.2301	1	0
43	5168	4820	22	-1	91	170718.4258	171950.2301	1	0
43	5168	4821	22	-1	90	170718.4258	171950.2301	1	0
43	5168	4822	22	-1	89	170718.4258	171950.2301	1	0
43	5168	4823	22	-1	88	170718.4258	171950.2301	1	0
43	5168	4824	22	-1	87	170718.4258	171950.2301	1	0
43	5168	4825	22	-1	86	170718.4258	171950.2301	1	0
43	5168	4826	22	-1	85	170718.4258	171950.2301	1	0
43	5168	4827	22	-1	84	170718.4258	171950.2301	1	0
43	5168	4828	22	-1	83	170718.4258	171950.2301	1	0
43	5168	4829	22	-1	82	170718.4258	171950.2301	1	0
43	5168	4830	22	-1	81	170718.4258	171950.2301	1	0
43	5168	4831	22	-1	80	170718.4258	171950.2301	1	0
43	5168	4832	22	-1	79	170718.4258	171950.2301	1	0
43	5168	4833	22	-1	78	170718.4258	171950.2301	1	0
43	5168	4834	22	-1	77	170718.4258	171950.2301	1	0
43	5168	4835	22	-1	76	170718.4258	171950.2301	1	0
43	5168	4836	22	-1	75	170718.4258	171950.2301	1	0
43	5168	4837	22	-1	74	170718.4258	171950.2301	1	0
43	5168	4838	22	-1	73	170718.4258	171950.2301	1	0
43	5168	4839	22	-1	72	170718.4258	171950.2301	1	0
43	5168	4840	22	-1	71	170718.4258	171950.2301	1	0
43	5168	4841	22	-1	70	170718.4258	171950.2301	1	0
43	5168	4842	22	-1	69	170718.4258	171950.2301	1	0
43	5168	4843	22	-1	68	170718.4258	171950.2301	1	0
43	5168	4844	22	-1	67	170718.4258	171950.2301	1	0
43	5168	4845	22	-1	66	170718.4258	171950.2301	1	0
43	5168	4846	22	-1	65	170718.4258	171950.2301	1	0
43	5168	4847	22	-1	64	170718.4258	171950.2301	1	0
43	5168	4848	22	-1	63	170718.4258	171950.2301	1	0
43	5168	4849	22	-1	62	170718.4258	171950.2301	1	0
43	5168	4850	22	-1	61	170718.4258	171950.2301	1	0
43	5168	4851	22	-1	60	170718.4258	171950.2301	1	0
43	5168	4852	22	-1	59	170718.4258	171950.2301	1	0
43	5168	4853	22	-1	58	170718.4258	171950.2301	1	0
43	5168	4854	22	-1	57	170718.4258	171950.2301	1	0
43	5168	4855	22	-1	56	170718.4258	171950.2301	1	0
43	5168	4856	22	-1	55	170718.4258	171950.2301	1	0
43	5168	4857	22	-1	54	170718.4258	171950.2301	1	0
43	5168	4858	22	-1	53	170718.4258	171950.2301	1	0
43	5168	4859	22	-1	52	170718.4258	171950.2301	1	0
43	5168	4860	22	-1	51	170718.4258	171950.2301	1	0
43	5168	4861	22	-1	50	170718.4258	171950.2301	1	0
43	5168	4862	22	-1	49	170718.4258	171950.2301	1	0
43	5168	4863	22	-1	48	170718.4258	171950.2301	1	0
43	5168	4864	22	-1	47	170718.4258	171950.2301	1	0
43	5168	4865	22	-1	46	170718.4258	171950.2301	1	0
43	5168	4866	22	-1	45	170718.4258	171950.2301	1	0
43	5168	4867	22	-1	44	170718.4258	171950.2301	1	0
43	5168	4868	22	-1	43	170718.4258	171950.2301	1	0
43	5168	4869	22	-1	42	170718.4258	171950.2301	1	0
43	5168	4870	22	-1	41	170718.4258	171950.2301	1	0
43	5168	4871	22	-1	40	170718.4258	171950.2301	1	0
43	5168	4872	22	-1	39	170718.4258	171950.2301	1	0
43	5168	4873	22	-1	38	170718.4258	171950.2301	1	0
43	5168	4874	22	-1	37	170718.4258	171950.2301	1	0
43	5168	4875	22	-1	36	170718.4258	171950.2301	1	0
43	5168	4876	22	-1	35	170718.4258	171950.2301	1	0
43	5168	4877	22	-1	34	170718.4258	171950.2301	1	0
43	5168	4878	22	-1	33	170718.4258	171950.2301	1	0
43	5168	4879	22	-1	32	170718.4258	171950.2301	1	0
43	5168	4880	22	-1	31	170718.4258	171950.2301	1	0
43	5168	4881	22	-1	30	170718.4258	171950.2301	1	0
43	5168	4882	22	-1	29	170718.4258	171950.2301	1	0
43	5168	4883	22	-1	28	170718.4258	171950.2301	1	0
43	5168	4884	22	-1	27	170718.4258	171950.2301	1	0
43	5168	4885	22	-1	26	170718.4258	171950.2301	1	0
43	5168	4886	22	-1	25	170718.4258	171950.2301	1	0
43	5168	4887	22	-1	24	170718.4258	171950.2301	1	0
43	5168	4888	22	-1	23	170718.4258	171950.2301	1	0
43	5168	4889	22	-1	22	170718.4258	171950.2301	1	0
43	5168	4890	22	-1	21	170718.4258	171950.2301	1	0
43	5168	4891	22	-1	20	170718.4258	171950.2301	1	0
43	5168	4892	22	-1	19	170718.4258	171950.2301	1	0
43	5168	4893	22	-1	18	170718.4258	171950.2301	1	0
43	5168	4894	22	-1	17	170718.4258	171950.2301	1	0
43	5168	4895	22	-1	16	170718.4258	171950.2301	1	0
43	5168	4896	22	-1	15	170718.4258	171950.2301	1	0
43	5168	4897	22	-1	14	170718.4258	171950.2301	1	0
43	5168	4898	22	-1	13	170718.4258	171950.2301	1	0
43	5168	4899	22	-1	12	170718.4258	171950.2301	1	0
43	5168	4900	22	-1	11	170718.4258	171950.2301	1	0
43	5168	4901	22	-1	10	170718.4258	171950.2301	1	0
43	5168	4902	22	-1	9	170718.4258	171950.2301	1	0
43	5168	4903	22	-1	8	170718.4258	171950.2301	1	0
43	5168	4904	22	-1	7	170718.4258	170718.4258	0	0
43	5168	4905	22	-1	6	170718.4258	171950.2301	1	0
43	5168	4906	22	-1	5	170718.4258	171950.2301	1	0
43	5168	4907	22	-1	4	170718.4258	171950.2301	1	0
43	5168	4908	22	-1	3	170718.4258	171950.2301	1	0
43	5168	4909	22	-1	2	170718.4258	171950.2301	1	0
43	5168	4910	22	-1	1	170718.4258	171950.2301	1	0
43	5168	4911	22	-1	0	170718.4258	171950.2301	1	0
43	5168	4912	22	-1	255	170250.5385	171482.3428	1	0
43	5168	4913	22	-1	254	170250.5385	171482.3428	1	0
43	5168	4914	22	-1	253	170250.5385	171482.3428	1	0
43	5168	4915	22	-1	252	170250.5385	171482.3428	1	0
43	5168	4916	22	-1	251	170250.5385	171482.3428	1	0
43	5168	4917	22	-1	250	170250.5385	171482.3428	1	0
43	5168	4918	22	-1	249	170250.5385	171482.3428	1	0
43	5168	4919	22	-1	248	170250.5385	171482.3428	1	0
43	5168	4920	22	-1	247	170250.5385	171482.3428	1	0
43	5168	4921	22	-1	246	170250.5385	171482.3428	1	0
43	5168	4922	22	-1	245	170250.5385	171482.3428	1	0
43	5168	4923	22	-1	244	170250.5385	171482.3428	1	0
43	5168	4924	22	-1	243	170250.5385	171482.3428	1	0
43	5168	4925	22	-1	242	170250.5385	171482.3428	1	0
43	5168	4926	22	-1	241	170250.5385	171482.3428	1	0
43	5168	4927	22	-1	240	170250.5385	171482.3428	1	0
43	5168	4928	22	-1	239	170250.5385	171482.3428	1	0
43	5168	4929	22	-1	238	170250.5385	171482.3428	1	0
43	5168	4930	22	-1	237	170250.5385	171482.3428	1	0
43	5168	4931	22	-1	236	170250.5385	171482.3428	1	0
43	5168	4932	22	-1	235	170250.5385	171482.3428	1	0
43	5168	4933	22	-1	234	170250.5385	171482.3428	1	0
43	5168	4934	22	-1	233	170250.5385	171482.3428	1	0
43	5168	4935	22	-1	232	170250.5385	171482.3428	1	0
43	5168	4936	22	-1	231	170250.5385	171482.3428	1	0
43	5168	4937	22	-1	230	170250.5385	171482.3428	1	0
43	5168	4938	22	-1	229	170250.5385	171482.3428	1	0
43	5168	4939	22	-1	228	170250.5385	171482.3428	1	0
43	5168	4940	22	-1	227	170250.5385	171482.3428	1	0
43	5168	4941	22	-1	226	170250.5385	171482.3428	1	0
43	5168	4942	22	-1	225	170250.5385	171482.3428	1	0
43	5168	4943	22	-1	224	170250.5385	171482.3428	1	0
43	5168	4944	22	-1	223	170250.5385	171482.3428	1	0
43	5168	4945	22	-1	222	170250.5385	171482.3428	1	0
43	5168	4946	22	-1	221	170250.5385	171482.3428	1	0
43	5168	4947	22	-1	220	170250.5385	171482.3428	1	0
43	5168	4948	22	-1	219	170250.5385	171482.3428	1	0
43	5168	4949	22	-1	218	170250.5385	171482.3428	1	0
43	5168	4950	22	-1	217	170250.5385	171482.3428	1	0
43	5168	4951	22	-1	216	170250.5385	171482.3428	1	0
43	5168	4952	22	-1	215	170250.5385	171482.3428	1	0
43	5168	4953	22	-1	214	170250.5385	171482.3428	1	0
43	5168	4954	22	-1	213	170250.5385	171482.3428	1	0
43	5168	4955	22	-1	212	170250.5385	171482.3428	1	0
43	5168	4956	22	-1	211	170250.5385	171482.3428	1	0
43	5168	4957	22	-1	210	170250.5385	171482.3428	1	0
43	5168	4958	22	-1	209	170250.5385	171482.3428	1	0
43	5168	4959	22	-1	208	170250.5385	171482.3428	1	0
43	5168	4960	22	-1	207	170250.5385	171482.3428	1	0
43	5168	4961	22	-1	206	170250.5385	171482.3428	1	0
43	5168	4962	22	-1	205	170250.5385	171482.3428	1	0
43	5168	4963	22	-1	204	170250.5385	171482.3428	1	0
43	5168	4964	22	-1	203	170250.5385	171482.3428	1	0
43	5168	4965	22	-1	202	170250.5385	171482.3428	1	0
43	5168	4966	22	-1	201	170250.5385	171482.3428	1	0
43	5168	4967	22	-1	200	170250.5385	171482.3428	1	0
43	5168	4968	22	-1	199	170250.5385	171482.3428	1	0
43	5168	4969	22	-1	198	170250.5385	171482.3428	1	0
43	5168	4970	22	-1	197	170250.5385	171482.3428	1	0
43	5168	4971	22	-1	196	170250.5385	171482.3428	1	0
43	5168	4972	22	-1	195	170250.5385	171482.3428	1	0
43	5168	4973	22	-1	194	170250.5385	171482.3428	1	0
43	5168	4974	22	-1	193	170250.5385	171482.3428	1	0
43	5168	4975	22	-1	192	170250.5385	171482.3428	1	0
43	5168	4976	22	-1	191	170250.5385	171482.3428	1	0
43	5168	4977	22	-1	190	170250.5385	171482.3428	1	0
43	5168	4978	22	-1	189	170250.5385	171482.3428	1	0
43	5168	4979	22	-1	188	170250.5385	171482.3428	1	0
43	5168	4980	22	-1	187	170250.5385	171482.3428	1	0
43	5168	4981	22	-1	186	170250.5385	171482.3428	1	0
43	5168	4982	22	-1	185	170250.5385	171482.3428	1	0
43	5168	4983	22	-1	184	170250.5385	171482.3428	1	0
43	5168	4984	22	-1	183	170250.5385	171482.3428	1	0
43	5168	4985	22	-1	182	170250.5385	171482.3428	1	0
43	5168	4986	22	-1	181	170250.5385	171482.3428	1	0
43	5168	4987	22	-1	180	170250.5385	171482.3428	1	0
43	5168	4988	22	-1	179	170250.5385	171482.3428	1	0
43	5168	4989	22	-1	178	170250.5385	171482.3428	1	0
43	5168	4990	22	-1	177	170250.5385	171482.3428	1	0
43	5168	4991	22	-1	176	170250.5385	171482.3428	1	0
43	5168	4992	22	-1	175	170250.5385	171482.3428	1	0
43	5168	4993	22	-1	174	170250.5385	171482.3428	1	0
43	5168	4994	22	-1	173	170250.5385	171482.3428	1	0
43	5168	4995	22	-1	172	170250.5385	171482.3428	1	0
43	5168	4996	22	-1	171	170250.5385	171482.3428	1	0
43	5168	4997	22	-1	170	170250.5385	171482.3428	1	0
43	5168	4998	22	-1	169	170250.5385	171482.3428	1	0
43	5168	4999	22	-1	168	170250.5385	171482.3428	1	0
43	5168	5000	22	-1	167	170250.5385	171482.3428	1	0
43	5168	5001	22	-1	166	170250.5385	171482.3428	1	0
43	5168	5002	22	-1	165	170250.5385	171482.3428	1	0
43	5168	5003	22	-1	164	170250.5385	171482.3428	1	0
43	5168	5004	22	-1	163	170250.5385	171482.3428	1	0
43	5168	5005	22	-1	162	170250.5385	171482.3428	1	0
43	5168	5006	22	-1	161	170250.5385	171482.3428	1	0
43	5168	5007	22	-1	160	170250.5385	171482.3428	1	0
43	5168	5008	22	-1	159	170250.5385	171482.3428	1	0
43	5168	5009	22	-1	158	170250.5385	171482.3428	1	0
43	5168	5010	22	-1	157	170250.5385	171482.3428	1	0
43	5168	5011	22	-1	156	170250.5385	171482.3428	1	0
43	5168	5012	22	-1	155	170250.5385	171482.3428	1	0
43	5168	5013	22	-1	154	170250.5385	171482.3428	1	0
43	5168	5014	22	-1	153	170250.5385	171482.3428	1	0
43	5168	5015	22	-1	152	170250.5385	171482.3428	1	0
43	5168	5016	22	-1	151	170250.5385	171482.3428	1	0
43	5168	5017	22	-1	150	170250.5385	171482.3428	1	0
43	5168	5018	22	-1	149	170250.5385	171482.3428	1	0
43	5168	5019	22	-1	148	170250.5385	171482.3428	1	0
43	5168	5020	22	-1	147	170250.5385	171482.3428	1	0
43	5168	5021	22	-1	146	170250.5385	171482.3428	1	0
43	5168	5022	22	-1	145	170250.5385	171482.3428	1	0
43	5168	5023	22	-1	144	170250.5385	171482.3428	1	0
43	5168	5024	22	-1	143	170250.5385	171482.3428	1	0
43	5168	5025	22	-1	142	170250.5385	171482.3428	1	0
43	5168	5026	22	-1	141	170250.5385	171482.3428	1	0
43	5168	5027	22	-1	140	170250.5385	171482.3428	1	0
43	5168	5028	22	-1	139	170250.5385	171482.3428	1	0
43	5168	5029	22	-1	138	170250.5385	171482.3428	1	0
43	5168	5030	22	-1	137	170250.5385	171482.3428	1	0
43	5168	5031	22	-1	136	170250.5385	171482.3428	1	0
43	5168	5032	22	-1	135	170250.5385	171482.3428	1	0
43	5168	5033	22	-1	134	170250.5385	171482.3428	1	0
43	5168	5034	22	-1	133	170250.5385	171482.3428	1	0
43	5168	5035	22	-1	132	170250.5385	171482.3428	1	0
43	5168	5036	22	-1	131	170250.5385	171482.3428	1	0
43	5168	5037	22	-1	130	170250.5385	171482.3428	1	0
43	5168	5038	22	-1	129	170250.5385	171482.3428	1	0
43	5168	5039	22	-1	128	170250.5385	171482.3428	1	0
43	5168	5040	22	-1	127	170250.5385	171482.3428	1	0
43	5168	5041	22	-1	126	170250.5385	171482.3428	1	0
43	5168	5042	22	-1	125	170250.5385	171482.3428	1	0
43	5168	5043	22	-1	124	170250.5385	171482.3428	1	0
43	5168	5044	22	-1	123	170250.5385	171482.3428	1	0
43	5168	5045	22	-1	122	170250.5385	171482.3428	1	0
43	5168	5046	22	-1	121	170250.5385	171482.3428	1	0
43	5168	5047	22	-1	120	170250.5385	171482.3428	1	0
43	5168	5048	22	-1	119	170250.5385	171482.3428	1	0
43	5168	5049	22	-1	118	170250.5385	171482.3428	1	0
43	5168	5050	22	-1	117	170250.5385	171482.3428	1	0
43	5168	5051	22	-1	116	170250.5385	171482.3428	1	0
43	5168	5052	22	-1	115	170250.5385	171482.3428	1	0
43	5168	5053	22	-1	114	170250.5385	171482.3428	1	0
43	5168	5054	22	-1	113	170250.5385	171482.3428	1	0
43	5168	5055	22	-1	112	170250.5385	171482.3428	1	0
43	5168	5056	22	-1	111	170250.5385	171482.3428	1	0
43	5168	5057	22	-1	110	170250.5385	171482.3428	1	0
43	5168	5058	22	-1	109	170250.5385	171482.3428	1	0
43	5168	5059	22	-1	108	170250.5385	171482.3428	1	0
43	5168	5060	22	-1	107	170250.5385	171482.3428	1	0
43	5168	5061	22	-1	106	170250.5385	171482.3428	1	0
43	5168	5062	22	-1	105	170250.5385	171482.3428	1	0
43	5168	5063	22	-1	104	170250.5385	171482.3428	1	0
43	5168	5064	22	-1	103	170250.5385	171482.3428	1	0
43	5168	5065	22	-1	102	170250.5385	171482.3428	1	0
43	5168	5066	22	-1	101	170250.5385	171482.3428	1	0
43	5168	5067	22	-1	100	170250.5385	171482.3428	1	0
43	5168	5068	22	-1	99	170250.5385	171482.3428	1	0
43	5168	5069	22	-1	98	170250.5385	171482.3428	1	0
43	5168	5070	22	-1	97	170250.5385	171482.3428	1	0
43	5168	5071	22	-1	96	170250.5385	171482.3428	1	0
43	5168	5072	22	-1	95	170250.5385	171482.3428	1	0
43	5168	5073	22	-1	94	170250.5385	171482.3428	1	0
43	5168	5074	22	-1	93	170250.5385	171482.3428	1	0
43	5168	5075	22	-1	92	170250.5385	171482.3428	1	0
43	5168	5076	22	-1	91	170250.5385	171482.3428	1	0
43	5168	5077	22	-1	90	170250.5385	171482.3428	1	0
43	5168	5078	22	-1	89	170250.5385	171482.3428	1	0
43	5168	5079	22	-1	88	170250.5385	171482.3428	1	0
43	5168	5080	22	-1	87	170250.5385	171482.3428	1	0
43	5168	5081	22	-1	86	170250.5385	171482.3428	1	0
43	5168	5082	22	-1	85	170250.5385	171482.3428	1	0
43	5168	5083	22	-1	84	170250.5385	171482.3428	1	0
43	5168	5084	22	-1	83	170250.5385	171482.3428	1	0
43	5168	5085	22	-1	82	170250.5385	171482.3428	1	0
43	5168	5086	22	-1	81	170250.5385	171482.3428	1	0
43	5168	5087	22	-1	80	170250.5385	171482.3428	1	0
43	5168	5088	22	-1	79	170250.5385	171482.3428	1	0
43	5168	5089	22	-1	78	170250.5385	171482.3428	1	0
43	5168	5090	22	-1	77	170250.5385	171482.3428	1	0
43	5168	5091	22	-1	76	170250.5385	171482.3428	1	0
43	5168	5092	22	-1	75	170250.5385	171482.3428	1	0
43	5168	5093	22	-1	74	170250.5385	171482.3428	1	0
43	5168	5094	22	-1	73	170250.5385	171482.3428	1	0
43	5168	5095	22	-1	72	170250.5385	171482.3428	1	0
43	5168	5096	22	-1	71	170250.5385	171482.3428	1	0
43	5168	5097	22	-1	70	170250.5385	171482.3428	1	0
43	5168	5098	22	-1	69	170250.5385	171482.3428	1	0
43	5168	5099	22	-1	68	170250.5385	171482.3428	1	0
43	5168	5100	22	-1	67	170250.5385	171482.3428	1	0
43	5168	5101	22	-1	66	170250.5385	171482.3428	1	0
43	5168	5102	22	-1	65	170250.5385	171482.3428	1	0
43	5168	5103	22	-1	64	170250.5385	171482.3428	1	0
43	5168	5104	22	-1	63	170250.5385	171482.3428	1	0
43	5168	5105	22	-1	62	170250.5385	171482.3428	1	0
43	5168	5106	22	-1	61	170250.5385	171482.3428	1	0
43	5168	5107	22	-1	60	170250.5385	171482.3428	1	0
43	5168	5108	22	-1	59	170250.5385	171482.3428	1	0
43	5168	5109	22	-1	58	170250.5385	171482.3428	1	0
43	5168	5110	22	-1	57	170250.5385	171482.3428	1	0
43	5168	5111	22	-1	56	170250.5385	171482.3428	1	0
43	5168	5112	22	-1	55	170250.5385	171482.3428	1	0
43	5168	5113	22	-1	54	170250.5385	171482.3428	1	0
43	5168	5114	22	-1	53	170250.5385	171482.3428	1	0
43	5168	5115	22	-1	52	170250.5385	171482.3428	1	0
43	5168	5116	22	-1	51	170250.5385	171482.3428	1	0
43	5168	5117	22	-1	50	170250.5385	171482.3428	1	0
43	5168	5118	22	-1	49	170250.5385	171482.3428	1	0
43	5168	5119	22	-1	48	170250.5385	171482.3428	1	0
43	5168	5120	22	-1	47	170250.5385	171482.3428	1	0
43	5168	5121	22	-1	46	170250.5385	171482.3428	1	0
43	5168	5122	22	-1	45	170250.5385	171482.3428	1	0
43	5168	5123	22	-1	44	170250.5385	171482.3428	1	0
43	5168	5124	22	-1	43	170250.5385	171482.3428	1	0
43	5168	5125	22	-1	42	170250.5385	171482.3428	1	0
43	5168	5126	22	-1	41	170250.5385	171482.3428	1	0
43	5168	5127	22	-1	40	170250.5385	171482.3428	1	0
43	5168	5128	22	-1	39	170250.5385	171482.3428	1	0
43	5168	5129	22	-1	38	170250.5385	171482.3428	1	0
43	5168	5130	22	-1	37	170250.5385	171482.3428	1	0
43	5168	5131	22	-1	36	170250.5385	171482.3428	1	0
43	5168	5132	22	-1	35	170250.5385	171482.3428	1	0
43	5168	5133	22	-1	34	170250.5385	171482.3428	1	0
43	5168	5134	22	-1	33	170250.5385	171482.3428	1	0
43	5168	5135	22	-1	32	170250.5385	171482.3428	1	0
43	5168	5136	22	-1	31	170250.5385	171482.3428	1	0
43	5168	5137	22	-1	30	170250.5385	171482.3428	1	0
43	5168	5138	22	-1	29	170250.5385	171482.3428	1	0
43	5168	5139	22	-1	28	170250.5385	171482.3428	1	0
43	5168	5140	22	-1	27	170250.5385	171482.3428	1	0
43	5168	5141	22	-1	26	170250.5385	171482.3428	1	0
43	5168	5142	22	-1	25	170250.5385	171482.3428	1	0
43	5168	5143	22	-1	24	170250.5385	171482.3428	1	0
43	5168	5144	22	-1	23	170250.5385	171482.3428	1	0
43	5168	5145	22	-1	22	170250.5385	171482.3428	1	0
43	5168	5146	22	-1	21	170250.5385	171482.3428	1	0
43	5168	5147	22	-1	20	170250.5385	171482.3428	1	0
43	5168	5148	22	-1	19	170250.5385	171482.3428	1	0
43	5168	5149	22	-1	18	170250.5385	171482.3428	1	0
43	5168	5150	22	-1	17	170250.5385	171482.3428	1	0
43	5168	5151	22	-1	16	170250.5385	171482.3428	1	0
43	5168	5152	22	-1	15	170250.5385	171482.3428	1	0
43	5168	5153	22	-1	14	170250.5385	171482.3428	1	0
43	5168	5154	22	-1	13	170250.5385	171482.3428	1	0
43	5168	5155	22	-1	12	170250.5385	171482.3428	1	0
43	5168	5156	22	-1	11	170250.5385	171482.3428	1	0
43	5168	5157	22	-1	10	170250.5385	171482.3428	1	0
43	5168	5158	22	-1	9	170250.5385	171482.3428	1	0
43	5168	5159	22	-1	8	170250.5385	171482.3428	1	0
43	5168	5160	22	-1	7	170250.5385	170250.5385	0	0
43	5168	5161	22	-1	6	170250.5385	171482.3428	1	0
43	5168	5162	22	-1	5	170250.5385	171482.3428	1	0
43	5168	5163	22	-1	4	170250.5385	171482.3428	1	0
43	5168	5164	22	-1	3	170250.5385	171482.3428	1	0
43	5168	5165	22	-1	2	170250.5385	171482.3428	1	0
43	5168	5166	22	-1	1	170250.5385	171482.3428	1	0
43	5168	5167	22	-1	0	170250.5385	171482.3428	1	0
44	3120	3108	16	-1	44	210442.1416	211673.9459	1	1
44	3120	3109	16	-1	43	210442.1416	211673.9459	1	1
44	3120	3110	16	-1	42	210442.1416	211673.9459	1	1
44	3120	3111	16	-1	41	210442.1416	211673.9459	1	1
45	5420	3372	19	-1	131	213096.8409	214331.852	1	1
45	5420	4144	21	-1	255	192138.3719	193370.1762	1	0
45	5420	4145	21	-1	254	192138.3719	193370.1762	1	0
45	5420	4146	21	-1	253	192138.3719	193370.1762	1	0
45	5420	4147	21	-1	252	192138.3719	193370.1762	1	0
45	5420	4148	21	-1	251	192138.3719	193370.1762	1	0
45	5420	4149	21	-1	250	192138.3719	193370.1762	1	0
45	5420	4150	21	-1	249	192138.3719	193370.1762	1	0
45	5420	4151	21	-1	248	192138.3719	193370.1762	1	0
45	5420	4152	21	-1	247	192138.3719	193370.1762	1	0
45	5420	4153	21	-1	246	192138.3719	193370.1762	1	0
45	5420	4154	21	-1	245	192138.3719	193370.1762	1	0
45	5420	4155	21	-1	244	192138.3719	193370.1762	1	0
45	5420	4156	21	-1	243	192138.3719	193370.1762	1	0
45	5420	4157	21	-1	242	192138.3719	193370.1762	1	0
45	5420	4158	21	-1	241	192138.3719	193370.1762	1	0
45	5420	4159	21	-1	240	192138.3719	193370.1762	1	0
45	5420	4160	21	-1	239	192138.3719	193370.1762	1	0
45	5420	4161	21	-1	238	192138.3719	193370.1762	1	0
45	5420	4162	21	-1	237	192138.3719	193370.1762	1	0
45	5420	4163	21	-1	236	192138.3719	193370.1762	1	0
45	5420	4164	21	-1	235	192138.3719	193370.1762	1	0
45	5420	4165	21	-1	234	192138.3719	193370.1762	1	0
45	5420	4166	21	-1	233	192138.3719	193370.1762	1	0
45	5420	4167	21	-1	232	192138.3719	193370.1762	1	0
45	5420	4168	21	-1	231	192138.3719	193370.1762	1	0
45	5420	4169	21	-1	230	192138.3719	193370.1762	1	0
45	5420	4170	21	-1	229	192138.3719	193370.1762	1	0
45	5420	4171	21	-1	228	192138.3719	193370.1762	1	0
45	5420	4172	21	-1	227	192138.3719	193370.1762	1	0
45	5420	4173	21	-1	226	192138.3719	193370.1762	1	0
45	5420	4174	21	-1	225	192138.3719	193370.1762	1	0
45	5420	4175	21	-1	224	192138.3719	193370.1762	1	0
45	5420	4176	21	-1	223	192138.3719	193370.1762	1	0
45	5420	4177	21	-1	222	192138.3719	193370.1762	1	0
45	5420	4178	21	-1	221	192138.3719	193370.1762	1	0
45	5420	4179	21	-1	220	192138.3719	193370.1762	1	0
45	5420	4180	21	-1	219	192138.3719	193370.1762	1	0
45	5420	4181	21	-1	218	192138.3719	193370.1762	1	0
45	5420	4182	21	-1	217	192138.3719	193370.1762	1	0
45	5420	4183	21	-1	216	192138.3719	193370.1762	1	0
45	5420	4184	21	-1	215	192138.3719	193370.1762	1	0
45	5420	4185	21	-1	214	192138.3719	193370.1762	1	0
45	5420	4186	21	-1	213	192138.3719	193370.1762	1	0
45	5420	4187	21	-1	212	192138.3719	193370.1762	1	0
45	5420	4188	21	-1	211	192138.3719	193370.1762	1	0
45	5420	4189	21	-1	210	192138.3719	193370.1762	1	0
45	5420	4190	21	-1	209	192138.3719	193370.1762	1	0
45	5420	4191	21	-1	208	192138.3719	193370.1762	1	0
45	5420	4192	21	-1	207	192138.3719	193370.1762	1	0
45	5420	4193	21	-1	206	192138.3719	193370.1762	1	0
45	5420	4194	21	-1	205	192138.3719	193370.1762	1	0
45	5420	4195	21	-1	204	192138.3719	193370.1762	1	0
45	5420	4196	21	-1	203	192138.3719	193370.1762	1	0
45	5420	4197	21	-1	202	192138.3719	193370.1762	1	0
45	5420	4198	21	-1	201	192138.3719	193370.1762	1	0
45	5420	4199	21	-1	200	192138.3719	193370.1762	1	0
45	5420	4200	21	-1	199	192138.3719	193370.1762	1	0
45	5420	4201	21	-1	198	192138.3719	193370.1762	1	0
45	5420	4202	21	-1	197	192138.3719	193370.1762	1	0
45	5420	4203	21	-1	196	192138.3719	193370.1762	1	0
45	5420	4204	21	-1	195	192138.3719	193370.1762	1	0
45	5420	4205	21	-1	194	192138.3719	193370.1762	1	0
45	5420	4206	21	-1	193	192138.3719	193370.1762	1	0
45	5420	4207	21	-1	192	192138.3719	193370.1762	1	0
45	5420	4208	21	-1	191	192138.3719	193370.1762	1	0
45	5420	4209	21	-1	190	192138.3719	193370.1762	1	0
45	5420	4210	21	-1	189	192138.3719	193370.1762	1	0
45	5420	4211	21	-1	188	192138.3719	193370.1762	1	0
45	5420	4212	21	-1	187	192138.3719	193370.1762	1	0
45	5420	4213	21	-1	186	192138.3719	193370.1762	1	0
45	5420	4214	21	-1	185	192138.3719	193370.1762	1	0
45	5420	4215	21	-1	184	192138.3719	193370.1762	1	0
45	5420	4216	21	-1	183	192138.3719	193370.1762	1	0
45	5420	4217	21	-1	182	192138.3719	193370.1762	1	0
45	5420	4218	21	-1	181	192138.3719	193370.1762	1	0
45	5420	4219	21	-1	180	192138.3719	193370.1762	1	0
45	5420	4220	21	-1	179	192138.3719	193370.1762	1	0
45	5420	4221	21	-1	178	192138.3719	193370.1762	1	0
45	5420	4222	21	-1	177	192138.3719	193370.1762	1	0
45	5420	4223	21	-1	176	192138.3719	193370.1762	1	0
45	5420	4224	21	-1	175	192138.3719	193370.1762	1	0
45	5420	4225	21	-1	174	192138.3719	193370.1762	1	0
45	5420	4226	21	-1	173	192138.3719	193370.1762	1	0
45	5420	4227	21	-1	172	192138.3719	193370.1762	1	0
45	5420	4228	21	-1	171	192138.3719	193370.1762	1	0
45	5420	4229	21	-1	170	192138.3719	193370.1762	1	0
45	5420	4230	21	-1	169	192138.3719	193370.1762	1	0
45	5420	4231	21	-1	168	192138.3719	193370.1762	1	0
45	5420	4232	21	-1	167	192138.3719	193370.1762	1	0
45	5420	4233	21	-1	166	192138.3719	193370.1762	1	0
45	5420	4234	21	-1	165	192138.3719	193370.1762	1	0
45	5420	4235	21	-1	164	192138.3719	193370.1762	1	0
45	5420	4236	21	-1	163	192138.3719	193370.1762	1	0
45	5420	4237	21	-1	162	192138.3719	193370.1762	1	0
45	5420	4238	21	-1	161	192138.3719	193370.1762	1	0
45	5420	4239	21	-1	160	192138.3719	193370.1762	1	0
45	5420	4240	21	-1	159	192138.3719	193370.1762	1	0
45	5420	4241	21	-1	158	192138.3719	193370.1762	1	0
45	5420	4242	21	-1	157	192138.3719	193370.1762	1	0
45	5420	4243	21	-1	156	192138.3719	193370.1762	1	0
45	5420	4244	21	-1	155	192138.3719	193370.1762	1	0
45	5420	4245	21	-1	154	192138.3719	193370.1762	1	0
45	5420	4246	21	-1	153	192138.3719	193370.1762	1	0
45	5420	4247	21	-1	152	192138.3719	193370.1762	1	0
45	5420	4248	21	-1	151	192138.3719	193370.1762	1	0
45	5420	4249	21	-1	150	192138.3719	193370.1762	1	0
45	5420	4250	21	-1	149	192138.3719	193370.1762	1	0
45	5420	4251	21	-1	148	192138.3719	193370.1762	1	0
45	5420	4252	21	-1	147	192138.3719	193370.1762	1	0
45	5420	4253	21	-1	146	192138.3719	193370.1762	1	0
45	5420	4254	21	-1	145	192138.3719	193370.1762	1	0
45	5420	4255	21	-1	144	192138.3719	193370.1762	1	0
45	5420	4256	21	-1	143	192138.3719	193370.1762	1	0
45	5420	4257	21	-1	142	192138.3719	193370.1762	1	0
45	5420	4258	21	-1	141	192138.3719	193370.1762	1	0
45	5420	4259	21	-1	140	192138.3719	193370.1762	1	0
45	5420	4260	21	-1	139	192138.3719	193370.1762	1	0
45	5420	4261	21	-1	138	192138.3719	193370.1762	1	0
45	5420	4262	21	-1	137	192138.3719	193370.1762	1	0
45	5420	4263	21	-1	136	192138.3719	193370.1762	1	0
45	5420	4264	21	-1	135	192138.3719	193370.1762	1	0
45	5420	4265	21	-1	134	192138.3719	193370.1762	1	0
45	5420	4266	21	-1	133	192138.3719	193370.1762	1	0
45	5420	4267	21	-1	132	192138.3719	193370.1762	1	0
45	5420	4268	21	-1	131	192138.3719	193370.1762	1	0
45	5420	4269	21	-1	130	192138.3719	193370.1762	1	0
45	5420	4270	21	-1	129	192138.3719	193370.1762	1	0
45	5420	4271	21	-1	128	192138.3719	193370.1762	1	0
45	5420	4272	21	-1	127	192138.3719	193370.1762	1	0
45	5420	4273	21	-1	126	192138.3719	193370.1762	1	0
45	5420	4274	21	-1	125	192138.3719	193370.1762	1	0
45	5420	4275	21	-1	124	192138.3719	193370.1762	1	0
45	5420	4276	21	-1	123	192138.3719	193370.1762	1	0
45	5420	4277	21	-1	122	192138.3719	193370.1762	1	0
45	5420	4278	21	-1	121	192138.3719	193370.1762	1	0
45	5420	4279	21	-1	120	192138.3719	193370.1762	1	0
45	5420	4280	21	-1	119	192138.3719	193370.1762	1	0
45	5420	4281	21	-1	118	192138.3719	193370.1762	1	0
45	5420	4282	21	-1	117	192138.3719	193370.1762	1	0
45	5420	4283	21	-1	116	192138.3719	193370.1762	1	0
45	5420	4284	21	-1	115	192138.3719	193370.1762	1	0
45	5420	4285	21	-1	114	192138.3719	193370.1762	1	0
45	5420	4286	21	-1	113	192138.3719	193370.1762	1	0
45	5420	4287	21	-1	112	192138.3719	193370.1762	1	0
45	5420	4288	21	-1	111	192138.3719	193370.1762	1	0
45	5420	4289	21	-1	110	192138.3719	193370.1762	1	0
45	5420	4290	21	-1	109	192138.3719	193370.1762	1	0
45	5420	4291	21	-1	108	192138.3719	193370.1762	1	0
45	5420	4292	21	-1	107	192138.3719	193370.1762	1	0
45	5420	4293	21	-1	106	192138.3719	193370.1762	1	0
45	5420	4294	21	-1	105	192138.3719	193370.1762	1	0
45	5420	4295	21	-1	104	192138.3719	193370.1762	1	0
45	5420	4296	21	-1	103	192138.3719	193370.1762	1	0
45	5420	4297	21	-1	102	192138.3719	193370.1762	1	0
45	5420	4298	21	-1	101	192138.3719	193370.1762	1	0
45	5420	4299	21	-1	100	192138.3719	193370.1762	1	0
45	5420	4300	21	-1	99	192138.3719	193370.1762	1	0
45	5420	4301	21	-1	98	192138.3719	193370.1762	1	0
45	5420	4302	21	-1	97	192138.3719	193370.1762	1	0
45	5420	4303	21	-1	96	192138.3719	193370.1762	1	0
45	5420	4304	21	-1	95	192138.3719	193370.1762	1	0
45	5420	4305	21	-1	94	192138.3719	193370.1762	1	0
45	5420	4306	21	-1	93	192138.3719	193370.1762	1	0
45	5420	4307	21	-1	92	192138.3719	193370.1762	1	0
45	5420	4308	21	-1	91	192138.3719	193370.1762	1	0
45	5420	4309	21	-1	90	192138.3719	193370.1762	1	0
45	5420	4310	21	-1	89	192138.3719	193370.1762	1	0
45	5420	4311	21	-1	88	192138.3719	193370.1762	1	0
45	5420	4312	21	-1	87	192138.3719	193370.1762	1	0
45	5420	4313	21	-1	86	192138.3719	193370.1762	1	0
45	5420	4314	21	-1	85	192138.3719	193370.1762	1	0
45	5420	4315	21	-1	84	192138.3719	193370.1762	1	0
45	5420	4316	21	-1	83	192138.3719	193370.1762	1	0
45	5420	4317	21	-1	82	192138.3719	193370.1762	1	0
45	5420	4318	21	-1	81	192138.3719	193370.1762	1	0
45	5420	4319	21	-1	80	192138.3719	193370.1762	1	0
45	5420	4320	21	-1	79	192138.3719	193370.1762	1	0
45	5420	4321	21	-1	78	192138.3719	193370.1762	1	0
45	5420	4322	21	-1	77	192138.3719	193370.1762	1	0
45	5420	4323	21	-1	76	192138.3719	193370.1762	1	0
45	5420	4324	21	-1	75	192138.3719	193370.1762	1	0
45	5420	4325	21	-1	74	192138.3719	193370.1762	1	0
45	5420	4326	21	-1	73	192138.3719	193370.1762	1	0
45	5420	4327	21	-1	72	192138.3719	193370.1762	1	0
45	5420	4328	21	-1	71	192138.3719	193370.1762	1	0
45	5420	4329	21	-1	70	192138.3719	193370.1762	1	0
45	5420	4330	21	-1	69	192138.3719	193370.1762	1	0
45	5420	4331	21	-1	68	192138.3719	193370.1762	1	0
45	5420	4332	21	-1	67	192138.3719	193370.1762	1	0
45	5420	4333	21	-1	66	192138.3719	193370.1762	1	0
45	5420	4334	21	-1	65	192138.3719	193370.1762	1	0
45	5420	4335	21	-1	64	192138.3719	193370.1762	1	0
45	5420	4336	21	-1	63	192138.3719	193370.1762	1	0
45	5420	4337	21	-1	62	192138.3719	193370.1762	1	0
45	5420	4338	21	-1	61	192138.3719	193370.1762	1	0
45	5420	4339	21	-1	60	192138.3719	193370.1762	1	0
45	5420	4340	21	-1	59	192138.3719	193370.1762	1	0
45	5420	4341	21	-1	58	192138.3719	193370.1762	1	0
45	5420	4342	21	-1	57	192138.3719	193370.1762	1	0
45	5420	4343	21	-1	56	192138.3719	193370.1762	1	0
45	5420	4344	21	-1	55	192138.3719	193370.1762	1	0
45	5420	4345	21	-1	54	192138.3719	193370.1762	1	0
45	5420	4346	21	-1	53	192138.3719	193370.1762	1	0
45	5420	4347	21	-1	52	192138.3719	193370.1762	1	0
45	5420	4348	21	-1	51	192138.3719	193370.1762	1	0
45	5420	4349	21	-1	50	192138.3719	193370.1762	1	0
45	5420	4350	21	-1	49	192138.3719	193370.1762	1	0
45	5420	4351	21	-1	48	192138.3719	193370.1762	1	0
45	5420	4352	21	-1	47	192138.3719	193370.1762	1	0
45	5420	4353	21	-1	46	192138.3719	193370.1762	1	0
45	5420	4354	21	-1	45	192138.3719	193370.1762	1	0
45	5420	4355	21	-1	44	192138.3719	193370.1762	1	0
45	5420	4356	21	-1	43	192138.3719	193370.1762	1	0
45	5420	4357	21	-1	42	192138.3719	193370.1762	1	0
45	5420	4358	21	-1	41	192138.3719	193370.1762	1	0
45	5420	4359	21	-1	40	192138.3719	193370.1762	1	0
45	5420	4360	21	-1	39	192138.3719	193370.1762	1	0
45	5420	4361	21	-1	38	192138.3719	193370.1762	1	0
45	5420	4362	21	-1	37	192138.3719	193370.1762	1	0
45	5420	4363	21	-1	36	192138.3719	193370.1762	1	0
45	5420	4364	21	-1	35	192138.3719	193370.1762	1	0
45	5420	4365	21	-1	34	192138.3719	193370.1762	1	0
45	5420	4366	21	-1	33	192138.3719	193370.1762	1	0
45	5420	4367	21	-1	32	192138.3719	193370.1762	1	0
45	5420	4368	21	-1	31	192138.3719	193370.1762	1	0
45	5420	4369	21	-1	30	192138.3719	193370.1762	1	0
45	5420	4370	21	-1	29	192138.3719	193370.1762	1	0
45	5420	4371	21	-1	28	192138.3719	193370.1762	1	0
45	5420	4372	21	-1	27	192138.3719	193370.1762	1	0
45	5420	4373	21	-1	26	192138.3719	193370.1762	1	0
45	5420	4374	21	-1	25	192138.3719	193370.1762	1	0
45	5420	4375	21	-1	24	192138.3719	193370.1762	1	0
45	5420	4376	21	-1	23	192138.3719	193370.1762	1	0
45	5420	4377	21	-1	22	192138.3719	193370.1762	1	0
45	5420	4378	21	-1	21	192138.3719	193370.1762	1	0
45	5420	4379	21	-1	20	192138.3719	193370.1762	1	0
45	5420	4380	21	-1	19	192138.3719	193370.1762	1	0
45	5420	4381	21	-1	18	192138.3719	193370.1762	1	0
45	5420	4382	21	-1	17	192138.3719	193370.1762	1	0
45	5420	4383	21	-1	16	192138.3719	193370.1762	1	0
45	5420	4384	21	-1	15	192138.3719	193370.1762	1	0
45	5420	4385	21	-1	14	192138.3719	193370.1762	1	0
45	5420	4386	21	-1	13	192138.3719	193370.1762	1	0
45	5420	4387	21	-1	12	192138.3719	193370.1762	1	0
45	5420	4388	21	-1	11	192138.3719	193370.1762	1	0
45	5420	4389	21	-1	10	192138.3719	193370.1762	1	0
45	5420	4390	21	-1	9	192138.3719	193370.1762	1	0
45	5420	4391	21	-1	8	192138.3719	193370.1762	1	0
45	5420	4392	21	-1	7	192138.3719	192138.3719	0	0
45	5420	4393	21	-1	6	192138.3719	193370.1762	1	0
45	5420	4394	21	-1	5	192138.3719	193370.1762	1	0
45	5420	4395	21	-1	4	192138.3719	193370.1762	1	0
45	5420	4396	21	-1	3	192138.3719	193370.1762	1	0
45	5420	4397	21	-1	2	192138.3719	193370.1762	1	0
45	5420	4398	21	-1	1	192138.3719	193370.1762	1	0
45	5420	4399	21	-1	0	192138.3719	193370.1762	1	0
45	5420	4400	21	-1	255	191196.187	192427.9913	1	0
45	5420	4401	21	-1	254	191196.187	192427.9913	1	0
45	5420	4402	21	-1	253	191196.187	192427.9913	1	0
45	5420	4403	21	-1	252	191196.187	192427.9913	1	0
45	5420	4404	21	-1	251	191196.187	192427.9913	1	0
45	5420	4405	21	-1	250	191196.187	192427.9913	1	0
45	5420	4406	21	-1	249	191196.187	192427.9913	1	0
45	5420	4407	21	-1	248	191196.187	192427.9913	1	0
45	5420	4408	21	-1	247	191196.187	192427.9913	1	0
45	5420	4409	21	-1	246	191196.187	192427.9913	1	0
45	5420	4410	21	-1	245	191196.187	192427.9913	1	0
45	5420	4411	21	-1	244	191196.187	192427.9913	1	0
45	5420	4412	21	-1	243	191196.187	192427.9913	1	0
45	5420	4413	21	-1	242	191196.187	192427.9913	1	0
45	5420	4414	21	-1	241	191196.187	192427.9913	1	0
45	5420	4415	21	-1	240	191196.187	192427.9913	1	0
45	5420	4416	21	-1	239	191196.187	192427.9913	1	0
45	5420	4417	21	-1	238	191196.187	192427.9913	1	0
45	5420	4418	21	-1	237	191196.187	192427.9913	1	0
45	5420	4419	21	-1	236	191196.187	192427.9913	1	0
45	5420	4420	21	-1	235	191196.187	192427.9913	1	0
45	5420	4421	21	-1	234	191196.187	192427.9913	1	0
45	5420	4422	21	-1	233	191196.187	192427.9913	1	0
45	5420	4423	21	-1	232	191196.187	192427.9913	1	0
45	5420	4424	21	-1	231	191196.187	192427.9913	1	0
45	5420	4425	21	-1	230	191196.187	192427.9913	1	0
45	5420	4426	21	-1	229	191196.187	192427.9913	1	0
45	5420	4427	21	-1	228	191196.187	192427.9913	1	0
45	5420	4428	21	-1	227	191196.187	192427.9913	1	0
45	5420	4429	21	-1	226	191196.187	192427.9913	1	0
45	5420	4430	21	-1	225	191196.187	192427.9913	1	0
45	5420	4431	21	-1	224	191196.187	192427.9913	1	0
45	5420	4432	21	-1	223	191196.187	192427.9913	1	0
45	5420	4433	21	-1	222	191196.187	192427.9913	1	0
45	5420	4434	21	-1	221	191196.187	192427.9913	1	0
45	5420	4435	21	-1	220	191196.187	192427.9913	1	0
45	5420	4436	21	-1	219	191196.187	192427.9913	1	0
45	5420	4437	21	-1	218	191196.187	192427.9913	1	0
45	5420	4438	21	-1	217	191196.187	192427.9913	1	0
45	5420	4439	21	-1	216	191196.187	192427.9913	1	0
45	5420	4440	21	-1	215	191196.187	192427.9913	1	0
45	5420	4441	21	-1	214	191196.187	192427.9913	1	0
45	5420	4442	21	-1	213	191196.187	192427.9913	1	0
45	5420	4443	21	-1	212	191196.187	192427.9913	1	0
45	5420	4444	21	-1	211	191196.187	192427.9913	1	0
45	5420	4445	21	-1	210	191196.187	192427.9913	1	0
45	5420	4446	21	-1	209	191196.187	192427.9913	1	0
45	5420	4447	21	-1	208	191196.187	192427.9913	1	0
45	5420	4448	21	-1	207	191196.187	192427.9913	1	0
45	5420	4449	21	-1	206	191196.187	192427.9913	1	0
45	5420	4450	21	-1	205	191196.187	192427.9913	1	0
45	5420	4451	21	-1	204	191196.187	192427.9913	1	0
45	5420	4452	21	-1	203	191196.187	192427.9913	1	0
45	5420	4453	21	-1	202	191196.187	192427.9913	1	0
45	5420	4454	21	-1	201	191196.187	192427.9913	1	0
45	5420	4455	21	-1	200	191196.187	192427.9913	1	0
45	5420	4456	21	-1	199	191196.187	192427.9913	1	0
45	5420	4457	21	-1	198	191196.187	192427.9913	1	0
45	5420	4458	21	-1	197	191196.187	192427.9913	1	0
45	5420	4459	21	-1	196	191196.187	192427.9913	1	0
45	5420	4460	21	-1	195	191196.187	192427.9913	1	0
45	5420	4461	21	-1	194	191196.187	192427.9913	1	0
45	5420	4462	21	-1	193	191196.187	192427.9913	1	0
45	5420	4463	21	-1	192	191196.187	192427.9913	1	0
45	5420	4464	21	-1	191	191196.187	192427.9913	1	0
45	5420	4465	21	-1	190	191196.187	192427.9913	1	0
45	5420	4466	21	-1	189	191196.187	192427.9913	1	0
45	5420	4467	21	-1	188	191196.187	192427.9913	1	0
45	5420	4468	21	-1	187	191196.187	192427.9913	1	0
45	5420	4469	21	-1	186	191196.187	192427.9913	1	0
45	5420	4470	21	-1	185	191196.187	192427.9913	1	0
45	5420	4471	21	-1	184	191196.187	192427.9913	1	0
45	5420	4472	21	-1	183	191196.187	192427.9913	1	0
45	5420	4473	21	-1	182	191196.187	192427.9913	1	0
45	5420	4474	21	-1	181	191196.187	192427.9913	1	0
45	5420	4475	21	-1	180	191196.187	192427.9913	1	0
45	5420	4476	21	-1	179	191196.187	192427.9913	1	0
45	5420	4477	21	-1	178	191196.187	192427.9913	1	0
45	5420	4478	21	-1	177	191196.187	192427.9913	1	0
45	5420	4479	21	-1	176	191196.187	192427.9913	1	0
45	5420	4480	21	-1	175	191196.187	192427.9913	1	0
45	5420	4481	21	-1	174	191196.187	192427.9913	1	0
45	5420	4482	21	-1	173	191196.187	192427.9913	1	0
45	5420	4483	21	-1	172	191196.187	192427.9913	1	0
45	5420	4484	21	-1	171	191196.187	192427.9913	1	0
45	5420	4485	21	-1	170	191196.187	192427.9913	1	0
45	5420	4486	21	-1	169	191196.187	192427.9913	1	0
45	5420	4487	21	-1	168	191196.187	192427.9913	1	0
45	5420	4488	21	-1	167	191196.187	192427.9913	1	0
45	5420	4489	21	-1	166	191196.187	192427.9913	1	0
45	5420	4490	21	-1	165	191196.187	192427.9913	1	0
45	5420	4491	21	-1	164	191196.187	192427.9913	1	0
45	5420	4492	21	-1	163	191196.187	192427.9913	1	0
45	5420	4493	21	-1	162	191196.187	192427.9913	1	0
45	5420	4494	21	-1	161	191196.187	192427.9913	1	0
45	5420	4495	21	-1	160	191196.187	192427.9913	1	0
45	5420	4496	21	-1	159	191196.187	192427.9913	1	0
45	5420	4497	21	-1	158	191196.187	192427.9913	1	0
45	5420	4498	21	-1	157	191196.187	192427.9913	1	0
45	5420	4499	21	-1	156	191196.187	192427.9913	1	0
45	5420	4500	21	-1	155	191196.187	192427.9913	1	0
45	5420	4501	21	-1	154	191196.187	192427.9913	1	0
45	5420	4502	21	-1	153	191196.187	192427.9913	1	0
45	5420	4503	21	-1	152	191196.187	192427.9913	1	0
45	5420	4504	21	-1	151	191196.187	192427.9913	1	0
45	5420	4505	21	-1	150	191196.187	192427.9913	1	0
45	5420	4506	21	-1	149	191196.187	192427.9913	1	0
45	5420	4507	21	-1	148	191196.187	192427.9913	1	0
45	5420	4508	21	-1	147	191196.187	192427.9913	1	0
45	5420	4509	21	-1	146	191196.187	192427.9913	1	0
45	5420	4510	21	-1	145	191196.187	192427.9913	1	0
45	5420	4511	21	-1	144	191196.187	192427.9913	1	0
45	5420	4512	21	-1	143	191196.187	192427.9913	1	0
45	5420	4513	21	-1	142	191196.187	192427.9913	1	0
45	5420	4514	21	-1	141	191196.187	192427.9913	1	0
45	5420	4515	21	-1	140	191196.187	192427.9913	1	0
45	5420	4516	21	-1	139	191196.187	192427.9913	1	0
45	5420	4517	21	-1	138	191196.187	192427.9913	1	0
45	5420	4518	21	-1	137	191196.187	192427.9913	1	0
45	5420	4519	21	-1	136	191196.187	192427.9913	1	0
45	5420	4520	21	-1	135	191196.187	192427.9913	1	0
45	5420	4521	21	-1	134	191196.187	192427.9913	1	0
45	5420	4522	21	-1	133	191196.187	192427.9913	1	0
45	5420	4523	21	-1	132	191196.187	192427.9913	1	0
45	5420	4524	21	-1	131	191196.187	192427.9913	1	0
45	5420	4525	21	-1	130	191196.187	192427.9913	1	0
45	5420	4526	21	-1	129	191196.187	192427.9913	1	0
45	5420	4527	21	-1	128	191196.187	192427.9913	1	0
45	5420	4528	21	-1	127	191196.187	192427.9913	1	0
45	5420	4529	21	-1	126	191196.187	192427.9913	1	0
45	5420	4530	21	-1	125	191196.187	192427.9913	1	0
45	5420	4531	21	-1	124	191196.187	192427.9913	1	0
45	5420	4532	21	-1	123	191196.187	192427.9913	1	0
45	5420	4533	21	-1	122	191196.187	192427.9913	1	0
45	5420	4534	21	-1	121	191196.187	192427.9913	1	0
45	5420	4535	21	-1	120	191196.187	192427.9913	1	0
45	5420	4536	21	-1	119	191196.187	192427.9913	1	0
45	5420	4537	21	-1	118	191196.187	192427.9913	1	0
45	5420	4538	21	-1	117	191196.187	192427.9913	1	0
45	5420	4539	21	-1	116	191196.187	192427.9913	1	0
45	5420	4540	21	-1	115	191196.187	192427.9913	1	0
45	5420	4541	21	-1	114	191196.187	192427.9913	1	0
45	5420	4542	21	-1	113	191196.187	192427.9913	1	0
45	5420	4543	21	-1	112	191196.187	192427.9913	1	0
45	5420	4544	21	-1	111	191196.187	192427.9913	1	0
45	5420	4545	21	-1	110	191196.187	192427.9913	1	0
45	5420	4546	21	-1	109	191196.187	192427.9913	1	0
45	5420	4547	21	-1	108	191196.187	192427.9913	1	0
45	5420	4548	21	-1	107	191196.187	192427.9913	1	0
45	5420	4549	21	-1	106	191196.187	192427.9913	1	0
45	5420	4550	21	-1	105	191196.187	192427.9913	1	0
45	5420	4551	21	-1	104	191196.187	192427.9913	1	0
45	5420	4552	21	-1	103	191196.187	192427.9913	1	0
45	5420	4553	21	-1	102	191196.187	192427.9913	1	0
45	5420	4554	21	-1	101	191196.187	192427.9913	1	0
45	5420	4555	21	-1	100	191196.187	192427.9913	1	0
45	5420	4556	21	-1	99	191196.187	192427.9913	1	0
45	5420	4557	21	-1	98	191196.187	192427.9913	1	0
45	5420	4558	21	-1	97	191196.187	192427.9913	1	0
45	5420	4559	21	-1	96	191196.187	192427.9913	1	0
45	5420	4560	21	-1	95	191196.187	192427.9913	1	0
45	5420	4561	21	-1	94	191196.187	192427.9913	1	0
45	5420	4562	21	-1	93	191196.187	192427.9913	1	0
45	5420	4563	21	-1	92	191196.187	192427.9913	1	0
45	5420	4564	21	-1	91	191196.187	192427.9913	1	0
45	5420	4565	21	-1	90	191196.187	192427.9913	1	0
45	5420	4566	21	-1	89	191196.187	192427.9913	1	0
45	5420	4567	21	-1	88	191196.187	192427.9913	1	0
45	5420	4568	21	-1	87	191196.187	192427.9913	1	0
45	5420	4569	21	-1	86	191196.187	192427.9913	1	0
45	5420	4570	21	-1	85	191196.187	192427.9913	1	0
45	5420	4571	21	-1	84	191196.187	192427.9913	1	0
45	5420	4572	21	-1	83	191196.187	192427.9913	1	0
45	5420	4573	21	-1	82	191196.187	192427.9913	1	0
45	5420	4574	21	-1	81	191196.187	192427.9913	1	0
45	5420	4575	21	-1	80	191196.187	192427.9913	1	0
45	5420	4576	21	-1	79	191196.187	192427.9913	1	0
45	5420	4577	21	-1	78	191196.187	192427.9913	1	0
45	5420	4578	21	-1	77	191196.187	192427.9913	1	0
45	5420	4579	21	-1	76	191196.187	192427.9913	1	0
45	5420	4580	21	-1	75	191196.187	192427.9913	1	0
45	5420	4581	21	-1	74	191196.187	192427.9913	1	0
45	5420	4582	21	-1	73	191196.187	192427.9913	1	0
45	5420	4583	21	-1	72	191196.187	192427.9913	1	0
45	5420	4584	21	-1	71	191196.187	192427.9913	1	0
45	5420	4585	21	-1	70	191196.187	192427.9913	1	0
45	5420	4586	21	-1	69	191196.187	192427.9913	1	0
45	5420	4587	21	-1	68	191196.187	192427.9913	1	0
45	5420	4588	21	-1	67	191196.187	192427.9913	1	0
45	5420	4589	21	-1	66	191196.187	192427.9913	1	0
45	5420	4590	21	-1	65	191196.187	192427.9913	1	0
45	5420	4591	21	-1	64	191196.187	192427.9913	1	0
45	5420	4592	21	-1	63	191196.187	192427.9913	1	0
45	5420	4593	21	-1	62	191196.187	192427.9913	1	0
45	5420	4594	21	-1	61	191196.187	192427.9913	1	0
45	5420	4595	21	-1	60	191196.187	192427.9913	1	0
45	5420	4596	21	-1	59	191196.187	192427.9913	1	0
45	5420	4597	21	-1	58	191196.187	192427.9913	1	0
45	5420	4598	21	-1	57	191196.187	192427.9913	1	0
45	5420	4599	21	-1	56	191196.187	192427.9913	1	0
45	5420	4600	21	-1	55	191196.187	192427.9913	1	0
45	5420	4601	21	-1	54	191196.187	192427.9913	1	0
45	5420	4602	21	-1	53	191196.187	192427.9913	1	0
45	5420	4603	21	-1	52	191196.187	192427.9913	1	0
45	5420	4604	21	-1	51	191196.187	192427.9913	1	0
45	5420	4605	21	-1	50	191196.187	192427.9913	1	0
45	5420	4606	21	-1	49	191196.187	192427.9913	1	0
45	5420	4607	21	-1	48	191196.187	192427.9913	1	0
45	5420	4608	21	-1	47	191196.187	192427.9913	1	0
45	5420	4609	21	-1	46	191196.187	192427.9913	1	0
45	5420	4610	21	-1	45	191196.187	192427.9913	1	0
45	5420	4611	21	-1	44	191196.187	192427.9913	1	0
45	5420	4612	21	-1	43	191196.187	192427.9913	1	0
45	5420	4613	21	-1	42	191196.187	192427.9913	1	0
45	5420	4614	21	-1	41	191196.187	192427.9913	1	0
45	5420	4615	21	-1	40	191196.187	192427.9913	1	0
45	5420	4616	21	-1	39	191196.187	192427.9913	1	0
45	5420	4617	21	-1	38	191196.187	192427.9913	1	0
45	5420	4618	21	-1	37	191196.187	192427.9913	1	0
45	5420	4619	21	-1	36	191196.187	192427.9913	1	0
45	5420	4620	21	-1	35	191196.187	192427.9913	1	0
45	5420	4621	21	-1	34	191196.187	192427.9913	1	0
45	5420	4622	21	-1	33	191196.187	192427.9913	1	0
45	5420	4623	21	-1	32	191196.187	192427.9913	1	0
45	5420	4624	21	-1	31	191196.187	192427.9913	1	0
45	5420	4625	21	-1	30	191196.187	192427.9913	1	0
45	5420	4626	21	-1	29	191196.187	192427.9913	1	0
45	5420	4627	21	-1	28	191196.187	192427.9913	1	0
45	5420	4628	21	-1	27	191196.187	192427.9913	1	0
45	5420	4629	21	-1	26	191196.187	192427.9913	1	0
45	5420	4630	21	-1	25	191196.187	192427.9913	1	0
45	5420	4631	21	-1	24	191196.187	192427.9913	1	0
45	5420	4632	21	-1	23	191196.187	192427.9913	1	0
45	5420	4633	21	-1	22	191196.187	192427.9913	1	0
45	5420	4634	21	-1	21	191196.187	192427.9913	1	0
45	5420	4635	21	-1	20	191196.187	192427.9913	1	0
45	5420	4636	21	-1	19	191196.187	192427.9913	1	0
45	5420	4637	21	-1	18	191196.187	192427.9913	1	0
45	5420	4638	21	-1	17	191196.187	192427.9913	1	0
45	5420	4639	21	-1	16	191196.187	192427.9913	1	0
45	5420	4640	21	-1	15	191196.187	192427.9913	1	0
45	5420	4641	21	-1	14	191196.187	192427.9913	1	0
45	5420	4642	21	-1	13	191196.187	192427.9913	1	0
45	5420	4643	21	-1	12	191196.187	192427.9913	1	0
45	5420	4644	21	-1	11	191196.187	192427.9913	1	0
45	5420	4645	21	-1	10	191196.187	192427.9913	1	0
45	5420	4646	21	-1	9	191196.187	192427.9913	1	0
45	5420	4647	21	-1	8	191196.187	192427.9913	1	0
45	5420	4648	21	-1	7	191196.187	191196.187	0	0
45	5420	4649	21	-1	6	191196.187	192427.9913	1	0
45	5420	4650	21	-1	5	191196.187	192427.9913	1	0
45	5420	4651	21	-1	4	191196.187	192427.9913	1	0
45	5420	4652	21	-1	3	191196.187	192427.9913	1	0
45	5420	4653	21	-1	2	191196.187	192427.9913	1	0
45	5420	4654	21	-1	1	191196.187	192427.9913	1	0
45	5420	4655	21	-1	0	191196.187	192427.9913	1	0
45	5420	4656	22	-1	255	170718.4258	171950.2301	1	0
45	5420	4657	22	-1	254	170718.4258	171950.2301	1	0
45	5420	4658	22	-1	253	170718.4258	171950.2301	1	0
45	5420	4659	22	-1	252	170718.4258	171950.2301	1	0
45	5420	4660	22	-1	251	170718.4258	171950.2301	1	0
45	5420	4661	22	-1	250	170718.4258	171950.2301	1	0
45	5420	4662	22	-1	249	170718.4258	171950.2301	1	0
45	5420	4663	22	-1	248	170718.4258	171950.2301	1	0
45	5420	4664	22	-1	247	170718.4258	171950.2301	1	0
45	5420	4665	22	-1	246	170718.4258	171950.2301	1	0
45	5420	4666	22	-1	245	170718.4258	171950.2301	1	0
45	5420	4667	22	-1	244	170718.4258	171950.2301	1	0
45	5420	4668	22	-1	243	170718.4258	171950.2301	1	0
45	5420	4669	22	-1	242	170718.4258	171950.2301	1	0
45	5420	4670	22	-1	241	170718.4258	171950.2301	1	0
45	5420	4671	22	-1	240	170718.4258	171950.2301	1	0
45	5420	4672	22	-1	239	170718.4258	171950.2301	1	0
45	5420	4673	22	-1	238	170718.4258	171950.2301	1	0
45	5420	4674	22	-1	237	170718.4258	171950.2301	1	0
45	5420	4675	22	-1	236	170718.4258	171950.2301	1	0
45	5420	4676	22	-1	235	170718.4258	171950.2301	1	0
45	5420	4677	22	-1	234	170718.4258	171950.2301	1	0
45	5420	4678	22	-1	233	170718.4258	171950.2301	1	0
45	5420	4679	22	-1	232	170718.4258	171950.2301	1	0
45	5420	4680	22	-1	231	170718.4258	171950.2301	1	0
45	5420	4681	22	-1	230	170718.4258	171950.2301	1	0
45	5420	4682	22	-1	229	170718.4258	171950.2301	1	0
45	5420	4683	22	-1	228	170718.4258	171950.2301	1	0
45	5420	4684	22	-1	227	170718.4258	171950.2301	1	0
45	5420	4685	22	-1	226	170718.4258	171950.2301	1	0
45	5420	4686	22	-1	225	170718.4258	171950.2301	1	0
45	5420	4687	22	-1	224	170718.4258	171950.2301	1	0
45	5420	4688	22	-1	223	170718.4258	171950.2301	1	0
45	5420	4689	22	-1	222	170718.4258	171950.2301	1	0
45	5420	4690	22	-1	221	170718.4258	171950.2301	1	0
45	5420	4691	22	-1	220	170718.4258	171950.2301	1	0
45	5420	4692	22	-1	219	170718.4258	171950.2301	1	0
45	5420	4693	22	-1	218	170718.4258	171950.2301	1	0
45	5420	4694	22	-1	217	170718.4258	171950.2301	1	0
45	5420	4695	22	-1	216	170718.4258	171950.2301	1	0
45	5420	4696	22	-1	215	170718.4258	171950.2301	1	0
45	5420	4697	22	-1	214	170718.4258	171950.2301	1	0
45	5420	4698	22	-1	213	170718.4258	171950.2301	1	0
45	5420	4699	22	-1	212	170718.4258	171950.2301	1	0
45	5420	4700	22	-1	211	170718.4258	171950.2301	1	0
45	5420	4701	22	-1	210	170718.4258	171950.2301	1	0
45	5420	4702	22	-1	209	170718.4258	171950.2301	1	0
45	5420	4703	22	-1	208	170718.4258	171950.2301	1	0
45	5420	4704	22	-1	207	170718.4258	171950.2301	1	0
45	5420	4705	22	-1	206	170718.4258	171950.2301	1	0
45	5420	4706	22	-1	205	170718.4258	171950.2301	1	0
45	5420	4707	22	-1	204	170718.4258	171950.2301	1	0
45	5420	4708	22	-1	203	170718.4258	171950.2301	1	0
45	5420	4709	22	-1	202	170718.4258	171950.2301	1	0
45	5420	4710	22	-1	201	170718.4258	171950.2301	1	0
45	5420	4711	22	-1	200	170718.4258	171950.2301	1	0
45	5420	4712	22	-1	199	170718.4258	171950.2301	1	0
45	5420	4713	22	-1	198	170718.4258	171950.2301	1	0
45	5420	4714	22	-1	197	170718.4258	171950.2301	1	0
45	5420	4715	22	-1	196	170718.4258	171950.2301	1	0
45	5420	4716	22	-1	195	170718.4258	171950.2301	1	0
45	5420	4717	22	-1	194	170718.4258	171950.2301	1	0
45	5420	4718	22	-1	193	170718.4258	171950.2301	1	0
45	5420	4719	22	-1	192	170718.4258	171950.2301	1	0
45	5420	4720	22	-1	191	170718.4258	171950.2301	1	0
45	5420	4721	22	-1	190	170718.4258	171950.2301	1	0
45	5420	4722	22	-1	189	170718.4258	171950.2301	1	0
45	5420	4723	22	-1	188	170718.4258	171950.2301	1	0
45	5420	4724	22	-1	187	170718.4258	171950.2301	1	0
45	5420	4725	22	-1	186	170718.4258	171950.2301	1	0
45	5420	4726	22	-1	185	170718.4258	171950.2301	1	0
45	5420	4727	22	-1	184	170718.4258	171950.2301	1	0
45	5420	4728	22	-1	183	170718.4258	171950.2301	1	0
45	5420	4729	22	-1	182	170718.4258	171950.2301	1	0
45	5420	4730	22	-1	181	170718.4258	171950.2301	1	0
45	5420	4731	22	-1	180	170718.4258	171950.2301	1	0
45	5420	4732	22	-1	179	170718.4258	171950.2301	1	0
45	5420	4733	22	-1	178	170718.4258	171950.2301	1	0
45	5420	4734	22	-1	177	170718.4258	171950.2301	1	0
45	5420	4735	22	-1	176	170718.4258	171950.2301	1	0
45	5420	4736	22	-1	175	170718.4258	171950.2301	1	0
45	5420	4737	22	-1	174	170718.4258	171950.2301	1	0
45	5420	4738	22	-1	173	170718.4258	171950.2301	1	0
45	5420	4739	22	-1	172	170718.4258	171950.2301	1	0
45	5420	4740	22	-1	171	170718.4258	171950.2301	1	0
45	5420	4741	22	-1	170	170718.4258	171950.2301	1	0
45	5420	4742	22	-1	169	170718.4258	171950.2301	1	0
45	5420	4743	22	-1	168	170718.4258	171950.2301	1	0
45	5420	4744	22	-1	167	170718.4258	171950.2301	1	0
45	5420	4745	22	-1	166	170718.4258	171950.2301	1	0
45	5420	4746	22	-1	165	170718.4258	171950.2301	1	0
45	5420	4747	22	-1	164	170718.4258	171950.2301	1	0
45	5420	4748	22	-1	163	170718.4258	171950.2301	1	0
45	5420	4749	22	-1	162	170718.4258	171950.2301	1	0
45	5420	4750	22	-1	161	170718.4258	171950.2301	1	0
45	5420	4751	22	-1	160	170718.4258	171950.2301	1	0
45	5420	4752	22	-1	159	170718.4258	171950.2301	1	0
45	5420	4753	22	-1	158	170718.4258	171950.2301	1	0
45	5420	4754	22	-1	157	170718.4258	171950.2301	1	0
45	5420	4755	22	-1	156	170718.4258	171950.2301	1	0
45	5420	4756	22	-1	155	170718.4258	171950.2301	1	0
45	5420	4757	22	-1	154	170718.4258	171950.2301	1	0
45	5420	4758	22	-1	153	170718.4258	171950.2301	1	0
45	5420	4759	22	-1	152	170718.4258	171950.2301	1	0
45	5420	4760	22	-1	151	170718.4258	171950.2301	1	0
45	5420	4761	22	-1	150	170718.4258	171950.2301	1	0
45	5420	4762	22	-1	149	170718.4258	171950.2301	1	0
45	5420	4763	22	-1	148	170718.4258	171950.2301	1	0
45	5420	4764	22	-1	147	170718.4258	171950.2301	1	0
45	5420	4765	22	-1	146	170718.4258	171950.2301	1	0
45	5420	4766	22	-1	145	170718.4258	171950.2301	1	0
45	5420	4767	22	-1	144	170718.4258	171950.2301	1	0
45	5420	4768	22	-1	143	170718.4258	171950.2301	1	0
45	5420	4769	22	-1	142	170718.4258	171950.2301	1	0
45	5420	4770	22	-1	141	170718.4258	171950.2301	1	0
45	5420	4771	22	-1	140	170718.4258	171950.2301	1	0
45	5420	4772	22	-1	139	170718.4258	171950.2301	1	0
45	5420	4773	22	-1	138	170718.4258	171950.2301	1	0
45	5420	4774	22	-1	137	170718.4258	171950.2301	1	0
45	5420	4775	22	-1	136	170718.4258	171950.2301	1	0
45	5420	4776	22	-1	135	170718.4258	171950.2301	1	0
45	5420	4777	22	-1	134	170718.4258	171950.2301	1	0
45	5420	4778	22	-1	133	170718.4258	171950.2301	1	0
45	5420	4779	22	-1	132	170718.4258	171950.2301	1	0
45	5420	4780	22	-1	131	170718.4258	171950.2301	1	0
45	5420	4781	22	-1	130	170718.4258	171950.2301	1	0
45	5420	4782	22	-1	129	170718.4258	171950.2301	1	0
45	5420	4783	22	-1	128	170718.4258	171950.2301	1	0
45	5420	4784	22	-1	127	170718.4258	171950.2301	1	0
45	5420	4785	22	-1	126	170718.4258	171950.2301	1	0
45	5420	4786	22	-1	125	170718.4258	171950.2301	1	0
45	5420	4787	22	-1	124	170718.4258	171950.2301	1	0
45	5420	4788	22	-1	123	170718.4258	171950.2301	1	0
45	5420	4789	22	-1	122	170718.4258	171950.2301	1	0
45	5420	4790	22	-1	121	170718.4258	171950.2301	1	0
45	5420	4791	22	-1	120	170718.4258	171950.2301	1	0
45	5420	4792	22	-1	119	170718.4258	171950.2301	1	0
45	5420	4793	22	-1	118	170718.4258	171950.2301	1	0
45	5420	4794	22	-1	117	170718.4258	171950.2301	1	0
45	5420	4795	22	-1	116	170718.4258	171950.2301	1	0
45	5420	4796	22	-1	115	170718.4258	171950.2301	1	0
45	5420	4797	22	-1	114	170718.4258	171950.2301	1	0
45	5420	4798	22	-1	113	170718.4258	171950.2301	1	0
45	5420	4799	22	-1	112	170718.4258	171950.2301	1	0
45	5420	4800	22	-1	111	170718.4258	171950.2301	1	0
45	5420	4801	22	-1	110	170718.4258	171950.2301	1	0
45	5420	4802	22	-1	109	170718.4258	171950.2301	1	0
45	5420	4803	22	-1	108	170718.4258	171950.2301	1	0
45	5420	4804	22	-1	107	170718.4258	171950.2301	1	0
45	5420	4805	22	-1	106	170718.4258	171950.2301	1	0
45	5420	4806	22	-1	105	170718.4258	171950.2301	1	0
45	5420	4807	22	-1	104	170718.4258	171950.2301	1	0
45	5420	4808	22	-1	103	170718.4258	171950.2301	1	0
45	5420	4809	22	-1	102	170718.4258	171950.2301	1	0
45	5420	4810	22	-1	101	170718.4258	171950.2301	1	0
45	5420	4811	22	-1	100	170718.4258	171950.2301	1	0
45	5420	4812	22	-1	99	170718.4258	171950.2301	1	0
45	5420	4813	22	-1	98	170718.4258	171950.2301	1	0
45	5420	4814	22	-1	97	170718.4258	171950.2301	1	0
45	5420	4815	22	-1	96	170718.4258	171950.2301	1	0
45	5420	4816	22	-1	95	170718.4258	171950.2301	1	0
45	5420	4817	22	-1	94	170718.4258	171950.2301	1	0
45	5420	4818	22	-1	93	170718.4258	171950.2301	1	0
45	5420	4819	22	-1	92	170718.4258	171950.2301	1	0
45	5420	4820	22	-1	91	170718.4258	171950.2301	1	0
45	5420	4821	22	-1	90	170718.4258	171950.2301	1	0
45	5420	4822	22	-1	89	170718.4258	171950.2301	1	0
45	5420	4823	22	-1	88	170718.4258	171950.2301	1	0
45	5420	4824	22	-1	87	170718.4258	171950.2301	1	0
45	5420	4825	22	-1	86	170718.4258	171950.2301	1	0
45	5420	4826	22	-1	85	170718.4258	171950.2301	1	0
45	5420	4827	22	-1	84	170718.4258	171950.2301	1	0
45	5420	4828	22	-1	83	170718.4258	171950.2301	1	0
45	5420	4829	22	-1	82	170718.4258	171950.2301	1	0
45	5420	4830	22	-1	81	170718.4258	171950.2301	1	0
45	5420	4831	22	-1	80	170718.4258	171950.2301	1	0
45	5420	4832	22	-1	79	170718.4258	171950.2301	1	0
45	5420	4833	22	-1	78	170718.4258	171950.2301	1	0
45	5420	4834	22	-1	77	170718.4258	171950.2301	1	0
45	5420	4835	22	-1	76	170718.4258	171950.2301	1	0
45	5420	4836	22	-1	75	170718.4258	171950.2301	1	0
45	5420	4837	22	-1	74	170718.4258	171950.2301	1	0
45	5420	4838	22	-1	73	170718.4258	171950.2301	1	0
45	5420	4839	22	-1	72	170718.4258	171950.2301	1	0
45	5420	4840	22	-1	71	170718.4258	171950.2301	1	0
45	5420	4841	22	-1	70	170718.4258	171950.2301	1	0
45	5420	4842	22	-1	69	170718.4258	171950.2301	1	0
45	5420	4843	22	-1	68	170718.4258	171950.2301	1	0
45	5420	4844	22	-1	67	170718.4258	171950.2301	1	0
45	5420	4845	22	-1	66	170718.4258	171950.2301	1	0
45	5420	4846	22	-1	65	170718.4258	171950.2301	1	0
45	5420	4847	22	-1	64	170718.4258	171950.2301	1	0
45	5420	4848	22	-1	63	170718.4258	171950.2301	1	0
45	5420	4849	22	-1	62	170718.4258	171950.2301	1	0
45	5420	4850	22	-1	61	170718.4258	171950.2301	1	0
45	5420	4851	22	-1	60	170718.4258	171950.2301	1	0
45	5420	4852	22	-1	59	170718.4258	171950.2301	1	0
45	5420	4853	22	-1	58	170718.4258	171950.2301	1	0
45	5420	4854	22	-1	57	170718.4258	171950.2301	1	0
45	5420	4855	22	-1	56	170718.4258	171950.2301	1	0
45	5420	4856	22	-1	55	170718.4258	171950.2301	1	0
45	5420	4857	22	-1	54	170718.4258	171950.2301	1	0
45	5420	4858	22	-1	53	170718.4258	171950.2301	1	0
45	5420	4859	22	-1	52	170718.4258	171950.2301	1	0
45	5420	4860	22	-1	51	170718.4258	171950.2301	1	0
45	5420	4861	22	-1	50	170718.4258	171950.2301	1	0
45	5420	4862	22	-1	49	170718.4258	171950.2301	1	0
45	5420	4863	22	-1	48	170718.4258	171950.2301	1	0
45	5420	4864	22	-1	47	170718.4258	171950.2301	1	0
45	5420	4865	22	-1	46	170718.4258	171950.2301	1	0
45	5420	4866	22	-1	45	170718.4258	171950.2301	1	0
45	5420	4867	22	-1	44	170718.4258	171950.2301	1	0
45	5420	4868	22	-1	43	170718.4258	171950.2301	1	0
45	5420	4869	22	-1	42	170718.4258	171950.2301	1	0
45	5420	4870	22	-1	41	170718.4258	171950.2301	1	0
45	5420	4871	22	-1	40	170718.4258	171950.2301	1	0
45	5420	4872	22	-1	39	170718.4258	171950.2301	1	0
45	5420	4873	22	-1	38	170718.4258	171950.2301	1	0
45	5420	4874	22	-1	37	170718.4258	171950.2301	1	0
45	5420	4875	22	-1	36	170718.4258	171950.2301	1	0
45	5420	4876	22	-1	35	170718.4258	171950.2301	1	0
45	5420	4877	22	-1	34	170718.4258	171950.2301	1	0
45	5420	4878	22	-1	33	170718.4258	171950.2301	1	0
45	5420	4879	22	-1	32	170718.4258	171950.2301	1	0
45	5420	4880	22	-1	31	170718.4258	171950.2301	1	0
45	5420	4881	22	-1	30	170718.4258	171950.2301	1	0
45	5420	4882	22	-1	29	170718.4258	171950.2301	1	0
45	5420	4883	22	-1	28	170718.4258	171950.2301	1	0
45	5420	4884	22	-1	27	170718.4258	171950.2301	1	0
45	5420	4885	22	-1	26	170718.4258	171950.2301	1	0
45	5420	4886	22	-1	25	170718.4258	171950.2301	1	0
45	5420	4887	22	-1	24	170718.4258	171950.2301	1	0
45	5420	4888	22	-1	23	170718.4258	171950.2301	1	0
45	5420	4889	22	-1	22	170718.4258	171950.2301	1	0
45	5420	4890	22	-1	21	170718.4258	171950.2301	1	0
45	5420	4891	22	-1	20	170718.4258	171950.2301	1	0
45	5420	4892	22	-1	19	170718.4258	171950.2301	1	0
45	5420	4893	22	-1	18	170718.4258	171950.2301	1	0
45	5420	4894	22	-1	17	170718.4258	171950.2301	1	0
45	5420	4895	22	-1	16	170718.4258	171950.2301	1	0
45	5420	4896	22	-1	15	170718.4258	171950.2301	1	0
45	5420	4897	22	-1	14	170718.4258	171950.2301	1	0
45	5420	4898	22	-1	13	170718.4258	171950.2301	1	0
45	5420	4899	22	-1	12	170718.4258	171950.2301	1	0
45	5420	4900	22	-1	11	170718.4258	171950.2301	1	0
45	5420	4901	22	-1	10	170718.4258	171950.2301	1	0
45	5420	4902	22	-1	9	170718.4258	171950.2301	1	0
45	5420	4903	22	-1	8	170718.4258	171950.2301	1	0
45	5420	4904	22	-1	7	170718.4258	170718.4258	0	0
45	5420	4905	22	-1	6	170718.4258	171950.2301	1	0
45	5420	4906	22	-1	5	170718.4258	171950.2301	1	0
45	5420	4907	22	-1	4	170718.4258	171950.2301	1	0
45	5420	4908	22	-1	3	170718.4258	171950.2301	1	0
45	5420	4909	22	-1	2	170718.4258	171950.2301	1	0
45	5420	4910	22	-1	1	170718.4258	171950.2301	1	0
45	5420	4911	22	-1	0	170718.4258	171950.2301	1	0
45	5420	4912	22	-1	255	170250.5385	171482.3428	1	0
45	5420	4913	22	-1	254	170250.5385	171482.3428	1	0
45	5420	4914	22	-1	253	170250.5385	171482.3428	1	0
45	5420	4915	22	-1	252	170250.5385	171482.3428	1	0
45	5420	4916	22	-1	251	170250.5385	171482.3428	1	0
45	5420	4917	22	-1	250	170250.5385	171482.3428	1	0
45	5420	4918	22	-1	249	170250.5385	171482.3428	1	0
45	5420	4919	22	-1	248	170250.5385	171482.3428	1	0
45	5420	4920	22	-1	247	170250.5385	171482.3428	1	0
45	5420	4921	22	-1	246	170250.5385	171482.3428	1	0
45	5420	4922	22	-1	245	170250.5385	171482.3428	1	0
45	5420	4923	22	-1	244	170250.5385	171482.3428	1	0
45	5420	4924	22	-1	243	170250.5385	171482.3428	1	0
45	5420	4925	22	-1	242	170250.5385	171482.3428	1	0
45	5420	4926	22	-1	241	170250.5385	171482.3428	1	0
45	5420	4927	22	-1	240	170250.5385	171482.3428	1	0
45	5420	4928	22	-1	239	170250.5385	171482.3428	1	0
45	5420	4929	22	-1	238	170250.5385	171482.3428	1	0
45	5420	4930	22	-1	237	170250.5385	171482.3428	1	0
45	5420	4931	22	-1	236	170250.5385	171482.3428	1	0
45	5420	4932	22	-1	235	170250.5385	171482.3428	1	0
45	5420	4933	22	-1	234	170250.5385	171482.3428	1	0
45	5420	4934	22	-1	233	170250.5385	171482.3428	1	0
45	5420	4935	22	-1	232	170250.5385	171482.3428	1	0
45	5420	4936	22	-1	231	170250.5385	171482.3428	1	0
45	5420	4937	22	-1	230	170250.5385	171482.3428	1	0
45	5420	4938	22	-1	229	170250.5385	171482.3428	1	0
45	5420	4939	22	-1	228	170250.5385	171482.3428	1	0
45	5420	4940	22	-1	227	170250.5385	171482.3428	1	0
45	5420	4941	22	-1	226	170250.5385	171482.3428	1	0
45	5420	4942	22	-1	225	170250.5385	171482.3428	1	0
45	5420	4943	22	-1	224	170250.5385	171482.3428	1	0
45	5420	4944	22	-1	223	170250.5385	171482.3428	1	0
45	5420	4945	22	-1	222	170250.5385	171482.3428	1	0
45	5420	4946	22	-1	221	170250.5385	171482.3428	1	0
45	5420	4947	22	-1	220	170250.5385	171482.3428	1	0
45	5420	4948	22	-1	219	170250.5385	171482.3428	1	0
45	5420	4949	22	-1	218	170250.5385	171482.3428	1	0
45	5420	4950	22	-1	217	170250.5385	171482.3428	1	0
45	5420	4951	22	-1	216	170250.5385	171482.3428	1	0
45	5420	4952	22	-1	215	170250.5385	171482.3428	1	0
45	5420	4953	22	-1	214	170250.5385	171482.3428	1	0
45	5420	4954	22	-1	213	170250.5385	171482.3428	1	0
45	5420	4955	22	-1	212	170250.5385	171482.3428	1	0
45	5420	4956	22	-1	211	170250.5385	171482.3428	1	0
45	5420	4957	22	-1	210	170250.5385	171482.3428	1	0
45	5420	4958	22	-1	209	170250.5385	171482.3428	1	0
45	5420	4959	22	-1	208	170250.5385	171482.3428	1	0
45	5420	4960	22	-1	207	170250.5385	171482.3428	1	0
45	5420	4961	22	-1	206	170250.5385	171482.3428	1	0
45	5420	4962	22	-1	205	170250.5385	171482.3428	1	0
45	5420	4963	22	-1	204	170250.5385	171482.3428	1	0
45	5420	4964	22	-1	203	170250.5385	171482.3428	1	0
45	5420	4965	22	-1	202	170250.5385	171482.3428	1	0
45	5420	4966	22	-1	201	170250.5385	171482.3428	1	0
45	5420	4967	22	-1	200	170250.5385	171482.3428	1	0
45	5420	4968	22	-1	199	170250.5385	171482.3428	1	0
45	5420	4969	22	-1	198	170250.5385	171482.3428	1	0
45	5420	4970	22	-1	197	170250.5385	171482.3428	1	0
45	5420	4971	22	-1	196	170250.5385	171482.3428	1	0
45	5420	4972	22	-1	195	170250.5385	171482.3428	1	0
45	5420	4973	22	-1	194	170250.5385	171482.3428	1	0
45	5420	4974	22	-1	193	170250.5385	171482.3428	1	0
45	5420	4975	22	-1	192	170250.5385	171482.3428	1	0
45	5420	4976	22	-1	191	170250.5385	171482.3428	1	0
45	5420	4977	22	-1	190	170250.5385	171482.3428	1	0
45	5420	4978	22	-1	189	170250.5385	171482.3428	1	0
45	5420	4979	22	-1	188	170250.5385	171482.3428	1	0
45	5420	4980	22	-1	187	170250.5385	171482.3428	1	0
45	5420	4981	22	-1	186	170250.5385	171482.3428	1	0
45	5420	4982	22	-1	185	170250.5385	171482.3428	1	0
45	5420	4983	22	-1	184	170250.5385	171482.3428	1	0
45	5420	4984	22	-1	183	170250.5385	171482.3428	1	0
45	5420	4985	22	-1	182	170250.5385	171482.3428	1	0
45	5420	4986	22	-1	181	170250.5385	171482.3428	1	0
45	5420	4987	22	-1	180	170250.5385	171482.3428	1	0
45	5420	4988	22	-1	179	170250.5385	171482.3428	1	0
45	5420	4989	22	-1	178	170250.5385	171482.3428	1	0
45	5420	4990	22	-1	177	170250.5385	171482.3428	1	0
45	5420	4991	22	-1	176	170250.5385	171482.3428	1	0
45	5420	4992	22	-1	175	170250.5385	171482.3428	1	0
45	5420	4993	22	-1	174	170250.5385	171482.3428	1	0
45	5420	4994	22	-1	173	170250.5385	171482.3428	1	0
45	5420	4995	22	-1	172	170250.5385	171482.3428	1	0
45	5420	4996	22	-1	171	170250.5385	171482.3428	1	0
45	5420	4997	22	-1	170	170250.5385	171482.3428	1	0
45	5420	4998	22	-1	169	170250.5385	171482.3428	1	0
45	5420	4999	22	-1	168	170250.5385	171482.3428	1	0
45	5420	5000	22	-1	167	170250.5385	171482.3428	1	0
45	5420	5001	22	-1	166	170250.5385	171482.3428	1	0
45	5420	5002	22	-1	165	170250.5385	171482.3428	1	0
45	5420	5003	22	-1	164	170250.5385	171482.3428	1	0
45	5420	5004	22	-1	163	170250.5385	171482.3428	1	0
45	5420	5005	22	-1	162	170250.5385	171482.3428	1	0
45	5420	5006	22	-1	161	170250.5385	171482.3428	1	0
45	5420	5007	22	-1	160	170250.5385	171482.3428	1	0
45	5420	5008	22	-1	159	170250.5385	171482.3428	1	0
45	5420	5009	22	-1	158	170250.5385	171482.3428	1	0
45	5420	5010	22	-1	157	170250.5385	171482.3428	1	0
45	5420	5011	22	-1	156	170250.5385	171482.3428	1	0
45	5420	5012	22	-1	155	170250.5385	171482.3428	1	0
45	5420	5013	22	-1	154	170250.5385	171482.3428	1	0
45	5420	5014	22	-1	153	170250.5385	171482.3428	1	0
45	5420	5015	22	-1	152	170250.5385	171482.3428	1	0
45	5420	5016	22	-1	151	170250.5385	171482.3428	1	0
45	5420	5017	22	-1	150	170250.5385	171482.3428	1	0
45	5420	5018	22	-1	149	170250.5385	171482.3428	1	0
45	5420	5019	22	-1	148	170250.5385	171482.3428	1	0
45	5420	5020	22	-1	147	170250.5385	171482.3428	1	0
45	5420	5021	22	-1	146	170250.5385	171482.3428	1	0
45	5420	5022	22	-1	145	170250.5385	171482.3428	1	0
45	5420	5023	22	-1	144	170250.5385	171482.3428	1	0
45	5420	5024	22	-1	143	170250.5385	171482.3428	1	0
45	5420	5025	22	-1	142	170250.5385	171482.3428	1	0
45	5420	5026	22	-1	141	170250.5385	171482.3428	1	0
45	5420	5027	22	-1	140	170250.5385	171482.3428	1	0
45	5420	5028	22	-1	139	170250.5385	171482.3428	1	0
45	5420	5029	22	-1	138	170250.5385	171482.3428	1	0
45	5420	5030	22	-1	137	170250.5385	171482.3428	1	0
45	5420	5031	22	-1	136	170250.5385	171482.3428	1	0
45	5420	5032	22	-1	135	170250.5385	171482.3428	1	0
45	5420	5033	22	-1	134	170250.5385	171482.3428	1	0
45	5420	5034	22	-1	133	170250.5385	171482.3428	1	0
45	5420	5035	22	-1	132	170250.5385	171482.3428	1	0
45	5420	5036	22	-1	131	170250.5385	171482.3428	1	0
45	5420	5037	22	-1	130	170250.5385	171482.3428	1	0
45	5420	5038	22	-1	129	170250.5385	171482.3428	1	0
45	5420	5039	22	-1	128	170250.5385	171482.3428	1	0
45	5420	5040	22	-1	127	170250.5385	171482.3428	1	0
45	5420	5041	22	-1	126	170250.5385	171482.3428	1	0
45	5420	5042	22	-1	125	170250.5385	171482.3428	1	0
45	5420	5043	22	-1	124	170250.5385	171482.3428	1	0
45	5420	5044	22	-1	123	170250.5385	171482.3428	1	0
45	5420	5045	22	-1	122	170250.5385	171482.3428	1	0
45	5420	5046	22	-1	121	170250.5385	171482.3428	1	0
45	5420	5047	22	-1	120	170250.5385	171482.3428	1	0
45	5420	5048	22	-1	119	170250.5385	171482.3428	1	0
45	5420	5049	22	-1	118	170250.5385	171482.3428	1	0
45	5420	5050	22	-1	117	170250.5385	171482.3428	1	0
45	5420	5051	22	-1	116	170250.5385	171482.3428	1	0
45	5420	5052	22	-1	115	170250.5385	171482.3428	1	0
45	5420	5053	22	-1	114	170250.5385	171482.3428	1	0
45	5420	5054	22	-1	113	170250.5385	171482.3428	1	0
45	5420	5055	22	-1	112	170250.5385	171482.3428	1	0
45	5420	5056	22	-1	111	170250.5385	171482.3428	1	0
45	5420	5057	22	-1	110	170250.5385	171482.3428	1	0
45	5420	5058	22	-1	109	170250.5385	171482.3428	1	0
45	5420	5059	22	-1	108	170250.5385	171482.3428	1	0
45	5420	5060	22	-1	107	170250.5385	171482.3428	1	0
45	5420	5061	22	-1	106	170250.5385	171482.3428	1	0
45	5420	5062	22	-1	105	170250.5385	171482.3428	1	0
45	5420	5063	22	-1	104	170250.5385	171482.3428	1	0
45	5420	5064	22	-1	103	170250.5385	171482.3428	1	0
45	5420	5065	22	-1	102	170250.5385	171482.3428	1	0
45	5420	5066	22	-1	101	170250.5385	171482.3428	1	0
45	5420	5067	22	-1	100	170250.5385	171482.3428	1	0
45	5420	5068	22	-1	99	170250.5385	171482.3428	1	0
45	5420	5069	22	-1	98	170250.5385	171482.3428	1	0
45	5420	5070	22	-1	97	170250.5385	171482.3428	1	0
45	5420	5071	22	-1	96	170250.5385	171482.3428	1	0
45	5420	5072	22	-1	95	170250.5385	171482.3428	1	0
45	5420	5073	22	-1	94	170250.5385	171482.3428	1	0
45	5420	5074	22	-1	93	170250.5385	171482.3428	1	0
45	5420	5075	22	-1	92	170250.5385	171482.3428	1	0
45	5420	5076	22	-1	91	170250.5385	171482.3428	1	0
45	5420	5077	22	-1	90	170250.5385	171482.3428	1	0
45	5420	5078	22	-1	89	170250.5385	171482.3428	1	0
45	5420	5079	22	-1	88	170250.5385	171482.3428	1	0
45	5420	5080	22	-1	87	170250.5385	171482.3428	1	0
45	5420	5081	22	-1	86	170250.5385	171482.3428	1	0
45	5420	5082	22	-1	85	170250.5385	171482.3428	1	0
45	5420	5083	22	-1	84	170250.5385	171482.3428	1	0
45	5420	5084	22	-1	83	170250.5385	171482.3428	1	0
45	5420	5085	22	-1	82	170250.5385	171482.3428	1	0
45	5420	5086	22	-1	81	170250.5385	171482.3428	1	0
45	5420	5087	22	-1	80	170250.5385	171482.3428	1	0
45	5420	5088	22	-1	79	170250.5385	171482.3428	1	0
45	5420	5089	22	-1	78	170250.5385	171482.3428	1	0
45	5420	5090	22	-1	77	170250.5385	171482.3428	1	0
45	5420	5091	22	-1	76	170250.5385	171482.3428	1	0
45	5420	5092	22	-1	75	170250.5385	171482.3428	1	0
45	5420	5093	22	-1	74	170250.5385	171482.3428	1	0
45	5420	5094	22	-1	73	170250.5385	171482.3428	1	0
45	5420	5095	22	-1	72	170250.5385	171482.3428	1	0
45	5420	5096	22	-1	71	170250.5385	171482.3428	1	0
45	5420	5097	22	-1	70	170250.5385	171482.3428	1	0
45	5420	5098	22	-1	69	170250.5385	171482.3428	1	0
45	5420	5099	22	-1	68	170250.5385	171482.3428	1	0
45	5420	5100	22	-1	67	170250.5385	171482.3428	1	0
45	5420	5101	22	-1	66	170250.5385	171482.3428	1	0
45	5420	5102	22	-1	65	170250.5385	171482.3428	1	0
45	5420	5103	22	-1	64	170250.5385	171482.3428	1	0
45	5420	5104	22	-1	63	170250.5385	171482.3428	1	0
45	5420	5105	22	-1	62	170250.5385	171482.3428	1	0
45	5420	5106	22	-1	61	170250.5385	171482.3428	1	0
45	5420	5107	22	-1	60	170250.5385	171482.3428	1	0
45	5420	5108	22	-1	59	170250.5385	171482.3428	1	0
45	5420	5109	22	-1	58	170250.5385	171482.3428	1	0
45	5420	5110	22	-1	57	170250.5385	171482.3428	1	0
45	5420	5111	22	-1	56	170250.5385	171482.3428	1	0
45	5420	5112	22	-1	55	170250.5385	171482.3428	1	0
45	5420	5113	22	-1	54	170250.5385	171482.3428	1	0
45	5420	5114	22	-1	53	170250.5385	171482.3428	1	0
45	5420	5115	22	-1	52	170250.5385	171482.3428	1	0
45	5420	5116	22	-1	51	170250.5385	171482.3428	1	0
45	5420	5117	22	-1	50	170250.5385	171482.3428	1	0
45	5420	5118	22	-1	49	170250.5385	171482.3428	1	0
45	5420	5119	22	-1	48	170250.5385	171482.3428	1	0
45	5420	5120	22	-1	47	170250.5385	171482.3428	1	0
45	5420	5121	22	-1	46	170250.5385	171482.3428	1	0
45	5420	5122	22	-1	45	170250.5385	171482.3428	1	0
45	5420	5123	22	-1	44	170250.5385	171482.3428	1	0
45	5420	5124	22	-1	43	170250.5385	171482.3428	1	0
45	5420	5125	22	-1	42	170250.5385	171482.3428	1	0
45	5420	5126	22	-1	41	170250.5385	171482.3428	1	0
45	5420	5127	22	-1	40	170250.5385	171482.3428	1	0
45	5420	5128	22	-1	39	170250.5385	171482.3428	1	0
45	5420	5129	22	-1	38	170250.5385	171482.3428	1	0
45	5420	5130	22	-1	37	170250.5385	171482.3428	1	0
45	5420	5131	22	-1	36	170250.5385	171482.3428	1	0
45	5420	5132	22	-1	35	170250.5385	171482.3428	1	0
45	5420	5133	22	-1	34	170250.5385	171482.3428	1	0
45	5420	5134	22	-1	33	170250.5385	171482.3428	1	0
45	5420	5135	22	-1	32	170250.5385	171482.3428	1	0
45	5420	5136	22	-1	31	170250.5385	171482.3428	1	0
45	5420	5137	22	-1	30	170250.5385	171482.3428	1	0
45	5420	5138	22	-1	29	170250.5385	171482.3428	1	0
45	5420	5139	22	-1	28	170250.5385	171482.3428	1	0
45	5420	5140	22	-1	27	170250.5385	171482.3428	1	0
45	5420	5141	22	-1	26	170250.5385	171482.3428	1	0
45	5420	5142	22	-1	25	170250.5385	171482.3428	1	0
45	5420	5143	22	-1	24	170250.5385	171482.3428	1	0
45	5420	5144	22	-1	23	170250.5385	171482.3428	1	0
45	5420	5145	22	-1	22	170250.5385	171482.3428	1	0
45	5420	5146	22	-1	21	170250.5385	171482.3428	1	0
45	5420	5147	22	-1	20	170250.5385	171482.3428	1	0
45	5420	5148	22	-1	19	170250.5385	171482.3428	1	0
45	5420	5149	22	-1	18	170250.5385	171482.3428	1	0
45	5420	5150	22	-1	17	170250.5385	171482.3428	1	0
45	5420	5151	22	-1	16	170250.5385	171482.3428	1	0
45	5420	5152	22	-1	15	170250.5385	171482.3428	1	0
45	5420	5153	22	-1	14	170250.5385	171482.3428	1	0
45	5420	5154	22	-1	13	170250.5385	171482.3428	1	0
45	5420	5155	22	-1	12	170250.5385	171482.3428	1	0
45	5420	5156	22	-1	11	170250.5385	171482.3428	1	0
45	5420	5157	22	-1	10	170250.5385	171482.3428	1	0
45	5420	5158	22	-1	9	170250.5385	171482.3428	1	0
45	5420	5159	22	-1	8	170250.5385	171482.3428	1	0
45	5420	5160	22	-1	7	170250.5385	170250.5385	0	0
45	5420	5161	22	-1	6	170250.5385	171482.3428	1	0
45	5420	5162	22	-1	5	170250.5385	171482.3428	1	0
45	5420	5163	22	-1	4	170250.5385	171482.3428	1	0
45	5420	5164	22	-1	3	170250.5385	171482.3428	1	0
45	5420	5165	22	-1	2	170250.5385	171482.3428	1	0
45	5420	5166	22	-1	1	170250.5385	171482.3428	1	0
45	5420	5167	22	-1	0	170250.5385	171482.3428	1	0
46	3372	3108	16	-1	44	210442.1416	211673.9459	1	1
46	3372	3109	16	-1	43	210442.1416	211673.9459	1	1
46	3372	3110	16	-1	42	210442.1416	211673.9459	1	1
46	3372	3111	16	-1	41	210442.1416	211673.9459	1	1
47	3376	3108	16	-1	44	210442.1416	211673.9459	1	1
47	3376	3109	16	-1	43	210442.1416	211673.9459	1	1
47	3376	3110	16	-1	42	210442.1416	211673.9459	1	1
47	3376	3111	16	-1	41	210442.1416	211673.9459	1	1
48	3500	3108	16	-1	44	210442.1416	211673.9459	1	1
48	3500	3109	16	-1	43	210442.1416	211673.9459	1	1
48	3500	3110	16	-1	42	210442.1416	211673.9459	1	1
48	3500	3111	16	-1	41	210442.1416	211673.9459	1	1
49	3108	2980	15	-1	127	149013.1459	150247.0749	1	1
49	3108	2981	15	-1	126	149013.1459	150247.0749	1	1
49	3108	2982	15	-1	125	149013.1459	150247.0749	1	1
49	3108	2983	15	-1	124	149013.1459	150247.0749	1	1
49	3108	2984	15	-1	123	149013.1459	150247.0749	1	1
49	3108	2985	15	-1	122	149013.1459	150247.0749	1	1
49	3108	2986	15	-1	121	149013.1459	150247.0749	1	1
49	3108	2987	15	-1	120	149013.1459	150247.0749	1	1
49	3108	2988	15	-1	119	149013.1459	150247.0749	1	1
49	3108	2989	15	-1	118	149013.1459	150247.0749	1	1
49	3108	2990	15	-1	117	149013.1459	150247.0749	1	1
49	3108	2991	15	-1	116	149013.1459	150247.0749	1	1
49	3108	2992	15	-1	115	149013.1459	150247.0749	1	1
49	3108	2993	15	-1	114	149013.1459	150247.0749	1	1
49	3108	2994	15	-1	113	149013.1459	150247.0749	1	1
49	3108	2995	15	-1	112	149013.1459	150247.0749	1	1
49	3108	2996	15	-1	111	149013.1459	150247.0749	1	1
49	3108	2997	15	-1	110	149013.1459	150247.0749	1	1
49	3108	2998	15	-1	109	149013.1459	150247.0749	1	1
49	3108	2999	15	-1	108	149013.1459	150247.0749	1	1
49	3108	3000	15	-1	107	149013.1459	150247.0749	1	1
49	3108	3001	15	-1	106	149013.1459	150247.0749	1	1
49	3108	3002	15	-1	105	149013.1459	150247.0749	1	1
49	3108	3003	15	-1	104	149013.1459	150247.0749	1	1
49	3108	3004	15	-1	103	149013.1459	150247.0749	1	1
49	3108	3005	15	-1	102	149013.1459	150247.0749	1	1
49	3108	3006	15	-1	101	149013.1459	150247.0749	1	1
49	3108	3007	15	-1	100	149013.1459	150247.0749	1	1
49	3108	3008	15	-1	99	149013.1459	150247.0749	1	1
49	3108	3009	15	-1	98	149013.1459	150247.0749	1	1
49	3108	3010	15	-1	97	149013.1459	150247.0749	1	1
49	3108	3011	15	-1	96	149013.1459	150247.0749	1	1
49	3108	3012	15	-1	95	149013.1459	150247.0749	1	1
49	3108	3013	15	-1	94	149013.1459	150247.0749	1	1
49	3108	3014	15	-1	93	149013.1459	150247.0749	1	1
49	3108	3015	15	-1	92	149013.1459	150247.0749	1	1
49	3108	3016	15	-1	91	149013.1459	150247.0749	1	1
49	3108	3017	15	-1	90	149013.1459	150247.0749	1	1
49	3108	3018	15	-1	89	149013.1459	150247.0749	1	1
49	3108	3019	15	-1	88	149013.1459	150247.0749	1	1
49	3108	3020	15	-1	87	149013.1459	150247.0749	1	1
49	3108	3021	15	-1	86	149013.1459	150247.0749	1	1
49	3108	3022	15	-1	85	149013.1459	150247.0749	1	1
49	3108	3023	15	-1	84	149013.1459	150247.0749	1	1
49	3108	3024	15	-1	83	149013.1459	150247.0749	1	1
49	3108	3025	15	-1	82	149013.1459	150247.0749	1	1
49	3108	3026	15	-1	81	149013.1459	150247.0749	1	1
49	3108	3027	15	-1	80	149013.1459	150247.0749	1	1
49	3108	3028	15	-1	79	149013.1459	150247.0749	1	1
49	3108	3029	15	-1	78	149013.1459	150247.0749	1	1
49	3108	3030	15	-1	77	149013.1459	150247.0749	1	1
49	3108	3031	15	-1	76	149013.1459	150247.0749	1	1
49	3108	3032	15	-1	75	149013.1459	150247.0749	1	1
49	3108	3033	15	-1	74	149013.1459	150247.0749	1	1
49	3108	3034	15	-1	73	149013.1459	150247.0749	1	1
49	3108	3035	15	-1	72	149013.1459	150247.0749	1	1
49	3108	3036	15	-1	71	149013.1459	150247.0749	1	1
49	3108	3037	15	-1	70	149013.1459	150247.0749	1	1
49	3108	3038	15	-1	69	149013.1459	150247.0749	1	1
49	3108	3039	15	-1	68	149013.1459	150247.0749	1	1
49	3108	3040	15	-1	67	149013.1459	150247.0749	1	1
49	3108	3041	15	-1	66	149013.1459	150247.0749	1	1
49	3108	3042	15	-1	65	149013.1459	150247.0749	1	1
49	3108	3043	15	-1	64	149013.1459	150247.0749	1	1
49	3108	3044	15	-1	63	149013.1459	150247.0749	1	1
49	3108	3045	15	-1	62	149013.1459	150247.0749	1	1
49	3108	3046	15	-1	61	149013.1459	150247.0749	1	1
49	3108	3047	15	-1	60	149013.1459	150247.0749	1	1
49	3108	3048	15	-1	59	149013.1459	150247.0749	1	1
49	3108	3049	15	-1	58	149013.1459	150247.0749	1	1
49	3108	3050	15	-1	57	149013.1459	150247.0749	1	1
49	3108	3051	15	-1	56	149013.1459	150247.0749	1	1
49	3108	3052	15	-1	55	149013.1459	150247.0749	1	1
49	3108	3053	15	-1	54	149013.1459	150247.0749	1	1
49	3108	3054	15	-1	53	149013.1459	150247.0749	1	1
49	3108	3055	15	-1	52	149013.1459	150247.0749	1	1
49	3108	3056	15	-1	51	149013.1459	150247.0749	1	1
49	3108	3057	15	-1	50	149013.1459	150247.0749	1	1
49	3108	3058	15	-1	49	149013.1459	150247.0749	1	1
49	3108	3059	15	-1	48	149013.1459	150247.0749	1	1
49	3108	3060	15	-1	47	149013.1459	150247.0749	1	1
49	3108	3061	15	-1	46	149013.1459	150247.0749	1	1
49	3108	3062	15	-1	45	149013.1459	150247.0749	1	1
49	3108	3063	15	-1	44	149013.1459	149013.1459	0	0
49	3108	3064	15	-1	43	149013.1459	150247.0749	1	1
49	3108	3065	15	-1	42	149013.1459	150247.0749	1	1
49	3108	3066	15	-1	41	149013.1459	150247.0749	1	1
49	3108	3067	15	-1	40	149013.1459	150247.0749	1	1
49	3108	3068	15	-1	39	149013.1459	150247.0749	1	1
49	3108	3069	15	-1	38	149013.1459	150247.0749	1	1
49	3108	3070	15	-1	37	149013.1459	150247.0749	1	1
49	3108	3071	15	-1	36	149013.1459	150247.0749	1	1
49	3108	3072	15	-1	35	149013.1459	150247.0749	1	1
49	3108	3073	15	-1	34	149013.1459	150247.0749	1	1
49	3108	3074	15	-1	33	149013.1459	150247.0749	1	1
49	3108	3075	15	-1	32	149013.1459	150247.0749	1	1
49	3108	3076	15	-1	31	149013.1459	150247.0749	1	1
49	3108	3077	15	-1	30	149013.1459	150247.0749	1	1
49	3108	3078	15	-1	29	149013.1459	150247.0749	1	1
49	3108	3079	15	-1	28	149013.1459	150247.0749	1	1
49	3108	3080	15	-1	27	149013.1459	150247.0749	1	1
49	3108	3081	15	-1	26	149013.1459	150247.0749	1	1
49	3108	3082	15	-1	25	149013.1459	150247.0749	1	1
49	3108	3083	15	-1	24	149013.1459	150247.0749	1	1
49	3108	3084	15	-1	23	149013.1459	150247.0749	1	1
49	3108	3085	15	-1	22	149013.1459	150247.0749	1	1
49	3108	3086	15	-1	21	149013.1459	150247.0749	1	1
49	3108	3087	15	-1	20	149013.1459	150247.0749	1	1
49	3108	3088	15	-1	19	149013.1459	150247.0749	1	1
49	3108	3089	15	-1	18	149013.1459	150247.0749	1	1
49	3108	3090	15	-1	17	149013.1459	150247.0749	1	1
49	3108	3091	15	-1	16	149013.1459	150247.0749	1	1
49	3108	3092	15	-1	15	149013.1459	150247.0749	1	1
49	3108	3093	15	-1	14	149013.1459	150247.0749	1	1
49	3108	3094	15	-1	13	149013.1459	150247.0749	1	1
49	3108	3095	15	-1	12	149013.1459	150247.0749	1	1
49	3108	3096	15	-1	11	149013.1459	150247.0749	1	1
49	3108	3097	15	-1	10	149013.1459	150247.0749	1	1
49	3108	3098	15	-1	9	149013.1459	150247.0749	1	1
49	3108	3099	15	-1	8	149013.1459	150247.0749	1	1
49	3108	3100	15	-1	7	149013.1459	150247.0749	1	1
49	3108	3101	15	-1	6	149013.1459	150247.0749	1	1
49	3108	3102	15	-1	5	149013.1459	150247.0749	1	1
49	3108	3103	15	-1	4	149013.1459	150247.0749	1	1
49	3108	3104	15	-1	3	149013.1459	150247.0749	1	1
49	3108	3105	15	-1	2	149013.1459	150247.0749	1	1
49	3108	3106	15	-1	1	149013.1459	150247.0749	1	1
49	3108	3107	15	-1	0	149013.1459	150247.0749	1	1
50	4355	3843	20	-1	44	191670.4846	191670.4846	0	1
51	3843	3112	17	-1	40	189022.1955	190253.9998	1	1
51	3843	3113	17	-1	39	189022.1955	190253.9998	1	1
51	3843	3114	17	-1	38	189022.1955	190253.9998	1	1
51	3843	3115	17	-1	37	189022.1955	190253.9998	1	1
52	4611	4099	20	-1	44	190728.2996	190728.2996	0	1
53	4099	3112	17	-1	40	189022.1955	190253.9998	1	1
53	4099	3113	17	-1	39	189022.1955	190253.9998	1	1
53	4099	3114	17	-1	38	189022.1955	190253.9998	1	1
53	4099	3115	17	-1	37	189022.1955	190253.9998	1	1
54	3112	2980	15	-1	127	149013.1459	150247.0749	1	1
54	3112	2981	15	-1	126	149013.1459	150247.0749	1	1
54	3112	2982	15	-1	125	149013.1459	150247.0749	1	1
54	3112	2983	15	-1	124	149013.1459	150247.0749	1	1
54	3112	2984	15	-1	123	149013.1459	150247.0749	1	1
54	3112	2985	15	-1	122	149013.1459	150247.0749	1	1
54	3112	2986	15	-1	121	149013.1459	150247.0749	1	1
54	3112	2987	15	-1	120	149013.1459	150247.0749	1	1
54	3112	2988	15	-1	119	149013.1459	150247.0749	1	1
54	3112	2989	15	-1	118	149013.1459	150247.0749	1	1
54	3112	2990	15	-1	117	149013.1459	150247.0749	1	1
54	3112	2991	15	-1	116	149013.1459	150247.0749	1	1
54	3112	2992	15	-1	115	149013.1459	150247.0749	1	1
54	3112	2993	15	-1	114	149013.1459	150247.0749	1	1
54	3112	2994	15	-1	113	149013.1459	150247.0749	1	1
54	3112	2995	15	-1	112	149013.1459	150247.0749	1	1
54	3112	2996	15	-1	111	149013.1459	150247.0749	1	1
54	3112	2997	15	-1	110	149013.1459	150247.0749	1	1
54	3112	2998	15	-1	109	149013.1459	150247.0749	1	1
54	3112	2999	15	-1	108	149013.1459	150247.0749	1	1
54	3112	3000	15	-1	107	149013.1459	150247.0749	1	1
54	3112	3001	15	-1	106	149013.1459	150247.0749	1	1
54	3112	3002	15	-1	105	149013.1459	150247.0749	1	1
54	3112	3003	15	-1	104	149013.1459	150247.0749	1	1
54	3112	3004	15	-1	103	149013.1459	150247.0749	1	1
54	3112	3005	15	-1	102	149013.1459	150247.0749	1	1
54	3112	3006	15	-1	101	149013.1459	150247.0749	1	1
54	3112	3007	15	-1	100	149013.1459	150247.0749	1	1
54	3112	3008	15	-1	99	149013.1459	150247.0749	1	1
54	3112	3009	15	-1	98	149013.1459	150247.0749	1	1
54	3112	3010	15	-1	97	149013.1459	150247.0749	1	1
54	3112	3011	15	-1	96	149013.1459	150247.0749	1	1
54	3112	3012	15	-1	95	149013.1459	150247.0749	1	1
54	3112	3013	15	-1	94	149013.1459	150247.0749	1	1
54	3112	3014	15	-1	93	149013.1459	150247.0749	1	1
54	3112	3015	15	-1	92	149013.1459	150247.0749	1	1
54	3112	3016	15	-1	91	149013.1459	150247.0749	1	1
54	3112	3017	15	-1	90	149013.1459	150247.0749	1	1
54	3112	3018	15	-1	89	149013.1459	150247.0749	1	1
54	3112	3019	15	-1	88	149013.1459	150247.0749	1	1
54	3112	3020	15	-1	87	149013.1459	150247.0749	1	1
54	3112	3021	15	-1	86	149013.1459	150247.0749	1	1
54	3112	3022	15	-1	85	149013.1459	150247.0749	1	1
54	3112	3023	15	-1	84	149013.1459	150247.0749	1	1
54	3112	3024	15	-1	83	149013.1459	150247.0749	1	1
54	3112	3025	15	-1	82	149013.1459	150247.0749	1	1
54	3112	3026	15	-1	81	149013.1459	150247.0749	1	1
54	3112	3027	15	-1	80	149013.1459	150247.0749	1	1
54	3112	3028	15	-1	79	149013.1459	150247.0749	1	1
54	3112	3029	15	-1	78	149013.1459	150247.0749	1	1
54	3112	3030	15	-1	77	149013.1459	150247.0749	1	1
54	3112	3031	15	-1	76	149013.1459	150247.0749	1	1
54	3112	3032	15	-1	75	149013.1459	150247.0749	1	1
54	3112	3033	15	-1	74	149013.1459	150247.0749	1	1
54	3112	3034	15	-1	73	149013.1459	150247.0749	1	1
54	3112	3035	15	-1	72	149013.1459	150247.0749	1	1
54	3112	3036	15	-1	71	149013.1459	150247.0749	1	1
54	3112	3037	15	-1	70	149013.1459	150247.0749	1	1
54	3112	3038	15	-1	69	149013.1459	150247.0749	1	1
54	3112	3039	15	-1	68	149013.1459	150247.0749	1	1
54	3112	3040	15	-1	67	149013.1459	150247.0749	1	1
54	3112	3041	15	-1	66	149013.1459	150247.0749	1	1
54	3112	3042	15	-1	65	149013.1459	150247.0749	1	1
54	3112	3043	15	-1	64	149013.1459	150247.0749	1	1
54	3112	3044	15	-1	63	149013.1459	150247.0749	1	1
54	3112	3045	15	-1	62	149013.1459	150247.0749	1	1
54	3112	3046	15	-1	61	149013.1459	150247.0749	1	1
54	3112	3047	15	-1	60	149013.1459	150247.0749	1	1
54	3112	3048	15	-1	59	149013.1459	150247.0749	1	1
54	3112	3049	15	-1	58	149013.1459	150247.0749	1	1
54	3112	3050	15	-1	57	149013.1459	150247.0749	1	1
54	3112	3051	15	-1	56	149013.1459	150247.0749	1	1
54	3112	3052	15	-1	55	149013.1459	150247.0749	1	1
54	3112	3053	15	-1	54	149013.1459	150247.0749	1	1
54	3112	3054	15	-1	53	149013.1459	150247.0749	1	1
54	3112	3055	15	-1	52	149013.1459	150247.0749	1	1
54	3112	3056	15	-1	51	149013.1459	150247.0749	1	1
54	3112	3057	15	-1	50	149013.1459	150247.0749	1	1
54	3112	3058	15	-1	49	149013.1459	150247.0749	1	1
54	3112	3059	15	-1	48	149013.1459	150247.0749	1	1
54	3112	3060	15	-1	47	149013.1459	150247.0749	1	1
54	3112	3061	15	-1	46	149013.1459	150247.0749	1	1
54	3112	3062	15	-1	45	149013.1459	150247.0749	1	1
54	3112	3063	15	-1	44	149013.1459	150247.0749	1	1
54	3112	3064	15	-1	43	149013.1459	150247.0749	1	1
54	3112	3065	15	-1	42	149013.1459	150247.0749	1	1
54	3112	3066	15	-1	41	149013.1459	150247.0749	1	1
54	3112	3067	15	-1	40	149013.1459	149013.1459	0	0
54	3112	3068	15	-1	39	149013.1459	150247.0749	1	1
54	3112	3069	15	-1	38	149013.1459	150247.0749	1	1
54	3112	3070	15	-1	37	149013.1459	150247.0749	1	1
54	3112	3071	15	-1	36	149013.1459	150247.0749	1	1
54	3112	3072	15	-1	35	149013.1459	150247.0749	1	1
54	3112	3073	15	-1	34	149013.1459	150247.0749	1	1
54	3112	3074	15	-1	33	149013.1459	150247.0749	1	1
54	3112	3075	15	-1	32	149013.1459	150247.0749	1	1
54	3112	3076	15	-1	31	149013.1459	150247.0749	1	1
54	3112	3077	15	-1	30	149013.1459	150247.0749	1	1
54	3112	3078	15	-1	29	149013.1459	150247.0749	1	1
54	3112	3079	15	-1	28	149013.1459	150247.0749	1	1
54	3112	3080	15	-1	27	149013.1459	150247.0749	1	1
54	3112	3081	15	-1	26	149013.1459	150247.0749	1	1
54	3112	3082	15	-1	25	149013.1459	150247.0749	1	1
54	3112	3083	15	-1	24	149013.1459	150247.0749	1	1
54	3112	3084	15	-1	23	149013.1459	150247.0749	1	1
54	3112	3085	15	-1	22	149013.1459	150247.0749	1	1
54	3112	3086	15	-1	21	149013.1459	150247.0749	1	1
54	3112	3087	15	-1	20	149013.1459	150247.0749	1	1
54	3112	3088	15	-1	19	149013.1459	150247.0749	1	1
54	3112	3089	15	-1	18	149013.1459	150247.0749	1	1
54	3112	3090	15	-1	17	149013.1459	150247.0749	1	1
54	3112	3091	15	-1	16	149013.1459	150247.0749	1	1
54	3112	3092	15	-1	15	149013.1459	150247.0749	1	1
54	3112	3093	15	-1	14	149013.1459	150247.0749	1	1
54	3112	3094	15	-1	13	149013.1459	150247.0749	1	1
54	3112	3095	15	-1	12	149013.1459	150247.0749	1	1
54	3112	3096	15	-1	11	149013.1459	150247.0749	1	1
54	3112	3097	15	-1	10	149013.1459	150247.0749	1	1
54	3112	3098	15	-1	9	149013.1459	150247.0749	1	1
54	3112	3099	15	-1	8	149013.1459	150247.0749	1	1
54	3112	3100	15	-1	7	149013.1459	150247.0749	1	1
54	3112	3101	15	-1	6	149013.1459	150247.0749	1	1
54	3112	3102	15	-1	5	149013.1459	150247.0749	1	1
54	3112	3103	15	-1	4	149013.1459	150247.0749	1	1
54	3112	3104	15	-1	3	149013.1459	150247.0749	1	1
54	3112	3105	15	-1	2	149013.1459	150247.0749	1	1
54	3112	3106	15	-1	1	149013.1459	150247.0749	1	1
54	3112	3107	15	-1	0	149013.1459	150247.0749	1	1
55	4871	3116	18	-1	36	168550.8446	169782.6489	1	1
55	4871	3117	18	-1	35	168550.8446	169782.6489	1	1
55	4871	3118	18	-1	34	168550.8446	169782.6489	1	1
55	4871	3119	18	-1	33	168550.8446	169782.6489	1	1
56	5127	3116	18	-1	36	168550.8446	169782.6489	1	1
56	5127	3117	18	-1	35	168550.8446	169782.6489	1	1
56	5127	3118	18	-1	34	168550.8446	169782.6489	1	1
56	5127	3119	18	-1	33	168550.8446	169782.6489	1	1
57	3116	2980	15	-1	127	149013.1459	150247.0749	1	1
57	3116	2981	15	-1	126	149013.1459	150247.0749	1	1
57	3116	2982	15	-1	125	149013.1459	150247.0749	1	1
57	3116	2983	15	-1	124	149013.1459	150247.0749	1	1
57	3116	2984	15	-1	123	149013.1459	150247.0749	1	1
57	3116	2985	15	-1	122	149013.1459	150247.0749	1	1
57	3116	2986	15	-1	121	149013.1459	150247.0749	1	1
57	3116	2987	15	-1	120	149013.1459	150247.0749	1	1
57	3116	2988	15	-1	119	149013.1459	150247.0749	1	1
57	3116	2989	15	-1	118	149013.1459	150247.0749	1	1
57	3116	2990	15	-1	117	149013.1459	150247.0749	1	1
57	3116	2991	15	-1	116	149013.1459	150247.0749	1	1
57	3116	2992	15	-1	115	149013.1459	150247.0749	1	1
57	3116	2993	15	-1	114	149013.1459	150247.0749	1	1
57	3116	2994	15	-1	113	149013.1459	150247.0749	1	1
57	3116	2995	15	-1	112	149013.1459	150247.0749	1	1
57	3116	2996	15	-1	111	149013.1459	150247.0749	1	1
57	3116	2997	15	-1	110	149013.1459	150247.0749	1	1
57	3116	2998	15	-1	109	149013.1459	150247.0749	1	1
57	3116	2999	15	-1	108	149013.1459	150247.0749	1	1
57	3116	3000	15	-1	107	149013.1459	150247.0749	1	1
57	3116	3001	15	-1	106	149013.1459	150247.0749	1	1
57	3116	3002	15	-1	105	149013.1459	150247.0749	1	1
57	3116	3003	15	-1	104	149013.1459	150247.0749	1	1
57	3116	3004	15	-1	103	149013.1459	150247.0749	1	1
57	3116	3005	15	-1	102	149013.1459	150247.0749	1	1
57	3116	3006	15	-1	101	149013.1459	150247.0749	1	1
57	3116	3007	15	-1	100	149013.1459	150247.0749	1	1
57	3116	3008	15	-1	99	149013.1459	150247.0749	1	1
57	3116	3009	15	-1	98	149013.1459	150247.0749	1	1
57	3116	3010	15	-1	97	149013.1459	150247.0749	1	1
57	3116	3011	15	-1	96	149013.1459	150247.0749	1	1
57	3116	3012	15	-1	95	149013.1459	150247.0749	1	1
57	3116	3013	15	-1	94	149013.1459	150247.0749	1	1
57	3116	3014	15	-1	93	149013.1459	150247.0749	1	1
57	3116	3015	15	-1	92	149013.1459	150247.0749	1	1
57	3116	3016	15	-1	91	149013.1459	150247.0749	1	1
57	3116	3017	15	-1	90	149013.1459	150247.0749	1	1
57	3116	3018	15	-1	89	149013.1459	150247.0749	1	1
57	3116	3019	15	-1	88	149013.1459	150247.0749	1	1
57	3116	3020	15	-1	87	149013.1459	150247.0749	1	1
57	3116	3021	15	-1	86	149013.1459	150247.0749	1	1
57	3116	3022	15	-1	85	149013.1459	150247.0749	1	1
57	3116	3023	15	-1	84	149013.1459	150247.0749	1	1
57	3116	3024	15	-1	83	149013.1459	150247.0749	1	1
57	3116	3025	15	-1	82	149013.1459	150247.0749	1	1
57	3116	3026	15	-1	81	149013.1459	150247.0749	1	1
57	3116	3027	15	-1	80	149013.1459	150247.0749	1	1
57	3116	3028	15	-1	79	149013.1459	150247.0749	1	1
57	3116	3029	15	-1	78	149013.1459	150247.0749	1	1
57	3116	3030	15	-1	77	149013.1459	150247.0749	1	1
57	3116	3031	15	-1	76	149013.1459	150247.0749	1	1
57	3116	3032	15	-1	75	149013.1459	150247.0749	1	1
57	3116	3033	15	-1	74	149013.1459	150247.0749	1	1
57	3116	3034	15	-1	73	149013.1459	150247.0749	1	1
57	3116	3035	15	-1	72	149013.1459	150247.0749	1	1
57	3116	3036	15	-1	71	149013.1459	150247.0749	1	1
57	3116	3037	15	-1	70	149013.1459	150247.0749	1	1
57	3116	3038	15	-1	69	149013.1459	150247.0749	1	1
57	3116	3039	15	-1	68	149013.1459	150247.0749	1	1
57	3116	3040	15	-1	67	149013.1459	150247.0749	1	1
57	3116	3041	15	-1	66	149013.1459	150247.0749	1	1
57	3116	3042	15	-1	65	149013.1459	150247.0749	1	1
57	3116	3043	15	-1	64	149013.1459	150247.0749	1	1
57	3116	3044	15	-1	63	149013.1459	150247.0749	1	1
57	3116	3045	15	-1	62	149013.1459	150247.0749	1	1
57	3116	3046	15	-1	61	149013.1459	150247.0749	1	1
57	3116	3047	15	-1	60	149013.1459	150247.0749	1	1
57	3116	3048	15	-1	59	149013.1459	150247.0749	1	1
57	3116	3049	15	-1	58	149013.1459	150247.0749	1	1
57	3116	3050	15	-1	57	149013.1459	150247.0749	1	1
57	3116	3051	15	-1	56	149013.1459	150247.0749	1	1
57	3116	3052	15	-1	55	149013.1459	150247.0749	1	1
57	3116	3053	15	-1	54	149013.1459	150247.0749	1	1
57	3116	3054	15	-1	53	149013.1459	150247.0749	1	1
57	3116	3055	15	-1	52	149013.1459	150247.0749	1	1
57	3116	3056	15	-1	51	149013.1459	150247.0749	1	1
57	3116	3057	15	-1	50	149013.1459	150247.0749	1	1
57	3116	3058	15	-1	49	149013.1459	150247.0749	1	1
57	3116	3059	15	-1	48	149013.1459	150247.0749	1	1
57	3116	3060	15	-1	47	149013.1459	150247.0749	1	1
57	3116	3061	15	-1	46	149013.1459	150247.0749	1	1
57	3116	3062	15	-1	45	149013.1459	150247.0749	1	1
57	3116	3063	15	-1	44	149013.1459	150247.0749	1	1
57	3116	3064	15	-1	43	149013.1459	150247.0749	1	1
57	3116	3065	15	-1	42	149013.1459	150247.0749	1	1
57	3116	3066	15	-1	41	149013.1459	150247.0749	1	1
57	3116	3067	15	-1	40	149013.1459	150247.0749	1	1
57	3116	3068	15	-1	39	149013.1459	150247.0749	1	1
57	3116	3069	15	-1	38	149013.1459	150247.0749	1	1
57	3116	3070	15	-1	37	149013.1459	150247.0749	1	1
57	3116	3071	15	-1	36	149013.1459	149013.1459	0	0
57	3116	3072	15	-1	35	149013.1459	150247.0749	1	1
57	3116	3073	15	-1	34	149013.1459	150247.0749	1	1
57	3116	3074	15	-1	33	149013.1459	150247.0749	1	1
57	3116	3075	15	-1	32	149013.1459	150247.0749	1	1
57	3116	3076	15	-1	31	149013.1459	150247.0749	1	1
57	3116	3077	15	-1	30	149013.1459	150247.0749	1	1
57	3116	3078	15	-1	29	149013.1459	150247.0749	1	1
57	3116	3079	15	-1	28	149013.1459	150247.0749	1	1
57	3116	3080	15	-1	27	149013.1459	150247.0749	1	1
57	3116	3081	15	-1	26	149013.1459	150247.0749	1	1
57	3116	3082	15	-1	25	149013.1459	150247.0749	1	1
57	3116	3083	15	-1	24	149013.1459	150247.0749	1	1
57	3116	3084	15	-1	23	149013.1459	150247.0749	1	1
57	3116	3085	15	-1	22	149013.1459	150247.0749	1	1
57	3116	3086	15	-1	21	149013.1459	150247.0749	1	1
57	3116	3087	15	-1	20	149013.1459	150247.0749	1	1
57	3116	3088	15	-1	19	149013.1459	150247.0749	1	1
57	3116	3089	15	-1	18	149013.1459	150247.0749	1	1
57	3116	3090	15	-1	17	149013.1459	150247.0749	1	1
57	3116	3091	15	-1	16	149013.1459	150247.0749	1	1
57	3116	3092	15	-1	15	149013.1459	150247.0749	1	1
57	3116	3093	15	-1	14	149013.1459	150247.0749	1	1
57	3116	3094	15	-1	13	149013.1459	150247.0749	1	1
57	3116	3095	15	-1	12	149013.1459	150247.0749	1	1
57	3116	3096	15	-1	11	149013.1459	150247.0749	1	1
57	3116	3097	15	-1	10	149013.1459	150247.0749	1	1
57	3116	3098	15	-1	9	149013.1459	150247.0749	1	1
57	3116	3099	15	-1	8	149013.1459	150247.0749	1	1
57	3116	3100	15	-1	7	149013.1459	150247.0749	1	1
57	3116	3101	15	-1	6	149013.1459	150247.0749	1	1
57	3116	3102	15	-1	5	149013.1459	150247.0749	1	1
57	3116	3103	15	-1	4	149013.1459	150247.0749	1	1
57	3116	3104	15	-1	3	149013.1459	150247.0749	1	1
57	3116	3105	15	-1	2	149013.1459	150247.0749	1	1
57	3116	3106	15	-1	1	149013.1459	150247.0749	1	1
57	3116	3107	15	-1	0	149013.1459	150247.0749	1	1
58	2980	2976	14	-1	131	146195.9145	147428.5124	1	1
58	2980	2977	14	-1	130	146195.9145	147428.5124	1	1
58	2980	2978	14	-1	129	146195.9145	147428.5124	1	1
58	2980	2979	14	-1	128	146195.9145	147428.5124	1	1
59	2976	2700	9	-1	16	90719.06727	91951.66516	1	0
59	2976	2848	13	-1	127	114726.3297	115960.8111	1	1
59	2976	2849	13	-1	126	114726.3297	115960.8111	1	1
59	2976	2850	13	-1	125	114726.3297	115960.8111	1	1
59	2976	2851	13	-1	124	114726.3297	115960.8111	1	1
59	2976	2852	13	-1	123	114726.3297	115960.8111	1	1
59	2976	2853	13	-1	122	114726.3297	115960.8111	1	1
59	2976	2854	13	-1	121	114726.3297	115960.8111	1	1
59	2976	2855	13	-1	120	114726.3297	115960.8111	1	1
59	2976	2856	13	-1	119	114726.3297	115960.8111	1	1
59	2976	2857	13	-1	118	114726.3297	115960.8111	1	1
59	2976	2858	13	-1	117	114726.3297	115960.8111	1	1
59	2976	2859	13	-1	116	114726.3297	115960.8111	1	1
59	2976	2860	13	-1	115	114726.3297	115960.8111	1	1
59	2976	2861	13	-1	114	114726.3297	115960.8111	1	1
59	2976	2862	13	-1	113	114726.3297	115960.8111	1	1
59	2976	2863	13	-1	112	114726.3297	115960.8111	1	1
59	2976	2864	13	-1	111	114726.3297	115960.8111	1	1
59	2976	2865	13	-1	110	114726.3297	115960.8111	1	1
59	2976	2866	13	-1	109	114726.3297	115960.8111	1	1
59	2976	2867	13	-1	108	114726.3297	115960.8111	1	1
59	2976	2868	13	-1	107	114726.3297	115960.8111	1	1
59	2976	2869	13	-1	106	114726.3297	115960.8111	1	1
59	2976	2870	13	-1	105	114726.3297	115960.8111	1	1
59	2976	2871	13	-1	104	114726.3297	115960.8111	1	1
59	2976	2872	13	-1	103	114726.3297	115960.8111	1	1
59	2976	2873	13	-1	102	114726.3297	115960.8111	1	1
59	2976	2874	13	-1	101	114726.3297	115960.8111	1	1
59	2976	2875	13	-1	100	114726.3297	115960.8111	1	1
59	2976	2876	13	-1	99	114726.3297	115960.8111	1	1
59	2976	2877	13	-1	98	114726.3297	115960.8111	1	1
59	2976	2878	13	-1	97	114726.3297	115960.8111	1	1
59	2976	2879	13	-1	96	114726.3297	115960.8111	1	1
59	2976	2880	13	-1	95	114726.3297	115960.8111	1	1
59	2976	2881	13	-1	94	114726.3297	115960.8111	1	1
59	2976	2882	13	-1	93	114726.3297	115960.8111	1	1
59	2976	2883	13	-1	92	114726.3297	115960.8111	1	1
59	2976	2884	13	-1	91	114726.3297	115960.8111	1	1
59	2976	2885	13	-1	90	114726.3297	115960.8111	1	1
59	2976	2886	13	-1	89	114726.3297	115960.8111	1	1
59	2976	2887	13	-1	88	114726.3297	115960.8111	1	1
59	2976	2888	13	-1	87	114726.3297	115960.8111	1	1
59	2976	2889	13	-1	86	114726.3297	115960.8111	1	1
59	2976	2890	13	-1	85	114726.3297	115960.8111	1	1
59	2976	2891	13	-1	84	114726.3297	115960.8111	1	1
59	2976	2892	13	-1	83	114726.3297	115960.8111	1	1
59	2976	2893	13	-1	82	114726.3297	115960.8111	1	1
59	2976	2894	13	-1	81	114726.3297	115960.8111	1	1
59	2976	2895	13	-1	80	114726.3297	115960.8111	1	1
59	2976	2896	13	-1	79	114726.3297	115960.8111	1	1
59	2976	2897	13	-1	78	114726.3297	115960.8111	1	1
59	2976	2898	13	-1	77	114726.3297	115960.8111	1	1
59	2976	2899	13	-1	76	114726.3297	115960.8111	1	1
59	2976	2900	13	-1	75	114726.3297	115960.8111	1	1
59	2976	2901	13	-1	74	114726.3297	115960.8111	1	1
59	2976	2902	13	-1	73	114726.3297	115960.8111	1	1
59	2976	2903	13	-1	72	114726.3297	115960.8111	1	1
59	2976	2904	13	-1	71	114726.3297	115960.8111	1	1
59	2976	2905	13	-1	70	114726.3297	115960.8111	1	1
59	2976	2906	13	-1	69	114726.3297	115960.8111	1	1
59	2976	2907	13	-1	68	114726.3297	115960.8111	1	1
59	2976	2908	13	-1	67	114726.3297	115960.8111	1	1
59	2976	2909	13	-1	66	114726.3297	115960.8111	1	1
59	2976	2910	13	-1	65	114726.3297	115960.8111	1	1
59	2976	2911	13	-1	64	114726.3297	115960.8111	1	1
59	2976	2912	13	-1	63	114726.3297	115960.8111	1	1
59	2976	2913	13	-1	62	114726.3297	115960.8111	1	1
59	2976	2914	13	-1	61	114726.3297	115960.8111	1	1
59	2976	2915	13	-1	60	114726.3297	115960.8111	1	1
59	2976	2916	13	-1	59	114726.3297	115960.8111	1	1
59	2976	2917	13	-1	58	114726.3297	115960.8111	1	1
59	2976	2918	13	-1	57	114726.3297	115960.8111	1	1
59	2976	2919	13	-1	56	114726.3297	115960.8111	1	1
59	2976	2920	13	-1	55	114726.3297	115960.8111	1	1
59	2976	2921	13	-1	54	114726.3297	115960.8111	1	1
59	2976	2922	13	-1	53	114726.3297	115960.8111	1	1
59	2976	2923	13	-1	52	114726.3297	115960.8111	1	1
59	2976	2924	13	-1	51	114726.3297	115960.8111	1	1
59	2976	2925	13	-1	50	114726.3297	115960.8111	1	1
59	2976	2926	13	-1	49	114726.3297	115960.8111	1	1
59	2976	2927	13	-1	48	114726.3297	115960.8111	1	1
59	2976	2928	13	-1	47	114726.3297	115960.8111	1	1
59	2976	2929	13	-1	46	114726.3297	115960.8111	1	1
59	2976	2930	13	-1	45	114726.3297	115960.8111	1	1
59	2976	2931	13	-1	44	114726.3297	115960.8111	1	1
59	2976	2932	13	-1	43	114726.3297	115960.8111	1	1
59	2976	2933	13	-1	42	114726.3297	115960.8111	1	1
59	2976	2934	13	-1	41	114726.3297	115960.8111	1	1
59	2976	2935	13	-1	40	114726.3297	115960.8111	1	1
59	2976	2936	13	-1	39	114726.3297	115960.8111	1	1
59	2976	2937	13	-1	38	114726.3297	115960.8111	1	1
59	2976	2938	13	-1	37	114726.3297	115960.8111	1	1
59	2976	2939	13	-1	36	114726.3297	115960.8111	1	1
59	2976	2940	13	-1	35	114726.3297	115960.8111	1	1
59	2976	2941	13	-1	34	114726.3297	115960.8111	1	1
59	2976	2942	13	-1	33	114726.3297	115960.8111	1	1
59	2976	2943	13	-1	32	114726.3297	115960.8111	1	1
59	2976	2944	13	-1	31	114726.3297	115960.8111	1	1
59	2976	2945	13	-1	30	114726.3297	115960.8111	1	1
59	2976	2946	13	-1	29	114726.3297	115960.8111	1	1
59	2976	2947	13	-1	28	114726.3297	115960.8111	1	1
59	2976	2948	13	-1	27	114726.3297	115960.8111	1	1
59	2976	2949	13	-1	26	114726.3297	115960.8111	1	1
59	2976	2950	13	-1	25	114726.3297	115960.8111	1	1
59	2976	2951	13	-1	24	114726.3297	115960.8111	1	1
59	2976	2952	13	-1	23	114726.3297	115960.8111	1	1
59	2976	2953	13	-1	22	114726.3297	115960.8111	1	1
59	2976	2954	13	-1	21	114726.3297	115960.8111	1	1
59	2976	2955	13	-1	20	114726.3297	115960.8111	1	1
59	2976	2956	13	-1	19	114726.3297	115960.8111	1	1
59	2976	2957	13	-1	18	114726.3297	115960.8111	1	1
59	2976	2958	13	-1	17	114726.3297	115960.8111	1	1
59	2976	2959	13	-1	16	114726.3297	115960.8111	1	1
59	2976	2960	13	-1	15	114726.3297	115960.8111	1	1
59	2976	2961	13	-1	14	114726.3297	115960.8111	1	1
59	2976	2962	13	-1	13	114726.3297	115960.8111	1	1
59	2976	2963	13	-1	12	114726.3297	115960.8111	1	1
59	2976	2964	13	-1	11	114726.3297	115960.8111	1	1
59	2976	2965	13	-1	10	114726.3297	115960.8111	1	1
59	2976	2966	13	-1	9	114726.3297	115960.8111	1	1
59	2976	2967	13	-1	8	114726.3297	115960.8111	1	1
59	2976	2968	13	-1	7	114726.3297	115960.8111	1	1
59	2976	2969	13	-1	6	114726.3297	115960.8111	1	1
59	2976	2970	13	-1	5	114726.3297	115960.8111	1	1
59	2976	2971	13	-1	4	114726.3297	115960.8111	1	1
59	2976	2972	13	-1	3	114726.3297	115960.8111	1	1
59	2976	2973	13	-1	2	114726.3297	115960.8111	1	1
59	2976	2974	13	-1	1	114726.3297	115960.8111	1	1
59	2976	2975	13	-1	0	114726.3297	115960.8111	1	1
60	2848	2832	11	-1	32	113073.8818	114306.4841	1	1
60	2848	2833	11	-1	31	113073.8467	114306.4491	1	0
60	2848	2834	11	-1	30	113073.8818	114306.4841	1	1
60	2848	2835	11	-1	29	113073.8818	114306.4841	1	1
60	2848	2836	11	-1	28	113073.8818	114306.4841	1	1
60	2848	2837	11	-1	27	113073.8818	114306.4841	1	1
60	2848	2838	11	-1	26	113073.8818	114306.4841	1	1
60	2848	2839	11	-1	25	113073.8818	114306.4841	1	1
60	2848	2840	12	-1	24	113073.8818	114306.4841	1	1
60	2848	2841	12	-1	23	113073.8818	114306.4841	1	1
60	2848	2842	12	-1	22	113073.8818	114306.4841	1	1
60	2848	2843	12	-1	21	113073.8818	114306.4841	1	1
60	2848	2844	12	-1	20	113073.8818	114306.4841	1	1
60	2848	2845	12	-1	19	113073.8818	114306.4841	1	1
60	2848	2846	12	-1	18	113073.8818	114306.4841	1	1
60	2848	2847	12	-1	17	113073.8818	114306.4841	1	1
61	2832	2704	10	-1	127	93536.30312	94770.07705	1	1
61	2832	2705	10	-1	126	93536.30312	94770.07705	1	1
61	2832	2706	10	-1	125	93536.30312	94770.07705	1	1
61	2832	2707	10	-1	124	93536.30312	94770.07705	1	1
61	2832	2708	10	-1	123	93536.30312	94770.07705	1	1
61	2832	2709	10	-1	122	93536.30312	94770.07705	1	1
61	2832	2710	10	-1	121	93536.30312	94770.07705	1	1
61	2832	2711	10	-1	120	93536.30312	94770.07705	1	1
61	2832	2712	10	-1	119	93536.30312	94770.07705	1	1
61	2832	2713	10	-1	118	93536.30312	94770.07705	1	1
61	2832	2714	10	-1	117	93536.30312	94770.07705	1	1
61	2832	2715	10	-1	116	93536.30312	94770.07705	1	1
61	2832	2716	10	-1	115	93536.30312	94770.07705	1	1
61	2832	2717	10	-1	114	93536.30312	94770.07705	1	1
61	2832	2718	10	-1	113	93536.30312	94770.07705	1	1
61	2832	2719	10	-1	112	93536.30312	94770.07705	1	1
61	2832	2720	10	-1	111	93536.30312	94770.07705	1	1
61	2832	2721	10	-1	110	93536.30312	94770.07705	1	1
61	2832	2722	10	-1	109	93536.30312	94770.07705	1	1
61	2832	2723	10	-1	108	93536.30312	94770.07705	1	1
61	2832	2724	10	-1	107	93536.30312	94770.07705	1	1
61	2832	2725	10	-1	106	93536.30312	94770.07705	1	1
61	2832	2726	10	-1	105	93536.30312	94770.07705	1	1
61	2832	2727	10	-1	104	93536.30312	94770.07705	1	1
61	2832	2728	10	-1	103	93536.30312	94770.07705	1	1
61	2832	2729	10	-1	102	93536.30312	94770.07705	1	1
61	2832	2730	10	-1	101	93536.30312	94770.07705	1	1
61	2832	2731	10	-1	100	93536.30312	94770.07705	1	1
61	2832	2732	10	-1	99	93536.30312	94770.07705	1	1
61	2832	2733	10	-1	98	93536.30312	94770.07705	1	1
61	2832	2734	10	-1	97	93536.30312	94770.07705	1	1
61	2832	2735	10	-1	96	93536.30312	94770.07705	1	1
61	2832	2736	10	-1	95	93536.30312	94770.07705	1	1
61	2832	2737	10	-1	94	93536.30312	94770.07705	1	1
61	2832	2738	10	-1	93	93536.30312	94770.07705	1	1
61	2832	2739	10	-1	92	93536.30312	94770.07705	1	1
61	2832	2740	10	-1	91	93536.30312	94770.07705	1	1
61	2832	2741	10	-1	90	93536.30312	94770.07705	1	1
61	2832	2742	10	-1	89	93536.30312	94770.07705	1	1
61	2832	2743	10	-1	88	93536.30312	94770.07705	1	1
61	2832	2744	10	-1	87	93536.30312	94770.07705	1	1
61	2832	2745	10	-1	86	93536.30312	94770.07705	1	1
61	2832	2746	10	-1	85	93536.30312	94770.07705	1	1
61	2832	2747	10	-1	84	93536.30312	94770.07705	1	1
61	2832	2748	10	-1	83	93536.30312	94770.07705	1	1
61	2832	2749	10	-1	82	93536.30312	94770.07705	1	1
61	2832	2750	10	-1	81	93536.30312	94770.07705	1	1
61	2832	2751	10	-1	80	93536.30312	94770.07705	1	1
61	2832	2752	10	-1	79	93536.30312	94770.07705	1	1
61	2832	2753	10	-1	78	93536.30312	94770.07705	1	1
61	2832	2754	10	-1	77	93536.30312	94770.07705	1	1
61	2832	2755	10	-1	76	93536.30312	94770.07705	1	1
61	2832	2756	10	-1	75	93536.30312	94770.07705	1	1
61	2832	2757	10	-1	74	93536.30312	94770.07705	1	1
61	2832	2758	10	-1	73	93536.30312	94770.07705	1	1
61	2832	2759	10	-1	72	93536.30312	94770.07705	1	1
61	2832	2760	10	-1	71	93536.30312	94770.07705	1	1
61	2832	2761	10	-1	70	93536.30312	94770.07705	1	1
61	2832	2762	10	-1	69	93536.30312	94770.07705	1	1
61	2832	2763	10	-1	68	93536.30312	94770.07705	1	1
61	2832	2764	10	-1	67	93536.30312	94770.07705	1	1
61	2832	2765	10	-1	66	93536.30312	94770.07705	1	1
61	2832	2766	10	-1	65	93536.30312	94770.07705	1	1
61	2832	2767	10	-1	64	93536.30312	94770.07705	1	1
61	2832	2768	10	-1	63	93536.30312	94770.07705	1	1
61	2832	2769	10	-1	62	93536.30312	94770.07705	1	1
61	2832	2770	10	-1	61	93536.30312	94770.07705	1	1
61	2832	2771	10	-1	60	93536.30312	94770.07705	1	1
61	2832	2772	10	-1	59	93536.30312	94770.07705	1	1
61	2832	2773	10	-1	58	93536.30312	94770.07705	1	1
61	2832	2774	10	-1	57	93536.30312	94770.07705	1	1
61	2832	2775	10	-1	56	93536.30312	94770.07705	1	1
61	2832	2776	10	-1	55	93536.30312	94770.07705	1	1
61	2832	2777	10	-1	54	93536.30312	94770.07705	1	1
61	2832	2778	10	-1	53	93536.30312	94770.07705	1	1
61	2832	2779	10	-1	52	93536.30312	94770.07705	1	1
61	2832	2780	10	-1	51	93536.30312	94770.07705	1	1
61	2832	2781	10	-1	50	93536.30312	94770.07705	1	1
61	2832	2782	10	-1	49	93536.30312	94770.07705	1	1
61	2832	2783	10	-1	48	93536.30312	94770.07705	1	1
61	2832	2784	10	-1	47	93536.30312	94770.07705	1	1
61	2832	2785	10	-1	46	93536.30312	94770.07705	1	1
61	2832	2786	10	-1	45	93536.30312	94770.07705	1	1
61	2832	2787	10	-1	44	93536.30312	94770.07705	1	1
61	2832	2788	10	-1	43	93536.30312	94770.07705	1	1
61	2832	2789	10	-1	42	93536.30312	94770.07705	1	1
61	2832	2790	10	-1	41	93536.30312	94770.07705	1	1
61	2832	2791	10	-1	40	93536.30312	94770.07705	1	1
61	2832	2792	10	-1	39	93536.30312	94770.07705	1	1
61	2832	2793	10	-1	38	93536.30312	94770.07705	1	1
61	2832	2794	10	-1	37	93536.30312	94770.07705	1	1
61	2832	2795	10	-1	36	93536.30312	94770.07705	1	1
61	2832	2796	10	-1	35	93536.30312	94770.07705	1	1
61	2832	2797	10	-1	34	93536.30312	94770.07705	1	1
61	2832	2798	10	-1	33	93536.30312	94770.07705	1	1
61	2832	2799	10	-1	32	93536.30312	93536.30312	0	0
61	2832	2800	10	-1	31	93536.30312	94770.07705	1	1
61	2832	2801	10	-1	30	93536.30312	94770.07705	1	1
61	2832	2802	10	-1	29	93536.30312	94770.07705	1	1
61	2832	2803	10	-1	28	93536.30312	94770.07705	1	1
61	2832	2804	10	-1	27	93536.30312	94770.07705	1	1
61	2832	2805	10	-1	26	93536.30312	94770.07705	1	1
61	2832	2806	10	-1	25	93536.30312	94770.07705	1	1
61	2832	2807	10	-1	24	93536.30312	94770.07705	1	1
61	2832	2808	10	-1	23	93536.30312	94770.07705	1	1
61	2832	2809	10	-1	22	93536.30312	94770.07705	1	1
61	2832	2810	10	-1	21	93536.30312	94770.07705	1	1
61	2832	2811	10	-1	20	93536.30312	94770.07705	1	1
61	2832	2812	10	-1	19	93536.30312	94770.07705	1	1
61	2832	2813	10	-1	18	93536.30312	94770.07705	1	1
61	2832	2814	10	-1	17	93536.30312	94770.07705	1	1
61	2832	2815	10	-1	16	93536.30312	94770.07705	1	1
61	2832	2816	10	-1	15	93536.30312	94770.07705	1	1
61	2832	2817	10	-1	14	93536.30312	94770.07705	1	1
61	2832	2818	10	-1	13	93536.30312	94770.07705	1	1
61	2832	2819	10	-1	12	93536.30312	94770.07705	1	1
61	2832	2820	10	-1	11	93536.30312	94770.07705	1	1
61	2832	2821	10	-1	10	93536.30312	94770.07705	1	1
61	2832	2822	10	-1	9	93536.30312	94770.07705	1	1
61	2832	2823	10	-1	8	93536.30312	94770.07705	1	1
61	2832	2824	10	-1	7	93536.30312	94770.07705	1	1
61	2832	2825	10	-1	6	93536.30312	94770.07705	1	1
61	2832	2826	10	-1	5	93536.30312	94770.07705	1	1
61	2832	2827	10	-1	4	93536.30312	94770.07705	1	1
61	2832	2828	10	-1	3	93536.30312	94770.07705	1	1
61	2832	2829	10	-1	2	93536.30312	94770.07705	1	1
61	2832	2830	10	-1	1	93536.30312	94770.07705	1	1
61	2832	2831	10	-1	0	93536.30312	94770.07705	1	1
62	2704	2700	9	-1	16	90719.06727	91951.66516	1	1
62	2704	2701	9	-1	15	90719.06727	91951.66516	1	1
62	2704	2702	9	-1	14	90719.06727	91951.66516	1	1
62	2704	2703	9	-1	13	90719.06727	91951.66516	1	1
63	2700	2188	8	-1	255	71180.8162	72415.2976	1	1
63	2700	2189	8	-1	254	71180.8162	72415.2976	1	1
63	2700	2190	8	-1	253	71180.8162	72415.2976	1	1
63	2700	2191	8	-1	252	71180.8162	72415.2976	1	1
63	2700	2192	8	-1	251	71180.8162	72415.2976	1	1
63	2700	2193	8	-1	250	71180.8162	72415.2976	1	1
63	2700	2194	8	-1	249	71180.8162	72415.2976	1	1
63	2700	2195	8	-1	248	71180.8162	72415.2976	1	1
63	2700	2196	8	-1	247	71180.8162	72415.2976	1	1
63	2700	2197	8	-1	246	71180.8162	72415.2976	1	1
63	2700	2198	8	-1	245	71180.8162	72415.2976	1	1
63	2700	2199	8	-1	244	71180.8162	72415.2976	1	1
63	2700	2200	8	-1	243	71180.8162	72415.2976	1	1
63	2700	2201	8	-1	242	71180.8162	72415.2976	1	1
63	2700	2202	8	-1	241	71180.8162	72415.2976	1	1
63	2700	2203	8	-1	240	71180.8162	72415.2976	1	1
63	2700	2204	8	-1	239	71180.8162	72415.2976	1	1
63	2700	2205	8	-1	238	71180.8162	72415.2976	1	1
63	2700	2206	8	-1	237	71180.8162	72415.2976	1	1
63	2700	2207	8	-1	236	71180.8162	72415.2976	1	1
63	2700	2208	8	-1	235	71180.8162	72415.2976	1	1
63	2700	2209	8	-1	234	71180.8162	72415.2976	1	1
63	2700	2210	8	-1	233	71180.8162	72415.2976	1	1
63	2700	2211	8	-1	232	71180.8162	72415.2976	1	1
63	2700	2212	8	-1	231	71180.8162	72415.2976	1	1
63	2700	2213	8	-1	230	71180.8162	72415.2976	1	1
63	2700	2214	8	-1	229	71180.8162	72415.2976	1	1
63	2700	2215	8	-1	228	71180.8162	72415.2976	1	1
63	2700	2216	8	-1	227	71180.8162	72415.2976	1	1
63	2700	2217	8	-1	226	71180.8162	72415.2976	1	1
63	2700	2218	8	-1	225	71180.8162	72415.2976	1	1
63	2700	2219	8	-1	224	71180.8162	72415.2976	1	1
63	2700	2220	8	-1	223	71180.8162	72415.2976	1	1
63	2700	2221	8	-1	222	71180.8162	72415.2976	1	1
63	2700	2222	8	-1	221	71180.8162	72415.2976	1	1
63	2700	2223	8	-1	220	71180.8162	72415.2976	1	1
63	2700	2224	8	-1	219	71180.8162	72415.2976	1	1
63	2700	2225	8	-1	218	71180.8162	72415.2976	1	1
63	2700	2226	8	-1	217	71180.8162	72415.2976	1	1
63	2700	2227	8	-1	216	71180.8162	72415.2976	1	1
63	2700	2228	8	-1	215	71180.8162	72415.2976	1	1
63	2700	2229	8	-1	214	71180.8162	72415.2976	1	1
63	2700	2230	8	-1	213	71180.8162	72415.2976	1	1
63	2700	2231	8	-1	212	71180.8162	72415.2976	1	1
63	2700	2232	8	-1	211	71180.8162	72415.2976	1	1
63	2700	2233	8	-1	210	71180.8162	72415.2976	1	1
63	2700	2234	8	-1	209	71180.8162	72415.2976	1	1
63	2700	2235	8	-1	208	71180.8162	72415.2976	1	1
63	2700	2236	8	-1	207	71180.8162	72415.2976	1	1
63	2700	2237	8	-1	206	71180.8162	72415.2976	1	1
63	2700	2238	8	-1	205	71180.8162	72415.2976	1	1
63	2700	2239	8	-1	204	71180.8162	72415.2976	1	1
63	2700	2240	8	-1	203	71180.8162	72415.2976	1	1
63	2700	2241	8	-1	202	71180.8162	72415.2976	1	1
63	2700	2242	8	-1	201	71180.8162	72415.2976	1	1
63	2700	2243	8	-1	200	71180.8162	72415.2976	1	1
63	2700	2244	8	-1	199	71180.8162	72415.2976	1	1
63	2700	2245	8	-1	198	71180.8162	72415.2976	1	1
63	2700	2246	8	-1	197	71180.8162	72415.2976	1	1
63	2700	2247	8	-1	196	71180.8162	72415.2976	1	1
63	2700	2248	8	-1	195	71180.8162	72415.2976	1	1
63	2700	2249	8	-1	194	71180.8162	72415.2976	1	1
63	2700	2250	8	-1	193	71180.8162	72415.2976	1	1
63	2700	2251	8	-1	192	71180.8162	72415.2976	1	1
63	2700	2252	8	-1	191	71180.8162	72415.2976	1	1
63	2700	2253	8	-1	190	71180.8162	72415.2976	1	1
63	2700	2254	8	-1	189	71180.8162	72415.2976	1	1
63	2700	2255	8	-1	188	71180.8162	72415.2976	1	1
63	2700	2256	8	-1	187	71180.8162	72415.2976	1	1
63	2700	2257	8	-1	186	71180.8162	72415.2976	1	1
63	2700	2258	8	-1	185	71180.8162	72415.2976	1	1
63	2700	2259	8	-1	184	71180.8162	72415.2976	1	1
63	2700	2260	8	-1	183	71180.8162	72415.2976	1	1
63	2700	2261	8	-1	182	71180.8162	72415.2976	1	1
63	2700	2262	8	-1	181	71180.8162	72415.2976	1	1
63	2700	2263	8	-1	180	71180.8162	72415.2976	1	1
63	2700	2264	8	-1	179	71180.8162	72415.2976	1	1
63	2700	2265	8	-1	178	71180.8162	72415.2976	1	1
63	2700	2266	8	-1	177	71180.8162	72415.2976	1	1
63	2700	2267	8	-1	176	71180.8162	72415.2976	1	1
63	2700	2268	8	-1	175	71180.8162	72415.2976	1	1
63	2700	2269	8	-1	174	71180.8162	72415.2976	1	1
63	2700	2270	8	-1	173	71180.8162	72415.2976	1	1
63	2700	2271	8	-1	172	71180.8162	72415.2976	1	1
63	2700	2272	8	-1	171	71180.8162	72415.2976	1	1
63	2700	2273	8	-1	170	71180.8162	72415.2976	1	1
63	2700	2274	8	-1	169	71180.8162	72415.2976	1	1
63	2700	2275	8	-1	168	71180.8162	72415.2976	1	1
63	2700	2276	8	-1	167	71180.8162	72415.2976	1	1
63	2700	2277	8	-1	166	71180.8162	72415.2976	1	1
63	2700	2278	8	-1	165	71180.8162	72415.2976	1	1
63	2700	2279	8	-1	164	71180.8162	72415.2976	1	1
63	2700	2280	8	-1	163	71180.8162	72415.2976	1	1
63	2700	2281	8	-1	162	71180.8162	72415.2976	1	1
63	2700	2282	8	-1	161	71180.8162	72415.2976	1	1
63	2700	2283	8	-1	160	71180.8162	72415.2976	1	1
63	2700	2284	8	-1	159	71180.8162	72415.2976	1	1
63	2700	2285	8	-1	158	71180.8162	72415.2976	1	1
63	2700	2286	8	-1	157	71180.8162	72415.2976	1	1
63	2700	2287	8	-1	156	71180.8162	72415.2976	1	1
63	2700	2288	8	-1	155	71180.8162	72415.2976	1	1
63	2700	2289	8	-1	154	71180.8162	72415.2976	1	1
63	2700	2290	8	-1	153	71180.8162	72415.2976	1	1
63	2700	2291	8	-1	152	71180.8162	72415.2976	1	1
63	2700	2292	8	-1	151	71180.8162	72415.2976	1	1
63	2700	2293	8	-1	150	71180.8162	72415.2976	1	1
63	2700	2294	8	-1	149	71180.8162	72415.2976	1	1
63	2700	2295	8	-1	148	71180.8162	72415.2976	1	1
63	2700	2296	8	-1	147	71180.8162	72415.2976	1	1
63	2700	2297	8	-1	146	71180.8162	72415.2976	1	1
63	2700	2298	8	-1	145	71180.8162	72415.2976	1	1
63	2700	2299	8	-1	144	71180.8162	72415.2976	1	1
63	2700	2300	8	-1	143	71180.8162	72415.2976	1	1
63	2700	2301	8	-1	142	71180.8162	72415.2976	1	1
63	2700	2302	8	-1	141	71180.8162	72415.2976	1	1
63	2700	2303	8	-1	140	71180.8162	72415.2976	1	1
63	2700	2304	8	-1	139	71180.8162	72415.2976	1	1
63	2700	2305	8	-1	138	71180.8162	72415.2976	1	1
63	2700	2306	8	-1	137	71180.8162	72415.2976	1	1
63	2700	2307	8	-1	136	71180.8162	72415.2976	1	1
63	2700	2308	8	-1	135	71180.8162	72415.2976	1	1
63	2700	2309	8	-1	134	71180.8162	72415.2976	1	1
63	2700	2310	8	-1	133	71180.8162	72415.2976	1	1
63	2700	2311	8	-1	132	71180.8162	72415.2976	1	1
63	2700	2312	8	-1	131	71180.8162	72415.2976	1	1
63	2700	2313	8	-1	130	71180.8162	72415.2976	1	1
63	2700	2314	8	-1	129	71180.8162	72415.2976	1	1
63	2700	2315	8	-1	128	71180.8162	72415.2976	1	1
63	2700	2316	8	-1	127	71180.8162	72415.2976	1	1
63	2700	2317	8	-1	126	71180.8162	72415.2976	1	1
63	2700	2318	8	-1	125	71180.8162	72415.2976	1	1
63	2700	2319	8	-1	124	71180.8162	72415.2976	1	1
63	2700	2320	8	-1	123	71180.8162	72415.2976	1	1
63	2700	2321	8	-1	122	71180.8162	72415.2976	1	1
63	2700	2322	8	-1	121	71180.8162	72415.2976	1	1
63	2700	2323	8	-1	120	71180.8162	72415.2976	1	1
63	2700	2324	8	-1	119	71180.8162	72415.2976	1	1
63	2700	2325	8	-1	118	71180.8162	72415.2976	1	1
63	2700	2326	8	-1	117	71180.8162	72415.2976	1	1
63	2700	2327	8	-1	116	71180.8162	72415.2976	1	1
63	2700	2328	8	-1	115	71180.8162	72415.2976	1	1
63	2700	2329	8	-1	114	71180.8162	72415.2976	1	1
63	2700	2330	8	-1	113	71180.8162	72415.2976	1	1
63	2700	2331	8	-1	112	71180.8162	72415.2976	1	1
63	2700	2332	8	-1	111	71180.8162	72415.2976	1	1
63	2700	2333	8	-1	110	71180.8162	72415.2976	1	1
63	2700	2334	8	-1	109	71180.8162	72415.2976	1	1
63	2700	2335	8	-1	108	71180.8162	72415.2976	1	1
63	2700	2336	8	-1	107	71180.8162	72415.2976	1	1
63	2700	2337	8	-1	106	71180.8162	72415.2976	1	1
63	2700	2338	8	-1	105	71180.8162	72415.2976	1	1
63	2700	2339	8	-1	104	71180.8162	72415.2976	1	1
63	2700	2340	8	-1	103	71180.8162	72415.2976	1	1
63	2700	2341	8	-1	102	71180.8162	72415.2976	1	1
63	2700	2342	8	-1	101	71180.8162	72415.2976	1	1
63	2700	2343	8	-1	100	71180.8162	72415.2976	1	1
63	2700	2344	8	-1	99	71180.8162	72415.2976	1	1
63	2700	2345	8	-1	98	71180.8162	72415.2976	1	1
63	2700	2346	8	-1	97	71180.8162	72415.2976	1	1
63	2700	2347	8	-1	96	71180.8162	72415.2976	1	1
63	2700	2348	8	-1	95	71180.8162	72415.2976	1	1
63	2700	2349	8	-1	94	71180.8162	72415.2976	1	1
63	2700	2350	8	-1	93	71180.8162	72415.2976	1	1
63	2700	2351	8	-1	92	71180.8162	72415.2976	1	1
63	2700	2352	8	-1	91	71180.8162	72415.2976	1	1
63	2700	2353	8	-1	90	71180.8162	72415.2976	1	1
63	2700	2354	8	-1	89	71180.8162	72415.2976	1	1
63	2700	2355	8	-1	88	71180.8162	72415.2976	1	1
63	2700	2356	8	-1	87	71180.8162	72415.2976	1	1
63	2700	2357	8	-1	86	71180.8162	72415.2976	1	1
63	2700	2358	8	-1	85	71180.8162	72415.2976	1	1
63	2700	2359	8	-1	84	71180.8162	72415.2976	1	1
63	2700	2360	8	-1	83	71180.8162	72415.2976	1	1
63	2700	2361	8	-1	82	71180.8162	72415.2976	1	1
63	2700	2362	8	-1	81	71180.8162	72415.2976	1	1
63	2700	2363	8	-1	80	71180.8162	72415.2976	1	1
63	2700	2364	8	-1	79	71180.8162	72415.2976	1	1
63	2700	2365	8	-1	78	71180.8162	72415.2976	1	1
63	2700	2366	8	-1	77	71180.8162	72415.2976	1	1
63	2700	2367	8	-1	76	71180.8162	72415.2976	1	1
63	2700	2368	8	-1	75	71180.8162	72415.2976	1	1
63	2700	2369	8	-1	74	71180.8162	72415.2976	1	1
63	2700	2370	8	-1	73	71180.8162	72415.2976	1	1
63	2700	2371	8	-1	72	71180.8162	72415.2976	1	1
63	2700	2372	8	-1	71	71180.8162	72415.2976	1	1
63	2700	2373	8	-1	70	71180.8162	72415.2976	1	1
63	2700	2374	8	-1	69	71180.8162	72415.2976	1	1
63	2700	2375	8	-1	68	71180.8162	72415.2976	1	1
63	2700	2376	8	-1	67	71180.8162	72415.2976	1	1
63	2700	2377	8	-1	66	71180.8162	72415.2976	1	1
63	2700	2378	8	-1	65	71180.8162	72415.2976	1	1
63	2700	2379	8	-1	64	71180.8162	72415.2976	1	1
63	2700	2380	8	-1	63	71180.8162	72415.2976	1	1
63	2700	2381	8	-1	62	71180.8162	72415.2976	1	1
63	2700	2382	8	-1	61	71180.8162	72415.2976	1	1
63	2700	2383	8	-1	60	71180.8162	72415.2976	1	1
63	2700	2384	8	-1	59	71180.8162	72415.2976	1	1
63	2700	2385	8	-1	58	71180.8162	72415.2976	1	1
63	2700	2386	8	-1	57	71180.8162	72415.2976	1	1
63	2700	2387	8	-1	56	71180.8162	72415.2976	1	1
63	2700	2388	8	-1	55	71180.8162	72415.2976	1	1
63	2700	2389	8	-1	54	71180.8162	72415.2976	1	1
63	2700	2390	8	-1	53	71180.8162	72415.2976	1	1
63	2700	2391	8	-1	52	71180.8162	72415.2976	1	1
63	2700	2392	8	-1	51	71180.8162	72415.2976	1	1
63	2700	2393	8	-1	50	71180.8162	72415.2976	1	1
63	2700	2394	8	-1	49	71180.8162	72415.2976	1	1
63	2700	2395	8	-1	48	71180.8162	72415.2976	1	1
63	2700	2396	8	-1	47	71180.8162	72415.2976	1	1
63	2700	2397	8	-1	46	71180.8162	72415.2976	1	1
63	2700	2398	8	-1	45	71180.8162	72415.2976	1	1
63	2700	2399	8	-1	44	71180.8162	72415.2976	1	1
63	2700	2400	8	-1	43	71180.8162	72415.2976	1	1
63	2700	2401	8	-1	42	71180.8162	72415.2976	1	1
63	2700	2402	8	-1	41	71180.8162	72415.2976	1	1
63	2700	2403	8	-1	40	71180.8162	72415.2976	1	1
63	2700	2404	8	-1	39	71180.8162	72415.2976	1	1
63	2700	2405	8	-1	38	71180.8162	72415.2976	1	1
63	2700	2406	8	-1	37	71180.8162	72415.2976	1	1
63	2700	2407	8	-1	36	71180.8162	72415.2976	1	1
63	2700	2408	8	-1	35	71180.8162	72415.2976	1	1
63	2700	2409	8	-1	34	71180.8162	72415.2976	1	1
63	2700	2410	8	-1	33	71180.8162	72415.2976	1	1
63	2700	2411	8	-1	32	71180.8162	72415.2976	1	1
63	2700	2412	8	-1	31	71180.8162	72415.2976	1	1
63	2700	2413	8	-1	30	71180.8162	72415.2976	1	1
63	2700	2414	8	-1	29	71180.8162	72415.2976	1	1
63	2700	2415	8	-1	28	71180.8162	72415.2976	1	1
63	2700	2416	8	-1	27	71180.8162	72415.2976	1	1
63	2700	2417	8	-1	26	71180.8162	72415.2976	1	1
63	2700	2418	8	-1	25	71180.8162	72415.2976	1	1
63	2700	2419	8	-1	24	71180.8162	72415.2976	1	1
63	2700	2420	8	-1	23	71180.8162	72415.2976	1	1
63	2700	2421	8	-1	22	71180.8162	72415.2976	1	1
63	2700	2422	8	-1	21	71180.8162	72415.2976	1	1
63	2700	2423	8	-1	20	71180.8162	72415.2976	1	1
63	2700	2424	8	-1	19	71180.8162	72415.2976	1	1
63	2700	2425	8	-1	18	71180.8162	72415.2976	1	1
63	2700	2426	8	-1	17	71180.8162	72415.2976	1	1
63	2700	2427	8	-1	16	71180.8162	71180.8162	0	0
63	2700	2428	8	-1	15	71180.8162	72415.2976	1	1
63	2700	2429	8	-1	14	71180.8162	72415.2976	1	1
63	2700	2430	8	-1	13	71180.8162	72415.2976	1	1
63	2700	2431	8	-1	12	71180.8162	72415.2976	1	1
63	2700	2432	8	-1	11	71180.8162	72415.2976	1	1
63	2700	2433	8	-1	10	71180.8162	72415.2976	1	1
63	2700	2434	8	-1	9	71180.8162	72415.2976	1	1
63	2700	2435	8	-1	8	71180.8162	72415.2976	1	1
63	2700	2436	8	-1	7	71180.8162	72415.2976	1	1
63	2700	2437	8	-1	6	71180.8162	72415.2976	1	1
63	2700	2438	8	-1	5	71180.8162	72415.2976	1	1
63	2700	2439	8	-1	4	71180.8162	72415.2976	1	1
63	2700	2440	8	-1	3	71180.8162	72415.2976	1	1
63	2700	2441	8	-1	2	71180.8162	72415.2976	1	1
63	2700	2442	8	-1	1	71180.8162	72415.2976	1	1
63	2700	2443	8	-1	0	71180.8162	72415.2976	1	1
63	2700	2444	8	-1	255	67713.14912	68947.63051	1	0
63	2700	2445	8	-1	254	67713.14912	68947.63051	1	0
63	2700	2446	8	-1	253	67713.14912	68947.63051	1	0
63	2700	2447	8	-1	252	67713.14912	68947.63051	1	0
63	2700	2448	8	-1	251	67713.14912	68947.63051	1	0
63	2700	2449	8	-1	250	67713.14912	68947.63051	1	0
63	2700	2450	8	-1	249	67713.14912	68947.63051	1	0
63	2700	2451	8	-1	248	67713.14912	68947.63051	1	0
63	2700	2452	8	-1	247	67713.14912	68947.63051	1	0
63	2700	2453	8	-1	246	67713.14912	68947.63051	1	0
63	2700	2454	8	-1	245	67713.14912	68947.63051	1	0
63	2700	2455	8	-1	244	67713.14912	68947.63051	1	0
63	2700	2456	8	-1	243	67713.14912	68947.63051	1	0
63	2700	2457	8	-1	242	67713.14912	68947.63051	1	0
63	2700	2458	8	-1	241	67713.14912	68947.63051	1	0
63	2700	2459	8	-1	240	67713.14912	68947.63051	1	0
63	2700	2460	8	-1	239	67713.14912	68947.63051	1	0
63	2700	2461	8	-1	238	67713.14912	68947.63051	1	0
63	2700	2462	8	-1	237	67713.14912	68947.63051	1	0
63	2700	2463	8	-1	236	67713.14912	68947.63051	1	0
63	2700	2464	8	-1	235	67713.14912	68947.63051	1	0
63	2700	2465	8	-1	234	67713.14912	68947.63051	1	0
63	2700	2466	8	-1	233	67713.14912	68947.63051	1	0
63	2700	2467	8	-1	232	67713.14912	68947.63051	1	0
63	2700	2468	8	-1	231	67713.14912	68947.63051	1	0
63	2700	2469	8	-1	230	67713.14912	68947.63051	1	0
63	2700	2470	8	-1	229	67713.14912	68947.63051	1	0
63	2700	2471	8	-1	228	67713.14912	68947.63051	1	0
63	2700	2472	8	-1	227	67713.14912	68947.63051	1	0
63	2700	2473	8	-1	226	67713.14912	68947.63051	1	0
63	2700	2474	8	-1	225	67713.14912	68947.63051	1	0
63	2700	2475	8	-1	224	67713.14912	68947.63051	1	0
63	2700	2476	8	-1	223	67713.14912	68947.63051	1	0
63	2700	2477	8	-1	222	67713.14912	68947.63051	1	0
63	2700	2478	8	-1	221	67713.14912	68947.63051	1	0
63	2700	2479	8	-1	220	67713.14912	68947.63051	1	0
63	2700	2480	8	-1	219	67713.14912	68947.63051	1	0
63	2700	2481	8	-1	218	67713.14912	68947.63051	1	0
63	2700	2482	8	-1	217	67713.14912	68947.63051	1	0
63	2700	2483	8	-1	216	67713.14912	68947.63051	1	0
63	2700	2484	8	-1	215	67713.14912	68947.63051	1	0
63	2700	2485	8	-1	214	67713.14912	68947.63051	1	0
63	2700	2486	8	-1	213	67713.14912	68947.63051	1	0
63	2700	2487	8	-1	212	67713.14912	68947.63051	1	0
63	2700	2488	8	-1	211	67713.14912	68947.63051	1	0
63	2700	2489	8	-1	210	67713.14912	68947.63051	1	0
63	2700	2490	8	-1	209	67713.14912	68947.63051	1	0
63	2700	2491	8	-1	208	67713.14912	68947.63051	1	0
63	2700	2492	8	-1	207	67713.14912	68947.63051	1	0
63	2700	2493	8	-1	206	67713.14912	68947.63051	1	0
63	2700	2494	8	-1	205	67713.14912	68947.63051	1	0
63	2700	2495	8	-1	204	67713.14912	68947.63051	1	0
63	2700	2496	8	-1	203	67713.14912	68947.63051	1	0
63	2700	2497	8	-1	202	67713.14912	68947.63051	1	0
63	2700	2498	8	-1	201	67713.14912	68947.63051	1	0
63	2700	2499	8	-1	200	67713.14912	68947.63051	1	0
63	2700	2500	8	-1	199	67713.14912	68947.63051	1	0
63	2700	2501	8	-1	198	67713.14912	68947.63051	1	0
63	2700	2502	8	-1	197	67713.14912	68947.63051	1	0
63	2700	2503	8	-1	196	67713.14912	68947.63051	1	0
63	2700	2504	8	-1	195	67713.14912	68947.63051	1	0
63	2700	2505	8	-1	194	67713.14912	68947.63051	1	0
63	2700	2506	8	-1	193	67713.14912	68947.63051	1	0
63	2700	2507	8	-1	192	67713.14912	68947.63051	1	0
63	2700	2508	8	-1	191	67713.14912	68947.63051	1	0
63	2700	2509	8	-1	190	67713.14912	68947.63051	1	0
63	2700	2510	8	-1	189	67713.14912	68947.63051	1	0
63	2700	2511	8	-1	188	67713.14912	68947.63051	1	0
63	2700	2512	8	-1	187	67713.14912	68947.63051	1	0
63	2700	2513	8	-1	186	67713.14912	68947.63051	1	0
63	2700	2514	8	-1	185	67713.14912	68947.63051	1	0
63	2700	2515	8	-1	184	67713.14912	68947.63051	1	0
63	2700	2516	8	-1	183	67713.14912	68947.63051	1	0
63	2700	2517	8	-1	182	67713.14912	68947.63051	1	0
63	2700	2518	8	-1	181	67713.14912	68947.63051	1	0
63	2700	2519	8	-1	180	67713.14912	68947.63051	1	0
63	2700	2520	8	-1	179	67713.14912	68947.63051	1	0
63	2700	2521	8	-1	178	67713.14912	68947.63051	1	0
63	2700	2522	8	-1	177	67713.14912	68947.63051	1	0
63	2700	2523	8	-1	176	67713.14912	68947.63051	1	0
63	2700	2524	8	-1	175	67713.14912	68947.63051	1	0
63	2700	2525	8	-1	174	67713.14912	68947.63051	1	0
63	2700	2526	8	-1	173	67713.14912	68947.63051	1	0
63	2700	2527	8	-1	172	67713.14912	68947.63051	1	0
63	2700	2528	8	-1	171	67713.14912	68947.63051	1	0
63	2700	2529	8	-1	170	67713.14912	68947.63051	1	0
63	2700	2530	8	-1	169	67713.14912	68947.63051	1	0
63	2700	2531	8	-1	168	67713.14912	68947.63051	1	0
63	2700	2532	8	-1	167	67713.14912	68947.63051	1	0
63	2700	2533	8	-1	166	67713.14912	68947.63051	1	0
63	2700	2534	8	-1	165	67713.14912	68947.63051	1	0
63	2700	2535	8	-1	164	67713.14912	68947.63051	1	0
63	2700	2536	8	-1	163	67713.14912	68947.63051	1	0
63	2700	2537	8	-1	162	67713.14912	68947.63051	1	0
63	2700	2538	8	-1	161	67713.14912	68947.63051	1	0
63	2700	2539	8	-1	160	67713.14912	68947.63051	1	0
63	2700	2540	8	-1	159	67713.14912	68947.63051	1	0
63	2700	2541	8	-1	158	67713.14912	68947.63051	1	0
63	2700	2542	8	-1	157	67713.14912	68947.63051	1	0
63	2700	2543	8	-1	156	67713.14912	68947.63051	1	0
63	2700	2544	8	-1	155	67713.14912	68947.63051	1	0
63	2700	2545	8	-1	154	67713.14912	68947.63051	1	0
63	2700	2546	8	-1	153	67713.14912	68947.63051	1	0
63	2700	2547	8	-1	152	67713.14912	68947.63051	1	0
63	2700	2548	8	-1	151	67713.14912	68947.63051	1	0
63	2700	2549	8	-1	150	67713.14912	68947.63051	1	0
63	2700	2550	8	-1	149	67713.14912	68947.63051	1	0
63	2700	2551	8	-1	148	67713.14912	68947.63051	1	0
63	2700	2552	8	-1	147	67713.14912	68947.63051	1	0
63	2700	2553	8	-1	146	67713.14912	68947.63051	1	0
63	2700	2554	8	-1	145	67713.14912	68947.63051	1	0
63	2700	2555	8	-1	144	67713.14912	68947.63051	1	0
63	2700	2556	8	-1	143	67713.14912	68947.63051	1	0
63	2700	2557	8	-1	142	67713.14912	68947.63051	1	0
63	2700	2558	8	-1	141	67713.14912	68947.63051	1	0
63	2700	2559	8	-1	140	67713.14912	68947.63051	1	0
63	2700	2560	8	-1	139	67713.14912	68947.63051	1	0
63	2700	2561	8	-1	138	67713.14912	68947.63051	1	0
63	2700	2562	8	-1	137	67713.14912	68947.63051	1	0
63	2700	2563	8	-1	136	67713.14912	68947.63051	1	0
63	2700	2564	8	-1	135	67713.14912	68947.63051	1	0
63	2700	2565	8	-1	134	67713.14912	68947.63051	1	0
63	2700	2566	8	-1	133	67713.14912	68947.63051	1	0
63	2700	2567	8	-1	132	67713.14912	68947.63051	1	0
63	2700	2568	8	-1	131	67713.14912	68947.63051	1	0
63	2700	2569	8	-1	130	67713.14912	68947.63051	1	0
63	2700	2570	8	-1	129	67713.14912	68947.63051	1	0
63	2700	2571	8	-1	128	67713.14912	68947.63051	1	0
63	2700	2572	8	-1	127	67713.14912	68947.63051	1	0
63	2700	2573	8	-1	126	67713.14912	68947.63051	1	0
63	2700	2574	8	-1	125	67713.14912	68947.63051	1	0
63	2700	2575	8	-1	124	67713.14912	68947.63051	1	0
63	2700	2576	8	-1	123	67713.14912	68947.63051	1	0
63	2700	2577	8	-1	122	67713.14912	68947.63051	1	0
63	2700	2578	8	-1	121	67713.14912	68947.63051	1	0
63	2700	2579	8	-1	120	67713.14912	68947.63051	1	0
63	2700	2580	8	-1	119	67713.14912	68947.63051	1	0
63	2700	2581	8	-1	118	67713.14912	68947.63051	1	0
63	2700	2582	8	-1	117	67713.14912	68947.63051	1	0
63	2700	2583	8	-1	116	67713.14912	68947.63051	1	0
63	2700	2584	8	-1	115	67713.14912	68947.63051	1	0
63	2700	2585	8	-1	114	67713.14912	68947.63051	1	0
63	2700	2586	8	-1	113	67713.14912	68947.63051	1	0
63	2700	2587	8	-1	112	67713.14912	68947.63051	1	0
63	2700	2588	8	-1	111	67713.14912	68947.63051	1	0
63	2700	2589	8	-1	110	67713.14912	68947.63051	1	0
63	2700	2590	8	-1	109	67713.14912	68947.63051	1	0
63	2700	2591	8	-1	108	67713.14912	68947.63051	1	0
63	2700	2592	8	-1	107	67713.14912	68947.63051	1	0
63	2700	2593	8	-1	106	67713.14912	68947.63051	1	0
63	2700	2594	8	-1	105	67713.14912	68947.63051	1	0
63	2700	2595	8	-1	104	67713.14912	68947.63051	1	0
63	2700	2596	8	-1	103	67713.14912	68947.63051	1	0
63	2700	2597	8	-1	102	67713.14912	68947.63051	1	0
63	2700	2598	8	-1	101	67713.14912	68947.63051	1	0
63	2700	2599	8	-1	100	67713.14912	68947.63051	1	0
63	2700	2600	8	-1	99	67713.14912	68947.63051	1	0
63	2700	2601	8	-1	98	67713.14912	68947.63051	1	0
63	2700	2602	8	-1	97	67713.14912	68947.63051	1	0
63	2700	2603	8	-1	96	67713.14912	68947.63051	1	0
63	2700	2604	8	-1	95	67713.14912	68947.63051	1	0
63	2700	2605	8	-1	94	67713.14912	68947.63051	1	0
63	2700	2606	8	-1	93	67713.14912	68947.63051	1	0
63	2700	2607	8	-1	92	67713.14912	68947.63051	1	0
63	2700	2608	8	-1	91	67713.14912	68947.63051	1	0
63	2700	2609	8	-1	90	67713.14912	68947.63051	1	0
63	2700	2610	8	-1	89	67713.14912	68947.63051	1	0
63	2700	2611	8	-1	88	67713.14912	68947.63051	1	0
63	2700	2612	8	-1	87	67713.14912	68947.63051	1	0
63	2700	2613	8	-1	86	67713.14912	68947.63051	1	0
63	2700	2614	8	-1	85	67713.14912	68947.63051	1	0
63	2700	2615	8	-1	84	67713.14912	68947.63051	1	0
63	2700	2616	8	-1	83	67713.14912	68947.63051	1	0
63	2700	2617	8	-1	82	67713.14912	68947.63051	1	0
63	2700	2618	8	-1	81	67713.14912	68947.63051	1	0
63	2700	2619	8	-1	80	67713.14912	68947.63051	1	0
63	2700	2620	8	-1	79	67713.14912	68947.63051	1	0
63	2700	2621	8	-1	78	67713.14912	68947.63051	1	0
63	2700	2622	8	-1	77	67713.14912	68947.63051	1	0
63	2700	2623	8	-1	76	67713.14912	68947.63051	1	0
63	2700	2624	8	-1	75	67713.14912	68947.63051	1	0
63	2700	2625	8	-1	74	67713.14912	68947.63051	1	0
63	2700	2626	8	-1	73	67713.14912	68947.63051	1	0
63	2700	2627	8	-1	72	67713.14912	68947.63051	1	0
63	2700	2628	8	-1	71	67713.14912	68947.63051	1	0
63	2700	2629	8	-1	70	67713.14912	68947.63051	1	0
63	2700	2630	8	-1	69	67713.14912	68947.63051	1	0
63	2700	2631	8	-1	68	67713.14912	68947.63051	1	0
63	2700	2632	8	-1	67	67713.14912	68947.63051	1	0
63	2700	2633	8	-1	66	67713.14912	68947.63051	1	0
63	2700	2634	8	-1	65	67713.14912	68947.63051	1	0
63	2700	2635	8	-1	64	67713.14912	68947.63051	1	0
63	2700	2636	8	-1	63	67713.14912	68947.63051	1	0
63	2700	2637	8	-1	62	67713.14912	68947.63051	1	0
63	2700	2638	8	-1	61	67713.14912	68947.63051	1	0
63	2700	2639	8	-1	60	67713.14912	68947.63051	1	0
63	2700	2640	8	-1	59	67713.14912	68947.63051	1	0
63	2700	2641	8	-1	58	67713.14912	68947.63051	1	0
63	2700	2642	8	-1	57	67713.14912	68947.63051	1	0
63	2700	2643	8	-1	56	67713.14912	68947.63051	1	0
63	2700	2644	8	-1	55	67713.14912	68947.63051	1	0
63	2700	2645	8	-1	54	67713.14912	68947.63051	1	0
63	2700	2646	8	-1	53	67713.14912	68947.63051	1	0
63	2700	2647	8	-1	52	67713.14912	68947.63051	1	0
63	2700	2648	8	-1	51	67713.14912	68947.63051	1	0
63	2700	2649	8	-1	50	67713.14912	68947.63051	1	0
63	2700	2650	8	-1	49	67713.14912	68947.63051	1	0
63	2700	2651	8	-1	48	67713.14912	68947.63051	1	0
63	2700	2652	8	-1	47	67713.14912	68947.63051	1	0
63	2700	2653	8	-1	46	67713.14912	68947.63051	1	0
63	2700	2654	8	-1	45	67713.14912	68947.63051	1	0
63	2700	2655	8	-1	44	67713.14912	68947.63051	1	0
63	2700	2656	8	-1	43	67713.14912	68947.63051	1	0
63	2700	2657	8	-1	42	67713.14912	68947.63051	1	0
63	2700	2658	8	-1	41	67713.14912	68947.63051	1	0
63	2700	2659	8	-1	40	67713.14912	68947.63051	1	0
63	2700	2660	8	-1	39	67713.14912	68947.63051	1	0
63	2700	2661	8	-1	38	67713.14912	68947.63051	1	0
63	2700	2662	8	-1	37	67713.14912	68947.63051	1	0
63	2700	2663	8	-1	36	67713.14912	68947.63051	1	0
63	2700	2664	8	-1	35	67713.14912	68947.63051	1	0
63	2700	2665	8	-1	34	67713.14912	68947.63051	1	0
63	2700	2666	8	-1	33	67713.14912	68947.63051	1	0
63	2700	2667	8	-1	32	67713.14912	68947.63051	1	0
63	2700	2668	8	-1	31	67713.14912	68947.63051	1	0
63	2700	2669	8	-1	30	67713.14912	68947.63051	1	0
63	2700	2670	8	-1	29	67713.14912	68947.63051	1	0
63	2700	2671	8	-1	28	67713.14912	68947.63051	1	0
63	2700	2672	8	-1	27	67713.14912	68947.63051	1	0
63	2700	2673	8	-1	26	67713.14912	68947.63051	1	0
63	2700	2674	8	-1	25	67713.14912	68947.63051	1	0
63	2700	2675	8	-1	24	67713.14912	68947.63051	1	0
63	2700	2676	8	-1	23	67713.14912	68947.63051	1	0
63	2700	2677	8	-1	22	67713.14912	68947.63051	1	0
63	2700	2678	8	-1	21	67713.14912	68947.63051	1	0
63	2700	2679	8	-1	20	67713.14912	68947.63051	1	0
63	2700	2680	8	-1	19	67713.14912	68947.63051	1	0
63	2700	2681	8	-1	18	67713.14912	68947.63051	1	0
63	2700	2682	8	-1	17	67713.14912	68947.63051	1	0
63	2700	2683	8	-1	16	67713.14912	67713.14912	0	0
63	2700	2684	8	-1	15	67713.14912	68947.63051	1	0
63	2700	2685	8	-1	14	67713.14912	68947.63051	1	0
63	2700	2686	8	-1	13	67713.14912	68947.63051	1	0
63	2700	2687	8	-1	12	67713.14912	68947.63051	1	0
63	2700	2688	8	-1	11	67713.14912	68947.63051	1	0
63	2700	2689	8	-1	10	67713.14912	68947.63051	1	0
63	2700	2690	8	-1	9	67713.14912	68947.63051	1	0
63	2700	2691	8	-1	8	67713.14912	68947.63051	1	0
63	2700	2692	8	-1	7	67713.14912	68947.63051	1	0
63	2700	2693	8	-1	6	67713.14912	68947.63051	1	0
63	2700	2694	8	-1	5	67713.14912	68947.63051	1	0
63	2700	2695	8	-1	4	67713.14912	68947.63051	1	0
63	2700	2696	8	-1	3	67713.14912	68947.63051	1	0
63	2700	2697	8	-1	2	67713.14912	68947.63051	1	0
63	2700	2698	8	-1	1	67713.14912	68947.63051	1	0
63	2700	2699	8	-1	0	67713.14912	68947.63051	1	0
64	2188	140	4	-1	255	68187.44671	68187.44671	0	1
64	2188	1164	6	-1	255	44709.90578	44709.90578	0	0
64	2188	1165	6	-1	254	44709.90578	45941.7101	1	0
64	2188	1166	6	-1	253	44709.90578	45941.7101	1	0
64	2188	1167	6	-1	252	44709.90578	45941.7101	1	0
64	2188	1168	6	-1	251	44709.90578	45941.7101	1	0
64	2188	1169	6	-1	250	44709.90578	45941.7101	1	0
64	2188	1170	6	-1	249	44709.90578	45941.7101	1	0
64	2188	1171	6	-1	248	44709.90578	45941.7101	1	0
64	2188	1172	6	-1	247	44709.90578	45941.7101	1	0
64	2188	1173	6	-1	246	44709.90578	45941.7101	1	0
64	2188	1174	6	-1	245	44709.90578	45941.7101	1	0
64	2188	1175	6	-1	244	44709.90578	45941.7101	1	0
64	2188	1176	6	-1	243	44709.90578	45941.7101	1	0
64	2188	1177	6	-1	242	44709.90578	45941.7101	1	0
64	2188	1178	6	-1	241	44709.90578	45941.7101	1	0
64	2188	1179	6	-1	240	44709.90578	45941.7101	1	0
64	2188	1180	6	-1	239	44709.90578	45941.7101	1	0
64	2188	1181	6	-1	238	44709.90578	45941.7101	1	0
64	2188	1182	6	-1	237	44709.90578	45941.7101	1	0
64	2188	1183	6	-1	236	44709.90578	45941.7101	1	0
64	2188	1184	6	-1	235	44709.90578	45941.7101	1	0
64	2188	1185	6	-1	234	44709.90578	45941.7101	1	0
64	2188	1186	6	-1	233	44709.90578	45941.7101	1	0
64	2188	1187	6	-1	232	44709.90578	45941.7101	1	0
64	2188	1188	6	-1	231	44709.90578	45941.7101	1	0
64	2188	1189	6	-1	230	44709.90578	45941.7101	1	0
64	2188	1190	6	-1	229	44709.90578	45941.7101	1	0
64	2188	1191	6	-1	228	44709.90578	45941.7101	1	0
64	2188	1192	6	-1	227	44709.90578	45941.7101	1	0
64	2188	1193	6	-1	226	44709.90578	45941.7101	1	0
64	2188	1194	6	-1	225	44709.90578	45941.7101	1	0
64	2188	1195	6	-1	224	44709.90578	45941.7101	1	0
64	2188	1196	6	-1	223	44709.90578	45941.7101	1	0
64	2188	1197	6	-1	222	44709.90578	45941.7101	1	0
64	2188	1198	6	-1	221	44709.90578	45941.7101	1	0
64	2188	1199	6	-1	220	44709.90578	45941.7101	1	0
64	2188	1200	6	-1	219	44709.90578	45941.7101	1	0
64	2188	1201	6	-1	218	44709.90578	45941.7101	1	0
64	2188	1202	6	-1	217	44709.90578	45941.7101	1	0
64	2188	1203	6	-1	216	44709.90578	45941.7101	1	0
64	2188	1204	6	-1	215	44709.90578	45941.7101	1	0
64	2188	1205	6	-1	214	44709.90578	45941.7101	1	0
64	2188	1206	6	-1	213	44709.90578	45941.7101	1	0
64	2188	1207	6	-1	212	44709.90578	45941.7101	1	0
64	2188	1208	6	-1	211	44709.90578	45941.7101	1	0
64	2188	1209	6	-1	210	44709.90578	45941.7101	1	0
64	2188	1210	6	-1	209	44709.90578	45941.7101	1	0
64	2188	1211	6	-1	208	44709.90578	45941.7101	1	0
64	2188	1212	6	-1	207	44709.90578	45941.7101	1	0
64	2188	1213	6	-1	206	44709.90578	45941.7101	1	0
64	2188	1214	6	-1	205	44709.90578	45941.7101	1	0
64	2188	1215	6	-1	204	44709.90578	45941.7101	1	0
64	2188	1216	6	-1	203	44709.90578	45941.7101	1	0
64	2188	1217	6	-1	202	44709.90578	45941.7101	1	0
64	2188	1218	6	-1	201	44709.90578	45941.7101	1	0
64	2188	1219	6	-1	200	44709.90578	45941.7101	1	0
64	2188	1220	6	-1	199	44709.90578	45941.7101	1	0
64	2188	1221	6	-1	198	44709.90578	45941.7101	1	0
64	2188	1222	6	-1	197	44709.90578	45941.7101	1	0
64	2188	1223	6	-1	196	44709.90578	45941.7101	1	0
64	2188	1224	6	-1	195	44709.90578	45941.7101	1	0
64	2188	1225	6	-1	194	44709.90578	45941.7101	1	0
64	2188	1226	6	-1	193	44709.90578	45941.7101	1	0
64	2188	1227	6	-1	192	44709.90578	45941.7101	1	0
64	2188	1228	6	-1	191	44709.90578	45941.7101	1	0
64	2188	1229	6	-1	190	44709.90578	45941.7101	1	0
64	2188	1230	6	-1	189	44709.90578	45941.7101	1	0
64	2188	1231	6	-1	188	44709.90578	45941.7101	1	0
64	2188	1232	6	-1	187	44709.90578	45941.7101	1	0
64	2188	1233	6	-1	186	44709.90578	45941.7101	1	0
64	2188	1234	6	-1	185	44709.90578	45941.7101	1	0
64	2188	1235	6	-1	184	44709.90578	45941.7101	1	0
64	2188	1236	6	-1	183	44709.90578	45941.7101	1	0
64	2188	1237	6	-1	182	44709.90578	45941.7101	1	0
64	2188	1238	6	-1	181	44709.90578	45941.7101	1	0
64	2188	1239	6	-1	180	44709.90578	45941.7101	1	0
64	2188	1240	6	-1	179	44709.90578	45941.7101	1	0
64	2188	1241	6	-1	178	44709.90578	45941.7101	1	0
64	2188	1242	6	-1	177	44709.90578	45941.7101	1	0
64	2188	1243	6	-1	176	44709.90578	45941.7101	1	0
64	2188	1244	6	-1	175	44709.90578	45941.7101	1	0
64	2188	1245	6	-1	174	44709.90578	45941.7101	1	0
64	2188	1246	6	-1	173	44709.90578	45941.7101	1	0
64	2188	1247	6	-1	172	44709.90578	45941.7101	1	0
64	2188	1248	6	-1	171	44709.90578	45941.7101	1	0
64	2188	1249	6	-1	170	44709.90578	45941.7101	1	0
64	2188	1250	6	-1	169	44709.90578	45941.7101	1	0
64	2188	1251	6	-1	168	44709.90578	45941.7101	1	0
64	2188	1252	6	-1	167	44709.90578	45941.7101	1	0
64	2188	1253	6	-1	166	44709.90578	45941.7101	1	0
64	2188	1254	6	-1	165	44709.90578	45941.7101	1	0
64	2188	1255	6	-1	164	44709.90578	45941.7101	1	0
64	2188	1256	6	-1	163	44709.90578	45941.7101	1	0
64	2188	1257	6	-1	162	44709.90578	45941.7101	1	0
64	2188	1258	6	-1	161	44709.90578	45941.7101	1	0
64	2188	1259	6	-1	160	44709.90578	45941.7101	1	0
64	2188	1260	6	-1	159	44709.90578	45941.7101	1	0
64	2188	1261	6	-1	158	44709.90578	45941.7101	1	0
64	2188	1262	6	-1	157	44709.90578	45941.7101	1	0
64	2188	1263	6	-1	156	44709.90578	45941.7101	1	0
64	2188	1264	6	-1	155	44709.90578	45941.7101	1	0
64	2188	1265	6	-1	154	44709.90578	45941.7101	1	0
64	2188	1266	6	-1	153	44709.90578	45941.7101	1	0
64	2188	1267	6	-1	152	44709.90578	45941.7101	1	0
64	2188	1268	6	-1	151	44709.90578	45941.7101	1	0
64	2188	1269	6	-1	150	44709.90578	45941.7101	1	0
64	2188	1270	6	-1	149	44709.90578	45941.7101	1	0
64	2188	1271	6	-1	148	44709.90578	45941.7101	1	0
64	2188	1272	6	-1	147	44709.90578	45941.7101	1	0
64	2188	1273	6	-1	146	44709.90578	45941.7101	1	0
64	2188	1274	6	-1	145	44709.90578	45941.7101	1	0
64	2188	1275	6	-1	144	44709.90578	45941.7101	1	0
64	2188	1276	6	-1	143	44709.90578	45941.7101	1	0
64	2188	1277	6	-1	142	44709.90578	45941.7101	1	0
64	2188	1278	6	-1	141	44709.90578	45941.7101	1	0
64	2188	1279	6	-1	140	44709.90578	45941.7101	1	0
64	2188	1280	6	-1	139	44709.90578	45941.7101	1	0
64	2188	1281	6	-1	138	44709.90578	45941.7101	1	0
64	2188	1282	6	-1	137	44709.90578	45941.7101	1	0
64	2188	1283	6	-1	136	44709.90578	45941.7101	1	0
64	2188	1284	6	-1	135	44709.90578	45941.7101	1	0
64	2188	1285	6	-1	134	44709.90578	45941.7101	1	0
64	2188	1286	6	-1	133	44709.90578	45941.7101	1	0
64	2188	1287	6	-1	132	44709.90578	45941.7101	1	0
64	2188	1288	6	-1	131	44709.90578	45941.7101	1	0
64	2188	1289	6	-1	130	44709.90578	45941.7101	1	0
64	2188	1290	6	-1	129	44709.90578	45941.7101	1	0
64	2188	1291	6	-1	128	44709.90578	45941.7101	1	0
64	2188	1292	6	-1	127	44709.90578	45941.7101	1	0
64	2188	1293	6	-1	126	44709.90578	45941.7101	1	0
64	2188	1294	6	-1	125	44709.90578	45941.7101	1	0
64	2188	1295	6	-1	124	44709.90578	45941.7101	1	0
64	2188	1296	6	-1	123	44709.90578	45941.7101	1	0
64	2188	1297	6	-1	122	44709.90578	45941.7101	1	0
64	2188	1298	6	-1	121	44709.90578	45941.7101	1	0
64	2188	1299	6	-1	120	44709.90578	45941.7101	1	0
64	2188	1300	6	-1	119	44709.90578	45941.7101	1	0
64	2188	1301	6	-1	118	44709.90578	45941.7101	1	0
64	2188	1302	6	-1	117	44709.90578	45941.7101	1	0
64	2188	1303	6	-1	116	44709.90578	45941.7101	1	0
64	2188	1304	6	-1	115	44709.90578	45941.7101	1	0
64	2188	1305	6	-1	114	44709.90578	45941.7101	1	0
64	2188	1306	6	-1	113	44709.90578	45941.7101	1	0
64	2188	1307	6	-1	112	44709.90578	45941.7101	1	0
64	2188	1308	6	-1	111	44709.90578	45941.7101	1	0
64	2188	1309	6	-1	110	44709.90578	45941.7101	1	0
64	2188	1310	6	-1	109	44709.90578	45941.7101	1	0
64	2188	1311	6	-1	108	44709.90578	45941.7101	1	0
64	2188	1312	6	-1	107	44709.90578	45941.7101	1	0
64	2188	1313	6	-1	106	44709.90578	45941.7101	1	0
64	2188	1314	6	-1	105	44709.90578	45941.7101	1	0
64	2188	1315	6	-1	104	44709.90578	45941.7101	1	0
64	2188	1316	6	-1	103	44709.90578	45941.7101	1	0
64	2188	1317	6	-1	102	44709.90578	45941.7101	1	0
64	2188	1318	6	-1	101	44709.90578	45941.7101	1	0
64	2188	1319	6	-1	100	44709.90578	45941.7101	1	0
64	2188	1320	6	-1	99	44709.90578	45941.7101	1	0
64	2188	1321	6	-1	98	44709.90578	45941.7101	1	0
64	2188	1322	6	-1	97	44709.90578	45941.7101	1	0
64	2188	1323	6	-1	96	44709.90578	45941.7101	1	0
64	2188	1324	6	-1	95	44709.90578	45941.7101	1	0
64	2188	1325	6	-1	94	44709.90578	45941.7101	1	0
64	2188	1326	6	-1	93	44709.90578	45941.7101	1	0
64	2188	1327	6	-1	92	44709.90578	45941.7101	1	0
64	2188	1328	6	-1	91	44709.90578	45941.7101	1	0
64	2188	1329	6	-1	90	44709.90578	45941.7101	1	0
64	2188	1330	6	-1	89	44709.90578	45941.7101	1	0
64	2188	1331	6	-1	88	44709.90578	45941.7101	1	0
64	2188	1332	6	-1	87	44709.90578	45941.7101	1	0
64	2188	1333	6	-1	86	44709.90578	45941.7101	1	0
64	2188	1334	6	-1	85	44709.90578	45941.7101	1	0
64	2188	1335	6	-1	84	44709.90578	45941.7101	1	0
64	2188	1336	6	-1	83	44709.90578	45941.7101	1	0
64	2188	1337	6	-1	82	44709.90578	45941.7101	1	0
64	2188	1338	6	-1	81	44709.90578	45941.7101	1	0
64	2188	1339	6	-1	80	44709.90578	45941.7101	1	0
64	2188	1340	6	-1	79	44709.90578	45941.7101	1	0
64	2188	1341	6	-1	78	44709.90578	45941.7101	1	0
64	2188	1342	6	-1	77	44709.90578	45941.7101	1	0
64	2188	1343	6	-1	76	44709.90578	45941.7101	1	0
64	2188	1344	6	-1	75	44709.90578	45941.7101	1	0
64	2188	1345	6	-1	74	44709.90578	45941.7101	1	0
64	2188	1346	6	-1	73	44709.90578	45941.7101	1	0
64	2188	1347	6	-1	72	44709.90578	45941.7101	1	0
64	2188	1348	6	-1	71	44709.90578	45941.7101	1	0
64	2188	1349	6	-1	70	44709.90578	45941.7101	1	0
64	2188	1350	6	-1	69	44709.90578	45941.7101	1	0
64	2188	1351	6	-1	68	44709.90578	45941.7101	1	0
64	2188	1352	6	-1	67	44709.90578	45941.7101	1	0
64	2188	1353	6	-1	66	44709.90578	45941.7101	1	0
64	2188	1354	6	-1	65	44709.90578	45941.7101	1	0
64	2188	1355	6	-1	64	44709.90578	45941.7101	1	0
64	2188	1356	6	-1	63	44709.90578	45941.7101	1	0
64	2188	1357	6	-1	62	44709.90578	45941.7101	1	0
64	2188	1358	6	-1	61	44709.90578	45941.7101	1	0
64	2188	1359	6	-1	60	44709.90578	45941.7101	1	0
64	2188	1360	6	-1	59	44709.90578	45941.7101	1	0
64	2188	1361	6	-1	58	44709.90578	45941.7101	1	0
64	2188	1362	6	-1	57	44709.90578	45941.7101	1	0
64	2188	1363	6	-1	56	44709.90578	45941.7101	1	0
64	2188	1364	6	-1	55	44709.90578	45941.7101	1	0
64	2188	1365	6	-1	54	44709.90578	45941.7101	1	0
64	2188	1366	6	-1	53	44709.90578	45941.7101	1	0
64	2188	1367	6	-1	52	44709.90578	45941.7101	1	0
64	2188	1368	6	-1	51	44709.90578	45941.7101	1	0
64	2188	1369	6	-1	50	44709.90578	45941.7101	1	0
64	2188	1370	6	-1	49	44709.90578	45941.7101	1	0
64	2188	1371	6	-1	48	44709.90578	45941.7101	1	0
64	2188	1372	6	-1	47	44709.90578	45941.7101	1	0
64	2188	1373	6	-1	46	44709.90578	45941.7101	1	0
64	2188	1374	6	-1	45	44709.90578	45941.7101	1	0
64	2188	1375	6	-1	44	44709.90578	45941.7101	1	0
64	2188	1376	6	-1	43	44709.90578	45941.7101	1	0
64	2188	1377	6	-1	42	44709.90578	45941.7101	1	0
64	2188	1378	6	-1	41	44709.90578	45941.7101	1	0
64	2188	1379	6	-1	40	44709.90578	45941.7101	1	0
64	2188	1380	6	-1	39	44709.90578	45941.7101	1	0
64	2188	1381	6	-1	38	44709.90578	45941.7101	1	0
64	2188	1382	6	-1	37	44709.90578	45941.7101	1	0
64	2188	1383	6	-1	36	44709.90578	45941.7101	1	0
64	2188	1384	6	-1	35	44709.90578	45941.7101	1	0
64	2188	1385	6	-1	34	44709.90578	45941.7101	1	0
64	2188	1386	6	-1	33	44709.90578	45941.7101	1	0
64	2188	1387	6	-1	32	44709.90578	45941.7101	1	0
64	2188	1388	6	-1	31	44709.90578	45941.7101	1	0
64	2188	1389	6	-1	30	44709.90578	45941.7101	1	0
64	2188	1390	6	-1	29	44709.90578	45941.7101	1	0
64	2188	1391	6	-1	28	44709.90578	45941.7101	1	0
64	2188	1392	6	-1	27	44709.90578	45941.7101	1	0
64	2188	1393	6	-1	26	44709.90578	45941.7101	1	0
64	2188	1394	6	-1	25	44709.90578	45941.7101	1	0
64	2188	1395	6	-1	24	44709.90578	45941.7101	1	0
64	2188	1396	6	-1	23	44709.90578	45941.7101	1	0
64	2188	1397	6	-1	22	44709.90578	45941.7101	1	0
64	2188	1398	6	-1	21	44709.90578	45941.7101	1	0
64	2188	1399	6	-1	20	44709.90578	45941.7101	1	0
64	2188	1400	6	-1	19	44709.90578	45941.7101	1	0
64	2188	1401	6	-1	18	44709.90578	45941.7101	1	0
64	2188	1402	6	-1	17	44709.90578	45941.7101	1	0
64	2188	1403	6	-1	16	44709.90578	45941.7101	1	0
64	2188	1404	6	-1	15	44709.90578	45941.7101	1	0
64	2188	1405	6	-1	14	44709.90578	45941.7101	1	0
64	2188	1406	6	-1	13	44709.90578	45941.7101	1	0
64	2188	1407	6	-1	12	44709.90578	45941.7101	1	0
64	2188	1408	6	-1	11	44709.90578	45941.7101	1	0
64	2188	1409	6	-1	10	44709.90578	45941.7101	1	0
64	2188	1410	6	-1	9	44709.90578	45941.7101	1	0
64	2188	1411	6	-1	8	44709.90578	45941.7101	1	0
64	2188	1412	6	-1	7	44709.90578	45941.7101	1	0
64	2188	1413	6	-1	6	44709.90578	45941.7101	1	0
64	2188	1414	6	-1	5	44709.90578	45941.7101	1	0
64	2188	1415	6	-1	4	44709.90578	45941.7101	1	0
64	2188	1416	6	-1	3	44709.90578	45941.7101	1	0
64	2188	1417	6	-1	2	44709.90578	45941.7101	1	0
64	2188	1418	6	-1	1	44709.90578	45941.7101	1	0
64	2188	1419	6	-1	0	44709.90578	45941.7101	1	0
64	2188	1420	6	-1	255	43767.72086	43767.72086	0	0
64	2188	1421	6	-1	254	43767.72086	44999.52518	1	0
64	2188	1422	6	-1	253	43767.72086	44999.52518	1	0
64	2188	1423	6	-1	252	43767.72086	44999.52518	1	0
64	2188	1424	6	-1	251	43767.72086	44999.52518	1	0
64	2188	1425	6	-1	250	43767.72086	44999.52518	1	0
64	2188	1426	6	-1	249	43767.72086	44999.52518	1	0
64	2188	1427	6	-1	248	43767.72086	44999.52518	1	0
64	2188	1428	6	-1	247	43767.72086	44999.52518	1	0
64	2188	1429	6	-1	246	43767.72086	44999.52518	1	0
64	2188	1430	6	-1	245	43767.72086	44999.52518	1	0
64	2188	1431	6	-1	244	43767.72086	44999.52518	1	0
64	2188	1432	6	-1	243	43767.72086	44999.52518	1	0
64	2188	1433	6	-1	242	43767.72086	44999.52518	1	0
64	2188	1434	6	-1	241	43767.72086	44999.52518	1	0
64	2188	1435	6	-1	240	43767.72086	44999.52518	1	0
64	2188	1436	6	-1	239	43767.72086	44999.52518	1	0
64	2188	1437	6	-1	238	43767.72086	44999.52518	1	0
64	2188	1438	6	-1	237	43767.72086	44999.52518	1	0
64	2188	1439	6	-1	236	43767.72086	44999.52518	1	0
64	2188	1440	6	-1	235	43767.72086	44999.52518	1	0
64	2188	1441	6	-1	234	43767.72086	44999.52518	1	0
64	2188	1442	6	-1	233	43767.72086	44999.52518	1	0
64	2188	1443	6	-1	232	43767.72086	44999.52518	1	0
64	2188	1444	6	-1	231	43767.72086	44999.52518	1	0
64	2188	1445	6	-1	230	43767.72086	44999.52518	1	0
64	2188	1446	6	-1	229	43767.72086	44999.52518	1	0
64	2188	1447	6	-1	228	43767.72086	44999.52518	1	0
64	2188	1448	6	-1	227	43767.72086	44999.52518	1	0
64	2188	1449	6	-1	226	43767.72086	44999.52518	1	0
64	2188	1450	6	-1	225	43767.72086	44999.52518	1	0
64	2188	1451	6	-1	224	43767.72086	44999.52518	1	0
64	2188	1452	6	-1	223	43767.72086	44999.52518	1	0
64	2188	1453	6	-1	222	43767.72086	44999.52518	1	0
64	2188	1454	6	-1	221	43767.72086	44999.52518	1	0
64	2188	1455	6	-1	220	43767.72086	44999.52518	1	0
64	2188	1456	6	-1	219	43767.72086	44999.52518	1	0
64	2188	1457	6	-1	218	43767.72086	44999.52518	1	0
64	2188	1458	6	-1	217	43767.72086	44999.52518	1	0
64	2188	1459	6	-1	216	43767.72086	44999.52518	1	0
64	2188	1460	6	-1	215	43767.72086	44999.52518	1	0
64	2188	1461	6	-1	214	43767.72086	44999.52518	1	0
64	2188	1462	6	-1	213	43767.72086	44999.52518	1	0
64	2188	1463	6	-1	212	43767.72086	44999.52518	1	0
64	2188	1464	6	-1	211	43767.72086	44999.52518	1	0
64	2188	1465	6	-1	210	43767.72086	44999.52518	1	0
64	2188	1466	6	-1	209	43767.72086	44999.52518	1	0
64	2188	1467	6	-1	208	43767.72086	44999.52518	1	0
64	2188	1468	6	-1	207	43767.72086	44999.52518	1	0
64	2188	1469	6	-1	206	43767.72086	44999.52518	1	0
64	2188	1470	6	-1	205	43767.72086	44999.52518	1	0
64	2188	1471	6	-1	204	43767.72086	44999.52518	1	0
64	2188	1472	6	-1	203	43767.72086	44999.52518	1	0
64	2188	1473	6	-1	202	43767.72086	44999.52518	1	0
64	2188	1474	6	-1	201	43767.72086	44999.52518	1	0
64	2188	1475	6	-1	200	43767.72086	44999.52518	1	0
64	2188	1476	6	-1	199	43767.72086	44999.52518	1	0
64	2188	1477	6	-1	198	43767.72086	44999.52518	1	0
64	2188	1478	6	-1	197	43767.72086	44999.52518	1	0
64	2188	1479	6	-1	196	43767.72086	44999.52518	1	0
64	2188	1480	6	-1	195	43767.72086	44999.52518	1	0
64	2188	1481	6	-1	194	43767.72086	44999.52518	1	0
64	2188	1482	6	-1	193	43767.72086	44999.52518	1	0
64	2188	1483	6	-1	192	43767.72086	44999.52518	1	0
64	2188	1484	6	-1	191	43767.72086	44999.52518	1	0
64	2188	1485	6	-1	190	43767.72086	44999.52518	1	0
64	2188	1486	6	-1	189	43767.72086	44999.52518	1	0
64	2188	1487	6	-1	188	43767.72086	44999.52518	1	0
64	2188	1488	6	-1	187	43767.72086	44999.52518	1	0
64	2188	1489	6	-1	186	43767.72086	44999.52518	1	0
64	2188	1490	6	-1	185	43767.72086	44999.52518	1	0
64	2188	1491	6	-1	184	43767.72086	44999.52518	1	0
64	2188	1492	6	-1	183	43767.72086	44999.52518	1	0
64	2188	1493	6	-1	182	43767.72086	44999.52518	1	0
64	2188	1494	6	-1	181	43767.72086	44999.52518	1	0
64	2188	1495	6	-1	180	43767.72086	44999.52518	1	0
64	2188	1496	6	-1	179	43767.72086	44999.52518	1	0
64	2188	1497	6	-1	178	43767.72086	44999.52518	1	0
64	2188	1498	6	-1	177	43767.72086	44999.52518	1	0
64	2188	1499	6	-1	176	43767.72086	44999.52518	1	0
64	2188	1500	6	-1	175	43767.72086	44999.52518	1	0
64	2188	1501	6	-1	174	43767.72086	44999.52518	1	0
64	2188	1502	6	-1	173	43767.72086	44999.52518	1	0
64	2188	1503	6	-1	172	43767.72086	44999.52518	1	0
64	2188	1504	6	-1	171	43767.72086	44999.52518	1	0
64	2188	1505	6	-1	170	43767.72086	44999.52518	1	0
64	2188	1506	6	-1	169	43767.72086	44999.52518	1	0
64	2188	1507	6	-1	168	43767.72086	44999.52518	1	0
64	2188	1508	6	-1	167	43767.72086	44999.52518	1	0
64	2188	1509	6	-1	166	43767.72086	44999.52518	1	0
64	2188	1510	6	-1	165	43767.72086	44999.52518	1	0
64	2188	1511	6	-1	164	43767.72086	44999.52518	1	0
64	2188	1512	6	-1	163	43767.72086	44999.52518	1	0
64	2188	1513	6	-1	162	43767.72086	44999.52518	1	0
64	2188	1514	6	-1	161	43767.72086	44999.52518	1	0
64	2188	1515	6	-1	160	43767.72086	44999.52518	1	0
64	2188	1516	6	-1	159	43767.72086	44999.52518	1	0
64	2188	1517	6	-1	158	43767.72086	44999.52518	1	0
64	2188	1518	6	-1	157	43767.72086	44999.52518	1	0
64	2188	1519	6	-1	156	43767.72086	44999.52518	1	0
64	2188	1520	6	-1	155	43767.72086	44999.52518	1	0
64	2188	1521	6	-1	154	43767.72086	44999.52518	1	0
64	2188	1522	6	-1	153	43767.72086	44999.52518	1	0
64	2188	1523	6	-1	152	43767.72086	44999.52518	1	0
64	2188	1524	6	-1	151	43767.72086	44999.52518	1	0
64	2188	1525	6	-1	150	43767.72086	44999.52518	1	0
64	2188	1526	6	-1	149	43767.72086	44999.52518	1	0
64	2188	1527	6	-1	148	43767.72086	44999.52518	1	0
64	2188	1528	6	-1	147	43767.72086	44999.52518	1	0
64	2188	1529	6	-1	146	43767.72086	44999.52518	1	0
64	2188	1530	6	-1	145	43767.72086	44999.52518	1	0
64	2188	1531	6	-1	144	43767.72086	44999.52518	1	0
64	2188	1532	6	-1	143	43767.72086	44999.52518	1	0
64	2188	1533	6	-1	142	43767.72086	44999.52518	1	0
64	2188	1534	6	-1	141	43767.72086	44999.52518	1	0
64	2188	1535	6	-1	140	43767.72086	44999.52518	1	0
64	2188	1536	6	-1	139	43767.72086	44999.52518	1	0
64	2188	1537	6	-1	138	43767.72086	44999.52518	1	0
64	2188	1538	6	-1	137	43767.72086	44999.52518	1	0
64	2188	1539	6	-1	136	43767.72086	44999.52518	1	0
64	2188	1540	6	-1	135	43767.72086	44999.52518	1	0
64	2188	1541	6	-1	134	43767.72086	44999.52518	1	0
64	2188	1542	6	-1	133	43767.72086	44999.52518	1	0
64	2188	1543	6	-1	132	43767.72086	44999.52518	1	0
64	2188	1544	6	-1	131	43767.72086	44999.52518	1	0
64	2188	1545	6	-1	130	43767.72086	44999.52518	1	0
64	2188	1546	6	-1	129	43767.72086	44999.52518	1	0
64	2188	1547	6	-1	128	43767.72086	44999.52518	1	0
64	2188	1548	6	-1	127	43767.72086	44999.52518	1	0
64	2188	1549	6	-1	126	43767.72086	44999.52518	1	0
64	2188	1550	6	-1	125	43767.72086	44999.52518	1	0
64	2188	1551	6	-1	124	43767.72086	44999.52518	1	0
64	2188	1552	6	-1	123	43767.72086	44999.52518	1	0
64	2188	1553	6	-1	122	43767.72086	44999.52518	1	0
64	2188	1554	6	-1	121	43767.72086	44999.52518	1	0
64	2188	1555	6	-1	120	43767.72086	44999.52518	1	0
64	2188	1556	6	-1	119	43767.72086	44999.52518	1	0
64	2188	1557	6	-1	118	43767.72086	44999.52518	1	0
64	2188	1558	6	-1	117	43767.72086	44999.52518	1	0
64	2188	1559	6	-1	116	43767.72086	44999.52518	1	0
64	2188	1560	6	-1	115	43767.72086	44999.52518	1	0
64	2188	1561	6	-1	114	43767.72086	44999.52518	1	0
64	2188	1562	6	-1	113	43767.72086	44999.52518	1	0
64	2188	1563	6	-1	112	43767.72086	44999.52518	1	0
64	2188	1564	6	-1	111	43767.72086	44999.52518	1	0
64	2188	1565	6	-1	110	43767.72086	44999.52518	1	0
64	2188	1566	6	-1	109	43767.72086	44999.52518	1	0
64	2188	1567	6	-1	108	43767.72086	44999.52518	1	0
64	2188	1568	6	-1	107	43767.72086	44999.52518	1	0
64	2188	1569	6	-1	106	43767.72086	44999.52518	1	0
64	2188	1570	6	-1	105	43767.72086	44999.52518	1	0
64	2188	1571	6	-1	104	43767.72086	44999.52518	1	0
64	2188	1572	6	-1	103	43767.72086	44999.52518	1	0
64	2188	1573	6	-1	102	43767.72086	44999.52518	1	0
64	2188	1574	6	-1	101	43767.72086	44999.52518	1	0
64	2188	1575	6	-1	100	43767.72086	44999.52518	1	0
64	2188	1576	6	-1	99	43767.72086	44999.52518	1	0
64	2188	1577	6	-1	98	43767.72086	44999.52518	1	0
64	2188	1578	6	-1	97	43767.72086	44999.52518	1	0
64	2188	1579	6	-1	96	43767.72086	44999.52518	1	0
64	2188	1580	6	-1	95	43767.72086	44999.52518	1	0
64	2188	1581	6	-1	94	43767.72086	44999.52518	1	0
64	2188	1582	6	-1	93	43767.72086	44999.52518	1	0
64	2188	1583	6	-1	92	43767.72086	44999.52518	1	0
64	2188	1584	6	-1	91	43767.72086	44999.52518	1	0
64	2188	1585	6	-1	90	43767.72086	44999.52518	1	0
64	2188	1586	6	-1	89	43767.72086	44999.52518	1	0
64	2188	1587	6	-1	88	43767.72086	44999.52518	1	0
64	2188	1588	6	-1	87	43767.72086	44999.52518	1	0
64	2188	1589	6	-1	86	43767.72086	44999.52518	1	0
64	2188	1590	6	-1	85	43767.72086	44999.52518	1	0
64	2188	1591	6	-1	84	43767.72086	44999.52518	1	0
64	2188	1592	6	-1	83	43767.72086	44999.52518	1	0
64	2188	1593	6	-1	82	43767.72086	44999.52518	1	0
64	2188	1594	6	-1	81	43767.72086	44999.52518	1	0
64	2188	1595	6	-1	80	43767.72086	44999.52518	1	0
64	2188	1596	6	-1	79	43767.72086	44999.52518	1	0
64	2188	1597	6	-1	78	43767.72086	44999.52518	1	0
64	2188	1598	6	-1	77	43767.72086	44999.52518	1	0
64	2188	1599	6	-1	76	43767.72086	44999.52518	1	0
64	2188	1600	6	-1	75	43767.72086	44999.52518	1	0
64	2188	1601	6	-1	74	43767.72086	44999.52518	1	0
64	2188	1602	6	-1	73	43767.72086	44999.52518	1	0
64	2188	1603	6	-1	72	43767.72086	44999.52518	1	0
64	2188	1604	6	-1	71	43767.72086	44999.52518	1	0
64	2188	1605	6	-1	70	43767.72086	44999.52518	1	0
64	2188	1606	6	-1	69	43767.72086	44999.52518	1	0
64	2188	1607	6	-1	68	43767.72086	44999.52518	1	0
64	2188	1608	6	-1	67	43767.72086	44999.52518	1	0
64	2188	1609	6	-1	66	43767.72086	44999.52518	1	0
64	2188	1610	6	-1	65	43767.72086	44999.52518	1	0
64	2188	1611	6	-1	64	43767.72086	44999.52518	1	0
64	2188	1612	6	-1	63	43767.72086	44999.52518	1	0
64	2188	1613	6	-1	62	43767.72086	44999.52518	1	0
64	2188	1614	6	-1	61	43767.72086	44999.52518	1	0
64	2188	1615	6	-1	60	43767.72086	44999.52518	1	0
64	2188	1616	6	-1	59	43767.72086	44999.52518	1	0
64	2188	1617	6	-1	58	43767.72086	44999.52518	1	0
64	2188	1618	6	-1	57	43767.72086	44999.52518	1	0
64	2188	1619	6	-1	56	43767.72086	44999.52518	1	0
64	2188	1620	6	-1	55	43767.72086	44999.52518	1	0
64	2188	1621	6	-1	54	43767.72086	44999.52518	1	0
64	2188	1622	6	-1	53	43767.72086	44999.52518	1	0
64	2188	1623	6	-1	52	43767.72086	44999.52518	1	0
64	2188	1624	6	-1	51	43767.72086	44999.52518	1	0
64	2188	1625	6	-1	50	43767.72086	44999.52518	1	0
64	2188	1626	6	-1	49	43767.72086	44999.52518	1	0
64	2188	1627	6	-1	48	43767.72086	44999.52518	1	0
64	2188	1628	6	-1	47	43767.72086	44999.52518	1	0
64	2188	1629	6	-1	46	43767.72086	44999.52518	1	0
64	2188	1630	6	-1	45	43767.72086	44999.52518	1	0
64	2188	1631	6	-1	44	43767.72086	44999.52518	1	0
64	2188	1632	6	-1	43	43767.72086	44999.52518	1	0
64	2188	1633	6	-1	42	43767.72086	44999.52518	1	0
64	2188	1634	6	-1	41	43767.72086	44999.52518	1	0
64	2188	1635	6	-1	40	43767.72086	44999.52518	1	0
64	2188	1636	6	-1	39	43767.72086	44999.52518	1	0
64	2188	1637	6	-1	38	43767.72086	44999.52518	1	0
64	2188	1638	6	-1	37	43767.72086	44999.52518	1	0
64	2188	1639	6	-1	36	43767.72086	44999.52518	1	0
64	2188	1640	6	-1	35	43767.72086	44999.52518	1	0
64	2188	1641	6	-1	34	43767.72086	44999.52518	1	0
64	2188	1642	6	-1	33	43767.72086	44999.52518	1	0
64	2188	1643	6	-1	32	43767.72086	44999.52518	1	0
64	2188	1644	6	-1	31	43767.72086	44999.52518	1	0
64	2188	1645	6	-1	30	43767.72086	44999.52518	1	0
64	2188	1646	6	-1	29	43767.72086	44999.52518	1	0
64	2188	1647	6	-1	28	43767.72086	44999.52518	1	0
64	2188	1648	6	-1	27	43767.72086	44999.52518	1	0
64	2188	1649	6	-1	26	43767.72086	44999.52518	1	0
64	2188	1650	6	-1	25	43767.72086	44999.52518	1	0
64	2188	1651	6	-1	24	43767.72086	44999.52518	1	0
64	2188	1652	6	-1	23	43767.72086	44999.52518	1	0
64	2188	1653	6	-1	22	43767.72086	44999.52518	1	0
64	2188	1654	6	-1	21	43767.72086	44999.52518	1	0
64	2188	1655	6	-1	20	43767.72086	44999.52518	1	0
64	2188	1656	6	-1	19	43767.72086	44999.52518	1	0
64	2188	1657	6	-1	18	43767.72086	44999.52518	1	0
64	2188	1658	6	-1	17	43767.72086	44999.52518	1	0
64	2188	1659	6	-1	16	43767.72086	44999.52518	1	0
64	2188	1660	6	-1	15	43767.72086	44999.52518	1	0
64	2188	1661	6	-1	14	43767.72086	44999.52518	1	0
64	2188	1662	6	-1	13	43767.72086	44999.52518	1	0
64	2188	1663	6	-1	12	43767.72086	44999.52518	1	0
64	2188	1664	6	-1	11	43767.72086	44999.52518	1	0
64	2188	1665	6	-1	10	43767.72086	44999.52518	1	0
64	2188	1666	6	-1	9	43767.72086	44999.52518	1	0
64	2188	1667	6	-1	8	43767.72086	44999.52518	1	0
64	2188	1668	6	-1	7	43767.72086	44999.52518	1	0
64	2188	1669	6	-1	6	43767.72086	44999.52518	1	0
64	2188	1670	6	-1	5	43767.72086	44999.52518	1	0
64	2188	1671	6	-1	4	43767.72086	44999.52518	1	0
64	2188	1672	6	-1	3	43767.72086	44999.52518	1	0
64	2188	1673	6	-1	2	43767.72086	44999.52518	1	0
64	2188	1674	6	-1	1	43767.72086	44999.52518	1	0
64	2188	1675	6	-1	0	43767.72086	44999.52518	1	0
64	2188	1676	7	-1	255	23289.95969	23289.95969	0	0
64	2188	1677	7	-1	254	23289.95969	24521.76401	1	0
64	2188	1678	7	-1	253	23289.95969	24521.76401	1	0
64	2188	1679	7	-1	252	23289.95969	24521.76401	1	0
64	2188	1680	7	-1	251	23289.95969	24521.76401	1	0
64	2188	1681	7	-1	250	23289.95969	24521.76401	1	0
64	2188	1682	7	-1	249	23289.95969	24521.76401	1	0
64	2188	1683	7	-1	248	23289.95969	24521.76401	1	0
64	2188	1684	7	-1	247	23289.95969	24521.76401	1	0
64	2188	1685	7	-1	246	23289.95969	24521.76401	1	0
64	2188	1686	7	-1	245	23289.95969	24521.76401	1	0
64	2188	1687	7	-1	244	23289.95969	24521.76401	1	0
64	2188	1688	7	-1	243	23289.95969	24521.76401	1	0
64	2188	1689	7	-1	242	23289.95969	24521.76401	1	0
64	2188	1690	7	-1	241	23289.95969	24521.76401	1	0
64	2188	1691	7	-1	240	23289.95969	24521.76401	1	0
64	2188	1692	7	-1	239	23289.95969	24521.76401	1	0
64	2188	1693	7	-1	238	23289.95969	24521.76401	1	0
64	2188	1694	7	-1	237	23289.95969	24521.76401	1	0
64	2188	1695	7	-1	236	23289.95969	24521.76401	1	0
64	2188	1696	7	-1	235	23289.95969	24521.76401	1	0
64	2188	1697	7	-1	234	23289.95969	24521.76401	1	0
64	2188	1698	7	-1	233	23289.95969	24521.76401	1	0
64	2188	1699	7	-1	232	23289.95969	24521.76401	1	0
64	2188	1700	7	-1	231	23289.95969	24521.76401	1	0
64	2188	1701	7	-1	230	23289.95969	24521.76401	1	0
64	2188	1702	7	-1	229	23289.95969	24521.76401	1	0
64	2188	1703	7	-1	228	23289.95969	24521.76401	1	0
64	2188	1704	7	-1	227	23289.95969	24521.76401	1	0
64	2188	1705	7	-1	226	23289.95969	24521.76401	1	0
64	2188	1706	7	-1	225	23289.95969	24521.76401	1	0
64	2188	1707	7	-1	224	23289.95969	24521.76401	1	0
64	2188	1708	7	-1	223	23289.95969	24521.76401	1	0
64	2188	1709	7	-1	222	23289.95969	24521.76401	1	0
64	2188	1710	7	-1	221	23289.95969	24521.76401	1	0
64	2188	1711	7	-1	220	23289.95969	24521.76401	1	0
64	2188	1712	7	-1	219	23289.95969	24521.76401	1	0
64	2188	1713	7	-1	218	23289.95969	24521.76401	1	0
64	2188	1714	7	-1	217	23289.95969	24521.76401	1	0
64	2188	1715	7	-1	216	23289.95969	24521.76401	1	0
64	2188	1716	7	-1	215	23289.95969	24521.76401	1	0
64	2188	1717	7	-1	214	23289.95969	24521.76401	1	0
64	2188	1718	7	-1	213	23289.95969	24521.76401	1	0
64	2188	1719	7	-1	212	23289.95969	24521.76401	1	0
64	2188	1720	7	-1	211	23289.95969	24521.76401	1	0
64	2188	1721	7	-1	210	23289.95969	24521.76401	1	0
64	2188	1722	7	-1	209	23289.95969	24521.76401	1	0
64	2188	1723	7	-1	208	23289.95969	24521.76401	1	0
64	2188	1724	7	-1	207	23289.95969	24521.76401	1	0
64	2188	1725	7	-1	206	23289.95969	24521.76401	1	0
64	2188	1726	7	-1	205	23289.95969	24521.76401	1	0
64	2188	1727	7	-1	204	23289.95969	24521.76401	1	0
64	2188	1728	7	-1	203	23289.95969	24521.76401	1	0
64	2188	1729	7	-1	202	23289.95969	24521.76401	1	0
64	2188	1730	7	-1	201	23289.95969	24521.76401	1	0
64	2188	1731	7	-1	200	23289.95969	24521.76401	1	0
64	2188	1732	7	-1	199	23289.95969	24521.76401	1	0
64	2188	1733	7	-1	198	23289.95969	24521.76401	1	0
64	2188	1734	7	-1	197	23289.95969	24521.76401	1	0
64	2188	1735	7	-1	196	23289.95969	24521.76401	1	0
64	2188	1736	7	-1	195	23289.95969	24521.76401	1	0
64	2188	1737	7	-1	194	23289.95969	24521.76401	1	0
64	2188	1738	7	-1	193	23289.95969	24521.76401	1	0
64	2188	1739	7	-1	192	23289.95969	24521.76401	1	0
64	2188	1740	7	-1	191	23289.95969	24521.76401	1	0
64	2188	1741	7	-1	190	23289.95969	24521.76401	1	0
64	2188	1742	7	-1	189	23289.95969	24521.76401	1	0
64	2188	1743	7	-1	188	23289.95969	24521.76401	1	0
64	2188	1744	7	-1	187	23289.95969	24521.76401	1	0
64	2188	1745	7	-1	186	23289.95969	24521.76401	1	0
64	2188	1746	7	-1	185	23289.95969	24521.76401	1	0
64	2188	1747	7	-1	184	23289.95969	24521.76401	1	0
64	2188	1748	7	-1	183	23289.95969	24521.76401	1	0
64	2188	1749	7	-1	182	23289.95969	24521.76401	1	0
64	2188	1750	7	-1	181	23289.95969	24521.76401	1	0
64	2188	1751	7	-1	180	23289.95969	24521.76401	1	0
64	2188	1752	7	-1	179	23289.95969	24521.76401	1	0
64	2188	1753	7	-1	178	23289.95969	24521.76401	1	0
64	2188	1754	7	-1	177	23289.95969	24521.76401	1	0
64	2188	1755	7	-1	176	23289.95969	24521.76401	1	0
64	2188	1756	7	-1	175	23289.95969	24521.76401	1	0
64	2188	1757	7	-1	174	23289.95969	24521.76401	1	0
64	2188	1758	7	-1	173	23289.95969	24521.76401	1	0
64	2188	1759	7	-1	172	23289.95969	24521.76401	1	0
64	2188	1760	7	-1	171	23289.95969	24521.76401	1	0
64	2188	1761	7	-1	170	23289.95969	24521.76401	1	0
64	2188	1762	7	-1	169	23289.95969	24521.76401	1	0
64	2188	1763	7	-1	168	23289.95969	24521.76401	1	0
64	2188	1764	7	-1	167	23289.95969	24521.76401	1	0
64	2188	1765	7	-1	166	23289.95969	24521.76401	1	0
64	2188	1766	7	-1	165	23289.95969	24521.76401	1	0
64	2188	1767	7	-1	164	23289.95969	24521.76401	1	0
64	2188	1768	7	-1	163	23289.95969	24521.76401	1	0
64	2188	1769	7	-1	162	23289.95969	24521.76401	1	0
64	2188	1770	7	-1	161	23289.95969	24521.76401	1	0
64	2188	1771	7	-1	160	23289.95969	24521.76401	1	0
64	2188	1772	7	-1	159	23289.95969	24521.76401	1	0
64	2188	1773	7	-1	158	23289.95969	24521.76401	1	0
64	2188	1774	7	-1	157	23289.95969	24521.76401	1	0
64	2188	1775	7	-1	156	23289.95969	24521.76401	1	0
64	2188	1776	7	-1	155	23289.95969	24521.76401	1	0
64	2188	1777	7	-1	154	23289.95969	24521.76401	1	0
64	2188	1778	7	-1	153	23289.95969	24521.76401	1	0
64	2188	1779	7	-1	152	23289.95969	24521.76401	1	0
64	2188	1780	7	-1	151	23289.95969	24521.76401	1	0
64	2188	1781	7	-1	150	23289.95969	24521.76401	1	0
64	2188	1782	7	-1	149	23289.95969	24521.76401	1	0
64	2188	1783	7	-1	148	23289.95969	24521.76401	1	0
64	2188	1784	7	-1	147	23289.95969	24521.76401	1	0
64	2188	1785	7	-1	146	23289.95969	24521.76401	1	0
64	2188	1786	7	-1	145	23289.95969	24521.76401	1	0
64	2188	1787	7	-1	144	23289.95969	24521.76401	1	0
64	2188	1788	7	-1	143	23289.95969	24521.76401	1	0
64	2188	1789	7	-1	142	23289.95969	24521.76401	1	0
64	2188	1790	7	-1	141	23289.95969	24521.76401	1	0
64	2188	1791	7	-1	140	23289.95969	24521.76401	1	0
64	2188	1792	7	-1	139	23289.95969	24521.76401	1	0
64	2188	1793	7	-1	138	23289.95969	24521.76401	1	0
64	2188	1794	7	-1	137	23289.95969	24521.76401	1	0
64	2188	1795	7	-1	136	23289.95969	24521.76401	1	0
64	2188	1796	7	-1	135	23289.95969	24521.76401	1	0
64	2188	1797	7	-1	134	23289.95969	24521.76401	1	0
64	2188	1798	7	-1	133	23289.95969	24521.76401	1	0
64	2188	1799	7	-1	132	23289.95969	24521.76401	1	0
64	2188	1800	7	-1	131	23289.95969	24521.76401	1	0
64	2188	1801	7	-1	130	23289.95969	24521.76401	1	0
64	2188	1802	7	-1	129	23289.95969	24521.76401	1	0
64	2188	1803	7	-1	128	23289.95969	24521.76401	1	0
64	2188	1804	7	-1	127	23289.95969	24521.76401	1	0
64	2188	1805	7	-1	126	23289.95969	24521.76401	1	0
64	2188	1806	7	-1	125	23289.95969	24521.76401	1	0
64	2188	1807	7	-1	124	23289.95969	24521.76401	1	0
64	2188	1808	7	-1	123	23289.95969	24521.76401	1	0
64	2188	1809	7	-1	122	23289.95969	24521.76401	1	0
64	2188	1810	7	-1	121	23289.95969	24521.76401	1	0
64	2188	1811	7	-1	120	23289.95969	24521.76401	1	0
64	2188	1812	7	-1	119	23289.95969	24521.76401	1	0
64	2188	1813	7	-1	118	23289.95969	24521.76401	1	0
64	2188	1814	7	-1	117	23289.95969	24521.76401	1	0
64	2188	1815	7	-1	116	23289.95969	24521.76401	1	0
64	2188	1816	7	-1	115	23289.95969	24521.76401	1	0
64	2188	1817	7	-1	114	23289.95969	24521.76401	1	0
64	2188	1818	7	-1	113	23289.95969	24521.76401	1	0
64	2188	1819	7	-1	112	23289.95969	24521.76401	1	0
64	2188	1820	7	-1	111	23289.95969	24521.76401	1	0
64	2188	1821	7	-1	110	23289.95969	24521.76401	1	0
64	2188	1822	7	-1	109	23289.95969	24521.76401	1	0
64	2188	1823	7	-1	108	23289.95969	24521.76401	1	0
64	2188	1824	7	-1	107	23289.95969	24521.76401	1	0
64	2188	1825	7	-1	106	23289.95969	24521.76401	1	0
64	2188	1826	7	-1	105	23289.95969	24521.76401	1	0
64	2188	1827	7	-1	104	23289.95969	24521.76401	1	0
64	2188	1828	7	-1	103	23289.95969	24521.76401	1	0
64	2188	1829	7	-1	102	23289.95969	24521.76401	1	0
64	2188	1830	7	-1	101	23289.95969	24521.76401	1	0
64	2188	1831	7	-1	100	23289.95969	24521.76401	1	0
64	2188	1832	7	-1	99	23289.95969	24521.76401	1	0
64	2188	1833	7	-1	98	23289.95969	24521.76401	1	0
64	2188	1834	7	-1	97	23289.95969	24521.76401	1	0
64	2188	1835	7	-1	96	23289.95969	24521.76401	1	0
64	2188	1836	7	-1	95	23289.95969	24521.76401	1	0
64	2188	1837	7	-1	94	23289.95969	24521.76401	1	0
64	2188	1838	7	-1	93	23289.95969	24521.76401	1	0
64	2188	1839	7	-1	92	23289.95969	24521.76401	1	0
64	2188	1840	7	-1	91	23289.95969	24521.76401	1	0
64	2188	1841	7	-1	90	23289.95969	24521.76401	1	0
64	2188	1842	7	-1	89	23289.95969	24521.76401	1	0
64	2188	1843	7	-1	88	23289.95969	24521.76401	1	0
64	2188	1844	7	-1	87	23289.95969	24521.76401	1	0
64	2188	1845	7	-1	86	23289.95969	24521.76401	1	0
64	2188	1846	7	-1	85	23289.95969	24521.76401	1	0
64	2188	1847	7	-1	84	23289.95969	24521.76401	1	0
64	2188	1848	7	-1	83	23289.95969	24521.76401	1	0
64	2188	1849	7	-1	82	23289.95969	24521.76401	1	0
64	2188	1850	7	-1	81	23289.95969	24521.76401	1	0
64	2188	1851	7	-1	80	23289.95969	24521.76401	1	0
64	2188	1852	7	-1	79	23289.95969	24521.76401	1	0
64	2188	1853	7	-1	78	23289.95969	24521.76401	1	0
64	2188	1854	7	-1	77	23289.95969	24521.76401	1	0
64	2188	1855	7	-1	76	23289.95969	24521.76401	1	0
64	2188	1856	7	-1	75	23289.95969	24521.76401	1	0
64	2188	1857	7	-1	74	23289.95969	24521.76401	1	0
64	2188	1858	7	-1	73	23289.95969	24521.76401	1	0
64	2188	1859	7	-1	72	23289.95969	24521.76401	1	0
64	2188	1860	7	-1	71	23289.95969	24521.76401	1	0
64	2188	1861	7	-1	70	23289.95969	24521.76401	1	0
64	2188	1862	7	-1	69	23289.95969	24521.76401	1	0
64	2188	1863	7	-1	68	23289.95969	24521.76401	1	0
64	2188	1864	7	-1	67	23289.95969	24521.76401	1	0
64	2188	1865	7	-1	66	23289.95969	24521.76401	1	0
64	2188	1866	7	-1	65	23289.95969	24521.76401	1	0
64	2188	1867	7	-1	64	23289.95969	24521.76401	1	0
64	2188	1868	7	-1	63	23289.95969	24521.76401	1	0
64	2188	1869	7	-1	62	23289.95969	24521.76401	1	0
64	2188	1870	7	-1	61	23289.95969	24521.76401	1	0
64	2188	1871	7	-1	60	23289.95969	24521.76401	1	0
64	2188	1872	7	-1	59	23289.95969	24521.76401	1	0
64	2188	1873	7	-1	58	23289.95969	24521.76401	1	0
64	2188	1874	7	-1	57	23289.95969	24521.76401	1	0
64	2188	1875	7	-1	56	23289.95969	24521.76401	1	0
64	2188	1876	7	-1	55	23289.95969	24521.76401	1	0
64	2188	1877	7	-1	54	23289.95969	24521.76401	1	0
64	2188	1878	7	-1	53	23289.95969	24521.76401	1	0
64	2188	1879	7	-1	52	23289.95969	24521.76401	1	0
64	2188	1880	7	-1	51	23289.95969	24521.76401	1	0
64	2188	1881	7	-1	50	23289.95969	24521.76401	1	0
64	2188	1882	7	-1	49	23289.95969	24521.76401	1	0
64	2188	1883	7	-1	48	23289.95969	24521.76401	1	0
64	2188	1884	7	-1	47	23289.95969	24521.76401	1	0
64	2188	1885	7	-1	46	23289.95969	24521.76401	1	0
64	2188	1886	7	-1	45	23289.95969	24521.76401	1	0
64	2188	1887	7	-1	44	23289.95969	24521.76401	1	0
64	2188	1888	7	-1	43	23289.95969	24521.76401	1	0
64	2188	1889	7	-1	42	23289.95969	24521.76401	1	0
64	2188	1890	7	-1	41	23289.95969	24521.76401	1	0
64	2188	1891	7	-1	40	23289.95969	24521.76401	1	0
64	2188	1892	7	-1	39	23289.95969	24521.76401	1	0
64	2188	1893	7	-1	38	23289.95969	24521.76401	1	0
64	2188	1894	7	-1	37	23289.95969	24521.76401	1	0
64	2188	1895	7	-1	36	23289.95969	24521.76401	1	0
64	2188	1896	7	-1	35	23289.95969	24521.76401	1	0
64	2188	1897	7	-1	34	23289.95969	24521.76401	1	0
64	2188	1898	7	-1	33	23289.95969	24521.76401	1	0
64	2188	1899	7	-1	32	23289.95969	24521.76401	1	0
64	2188	1900	7	-1	31	23289.95969	24521.76401	1	0
64	2188	1901	7	-1	30	23289.95969	24521.76401	1	0
64	2188	1902	7	-1	29	23289.95969	24521.76401	1	0
64	2188	1903	7	-1	28	23289.95969	24521.76401	1	0
64	2188	1904	7	-1	27	23289.95969	24521.76401	1	0
64	2188	1905	7	-1	26	23289.95969	24521.76401	1	0
64	2188	1906	7	-1	25	23289.95969	24521.76401	1	0
64	2188	1907	7	-1	24	23289.95969	24521.76401	1	0
64	2188	1908	7	-1	23	23289.95969	24521.76401	1	0
64	2188	1909	7	-1	22	23289.95969	24521.76401	1	0
64	2188	1910	7	-1	21	23289.95969	24521.76401	1	0
64	2188	1911	7	-1	20	23289.95969	24521.76401	1	0
64	2188	1912	7	-1	19	23289.95969	24521.76401	1	0
64	2188	1913	7	-1	18	23289.95969	24521.76401	1	0
64	2188	1914	7	-1	17	23289.95969	24521.76401	1	0
64	2188	1915	7	-1	16	23289.95969	24521.76401	1	0
64	2188	1916	7	-1	15	23289.95969	24521.76401	1	0
64	2188	1917	7	-1	14	23289.95969	24521.76401	1	0
64	2188	1918	7	-1	13	23289.95969	24521.76401	1	0
64	2188	1919	7	-1	12	23289.95969	24521.76401	1	0
64	2188	1920	7	-1	11	23289.95969	24521.76401	1	0
64	2188	1921	7	-1	10	23289.95969	24521.76401	1	0
64	2188	1922	7	-1	9	23289.95969	24521.76401	1	0
64	2188	1923	7	-1	8	23289.95969	24521.76401	1	0
64	2188	1924	7	-1	7	23289.95969	24521.76401	1	0
64	2188	1925	7	-1	6	23289.95969	24521.76401	1	0
64	2188	1926	7	-1	5	23289.95969	24521.76401	1	0
64	2188	1927	7	-1	4	23289.95969	24521.76401	1	0
64	2188	1928	7	-1	3	23289.95969	24521.76401	1	0
64	2188	1929	7	-1	2	23289.95969	24521.76401	1	0
64	2188	1930	7	-1	1	23289.95969	24521.76401	1	0
64	2188	1931	7	-1	0	23289.95969	24521.76401	1	0
64	2188	1932	7	-1	255	22822.07236	22822.07236	0	0
64	2188	1933	7	-1	254	22822.07236	24053.87668	1	0
64	2188	1934	7	-1	253	22822.07236	24053.87668	1	0
64	2188	1935	7	-1	252	22822.07236	24053.87668	1	0
64	2188	1936	7	-1	251	22822.07236	24053.87668	1	0
64	2188	1937	7	-1	250	22822.07236	24053.87668	1	0
64	2188	1938	7	-1	249	22822.07236	24053.87668	1	0
64	2188	1939	7	-1	248	22822.07236	24053.87668	1	0
64	2188	1940	7	-1	247	22822.07236	24053.87668	1	0
64	2188	1941	7	-1	246	22822.07236	24053.87668	1	0
64	2188	1942	7	-1	245	22822.07236	24053.87668	1	0
64	2188	1943	7	-1	244	22822.07236	24053.87668	1	0
64	2188	1944	7	-1	243	22822.07236	24053.87668	1	0
64	2188	1945	7	-1	242	22822.07236	24053.87668	1	0
64	2188	1946	7	-1	241	22822.07236	24053.87668	1	0
64	2188	1947	7	-1	240	22822.07236	24053.87668	1	0
64	2188	1948	7	-1	239	22822.07236	24053.87668	1	0
64	2188	1949	7	-1	238	22822.07236	24053.87668	1	0
64	2188	1950	7	-1	237	22822.07236	24053.87668	1	0
64	2188	1951	7	-1	236	22822.07236	24053.87668	1	0
64	2188	1952	7	-1	235	22822.07236	24053.87668	1	0
64	2188	1953	7	-1	234	22822.07236	24053.87668	1	0
64	2188	1954	7	-1	233	22822.07236	24053.87668	1	0
64	2188	1955	7	-1	232	22822.07236	24053.87668	1	0
64	2188	1956	7	-1	231	22822.07236	24053.87668	1	0
64	2188	1957	7	-1	230	22822.07236	24053.87668	1	0
64	2188	1958	7	-1	229	22822.07236	24053.87668	1	0
64	2188	1959	7	-1	228	22822.07236	24053.87668	1	0
64	2188	1960	7	-1	227	22822.07236	24053.87668	1	0
64	2188	1961	7	-1	226	22822.07236	24053.87668	1	0
64	2188	1962	7	-1	225	22822.07236	24053.87668	1	0
64	2188	1963	7	-1	224	22822.07236	24053.87668	1	0
64	2188	1964	7	-1	223	22822.07236	24053.87668	1	0
64	2188	1965	7	-1	222	22822.07236	24053.87668	1	0
64	2188	1966	7	-1	221	22822.07236	24053.87668	1	0
64	2188	1967	7	-1	220	22822.07236	24053.87668	1	0
64	2188	1968	7	-1	219	22822.07236	24053.87668	1	0
64	2188	1969	7	-1	218	22822.07236	24053.87668	1	0
64	2188	1970	7	-1	217	22822.07236	24053.87668	1	0
64	2188	1971	7	-1	216	22822.07236	24053.87668	1	0
64	2188	1972	7	-1	215	22822.07236	24053.87668	1	0
64	2188	1973	7	-1	214	22822.07236	24053.87668	1	0
64	2188	1974	7	-1	213	22822.07236	24053.87668	1	0
64	2188	1975	7	-1	212	22822.07236	24053.87668	1	0
64	2188	1976	7	-1	211	22822.07236	24053.87668	1	0
64	2188	1977	7	-1	210	22822.07236	24053.87668	1	0
64	2188	1978	7	-1	209	22822.07236	24053.87668	1	0
64	2188	1979	7	-1	208	22822.07236	24053.87668	1	0
64	2188	1980	7	-1	207	22822.07236	24053.87668	1	0
64	2188	1981	7	-1	206	22822.07236	24053.87668	1	0
64	2188	1982	7	-1	205	22822.07236	24053.87668	1	0
64	2188	1983	7	-1	204	22822.07236	24053.87668	1	0
64	2188	1984	7	-1	203	22822.07236	24053.87668	1	0
64	2188	1985	7	-1	202	22822.07236	24053.87668	1	0
64	2188	1986	7	-1	201	22822.07236	24053.87668	1	0
64	2188	1987	7	-1	200	22822.07236	24053.87668	1	0
64	2188	1988	7	-1	199	22822.07236	24053.87668	1	0
64	2188	1989	7	-1	198	22822.07236	24053.87668	1	0
64	2188	1990	7	-1	197	22822.07236	24053.87668	1	0
64	2188	1991	7	-1	196	22822.07236	24053.87668	1	0
64	2188	1992	7	-1	195	22822.07236	24053.87668	1	0
64	2188	1993	7	-1	194	22822.07236	24053.87668	1	0
64	2188	1994	7	-1	193	22822.07236	24053.87668	1	0
64	2188	1995	7	-1	192	22822.07236	24053.87668	1	0
64	2188	1996	7	-1	191	22822.07236	24053.87668	1	0
64	2188	1997	7	-1	190	22822.07236	24053.87668	1	0
64	2188	1998	7	-1	189	22822.07236	24053.87668	1	0
64	2188	1999	7	-1	188	22822.07236	24053.87668	1	0
64	2188	2000	7	-1	187	22822.07236	24053.87668	1	0
64	2188	2001	7	-1	186	22822.07236	24053.87668	1	0
64	2188	2002	7	-1	185	22822.07236	24053.87668	1	0
64	2188	2003	7	-1	184	22822.07236	24053.87668	1	0
64	2188	2004	7	-1	183	22822.07236	24053.87668	1	0
64	2188	2005	7	-1	182	22822.07236	24053.87668	1	0
64	2188	2006	7	-1	181	22822.07236	24053.87668	1	0
64	2188	2007	7	-1	180	22822.07236	24053.87668	1	0
64	2188	2008	7	-1	179	22822.07236	24053.87668	1	0
64	2188	2009	7	-1	178	22822.07236	24053.87668	1	0
64	2188	2010	7	-1	177	22822.07236	24053.87668	1	0
64	2188	2011	7	-1	176	22822.07236	24053.87668	1	0
64	2188	2012	7	-1	175	22822.07236	24053.87668	1	0
64	2188	2013	7	-1	174	22822.07236	24053.87668	1	0
64	2188	2014	7	-1	173	22822.07236	24053.87668	1	0
64	2188	2015	7	-1	172	22822.07236	24053.87668	1	0
64	2188	2016	7	-1	171	22822.07236	24053.87668	1	0
64	2188	2017	7	-1	170	22822.07236	24053.87668	1	0
64	2188	2018	7	-1	169	22822.07236	24053.87668	1	0
64	2188	2019	7	-1	168	22822.07236	24053.87668	1	0
64	2188	2020	7	-1	167	22822.07236	24053.87668	1	0
64	2188	2021	7	-1	166	22822.07236	24053.87668	1	0
64	2188	2022	7	-1	165	22822.07236	24053.87668	1	0
64	2188	2023	7	-1	164	22822.07236	24053.87668	1	0
64	2188	2024	7	-1	163	22822.07236	24053.87668	1	0
64	2188	2025	7	-1	162	22822.07236	24053.87668	1	0
64	2188	2026	7	-1	161	22822.07236	24053.87668	1	0
64	2188	2027	7	-1	160	22822.07236	24053.87668	1	0
64	2188	2028	7	-1	159	22822.07236	24053.87668	1	0
64	2188	2029	7	-1	158	22822.07236	24053.87668	1	0
64	2188	2030	7	-1	157	22822.07236	24053.87668	1	0
64	2188	2031	7	-1	156	22822.07236	24053.87668	1	0
64	2188	2032	7	-1	155	22822.07236	24053.87668	1	0
64	2188	2033	7	-1	154	22822.07236	24053.87668	1	0
64	2188	2034	7	-1	153	22822.07236	24053.87668	1	0
64	2188	2035	7	-1	152	22822.07236	24053.87668	1	0
64	2188	2036	7	-1	151	22822.07236	24053.87668	1	0
64	2188	2037	7	-1	150	22822.07236	24053.87668	1	0
64	2188	2038	7	-1	149	22822.07236	24053.87668	1	0
64	2188	2039	7	-1	148	22822.07236	24053.87668	1	0
64	2188	2040	7	-1	147	22822.07236	24053.87668	1	0
64	2188	2041	7	-1	146	22822.07236	24053.87668	1	0
64	2188	2042	7	-1	145	22822.07236	24053.87668	1	0
64	2188	2043	7	-1	144	22822.07236	24053.87668	1	0
64	2188	2044	7	-1	143	22822.07236	24053.87668	1	0
64	2188	2045	7	-1	142	22822.07236	24053.87668	1	0
64	2188	2046	7	-1	141	22822.07236	24053.87668	1	0
64	2188	2047	7	-1	140	22822.07236	24053.87668	1	0
64	2188	2048	7	-1	139	22822.07236	24053.87668	1	0
64	2188	2049	7	-1	138	22822.07236	24053.87668	1	0
64	2188	2050	7	-1	137	22822.07236	24053.87668	1	0
64	2188	2051	7	-1	136	22822.07236	24053.87668	1	0
64	2188	2052	7	-1	135	22822.07236	24053.87668	1	0
64	2188	2053	7	-1	134	22822.07236	24053.87668	1	0
64	2188	2054	7	-1	133	22822.07236	24053.87668	1	0
64	2188	2055	7	-1	132	22822.07236	24053.87668	1	0
64	2188	2056	7	-1	131	22822.07236	24053.87668	1	0
64	2188	2057	7	-1	130	22822.07236	24053.87668	1	0
64	2188	2058	7	-1	129	22822.07236	24053.87668	1	0
64	2188	2059	7	-1	128	22822.07236	24053.87668	1	0
64	2188	2060	7	-1	127	22822.07236	24053.87668	1	0
64	2188	2061	7	-1	126	22822.07236	24053.87668	1	0
64	2188	2062	7	-1	125	22822.07236	24053.87668	1	0
64	2188	2063	7	-1	124	22822.07236	24053.87668	1	0
64	2188	2064	7	-1	123	22822.07236	24053.87668	1	0
64	2188	2065	7	-1	122	22822.07236	24053.87668	1	0
64	2188	2066	7	-1	121	22822.07236	24053.87668	1	0
64	2188	2067	7	-1	120	22822.07236	24053.87668	1	0
64	2188	2068	7	-1	119	22822.07236	24053.87668	1	0
64	2188	2069	7	-1	118	22822.07236	24053.87668	1	0
64	2188	2070	7	-1	117	22822.07236	24053.87668	1	0
64	2188	2071	7	-1	116	22822.07236	24053.87668	1	0
64	2188	2072	7	-1	115	22822.07236	24053.87668	1	0
64	2188	2073	7	-1	114	22822.07236	24053.87668	1	0
64	2188	2074	7	-1	113	22822.07236	24053.87668	1	0
64	2188	2075	7	-1	112	22822.07236	24053.87668	1	0
64	2188	2076	7	-1	111	22822.07236	24053.87668	1	0
64	2188	2077	7	-1	110	22822.07236	24053.87668	1	0
64	2188	2078	7	-1	109	22822.07236	24053.87668	1	0
64	2188	2079	7	-1	108	22822.07236	24053.87668	1	0
64	2188	2080	7	-1	107	22822.07236	24053.87668	1	0
64	2188	2081	7	-1	106	22822.07236	24053.87668	1	0
64	2188	2082	7	-1	105	22822.07236	24053.87668	1	0
64	2188	2083	7	-1	104	22822.07236	24053.87668	1	0
64	2188	2084	7	-1	103	22822.07236	24053.87668	1	0
64	2188	2085	7	-1	102	22822.07236	24053.87668	1	0
64	2188	2086	7	-1	101	22822.07236	24053.87668	1	0
64	2188	2087	7	-1	100	22822.07236	24053.87668	1	0
64	2188	2088	7	-1	99	22822.07236	24053.87668	1	0
64	2188	2089	7	-1	98	22822.07236	24053.87668	1	0
64	2188	2090	7	-1	97	22822.07236	24053.87668	1	0
64	2188	2091	7	-1	96	22822.07236	24053.87668	1	0
64	2188	2092	7	-1	95	22822.07236	24053.87668	1	0
64	2188	2093	7	-1	94	22822.07236	24053.87668	1	0
64	2188	2094	7	-1	93	22822.07236	24053.87668	1	0
64	2188	2095	7	-1	92	22822.07236	24053.87668	1	0
64	2188	2096	7	-1	91	22822.07236	24053.87668	1	0
64	2188	2097	7	-1	90	22822.07236	24053.87668	1	0
64	2188	2098	7	-1	89	22822.07236	24053.87668	1	0
64	2188	2099	7	-1	88	22822.07236	24053.87668	1	0
64	2188	2100	7	-1	87	22822.07236	24053.87668	1	0
64	2188	2101	7	-1	86	22822.07236	24053.87668	1	0
64	2188	2102	7	-1	85	22822.07236	24053.87668	1	0
64	2188	2103	7	-1	84	22822.07236	24053.87668	1	0
64	2188	2104	7	-1	83	22822.07236	24053.87668	1	0
64	2188	2105	7	-1	82	22822.07236	24053.87668	1	0
64	2188	2106	7	-1	81	22822.07236	24053.87668	1	0
64	2188	2107	7	-1	80	22822.07236	24053.87668	1	0
64	2188	2108	7	-1	79	22822.07236	24053.87668	1	0
64	2188	2109	7	-1	78	22822.07236	24053.87668	1	0
64	2188	2110	7	-1	77	22822.07236	24053.87668	1	0
64	2188	2111	7	-1	76	22822.07236	24053.87668	1	0
64	2188	2112	7	-1	75	22822.07236	24053.87668	1	0
64	2188	2113	7	-1	74	22822.07236	24053.87668	1	0
64	2188	2114	7	-1	73	22822.07236	24053.87668	1	0
64	2188	2115	7	-1	72	22822.07236	24053.87668	1	0
64	2188	2116	7	-1	71	22822.07236	24053.87668	1	0
64	2188	2117	7	-1	70	22822.07236	24053.87668	1	0
64	2188	2118	7	-1	69	22822.07236	24053.87668	1	0
64	2188	2119	7	-1	68	22822.07236	24053.87668	1	0
64	2188	2120	7	-1	67	22822.07236	24053.87668	1	0
64	2188	2121	7	-1	66	22822.07236	24053.87668	1	0
64	2188	2122	7	-1	65	22822.07236	24053.87668	1	0
64	2188	2123	7	-1	64	22822.07236	24053.87668	1	0
64	2188	2124	7	-1	63	22822.07236	24053.87668	1	0
64	2188	2125	7	-1	62	22822.07236	24053.87668	1	0
64	2188	2126	7	-1	61	22822.07236	24053.87668	1	0
64	2188	2127	7	-1	60	22822.07236	24053.87668	1	0
64	2188	2128	7	-1	59	22822.07236	24053.87668	1	0
64	2188	2129	7	-1	58	22822.07236	24053.87668	1	0
64	2188	2130	7	-1	57	22822.07236	24053.87668	1	0
64	2188	2131	7	-1	56	22822.07236	24053.87668	1	0
64	2188	2132	7	-1	55	22822.07236	24053.87668	1	0
64	2188	2133	7	-1	54	22822.07236	24053.87668	1	0
64	2188	2134	7	-1	53	22822.07236	24053.87668	1	0
64	2188	2135	7	-1	52	22822.07236	24053.87668	1	0
64	2188	2136	7	-1	51	22822.07236	24053.87668	1	0
64	2188	2137	7	-1	50	22822.07236	24053.87668	1	0
64	2188	2138	7	-1	49	22822.07236	24053.87668	1	0
64	2188	2139	7	-1	48	22822.07236	24053.87668	1	0
64	2188	2140	7	-1	47	22822.07236	24053.87668	1	0
64	2188	2141	7	-1	46	22822.07236	24053.87668	1	0
64	2188	2142	7	-1	45	22822.07236	24053.87668	1	0
64	2188	2143	7	-1	44	22822.07236	24053.87668	1	0
64	2188	2144	7	-1	43	22822.07236	24053.87668	1	0
64	2188	2145	7	-1	42	22822.07236	24053.87668	1	0
64	2188	2146	7	-1	41	22822.07236	24053.87668	1	0
64	2188	2147	7	-1	40	22822.07236	24053.87668	1	0
64	2188	2148	7	-1	39	22822.07236	24053.87668	1	0
64	2188	2149	7	-1	38	22822.07236	24053.87668	1	0
64	2188	2150	7	-1	37	22822.07236	24053.87668	1	0
64	2188	2151	7	-1	36	22822.07236	24053.87668	1	0
64	2188	2152	7	-1	35	22822.07236	24053.87668	1	0
64	2188	2153	7	-1	34	22822.07236	24053.87668	1	0
64	2188	2154	7	-1	33	22822.07236	24053.87668	1	0
64	2188	2155	7	-1	32	22822.07236	24053.87668	1	0
64	2188	2156	7	-1	31	22822.07236	24053.87668	1	0
64	2188	2157	7	-1	30	22822.07236	24053.87668	1	0
64	2188	2158	7	-1	29	22822.07236	24053.87668	1	0
64	2188	2159	7	-1	28	22822.07236	24053.87668	1	0
64	2188	2160	7	-1	27	22822.07236	24053.87668	1	0
64	2188	2161	7	-1	26	22822.07236	24053.87668	1	0
64	2188	2162	7	-1	25	22822.07236	24053.87668	1	0
64	2188	2163	7	-1	24	22822.07236	24053.87668	1	0
64	2188	2164	7	-1	23	22822.07236	24053.87668	1	0
64	2188	2165	7	-1	22	22822.07236	24053.87668	1	0
64	2188	2166	7	-1	21	22822.07236	24053.87668	1	0
64	2188	2167	7	-1	20	22822.07236	24053.87668	1	0
64	2188	2168	7	-1	19	22822.07236	24053.87668	1	0
64	2188	2169	7	-1	18	22822.07236	24053.87668	1	0
64	2188	2170	7	-1	17	22822.07236	24053.87668	1	0
64	2188	2171	7	-1	16	22822.07236	24053.87668	1	0
64	2188	2172	7	-1	15	22822.07236	24053.87668	1	0
64	2188	2173	7	-1	14	22822.07236	24053.87668	1	0
64	2188	2174	7	-1	13	22822.07236	24053.87668	1	0
64	2188	2175	7	-1	12	22822.07236	24053.87668	1	0
64	2188	2176	7	-1	11	22822.07236	24053.87668	1	0
64	2188	2177	7	-1	10	22822.07236	24053.87668	1	0
64	2188	2178	7	-1	9	22822.07236	24053.87668	1	0
64	2188	2179	7	-1	8	22822.07236	24053.87668	1	0
64	2188	2180	7	-1	7	22822.07236	24053.87668	1	0
64	2188	2181	7	-1	6	22822.07236	24053.87668	1	0
64	2188	2182	7	-1	5	22822.07236	24053.87668	1	0
64	2188	2183	7	-1	4	22822.07236	24053.87668	1	0
64	2188	2184	7	-1	3	22822.07236	24053.87668	1	0
64	2188	2185	7	-1	2	22822.07236	24053.87668	1	0
64	2188	2186	7	-1	1	22822.07236	24053.87668	1	0
64	2188	2187	7	-1	0	22822.07236	24053.87668	1	0
65	140	128	1	-1	12	63013.67545	64245.47977	1	1
65	140	129	1	-1	11	63013.67545	64245.47977	1	1
65	140	130	1	-1	10	63013.67545	64245.47977	1	1
65	140	131	1	-1	9	63013.67545	64245.47977	1	1
66	2444	396	4	-1	255	64719.77962	64719.77962	0	1
66	2444	1164	6	-1	255	44709.90578	44709.90578	0	0
66	2444	1165	6	-1	254	44709.90578	45941.7101	1	0
66	2444	1166	6	-1	253	44709.90578	45941.7101	1	0
66	2444	1167	6	-1	252	44709.90578	45941.7101	1	0
66	2444	1168	6	-1	251	44709.90578	45941.7101	1	0
66	2444	1169	6	-1	250	44709.90578	45941.7101	1	0
66	2444	1170	6	-1	249	44709.90578	45941.7101	1	0
66	2444	1171	6	-1	248	44709.90578	45941.7101	1	0
66	2444	1172	6	-1	247	44709.90578	45941.7101	1	0
66	2444	1173	6	-1	246	44709.90578	45941.7101	1	0
66	2444	1174	6	-1	245	44709.90578	45941.7101	1	0
66	2444	1175	6	-1	244	44709.90578	45941.7101	1	0
66	2444	1176	6	-1	243	44709.90578	45941.7101	1	0
66	2444	1177	6	-1	242	44709.90578	45941.7101	1	0
66	2444	1178	6	-1	241	44709.90578	45941.7101	1	0
66	2444	1179	6	-1	240	44709.90578	45941.7101	1	0
66	2444	1180	6	-1	239	44709.90578	45941.7101	1	0
66	2444	1181	6	-1	238	44709.90578	45941.7101	1	0
66	2444	1182	6	-1	237	44709.90578	45941.7101	1	0
66	2444	1183	6	-1	236	44709.90578	45941.7101	1	0
66	2444	1184	6	-1	235	44709.90578	45941.7101	1	0
66	2444	1185	6	-1	234	44709.90578	45941.7101	1	0
66	2444	1186	6	-1	233	44709.90578	45941.7101	1	0
66	2444	1187	6	-1	232	44709.90578	45941.7101	1	0
66	2444	1188	6	-1	231	44709.90578	45941.7101	1	0
66	2444	1189	6	-1	230	44709.90578	45941.7101	1	0
66	2444	1190	6	-1	229	44709.90578	45941.7101	1	0
66	2444	1191	6	-1	228	44709.90578	45941.7101	1	0
66	2444	1192	6	-1	227	44709.90578	45941.7101	1	0
66	2444	1193	6	-1	226	44709.90578	45941.7101	1	0
66	2444	1194	6	-1	225	44709.90578	45941.7101	1	0
66	2444	1195	6	-1	224	44709.90578	45941.7101	1	0
66	2444	1196	6	-1	223	44709.90578	45941.7101	1	0
66	2444	1197	6	-1	222	44709.90578	45941.7101	1	0
66	2444	1198	6	-1	221	44709.90578	45941.7101	1	0
66	2444	1199	6	-1	220	44709.90578	45941.7101	1	0
66	2444	1200	6	-1	219	44709.90578	45941.7101	1	0
66	2444	1201	6	-1	218	44709.90578	45941.7101	1	0
66	2444	1202	6	-1	217	44709.90578	45941.7101	1	0
66	2444	1203	6	-1	216	44709.90578	45941.7101	1	0
66	2444	1204	6	-1	215	44709.90578	45941.7101	1	0
66	2444	1205	6	-1	214	44709.90578	45941.7101	1	0
66	2444	1206	6	-1	213	44709.90578	45941.7101	1	0
66	2444	1207	6	-1	212	44709.90578	45941.7101	1	0
66	2444	1208	6	-1	211	44709.90578	45941.7101	1	0
66	2444	1209	6	-1	210	44709.90578	45941.7101	1	0
66	2444	1210	6	-1	209	44709.90578	45941.7101	1	0
66	2444	1211	6	-1	208	44709.90578	45941.7101	1	0
66	2444	1212	6	-1	207	44709.90578	45941.7101	1	0
66	2444	1213	6	-1	206	44709.90578	45941.7101	1	0
66	2444	1214	6	-1	205	44709.90578	45941.7101	1	0
66	2444	1215	6	-1	204	44709.90578	45941.7101	1	0
66	2444	1216	6	-1	203	44709.90578	45941.7101	1	0
66	2444	1217	6	-1	202	44709.90578	45941.7101	1	0
66	2444	1218	6	-1	201	44709.90578	45941.7101	1	0
66	2444	1219	6	-1	200	44709.90578	45941.7101	1	0
66	2444	1220	6	-1	199	44709.90578	45941.7101	1	0
66	2444	1221	6	-1	198	44709.90578	45941.7101	1	0
66	2444	1222	6	-1	197	44709.90578	45941.7101	1	0
66	2444	1223	6	-1	196	44709.90578	45941.7101	1	0
66	2444	1224	6	-1	195	44709.90578	45941.7101	1	0
66	2444	1225	6	-1	194	44709.90578	45941.7101	1	0
66	2444	1226	6	-1	193	44709.90578	45941.7101	1	0
66	2444	1227	6	-1	192	44709.90578	45941.7101	1	0
66	2444	1228	6	-1	191	44709.90578	45941.7101	1	0
66	2444	1229	6	-1	190	44709.90578	45941.7101	1	0
66	2444	1230	6	-1	189	44709.90578	45941.7101	1	0
66	2444	1231	6	-1	188	44709.90578	45941.7101	1	0
66	2444	1232	6	-1	187	44709.90578	45941.7101	1	0
66	2444	1233	6	-1	186	44709.90578	45941.7101	1	0
66	2444	1234	6	-1	185	44709.90578	45941.7101	1	0
66	2444	1235	6	-1	184	44709.90578	45941.7101	1	0
66	2444	1236	6	-1	183	44709.90578	45941.7101	1	0
66	2444	1237	6	-1	182	44709.90578	45941.7101	1	0
66	2444	1238	6	-1	181	44709.90578	45941.7101	1	0
66	2444	1239	6	-1	180	44709.90578	45941.7101	1	0
66	2444	1240	6	-1	179	44709.90578	45941.7101	1	0
66	2444	1241	6	-1	178	44709.90578	45941.7101	1	0
66	2444	1242	6	-1	177	44709.90578	45941.7101	1	0
66	2444	1243	6	-1	176	44709.90578	45941.7101	1	0
66	2444	1244	6	-1	175	44709.90578	45941.7101	1	0
66	2444	1245	6	-1	174	44709.90578	45941.7101	1	0
66	2444	1246	6	-1	173	44709.90578	45941.7101	1	0
66	2444	1247	6	-1	172	44709.90578	45941.7101	1	0
66	2444	1248	6	-1	171	44709.90578	45941.7101	1	0
66	2444	1249	6	-1	170	44709.90578	45941.7101	1	0
66	2444	1250	6	-1	169	44709.90578	45941.7101	1	0
66	2444	1251	6	-1	168	44709.90578	45941.7101	1	0
66	2444	1252	6	-1	167	44709.90578	45941.7101	1	0
66	2444	1253	6	-1	166	44709.90578	45941.7101	1	0
66	2444	1254	6	-1	165	44709.90578	45941.7101	1	0
66	2444	1255	6	-1	164	44709.90578	45941.7101	1	0
66	2444	1256	6	-1	163	44709.90578	45941.7101	1	0
66	2444	1257	6	-1	162	44709.90578	45941.7101	1	0
66	2444	1258	6	-1	161	44709.90578	45941.7101	1	0
66	2444	1259	6	-1	160	44709.90578	45941.7101	1	0
66	2444	1260	6	-1	159	44709.90578	45941.7101	1	0
66	2444	1261	6	-1	158	44709.90578	45941.7101	1	0
66	2444	1262	6	-1	157	44709.90578	45941.7101	1	0
66	2444	1263	6	-1	156	44709.90578	45941.7101	1	0
66	2444	1264	6	-1	155	44709.90578	45941.7101	1	0
66	2444	1265	6	-1	154	44709.90578	45941.7101	1	0
66	2444	1266	6	-1	153	44709.90578	45941.7101	1	0
66	2444	1267	6	-1	152	44709.90578	45941.7101	1	0
66	2444	1268	6	-1	151	44709.90578	45941.7101	1	0
66	2444	1269	6	-1	150	44709.90578	45941.7101	1	0
66	2444	1270	6	-1	149	44709.90578	45941.7101	1	0
66	2444	1271	6	-1	148	44709.90578	45941.7101	1	0
66	2444	1272	6	-1	147	44709.90578	45941.7101	1	0
66	2444	1273	6	-1	146	44709.90578	45941.7101	1	0
66	2444	1274	6	-1	145	44709.90578	45941.7101	1	0
66	2444	1275	6	-1	144	44709.90578	45941.7101	1	0
66	2444	1276	6	-1	143	44709.90578	45941.7101	1	0
66	2444	1277	6	-1	142	44709.90578	45941.7101	1	0
66	2444	1278	6	-1	141	44709.90578	45941.7101	1	0
66	2444	1279	6	-1	140	44709.90578	45941.7101	1	0
66	2444	1280	6	-1	139	44709.90578	45941.7101	1	0
66	2444	1281	6	-1	138	44709.90578	45941.7101	1	0
66	2444	1282	6	-1	137	44709.90578	45941.7101	1	0
66	2444	1283	6	-1	136	44709.90578	45941.7101	1	0
66	2444	1284	6	-1	135	44709.90578	45941.7101	1	0
66	2444	1285	6	-1	134	44709.90578	45941.7101	1	0
66	2444	1286	6	-1	133	44709.90578	45941.7101	1	0
66	2444	1287	6	-1	132	44709.90578	45941.7101	1	0
66	2444	1288	6	-1	131	44709.90578	45941.7101	1	0
66	2444	1289	6	-1	130	44709.90578	45941.7101	1	0
66	2444	1290	6	-1	129	44709.90578	45941.7101	1	0
66	2444	1291	6	-1	128	44709.90578	45941.7101	1	0
66	2444	1292	6	-1	127	44709.90578	45941.7101	1	0
66	2444	1293	6	-1	126	44709.90578	45941.7101	1	0
66	2444	1294	6	-1	125	44709.90578	45941.7101	1	0
66	2444	1295	6	-1	124	44709.90578	45941.7101	1	0
66	2444	1296	6	-1	123	44709.90578	45941.7101	1	0
66	2444	1297	6	-1	122	44709.90578	45941.7101	1	0
66	2444	1298	6	-1	121	44709.90578	45941.7101	1	0
66	2444	1299	6	-1	120	44709.90578	45941.7101	1	0
66	2444	1300	6	-1	119	44709.90578	45941.7101	1	0
66	2444	1301	6	-1	118	44709.90578	45941.7101	1	0
66	2444	1302	6	-1	117	44709.90578	45941.7101	1	0
66	2444	1303	6	-1	116	44709.90578	45941.7101	1	0
66	2444	1304	6	-1	115	44709.90578	45941.7101	1	0
66	2444	1305	6	-1	114	44709.90578	45941.7101	1	0
66	2444	1306	6	-1	113	44709.90578	45941.7101	1	0
66	2444	1307	6	-1	112	44709.90578	45941.7101	1	0
66	2444	1308	6	-1	111	44709.90578	45941.7101	1	0
66	2444	1309	6	-1	110	44709.90578	45941.7101	1	0
66	2444	1310	6	-1	109	44709.90578	45941.7101	1	0
66	2444	1311	6	-1	108	44709.90578	45941.7101	1	0
66	2444	1312	6	-1	107	44709.90578	45941.7101	1	0
66	2444	1313	6	-1	106	44709.90578	45941.7101	1	0
66	2444	1314	6	-1	105	44709.90578	45941.7101	1	0
66	2444	1315	6	-1	104	44709.90578	45941.7101	1	0
66	2444	1316	6	-1	103	44709.90578	45941.7101	1	0
66	2444	1317	6	-1	102	44709.90578	45941.7101	1	0
66	2444	1318	6	-1	101	44709.90578	45941.7101	1	0
66	2444	1319	6	-1	100	44709.90578	45941.7101	1	0
66	2444	1320	6	-1	99	44709.90578	45941.7101	1	0
66	2444	1321	6	-1	98	44709.90578	45941.7101	1	0
66	2444	1322	6	-1	97	44709.90578	45941.7101	1	0
66	2444	1323	6	-1	96	44709.90578	45941.7101	1	0
66	2444	1324	6	-1	95	44709.90578	45941.7101	1	0
66	2444	1325	6	-1	94	44709.90578	45941.7101	1	0
66	2444	1326	6	-1	93	44709.90578	45941.7101	1	0
66	2444	1327	6	-1	92	44709.90578	45941.7101	1	0
66	2444	1328	6	-1	91	44709.90578	45941.7101	1	0
66	2444	1329	6	-1	90	44709.90578	45941.7101	1	0
66	2444	1330	6	-1	89	44709.90578	45941.7101	1	0
66	2444	1331	6	-1	88	44709.90578	45941.7101	1	0
66	2444	1332	6	-1	87	44709.90578	45941.7101	1	0
66	2444	1333	6	-1	86	44709.90578	45941.7101	1	0
66	2444	1334	6	-1	85	44709.90578	45941.7101	1	0
66	2444	1335	6	-1	84	44709.90578	45941.7101	1	0
66	2444	1336	6	-1	83	44709.90578	45941.7101	1	0
66	2444	1337	6	-1	82	44709.90578	45941.7101	1	0
66	2444	1338	6	-1	81	44709.90578	45941.7101	1	0
66	2444	1339	6	-1	80	44709.90578	45941.7101	1	0
66	2444	1340	6	-1	79	44709.90578	45941.7101	1	0
66	2444	1341	6	-1	78	44709.90578	45941.7101	1	0
66	2444	1342	6	-1	77	44709.90578	45941.7101	1	0
66	2444	1343	6	-1	76	44709.90578	45941.7101	1	0
66	2444	1344	6	-1	75	44709.90578	45941.7101	1	0
66	2444	1345	6	-1	74	44709.90578	45941.7101	1	0
66	2444	1346	6	-1	73	44709.90578	45941.7101	1	0
66	2444	1347	6	-1	72	44709.90578	45941.7101	1	0
66	2444	1348	6	-1	71	44709.90578	45941.7101	1	0
66	2444	1349	6	-1	70	44709.90578	45941.7101	1	0
66	2444	1350	6	-1	69	44709.90578	45941.7101	1	0
66	2444	1351	6	-1	68	44709.90578	45941.7101	1	0
66	2444	1352	6	-1	67	44709.90578	45941.7101	1	0
66	2444	1353	6	-1	66	44709.90578	45941.7101	1	0
66	2444	1354	6	-1	65	44709.90578	45941.7101	1	0
66	2444	1355	6	-1	64	44709.90578	45941.7101	1	0
66	2444	1356	6	-1	63	44709.90578	45941.7101	1	0
66	2444	1357	6	-1	62	44709.90578	45941.7101	1	0
66	2444	1358	6	-1	61	44709.90578	45941.7101	1	0
66	2444	1359	6	-1	60	44709.90578	45941.7101	1	0
66	2444	1360	6	-1	59	44709.90578	45941.7101	1	0
66	2444	1361	6	-1	58	44709.90578	45941.7101	1	0
66	2444	1362	6	-1	57	44709.90578	45941.7101	1	0
66	2444	1363	6	-1	56	44709.90578	45941.7101	1	0
66	2444	1364	6	-1	55	44709.90578	45941.7101	1	0
66	2444	1365	6	-1	54	44709.90578	45941.7101	1	0
66	2444	1366	6	-1	53	44709.90578	45941.7101	1	0
66	2444	1367	6	-1	52	44709.90578	45941.7101	1	0
66	2444	1368	6	-1	51	44709.90578	45941.7101	1	0
66	2444	1369	6	-1	50	44709.90578	45941.7101	1	0
66	2444	1370	6	-1	49	44709.90578	45941.7101	1	0
66	2444	1371	6	-1	48	44709.90578	45941.7101	1	0
66	2444	1372	6	-1	47	44709.90578	45941.7101	1	0
66	2444	1373	6	-1	46	44709.90578	45941.7101	1	0
66	2444	1374	6	-1	45	44709.90578	45941.7101	1	0
66	2444	1375	6	-1	44	44709.90578	45941.7101	1	0
66	2444	1376	6	-1	43	44709.90578	45941.7101	1	0
66	2444	1377	6	-1	42	44709.90578	45941.7101	1	0
66	2444	1378	6	-1	41	44709.90578	45941.7101	1	0
66	2444	1379	6	-1	40	44709.90578	45941.7101	1	0
66	2444	1380	6	-1	39	44709.90578	45941.7101	1	0
66	2444	1381	6	-1	38	44709.90578	45941.7101	1	0
66	2444	1382	6	-1	37	44709.90578	45941.7101	1	0
66	2444	1383	6	-1	36	44709.90578	45941.7101	1	0
66	2444	1384	6	-1	35	44709.90578	45941.7101	1	0
66	2444	1385	6	-1	34	44709.90578	45941.7101	1	0
66	2444	1386	6	-1	33	44709.90578	45941.7101	1	0
66	2444	1387	6	-1	32	44709.90578	45941.7101	1	0
66	2444	1388	6	-1	31	44709.90578	45941.7101	1	0
66	2444	1389	6	-1	30	44709.90578	45941.7101	1	0
66	2444	1390	6	-1	29	44709.90578	45941.7101	1	0
66	2444	1391	6	-1	28	44709.90578	45941.7101	1	0
66	2444	1392	6	-1	27	44709.90578	45941.7101	1	0
66	2444	1393	6	-1	26	44709.90578	45941.7101	1	0
66	2444	1394	6	-1	25	44709.90578	45941.7101	1	0
66	2444	1395	6	-1	24	44709.90578	45941.7101	1	0
66	2444	1396	6	-1	23	44709.90578	45941.7101	1	0
66	2444	1397	6	-1	22	44709.90578	45941.7101	1	0
66	2444	1398	6	-1	21	44709.90578	45941.7101	1	0
66	2444	1399	6	-1	20	44709.90578	45941.7101	1	0
66	2444	1400	6	-1	19	44709.90578	45941.7101	1	0
66	2444	1401	6	-1	18	44709.90578	45941.7101	1	0
66	2444	1402	6	-1	17	44709.90578	45941.7101	1	0
66	2444	1403	6	-1	16	44709.90578	45941.7101	1	0
66	2444	1404	6	-1	15	44709.90578	45941.7101	1	0
66	2444	1405	6	-1	14	44709.90578	45941.7101	1	0
66	2444	1406	6	-1	13	44709.90578	45941.7101	1	0
66	2444	1407	6	-1	12	44709.90578	45941.7101	1	0
66	2444	1408	6	-1	11	44709.90578	45941.7101	1	0
66	2444	1409	6	-1	10	44709.90578	45941.7101	1	0
66	2444	1410	6	-1	9	44709.90578	45941.7101	1	0
66	2444	1411	6	-1	8	44709.90578	45941.7101	1	0
66	2444	1412	6	-1	7	44709.90578	45941.7101	1	0
66	2444	1413	6	-1	6	44709.90578	45941.7101	1	0
66	2444	1414	6	-1	5	44709.90578	45941.7101	1	0
66	2444	1415	6	-1	4	44709.90578	45941.7101	1	0
66	2444	1416	6	-1	3	44709.90578	45941.7101	1	0
66	2444	1417	6	-1	2	44709.90578	45941.7101	1	0
66	2444	1418	6	-1	1	44709.90578	45941.7101	1	0
66	2444	1419	6	-1	0	44709.90578	45941.7101	1	0
66	2444	1420	6	-1	255	43767.72086	43767.72086	0	0
66	2444	1421	6	-1	254	43767.72086	44999.52518	1	0
66	2444	1422	6	-1	253	43767.72086	44999.52518	1	0
66	2444	1423	6	-1	252	43767.72086	44999.52518	1	0
66	2444	1424	6	-1	251	43767.72086	44999.52518	1	0
66	2444	1425	6	-1	250	43767.72086	44999.52518	1	0
66	2444	1426	6	-1	249	43767.72086	44999.52518	1	0
66	2444	1427	6	-1	248	43767.72086	44999.52518	1	0
66	2444	1428	6	-1	247	43767.72086	44999.52518	1	0
66	2444	1429	6	-1	246	43767.72086	44999.52518	1	0
66	2444	1430	6	-1	245	43767.72086	44999.52518	1	0
66	2444	1431	6	-1	244	43767.72086	44999.52518	1	0
66	2444	1432	6	-1	243	43767.72086	44999.52518	1	0
66	2444	1433	6	-1	242	43767.72086	44999.52518	1	0
66	2444	1434	6	-1	241	43767.72086	44999.52518	1	0
66	2444	1435	6	-1	240	43767.72086	44999.52518	1	0
66	2444	1436	6	-1	239	43767.72086	44999.52518	1	0
66	2444	1437	6	-1	238	43767.72086	44999.52518	1	0
66	2444	1438	6	-1	237	43767.72086	44999.52518	1	0
66	2444	1439	6	-1	236	43767.72086	44999.52518	1	0
66	2444	1440	6	-1	235	43767.72086	44999.52518	1	0
66	2444	1441	6	-1	234	43767.72086	44999.52518	1	0
66	2444	1442	6	-1	233	43767.72086	44999.52518	1	0
66	2444	1443	6	-1	232	43767.72086	44999.52518	1	0
66	2444	1444	6	-1	231	43767.72086	44999.52518	1	0
66	2444	1445	6	-1	230	43767.72086	44999.52518	1	0
66	2444	1446	6	-1	229	43767.72086	44999.52518	1	0
66	2444	1447	6	-1	228	43767.72086	44999.52518	1	0
66	2444	1448	6	-1	227	43767.72086	44999.52518	1	0
66	2444	1449	6	-1	226	43767.72086	44999.52518	1	0
66	2444	1450	6	-1	225	43767.72086	44999.52518	1	0
66	2444	1451	6	-1	224	43767.72086	44999.52518	1	0
66	2444	1452	6	-1	223	43767.72086	44999.52518	1	0
66	2444	1453	6	-1	222	43767.72086	44999.52518	1	0
66	2444	1454	6	-1	221	43767.72086	44999.52518	1	0
66	2444	1455	6	-1	220	43767.72086	44999.52518	1	0
66	2444	1456	6	-1	219	43767.72086	44999.52518	1	0
66	2444	1457	6	-1	218	43767.72086	44999.52518	1	0
66	2444	1458	6	-1	217	43767.72086	44999.52518	1	0
66	2444	1459	6	-1	216	43767.72086	44999.52518	1	0
66	2444	1460	6	-1	215	43767.72086	44999.52518	1	0
66	2444	1461	6	-1	214	43767.72086	44999.52518	1	0
66	2444	1462	6	-1	213	43767.72086	44999.52518	1	0
66	2444	1463	6	-1	212	43767.72086	44999.52518	1	0
66	2444	1464	6	-1	211	43767.72086	44999.52518	1	0
66	2444	1465	6	-1	210	43767.72086	44999.52518	1	0
66	2444	1466	6	-1	209	43767.72086	44999.52518	1	0
66	2444	1467	6	-1	208	43767.72086	44999.52518	1	0
66	2444	1468	6	-1	207	43767.72086	44999.52518	1	0
66	2444	1469	6	-1	206	43767.72086	44999.52518	1	0
66	2444	1470	6	-1	205	43767.72086	44999.52518	1	0
66	2444	1471	6	-1	204	43767.72086	44999.52518	1	0
66	2444	1472	6	-1	203	43767.72086	44999.52518	1	0
66	2444	1473	6	-1	202	43767.72086	44999.52518	1	0
66	2444	1474	6	-1	201	43767.72086	44999.52518	1	0
66	2444	1475	6	-1	200	43767.72086	44999.52518	1	0
66	2444	1476	6	-1	199	43767.72086	44999.52518	1	0
66	2444	1477	6	-1	198	43767.72086	44999.52518	1	0
66	2444	1478	6	-1	197	43767.72086	44999.52518	1	0
66	2444	1479	6	-1	196	43767.72086	44999.52518	1	0
66	2444	1480	6	-1	195	43767.72086	44999.52518	1	0
66	2444	1481	6	-1	194	43767.72086	44999.52518	1	0
66	2444	1482	6	-1	193	43767.72086	44999.52518	1	0
66	2444	1483	6	-1	192	43767.72086	44999.52518	1	0
66	2444	1484	6	-1	191	43767.72086	44999.52518	1	0
66	2444	1485	6	-1	190	43767.72086	44999.52518	1	0
66	2444	1486	6	-1	189	43767.72086	44999.52518	1	0
66	2444	1487	6	-1	188	43767.72086	44999.52518	1	0
66	2444	1488	6	-1	187	43767.72086	44999.52518	1	0
66	2444	1489	6	-1	186	43767.72086	44999.52518	1	0
66	2444	1490	6	-1	185	43767.72086	44999.52518	1	0
66	2444	1491	6	-1	184	43767.72086	44999.52518	1	0
66	2444	1492	6	-1	183	43767.72086	44999.52518	1	0
66	2444	1493	6	-1	182	43767.72086	44999.52518	1	0
66	2444	1494	6	-1	181	43767.72086	44999.52518	1	0
66	2444	1495	6	-1	180	43767.72086	44999.52518	1	0
66	2444	1496	6	-1	179	43767.72086	44999.52518	1	0
66	2444	1497	6	-1	178	43767.72086	44999.52518	1	0
66	2444	1498	6	-1	177	43767.72086	44999.52518	1	0
66	2444	1499	6	-1	176	43767.72086	44999.52518	1	0
66	2444	1500	6	-1	175	43767.72086	44999.52518	1	0
66	2444	1501	6	-1	174	43767.72086	44999.52518	1	0
66	2444	1502	6	-1	173	43767.72086	44999.52518	1	0
66	2444	1503	6	-1	172	43767.72086	44999.52518	1	0
66	2444	1504	6	-1	171	43767.72086	44999.52518	1	0
66	2444	1505	6	-1	170	43767.72086	44999.52518	1	0
66	2444	1506	6	-1	169	43767.72086	44999.52518	1	0
66	2444	1507	6	-1	168	43767.72086	44999.52518	1	0
66	2444	1508	6	-1	167	43767.72086	44999.52518	1	0
66	2444	1509	6	-1	166	43767.72086	44999.52518	1	0
66	2444	1510	6	-1	165	43767.72086	44999.52518	1	0
66	2444	1511	6	-1	164	43767.72086	44999.52518	1	0
66	2444	1512	6	-1	163	43767.72086	44999.52518	1	0
66	2444	1513	6	-1	162	43767.72086	44999.52518	1	0
66	2444	1514	6	-1	161	43767.72086	44999.52518	1	0
66	2444	1515	6	-1	160	43767.72086	44999.52518	1	0
66	2444	1516	6	-1	159	43767.72086	44999.52518	1	0
66	2444	1517	6	-1	158	43767.72086	44999.52518	1	0
66	2444	1518	6	-1	157	43767.72086	44999.52518	1	0
66	2444	1519	6	-1	156	43767.72086	44999.52518	1	0
66	2444	1520	6	-1	155	43767.72086	44999.52518	1	0
66	2444	1521	6	-1	154	43767.72086	44999.52518	1	0
66	2444	1522	6	-1	153	43767.72086	44999.52518	1	0
66	2444	1523	6	-1	152	43767.72086	44999.52518	1	0
66	2444	1524	6	-1	151	43767.72086	44999.52518	1	0
66	2444	1525	6	-1	150	43767.72086	44999.52518	1	0
66	2444	1526	6	-1	149	43767.72086	44999.52518	1	0
66	2444	1527	6	-1	148	43767.72086	44999.52518	1	0
66	2444	1528	6	-1	147	43767.72086	44999.52518	1	0
66	2444	1529	6	-1	146	43767.72086	44999.52518	1	0
66	2444	1530	6	-1	145	43767.72086	44999.52518	1	0
66	2444	1531	6	-1	144	43767.72086	44999.52518	1	0
66	2444	1532	6	-1	143	43767.72086	44999.52518	1	0
66	2444	1533	6	-1	142	43767.72086	44999.52518	1	0
66	2444	1534	6	-1	141	43767.72086	44999.52518	1	0
66	2444	1535	6	-1	140	43767.72086	44999.52518	1	0
66	2444	1536	6	-1	139	43767.72086	44999.52518	1	0
66	2444	1537	6	-1	138	43767.72086	44999.52518	1	0
66	2444	1538	6	-1	137	43767.72086	44999.52518	1	0
66	2444	1539	6	-1	136	43767.72086	44999.52518	1	0
66	2444	1540	6	-1	135	43767.72086	44999.52518	1	0
66	2444	1541	6	-1	134	43767.72086	44999.52518	1	0
66	2444	1542	6	-1	133	43767.72086	44999.52518	1	0
66	2444	1543	6	-1	132	43767.72086	44999.52518	1	0
66	2444	1544	6	-1	131	43767.72086	44999.52518	1	0
66	2444	1545	6	-1	130	43767.72086	44999.52518	1	0
66	2444	1546	6	-1	129	43767.72086	44999.52518	1	0
66	2444	1547	6	-1	128	43767.72086	44999.52518	1	0
66	2444	1548	6	-1	127	43767.72086	44999.52518	1	0
66	2444	1549	6	-1	126	43767.72086	44999.52518	1	0
66	2444	1550	6	-1	125	43767.72086	44999.52518	1	0
66	2444	1551	6	-1	124	43767.72086	44999.52518	1	0
66	2444	1552	6	-1	123	43767.72086	44999.52518	1	0
66	2444	1553	6	-1	122	43767.72086	44999.52518	1	0
66	2444	1554	6	-1	121	43767.72086	44999.52518	1	0
66	2444	1555	6	-1	120	43767.72086	44999.52518	1	0
66	2444	1556	6	-1	119	43767.72086	44999.52518	1	0
66	2444	1557	6	-1	118	43767.72086	44999.52518	1	0
66	2444	1558	6	-1	117	43767.72086	44999.52518	1	0
66	2444	1559	6	-1	116	43767.72086	44999.52518	1	0
66	2444	1560	6	-1	115	43767.72086	44999.52518	1	0
66	2444	1561	6	-1	114	43767.72086	44999.52518	1	0
66	2444	1562	6	-1	113	43767.72086	44999.52518	1	0
66	2444	1563	6	-1	112	43767.72086	44999.52518	1	0
66	2444	1564	6	-1	111	43767.72086	44999.52518	1	0
66	2444	1565	6	-1	110	43767.72086	44999.52518	1	0
66	2444	1566	6	-1	109	43767.72086	44999.52518	1	0
66	2444	1567	6	-1	108	43767.72086	44999.52518	1	0
66	2444	1568	6	-1	107	43767.72086	44999.52518	1	0
66	2444	1569	6	-1	106	43767.72086	44999.52518	1	0
66	2444	1570	6	-1	105	43767.72086	44999.52518	1	0
66	2444	1571	6	-1	104	43767.72086	44999.52518	1	0
66	2444	1572	6	-1	103	43767.72086	44999.52518	1	0
66	2444	1573	6	-1	102	43767.72086	44999.52518	1	0
66	2444	1574	6	-1	101	43767.72086	44999.52518	1	0
66	2444	1575	6	-1	100	43767.72086	44999.52518	1	0
66	2444	1576	6	-1	99	43767.72086	44999.52518	1	0
66	2444	1577	6	-1	98	43767.72086	44999.52518	1	0
66	2444	1578	6	-1	97	43767.72086	44999.52518	1	0
66	2444	1579	6	-1	96	43767.72086	44999.52518	1	0
66	2444	1580	6	-1	95	43767.72086	44999.52518	1	0
66	2444	1581	6	-1	94	43767.72086	44999.52518	1	0
66	2444	1582	6	-1	93	43767.72086	44999.52518	1	0
66	2444	1583	6	-1	92	43767.72086	44999.52518	1	0
66	2444	1584	6	-1	91	43767.72086	44999.52518	1	0
66	2444	1585	6	-1	90	43767.72086	44999.52518	1	0
66	2444	1586	6	-1	89	43767.72086	44999.52518	1	0
66	2444	1587	6	-1	88	43767.72086	44999.52518	1	0
66	2444	1588	6	-1	87	43767.72086	44999.52518	1	0
66	2444	1589	6	-1	86	43767.72086	44999.52518	1	0
66	2444	1590	6	-1	85	43767.72086	44999.52518	1	0
66	2444	1591	6	-1	84	43767.72086	44999.52518	1	0
66	2444	1592	6	-1	83	43767.72086	44999.52518	1	0
66	2444	1593	6	-1	82	43767.72086	44999.52518	1	0
66	2444	1594	6	-1	81	43767.72086	44999.52518	1	0
66	2444	1595	6	-1	80	43767.72086	44999.52518	1	0
66	2444	1596	6	-1	79	43767.72086	44999.52518	1	0
66	2444	1597	6	-1	78	43767.72086	44999.52518	1	0
66	2444	1598	6	-1	77	43767.72086	44999.52518	1	0
66	2444	1599	6	-1	76	43767.72086	44999.52518	1	0
66	2444	1600	6	-1	75	43767.72086	44999.52518	1	0
66	2444	1601	6	-1	74	43767.72086	44999.52518	1	0
66	2444	1602	6	-1	73	43767.72086	44999.52518	1	0
66	2444	1603	6	-1	72	43767.72086	44999.52518	1	0
66	2444	1604	6	-1	71	43767.72086	44999.52518	1	0
66	2444	1605	6	-1	70	43767.72086	44999.52518	1	0
66	2444	1606	6	-1	69	43767.72086	44999.52518	1	0
66	2444	1607	6	-1	68	43767.72086	44999.52518	1	0
66	2444	1608	6	-1	67	43767.72086	44999.52518	1	0
66	2444	1609	6	-1	66	43767.72086	44999.52518	1	0
66	2444	1610	6	-1	65	43767.72086	44999.52518	1	0
66	2444	1611	6	-1	64	43767.72086	44999.52518	1	0
66	2444	1612	6	-1	63	43767.72086	44999.52518	1	0
66	2444	1613	6	-1	62	43767.72086	44999.52518	1	0
66	2444	1614	6	-1	61	43767.72086	44999.52518	1	0
66	2444	1615	6	-1	60	43767.72086	44999.52518	1	0
66	2444	1616	6	-1	59	43767.72086	44999.52518	1	0
66	2444	1617	6	-1	58	43767.72086	44999.52518	1	0
66	2444	1618	6	-1	57	43767.72086	44999.52518	1	0
66	2444	1619	6	-1	56	43767.72086	44999.52518	1	0
66	2444	1620	6	-1	55	43767.72086	44999.52518	1	0
66	2444	1621	6	-1	54	43767.72086	44999.52518	1	0
66	2444	1622	6	-1	53	43767.72086	44999.52518	1	0
66	2444	1623	6	-1	52	43767.72086	44999.52518	1	0
66	2444	1624	6	-1	51	43767.72086	44999.52518	1	0
66	2444	1625	6	-1	50	43767.72086	44999.52518	1	0
66	2444	1626	6	-1	49	43767.72086	44999.52518	1	0
66	2444	1627	6	-1	48	43767.72086	44999.52518	1	0
66	2444	1628	6	-1	47	43767.72086	44999.52518	1	0
66	2444	1629	6	-1	46	43767.72086	44999.52518	1	0
66	2444	1630	6	-1	45	43767.72086	44999.52518	1	0
66	2444	1631	6	-1	44	43767.72086	44999.52518	1	0
66	2444	1632	6	-1	43	43767.72086	44999.52518	1	0
66	2444	1633	6	-1	42	43767.72086	44999.52518	1	0
66	2444	1634	6	-1	41	43767.72086	44999.52518	1	0
66	2444	1635	6	-1	40	43767.72086	44999.52518	1	0
66	2444	1636	6	-1	39	43767.72086	44999.52518	1	0
66	2444	1637	6	-1	38	43767.72086	44999.52518	1	0
66	2444	1638	6	-1	37	43767.72086	44999.52518	1	0
66	2444	1639	6	-1	36	43767.72086	44999.52518	1	0
66	2444	1640	6	-1	35	43767.72086	44999.52518	1	0
66	2444	1641	6	-1	34	43767.72086	44999.52518	1	0
66	2444	1642	6	-1	33	43767.72086	44999.52518	1	0
66	2444	1643	6	-1	32	43767.72086	44999.52518	1	0
66	2444	1644	6	-1	31	43767.72086	44999.52518	1	0
66	2444	1645	6	-1	30	43767.72086	44999.52518	1	0
66	2444	1646	6	-1	29	43767.72086	44999.52518	1	0
66	2444	1647	6	-1	28	43767.72086	44999.52518	1	0
66	2444	1648	6	-1	27	43767.72086	44999.52518	1	0
66	2444	1649	6	-1	26	43767.72086	44999.52518	1	0
66	2444	1650	6	-1	25	43767.72086	44999.52518	1	0
66	2444	1651	6	-1	24	43767.72086	44999.52518	1	0
66	2444	1652	6	-1	23	43767.72086	44999.52518	1	0
66	2444	1653	6	-1	22	43767.72086	44999.52518	1	0
66	2444	1654	6	-1	21	43767.72086	44999.52518	1	0
66	2444	1655	6	-1	20	43767.72086	44999.52518	1	0
66	2444	1656	6	-1	19	43767.72086	44999.52518	1	0
66	2444	1657	6	-1	18	43767.72086	44999.52518	1	0
66	2444	1658	6	-1	17	43767.72086	44999.52518	1	0
66	2444	1659	6	-1	16	43767.72086	44999.52518	1	0
66	2444	1660	6	-1	15	43767.72086	44999.52518	1	0
66	2444	1661	6	-1	14	43767.72086	44999.52518	1	0
66	2444	1662	6	-1	13	43767.72086	44999.52518	1	0
66	2444	1663	6	-1	12	43767.72086	44999.52518	1	0
66	2444	1664	6	-1	11	43767.72086	44999.52518	1	0
66	2444	1665	6	-1	10	43767.72086	44999.52518	1	0
66	2444	1666	6	-1	9	43767.72086	44999.52518	1	0
66	2444	1667	6	-1	8	43767.72086	44999.52518	1	0
66	2444	1668	6	-1	7	43767.72086	44999.52518	1	0
66	2444	1669	6	-1	6	43767.72086	44999.52518	1	0
66	2444	1670	6	-1	5	43767.72086	44999.52518	1	0
66	2444	1671	6	-1	4	43767.72086	44999.52518	1	0
66	2444	1672	6	-1	3	43767.72086	44999.52518	1	0
66	2444	1673	6	-1	2	43767.72086	44999.52518	1	0
66	2444	1674	6	-1	1	43767.72086	44999.52518	1	0
66	2444	1675	6	-1	0	43767.72086	44999.52518	1	0
66	2444	1676	7	-1	255	23289.95969	23289.95969	0	0
66	2444	1677	7	-1	254	23289.95969	24521.76401	1	0
66	2444	1678	7	-1	253	23289.95969	24521.76401	1	0
66	2444	1679	7	-1	252	23289.95969	24521.76401	1	0
66	2444	1680	7	-1	251	23289.95969	24521.76401	1	0
66	2444	1681	7	-1	250	23289.95969	24521.76401	1	0
66	2444	1682	7	-1	249	23289.95969	24521.76401	1	0
66	2444	1683	7	-1	248	23289.95969	24521.76401	1	0
66	2444	1684	7	-1	247	23289.95969	24521.76401	1	0
66	2444	1685	7	-1	246	23289.95969	24521.76401	1	0
66	2444	1686	7	-1	245	23289.95969	24521.76401	1	0
66	2444	1687	7	-1	244	23289.95969	24521.76401	1	0
66	2444	1688	7	-1	243	23289.95969	24521.76401	1	0
66	2444	1689	7	-1	242	23289.95969	24521.76401	1	0
66	2444	1690	7	-1	241	23289.95969	24521.76401	1	0
66	2444	1691	7	-1	240	23289.95969	24521.76401	1	0
66	2444	1692	7	-1	239	23289.95969	24521.76401	1	0
66	2444	1693	7	-1	238	23289.95969	24521.76401	1	0
66	2444	1694	7	-1	237	23289.95969	24521.76401	1	0
66	2444	1695	7	-1	236	23289.95969	24521.76401	1	0
66	2444	1696	7	-1	235	23289.95969	24521.76401	1	0
66	2444	1697	7	-1	234	23289.95969	24521.76401	1	0
66	2444	1698	7	-1	233	23289.95969	24521.76401	1	0
66	2444	1699	7	-1	232	23289.95969	24521.76401	1	0
66	2444	1700	7	-1	231	23289.95969	24521.76401	1	0
66	2444	1701	7	-1	230	23289.95969	24521.76401	1	0
66	2444	1702	7	-1	229	23289.95969	24521.76401	1	0
66	2444	1703	7	-1	228	23289.95969	24521.76401	1	0
66	2444	1704	7	-1	227	23289.95969	24521.76401	1	0
66	2444	1705	7	-1	226	23289.95969	24521.76401	1	0
66	2444	1706	7	-1	225	23289.95969	24521.76401	1	0
66	2444	1707	7	-1	224	23289.95969	24521.76401	1	0
66	2444	1708	7	-1	223	23289.95969	24521.76401	1	0
66	2444	1709	7	-1	222	23289.95969	24521.76401	1	0
66	2444	1710	7	-1	221	23289.95969	24521.76401	1	0
66	2444	1711	7	-1	220	23289.95969	24521.76401	1	0
66	2444	1712	7	-1	219	23289.95969	24521.76401	1	0
66	2444	1713	7	-1	218	23289.95969	24521.76401	1	0
66	2444	1714	7	-1	217	23289.95969	24521.76401	1	0
66	2444	1715	7	-1	216	23289.95969	24521.76401	1	0
66	2444	1716	7	-1	215	23289.95969	24521.76401	1	0
66	2444	1717	7	-1	214	23289.95969	24521.76401	1	0
66	2444	1718	7	-1	213	23289.95969	24521.76401	1	0
66	2444	1719	7	-1	212	23289.95969	24521.76401	1	0
66	2444	1720	7	-1	211	23289.95969	24521.76401	1	0
66	2444	1721	7	-1	210	23289.95969	24521.76401	1	0
66	2444	1722	7	-1	209	23289.95969	24521.76401	1	0
66	2444	1723	7	-1	208	23289.95969	24521.76401	1	0
66	2444	1724	7	-1	207	23289.95969	24521.76401	1	0
66	2444	1725	7	-1	206	23289.95969	24521.76401	1	0
66	2444	1726	7	-1	205	23289.95969	24521.76401	1	0
66	2444	1727	7	-1	204	23289.95969	24521.76401	1	0
66	2444	1728	7	-1	203	23289.95969	24521.76401	1	0
66	2444	1729	7	-1	202	23289.95969	24521.76401	1	0
66	2444	1730	7	-1	201	23289.95969	24521.76401	1	0
66	2444	1731	7	-1	200	23289.95969	24521.76401	1	0
66	2444	1732	7	-1	199	23289.95969	24521.76401	1	0
66	2444	1733	7	-1	198	23289.95969	24521.76401	1	0
66	2444	1734	7	-1	197	23289.95969	24521.76401	1	0
66	2444	1735	7	-1	196	23289.95969	24521.76401	1	0
66	2444	1736	7	-1	195	23289.95969	24521.76401	1	0
66	2444	1737	7	-1	194	23289.95969	24521.76401	1	0
66	2444	1738	7	-1	193	23289.95969	24521.76401	1	0
66	2444	1739	7	-1	192	23289.95969	24521.76401	1	0
66	2444	1740	7	-1	191	23289.95969	24521.76401	1	0
66	2444	1741	7	-1	190	23289.95969	24521.76401	1	0
66	2444	1742	7	-1	189	23289.95969	24521.76401	1	0
66	2444	1743	7	-1	188	23289.95969	24521.76401	1	0
66	2444	1744	7	-1	187	23289.95969	24521.76401	1	0
66	2444	1745	7	-1	186	23289.95969	24521.76401	1	0
66	2444	1746	7	-1	185	23289.95969	24521.76401	1	0
66	2444	1747	7	-1	184	23289.95969	24521.76401	1	0
66	2444	1748	7	-1	183	23289.95969	24521.76401	1	0
66	2444	1749	7	-1	182	23289.95969	24521.76401	1	0
66	2444	1750	7	-1	181	23289.95969	24521.76401	1	0
66	2444	1751	7	-1	180	23289.95969	24521.76401	1	0
66	2444	1752	7	-1	179	23289.95969	24521.76401	1	0
66	2444	1753	7	-1	178	23289.95969	24521.76401	1	0
66	2444	1754	7	-1	177	23289.95969	24521.76401	1	0
66	2444	1755	7	-1	176	23289.95969	24521.76401	1	0
66	2444	1756	7	-1	175	23289.95969	24521.76401	1	0
66	2444	1757	7	-1	174	23289.95969	24521.76401	1	0
66	2444	1758	7	-1	173	23289.95969	24521.76401	1	0
66	2444	1759	7	-1	172	23289.95969	24521.76401	1	0
66	2444	1760	7	-1	171	23289.95969	24521.76401	1	0
66	2444	1761	7	-1	170	23289.95969	24521.76401	1	0
66	2444	1762	7	-1	169	23289.95969	24521.76401	1	0
66	2444	1763	7	-1	168	23289.95969	24521.76401	1	0
66	2444	1764	7	-1	167	23289.95969	24521.76401	1	0
66	2444	1765	7	-1	166	23289.95969	24521.76401	1	0
66	2444	1766	7	-1	165	23289.95969	24521.76401	1	0
66	2444	1767	7	-1	164	23289.95969	24521.76401	1	0
66	2444	1768	7	-1	163	23289.95969	24521.76401	1	0
66	2444	1769	7	-1	162	23289.95969	24521.76401	1	0
66	2444	1770	7	-1	161	23289.95969	24521.76401	1	0
66	2444	1771	7	-1	160	23289.95969	24521.76401	1	0
66	2444	1772	7	-1	159	23289.95969	24521.76401	1	0
66	2444	1773	7	-1	158	23289.95969	24521.76401	1	0
66	2444	1774	7	-1	157	23289.95969	24521.76401	1	0
66	2444	1775	7	-1	156	23289.95969	24521.76401	1	0
66	2444	1776	7	-1	155	23289.95969	24521.76401	1	0
66	2444	1777	7	-1	154	23289.95969	24521.76401	1	0
66	2444	1778	7	-1	153	23289.95969	24521.76401	1	0
66	2444	1779	7	-1	152	23289.95969	24521.76401	1	0
66	2444	1780	7	-1	151	23289.95969	24521.76401	1	0
66	2444	1781	7	-1	150	23289.95969	24521.76401	1	0
66	2444	1782	7	-1	149	23289.95969	24521.76401	1	0
66	2444	1783	7	-1	148	23289.95969	24521.76401	1	0
66	2444	1784	7	-1	147	23289.95969	24521.76401	1	0
66	2444	1785	7	-1	146	23289.95969	24521.76401	1	0
66	2444	1786	7	-1	145	23289.95969	24521.76401	1	0
66	2444	1787	7	-1	144	23289.95969	24521.76401	1	0
66	2444	1788	7	-1	143	23289.95969	24521.76401	1	0
66	2444	1789	7	-1	142	23289.95969	24521.76401	1	0
66	2444	1790	7	-1	141	23289.95969	24521.76401	1	0
66	2444	1791	7	-1	140	23289.95969	24521.76401	1	0
66	2444	1792	7	-1	139	23289.95969	24521.76401	1	0
66	2444	1793	7	-1	138	23289.95969	24521.76401	1	0
66	2444	1794	7	-1	137	23289.95969	24521.76401	1	0
66	2444	1795	7	-1	136	23289.95969	24521.76401	1	0
66	2444	1796	7	-1	135	23289.95969	24521.76401	1	0
66	2444	1797	7	-1	134	23289.95969	24521.76401	1	0
66	2444	1798	7	-1	133	23289.95969	24521.76401	1	0
66	2444	1799	7	-1	132	23289.95969	24521.76401	1	0
66	2444	1800	7	-1	131	23289.95969	24521.76401	1	0
66	2444	1801	7	-1	130	23289.95969	24521.76401	1	0
66	2444	1802	7	-1	129	23289.95969	24521.76401	1	0
66	2444	1803	7	-1	128	23289.95969	24521.76401	1	0
66	2444	1804	7	-1	127	23289.95969	24521.76401	1	0
66	2444	1805	7	-1	126	23289.95969	24521.76401	1	0
66	2444	1806	7	-1	125	23289.95969	24521.76401	1	0
66	2444	1807	7	-1	124	23289.95969	24521.76401	1	0
66	2444	1808	7	-1	123	23289.95969	24521.76401	1	0
66	2444	1809	7	-1	122	23289.95969	24521.76401	1	0
66	2444	1810	7	-1	121	23289.95969	24521.76401	1	0
66	2444	1811	7	-1	120	23289.95969	24521.76401	1	0
66	2444	1812	7	-1	119	23289.95969	24521.76401	1	0
66	2444	1813	7	-1	118	23289.95969	24521.76401	1	0
66	2444	1814	7	-1	117	23289.95969	24521.76401	1	0
66	2444	1815	7	-1	116	23289.95969	24521.76401	1	0
66	2444	1816	7	-1	115	23289.95969	24521.76401	1	0
66	2444	1817	7	-1	114	23289.95969	24521.76401	1	0
66	2444	1818	7	-1	113	23289.95969	24521.76401	1	0
66	2444	1819	7	-1	112	23289.95969	24521.76401	1	0
66	2444	1820	7	-1	111	23289.95969	24521.76401	1	0
66	2444	1821	7	-1	110	23289.95969	24521.76401	1	0
66	2444	1822	7	-1	109	23289.95969	24521.76401	1	0
66	2444	1823	7	-1	108	23289.95969	24521.76401	1	0
66	2444	1824	7	-1	107	23289.95969	24521.76401	1	0
66	2444	1825	7	-1	106	23289.95969	24521.76401	1	0
66	2444	1826	7	-1	105	23289.95969	24521.76401	1	0
66	2444	1827	7	-1	104	23289.95969	24521.76401	1	0
66	2444	1828	7	-1	103	23289.95969	24521.76401	1	0
66	2444	1829	7	-1	102	23289.95969	24521.76401	1	0
66	2444	1830	7	-1	101	23289.95969	24521.76401	1	0
66	2444	1831	7	-1	100	23289.95969	24521.76401	1	0
66	2444	1832	7	-1	99	23289.95969	24521.76401	1	0
66	2444	1833	7	-1	98	23289.95969	24521.76401	1	0
66	2444	1834	7	-1	97	23289.95969	24521.76401	1	0
66	2444	1835	7	-1	96	23289.95969	24521.76401	1	0
66	2444	1836	7	-1	95	23289.95969	24521.76401	1	0
66	2444	1837	7	-1	94	23289.95969	24521.76401	1	0
66	2444	1838	7	-1	93	23289.95969	24521.76401	1	0
66	2444	1839	7	-1	92	23289.95969	24521.76401	1	0
66	2444	1840	7	-1	91	23289.95969	24521.76401	1	0
66	2444	1841	7	-1	90	23289.95969	24521.76401	1	0
66	2444	1842	7	-1	89	23289.95969	24521.76401	1	0
66	2444	1843	7	-1	88	23289.95969	24521.76401	1	0
66	2444	1844	7	-1	87	23289.95969	24521.76401	1	0
66	2444	1845	7	-1	86	23289.95969	24521.76401	1	0
66	2444	1846	7	-1	85	23289.95969	24521.76401	1	0
66	2444	1847	7	-1	84	23289.95969	24521.76401	1	0
66	2444	1848	7	-1	83	23289.95969	24521.76401	1	0
66	2444	1849	7	-1	82	23289.95969	24521.76401	1	0
66	2444	1850	7	-1	81	23289.95969	24521.76401	1	0
66	2444	1851	7	-1	80	23289.95969	24521.76401	1	0
66	2444	1852	7	-1	79	23289.95969	24521.76401	1	0
66	2444	1853	7	-1	78	23289.95969	24521.76401	1	0
66	2444	1854	7	-1	77	23289.95969	24521.76401	1	0
66	2444	1855	7	-1	76	23289.95969	24521.76401	1	0
66	2444	1856	7	-1	75	23289.95969	24521.76401	1	0
66	2444	1857	7	-1	74	23289.95969	24521.76401	1	0
66	2444	1858	7	-1	73	23289.95969	24521.76401	1	0
66	2444	1859	7	-1	72	23289.95969	24521.76401	1	0
66	2444	1860	7	-1	71	23289.95969	24521.76401	1	0
66	2444	1861	7	-1	70	23289.95969	24521.76401	1	0
66	2444	1862	7	-1	69	23289.95969	24521.76401	1	0
66	2444	1863	7	-1	68	23289.95969	24521.76401	1	0
66	2444	1864	7	-1	67	23289.95969	24521.76401	1	0
66	2444	1865	7	-1	66	23289.95969	24521.76401	1	0
66	2444	1866	7	-1	65	23289.95969	24521.76401	1	0
66	2444	1867	7	-1	64	23289.95969	24521.76401	1	0
66	2444	1868	7	-1	63	23289.95969	24521.76401	1	0
66	2444	1869	7	-1	62	23289.95969	24521.76401	1	0
66	2444	1870	7	-1	61	23289.95969	24521.76401	1	0
66	2444	1871	7	-1	60	23289.95969	24521.76401	1	0
66	2444	1872	7	-1	59	23289.95969	24521.76401	1	0
66	2444	1873	7	-1	58	23289.95969	24521.76401	1	0
66	2444	1874	7	-1	57	23289.95969	24521.76401	1	0
66	2444	1875	7	-1	56	23289.95969	24521.76401	1	0
66	2444	1876	7	-1	55	23289.95969	24521.76401	1	0
66	2444	1877	7	-1	54	23289.95969	24521.76401	1	0
66	2444	1878	7	-1	53	23289.95969	24521.76401	1	0
66	2444	1879	7	-1	52	23289.95969	24521.76401	1	0
66	2444	1880	7	-1	51	23289.95969	24521.76401	1	0
66	2444	1881	7	-1	50	23289.95969	24521.76401	1	0
66	2444	1882	7	-1	49	23289.95969	24521.76401	1	0
66	2444	1883	7	-1	48	23289.95969	24521.76401	1	0
66	2444	1884	7	-1	47	23289.95969	24521.76401	1	0
66	2444	1885	7	-1	46	23289.95969	24521.76401	1	0
66	2444	1886	7	-1	45	23289.95969	24521.76401	1	0
66	2444	1887	7	-1	44	23289.95969	24521.76401	1	0
66	2444	1888	7	-1	43	23289.95969	24521.76401	1	0
66	2444	1889	7	-1	42	23289.95969	24521.76401	1	0
66	2444	1890	7	-1	41	23289.95969	24521.76401	1	0
66	2444	1891	7	-1	40	23289.95969	24521.76401	1	0
66	2444	1892	7	-1	39	23289.95969	24521.76401	1	0
66	2444	1893	7	-1	38	23289.95969	24521.76401	1	0
66	2444	1894	7	-1	37	23289.95969	24521.76401	1	0
66	2444	1895	7	-1	36	23289.95969	24521.76401	1	0
66	2444	1896	7	-1	35	23289.95969	24521.76401	1	0
66	2444	1897	7	-1	34	23289.95969	24521.76401	1	0
66	2444	1898	7	-1	33	23289.95969	24521.76401	1	0
66	2444	1899	7	-1	32	23289.95969	24521.76401	1	0
66	2444	1900	7	-1	31	23289.95969	24521.76401	1	0
66	2444	1901	7	-1	30	23289.95969	24521.76401	1	0
66	2444	1902	7	-1	29	23289.95969	24521.76401	1	0
66	2444	1903	7	-1	28	23289.95969	24521.76401	1	0
66	2444	1904	7	-1	27	23289.95969	24521.76401	1	0
66	2444	1905	7	-1	26	23289.95969	24521.76401	1	0
66	2444	1906	7	-1	25	23289.95969	24521.76401	1	0
66	2444	1907	7	-1	24	23289.95969	24521.76401	1	0
66	2444	1908	7	-1	23	23289.95969	24521.76401	1	0
66	2444	1909	7	-1	22	23289.95969	24521.76401	1	0
66	2444	1910	7	-1	21	23289.95969	24521.76401	1	0
66	2444	1911	7	-1	20	23289.95969	24521.76401	1	0
66	2444	1912	7	-1	19	23289.95969	24521.76401	1	0
66	2444	1913	7	-1	18	23289.95969	24521.76401	1	0
66	2444	1914	7	-1	17	23289.95969	24521.76401	1	0
66	2444	1915	7	-1	16	23289.95969	24521.76401	1	0
66	2444	1916	7	-1	15	23289.95969	24521.76401	1	0
66	2444	1917	7	-1	14	23289.95969	24521.76401	1	0
66	2444	1918	7	-1	13	23289.95969	24521.76401	1	0
66	2444	1919	7	-1	12	23289.95969	24521.76401	1	0
66	2444	1920	7	-1	11	23289.95969	24521.76401	1	0
66	2444	1921	7	-1	10	23289.95969	24521.76401	1	0
66	2444	1922	7	-1	9	23289.95969	24521.76401	1	0
66	2444	1923	7	-1	8	23289.95969	24521.76401	1	0
66	2444	1924	7	-1	7	23289.95969	24521.76401	1	0
66	2444	1925	7	-1	6	23289.95969	24521.76401	1	0
66	2444	1926	7	-1	5	23289.95969	24521.76401	1	0
66	2444	1927	7	-1	4	23289.95969	24521.76401	1	0
66	2444	1928	7	-1	3	23289.95969	24521.76401	1	0
66	2444	1929	7	-1	2	23289.95969	24521.76401	1	0
66	2444	1930	7	-1	1	23289.95969	24521.76401	1	0
66	2444	1931	7	-1	0	23289.95969	24521.76401	1	0
66	2444	1932	7	-1	255	22822.07236	22822.07236	0	0
66	2444	1933	7	-1	254	22822.07236	24053.87668	1	0
66	2444	1934	7	-1	253	22822.07236	24053.87668	1	0
66	2444	1935	7	-1	252	22822.07236	24053.87668	1	0
66	2444	1936	7	-1	251	22822.07236	24053.87668	1	0
66	2444	1937	7	-1	250	22822.07236	24053.87668	1	0
66	2444	1938	7	-1	249	22822.07236	24053.87668	1	0
66	2444	1939	7	-1	248	22822.07236	24053.87668	1	0
66	2444	1940	7	-1	247	22822.07236	24053.87668	1	0
66	2444	1941	7	-1	246	22822.07236	24053.87668	1	0
66	2444	1942	7	-1	245	22822.07236	24053.87668	1	0
66	2444	1943	7	-1	244	22822.07236	24053.87668	1	0
66	2444	1944	7	-1	243	22822.07236	24053.87668	1	0
66	2444	1945	7	-1	242	22822.07236	24053.87668	1	0
66	2444	1946	7	-1	241	22822.07236	24053.87668	1	0
66	2444	1947	7	-1	240	22822.07236	24053.87668	1	0
66	2444	1948	7	-1	239	22822.07236	24053.87668	1	0
66	2444	1949	7	-1	238	22822.07236	24053.87668	1	0
66	2444	1950	7	-1	237	22822.07236	24053.87668	1	0
66	2444	1951	7	-1	236	22822.07236	24053.87668	1	0
66	2444	1952	7	-1	235	22822.07236	24053.87668	1	0
66	2444	1953	7	-1	234	22822.07236	24053.87668	1	0
66	2444	1954	7	-1	233	22822.07236	24053.87668	1	0
66	2444	1955	7	-1	232	22822.07236	24053.87668	1	0
66	2444	1956	7	-1	231	22822.07236	24053.87668	1	0
66	2444	1957	7	-1	230	22822.07236	24053.87668	1	0
66	2444	1958	7	-1	229	22822.07236	24053.87668	1	0
66	2444	1959	7	-1	228	22822.07236	24053.87668	1	0
66	2444	1960	7	-1	227	22822.07236	24053.87668	1	0
66	2444	1961	7	-1	226	22822.07236	24053.87668	1	0
66	2444	1962	7	-1	225	22822.07236	24053.87668	1	0
66	2444	1963	7	-1	224	22822.07236	24053.87668	1	0
66	2444	1964	7	-1	223	22822.07236	24053.87668	1	0
66	2444	1965	7	-1	222	22822.07236	24053.87668	1	0
66	2444	1966	7	-1	221	22822.07236	24053.87668	1	0
66	2444	1967	7	-1	220	22822.07236	24053.87668	1	0
66	2444	1968	7	-1	219	22822.07236	24053.87668	1	0
66	2444	1969	7	-1	218	22822.07236	24053.87668	1	0
66	2444	1970	7	-1	217	22822.07236	24053.87668	1	0
66	2444	1971	7	-1	216	22822.07236	24053.87668	1	0
66	2444	1972	7	-1	215	22822.07236	24053.87668	1	0
66	2444	1973	7	-1	214	22822.07236	24053.87668	1	0
66	2444	1974	7	-1	213	22822.07236	24053.87668	1	0
66	2444	1975	7	-1	212	22822.07236	24053.87668	1	0
66	2444	1976	7	-1	211	22822.07236	24053.87668	1	0
66	2444	1977	7	-1	210	22822.07236	24053.87668	1	0
66	2444	1978	7	-1	209	22822.07236	24053.87668	1	0
66	2444	1979	7	-1	208	22822.07236	24053.87668	1	0
66	2444	1980	7	-1	207	22822.07236	24053.87668	1	0
66	2444	1981	7	-1	206	22822.07236	24053.87668	1	0
66	2444	1982	7	-1	205	22822.07236	24053.87668	1	0
66	2444	1983	7	-1	204	22822.07236	24053.87668	1	0
66	2444	1984	7	-1	203	22822.07236	24053.87668	1	0
66	2444	1985	7	-1	202	22822.07236	24053.87668	1	0
66	2444	1986	7	-1	201	22822.07236	24053.87668	1	0
66	2444	1987	7	-1	200	22822.07236	24053.87668	1	0
66	2444	1988	7	-1	199	22822.07236	24053.87668	1	0
66	2444	1989	7	-1	198	22822.07236	24053.87668	1	0
66	2444	1990	7	-1	197	22822.07236	24053.87668	1	0
66	2444	1991	7	-1	196	22822.07236	24053.87668	1	0
66	2444	1992	7	-1	195	22822.07236	24053.87668	1	0
66	2444	1993	7	-1	194	22822.07236	24053.87668	1	0
66	2444	1994	7	-1	193	22822.07236	24053.87668	1	0
66	2444	1995	7	-1	192	22822.07236	24053.87668	1	0
66	2444	1996	7	-1	191	22822.07236	24053.87668	1	0
66	2444	1997	7	-1	190	22822.07236	24053.87668	1	0
66	2444	1998	7	-1	189	22822.07236	24053.87668	1	0
66	2444	1999	7	-1	188	22822.07236	24053.87668	1	0
66	2444	2000	7	-1	187	22822.07236	24053.87668	1	0
66	2444	2001	7	-1	186	22822.07236	24053.87668	1	0
66	2444	2002	7	-1	185	22822.07236	24053.87668	1	0
66	2444	2003	7	-1	184	22822.07236	24053.87668	1	0
66	2444	2004	7	-1	183	22822.07236	24053.87668	1	0
66	2444	2005	7	-1	182	22822.07236	24053.87668	1	0
66	2444	2006	7	-1	181	22822.07236	24053.87668	1	0
66	2444	2007	7	-1	180	22822.07236	24053.87668	1	0
66	2444	2008	7	-1	179	22822.07236	24053.87668	1	0
66	2444	2009	7	-1	178	22822.07236	24053.87668	1	0
66	2444	2010	7	-1	177	22822.07236	24053.87668	1	0
66	2444	2011	7	-1	176	22822.07236	24053.87668	1	0
66	2444	2012	7	-1	175	22822.07236	24053.87668	1	0
66	2444	2013	7	-1	174	22822.07236	24053.87668	1	0
66	2444	2014	7	-1	173	22822.07236	24053.87668	1	0
66	2444	2015	7	-1	172	22822.07236	24053.87668	1	0
66	2444	2016	7	-1	171	22822.07236	24053.87668	1	0
66	2444	2017	7	-1	170	22822.07236	24053.87668	1	0
66	2444	2018	7	-1	169	22822.07236	24053.87668	1	0
66	2444	2019	7	-1	168	22822.07236	24053.87668	1	0
66	2444	2020	7	-1	167	22822.07236	24053.87668	1	0
66	2444	2021	7	-1	166	22822.07236	24053.87668	1	0
66	2444	2022	7	-1	165	22822.07236	24053.87668	1	0
66	2444	2023	7	-1	164	22822.07236	24053.87668	1	0
66	2444	2024	7	-1	163	22822.07236	24053.87668	1	0
66	2444	2025	7	-1	162	22822.07236	24053.87668	1	0
66	2444	2026	7	-1	161	22822.07236	24053.87668	1	0
66	2444	2027	7	-1	160	22822.07236	24053.87668	1	0
66	2444	2028	7	-1	159	22822.07236	24053.87668	1	0
66	2444	2029	7	-1	158	22822.07236	24053.87668	1	0
66	2444	2030	7	-1	157	22822.07236	24053.87668	1	0
66	2444	2031	7	-1	156	22822.07236	24053.87668	1	0
66	2444	2032	7	-1	155	22822.07236	24053.87668	1	0
66	2444	2033	7	-1	154	22822.07236	24053.87668	1	0
66	2444	2034	7	-1	153	22822.07236	24053.87668	1	0
66	2444	2035	7	-1	152	22822.07236	24053.87668	1	0
66	2444	2036	7	-1	151	22822.07236	24053.87668	1	0
66	2444	2037	7	-1	150	22822.07236	24053.87668	1	0
66	2444	2038	7	-1	149	22822.07236	24053.87668	1	0
66	2444	2039	7	-1	148	22822.07236	24053.87668	1	0
66	2444	2040	7	-1	147	22822.07236	24053.87668	1	0
66	2444	2041	7	-1	146	22822.07236	24053.87668	1	0
66	2444	2042	7	-1	145	22822.07236	24053.87668	1	0
66	2444	2043	7	-1	144	22822.07236	24053.87668	1	0
66	2444	2044	7	-1	143	22822.07236	24053.87668	1	0
66	2444	2045	7	-1	142	22822.07236	24053.87668	1	0
66	2444	2046	7	-1	141	22822.07236	24053.87668	1	0
66	2444	2047	7	-1	140	22822.07236	24053.87668	1	0
66	2444	2048	7	-1	139	22822.07236	24053.87668	1	0
66	2444	2049	7	-1	138	22822.07236	24053.87668	1	0
66	2444	2050	7	-1	137	22822.07236	24053.87668	1	0
66	2444	2051	7	-1	136	22822.07236	24053.87668	1	0
66	2444	2052	7	-1	135	22822.07236	24053.87668	1	0
66	2444	2053	7	-1	134	22822.07236	24053.87668	1	0
66	2444	2054	7	-1	133	22822.07236	24053.87668	1	0
66	2444	2055	7	-1	132	22822.07236	24053.87668	1	0
66	2444	2056	7	-1	131	22822.07236	24053.87668	1	0
66	2444	2057	7	-1	130	22822.07236	24053.87668	1	0
66	2444	2058	7	-1	129	22822.07236	24053.87668	1	0
66	2444	2059	7	-1	128	22822.07236	24053.87668	1	0
66	2444	2060	7	-1	127	22822.07236	24053.87668	1	0
66	2444	2061	7	-1	126	22822.07236	24053.87668	1	0
66	2444	2062	7	-1	125	22822.07236	24053.87668	1	0
66	2444	2063	7	-1	124	22822.07236	24053.87668	1	0
66	2444	2064	7	-1	123	22822.07236	24053.87668	1	0
66	2444	2065	7	-1	122	22822.07236	24053.87668	1	0
66	2444	2066	7	-1	121	22822.07236	24053.87668	1	0
66	2444	2067	7	-1	120	22822.07236	24053.87668	1	0
66	2444	2068	7	-1	119	22822.07236	24053.87668	1	0
66	2444	2069	7	-1	118	22822.07236	24053.87668	1	0
66	2444	2070	7	-1	117	22822.07236	24053.87668	1	0
66	2444	2071	7	-1	116	22822.07236	24053.87668	1	0
66	2444	2072	7	-1	115	22822.07236	24053.87668	1	0
66	2444	2073	7	-1	114	22822.07236	24053.87668	1	0
66	2444	2074	7	-1	113	22822.07236	24053.87668	1	0
66	2444	2075	7	-1	112	22822.07236	24053.87668	1	0
66	2444	2076	7	-1	111	22822.07236	24053.87668	1	0
66	2444	2077	7	-1	110	22822.07236	24053.87668	1	0
66	2444	2078	7	-1	109	22822.07236	24053.87668	1	0
66	2444	2079	7	-1	108	22822.07236	24053.87668	1	0
66	2444	2080	7	-1	107	22822.07236	24053.87668	1	0
66	2444	2081	7	-1	106	22822.07236	24053.87668	1	0
66	2444	2082	7	-1	105	22822.07236	24053.87668	1	0
66	2444	2083	7	-1	104	22822.07236	24053.87668	1	0
66	2444	2084	7	-1	103	22822.07236	24053.87668	1	0
66	2444	2085	7	-1	102	22822.07236	24053.87668	1	0
66	2444	2086	7	-1	101	22822.07236	24053.87668	1	0
66	2444	2087	7	-1	100	22822.07236	24053.87668	1	0
66	2444	2088	7	-1	99	22822.07236	24053.87668	1	0
66	2444	2089	7	-1	98	22822.07236	24053.87668	1	0
66	2444	2090	7	-1	97	22822.07236	24053.87668	1	0
66	2444	2091	7	-1	96	22822.07236	24053.87668	1	0
66	2444	2092	7	-1	95	22822.07236	24053.87668	1	0
66	2444	2093	7	-1	94	22822.07236	24053.87668	1	0
66	2444	2094	7	-1	93	22822.07236	24053.87668	1	0
66	2444	2095	7	-1	92	22822.07236	24053.87668	1	0
66	2444	2096	7	-1	91	22822.07236	24053.87668	1	0
66	2444	2097	7	-1	90	22822.07236	24053.87668	1	0
66	2444	2098	7	-1	89	22822.07236	24053.87668	1	0
66	2444	2099	7	-1	88	22822.07236	24053.87668	1	0
66	2444	2100	7	-1	87	22822.07236	24053.87668	1	0
66	2444	2101	7	-1	86	22822.07236	24053.87668	1	0
66	2444	2102	7	-1	85	22822.07236	24053.87668	1	0
66	2444	2103	7	-1	84	22822.07236	24053.87668	1	0
66	2444	2104	7	-1	83	22822.07236	24053.87668	1	0
66	2444	2105	7	-1	82	22822.07236	24053.87668	1	0
66	2444	2106	7	-1	81	22822.07236	24053.87668	1	0
66	2444	2107	7	-1	80	22822.07236	24053.87668	1	0
66	2444	2108	7	-1	79	22822.07236	24053.87668	1	0
66	2444	2109	7	-1	78	22822.07236	24053.87668	1	0
66	2444	2110	7	-1	77	22822.07236	24053.87668	1	0
66	2444	2111	7	-1	76	22822.07236	24053.87668	1	0
66	2444	2112	7	-1	75	22822.07236	24053.87668	1	0
66	2444	2113	7	-1	74	22822.07236	24053.87668	1	0
66	2444	2114	7	-1	73	22822.07236	24053.87668	1	0
66	2444	2115	7	-1	72	22822.07236	24053.87668	1	0
66	2444	2116	7	-1	71	22822.07236	24053.87668	1	0
66	2444	2117	7	-1	70	22822.07236	24053.87668	1	0
66	2444	2118	7	-1	69	22822.07236	24053.87668	1	0
66	2444	2119	7	-1	68	22822.07236	24053.87668	1	0
66	2444	2120	7	-1	67	22822.07236	24053.87668	1	0
66	2444	2121	7	-1	66	22822.07236	24053.87668	1	0
66	2444	2122	7	-1	65	22822.07236	24053.87668	1	0
66	2444	2123	7	-1	64	22822.07236	24053.87668	1	0
66	2444	2124	7	-1	63	22822.07236	24053.87668	1	0
66	2444	2125	7	-1	62	22822.07236	24053.87668	1	0
66	2444	2126	7	-1	61	22822.07236	24053.87668	1	0
66	2444	2127	7	-1	60	22822.07236	24053.87668	1	0
66	2444	2128	7	-1	59	22822.07236	24053.87668	1	0
66	2444	2129	7	-1	58	22822.07236	24053.87668	1	0
66	2444	2130	7	-1	57	22822.07236	24053.87668	1	0
66	2444	2131	7	-1	56	22822.07236	24053.87668	1	0
66	2444	2132	7	-1	55	22822.07236	24053.87668	1	0
66	2444	2133	7	-1	54	22822.07236	24053.87668	1	0
66	2444	2134	7	-1	53	22822.07236	24053.87668	1	0
66	2444	2135	7	-1	52	22822.07236	24053.87668	1	0
66	2444	2136	7	-1	51	22822.07236	24053.87668	1	0
66	2444	2137	7	-1	50	22822.07236	24053.87668	1	0
66	2444	2138	7	-1	49	22822.07236	24053.87668	1	0
66	2444	2139	7	-1	48	22822.07236	24053.87668	1	0
66	2444	2140	7	-1	47	22822.07236	24053.87668	1	0
66	2444	2141	7	-1	46	22822.07236	24053.87668	1	0
66	2444	2142	7	-1	45	22822.07236	24053.87668	1	0
66	2444	2143	7	-1	44	22822.07236	24053.87668	1	0
66	2444	2144	7	-1	43	22822.07236	24053.87668	1	0
66	2444	2145	7	-1	42	22822.07236	24053.87668	1	0
66	2444	2146	7	-1	41	22822.07236	24053.87668	1	0
66	2444	2147	7	-1	40	22822.07236	24053.87668	1	0
66	2444	2148	7	-1	39	22822.07236	24053.87668	1	0
66	2444	2149	7	-1	38	22822.07236	24053.87668	1	0
66	2444	2150	7	-1	37	22822.07236	24053.87668	1	0
66	2444	2151	7	-1	36	22822.07236	24053.87668	1	0
66	2444	2152	7	-1	35	22822.07236	24053.87668	1	0
66	2444	2153	7	-1	34	22822.07236	24053.87668	1	0
66	2444	2154	7	-1	33	22822.07236	24053.87668	1	0
66	2444	2155	7	-1	32	22822.07236	24053.87668	1	0
66	2444	2156	7	-1	31	22822.07236	24053.87668	1	0
66	2444	2157	7	-1	30	22822.07236	24053.87668	1	0
66	2444	2158	7	-1	29	22822.07236	24053.87668	1	0
66	2444	2159	7	-1	28	22822.07236	24053.87668	1	0
66	2444	2160	7	-1	27	22822.07236	24053.87668	1	0
66	2444	2161	7	-1	26	22822.07236	24053.87668	1	0
66	2444	2162	7	-1	25	22822.07236	24053.87668	1	0
66	2444	2163	7	-1	24	22822.07236	24053.87668	1	0
66	2444	2164	7	-1	23	22822.07236	24053.87668	1	0
66	2444	2165	7	-1	22	22822.07236	24053.87668	1	0
66	2444	2166	7	-1	21	22822.07236	24053.87668	1	0
66	2444	2167	7	-1	20	22822.07236	24053.87668	1	0
66	2444	2168	7	-1	19	22822.07236	24053.87668	1	0
66	2444	2169	7	-1	18	22822.07236	24053.87668	1	0
66	2444	2170	7	-1	17	22822.07236	24053.87668	1	0
66	2444	2171	7	-1	16	22822.07236	24053.87668	1	0
66	2444	2172	7	-1	15	22822.07236	24053.87668	1	0
66	2444	2173	7	-1	14	22822.07236	24053.87668	1	0
66	2444	2174	7	-1	13	22822.07236	24053.87668	1	0
66	2444	2175	7	-1	12	22822.07236	24053.87668	1	0
66	2444	2176	7	-1	11	22822.07236	24053.87668	1	0
66	2444	2177	7	-1	10	22822.07236	24053.87668	1	0
66	2444	2178	7	-1	9	22822.07236	24053.87668	1	0
66	2444	2179	7	-1	8	22822.07236	24053.87668	1	0
66	2444	2180	7	-1	7	22822.07236	24053.87668	1	0
66	2444	2181	7	-1	6	22822.07236	24053.87668	1	0
66	2444	2182	7	-1	5	22822.07236	24053.87668	1	0
66	2444	2183	7	-1	4	22822.07236	24053.87668	1	0
66	2444	2184	7	-1	3	22822.07236	24053.87668	1	0
66	2444	2185	7	-1	2	22822.07236	24053.87668	1	0
66	2444	2186	7	-1	1	22822.07236	24053.87668	1	0
66	2444	2187	7	-1	0	22822.07236	24053.87668	1	0
67	396	128	1	-1	12	63013.67545	64245.47977	1	1
67	396	129	1	-1	11	63013.67545	64245.47977	1	1
67	396	130	1	-1	10	63013.67545	64245.47977	1	1
67	396	131	1	-1	9	63013.67545	64245.47977	1	1
68	128	0	0	-1	127	1584.633492	2818.562505	1	1
68	128	1	0	-1	126	1584.633492	2818.562505	1	1
68	128	2	0	-1	125	1584.633492	2818.562505	1	1
68	128	3	0	-1	124	1584.633492	2818.562505	1	1
68	128	4	0	-1	123	1584.633492	2818.562505	1	1
68	128	5	0	-1	122	1584.633492	2818.562505	1	1
68	128	6	0	-1	121	1584.633492	2818.562505	1	1
68	128	7	0	-1	120	1584.633492	2818.562505	1	1
68	128	8	0	-1	119	1584.633492	2818.562505	1	1
68	128	9	0	-1	118	1584.633492	2818.562505	1	1
68	128	10	0	-1	117	1584.633492	2818.562505	1	1
68	128	11	0	-1	116	1584.633492	2818.562505	1	1
68	128	12	0	-1	115	1584.633492	2818.562505	1	1
68	128	13	0	-1	114	1584.633492	2818.562505	1	1
68	128	14	0	-1	113	1584.633492	2818.562505	1	1
68	128	15	0	-1	112	1584.633492	2818.562505	1	1
68	128	16	0	-1	111	1584.633492	2818.562505	1	1
68	128	17	0	-1	110	1584.633492	2818.562505	1	1
68	128	18	0	-1	109	1584.633492	2818.562505	1	1
68	128	19	0	-1	108	1584.633492	2818.562505	1	1
68	128	20	0	-1	107	1584.633492	2818.562505	1	1
68	128	21	0	-1	106	1584.633492	2818.562505	1	1
68	128	22	0	-1	105	1584.633492	2818.562505	1	1
68	128	23	0	-1	104	1584.633492	2818.562505	1	1
68	128	24	0	-1	103	1584.633492	2818.562505	1	1
68	128	25	0	-1	102	1584.633492	2818.562505	1	1
68	128	26	0	-1	101	1584.633492	2818.562505	1	1
68	128	27	0	-1	100	1584.633492	2818.562505	1	1
68	128	28	0	-1	99	1584.633492	2818.562505	1	1
68	128	29	0	-1	98	1584.633492	2818.562505	1	1
68	128	30	0	-1	97	1584.633492	2818.562505	1	1
68	128	31	0	-1	96	1584.633492	2818.562505	1	1
68	128	32	0	-1	95	1584.633492	2818.562505	1	1
68	128	33	0	-1	94	1584.633492	2818.562505	1	1
68	128	34	0	-1	93	1584.633492	2818.562505	1	1
68	128	35	0	-1	92	1584.633492	2818.562505	1	1
68	128	36	0	-1	91	1584.633492	2818.562505	1	1
68	128	37	0	-1	90	1584.633492	2818.562505	1	1
68	128	38	0	-1	89	1584.633492	2818.562505	1	1
68	128	39	0	-1	88	1584.633492	2818.562505	1	1
68	128	40	0	-1	87	1584.633492	2818.562505	1	1
68	128	41	0	-1	86	1584.633492	2818.562505	1	1
68	128	42	0	-1	85	1584.633492	2818.562505	1	1
68	128	43	0	-1	84	1584.633492	2818.562505	1	1
68	128	44	0	-1	83	1584.633492	2818.562505	1	1
68	128	45	0	-1	82	1584.633492	2818.562505	1	1
68	128	46	0	-1	81	1584.633492	2818.562505	1	1
68	128	47	0	-1	80	1584.633492	2818.562505	1	1
68	128	48	0	-1	79	1584.633492	2818.562505	1	1
68	128	49	0	-1	78	1584.633492	2818.562505	1	1
68	128	50	0	-1	77	1584.633492	2818.562505	1	1
68	128	51	0	-1	76	1584.633492	2818.562505	1	1
68	128	52	0	-1	75	1584.633492	2818.562505	1	1
68	128	53	0	-1	74	1584.633492	2818.562505	1	1
68	128	54	0	-1	73	1584.633492	2818.562505	1	1
68	128	55	0	-1	72	1584.633492	2818.562505	1	1
68	128	56	0	-1	71	1584.633492	2818.562505	1	1
68	128	57	0	-1	70	1584.633492	2818.562505	1	1
68	128	58	0	-1	69	1584.633492	2818.562505	1	1
68	128	59	0	-1	68	1584.633492	2818.562505	1	1
68	128	60	0	-1	67	1584.633492	2818.562505	1	1
68	128	61	0	-1	66	1584.633492	2818.562505	1	1
68	128	62	0	-1	65	1584.633492	2818.562505	1	1
68	128	63	0	-1	64	1584.633492	2818.562505	1	1
68	128	64	0	-1	63	1584.633492	2818.562505	1	1
68	128	65	0	-1	62	1584.633492	2818.562505	1	1
68	128	66	0	-1	61	1584.633492	2818.562505	1	1
68	128	67	0	-1	60	1584.633492	2818.562505	1	1
68	128	68	0	-1	59	1584.633492	2818.562505	1	1
68	128	69	0	-1	58	1584.633492	2818.562505	1	1
68	128	70	0	-1	57	1584.633492	2818.562505	1	1
68	128	71	0	-1	56	1584.633492	2818.562505	1	1
68	128	72	0	-1	55	1584.633492	2818.562505	1	1
68	128	73	0	-1	54	1584.633492	2818.562505	1	1
68	128	74	0	-1	53	1584.633492	2818.562505	1	1
68	128	75	0	-1	52	1584.633492	2818.562505	1	1
68	128	76	0	-1	51	1584.633492	2818.562505	1	1
68	128	77	0	-1	50	1584.633492	2818.562505	1	1
68	128	78	0	-1	49	1584.633492	2818.562505	1	1
68	128	79	0	-1	48	1584.633492	2818.562505	1	1
68	128	80	0	-1	47	1584.633492	2818.562505	1	1
68	128	81	0	-1	46	1584.633492	2818.562505	1	1
68	128	82	0	-1	45	1584.633492	2818.562505	1	1
68	128	83	0	-1	44	1584.633492	2818.562505	1	1
68	128	84	0	-1	43	1584.633492	2818.562505	1	1
68	128	85	0	-1	42	1584.633492	2818.562505	1	1
68	128	86	0	-1	41	1584.633492	2818.562505	1	1
68	128	87	0	-1	40	1584.633492	2818.562505	1	1
68	128	88	0	-1	39	1584.633492	2818.562505	1	1
68	128	89	0	-1	38	1584.633492	2818.562505	1	1
68	128	90	0	-1	37	1584.633492	2818.562505	1	1
68	128	91	0	-1	36	1584.633492	2818.562505	1	1
68	128	92	0	-1	35	1584.633492	2818.562505	1	1
68	128	93	0	-1	34	1584.633492	2818.562505	1	1
68	128	94	0	-1	33	1584.633492	2818.562505	1	1
68	128	95	0	-1	32	1584.633492	2818.562505	1	1
68	128	96	0	-1	31	1584.633492	2818.562505	1	1
68	128	97	0	-1	30	1584.633492	2818.562505	1	1
68	128	98	0	-1	29	1584.633492	2818.562505	1	1
68	128	99	0	-1	28	1584.633492	2818.562505	1	1
68	128	100	0	-1	27	1584.633492	2818.562505	1	1
68	128	101	0	-1	26	1584.633492	2818.562505	1	1
68	128	102	0	-1	25	1584.633492	2818.562505	1	1
68	128	103	0	-1	24	1584.633492	2818.562505	1	1
68	128	104	0	-1	23	1584.633492	2818.562505	1	1
68	128	105	0	-1	22	1584.633492	2818.562505	1	1
68	128	106	0	-1	21	1584.633492	2818.562505	1	1
68	128	107	0	-1	20	1584.633492	2818.562505	1	1
68	128	108	0	-1	19	1584.633492	2818.562505	1	1
68	128	109	0	-1	18	1584.633492	2818.562505	1	1
68	128	110	0	-1	17	1584.633492	2818.562505	1	1
68	128	111	0	-1	16	1584.633492	2818.562505	1	1
68	128	112	0	-1	15	1584.633492	2818.562505	1	1
68	128	113	0	-1	14	1584.633492	2818.562505	1	1
68	128	114	0	-1	13	1584.633492	2818.562505	1	1
68	128	115	0	-1	12	1584.633492	1584.633492	0	0
68	128	116	0	-1	11	1584.633492	2818.562505	1	1
68	128	117	0	-1	10	1584.633492	2818.562505	1	1
68	128	118	0	-1	9	1584.633492	2818.562505	1	1
68	128	119	0	-1	8	1584.633492	2818.562505	1	1
68	128	120	0	-1	7	1584.633492	2818.562505	1	1
68	128	121	0	-1	6	1584.633492	2818.562505	1	1
68	128	122	0	-1	5	1584.633492	2818.562505	1	1
68	128	123	0	-1	4	1584.633492	2818.562505	1	1
68	128	124	0	-1	3	1584.633492	2818.562505	1	1
68	128	125	0	-1	2	1584.633492	2818.562505	1	1
68	128	126	0	-1	1	1584.633492	2818.562505	1	1
68	128	127	0	-1	0	1584.633492	2818.562505	1	1
69	1407	895	5	-1	12	44242.01845	44242.01845	0	1
70	895	132	2	-1	8	41593.72936	42825.53368	1	1
70	895	133	2	-1	7	41593.72936	42825.53368	1	1
70	895	134	2	-1	6	41593.72936	42825.53368	1	1
70	895	135	2	-1	5	41593.72936	42825.53368	1	1
71	1663	1151	5	-1	12	43299.83353	43299.83353	0	1
72	1151	132	2	-1	8	41593.72936	42825.53368	1	1
72	1151	133	2	-1	7	41593.72936	42825.53368	1	1
72	1151	134	2	-1	6	41593.72936	42825.53368	1	1
72	1151	135	2	-1	5	41593.72936	42825.53368	1	1
73	132	0	0	-1	127	1584.633492	2818.562505	1	1
73	132	1	0	-1	126	1584.633492	2818.562505	1	1
73	132	2	0	-1	125	1584.633492	2818.562505	1	1
73	132	3	0	-1	124	1584.633492	2818.562505	1	1
73	132	4	0	-1	123	1584.633492	2818.562505	1	1
73	132	5	0	-1	122	1584.633492	2818.562505	1	1
73	132	6	0	-1	121	1584.633492	2818.562505	1	1
73	132	7	0	-1	120	1584.633492	2818.562505	1	1
73	132	8	0	-1	119	1584.633492	2818.562505	1	1
73	132	9	0	-1	118	1584.633492	2818.562505	1	1
73	132	10	0	-1	117	1584.633492	2818.562505	1	1
73	132	11	0	-1	116	1584.633492	2818.562505	1	1
73	132	12	0	-1	115	1584.633492	2818.562505	1	1
73	132	13	0	-1	114	1584.633492	2818.562505	1	1
73	132	14	0	-1	113	1584.633492	2818.562505	1	1
73	132	15	0	-1	112	1584.633492	2818.562505	1	1
73	132	16	0	-1	111	1584.633492	2818.562505	1	1
73	132	17	0	-1	110	1584.633492	2818.562505	1	1
73	132	18	0	-1	109	1584.633492	2818.562505	1	1
73	132	19	0	-1	108	1584.633492	2818.562505	1	1
73	132	20	0	-1	107	1584.633492	2818.562505	1	1
73	132	21	0	-1	106	1584.633492	2818.562505	1	1
73	132	22	0	-1	105	1584.633492	2818.562505	1	1
73	132	23	0	-1	104	1584.633492	2818.562505	1	1
73	132	24	0	-1	103	1584.633492	2818.562505	1	1
73	132	25	0	-1	102	1584.633492	2818.562505	1	1
73	132	26	0	-1	101	1584.633492	2818.562505	1	1
73	132	27	0	-1	100	1584.633492	2818.562505	1	1
73	132	28	0	-1	99	1584.633492	2818.562505	1	1
73	132	29	0	-1	98	1584.633492	2818.562505	1	1
73	132	30	0	-1	97	1584.633492	2818.562505	1	1
73	132	31	0	-1	96	1584.633492	2818.562505	1	1
73	132	32	0	-1	95	1584.633492	2818.562505	1	1
73	132	33	0	-1	94	1584.633492	2818.562505	1	1
73	132	34	0	-1	93	1584.633492	2818.562505	1	1
73	132	35	0	-1	92	1584.633492	2818.562505	1	1
73	132	36	0	-1	91	1584.633492	2818.562505	1	1
73	132	37	0	-1	90	1584.633492	2818.562505	1	1
73	132	38	0	-1	89	1584.633492	2818.562505	1	1
73	132	39	0	-1	88	1584.633492	2818.562505	1	1
73	132	40	0	-1	87	1584.633492	2818.562505	1	1
73	132	41	0	-1	86	1584.633492	2818.562505	1	1
73	132	42	0	-1	85	1584.633492	2818.562505	1	1
73	132	43	0	-1	84	1584.633492	2818.562505	1	1
73	132	44	0	-1	83	1584.633492	2818.562505	1	1
73	132	45	0	-1	82	1584.633492	2818.562505	1	1
73	132	46	0	-1	81	1584.633492	2818.562505	1	1
73	132	47	0	-1	80	1584.633492	2818.562505	1	1
73	132	48	0	-1	79	1584.633492	2818.562505	1	1
73	132	49	0	-1	78	1584.633492	2818.562505	1	1
73	132	50	0	-1	77	1584.633492	2818.562505	1	1
73	132	51	0	-1	76	1584.633492	2818.562505	1	1
73	132	52	0	-1	75	1584.633492	2818.562505	1	1
73	132	53	0	-1	74	1584.633492	2818.562505	1	1
73	132	54	0	-1	73	1584.633492	2818.562505	1	1
73	132	55	0	-1	72	1584.633492	2818.562505	1	1
73	132	56	0	-1	71	1584.633492	2818.562505	1	1
73	132	57	0	-1	70	1584.633492	2818.562505	1	1
73	132	58	0	-1	69	1584.633492	2818.562505	1	1
73	132	59	0	-1	68	1584.633492	2818.562505	1	1
73	132	60	0	-1	67	1584.633492	2818.562505	1	1
73	132	61	0	-1	66	1584.633492	2818.562505	1	1
73	132	62	0	-1	65	1584.633492	2818.562505	1	1
73	132	63	0	-1	64	1584.633492	2818.562505	1	1
73	132	64	0	-1	63	1584.633492	2818.562505	1	1
73	132	65	0	-1	62	1584.633492	2818.562505	1	1
73	132	66	0	-1	61	1584.633492	2818.562505	1	1
73	132	67	0	-1	60	1584.633492	2818.562505	1	1
73	132	68	0	-1	59	1584.633492	2818.562505	1	1
73	132	69	0	-1	58	1584.633492	2818.562505	1	1
73	132	70	0	-1	57	1584.633492	2818.562505	1	1
73	132	71	0	-1	56	1584.633492	2818.562505	1	1
73	132	72	0	-1	55	1584.633492	2818.562505	1	1
73	132	73	0	-1	54	1584.633492	2818.562505	1	1
73	132	74	0	-1	53	1584.633492	2818.562505	1	1
73	132	75	0	-1	52	1584.633492	2818.562505	1	1
73	132	76	0	-1	51	1584.633492	2818.562505	1	1
73	132	77	0	-1	50	1584.633492	2818.562505	1	1
73	132	78	0	-1	49	1584.633492	2818.562505	1	1
73	132	79	0	-1	48	1584.633492	2818.562505	1	1
73	132	80	0	-1	47	1584.633492	2818.562505	1	1
73	132	81	0	-1	46	1584.633492	2818.562505	1	1
73	132	82	0	-1	45	1584.633492	2818.562505	1	1
73	132	83	0	-1	44	1584.633492	2818.562505	1	1
73	132	84	0	-1	43	1584.633492	2818.562505	1	1
73	132	85	0	-1	42	1584.633492	2818.562505	1	1
73	132	86	0	-1	41	1584.633492	2818.562505	1	1
73	132	87	0	-1	40	1584.633492	2818.562505	1	1
73	132	88	0	-1	39	1584.633492	2818.562505	1	1
73	132	89	0	-1	38	1584.633492	2818.562505	1	1
73	132	90	0	-1	37	1584.633492	2818.562505	1	1
73	132	91	0	-1	36	1584.633492	2818.562505	1	1
73	132	92	0	-1	35	1584.633492	2818.562505	1	1
73	132	93	0	-1	34	1584.633492	2818.562505	1	1
73	132	94	0	-1	33	1584.633492	2818.562505	1	1
73	132	95	0	-1	32	1584.633492	2818.562505	1	1
73	132	96	0	-1	31	1584.633492	2818.562505	1	1
73	132	97	0	-1	30	1584.633492	2818.562505	1	1
73	132	98	0	-1	29	1584.633492	2818.562505	1	1
73	132	99	0	-1	28	1584.633492	2818.562505	1	1
73	132	100	0	-1	27	1584.633492	2818.562505	1	1
73	132	101	0	-1	26	1584.633492	2818.562505	1	1
73	132	102	0	-1	25	1584.633492	2818.562505	1	1
73	132	103	0	-1	24	1584.633492	2818.562505	1	1
73	132	104	0	-1	23	1584.633492	2818.562505	1	1
73	132	105	0	-1	22	1584.633492	2818.562505	1	1
73	132	106	0	-1	21	1584.633492	2818.562505	1	1
73	132	107	0	-1	20	1584.633492	2818.562505	1	1
73	132	108	0	-1	19	1584.633492	2818.562505	1	1
73	132	109	0	-1	18	1584.633492	2818.562505	1	1
73	132	110	0	-1	17	1584.633492	2818.562505	1	1
73	132	111	0	-1	16	1584.633492	2818.562505	1	1
73	132	112	0	-1	15	1584.633492	2818.562505	1	1
73	132	113	0	-1	14	1584.633492	2818.562505	1	1
73	132	114	0	-1	13	1584.633492	2818.562505	1	1
73	132	115	0	-1	12	1584.633492	2818.562505	1	1
73	132	116	0	-1	11	1584.633492	2818.562505	1	1
73	132	117	0	-1	10	1584.633492	2818.562505	1	1
73	132	118	0	-1	9	1584.633492	2818.562505	1	1
73	132	119	0	-1	8	1584.633492	1584.633492	0	0
73	132	120	0	-1	7	1584.633492	2818.562505	1	1
73	132	121	0	-1	6	1584.633492	2818.562505	1	1
73	132	122	0	-1	5	1584.633492	2818.562505	1	1
73	132	123	0	-1	4	1584.633492	2818.562505	1	1
73	132	124	0	-1	3	1584.633492	2818.562505	1	1
73	132	125	0	-1	2	1584.633492	2818.562505	1	1
73	132	126	0	-1	1	1584.633492	2818.562505	1	1
73	132	127	0	-1	0	1584.633492	2818.562505	1	1
74	1923	136	3	-1	4	21122.37845	22354.18277	1	1
74	1923	137	3	-1	3	21122.37845	22354.18277	1	1
74	1923	138	3	-1	2	21122.37845	22354.18277	1	1
74	1923	139	3	-1	1	21122.37845	22354.18277	1	1
75	2179	136	3	-1	4	21122.37845	22354.18277	1	1
75	2179	137	3	-1	3	21122.37845	22354.18277	1	1
75	2179	138	3	-1	2	21122.37845	22354.18277	1	1
75	2179	139	3	-1	1	21122.37845	22354.18277	1	1
76	136	0	0	-1	127	1584.633492	2818.562505	1	1
76	136	1	0	-1	126	1584.633492	2818.562505	1	1
76	136	2	0	-1	125	1584.633492	2818.562505	1	1
76	136	3	0	-1	124	1584.633492	2818.562505	1	1
76	136	4	0	-1	123	1584.633492	2818.562505	1	1
76	136	5	0	-1	122	1584.633492	2818.562505	1	1
76	136	6	0	-1	121	1584.633492	2818.562505	1	1
76	136	7	0	-1	120	1584.633492	2818.562505	1	1
76	136	8	0	-1	119	1584.633492	2818.562505	1	1
76	136	9	0	-1	118	1584.633492	2818.562505	1	1
76	136	10	0	-1	117	1584.633492	2818.562505	1	1
76	136	11	0	-1	116	1584.633492	2818.562505	1	1
76	136	12	0	-1	115	1584.633492	2818.562505	1	1
76	136	13	0	-1	114	1584.633492	2818.562505	1	1
76	136	14	0	-1	113	1584.633492	2818.562505	1	1
76	136	15	0	-1	112	1584.633492	2818.562505	1	1
76	136	16	0	-1	111	1584.633492	2818.562505	1	1
76	136	17	0	-1	110	1584.633492	2818.562505	1	1
76	136	18	0	-1	109	1584.633492	2818.562505	1	1
76	136	19	0	-1	108	1584.633492	2818.562505	1	1
76	136	20	0	-1	107	1584.633492	2818.562505	1	1
76	136	21	0	-1	106	1584.633492	2818.562505	1	1
76	136	22	0	-1	105	1584.633492	2818.562505	1	1
76	136	23	0	-1	104	1584.633492	2818.562505	1	1
76	136	24	0	-1	103	1584.633492	2818.562505	1	1
76	136	25	0	-1	102	1584.633492	2818.562505	1	1
76	136	26	0	-1	101	1584.633492	2818.562505	1	1
76	136	27	0	-1	100	1584.633492	2818.562505	1	1
76	136	28	0	-1	99	1584.633492	2818.562505	1	1
76	136	29	0	-1	98	1584.633492	2818.562505	1	1
76	136	30	0	-1	97	1584.633492	2818.562505	1	1
76	136	31	0	-1	96	1584.633492	2818.562505	1	1
76	136	32	0	-1	95	1584.633492	2818.562505	1	1
76	136	33	0	-1	94	1584.633492	2818.562505	1	1
76	136	34	0	-1	93	1584.633492	2818.562505	1	1
76	136	35	0	-1	92	1584.633492	2818.562505	1	1
76	136	36	0	-1	91	1584.633492	2818.562505	1	1
76	136	37	0	-1	90	1584.633492	2818.562505	1	1
76	136	38	0	-1	89	1584.633492	2818.562505	1	1
76	136	39	0	-1	88	1584.633492	2818.562505	1	1
76	136	40	0	-1	87	1584.633492	2818.562505	1	1
76	136	41	0	-1	86	1584.633492	2818.562505	1	1
76	136	42	0	-1	85	1584.633492	2818.562505	1	1
76	136	43	0	-1	84	1584.633492	2818.562505	1	1
76	136	44	0	-1	83	1584.633492	2818.562505	1	1
76	136	45	0	-1	82	1584.633492	2818.562505	1	1
76	136	46	0	-1	81	1584.633492	2818.562505	1	1
76	136	47	0	-1	80	1584.633492	2818.562505	1	1
76	136	48	0	-1	79	1584.633492	2818.562505	1	1
76	136	49	0	-1	78	1584.633492	2818.562505	1	1
76	136	50	0	-1	77	1584.633492	2818.562505	1	1
76	136	51	0	-1	76	1584.633492	2818.562505	1	1
76	136	52	0	-1	75	1584.633492	2818.562505	1	1
76	136	53	0	-1	74	1584.633492	2818.562505	1	1
76	136	54	0	-1	73	1584.633492	2818.562505	1	1
76	136	55	0	-1	72	1584.633492	2818.562505	1	1
76	136	56	0	-1	71	1584.633492	2818.562505	1	1
76	136	57	0	-1	70	1584.633492	2818.562505	1	1
76	136	58	0	-1	69	1584.633492	2818.562505	1	1
76	136	59	0	-1	68	1584.633492	2818.562505	1	1
76	136	60	0	-1	67	1584.633492	2818.562505	1	1
76	136	61	0	-1	66	1584.633492	2818.562505	1	1
76	136	62	0	-1	65	1584.633492	2818.562505	1	1
76	136	63	0	-1	64	1584.633492	2818.562505	1	1
76	136	64	0	-1	63	1584.633492	2818.562505	1	1
76	136	65	0	-1	62	1584.633492	2818.562505	1	1
76	136	66	0	-1	61	1584.633492	2818.562505	1	1
76	136	67	0	-1	60	1584.633492	2818.562505	1	1
76	136	68	0	-1	59	1584.633492	2818.562505	1	1
76	136	69	0	-1	58	1584.633492	2818.562505	1	1
76	136	70	0	-1	57	1584.633492	2818.562505	1	1
76	136	71	0	-1	56	1584.633492	2818.562505	1	1
76	136	72	0	-1	55	1584.633492	2818.562505	1	1
76	136	73	0	-1	54	1584.633492	2818.562505	1	1
76	136	74	0	-1	53	1584.633492	2818.562505	1	1
76	136	75	0	-1	52	1584.633492	2818.562505	1	1
76	136	76	0	-1	51	1584.633492	2818.562505	1	1
76	136	77	0	-1	50	1584.633492	2818.562505	1	1
76	136	78	0	-1	49	1584.633492	2818.562505	1	1
76	136	79	0	-1	48	1584.633492	2818.562505	1	1
76	136	80	0	-1	47	1584.633492	2818.562505	1	1
76	136	81	0	-1	46	1584.633492	2818.562505	1	1
76	136	82	0	-1	45	1584.633492	2818.562505	1	1
76	136	83	0	-1	44	1584.633492	2818.562505	1	1
76	136	84	0	-1	43	1584.633492	2818.562505	1	1
76	136	85	0	-1	42	1584.633492	2818.562505	1	1
76	136	86	0	-1	41	1584.633492	2818.562505	1	1
76	136	87	0	-1	40	1584.633492	2818.562505	1	1
76	136	88	0	-1	39	1584.633492	2818.562505	1	1
76	136	89	0	-1	38	1584.633492	2818.562505	1	1
76	136	90	0	-1	37	1584.633492	2818.562505	1	1
76	136	91	0	-1	36	1584.633492	2818.562505	1	1
76	136	92	0	-1	35	1584.633492	2818.562505	1	1
76	136	93	0	-1	34	1584.633492	2818.562505	1	1
76	136	94	0	-1	33	1584.633492	2818.562505	1	1
76	136	95	0	-1	32	1584.633492	2818.562505	1	1
76	136	96	0	-1	31	1584.633492	2818.562505	1	1
76	136	97	0	-1	30	1584.633492	2818.562505	1	1
76	136	98	0	-1	29	1584.633492	2818.562505	1	1
76	136	99	0	-1	28	1584.633492	2818.562505	1	1
76	136	100	0	-1	27	1584.633492	2818.562505	1	1
76	136	101	0	-1	26	1584.633492	2818.562505	1	1
76	136	102	0	-1	25	1584.633492	2818.562505	1	1
76	136	103	0	-1	24	1584.633492	2818.562505	1	1
76	136	104	0	-1	23	1584.633492	2818.562505	1	1
76	136	105	0	-1	22	1584.633492	2818.562505	1	1
76	136	106	0	-1	21	1584.633492	2818.562505	1	1
76	136	107	0	-1	20	1584.633492	2818.562505	1	1
76	136	108	0	-1	19	1584.633492	2818.562505	1	1
76	136	109	0	-1	18	1584.633492	2818.562505	1	1
76	136	110	0	-1	17	1584.633492	2818.562505	1	1
76	136	111	0	-1	16	1584.633492	2818.562505	1	1
76	136	112	0	-1	15	1584.633492	2818.562505	1	1
76	136	113	0	-1	14	1584.633492	2818.562505	1	1
76	136	114	0	-1	13	1584.633492	2818.562505	1	1
76	136	115	0	-1	12	1584.633492	2818.562505	1	1
76	136	116	0	-1	11	1584.633492	2818.562505	1	1
76	136	117	0	-1	10	1584.633492	2818.562505	1	1
76	136	118	0	-1	9	1584.633492	2818.562505	1	1
76	136	119	0	-1	8	1584.633492	2818.562505	1	1
76	136	120	0	-1	7	1584.633492	2818.562505	1	1
76	136	121	0	-1	6	1584.633492	2818.562505	1	1
76	136	122	0	-1	5	1584.633492	2818.562505	1	1
76	136	123	0	-1	4	1584.633492	1584.633492	0	0
76	136	124	0	-1	3	1584.633492	2818.562505	1	1
76	136	125	0	-1	2	1584.633492	2818.562505	1	1
76	136	126	0	-1	1	1584.633492	2818.562505	1	1
76	136	127	0	-1	0	1584.633492	2818.562505	1	1
