event_index	stage	group	fanin	publish_ns
0	0	4294967295	0	0
1	1	4294967295	0	0
2	2	4294967295	0	0
3	3	4294967295	0	0
4	4	4294967295	0	0
5	5	4294967295	0	0
6	6	4294967295	0	0
7	7	4294967295	0	0
8	8	4294967295	0	0
9	9	4294967295	0	0
10	10	4294967295	0	0
11	11	4294967295	0	0
12	12	4294967295	0	0
13	13	4294967295	0	0
14	14	4294967295	0	0
15	15	4294967295	0	0
16	16	4294967295	0	0
17	17	4294967295	0	0
18	18	4294967295	0	0
19	19	4294967295	0	0
20	20	4294967295	0	0
21	21	4294967295	0	0
22	22	4294967295	0	0
23	23	4294967295	0	0
24	24	4294967295	0	0
25	25	4294967295	0	0
26	26	4294967295	0	0
27	27	4294967295	0	0
28	28	4294967295	0	0
29	29	4294967295	0	0
30	30	4294967295	0	0
31	31	4294967295	0	0
32	32	4294967295	0	0
33	33	4294967295	0	0
34	34	4294967295	0	0
35	35	4294967295	0	0
36	36	4294967295	0	0
37	37	4294967295	0	0
38	38	4294967295	0	0
39	39	4294967295	0	0
40	40	4294967295	0	0
41	41	4294967295	0	0
42	42	4294967295	0	0
43	43	4294967295	0	0
44	44	4294967295	0	0
45	45	4294967295	0	0
46	46	4294967295	0	0
47	47	4294967295	0	0
48	48	4294967295	0	0
49	49	4294967295	0	0
50	50	4294967295	0	0
51	51	4294967295	0	0
52	52	4294967295	0	0
53	53	4294967295	0	0
54	54	4294967295	0	0
55	55	4294967295	0	0
56	56	4294967295	0	0
57	57	4294967295	0	0
58	58	4294967295	0	0
59	59	4294967295	0	0
60	60	4294967295	0	0
61	61	4294967295	0	0
62	62	4294967295	0	0
63	63	4294967295	0	0
64	64	4294967295	0	0
65	65	4294967295	0	0
66	66	4294967295	0	0
67	67	4294967295	0	0
68	68	4294967295	0	0
69	69	4294967295	0	0
70	70	4294967295	0	0
71	71	4294967295	0	0
72	72	4294967295	0	0
73	73	4294967295	0	0
74	74	4294967295	0	0
75	75	4294967295	0	0
76	76	4294967295	0	0
77	77	4294967295	0	0
78	78	4294967295	0	0
79	79	4294967295	0	0
80	80	4294967295	0	0
81	81	4294967295	0	0
82	82	4294967295	0	0
83	83	4294967295	0	0
84	84	4294967295	0	0
85	85	4294967295	0	0
86	86	4294967295	0	0
87	87	4294967295	0	0
88	0	0	4	1789717509654119424
89	0	1	4	1789717509654119424
90	0	2	4	1789717509654119424
91	0	3	4	1789717509654119424
92	0	4	4	1789717509654119424
93	0	5	4	1789717509654119424
94	0	6	4	1789717509654118400
95	0	7	4	1789717509654118400
96	0	8	4	1789717509654118400
97	0	9	4	1789717509654118400
98	0	10	4	1789717509654118400
99	0	11	4	1789717509654118400
100	0	12	4	1789717509654119424
101	0	13	4	1789717509654119424
102	0	14	4	1789717509654118400
103	0	15	4	1789717509654118400
104	0	16	4	1789717509654118400
105	0	17	4	1789717509654118400
106	0	18	4	1789717509654118400
107	0	19	4	1789717509654118400
108	0	20	4	1789717509654118400
109	0	21	4	1789717509654119424
110	0	22	4	1789717509654118400
111	0	23	4	1789717509654118400
112	0	24	4	1789717509654119424
113	0	25	4	1789717509654119424
114	0	26	4	1789717509654119424
115	0	27	4	1789717509654119424
116	0	28	4	1789717509654119424
117	0	29	4	1789717509654119424
118	0	30	4	1789717509654119424
119	0	31	4	1789717509654119424
120	1	0	4	1789717509654131712
121	1	1	4	1789717509654131712
122	1	2	4	1789717509654130688
123	1	3	4	1789717509654131712
124	1	4	4	1789717509654130688
125	1	5	4	1789717509654132736
126	1	6	4	1789717509654132736
127	1	7	4	1789717509654132736
128	1	8	4	1789717509654132736
129	1	9	4	1789717509654131712
130	1	10	4	1789717509654132736
131	1	11	4	1789717509654131712
132	1	12	4	1789717509654131712
133	1	13	4	1789717509654131712
134	1	14	4	1789717509654131712
135	1	15	4	1789717509654131712
136	1	16	4	1789717509654131712
137	1	17	4	1789717509654131712
138	1	18	4	1789717509654131712
139	1	19	4	1789717509654131712
140	1	20	4	1789717509654132736
141	1	21	4	1789717509654131712
142	1	22	4	1789717509654131712
143	1	23	4	1789717509654131712
144	1	24	4	1789717509654131712
145	1	25	4	1789717509654131712
146	1	26	4	1789717509654132736
147	1	27	4	1789717509654133760
148	1	28	4	1789717509654132736
149	1	29	4	1789717509654132736
150	1	30	4	1789717509654133760
151	1	31	4	1789717509654132736
152	1	32	4	1789717509654134784
153	1	33	4	1789717509654134784
154	1	34	4	1789717509654135808
155	1	35	4	1789717509654134784
156	1	36	4	1789717509654134784
157	1	37	4	1789717509654133760
158	1	38	4	1789717509654134784
159	1	39	4	1789717509654134784
160	1	40	4	1789717509654134784
161	1	41	4	1789717509654134784
162	1	42	4	1789717509654134784
163	1	43	4	1789717509654132736
164	1	44	4	1789717509654132736
165	1	45	4	1789717509654132736
166	1	46	4	1789717509654131712
167	1	47	4	1789717509654132736
168	1	48	4	1789717509654132736
169	1	49	4	1789717509654131712
170	1	50	4	1789717509654132736
171	1	51	4	1789717509654131712
172	1	52	4	1789717509654132736
173	1	53	4	1789717509654131712
174	1	54	4	1789717509654131712
175	1	55	4	1789717509654131712
176	1	56	4	1789717509654132736
177	1	57	4	1789717509654132736
178	1	58	4	1789717509654133760
179	1	59	4	1789717509654133760
180	1	60	4	1789717509654133760
181	1	61	4	1789717509654133760
182	1	62	4	1789717509654133760
183	1	63	4	1789717509654133760
184	1	64	4	1789717509654134784
185	1	65	4	1789717509654133760
186	1	66	4	1789717509654133760
187	1	67	4	1789717509654133760
188	1	68	4	1789717509654134784
189	1	69	4	1789717509654134784
190	1	70	4	1789717509654134784
191	1	71	4	1789717509654134784
192	1	72	4	1789717509654133760
193	1	73	4	1789717509654133760
194	1	74	4	1789717509654133760
195	1	75	4	1789717509654133760
196	1	76	4	1789717509654133760
197	1	77	4	1789717509654133760
198	1	78	4	1789717509654133760
199	1	79	4	1789717509654133760
200	1	80	4	1789717509654133760
201	1	81	4	1789717509654134784
202	1	82	4	1789717509654133760
203	1	83	4	1789717509654133760
204	1	84	4	1789717509654134784
205	1	85	4	1789717509654134784
206	1	86	4	1789717509654133760
207	1	87	4	1789717509654133760
208	1	88	4	1789717509654134784
209	1	89	4	1789717509654134784
210	1	90	4	1789717509654134784
211	1	91	4	1789717509654133760
212	1	92	4	1789717509654134784
213	1	93	4	1789717509654134784
214	1	94	4	1789717509654133760
215	1	95	4	1789717509654133760
216	1	96	4	1789717509654139904
217	1	97	4	1789717509654137856
218	1	98	4	1789717509654137856
219	1	99	4	1789717509654137856
220	1	100	4	1789717509654137856
221	1	101	4	1789717509654136832
222	1	102	4	1789717509654138880
223	1	103	4	1789717509654137856
224	1	104	4	1789717509654136832
225	1	105	4	1789717509654137856
226	1	106	4	1789717509654137856
227	1	107	4	1789717509654137856
228	1	108	4	1789717509654137856
229	1	109	4	1789717509654138880
230	1	110	4	1789717509654138880
231	1	111	4	1789717509654137856
232	1	112	4	1789717509654138880
233	1	113	4	1789717509654138880
234	1	114	4	1789717509654137856
235	1	115	4	1789717509654138880
236	1	116	4	1789717509654137856
237	1	117	4	1789717509654137856
238	1	118	4	1789717509654138880
239	1	119	4	1789717509654137856
240	1	120	4	1789717509654138880
241	1	121	4	1789717509654137856
242	1	122	4	1789717509654137856
243	1	123	4	1789717509654138880
244	1	124	4	1789717509654138880
245	1	125	4	1789717509654137856
246	1	126	4	1789717509654138880
247	1	127	4	1789717509654137856
248	2	4294967295	128	1789717509654145024
249	3	0	4	1789717509654126592
250	3	1	4	1789717509654126592
251	3	2	4	1789717509654125568
252	3	3	4	1789717509654125568
253	3	4	4	1789717509654125568
254	3	5	4	1789717509654125568
255	3	6	4	1789717509654125568
256	3	7	4	1789717509654125568
257	3	8	4	1789717509654125568
258	3	9	4	1789717509654125568
259	3	10	4	1789717509654125568
260	3	11	4	1789717509654126592
261	3	12	4	1789717509654125568
262	3	13	4	1789717509654125568
263	3	14	4	1789717509654126592
264	3	15	4	1789717509654125568
265	3	16	4	1789717509654126592
266	3	17	4	1789717509654125568
267	3	18	4	1789717509654125568
268	3	19	4	1789717509654125568
269	3	20	4	1789717509654125568
270	3	21	4	1789717509654125568
271	3	22	4	1789717509654125568
272	3	23	4	1789717509654125568
273	3	24	4	1789717509654125568
274	3	25	4	1789717509654125568
275	3	26	4	1789717509654125568
276	3	27	4	1789717509654125568
277	3	28	4	1789717509654125568
278	3	29	4	1789717509654125568
279	3	30	4	1789717509654125568
280	3	31	4	1789717509654125568
281	3	32	4	1789717509654125568
282	3	33	4	1789717509654125568
283	3	34	4	1789717509654124544
284	3	35	4	1789717509654125568
285	3	36	4	1789717509654124544
286	3	37	4	1789717509654125568
287	3	38	4	1789717509654125568
288	3	39	4	1789717509654125568
289	3	40	4	1789717509654125568
290	3	41	4	1789717509654125568
291	3	42	4	1789717509654126592
292	3	43	4	1789717509654126592
293	3	44	4	1789717509654126592
294	3	45	4	1789717509654126592
295	3	46	4	1789717509654126592
296	3	47	4	1789717509654126592
297	3	48	4	1789717509654126592
298	3	49	4	1789717509654126592
299	3	50	4	1789717509654126592
300	3	51	4	1789717509654126592
301	3	52	4	1789717509654126592
302	3	53	4	1789717509654126592
303	3	54	4	1789717509654126592
304	3	55	4	1789717509654126592
305	3	56	4	1789717509654126592
306	3	57	4	1789717509654126592
307	3	58	4	1789717509654126592
308	3	59	4	1789717509654126592
309	3	60	4	1789717509654126592
310	3	61	4	1789717509654126592
311	3	62	4	1789717509654126592
312	3	63	4	1789717509654126592
313	3	64	4	1789717509654126592
314	3	65	4	1789717509654127616
315	3	66	4	1789717509654126592
316	3	67	4	1789717509654126592
317	3	68	4	1789717509654126592
318	3	69	4	1789717509654126592
319	3	70	4	1789717509654126592
320	3	71	4	1789717509654126592
321	3	72	4	1789717509654126592
322	3	73	4	1789717509654126592
323	3	74	4	1789717509654126592
324	3	75	4	1789717509654126592
325	3	76	4	1789717509654126592
326	3	77	4	1789717509654126592
327	3	78	4	1789717509654126592
328	3	79	4	1789717509654126592
329	3	80	4	1789717509654126592
330	3	81	4	1789717509654126592
331	3	82	4	1789717509654126592
332	3	83	4	1789717509654126592
333	3	84	4	1789717509654126592
334	3	85	4	1789717509654126592
335	3	86	4	1789717509654126592
336	3	87	4	1789717509654126592
337	3	88	4	1789717509654126592
338	3	89	4	1789717509654126592
339	3	90	4	1789717509654126592
340	3	91	4	1789717509654126592
341	3	92	4	1789717509654126592
342	3	93	4	1789717509654126592
343	3	94	4	1789717509654126592
344	3	95	4	1789717509654126592
345	3	96	4	1789717509654126592
346	3	97	4	1789717509654126592
347	3	98	4	1789717509654126592
348	3	99	4	1789717509654126592
349	3	100	4	1789717509654127616
350	3	101	4	1789717509654127616
351	3	102	4	1789717509654126592
352	3	103	4	1789717509654126592
353	3	104	4	1789717509654126592
354	3	105	4	1789717509654126592
355	3	106	4	1789717509654126592
356	3	107	4	1789717509654126592
357	3	108	4	1789717509654126592
358	3	109	4	1789717509654126592
359	3	110	4	1789717509654126592
360	3	111	4	1789717509654126592
361	3	112	4	1789717509654126592
362	3	113	4	1789717509654126592
363	3	114	4	1789717509654126592
364	3	115	4	1789717509654126592
365	3	116	4	1789717509654126592
366	3	117	4	1789717509654126592
367	3	118	4	1789717509654126592
368	3	119	4	1789717509654126592
369	3	120	4	1789717509654126592
370	3	121	4	1789717509654126592
371	3	122	4	1789717509654126592
372	3	123	4	1789717509654126592
373	3	124	4	1789717509654126592
374	3	125	4	1789717509654126592
375	3	126	4	1789717509654126592
376	3	127	4	1789717509654126592
377	4	4294967295	128	1789717509654132736
378	5	0	4	1789717509654141952
379	5	1	4	1789717509654141952
380	5	2	4	1789717509654141952
381	5	3	4	1789717509654140928
382	5	4	4	1789717509654141952
383	5	5	4	1789717509654140928
384	5	6	4	1789717509654140928
385	5	7	4	1789717509654141952
386	5	8	4	1789717509654141952
387	5	9	4	1789717509654141952
388	5	10	4	1789717509654141952
389	5	11	4	1789717509654139904
390	5	12	4	1789717509654139904
391	5	13	4	1789717509654138880
392	5	14	4	1789717509654138880
393	5	15	4	1789717509654139904
394	5	16	4	1789717509654138880
395	5	17	4	1789717509654139904
396	5	18	4	1789717509654138880
397	5	19	4	1789717509654138880
398	5	20	4	1789717509654138880
399	5	21	4	1789717509654138880
400	5	22	4	1789717509654138880
401	5	23	4	1789717509654138880
402	5	24	4	1789717509654138880
403	5	25	4	1789717509654138880
404	5	26	4	1789717509654138880
405	5	27	4	1789717509654138880
406	5	28	4	1789717509654138880
407	5	29	4	1789717509654139904
408	5	30	4	1789717509654137856
409	5	31	4	1789717509654138880
410	5	32	4	1789717509654140928
411	5	33	4	1789717509654140928
412	5	34	4	1789717509654140928
413	5	35	4	1789717509654140928
414	5	36	4	1789717509654140928
415	5	37	4	1789717509654140928
416	5	38	4	1789717509654140928
417	5	39	4	1789717509654140928
418	5	40	4	1789717509654140928
419	5	41	4	1789717509654140928
420	5	42	4	1789717509654140928
421	5	43	4	1789717509654140928
422	5	44	4	1789717509654140928
423	5	45	4	1789717509654141952
424	5	46	4	1789717509654139904
425	5	47	4	1789717509654139904
426	5	48	4	1789717509654140928
427	5	49	4	1789717509654140928
428	5	50	4	1789717509654139904
429	5	51	4	1789717509654140928
430	5	52	4	1789717509654140928
431	5	53	4	1789717509654140928
432	5	54	4	1789717509654140928
433	5	55	4	1789717509654140928
434	5	56	4	1789717509654140928
435	5	57	4	1789717509654141952
436	5	58	4	1789717509654140928
437	5	59	4	1789717509654140928
438	5	60	4	1789717509654140928
439	5	61	4	1789717509654140928
440	5	62	4	1789717509654140928
441	5	63	4	1789717509654140928
442	5	64	4	1789717509654144000
443	5	65	4	1789717509654144000
444	5	66	4	1789717509654144000
445	5	67	4	1789717509654144000
446	5	68	4	1789717509654144000
447	5	69	4	1789717509654142976
448	5	70	4	1789717509654145024
449	5	71	4	1789717509654142976
450	5	72	4	1789717509654142976
451	5	73	4	1789717509654144000
452	5	74	4	1789717509654142976
453	5	75	4	1789717509654144000
454	5	76	4	1789717509654142976
455	5	77	4	1789717509654145024
456	5	78	4	1789717509654144000
457	5	79	4	1789717509654144000
458	5	80	4	1789717509654145024
459	5	81	4	1789717509654144000
460	5	82	4	1789717509654144000
461	5	83	4	1789717509654144000
462	5	84	4	1789717509654144000
463	5	85	4	1789717509654144000
464	5	86	4	1789717509654144000
465	5	87	4	1789717509654142976
466	5	88	4	1789717509654144000
467	5	89	4	1789717509654144000
468	5	90	4	1789717509654144000
469	5	91	4	1789717509654144000
470	5	92	4	1789717509654144000
471	5	93	4	1789717509654142976
472	5	94	4	1789717509654144000
473	5	95	4	1789717509654144000
474	5	96	4	1789717509654142976
475	5	97	4	1789717509654142976
476	5	98	4	1789717509654141952
477	5	99	4	1789717509654140928
478	5	100	4	1789717509654140928
479	5	101	4	1789717509654142976
480	5	102	4	1789717509654142976
481	5	103	4	1789717509654142976
482	5	104	4	1789717509654145024
483	5	105	4	1789717509654144000
484	5	106	4	1789717509654145024
485	5	107	4	1789717509654145024
486	5	108	4	1789717509654145024
487	5	109	4	1789717509654145024
488	5	110	4	1789717509654145024
489	5	111	4	1789717509654146048
490	5	112	4	1789717509654147072
491	5	113	4	1789717509654147072
492	5	114	4	1789717509654146048
493	5	115	4	1789717509654146048
494	5	116	4	1789717509654146048
495	5	117	4	1789717509654146048
496	5	118	4	1789717509654146048
497	5	119	4	1789717509654146048
498	5	120	4	1789717509654149120
499	5	121	4	1789717509654149120
500	5	122	4	1789717509654148096
501	5	123	4	1789717509654149120
502	5	124	4	1789717509654149120
503	5	125	4	1789717509654148096
504	5	126	4	1789717509654148096
505	5	127	4	1789717509654148096
506	6	4294967295	128	1789717509654154240
507	7	0	4	1789717509654148096
508	7	1	4	1789717509654148096
509	7	2	4	1789717509654147072
510	7	3	4	1789717509654147072
511	7	4	4	1789717509654147072
512	7	5	4	1789717509654147072
513	7	6	4	1789717509654147072
514	7	7	4	1789717509654147072
515	7	8	4	1789717509654148096
516	7	9	4	1789717509654147072
517	7	10	4	1789717509654147072
518	7	11	4	1789717509654147072
519	7	12	4	1789717509654147072
520	7	13	4	1789717509654147072
521	7	14	4	1789717509654147072
522	7	15	4	1789717509654147072
523	7	16	4	1789717509654147072
524	7	17	4	1789717509654147072
525	7	18	4	1789717509654147072
526	7	19	4	1789717509654147072
527	7	20	4	1789717509654147072
528	7	21	4	1789717509654147072
529	7	22	4	1789717509654147072
530	7	23	4	1789717509654147072
531	7	24	4	1789717509654148096
532	7	25	4	1789717509654148096
533	7	26	4	1789717509654147072
534	7	27	4	1789717509654147072
535	7	28	4	1789717509654147072
536	7	29	4	1789717509654148096
537	7	30	4	1789717509654147072
538	7	31	4	1789717509654147072
539	7	32	4	1789717509654150144
540	7	33	4	1789717509654150144
541	7	34	4	1789717509654149120
542	7	35	4	1789717509654150144
543	7	36	4	1789717509654150144
544	7	37	4	1789717509654149120
545	7	38	4	1789717509654151168
546	7	39	4	1789717509654149120
547	7	40	4	1789717509654149120
548	7	41	4	1789717509654150144
549	7	42	4	1789717509654150144
550	7	43	4	1789717509654151168
551	7	44	4	1789717509654149120
552	7	45	4	1789717509654151168
553	7	46	4	1789717509654150144
554	7	47	4	1789717509654150144
555	7	48	4	1789717509654151168
556	7	49	4	1789717509654151168
557	7	50	4	1789717509654150144
558	7	51	4	1789717509654150144
559	7	52	4	1789717509654150144
560	7	53	4	1789717509654150144
561	7	54	4	1789717509654150144
562	7	55	4	1789717509654149120
563	7	56	4	1789717509654150144
564	7	57	4	1789717509654150144
565	7	58	4	1789717509654150144
566	7	59	4	1789717509654151168
567	7	60	4	1789717509654150144
568	7	61	4	1789717509654150144
569	7	62	4	1789717509654150144
570	7	63	4	1789717509654150144
571	7	64	4	1789717509654150144
572	7	65	4	1789717509654150144
573	7	66	4	1789717509654149120
574	7	67	4	1789717509654148096
575	7	68	4	1789717509654148096
576	7	69	4	1789717509654149120
577	7	70	4	1789717509654150144
578	7	71	4	1789717509654150144
579	7	72	4	1789717509654151168
580	7	73	4	1789717509654151168
581	7	74	4	1789717509654151168
582	7	75	4	1789717509654152192
583	7	76	4	1789717509654151168
584	7	77	4	1789717509654151168
585	7	78	4	1789717509654151168
586	7	79	4	1789717509654152192
587	7	80	4	1789717509654153216
588	7	81	4	1789717509654153216
589	7	82	4	1789717509654152192
590	7	83	4	1789717509654153216
591	7	84	4	1789717509654152192
592	7	85	4	1789717509654152192
593	7	86	4	1789717509654152192
594	7	87	4	1789717509654152192
595	7	88	4	1789717509654156288
596	7	89	4	1789717509654155264
597	7	90	4	1789717509654154240
598	7	91	4	1789717509654156288
599	7	92	4	1789717509654154240
600	7	93	4	1789717509654154240
601	7	94	4	1789717509654154240
602	7	95	4	1789717509654154240
603	7	96	4	1789717509654154240
604	7	97	4	1789717509654153216
605	7	98	4	1789717509654153216
606	7	99	4	1789717509654152192
607	7	100	4	1789717509654154240
608	7	101	4	1789717509654152192
609	7	102	4	1789717509654152192
610	7	103	4	1789717509654152192
611	7	104	4	1789717509654154240
612	7	105	4	1789717509654154240
613	7	106	4	1789717509654153216
614	7	107	4	1789717509654153216
615	7	108	4	1789717509654153216
616	7	109	4	1789717509654152192
617	7	110	4	1789717509654152192
618	7	111	4	1789717509654152192
619	7	112	4	1789717509654156288
620	7	113	4	1789717509654155264
621	7	114	4	1789717509654155264
622	7	115	4	1789717509654155264
623	7	116	4	1789717509654155264
624	7	117	4	1789717509654155264
625	7	118	4	1789717509654155264
626	7	119	4	1789717509654155264
627	7	120	4	1789717509654155264
628	7	121	4	1789717509654155264
629	7	122	4	1789717509654156288
630	7	123	4	1789717509654156288
631	7	124	4	1789717509654157312
632	7	125	4	1789717509654157312
633	7	126	4	1789717509654159360
634	7	127	4	1789717509654159360
635	8	0	4	1789717509654145024
636	8	1	4	1789717509654144000
637	8	2	4	1789717509654144000
638	8	3	4	1789717509654144000
639	8	4	4	1789717509654144000
640	8	5	4	1789717509654145024
641	8	6	4	1789717509654144000
642	8	7	4	1789717509654144000
643	8	8	4	1789717509654144000
644	8	9	4	1789717509654144000
645	8	10	4	1789717509654144000
646	8	11	4	1789717509654144000
647	8	12	4	1789717509654144000
648	8	13	4	1789717509654145024
649	8	14	4	1789717509654142976
650	8	15	4	1789717509654142976
651	8	16	4	1789717509654144000
652	8	17	4	1789717509654144000
653	8	18	4	1789717509654142976
654	8	19	4	1789717509654142976
655	8	20	4	1789717509654144000
656	8	21	4	1789717509654144000
657	8	22	4	1789717509654144000
658	8	23	4	1789717509654144000
659	8	24	4	1789717509654144000
660	8	25	4	1789717509654145024
661	8	26	4	1789717509654144000
662	8	27	4	1789717509654144000
663	8	28	4	1789717509654144000
664	8	29	4	1789717509654145024
665	8	30	4	1789717509654144000
666	8	31	4	1789717509654144000
667	8	32	4	1789717509654147072
668	8	33	4	1789717509654147072
669	8	34	4	1789717509654147072
670	8	35	4	1789717509654147072
671	8	36	4	1789717509654148096
672	8	37	4	1789717509654146048
673	8	38	4	1789717509654148096
674	8	39	4	1789717509654146048
675	8	40	4	1789717509654146048
676	8	41	4	1789717509654147072
677	8	42	4	1789717509654147072
678	8	43	4	1789717509654148096
679	8	44	4	1789717509654147072
680	8	45	4	1789717509654148096
681	8	46	4	1789717509654147072
682	8	47	4	1789717509654147072
683	8	48	4	1789717509654148096
684	8	49	4	1789717509654148096
685	8	50	4	1789717509654147072
686	8	51	4	1789717509654147072
687	8	52	4	1789717509654147072
688	8	53	4	1789717509654147072
689	8	54	4	1789717509654147072
690	8	55	4	1789717509654146048
691	8	56	4	1789717509654147072
692	8	57	4	1789717509654147072
693	8	58	4	1789717509654147072
694	8	59	4	1789717509654147072
695	8	60	4	1789717509654147072
696	8	61	4	1789717509654147072
697	8	62	4	1789717509654147072
698	8	63	4	1789717509654147072
699	8	64	4	1789717509654146048
700	8	65	4	1789717509654146048
701	8	66	4	1789717509654145024
702	8	67	4	1789717509654145024
703	8	68	4	1789717509654144000
704	8	69	4	1789717509654146048
705	8	70	4	1789717509654146048
706	8	71	4	1789717509654146048
707	8	72	4	1789717509654149120
708	8	73	4	1789717509654148096
709	8	74	4	1789717509654148096
710	8	75	4	1789717509654149120
711	8	76	4	1789717509654148096
712	8	77	4	1789717509654148096
713	8	78	4	1789717509654148096
714	8	79	4	1789717509654149120
715	8	80	4	1789717509654150144
716	8	81	4	1789717509654150144
717	8	82	4	1789717509654149120
718	8	83	4	1789717509654149120
719	8	84	4	1789717509654149120
720	8	85	4	1789717509654149120
721	8	86	4	1789717509654149120
722	8	87	4	1789717509654149120
723	8	88	4	1789717509654153216
724	8	89	4	1789717509654151168
725	8	90	4	1789717509654151168
726	8	91	4	1789717509654152192
727	8	92	4	1789717509654152192
728	8	93	4	1789717509654151168
729	8	94	4	1789717509654151168
730	8	95	4	1789717509654151168
731	8	96	4	1789717509654150144
732	8	97	4	1789717509654150144
733	8	98	4	1789717509654150144
734	8	99	4	1789717509654149120
735	8	100	4	1789717509654150144
736	8	101	4	1789717509654149120
737	8	102	4	1789717509654149120
738	8	103	4	1789717509654149120
739	8	104	4	1789717509654151168
740	8	105	4	1789717509654150144
741	8	106	4	1789717509654150144
742	8	107	4	1789717509654150144
743	8	108	4	1789717509654150144
744	8	109	4	1789717509654149120
745	8	110	4	1789717509654149120
746	8	111	4	1789717509654150144
747	8	112	4	1789717509654152192
748	8	113	4	1789717509654152192
749	8	114	4	1789717509654152192
750	8	115	4	1789717509654152192
751	8	116	4	1789717509654152192
752	8	117	4	1789717509654152192
753	8	118	4	1789717509654152192
754	8	119	4	1789717509654152192
755	8	120	4	1789717509654151168
756	8	121	4	1789717509654151168
757	8	122	4	1789717509654153216
758	8	123	4	1789717509654153216
759	8	124	4	1789717509654154240
760	8	125	4	1789717509654154240
761	8	126	4	1789717509654156288
762	8	127	4	1789717509654156288
763	9	4294967295	512	1789717509654165504
764	10	4294967295	512	1789717509654162432
765	11	4294967295	512	1789717509654197248
766	12	0	4	1789717509654204416
767	12	1	4	1789717509654204416
768	12	2	4	1789717509654204416
769	12	3	4	1789717509654204416
770	12	4	4	1789717509654204416
771	12	5	4	1789717509654204416
772	12	6	4	1789717509654204416
773	12	7	4	1789717509654204416
774	12	8	4	1789717509654204416
775	12	9	4	1789717509654204416
776	12	10	4	1789717509654204416
777	12	11	4	1789717509654204416
778	12	12	4	1789717509654204416
779	12	13	4	1789717509654204416
780	12	14	4	1789717509654204416
781	12	15	4	1789717509654204416
782	12	16	4	1789717509654204416
783	12	17	4	1789717509654204416
784	12	18	4	1789717509654204416
785	12	19	4	1789717509654204416
786	12	20	4	1789717509654204416
787	12	21	4	1789717509654204416
788	12	22	4	1789717509654204416
789	12	23	4	1789717509654204416
790	12	24	4	1789717509654204416
791	12	25	4	1789717509654204416
792	12	26	4	1789717509654204416
793	12	27	4	1789717509654204416
794	12	28	4	1789717509654204416
795	12	29	4	1789717509654204416
796	12	30	4	1789717509654204416
797	12	31	4	1789717509654204416
798	12	32	4	1789717509654204416
799	12	33	4	1789717509654203392
800	12	34	4	1789717509654203392
801	12	35	4	1789717509654203392
802	12	36	4	1789717509654203392
803	12	37	4	1789717509654203392
804	12	38	4	1789717509654203392
805	12	39	4	1789717509654203392
806	12	40	4	1789717509654203392
807	12	41	4	1789717509654203392
808	12	42	4	1789717509654203392
809	12	43	4	1789717509654204416
810	12	44	4	1789717509654203392
811	12	45	4	1789717509654203392
812	12	46	4	1789717509654203392
813	12	47	4	1789717509654203392
814	12	48	4	1789717509654203392
815	12	49	4	1789717509654203392
816	12	50	4	1789717509654203392
817	12	51	4	1789717509654203392
818	12	52	4	1789717509654203392
819	12	53	4	1789717509654203392
820	12	54	4	1789717509654203392
821	12	55	4	1789717509654203392
822	12	56	4	1789717509654203392
823	12	57	4	1789717509654203392
824	12	58	4	1789717509654203392
825	12	59	4	1789717509654203392
826	12	60	4	1789717509654203392
827	12	61	4	1789717509654203392
828	12	62	4	1789717509654204416
829	12	63	4	1789717509654203392
830	12	64	4	1789717509654203392
831	12	65	4	1789717509654203392
832	12	66	4	1789717509654203392
833	12	67	4	1789717509654203392
834	12	68	4	1789717509654203392
835	12	69	4	1789717509654203392
836	12	70	4	1789717509654203392
837	12	71	4	1789717509654203392
838	12	72	4	1789717509654203392
839	12	73	4	1789717509654203392
840	12	74	4	1789717509654204416
841	12	75	4	1789717509654204416
842	12	76	4	1789717509654204416
843	12	77	4	1789717509654204416
844	12	78	4	1789717509654204416
845	12	79	4	1789717509654204416
846	12	80	4	1789717509654204416
847	12	81	4	1789717509654204416
848	12	82	4	1789717509654204416
849	12	83	4	1789717509654204416
850	12	84	4	1789717509654204416
851	12	85	4	1789717509654204416
852	12	86	4	1789717509654204416
853	12	87	4	1789717509654204416
854	12	88	4	1789717509654204416
855	12	89	4	1789717509654204416
856	12	90	4	1789717509654204416
857	12	91	4	1789717509654204416
858	12	92	4	1789717509654204416
859	12	93	4	1789717509654204416
860	12	94	4	1789717509654204416
861	12	95	4	1789717509654204416
862	12	96	4	1789717509654204416
863	12	97	4	1789717509654205440
864	12	98	4	1789717509654204416
865	12	99	4	1789717509654204416
866	12	100	4	1789717509654204416
867	12	101	4	1789717509654204416
868	12	102	4	1789717509654204416
869	12	103	4	1789717509654204416
870	12	104	4	1789717509654205440
871	12	105	4	1789717509654205440
872	12	106	4	1789717509654204416
873	12	107	4	1789717509654205440
874	12	108	4	1789717509654205440
875	12	109	4	1789717509654204416
876	12	110	4	1789717509654204416
877	12	111	4	1789717509654204416
878	12	112	4	1789717509654204416
879	12	113	4	1789717509654204416
880	12	114	4	1789717509654204416
881	12	115	4	1789717509654204416
882	12	116	4	1789717509654204416
883	12	117	4	1789717509654204416
884	12	118	4	1789717509654204416
885	12	119	4	1789717509654204416
886	12	120	4	1789717509654205440
887	12	121	4	1789717509654204416
888	12	122	4	1789717509654204416
889	12	123	4	1789717509654204416
890	12	124	4	1789717509654204416
891	12	125	4	1789717509654204416
892	12	126	4	1789717509654204416
893	12	127	4	1789717509654204416
894	13	0	4	1789717509654210560
895	13	1	4	1789717509654211584
896	13	2	4	1789717509654210560
897	13	3	4	1789717509654210560
898	13	4	4	1789717509654211584
899	13	5	4	1789717509654210560
900	13	6	4	1789717509654210560
901	13	7	4	1789717509654209536
902	13	8	4	1789717509654210560
903	13	9	4	1789717509654210560
904	13	10	4	1789717509654210560
905	13	11	4	1789717509654210560
906	13	12	4	1789717509654211584
907	13	13	4	1789717509654210560
908	13	14	4	1789717509654210560
909	13	15	4	1789717509654209536
910	13	16	4	1789717509654210560
911	13	17	4	1789717509654210560
912	13	18	4	1789717509654210560
913	13	19	4	1789717509654210560
914	13	20	4	1789717509654210560
915	13	21	4	1789717509654210560
916	13	22	4	1789717509654210560
917	13	23	4	1789717509654210560
918	13	24	4	1789717509654210560
919	13	25	4	1789717509654210560
920	13	26	4	1789717509654212608
921	13	27	4	1789717509654210560
922	13	28	4	1789717509654210560
923	13	29	4	1789717509654210560
924	13	30	4	1789717509654210560
925	13	31	4	1789717509654210560
926	14	0	4	1789717509654215680
927	14	1	4	1789717509654216704
928	14	2	4	1789717509654215680
929	14	3	4	1789717509654215680
930	14	4	4	1789717509654215680
931	14	5	4	1789717509654216704
932	14	6	4	1789717509654215680
933	14	7	4	1789717509654215680
934	14	8	4	1789717509654215680
935	14	9	4	1789717509654215680
936	14	10	4	1789717509654215680
937	14	11	4	1789717509654215680
938	14	12	4	1789717509654215680
939	14	13	4	1789717509654215680
940	14	14	4	1789717509654215680
941	14	15	4	1789717509654215680
942	14	16	4	1789717509654215680
943	14	17	4	1789717509654215680
944	14	18	4	1789717509654215680
945	14	19	4	1789717509654215680
946	14	20	4	1789717509654215680
947	14	21	4	1789717509654214656
948	14	22	4	1789717509654215680
949	14	23	4	1789717509654215680
950	14	24	4	1789717509654217728
951	14	25	4	1789717509654216704
952	14	26	4	1789717509654216704
953	14	27	4	1789717509654216704
954	14	28	4	1789717509654216704
955	14	29	4	1789717509654216704
956	14	30	4	1789717509654216704
957	14	31	4	1789717509654216704
958	15	0	4	1789717509654222848
959	15	1	4	1789717509654222848
960	15	2	4	1789717509654222848
961	15	3	4	1789717509654222848
962	15	4	4	1789717509654222848
963	15	5	4	1789717509654222848
964	15	6	4	1789717509654222848
965	15	7	4	1789717509654223872
966	15	8	4	1789717509654222848
967	15	9	4	1789717509654222848
968	15	10	4	1789717509654223872
969	15	11	4	1789717509654223872
970	15	12	4	1789717509654223872
971	15	13	4	1789717509654223872
972	15	14	4	1789717509654223872
973	15	15	4	1789717509654223872
974	15	16	4	1789717509654223872
975	15	17	4	1789717509654223872
976	15	18	4	1789717509654223872
977	15	19	4	1789717509654223872
978	15	20	4	1789717509654223872
979	15	21	4	1789717509654223872
980	15	22	4	1789717509654223872
981	15	23	4	1789717509654223872
982	15	24	4	1789717509654223872
983	15	25	4	1789717509654223872
984	15	26	4	1789717509654223872
985	15	27	4	1789717509654223872
986	15	28	4	1789717509654223872
987	15	29	4	1789717509654223872
988	15	30	4	1789717509654223872
989	15	31	4	1789717509654223872
990	15	32	4	1789717509654223872
991	15	33	4	1789717509654223872
992	15	34	4	1789717509654223872
993	15	35	4	1789717509654223872
994	15	36	4	1789717509654223872
995	15	37	4	1789717509654223872
996	15	38	4	1789717509654223872
997	15	39	4	1789717509654223872
998	15	40	4	1789717509654223872
999	15	41	4	1789717509654223872
1000	15	42	4	1789717509654223872
1001	15	43	4	1789717509654223872
1002	15	44	4	1789717509654223872
1003	15	45	4	1789717509654224896
1004	15	46	4	1789717509654223872
1005	15	47	4	1789717509654223872
1006	15	48	4	1789717509654223872
1007	15	49	4	1789717509654223872
1008	15	50	4	1789717509654223872
1009	15	51	4	1789717509654223872
1010	15	52	4	1789717509654223872
1011	15	53	4	1789717509654223872
1012	15	54	4	1789717509654223872
1013	15	55	4	1789717509654223872
1014	15	56	4	1789717509654223872
1015	15	57	4	1789717509654223872
1016	15	58	4	1789717509654224896
1017	15	59	4	1789717509654223872
1018	15	60	4	1789717509654223872
1019	15	61	4	1789717509654224896
1020	15	62	4	1789717509654223872
1021	15	63	4	1789717509654223872
1022	15	64	4	1789717509654223872
1023	15	65	4	1789717509654223872
1024	15	66	4	1789717509654223872
1025	15	67	4	1789717509654223872
1026	15	68	4	1789717509654223872
1027	15	69	4	1789717509654223872
1028	15	70	4	1789717509654223872
1029	15	71	4	1789717509654223872
1030	15	72	4	1789717509654223872
1031	15	73	4	1789717509654223872
1032	15	74	4	1789717509654223872
1033	15	75	4	1789717509654223872
1034	15	76	4	1789717509654223872
1035	15	77	4	1789717509654222848
1036	15	78	4	1789717509654223872
1037	15	79	4	1789717509654222848
1038	15	80	4	1789717509654223872
1039	15	81	4	1789717509654223872
1040	15	82	4	1789717509654223872
1041	15	83	4	1789717509654222848
1042	15	84	4	1789717509654223872
1043	15	85	4	1789717509654223872
1044	15	86	4	1789717509654223872
1045	15	87	4	1789717509654222848
1046	15	88	4	1789717509654223872
1047	15	89	4	1789717509654223872
1048	15	90	4	1789717509654223872
1049	15	91	4	1789717509654223872
1050	15	92	4	1789717509654222848
1051	15	93	4	1789717509654223872
1052	15	94	4	1789717509654223872
1053	15	95	4	1789717509654223872
1054	15	96	4	1789717509654223872
1055	15	97	4	1789717509654222848
1056	15	98	4	1789717509654222848
1057	15	99	4	1789717509654222848
1058	15	100	4	1789717509654222848
1059	15	101	4	1789717509654222848
1060	15	102	4	1789717509654222848
1061	15	103	4	1789717509654222848
1062	15	104	4	1789717509654222848
1063	15	105	4	1789717509654222848
1064	15	106	4	1789717509654222848
1065	15	107	4	1789717509654222848
1066	15	108	4	1789717509654222848
1067	15	109	4	1789717509654222848
1068	15	110	4	1789717509654222848
1069	15	111	4	1789717509654222848
1070	15	112	4	1789717509654222848
1071	15	113	4	1789717509654222848
1072	15	114	4	1789717509654222848
1073	15	115	4	1789717509654222848
1074	15	116	4	1789717509654222848
1075	15	117	4	1789717509654222848
1076	15	118	4	1789717509654222848
1077	15	119	4	1789717509654222848
1078	15	120	4	1789717509654223872
1079	15	121	4	1789717509654222848
1080	15	122	4	1789717509654222848
1081	15	123	4	1789717509654222848
1082	15	124	4	1789717509654223872
1083	15	125	4	1789717509654223872
1084	15	126	4	1789717509654222848
1085	15	127	4	1789717509654222848
1086	15	128	4	1789717509654230016
1087	15	129	4	1789717509654228992
1088	15	130	4	1789717509654228992
1089	15	131	4	1789717509654228992
1090	15	132	4	1789717509654228992
1091	15	133	4	1789717509654230016
1092	15	134	4	1789717509654230016
1093	15	135	4	1789717509654230016
1094	15	136	4	1789717509654230016
1095	15	137	4	1789717509654230016
1096	15	138	4	1789717509654231040
1097	15	139	4	1789717509654231040
1098	15	140	4	1789717509654231040
1099	15	141	4	1789717509654232064
1100	15	142	4	1789717509654231040
1101	15	143	4	1789717509654231040
1102	15	144	4	1789717509654232064
1103	15	145	4	1789717509654231040
1104	15	146	4	1789717509654231040
1105	15	147	4	1789717509654231040
1106	15	148	4	1789717509654231040
1107	15	149	4	1789717509654231040
1108	15	150	4	1789717509654231040
1109	15	151	4	1789717509654231040
1110	15	152	4	1789717509654231040
1111	15	153	4	1789717509654232064
1112	15	154	4	1789717509654232064
1113	15	155	4	1789717509654232064
1114	15	156	4	1789717509654231040
1115	15	157	4	1789717509654231040
1116	15	158	4	1789717509654231040
1117	15	159	4	1789717509654231040
1118	15	160	4	1789717509654233088
1119	15	161	4	1789717509654233088
1120	15	162	4	1789717509654232064
1121	15	163	4	1789717509654232064
1122	15	164	4	1789717509654233088
1123	15	165	4	1789717509654232064
1124	15	166	4	1789717509654233088
1125	15	167	4	1789717509654232064
1126	15	168	4	1789717509654234112
1127	15	169	4	1789717509654234112
1128	15	170	4	1789717509654232064
1129	15	171	4	1789717509654233088
1130	15	172	4	1789717509654232064
1131	15	173	4	1789717509654232064
1132	15	174	4	1789717509654232064
1133	15	175	4	1789717509654232064
1134	15	176	4	1789717509654232064
1135	15	177	4	1789717509654232064
1136	15	178	4	1789717509654232064
1137	15	179	4	1789717509654232064
1138	15	180	4	1789717509654232064
1139	15	181	4	1789717509654232064
1140	15	182	4	1789717509654233088
1141	15	183	4	1789717509654232064
1142	15	184	4	1789717509654232064
1143	15	185	4	1789717509654232064
1144	15	186	4	1789717509654232064
1145	15	187	4	1789717509654232064
1146	15	188	4	1789717509654232064
1147	15	189	4	1789717509654232064
1148	15	190	4	1789717509654231040
1149	15	191	4	1789717509654232064
1150	15	192	4	1789717509654232064
1151	15	193	4	1789717509654231040
1152	15	194	4	1789717509654231040
1153	15	195	4	1789717509654232064
1154	15	196	4	1789717509654232064
1155	15	197	4	1789717509654231040
1156	15	198	4	1789717509654230016
1157	15	199	4	1789717509654231040
1158	15	200	4	1789717509654231040
1159	15	201	4	1789717509654231040
1160	15	202	4	1789717509654231040
1161	15	203	4	1789717509654231040
1162	15	204	4	1789717509654230016
1163	15	205	4	1789717509654230016
1164	15	206	4	1789717509654232064
1165	15	207	4	1789717509654230016
1166	15	208	4	1789717509654231040
1167	15	209	4	1789717509654231040
1168	15	210	4	1789717509654231040
1169	15	211	4	1789717509654230016
1170	15	212	4	1789717509654232064
1171	15	213	4	1789717509654231040
1172	15	214	4	1789717509654231040
1173	15	215	4	1789717509654231040
1174	15	216	4	1789717509654231040
1175	15	217	4	1789717509654231040
1176	15	218	4	1789717509654231040
1177	15	219	4	1789717509654232064
1178	15	220	4	1789717509654231040
1179	15	221	4	1789717509654231040
1180	15	222	4	1789717509654232064
1181	15	223	4	1789717509654231040
1182	15	224	4	1789717509654231040
1183	15	225	4	1789717509654230016
1184	15	226	4	1789717509654230016
1185	15	227	4	1789717509654230016
1186	15	228	4	1789717509654230016
1187	15	229	4	1789717509654228992
1188	15	230	4	1789717509654228992
1189	15	231	4	1789717509654230016
1190	15	232	4	1789717509654230016
1191	15	233	4	1789717509654230016
1192	15	234	4	1789717509654228992
1193	15	235	4	1789717509654231040
1194	15	236	4	1789717509654230016
1195	15	237	4	1789717509654230016
1196	15	238	4	1789717509654230016
1197	15	239	4	1789717509654230016
1198	15	240	4	1789717509654228992
1199	15	241	4	1789717509654230016
1200	15	242	4	1789717509654230016
1201	15	243	4	1789717509654230016
1202	15	244	4	1789717509654230016
1203	15	245	4	1789717509654228992
1204	15	246	4	1789717509654230016
1205	15	247	4	1789717509654230016
1206	15	248	4	1789717509654230016
1207	15	249	4	1789717509654230016
1208	15	250	4	1789717509654228992
1209	15	251	4	1789717509654230016
1210	15	252	4	1789717509654231040
1211	15	253	4	1789717509654230016
1212	15	254	4	1789717509654230016
1213	15	255	4	1789717509654230016
1214	16	0	4	1789717509654235136
1215	16	1	4	1789717509654235136
1216	16	2	4	1789717509654235136
1217	16	3	4	1789717509654234112
1218	16	4	4	1789717509654234112
1219	16	5	4	1789717509654235136
1220	16	6	4	1789717509654235136
1221	16	7	4	1789717509654235136
1222	16	8	4	1789717509654235136
1223	16	9	4	1789717509654234112
1224	16	10	4	1789717509654237184
1225	16	11	4	1789717509654239232
1226	16	12	4	1789717509654238208
1227	16	13	4	1789717509654240256
1228	16	14	4	1789717509654239232
1229	16	15	4	1789717509654238208
1230	16	16	4	1789717509654239232
1231	16	17	4	1789717509654239232
1232	16	18	4	1789717509654239232
1233	16	19	4	1789717509654238208
1234	16	20	4	1789717509654240256
1235	16	21	4	1789717509654239232
1236	16	22	4	1789717509654238208
1237	16	23	4	1789717509654237184
1238	16	24	4	1789717509654239232
1239	16	25	4	1789717509654240256
1240	16	26	4	1789717509654240256
1241	16	27	4	1789717509654236160
1242	16	28	4	1789717509654236160
1243	16	29	4	1789717509654236160
1244	16	30	4	1789717509654236160
1245	16	31	4	1789717509654236160
1246	16	32	4	1789717509654241280
1247	16	33	4	1789717509654242304
1248	16	34	4	1789717509654241280
1249	16	35	4	1789717509654241280
1250	16	36	4	1789717509654241280
1251	16	37	4	1789717509654241280
1252	16	38	4	1789717509654239232
1253	16	39	4	1789717509654240256
1254	16	40	4	1789717509654242304
1255	16	41	4	1789717509654241280
1256	16	42	4	1789717509654240256
1257	16	43	4	1789717509654239232
1258	16	44	4	1789717509654239232
1259	16	45	4	1789717509654240256
1260	16	46	4	1789717509654240256
1261	16	47	4	1789717509654239232
1262	16	48	4	1789717509654239232
1263	16	49	4	1789717509654239232
1264	16	50	4	1789717509654241280
1265	16	51	4	1789717509654239232
1266	16	52	4	1789717509654240256
1267	16	53	4	1789717509654240256
1268	16	54	4	1789717509654239232
1269	16	55	4	1789717509654239232
1270	16	56	4	1789717509654239232
1271	16	57	4	1789717509654240256
1272	16	58	4	1789717509654240256
1273	16	59	4	1789717509654237184
1274	16	60	4	1789717509654238208
1275	16	61	4	1789717509654237184
1276	16	62	4	1789717509654239232
1277	16	63	4	1789717509654236160
1278	17	0	4	1789717509654238208
1279	17	1	4	1789717509654238208
1280	17	2	4	1789717509654237184
1281	17	3	4	1789717509654238208
1282	17	4	4	1789717509654239232
1283	17	5	4	1789717509654237184
1284	17	6	4	1789717509654237184
1285	17	7	4	1789717509654237184
1286	17	8	4	1789717509654238208
1287	17	9	4	1789717509654238208
1288	17	10	4	1789717509654237184
1289	17	11	4	1789717509654238208
1290	17	12	4	1789717509654237184
1291	17	13	4	1789717509654237184
1292	17	14	4	1789717509654238208
1293	17	15	4	1789717509654236160
1294	17	16	4	1789717509654238208
1295	17	17	4	1789717509654237184
1296	17	18	4	1789717509654237184
1297	17	19	4	1789717509654237184
1298	17	20	4	1789717509654238208
1299	17	21	4	1789717509654237184
1300	17	22	4	1789717509654237184
1301	17	23	4	1789717509654237184
1302	17	24	4	1789717509654237184
1303	17	25	4	1789717509654238208
1304	17	26	4	1789717509654237184
1305	17	27	4	1789717509654238208
1306	17	28	4	1789717509654236160
1307	17	29	4	1789717509654238208
1308	17	30	4	1789717509654238208
1309	17	31	4	1789717509654238208
1310	17	32	4	1789717509654237184
1311	17	33	4	1789717509654235136
1312	17	34	4	1789717509654235136
1313	17	35	4	1789717509654235136
1314	17	36	4	1789717509654235136
1315	17	37	4	1789717509654235136
1316	17	38	4	1789717509654235136
1317	17	39	4	1789717509654235136
1318	17	40	4	1789717509654235136
1319	17	41	4	1789717509654235136
1320	17	42	4	1789717509654235136
1321	17	43	4	1789717509654236160
1322	17	44	4	1789717509654236160
1323	17	45	4	1789717509654236160
1324	17	46	4	1789717509654235136
1325	17	47	4	1789717509654235136
1326	17	48	4	1789717509654235136
1327	17	49	4	1789717509654235136
1328	17	50	4	1789717509654236160
1329	17	51	4	1789717509654235136
1330	17	52	4	1789717509654236160
1331	17	53	4	1789717509654235136
1332	17	54	4	1789717509654236160
1333	17	55	4	1789717509654235136
1334	17	56	4	1789717509654236160
1335	17	57	4	1789717509654236160
1336	17	58	4	1789717509654235136
1337	17	59	4	1789717509654235136
1338	17	60	4	1789717509654236160
1339	17	61	4	1789717509654236160
1340	17	62	4	1789717509654236160
1341	17	63	4	1789717509654236160
1342	17	64	4	1789717509654241280
1343	17	65	4	1789717509654240256
1344	17	66	4	1789717509654240256
1345	17	67	4	1789717509654240256
1346	17	68	4	1789717509654240256
1347	17	69	4	1789717509654241280
1348	17	70	4	1789717509654242304
1349	17	71	4	1789717509654241280
1350	17	72	4	1789717509654241280
1351	17	73	4	1789717509654240256
1352	17	74	4	1789717509654243328
1353	17	75	4	1789717509654244352
1354	17	76	4	1789717509654243328
1355	17	77	4	1789717509654245376
1356	17	78	4	1789717509654244352
1357	17	79	4	1789717509654244352
1358	17	80	4	1789717509654245376
1359	17	81	4	1789717509654245376
1360	17	82	4	1789717509654244352
1361	17	83	4	1789717509654244352
1362	17	84	4	1789717509654245376
1363	17	85	4	1789717509654243328
1364	17	86	4	1789717509654244352
1365	17	87	4	1789717509654244352
1366	17	88	4	1789717509654244352
1367	17	89	4	1789717509654245376
1368	17	90	4	1789717509654245376
1369	17	91	4	1789717509654243328
1370	17	92	4	1789717509654243328
1371	17	93	4	1789717509654243328
1372	17	94	4	1789717509654244352
1373	17	95	4	1789717509654243328
1374	17	96	4	1789717509654246400
1375	17	97	4	1789717509654247424
1376	17	98	4	1789717509654246400
1377	17	99	4	1789717509654246400
1378	17	100	4	1789717509654246400
1379	17	101	4	1789717509654246400
1380	17	102	4	1789717509654244352
1381	17	103	4	1789717509654245376
1382	17	104	4	1789717509654246400
1383	17	105	4	1789717509654246400
1384	17	106	4	1789717509654245376
1385	17	107	4	1789717509654245376
1386	17	108	4	1789717509654244352
1387	17	109	4	1789717509654245376
1388	17	110	4	1789717509654245376
1389	17	111	4	1789717509654244352
1390	17	112	4	1789717509654245376
1391	17	113	4	1789717509654245376
1392	17	114	4	1789717509654246400
1393	17	115	4	1789717509654244352
1394	17	116	4	1789717509654245376
1395	17	117	4	1789717509654245376
1396	17	118	4	1789717509654244352
1397	17	119	4	1789717509654244352
1398	17	120	4	1789717509654244352
1399	17	121	4	1789717509654245376
1400	17	122	4	1789717509654245376
1401	17	123	4	1789717509654245376
1402	17	124	4	1789717509654245376
1403	17	125	4	1789717509654245376
1404	17	126	4	1789717509654246400
1405	17	127	4	1789717509654244352
1406	17	128	4	1789717509654244352
1407	17	129	4	1789717509654243328
1408	17	130	4	1789717509654243328
1409	17	131	4	1789717509654244352
1410	17	132	4	1789717509654245376
1411	17	133	4	1789717509654244352
1412	17	134	4	1789717509654243328
1413	17	135	4	1789717509654243328
1414	17	136	4	1789717509654243328
1415	17	137	4	1789717509654244352
1416	17	138	4	1789717509654243328
1417	17	139	4	1789717509654245376
1418	17	140	4	1789717509654243328
1419	17	141	4	1789717509654243328
1420	17	142	4	1789717509654244352
1421	17	143	4	1789717509654242304
1422	17	144	4	1789717509654243328
1423	17	145	4	1789717509654244352
1424	17	146	4	1789717509654243328
1425	17	147	4	1789717509654242304
1426	17	148	4	1789717509654243328
1427	17	149	4	1789717509654243328
1428	17	150	4	1789717509654243328
1429	17	151	4	1789717509654242304
1430	17	152	4	1789717509654243328
1431	17	153	4	1789717509654244352
1432	17	154	4	1789717509654243328
1433	17	155	4	1789717509654243328
1434	17	156	4	1789717509654243328
1435	17	157	4	1789717509654244352
1436	17	158	4	1789717509654244352
1437	17	159	4	1789717509654243328
1438	17	160	4	1789717509654243328
1439	17	161	4	1789717509654241280
1440	17	162	4	1789717509654241280
1441	17	163	4	1789717509654241280
1442	17	164	4	1789717509654242304
1443	17	165	4	1789717509654240256
1444	17	166	4	1789717509654241280
1445	17	167	4	1789717509654240256
1446	17	168	4	1789717509654241280
1447	17	169	4	1789717509654240256
1448	17	170	4	1789717509654240256
1449	17	171	4	1789717509654242304
1450	17	172	4	1789717509654241280
1451	17	173	4	1789717509654242304
1452	17	174	4	1789717509654242304
1453	17	175	4	1789717509654241280
1454	17	176	4	1789717509654241280
1455	17	177	4	1789717509654241280
1456	17	178	4	1789717509654241280
1457	17	179	4	1789717509654241280
1458	17	180	4	1789717509654241280
1459	17	181	4	1789717509654240256
1460	17	182	4	1789717509654241280
1461	17	183	4	1789717509654241280
1462	17	184	4	1789717509654242304
1463	17	185	4	1789717509654241280
1464	17	186	4	1789717509654241280
1465	17	187	4	1789717509654241280
1466	17	188	4	1789717509654242304
1467	17	189	4	1789717509654242304
1468	17	190	4	1789717509654241280
1469	17	191	4	1789717509654242304
1470	17	192	4	1789717509654247424
1471	17	193	4	1789717509654247424
1472	17	194	4	1789717509654246400
1473	17	195	4	1789717509654246400
1474	17	196	4	1789717509654246400
1475	17	197	4	1789717509654247424
1476	17	198	4	1789717509654248448
1477	17	199	4	1789717509654247424
1478	17	200	4	1789717509654247424
1479	17	201	4	1789717509654247424
1480	17	202	4	1789717509654248448
1481	17	203	4	1789717509654249472
1482	17	204	4	1789717509654248448
1483	17	205	4	1789717509654250496
1484	17	206	4	1789717509654249472
1485	17	207	4	1789717509654249472
1486	17	208	4	1789717509654250496
1487	17	209	4	1789717509654250496
1488	17	210	4	1789717509654249472
1489	17	211	4	1789717509654249472
1490	17	212	4	1789717509654250496
1491	17	213	4	1789717509654248448
1492	17	214	4	1789717509654248448
1493	17	215	4	1789717509654248448
1494	17	216	4	1789717509654249472
1495	17	217	4	1789717509654250496
1496	17	218	4	1789717509654250496
1497	17	219	4	1789717509654249472
1498	17	220	4	1789717509654250496
1499	17	221	4	1789717509654249472
1500	17	222	4	1789717509654249472
1501	17	223	4	1789717509654249472
1502	17	224	4	1789717509654251520
1503	17	225	4	1789717509654251520
1504	17	226	4	1789717509654251520
1505	17	227	4	1789717509654250496
1506	17	228	4	1789717509654250496
1507	17	229	4	1789717509654251520
1508	17	230	4	1789717509654248448
1509	17	231	4	1789717509654250496
1510	17	232	4	1789717509654251520
1511	17	233	4	1789717509654251520
1512	17	234	4	1789717509654250496
1513	17	235	4	1789717509654250496
1514	17	236	4	1789717509654249472
1515	17	237	4	1789717509654250496
1516	17	238	4	1789717509654250496
1517	17	239	4	1789717509654249472
1518	17	240	4	1789717509654250496
1519	17	241	4	1789717509654250496
1520	17	242	4	1789717509654250496
1521	17	243	4	1789717509654249472
1522	17	244	4	1789717509654250496
1523	17	245	4	1789717509654249472
1524	17	246	4	1789717509654249472
1525	17	247	4	1789717509654248448
1526	17	248	4	1789717509654249472
1527	17	249	4	1789717509654250496
1528	17	250	4	1789717509654250496
1529	17	251	4	1789717509654250496
1530	17	252	4	1789717509654250496
1531	17	253	4	1789717509654250496
1532	17	254	4	1789717509654250496
1533	17	255	4	1789717509654249472
1534	18	0	4	1789717509654249472
1535	18	1	4	1789717509654248448
1536	18	2	4	1789717509654248448
1537	18	3	4	1789717509654249472
1538	18	4	4	1789717509654250496
1539	18	5	4	1789717509654248448
1540	18	6	4	1789717509654248448
1541	18	7	4	1789717509654248448
1542	18	8	4	1789717509654249472
1543	18	9	4	1789717509654249472
1544	18	10	4	1789717509654248448
1545	18	11	4	1789717509654249472
1546	18	12	4	1789717509654249472
1547	18	13	4	1789717509654248448
1548	18	14	4	1789717509654249472
1549	18	15	4	1789717509654247424
1550	18	16	4	1789717509654248448
1551	18	17	4	1789717509654248448
1552	18	18	4	1789717509654248448
1553	18	19	4	1789717509654249472
1554	18	20	4	1789717509654249472
1555	18	21	4	1789717509654249472
1556	18	22	4	1789717509654249472
1557	18	23	4	1789717509654248448
1558	18	24	4	1789717509654251520
1559	18	25	4	1789717509654250496
1560	18	26	4	1789717509654250496
1561	18	27	4	1789717509654249472
1562	18	28	4	1789717509654250496
1563	18	29	4	1789717509654250496
1564	18	30	4	1789717509654250496
1565	18	31	4	1789717509654250496
1566	18	32	4	1789717509654249472
1567	18	33	4	1789717509654249472
1568	18	34	4	1789717509654249472
1569	18	35	4	1789717509654248448
1570	18	36	4	1789717509654249472
1571	18	37	4	1789717509654248448
1572	18	38	4	1789717509654249472
1573	18	39	4	1789717509654249472
1574	18	40	4	1789717509654247424
1575	18	41	4	1789717509654246400
1576	18	42	4	1789717509654247424
1577	18	43	4	1789717509654248448
1578	18	44	4	1789717509654247424
1579	18	45	4	1789717509654248448
1580	18	46	4	1789717509654247424
1581	18	47	4	1789717509654247424
1582	18	48	4	1789717509654251520
1583	18	49	4	1789717509654252544
1584	18	50	4	1789717509654252544
1585	18	51	4	1789717509654253568
1586	18	52	4	1789717509654254592
1587	18	53	4	1789717509654253568
1588	18	54	4	1789717509654254592
1589	18	55	4	1789717509654253568
1590	18	56	4	1789717509654255616
1591	18	57	4	1789717509654254592
1592	18	58	4	1789717509654255616
1593	18	59	4	1789717509654254592
1594	18	60	4	1789717509654254592
1595	18	61	4	1789717509654254592
1596	18	62	4	1789717509654254592
1597	18	63	4	1789717509654254592
1598	19	0	4	1789717509654254592
1599	19	1	4	1789717509654254592
1600	19	2	4	1789717509654254592
1601	19	3	4	1789717509654254592
1602	19	4	4	1789717509654255616
1603	19	5	4	1789717509654254592
1604	19	6	4	1789717509654254592
1605	19	7	4	1789717509654254592
1606	19	8	4	1789717509654255616
1607	19	9	4	1789717509654255616
1608	19	10	4	1789717509654255616
1609	19	11	4	1789717509654255616
1610	19	12	4	1789717509654255616
1611	19	13	4	1789717509654255616
1612	19	14	4	1789717509654256640
1613	19	15	4	1789717509654255616
1614	19	16	4	1789717509654256640
1615	19	17	4	1789717509654255616
1616	19	18	4	1789717509654254592
1617	19	19	4	1789717509654254592
1618	19	20	4	1789717509654255616
1619	19	21	4	1789717509654253568
1620	19	22	4	1789717509654253568
1621	19	23	4	1789717509654254592
1622	19	24	4	1789717509654263808
1623	19	25	4	1789717509654263808
1624	19	26	4	1789717509654262784
1625	19	27	4	1789717509654260736
1626	19	28	4	1789717509654260736
1627	19	29	4	1789717509654260736
1628	19	30	4	1789717509654260736
1629	19	31	4	1789717509654261760
1630	20	0	4	1789717509654266880
1631	20	1	4	1789717509654267904
1632	20	2	4	1789717509654266880
1633	20	3	4	1789717509654266880
1634	20	4	4	1789717509654266880
1635	20	5	4	1789717509654266880
1636	20	6	4	1789717509654266880
1637	20	7	4	1789717509654266880
1638	20	8	4	1789717509654266880
1639	20	9	4	1789717509654266880
1640	20	10	4	1789717509654266880
1641	20	11	4	1789717509654264832
1642	20	12	4	1789717509654264832
1643	20	13	4	1789717509654263808
1644	20	14	4	1789717509654264832
1645	20	15	4	1789717509654263808
1646	20	16	4	1789717509654264832
1647	20	17	4	1789717509654264832
1648	20	18	4	1789717509654264832
1649	20	19	4	1789717509654264832
1650	20	20	4	1789717509654264832
1651	20	21	4	1789717509654263808
1652	20	22	4	1789717509654263808
1653	20	23	4	1789717509654264832
1654	20	24	4	1789717509654263808
1655	20	25	4	1789717509654263808
1656	20	26	4	1789717509654264832
1657	20	27	4	1789717509654260736
1658	20	28	4	1789717509654261760
1659	20	29	4	1789717509654260736
1660	20	30	4	1789717509654260736
1661	20	31	4	1789717509654260736
1662	20	32	4	1789717509654266880
1663	20	33	4	1789717509654265856
1664	20	34	4	1789717509654266880
1665	20	35	4	1789717509654266880
1666	20	36	4	1789717509654266880
1667	20	37	4	1789717509654266880
1668	20	38	4	1789717509654266880
1669	20	39	4	1789717509654266880
1670	20	40	4	1789717509654266880
1671	20	41	4	1789717509654266880
1672	20	42	4	1789717509654266880
1673	20	43	4	1789717509654266880
1674	20	44	4	1789717509654266880
1675	20	45	4	1789717509654265856
1676	20	46	4	1789717509654266880
1677	20	47	4	1789717509654265856
1678	20	48	4	1789717509654266880
1679	20	49	4	1789717509654265856
1680	20	50	4	1789717509654265856
1681	20	51	4	1789717509654266880
1682	20	52	4	1789717509654266880
1683	20	53	4	1789717509654266880
1684	20	54	4	1789717509654265856
1685	20	55	4	1789717509654266880
1686	20	56	4	1789717509654265856
1687	20	57	4	1789717509654266880
1688	20	58	4	1789717509654266880
1689	20	59	4	1789717509654266880
1690	20	60	4	1789717509654265856
1691	20	61	4	1789717509654266880
1692	20	62	4	1789717509654266880
1693	20	63	4	1789717509654265856
1694	20	64	4	1789717509654265856
1695	20	65	4	1789717509654264832
1696	20	66	4	1789717509654264832
1697	20	67	4	1789717509654263808
1698	20	68	4	1789717509654264832
1699	20	69	4	1789717509654263808
1700	20	70	4	1789717509654264832
1701	20	71	4	1789717509654263808
1702	20	72	4	1789717509654263808
1703	20	73	4	1789717509654263808
1704	20	74	4	1789717509654263808
1705	20	75	4	1789717509654263808
1706	20	76	4	1789717509654264832
1707	20	77	4	1789717509654264832
1708	20	78	4	1789717509654264832
1709	20	79	4	1789717509654264832
1710	20	80	4	1789717509654264832
1711	20	81	4	1789717509654264832
1712	20	82	4	1789717509654264832
1713	20	83	4	1789717509654264832
1714	20	84	4	1789717509654263808
1715	20	85	4	1789717509654263808
1716	20	86	4	1789717509654263808
1717	20	87	4	1789717509654263808
1718	20	88	4	1789717509654264832
1719	20	89	4	1789717509654264832
1720	20	90	4	1789717509654263808
1721	20	91	4	1789717509654264832
1722	20	92	4	1789717509654263808
1723	20	93	4	1789717509654263808
1724	20	94	4	1789717509654264832
1725	20	95	4	1789717509654263808
1726	20	96	4	1789717509654270976
1727	20	97	4	1789717509654270976
1728	20	98	4	1789717509654270976
1729	20	99	4	1789717509654270976
1730	20	100	4	1789717509654270976
1731	20	101	4	1789717509654272000
1732	20	102	4	1789717509654272000
1733	20	103	4	1789717509654272000
1734	20	104	4	1789717509654272000
1735	20	105	4	1789717509654272000
1736	20	106	4	1789717509654272000
1737	20	107	4	1789717509654268928
1738	20	108	4	1789717509654268928
1739	20	109	4	1789717509654268928
1740	20	110	4	1789717509654268928
1741	20	111	4	1789717509654268928
1742	20	112	4	1789717509654268928
1743	20	113	4	1789717509654269952
1744	20	114	4	1789717509654268928
1745	20	115	4	1789717509654268928
1746	20	116	4	1789717509654269952
1747	20	117	4	1789717509654268928
1748	20	118	4	1789717509654268928
1749	20	119	4	1789717509654268928
1750	20	120	4	1789717509654269952
1751	20	121	4	1789717509654269952
1752	20	122	4	1789717509654273024
1753	20	123	4	1789717509654272000
1754	20	124	4	1789717509654273024
1755	20	125	4	1789717509654273024
1756	20	126	4	1789717509654272000
1757	20	127	4	1789717509654272000
1758	21	0	4	1789717509654272000
1759	21	1	4	1789717509654273024
1760	21	2	4	1789717509654272000
1761	21	3	4	1789717509654273024
1762	21	4	4	1789717509654272000
1763	21	5	4	1789717509654272000
1764	21	6	4	1789717509654272000
1765	21	7	4	1789717509654272000
1766	21	8	4	1789717509654273024
1767	21	9	4	1789717509654272000
1768	21	10	4	1789717509654272000
1769	21	11	4	1789717509654272000
1770	21	12	4	1789717509654272000
1771	21	13	4	1789717509654272000
1772	21	14	4	1789717509654272000
1773	21	15	4	1789717509654272000
1774	21	16	4	1789717509654270976
1775	21	17	4	1789717509654270976
1776	21	18	4	1789717509654270976
1777	21	19	4	1789717509654270976
1778	21	20	4	1789717509654269952
1779	21	21	4	1789717509654270976
1780	21	22	4	1789717509654270976
1781	21	23	4	1789717509654270976
1782	21	24	4	1789717509654276096
1783	21	25	4	1789717509654277120
1784	21	26	4	1789717509654276096
1785	21	27	4	1789717509654275072
1786	21	28	4	1789717509654275072
1787	21	29	4	1789717509654275072
1788	21	30	4	1789717509654277120
1789	21	31	4	1789717509654277120
1790	22	0	4	1789717509654277120
1791	22	1	4	1789717509654277120
1792	22	2	4	1789717509654277120
1793	22	3	4	1789717509654277120
1794	22	4	4	1789717509654277120
1795	22	5	4	1789717509654277120
1796	22	6	4	1789717509654276096
1797	22	7	4	1789717509654276096
1798	22	8	4	1789717509654276096
1799	22	9	4	1789717509654276096
1800	22	10	4	1789717509654276096
1801	22	11	4	1789717509654276096
1802	22	12	4	1789717509654276096
1803	22	13	4	1789717509654276096
1804	22	14	4	1789717509654276096
1805	22	15	4	1789717509654276096
1806	22	16	4	1789717509654275072
1807	22	17	4	1789717509654275072
1808	22	18	4	1789717509654275072
1809	22	19	4	1789717509654275072
1810	22	20	4	1789717509654275072
1811	22	21	4	1789717509654275072
1812	22	22	4	1789717509654275072
1813	22	23	4	1789717509654275072
1814	22	24	4	1789717509654281216
1815	22	25	4	1789717509654282240
1816	22	26	4	1789717509654281216
1817	22	27	4	1789717509654281216
1818	22	28	4	1789717509654281216
1819	22	29	4	1789717509654282240
1820	22	30	4	1789717509654281216
1821	22	31	4	1789717509654281216
1822	23	0	4	1789717509654289408
1823	23	1	4	1789717509654289408
1824	23	2	4	1789717509654288384
1825	23	3	4	1789717509654289408
1826	23	4	4	1789717509654289408
1827	23	5	4	1789717509654290432
1828	23	6	4	1789717509654290432
1829	23	7	4	1789717509654290432
1830	23	8	4	1789717509654290432
1831	23	9	4	1789717509654289408
1832	23	10	4	1789717509654290432
1833	23	11	4	1789717509654288384
1834	23	12	4	1789717509654288384
1835	23	13	4	1789717509654289408
1836	23	14	4	1789717509654288384
1837	23	15	4	1789717509654288384
1838	23	16	4	1789717509654289408
1839	23	17	4	1789717509654289408
1840	23	18	4	1789717509654288384
1841	23	19	4	1789717509654289408
1842	23	20	4	1789717509654288384
1843	23	21	4	1789717509654288384
1844	23	22	4	1789717509654288384
1845	23	23	4	1789717509654288384
1846	23	24	4	1789717509654289408
1847	23	25	4	1789717509654289408
1848	23	26	4	1789717509654290432
1849	23	27	4	1789717509654290432
1850	23	28	4	1789717509654291456
1851	23	29	4	1789717509654290432
1852	23	30	4	1789717509654290432
1853	23	31	4	1789717509654291456
1854	23	32	4	1789717509654287360
1855	23	33	4	1789717509654287360
1856	23	34	4	1789717509654287360
1857	23	35	4	1789717509654287360
1858	23	36	4	1789717509654287360
1859	23	37	4	1789717509654286336
1860	23	38	4	1789717509654286336
1861	23	39	4	1789717509654287360
1862	23	40	4	1789717509654288384
1863	23	41	4	1789717509654289408
1864	23	42	4	1789717509654288384
1865	23	43	4	1789717509654288384
1866	23	44	4	1789717509654288384
1867	23	45	4	1789717509654288384
1868	23	46	4	1789717509654288384
1869	23	47	4	1789717509654287360
1870	23	48	4	1789717509654288384
1871	23	49	4	1789717509654288384
1872	23	50	4	1789717509654288384
1873	23	51	4	1789717509654288384
1874	23	52	4	1789717509654288384
1875	23	53	4	1789717509654288384
1876	23	54	4	1789717509654288384
1877	23	55	4	1789717509654287360
1878	23	56	4	1789717509654289408
1879	23	57	4	1789717509654289408
1880	23	58	4	1789717509654290432
1881	23	59	4	1789717509654290432
1882	23	60	4	1789717509654291456
1883	23	61	4	1789717509654290432
1884	23	62	4	1789717509654291456
1885	23	63	4	1789717509654291456
1886	23	64	4	1789717509654296576
1887	23	65	4	1789717509654295552
1888	23	66	4	1789717509654296576
1889	23	67	4	1789717509654295552
1890	23	68	4	1789717509654296576
1891	23	69	4	1789717509654296576
1892	23	70	4	1789717509654295552
1893	23	71	4	1789717509654295552
1894	23	72	4	1789717509654295552
1895	23	73	4	1789717509654296576
1896	23	74	4	1789717509654295552
1897	23	75	4	1789717509654295552
1898	23	76	4	1789717509654296576
1899	23	77	4	1789717509654296576
1900	23	78	4	1789717509654295552
1901	23	79	4	1789717509654295552
1902	23	80	4	1789717509654295552
1903	23	81	4	1789717509654295552
1904	23	82	4	1789717509654295552
1905	23	83	4	1789717509654295552
1906	23	84	4	1789717509654295552
1907	23	85	4	1789717509654295552
1908	23	86	4	1789717509654295552
1909	23	87	4	1789717509654295552
1910	23	88	4	1789717509654295552
1911	23	89	4	1789717509654296576
1912	23	90	4	1789717509654295552
1913	23	91	4	1789717509654295552
1914	23	92	4	1789717509654296576
1915	23	93	4	1789717509654296576
1916	23	94	4	1789717509654295552
1917	23	95	4	1789717509654296576
1918	23	96	4	1789717509654295552
1919	23	97	4	1789717509654295552
1920	23	98	4	1789717509654294528
1921	23	99	4	1789717509654295552
1922	23	100	4	1789717509654295552
1923	23	101	4	1789717509654294528
1924	23	102	4	1789717509654295552
1925	23	103	4	1789717509654294528
1926	23	104	4	1789717509654294528
1927	23	105	4	1789717509654295552
1928	23	106	4	1789717509654295552
1929	23	107	4	1789717509654295552
1930	23	108	4	1789717509654295552
1931	23	109	4	1789717509654295552
1932	23	110	4	1789717509654295552
1933	23	111	4	1789717509654294528
1934	23	112	4	1789717509654294528
1935	23	113	4	1789717509654294528
1936	23	114	4	1789717509654294528
1937	23	115	4	1789717509654294528
1938	23	116	4	1789717509654294528
1939	23	117	4	1789717509654294528
1940	23	118	4	1789717509654294528
1941	23	119	4	1789717509654294528
1942	23	120	4	1789717509654299648
1943	23	121	4	1789717509654298624
1944	23	122	4	1789717509654298624
1945	23	123	4	1789717509654298624
1946	23	124	4	1789717509654298624
1947	23	125	4	1789717509654298624
1948	23	126	4	1789717509654299648
1949	23	127	4	1789717509654299648
1950	24	4294967295	128	1789717509654302720
1951	25	0	4	1789717509654283264
1952	25	1	4	1789717509654283264
1953	25	2	4	1789717509654283264
1954	25	3	4	1789717509654283264
1955	25	4	4	1789717509654283264
1956	25	5	4	1789717509654283264
1957	25	6	4	1789717509654283264
1958	25	7	4	1789717509654283264
1959	25	8	4	1789717509654283264
1960	25	9	4	1789717509654283264
1961	25	10	4	1789717509654283264
1962	25	11	4	1789717509654283264
1963	25	12	4	1789717509654284288
1964	25	13	4	1789717509654283264
1965	25	14	4	1789717509654283264
1966	25	15	4	1789717509654283264
1967	25	16	4	1789717509654283264
1968	25	17	4	1789717509654283264
1969	25	18	4	1789717509654283264
1970	25	19	4	1789717509654283264
1971	25	20	4	1789717509654283264
1972	25	21	4	1789717509654283264
1973	25	22	4	1789717509654283264
1974	25	23	4	1789717509654283264
1975	25	24	4	1789717509654283264
1976	25	25	4	1789717509654283264
1977	25	26	4	1789717509654283264
1978	25	27	4	1789717509654284288
1979	25	28	4	1789717509654283264
1980	25	29	4	1789717509654284288
1981	25	30	4	1789717509654284288
1982	25	31	4	1789717509654283264
1983	25	32	4	1789717509654283264
1984	25	33	4	1789717509654283264
1985	25	34	4	1789717509654282240
1986	25	35	4	1789717509654283264
1987	25	36	4	1789717509654283264
1988	25	37	4	1789717509654283264
1989	25	38	4	1789717509654283264
1990	25	39	4	1789717509654283264
1991	25	40	4	1789717509654283264
1992	25	41	4	1789717509654283264
1993	25	42	4	1789717509654284288
1994	25	43	4	1789717509654284288
1995	25	44	4	1789717509654284288
1996	25	45	4	1789717509654283264
1997	25	46	4	1789717509654283264
1998	25	47	4	1789717509654283264
1999	25	48	4	1789717509654284288
2000	25	49	4	1789717509654284288
2001	25	50	4	1789717509654283264
2002	25	51	4	1789717509654284288
2003	25	52	4	1789717509654283264
2004	25	53	4	1789717509654283264
2005	25	54	4	1789717509654283264
2006	25	55	4	1789717509654283264
2007	25	56	4	1789717509654284288
2008	25	57	4	1789717509654284288
2009	25	58	4	1789717509654284288
2010	25	59	4	1789717509654284288
2011	25	60	4	1789717509654284288
2012	25	61	4	1789717509654283264
2013	25	62	4	1789717509654284288
2014	25	63	4	1789717509654284288
2015	25	64	4	1789717509654280192
2016	25	65	4	1789717509654280192
2017	25	66	4	1789717509654279168
2018	25	67	4	1789717509654280192
2019	25	68	4	1789717509654280192
2020	25	69	4	1789717509654279168
2021	25	70	4	1789717509654279168
2022	25	71	4	1789717509654280192
2023	25	72	4	1789717509654280192
2024	25	73	4	1789717509654281216
2025	25	74	4	1789717509654281216
2026	25	75	4	1789717509654283264
2027	25	76	4	1789717509654282240
2028	25	77	4	1789717509654282240
2029	25	78	4	1789717509654282240
2030	25	79	4	1789717509654282240
2031	25	80	4	1789717509654283264
2032	25	81	4	1789717509654283264
2033	25	82	4	1789717509654283264
2034	25	83	4	1789717509654283264
2035	25	84	4	1789717509654282240
2036	25	85	4	1789717509654283264
2037	25	86	4	1789717509654282240
2038	25	87	4	1789717509654282240
2039	25	88	4	1789717509654284288
2040	25	89	4	1789717509654284288
2041	25	90	4	1789717509654284288
2042	25	91	4	1789717509654282240
2043	25	92	4	1789717509654282240
2044	25	93	4	1789717509654282240
2045	25	94	4	1789717509654284288
2046	25	95	4	1789717509654284288
2047	25	96	4	1789717509654289408
2048	25	97	4	1789717509654289408
2049	25	98	4	1789717509654289408
2050	25	99	4	1789717509654289408
2051	25	100	4	1789717509654289408
2052	25	101	4	1789717509654288384
2053	25	102	4	1789717509654289408
2054	25	103	4	1789717509654288384
2055	25	104	4	1789717509654289408
2056	25	105	4	1789717509654288384
2057	25	106	4	1789717509654288384
2058	25	107	4	1789717509654288384
2059	25	108	4	1789717509654289408
2060	25	109	4	1789717509654289408
2061	25	110	4	1789717509654288384
2062	25	111	4	1789717509654289408
2063	25	112	4	1789717509654289408
2064	25	113	4	1789717509654289408
2065	25	114	4	1789717509654288384
2066	25	115	4	1789717509654288384
2067	25	116	4	1789717509654288384
2068	25	117	4	1789717509654289408
2069	25	118	4	1789717509654288384
2070	25	119	4	1789717509654289408
2071	25	120	4	1789717509654288384
2072	25	121	4	1789717509654289408
2073	25	122	4	1789717509654289408
2074	25	123	4	1789717509654288384
2075	25	124	4	1789717509654289408
2076	25	125	4	1789717509654289408
2077	25	126	4	1789717509654289408
2078	25	127	4	1789717509654289408
2079	26	4294967295	128	1789717509654294528
2080	27	0	4	1789717509654295552
2081	27	1	4	1789717509654295552
2082	27	2	4	1789717509654294528
2083	27	3	4	1789717509654295552
2084	27	4	4	1789717509654295552
2085	27	5	4	1789717509654294528
2086	27	6	4	1789717509654294528
2087	27	7	4	1789717509654294528
2088	27	8	4	1789717509654296576
2089	27	9	4	1789717509654296576
2090	27	10	4	1789717509654295552
2091	27	11	4	1789717509654295552
2092	27	12	4	1789717509654294528
2093	27	13	4	1789717509654294528
2094	27	14	4	1789717509654294528
2095	27	15	4	1789717509654294528
2096	27	16	4	1789717509654295552
2097	27	17	4	1789717509654295552
2098	27	18	4	1789717509654295552
2099	27	19	4	1789717509654294528
2100	27	20	4	1789717509654295552
2101	27	21	4	1789717509654295552
2102	27	22	4	1789717509654294528
2103	27	23	4	1789717509654292480
2104	27	24	4	1789717509654294528
2105	27	25	4	1789717509654294528
2106	27	26	4	1789717509654295552
2107	27	27	4	1789717509654295552
2108	27	28	4	1789717509654296576
2109	27	29	4	1789717509654294528
2110	27	30	4	1789717509654295552
2111	27	31	4	1789717509654296576
2112	27	32	4	1789717509654301696
2113	27	33	4	1789717509654302720
2114	27	34	4	1789717509654301696
2115	27	35	4	1789717509654301696
2116	27	36	4	1789717509654302720
2117	27	37	4	1789717509654302720
2118	27	38	4	1789717509654301696
2119	27	39	4	1789717509654301696
2120	27	40	4	1789717509654302720
2121	27	41	4	1789717509654302720
2122	27	42	4	1789717509654301696
2123	27	43	4	1789717509654301696
2124	27	44	4	1789717509654302720
2125	27	45	4	1789717509654302720
2126	27	46	4	1789717509654301696
2127	27	47	4	1789717509654300672
2128	27	48	4	1789717509654301696
2129	27	49	4	1789717509654301696
2130	27	50	4	1789717509654301696
2131	27	51	4	1789717509654300672
2132	27	52	4	1789717509654301696
2133	27	53	4	1789717509654301696
2134	27	54	4	1789717509654301696
2135	27	55	4	1789717509654301696
2136	27	56	4	1789717509654301696
2137	27	57	4	1789717509654302720
2138	27	58	4	1789717509654301696
2139	27	59	4	1789717509654301696
2140	27	60	4	1789717509654301696
2141	27	61	4	1789717509654301696
2142	27	62	4	1789717509654301696
2143	27	63	4	1789717509654301696
2144	27	64	4	1789717509654301696
2145	27	65	4	1789717509654301696
2146	27	66	4	1789717509654300672
2147	27	67	4	1789717509654300672
2148	27	68	4	1789717509654300672
2149	27	69	4	1789717509654300672
2150	27	70	4	1789717509654301696
2151	27	71	4	1789717509654300672
2152	27	72	4	1789717509654300672
2153	27	73	4	1789717509654301696
2154	27	74	4	1789717509654300672
2155	27	75	4	1789717509654300672
2156	27	76	4	1789717509654300672
2157	27	77	4	1789717509654300672
2158	27	78	4	1789717509654301696
2159	27	79	4	1789717509654299648
2160	27	80	4	1789717509654300672
2161	27	81	4	1789717509654299648
2162	27	82	4	1789717509654299648
2163	27	83	4	1789717509654300672
2164	27	84	4	1789717509654299648
2165	27	85	4	1789717509654299648
2166	27	86	4	1789717509654299648
2167	27	87	4	1789717509654299648
2168	27	88	4	1789717509654303744
2169	27	89	4	1789717509654303744
2170	27	90	4	1789717509654304768
2171	27	91	4	1789717509654304768
2172	27	92	4	1789717509654304768
2173	27	93	4	1789717509654303744
2174	27	94	4	1789717509654305792
2175	27	95	4	1789717509654305792
2176	27	96	4	1789717509654300672
2177	27	97	4	1789717509654300672
2178	27	98	4	1789717509654299648
2179	27	99	4	1789717509654299648
2180	27	100	4	1789717509654300672
2181	27	101	4	1789717509654299648
2182	27	102	4	1789717509654300672
2183	27	103	4	1789717509654300672
2184	27	104	4	1789717509654299648
2185	27	105	4	1789717509654299648
2186	27	106	4	1789717509654300672
2187	27	107	4	1789717509654301696
2188	27	108	4	1789717509654301696
2189	27	109	4	1789717509654301696
2190	27	110	4	1789717509654302720
2191	27	111	4	1789717509654302720
2192	27	112	4	1789717509654305792
2193	27	113	4	1789717509654306816
2194	27	114	4	1789717509654305792
2195	27	115	4	1789717509654305792
2196	27	116	4	1789717509654305792
2197	27	117	4	1789717509654305792
2198	27	118	4	1789717509654306816
2199	27	119	4	1789717509654306816
2200	27	120	4	1789717509654306816
2201	27	121	4	1789717509654306816
2202	27	122	4	1789717509654306816
2203	27	123	4	1789717509654305792
2204	27	124	4	1789717509654304768
2205	27	125	4	1789717509654304768
2206	27	126	4	1789717509654306816
2207	27	127	4	1789717509654306816
2208	28	4294967295	128	1789717509654310912
2209	29	0	4	1789717509654307840
2210	29	1	4	1789717509654307840
2211	29	2	4	1789717509654307840
2212	29	3	4	1789717509654307840
2213	29	4	4	1789717509654308864
2214	29	5	4	1789717509654308864
2215	29	6	4	1789717509654307840
2216	29	7	4	1789717509654306816
2217	29	8	4	1789717509654308864
2218	29	9	4	1789717509654308864
2219	29	10	4	1789717509654307840
2220	29	11	4	1789717509654306816
2221	29	12	4	1789717509654307840
2222	29	13	4	1789717509654308864
2223	29	14	4	1789717509654307840
2224	29	15	4	1789717509654306816
2225	29	16	4	1789717509654307840
2226	29	17	4	1789717509654307840
2227	29	18	4	1789717509654307840
2228	29	19	4	1789717509654306816
2229	29	20	4	1789717509654307840
2230	29	21	4	1789717509654307840
2231	29	22	4	1789717509654306816
2232	29	23	4	1789717509654307840
2233	29	24	4	1789717509654307840
2234	29	25	4	1789717509654308864
2235	29	26	4	1789717509654307840
2236	29	27	4	1789717509654307840
2237	29	28	4	1789717509654307840
2238	29	29	4	1789717509654307840
2239	29	30	4	1789717509654308864
2240	29	31	4	1789717509654307840
2241	29	32	4	1789717509654307840
2242	29	33	4	1789717509654307840
2243	29	34	4	1789717509654306816
2244	29	35	4	1789717509654307840
2245	29	36	4	1789717509654307840
2246	29	37	4	1789717509654305792
2247	29	38	4	1789717509654307840
2248	29	39	4	1789717509654306816
2249	29	40	4	1789717509654306816
2250	29	41	4	1789717509654306816
2251	29	42	4	1789717509654307840
2252	29	43	4	1789717509654307840
2253	29	44	4	1789717509654306816
2254	29	45	4	1789717509654306816
2255	29	46	4	1789717509654307840
2256	29	47	4	1789717509654305792
2257	29	48	4	1789717509654306816
2258	29	49	4	1789717509654306816
2259	29	50	4	1789717509654306816
2260	29	51	4	1789717509654306816
2261	29	52	4	1789717509654305792
2262	29	53	4	1789717509654305792
2263	29	54	4	1789717509654306816
2264	29	55	4	1789717509654305792
2265	29	56	4	1789717509654309888
2266	29	57	4	1789717509654309888
2267	29	58	4	1789717509654310912
2268	29	59	4	1789717509654310912
2269	29	60	4	1789717509654310912
2270	29	61	4	1789717509654309888
2271	29	62	4	1789717509654311936
2272	29	63	4	1789717509654311936
2273	29	64	4	1789717509654306816
2274	29	65	4	1789717509654306816
2275	29	66	4	1789717509654305792
2276	29	67	4	1789717509654305792
2277	29	68	4	1789717509654306816
2278	29	69	4	1789717509654306816
2279	29	70	4	1789717509654306816
2280	29	71	4	1789717509654307840
2281	29	72	4	1789717509654306816
2282	29	73	4	1789717509654305792
2283	29	74	4	1789717509654306816
2284	29	75	4	1789717509654307840
2285	29	76	4	1789717509654308864
2286	29	77	4	1789717509654308864
2287	29	78	4	1789717509654308864
2288	29	79	4	1789717509654308864
2289	29	80	4	1789717509654312960
2290	29	81	4	1789717509654312960
2291	29	82	4	1789717509654311936
2292	29	83	4	1789717509654311936
2293	29	84	4	1789717509654311936
2294	29	85	4	1789717509654310912
2295	29	86	4	1789717509654312960
2296	29	87	4	1789717509654312960
2297	29	88	4	1789717509654313984
2298	29	89	4	1789717509654312960
2299	29	90	4	1789717509654312960
2300	29	91	4	1789717509654310912
2301	29	92	4	1789717509654310912
2302	29	93	4	1789717509654309888
2303	29	94	4	1789717509654313984
2304	29	95	4	1789717509654312960
2305	29	96	4	1789717509654307840
2306	29	97	4	1789717509654308864
2307	29	98	4	1789717509654308864
2308	29	99	4	1789717509654309888
2309	29	100	4	1789717509654308864
2310	29	101	4	1789717509654308864
2311	29	102	4	1789717509654307840
2312	29	103	4	1789717509654307840
2313	29	104	4	1789717509654312960
2314	29	105	4	1789717509654312960
2315	29	106	4	1789717509654312960
2316	29	107	4	1789717509654312960
2317	29	108	4	1789717509654311936
2318	29	109	4	1789717509654311936
2319	29	110	4	1789717509654312960
2320	29	111	4	1789717509654311936
2321	29	112	4	1789717509654312960
2322	29	113	4	1789717509654311936
2323	29	114	4	1789717509654311936
2324	29	115	4	1789717509654311936
2325	29	116	4	1789717509654310912
2326	29	117	4	1789717509654310912
2327	29	118	4	1789717509654313984
2328	29	119	4	1789717509654316032
2329	29	120	4	1789717509654313984
2330	29	121	4	1789717509654315008
2331	29	122	4	1789717509654311936
2332	29	123	4	1789717509654312960
2333	29	124	4	1789717509654316032
2334	29	125	4	1789717509654316032
2335	29	126	4	1789717509654317056
2336	29	127	4	1789717509654316032
2337	30	0	4	1789717509654304768
2338	30	1	4	1789717509654304768
2339	30	2	4	1789717509654304768
2340	30	3	4	1789717509654304768
2341	30	4	4	1789717509654305792
2342	30	5	4	1789717509654305792
2343	30	6	4	1789717509654304768
2344	30	7	4	1789717509654304768
2345	30	8	4	1789717509654304768
2346	30	9	4	1789717509654305792
2347	30	10	4	1789717509654304768
2348	30	11	4	1789717509654304768
2349	30	12	4	1789717509654304768
2350	30	13	4	1789717509654305792
2351	30	14	4	1789717509654304768
2352	30	15	4	1789717509654303744
2353	30	16	4	1789717509654303744
2354	30	17	4	1789717509654304768
2355	30	18	4	1789717509654304768
2356	30	19	4	1789717509654303744
2357	30	20	4	1789717509654304768
2358	30	21	4	1789717509654304768
2359	30	22	4	1789717509654304768
2360	30	23	4	1789717509654304768
2361	30	24	4	1789717509654305792
2362	30	25	4	1789717509654305792
2363	30	26	4	1789717509654305792
2364	30	27	4	1789717509654304768
2365	30	28	4	1789717509654304768
2366	30	29	4	1789717509654304768
2367	30	30	4	1789717509654305792
2368	30	31	4	1789717509654304768
2369	30	32	4	1789717509654304768
2370	30	33	4	1789717509654304768
2371	30	34	4	1789717509654303744
2372	30	35	4	1789717509654304768
2373	30	36	4	1789717509654304768
2374	30	37	4	1789717509654303744
2375	30	38	4	1789717509654304768
2376	30	39	4	1789717509654303744
2377	30	40	4	1789717509654303744
2378	30	41	4	1789717509654303744
2379	30	42	4	1789717509654304768
2380	30	43	4	1789717509654304768
2381	30	44	4	1789717509654303744
2382	30	45	4	1789717509654303744
2383	30	46	4	1789717509654304768
2384	30	47	4	1789717509654302720
2385	30	48	4	1789717509654303744
2386	30	49	4	1789717509654303744
2387	30	50	4	1789717509654303744
2388	30	51	4	1789717509654303744
2389	30	52	4	1789717509654303744
2390	30	53	4	1789717509654302720
2391	30	54	4	1789717509654303744
2392	30	55	4	1789717509654302720
2393	30	56	4	1789717509654306816
2394	30	57	4	1789717509654306816
2395	30	58	4	1789717509654307840
2396	30	59	4	1789717509654307840
2397	30	60	4	1789717509654307840
2398	30	61	4	1789717509654307840
2399	30	62	4	1789717509654308864
2400	30	63	4	1789717509654308864
2401	30	64	4	1789717509654303744
2402	30	65	4	1789717509654303744
2403	30	66	4	1789717509654302720
2404	30	67	4	1789717509654302720
2405	30	68	4	1789717509654303744
2406	30	69	4	1789717509654303744
2407	30	70	4	1789717509654303744
2408	30	71	4	1789717509654303744
2409	30	72	4	1789717509654303744
2410	30	73	4	1789717509654302720
2411	30	74	4	1789717509654303744
2412	30	75	4	1789717509654304768
2413	30	76	4	1789717509654304768
2414	30	77	4	1789717509654304768
2415	30	78	4	1789717509654305792
2416	30	79	4	1789717509654305792
2417	30	80	4	1789717509654309888
2418	30	81	4	1789717509654309888
2419	30	82	4	1789717509654308864
2420	30	83	4	1789717509654308864
2421	30	84	4	1789717509654308864
2422	30	85	4	1789717509654308864
2423	30	86	4	1789717509654309888
2424	30	87	4	1789717509654309888
2425	30	88	4	1789717509654310912
2426	30	89	4	1789717509654309888
2427	30	90	4	1789717509654309888
2428	30	91	4	1789717509654308864
2429	30	92	4	1789717509654307840
2430	30	93	4	1789717509654306816
2431	30	94	4	1789717509654309888
2432	30	95	4	1789717509654309888
2433	30	96	4	1789717509654304768
2434	30	97	4	1789717509654305792
2435	30	98	4	1789717509654304768
2436	30	99	4	1789717509654306816
2437	30	100	4	1789717509654305792
2438	30	101	4	1789717509654305792
2439	30	102	4	1789717509654304768
2440	30	103	4	1789717509654305792
2441	30	104	4	1789717509654309888
2442	30	105	4	1789717509654309888
2443	30	106	4	1789717509654309888
2444	30	107	4	1789717509654309888
2445	30	108	4	1789717509654308864
2446	30	109	4	1789717509654308864
2447	30	110	4	1789717509654309888
2448	30	111	4	1789717509654308864
2449	30	112	4	1789717509654309888
2450	30	113	4	1789717509654308864
2451	30	114	4	1789717509654308864
2452	30	115	4	1789717509654308864
2453	30	116	4	1789717509654307840
2454	30	117	4	1789717509654307840
2455	30	118	4	1789717509654310912
2456	30	119	4	1789717509654313984
2457	30	120	4	1789717509654309888
2458	30	121	4	1789717509654310912
2459	30	122	4	1789717509654309888
2460	30	123	4	1789717509654309888
2461	30	124	4	1789717509654312960
2462	30	125	4	1789717509654312960
2463	30	126	4	1789717509654313984
2464	30	127	4	1789717509654313984
2465	31	4294967295	512	1789717509654322176
2466	32	4294967295	512	1789717509654319104
2467	33	4294967295	512	1789717509654353920
2468	34	0	4	1789717509654362112
2469	34	1	4	1789717509654362112
2470	34	2	4	1789717509654361088
2471	34	3	4	1789717509654361088
2472	34	4	4	1789717509654362112
2473	34	5	4	1789717509654361088
2474	34	6	4	1789717509654361088
2475	34	7	4	1789717509654361088
2476	34	8	4	1789717509654361088
2477	34	9	4	1789717509654361088
2478	34	10	4	1789717509654361088
2479	34	11	4	1789717509654362112
2480	34	12	4	1789717509654361088
2481	34	13	4	1789717509654361088
2482	34	14	4	1789717509654361088
2483	34	15	4	1789717509654361088
2484	34	16	4	1789717509654361088
2485	34	17	4	1789717509654361088
2486	34	18	4	1789717509654361088
2487	34	19	4	1789717509654361088
2488	34	20	4	1789717509654361088
2489	34	21	4	1789717509654361088
2490	34	22	4	1789717509654362112
2491	34	23	4	1789717509654361088
2492	34	24	4	1789717509654362112
2493	34	25	4	1789717509654362112
2494	34	26	4	1789717509654361088
2495	34	27	4	1789717509654361088
2496	34	28	4	1789717509654361088
2497	34	29	4	1789717509654362112
2498	34	30	4	1789717509654361088
2499	34	31	4	1789717509654361088
2500	34	32	4	1789717509654361088
2501	34	33	4	1789717509654361088
2502	34	34	4	1789717509654361088
2503	34	35	4	1789717509654361088
2504	34	36	4	1789717509654361088
2505	34	37	4	1789717509654361088
2506	34	38	4	1789717509654361088
2507	34	39	4	1789717509654361088
2508	34	40	4	1789717509654361088
2509	34	41	4	1789717509654361088
2510	34	42	4	1789717509654361088
2511	34	43	4	1789717509654361088
2512	34	44	4	1789717509654361088
2513	34	45	4	1789717509654361088
2514	34	46	4	1789717509654361088
2515	34	47	4	1789717509654361088
2516	34	48	4	1789717509654361088
2517	34	49	4	1789717509654361088
2518	34	50	4	1789717509654361088
2519	34	51	4	1789717509654361088
2520	34	52	4	1789717509654361088
2521	34	53	4	1789717509654361088
2522	34	54	4	1789717509654361088
2523	34	55	4	1789717509654361088
2524	34	56	4	1789717509654361088
2525	34	57	4	1789717509654361088
2526	34	58	4	1789717509654361088
2527	34	59	4	1789717509654361088
2528	34	60	4	1789717509654361088
2529	34	61	4	1789717509654361088
2530	34	62	4	1789717509654361088
2531	34	63	4	1789717509654361088
2532	34	64	4	1789717509654360064
2533	34	65	4	1789717509654360064
2534	34	66	4	1789717509654360064
2535	34	67	4	1789717509654361088
2536	34	68	4	1789717509654361088
2537	34	69	4	1789717509654361088
2538	34	70	4	1789717509654361088
2539	34	71	4	1789717509654361088
2540	34	72	4	1789717509654361088
2541	34	73	4	1789717509654361088
2542	34	74	4	1789717509654361088
2543	34	75	4	1789717509654362112
2544	34	76	4	1789717509654361088
2545	34	77	4	1789717509654361088
2546	34	78	4	1789717509654361088
2547	34	79	4	1789717509654361088
2548	34	80	4	1789717509654361088
2549	34	81	4	1789717509654361088
2550	34	82	4	1789717509654361088
2551	34	83	4	1789717509654361088
2552	34	84	4	1789717509654361088
2553	34	85	4	1789717509654362112
2554	34	86	4	1789717509654361088
2555	34	87	4	1789717509654362112
2556	34	88	4	1789717509654361088
2557	34	89	4	1789717509654362112
2558	34	90	4	1789717509654361088
2559	34	91	4	1789717509654361088
2560	34	92	4	1789717509654361088
2561	34	93	4	1789717509654361088
2562	34	94	4	1789717509654361088
2563	34	95	4	1789717509654362112
2564	34	96	4	1789717509654362112
2565	34	97	4	1789717509654362112
2566	34	98	4	1789717509654362112
2567	34	99	4	1789717509654362112
2568	34	100	4	1789717509654362112
2569	34	101	4	1789717509654362112
2570	34	102	4	1789717509654362112
2571	34	103	4	1789717509654362112
2572	34	104	4	1789717509654362112
2573	34	105	4	1789717509654362112
2574	34	106	4	1789717509654362112
2575	34	107	4	1789717509654362112
2576	34	108	4	1789717509654362112
2577	34	109	4	1789717509654362112
2578	34	110	4	1789717509654362112
2579	34	111	4	1789717509654362112
2580	34	112	4	1789717509654362112
2581	34	113	4	1789717509654362112
2582	34	114	4	1789717509654362112
2583	34	115	4	1789717509654362112
2584	34	116	4	1789717509654362112
2585	34	117	4	1789717509654362112
2586	34	118	4	1789717509654362112
2587	34	119	4	1789717509654362112
2588	34	120	4	1789717509654362112
2589	34	121	4	1789717509654362112
2590	34	122	4	1789717509654362112
2591	34	123	4	1789717509654362112
2592	34	124	4	1789717509654362112
2593	34	125	4	1789717509654362112
2594	34	126	4	1789717509654362112
2595	34	127	4	1789717509654362112
2596	35	0	4	1789717509654367232
2597	35	1	4	1789717509654367232
2598	35	2	4	1789717509654367232
2599	35	3	4	1789717509654367232
2600	35	4	4	1789717509654367232
2601	35	5	4	1789717509654367232
2602	35	6	4	1789717509654366208
2603	35	7	4	1789717509654366208
2604	35	8	4	1789717509654367232
2605	35	9	4	1789717509654367232
2606	35	10	4	1789717509654366208
2607	35	11	4	1789717509654366208
2608	35	12	4	1789717509654367232
2609	35	13	4	1789717509654367232
2610	35	14	4	1789717509654366208
2611	35	15	4	1789717509654366208
2612	35	16	4	1789717509654366208
2613	35	17	4	1789717509654367232
2614	35	18	4	1789717509654366208
2615	35	19	4	1789717509654366208
2616	35	20	4	1789717509654367232
2617	35	21	4	1789717509654367232
2618	35	22	4	1789717509654367232
2619	35	23	4	1789717509654366208
2620	35	24	4	1789717509654367232
2621	35	25	4	1789717509654367232
2622	35	26	4	1789717509654367232
2623	35	27	4	1789717509654366208
2624	35	28	4	1789717509654367232
2625	35	29	4	1789717509654367232
2626	35	30	4	1789717509654367232
2627	35	31	4	1789717509654366208
2628	36	0	4	1789717509654371328
2629	36	1	4	1789717509654372352
2630	36	2	4	1789717509654372352
2631	36	3	4	1789717509654372352
2632	36	4	4	1789717509654371328
2633	36	5	4	1789717509654372352
2634	36	6	4	1789717509654371328
2635	36	7	4	1789717509654372352
2636	36	8	4	1789717509654371328
2637	36	9	4	1789717509654371328
2638	36	10	4	1789717509654371328
2639	36	11	4	1789717509654371328
2640	36	12	4	1789717509654371328
2641	36	13	4	1789717509654371328
2642	36	14	4	1789717509654371328
2643	36	15	4	1789717509654371328
2644	36	16	4	1789717509654371328
2645	36	17	4	1789717509654371328
2646	36	18	4	1789717509654371328
2647	36	19	4	1789717509654371328
2648	36	20	4	1789717509654371328
2649	36	21	4	1789717509654370304
2650	36	22	4	1789717509654371328
2651	36	23	4	1789717509654371328
2652	36	24	4	1789717509654371328
2653	36	25	4	1789717509654371328
2654	36	26	4	1789717509654371328
2655	36	27	4	1789717509654371328
2656	36	28	4	1789717509654371328
2657	36	29	4	1789717509654371328
2658	36	30	4	1789717509654371328
2659	36	31	4	1789717509654371328
2660	37	0	4	1789717509654378496
2661	37	1	4	1789717509654378496
2662	37	2	4	1789717509654378496
2663	37	3	4	1789717509654378496
2664	37	4	4	1789717509654378496
2665	37	5	4	1789717509654378496
2666	37	6	4	1789717509654378496
2667	37	7	4	1789717509654378496
2668	37	8	4	1789717509654379520
2669	37	9	4	1789717509654378496
2670	37	10	4	1789717509654378496
2671	37	11	4	1789717509654379520
2672	37	12	4	1789717509654379520
2673	37	13	4	1789717509654379520
2674	37	14	4	1789717509654379520
2675	37	15	4	1789717509654379520
2676	37	16	4	1789717509654379520
2677	37	17	4	1789717509654379520
2678	37	18	4	1789717509654379520
2679	37	19	4	1789717509654379520
2680	37	20	4	1789717509654379520
2681	37	21	4	1789717509654379520
2682	37	22	4	1789717509654379520
2683	37	23	4	1789717509654379520
2684	37	24	4	1789717509654379520
2685	37	25	4	1789717509654379520
2686	37	26	4	1789717509654379520
2687	37	27	4	1789717509654379520
2688	37	28	4	1789717509654379520
2689	37	29	4	1789717509654379520
2690	37	30	4	1789717509654379520
2691	37	31	4	1789717509654379520
2692	37	32	4	1789717509654379520
2693	37	33	4	1789717509654380544
2694	37	34	4	1789717509654379520
2695	37	35	4	1789717509654379520
2696	37	36	4	1789717509654379520
2697	37	37	4	1789717509654379520
2698	37	38	4	1789717509654379520
2699	37	39	4	1789717509654379520
2700	37	40	4	1789717509654379520
2701	37	41	4	1789717509654379520
2702	37	42	4	1789717509654379520
2703	37	43	4	1789717509654380544
2704	37	44	4	1789717509654379520
2705	37	45	4	1789717509654379520
2706	37	46	4	1789717509654379520
2707	37	47	4	1789717509654379520
2708	37	48	4	1789717509654379520
2709	37	49	4	1789717509654380544
2710	37	50	4	1789717509654379520
2711	37	51	4	1789717509654379520
2712	37	52	4	1789717509654379520
2713	37	53	4	1789717509654379520
2714	37	54	4	1789717509654379520
2715	37	55	4	1789717509654379520
2716	37	56	4	1789717509654379520
2717	37	57	4	1789717509654380544
2718	37	58	4	1789717509654379520
2719	37	59	4	1789717509654379520
2720	37	60	4	1789717509654379520
2721	37	61	4	1789717509654379520
2722	37	62	4	1789717509654379520
2723	37	63	4	1789717509654379520
2724	37	64	4	1789717509654379520
2725	37	65	4	1789717509654379520
2726	37	66	4	1789717509654379520
2727	37	67	4	1789717509654378496
2728	37	68	4	1789717509654379520
2729	37	69	4	1789717509654379520
2730	37	70	4	1789717509654379520
2731	37	71	4	1789717509654379520
2732	37	72	4	1789717509654379520
2733	37	73	4	1789717509654379520
2734	37	74	4	1789717509654379520
2735	37	75	4	1789717509654379520
2736	37	76	4	1789717509654379520
2737	37	77	4	1789717509654379520
2738	37	78	4	1789717509654379520
2739	37	79	4	1789717509654379520
2740	37	80	4	1789717509654379520
2741	37	81	4	1789717509654379520
2742	37	82	4	1789717509654379520
2743	37	83	4	1789717509654379520
2744	37	84	4	1789717509654379520
2745	37	85	4	1789717509654379520
2746	37	86	4	1789717509654378496
2747	37	87	4	1789717509654379520
2748	37	88	4	1789717509654379520
2749	37	89	4	1789717509654379520
2750	37	90	4	1789717509654379520
2751	37	91	4	1789717509654378496
2752	37	92	4	1789717509654379520
2753	37	93	4	1789717509654379520
2754	37	94	4	1789717509654379520
2755	37	95	4	1789717509654379520
2756	37	96	4	1789717509654378496
2757	37	97	4	1789717509654378496
2758	37	98	4	1789717509654378496
2759	37	99	4	1789717509654378496
2760	37	100	4	1789717509654378496
2761	37	101	4	1789717509654378496
2762	37	102	4	1789717509654378496
2763	37	103	4	1789717509654379520
2764	37	104	4	1789717509654378496
2765	37	105	4	1789717509654378496
2766	37	106	4	1789717509654378496
2767	37	107	4	1789717509654378496
2768	37	108	4	1789717509654378496
2769	37	109	4	1789717509654379520
2770	37	110	4	1789717509654378496
2771	37	111	4	1789717509654378496
2772	37	112	4	1789717509654378496
2773	37	113	4	1789717509654378496
2774	37	114	4	1789717509654378496
2775	37	115	4	1789717509654378496
2776	37	116	4	1789717509654378496
2777	37	117	4	1789717509654378496
2778	37	118	4	1789717509654378496
2779	37	119	4	1789717509654378496
2780	37	120	4	1789717509654378496
2781	37	121	4	1789717509654378496
2782	37	122	4	1789717509654378496
2783	37	123	4	1789717509654378496
2784	37	124	4	1789717509654378496
2785	37	125	4	1789717509654378496
2786	37	126	4	1789717509654378496
2787	37	127	4	1789717509654378496
2788	37	128	4	1789717509654384640
2789	37	129	4	1789717509654384640
2790	37	130	4	1789717509654384640
2791	37	131	4	1789717509654384640
2792	37	132	4	1789717509654385664
2793	37	133	4	1789717509654385664
2794	37	134	4	1789717509654385664
2795	37	135	4	1789717509654385664
2796	37	136	4	1789717509654385664
2797	37	137	4	1789717509654385664
2798	37	138	4	1789717509654385664
2799	37	139	4	1789717509654386688
2800	37	140	4	1789717509654386688
2801	37	141	4	1789717509654386688
2802	37	142	4	1789717509654386688
2803	37	143	4	1789717509654386688
2804	37	144	4	1789717509654386688
2805	37	145	4	1789717509654386688
2806	37	146	4	1789717509654386688
2807	37	147	4	1789717509654386688
2808	37	148	4	1789717509654386688
2809	37	149	4	1789717509654386688
2810	37	150	4	1789717509654386688
2811	37	151	4	1789717509654386688
2812	37	152	4	1789717509654386688
2813	37	153	4	1789717509654386688
2814	37	154	4	1789717509654386688
2815	37	155	4	1789717509654386688
2816	37	156	4	1789717509654386688
2817	37	157	4	1789717509654386688
2818	37	158	4	1789717509654386688
2819	37	159	4	1789717509654386688
2820	37	160	4	1789717509654387712
2821	37	161	4	1789717509654388736
2822	37	162	4	1789717509654387712
2823	37	163	4	1789717509654388736
2824	37	164	4	1789717509654387712
2825	37	165	4	1789717509654388736
2826	37	166	4	1789717509654386688
2827	37	167	4	1789717509654388736
2828	37	168	4	1789717509654387712
2829	37	169	4	1789717509654388736
2830	37	170	4	1789717509654389760
2831	37	171	4	1789717509654388736
2832	37	172	4	1789717509654388736
2833	37	173	4	1789717509654386688
2834	37	174	4	1789717509654386688
2835	37	175	4	1789717509654387712
2836	37	176	4	1789717509654387712
2837	37	177	4	1789717509654387712
2838	37	178	4	1789717509654387712
2839	37	179	4	1789717509654387712
2840	37	180	4	1789717509654387712
2841	37	181	4	1789717509654387712
2842	37	182	4	1789717509654388736
2843	37	183	4	1789717509654387712
2844	37	184	4	1789717509654387712
2845	37	185	4	1789717509654388736
2846	37	186	4	1789717509654387712
2847	37	187	4	1789717509654387712
2848	37	188	4	1789717509654387712
2849	37	189	4	1789717509654386688
2850	37	190	4	1789717509654387712
2851	37	191	4	1789717509654386688
2852	37	192	4	1789717509654386688
2853	37	193	4	1789717509654386688
2854	37	194	4	1789717509654385664
2855	37	195	4	1789717509654385664
2856	37	196	4	1789717509654386688
2857	37	197	4	1789717509654386688
2858	37	198	4	1789717509654386688
2859	37	199	4	1789717509654386688
2860	37	200	4	1789717509654386688
2861	37	201	4	1789717509654386688
2862	37	202	4	1789717509654386688
2863	37	203	4	1789717509654386688
2864	37	204	4	1789717509654386688
2865	37	205	4	1789717509654386688
2866	37	206	4	1789717509654386688
2867	37	207	4	1789717509654385664
2868	37	208	4	1789717509654385664
2869	37	209	4	1789717509654386688
2870	37	210	4	1789717509654385664
2871	37	211	4	1789717509654385664
2872	37	212	4	1789717509654385664
2873	37	213	4	1789717509654386688
2874	37	214	4	1789717509654385664
2875	37	215	4	1789717509654386688
2876	37	216	4	1789717509654386688
2877	37	217	4	1789717509654386688
2878	37	218	4	1789717509654386688
2879	37	219	4	1789717509654385664
2880	37	220	4	1789717509654386688
2881	37	221	4	1789717509654386688
2882	37	222	4	1789717509654386688
2883	37	223	4	1789717509654386688
2884	37	224	4	1789717509654385664
2885	37	225	4	1789717509654385664
2886	37	226	4	1789717509654385664
2887	37	227	4	1789717509654384640
2888	37	228	4	1789717509654385664
2889	37	229	4	1789717509654385664
2890	37	230	4	1789717509654385664
2891	37	231	4	1789717509654385664
2892	37	232	4	1789717509654385664
2893	37	233	4	1789717509654385664
2894	37	234	4	1789717509654384640
2895	37	235	4	1789717509654385664
2896	37	236	4	1789717509654385664
2897	37	237	4	1789717509654385664
2898	37	238	4	1789717509654385664
2899	37	239	4	1789717509654385664
2900	37	240	4	1789717509654385664
2901	37	241	4	1789717509654385664
2902	37	242	4	1789717509654385664
2903	37	243	4	1789717509654385664
2904	37	244	4	1789717509654385664
2905	37	245	4	1789717509654384640
2906	37	246	4	1789717509654385664
2907	37	247	4	1789717509654385664
2908	37	248	4	1789717509654385664
2909	37	249	4	1789717509654385664
2910	37	250	4	1789717509654385664
2911	37	251	4	1789717509654385664
2912	37	252	4	1789717509654385664
2913	37	253	4	1789717509654385664
2914	37	254	4	1789717509654385664
2915	37	255	4	1789717509654385664
2916	38	0	4	1789717509654390784
2917	38	1	4	1789717509654389760
2918	38	2	4	1789717509654389760
2919	38	3	4	1789717509654389760
2920	38	4	4	1789717509654390784
2921	38	5	4	1789717509654391808
2922	38	6	4	1789717509654390784
2923	38	7	4	1789717509654390784
2924	38	8	4	1789717509654390784
2925	38	9	4	1789717509654389760
2926	38	10	4	1789717509654393856
2927	38	11	4	1789717509654393856
2928	38	12	4	1789717509654394880
2929	38	13	4	1789717509654394880
2930	38	14	4	1789717509654393856
2931	38	15	4	1789717509654393856
2932	38	16	4	1789717509654394880
2933	38	17	4	1789717509654394880
2934	38	18	4	1789717509654394880
2935	38	19	4	1789717509654393856
2936	38	20	4	1789717509654394880
2937	38	21	4	1789717509654393856
2938	38	22	4	1789717509654394880
2939	38	23	4	1789717509654394880
2940	38	24	4	1789717509654394880
2941	38	25	4	1789717509654394880
2942	38	26	4	1789717509654393856
2943	38	27	4	1789717509654391808
2944	38	28	4	1789717509654391808
2945	38	29	4	1789717509654391808
2946	38	30	4	1789717509654390784
2947	38	31	4	1789717509654392832
2948	38	32	4	1789717509654396928
2949	38	33	4	1789717509654396928
2950	38	34	4	1789717509654394880
2951	38	35	4	1789717509654396928
2952	38	36	4	1789717509654395904
2953	38	37	4	1789717509654396928
2954	38	38	4	1789717509654395904
2955	38	39	4	1789717509654395904
2956	38	40	4	1789717509654396928
2957	38	41	4	1789717509654397952
2958	38	42	4	1789717509654396928
2959	38	43	4	1789717509654395904
2960	38	44	4	1789717509654395904
2961	38	45	4	1789717509654394880
2962	38	46	4	1789717509654394880
2963	38	47	4	1789717509654393856
2964	38	48	4	1789717509654395904
2965	38	49	4	1789717509654395904
2966	38	50	4	1789717509654394880
2967	38	51	4	1789717509654395904
2968	38	52	4	1789717509654394880
2969	38	53	4	1789717509654393856
2970	38	54	4	1789717509654394880
2971	38	55	4	1789717509654394880
2972	38	56	4	1789717509654394880
2973	38	57	4	1789717509654395904
2974	38	58	4	1789717509654394880
2975	38	59	4	1789717509654392832
2976	38	60	4	1789717509654391808
2977	38	61	4	1789717509654391808
2978	38	62	4	1789717509654391808
2979	38	63	4	1789717509654392832
2980	39	0	4	1789717509654393856
2981	39	1	4	1789717509654394880
2982	39	2	4	1789717509654392832
2983	39	3	4	1789717509654392832
2984	39	4	4	1789717509654392832
2985	39	5	4	1789717509654392832
2986	39	6	4	1789717509654393856
2987	39	7	4	1789717509654392832
2988	39	8	4	1789717509654392832
2989	39	9	4	1789717509654392832
2990	39	10	4	1789717509654392832
2991	39	11	4	1789717509654392832
2992	39	12	4	1789717509654393856
2993	39	13	4	1789717509654394880
2994	39	14	4	1789717509654392832
2995	39	15	4	1789717509654393856
2996	39	16	4	1789717509654392832
2997	39	17	4	1789717509654392832
2998	39	18	4	1789717509654391808
2999	39	19	4	1789717509654391808
3000	39	20	4	1789717509654392832
3001	39	21	4	1789717509654392832
3002	39	22	4	1789717509654391808
3003	39	23	4	1789717509654393856
3004	39	24	4	1789717509654392832
3005	39	25	4	1789717509654392832
3006	39	26	4	1789717509654392832
3007	39	27	4	1789717509654391808
3008	39	28	4	1789717509654392832
3009	39	29	4	1789717509654392832
3010	39	30	4	1789717509654392832
3011	39	31	4	1789717509654392832
3012	39	32	4	1789717509654391808
3013	39	33	4	1789717509654391808
3014	39	34	4	1789717509654391808
3015	39	35	4	1789717509654390784
3016	39	36	4	1789717509654391808
3017	39	37	4	1789717509654390784
3018	39	38	4	1789717509654390784
3019	39	39	4	1789717509654390784
3020	39	40	4	1789717509654390784
3021	39	41	4	1789717509654390784
3022	39	42	4	1789717509654390784
3023	39	43	4	1789717509654391808
3024	39	44	4	1789717509654390784
3025	39	45	4	1789717509654391808
3026	39	46	4	1789717509654390784
3027	39	47	4	1789717509654390784
3028	39	48	4	1789717509654390784
3029	39	49	4	1789717509654390784
3030	39	50	4	1789717509654390784
3031	39	51	4	1789717509654390784
3032	39	52	4	1789717509654390784
3033	39	53	4	1789717509654389760
3034	39	54	4	1789717509654390784
3035	39	55	4	1789717509654390784
3036	39	56	4	1789717509654390784
3037	39	57	4	1789717509654390784
3038	39	58	4	1789717509654390784
3039	39	59	4	1789717509654391808
3040	39	60	4	1789717509654391808
3041	39	61	4	1789717509654390784
3042	39	62	4	1789717509654391808
3043	39	63	4	1789717509654390784
3044	39	64	4	1789717509654396928
3045	39	65	4	1789717509654395904
3046	39	66	4	1789717509654394880
3047	39	67	4	1789717509654395904
3048	39	68	4	1789717509654396928
3049	39	69	4	1789717509654396928
3050	39	70	4	1789717509654396928
3051	39	71	4	1789717509654396928
3052	39	72	4	1789717509654396928
3053	39	73	4	1789717509654395904
3054	39	74	4	1789717509654398976
3055	39	75	4	1789717509654400000
3056	39	76	4	1789717509654401024
3057	39	77	4	1789717509654400000
3058	39	78	4	1789717509654400000
3059	39	79	4	1789717509654400000
3060	39	80	4	1789717509654400000
3061	39	81	4	1789717509654401024
3062	39	82	4	1789717509654400000
3063	39	83	4	1789717509654398976
3064	39	84	4	1789717509654400000
3065	39	85	4	1789717509654398976
3066	39	86	4	1789717509654400000
3067	39	87	4	1789717509654400000
3068	39	88	4	1789717509654400000
3069	39	89	4	1789717509654400000
3070	39	90	4	1789717509654398976
3071	39	91	4	1789717509654400000
3072	39	92	4	1789717509654400000
3073	39	93	4	1789717509654398976
3074	39	94	4	1789717509654398976
3075	39	95	4	1789717509654400000
3076	39	96	4	1789717509654402048
3077	39	97	4	1789717509654402048
3078	39	98	4	1789717509654401024
3079	39	99	4	1789717509654402048
3080	39	100	4	1789717509654401024
3081	39	101	4	1789717509654402048
3082	39	102	4	1789717509654401024
3083	39	103	4	1789717509654400000
3084	39	104	4	1789717509654402048
3085	39	105	4	1789717509654403072
3086	39	106	4	1789717509654401024
3087	39	107	4	1789717509654401024
3088	39	108	4	1789717509654401024
3089	39	109	4	1789717509654400000
3090	39	110	4	1789717509654400000
3091	39	111	4	1789717509654400000
3092	39	112	4	1789717509654401024
3093	39	113	4	1789717509654401024
3094	39	114	4	1789717509654400000
3095	39	115	4	1789717509654401024
3096	39	116	4	1789717509654400000
3097	39	117	4	1789717509654398976
3098	39	118	4	1789717509654401024
3099	39	119	4	1789717509654400000
3100	39	120	4	1789717509654400000
3101	39	121	4	1789717509654401024
3102	39	122	4	1789717509654400000
3103	39	123	4	1789717509654401024
3104	39	124	4	1789717509654400000
3105	39	125	4	1789717509654400000
3106	39	126	4	1789717509654400000
3107	39	127	4	1789717509654401024
3108	39	128	4	1789717509654400000
3109	39	129	4	1789717509654400000
3110	39	130	4	1789717509654398976
3111	39	131	4	1789717509654397952
3112	39	132	4	1789717509654400000
3113	39	133	4	1789717509654398976
3114	39	134	4	1789717509654400000
3115	39	135	4	1789717509654398976
3116	39	136	4	1789717509654400000
3117	39	137	4	1789717509654400000
3118	39	138	4	1789717509654398976
3119	39	139	4	1789717509654398976
3120	39	140	4	1789717509654400000
3121	39	141	4	1789717509654400000
3122	39	142	4	1789717509654398976
3123	39	143	4	1789717509654398976
3124	39	144	4	1789717509654397952
3125	39	145	4	1789717509654398976
3126	39	146	4	1789717509654397952
3127	39	147	4	1789717509654397952
3128	39	148	4	1789717509654397952
3129	39	149	4	1789717509654398976
3130	39	150	4	1789717509654397952
3131	39	151	4	1789717509654398976
3132	39	152	4	1789717509654398976
3133	39	153	4	1789717509654400000
3134	39	154	4	1789717509654398976
3135	39	155	4	1789717509654397952
3136	39	156	4	1789717509654398976
3137	39	157	4	1789717509654400000
3138	39	158	4	1789717509654398976
3139	39	159	4	1789717509654398976
3140	39	160	4	1789717509654397952
3141	39	161	4	1789717509654396928
3142	39	162	4	1789717509654397952
3143	39	163	4	1789717509654396928
3144	39	164	4	1789717509654396928
3145	39	165	4	1789717509654395904
3146	39	166	4	1789717509654395904
3147	39	167	4	1789717509654396928
3148	39	168	4	1789717509654395904
3149	39	169	4	1789717509654396928
3150	39	170	4	1789717509654395904
3151	39	171	4	1789717509654396928
3152	39	172	4	1789717509654395904
3153	39	173	4	1789717509654396928
3154	39	174	4	1789717509654396928
3155	39	175	4	1789717509654396928
3156	39	176	4	1789717509654396928
3157	39	177	4	1789717509654396928
3158	39	178	4	1789717509654395904
3159	39	179	4	1789717509654396928
3160	39	180	4	1789717509654395904
3161	39	181	4	1789717509654394880
3162	39	182	4	1789717509654395904
3163	39	183	4	1789717509654395904
3164	39	184	4	1789717509654395904
3165	39	185	4	1789717509654395904
3166	39	186	4	1789717509654395904
3167	39	187	4	1789717509654396928
3168	39	188	4	1789717509654396928
3169	39	189	4	1789717509654396928
3170	39	190	4	1789717509654397952
3171	39	191	4	1789717509654396928
3172	39	192	4	1789717509654403072
3173	39	193	4	1789717509654402048
3174	39	194	4	1789717509654401024
3175	39	195	4	1789717509654402048
3176	39	196	4	1789717509654403072
3177	39	197	4	1789717509654404096
3178	39	198	4	1789717509654403072
3179	39	199	4	1789717509654403072
3180	39	200	4	1789717509654403072
3181	39	201	4	1789717509654402048
3182	39	202	4	1789717509654405120
3183	39	203	4	1789717509654405120
3184	39	204	4	1789717509654406144
3185	39	205	4	1789717509654405120
3186	39	206	4	1789717509654405120
3187	39	207	4	1789717509654405120
3188	39	208	4	1789717509654406144
3189	39	209	4	1789717509654406144
3190	39	210	4	1789717509654406144
3191	39	211	4	1789717509654404096
3192	39	212	4	1789717509654405120
3193	39	213	4	1789717509654404096
3194	39	214	4	1789717509654405120
3195	39	215	4	1789717509654404096
3196	39	216	4	1789717509654406144
3197	39	217	4	1789717509654405120
3198	39	218	4	1789717509654404096
3199	39	219	4	1789717509654405120
3200	39	220	4	1789717509654405120
3201	39	221	4	1789717509654404096
3202	39	222	4	1789717509654404096
3203	39	223	4	1789717509654405120
3204	39	224	4	1789717509654406144
3205	39	225	4	1789717509654407168
3206	39	226	4	1789717509654405120
3207	39	227	4	1789717509654406144
3208	39	228	4	1789717509654406144
3209	39	229	4	1789717509654406144
3210	39	230	4	1789717509654405120
3211	39	231	4	1789717509654405120
3212	39	232	4	1789717509654407168
3213	39	233	4	1789717509654407168
3214	39	234	4	1789717509654406144
3215	39	235	4	1789717509654406144
3216	39	236	4	1789717509654406144
3217	39	237	4	1789717509654405120
3218	39	238	4	1789717509654405120
3219	39	239	4	1789717509654405120
3220	39	240	4	1789717509654406144
3221	39	241	4	1789717509654406144
3222	39	242	4	1789717509654406144
3223	39	243	4	1789717509654406144
3224	39	244	4	1789717509654405120
3225	39	245	4	1789717509654404096
3226	39	246	4	1789717509654405120
3227	39	247	4	1789717509654405120
3228	39	248	4	1789717509654406144
3229	39	249	4	1789717509654406144
3230	39	250	4	1789717509654405120
3231	39	251	4	1789717509654406144
3232	39	252	4	1789717509654405120
3233	39	253	4	1789717509654406144
3234	39	254	4	1789717509654406144
3235	39	255	4	1789717509654406144
3236	40	0	4	1789717509654405120
3237	40	1	4	1789717509654406144
3238	40	2	4	1789717509654404096
3239	40	3	4	1789717509654403072
3240	40	4	4	1789717509654406144
3241	40	5	4	1789717509654405120
3242	40	6	4	1789717509654405120
3243	40	7	4	1789717509654404096
3244	40	8	4	1789717509654404096
3245	40	9	4	1789717509654406144
3246	40	10	4	1789717509654405120
3247	40	11	4	1789717509654404096
3248	40	12	4	1789717509654405120
3249	40	13	4	1789717509654405120
3250	40	14	4	1789717509654404096
3251	40	15	4	1789717509654404096
3252	40	16	4	1789717509654403072
3253	40	17	4	1789717509654404096
3254	40	18	4	1789717509654404096
3255	40	19	4	1789717509654405120
3256	40	20	4	1789717509654405120
3257	40	21	4	1789717509654404096
3258	40	22	4	1789717509654404096
3259	40	23	4	1789717509654404096
3260	40	24	4	1789717509654406144
3261	40	25	4	1789717509654406144
3262	40	26	4	1789717509654407168
3263	40	27	4	1789717509654405120
3264	40	28	4	1789717509654406144
3265	40	29	4	1789717509654405120
3266	40	30	4	1789717509654406144
3267	40	31	4	1789717509654405120
3268	40	32	4	1789717509654405120
3269	40	33	4	1789717509654404096
3270	40	34	4	1789717509654404096
3271	40	35	4	1789717509654405120
3272	40	36	4	1789717509654403072
3273	40	37	4	1789717509654404096
3274	40	38	4	1789717509654404096
3275	40	39	4	1789717509654404096
3276	40	40	4	1789717509654403072
3277	40	41	4	1789717509654402048
3278	40	42	4	1789717509654402048
3279	40	43	4	1789717509654402048
3280	40	44	4	1789717509654401024
3281	40	45	4	1789717509654403072
3282	40	46	4	1789717509654403072
3283	40	47	4	1789717509654402048
3284	40	48	4	1789717509654407168
3285	40	49	4	1789717509654408192
3286	40	50	4	1789717509654409216
3287	40	51	4	1789717509654409216
3288	40	52	4	1789717509654410240
3289	40	53	4	1789717509654408192
3290	40	54	4	1789717509654409216
3291	40	55	4	1789717509654409216
3292	40	56	4	1789717509654410240
3293	40	57	4	1789717509654410240
3294	40	58	4	1789717509654412288
3295	40	59	4	1789717509654410240
3296	40	60	4	1789717509654410240
3297	40	61	4	1789717509654409216
3298	40	62	4	1789717509654410240
3299	40	63	4	1789717509654410240
3300	41	0	4	1789717509654410240
3301	41	1	4	1789717509654410240
3302	41	2	4	1789717509654410240
3303	41	3	4	1789717509654410240
3304	41	4	4	1789717509654410240
3305	41	5	4	1789717509654410240
3306	41	6	4	1789717509654410240
3307	41	7	4	1789717509654410240
3308	41	8	4	1789717509654412288
3309	41	9	4	1789717509654411264
3310	41	10	4	1789717509654412288
3311	41	11	4	1789717509654412288
3312	41	12	4	1789717509654412288
3313	41	13	4	1789717509654412288
3314	41	14	4	1789717509654412288
3315	41	15	4	1789717509654412288
3316	41	16	4	1789717509654411264
3317	41	17	4	1789717509654411264
3318	41	18	4	1789717509654411264
3319	41	19	4	1789717509654409216
3320	41	20	4	1789717509654410240
3321	41	21	4	1789717509654409216
3322	41	22	4	1789717509654410240
3323	41	23	4	1789717509654409216
3324	41	24	4	1789717509654419456
3325	41	25	4	1789717509654419456
3326	41	26	4	1789717509654419456
3327	41	27	4	1789717509654417408
3328	41	28	4	1789717509654417408
3329	41	29	4	1789717509654417408
3330	41	30	4	1789717509654417408
3331	41	31	4	1789717509654417408
3332	42	0	4	1789717509654421504
3333	42	1	4	1789717509654421504
3334	42	2	4	1789717509654420480
3335	42	3	4	1789717509654421504
3336	42	4	4	1789717509654421504
3337	42	5	4	1789717509654420480
3338	42	6	4	1789717509654421504
3339	42	7	4	1789717509654421504
3340	42	8	4	1789717509654421504
3341	42	9	4	1789717509654421504
3342	42	10	4	1789717509654420480
3343	42	11	4	1789717509654419456
3344	42	12	4	1789717509654419456
3345	42	13	4	1789717509654419456
3346	42	14	4	1789717509654419456
3347	42	15	4	1789717509654419456
3348	42	16	4	1789717509654419456
3349	42	17	4	1789717509654419456
3350	42	18	4	1789717509654419456
3351	42	19	4	1789717509654419456
3352	42	20	4	1789717509654419456
3353	42	21	4	1789717509654419456
3354	42	22	4	1789717509654419456
3355	42	23	4	1789717509654419456
3356	42	24	4	1789717509654419456
3357	42	25	4	1789717509654419456
3358	42	26	4	1789717509654419456
3359	42	27	4	1789717509654416384
3360	42	28	4	1789717509654416384
3361	42	29	4	1789717509654416384
3362	42	30	4	1789717509654416384
3363	42	31	4	1789717509654416384
3364	42	32	4	1789717509654422528
3365	42	33	4	1789717509654422528
3366	42	34	4	1789717509654421504
3367	42	35	4	1789717509654422528
3368	42	36	4	1789717509654422528
3369	42	37	4	1789717509654422528
3370	42	38	4	1789717509654421504
3371	42	39	4	1789717509654421504
3372	42	40	4	1789717509654422528
3373	42	41	4	1789717509654422528
3374	42	42	4	1789717509654422528
3375	42	43	4	1789717509654421504
3376	42	44	4	1789717509654421504
3377	42	45	4	1789717509654422528
3378	42	46	4	1789717509654422528
3379	42	47	4	1789717509654421504
3380	42	48	4	1789717509654421504
3381	42	49	4	1789717509654422528
3382	42	50	4	1789717509654421504
3383	42	51	4	1789717509654421504
3384	42	52	4	1789717509654421504
3385	42	53	4	1789717509654421504
3386	42	54	4	1789717509654421504
3387	42	55	4	1789717509654421504
3388	42	56	4	1789717509654421504
3389	42	57	4	1789717509654422528
3390	42	58	4	1789717509654422528
3391	42	59	4	1789717509654421504
3392	42	60	4	1789717509654421504
3393	42	61	4	1789717509654422528
3394	42	62	4	1789717509654421504
3395	42	63	4	1789717509654421504
3396	42	64	4	1789717509654421504
3397	42	65	4	1789717509654419456
3398	42	66	4	1789717509654419456
3399	42	67	4	1789717509654419456
3400	42	68	4	1789717509654419456
3401	42	69	4	1789717509654419456
3402	42	70	4	1789717509654419456
3403	42	71	4	1789717509654419456
3404	42	72	4	1789717509654419456
3405	42	73	4	1789717509654419456
3406	42	74	4	1789717509654419456
3407	42	75	4	1789717509654420480
3408	42	76	4	1789717509654419456
3409	42	77	4	1789717509654420480
3410	42	78	4	1789717509654419456
3411	42	79	4	1789717509654419456
3412	42	80	4	1789717509654419456
3413	42	81	4	1789717509654419456
3414	42	82	4	1789717509654419456
3415	42	83	4	1789717509654419456
3416	42	84	4	1789717509654419456
3417	42	85	4	1789717509654419456
3418	42	86	4	1789717509654419456
3419	42	87	4	1789717509654419456
3420	42	88	4	1789717509654419456
3421	42	89	4	1789717509654419456
3422	42	90	4	1789717509654419456
3423	42	91	4	1789717509654419456
3424	42	92	4	1789717509654419456
3425	42	93	4	1789717509654420480
3426	42	94	4	1789717509654419456
3427	42	95	4	1789717509654419456
3428	42	96	4	1789717509654427648
3429	42	97	4	1789717509654427648
3430	42	98	4	1789717509654427648
3431	42	99	4	1789717509654427648
3432	42	100	4	1789717509654427648
3433	42	101	4	1789717509654427648
3434	42	102	4	1789717509654427648
3435	42	103	4	1789717509654427648
3436	42	104	4	1789717509654427648
3437	42	105	4	1789717509654427648
3438	42	106	4	1789717509654427648
3439	42	107	4	1789717509654425600
3440	42	108	4	1789717509654425600
3441	42	109	4	1789717509654424576
3442	42	110	4	1789717509654424576
3443	42	111	4	1789717509654424576
3444	42	112	4	1789717509654425600
3445	42	113	4	1789717509654425600
3446	42	114	4	1789717509654425600
3447	42	115	4	1789717509654424576
3448	42	116	4	1789717509654424576
3449	42	117	4	1789717509654425600
3450	42	118	4	1789717509654424576
3451	42	119	4	1789717509654424576
3452	42	120	4	1789717509654425600
3453	42	121	4	1789717509654425600
3454	42	122	4	1789717509654428672
3455	42	123	4	1789717509654428672
3456	42	124	4	1789717509654428672
3457	42	125	4	1789717509654428672
3458	42	126	4	1789717509654428672
3459	42	127	4	1789717509654428672
3460	43	0	4	1789717509654426624
3461	43	1	4	1789717509654426624
3462	43	2	4	1789717509654425600
3463	43	3	4	1789717509654426624
3464	43	4	4	1789717509654425600
3465	43	5	4	1789717509654425600
3466	43	6	4	1789717509654425600
3467	43	7	4	1789717509654426624
3468	43	8	4	1789717509654426624
3469	43	9	4	1789717509654426624
3470	43	10	4	1789717509654426624
3471	43	11	4	1789717509654426624
3472	43	12	4	1789717509654427648
3473	43	13	4	1789717509654426624
3474	43	14	4	1789717509654426624
3475	43	15	4	1789717509654426624
3476	43	16	4	1789717509654426624
3477	43	17	4	1789717509654425600
3478	43	18	4	1789717509654425600
3479	43	19	4	1789717509654424576
3480	43	20	4	1789717509654424576
3481	43	21	4	1789717509654425600
3482	43	22	4	1789717509654424576
3483	43	23	4	1789717509654425600
3484	43	24	4	1789717509654431744
3485	43	25	4	1789717509654434816
3486	43	26	4	1789717509654433792
3487	43	27	4	1789717509654430720
3488	43	28	4	1789717509654430720
3489	43	29	4	1789717509654430720
3490	43	30	4	1789717509654434816
3491	43	31	4	1789717509654435840
3492	44	0	4	1789717509654430720
3493	44	1	4	1789717509654430720
3494	44	2	4	1789717509654430720
3495	44	3	4	1789717509654430720
3496	44	4	4	1789717509654430720
3497	44	5	4	1789717509654430720
3498	44	6	4	1789717509654430720
3499	44	7	4	1789717509654429696
3500	44	8	4	1789717509654430720
3501	44	9	4	1789717509654430720
3502	44	10	4	1789717509654430720
3503	44	11	4	1789717509654430720
3504	44	12	4	1789717509654430720
3505	44	13	4	1789717509654430720
3506	44	14	4	1789717509654430720
3507	44	15	4	1789717509654430720
3508	44	16	4	1789717509654429696
3509	44	17	4	1789717509654429696
3510	44	18	4	1789717509654429696
3511	44	19	4	1789717509654429696
3512	44	20	4	1789717509654429696
3513	44	21	4	1789717509654429696
3514	44	22	4	1789717509654429696
3515	44	23	4	1789717509654429696
3516	44	24	4	1789717509654439936
3517	44	25	4	1789717509654439936
3518	44	26	4	1789717509654439936
3519	44	27	4	1789717509654439936
3520	44	28	4	1789717509654439936
3521	44	29	4	1789717509654439936
3522	44	30	4	1789717509654439936
3523	44	31	4	1789717509654439936
3524	45	0	4	1789717509654443008
3525	45	1	4	1789717509654443008
3526	45	2	4	1789717509654443008
3527	45	3	4	1789717509654443008
3528	45	4	4	1789717509654443008
3529	45	5	4	1789717509654444032
3530	45	6	4	1789717509654444032
3531	45	7	4	1789717509654444032
3532	45	8	4	1789717509654444032
3533	45	9	4	1789717509654444032
3534	45	10	4	1789717509654443008
3535	45	11	4	1789717509654443008
3536	45	12	4	1789717509654443008
3537	45	13	4	1789717509654443008
3538	45	14	4	1789717509654443008
3539	45	15	4	1789717509654443008
3540	45	16	4	1789717509654443008
3541	45	17	4	1789717509654443008
3542	45	18	4	1789717509654443008
3543	45	19	4	1789717509654443008
3544	45	20	4	1789717509654443008
3545	45	21	4	1789717509654443008
3546	45	22	4	1789717509654443008
3547	45	23	4	1789717509654443008
3548	45	24	4	1789717509654443008
3549	45	25	4	1789717509654443008
3550	45	26	4	1789717509654444032
3551	45	27	4	1789717509654445056
3552	45	28	4	1789717509654445056
3553	45	29	4	1789717509654445056
3554	45	30	4	1789717509654445056
3555	45	31	4	1789717509654444032
3556	45	32	4	1789717509654438912
3557	45	33	4	1789717509654439936
3558	45	34	4	1789717509654438912
3559	45	35	4	1789717509654438912
3560	45	36	4	1789717509654438912
3561	45	37	4	1789717509654438912
3562	45	38	4	1789717509654438912
3563	45	39	4	1789717509654438912
3564	45	40	4	1789717509654438912
3565	45	41	4	1789717509654438912
3566	45	42	4	1789717509654443008
3567	45	43	4	1789717509654443008
3568	45	44	4	1789717509654443008
3569	45	45	4	1789717509654443008
3570	45	46	4	1789717509654443008
3571	45	47	4	1789717509654443008
3572	45	48	4	1789717509654443008
3573	45	49	4	1789717509654443008
3574	45	50	4	1789717509654443008
3575	45	51	4	1789717509654443008
3576	45	52	4	1789717509654443008
3577	45	53	4	1789717509654443008
3578	45	54	4	1789717509654443008
3579	45	55	4	1789717509654443008
3580	45	56	4	1789717509654444032
3581	45	57	4	1789717509654445056
3582	45	58	4	1789717509654445056
3583	45	59	4	1789717509654446080
3584	45	60	4	1789717509654446080
3585	45	61	4	1789717509654445056
3586	45	62	4	1789717509654447104
3587	45	63	4	1789717509654448128
3588	45	64	4	1789717509654454272
3589	45	65	4	1789717509654454272
3590	45	66	4	1789717509654453248
3591	45	67	4	1789717509654453248
3592	45	68	4	1789717509654453248
3593	45	69	4	1789717509654453248
3594	45	70	4	1789717509654453248
3595	45	71	4	1789717509654453248
3596	45	72	4	1789717509654453248
3597	45	73	4	1789717509654454272
3598	45	74	4	1789717509654453248
3599	45	75	4	1789717509654453248
3600	45	76	4	1789717509654454272
3601	45	77	4	1789717509654454272
3602	45	78	4	1789717509654453248
3603	45	79	4	1789717509654453248
3604	45	80	4	1789717509654453248
3605	45	81	4	1789717509654453248
3606	45	82	4	1789717509654453248
3607	45	83	4	1789717509654453248
3608	45	84	4	1789717509654453248
3609	45	85	4	1789717509654453248
3610	45	86	4	1789717509654453248
3611	45	87	4	1789717509654453248
3612	45	88	4	1789717509654453248
3613	45	89	4	1789717509654454272
3614	45	90	4	1789717509654454272
3615	45	91	4	1789717509654453248
3616	45	92	4	1789717509654454272
3617	45	93	4	1789717509654454272
3618	45	94	4	1789717509654453248
3619	45	95	4	1789717509654453248
3620	45	96	4	1789717509654449152
3621	45	97	4	1789717509654449152
3622	45	98	4	1789717509654449152
3623	45	99	4	1789717509654449152
3624	45	100	4	1789717509654449152
3625	45	101	4	1789717509654448128
3626	45	102	4	1789717509654449152
3627	45	103	4	1789717509654449152
3628	45	104	4	1789717509654448128
3629	45	105	4	1789717509654449152
3630	45	106	4	1789717509654449152
3631	45	107	4	1789717509654449152
3632	45	108	4	1789717509654449152
3633	45	109	4	1789717509654449152
3634	45	110	4	1789717509654449152
3635	45	111	4	1789717509654449152
3636	45	112	4	1789717509654449152
3637	45	113	4	1789717509654449152
3638	45	114	4	1789717509654449152
3639	45	115	4	1789717509654449152
3640	45	116	4	1789717509654449152
3641	45	117	4	1789717509654448128
3642	45	118	4	1789717509654450176
3643	45	119	4	1789717509654452224
3644	45	120	4	1789717509654456320
3645	45	121	4	1789717509654456320
3646	45	122	4	1789717509654456320
3647	45	123	4	1789717509654456320
3648	45	124	4	1789717509654457344
3649	45	125	4	1789717509654457344
3650	45	126	4	1789717509654458368
3651	45	127	4	1789717509654458368
3652	46	4294967295	128	1789717509654462464
3653	47	0	4	1789717509654436864
3654	47	1	4	1789717509654436864
3655	47	2	4	1789717509654436864
3656	47	3	4	1789717509654437888
3657	47	4	4	1789717509654437888
3658	47	5	4	1789717509654436864
3659	47	6	4	1789717509654436864
3660	47	7	4	1789717509654437888
3661	47	8	4	1789717509654436864
3662	47	9	4	1789717509654437888
3663	47	10	4	1789717509654436864
3664	47	11	4	1789717509654436864
3665	47	12	4	1789717509654436864
3666	47	13	4	1789717509654437888
3667	47	14	4	1789717509654437888
3668	47	15	4	1789717509654436864
3669	47	16	4	1789717509654436864
3670	47	17	4	1789717509654436864
3671	47	18	4	1789717509654436864
3672	47	19	4	1789717509654437888
3673	47	20	4	1789717509654437888
3674	47	21	4	1789717509654436864
3675	47	22	4	1789717509654436864
3676	47	23	4	1789717509654437888
3677	47	24	4	1789717509654436864
3678	47	25	4	1789717509654436864
3679	47	26	4	1789717509654436864
3680	47	27	4	1789717509654436864
3681	47	28	4	1789717509654436864
3682	47	29	4	1789717509654436864
3683	47	30	4	1789717509654436864
3684	47	31	4	1789717509654436864
3685	47	32	4	1789717509654436864
3686	47	33	4	1789717509654436864
3687	47	34	4	1789717509654436864
3688	47	35	4	1789717509654436864
3689	47	36	4	1789717509654436864
3690	47	37	4	1789717509654437888
3691	47	38	4	1789717509654437888
3692	47	39	4	1789717509654437888
3693	47	40	4	1789717509654437888
3694	47	41	4	1789717509654437888
3695	47	42	4	1789717509654437888
3696	47	43	4	1789717509654437888
3697	47	44	4	1789717509654437888
3698	47	45	4	1789717509654437888
3699	47	46	4	1789717509654437888
3700	47	47	4	1789717509654437888
3701	47	48	4	1789717509654437888
3702	47	49	4	1789717509654437888
3703	47	50	4	1789717509654437888
3704	47	51	4	1789717509654437888
3705	47	52	4	1789717509654437888
3706	47	53	4	1789717509654437888
3707	47	54	4	1789717509654437888
3708	47	55	4	1789717509654437888
3709	47	56	4	1789717509654437888
3710	47	57	4	1789717509654437888
3711	47	58	4	1789717509654437888
3712	47	59	4	1789717509654437888
3713	47	60	4	1789717509654437888
3714	47	61	4	1789717509654437888
3715	47	62	4	1789717509654437888
3716	47	63	4	1789717509654437888
3717	47	64	4	1789717509654434816
3718	47	65	4	1789717509654434816
3719	47	66	4	1789717509654434816
3720	47	67	4	1789717509654434816
3721	47	68	4	1789717509654434816
3722	47	69	4	1789717509654434816
3723	47	70	4	1789717509654434816
3724	47	71	4	1789717509654434816
3725	47	72	4	1789717509654434816
3726	47	73	4	1789717509654434816
3727	47	74	4	1789717509654436864
3728	47	75	4	1789717509654437888
3729	47	76	4	1789717509654437888
3730	47	77	4	1789717509654436864
3731	47	78	4	1789717509654437888
3732	47	79	4	1789717509654437888
3733	47	80	4	1789717509654436864
3734	47	81	4	1789717509654437888
3735	47	82	4	1789717509654436864
3736	47	83	4	1789717509654436864
3737	47	84	4	1789717509654437888
3738	47	85	4	1789717509654437888
3739	47	86	4	1789717509654437888
3740	47	87	4	1789717509654437888
3741	47	88	4	1789717509654438912
3742	47	89	4	1789717509654439936
3743	47	90	4	1789717509654439936
3744	47	91	4	1789717509654438912
3745	47	92	4	1789717509654438912
3746	47	93	4	1789717509654438912
3747	47	94	4	1789717509654441984
3748	47	95	4	1789717509654443008
3749	47	96	4	1789717509654447104
3750	47	97	4	1789717509654448128
3751	47	98	4	1789717509654447104
3752	47	99	4	1789717509654447104
3753	47	100	4	1789717509654447104
3754	47	101	4	1789717509654447104
3755	47	102	4	1789717509654447104
3756	47	103	4	1789717509654447104
3757	47	104	4	1789717509654447104
3758	47	105	4	1789717509654447104
3759	47	106	4	1789717509654447104
3760	47	107	4	1789717509654447104
3761	47	108	4	1789717509654447104
3762	47	109	4	1789717509654447104
3763	47	110	4	1789717509654447104
3764	47	111	4	1789717509654447104
3765	47	112	4	1789717509654447104
3766	47	113	4	1789717509654447104
3767	47	114	4	1789717509654447104
3768	47	115	4	1789717509654447104
3769	47	116	4	1789717509654447104
3770	47	117	4	1789717509654447104
3771	47	118	4	1789717509654447104
3772	47	119	4	1789717509654447104
3773	47	120	4	1789717509654447104
3774	47	121	4	1789717509654448128
3775	47	122	4	1789717509654447104
3776	47	123	4	1789717509654447104
3777	47	124	4	1789717509654448128
3778	47	125	4	1789717509654448128
3779	47	126	4	1789717509654447104
3780	47	127	4	1789717509654447104
3781	48	4294967295	128	1789717509654452224
3782	49	0	4	1789717509654448128
3783	49	1	4	1789717509654447104
3784	49	2	4	1789717509654446080
3785	49	3	4	1789717509654447104
3786	49	4	4	1789717509654447104
3787	49	5	4	1789717509654447104
3788	49	6	4	1789717509654446080
3789	49	7	4	1789717509654446080
3790	49	8	4	1789717509654447104
3791	49	9	4	1789717509654447104
3792	49	10	4	1789717509654450176
3793	49	11	4	1789717509654450176
3794	49	12	4	1789717509654450176
3795	49	13	4	1789717509654450176
3796	49	14	4	1789717509654449152
3797	49	15	4	1789717509654449152
3798	49	16	4	1789717509654450176
3799	49	17	4	1789717509654450176
3800	49	18	4	1789717509654450176
3801	49	19	4	1789717509654450176
3802	49	20	4	1789717509654450176
3803	49	21	4	1789717509654449152
3804	49	22	4	1789717509654449152
3805	49	23	4	1789717509654447104
3806	49	24	4	1789717509654449152
3807	49	25	4	1789717509654449152
3808	49	26	4	1789717509654451200
3809	49	27	4	1789717509654450176
3810	49	28	4	1789717509654451200
3811	49	29	4	1789717509654450176
3812	49	30	4	1789717509654453248
3813	49	31	4	1789717509654454272
3814	49	32	4	1789717509654460416
3815	49	33	4	1789717509654460416
3816	49	34	4	1789717509654459392
3817	49	35	4	1789717509654459392
3818	49	36	4	1789717509654459392
3819	49	37	4	1789717509654459392
3820	49	38	4	1789717509654459392
3821	49	39	4	1789717509654459392
3822	49	40	4	1789717509654459392
3823	49	41	4	1789717509654460416
3824	49	42	4	1789717509654459392
3825	49	43	4	1789717509654459392
3826	49	44	4	1789717509654459392
3827	49	45	4	1789717509654460416
3828	49	46	4	1789717509654459392
3829	49	47	4	1789717509654459392
3830	49	48	4	1789717509654459392
3831	49	49	4	1789717509654459392
3832	49	50	4	1789717509654459392
3833	49	51	4	1789717509654458368
3834	49	52	4	1789717509654459392
3835	49	53	4	1789717509654459392
3836	49	54	4	1789717509654459392
3837	49	55	4	1789717509654459392
3838	49	56	4	1789717509654459392
3839	49	57	4	1789717509654460416
3840	49	58	4	1789717509654460416
3841	49	59	4	1789717509654459392
3842	49	60	4	1789717509654459392
3843	49	61	4	1789717509654460416
3844	49	62	4	1789717509654459392
3845	49	63	4	1789717509654459392
3846	49	64	4	1789717509654455296
3847	49	65	4	1789717509654455296
3848	49	66	4	1789717509654455296
3849	49	67	4	1789717509654455296
3850	49	68	4	1789717509654455296
3851	49	69	4	1789717509654454272
3852	49	70	4	1789717509654455296
3853	49	71	4	1789717509654454272
3854	49	72	4	1789717509654454272
3855	49	73	4	1789717509654454272
3856	49	74	4	1789717509654454272
3857	49	75	4	1789717509654454272
3858	49	76	4	1789717509654454272
3859	49	77	4	1789717509654454272
3860	49	78	4	1789717509654454272
3861	49	79	4	1789717509654454272
3862	49	80	4	1789717509654455296
3863	49	81	4	1789717509654454272
3864	49	82	4	1789717509654454272
3865	49	83	4	1789717509654454272
3866	49	84	4	1789717509654454272
3867	49	85	4	1789717509654453248
3868	49	86	4	1789717509654456320
3869	49	87	4	1789717509654456320
3870	49	88	4	1789717509654461440
3871	49	89	4	1789717509654461440
3872	49	90	4	1789717509654461440
3873	49	91	4	1789717509654462464
3874	49	92	4	1789717509654462464
3875	49	93	4	1789717509654462464
3876	49	94	4	1789717509654464512
3877	49	95	4	1789717509654463488
3878	49	96	4	1789717509654454272
3879	49	97	4	1789717509654454272
3880	49	98	4	1789717509654454272
3881	49	99	4	1789717509654453248
3882	49	100	4	1789717509654454272
3883	49	101	4	1789717509654454272
3884	49	102	4	1789717509654454272
3885	49	103	4	1789717509654455296
3886	49	104	4	1789717509654454272
3887	49	105	4	1789717509654454272
3888	49	106	4	1789717509654455296
3889	49	107	4	1789717509654456320
3890	49	108	4	1789717509654456320
3891	49	109	4	1789717509654455296
3892	49	110	4	1789717509654457344
3893	49	111	4	1789717509654458368
3894	49	112	4	1789717509654463488
3895	49	113	4	1789717509654462464
3896	49	114	4	1789717509654462464
3897	49	115	4	1789717509654462464
3898	49	116	4	1789717509654462464
3899	49	117	4	1789717509654462464
3900	49	118	4	1789717509654463488
3901	49	119	4	1789717509654465536
3902	49	120	4	1789717509654461440
3903	49	121	4	1789717509654462464
3904	49	122	4	1789717509654459392
3905	49	123	4	1789717509654459392
3906	49	124	4	1789717509654459392
3907	49	125	4	1789717509654461440
3908	49	126	4	1789717509654464512
3909	49	127	4	1789717509654466560
3910	50	4294967295	128	1789717509654470656
3911	51	0	4	1789717509654466560
3912	51	1	4	1789717509654467584
3913	51	2	4	1789717509654465536
3914	51	3	4	1789717509654464512
3915	51	4	4	1789717509654466560
3916	51	5	4	1789717509654465536
3917	51	6	4	1789717509654465536
3918	51	7	4	1789717509654465536
3919	51	8	4	1789717509654465536
3920	51	9	4	1789717509654465536
3921	51	10	4	1789717509654465536
3922	51	11	4	1789717509654464512
3923	51	12	4	1789717509654465536
3924	51	13	4	1789717509654466560
3925	51	14	4	1789717509654464512
3926	51	15	4	1789717509654464512
3927	51	16	4	1789717509654465536
3928	51	17	4	1789717509654465536
3929	51	18	4	1789717509654464512
3930	51	19	4	1789717509654464512
3931	51	20	4	1789717509654464512
3932	51	21	4	1789717509654464512
3933	51	22	4	1789717509654464512
3934	51	23	4	1789717509654465536
3935	51	24	4	1789717509654465536
3936	51	25	4	1789717509654466560
3937	51	26	4	1789717509654466560
3938	51	27	4	1789717509654464512
3939	51	28	4	1789717509654466560
3940	51	29	4	1789717509654466560
3941	51	30	4	1789717509654466560
3942	51	31	4	1789717509654464512
3943	51	32	4	1789717509654464512
3944	51	33	4	1789717509654464512
3945	51	34	4	1789717509654464512
3946	51	35	4	1789717509654464512
3947	51	36	4	1789717509654464512
3948	51	37	4	1789717509654464512
3949	51	38	4	1789717509654464512
3950	51	39	4	1789717509654464512
3951	51	40	4	1789717509654464512
3952	51	41	4	1789717509654464512
3953	51	42	4	1789717509654464512
3954	51	43	4	1789717509654464512
3955	51	44	4	1789717509654464512
3956	51	45	4	1789717509654465536
3957	51	46	4	1789717509654465536
3958	51	47	4	1789717509654464512
3959	51	48	4	1789717509654464512
3960	51	49	4	1789717509654464512
3961	51	50	4	1789717509654464512
3962	51	51	4	1789717509654464512
3963	51	52	4	1789717509654464512
3964	51	53	4	1789717509654464512
3965	51	54	4	1789717509654464512
3966	51	55	4	1789717509654464512
3967	51	56	4	1789717509654467584
3968	51	57	4	1789717509654467584
3969	51	58	4	1789717509654468608
3970	51	59	4	1789717509654468608
3971	51	60	4	1789717509654468608
3972	51	61	4	1789717509654468608
3973	51	62	4	1789717509654470656
3974	51	63	4	1789717509654469632
3975	51	64	4	1789717509654464512
3976	51	65	4	1789717509654464512
3977	51	66	4	1789717509654464512
3978	51	67	4	1789717509654464512
3979	51	68	4	1789717509654465536
3980	51	69	4	1789717509654464512
3981	51	70	4	1789717509654464512
3982	51	71	4	1789717509654464512
3983	51	72	4	1789717509654464512
3984	51	73	4	1789717509654465536
3985	51	74	4	1789717509654465536
3986	51	75	4	1789717509654464512
3987	51	76	4	1789717509654464512
3988	51	77	4	1789717509654464512
3989	51	78	4	1789717509654464512
3990	51	79	4	1789717509654464512
3991	51	80	4	1789717509654469632
3992	51	81	4	1789717509654468608
3993	51	82	4	1789717509654468608
3994	51	83	4	1789717509654468608
3995	51	84	4	1789717509654468608
3996	51	85	4	1789717509654467584
3997	51	86	4	1789717509654470656
3998	51	87	4	1789717509654471680
3999	51	88	4	1789717509654468608
4000	51	89	4	1789717509654468608
4001	51	90	4	1789717509654466560
4002	51	91	4	1789717509654465536
4003	51	92	4	1789717509654465536
4004	51	93	4	1789717509654467584
4005	51	94	4	1789717509654470656
4006	51	95	4	1789717509654472704
4007	51	96	4	1789717509654465536
4008	51	97	4	1789717509654464512
4009	51	98	4	1789717509654464512
4010	51	99	4	1789717509654464512
4011	51	100	4	1789717509654464512
4012	51	101	4	1789717509654464512
4013	51	102	4	1789717509654464512
4014	51	103	4	1789717509654465536
4015	51	104	4	1789717509654470656
4016	51	105	4	1789717509654470656
4017	51	106	4	1789717509654470656
4018	51	107	4	1789717509654470656
4019	51	108	4	1789717509654469632
4020	51	109	4	1789717509654468608
4021	51	110	4	1789717509654469632
4022	51	111	4	1789717509654469632
4023	51	112	4	1789717509654466560
4024	51	113	4	1789717509654466560
4025	51	114	4	1789717509654465536
4026	51	115	4	1789717509654465536
4027	51	116	4	1789717509654465536
4028	51	117	4	1789717509654467584
4029	51	118	4	1789717509654472704
4030	51	119	4	1789717509654474752
4031	51	120	4	1789717509654468608
4032	51	121	4	1789717509654470656
4033	51	122	4	1789717509654466560
4034	51	123	4	1789717509654467584
4035	51	124	4	1789717509654472704
4036	51	125	4	1789717509654475776
4037	51	126	4	1789717509654472704
4038	51	127	4	1789717509654476800
4039	52	0	4	1789717509654462464
4040	52	1	4	1789717509654464512
4041	52	2	4	1789717509654462464
4042	52	3	4	1789717509654462464
4043	52	4	4	1789717509654462464
4044	52	5	4	1789717509654462464
4045	52	6	4	1789717509654462464
4046	52	7	4	1789717509654462464
4047	52	8	4	1789717509654462464
4048	52	9	4	1789717509654462464
4049	52	10	4	1789717509654462464
4050	52	11	4	1789717509654461440
4051	52	12	4	1789717509654462464
4052	52	13	4	1789717509654463488
4053	52	14	4	1789717509654461440
4054	52	15	4	1789717509654461440
4055	52	16	4	1789717509654462464
4056	52	17	4	1789717509654462464
4057	52	18	4	1789717509654462464
4058	52	19	4	1789717509654461440
4059	52	20	4	1789717509654462464
4060	52	21	4	1789717509654462464
4061	52	22	4	1789717509654462464
4062	52	23	4	1789717509654462464
4063	52	24	4	1789717509654462464
4064	52	25	4	1789717509654463488
4065	52	26	4	1789717509654463488
4066	52	27	4	1789717509654461440
4067	52	28	4	1789717509654463488
4068	52	29	4	1789717509654463488
4069	52	30	4	1789717509654463488
4070	52	31	4	1789717509654461440
4071	52	32	4	1789717509654458368
4072	52	33	4	1789717509654458368
4073	52	34	4	1789717509654457344
4074	52	35	4	1789717509654458368
4075	52	36	4	1789717509654458368
4076	52	37	4	1789717509654457344
4077	52	38	4	1789717509654458368
4078	52	39	4	1789717509654457344
4079	52	40	4	1789717509654457344
4080	52	41	4	1789717509654458368
4081	52	42	4	1789717509654458368
4082	52	43	4	1789717509654458368
4083	52	44	4	1789717509654457344
4084	52	45	4	1789717509654458368
4085	52	46	4	1789717509654457344
4086	52	47	4	1789717509654457344
4087	52	48	4	1789717509654457344
4088	52	49	4	1789717509654457344
4089	52	50	4	1789717509654457344
4090	52	51	4	1789717509654457344
4091	52	52	4	1789717509654457344
4092	52	53	4	1789717509654456320
4093	52	54	4	1789717509654458368
4094	52	55	4	1789717509654459392
4095	52	56	4	1789717509654464512
4096	52	57	4	1789717509654464512
4097	52	58	4	1789717509654464512
4098	52	59	4	1789717509654465536
4099	52	60	4	1789717509654465536
4100	52	61	4	1789717509654465536
4101	52	62	4	1789717509654466560
4102	52	63	4	1789717509654466560
4103	52	64	4	1789717509654457344
4104	52	65	4	1789717509654458368
4105	52	66	4	1789717509654457344
4106	52	67	4	1789717509654456320
4107	52	68	4	1789717509654457344
4108	52	69	4	1789717509654458368
4109	52	70	4	1789717509654457344
4110	52	71	4	1789717509654458368
4111	52	72	4	1789717509654457344
4112	52	73	4	1789717509654457344
4113	52	74	4	1789717509654458368
4114	52	75	4	1789717509654459392
4115	52	76	4	1789717509654459392
4116	52	77	4	1789717509654458368
4117	52	78	4	1789717509654460416
4118	52	79	4	1789717509654460416
4119	52	80	4	1789717509654466560
4120	52	81	4	1789717509654466560
4121	52	82	4	1789717509654465536
4122	52	83	4	1789717509654465536
4123	52	84	4	1789717509654465536
4124	52	85	4	1789717509654465536
4125	52	86	4	1789717509654466560
4126	52	87	4	1789717509654468608
4127	52	88	4	1789717509654464512
4128	52	89	4	1789717509654465536
4129	52	90	4	1789717509654463488
4130	52	91	4	1789717509654462464
4131	52	92	4	1789717509654462464
4132	52	93	4	1789717509654464512
4133	52	94	4	1789717509654467584
4134	52	95	4	1789717509654469632
4135	52	96	4	1789717509654460416
4136	52	97	4	1789717509654460416
4137	52	98	4	1789717509654460416
4138	52	99	4	1789717509654460416
4139	52	100	4	1789717509654460416
4140	52	101	4	1789717509654461440
4141	52	102	4	1789717509654460416
4142	52	103	4	1789717509654462464
4143	52	104	4	1789717509654467584
4144	52	105	4	1789717509654467584
4145	52	106	4	1789717509654467584
4146	52	107	4	1789717509654467584
4147	52	108	4	1789717509654466560
4148	52	109	4	1789717509654465536
4149	52	110	4	1789717509654466560
4150	52	111	4	1789717509654466560
4151	52	112	4	1789717509654463488
4152	52	113	4	1789717509654463488
4153	52	114	4	1789717509654462464
4154	52	115	4	1789717509654462464
4155	52	116	4	1789717509654462464
4156	52	117	4	1789717509654464512
4157	52	118	4	1789717509654470656
4158	52	119	4	1789717509654471680
4159	52	120	4	1789717509654464512
4160	52	121	4	1789717509654466560
4161	52	122	4	1789717509654464512
4162	52	123	4	1789717509654464512
4163	52	124	4	1789717509654469632
4164	52	125	4	1789717509654472704
4165	52	126	4	1789717509654469632
4166	52	127	4	1789717509654473728
4167	53	4294967295	512	1789717509654481920
4168	54	4294967295	512	1789717509654478848
4169	55	4294967295	512	1789717509654514688
4170	56	0	4	1789717509654521856
4171	56	1	4	1789717509654521856
4172	56	2	4	1789717509654521856
4173	56	3	4	1789717509654520832
4174	56	4	4	1789717509654521856
4175	56	5	4	1789717509654521856
4176	56	6	4	1789717509654520832
4177	56	7	4	1789717509654520832
4178	56	8	4	1789717509654521856
4179	56	9	4	1789717509654521856
4180	56	10	4	1789717509654520832
4181	56	11	4	1789717509654521856
4182	56	12	4	1789717509654521856
4183	56	13	4	1789717509654521856
4184	56	14	4	1789717509654521856
4185	56	15	4	1789717509654520832
4186	56	16	4	1789717509654521856
4187	56	17	4	1789717509654521856
4188	56	18	4	1789717509654521856
4189	56	19	4	1789717509654521856
4190	56	20	4	1789717509654521856
4191	56	21	4	1789717509654520832
4192	56	22	4	1789717509654521856
4193	56	23	4	1789717509654521856
4194	56	24	4	1789717509654520832
4195	56	25	4	1789717509654521856
4196	56	26	4	1789717509654521856
4197	56	27	4	1789717509654521856
4198	56	28	4	1789717509654521856
4199	56	29	4	1789717509654521856
4200	56	30	4	1789717509654520832
4201	56	31	4	1789717509654521856
4202	56	32	4	1789717509654520832
4203	56	33	4	1789717509654520832
4204	56	34	4	1789717509654520832
4205	56	35	4	1789717509654520832
4206	56	36	4	1789717509654520832
4207	56	37	4	1789717509654520832
4208	56	38	4	1789717509654520832
4209	56	39	4	1789717509654520832
4210	56	40	4	1789717509654520832
4211	56	41	4	1789717509654520832
4212	56	42	4	1789717509654520832
4213	56	43	4	1789717509654520832
4214	56	44	4	1789717509654520832
4215	56	45	4	1789717509654520832
4216	56	46	4	1789717509654520832
4217	56	47	4	1789717509654520832
4218	56	48	4	1789717509654520832
4219	56	49	4	1789717509654520832
4220	56	50	4	1789717509654520832
4221	56	51	4	1789717509654520832
4222	56	52	4	1789717509654520832
4223	56	53	4	1789717509654520832
4224	56	54	4	1789717509654520832
4225	56	55	4	1789717509654520832
4226	56	56	4	1789717509654520832
4227	56	57	4	1789717509654520832
4228	56	58	4	1789717509654520832
4229	56	59	4	1789717509654520832
4230	56	60	4	1789717509654520832
4231	56	61	4	1789717509654520832
4232	56	62	4	1789717509654520832
4233	56	63	4	1789717509654521856
4234	56	64	4	1789717509654520832
4235	56	65	4	1789717509654520832
4236	56	66	4	1789717509654520832
4237	56	67	4	1789717509654520832
4238	56	68	4	1789717509654520832
4239	56	69	4	1789717509654520832
4240	56	70	4	1789717509654520832
4241	56	71	4	1789717509654520832
4242	56	72	4	1789717509654520832
4243	56	73	4	1789717509654520832
4244	56	74	4	1789717509654520832
4245	56	75	4	1789717509654521856
4246	56	76	4	1789717509654521856
4247	56	77	4	1789717509654521856
4248	56	78	4	1789717509654521856
4249	56	79	4	1789717509654521856
4250	56	80	4	1789717509654521856
4251	56	81	4	1789717509654521856
4252	56	82	4	1789717509654521856
4253	56	83	4	1789717509654521856
4254	56	84	4	1789717509654521856
4255	56	85	4	1789717509654521856
4256	56	86	4	1789717509654521856
4257	56	87	4	1789717509654521856
4258	56	88	4	1789717509654521856
4259	56	89	4	1789717509654521856
4260	56	90	4	1789717509654521856
4261	56	91	4	1789717509654521856
4262	56	92	4	1789717509654521856
4263	56	93	4	1789717509654521856
4264	56	94	4	1789717509654521856
4265	56	95	4	1789717509654521856
4266	56	96	4	1789717509654521856
4267	56	97	4	1789717509654521856
4268	56	98	4	1789717509654521856
4269	56	99	4	1789717509654521856
4270	56	100	4	1789717509654521856
4271	56	101	4	1789717509654521856
4272	56	102	4	1789717509654521856
4273	56	103	4	1789717509654521856
4274	56	104	4	1789717509654521856
4275	56	105	4	1789717509654521856
4276	56	106	4	1789717509654521856
4277	56	107	4	1789717509654521856
4278	56	108	4	1789717509654521856
4279	56	109	4	1789717509654521856
4280	56	110	4	1789717509654521856
4281	56	111	4	1789717509654521856
4282	56	112	4	1789717509654521856
4283	56	113	4	1789717509654521856
4284	56	114	4	1789717509654521856
4285	56	115	4	1789717509654521856
4286	56	116	4	1789717509654521856
4287	56	117	4	1789717509654521856
4288	56	118	4	1789717509654521856
4289	56	119	4	1789717509654521856
4290	56	120	4	1789717509654521856
4291	56	121	4	1789717509654521856
4292	56	122	4	1789717509654521856
4293	56	123	4	1789717509654521856
4294	56	124	4	1789717509654521856
4295	56	125	4	1789717509654521856
4296	56	126	4	1789717509654521856
4297	56	127	4	1789717509654521856
4298	57	0	4	1789717509654528000
4299	57	1	4	1789717509654528000
4300	57	2	4	1789717509654528000
4301	57	3	4	1789717509654526976
4302	57	4	4	1789717509654528000
4303	57	5	4	1789717509654528000
4304	57	6	4	1789717509654529024
4305	57	7	4	1789717509654526976
4306	57	8	4	1789717509654528000
4307	57	9	4	1789717509654526976
4308	57	10	4	1789717509654528000
4309	57	11	4	1789717509654528000
4310	57	12	4	1789717509654528000
4311	57	13	4	1789717509654528000
4312	57	14	4	1789717509654528000
4313	57	15	4	1789717509654525952
4314	57	16	4	1789717509654526976
4315	57	17	4	1789717509654529024
4316	57	18	4	1789717509654528000
4317	57	19	4	1789717509654528000
4318	57	20	4	1789717509654528000
4319	57	21	4	1789717509654528000
4320	57	22	4	1789717509654526976
4321	57	23	4	1789717509654526976
4322	57	24	4	1789717509654528000
4323	57	25	4	1789717509654528000
4324	57	26	4	1789717509654528000
4325	57	27	4	1789717509654526976
4326	57	28	4	1789717509654528000
4327	57	29	4	1789717509654528000
4328	57	30	4	1789717509654528000
4329	57	31	4	1789717509654528000
4330	58	0	4	1789717509654533120
4331	58	1	4	1789717509654533120
4332	58	2	4	1789717509654533120
4333	58	3	4	1789717509654533120
4334	58	4	4	1789717509654533120
4335	58	5	4	1789717509654533120
4336	58	6	4	1789717509654533120
4337	58	7	4	1789717509654533120
4338	58	8	4	1789717509654533120
4339	58	9	4	1789717509654533120
4340	58	10	4	1789717509654533120
4341	58	11	4	1789717509654533120
4342	58	12	4	1789717509654533120
4343	58	13	4	1789717509654533120
4344	58	14	4	1789717509654533120
4345	58	15	4	1789717509654533120
4346	58	16	4	1789717509654533120
4347	58	17	4	1789717509654533120
4348	58	18	4	1789717509654534144
4349	58	19	4	1789717509654533120
4350	58	20	4	1789717509654533120
4351	58	21	4	1789717509654533120
4352	58	22	4	1789717509654533120
4353	58	23	4	1789717509654533120
4354	58	24	4	1789717509654533120
4355	58	25	4	1789717509654533120
4356	58	26	4	1789717509654533120
4357	58	27	4	1789717509654533120
4358	58	28	4	1789717509654533120
4359	58	29	4	1789717509654533120
4360	58	30	4	1789717509654533120
4361	58	31	4	1789717509654533120
4362	59	0	4	1789717509654540288
4363	59	1	4	1789717509654540288
4364	59	2	4	1789717509654540288
4365	59	3	4	1789717509654540288
4366	59	4	4	1789717509654540288
4367	59	5	4	1789717509654540288
4368	59	6	4	1789717509654540288
4369	59	7	4	1789717509654541312
4370	59	8	4	1789717509654540288
4371	59	9	4	1789717509654540288
4372	59	10	4	1789717509654541312
4373	59	11	4	1789717509654541312
4374	59	12	4	1789717509654541312
4375	59	13	4	1789717509654541312
4376	59	14	4	1789717509654541312
4377	59	15	4	1789717509654541312
4378	59	16	4	1789717509654541312
4379	59	17	4	1789717509654541312
4380	59	18	4	1789717509654541312
4381	59	19	4	1789717509654541312
4382	59	20	4	1789717509654541312
4383	59	21	4	1789717509654541312
4384	59	22	4	1789717509654541312
4385	59	23	4	1789717509654540288
4386	59	24	4	1789717509654541312
4387	59	25	4	1789717509654541312
4388	59	26	4	1789717509654541312
4389	59	27	4	1789717509654541312
4390	59	28	4	1789717509654541312
4391	59	29	4	1789717509654541312
4392	59	30	4	1789717509654541312
4393	59	31	4	1789717509654541312
4394	59	32	4	1789717509654541312
4395	59	33	4	1789717509654542336
4396	59	34	4	1789717509654541312
4397	59	35	4	1789717509654541312
4398	59	36	4	1789717509654541312
4399	59	37	4	1789717509654541312
4400	59	38	4	1789717509654542336
4401	59	39	4	1789717509654541312
4402	59	40	4	1789717509654541312
4403	59	41	4	1789717509654541312
4404	59	42	4	1789717509654541312
4405	59	43	4	1789717509654541312
4406	59	44	4	1789717509654541312
4407	59	45	4	1789717509654541312
4408	59	46	4	1789717509654541312
4409	59	47	4	1789717509654541312
4410	59	48	4	1789717509654541312
4411	59	49	4	1789717509654541312
4412	59	50	4	1789717509654541312
4413	59	51	4	1789717509654541312
4414	59	52	4	1789717509654541312
4415	59	53	4	1789717509654541312
4416	59	54	4	1789717509654541312
4417	59	55	4	1789717509654541312
4418	59	56	4	1789717509654541312
4419	59	57	4	1789717509654541312
4420	59	58	4	1789717509654541312
4421	59	59	4	1789717509654541312
4422	59	60	4	1789717509654541312
4423	59	61	4	1789717509654541312
4424	59	62	4	1789717509654541312
4425	59	63	4	1789717509654541312
4426	59	64	4	1789717509654541312
4427	59	65	4	1789717509654541312
4428	59	66	4	1789717509654540288
4429	59	67	4	1789717509654541312
4430	59	68	4	1789717509654540288
4431	59	69	4	1789717509654541312
4432	59	70	4	1789717509654541312
4433	59	71	4	1789717509654540288
4434	59	72	4	1789717509654541312
4435	59	73	4	1789717509654540288
4436	59	74	4	1789717509654541312
4437	59	75	4	1789717509654540288
4438	59	76	4	1789717509654541312
4439	59	77	4	1789717509654541312
4440	59	78	4	1789717509654541312
4441	59	79	4	1789717509654540288
4442	59	80	4	1789717509654541312
4443	59	81	4	1789717509654540288
4444	59	82	4	1789717509654540288
4445	59	83	4	1789717509654540288
4446	59	84	4	1789717509654541312
4447	59	85	4	1789717509654541312
4448	59	86	4	1789717509654541312
4449	59	87	4	1789717509654541312
4450	59	88	4	1789717509654540288
4451	59	89	4	1789717509654541312
4452	59	90	4	1789717509654541312
4453	59	91	4	1789717509654541312
4454	59	92	4	1789717509654540288
4455	59	93	4	1789717509654541312
4456	59	94	4	1789717509654541312
4457	59	95	4	1789717509654540288
4458	59	96	4	1789717509654540288
4459	59	97	4	1789717509654540288
4460	59	98	4	1789717509654540288
4461	59	99	4	1789717509654540288
4462	59	100	4	1789717509654540288
4463	59	101	4	1789717509654540288
4464	59	102	4	1789717509654540288
4465	59	103	4	1789717509654540288
4466	59	104	4	1789717509654540288
4467	59	105	4	1789717509654540288
4468	59	106	4	1789717509654540288
4469	59	107	4	1789717509654540288
4470	59	108	4	1789717509654540288
4471	59	109	4	1789717509654540288
4472	59	110	4	1789717509654540288
4473	59	111	4	1789717509654540288
4474	59	112	4	1789717509654540288
4475	59	113	4	1789717509654540288
4476	59	114	4	1789717509654540288
4477	59	115	4	1789717509654540288
4478	59	116	4	1789717509654540288
4479	59	117	4	1789717509654540288
4480	59	118	4	1789717509654540288
4481	59	119	4	1789717509654540288
4482	59	120	4	1789717509654540288
4483	59	121	4	1789717509654540288
4484	59	122	4	1789717509654540288
4485	59	123	4	1789717509654540288
4486	59	124	4	1789717509654540288
4487	59	125	4	1789717509654540288
4488	59	126	4	1789717509654540288
4489	59	127	4	1789717509654540288
4490	59	128	4	1789717509654546432
4491	59	129	4	1789717509654546432
4492	59	130	4	1789717509654546432
4493	59	131	4	1789717509654546432
4494	59	132	4	1789717509654546432
4495	59	133	4	1789717509654547456
4496	59	134	4	1789717509654547456
4497	59	135	4	1789717509654547456
4498	59	136	4	1789717509654547456
4499	59	137	4	1789717509654547456
4500	59	138	4	1789717509654548480
4501	59	139	4	1789717509654549504
4502	59	140	4	1789717509654549504
4503	59	141	4	1789717509654548480
4504	59	142	4	1789717509654548480
4505	59	143	4	1789717509654548480
4506	59	144	4	1789717509654548480
4507	59	145	4	1789717509654548480
4508	59	146	4	1789717509654548480
4509	59	147	4	1789717509654549504
4510	59	148	4	1789717509654548480
4511	59	149	4	1789717509654549504
4512	59	150	4	1789717509654548480
4513	59	151	4	1789717509654548480
4514	59	152	4	1789717509654549504
4515	59	153	4	1789717509654548480
4516	59	154	4	1789717509654548480
4517	59	155	4	1789717509654548480
4518	59	156	4	1789717509654549504
4519	59	157	4	1789717509654548480
4520	59	158	4	1789717509654548480
4521	59	159	4	1789717509654548480
4522	59	160	4	1789717509654551552
4523	59	161	4	1789717509654550528
4524	59	162	4	1789717509654549504
4525	59	163	4	1789717509654549504
4526	59	164	4	1789717509654549504
4527	59	165	4	1789717509654549504
4528	59	166	4	1789717509654549504
4529	59	167	4	1789717509654549504
4530	59	168	4	1789717509654549504
4531	59	169	4	1789717509654549504
4532	59	170	4	1789717509654549504
4533	59	171	4	1789717509654550528
4534	59	172	4	1789717509654549504
4535	59	173	4	1789717509654549504
4536	59	174	4	1789717509654550528
4537	59	175	4	1789717509654549504
4538	59	176	4	1789717509654549504
4539	59	177	4	1789717509654549504
4540	59	178	4	1789717509654550528
4541	59	179	4	1789717509654549504
4542	59	180	4	1789717509654550528
4543	59	181	4	1789717509654549504
4544	59	182	4	1789717509654549504
4545	59	183	4	1789717509654549504
4546	59	184	4	1789717509654550528
4547	59	185	4	1789717509654550528
4548	59	186	4	1789717509654549504
4549	59	187	4	1789717509654549504
4550	59	188	4	1789717509654549504
4551	59	189	4	1789717509654549504
4552	59	190	4	1789717509654549504
4553	59	191	4	1789717509654549504
4554	59	192	4	1789717509654548480
4555	59	193	4	1789717509654549504
4556	59	194	4	1789717509654547456
4557	59	195	4	1789717509654548480
4558	59	196	4	1789717509654548480
4559	59	197	4	1789717509654548480
4560	59	198	4	1789717509654549504
4561	59	199	4	1789717509654548480
4562	59	200	4	1789717509654548480
4563	59	201	4	1789717509654548480
4564	59	202	4	1789717509654548480
4565	59	203	4	1789717509654547456
4566	59	204	4	1789717509654547456
4567	59	205	4	1789717509654548480
4568	59	206	4	1789717509654547456
4569	59	207	4	1789717509654547456
4570	59	208	4	1789717509654548480
4571	59	209	4	1789717509654548480
4572	59	210	4	1789717509654547456
4573	59	211	4	1789717509654547456
4574	59	212	4	1789717509654548480
4575	59	213	4	1789717509654549504
4576	59	214	4	1789717509654548480
4577	59	215	4	1789717509654547456
4578	59	216	4	1789717509654547456
4579	59	217	4	1789717509654548480
4580	59	218	4	1789717509654548480
4581	59	219	4	1789717509654548480
4582	59	220	4	1789717509654547456
4583	59	221	4	1789717509654548480
4584	59	222	4	1789717509654548480
4585	59	223	4	1789717509654548480
4586	59	224	4	1789717509654547456
4587	59	225	4	1789717509654547456
4588	59	226	4	1789717509654547456
4589	59	227	4	1789717509654547456
4590	59	228	4	1789717509654547456
4591	59	229	4	1789717509654547456
4592	59	230	4	1789717509654547456
4593	59	231	4	1789717509654547456
4594	59	232	4	1789717509654546432
4595	59	233	4	1789717509654547456
4596	59	234	4	1789717509654547456
4597	59	235	4	1789717509654547456
4598	59	236	4	1789717509654546432
4599	59	237	4	1789717509654547456
4600	59	238	4	1789717509654547456
4601	59	239	4	1789717509654546432
4602	59	240	4	1789717509654547456
4603	59	241	4	1789717509654547456
4604	59	242	4	1789717509654547456
4605	59	243	4	1789717509654547456
4606	59	244	4	1789717509654547456
4607	59	245	4	1789717509654546432
4608	59	246	4	1789717509654547456
4609	59	247	4	1789717509654546432
4610	59	248	4	1789717509654546432
4611	59	249	4	1789717509654547456
4612	59	250	4	1789717509654546432
4613	59	251	4	1789717509654547456
4614	59	252	4	1789717509654548480
4615	59	253	4	1789717509654546432
4616	59	254	4	1789717509654547456
4617	59	255	4	1789717509654547456
4618	60	0	4	1789717509654552576
4619	60	1	4	1789717509654551552
4620	60	2	4	1789717509654551552
4621	60	3	4	1789717509654551552
4622	60	4	4	1789717509654551552
4623	60	5	4	1789717509654552576
4624	60	6	4	1789717509654552576
4625	60	7	4	1789717509654552576
4626	60	8	4	1789717509654552576
4627	60	9	4	1789717509654552576
4628	60	10	4	1789717509654554624
4629	60	11	4	1789717509654556672
4630	60	12	4	1789717509654556672
4631	60	13	4	1789717509654555648
4632	60	14	4	1789717509654555648
4633	60	15	4	1789717509654556672
4634	60	16	4	1789717509654557696
4635	60	17	4	1789717509654556672
4636	60	18	4	1789717509654556672
4637	60	19	4	1789717509654556672
4638	60	20	4	1789717509654556672
4639	60	21	4	1789717509654555648
4640	60	22	4	1789717509654555648
4641	60	23	4	1789717509654555648
4642	60	24	4	1789717509654556672
4643	60	25	4	1789717509654556672
4644	60	26	4	1789717509654554624
4645	60	27	4	1789717509654554624
4646	60	28	4	1789717509654555648
4647	60	29	4	1789717509654554624
4648	60	30	4	1789717509654553600
4649	60	31	4	1789717509654553600
4650	60	32	4	1789717509654558720
4651	60	33	4	1789717509654558720
4652	60	34	4	1789717509654557696
4653	60	35	4	1789717509654557696
4654	60	36	4	1789717509654557696
4655	60	37	4	1789717509654557696
4656	60	38	4	1789717509654557696
4657	60	39	4	1789717509654557696
4658	60	40	4	1789717509654557696
4659	60	41	4	1789717509654557696
4660	60	42	4	1789717509654557696
4661	60	43	4	1789717509654557696
4662	60	44	4	1789717509654556672
4663	60	45	4	1789717509654556672
4664	60	46	4	1789717509654557696
4665	60	47	4	1789717509654556672
4666	60	48	4	1789717509654557696
4667	60	49	4	1789717509654557696
4668	60	50	4	1789717509654557696
4669	60	51	4	1789717509654556672
4670	60	52	4	1789717509654557696
4671	60	53	4	1789717509654556672
4672	60	54	4	1789717509654556672
4673	60	55	4	1789717509654556672
4674	60	56	4	1789717509654557696
4675	60	57	4	1789717509654556672
4676	60	58	4	1789717509654556672
4677	60	59	4	1789717509654554624
4678	60	60	4	1789717509654555648
4679	60	61	4	1789717509654556672
4680	60	62	4	1789717509654554624
4681	60	63	4	1789717509654554624
4682	61	0	4	1789717509654555648
4683	61	1	4	1789717509654556672
4684	61	2	4	1789717509654554624
4685	61	3	4	1789717509654554624
4686	61	4	4	1789717509654554624
4687	61	5	4	1789717509654554624
4688	61	6	4	1789717509654555648
4689	61	7	4	1789717509654554624
4690	61	8	4	1789717509654554624
4691	61	9	4	1789717509654555648
4692	61	10	4	1789717509654554624
4693	61	11	4	1789717509654553600
4694	61	12	4	1789717509654554624
4695	61	13	4	1789717509654555648
4696	61	14	4	1789717509654553600
4697	61	15	4	1789717509654554624
4698	61	16	4	1789717509654554624
4699	61	17	4	1789717509654554624
4700	61	18	4	1789717509654553600
4701	61	19	4	1789717509654553600
4702	61	20	4	1789717509654554624
4703	61	21	4	1789717509654555648
4704	61	22	4	1789717509654554624
4705	61	23	4	1789717509654554624
4706	61	24	4	1789717509654554624
4707	61	25	4	1789717509654554624
4708	61	26	4	1789717509654554624
4709	61	27	4	1789717509654555648
4710	61	28	4	1789717509654554624
4711	61	29	4	1789717509654555648
4712	61	30	4	1789717509654555648
4713	61	31	4	1789717509654555648
4714	61	32	4	1789717509654553600
4715	61	33	4	1789717509654553600
4716	61	34	4	1789717509654552576
4717	61	35	4	1789717509654552576
4718	61	36	4	1789717509654553600
4719	61	37	4	1789717509654552576
4720	61	38	4	1789717509654552576
4721	61	39	4	1789717509654552576
4722	61	40	4	1789717509654552576
4723	61	41	4	1789717509654552576
4724	61	42	4	1789717509654552576
4725	61	43	4	1789717509654553600
4726	61	44	4	1789717509654552576
4727	61	45	4	1789717509654553600
4728	61	46	4	1789717509654553600
4729	61	47	4	1789717509654551552
4730	61	48	4	1789717509654553600
4731	61	49	4	1789717509654552576
4732	61	50	4	1789717509654552576
4733	61	51	4	1789717509654553600
4734	61	52	4	1789717509654552576
4735	61	53	4	1789717509654552576
4736	61	54	4	1789717509654552576
4737	61	55	4	1789717509654552576
4738	61	56	4	1789717509654552576
4739	61	57	4	1789717509654552576
4740	61	58	4	1789717509654551552
4741	61	59	4	1789717509654553600
4742	61	60	4	1789717509654553600
4743	61	61	4	1789717509654552576
4744	61	62	4	1789717509654553600
4745	61	63	4	1789717509654553600
4746	61	64	4	1789717509654558720
4747	61	65	4	1789717509654557696
4748	61	66	4	1789717509654557696
4749	61	67	4	1789717509654557696
4750	61	68	4	1789717509654556672
4751	61	69	4	1789717509654558720
4752	61	70	4	1789717509654559744
4753	61	71	4	1789717509654558720
4754	61	72	4	1789717509654558720
4755	61	73	4	1789717509654558720
4756	61	74	4	1789717509654560768
4757	61	75	4	1789717509654561792
4758	61	76	4	1789717509654561792
4759	61	77	4	1789717509654561792
4760	61	78	4	1789717509654560768
4761	61	79	4	1789717509654561792
4762	61	80	4	1789717509654562816
4763	61	81	4	1789717509654562816
4764	61	82	4	1789717509654561792
4765	61	83	4	1789717509654561792
4766	61	84	4	1789717509654561792
4767	61	85	4	1789717509654561792
4768	61	86	4	1789717509654560768
4769	61	87	4	1789717509654560768
4770	61	88	4	1789717509654562816
4771	61	89	4	1789717509654561792
4772	61	90	4	1789717509654560768
4773	61	91	4	1789717509654560768
4774	61	92	4	1789717509654562816
4775	61	93	4	1789717509654561792
4776	61	94	4	1789717509654561792
4777	61	95	4	1789717509654561792
4778	61	96	4	1789717509654563840
4779	61	97	4	1789717509654563840
4780	61	98	4	1789717509654563840
4781	61	99	4	1789717509654562816
4782	61	100	4	1789717509654562816
4783	61	101	4	1789717509654562816
4784	61	102	4	1789717509654561792
4785	61	103	4	1789717509654562816
4786	61	104	4	1789717509654562816
4787	61	105	4	1789717509654562816
4788	61	106	4	1789717509654562816
4789	61	107	4	1789717509654562816
4790	61	108	4	1789717509654561792
4791	61	109	4	1789717509654561792
4792	61	110	4	1789717509654562816
4793	61	111	4	1789717509654561792
4794	61	112	4	1789717509654563840
4795	61	113	4	1789717509654562816
4796	61	114	4	1789717509654562816
4797	61	115	4	1789717509654561792
4798	61	116	4	1789717509654562816
4799	61	117	4	1789717509654561792
4800	61	118	4	1789717509654561792
4801	61	119	4	1789717509654561792
4802	61	120	4	1789717509654562816
4803	61	121	4	1789717509654561792
4804	61	122	4	1789717509654562816
4805	61	123	4	1789717509654562816
4806	61	124	4	1789717509654562816
4807	61	125	4	1789717509654564864
4808	61	126	4	1789717509654562816
4809	61	127	4	1789717509654561792
4810	61	128	4	1789717509654561792
4811	61	129	4	1789717509654562816
4812	61	130	4	1789717509654560768
4813	61	131	4	1789717509654560768
4814	61	132	4	1789717509654561792
4815	61	133	4	1789717509654561792
4816	61	134	4	1789717509654561792
4817	61	135	4	1789717509654560768
4818	61	136	4	1789717509654560768
4819	61	137	4	1789717509654561792
4820	61	138	4	1789717509654559744
4821	61	139	4	1789717509654559744
4822	61	140	4	1789717509654560768
4823	61	141	4	1789717509654560768
4824	61	142	4	1789717509654559744
4825	61	143	4	1789717509654559744
4826	61	144	4	1789717509654560768
4827	61	145	4	1789717509654560768
4828	61	146	4	1789717509654559744
4829	61	147	4	1789717509654559744
4830	61	148	4	1789717509654560768
4831	61	149	4	1789717509654560768
4832	61	150	4	1789717509654560768
4833	61	151	4	1789717509654559744
4834	61	152	4	1789717509654560768
4835	61	153	4	1789717509654561792
4836	61	154	4	1789717509654560768
4837	61	155	4	1789717509654561792
4838	61	156	4	1789717509654559744
4839	61	157	4	1789717509654561792
4840	61	158	4	1789717509654560768
4841	61	159	4	1789717509654560768
4842	61	160	4	1789717509654558720
4843	61	161	4	1789717509654559744
4844	61	162	4	1789717509654558720
4845	61	163	4	1789717509654558720
4846	61	164	4	1789717509654557696
4847	61	165	4	1789717509654557696
4848	61	166	4	1789717509654558720
4849	61	167	4	1789717509654558720
4850	61	168	4	1789717509654557696
4851	61	169	4	1789717509654557696
4852	61	170	4	1789717509654558720
4853	61	171	4	1789717509654558720
4854	61	172	4	1789717509654557696
4855	61	173	4	1789717509654558720
4856	61	174	4	1789717509654559744
4857	61	175	4	1789717509654557696
4858	61	176	4	1789717509654558720
4859	61	177	4	1789717509654558720
4860	61	178	4	1789717509654558720
4861	61	179	4	1789717509654559744
4862	61	180	4	1789717509654558720
4863	61	181	4	1789717509654557696
4864	61	182	4	1789717509654558720
4865	61	183	4	1789717509654557696
4866	61	184	4	1789717509654558720
4867	61	185	4	1789717509654557696
4868	61	186	4	1789717509654557696
4869	61	187	4	1789717509654558720
4870	61	188	4	1789717509654559744
4871	61	189	4	1789717509654557696
4872	61	190	4	1789717509654559744
4873	61	191	4	1789717509654558720
4874	61	192	4	1789717509654563840
4875	61	193	4	1789717509654563840
4876	61	194	4	1789717509654563840
4877	61	195	4	1789717509654563840
4878	61	196	4	1789717509654562816
4879	61	197	4	1789717509654563840
4880	61	198	4	1789717509654565888
4881	61	199	4	1789717509654564864
4882	61	200	4	1789717509654563840
4883	61	201	4	1789717509654564864
4884	61	202	4	1789717509654566912
4885	61	203	4	1789717509654566912
4886	61	204	4	1789717509654566912
4887	61	205	4	1789717509654566912
4888	61	206	4	1789717509654565888
4889	61	207	4	1789717509654567936
4890	61	208	4	1789717509654567936
4891	61	209	4	1789717509654567936
4892	61	210	4	1789717509654566912
4893	61	211	4	1789717509654566912
4894	61	212	4	1789717509654566912
4895	61	213	4	1789717509654566912
4896	61	214	4	1789717509654565888
4897	61	215	4	1789717509654565888
4898	61	216	4	1789717509654567936
4899	61	217	4	1789717509654566912
4900	61	218	4	1789717509654565888
4901	61	219	4	1789717509654566912
4902	61	220	4	1789717509654567936
4903	61	221	4	1789717509654566912
4904	61	222	4	1789717509654566912
4905	61	223	4	1789717509654567936
4906	61	224	4	1789717509654567936
4907	61	225	4	1789717509654567936
4908	61	226	4	1789717509654567936
4909	61	227	4	1789717509654567936
4910	61	228	4	1789717509654567936
4911	61	229	4	1789717509654567936
4912	61	230	4	1789717509654565888
4913	61	231	4	1789717509654566912
4914	61	232	4	1789717509654567936
4915	61	233	4	1789717509654567936
4916	61	234	4	1789717509654567936
4917	61	235	4	1789717509654567936
4918	61	236	4	1789717509654566912
4919	61	237	4	1789717509654566912
4920	61	238	4	1789717509654567936
4921	61	239	4	1789717509654567936
4922	61	240	4	1789717509654568960
4923	61	241	4	1789717509654567936
4924	61	242	4	1789717509654567936
4925	61	243	4	1789717509654566912
4926	61	244	4	1789717509654566912
4927	61	245	4	1789717509654566912
4928	61	246	4	1789717509654565888
4929	61	247	4	1789717509654566912
4930	61	248	4	1789717509654567936
4931	61	249	4	1789717509654567936
4932	61	250	4	1789717509654566912
4933	61	251	4	1789717509654566912
4934	61	252	4	1789717509654567936
4935	61	253	4	1789717509654568960
4936	61	254	4	1789717509654567936
4937	61	255	4	1789717509654567936
4938	62	0	4	1789717509654567936
4939	62	1	4	1789717509654566912
4940	62	2	4	1789717509654566912
4941	62	3	4	1789717509654565888
4942	62	4	4	1789717509654566912
4943	62	5	4	1789717509654566912
4944	62	6	4	1789717509654566912
4945	62	7	4	1789717509654565888
4946	62	8	4	1789717509654566912
4947	62	9	4	1789717509654566912
4948	62	10	4	1789717509654564864
4949	62	11	4	1789717509654565888
4950	62	12	4	1789717509654565888
4951	62	13	4	1789717509654565888
4952	62	14	4	1789717509654564864
4953	62	15	4	1789717509654564864
4954	62	16	4	1789717509654564864
4955	62	17	4	1789717509654565888
4956	62	18	4	1789717509654565888
4957	62	19	4	1789717509654565888
4958	62	20	4	1789717509654565888
4959	62	21	4	1789717509654565888
4960	62	22	4	1789717509654566912
4961	62	23	4	1789717509654566912
4962	62	24	4	1789717509654567936
4963	62	25	4	1789717509654567936
4964	62	26	4	1789717509654567936
4965	62	27	4	1789717509654566912
4966	62	28	4	1789717509654567936
4967	62	29	4	1789717509654567936
4968	62	30	4	1789717509654566912
4969	62	31	4	1789717509654568960
4970	62	32	4	1789717509654566912
4971	62	33	4	1789717509654566912
4972	62	34	4	1789717509654566912
4973	62	35	4	1789717509654565888
4974	62	36	4	1789717509654565888
4975	62	37	4	1789717509654564864
4976	62	38	4	1789717509654566912
4977	62	39	4	1789717509654566912
4978	62	40	4	1789717509654564864
4979	62	41	4	1789717509654563840
4980	62	42	4	1789717509654564864
4981	62	43	4	1789717509654565888
4982	62	44	4	1789717509654564864
4983	62	45	4	1789717509654566912
4984	62	46	4	1789717509654565888
4985	62	47	4	1789717509654564864
4986	62	48	4	1789717509654568960
4987	62	49	4	1789717509654569984
4988	62	50	4	1789717509654572032
4989	62	51	4	1789717509654572032
4990	62	52	4	1789717509654572032
4991	62	53	4	1789717509654571008
4992	62	54	4	1789717509654573056
4993	62	55	4	1789717509654572032
4994	62	56	4	1789717509654573056
4995	62	57	4	1789717509654572032
4996	62	58	4	1789717509654573056
4997	62	59	4	1789717509654572032
4998	62	60	4	1789717509654573056
4999	62	61	4	1789717509654571008
5000	62	62	4	1789717509654572032
5001	62	63	4	1789717509654573056
5002	63	0	4	1789717509654572032
5003	63	1	4	1789717509654572032
5004	63	2	4	1789717509654572032
5005	63	3	4	1789717509654572032
5006	63	4	4	1789717509654572032
5007	63	5	4	1789717509654572032
5008	63	6	4	1789717509654572032
5009	63	7	4	1789717509654572032
5010	63	8	4	1789717509654573056
5011	63	9	4	1789717509654573056
5012	63	10	4	1789717509654573056
5013	63	11	4	1789717509654573056
5014	63	12	4	1789717509654573056
5015	63	13	4	1789717509654573056
5016	63	14	4	1789717509654573056
5017	63	15	4	1789717509654573056
5018	63	16	4	1789717509654573056
5019	63	17	4	1789717509654574080
5020	63	18	4	1789717509654572032
5021	63	19	4	1789717509654572032
5022	63	20	4	1789717509654573056
5023	63	21	4	1789717509654571008
5024	63	22	4	1789717509654571008
5025	63	23	4	1789717509654571008
5026	63	24	4	1789717509654581248
5027	63	25	4	1789717509654581248
5028	63	26	4	1789717509654581248
5029	63	27	4	1789717509654579200
5030	63	28	4	1789717509654579200
5031	63	29	4	1789717509654578176
5032	63	30	4	1789717509654579200
5033	63	31	4	1789717509654579200
5034	64	0	4	1789717509654584320
5035	64	1	4	1789717509654584320
5036	64	2	4	1789717509654584320
5037	64	3	4	1789717509654583296
5038	64	4	4	1789717509654584320
5039	64	5	4	1789717509654583296
5040	64	6	4	1789717509654583296
5041	64	7	4	1789717509654583296
5042	64	8	4	1789717509654583296
5043	64	9	4	1789717509654584320
5044	64	10	4	1789717509654584320
5045	64	11	4	1789717509654581248
5046	64	12	4	1789717509654581248
5047	64	13	4	1789717509654581248
5048	64	14	4	1789717509654580224
5049	64	15	4	1789717509654580224
5050	64	16	4	1789717509654581248
5051	64	17	4	1789717509654581248
5052	64	18	4	1789717509654581248
5053	64	19	4	1789717509654581248
5054	64	20	4	1789717509654581248
5055	64	21	4	1789717509654581248
5056	64	22	4	1789717509654581248
5057	64	23	4	1789717509654581248
5058	64	24	4	1789717509654581248
5059	64	25	4	1789717509654581248
5060	64	26	4	1789717509654581248
5061	64	27	4	1789717509654578176
5062	64	28	4	1789717509654578176
5063	64	29	4	1789717509654577152
5064	64	30	4	1789717509654578176
5065	64	31	4	1789717509654578176
5066	64	32	4	1789717509654583296
5067	64	33	4	1789717509654583296
5068	64	34	4	1789717509654583296
5069	64	35	4	1789717509654583296
5070	64	36	4	1789717509654584320
5071	64	37	4	1789717509654583296
5072	64	38	4	1789717509654584320
5073	64	39	4	1789717509654583296
5074	64	40	4	1789717509654583296
5075	64	41	4	1789717509654583296
5076	64	42	4	1789717509654583296
5077	64	43	4	1789717509654583296
5078	64	44	4	1789717509654583296
5079	64	45	4	1789717509654584320
5080	64	46	4	1789717509654583296
5081	64	47	4	1789717509654583296
5082	64	48	4	1789717509654583296
5083	64	49	4	1789717509654583296
5084	64	50	4	1789717509654583296
5085	64	51	4	1789717509654582272
5086	64	52	4	1789717509654583296
5087	64	53	4	1789717509654583296
5088	64	54	4	1789717509654583296
5089	64	55	4	1789717509654583296
5090	64	56	4	1789717509654583296
5091	64	57	4	1789717509654583296
5092	64	58	4	1789717509654583296
5093	64	59	4	1789717509654583296
5094	64	60	4	1789717509654583296
5095	64	61	4	1789717509654584320
5096	64	62	4	1789717509654583296
5097	64	63	4	1789717509654583296
5098	64	64	4	1789717509654583296
5099	64	65	4	1789717509654581248
5100	64	66	4	1789717509654581248
5101	64	67	4	1789717509654581248
5102	64	68	4	1789717509654581248
5103	64	69	4	1789717509654581248
5104	64	70	4	1789717509654581248
5105	64	71	4	1789717509654581248
5106	64	72	4	1789717509654581248
5107	64	73	4	1789717509654581248
5108	64	74	4	1789717509654581248
5109	64	75	4	1789717509654581248
5110	64	76	4	1789717509654581248
5111	64	77	4	1789717509654581248
5112	64	78	4	1789717509654581248
5113	64	79	4	1789717509654581248
5114	64	80	4	1789717509654581248
5115	64	81	4	1789717509654581248
5116	64	82	4	1789717509654581248
5117	64	83	4	1789717509654581248
5118	64	84	4	1789717509654581248
5119	64	85	4	1789717509654581248
5120	64	86	4	1789717509654581248
5121	64	87	4	1789717509654581248
5122	64	88	4	1789717509654581248
5123	64	89	4	1789717509654581248
5124	64	90	4	1789717509654581248
5125	64	91	4	1789717509654581248
5126	64	92	4	1789717509654581248
5127	64	93	4	1789717509654581248
5128	64	94	4	1789717509654582272
5129	64	95	4	1789717509654581248
5130	64	96	4	1789717509654588416
5131	64	97	4	1789717509654588416
5132	64	98	4	1789717509654589440
5133	64	99	4	1789717509654588416
5134	64	100	4	1789717509654588416
5135	64	101	4	1789717509654589440
5136	64	102	4	1789717509654589440
5137	64	103	4	1789717509654589440
5138	64	104	4	1789717509654589440
5139	64	105	4	1789717509654589440
5140	64	106	4	1789717509654589440
5141	64	107	4	1789717509654587392
5142	64	108	4	1789717509654587392
5143	64	109	4	1789717509654586368
5144	64	110	4	1789717509654587392
5145	64	111	4	1789717509654586368
5146	64	112	4	1789717509654587392
5147	64	113	4	1789717509654587392
5148	64	114	4	1789717509654587392
5149	64	115	4	1789717509654587392
5150	64	116	4	1789717509654587392
5151	64	117	4	1789717509654586368
5152	64	118	4	1789717509654587392
5153	64	119	4	1789717509654586368
5154	64	120	4	1789717509654587392
5155	64	121	4	1789717509654587392
5156	64	122	4	1789717509654590464
5157	64	123	4	1789717509654590464
5158	64	124	4	1789717509654590464
5159	64	125	4	1789717509654590464
5160	64	126	4	1789717509654590464
5161	64	127	4	1789717509654590464
5162	65	0	4	1789717509654589440
5163	65	1	4	1789717509654589440
5164	65	2	4	1789717509654589440
5165	65	3	4	1789717509654588416
5166	65	4	4	1789717509654589440
5167	65	5	4	1789717509654588416
5168	65	6	4	1789717509654588416
5169	65	7	4	1789717509654588416
5170	65	8	4	1789717509654589440
5171	65	9	4	1789717509654589440
5172	65	10	4	1789717509654588416
5173	65	11	4	1789717509654589440
5174	65	12	4	1789717509654589440
5175	65	13	4	1789717509654589440
5176	65	14	4	1789717509654589440
5177	65	15	4	1789717509654589440
5178	65	16	4	1789717509654589440
5179	65	17	4	1789717509654587392
5180	65	18	4	1789717509654587392
5181	65	19	4	1789717509654587392
5182	65	20	4	1789717509654587392
5183	65	21	4	1789717509654587392
5184	65	22	4	1789717509654587392
5185	65	23	4	1789717509654587392
5186	65	24	4	1789717509654593536
5187	65	25	4	1789717509654594560
5188	65	26	4	1789717509654594560
5189	65	27	4	1789717509654592512
5190	65	28	4	1789717509654592512
5191	65	29	4	1789717509654592512
5192	65	30	4	1789717509654596608
5193	65	31	4	1789717509654597632
5194	66	0	4	1789717509654593536
5195	66	1	4	1789717509654593536
5196	66	2	4	1789717509654593536
5197	66	3	4	1789717509654593536
5198	66	4	4	1789717509654593536
5199	66	5	4	1789717509654593536
5200	66	6	4	1789717509654593536
5201	66	7	4	1789717509654592512
5202	66	8	4	1789717509654592512
5203	66	9	4	1789717509654592512
5204	66	10	4	1789717509654592512
5205	66	11	4	1789717509654592512
5206	66	12	4	1789717509654592512
5207	66	13	4	1789717509654592512
5208	66	14	4	1789717509654592512
5209	66	15	4	1789717509654592512
5210	66	16	4	1789717509654592512
5211	66	17	4	1789717509654592512
5212	66	18	4	1789717509654592512
5213	66	19	4	1789717509654592512
5214	66	20	4	1789717509654592512
5215	66	21	4	1789717509654592512
5216	66	22	4	1789717509654592512
5217	66	23	4	1789717509654592512
5218	66	24	4	1789717509654602752
5219	66	25	4	1789717509654602752
5220	66	26	4	1789717509654601728
5221	66	27	4	1789717509654601728
5222	66	28	4	1789717509654601728
5223	66	29	4	1789717509654601728
5224	66	30	4	1789717509654602752
5225	66	31	4	1789717509654602752
5226	67	0	4	1789717509654604800
5227	67	1	4	1789717509654604800
5228	67	2	4	1789717509654604800
5229	67	3	4	1789717509654604800
5230	67	4	4	1789717509654604800
5231	67	5	4	1789717509654606848
5232	67	6	4	1789717509654606848
5233	67	7	4	1789717509654606848
5234	67	8	4	1789717509654606848
5235	67	9	4	1789717509654605824
5236	67	10	4	1789717509654605824
5237	67	11	4	1789717509654606848
5238	67	12	4	1789717509654605824
5239	67	13	4	1789717509654605824
5240	67	14	4	1789717509654605824
5241	67	15	4	1789717509654605824
5242	67	16	4	1789717509654605824
5243	67	17	4	1789717509654606848
5244	67	18	4	1789717509654605824
5245	67	19	4	1789717509654605824
5246	67	20	4	1789717509654605824
5247	67	21	4	1789717509654604800
5248	67	22	4	1789717509654605824
5249	67	23	4	1789717509654605824
5250	67	24	4	1789717509654605824
5251	67	25	4	1789717509654605824
5252	67	26	4	1789717509654606848
5253	67	27	4	1789717509654607872
5254	67	28	4	1789717509654607872
5255	67	29	4	1789717509654607872
5256	67	30	4	1789717509654607872
5257	67	31	4	1789717509654606848
5258	67	32	4	1789717509654602752
5259	67	33	4	1789717509654602752
5260	67	34	4	1789717509654601728
5261	67	35	4	1789717509654601728
5262	67	36	4	1789717509654601728
5263	67	37	4	1789717509654601728
5264	67	38	4	1789717509654601728
5265	67	39	4	1789717509654601728
5266	67	40	4	1789717509654602752
5267	67	41	4	1789717509654601728
5268	67	42	4	1789717509654604800
5269	67	43	4	1789717509654606848
5270	67	44	4	1789717509654605824
5271	67	45	4	1789717509654605824
5272	67	46	4	1789717509654605824
5273	67	47	4	1789717509654605824
5274	67	48	4	1789717509654605824
5275	67	49	4	1789717509654606848
5276	67	50	4	1789717509654605824
5277	67	51	4	1789717509654605824
5278	67	52	4	1789717509654605824
5279	67	53	4	1789717509654604800
5280	67	54	4	1789717509654605824
5281	67	55	4	1789717509654605824
5282	67	56	4	1789717509654606848
5283	67	57	4	1789717509654606848
5284	67	58	4	1789717509654607872
5285	67	59	4	1789717509654607872
5286	67	60	4	1789717509654607872
5287	67	61	4	1789717509654607872
5288	67	62	4	1789717509654608896
5289	67	63	4	1789717509654609920
5290	67	64	4	1789717509654617088
5291	67	65	4	1789717509654616064
5292	67	66	4	1789717509654616064
5293	67	67	4	1789717509654616064
5294	67	68	4	1789717509654617088
5295	67	69	4	1789717509654616064
5296	67	70	4	1789717509654616064
5297	67	71	4	1789717509654616064
5298	67	72	4	1789717509654616064
5299	67	73	4	1789717509654616064
5300	67	74	4	1789717509654616064
5301	67	75	4	1789717509654616064
5302	67	76	4	1789717509654617088
5303	67	77	4	1789717509654616064
5304	67	78	4	1789717509654616064
5305	67	79	4	1789717509654616064
5306	67	80	4	1789717509654616064
5307	67	81	4	1789717509654616064
5308	67	82	4	1789717509654616064
5309	67	83	4	1789717509654615040
5310	67	84	4	1789717509654616064
5311	67	85	4	1789717509654616064
5312	67	86	4	1789717509654616064
5313	67	87	4	1789717509654616064
5314	67	88	4	1789717509654616064
5315	67	89	4	1789717509654617088
5316	67	90	4	1789717509654616064
5317	67	91	4	1789717509654616064
5318	67	92	4	1789717509654616064
5319	67	93	4	1789717509654617088
5320	67	94	4	1789717509654616064
5321	67	95	4	1789717509654616064
5322	67	96	4	1789717509654611968
5323	67	97	4	1789717509654611968
5324	67	98	4	1789717509654611968
5325	67	99	4	1789717509654611968
5326	67	100	4	1789717509654611968
5327	67	101	4	1789717509654611968
5328	67	102	4	1789717509654611968
5329	67	103	4	1789717509654610944
5330	67	104	4	1789717509654611968
5331	67	105	4	1789717509654611968
5332	67	106	4	1789717509654611968
5333	67	107	4	1789717509654611968
5334	67	108	4	1789717509654611968
5335	67	109	4	1789717509654611968
5336	67	110	4	1789717509654612992
5337	67	111	4	1789717509654611968
5338	67	112	4	1789717509654611968
5339	67	113	4	1789717509654611968
5340	67	114	4	1789717509654611968
5341	67	115	4	1789717509654611968
5342	67	116	4	1789717509654611968
5343	67	117	4	1789717509654610944
5344	67	118	4	1789717509654611968
5345	67	119	4	1789717509654615040
5346	67	120	4	1789717509654619136
5347	67	121	4	1789717509654619136
5348	67	122	4	1789717509654619136
5349	67	123	4	1789717509654620160
5350	67	124	4	1789717509654619136
5351	67	125	4	1789717509654620160
5352	67	126	4	1789717509654621184
5353	67	127	4	1789717509654620160
5354	68	4294967295	128	1789717509654625280
5355	69	0	4	1789717509654599680
5356	69	1	4	1789717509654599680
5357	69	2	4	1789717509654599680
5358	69	3	4	1789717509654599680
5359	69	4	4	1789717509654600704
5360	69	5	4	1789717509654599680
5361	69	6	4	1789717509654599680
5362	69	7	4	1789717509654599680
5363	69	8	4	1789717509654600704
5364	69	9	4	1789717509654599680
5365	69	10	4	1789717509654599680
5366	69	11	4	1789717509654599680
5367	69	12	4	1789717509654599680
5368	69	13	4	1789717509654599680
5369	69	14	4	1789717509654599680
5370	69	15	4	1789717509654599680
5371	69	16	4	1789717509654599680
5372	69	17	4	1789717509654599680
5373	69	18	4	1789717509654599680
5374	69	19	4	1789717509654599680
5375	69	20	4	1789717509654599680
5376	69	21	4	1789717509654599680
5377	69	22	4	1789717509654599680
5378	69	23	4	1789717509654599680
5379	69	24	4	1789717509654599680
5380	69	25	4	1789717509654599680
5381	69	26	4	1789717509654599680
5382	69	27	4	1789717509654599680
5383	69	28	4	1789717509654600704
5384	69	29	4	1789717509654599680
5385	69	30	4	1789717509654600704
5386	69	31	4	1789717509654599680
5387	69	32	4	1789717509654598656
5388	69	33	4	1789717509654598656
5389	69	34	4	1789717509654598656
5390	69	35	4	1789717509654599680
5391	69	36	4	1789717509654598656
5392	69	37	4	1789717509654599680
5393	69	38	4	1789717509654599680
5394	69	39	4	1789717509654599680
5395	69	40	4	1789717509654599680
5396	69	41	4	1789717509654599680
5397	69	42	4	1789717509654599680
5398	69	43	4	1789717509654600704
5399	69	44	4	1789717509654600704
5400	69	45	4	1789717509654599680
5401	69	46	4	1789717509654600704
5402	69	47	4	1789717509654599680
5403	69	48	4	1789717509654600704
5404	69	49	4	1789717509654600704
5405	69	50	4	1789717509654600704
5406	69	51	4	1789717509654599680
5407	69	52	4	1789717509654600704
5408	69	53	4	1789717509654599680
5409	69	54	4	1789717509654600704
5410	69	55	4	1789717509654600704
5411	69	56	4	1789717509654600704
5412	69	57	4	1789717509654600704
5413	69	58	4	1789717509654599680
5414	69	59	4	1789717509654600704
5415	69	60	4	1789717509654600704
5416	69	61	4	1789717509654600704
5417	69	62	4	1789717509654600704
5418	69	63	4	1789717509654599680
5419	69	64	4	1789717509654597632
5420	69	65	4	1789717509654597632
5421	69	66	4	1789717509654596608
5422	69	67	4	1789717509654596608
5423	69	68	4	1789717509654597632
5424	69	69	4	1789717509654596608
5425	69	70	4	1789717509654596608
5426	69	71	4	1789717509654596608
5427	69	72	4	1789717509654597632
5428	69	73	4	1789717509654596608
5429	69	74	4	1789717509654599680
5430	69	75	4	1789717509654600704
5431	69	76	4	1789717509654600704
5432	69	77	4	1789717509654599680
5433	69	78	4	1789717509654600704
5434	69	79	4	1789717509654599680
5435	69	80	4	1789717509654600704
5436	69	81	4	1789717509654600704
5437	69	82	4	1789717509654600704
5438	69	83	4	1789717509654599680
5439	69	84	4	1789717509654600704
5440	69	85	4	1789717509654599680
5441	69	86	4	1789717509654600704
5442	69	87	4	1789717509654600704
5443	69	88	4	1789717509654601728
5444	69	89	4	1789717509654601728
5445	69	90	4	1789717509654601728
5446	69	91	4	1789717509654600704
5447	69	92	4	1789717509654600704
5448	69	93	4	1789717509654600704
5449	69	94	4	1789717509654604800
5450	69	95	4	1789717509654604800
5451	69	96	4	1789717509654609920
5452	69	97	4	1789717509654609920
5453	69	98	4	1789717509654609920
5454	69	99	4	1789717509654609920
5455	69	100	4	1789717509654609920
5456	69	101	4	1789717509654609920
5457	69	102	4	1789717509654609920
5458	69	103	4	1789717509654609920
5459	69	104	4	1789717509654609920
5460	69	105	4	1789717509654609920
5461	69	106	4	1789717509654609920
5462	69	107	4	1789717509654609920
5463	69	108	4	1789717509654609920
5464	69	109	4	1789717509654609920
5465	69	110	4	1789717509654609920
5466	69	111	4	1789717509654609920
5467	69	112	4	1789717509654609920
5468	69	113	4	1789717509654609920
5469	69	114	4	1789717509654609920
5470	69	115	4	1789717509654609920
5471	69	116	4	1789717509654609920
5472	69	117	4	1789717509654609920
5473	69	118	4	1789717509654609920
5474	69	119	4	1789717509654609920
5475	69	120	4	1789717509654609920
5476	69	121	4	1789717509654609920
5477	69	122	4	1789717509654609920
5478	69	123	4	1789717509654609920
5479	69	124	4	1789717509654609920
5480	69	125	4	1789717509654609920
5481	69	126	4	1789717509654609920
5482	69	127	4	1789717509654609920
5483	70	4294967295	128	1789717509654615040
5484	71	0	4	1789717509654610944
5485	71	1	4	1789717509654610944
5486	71	2	4	1789717509654609920
5487	71	3	4	1789717509654610944
5488	71	4	4	1789717509654610944
5489	71	5	4	1789717509654609920
5490	71	6	4	1789717509654608896
5491	71	7	4	1789717509654608896
5492	71	8	4	1789717509654610944
5493	71	9	4	1789717509654609920
5494	71	10	4	1789717509654611968
5495	71	11	4	1789717509654612992
5496	71	12	4	1789717509654612992
5497	71	13	4	1789717509654611968
5498	71	14	4	1789717509654611968
5499	71	15	4	1789717509654611968
5500	71	16	4	1789717509654611968
5501	71	17	4	1789717509654612992
5502	71	18	4	1789717509654611968
5503	71	19	4	1789717509654612992
5504	71	20	4	1789717509654612992
5505	71	21	4	1789717509654611968
5506	71	22	4	1789717509654611968
5507	71	23	4	1789717509654609920
5508	71	24	4	1789717509654610944
5509	71	25	4	1789717509654610944
5510	71	26	4	1789717509654611968
5511	71	27	4	1789717509654612992
5512	71	28	4	1789717509654611968
5513	71	29	4	1789717509654612992
5514	71	30	4	1789717509654615040
5515	71	31	4	1789717509654616064
5516	71	32	4	1789717509654623232
5517	71	33	4	1789717509654622208
5518	71	34	4	1789717509654623232
5519	71	35	4	1789717509654622208
5520	71	36	4	1789717509654623232
5521	71	37	4	1789717509654622208
5522	71	38	4	1789717509654622208
5523	71	39	4	1789717509654622208
5524	71	40	4	1789717509654622208
5525	71	41	4	1789717509654622208
5526	71	42	4	1789717509654623232
5527	71	43	4	1789717509654622208
5528	71	44	4	1789717509654622208
5529	71	45	4	1789717509654623232
5530	71	46	4	1789717509654622208
5531	71	47	4	1789717509654622208
5532	71	48	4	1789717509654622208
5533	71	49	4	1789717509654622208
5534	71	50	4	1789717509654621184
5535	71	51	4	1789717509654622208
5536	71	52	4	1789717509654622208
5537	71	53	4	1789717509654622208
5538	71	54	4	1789717509654622208
5539	71	55	4	1789717509654621184
5540	71	56	4	1789717509654622208
5541	71	57	4	1789717509654623232
5542	71	58	4	1789717509654622208
5543	71	59	4	1789717509654622208
5544	71	60	4	1789717509654623232
5545	71	61	4	1789717509654623232
5546	71	62	4	1789717509654622208
5547	71	63	4	1789717509654622208
5548	71	64	4	1789717509654618112
5549	71	65	4	1789717509654618112
5550	71	66	4	1789717509654617088
5551	71	67	4	1789717509654618112
5552	71	68	4	1789717509654618112
5553	71	69	4	1789717509654617088
5554	71	70	4	1789717509654618112
5555	71	71	4	1789717509654617088
5556	71	72	4	1789717509654617088
5557	71	73	4	1789717509654617088
5558	71	74	4	1789717509654617088
5559	71	75	4	1789717509654617088
5560	71	76	4	1789717509654617088
5561	71	77	4	1789717509654618112
5562	71	78	4	1789717509654618112
5563	71	79	4	1789717509654617088
5564	71	80	4	1789717509654617088
5565	71	81	4	1789717509654617088
5566	71	82	4	1789717509654617088
5567	71	83	4	1789717509654617088
5568	71	84	4	1789717509654617088
5569	71	85	4	1789717509654616064
5570	71	86	4	1789717509654618112
5571	71	87	4	1789717509654619136
5572	71	88	4	1789717509654624256
5573	71	89	4	1789717509654624256
5574	71	90	4	1789717509654625280
5575	71	91	4	1789717509654626304
5576	71	92	4	1789717509654625280
5577	71	93	4	1789717509654625280
5578	71	94	4	1789717509654627328
5579	71	95	4	1789717509654625280
5580	71	96	4	1789717509654615040
5581	71	97	4	1789717509654616064
5582	71	98	4	1789717509654616064
5583	71	99	4	1789717509654616064
5584	71	100	4	1789717509654616064
5585	71	101	4	1789717509654617088
5586	71	102	4	1789717509654617088
5587	71	103	4	1789717509654617088
5588	71	104	4	1789717509654616064
5589	71	105	4	1789717509654616064
5590	71	106	4	1789717509654618112
5591	71	107	4	1789717509654619136
5592	71	108	4	1789717509654619136
5593	71	109	4	1789717509654618112
5594	71	110	4	1789717509654619136
5595	71	111	4	1789717509654620160
5596	71	112	4	1789717509654626304
5597	71	113	4	1789717509654625280
5598	71	114	4	1789717509654625280
5599	71	115	4	1789717509654625280
5600	71	116	4	1789717509654624256
5601	71	117	4	1789717509654625280
5602	71	118	4	1789717509654626304
5603	71	119	4	1789717509654627328
5604	71	120	4	1789717509654624256
5605	71	121	4	1789717509654624256
5606	71	122	4	1789717509654623232
5607	71	123	4	1789717509654622208
5608	71	124	4	1789717509654621184
5609	71	125	4	1789717509654623232
5610	71	126	4	1789717509654628352
5611	71	127	4	1789717509654629376
5612	72	4294967295	128	1789717509654633472
5613	73	0	4	1789717509654629376
5614	73	1	4	1789717509654628352
5615	73	2	4	1789717509654629376
5616	73	3	4	1789717509654628352
5617	73	4	4	1789717509654628352
5618	73	5	4	1789717509654628352
5619	73	6	4	1789717509654628352
5620	73	7	4	1789717509654627328
5621	73	8	4	1789717509654628352
5622	73	9	4	1789717509654628352
5623	73	10	4	1789717509654628352
5624	73	11	4	1789717509654628352
5625	73	12	4	1789717509654628352
5626	73	13	4	1789717509654628352
5627	73	14	4	1789717509654628352
5628	73	15	4	1789717509654627328
5629	73	16	4	1789717509654628352
5630	73	17	4	1789717509654627328
5631	73	18	4	1789717509654627328
5632	73	19	4	1789717509654627328
5633	73	20	4	1789717509654628352
5634	73	21	4	1789717509654628352
5635	73	22	4	1789717509654627328
5636	73	23	4	1789717509654628352
5637	73	24	4	1789717509654627328
5638	73	25	4	1789717509654629376
5639	73	26	4	1789717509654628352
5640	73	27	4	1789717509654627328
5641	73	28	4	1789717509654629376
5642	73	29	4	1789717509654629376
5643	73	30	4	1789717509654628352
5644	73	31	4	1789717509654627328
5645	73	32	4	1789717509654627328
5646	73	33	4	1789717509654627328
5647	73	34	4	1789717509654627328
5648	73	35	4	1789717509654627328
5649	73	36	4	1789717509654627328
5650	73	37	4	1789717509654627328
5651	73	38	4	1789717509654627328
5652	73	39	4	1789717509654627328
5653	73	40	4	1789717509654627328
5654	73	41	4	1789717509654627328
5655	73	42	4	1789717509654627328
5656	73	43	4	1789717509654627328
5657	73	44	4	1789717509654627328
5658	73	45	4	1789717509654627328
5659	73	46	4	1789717509654627328
5660	73	47	4	1789717509654627328
5661	73	48	4	1789717509654627328
5662	73	49	4	1789717509654627328
5663	73	50	4	1789717509654627328
5664	73	51	4	1789717509654627328
5665	73	52	4	1789717509654627328
5666	73	53	4	1789717509654627328
5667	73	54	4	1789717509654627328
5668	73	55	4	1789717509654627328
5669	73	56	4	1789717509654630400
5670	73	57	4	1789717509654630400
5671	73	58	4	1789717509654630400
5672	73	59	4	1789717509654632448
5673	73	60	4	1789717509654631424
5674	73	61	4	1789717509654631424
5675	73	62	4	1789717509654632448
5676	73	63	4	1789717509654631424
5677	73	64	4	1789717509654627328
5678	73	65	4	1789717509654627328
5679	73	66	4	1789717509654627328
5680	73	67	4	1789717509654627328
5681	73	68	4	1789717509654627328
5682	73	69	4	1789717509654627328
5683	73	70	4	1789717509654627328
5684	73	71	4	1789717509654627328
5685	73	72	4	1789717509654627328
5686	73	73	4	1789717509654627328
5687	73	74	4	1789717509654627328
5688	73	75	4	1789717509654627328
5689	73	76	4	1789717509654627328
5690	73	77	4	1789717509654627328
5691	73	78	4	1789717509654627328
5692	73	79	4	1789717509654627328
5693	73	80	4	1789717509654632448
5694	73	81	4	1789717509654631424
5695	73	82	4	1789717509654631424
5696	73	83	4	1789717509654631424
5697	73	84	4	1789717509654631424
5698	73	85	4	1789717509654631424
5699	73	86	4	1789717509654632448
5700	73	87	4	1789717509654633472
5701	73	88	4	1789717509654630400
5702	73	89	4	1789717509654629376
5703	73	90	4	1789717509654630400
5704	73	91	4	1789717509654627328
5705	73	92	4	1789717509654628352
5706	73	93	4	1789717509654629376
5707	73	94	4	1789717509654634496
5708	73	95	4	1789717509654635520
5709	73	96	4	1789717509654627328
5710	73	97	4	1789717509654627328
5711	73	98	4	1789717509654627328
5712	73	99	4	1789717509654627328
5713	73	100	4	1789717509654627328
5714	73	101	4	1789717509654627328
5715	73	102	4	1789717509654627328
5716	73	103	4	1789717509654628352
5717	73	104	4	1789717509654633472
5718	73	105	4	1789717509654633472
5719	73	106	4	1789717509654633472
5720	73	107	4	1789717509654633472
5721	73	108	4	1789717509654631424
5722	73	109	4	1789717509654631424
5723	73	110	4	1789717509654632448
5724	73	111	4	1789717509654633472
5725	73	112	4	1789717509654629376
5726	73	113	4	1789717509654629376
5727	73	114	4	1789717509654628352
5728	73	115	4	1789717509654628352
5729	73	116	4	1789717509654628352
5730	73	117	4	1789717509654630400
5731	73	118	4	1789717509654636544
5732	73	119	4	1789717509654636544
5733	73	120	4	1789717509654630400
5734	73	121	4	1789717509654630400
5735	73	122	4	1789717509654630400
5736	73	123	4	1789717509654630400
5737	73	124	4	1789717509654636544
5738	73	125	4	1789717509654637568
5739	73	126	4	1789717509654634496
5740	73	127	4	1789717509654639616
5741	74	0	4	1789717509654626304
5742	74	1	4	1789717509654625280
5743	74	2	4	1789717509654626304
5744	74	3	4	1789717509654625280
5745	74	4	4	1789717509654626304
5746	74	5	4	1789717509654625280
5747	74	6	4	1789717509654625280
5748	74	7	4	1789717509654624256
5749	74	8	4	1789717509654625280
5750	74	9	4	1789717509654625280
5751	74	10	4	1789717509654626304
5752	74	11	4	1789717509654625280
5753	74	12	4	1789717509654625280
5754	74	13	4	1789717509654626304
5755	74	14	4	1789717509654625280
5756	74	15	4	1789717509654624256
5757	74	16	4	1789717509654625280
5758	74	17	4	1789717509654624256
5759	74	18	4	1789717509654624256
5760	74	19	4	1789717509654624256
5761	74	20	4	1789717509654625280
5762	74	21	4	1789717509654625280
5763	74	22	4	1789717509654624256
5764	74	23	4	1789717509654625280
5765	74	24	4	1789717509654624256
5766	74	25	4	1789717509654626304
5767	74	26	4	1789717509654625280
5768	74	27	4	1789717509654624256
5769	74	28	4	1789717509654626304
5770	74	29	4	1789717509654626304
5771	74	30	4	1789717509654625280
5772	74	31	4	1789717509654624256
5773	74	32	4	1789717509654621184
5774	74	33	4	1789717509654621184
5775	74	34	4	1789717509654620160
5776	74	35	4	1789717509654620160
5777	74	36	4	1789717509654621184
5778	74	37	4	1789717509654620160
5779	74	38	4	1789717509654621184
5780	74	39	4	1789717509654620160
5781	74	40	4	1789717509654620160
5782	74	41	4	1789717509654621184
5783	74	42	4	1789717509654620160
5784	74	43	4	1789717509654620160
5785	74	44	4	1789717509654620160
5786	74	45	4	1789717509654621184
5787	74	46	4	1789717509654621184
5788	74	47	4	1789717509654620160
5789	74	48	4	1789717509654621184
5790	74	49	4	1789717509654621184
5791	74	50	4	1789717509654620160
5792	74	51	4	1789717509654620160
5793	74	52	4	1789717509654619136
5794	74	53	4	1789717509654619136
5795	74	54	4	1789717509654620160
5796	74	55	4	1789717509654622208
5797	74	56	4	1789717509654627328
5798	74	57	4	1789717509654627328
5799	74	58	4	1789717509654628352
5800	74	59	4	1789717509654629376
5801	74	60	4	1789717509654628352
5802	74	61	4	1789717509654628352
5803	74	62	4	1789717509654629376
5804	74	63	4	1789717509654628352
5805	74	64	4	1789717509654619136
5806	74	65	4	1789717509654620160
5807	74	66	4	1789717509654620160
5808	74	67	4	1789717509654619136
5809	74	68	4	1789717509654619136
5810	74	69	4	1789717509654620160
5811	74	70	4	1789717509654621184
5812	74	71	4	1789717509654620160
5813	74	72	4	1789717509654619136
5814	74	73	4	1789717509654619136
5815	74	74	4	1789717509654621184
5816	74	75	4	1789717509654622208
5817	74	76	4	1789717509654622208
5818	74	77	4	1789717509654621184
5819	74	78	4	1789717509654622208
5820	74	79	4	1789717509654623232
5821	74	80	4	1789717509654628352
5822	74	81	4	1789717509654629376
5823	74	82	4	1789717509654628352
5824	74	83	4	1789717509654628352
5825	74	84	4	1789717509654628352
5826	74	85	4	1789717509654628352
5827	74	86	4	1789717509654629376
5828	74	87	4	1789717509654630400
5829	74	88	4	1789717509654627328
5830	74	89	4	1789717509654627328
5831	74	90	4	1789717509654626304
5832	74	91	4	1789717509654625280
5833	74	92	4	1789717509654625280
5834	74	93	4	1789717509654626304
5835	74	94	4	1789717509654632448
5836	74	95	4	1789717509654632448
5837	74	96	4	1789717509654624256
5838	74	97	4	1789717509654624256
5839	74	98	4	1789717509654624256
5840	74	99	4	1789717509654624256
5841	74	100	4	1789717509654624256
5842	74	101	4	1789717509654623232
5843	74	102	4	1789717509654623232
5844	74	103	4	1789717509654625280
5845	74	104	4	1789717509654630400
5846	74	105	4	1789717509654630400
5847	74	106	4	1789717509654630400
5848	74	107	4	1789717509654630400
5849	74	108	4	1789717509654628352
5850	74	109	4	1789717509654628352
5851	74	110	4	1789717509654629376
5852	74	111	4	1789717509654630400
5853	74	112	4	1789717509654626304
5854	74	113	4	1789717509654626304
5855	74	114	4	1789717509654625280
5856	74	115	4	1789717509654625280
5857	74	116	4	1789717509654625280
5858	74	117	4	1789717509654626304
5859	74	118	4	1789717509654632448
5860	74	119	4	1789717509654633472
5861	74	120	4	1789717509654627328
5862	74	121	4	1789717509654628352
5863	74	122	4	1789717509654626304
5864	74	123	4	1789717509654627328
5865	74	124	4	1789717509654633472
5866	74	125	4	1789717509654634496
5867	74	126	4	1789717509654631424
5868	74	127	4	1789717509654636544
5869	75	4294967295	512	1789717509654644736
5870	76	4294967295	512	1789717509654641664
5871	77	4294967295	512	1789717509654676480
5872	78	0	4	1789717509654683648
5873	78	1	4	1789717509654683648
5874	78	2	4	1789717509654683648
5875	78	3	4	1789717509654683648
5876	78	4	4	1789717509654683648
5877	78	5	4	1789717509654683648
5878	78	6	4	1789717509654683648
5879	78	7	4	1789717509654683648
5880	78	8	4	1789717509654683648
5881	78	9	4	1789717509654683648
5882	78	10	4	1789717509654683648
5883	78	11	4	1789717509654683648
5884	78	12	4	1789717509654683648
5885	78	13	4	1789717509654683648
5886	78	14	4	1789717509654683648
5887	78	15	4	1789717509654683648
5888	78	16	4	1789717509654683648
5889	78	17	4	1789717509654683648
5890	78	18	4	1789717509654683648
5891	78	19	4	1789717509654683648
5892	78	20	4	1789717509654683648
5893	78	21	4	1789717509654683648
5894	78	22	4	1789717509654683648
5895	78	23	4	1789717509654683648
5896	78	24	4	1789717509654683648
5897	78	25	4	1789717509654683648
5898	78	26	4	1789717509654683648
5899	78	27	4	1789717509654683648
5900	78	28	4	1789717509654683648
5901	78	29	4	1789717509654683648
5902	78	30	4	1789717509654683648
5903	78	31	4	1789717509654683648
5904	78	32	4	1789717509654683648
5905	78	33	4	1789717509654683648
5906	78	34	4	1789717509654683648
5907	78	35	4	1789717509654683648
5908	78	36	4	1789717509654683648
5909	78	37	4	1789717509654683648
5910	78	38	4	1789717509654683648
5911	78	39	4	1789717509654683648
5912	78	40	4	1789717509654683648
5913	78	41	4	1789717509654682624
5914	78	42	4	1789717509654682624
5915	78	43	4	1789717509654683648
5916	78	44	4	1789717509654682624
5917	78	45	4	1789717509654683648
5918	78	46	4	1789717509654683648
5919	78	47	4	1789717509654683648
5920	78	48	4	1789717509654683648
5921	78	49	4	1789717509654682624
5922	78	50	4	1789717509654683648
5923	78	51	4	1789717509654682624
5924	78	52	4	1789717509654682624
5925	78	53	4	1789717509654683648
5926	78	54	4	1789717509654682624
5927	78	55	4	1789717509654683648
5928	78	56	4	1789717509654683648
5929	78	57	4	1789717509654683648
5930	78	58	4	1789717509654683648
5931	78	59	4	1789717509654683648
5932	78	60	4	1789717509654683648
5933	78	61	4	1789717509654682624
5934	78	62	4	1789717509654683648
5935	78	63	4	1789717509654682624
5936	78	64	4	1789717509654682624
5937	78	65	4	1789717509654682624
5938	78	66	4	1789717509654682624
5939	78	67	4	1789717509654682624
5940	78	68	4	1789717509654682624
5941	78	69	4	1789717509654682624
5942	78	70	4	1789717509654683648
5943	78	71	4	1789717509654683648
5944	78	72	4	1789717509654683648
5945	78	73	4	1789717509654682624
5946	78	74	4	1789717509654683648
5947	78	75	4	1789717509654683648
5948	78	76	4	1789717509654683648
5949	78	77	4	1789717509654683648
5950	78	78	4	1789717509654683648
5951	78	79	4	1789717509654683648
5952	78	80	4	1789717509654683648
5953	78	81	4	1789717509654683648
5954	78	82	4	1789717509654683648
5955	78	83	4	1789717509654683648
5956	78	84	4	1789717509654683648
5957	78	85	4	1789717509654683648
5958	78	86	4	1789717509654683648
5959	78	87	4	1789717509654683648
5960	78	88	4	1789717509654683648
5961	78	89	4	1789717509654683648
5962	78	90	4	1789717509654683648
5963	78	91	4	1789717509654683648
5964	78	92	4	1789717509654683648
5965	78	93	4	1789717509654683648
5966	78	94	4	1789717509654683648
5967	78	95	4	1789717509654683648
5968	78	96	4	1789717509654684672
5969	78	97	4	1789717509654684672
5970	78	98	4	1789717509654683648
5971	78	99	4	1789717509654684672
5972	78	100	4	1789717509654683648
5973	78	101	4	1789717509654684672
5974	78	102	4	1789717509654683648
5975	78	103	4	1789717509654684672
5976	78	104	4	1789717509654684672
5977	78	105	4	1789717509654684672
5978	78	106	4	1789717509654683648
5979	78	107	4	1789717509654684672
5980	78	108	4	1789717509654684672
5981	78	109	4	1789717509654683648
5982	78	110	4	1789717509654683648
5983	78	111	4	1789717509654683648
5984	78	112	4	1789717509654684672
5985	78	113	4	1789717509654684672
5986	78	114	4	1789717509654684672
5987	78	115	4	1789717509654683648
5988	78	116	4	1789717509654684672
5989	78	117	4	1789717509654684672
5990	78	118	4	1789717509654684672
5991	78	119	4	1789717509654683648
5992	78	120	4	1789717509654684672
5993	78	121	4	1789717509654684672
5994	78	122	4	1789717509654683648
5995	78	123	4	1789717509654684672
5996	78	124	4	1789717509654683648
5997	78	125	4	1789717509654684672
5998	78	126	4	1789717509654684672
5999	78	127	4	1789717509654683648
6000	79	0	4	1789717509654691840
6001	79	1	4	1789717509654690816
6002	79	2	4	1789717509654690816
6003	79	3	4	1789717509654690816
6004	79	4	4	1789717509654690816
6005	79	5	4	1789717509654690816
6006	79	6	4	1789717509654690816
6007	79	7	4	1789717509654689792
6008	79	8	4	1789717509654691840
6009	79	9	4	1789717509654690816
6010	79	10	4	1789717509654690816
6011	79	11	4	1789717509654690816
6012	79	12	4	1789717509654690816
6013	79	13	4	1789717509654691840
6014	79	14	4	1789717509654690816
6015	79	15	4	1789717509654690816
6016	79	16	4	1789717509654690816
6017	79	17	4	1789717509654690816
6018	79	18	4	1789717509654689792
6019	79	19	4	1789717509654689792
6020	79	20	4	1789717509654690816
6021	79	21	4	1789717509654690816
6022	79	22	4	1789717509654691840
6023	79	23	4	1789717509654690816
6024	79	24	4	1789717509654691840
6025	79	25	4	1789717509654691840
6026	79	26	4	1789717509654690816
6027	79	27	4	1789717509654689792
6028	79	28	4	1789717509654691840
6029	79	29	4	1789717509654691840
6030	79	30	4	1789717509654690816
6031	79	31	4	1789717509654690816
6032	80	0	4	1789717509654695936
6033	80	1	4	1789717509654696960
6034	80	2	4	1789717509654696960
6035	80	3	4	1789717509654695936
6036	80	4	4	1789717509654696960
6037	80	5	4	1789717509654695936
6038	80	6	4	1789717509654696960
6039	80	7	4	1789717509654695936
6040	80	8	4	1789717509654695936
6041	80	9	4	1789717509654695936
6042	80	10	4	1789717509654695936
6043	80	11	4	1789717509654697984
6044	80	12	4	1789717509654695936
6045	80	13	4	1789717509654695936
6046	80	14	4	1789717509654695936
6047	80	15	4	1789717509654695936
6048	80	16	4	1789717509654697984
6049	80	17	4	1789717509654695936
6050	80	18	4	1789717509654695936
6051	80	19	4	1789717509654695936
6052	80	20	4	1789717509654695936
6053	80	21	4	1789717509654695936
6054	80	22	4	1789717509654695936
6055	80	23	4	1789717509654695936
6056	80	24	4	1789717509654696960
6057	80	25	4	1789717509654696960
6058	80	26	4	1789717509654696960
6059	80	27	4	1789717509654696960
6060	80	28	4	1789717509654696960
6061	80	29	4	1789717509654697984
6062	80	30	4	1789717509654696960
6063	80	31	4	1789717509654696960
6064	81	0	4	1789717509654703104
6065	81	1	4	1789717509654703104
6066	81	2	4	1789717509654703104
6067	81	3	4	1789717509654703104
6068	81	4	4	1789717509654703104
6069	81	5	4	1789717509654704128
6070	81	6	4	1789717509654703104
6071	81	7	4	1789717509654704128
6072	81	8	4	1789717509654704128
6073	81	9	4	1789717509654703104
6074	81	10	4	1789717509654704128
6075	81	11	4	1789717509654704128
6076	81	12	4	1789717509654704128
6077	81	13	4	1789717509654704128
6078	81	14	4	1789717509654704128
6079	81	15	4	1789717509654704128
6080	81	16	4	1789717509654704128
6081	81	17	4	1789717509654704128
6082	81	18	4	1789717509654704128
6083	81	19	4	1789717509654704128
6084	81	20	4	1789717509654704128
6085	81	21	4	1789717509654704128
6086	81	22	4	1789717509654704128
6087	81	23	4	1789717509654704128
6088	81	24	4	1789717509654704128
6089	81	25	4	1789717509654704128
6090	81	26	4	1789717509654704128
6091	81	27	4	1789717509654704128
6092	81	28	4	1789717509654704128
6093	81	29	4	1789717509654704128
6094	81	30	4	1789717509654704128
6095	81	31	4	1789717509654704128
6096	81	32	4	1789717509654705152
6097	81	33	4	1789717509654705152
6098	81	34	4	1789717509654705152
6099	81	35	4	1789717509654705152
6100	81	36	4	1789717509654705152
6101	81	37	4	1789717509654704128
6102	81	38	4	1789717509654704128
6103	81	39	4	1789717509654704128
6104	81	40	4	1789717509654705152
6105	81	41	4	1789717509654705152
6106	81	42	4	1789717509654705152
6107	81	43	4	1789717509654705152
6108	81	44	4	1789717509654704128
6109	81	45	4	1789717509654704128
6110	81	46	4	1789717509654704128
6111	81	47	4	1789717509654704128
6112	81	48	4	1789717509654705152
6113	81	49	4	1789717509654705152
6114	81	50	4	1789717509654704128
6115	81	51	4	1789717509654704128
6116	81	52	4	1789717509654704128
6117	81	53	4	1789717509654704128
6118	81	54	4	1789717509654705152
6119	81	55	4	1789717509654704128
6120	81	56	4	1789717509654705152
6121	81	57	4	1789717509654705152
6122	81	58	4	1789717509654705152
6123	81	59	4	1789717509654705152
6124	81	60	4	1789717509654704128
6125	81	61	4	1789717509654704128
6126	81	62	4	1789717509654704128
6127	81	63	4	1789717509654704128
6128	81	64	4	1789717509654705152
6129	81	65	4	1789717509654705152
6130	81	66	4	1789717509654705152
6131	81	67	4	1789717509654705152
6132	81	68	4	1789717509654705152
6133	81	69	4	1789717509654705152
6134	81	70	4	1789717509654704128
6135	81	71	4	1789717509654704128
6136	81	72	4	1789717509654705152
6137	81	73	4	1789717509654704128
6138	81	74	4	1789717509654705152
6139	81	75	4	1789717509654705152
6140	81	76	4	1789717509654705152
6141	81	77	4	1789717509654705152
6142	81	78	4	1789717509654704128
6143	81	79	4	1789717509654704128
6144	81	80	4	1789717509654704128
6145	81	81	4	1789717509654705152
6146	81	82	4	1789717509654704128
6147	81	83	4	1789717509654704128
6148	81	84	4	1789717509654704128
6149	81	85	4	1789717509654704128
6150	81	86	4	1789717509654704128
6151	81	87	4	1789717509654704128
6152	81	88	4	1789717509654704128
6153	81	89	4	1789717509654705152
6154	81	90	4	1789717509654705152
6155	81	91	4	1789717509654705152
6156	81	92	4	1789717509654705152
6157	81	93	4	1789717509654705152
6158	81	94	4	1789717509654705152
6159	81	95	4	1789717509654704128
6160	81	96	4	1789717509654704128
6161	81	97	4	1789717509654704128
6162	81	98	4	1789717509654704128
6163	81	99	4	1789717509654704128
6164	81	100	4	1789717509654704128
6165	81	101	4	1789717509654704128
6166	81	102	4	1789717509654704128
6167	81	103	4	1789717509654704128
6168	81	104	4	1789717509654704128
6169	81	105	4	1789717509654704128
6170	81	106	4	1789717509654704128
6171	81	107	4	1789717509654705152
6172	81	108	4	1789717509654704128
6173	81	109	4	1789717509654704128
6174	81	110	4	1789717509654705152
6175	81	111	4	1789717509654704128
6176	81	112	4	1789717509654704128
6177	81	113	4	1789717509654704128
6178	81	114	4	1789717509654704128
6179	81	115	4	1789717509654704128
6180	81	116	4	1789717509654704128
6181	81	117	4	1789717509654704128
6182	81	118	4	1789717509654704128
6183	81	119	4	1789717509654704128
6184	81	120	4	1789717509654704128
6185	81	121	4	1789717509654704128
6186	81	122	4	1789717509654704128
6187	81	123	4	1789717509654704128
6188	81	124	4	1789717509654704128
6189	81	125	4	1789717509654704128
6190	81	126	4	1789717509654704128
6191	81	127	4	1789717509654704128
6192	81	128	4	1789717509654709248
6193	81	129	4	1789717509654709248
6194	81	130	4	1789717509654708224
6195	81	131	4	1789717509654708224
6196	81	132	4	1789717509654709248
6197	81	133	4	1789717509654710272
6198	81	134	4	1789717509654710272
6199	81	135	4	1789717509654710272
6200	81	136	4	1789717509654710272
6201	81	137	4	1789717509654710272
6202	81	138	4	1789717509654711296
6203	81	139	4	1789717509654712320
6204	81	140	4	1789717509654711296
6205	81	141	4	1789717509654711296
6206	81	142	4	1789717509654711296
6207	81	143	4	1789717509654711296
6208	81	144	4	1789717509654711296
6209	81	145	4	1789717509654712320
6210	81	146	4	1789717509654711296
6211	81	147	4	1789717509654711296
6212	81	148	4	1789717509654711296
6213	81	149	4	1789717509654711296
6214	81	150	4	1789717509654711296
6215	81	151	4	1789717509654711296
6216	81	152	4	1789717509654712320
6217	81	153	4	1789717509654711296
6218	81	154	4	1789717509654711296
6219	81	155	4	1789717509654711296
6220	81	156	4	1789717509654711296
6221	81	157	4	1789717509654711296
6222	81	158	4	1789717509654711296
6223	81	159	4	1789717509654711296
6224	81	160	4	1789717509654712320
6225	81	161	4	1789717509654713344
6226	81	162	4	1789717509654712320
6227	81	163	4	1789717509654712320
6228	81	164	4	1789717509654713344
6229	81	165	4	1789717509654712320
6230	81	166	4	1789717509654712320
6231	81	167	4	1789717509654712320
6232	81	168	4	1789717509654713344
6233	81	169	4	1789717509654712320
6234	81	170	4	1789717509654712320
6235	81	171	4	1789717509654712320
6236	81	172	4	1789717509654712320
6237	81	173	4	1789717509654711296
6238	81	174	4	1789717509654711296
6239	81	175	4	1789717509654712320
6240	81	176	4	1789717509654713344
6241	81	177	4	1789717509654712320
6242	81	178	4	1789717509654712320
6243	81	179	4	1789717509654712320
6244	81	180	4	1789717509654712320
6245	81	181	4	1789717509654711296
6246	81	182	4	1789717509654712320
6247	81	183	4	1789717509654712320
6248	81	184	4	1789717509654712320
6249	81	185	4	1789717509654712320
6250	81	186	4	1789717509654712320
6251	81	187	4	1789717509654711296
6252	81	188	4	1789717509654711296
6253	81	189	4	1789717509654711296
6254	81	190	4	1789717509654711296
6255	81	191	4	1789717509654711296
6256	81	192	4	1789717509654712320
6257	81	193	4	1789717509654712320
6258	81	194	4	1789717509654712320
6259	81	195	4	1789717509654712320
6260	81	196	4	1789717509654712320
6261	81	197	4	1789717509654712320
6262	81	198	4	1789717509654711296
6263	81	199	4	1789717509654711296
6264	81	200	4	1789717509654712320
6265	81	201	4	1789717509654711296
6266	81	202	4	1789717509654712320
6267	81	203	4	1789717509654711296
6268	81	204	4	1789717509654712320
6269	81	205	4	1789717509654711296
6270	81	206	4	1789717509654711296
6271	81	207	4	1789717509654712320
6272	81	208	4	1789717509654711296
6273	81	209	4	1789717509654712320
6274	81	210	4	1789717509654711296
6275	81	211	4	1789717509654711296
6276	81	212	4	1789717509654711296
6277	81	213	4	1789717509654711296
6278	81	214	4	1789717509654711296
6279	81	215	4	1789717509654711296
6280	81	216	4	1789717509654711296
6281	81	217	4	1789717509654712320
6282	81	218	4	1789717509654712320
6283	81	219	4	1789717509654712320
6284	81	220	4	1789717509654712320
6285	81	221	4	1789717509654712320
6286	81	222	4	1789717509654712320
6287	81	223	4	1789717509654712320
6288	81	224	4	1789717509654711296
6289	81	225	4	1789717509654711296
6290	81	226	4	1789717509654711296
6291	81	227	4	1789717509654711296
6292	81	228	4	1789717509654711296
6293	81	229	4	1789717509654710272
6294	81	230	4	1789717509654711296
6295	81	231	4	1789717509654711296
6296	81	232	4	1789717509654711296
6297	81	233	4	1789717509654711296
6298	81	234	4	1789717509654711296
6299	81	235	4	1789717509654711296
6300	81	236	4	1789717509654711296
6301	81	237	4	1789717509654711296
6302	81	238	4	1789717509654711296
6303	81	239	4	1789717509654711296
6304	81	240	4	1789717509654711296
6305	81	241	4	1789717509654711296
6306	81	242	4	1789717509654711296
6307	81	243	4	1789717509654711296
6308	81	244	4	1789717509654710272
6309	81	245	4	1789717509654711296
6310	81	246	4	1789717509654711296
6311	81	247	4	1789717509654710272
6312	81	248	4	1789717509654711296
6313	81	249	4	1789717509654711296
6314	81	250	4	1789717509654711296
6315	81	251	4	1789717509654711296
6316	81	252	4	1789717509654711296
6317	81	253	4	1789717509654711296
6318	81	254	4	1789717509654711296
6319	81	255	4	1789717509654711296
6320	82	0	4	1789717509654714368
6321	82	1	4	1789717509654714368
6322	82	2	4	1789717509654714368
6323	82	3	4	1789717509654714368
6324	82	4	4	1789717509654714368
6325	82	5	4	1789717509654714368
6326	82	6	4	1789717509654714368
6327	82	7	4	1789717509654714368
6328	82	8	4	1789717509654715392
6329	82	9	4	1789717509654714368
6330	82	10	4	1789717509654717440
6331	82	11	4	1789717509654720512
6332	82	12	4	1789717509654718464
6333	82	13	4	1789717509654719488
6334	82	14	4	1789717509654719488
6335	82	15	4	1789717509654718464
6336	82	16	4	1789717509654717440
6337	82	17	4	1789717509654720512
6338	82	18	4	1789717509654718464
6339	82	19	4	1789717509654719488
6340	82	20	4	1789717509654718464
6341	82	21	4	1789717509654718464
6342	82	22	4	1789717509654719488
6343	82	23	4	1789717509654719488
6344	82	24	4	1789717509654719488
6345	82	25	4	1789717509654718464
6346	82	26	4	1789717509654718464
6347	82	27	4	1789717509654715392
6348	82	28	4	1789717509654716416
6349	82	29	4	1789717509654716416
6350	82	30	4	1789717509654716416
6351	82	31	4	1789717509654716416
6352	82	32	4	1789717509654721536
6353	82	33	4	1789717509654721536
6354	82	34	4	1789717509654721536
6355	82	35	4	1789717509654721536
6356	82	36	4	1789717509654721536
6357	82	37	4	1789717509654721536
6358	82	38	4	1789717509654721536
6359	82	39	4	1789717509654721536
6360	82	40	4	1789717509654722560
6361	82	41	4	1789717509654722560
6362	82	42	4	1789717509654721536
6363	82	43	4	1789717509654720512
6364	82	44	4	1789717509654720512
6365	82	45	4	1789717509654719488
6366	82	46	4	1789717509654719488
6367	82	47	4	1789717509654720512
6368	82	48	4	1789717509654722560
6369	82	49	4	1789717509654720512
6370	82	50	4	1789717509654718464
6371	82	51	4	1789717509654720512
6372	82	52	4	1789717509654720512
6373	82	53	4	1789717509654719488
6374	82	54	4	1789717509654719488
6375	82	55	4	1789717509654719488
6376	82	56	4	1789717509654719488
6377	82	57	4	1789717509654719488
6378	82	58	4	1789717509654718464
6379	82	59	4	1789717509654717440
6380	82	60	4	1789717509654718464
6381	82	61	4	1789717509654717440
6382	82	62	4	1789717509654716416
6383	82	63	4	1789717509654717440
6384	83	0	4	1789717509654718464
6385	83	1	4	1789717509654718464
6386	83	2	4	1789717509654718464
6387	83	3	4	1789717509654719488
6388	83	4	4	1789717509654718464
6389	83	5	4	1789717509654718464
6390	83	6	4	1789717509654717440
6391	83	7	4	1789717509654717440
6392	83	8	4	1789717509654718464
6393	83	9	4	1789717509654718464
6394	83	10	4	1789717509654718464
6395	83	11	4	1789717509654718464
6396	83	12	4	1789717509654718464
6397	83	13	4	1789717509654717440
6398	83	14	4	1789717509654717440
6399	83	15	4	1789717509654718464
6400	83	16	4	1789717509654717440
6401	83	17	4	1789717509654718464
6402	83	18	4	1789717509654717440
6403	83	19	4	1789717509654717440
6404	83	20	4	1789717509654717440
6405	83	21	4	1789717509654717440
6406	83	22	4	1789717509654717440
6407	83	23	4	1789717509654717440
6408	83	24	4	1789717509654718464
6409	83	25	4	1789717509654719488
6410	83	26	4	1789717509654718464
6411	83	27	4	1789717509654718464
6412	83	28	4	1789717509654718464
6413	83	29	4	1789717509654718464
6414	83	30	4	1789717509654718464
6415	83	31	4	1789717509654718464
6416	83	32	4	1789717509654717440
6417	83	33	4	1789717509654717440
6418	83	34	4	1789717509654716416
6419	83	35	4	1789717509654716416
6420	83	36	4	1789717509654716416
6421	83	37	4	1789717509654716416
6422	83	38	4	1789717509654716416
6423	83	39	4	1789717509654716416
6424	83	40	4	1789717509654716416
6425	83	41	4	1789717509654716416
6426	83	42	4	1789717509654716416
6427	83	43	4	1789717509654716416
6428	83	44	4	1789717509654716416
6429	83	45	4	1789717509654716416
6430	83	46	4	1789717509654716416
6431	83	47	4	1789717509654716416
6432	83	48	4	1789717509654717440
6433	83	49	4	1789717509654716416
6434	83	50	4	1789717509654716416
6435	83	51	4	1789717509654716416
6436	83	52	4	1789717509654716416
6437	83	53	4	1789717509654716416
6438	83	54	4	1789717509654716416
6439	83	55	4	1789717509654716416
6440	83	56	4	1789717509654716416
6441	83	57	4	1789717509654716416
6442	83	58	4	1789717509654716416
6443	83	59	4	1789717509654716416
6444	83	60	4	1789717509654717440
6445	83	61	4	1789717509654717440
6446	83	62	4	1789717509654716416
6447	83	63	4	1789717509654716416
6448	83	64	4	1789717509654720512
6449	83	65	4	1789717509654720512
6450	83	66	4	1789717509654719488
6451	83	67	4	1789717509654719488
6452	83	68	4	1789717509654720512
6453	83	69	4	1789717509654721536
6454	83	70	4	1789717509654721536
6455	83	71	4	1789717509654720512
6456	83	72	4	1789717509654721536
6457	83	73	4	1789717509654720512
6458	83	74	4	1789717509654723584
6459	83	75	4	1789717509654725632
6460	83	76	4	1789717509654724608
6461	83	77	4	1789717509654724608
6462	83	78	4	1789717509654724608
6463	83	79	4	1789717509654724608
6464	83	80	4	1789717509654724608
6465	83	81	4	1789717509654725632
6466	83	82	4	1789717509654724608
6467	83	83	4	1789717509654725632
6468	83	84	4	1789717509654725632
6469	83	85	4	1789717509654724608
6470	83	86	4	1789717509654724608
6471	83	87	4	1789717509654724608
6472	83	88	4	1789717509654725632
6473	83	89	4	1789717509654724608
6474	83	90	4	1789717509654724608
6475	83	91	4	1789717509654723584
6476	83	92	4	1789717509654724608
6477	83	93	4	1789717509654723584
6478	83	94	4	1789717509654723584
6479	83	95	4	1789717509654723584
6480	83	96	4	1789717509654726656
6481	83	97	4	1789717509654727680
6482	83	98	4	1789717509654726656
6483	83	99	4	1789717509654726656
6484	83	100	4	1789717509654726656
6485	83	101	4	1789717509654726656
6486	83	102	4	1789717509654726656
6487	83	103	4	1789717509654726656
6488	83	104	4	1789717509654727680
6489	83	105	4	1789717509654727680
6490	83	106	4	1789717509654726656
6491	83	107	4	1789717509654725632
6492	83	108	4	1789717509654725632
6493	83	109	4	1789717509654724608
6494	83	110	4	1789717509654724608
6495	83	111	4	1789717509654725632
6496	83	112	4	1789717509654727680
6497	83	113	4	1789717509654725632
6498	83	114	4	1789717509654725632
6499	83	115	4	1789717509654725632
6500	83	116	4	1789717509654726656
6501	83	117	4	1789717509654724608
6502	83	118	4	1789717509654724608
6503	83	119	4	1789717509654724608
6504	83	120	4	1789717509654725632
6505	83	121	4	1789717509654725632
6506	83	122	4	1789717509654724608
6507	83	123	4	1789717509654724608
6508	83	124	4	1789717509654726656
6509	83	125	4	1789717509654725632
6510	83	126	4	1789717509654724608
6511	83	127	4	1789717509654725632
6512	83	128	4	1789717509654725632
6513	83	129	4	1789717509654725632
6514	83	130	4	1789717509654724608
6515	83	131	4	1789717509654725632
6516	83	132	4	1789717509654724608
6517	83	133	4	1789717509654724608
6518	83	134	4	1789717509654724608
6519	83	135	4	1789717509654723584
6520	83	136	4	1789717509654725632
6521	83	137	4	1789717509654724608
6522	83	138	4	1789717509654724608
6523	83	139	4	1789717509654724608
6524	83	140	4	1789717509654724608
6525	83	141	4	1789717509654724608
6526	83	142	4	1789717509654724608
6527	83	143	4	1789717509654724608
6528	83	144	4	1789717509654724608
6529	83	145	4	1789717509654724608
6530	83	146	4	1789717509654724608
6531	83	147	4	1789717509654723584
6532	83	148	4	1789717509654724608
6533	83	149	4	1789717509654723584
6534	83	150	4	1789717509654723584
6535	83	151	4	1789717509654723584
6536	83	152	4	1789717509654724608
6537	83	153	4	1789717509654725632
6538	83	154	4	1789717509654724608
6539	83	155	4	1789717509654724608
6540	83	156	4	1789717509654724608
6541	83	157	4	1789717509654724608
6542	83	158	4	1789717509654724608
6543	83	159	4	1789717509654724608
6544	83	160	4	1789717509654723584
6545	83	161	4	1789717509654722560
6546	83	162	4	1789717509654722560
6547	83	163	4	1789717509654722560
6548	83	164	4	1789717509654722560
6549	83	165	4	1789717509654721536
6550	83	166	4	1789717509654722560
6551	83	167	4	1789717509654722560
6552	83	168	4	1789717509654722560
6553	83	169	4	1789717509654721536
6554	83	170	4	1789717509654721536
6555	83	171	4	1789717509654723584
6556	83	172	4	1789717509654722560
6557	83	173	4	1789717509654722560
6558	83	174	4	1789717509654722560
6559	83	175	4	1789717509654722560
6560	83	176	4	1789717509654723584
6561	83	177	4	1789717509654722560
6562	83	178	4	1789717509654721536
6563	83	179	4	1789717509654722560
6564	83	180	4	1789717509654722560
6565	83	181	4	1789717509654722560
6566	83	182	4	1789717509654722560
6567	83	183	4	1789717509654721536
6568	83	184	4	1789717509654721536
6569	83	185	4	1789717509654721536
6570	83	186	4	1789717509654722560
6571	83	187	4	1789717509654722560
6572	83	188	4	1789717509654722560
6573	83	189	4	1789717509654723584
6574	83	190	4	1789717509654723584
6575	83	191	4	1789717509654722560
6576	83	192	4	1789717509654725632
6577	83	193	4	1789717509654726656
6578	83	194	4	1789717509654725632
6579	83	195	4	1789717509654725632
6580	83	196	4	1789717509654726656
6581	83	197	4	1789717509654727680
6582	83	198	4	1789717509654727680
6583	83	199	4	1789717509654726656
6584	83	200	4	1789717509654728704
6585	83	201	4	1789717509654726656
6586	83	202	4	1789717509654727680
6587	83	203	4	1789717509654730752
6588	83	204	4	1789717509654729728
6589	83	205	4	1789717509654729728
6590	83	206	4	1789717509654729728
6591	83	207	4	1789717509654730752
6592	83	208	4	1789717509654729728
6593	83	209	4	1789717509654731776
6594	83	210	4	1789717509654729728
6595	83	211	4	1789717509654730752
6596	83	212	4	1789717509654730752
6597	83	213	4	1789717509654729728
6598	83	214	4	1789717509654729728
6599	83	215	4	1789717509654729728
6600	83	216	4	1789717509654730752
6601	83	217	4	1789717509654729728
6602	83	218	4	1789717509654729728
6603	83	219	4	1789717509654728704
6604	83	220	4	1789717509654729728
6605	83	221	4	1789717509654728704
6606	83	222	4	1789717509654728704
6607	83	223	4	1789717509654729728
6608	83	224	4	1789717509654731776
6609	83	225	4	1789717509654731776
6610	83	226	4	1789717509654731776
6611	83	227	4	1789717509654730752
6612	83	228	4	1789717509654731776
6613	83	229	4	1789717509654731776
6614	83	230	4	1789717509654730752
6615	83	231	4	1789717509654730752
6616	83	232	4	1789717509654732800
6617	83	233	4	1789717509654732800
6618	83	234	4	1789717509654731776
6619	83	235	4	1789717509654730752
6620	83	236	4	1789717509654730752
6621	83	237	4	1789717509654729728
6622	83	238	4	1789717509654729728
6623	83	239	4	1789717509654730752
6624	83	240	4	1789717509654732800
6625	83	241	4	1789717509654731776
6626	83	242	4	1789717509654730752
6627	83	243	4	1789717509654730752
6628	83	244	4	1789717509654730752
6629	83	245	4	1789717509654729728
6630	83	246	4	1789717509654729728
6631	83	247	4	1789717509654729728
6632	83	248	4	1789717509654730752
6633	83	249	4	1789717509654730752
6634	83	250	4	1789717509654729728
6635	83	251	4	1789717509654729728
6636	83	252	4	1789717509654730752
6637	83	253	4	1789717509654729728
6638	83	254	4	1789717509654729728
6639	83	255	4	1789717509654729728
6640	84	0	4	1789717509654730752
6641	84	1	4	1789717509654730752
6642	84	2	4	1789717509654729728
6643	84	3	4	1789717509654729728
6644	84	4	4	1789717509654729728
6645	84	5	4	1789717509654730752
6646	84	6	4	1789717509654728704
6647	84	7	4	1789717509654728704
6648	84	8	4	1789717509654730752
6649	84	9	4	1789717509654729728
6650	84	10	4	1789717509654729728
6651	84	11	4	1789717509654728704
6652	84	12	4	1789717509654729728
6653	84	13	4	1789717509654729728
6654	84	14	4	1789717509654729728
6655	84	15	4	1789717509654728704
6656	84	16	4	1789717509654729728
6657	84	17	4	1789717509654729728
6658	84	18	4	1789717509654729728
6659	84	19	4	1789717509654728704
6660	84	20	4	1789717509654729728
6661	84	21	4	1789717509654728704
6662	84	22	4	1789717509654728704
6663	84	23	4	1789717509654728704
6664	84	24	4	1789717509654731776
6665	84	25	4	1789717509654731776
6666	84	26	4	1789717509654731776
6667	84	27	4	1789717509654729728
6668	84	28	4	1789717509654731776
6669	84	29	4	1789717509654730752
6670	84	30	4	1789717509654729728
6671	84	31	4	1789717509654730752
6672	84	32	4	1789717509654730752
6673	84	33	4	1789717509654729728
6674	84	34	4	1789717509654729728
6675	84	35	4	1789717509654728704
6676	84	36	4	1789717509654729728
6677	84	37	4	1789717509654728704
6678	84	38	4	1789717509654729728
6679	84	39	4	1789717509654729728
6680	84	40	4	1789717509654728704
6681	84	41	4	1789717509654727680
6682	84	42	4	1789717509654728704
6683	84	43	4	1789717509654729728
6684	84	44	4	1789717509654728704
6685	84	45	4	1789717509654728704
6686	84	46	4	1789717509654727680
6687	84	47	4	1789717509654728704
6688	84	48	4	1789717509654730752
6689	84	49	4	1789717509654732800
6690	84	50	4	1789717509654734848
6691	84	51	4	1789717509654734848
6692	84	52	4	1789717509654735872
6693	84	53	4	1789717509654734848
6694	84	54	4	1789717509654734848
6695	84	55	4	1789717509654733824
6696	84	56	4	1789717509654736896
6697	84	57	4	1789717509654735872
6698	84	58	4	1789717509654736896
6699	84	59	4	1789717509654734848
6700	84	60	4	1789717509654737920
6701	84	61	4	1789717509654735872
6702	84	62	4	1789717509654734848
6703	84	63	4	1789717509654735872
6704	85	0	4	1789717509654735872
6705	85	1	4	1789717509654735872
6706	85	2	4	1789717509654735872
6707	85	3	4	1789717509654735872
6708	85	4	4	1789717509654735872
6709	85	5	4	1789717509654735872
6710	85	6	4	1789717509654735872
6711	85	7	4	1789717509654735872
6712	85	8	4	1789717509654736896
6713	85	9	4	1789717509654736896
6714	85	10	4	1789717509654736896
6715	85	11	4	1789717509654736896
6716	85	12	4	1789717509654736896
6717	85	13	4	1789717509654736896
6718	85	14	4	1789717509654736896
6719	85	15	4	1789717509654736896
6720	85	16	4	1789717509654735872
6721	85	17	4	1789717509654736896
6722	85	18	4	1789717509654735872
6723	85	19	4	1789717509654735872
6724	85	20	4	1789717509654735872
6725	85	21	4	1789717509654734848
6726	85	22	4	1789717509654734848
6727	85	23	4	1789717509654734848
6728	85	24	4	1789717509654746112
6729	85	25	4	1789717509654746112
6730	85	26	4	1789717509654746112
6731	85	27	4	1789717509654744064
6732	85	28	4	1789717509654744064
6733	85	29	4	1789717509654743040
6734	85	30	4	1789717509654744064
6735	85	31	4	1789717509654743040
6736	86	0	4	1789717509654748160
6737	86	1	4	1789717509654748160
6738	86	2	4	1789717509654747136
6739	86	3	4	1789717509654748160
6740	86	4	4	1789717509654747136
6741	86	5	4	1789717509654747136
6742	86	6	4	1789717509654748160
6743	86	7	4	1789717509654748160
6744	86	8	4	1789717509654748160
6745	86	9	4	1789717509654748160
6746	86	10	4	1789717509654748160
6747	86	11	4	1789717509654745088
6748	86	12	4	1789717509654746112
6749	86	13	4	1789717509654745088
6750	86	14	4	1789717509654745088
6751	86	15	4	1789717509654746112
6752	86	16	4	1789717509654746112
6753	86	17	4	1789717509654746112
6754	86	18	4	1789717509654746112
6755	86	19	4	1789717509654746112
6756	86	20	4	1789717509654746112
6757	86	21	4	1789717509654745088
6758	86	22	4	1789717509654746112
6759	86	23	4	1789717509654745088
6760	86	24	4	1789717509654745088
6761	86	25	4	1789717509654746112
6762	86	26	4	1789717509654745088
6763	86	27	4	1789717509654743040
6764	86	28	4	1789717509654744064
6765	86	29	4	1789717509654743040
6766	86	30	4	1789717509654743040
6767	86	31	4	1789717509654743040
6768	86	32	4	1789717509654748160
6769	86	33	4	1789717509654747136
6770	86	34	4	1789717509654748160
6771	86	35	4	1789717509654747136
6772	86	36	4	1789717509654747136
6773	86	37	4	1789717509654748160
6774	86	38	4	1789717509654747136
6775	86	39	4	1789717509654747136
6776	86	40	4	1789717509654747136
6777	86	41	4	1789717509654747136
6778	86	42	4	1789717509654748160
6779	86	43	4	1789717509654747136
6780	86	44	4	1789717509654747136
6781	86	45	4	1789717509654747136
6782	86	46	4	1789717509654747136
6783	86	47	4	1789717509654747136
6784	86	48	4	1789717509654747136
6785	86	49	4	1789717509654747136
6786	86	50	4	1789717509654748160
6787	86	51	4	1789717509654748160
6788	86	52	4	1789717509654747136
6789	86	53	4	1789717509654747136
6790	86	54	4	1789717509654747136
6791	86	55	4	1789717509654747136
6792	86	56	4	1789717509654747136
6793	86	57	4	1789717509654748160
6794	86	58	4	1789717509654747136
6795	86	59	4	1789717509654747136
6796	86	60	4	1789717509654748160
6797	86	61	4	1789717509654748160
6798	86	62	4	1789717509654747136
6799	86	63	4	1789717509654748160
6800	86	64	4	1789717509654747136
6801	86	65	4	1789717509654746112
6802	86	66	4	1789717509654745088
6803	86	67	4	1789717509654745088
6804	86	68	4	1789717509654746112
6805	86	69	4	1789717509654746112
6806	86	70	4	1789717509654745088
6807	86	71	4	1789717509654745088
6808	86	72	4	1789717509654745088
6809	86	73	4	1789717509654746112
6810	86	74	4	1789717509654745088
6811	86	75	4	1789717509654746112
6812	86	76	4	1789717509654746112
6813	86	77	4	1789717509654746112
6814	86	78	4	1789717509654746112
6815	86	79	4	1789717509654745088
6816	86	80	4	1789717509654746112
6817	86	81	4	1789717509654745088
6818	86	82	4	1789717509654746112
6819	86	83	4	1789717509654746112
6820	86	84	4	1789717509654746112
6821	86	85	4	1789717509654745088
6822	86	86	4	1789717509654745088
6823	86	87	4	1789717509654746112
6824	86	88	4	1789717509654746112
6825	86	89	4	1789717509654745088
6826	86	90	4	1789717509654746112
6827	86	91	4	1789717509654745088
6828	86	92	4	1789717509654746112
6829	86	93	4	1789717509654745088
6830	86	94	4	1789717509654746112
6831	86	95	4	1789717509654745088
6832	86	96	4	1789717509654753280
6833	86	97	4	1789717509654753280
6834	86	98	4	1789717509654753280
6835	86	99	4	1789717509654753280
6836	86	100	4	1789717509654753280
6837	86	101	4	1789717509654754304
6838	86	102	4	1789717509654754304
6839	86	103	4	1789717509654754304
6840	86	104	4	1789717509654754304
6841	86	105	4	1789717509654754304
6842	86	106	4	1789717509654754304
6843	86	107	4	1789717509654751232
6844	86	108	4	1789717509654751232
6845	86	109	4	1789717509654751232
6846	86	110	4	1789717509654751232
6847	86	111	4	1789717509654751232
6848	86	112	4	1789717509654751232
6849	86	113	4	1789717509654751232
6850	86	114	4	1789717509654751232
6851	86	115	4	1789717509654751232
6852	86	116	4	1789717509654751232
6853	86	117	4	1789717509654751232
6854	86	118	4	1789717509654751232
6855	86	119	4	1789717509654751232
6856	86	120	4	1789717509654751232
6857	86	121	4	1789717509654751232
6858	86	122	4	1789717509654754304
6859	86	123	4	1789717509654755328
6860	86	124	4	1789717509654755328
6861	86	125	4	1789717509654755328
6862	86	126	4	1789717509654755328
6863	86	127	4	1789717509654754304
