event_index	stage	group	fanin	publish_ns
0	0	4294967295	0	0
1	1	4294967295	0	0
2	2	4294967295	0	0
3	3	4294967295	0	0
4	4	4294967295	0	0
5	5	4294967295	0	0
6	6	4294967295	0	0
7	7	4294967295	0	0
8	8	4294967295	0	0
9	9	4294967295	0	0
10	10	4294967295	0	0
11	11	4294967295	0	0
12	12	4294967295	0	0
13	13	4294967295	0	0
14	14	4294967295	0	0
15	15	4294967295	0	0
16	16	4294967295	0	0
17	17	4294967295	0	0
18	18	4294967295	0	0
19	19	4294967295	0	0
20	20	4294967295	0	0
21	21	4294967295	0	0
22	22	4294967295	0	0
23	23	4294967295	0	0
24	24	4294967295	0	0
25	25	4294967295	0	0
26	26	4294967295	0	0
27	27	4294967295	0	0
28	28	4294967295	0	0
29	29	4294967295	0	0
30	30	4294967295	0	0
31	31	4294967295	0	0
32	32	4294967295	0	0
33	33	4294967295	0	0
34	34	4294967295	0	0
35	35	4294967295	0	0
36	36	4294967295	0	0
37	37	4294967295	0	0
38	38	4294967295	0	0
39	39	4294967295	0	0
40	40	4294967295	0	0
41	41	4294967295	0	0
42	42	4294967295	0	0
43	43	4294967295	0	0
44	44	4294967295	0	0
45	45	4294967295	0	0
46	46	4294967295	0	0
47	47	4294967295	0	0
48	48	4294967295	0	0
49	49	4294967295	0	0
50	50	4294967295	0	0
51	51	4294967295	0	0
52	52	4294967295	0	0
53	53	4294967295	0	0
54	54	4294967295	0	0
55	55	4294967295	0	0
56	56	4294967295	0	0
57	57	4294967295	0	0
58	58	4294967295	0	0
59	59	4294967295	0	0
60	0	0	2	1789581851037369344
61	0	1	2	1789581851037369344
62	0	2	2	1789581851037369344
63	0	3	2	1789581851037369344
64	0	4	2	1789581851037369344
65	0	5	2	1789581851037369344
66	0	6	2	1789581851037369344
67	0	7	2	1789581851037370368
68	0	8	2	1789581851037370368
69	0	9	2	1789581851037369344
70	0	10	2	1789581851037369344
71	0	11	2	1789581851037369344
72	0	12	2	1789581851037369344
73	0	13	2	1789581851037369344
74	0	14	2	1789581851037369344
75	0	15	2	1789581851037369344
76	0	16	2	1789581851037369344
77	0	17	2	1789581851037369344
78	0	18	2	1789581851037369344
79	0	19	2	1789581851037369344
80	0	20	2	1789581851037369344
81	0	21	2	1789581851037369344
82	0	22	2	1789581851037369344
83	0	23	2	1789581851037369344
84	0	24	2	1789581851037369344
85	0	25	2	1789581851037369344
86	0	26	2	1789581851037369344
87	0	27	2	1789581851037369344
88	0	28	2	1789581851037369344
89	0	29	2	1789581851037369344
90	0	30	2	1789581851037369344
91	0	31	2	1789581851037369344
92	0	32	2	1789581851037369344
93	0	33	2	1789581851037369344
94	0	34	2	1789581851037369344
95	0	35	2	1789581851037369344
96	0	36	2	1789581851037369344
97	0	37	2	1789581851037369344
98	0	38	2	1789581851037369344
99	0	39	2	1789581851037369344
100	0	40	2	1789581851037369344
101	0	41	2	1789581851037369344
102	0	42	2	1789581851037369344
103	0	43	2	1789581851037369344
104	0	44	2	1789581851037369344
105	0	45	2	1789581851037369344
106	0	46	2	1789581851037369344
107	0	47	2	1789581851037369344
108	0	48	2	1789581851037369344
109	0	49	2	1789581851037369344
110	0	50	2	1789581851037369344
111	0	51	2	1789581851037369344
112	0	52	2	1789581851037369344
113	0	53	2	1789581851037369344
114	0	54	2	1789581851037369344
115	0	55	2	1789581851037369344
116	0	56	2	1789581851037369344
117	0	57	2	1789581851037369344
118	0	58	2	1789581851037369344
119	0	59	2	1789581851037369344
120	0	60	2	1789581851037369344
121	0	61	2	1789581851037369344
122	0	62	2	1789581851037369344
123	0	63	2	1789581851037369344
124	1	4294967295	128	1789581851037382656
125	2	4294967295	128	1789581851037382656
126	3	4294967295	128	1789581851037382656
127	4	0	2	1789581851037385728
128	4	1	2	1789581851037385728
129	4	2	2	1789581851037385728
130	4	3	2	1789581851037385728
131	4	4	2	1789581851037385728
132	4	5	2	1789581851037385728
133	4	6	2	1789581851037385728
134	4	7	2	1789581851037385728
135	4	8	2	1789581851037385728
136	4	9	2	1789581851037385728
137	4	10	2	1789581851037385728
138	4	11	2	1789581851037385728
139	4	12	2	1789581851037385728
140	4	13	2	1789581851037385728
141	4	14	2	1789581851037384704
142	4	15	2	1789581851037385728
143	4	16	2	1789581851037385728
144	4	17	2	1789581851037385728
145	4	18	2	1789581851037385728
146	4	19	2	1789581851037385728
147	4	20	2	1789581851037385728
148	4	21	2	1789581851037385728
149	4	22	2	1789581851037385728
150	4	23	2	1789581851037385728
151	4	24	2	1789581851037385728
152	4	25	2	1789581851037385728
153	4	26	2	1789581851037385728
154	4	27	2	1789581851037385728
155	4	28	2	1789581851037385728
156	4	29	2	1789581851037385728
157	4	30	2	1789581851037385728
158	4	31	2	1789581851037385728
159	4	32	2	1789581851037385728
160	4	33	2	1789581851037385728
161	4	34	2	1789581851037385728
162	4	35	2	1789581851037385728
163	4	36	2	1789581851037385728
164	4	37	2	1789581851037385728
165	4	38	2	1789581851037385728
166	4	39	2	1789581851037385728
167	4	40	2	1789581851037385728
168	4	41	2	1789581851037384704
169	4	42	2	1789581851037385728
170	4	43	2	1789581851037385728
171	4	44	2	1789581851037385728
172	4	45	2	1789581851037385728
173	4	46	2	1789581851037385728
174	4	47	2	1789581851037385728
175	4	48	2	1789581851037385728
176	4	49	2	1789581851037385728
177	4	50	2	1789581851037385728
178	4	51	2	1789581851037385728
179	4	52	2	1789581851037385728
180	4	53	2	1789581851037385728
181	4	54	2	1789581851037385728
182	4	55	2	1789581851037385728
183	4	56	2	1789581851037385728
184	4	57	2	1789581851037385728
185	4	58	2	1789581851037385728
186	4	59	2	1789581851037385728
187	4	60	2	1789581851037385728
188	4	61	2	1789581851037385728
189	4	62	2	1789581851037385728
190	4	63	2	1789581851037385728
191	4	64	2	1789581851037388800
192	4	65	2	1789581851037389824
193	4	66	2	1789581851037389824
194	4	67	2	1789581851037388800
195	4	68	2	1789581851037388800
196	4	69	2	1789581851037388800
197	4	70	2	1789581851037389824
198	4	71	2	1789581851037389824
199	4	72	2	1789581851037388800
200	4	73	2	1789581851037388800
201	4	74	2	1789581851037388800
202	4	75	2	1789581851037388800
203	4	76	2	1789581851037388800
204	4	77	2	1789581851037388800
205	4	78	2	1789581851037388800
206	4	79	2	1789581851037388800
207	4	80	2	1789581851037388800
208	4	81	2	1789581851037388800
209	4	82	2	1789581851037388800
210	4	83	2	1789581851037388800
211	4	84	2	1789581851037388800
212	4	85	2	1789581851037388800
213	4	86	2	1789581851037388800
214	4	87	2	1789581851037388800
215	4	88	2	1789581851037388800
216	4	89	2	1789581851037388800
217	4	90	2	1789581851037388800
218	4	91	2	1789581851037388800
219	4	92	2	1789581851037388800
220	4	93	2	1789581851037388800
221	4	94	2	1789581851037388800
222	4	95	2	1789581851037388800
223	4	96	2	1789581851037388800
224	4	97	2	1789581851037388800
225	4	98	2	1789581851037388800
226	4	99	2	1789581851037388800
227	4	100	2	1789581851037388800
228	4	101	2	1789581851037388800
229	4	102	2	1789581851037388800
230	4	103	2	1789581851037387776
231	4	104	2	1789581851037388800
232	4	105	2	1789581851037388800
233	4	106	2	1789581851037388800
234	4	107	2	1789581851037388800
235	4	108	2	1789581851037388800
236	4	109	2	1789581851037388800
237	4	110	2	1789581851037388800
238	4	111	2	1789581851037388800
239	4	112	2	1789581851037388800
240	4	113	2	1789581851037388800
241	4	114	2	1789581851037388800
242	4	115	2	1789581851037388800
243	4	116	2	1789581851037388800
244	4	117	2	1789581851037388800
245	4	118	2	1789581851037388800
246	4	119	2	1789581851037388800
247	4	120	2	1789581851037388800
248	4	121	2	1789581851037388800
249	4	122	2	1789581851037388800
250	4	123	2	1789581851037388800
251	4	124	2	1789581851037388800
252	4	125	2	1789581851037388800
253	4	126	2	1789581851037388800
254	4	127	2	1789581851037388800
255	4	128	2	1789581851037388800
256	4	129	2	1789581851037388800
257	4	130	2	1789581851037388800
258	4	131	2	1789581851037388800
259	4	132	2	1789581851037388800
260	4	133	2	1789581851037388800
261	4	134	2	1789581851037388800
262	4	135	2	1789581851037388800
263	4	136	2	1789581851037388800
264	4	137	2	1789581851037388800
265	4	138	2	1789581851037388800
266	4	139	2	1789581851037388800
267	4	140	2	1789581851037388800
268	4	141	2	1789581851037388800
269	4	142	2	1789581851037388800
270	4	143	2	1789581851037388800
271	4	144	2	1789581851037387776
272	4	145	2	1789581851037388800
273	4	146	2	1789581851037388800
274	4	147	2	1789581851037388800
275	4	148	2	1789581851037388800
276	4	149	2	1789581851037388800
277	4	150	2	1789581851037388800
278	4	151	2	1789581851037388800
279	4	152	2	1789581851037388800
280	4	153	2	1789581851037387776
281	4	154	2	1789581851037388800
282	4	155	2	1789581851037388800
283	4	156	2	1789581851037388800
284	4	157	2	1789581851037388800
285	4	158	2	1789581851037388800
286	4	159	2	1789581851037388800
287	4	160	2	1789581851037388800
288	4	161	2	1789581851037388800
289	4	162	2	1789581851037388800
290	4	163	2	1789581851037388800
291	4	164	2	1789581851037388800
292	4	165	2	1789581851037388800
293	4	166	2	1789581851037388800
294	4	167	2	1789581851037388800
295	4	168	2	1789581851037388800
296	4	169	2	1789581851037388800
297	4	170	2	1789581851037388800
298	4	171	2	1789581851037388800
299	4	172	2	1789581851037388800
300	4	173	2	1789581851037388800
301	4	174	2	1789581851037388800
302	4	175	2	1789581851037388800
303	4	176	2	1789581851037388800
304	4	177	2	1789581851037388800
305	4	178	2	1789581851037387776
306	4	179	2	1789581851037388800
307	4	180	2	1789581851037388800
308	4	181	2	1789581851037388800
309	4	182	2	1789581851037388800
310	4	183	2	1789581851037387776
311	4	184	2	1789581851037388800
312	4	185	2	1789581851037388800
313	4	186	2	1789581851037388800
314	4	187	2	1789581851037388800
315	4	188	2	1789581851037388800
316	4	189	2	1789581851037388800
317	4	190	2	1789581851037388800
318	4	191	2	1789581851037388800
319	4	192	2	1789581851037388800
320	4	193	2	1789581851037388800
321	4	194	2	1789581851037388800
322	4	195	2	1789581851037388800
323	4	196	2	1789581851037387776
324	4	197	2	1789581851037388800
325	4	198	2	1789581851037388800
326	4	199	2	1789581851037388800
327	4	200	2	1789581851037388800
328	4	201	2	1789581851037388800
329	4	202	2	1789581851037388800
330	4	203	2	1789581851037388800
331	4	204	2	1789581851037389824
332	4	205	2	1789581851037389824
333	4	206	2	1789581851037388800
334	4	207	2	1789581851037388800
335	4	208	2	1789581851037388800
336	4	209	2	1789581851037388800
337	4	210	2	1789581851037388800
338	4	211	2	1789581851037388800
339	4	212	2	1789581851037388800
340	4	213	2	1789581851037388800
341	4	214	2	1789581851037388800
342	4	215	2	1789581851037388800
343	4	216	2	1789581851037388800
344	4	217	2	1789581851037388800
345	4	218	2	1789581851037388800
346	4	219	2	1789581851037387776
347	4	220	2	1789581851037388800
348	4	221	2	1789581851037388800
349	4	222	2	1789581851037388800
350	4	223	2	1789581851037388800
351	4	224	2	1789581851037387776
352	4	225	2	1789581851037388800
353	4	226	2	1789581851037388800
354	4	227	2	1789581851037388800
355	4	228	2	1789581851037388800
356	4	229	2	1789581851037388800
357	4	230	2	1789581851037388800
358	4	231	2	1789581851037388800
359	4	232	2	1789581851037388800
360	4	233	2	1789581851037388800
361	4	234	2	1789581851037388800
362	4	235	2	1789581851037388800
363	4	236	2	1789581851037388800
364	4	237	2	1789581851037388800
365	4	238	2	1789581851037387776
366	4	239	2	1789581851037387776
367	4	240	2	1789581851037388800
368	4	241	2	1789581851037388800
369	4	242	2	1789581851037388800
370	4	243	2	1789581851037388800
371	4	244	2	1789581851037388800
372	4	245	2	1789581851037388800
373	4	246	2	1789581851037389824
374	4	247	2	1789581851037389824
375	4	248	2	1789581851037388800
376	4	249	2	1789581851037388800
377	4	250	2	1789581851037388800
378	4	251	2	1789581851037388800
379	4	252	2	1789581851037388800
380	4	253	2	1789581851037388800
381	4	254	2	1789581851037388800
382	4	255	2	1789581851037388800
383	5	0	2	1789581851037385728
384	5	1	2	1789581851037385728
385	5	2	2	1789581851037385728
386	5	3	2	1789581851037385728
387	5	4	2	1789581851037385728
388	5	5	2	1789581851037385728
389	5	6	2	1789581851037386752
390	5	7	2	1789581851037386752
391	5	8	2	1789581851037385728
392	5	9	2	1789581851037385728
393	5	10	2	1789581851037385728
394	5	11	2	1789581851037385728
395	5	12	2	1789581851037385728
396	5	13	2	1789581851037385728
397	5	14	2	1789581851037385728
398	5	15	2	1789581851037385728
399	5	16	2	1789581851037385728
400	5	17	2	1789581851037385728
401	5	18	2	1789581851037385728
402	5	19	2	1789581851037385728
403	5	20	2	1789581851037385728
404	5	21	2	1789581851037385728
405	5	22	2	1789581851037385728
406	5	23	2	1789581851037385728
407	5	24	2	1789581851037385728
408	5	25	2	1789581851037385728
409	5	26	2	1789581851037385728
410	5	27	2	1789581851037385728
411	5	28	2	1789581851037385728
412	5	29	2	1789581851037385728
413	5	30	2	1789581851037385728
414	5	31	2	1789581851037385728
415	5	32	2	1789581851037385728
416	5	33	2	1789581851037385728
417	5	34	2	1789581851037385728
418	5	35	2	1789581851037385728
419	5	36	2	1789581851037385728
420	5	37	2	1789581851037385728
421	5	38	2	1789581851037385728
422	5	39	2	1789581851037385728
423	5	40	2	1789581851037385728
424	5	41	2	1789581851037385728
425	5	42	2	1789581851037385728
426	5	43	2	1789581851037385728
427	5	44	2	1789581851037385728
428	5	45	2	1789581851037385728
429	5	46	2	1789581851037385728
430	5	47	2	1789581851037385728
431	5	48	2	1789581851037385728
432	5	49	2	1789581851037385728
433	5	50	2	1789581851037385728
434	5	51	2	1789581851037385728
435	5	52	2	1789581851037385728
436	5	53	2	1789581851037385728
437	5	54	2	1789581851037385728
438	5	55	2	1789581851037385728
439	5	56	2	1789581851037385728
440	5	57	2	1789581851037385728
441	5	58	2	1789581851037385728
442	5	59	2	1789581851037385728
443	5	60	2	1789581851037385728
444	5	61	2	1789581851037385728
445	5	62	2	1789581851037385728
446	5	63	2	1789581851037385728
447	5	64	2	1789581851037385728
448	5	65	2	1789581851037385728
449	5	66	2	1789581851037385728
450	5	67	2	1789581851037385728
451	5	68	2	1789581851037385728
452	5	69	2	1789581851037385728
453	5	70	2	1789581851037385728
454	5	71	2	1789581851037385728
455	5	72	2	1789581851037385728
456	5	73	2	1789581851037385728
457	5	74	2	1789581851037385728
458	5	75	2	1789581851037385728
459	5	76	2	1789581851037385728
460	5	77	2	1789581851037385728
461	5	78	2	1789581851037385728
462	5	79	2	1789581851037385728
463	5	80	2	1789581851037385728
464	5	81	2	1789581851037385728
465	5	82	2	1789581851037385728
466	5	83	2	1789581851037385728
467	5	84	2	1789581851037385728
468	5	85	2	1789581851037385728
469	5	86	2	1789581851037385728
470	5	87	2	1789581851037385728
471	5	88	2	1789581851037385728
472	5	89	2	1789581851037385728
473	5	90	2	1789581851037385728
474	5	91	2	1789581851037385728
475	5	92	2	1789581851037385728
476	5	93	2	1789581851037385728
477	5	94	2	1789581851037385728
478	5	95	2	1789581851037385728
479	5	96	2	1789581851037385728
480	5	97	2	1789581851037385728
481	5	98	2	1789581851037385728
482	5	99	2	1789581851037385728
483	5	100	2	1789581851037385728
484	5	101	2	1789581851037385728
485	5	102	2	1789581851037385728
486	5	103	2	1789581851037385728
487	5	104	2	1789581851037385728
488	5	105	2	1789581851037385728
489	5	106	2	1789581851037385728
490	5	107	2	1789581851037385728
491	5	108	2	1789581851037385728
492	5	109	2	1789581851037385728
493	5	110	2	1789581851037385728
494	5	111	2	1789581851037385728
495	5	112	2	1789581851037385728
496	5	113	2	1789581851037385728
497	5	114	2	1789581851037385728
498	5	115	2	1789581851037385728
499	5	116	2	1789581851037385728
500	5	117	2	1789581851037385728
501	5	118	2	1789581851037385728
502	5	119	2	1789581851037385728
503	5	120	2	1789581851037385728
504	5	121	2	1789581851037385728
505	5	122	2	1789581851037385728
506	5	123	2	1789581851037385728
507	5	124	2	1789581851037385728
508	5	125	2	1789581851037385728
509	5	126	2	1789581851037385728
510	5	127	2	1789581851037385728
511	5	128	2	1789581851037385728
512	5	129	2	1789581851037385728
513	5	130	2	1789581851037385728
514	5	131	2	1789581851037385728
515	5	132	2	1789581851037385728
516	5	133	2	1789581851037385728
517	5	134	2	1789581851037385728
518	5	135	2	1789581851037385728
519	5	136	2	1789581851037385728
520	5	137	2	1789581851037385728
521	5	138	2	1789581851037385728
522	5	139	2	1789581851037385728
523	5	140	2	1789581851037386752
524	5	141	2	1789581851037385728
525	5	142	2	1789581851037385728
526	5	143	2	1789581851037385728
527	5	144	2	1789581851037385728
528	5	145	2	1789581851037385728
529	5	146	2	1789581851037385728
530	5	147	2	1789581851037385728
531	5	148	2	1789581851037385728
532	5	149	2	1789581851037385728
533	5	150	2	1789581851037385728
534	5	151	2	1789581851037385728
535	5	152	2	1789581851037385728
536	5	153	2	1789581851037385728
537	5	154	2	1789581851037385728
538	5	155	2	1789581851037385728
539	5	156	2	1789581851037385728
540	5	157	2	1789581851037385728
541	5	158	2	1789581851037385728
542	5	159	2	1789581851037385728
543	5	160	2	1789581851037385728
544	5	161	2	1789581851037385728
545	5	162	2	1789581851037385728
546	5	163	2	1789581851037385728
547	5	164	2	1789581851037385728
548	5	165	2	1789581851037385728
549	5	166	2	1789581851037385728
550	5	167	2	1789581851037385728
551	5	168	2	1789581851037385728
552	5	169	2	1789581851037385728
553	5	170	2	1789581851037385728
554	5	171	2	1789581851037385728
555	5	172	2	1789581851037385728
556	5	173	2	1789581851037385728
557	5	174	2	1789581851037385728
558	5	175	2	1789581851037385728
559	5	176	2	1789581851037385728
560	5	177	2	1789581851037385728
561	5	178	2	1789581851037385728
562	5	179	2	1789581851037385728
563	5	180	2	1789581851037385728
564	5	181	2	1789581851037385728
565	5	182	2	1789581851037386752
566	5	183	2	1789581851037385728
567	5	184	2	1789581851037385728
568	5	185	2	1789581851037385728
569	5	186	2	1789581851037385728
570	5	187	2	1789581851037385728
571	5	188	2	1789581851037385728
572	5	189	2	1789581851037385728
573	5	190	2	1789581851037385728
574	5	191	2	1789581851037385728
575	5	192	2	1789581851037385728
576	5	193	2	1789581851037386752
577	5	194	2	1789581851037385728
578	5	195	2	1789581851037385728
579	5	196	2	1789581851037385728
580	5	197	2	1789581851037385728
581	5	198	2	1789581851037386752
582	5	199	2	1789581851037385728
583	5	200	2	1789581851037386752
584	5	201	2	1789581851037385728
585	5	202	2	1789581851037385728
586	5	203	2	1789581851037385728
587	5	204	2	1789581851037386752
588	5	205	2	1789581851037385728
589	5	206	2	1789581851037385728
590	5	207	2	1789581851037385728
591	5	208	2	1789581851037385728
592	5	209	2	1789581851037385728
593	5	210	2	1789581851037385728
594	5	211	2	1789581851037386752
595	5	212	2	1789581851037385728
596	5	213	2	1789581851037385728
597	5	214	2	1789581851037385728
598	5	215	2	1789581851037385728
599	5	216	2	1789581851037385728
600	5	217	2	1789581851037386752
601	5	218	2	1789581851037385728
602	5	219	2	1789581851037385728
603	5	220	2	1789581851037386752
604	5	221	2	1789581851037385728
605	5	222	2	1789581851037386752
606	5	223	2	1789581851037386752
607	5	224	2	1789581851037385728
608	5	225	2	1789581851037385728
609	5	226	2	1789581851037385728
610	5	227	2	1789581851037385728
611	5	228	2	1789581851037386752
612	5	229	2	1789581851037385728
613	5	230	2	1789581851037385728
614	5	231	2	1789581851037385728
615	5	232	2	1789581851037385728
616	5	233	2	1789581851037386752
617	5	234	2	1789581851037385728
618	5	235	2	1789581851037386752
619	5	236	2	1789581851037385728
620	5	237	2	1789581851037385728
621	5	238	2	1789581851037385728
622	5	239	2	1789581851037385728
623	5	240	2	1789581851037385728
624	5	241	2	1789581851037385728
625	5	242	2	1789581851037386752
626	5	243	2	1789581851037385728
627	5	244	2	1789581851037386752
628	5	245	2	1789581851037385728
629	5	246	2	1789581851037385728
630	5	247	2	1789581851037385728
631	5	248	2	1789581851037385728
632	5	249	2	1789581851037385728
633	5	250	2	1789581851037385728
634	5	251	2	1789581851037386752
635	5	252	2	1789581851037385728
636	5	253	2	1789581851037386752
637	5	254	2	1789581851037385728
638	5	255	2	1789581851037385728
639	6	4294967295	512	1789581851037394944
640	7	4294967295	512	1789581851037392896
641	8	0	2	1789581851037420544
642	8	1	2	1789581851037421568
643	8	2	2	1789581851037421568
644	8	3	2	1789581851037421568
645	8	4	2	1789581851037421568
646	8	5	2	1789581851037421568
647	8	6	2	1789581851037420544
648	8	7	2	1789581851037420544
649	8	8	2	1789581851037421568
650	8	9	2	1789581851037421568
651	8	10	2	1789581851037421568
652	8	11	2	1789581851037420544
653	8	12	2	1789581851037421568
654	8	13	2	1789581851037421568
655	8	14	2	1789581851037420544
656	8	15	2	1789581851037421568
657	8	16	2	1789581851037421568
658	8	17	2	1789581851037420544
659	8	18	2	1789581851037421568
660	8	19	2	1789581851037421568
661	8	20	2	1789581851037420544
662	8	21	2	1789581851037420544
663	8	22	2	1789581851037421568
664	8	23	2	1789581851037421568
665	8	24	2	1789581851037421568
666	8	25	2	1789581851037421568
667	8	26	2	1789581851037421568
668	8	27	2	1789581851037421568
669	8	28	2	1789581851037421568
670	8	29	2	1789581851037421568
671	8	30	2	1789581851037420544
672	8	31	2	1789581851037421568
673	8	32	2	1789581851037421568
674	8	33	2	1789581851037422592
675	8	34	2	1789581851037422592
676	8	35	2	1789581851037422592
677	8	36	2	1789581851037421568
678	8	37	2	1789581851037421568
679	8	38	2	1789581851037421568
680	8	39	2	1789581851037420544
681	8	40	2	1789581851037422592
682	8	41	2	1789581851037422592
683	8	42	2	1789581851037421568
684	8	43	2	1789581851037421568
685	8	44	2	1789581851037421568
686	8	45	2	1789581851037421568
687	8	46	2	1789581851037421568
688	8	47	2	1789581851037421568
689	8	48	2	1789581851037421568
690	8	49	2	1789581851037421568
691	8	50	2	1789581851037421568
692	8	51	2	1789581851037423616
693	8	52	2	1789581851037423616
694	8	53	2	1789581851037421568
695	8	54	2	1789581851037421568
696	8	55	2	1789581851037421568
697	8	56	2	1789581851037421568
698	8	57	2	1789581851037423616
699	8	58	2	1789581851037423616
700	8	59	2	1789581851037422592
701	8	60	2	1789581851037422592
702	8	61	2	1789581851037422592
703	8	62	2	1789581851037422592
704	8	63	2	1789581851037422592
705	8	64	2	1789581851037422592
706	8	65	2	1789581851037422592
707	8	66	2	1789581851037422592
708	8	67	2	1789581851037422592
709	8	68	2	1789581851037422592
710	8	69	2	1789581851037423616
711	8	70	2	1789581851037423616
712	8	71	2	1789581851037422592
713	8	72	2	1789581851037423616
714	8	73	2	1789581851037423616
715	8	74	2	1789581851037422592
716	8	75	2	1789581851037422592
717	8	76	2	1789581851037422592
718	8	77	2	1789581851037423616
719	8	78	2	1789581851037422592
720	8	79	2	1789581851037422592
721	8	80	2	1789581851037423616
722	8	81	2	1789581851037423616
723	8	82	2	1789581851037423616
724	8	83	2	1789581851037424640
725	8	84	2	1789581851037423616
726	8	85	2	1789581851037423616
727	8	86	2	1789581851037423616
728	8	87	2	1789581851037423616
729	8	88	2	1789581851037423616
730	8	89	2	1789581851037423616
731	8	90	2	1789581851037423616
732	8	91	2	1789581851037423616
733	8	92	2	1789581851037423616
734	8	93	2	1789581851037423616
735	8	94	2	1789581851037423616
736	8	95	2	1789581851037423616
737	8	96	2	1789581851037423616
738	8	97	2	1789581851037423616
739	8	98	2	1789581851037423616
740	8	99	2	1789581851037424640
741	8	100	2	1789581851037425664
742	8	101	2	1789581851037423616
743	8	102	2	1789581851037423616
744	8	103	2	1789581851037423616
745	8	104	2	1789581851037424640
746	8	105	2	1789581851037423616
747	8	106	2	1789581851037423616
748	8	107	2	1789581851037424640
749	8	108	2	1789581851037424640
750	8	109	2	1789581851037424640
751	8	110	2	1789581851037424640
752	8	111	2	1789581851037424640
753	8	112	2	1789581851037424640
754	8	113	2	1789581851037425664
755	8	114	2	1789581851037424640
756	8	115	2	1789581851037424640
757	8	116	2	1789581851037424640
758	8	117	2	1789581851037424640
759	8	118	2	1789581851037424640
760	8	119	2	1789581851037425664
761	8	120	2	1789581851037424640
762	8	121	2	1789581851037424640
763	8	122	2	1789581851037425664
764	8	123	2	1789581851037424640
765	8	124	2	1789581851037426688
766	8	125	2	1789581851037426688
767	8	126	2	1789581851037424640
768	8	127	2	1789581851037426688
769	8	128	2	1789581851037426688
770	8	129	2	1789581851037422592
771	8	130	2	1789581851037424640
772	8	131	2	1789581851037424640
773	8	132	2	1789581851037424640
774	8	133	2	1789581851037425664
775	8	134	2	1789581851037424640
776	8	135	2	1789581851037424640
777	8	136	2	1789581851037425664
778	8	137	2	1789581851037424640
779	8	138	2	1789581851037424640
780	8	139	2	1789581851037423616
781	8	140	2	1789581851037424640
782	8	141	2	1789581851037424640
783	8	142	2	1789581851037424640
784	8	143	2	1789581851037423616
785	8	144	2	1789581851037426688
786	8	145	2	1789581851037425664
787	8	146	2	1789581851037425664
788	8	147	2	1789581851037425664
789	8	148	2	1789581851037425664
790	8	149	2	1789581851037425664
791	8	150	2	1789581851037427712
792	8	151	2	1789581851037427712
793	8	152	2	1789581851037426688
794	8	153	2	1789581851037426688
795	8	154	2	1789581851037426688
796	8	155	2	1789581851037426688
797	8	156	2	1789581851037425664
798	8	157	2	1789581851037426688
799	8	158	2	1789581851037426688
800	8	159	2	1789581851037427712
801	8	160	2	1789581851037426688
802	8	161	2	1789581851037426688
803	8	162	2	1789581851037427712
804	8	163	2	1789581851037427712
805	8	164	2	1789581851037426688
806	8	165	2	1789581851037426688
807	8	166	2	1789581851037427712
808	8	167	2	1789581851037425664
809	8	168	2	1789581851037426688
810	8	169	2	1789581851037427712
811	8	170	2	1789581851037427712
812	8	171	2	1789581851037424640
813	8	172	2	1789581851037424640
814	8	173	2	1789581851037424640
815	8	174	2	1789581851037424640
816	8	175	2	1789581851037424640
817	8	176	2	1789581851037425664
818	8	177	2	1789581851037424640
819	8	178	2	1789581851037425664
820	8	179	2	1789581851037425664
821	8	180	2	1789581851037425664
822	8	181	2	1789581851037424640
823	8	182	2	1789581851037425664
824	8	183	2	1789581851037425664
825	8	184	2	1789581851037425664
826	8	185	2	1789581851037425664
827	8	186	2	1789581851037426688
828	8	187	2	1789581851037425664
829	8	188	2	1789581851037426688
830	8	189	2	1789581851037425664
831	8	190	2	1789581851037426688
832	8	191	2	1789581851037425664
833	8	192	2	1789581851037426688
834	8	193	2	1789581851037426688
835	8	194	2	1789581851037426688
836	8	195	2	1789581851037425664
837	8	196	2	1789581851037427712
838	8	197	2	1789581851037425664
839	8	198	2	1789581851037427712
840	8	199	2	1789581851037426688
841	8	200	2	1789581851037426688
842	8	201	2	1789581851037427712
843	8	202	2	1789581851037426688
844	8	203	2	1789581851037413376
845	8	204	2	1789581851037413376
846	8	205	2	1789581851037413376
847	8	206	2	1789581851037414400
848	8	207	2	1789581851037414400
849	8	208	2	1789581851037414400
850	8	209	2	1789581851037414400
851	8	210	2	1789581851037415424
852	8	211	2	1789581851037415424
853	8	212	2	1789581851037414400
854	8	213	2	1789581851037415424
855	8	214	2	1789581851037415424
856	8	215	2	1789581851037415424
857	8	216	2	1789581851037416448
858	8	217	2	1789581851037416448
859	8	218	2	1789581851037416448
860	8	219	2	1789581851037416448
861	8	220	2	1789581851037416448
862	8	221	2	1789581851037417472
863	8	222	2	1789581851037417472
864	8	223	2	1789581851037417472
865	8	224	2	1789581851037418496
866	8	225	2	1789581851037418496
867	8	226	2	1789581851037418496
868	8	227	2	1789581851037418496
869	8	228	2	1789581851037418496
870	8	229	2	1789581851037418496
871	8	230	2	1789581851037418496
872	8	231	2	1789581851037418496
873	8	232	2	1789581851037419520
874	8	233	2	1789581851037419520
875	8	234	2	1789581851037419520
876	8	235	2	1789581851037419520
877	8	236	2	1789581851037420544
878	8	237	2	1789581851037420544
879	8	238	2	1789581851037420544
880	8	239	2	1789581851037420544
881	8	240	2	1789581851037421568
882	8	241	2	1789581851037421568
883	8	242	2	1789581851037421568
884	8	243	2	1789581851037422592
885	8	244	2	1789581851037422592
886	8	245	2	1789581851037426688
887	8	246	2	1789581851037426688
888	8	247	2	1789581851037425664
889	8	248	2	1789581851037425664
890	8	249	2	1789581851037426688
891	8	250	2	1789581851037426688
892	8	251	2	1789581851037427712
893	8	252	2	1789581851037426688
894	8	253	2	1789581851037426688
895	8	254	2	1789581851037426688
896	8	255	2	1789581851037427712
897	9	0	2	1789581851037435904
898	9	1	2	1789581851037435904
899	9	2	2	1789581851037435904
900	9	3	2	1789581851037435904
901	9	4	2	1789581851037435904
902	9	5	2	1789581851037435904
903	9	6	2	1789581851037435904
904	9	7	2	1789581851037436928
905	9	8	2	1789581851037436928
906	9	9	2	1789581851037435904
907	9	10	2	1789581851037435904
908	9	11	2	1789581851037435904
909	9	12	2	1789581851037435904
910	9	13	2	1789581851037435904
911	9	14	2	1789581851037434880
912	9	15	2	1789581851037434880
913	9	16	2	1789581851037438976
914	9	17	2	1789581851037438976
915	9	18	2	1789581851037440000
916	9	19	2	1789581851037440000
917	9	20	2	1789581851037440000
918	9	21	2	1789581851037438976
919	9	22	2	1789581851037438976
920	9	23	2	1789581851037438976
921	9	24	2	1789581851037440000
922	9	25	2	1789581851037440000
923	9	26	2	1789581851037440000
924	9	27	2	1789581851037440000
925	9	28	2	1789581851037440000
926	9	29	2	1789581851037438976
927	9	30	2	1789581851037437952
928	9	31	2	1789581851037437952
929	9	32	2	1789581851037438976
930	9	33	2	1789581851037440000
931	9	34	2	1789581851037441024
932	9	35	2	1789581851037441024
933	9	36	2	1789581851037440000
934	9	37	2	1789581851037440000
935	9	38	2	1789581851037440000
936	9	39	2	1789581851037440000
937	9	40	2	1789581851037440000
938	9	41	2	1789581851037440000
939	9	42	2	1789581851037440000
940	9	43	2	1789581851037440000
941	9	44	2	1789581851037440000
942	9	45	2	1789581851037440000
943	9	46	2	1789581851037440000
944	9	47	2	1789581851037438976
945	9	48	2	1789581851037438976
946	9	49	2	1789581851037440000
947	9	50	2	1789581851037440000
948	9	51	2	1789581851037440000
949	9	52	2	1789581851037440000
950	9	53	2	1789581851037440000
951	9	54	2	1789581851037440000
952	9	55	2	1789581851037440000
953	9	56	2	1789581851037440000
954	9	57	2	1789581851037441024
955	9	58	2	1789581851037441024
956	9	59	2	1789581851037440000
957	9	60	2	1789581851037440000
958	9	61	2	1789581851037440000
959	9	62	2	1789581851037440000
960	9	63	2	1789581851037438976
961	10	0	2	1789581851037440000
962	10	1	2	1789581851037440000
963	10	2	2	1789581851037440000
964	10	3	2	1789581851037440000
965	10	4	2	1789581851037440000
966	10	5	2	1789581851037440000
967	10	6	2	1789581851037440000
968	10	7	2	1789581851037441024
969	10	8	2	1789581851037441024
970	10	9	2	1789581851037440000
971	10	10	2	1789581851037440000
972	10	11	2	1789581851037440000
973	10	12	2	1789581851037440000
974	10	13	2	1789581851037440000
975	10	14	2	1789581851037440000
976	10	15	2	1789581851037440000
977	10	16	2	1789581851037443072
978	10	17	2	1789581851037443072
979	10	18	2	1789581851037444096
980	10	19	2	1789581851037444096
981	10	20	2	1789581851037443072
982	10	21	2	1789581851037443072
983	10	22	2	1789581851037443072
984	10	23	2	1789581851037443072
985	10	24	2	1789581851037443072
986	10	25	2	1789581851037444096
987	10	26	2	1789581851037444096
988	10	27	2	1789581851037443072
989	10	28	2	1789581851037443072
990	10	29	2	1789581851037443072
991	10	30	2	1789581851037443072
992	10	31	2	1789581851037443072
993	10	32	2	1789581851037443072
994	10	33	2	1789581851037444096
995	10	34	2	1789581851037444096
996	10	35	2	1789581851037444096
997	10	36	2	1789581851037444096
998	10	37	2	1789581851037444096
999	10	38	2	1789581851037444096
1000	10	39	2	1789581851037444096
1001	10	40	2	1789581851037444096
1002	10	41	2	1789581851037444096
1003	10	42	2	1789581851037444096
1004	10	43	2	1789581851037444096
1005	10	44	2	1789581851037444096
1006	10	45	2	1789581851037444096
1007	10	46	2	1789581851037444096
1008	10	47	2	1789581851037444096
1009	10	48	2	1789581851037444096
1010	10	49	2	1789581851037444096
1011	10	50	2	1789581851037444096
1012	10	51	2	1789581851037444096
1013	10	52	2	1789581851037444096
1014	10	53	2	1789581851037444096
1015	10	54	2	1789581851037444096
1016	10	55	2	1789581851037444096
1017	10	56	2	1789581851037444096
1018	10	57	2	1789581851037445120
1019	10	58	2	1789581851037445120
1020	10	59	2	1789581851037444096
1021	10	60	2	1789581851037444096
1022	10	61	2	1789581851037444096
1023	10	62	2	1789581851037444096
1024	10	63	2	1789581851037444096
1025	11	0	2	1789581851037452288
1026	11	1	2	1789581851037452288
1027	11	2	2	1789581851037452288
1028	11	3	2	1789581851037452288
1029	11	4	2	1789581851037452288
1030	11	5	2	1789581851037452288
1031	11	6	2	1789581851037452288
1032	11	7	2	1789581851037452288
1033	11	8	2	1789581851037452288
1034	11	9	2	1789581851037452288
1035	11	10	2	1789581851037452288
1036	11	11	2	1789581851037452288
1037	11	12	2	1789581851037452288
1038	11	13	2	1789581851037452288
1039	11	14	2	1789581851037451264
1040	11	15	2	1789581851037451264
1041	11	16	2	1789581851037455360
1042	11	17	2	1789581851037455360
1043	11	18	2	1789581851037455360
1044	11	19	2	1789581851037455360
1045	11	20	2	1789581851037455360
1046	11	21	2	1789581851037454336
1047	11	22	2	1789581851037455360
1048	11	23	2	1789581851037455360
1049	11	24	2	1789581851037455360
1050	11	25	2	1789581851037455360
1051	11	26	2	1789581851037455360
1052	11	27	2	1789581851037455360
1053	11	28	2	1789581851037455360
1054	11	29	2	1789581851037455360
1055	11	30	2	1789581851037454336
1056	11	31	2	1789581851037454336
1057	11	32	2	1789581851037454336
1058	11	33	2	1789581851037456384
1059	11	34	2	1789581851037456384
1060	11	35	2	1789581851037456384
1061	11	36	2	1789581851037456384
1062	11	37	2	1789581851037456384
1063	11	38	2	1789581851037455360
1064	11	39	2	1789581851037455360
1065	11	40	2	1789581851037456384
1066	11	41	2	1789581851037456384
1067	11	42	2	1789581851037456384
1068	11	43	2	1789581851037456384
1069	11	44	2	1789581851037456384
1070	11	45	2	1789581851037455360
1071	11	46	2	1789581851037455360
1072	11	47	2	1789581851037455360
1073	11	48	2	1789581851037456384
1074	11	49	2	1789581851037456384
1075	11	50	2	1789581851037456384
1076	11	51	2	1789581851037456384
1077	11	52	2	1789581851037456384
1078	11	53	2	1789581851037456384
1079	11	54	2	1789581851037455360
1080	11	55	2	1789581851037456384
1081	11	56	2	1789581851037456384
1082	11	57	2	1789581851037457408
1083	11	58	2	1789581851037457408
1084	11	59	2	1789581851037456384
1085	11	60	2	1789581851037456384
1086	11	61	2	1789581851037456384
1087	11	62	2	1789581851037455360
1088	11	63	2	1789581851037455360
1089	11	64	2	1789581851037456384
1090	11	65	2	1789581851037456384
1091	11	66	2	1789581851037456384
1092	11	67	2	1789581851037456384
1093	11	68	2	1789581851037456384
1094	11	69	2	1789581851037456384
1095	11	70	2	1789581851037456384
1096	11	71	2	1789581851037456384
1097	11	72	2	1789581851037456384
1098	11	73	2	1789581851037457408
1099	11	74	2	1789581851037457408
1100	11	75	2	1789581851037456384
1101	11	76	2	1789581851037456384
1102	11	77	2	1789581851037456384
1103	11	78	2	1789581851037455360
1104	11	79	2	1789581851037455360
1105	11	80	2	1789581851037455360
1106	11	81	2	1789581851037455360
1107	11	82	2	1789581851037456384
1108	11	83	2	1789581851037456384
1109	11	84	2	1789581851037456384
1110	11	85	2	1789581851037456384
1111	11	86	2	1789581851037456384
1112	11	87	2	1789581851037455360
1113	11	88	2	1789581851037456384
1114	11	89	2	1789581851037456384
1115	11	90	2	1789581851037456384
1116	11	91	2	1789581851037456384
1117	11	92	2	1789581851037456384
1118	11	93	2	1789581851037456384
1119	11	94	2	1789581851037456384
1120	11	95	2	1789581851037456384
1121	11	96	2	1789581851037457408
1122	11	97	2	1789581851037457408
1123	11	98	2	1789581851037457408
1124	11	99	2	1789581851037457408
1125	11	100	2	1789581851037457408
1126	11	101	2	1789581851037457408
1127	11	102	2	1789581851037457408
1128	11	103	2	1789581851037457408
1129	11	104	2	1789581851037457408
1130	11	105	2	1789581851037457408
1131	11	106	2	1789581851037457408
1132	11	107	2	1789581851037457408
1133	11	108	2	1789581851037457408
1134	11	109	2	1789581851037457408
1135	11	110	2	1789581851037457408
1136	11	111	2	1789581851037457408
1137	11	112	2	1789581851037457408
1138	11	113	2	1789581851037457408
1139	11	114	2	1789581851037457408
1140	11	115	2	1789581851037457408
1141	11	116	2	1789581851037457408
1142	11	117	2	1789581851037457408
1143	11	118	2	1789581851037457408
1144	11	119	2	1789581851037457408
1145	11	120	2	1789581851037457408
1146	11	121	2	1789581851037457408
1147	11	122	2	1789581851037457408
1148	11	123	2	1789581851037457408
1149	11	124	2	1789581851037457408
1150	11	125	2	1789581851037457408
1151	11	126	2	1789581851037457408
1152	11	127	2	1789581851037457408
1153	12	0	2	1789581851037452288
1154	12	1	2	1789581851037452288
1155	12	2	2	1789581851037452288
1156	12	3	2	1789581851037452288
1157	12	4	2	1789581851037452288
1158	12	5	2	1789581851037452288
1159	12	6	2	1789581851037452288
1160	12	7	2	1789581851037452288
1161	12	8	2	1789581851037452288
1162	12	9	2	1789581851037452288
1163	12	10	2	1789581851037452288
1164	12	11	2	1789581851037452288
1165	12	12	2	1789581851037452288
1166	12	13	2	1789581851037452288
1167	12	14	2	1789581851037452288
1168	12	15	2	1789581851037452288
1169	12	16	2	1789581851037452288
1170	12	17	2	1789581851037453312
1171	12	18	2	1789581851037452288
1172	12	19	2	1789581851037452288
1173	12	20	2	1789581851037452288
1174	12	21	2	1789581851037452288
1175	12	22	2	1789581851037452288
1176	12	23	2	1789581851037452288
1177	12	24	2	1789581851037452288
1178	12	25	2	1789581851037452288
1179	12	26	2	1789581851037452288
1180	12	27	2	1789581851037452288
1181	12	28	2	1789581851037452288
1182	12	29	2	1789581851037452288
1183	12	30	2	1789581851037452288
1184	12	31	2	1789581851037452288
1185	12	32	2	1789581851037455360
1186	12	33	2	1789581851037455360
1187	12	34	2	1789581851037456384
1188	12	35	2	1789581851037456384
1189	12	36	2	1789581851037456384
1190	12	37	2	1789581851037455360
1191	12	38	2	1789581851037456384
1192	12	39	2	1789581851037456384
1193	12	40	2	1789581851037456384
1194	12	41	2	1789581851037456384
1195	12	42	2	1789581851037455360
1196	12	43	2	1789581851037456384
1197	12	44	2	1789581851037455360
1198	12	45	2	1789581851037456384
1199	12	46	2	1789581851037455360
1200	12	47	2	1789581851037455360
1201	12	48	2	1789581851037456384
1202	12	49	2	1789581851037455360
1203	12	50	2	1789581851037455360
1204	12	51	2	1789581851037455360
1205	12	52	2	1789581851037455360
1206	12	53	2	1789581851037455360
1207	12	54	2	1789581851037456384
1208	12	55	2	1789581851037456384
1209	12	56	2	1789581851037455360
1210	12	57	2	1789581851037455360
1211	12	58	2	1789581851037455360
1212	12	59	2	1789581851037456384
1213	12	60	2	1789581851037456384
1214	12	61	2	1789581851037456384
1215	12	62	2	1789581851037455360
1216	12	63	2	1789581851037455360
1217	12	64	2	1789581851037456384
1218	12	65	2	1789581851037456384
1219	12	66	2	1789581851037455360
1220	12	67	2	1789581851037456384
1221	12	68	2	1789581851037456384
1222	12	69	2	1789581851037455360
1223	12	70	2	1789581851037456384
1224	12	71	2	1789581851037456384
1225	12	72	2	1789581851037456384
1226	12	73	2	1789581851037456384
1227	12	74	2	1789581851037456384
1228	12	75	2	1789581851037456384
1229	12	76	2	1789581851037455360
1230	12	77	2	1789581851037456384
1231	12	78	2	1789581851037455360
1232	12	79	2	1789581851037455360
1233	12	80	2	1789581851037456384
1234	12	81	2	1789581851037456384
1235	12	82	2	1789581851037456384
1236	12	83	2	1789581851037456384
1237	12	84	2	1789581851037456384
1238	12	85	2	1789581851037457408
1239	12	86	2	1789581851037456384
1240	12	87	2	1789581851037456384
1241	12	88	2	1789581851037457408
1242	12	89	2	1789581851037456384
1243	12	90	2	1789581851037456384
1244	12	91	2	1789581851037456384
1245	12	92	2	1789581851037456384
1246	12	93	2	1789581851037457408
1247	12	94	2	1789581851037457408
1248	12	95	2	1789581851037456384
1249	12	96	2	1789581851037457408
1250	12	97	2	1789581851037457408
1251	12	98	2	1789581851037457408
1252	12	99	2	1789581851037457408
1253	12	100	2	1789581851037457408
1254	12	101	2	1789581851037457408
1255	12	102	2	1789581851037457408
1256	12	103	2	1789581851037457408
1257	12	104	2	1789581851037457408
1258	12	105	2	1789581851037457408
1259	12	106	2	1789581851037457408
1260	12	107	2	1789581851037457408
1261	12	108	2	1789581851037457408
1262	12	109	2	1789581851037457408
1263	12	110	2	1789581851037457408
1264	12	111	2	1789581851037457408
1265	12	112	2	1789581851037457408
1266	12	113	2	1789581851037457408
1267	12	114	2	1789581851037457408
1268	12	115	2	1789581851037457408
1269	12	116	2	1789581851037457408
1270	12	117	2	1789581851037456384
1271	12	118	2	1789581851037456384
1272	12	119	2	1789581851037456384
1273	12	120	2	1789581851037456384
1274	12	121	2	1789581851037456384
1275	12	122	2	1789581851037457408
1276	12	123	2	1789581851037457408
1277	12	124	2	1789581851037457408
1278	12	125	2	1789581851037457408
1279	12	126	2	1789581851037457408
1280	12	127	2	1789581851037457408
1281	13	0	2	1789581851037460480
1282	13	1	2	1789581851037460480
1283	13	2	2	1789581851037460480
1284	13	3	2	1789581851037460480
1285	13	4	2	1789581851037460480
1286	13	5	2	1789581851037459456
1287	13	6	2	1789581851037460480
1288	13	7	2	1789581851037460480
1289	13	8	2	1789581851037460480
1290	13	9	2	1789581851037460480
1291	13	10	2	1789581851037460480
1292	13	11	2	1789581851037460480
1293	13	12	2	1789581851037459456
1294	13	13	2	1789581851037459456
1295	13	14	2	1789581851037459456
1296	13	15	2	1789581851037459456
1297	13	16	2	1789581851037461504
1298	13	17	2	1789581851037461504
1299	13	18	2	1789581851037461504
1300	13	19	2	1789581851037461504
1301	13	20	2	1789581851037461504
1302	13	21	2	1789581851037461504
1303	13	22	2	1789581851037461504
1304	13	23	2	1789581851037461504
1305	13	24	2	1789581851037461504
1306	13	25	2	1789581851037461504
1307	13	26	2	1789581851037461504
1308	13	27	2	1789581851037461504
1309	13	28	2	1789581851037461504
1310	13	29	2	1789581851037461504
1311	13	30	2	1789581851037460480
1312	13	31	2	1789581851037461504
1313	13	32	2	1789581851037461504
1314	13	33	2	1789581851037461504
1315	13	34	2	1789581851037461504
1316	13	35	2	1789581851037461504
1317	13	36	2	1789581851037461504
1318	13	37	2	1789581851037461504
1319	13	38	2	1789581851037460480
1320	13	39	2	1789581851037460480
1321	13	40	2	1789581851037461504
1322	13	41	2	1789581851037461504
1323	13	42	2	1789581851037461504
1324	13	43	2	1789581851037461504
1325	13	44	2	1789581851037461504
1326	13	45	2	1789581851037460480
1327	13	46	2	1789581851037461504
1328	13	47	2	1789581851037461504
1329	13	48	2	1789581851037461504
1330	13	49	2	1789581851037462528
1331	13	50	2	1789581851037462528
1332	13	51	2	1789581851037462528
1333	13	52	2	1789581851037462528
1334	13	53	2	1789581851037461504
1335	13	54	2	1789581851037461504
1336	13	55	2	1789581851037461504
1337	13	56	2	1789581851037461504
1338	13	57	2	1789581851037462528
1339	13	58	2	1789581851037462528
1340	13	59	2	1789581851037462528
1341	13	60	2	1789581851037461504
1342	13	61	2	1789581851037461504
1343	13	62	2	1789581851037461504
1344	13	63	2	1789581851037461504
1345	14	0	2	1789581851037479936
1346	14	1	2	1789581851037479936
1347	14	2	2	1789581851037478912
1348	14	3	2	1789581851037478912
1349	14	4	2	1789581851037478912
1350	14	5	2	1789581851037477888
1351	14	6	2	1789581851037478912
1352	14	7	2	1789581851037478912
1353	14	8	2	1789581851037478912
1354	14	9	2	1789581851037478912
1355	14	10	2	1789581851037478912
1356	14	11	2	1789581851037478912
1357	14	12	2	1789581851037477888
1358	14	13	2	1789581851037477888
1359	14	14	2	1789581851037476864
1360	14	15	2	1789581851037477888
1361	14	16	2	1789581851037479936
1362	14	17	2	1789581851037479936
1363	14	18	2	1789581851037479936
1364	14	19	2	1789581851037479936
1365	14	20	2	1789581851037479936
1366	14	21	2	1789581851037478912
1367	14	22	2	1789581851037479936
1368	14	23	2	1789581851037479936
1369	14	24	2	1789581851037479936
1370	14	25	2	1789581851037479936
1371	14	26	2	1789581851037479936
1372	14	27	2	1789581851037479936
1373	14	28	2	1789581851037479936
1374	14	29	2	1789581851037479936
1375	14	30	2	1789581851037478912
1376	14	31	2	1789581851037478912
1377	14	32	2	1789581851037478912
1378	14	33	2	1789581851037479936
1379	14	34	2	1789581851037479936
1380	14	35	2	1789581851037479936
1381	14	36	2	1789581851037478912
1382	14	37	2	1789581851037478912
1383	14	38	2	1789581851037477888
1384	14	39	2	1789581851037478912
1385	14	40	2	1789581851037479936
1386	14	41	2	1789581851037479936
1387	14	42	2	1789581851037479936
1388	14	43	2	1789581851037479936
1389	14	44	2	1789581851037478912
1390	14	45	2	1789581851037478912
1391	14	46	2	1789581851037479936
1392	14	47	2	1789581851037479936
1393	14	48	2	1789581851037480960
1394	14	49	2	1789581851037481984
1395	14	50	2	1789581851037481984
1396	14	51	2	1789581851037480960
1397	14	52	2	1789581851037480960
1398	14	53	2	1789581851037480960
1399	14	54	2	1789581851037479936
1400	14	55	2	1789581851037479936
1401	14	56	2	1789581851037479936
1402	14	57	2	1789581851037480960
1403	14	58	2	1789581851037480960
1404	14	59	2	1789581851037480960
1405	14	60	2	1789581851037480960
1406	14	61	2	1789581851037480960
1407	14	62	2	1789581851037479936
1408	14	63	2	1789581851037478912
1409	15	0	2	1789581851037484032
1410	15	1	2	1789581851037484032
1411	15	2	2	1789581851037483008
1412	15	3	2	1789581851037483008
1413	15	4	2	1789581851037483008
1414	15	5	2	1789581851037483008
1415	15	6	2	1789581851037483008
1416	15	7	2	1789581851037483008
1417	15	8	2	1789581851037483008
1418	15	9	2	1789581851037483008
1419	15	10	2	1789581851037483008
1420	15	11	2	1789581851037483008
1421	15	12	2	1789581851037483008
1422	15	13	2	1789581851037483008
1423	15	14	2	1789581851037483008
1424	15	15	2	1789581851037483008
1425	15	16	2	1789581851037484032
1426	15	17	2	1789581851037484032
1427	15	18	2	1789581851037484032
1428	15	19	2	1789581851037484032
1429	15	20	2	1789581851037484032
1430	15	21	2	1789581851037483008
1431	15	22	2	1789581851037483008
1432	15	23	2	1789581851037483008
1433	15	24	2	1789581851037484032
1434	15	25	2	1789581851037484032
1435	15	26	2	1789581851037484032
1436	15	27	2	1789581851037484032
1437	15	28	2	1789581851037484032
1438	15	29	2	1789581851037484032
1439	15	30	2	1789581851037483008
1440	15	31	2	1789581851037483008
1441	15	32	2	1789581851037483008
1442	15	33	2	1789581851037484032
1443	15	34	2	1789581851037484032
1444	15	35	2	1789581851037484032
1445	15	36	2	1789581851037484032
1446	15	37	2	1789581851037484032
1447	15	38	2	1789581851037483008
1448	15	39	2	1789581851037483008
1449	15	40	2	1789581851037484032
1450	15	41	2	1789581851037484032
1451	15	42	2	1789581851037484032
1452	15	43	2	1789581851037484032
1453	15	44	2	1789581851037483008
1454	15	45	2	1789581851037483008
1455	15	46	2	1789581851037484032
1456	15	47	2	1789581851037484032
1457	15	48	2	1789581851037485056
1458	15	49	2	1789581851037486080
1459	15	50	2	1789581851037486080
1460	15	51	2	1789581851037485056
1461	15	52	2	1789581851037485056
1462	15	53	2	1789581851037485056
1463	15	54	2	1789581851037485056
1464	15	55	2	1789581851037485056
1465	15	56	2	1789581851037485056
1466	15	57	2	1789581851037485056
1467	15	58	2	1789581851037485056
1468	15	59	2	1789581851037485056
1469	15	60	2	1789581851037485056
1470	15	61	2	1789581851037485056
1471	15	62	2	1789581851037485056
1472	15	63	2	1789581851037485056
1473	16	4294967295	128	1789581851037497344
1474	17	4294967295	128	1789581851037497344
1475	18	4294967295	128	1789581851037497344
1476	19	0	2	1789581851037499392
1477	19	1	2	1789581851037499392
1478	19	2	2	1789581851037499392
1479	19	3	2	1789581851037499392
1480	19	4	2	1789581851037499392
1481	19	5	2	1789581851037499392
1482	19	6	2	1789581851037499392
1483	19	7	2	1789581851037499392
1484	19	8	2	1789581851037499392
1485	19	9	2	1789581851037499392
1486	19	10	2	1789581851037500416
1487	19	11	2	1789581851037499392
1488	19	12	2	1789581851037500416
1489	19	13	2	1789581851037499392
1490	19	14	2	1789581851037499392
1491	19	15	2	1789581851037500416
1492	19	16	2	1789581851037499392
1493	19	17	2	1789581851037499392
1494	19	18	2	1789581851037499392
1495	19	19	2	1789581851037499392
1496	19	20	2	1789581851037499392
1497	19	21	2	1789581851037499392
1498	19	22	2	1789581851037499392
1499	19	23	2	1789581851037499392
1500	19	24	2	1789581851037499392
1501	19	25	2	1789581851037499392
1502	19	26	2	1789581851037500416
1503	19	27	2	1789581851037499392
1504	19	28	2	1789581851037499392
1505	19	29	2	1789581851037500416
1506	19	30	2	1789581851037499392
1507	19	31	2	1789581851037499392
1508	19	32	2	1789581851037499392
1509	19	33	2	1789581851037499392
1510	19	34	2	1789581851037499392
1511	19	35	2	1789581851037499392
1512	19	36	2	1789581851037499392
1513	19	37	2	1789581851037499392
1514	19	38	2	1789581851037499392
1515	19	39	2	1789581851037499392
1516	19	40	2	1789581851037499392
1517	19	41	2	1789581851037499392
1518	19	42	2	1789581851037500416
1519	19	43	2	1789581851037499392
1520	19	44	2	1789581851037500416
1521	19	45	2	1789581851037500416
1522	19	46	2	1789581851037499392
1523	19	47	2	1789581851037499392
1524	19	48	2	1789581851037499392
1525	19	49	2	1789581851037499392
1526	19	50	2	1789581851037499392
1527	19	51	2	1789581851037499392
1528	19	52	2	1789581851037499392
1529	19	53	2	1789581851037499392
1530	19	54	2	1789581851037499392
1531	19	55	2	1789581851037499392
1532	19	56	2	1789581851037499392
1533	19	57	2	1789581851037499392
1534	19	58	2	1789581851037499392
1535	19	59	2	1789581851037499392
1536	19	60	2	1789581851037499392
1537	19	61	2	1789581851037499392
1538	19	62	2	1789581851037499392
1539	19	63	2	1789581851037499392
1540	19	64	2	1789581851037502464
1541	19	65	2	1789581851037502464
1542	19	66	2	1789581851037502464
1543	19	67	2	1789581851037502464
1544	19	68	2	1789581851037502464
1545	19	69	2	1789581851037502464
1546	19	70	2	1789581851037502464
1547	19	71	2	1789581851037502464
1548	19	72	2	1789581851037502464
1549	19	73	2	1789581851037503488
1550	19	74	2	1789581851037503488
1551	19	75	2	1789581851037502464
1552	19	76	2	1789581851037502464
1553	19	77	2	1789581851037502464
1554	19	78	2	1789581851037502464
1555	19	79	2	1789581851037502464
1556	19	80	2	1789581851037502464
1557	19	81	2	1789581851037502464
1558	19	82	2	1789581851037502464
1559	19	83	2	1789581851037502464
1560	19	84	2	1789581851037502464
1561	19	85	2	1789581851037502464
1562	19	86	2	1789581851037502464
1563	19	87	2	1789581851037502464
1564	19	88	2	1789581851037502464
1565	19	89	2	1789581851037502464
1566	19	90	2	1789581851037502464
1567	19	91	2	1789581851037502464
1568	19	92	2	1789581851037502464
1569	19	93	2	1789581851037502464
1570	19	94	2	1789581851037502464
1571	19	95	2	1789581851037502464
1572	19	96	2	1789581851037502464
1573	19	97	2	1789581851037502464
1574	19	98	2	1789581851037502464
1575	19	99	2	1789581851037502464
1576	19	100	2	1789581851037502464
1577	19	101	2	1789581851037502464
1578	19	102	2	1789581851037502464
1579	19	103	2	1789581851037502464
1580	19	104	2	1789581851037502464
1581	19	105	2	1789581851037502464
1582	19	106	2	1789581851037502464
1583	19	107	2	1789581851037502464
1584	19	108	2	1789581851037502464
1585	19	109	2	1789581851037502464
1586	19	110	2	1789581851037502464
1587	19	111	2	1789581851037502464
1588	19	112	2	1789581851037503488
1589	19	113	2	1789581851037503488
1590	19	114	2	1789581851037503488
1591	19	115	2	1789581851037503488
1592	19	116	2	1789581851037503488
1593	19	117	2	1789581851037502464
1594	19	118	2	1789581851037502464
1595	19	119	2	1789581851037502464
1596	19	120	2	1789581851037502464
1597	19	121	2	1789581851037502464
1598	19	122	2	1789581851037503488
1599	19	123	2	1789581851037503488
1600	19	124	2	1789581851037502464
1601	19	125	2	1789581851037502464
1602	19	126	2	1789581851037502464
1603	19	127	2	1789581851037502464
1604	19	128	2	1789581851037502464
1605	19	129	2	1789581851037502464
1606	19	130	2	1789581851037502464
1607	19	131	2	1789581851037502464
1608	19	132	2	1789581851037502464
1609	19	133	2	1789581851037502464
1610	19	134	2	1789581851037502464
1611	19	135	2	1789581851037502464
1612	19	136	2	1789581851037502464
1613	19	137	2	1789581851037502464
1614	19	138	2	1789581851037502464
1615	19	139	2	1789581851037502464
1616	19	140	2	1789581851037502464
1617	19	141	2	1789581851037502464
1618	19	142	2	1789581851037502464
1619	19	143	2	1789581851037502464
1620	19	144	2	1789581851037502464
1621	19	145	2	1789581851037502464
1622	19	146	2	1789581851037502464
1623	19	147	2	1789581851037502464
1624	19	148	2	1789581851037502464
1625	19	149	2	1789581851037502464
1626	19	150	2	1789581851037502464
1627	19	151	2	1789581851037502464
1628	19	152	2	1789581851037502464
1629	19	153	2	1789581851037502464
1630	19	154	2	1789581851037502464
1631	19	155	2	1789581851037502464
1632	19	156	2	1789581851037502464
1633	19	157	2	1789581851037502464
1634	19	158	2	1789581851037502464
1635	19	159	2	1789581851037502464
1636	19	160	2	1789581851037502464
1637	19	161	2	1789581851037502464
1638	19	162	2	1789581851037502464
1639	19	163	2	1789581851037502464
1640	19	164	2	1789581851037502464
1641	19	165	2	1789581851037502464
1642	19	166	2	1789581851037502464
1643	19	167	2	1789581851037502464
1644	19	168	2	1789581851037502464
1645	19	169	2	1789581851037502464
1646	19	170	2	1789581851037502464
1647	19	171	2	1789581851037502464
1648	19	172	2	1789581851037502464
1649	19	173	2	1789581851037502464
1650	19	174	2	1789581851037502464
1651	19	175	2	1789581851037502464
1652	19	176	2	1789581851037503488
1653	19	177	2	1789581851037503488
1654	19	178	2	1789581851037502464
1655	19	179	2	1789581851037502464
1656	19	180	2	1789581851037502464
1657	19	181	2	1789581851037501440
1658	19	182	2	1789581851037502464
1659	19	183	2	1789581851037502464
1660	19	184	2	1789581851037503488
1661	19	185	2	1789581851037503488
1662	19	186	2	1789581851037503488
1663	19	187	2	1789581851037502464
1664	19	188	2	1789581851037502464
1665	19	189	2	1789581851037502464
1666	19	190	2	1789581851037502464
1667	19	191	2	1789581851037502464
1668	19	192	2	1789581851037502464
1669	19	193	2	1789581851037502464
1670	19	194	2	1789581851037502464
1671	19	195	2	1789581851037502464
1672	19	196	2	1789581851037502464
1673	19	197	2	1789581851037502464
1674	19	198	2	1789581851037502464
1675	19	199	2	1789581851037502464
1676	19	200	2	1789581851037502464
1677	19	201	2	1789581851037502464
1678	19	202	2	1789581851037502464
1679	19	203	2	1789581851037502464
1680	19	204	2	1789581851037502464
1681	19	205	2	1789581851037502464
1682	19	206	2	1789581851037502464
1683	19	207	2	1789581851037502464
1684	19	208	2	1789581851037502464
1685	19	209	2	1789581851037502464
1686	19	210	2	1789581851037502464
1687	19	211	2	1789581851037502464
1688	19	212	2	1789581851037501440
1689	19	213	2	1789581851037502464
1690	19	214	2	1789581851037502464
1691	19	215	2	1789581851037502464
1692	19	216	2	1789581851037502464
1693	19	217	2	1789581851037502464
1694	19	218	2	1789581851037502464
1695	19	219	2	1789581851037502464
1696	19	220	2	1789581851037502464
1697	19	221	2	1789581851037502464
1698	19	222	2	1789581851037502464
1699	19	223	2	1789581851037502464
1700	19	224	2	1789581851037502464
1701	19	225	2	1789581851037502464
1702	19	226	2	1789581851037502464
1703	19	227	2	1789581851037502464
1704	19	228	2	1789581851037502464
1705	19	229	2	1789581851037502464
1706	19	230	2	1789581851037502464
1707	19	231	2	1789581851037502464
1708	19	232	2	1789581851037502464
1709	19	233	2	1789581851037502464
1710	19	234	2	1789581851037502464
1711	19	235	2	1789581851037502464
1712	19	236	2	1789581851037502464
1713	19	237	2	1789581851037502464
1714	19	238	2	1789581851037502464
1715	19	239	2	1789581851037502464
1716	19	240	2	1789581851037502464
1717	19	241	2	1789581851037503488
1718	19	242	2	1789581851037502464
1719	19	243	2	1789581851037502464
1720	19	244	2	1789581851037503488
1721	19	245	2	1789581851037503488
1722	19	246	2	1789581851037503488
1723	19	247	2	1789581851037503488
1724	19	248	2	1789581851037502464
1725	19	249	2	1789581851037502464
1726	19	250	2	1789581851037502464
1727	19	251	2	1789581851037503488
1728	19	252	2	1789581851037503488
1729	19	253	2	1789581851037503488
1730	19	254	2	1789581851037503488
1731	19	255	2	1789581851037502464
1732	20	0	2	1789581851037499392
1733	20	1	2	1789581851037499392
1734	20	2	2	1789581851037499392
1735	20	3	2	1789581851037499392
1736	20	4	2	1789581851037499392
1737	20	5	2	1789581851037499392
1738	20	6	2	1789581851037499392
1739	20	7	2	1789581851037499392
1740	20	8	2	1789581851037499392
1741	20	9	2	1789581851037499392
1742	20	10	2	1789581851037499392
1743	20	11	2	1789581851037499392
1744	20	12	2	1789581851037499392
1745	20	13	2	1789581851037499392
1746	20	14	2	1789581851037499392
1747	20	15	2	1789581851037499392
1748	20	16	2	1789581851037499392
1749	20	17	2	1789581851037499392
1750	20	18	2	1789581851037499392
1751	20	19	2	1789581851037499392
1752	20	20	2	1789581851037499392
1753	20	21	2	1789581851037499392
1754	20	22	2	1789581851037499392
1755	20	23	2	1789581851037499392
1756	20	24	2	1789581851037499392
1757	20	25	2	1789581851037499392
1758	20	26	2	1789581851037499392
1759	20	27	2	1789581851037499392
1760	20	28	2	1789581851037499392
1761	20	29	2	1789581851037499392
1762	20	30	2	1789581851037499392
1763	20	31	2	1789581851037499392
1764	20	32	2	1789581851037499392
1765	20	33	2	1789581851037499392
1766	20	34	2	1789581851037499392
1767	20	35	2	1789581851037499392
1768	20	36	2	1789581851037499392
1769	20	37	2	1789581851037499392
1770	20	38	2	1789581851037499392
1771	20	39	2	1789581851037499392
1772	20	40	2	1789581851037499392
1773	20	41	2	1789581851037499392
1774	20	42	2	1789581851037499392
1775	20	43	2	1789581851037499392
1776	20	44	2	1789581851037499392
1777	20	45	2	1789581851037499392
1778	20	46	2	1789581851037499392
1779	20	47	2	1789581851037499392
1780	20	48	2	1789581851037499392
1781	20	49	2	1789581851037500416
1782	20	50	2	1789581851037500416
1783	20	51	2	1789581851037499392
1784	20	52	2	1789581851037499392
1785	20	53	2	1789581851037499392
1786	20	54	2	1789581851037499392
1787	20	55	2	1789581851037499392
1788	20	56	2	1789581851037499392
1789	20	57	2	1789581851037499392
1790	20	58	2	1789581851037499392
1791	20	59	2	1789581851037499392
1792	20	60	2	1789581851037499392
1793	20	61	2	1789581851037499392
1794	20	62	2	1789581851037499392
1795	20	63	2	1789581851037499392
1796	20	64	2	1789581851037499392
1797	20	65	2	1789581851037499392
1798	20	66	2	1789581851037499392
1799	20	67	2	1789581851037499392
1800	20	68	2	1789581851037499392
1801	20	69	2	1789581851037499392
1802	20	70	2	1789581851037499392
1803	20	71	2	1789581851037499392
1804	20	72	2	1789581851037499392
1805	20	73	2	1789581851037499392
1806	20	74	2	1789581851037499392
1807	20	75	2	1789581851037499392
1808	20	76	2	1789581851037499392
1809	20	77	2	1789581851037499392
1810	20	78	2	1789581851037499392
1811	20	79	2	1789581851037499392
1812	20	80	2	1789581851037499392
1813	20	81	2	1789581851037499392
1814	20	82	2	1789581851037499392
1815	20	83	2	1789581851037499392
1816	20	84	2	1789581851037499392
1817	20	85	2	1789581851037499392
1818	20	86	2	1789581851037499392
1819	20	87	2	1789581851037499392
1820	20	88	2	1789581851037499392
1821	20	89	2	1789581851037499392
1822	20	90	2	1789581851037499392
1823	20	91	2	1789581851037499392
1824	20	92	2	1789581851037499392
1825	20	93	2	1789581851037499392
1826	20	94	2	1789581851037499392
1827	20	95	2	1789581851037499392
1828	20	96	2	1789581851037499392
1829	20	97	2	1789581851037499392
1830	20	98	2	1789581851037499392
1831	20	99	2	1789581851037499392
1832	20	100	2	1789581851037499392
1833	20	101	2	1789581851037499392
1834	20	102	2	1789581851037499392
1835	20	103	2	1789581851037499392
1836	20	104	2	1789581851037499392
1837	20	105	2	1789581851037499392
1838	20	106	2	1789581851037499392
1839	20	107	2	1789581851037499392
1840	20	108	2	1789581851037499392
1841	20	109	2	1789581851037499392
1842	20	110	2	1789581851037499392
1843	20	111	2	1789581851037499392
1844	20	112	2	1789581851037500416
1845	20	113	2	1789581851037500416
1846	20	114	2	1789581851037500416
1847	20	115	2	1789581851037500416
1848	20	116	2	1789581851037499392
1849	20	117	2	1789581851037499392
1850	20	118	2	1789581851037499392
1851	20	119	2	1789581851037499392
1852	20	120	2	1789581851037499392
1853	20	121	2	1789581851037500416
1854	20	122	2	1789581851037500416
1855	20	123	2	1789581851037500416
1856	20	124	2	1789581851037500416
1857	20	125	2	1789581851037499392
1858	20	126	2	1789581851037499392
1859	20	127	2	1789581851037499392
1860	20	128	2	1789581851037499392
1861	20	129	2	1789581851037499392
1862	20	130	2	1789581851037499392
1863	20	131	2	1789581851037499392
1864	20	132	2	1789581851037499392
1865	20	133	2	1789581851037499392
1866	20	134	2	1789581851037499392
1867	20	135	2	1789581851037499392
1868	20	136	2	1789581851037499392
1869	20	137	2	1789581851037499392
1870	20	138	2	1789581851037499392
1871	20	139	2	1789581851037499392
1872	20	140	2	1789581851037499392
1873	20	141	2	1789581851037499392
1874	20	142	2	1789581851037499392
1875	20	143	2	1789581851037499392
1876	20	144	2	1789581851037499392
1877	20	145	2	1789581851037499392
1878	20	146	2	1789581851037499392
1879	20	147	2	1789581851037499392
1880	20	148	2	1789581851037499392
1881	20	149	2	1789581851037499392
1882	20	150	2	1789581851037499392
1883	20	151	2	1789581851037499392
1884	20	152	2	1789581851037499392
1885	20	153	2	1789581851037499392
1886	20	154	2	1789581851037499392
1887	20	155	2	1789581851037499392
1888	20	156	2	1789581851037499392
1889	20	157	2	1789581851037499392
1890	20	158	2	1789581851037499392
1891	20	159	2	1789581851037499392
1892	20	160	2	1789581851037499392
1893	20	161	2	1789581851037499392
1894	20	162	2	1789581851037499392
1895	20	163	2	1789581851037499392
1896	20	164	2	1789581851037499392
1897	20	165	2	1789581851037499392
1898	20	166	2	1789581851037499392
1899	20	167	2	1789581851037499392
1900	20	168	2	1789581851037499392
1901	20	169	2	1789581851037499392
1902	20	170	2	1789581851037499392
1903	20	171	2	1789581851037499392
1904	20	172	2	1789581851037499392
1905	20	173	2	1789581851037499392
1906	20	174	2	1789581851037499392
1907	20	175	2	1789581851037499392
1908	20	176	2	1789581851037500416
1909	20	177	2	1789581851037500416
1910	20	178	2	1789581851037500416
1911	20	179	2	1789581851037499392
1912	20	180	2	1789581851037500416
1913	20	181	2	1789581851037500416
1914	20	182	2	1789581851037500416
1915	20	183	2	1789581851037500416
1916	20	184	2	1789581851037500416
1917	20	185	2	1789581851037499392
1918	20	186	2	1789581851037500416
1919	20	187	2	1789581851037500416
1920	20	188	2	1789581851037500416
1921	20	189	2	1789581851037500416
1922	20	190	2	1789581851037500416
1923	20	191	2	1789581851037499392
1924	20	192	2	1789581851037500416
1925	20	193	2	1789581851037500416
1926	20	194	2	1789581851037500416
1927	20	195	2	1789581851037500416
1928	20	196	2	1789581851037500416
1929	20	197	2	1789581851037500416
1930	20	198	2	1789581851037500416
1931	20	199	2	1789581851037500416
1932	20	200	2	1789581851037500416
1933	20	201	2	1789581851037500416
1934	20	202	2	1789581851037500416
1935	20	203	2	1789581851037500416
1936	20	204	2	1789581851037500416
1937	20	205	2	1789581851037500416
1938	20	206	2	1789581851037500416
1939	20	207	2	1789581851037500416
1940	20	208	2	1789581851037500416
1941	20	209	2	1789581851037500416
1942	20	210	2	1789581851037500416
1943	20	211	2	1789581851037500416
1944	20	212	2	1789581851037500416
1945	20	213	2	1789581851037500416
1946	20	214	2	1789581851037500416
1947	20	215	2	1789581851037500416
1948	20	216	2	1789581851037500416
1949	20	217	2	1789581851037500416
1950	20	218	2	1789581851037500416
1951	20	219	2	1789581851037500416
1952	20	220	2	1789581851037500416
1953	20	221	2	1789581851037500416
1954	20	222	2	1789581851037500416
1955	20	223	2	1789581851037500416
1956	20	224	2	1789581851037500416
1957	20	225	2	1789581851037500416
1958	20	226	2	1789581851037500416
1959	20	227	2	1789581851037500416
1960	20	228	2	1789581851037500416
1961	20	229	2	1789581851037500416
1962	20	230	2	1789581851037500416
1963	20	231	2	1789581851037500416
1964	20	232	2	1789581851037500416
1965	20	233	2	1789581851037500416
1966	20	234	2	1789581851037500416
1967	20	235	2	1789581851037500416
1968	20	236	2	1789581851037500416
1969	20	237	2	1789581851037500416
1970	20	238	2	1789581851037500416
1971	20	239	2	1789581851037500416
1972	20	240	2	1789581851037500416
1973	20	241	2	1789581851037500416
1974	20	242	2	1789581851037500416
1975	20	243	2	1789581851037500416
1976	20	244	2	1789581851037500416
1977	20	245	2	1789581851037500416
1978	20	246	2	1789581851037500416
1979	20	247	2	1789581851037500416
1980	20	248	2	1789581851037500416
1981	20	249	2	1789581851037500416
1982	20	250	2	1789581851037500416
1983	20	251	2	1789581851037500416
1984	20	252	2	1789581851037500416
1985	20	253	2	1789581851037500416
1986	20	254	2	1789581851037500416
1987	20	255	2	1789581851037500416
1988	21	4294967295	512	1789581851037508608
1989	22	4294967295	512	1789581851037505536
1990	23	0	2	1789581851037534208
1991	23	1	2	1789581851037534208
1992	23	2	2	1789581851037534208
1993	23	3	2	1789581851037534208
1994	23	4	2	1789581851037534208
1995	23	5	2	1789581851037534208
1996	23	6	2	1789581851037534208
1997	23	7	2	1789581851037534208
1998	23	8	2	1789581851037534208
1999	23	9	2	1789581851037534208
2000	23	10	2	1789581851037534208
2001	23	11	2	1789581851037534208
2002	23	12	2	1789581851037534208
2003	23	13	2	1789581851037534208
2004	23	14	2	1789581851037534208
2005	23	15	2	1789581851037534208
2006	23	16	2	1789581851037534208
2007	23	17	2	1789581851037535232
2008	23	18	2	1789581851037535232
2009	23	19	2	1789581851037535232
2010	23	20	2	1789581851037533184
2011	23	21	2	1789581851037534208
2012	23	22	2	1789581851037535232
2013	23	23	2	1789581851037535232
2014	23	24	2	1789581851037535232
2015	23	25	2	1789581851037535232
2016	23	26	2	1789581851037535232
2017	23	27	2	1789581851037534208
2018	23	28	2	1789581851037535232
2019	23	29	2	1789581851037535232
2020	23	30	2	1789581851037534208
2021	23	31	2	1789581851037535232
2022	23	32	2	1789581851037535232
2023	23	33	2	1789581851037535232
2024	23	34	2	1789581851037535232
2025	23	35	2	1789581851037535232
2026	23	36	2	1789581851037535232
2027	23	37	2	1789581851037535232
2028	23	38	2	1789581851037534208
2029	23	39	2	1789581851037534208
2030	23	40	2	1789581851037535232
2031	23	41	2	1789581851037535232
2032	23	42	2	1789581851037535232
2033	23	43	2	1789581851037535232
2034	23	44	2	1789581851037535232
2035	23	45	2	1789581851037535232
2036	23	46	2	1789581851037535232
2037	23	47	2	1789581851037535232
2038	23	48	2	1789581851037536256
2039	23	49	2	1789581851037536256
2040	23	50	2	1789581851037536256
2041	23	51	2	1789581851037536256
2042	23	52	2	1789581851037536256
2043	23	53	2	1789581851037535232
2044	23	54	2	1789581851037536256
2045	23	55	2	1789581851037536256
2046	23	56	2	1789581851037535232
2047	23	57	2	1789581851037536256
2048	23	58	2	1789581851037536256
2049	23	59	2	1789581851037536256
2050	23	60	2	1789581851037536256
2051	23	61	2	1789581851037536256
2052	23	62	2	1789581851037536256
2053	23	63	2	1789581851037535232
2054	23	64	2	1789581851037535232
2055	23	65	2	1789581851037537280
2056	23	66	2	1789581851037536256
2057	23	67	2	1789581851037536256
2058	23	68	2	1789581851037537280
2059	23	69	2	1789581851037536256
2060	23	70	2	1789581851037536256
2061	23	71	2	1789581851037536256
2062	23	72	2	1789581851037536256
2063	23	73	2	1789581851037536256
2064	23	74	2	1789581851037536256
2065	23	75	2	1789581851037537280
2066	23	76	2	1789581851037536256
2067	23	77	2	1789581851037536256
2068	23	78	2	1789581851037536256
2069	23	79	2	1789581851037537280
2070	23	80	2	1789581851037536256
2071	23	81	2	1789581851037536256
2072	23	82	2	1789581851037536256
2073	23	83	2	1789581851037537280
2074	23	84	2	1789581851037537280
2075	23	85	2	1789581851037537280
2076	23	86	2	1789581851037537280
2077	23	87	2	1789581851037536256
2078	23	88	2	1789581851037536256
2079	23	89	2	1789581851037537280
2080	23	90	2	1789581851037537280
2081	23	91	2	1789581851037537280
2082	23	92	2	1789581851037537280
2083	23	93	2	1789581851037537280
2084	23	94	2	1789581851037537280
2085	23	95	2	1789581851037537280
2086	23	96	2	1789581851037537280
2087	23	97	2	1789581851037537280
2088	23	98	2	1789581851037538304
2089	23	99	2	1789581851037537280
2090	23	100	2	1789581851037537280
2091	23	101	2	1789581851037537280
2092	23	102	2	1789581851037537280
2093	23	103	2	1789581851037537280
2094	23	104	2	1789581851037538304
2095	23	105	2	1789581851037538304
2096	23	106	2	1789581851037538304
2097	23	107	2	1789581851037538304
2098	23	108	2	1789581851037538304
2099	23	109	2	1789581851037538304
2100	23	110	2	1789581851037537280
2101	23	111	2	1789581851037537280
2102	23	112	2	1789581851037537280
2103	23	113	2	1789581851037539328
2104	23	114	2	1789581851037538304
2105	23	115	2	1789581851037538304
2106	23	116	2	1789581851037539328
2107	23	117	2	1789581851037538304
2108	23	118	2	1789581851037538304
2109	23	119	2	1789581851037539328
2110	23	120	2	1789581851037538304
2111	23	121	2	1789581851037538304
2112	23	122	2	1789581851037537280
2113	23	123	2	1789581851037538304
2114	23	124	2	1789581851037539328
2115	23	125	2	1789581851037539328
2116	23	126	2	1789581851037538304
2117	23	127	2	1789581851037539328
2118	23	128	2	1789581851037539328
2119	23	129	2	1789581851037538304
2120	23	130	2	1789581851037536256
2121	23	131	2	1789581851037538304
2122	23	132	2	1789581851037538304
2123	23	133	2	1789581851037538304
2124	23	134	2	1789581851037537280
2125	23	135	2	1789581851037538304
2126	23	136	2	1789581851037537280
2127	23	137	2	1789581851037537280
2128	23	138	2	1789581851037538304
2129	23	139	2	1789581851037537280
2130	23	140	2	1789581851037538304
2131	23	141	2	1789581851037538304
2132	23	142	2	1789581851037538304
2133	23	143	2	1789581851037538304
2134	23	144	2	1789581851037538304
2135	23	145	2	1789581851037539328
2136	23	146	2	1789581851037538304
2137	23	147	2	1789581851037539328
2138	23	148	2	1789581851037539328
2139	23	149	2	1789581851037539328
2140	23	150	2	1789581851037540352
2141	23	151	2	1789581851037540352
2142	23	152	2	1789581851037539328
2143	23	153	2	1789581851037540352
2144	23	154	2	1789581851037540352
2145	23	155	2	1789581851037541376
2146	23	156	2	1789581851037540352
2147	23	157	2	1789581851037539328
2148	23	158	2	1789581851037540352
2149	23	159	2	1789581851037541376
2150	23	160	2	1789581851037539328
2151	23	161	2	1789581851037540352
2152	23	162	2	1789581851037540352
2153	23	163	2	1789581851037540352
2154	23	164	2	1789581851037540352
2155	23	165	2	1789581851037540352
2156	23	166	2	1789581851037540352
2157	23	167	2	1789581851037539328
2158	23	168	2	1789581851037540352
2159	23	169	2	1789581851037540352
2160	23	170	2	1789581851037541376
2161	23	171	2	1789581851037538304
2162	23	172	2	1789581851037538304
2163	23	173	2	1789581851037538304
2164	23	174	2	1789581851037538304
2165	23	175	2	1789581851037538304
2166	23	176	2	1789581851037538304
2167	23	177	2	1789581851037538304
2168	23	178	2	1789581851037538304
2169	23	179	2	1789581851037538304
2170	23	180	2	1789581851037538304
2171	23	181	2	1789581851037538304
2172	23	182	2	1789581851037539328
2173	23	183	2	1789581851037538304
2174	23	184	2	1789581851037538304
2175	23	185	2	1789581851037539328
2176	23	186	2	1789581851037539328
2177	23	187	2	1789581851037539328
2178	23	188	2	1789581851037539328
2179	23	189	2	1789581851037540352
2180	23	190	2	1789581851037540352
2181	23	191	2	1789581851037539328
2182	23	192	2	1789581851037539328
2183	23	193	2	1789581851037539328
2184	23	194	2	1789581851037540352
2185	23	195	2	1789581851037540352
2186	23	196	2	1789581851037540352
2187	23	197	2	1789581851037540352
2188	23	198	2	1789581851037540352
2189	23	199	2	1789581851037540352
2190	23	200	2	1789581851037540352
2191	23	201	2	1789581851037540352
2192	23	202	2	1789581851037541376
2193	23	203	2	1789581851037527040
2194	23	204	2	1789581851037527040
2195	23	205	2	1789581851037527040
2196	23	206	2	1789581851037527040
2197	23	207	2	1789581851037527040
2198	23	208	2	1789581851037527040
2199	23	209	2	1789581851037527040
2200	23	210	2	1789581851037527040
2201	23	211	2	1789581851037528064
2202	23	212	2	1789581851037528064
2203	23	213	2	1789581851037528064
2204	23	214	2	1789581851037529088
2205	23	215	2	1789581851037529088
2206	23	216	2	1789581851037529088
2207	23	217	2	1789581851037529088
2208	23	218	2	1789581851037529088
2209	23	219	2	1789581851037530112
2210	23	220	2	1789581851037530112
2211	23	221	2	1789581851037530112
2212	23	222	2	1789581851037531136
2213	23	223	2	1789581851037531136
2214	23	224	2	1789581851037531136
2215	23	225	2	1789581851037531136
2216	23	226	2	1789581851037531136
2217	23	227	2	1789581851037532160
2218	23	228	2	1789581851037532160
2219	23	229	2	1789581851037532160
2220	23	230	2	1789581851037532160
2221	23	231	2	1789581851037532160
2222	23	232	2	1789581851037532160
2223	23	233	2	1789581851037533184
2224	23	234	2	1789581851037533184
2225	23	235	2	1789581851037533184
2226	23	236	2	1789581851037534208
2227	23	237	2	1789581851037534208
2228	23	238	2	1789581851037534208
2229	23	239	2	1789581851037534208
2230	23	240	2	1789581851037535232
2231	23	241	2	1789581851037535232
2232	23	242	2	1789581851037535232
2233	23	243	2	1789581851037535232
2234	23	244	2	1789581851037535232
2235	23	245	2	1789581851037539328
2236	23	246	2	1789581851037539328
2237	23	247	2	1789581851037540352
2238	23	248	2	1789581851037540352
2239	23	249	2	1789581851037540352
2240	23	250	2	1789581851037540352
2241	23	251	2	1789581851037540352
2242	23	252	2	1789581851037541376
2243	23	253	2	1789581851037540352
2244	23	254	2	1789581851037540352
2245	23	255	2	1789581851037541376
2246	24	0	2	1789581851037550592
2247	24	1	2	1789581851037550592
2248	24	2	2	1789581851037550592
2249	24	3	2	1789581851037549568
2250	24	4	2	1789581851037549568
2251	24	5	2	1789581851037550592
2252	24	6	2	1789581851037550592
2253	24	7	2	1789581851037550592
2254	24	8	2	1789581851037550592
2255	24	9	2	1789581851037550592
2256	24	10	2	1789581851037550592
2257	24	11	2	1789581851037550592
2258	24	12	2	1789581851037550592
2259	24	13	2	1789581851037550592
2260	24	14	2	1789581851037547520
2261	24	15	2	1789581851037548544
2262	24	16	2	1789581851037552640
2263	24	17	2	1789581851037552640
2264	24	18	2	1789581851037552640
2265	24	19	2	1789581851037552640
2266	24	20	2	1789581851037552640
2267	24	21	2	1789581851037551616
2268	24	22	2	1789581851037552640
2269	24	23	2	1789581851037551616
2270	24	24	2	1789581851037552640
2271	24	25	2	1789581851037552640
2272	24	26	2	1789581851037552640
2273	24	27	2	1789581851037551616
2274	24	28	2	1789581851037551616
2275	24	29	2	1789581851037551616
2276	24	30	2	1789581851037550592
2277	24	31	2	1789581851037551616
2278	24	32	2	1789581851037552640
2279	24	33	2	1789581851037554688
2280	24	34	2	1789581851037554688
2281	24	35	2	1789581851037554688
2282	24	36	2	1789581851037554688
2283	24	37	2	1789581851037554688
2284	24	38	2	1789581851037554688
2285	24	39	2	1789581851037554688
2286	24	40	2	1789581851037554688
2287	24	41	2	1789581851037554688
2288	24	42	2	1789581851037554688
2289	24	43	2	1789581851037554688
2290	24	44	2	1789581851037554688
2291	24	45	2	1789581851037553664
2292	24	46	2	1789581851037553664
2293	24	47	2	1789581851037553664
2294	24	48	2	1789581851037553664
2295	24	49	2	1789581851037554688
2296	24	50	2	1789581851037554688
2297	24	51	2	1789581851037554688
2298	24	52	2	1789581851037554688
2299	24	53	2	1789581851037554688
2300	24	54	2	1789581851037554688
2301	24	55	2	1789581851037554688
2302	24	56	2	1789581851037553664
2303	24	57	2	1789581851037554688
2304	24	58	2	1789581851037554688
2305	24	59	2	1789581851037554688
2306	24	60	2	1789581851037554688
2307	24	61	2	1789581851037554688
2308	24	62	2	1789581851037553664
2309	24	63	2	1789581851037552640
2310	25	0	2	1789581851037554688
2311	25	1	2	1789581851037554688
2312	25	2	2	1789581851037554688
2313	25	3	2	1789581851037554688
2314	25	4	2	1789581851037554688
2315	25	5	2	1789581851037553664
2316	25	6	2	1789581851037554688
2317	25	7	2	1789581851037554688
2318	25	8	2	1789581851037554688
2319	25	9	2	1789581851037554688
2320	25	10	2	1789581851037554688
2321	25	11	2	1789581851037554688
2322	25	12	2	1789581851037554688
2323	25	13	2	1789581851037554688
2324	25	14	2	1789581851037553664
2325	25	15	2	1789581851037553664
2326	25	16	2	1789581851037556736
2327	25	17	2	1789581851037556736
2328	25	18	2	1789581851037556736
2329	25	19	2	1789581851037556736
2330	25	20	2	1789581851037556736
2331	25	21	2	1789581851037555712
2332	25	22	2	1789581851037555712
2333	25	23	2	1789581851037555712
2334	25	24	2	1789581851037556736
2335	25	25	2	1789581851037556736
2336	25	26	2	1789581851037556736
2337	25	27	2	1789581851037555712
2338	25	28	2	1789581851037555712
2339	25	29	2	1789581851037555712
2340	25	30	2	1789581851037555712
2341	25	31	2	1789581851037555712
2342	25	32	2	1789581851037557760
2343	25	33	2	1789581851037558784
2344	25	34	2	1789581851037558784
2345	25	35	2	1789581851037558784
2346	25	36	2	1789581851037557760
2347	25	37	2	1789581851037558784
2348	25	38	2	1789581851037558784
2349	25	39	2	1789581851037558784
2350	25	40	2	1789581851037558784
2351	25	41	2	1789581851037558784
2352	25	42	2	1789581851037558784
2353	25	43	2	1789581851037558784
2354	25	44	2	1789581851037558784
2355	25	45	2	1789581851037558784
2356	25	46	2	1789581851037558784
2357	25	47	2	1789581851037558784
2358	25	48	2	1789581851037558784
2359	25	49	2	1789581851037558784
2360	25	50	2	1789581851037558784
2361	25	51	2	1789581851037558784
2362	25	52	2	1789581851037558784
2363	25	53	2	1789581851037558784
2364	25	54	2	1789581851037558784
2365	25	55	2	1789581851037558784
2366	25	56	2	1789581851037558784
2367	25	57	2	1789581851037558784
2368	25	58	2	1789581851037558784
2369	25	59	2	1789581851037558784
2370	25	60	2	1789581851037558784
2371	25	61	2	1789581851037558784
2372	25	62	2	1789581851037558784
2373	25	63	2	1789581851037558784
2374	26	0	2	1789581851037566976
2375	26	1	2	1789581851037566976
2376	26	2	2	1789581851037566976
2377	26	3	2	1789581851037566976
2378	26	4	2	1789581851037566976
2379	26	5	2	1789581851037565952
2380	26	6	2	1789581851037566976
2381	26	7	2	1789581851037566976
2382	26	8	2	1789581851037566976
2383	26	9	2	1789581851037566976
2384	26	10	2	1789581851037566976
2385	26	11	2	1789581851037566976
2386	26	12	2	1789581851037566976
2387	26	13	2	1789581851037566976
2388	26	14	2	1789581851037565952
2389	26	15	2	1789581851037566976
2390	26	16	2	1789581851037568000
2391	26	17	2	1789581851037568000
2392	26	18	2	1789581851037569024
2393	26	19	2	1789581851037569024
2394	26	20	2	1789581851037569024
2395	26	21	2	1789581851037568000
2396	26	22	2	1789581851037568000
2397	26	23	2	1789581851037568000
2398	26	24	2	1789581851037570048
2399	26	25	2	1789581851037570048
2400	26	26	2	1789581851037569024
2401	26	27	2	1789581851037568000
2402	26	28	2	1789581851037568000
2403	26	29	2	1789581851037568000
2404	26	30	2	1789581851037566976
2405	26	31	2	1789581851037566976
2406	26	32	2	1789581851037570048
2407	26	33	2	1789581851037571072
2408	26	34	2	1789581851037571072
2409	26	35	2	1789581851037571072
2410	26	36	2	1789581851037570048
2411	26	37	2	1789581851037570048
2412	26	38	2	1789581851037570048
2413	26	39	2	1789581851037571072
2414	26	40	2	1789581851037571072
2415	26	41	2	1789581851037571072
2416	26	42	2	1789581851037571072
2417	26	43	2	1789581851037571072
2418	26	44	2	1789581851037571072
2419	26	45	2	1789581851037570048
2420	26	46	2	1789581851037570048
2421	26	47	2	1789581851037570048
2422	26	48	2	1789581851037571072
2423	26	49	2	1789581851037572096
2424	26	50	2	1789581851037572096
2425	26	51	2	1789581851037572096
2426	26	52	2	1789581851037572096
2427	26	53	2	1789581851037571072
2428	26	54	2	1789581851037571072
2429	26	55	2	1789581851037571072
2430	26	56	2	1789581851037571072
2431	26	57	2	1789581851037572096
2432	26	58	2	1789581851037572096
2433	26	59	2	1789581851037572096
2434	26	60	2	1789581851037571072
2435	26	61	2	1789581851037571072
2436	26	62	2	1789581851037571072
2437	26	63	2	1789581851037570048
2438	26	64	2	1789581851037571072
2439	26	65	2	1789581851037571072
2440	26	66	2	1789581851037571072
2441	26	67	2	1789581851037572096
2442	26	68	2	1789581851037572096
2443	26	69	2	1789581851037571072
2444	26	70	2	1789581851037571072
2445	26	71	2	1789581851037571072
2446	26	72	2	1789581851037571072
2447	26	73	2	1789581851037571072
2448	26	74	2	1789581851037571072
2449	26	75	2	1789581851037571072
2450	26	76	2	1789581851037571072
2451	26	77	2	1789581851037571072
2452	26	78	2	1789581851037571072
2453	26	79	2	1789581851037571072
2454	26	80	2	1789581851037571072
2455	26	81	2	1789581851037571072
2456	26	82	2	1789581851037571072
2457	26	83	2	1789581851037571072
2458	26	84	2	1789581851037571072
2459	26	85	2	1789581851037571072
2460	26	86	2	1789581851037571072
2461	26	87	2	1789581851037571072
2462	26	88	2	1789581851037571072
2463	26	89	2	1789581851037571072
2464	26	90	2	1789581851037571072
2465	26	91	2	1789581851037571072
2466	26	92	2	1789581851037571072
2467	26	93	2	1789581851037571072
2468	26	94	2	1789581851037571072
2469	26	95	2	1789581851037571072
2470	26	96	2	1789581851037571072
2471	26	97	2	1789581851037571072
2472	26	98	2	1789581851037571072
2473	26	99	2	1789581851037571072
2474	26	100	2	1789581851037571072
2475	26	101	2	1789581851037571072
2476	26	102	2	1789581851037571072
2477	26	103	2	1789581851037571072
2478	26	104	2	1789581851037571072
2479	26	105	2	1789581851037571072
2480	26	106	2	1789581851037571072
2481	26	107	2	1789581851037571072
2482	26	108	2	1789581851037571072
2483	26	109	2	1789581851037571072
2484	26	110	2	1789581851037571072
2485	26	111	2	1789581851037571072
2486	26	112	2	1789581851037571072
2487	26	113	2	1789581851037571072
2488	26	114	2	1789581851037571072
2489	26	115	2	1789581851037571072
2490	26	116	2	1789581851037571072
2491	26	117	2	1789581851037571072
2492	26	118	2	1789581851037571072
2493	26	119	2	1789581851037571072
2494	26	120	2	1789581851037571072
2495	26	121	2	1789581851037571072
2496	26	122	2	1789581851037571072
2497	26	123	2	1789581851037571072
2498	26	124	2	1789581851037571072
2499	26	125	2	1789581851037571072
2500	26	126	2	1789581851037571072
2501	26	127	2	1789581851037571072
2502	27	0	2	1789581851037565952
2503	27	1	2	1789581851037566976
2504	27	2	2	1789581851037566976
2505	27	3	2	1789581851037566976
2506	27	4	2	1789581851037565952
2507	27	5	2	1789581851037566976
2508	27	6	2	1789581851037566976
2509	27	7	2	1789581851037566976
2510	27	8	2	1789581851037566976
2511	27	9	2	1789581851037566976
2512	27	10	2	1789581851037565952
2513	27	11	2	1789581851037566976
2514	27	12	2	1789581851037566976
2515	27	13	2	1789581851037566976
2516	27	14	2	1789581851037566976
2517	27	15	2	1789581851037566976
2518	27	16	2	1789581851037566976
2519	27	17	2	1789581851037566976
2520	27	18	2	1789581851037566976
2521	27	19	2	1789581851037566976
2522	27	20	2	1789581851037566976
2523	27	21	2	1789581851037565952
2524	27	22	2	1789581851037565952
2525	27	23	2	1789581851037566976
2526	27	24	2	1789581851037566976
2527	27	25	2	1789581851037565952
2528	27	26	2	1789581851037565952
2529	27	27	2	1789581851037566976
2530	27	28	2	1789581851037566976
2531	27	29	2	1789581851037566976
2532	27	30	2	1789581851037566976
2533	27	31	2	1789581851037565952
2534	27	32	2	1789581851037568000
2535	27	33	2	1789581851037568000
2536	27	34	2	1789581851037569024
2537	27	35	2	1789581851037569024
2538	27	36	2	1789581851037569024
2539	27	37	2	1789581851037569024
2540	27	38	2	1789581851037569024
2541	27	39	2	1789581851037569024
2542	27	40	2	1789581851037569024
2543	27	41	2	1789581851037569024
2544	27	42	2	1789581851037568000
2545	27	43	2	1789581851037569024
2546	27	44	2	1789581851037569024
2547	27	45	2	1789581851037569024
2548	27	46	2	1789581851037569024
2549	27	47	2	1789581851037569024
2550	27	48	2	1789581851037569024
2551	27	49	2	1789581851037569024
2552	27	50	2	1789581851037569024
2553	27	51	2	1789581851037569024
2554	27	52	2	1789581851037568000
2555	27	53	2	1789581851037568000
2556	27	54	2	1789581851037569024
2557	27	55	2	1789581851037569024
2558	27	56	2	1789581851037569024
2559	27	57	2	1789581851037569024
2560	27	58	2	1789581851037569024
2561	27	59	2	1789581851037569024
2562	27	60	2	1789581851037569024
2563	27	61	2	1789581851037569024
2564	27	62	2	1789581851037569024
2565	27	63	2	1789581851037568000
2566	27	64	2	1789581851037571072
2567	27	65	2	1789581851037571072
2568	27	66	2	1789581851037571072
2569	27	67	2	1789581851037571072
2570	27	68	2	1789581851037571072
2571	27	69	2	1789581851037571072
2572	27	70	2	1789581851037571072
2573	27	71	2	1789581851037571072
2574	27	72	2	1789581851037571072
2575	27	73	2	1789581851037571072
2576	27	74	2	1789581851037571072
2577	27	75	2	1789581851037571072
2578	27	76	2	1789581851037571072
2579	27	77	2	1789581851037571072
2580	27	78	2	1789581851037571072
2581	27	79	2	1789581851037570048
2582	27	80	2	1789581851037571072
2583	27	81	2	1789581851037571072
2584	27	82	2	1789581851037571072
2585	27	83	2	1789581851037571072
2586	27	84	2	1789581851037571072
2587	27	85	2	1789581851037571072
2588	27	86	2	1789581851037571072
2589	27	87	2	1789581851037571072
2590	27	88	2	1789581851037572096
2591	27	89	2	1789581851037572096
2592	27	90	2	1789581851037571072
2593	27	91	2	1789581851037572096
2594	27	92	2	1789581851037571072
2595	27	93	2	1789581851037572096
2596	27	94	2	1789581851037572096
2597	27	95	2	1789581851037571072
2598	27	96	2	1789581851037571072
2599	27	97	2	1789581851037572096
2600	27	98	2	1789581851037571072
2601	27	99	2	1789581851037571072
2602	27	100	2	1789581851037571072
2603	27	101	2	1789581851037571072
2604	27	102	2	1789581851037571072
2605	27	103	2	1789581851037571072
2606	27	104	2	1789581851037571072
2607	27	105	2	1789581851037572096
2608	27	106	2	1789581851037571072
2609	27	107	2	1789581851037571072
2610	27	108	2	1789581851037571072
2611	27	109	2	1789581851037571072
2612	27	110	2	1789581851037571072
2613	27	111	2	1789581851037571072
2614	27	112	2	1789581851037571072
2615	27	113	2	1789581851037571072
2616	27	114	2	1789581851037571072
2617	27	115	2	1789581851037571072
2618	27	116	2	1789581851037571072
2619	27	117	2	1789581851037570048
2620	27	118	2	1789581851037571072
2621	27	119	2	1789581851037571072
2622	27	120	2	1789581851037571072
2623	27	121	2	1789581851037571072
2624	27	122	2	1789581851037571072
2625	27	123	2	1789581851037571072
2626	27	124	2	1789581851037571072
2627	27	125	2	1789581851037571072
2628	27	126	2	1789581851037571072
2629	27	127	2	1789581851037571072
2630	28	0	2	1789581851037574144
2631	28	1	2	1789581851037574144
2632	28	2	2	1789581851037574144
2633	28	3	2	1789581851037574144
2634	28	4	2	1789581851037574144
2635	28	5	2	1789581851037574144
2636	28	6	2	1789581851037574144
2637	28	7	2	1789581851037574144
2638	28	8	2	1789581851037574144
2639	28	9	2	1789581851037574144
2640	28	10	2	1789581851037574144
2641	28	11	2	1789581851037574144
2642	28	12	2	1789581851037574144
2643	28	13	2	1789581851037574144
2644	28	14	2	1789581851037574144
2645	28	15	2	1789581851037574144
2646	28	16	2	1789581851037576192
2647	28	17	2	1789581851037576192
2648	28	18	2	1789581851037576192
2649	28	19	2	1789581851037576192
2650	28	20	2	1789581851037576192
2651	28	21	2	1789581851037576192
2652	28	22	2	1789581851037576192
2653	28	23	2	1789581851037576192
2654	28	24	2	1789581851037576192
2655	28	25	2	1789581851037576192
2656	28	26	2	1789581851037576192
2657	28	27	2	1789581851037576192
2658	28	28	2	1789581851037576192
2659	28	29	2	1789581851037576192
2660	28	30	2	1789581851037576192
2661	28	31	2	1789581851037576192
2662	28	32	2	1789581851037576192
2663	28	33	2	1789581851037576192
2664	28	34	2	1789581851037576192
2665	28	35	2	1789581851037576192
2666	28	36	2	1789581851037576192
2667	28	37	2	1789581851037576192
2668	28	38	2	1789581851037576192
2669	28	39	2	1789581851037576192
2670	28	40	2	1789581851037576192
2671	28	41	2	1789581851037576192
2672	28	42	2	1789581851037576192
2673	28	43	2	1789581851037576192
2674	28	44	2	1789581851037576192
2675	28	45	2	1789581851037576192
2676	28	46	2	1789581851037576192
2677	28	47	2	1789581851037576192
2678	28	48	2	1789581851037576192
2679	28	49	2	1789581851037577216
2680	28	50	2	1789581851037577216
2681	28	51	2	1789581851037577216
2682	28	52	2	1789581851037577216
2683	28	53	2	1789581851037576192
2684	28	54	2	1789581851037576192
2685	28	55	2	1789581851037577216
2686	28	56	2	1789581851037577216
2687	28	57	2	1789581851037576192
2688	28	58	2	1789581851037577216
2689	28	59	2	1789581851037577216
2690	28	60	2	1789581851037576192
2691	28	61	2	1789581851037576192
2692	28	62	2	1789581851037576192
2693	28	63	2	1789581851037576192
2694	29	0	2	1789581851037594624
2695	29	1	2	1789581851037594624
2696	29	2	2	1789581851037593600
2697	29	3	2	1789581851037593600
2698	29	4	2	1789581851037593600
2699	29	5	2	1789581851037593600
2700	29	6	2	1789581851037593600
2701	29	7	2	1789581851037593600
2702	29	8	2	1789581851037593600
2703	29	9	2	1789581851037594624
2704	29	10	2	1789581851037593600
2705	29	11	2	1789581851037593600
2706	29	12	2	1789581851037592576
2707	29	13	2	1789581851037593600
2708	29	14	2	1789581851037592576
2709	29	15	2	1789581851037592576
2710	29	16	2	1789581851037595648
2711	29	17	2	1789581851037595648
2712	29	18	2	1789581851037595648
2713	29	19	2	1789581851037595648
2714	29	20	2	1789581851037595648
2715	29	21	2	1789581851037594624
2716	29	22	2	1789581851037594624
2717	29	23	2	1789581851037594624
2718	29	24	2	1789581851037596672
2719	29	25	2	1789581851037596672
2720	29	26	2	1789581851037596672
2721	29	27	2	1789581851037596672
2722	29	28	2	1789581851037596672
2723	29	29	2	1789581851037596672
2724	29	30	2	1789581851037594624
2725	29	31	2	1789581851037594624
2726	29	32	2	1789581851037594624
2727	29	33	2	1789581851037595648
2728	29	34	2	1789581851037595648
2729	29	35	2	1789581851037595648
2730	29	36	2	1789581851037595648
2731	29	37	2	1789581851037595648
2732	29	38	2	1789581851037594624
2733	29	39	2	1789581851037594624
2734	29	40	2	1789581851037595648
2735	29	41	2	1789581851037596672
2736	29	42	2	1789581851037595648
2737	29	43	2	1789581851037596672
2738	29	44	2	1789581851037595648
2739	29	45	2	1789581851037596672
2740	29	46	2	1789581851037595648
2741	29	47	2	1789581851037595648
2742	29	48	2	1789581851037595648
2743	29	49	2	1789581851037596672
2744	29	50	2	1789581851037596672
2745	29	51	2	1789581851037596672
2746	29	52	2	1789581851037596672
2747	29	53	2	1789581851037596672
2748	29	54	2	1789581851037595648
2749	29	55	2	1789581851037595648
2750	29	56	2	1789581851037595648
2751	29	57	2	1789581851037597696
2752	29	58	2	1789581851037597696
2753	29	59	2	1789581851037597696
2754	29	60	2	1789581851037597696
2755	29	61	2	1789581851037597696
2756	29	62	2	1789581851037597696
2757	29	63	2	1789581851037594624
2758	30	0	2	1789581851037598720
2759	30	1	2	1789581851037598720
2760	30	2	2	1789581851037597696
2761	30	3	2	1789581851037597696
2762	30	4	2	1789581851037597696
2763	30	5	2	1789581851037597696
2764	30	6	2	1789581851037597696
2765	30	7	2	1789581851037597696
2766	30	8	2	1789581851037597696
2767	30	9	2	1789581851037597696
2768	30	10	2	1789581851037597696
2769	30	11	2	1789581851037597696
2770	30	12	2	1789581851037597696
2771	30	13	2	1789581851037597696
2772	30	14	2	1789581851037597696
2773	30	15	2	1789581851037597696
2774	30	16	2	1789581851037599744
2775	30	17	2	1789581851037599744
2776	30	18	2	1789581851037600768
2777	30	19	2	1789581851037600768
2778	30	20	2	1789581851037599744
2779	30	21	2	1789581851037599744
2780	30	22	2	1789581851037599744
2781	30	23	2	1789581851037599744
2782	30	24	2	1789581851037600768
2783	30	25	2	1789581851037600768
2784	30	26	2	1789581851037600768
2785	30	27	2	1789581851037599744
2786	30	28	2	1789581851037599744
2787	30	29	2	1789581851037599744
2788	30	30	2	1789581851037599744
2789	30	31	2	1789581851037599744
2790	30	32	2	1789581851037599744
2791	30	33	2	1789581851037600768
2792	30	34	2	1789581851037600768
2793	30	35	2	1789581851037599744
2794	30	36	2	1789581851037599744
2795	30	37	2	1789581851037599744
2796	30	38	2	1789581851037599744
2797	30	39	2	1789581851037600768
2798	30	40	2	1789581851037600768
2799	30	41	2	1789581851037600768
2800	30	42	2	1789581851037600768
2801	30	43	2	1789581851037600768
2802	30	44	2	1789581851037600768
2803	30	45	2	1789581851037600768
2804	30	46	2	1789581851037600768
2805	30	47	2	1789581851037600768
2806	30	48	2	1789581851037600768
2807	30	49	2	1789581851037600768
2808	30	50	2	1789581851037600768
2809	30	51	2	1789581851037600768
2810	30	52	2	1789581851037600768
2811	30	53	2	1789581851037600768
2812	30	54	2	1789581851037600768
2813	30	55	2	1789581851037600768
2814	30	56	2	1789581851037600768
2815	30	57	2	1789581851037601792
2816	30	58	2	1789581851037601792
2817	30	59	2	1789581851037601792
2818	30	60	2	1789581851037601792
2819	30	61	2	1789581851037601792
2820	30	62	2	1789581851037600768
2821	30	63	2	1789581851037600768
2822	31	4294967295	128	1789581851037613056
2823	32	4294967295	128	1789581851037613056
2824	33	4294967295	128	1789581851037614080
2825	34	0	2	1789581851037616128
2826	34	1	2	1789581851037616128
2827	34	2	2	1789581851037616128
2828	34	3	2	1789581851037616128
2829	34	4	2	1789581851037616128
2830	34	5	2	1789581851037616128
2831	34	6	2	1789581851037616128
2832	34	7	2	1789581851037616128
2833	34	8	2	1789581851037616128
2834	34	9	2	1789581851037616128
2835	34	10	2	1789581851037616128
2836	34	11	2	1789581851037616128
2837	34	12	2	1789581851037616128
2838	34	13	2	1789581851037616128
2839	34	14	2	1789581851037616128
2840	34	15	2	1789581851037616128
2841	34	16	2	1789581851037616128
2842	34	17	2	1789581851037616128
2843	34	18	2	1789581851037616128
2844	34	19	2	1789581851037616128
2845	34	20	2	1789581851037616128
2846	34	21	2	1789581851037616128
2847	34	22	2	1789581851037616128
2848	34	23	2	1789581851037616128
2849	34	24	2	1789581851037616128
2850	34	25	2	1789581851037616128
2851	34	26	2	1789581851037616128
2852	34	27	2	1789581851037616128
2853	34	28	2	1789581851037616128
2854	34	29	2	1789581851037616128
2855	34	30	2	1789581851037616128
2856	34	31	2	1789581851037616128
2857	34	32	2	1789581851037616128
2858	34	33	2	1789581851037616128
2859	34	34	2	1789581851037616128
2860	34	35	2	1789581851037616128
2861	34	36	2	1789581851037616128
2862	34	37	2	1789581851037616128
2863	34	38	2	1789581851037616128
2864	34	39	2	1789581851037616128
2865	34	40	2	1789581851037616128
2866	34	41	2	1789581851037616128
2867	34	42	2	1789581851037616128
2868	34	43	2	1789581851037616128
2869	34	44	2	1789581851037616128
2870	34	45	2	1789581851037616128
2871	34	46	2	1789581851037616128
2872	34	47	2	1789581851037616128
2873	34	48	2	1789581851037616128
2874	34	49	2	1789581851037616128
2875	34	50	2	1789581851037616128
2876	34	51	2	1789581851037616128
2877	34	52	2	1789581851037616128
2878	34	53	2	1789581851037616128
2879	34	54	2	1789581851037616128
2880	34	55	2	1789581851037616128
2881	34	56	2	1789581851037616128
2882	34	57	2	1789581851037616128
2883	34	58	2	1789581851037616128
2884	34	59	2	1789581851037616128
2885	34	60	2	1789581851037616128
2886	34	61	2	1789581851037616128
2887	34	62	2	1789581851037616128
2888	34	63	2	1789581851037616128
2889	34	64	2	1789581851037619200
2890	34	65	2	1789581851037619200
2891	34	66	2	1789581851037619200
2892	34	67	2	1789581851037619200
2893	34	68	2	1789581851037619200
2894	34	69	2	1789581851037619200
2895	34	70	2	1789581851037619200
2896	34	71	2	1789581851037619200
2897	34	72	2	1789581851037619200
2898	34	73	2	1789581851037619200
2899	34	74	2	1789581851037619200
2900	34	75	2	1789581851037619200
2901	34	76	2	1789581851037619200
2902	34	77	2	1789581851037619200
2903	34	78	2	1789581851037619200
2904	34	79	2	1789581851037619200
2905	34	80	2	1789581851037619200
2906	34	81	2	1789581851037619200
2907	34	82	2	1789581851037619200
2908	34	83	2	1789581851037619200
2909	34	84	2	1789581851037619200
2910	34	85	2	1789581851037618176
2911	34	86	2	1789581851037619200
2912	34	87	2	1789581851037619200
2913	34	88	2	1789581851037619200
2914	34	89	2	1789581851037619200
2915	34	90	2	1789581851037619200
2916	34	91	2	1789581851037619200
2917	34	92	2	1789581851037619200
2918	34	93	2	1789581851037619200
2919	34	94	2	1789581851037618176
2920	34	95	2	1789581851037619200
2921	34	96	2	1789581851037619200
2922	34	97	2	1789581851037619200
2923	34	98	2	1789581851037619200
2924	34	99	2	1789581851037619200
2925	34	100	2	1789581851037618176
2926	34	101	2	1789581851037618176
2927	34	102	2	1789581851037618176
2928	34	103	2	1789581851037618176
2929	34	104	2	1789581851037619200
2930	34	105	2	1789581851037619200
2931	34	106	2	1789581851037619200
2932	34	107	2	1789581851037619200
2933	34	108	2	1789581851037619200
2934	34	109	2	1789581851037618176
2935	34	110	2	1789581851037619200
2936	34	111	2	1789581851037619200
2937	34	112	2	1789581851037619200
2938	34	113	2	1789581851037619200
2939	34	114	2	1789581851037619200
2940	34	115	2	1789581851037619200
2941	34	116	2	1789581851037619200
2942	34	117	2	1789581851037619200
2943	34	118	2	1789581851037619200
2944	34	119	2	1789581851037619200
2945	34	120	2	1789581851037619200
2946	34	121	2	1789581851037619200
2947	34	122	2	1789581851037619200
2948	34	123	2	1789581851037619200
2949	34	124	2	1789581851037619200
2950	34	125	2	1789581851037619200
2951	34	126	2	1789581851037619200
2952	34	127	2	1789581851037618176
2953	34	128	2	1789581851037619200
2954	34	129	2	1789581851037619200
2955	34	130	2	1789581851037619200
2956	34	131	2	1789581851037619200
2957	34	132	2	1789581851037619200
2958	34	133	2	1789581851037619200
2959	34	134	2	1789581851037619200
2960	34	135	2	1789581851037618176
2961	34	136	2	1789581851037619200
2962	34	137	2	1789581851037619200
2963	34	138	2	1789581851037619200
2964	34	139	2	1789581851037619200
2965	34	140	2	1789581851037619200
2966	34	141	2	1789581851037619200
2967	34	142	2	1789581851037619200
2968	34	143	2	1789581851037619200
2969	34	144	2	1789581851037619200
2970	34	145	2	1789581851037619200
2971	34	146	2	1789581851037619200
2972	34	147	2	1789581851037619200
2973	34	148	2	1789581851037619200
2974	34	149	2	1789581851037619200
2975	34	150	2	1789581851037619200
2976	34	151	2	1789581851037619200
2977	34	152	2	1789581851037619200
2978	34	153	2	1789581851037619200
2979	34	154	2	1789581851037619200
2980	34	155	2	1789581851037619200
2981	34	156	2	1789581851037619200
2982	34	157	2	1789581851037619200
2983	34	158	2	1789581851037619200
2984	34	159	2	1789581851037618176
2985	34	160	2	1789581851037619200
2986	34	161	2	1789581851037619200
2987	34	162	2	1789581851037619200
2988	34	163	2	1789581851037619200
2989	34	164	2	1789581851037619200
2990	34	165	2	1789581851037619200
2991	34	166	2	1789581851037619200
2992	34	167	2	1789581851037619200
2993	34	168	2	1789581851037619200
2994	34	169	2	1789581851037619200
2995	34	170	2	1789581851037619200
2996	34	171	2	1789581851037619200
2997	34	172	2	1789581851037619200
2998	34	173	2	1789581851037619200
2999	34	174	2	1789581851037619200
3000	34	175	2	1789581851037619200
3001	34	176	2	1789581851037619200
3002	34	177	2	1789581851037619200
3003	34	178	2	1789581851037619200
3004	34	179	2	1789581851037619200
3005	34	180	2	1789581851037619200
3006	34	181	2	1789581851037618176
3007	34	182	2	1789581851037619200
3008	34	183	2	1789581851037619200
3009	34	184	2	1789581851037619200
3010	34	185	2	1789581851037619200
3011	34	186	2	1789581851037619200
3012	34	187	2	1789581851037619200
3013	34	188	2	1789581851037619200
3014	34	189	2	1789581851037619200
3015	34	190	2	1789581851037618176
3016	34	191	2	1789581851037619200
3017	34	192	2	1789581851037619200
3018	34	193	2	1789581851037619200
3019	34	194	2	1789581851037619200
3020	34	195	2	1789581851037618176
3021	34	196	2	1789581851037618176
3022	34	197	2	1789581851037618176
3023	34	198	2	1789581851037619200
3024	34	199	2	1789581851037619200
3025	34	200	2	1789581851037619200
3026	34	201	2	1789581851037618176
3027	34	202	2	1789581851037619200
3028	34	203	2	1789581851037619200
3029	34	204	2	1789581851037619200
3030	34	205	2	1789581851037619200
3031	34	206	2	1789581851037619200
3032	34	207	2	1789581851037619200
3033	34	208	2	1789581851037619200
3034	34	209	2	1789581851037619200
3035	34	210	2	1789581851037619200
3036	34	211	2	1789581851037619200
3037	34	212	2	1789581851037619200
3038	34	213	2	1789581851037618176
3039	34	214	2	1789581851037619200
3040	34	215	2	1789581851037619200
3041	34	216	2	1789581851037619200
3042	34	217	2	1789581851037619200
3043	34	218	2	1789581851037618176
3044	34	219	2	1789581851037619200
3045	34	220	2	1789581851037619200
3046	34	221	2	1789581851037619200
3047	34	222	2	1789581851037619200
3048	34	223	2	1789581851037618176
3049	34	224	2	1789581851037618176
3050	34	225	2	1789581851037619200
3051	34	226	2	1789581851037619200
3052	34	227	2	1789581851037619200
3053	34	228	2	1789581851037619200
3054	34	229	2	1789581851037618176
3055	34	230	2	1789581851037618176
3056	34	231	2	1789581851037619200
3057	34	232	2	1789581851037619200
3058	34	233	2	1789581851037619200
3059	34	234	2	1789581851037618176
3060	34	235	2	1789581851037619200
3061	34	236	2	1789581851037619200
3062	34	237	2	1789581851037618176
3063	34	238	2	1789581851037618176
3064	34	239	2	1789581851037618176
3065	34	240	2	1789581851037619200
3066	34	241	2	1789581851037619200
3067	34	242	2	1789581851037619200
3068	34	243	2	1789581851037618176
3069	34	244	2	1789581851037619200
3070	34	245	2	1789581851037619200
3071	34	246	2	1789581851037619200
3072	34	247	2	1789581851037619200
3073	34	248	2	1789581851037619200
3074	34	249	2	1789581851037619200
3075	34	250	2	1789581851037619200
3076	34	251	2	1789581851037619200
3077	34	252	2	1789581851037620224
3078	34	253	2	1789581851037619200
3079	34	254	2	1789581851037619200
3080	34	255	2	1789581851037618176
3081	35	0	2	1789581851037616128
3082	35	1	2	1789581851037616128
3083	35	2	2	1789581851037616128
3084	35	3	2	1789581851037616128
3085	35	4	2	1789581851037616128
3086	35	5	2	1789581851037616128
3087	35	6	2	1789581851037616128
3088	35	7	2	1789581851037616128
3089	35	8	2	1789581851037616128
3090	35	9	2	1789581851037616128
3091	35	10	2	1789581851037616128
3092	35	11	2	1789581851037616128
3093	35	12	2	1789581851037616128
3094	35	13	2	1789581851037616128
3095	35	14	2	1789581851037616128
3096	35	15	2	1789581851037616128
3097	35	16	2	1789581851037616128
3098	35	17	2	1789581851037616128
3099	35	18	2	1789581851037616128
3100	35	19	2	1789581851037616128
3101	35	20	2	1789581851037616128
3102	35	21	2	1789581851037616128
3103	35	22	2	1789581851037616128
3104	35	23	2	1789581851037616128
3105	35	24	2	1789581851037616128
3106	35	25	2	1789581851037616128
3107	35	26	2	1789581851037616128
3108	35	27	2	1789581851037616128
3109	35	28	2	1789581851037616128
3110	35	29	2	1789581851037616128
3111	35	30	2	1789581851037616128
3112	35	31	2	1789581851037616128
3113	35	32	2	1789581851037616128
3114	35	33	2	1789581851037616128
3115	35	34	2	1789581851037616128
3116	35	35	2	1789581851037616128
3117	35	36	2	1789581851037616128
3118	35	37	2	1789581851037616128
3119	35	38	2	1789581851037616128
3120	35	39	2	1789581851037616128
3121	35	40	2	1789581851037616128
3122	35	41	2	1789581851037616128
3123	35	42	2	1789581851037616128
3124	35	43	2	1789581851037616128
3125	35	44	2	1789581851037616128
3126	35	45	2	1789581851037616128
3127	35	46	2	1789581851037616128
3128	35	47	2	1789581851037616128
3129	35	48	2	1789581851037616128
3130	35	49	2	1789581851037616128
3131	35	50	2	1789581851037616128
3132	35	51	2	1789581851037616128
3133	35	52	2	1789581851037616128
3134	35	53	2	1789581851037616128
3135	35	54	2	1789581851037616128
3136	35	55	2	1789581851037616128
3137	35	56	2	1789581851037616128
3138	35	57	2	1789581851037616128
3139	35	58	2	1789581851037616128
3140	35	59	2	1789581851037616128
3141	35	60	2	1789581851037616128
3142	35	61	2	1789581851037616128
3143	35	62	2	1789581851037616128
3144	35	63	2	1789581851037616128
3145	35	64	2	1789581851037616128
3146	35	65	2	1789581851037616128
3147	35	66	2	1789581851037616128
3148	35	67	2	1789581851037616128
3149	35	68	2	1789581851037616128
3150	35	69	2	1789581851037616128
3151	35	70	2	1789581851037616128
3152	35	71	2	1789581851037616128
3153	35	72	2	1789581851037616128
3154	35	73	2	1789581851037616128
3155	35	74	2	1789581851037616128
3156	35	75	2	1789581851037616128
3157	35	76	2	1789581851037616128
3158	35	77	2	1789581851037616128
3159	35	78	2	1789581851037616128
3160	35	79	2	1789581851037616128
3161	35	80	2	1789581851037616128
3162	35	81	2	1789581851037616128
3163	35	82	2	1789581851037616128
3164	35	83	2	1789581851037616128
3165	35	84	2	1789581851037616128
3166	35	85	2	1789581851037616128
3167	35	86	2	1789581851037616128
3168	35	87	2	1789581851037616128
3169	35	88	2	1789581851037616128
3170	35	89	2	1789581851037616128
3171	35	90	2	1789581851037616128
3172	35	91	2	1789581851037616128
3173	35	92	2	1789581851037616128
3174	35	93	2	1789581851037616128
3175	35	94	2	1789581851037616128
3176	35	95	2	1789581851037616128
3177	35	96	2	1789581851037616128
3178	35	97	2	1789581851037616128
3179	35	98	2	1789581851037616128
3180	35	99	2	1789581851037616128
3181	35	100	2	1789581851037616128
3182	35	101	2	1789581851037616128
3183	35	102	2	1789581851037616128
3184	35	103	2	1789581851037616128
3185	35	104	2	1789581851037616128
3186	35	105	2	1789581851037616128
3187	35	106	2	1789581851037616128
3188	35	107	2	1789581851037616128
3189	35	108	2	1789581851037616128
3190	35	109	2	1789581851037616128
3191	35	110	2	1789581851037616128
3192	35	111	2	1789581851037616128
3193	35	112	2	1789581851037616128
3194	35	113	2	1789581851037616128
3195	35	114	2	1789581851037616128
3196	35	115	2	1789581851037616128
3197	35	116	2	1789581851037616128
3198	35	117	2	1789581851037616128
3199	35	118	2	1789581851037616128
3200	35	119	2	1789581851037616128
3201	35	120	2	1789581851037616128
3202	35	121	2	1789581851037616128
3203	35	122	2	1789581851037616128
3204	35	123	2	1789581851037616128
3205	35	124	2	1789581851037616128
3206	35	125	2	1789581851037616128
3207	35	126	2	1789581851037616128
3208	35	127	2	1789581851037616128
3209	35	128	2	1789581851037616128
3210	35	129	2	1789581851037616128
3211	35	130	2	1789581851037616128
3212	35	131	2	1789581851037616128
3213	35	132	2	1789581851037616128
3214	35	133	2	1789581851037616128
3215	35	134	2	1789581851037616128
3216	35	135	2	1789581851037616128
3217	35	136	2	1789581851037616128
3218	35	137	2	1789581851037616128
3219	35	138	2	1789581851037616128
3220	35	139	2	1789581851037616128
3221	35	140	2	1789581851037616128
3222	35	141	2	1789581851037616128
3223	35	142	2	1789581851037616128
3224	35	143	2	1789581851037616128
3225	35	144	2	1789581851037616128
3226	35	145	2	1789581851037616128
3227	35	146	2	1789581851037616128
3228	35	147	2	1789581851037616128
3229	35	148	2	1789581851037616128
3230	35	149	2	1789581851037616128
3231	35	150	2	1789581851037616128
3232	35	151	2	1789581851037616128
3233	35	152	2	1789581851037616128
3234	35	153	2	1789581851037616128
3235	35	154	2	1789581851037616128
3236	35	155	2	1789581851037616128
3237	35	156	2	1789581851037616128
3238	35	157	2	1789581851037616128
3239	35	158	2	1789581851037616128
3240	35	159	2	1789581851037616128
3241	35	160	2	1789581851037616128
3242	35	161	2	1789581851037616128
3243	35	162	2	1789581851037616128
3244	35	163	2	1789581851037616128
3245	35	164	2	1789581851037616128
3246	35	165	2	1789581851037616128
3247	35	166	2	1789581851037616128
3248	35	167	2	1789581851037616128
3249	35	168	2	1789581851037616128
3250	35	169	2	1789581851037616128
3251	35	170	2	1789581851037616128
3252	35	171	2	1789581851037616128
3253	35	172	2	1789581851037616128
3254	35	173	2	1789581851037616128
3255	35	174	2	1789581851037616128
3256	35	175	2	1789581851037616128
3257	35	176	2	1789581851037616128
3258	35	177	2	1789581851037616128
3259	35	178	2	1789581851037616128
3260	35	179	2	1789581851037616128
3261	35	180	2	1789581851037616128
3262	35	181	2	1789581851037616128
3263	35	182	2	1789581851037616128
3264	35	183	2	1789581851037617152
3265	35	184	2	1789581851037616128
3266	35	185	2	1789581851037616128
3267	35	186	2	1789581851037617152
3268	35	187	2	1789581851037617152
3269	35	188	2	1789581851037617152
3270	35	189	2	1789581851037616128
3271	35	190	2	1789581851037616128
3272	35	191	2	1789581851037616128
3273	35	192	2	1789581851037616128
3274	35	193	2	1789581851037616128
3275	35	194	2	1789581851037616128
3276	35	195	2	1789581851037616128
3277	35	196	2	1789581851037616128
3278	35	197	2	1789581851037616128
3279	35	198	2	1789581851037616128
3280	35	199	2	1789581851037616128
3281	35	200	2	1789581851037616128
3282	35	201	2	1789581851037616128
3283	35	202	2	1789581851037616128
3284	35	203	2	1789581851037616128
3285	35	204	2	1789581851037616128
3286	35	205	2	1789581851037616128
3287	35	206	2	1789581851037616128
3288	35	207	2	1789581851037616128
3289	35	208	2	1789581851037616128
3290	35	209	2	1789581851037616128
3291	35	210	2	1789581851037616128
3292	35	211	2	1789581851037616128
3293	35	212	2	1789581851037616128
3294	35	213	2	1789581851037616128
3295	35	214	2	1789581851037616128
3296	35	215	2	1789581851037616128
3297	35	216	2	1789581851037616128
3298	35	217	2	1789581851037616128
3299	35	218	2	1789581851037616128
3300	35	219	2	1789581851037616128
3301	35	220	2	1789581851037616128
3302	35	221	2	1789581851037616128
3303	35	222	2	1789581851037616128
3304	35	223	2	1789581851037616128
3305	35	224	2	1789581851037616128
3306	35	225	2	1789581851037616128
3307	35	226	2	1789581851037616128
3308	35	227	2	1789581851037616128
3309	35	228	2	1789581851037616128
3310	35	229	2	1789581851037616128
3311	35	230	2	1789581851037616128
3312	35	231	2	1789581851037616128
3313	35	232	2	1789581851037616128
3314	35	233	2	1789581851037616128
3315	35	234	2	1789581851037616128
3316	35	235	2	1789581851037616128
3317	35	236	2	1789581851037616128
3318	35	237	2	1789581851037616128
3319	35	238	2	1789581851037616128
3320	35	239	2	1789581851037616128
3321	35	240	2	1789581851037616128
3322	35	241	2	1789581851037616128
3323	35	242	2	1789581851037616128
3324	35	243	2	1789581851037616128
3325	35	244	2	1789581851037616128
3326	35	245	2	1789581851037616128
3327	35	246	2	1789581851037616128
3328	35	247	2	1789581851037616128
3329	35	248	2	1789581851037616128
3330	35	249	2	1789581851037616128
3331	35	250	2	1789581851037616128
3332	35	251	2	1789581851037616128
3333	35	252	2	1789581851037616128
3334	35	253	2	1789581851037616128
3335	35	254	2	1789581851037616128
3336	35	255	2	1789581851037616128
3337	36	4294967295	512	1789581851037624320
3338	37	4294967295	512	1789581851037622272
3339	38	0	2	1789581851037649920
3340	38	1	2	1789581851037649920
3341	38	2	2	1789581851037649920
3342	38	3	2	1789581851037649920
3343	38	4	2	1789581851037649920
3344	38	5	2	1789581851037649920
3345	38	6	2	1789581851037649920
3346	38	7	2	1789581851037649920
3347	38	8	2	1789581851037649920
3348	38	9	2	1789581851037649920
3349	38	10	2	1789581851037649920
3350	38	11	2	1789581851037649920
3351	38	12	2	1789581851037649920
3352	38	13	2	1789581851037649920
3353	38	14	2	1789581851037648896
3354	38	15	2	1789581851037649920
3355	38	16	2	1789581851037649920
3356	38	17	2	1789581851037649920
3357	38	18	2	1789581851037649920
3358	38	19	2	1789581851037649920
3359	38	20	2	1789581851037649920
3360	38	21	2	1789581851037649920
3361	38	22	2	1789581851037649920
3362	38	23	2	1789581851037649920
3363	38	24	2	1789581851037649920
3364	38	25	2	1789581851037649920
3365	38	26	2	1789581851037650944
3366	38	27	2	1789581851037650944
3367	38	28	2	1789581851037650944
3368	38	29	2	1789581851037650944
3369	38	30	2	1789581851037649920
3370	38	31	2	1789581851037649920
3371	38	32	2	1789581851037649920
3372	38	33	2	1789581851037650944
3373	38	34	2	1789581851037650944
3374	38	35	2	1789581851037649920
3375	38	36	2	1789581851037650944
3376	38	37	2	1789581851037650944
3377	38	38	2	1789581851037649920
3378	38	39	2	1789581851037649920
3379	38	40	2	1789581851037650944
3380	38	41	2	1789581851037650944
3381	38	42	2	1789581851037650944
3382	38	43	2	1789581851037650944
3383	38	44	2	1789581851037649920
3384	38	45	2	1789581851037649920
3385	38	46	2	1789581851037650944
3386	38	47	2	1789581851037650944
3387	38	48	2	1789581851037649920
3388	38	49	2	1789581851037650944
3389	38	50	2	1789581851037650944
3390	38	51	2	1789581851037650944
3391	38	52	2	1789581851037650944
3392	38	53	2	1789581851037650944
3393	38	54	2	1789581851037650944
3394	38	55	2	1789581851037651968
3395	38	56	2	1789581851037650944
3396	38	57	2	1789581851037650944
3397	38	58	2	1789581851037650944
3398	38	59	2	1789581851037650944
3399	38	60	2	1789581851037650944
3400	38	61	2	1789581851037651968
3401	38	62	2	1789581851037651968
3402	38	63	2	1789581851037650944
3403	38	64	2	1789581851037650944
3404	38	65	2	1789581851037651968
3405	38	66	2	1789581851037651968
3406	38	67	2	1789581851037651968
3407	38	68	2	1789581851037651968
3408	38	69	2	1789581851037651968
3409	38	70	2	1789581851037651968
3410	38	71	2	1789581851037651968
3411	38	72	2	1789581851037651968
3412	38	73	2	1789581851037651968
3413	38	74	2	1789581851037651968
3414	38	75	2	1789581851037651968
3415	38	76	2	1789581851037651968
3416	38	77	2	1789581851037652992
3417	38	78	2	1789581851037651968
3418	38	79	2	1789581851037651968
3419	38	80	2	1789581851037651968
3420	38	81	2	1789581851037651968
3421	38	82	2	1789581851037651968
3422	38	83	2	1789581851037651968
3423	38	84	2	1789581851037651968
3424	38	85	2	1789581851037651968
3425	38	86	2	1789581851037651968
3426	38	87	2	1789581851037651968
3427	38	88	2	1789581851037651968
3428	38	89	2	1789581851037652992
3429	38	90	2	1789581851037651968
3430	38	91	2	1789581851037651968
3431	38	92	2	1789581851037652992
3432	38	93	2	1789581851037652992
3433	38	94	2	1789581851037652992
3434	38	95	2	1789581851037654016
3435	38	96	2	1789581851037652992
3436	38	97	2	1789581851037652992
3437	38	98	2	1789581851037652992
3438	38	99	2	1789581851037652992
3439	38	100	2	1789581851037652992
3440	38	101	2	1789581851037654016
3441	38	102	2	1789581851037652992
3442	38	103	2	1789581851037652992
3443	38	104	2	1789581851037654016
3444	38	105	2	1789581851037652992
3445	38	106	2	1789581851037652992
3446	38	107	2	1789581851037655040
3447	38	108	2	1789581851037654016
3448	38	109	2	1789581851037654016
3449	38	110	2	1789581851037654016
3450	38	111	2	1789581851037652992
3451	38	112	2	1789581851037652992
3452	38	113	2	1789581851037654016
3453	38	114	2	1789581851037654016
3454	38	115	2	1789581851037654016
3455	38	116	2	1789581851037654016
3456	38	117	2	1789581851037654016
3457	38	118	2	1789581851037654016
3458	38	119	2	1789581851037655040
3459	38	120	2	1789581851037654016
3460	38	121	2	1789581851037654016
3461	38	122	2	1789581851037652992
3462	38	123	2	1789581851037652992
3463	38	124	2	1789581851037655040
3464	38	125	2	1789581851037656064
3465	38	126	2	1789581851037654016
3466	38	127	2	1789581851037655040
3467	38	128	2	1789581851037655040
3468	38	129	2	1789581851037654016
3469	38	130	2	1789581851037654016
3470	38	131	2	1789581851037652992
3471	38	132	2	1789581851037654016
3472	38	133	2	1789581851037654016
3473	38	134	2	1789581851037654016
3474	38	135	2	1789581851037654016
3475	38	136	2	1789581851037654016
3476	38	137	2	1789581851037654016
3477	38	138	2	1789581851037654016
3478	38	139	2	1789581851037654016
3479	38	140	2	1789581851037652992
3480	38	141	2	1789581851037652992
3481	38	142	2	1789581851037654016
3482	38	143	2	1789581851037654016
3483	38	144	2	1789581851037655040
3484	38	145	2	1789581851037655040
3485	38	146	2	1789581851037655040
3486	38	147	2	1789581851037654016
3487	38	148	2	1789581851037654016
3488	38	149	2	1789581851037654016
3489	38	150	2	1789581851037656064
3490	38	151	2	1789581851037657088
3491	38	152	2	1789581851037656064
3492	38	153	2	1789581851037656064
3493	38	154	2	1789581851037656064
3494	38	155	2	1789581851037656064
3495	38	156	2	1789581851037656064
3496	38	157	2	1789581851037656064
3497	38	158	2	1789581851037656064
3498	38	159	2	1789581851037656064
3499	38	160	2	1789581851037655040
3500	38	161	2	1789581851037655040
3501	38	162	2	1789581851037657088
3502	38	163	2	1789581851037657088
3503	38	164	2	1789581851037656064
3504	38	165	2	1789581851037656064
3505	38	166	2	1789581851037657088
3506	38	167	2	1789581851037656064
3507	38	168	2	1789581851037656064
3508	38	169	2	1789581851037656064
3509	38	170	2	1789581851037656064
3510	38	171	2	1789581851037654016
3511	38	172	2	1789581851037654016
3512	38	173	2	1789581851037654016
3513	38	174	2	1789581851037654016
3514	38	175	2	1789581851037654016
3515	38	176	2	1789581851037654016
3516	38	177	2	1789581851037654016
3517	38	178	2	1789581851037654016
3518	38	179	2	1789581851037654016
3519	38	180	2	1789581851037654016
3520	38	181	2	1789581851037655040
3521	38	182	2	1789581851037654016
3522	38	183	2	1789581851037655040
3523	38	184	2	1789581851037655040
3524	38	185	2	1789581851037655040
3525	38	186	2	1789581851037656064
3526	38	187	2	1789581851037655040
3527	38	188	2	1789581851037656064
3528	38	189	2	1789581851037655040
3529	38	190	2	1789581851037655040
3530	38	191	2	1789581851037655040
3531	38	192	2	1789581851037656064
3532	38	193	2	1789581851037655040
3533	38	194	2	1789581851037656064
3534	38	195	2	1789581851037656064
3535	38	196	2	1789581851037656064
3536	38	197	2	1789581851037655040
3537	38	198	2	1789581851037657088
3538	38	199	2	1789581851037656064
3539	38	200	2	1789581851037656064
3540	38	201	2	1789581851037656064
3541	38	202	2	1789581851037655040
3542	38	203	2	1789581851037642752
3543	38	204	2	1789581851037642752
3544	38	205	2	1789581851037642752
3545	38	206	2	1789581851037642752
3546	38	207	2	1789581851037642752
3547	38	208	2	1789581851037642752
3548	38	209	2	1789581851037643776
3549	38	210	2	1789581851037642752
3550	38	211	2	1789581851037643776
3551	38	212	2	1789581851037643776
3552	38	213	2	1789581851037643776
3553	38	214	2	1789581851037644800
3554	38	215	2	1789581851037644800
3555	38	216	2	1789581851037644800
3556	38	217	2	1789581851037644800
3557	38	218	2	1789581851037644800
3558	38	219	2	1789581851037645824
3559	38	220	2	1789581851037645824
3560	38	221	2	1789581851037645824
3561	38	222	2	1789581851037646848
3562	38	223	2	1789581851037646848
3563	38	224	2	1789581851037646848
3564	38	225	2	1789581851037646848
3565	38	226	2	1789581851037646848
3566	38	227	2	1789581851037647872
3567	38	228	2	1789581851037646848
3568	38	229	2	1789581851037646848
3569	38	230	2	1789581851037647872
3570	38	231	2	1789581851037647872
3571	38	232	2	1789581851037647872
3572	38	233	2	1789581851037648896
3573	38	234	2	1789581851037648896
3574	38	235	2	1789581851037648896
3575	38	236	2	1789581851037649920
3576	38	237	2	1789581851037649920
3577	38	238	2	1789581851037649920
3578	38	239	2	1789581851037649920
3579	38	240	2	1789581851037650944
3580	38	241	2	1789581851037649920
3581	38	242	2	1789581851037650944
3582	38	243	2	1789581851037650944
3583	38	244	2	1789581851037651968
3584	38	245	2	1789581851037655040
3585	38	246	2	1789581851037655040
3586	38	247	2	1789581851037655040
3587	38	248	2	1789581851037656064
3588	38	249	2	1789581851037656064
3589	38	250	2	1789581851037656064
3590	38	251	2	1789581851037656064
3591	38	252	2	1789581851037656064
3592	38	253	2	1789581851037656064
3593	38	254	2	1789581851037656064
3594	38	255	2	1789581851037656064
3595	39	0	2	1789581851037665280
3596	39	1	2	1789581851037665280
3597	39	2	2	1789581851037665280
3598	39	3	2	1789581851037665280
3599	39	4	2	1789581851037665280
3600	39	5	2	1789581851037665280
3601	39	6	2	1789581851037665280
3602	39	7	2	1789581851037665280
3603	39	8	2	1789581851037665280
3604	39	9	2	1789581851037665280
3605	39	10	2	1789581851037665280
3606	39	11	2	1789581851037665280
3607	39	12	2	1789581851037665280
3608	39	13	2	1789581851037665280
3609	39	14	2	1789581851037663232
3610	39	15	2	1789581851037664256
3611	39	16	2	1789581851037668352
3612	39	17	2	1789581851037668352
3613	39	18	2	1789581851037668352
3614	39	19	2	1789581851037668352
3615	39	20	2	1789581851037668352
3616	39	21	2	1789581851037668352
3617	39	22	2	1789581851037668352
3618	39	23	2	1789581851037668352
3619	39	24	2	1789581851037668352
3620	39	25	2	1789581851037668352
3621	39	26	2	1789581851037668352
3622	39	27	2	1789581851037668352
3623	39	28	2	1789581851037668352
3624	39	29	2	1789581851037668352
3625	39	30	2	1789581851037667328
3626	39	31	2	1789581851037667328
3627	39	32	2	1789581851037667328
3628	39	33	2	1789581851037669376
3629	39	34	2	1789581851037669376
3630	39	35	2	1789581851037669376
3631	39	36	2	1789581851037669376
3632	39	37	2	1789581851037670400
3633	39	38	2	1789581851037670400
3634	39	39	2	1789581851037669376
3635	39	40	2	1789581851037670400
3636	39	41	2	1789581851037670400
3637	39	42	2	1789581851037669376
3638	39	43	2	1789581851037669376
3639	39	44	2	1789581851037669376
3640	39	45	2	1789581851037669376
3641	39	46	2	1789581851037669376
3642	39	47	2	1789581851037668352
3643	39	48	2	1789581851037668352
3644	39	49	2	1789581851037669376
3645	39	50	2	1789581851037669376
3646	39	51	2	1789581851037669376
3647	39	52	2	1789581851037669376
3648	39	53	2	1789581851037669376
3649	39	54	2	1789581851037669376
3650	39	55	2	1789581851037669376
3651	39	56	2	1789581851037669376
3652	39	57	2	1789581851037669376
3653	39	58	2	1789581851037669376
3654	39	59	2	1789581851037669376
3655	39	60	2	1789581851037669376
3656	39	61	2	1789581851037669376
3657	39	62	2	1789581851037668352
3658	39	63	2	1789581851037667328
3659	40	0	2	1789581851037669376
3660	40	1	2	1789581851037669376
3661	40	2	2	1789581851037669376
3662	40	3	2	1789581851037669376
3663	40	4	2	1789581851037669376
3664	40	5	2	1789581851037669376
3665	40	6	2	1789581851037669376
3666	40	7	2	1789581851037669376
3667	40	8	2	1789581851037669376
3668	40	9	2	1789581851037669376
3669	40	10	2	1789581851037669376
3670	40	11	2	1789581851037669376
3671	40	12	2	1789581851037669376
3672	40	13	2	1789581851037669376
3673	40	14	2	1789581851037668352
3674	40	15	2	1789581851037669376
3675	40	16	2	1789581851037672448
3676	40	17	2	1789581851037672448
3677	40	18	2	1789581851037672448
3678	40	19	2	1789581851037672448
3679	40	20	2	1789581851037672448
3680	40	21	2	1789581851037672448
3681	40	22	2	1789581851037672448
3682	40	23	2	1789581851037672448
3683	40	24	2	1789581851037672448
3684	40	25	2	1789581851037672448
3685	40	26	2	1789581851037672448
3686	40	27	2	1789581851037672448
3687	40	28	2	1789581851037672448
3688	40	29	2	1789581851037672448
3689	40	30	2	1789581851037672448
3690	40	31	2	1789581851037672448
3691	40	32	2	1789581851037673472
3692	40	33	2	1789581851037673472
3693	40	34	2	1789581851037673472
3694	40	35	2	1789581851037673472
3695	40	36	2	1789581851037673472
3696	40	37	2	1789581851037673472
3697	40	38	2	1789581851037673472
3698	40	39	2	1789581851037673472
3699	40	40	2	1789581851037673472
3700	40	41	2	1789581851037673472
3701	40	42	2	1789581851037673472
3702	40	43	2	1789581851037673472
3703	40	44	2	1789581851037673472
3704	40	45	2	1789581851037673472
3705	40	46	2	1789581851037673472
3706	40	47	2	1789581851037673472
3707	40	48	2	1789581851037672448
3708	40	49	2	1789581851037673472
3709	40	50	2	1789581851037673472
3710	40	51	2	1789581851037673472
3711	40	52	2	1789581851037673472
3712	40	53	2	1789581851037673472
3713	40	54	2	1789581851037672448
3714	40	55	2	1789581851037673472
3715	40	56	2	1789581851037673472
3716	40	57	2	1789581851037673472
3717	40	58	2	1789581851037673472
3718	40	59	2	1789581851037673472
3719	40	60	2	1789581851037673472
3720	40	61	2	1789581851037673472
3721	40	62	2	1789581851037672448
3722	40	63	2	1789581851037672448
3723	41	0	2	1789581851037680640
3724	41	1	2	1789581851037680640
3725	41	2	2	1789581851037680640
3726	41	3	2	1789581851037680640
3727	41	4	2	1789581851037680640
3728	41	5	2	1789581851037680640
3729	41	6	2	1789581851037680640
3730	41	7	2	1789581851037680640
3731	41	8	2	1789581851037680640
3732	41	9	2	1789581851037680640
3733	41	10	2	1789581851037680640
3734	41	11	2	1789581851037680640
3735	41	12	2	1789581851037681664
3736	41	13	2	1789581851037681664
3737	41	14	2	1789581851037681664
3738	41	15	2	1789581851037680640
3739	41	16	2	1789581851037681664
3740	41	17	2	1789581851037680640
3741	41	18	2	1789581851037681664
3742	41	19	2	1789581851037681664
3743	41	20	2	1789581851037680640
3744	41	21	2	1789581851037680640
3745	41	22	2	1789581851037680640
3746	41	23	2	1789581851037680640
3747	41	24	2	1789581851037680640
3748	41	25	2	1789581851037680640
3749	41	26	2	1789581851037680640
3750	41	27	2	1789581851037680640
3751	41	28	2	1789581851037680640
3752	41	29	2	1789581851037680640
3753	41	30	2	1789581851037680640
3754	41	31	2	1789581851037680640
3755	41	32	2	1789581851037683712
3756	41	33	2	1789581851037683712
3757	41	34	2	1789581851037683712
3758	41	35	2	1789581851037683712
3759	41	36	2	1789581851037683712
3760	41	37	2	1789581851037683712
3761	41	38	2	1789581851037683712
3762	41	39	2	1789581851037683712
3763	41	40	2	1789581851037683712
3764	41	41	2	1789581851037683712
3765	41	42	2	1789581851037683712
3766	41	43	2	1789581851037683712
3767	41	44	2	1789581851037683712
3768	41	45	2	1789581851037683712
3769	41	46	2	1789581851037683712
3770	41	47	2	1789581851037683712
3771	41	48	2	1789581851037683712
3772	41	49	2	1789581851037683712
3773	41	50	2	1789581851037683712
3774	41	51	2	1789581851037683712
3775	41	52	2	1789581851037683712
3776	41	53	2	1789581851037683712
3777	41	54	2	1789581851037684736
3778	41	55	2	1789581851037683712
3779	41	56	2	1789581851037683712
3780	41	57	2	1789581851037683712
3781	41	58	2	1789581851037683712
3782	41	59	2	1789581851037683712
3783	41	60	2	1789581851037683712
3784	41	61	2	1789581851037683712
3785	41	62	2	1789581851037683712
3786	41	63	2	1789581851037683712
3787	41	64	2	1789581851037685760
3788	41	65	2	1789581851037685760
3789	41	66	2	1789581851037685760
3790	41	67	2	1789581851037685760
3791	41	68	2	1789581851037684736
3792	41	69	2	1789581851037685760
3793	41	70	2	1789581851037685760
3794	41	71	2	1789581851037685760
3795	41	72	2	1789581851037685760
3796	41	73	2	1789581851037685760
3797	41	74	2	1789581851037685760
3798	41	75	2	1789581851037685760
3799	41	76	2	1789581851037685760
3800	41	77	2	1789581851037685760
3801	41	78	2	1789581851037685760
3802	41	79	2	1789581851037685760
3803	41	80	2	1789581851037685760
3804	41	81	2	1789581851037685760
3805	41	82	2	1789581851037685760
3806	41	83	2	1789581851037685760
3807	41	84	2	1789581851037685760
3808	41	85	2	1789581851037685760
3809	41	86	2	1789581851037685760
3810	41	87	2	1789581851037685760
3811	41	88	2	1789581851037685760
3812	41	89	2	1789581851037685760
3813	41	90	2	1789581851037685760
3814	41	91	2	1789581851037685760
3815	41	92	2	1789581851037685760
3816	41	93	2	1789581851037685760
3817	41	94	2	1789581851037685760
3818	41	95	2	1789581851037685760
3819	41	96	2	1789581851037685760
3820	41	97	2	1789581851037685760
3821	41	98	2	1789581851037685760
3822	41	99	2	1789581851037685760
3823	41	100	2	1789581851037685760
3824	41	101	2	1789581851037685760
3825	41	102	2	1789581851037685760
3826	41	103	2	1789581851037685760
3827	41	104	2	1789581851037685760
3828	41	105	2	1789581851037685760
3829	41	106	2	1789581851037685760
3830	41	107	2	1789581851037685760
3831	41	108	2	1789581851037685760
3832	41	109	2	1789581851037686784
3833	41	110	2	1789581851037685760
3834	41	111	2	1789581851037685760
3835	41	112	2	1789581851037685760
3836	41	113	2	1789581851037685760
3837	41	114	2	1789581851037685760
3838	41	115	2	1789581851037685760
3839	41	116	2	1789581851037685760
3840	41	117	2	1789581851037684736
3841	41	118	2	1789581851037685760
3842	41	119	2	1789581851037684736
3843	41	120	2	1789581851037685760
3844	41	121	2	1789581851037685760
3845	41	122	2	1789581851037684736
3846	41	123	2	1789581851037685760
3847	41	124	2	1789581851037685760
3848	41	125	2	1789581851037685760
3849	41	126	2	1789581851037685760
3850	41	127	2	1789581851037685760
3851	42	0	2	1789581851037681664
3852	42	1	2	1789581851037681664
3853	42	2	2	1789581851037681664
3854	42	3	2	1789581851037681664
3855	42	4	2	1789581851037681664
3856	42	5	2	1789581851037681664
3857	42	6	2	1789581851037681664
3858	42	7	2	1789581851037681664
3859	42	8	2	1789581851037681664
3860	42	9	2	1789581851037681664
3861	42	10	2	1789581851037681664
3862	42	11	2	1789581851037681664
3863	42	12	2	1789581851037680640
3864	42	13	2	1789581851037680640
3865	42	14	2	1789581851037680640
3866	42	15	2	1789581851037680640
3867	42	16	2	1789581851037684736
3868	42	17	2	1789581851037684736
3869	42	18	2	1789581851037684736
3870	42	19	2	1789581851037684736
3871	42	20	2	1789581851037684736
3872	42	21	2	1789581851037684736
3873	42	22	2	1789581851037684736
3874	42	23	2	1789581851037683712
3875	42	24	2	1789581851037684736
3876	42	25	2	1789581851037684736
3877	42	26	2	1789581851037684736
3878	42	27	2	1789581851037684736
3879	42	28	2	1789581851037684736
3880	42	29	2	1789581851037683712
3881	42	30	2	1789581851037682688
3882	42	31	2	1789581851037682688
3883	42	32	2	1789581851037684736
3884	42	33	2	1789581851037685760
3885	42	34	2	1789581851037685760
3886	42	35	2	1789581851037685760
3887	42	36	2	1789581851037685760
3888	42	37	2	1789581851037685760
3889	42	38	2	1789581851037685760
3890	42	39	2	1789581851037685760
3891	42	40	2	1789581851037685760
3892	42	41	2	1789581851037685760
3893	42	42	2	1789581851037685760
3894	42	43	2	1789581851037685760
3895	42	44	2	1789581851037685760
3896	42	45	2	1789581851037685760
3897	42	46	2	1789581851037685760
3898	42	47	2	1789581851037684736
3899	42	48	2	1789581851037684736
3900	42	49	2	1789581851037685760
3901	42	50	2	1789581851037685760
3902	42	51	2	1789581851037685760
3903	42	52	2	1789581851037685760
3904	42	53	2	1789581851037685760
3905	42	54	2	1789581851037684736
3906	42	55	2	1789581851037685760
3907	42	56	2	1789581851037685760
3908	42	57	2	1789581851037685760
3909	42	58	2	1789581851037685760
3910	42	59	2	1789581851037685760
3911	42	60	2	1789581851037684736
3912	42	61	2	1789581851037684736
3913	42	62	2	1789581851037684736
3914	42	63	2	1789581851037683712
3915	42	64	2	1789581851037685760
3916	42	65	2	1789581851037685760
3917	42	66	2	1789581851037685760
3918	42	67	2	1789581851037685760
3919	42	68	2	1789581851037685760
3920	42	69	2	1789581851037685760
3921	42	70	2	1789581851037685760
3922	42	71	2	1789581851037685760
3923	42	72	2	1789581851037685760
3924	42	73	2	1789581851037685760
3925	42	74	2	1789581851037685760
3926	42	75	2	1789581851037685760
3927	42	76	2	1789581851037685760
3928	42	77	2	1789581851037685760
3929	42	78	2	1789581851037685760
3930	42	79	2	1789581851037685760
3931	42	80	2	1789581851037684736
3932	42	81	2	1789581851037685760
3933	42	82	2	1789581851037685760
3934	42	83	2	1789581851037685760
3935	42	84	2	1789581851037685760
3936	42	85	2	1789581851037685760
3937	42	86	2	1789581851037685760
3938	42	87	2	1789581851037685760
3939	42	88	2	1789581851037685760
3940	42	89	2	1789581851037685760
3941	42	90	2	1789581851037685760
3942	42	91	2	1789581851037685760
3943	42	92	2	1789581851037685760
3944	42	93	2	1789581851037685760
3945	42	94	2	1789581851037685760
3946	42	95	2	1789581851037685760
3947	42	96	2	1789581851037685760
3948	42	97	2	1789581851037685760
3949	42	98	2	1789581851037685760
3950	42	99	2	1789581851037685760
3951	42	100	2	1789581851037685760
3952	42	101	2	1789581851037685760
3953	42	102	2	1789581851037685760
3954	42	103	2	1789581851037685760
3955	42	104	2	1789581851037685760
3956	42	105	2	1789581851037685760
3957	42	106	2	1789581851037685760
3958	42	107	2	1789581851037685760
3959	42	108	2	1789581851037685760
3960	42	109	2	1789581851037685760
3961	42	110	2	1789581851037685760
3962	42	111	2	1789581851037685760
3963	42	112	2	1789581851037685760
3964	42	113	2	1789581851037685760
3965	42	114	2	1789581851037685760
3966	42	115	2	1789581851037685760
3967	42	116	2	1789581851037685760
3968	42	117	2	1789581851037685760
3969	42	118	2	1789581851037685760
3970	42	119	2	1789581851037685760
3971	42	120	2	1789581851037685760
3972	42	121	2	1789581851037685760
3973	42	122	2	1789581851037685760
3974	42	123	2	1789581851037685760
3975	42	124	2	1789581851037685760
3976	42	125	2	1789581851037685760
3977	42	126	2	1789581851037684736
3978	42	127	2	1789581851037684736
3979	43	0	2	1789581851037688832
3980	43	1	2	1789581851037688832
3981	43	2	2	1789581851037688832
3982	43	3	2	1789581851037688832
3983	43	4	2	1789581851037688832
3984	43	5	2	1789581851037688832
3985	43	6	2	1789581851037688832
3986	43	7	2	1789581851037688832
3987	43	8	2	1789581851037688832
3988	43	9	2	1789581851037688832
3989	43	10	2	1789581851037688832
3990	43	11	2	1789581851037688832
3991	43	12	2	1789581851037688832
3992	43	13	2	1789581851037688832
3993	43	14	2	1789581851037688832
3994	43	15	2	1789581851037688832
3995	43	16	2	1789581851037689856
3996	43	17	2	1789581851037689856
3997	43	18	2	1789581851037689856
3998	43	19	2	1789581851037689856
3999	43	20	2	1789581851037689856
4000	43	21	2	1789581851037689856
4001	43	22	2	1789581851037689856
4002	43	23	2	1789581851037689856
4003	43	24	2	1789581851037689856
4004	43	25	2	1789581851037689856
4005	43	26	2	1789581851037689856
4006	43	27	2	1789581851037689856
4007	43	28	2	1789581851037689856
4008	43	29	2	1789581851037689856
4009	43	30	2	1789581851037689856
4010	43	31	2	1789581851037689856
4011	43	32	2	1789581851037689856
4012	43	33	2	1789581851037690880
4013	43	34	2	1789581851037690880
4014	43	35	2	1789581851037690880
4015	43	36	2	1789581851037689856
4016	43	37	2	1789581851037689856
4017	43	38	2	1789581851037689856
4018	43	39	2	1789581851037689856
4019	43	40	2	1789581851037690880
4020	43	41	2	1789581851037690880
4021	43	42	2	1789581851037689856
4022	43	43	2	1789581851037689856
4023	43	44	2	1789581851037689856
4024	43	45	2	1789581851037689856
4025	43	46	2	1789581851037689856
4026	43	47	2	1789581851037689856
4027	43	48	2	1789581851037690880
4028	43	49	2	1789581851037690880
4029	43	50	2	1789581851037690880
4030	43	51	2	1789581851037690880
4031	43	52	2	1789581851037690880
4032	43	53	2	1789581851037690880
4033	43	54	2	1789581851037689856
4034	43	55	2	1789581851037690880
4035	43	56	2	1789581851037690880
4036	43	57	2	1789581851037690880
4037	43	58	2	1789581851037690880
4038	43	59	2	1789581851037690880
4039	43	60	2	1789581851037690880
4040	43	61	2	1789581851037690880
4041	43	62	2	1789581851037690880
4042	43	63	2	1789581851037689856
4043	44	0	2	1789581851037708288
4044	44	1	2	1789581851037708288
4045	44	2	2	1789581851037707264
4046	44	3	2	1789581851037707264
4047	44	4	2	1789581851037707264
4048	44	5	2	1789581851037707264
4049	44	6	2	1789581851037707264
4050	44	7	2	1789581851037708288
4051	44	8	2	1789581851037708288
4052	44	9	2	1789581851037708288
4053	44	10	2	1789581851037708288
4054	44	11	2	1789581851037707264
4055	44	12	2	1789581851037707264
4056	44	13	2	1789581851037707264
4057	44	14	2	1789581851037706240
4058	44	15	2	1789581851037707264
4059	44	16	2	1789581851037709312
4060	44	17	2	1789581851037709312
4061	44	18	2	1789581851037709312
4062	44	19	2	1789581851037709312
4063	44	20	2	1789581851037708288
4064	44	21	2	1789581851037707264
4065	44	22	2	1789581851037708288
4066	44	23	2	1789581851037708288
4067	44	24	2	1789581851037708288
4068	44	25	2	1789581851037709312
4069	44	26	2	1789581851037709312
4070	44	27	2	1789581851037708288
4071	44	28	2	1789581851037708288
4072	44	29	2	1789581851037708288
4073	44	30	2	1789581851037707264
4074	44	31	2	1789581851037707264
4075	44	32	2	1789581851037707264
4076	44	33	2	1789581851037709312
4077	44	34	2	1789581851037709312
4078	44	35	2	1789581851037708288
4079	44	36	2	1789581851037708288
4080	44	37	2	1789581851037708288
4081	44	38	2	1789581851037707264
4082	44	39	2	1789581851037708288
4083	44	40	2	1789581851037709312
4084	44	41	2	1789581851037709312
4085	44	42	2	1789581851037708288
4086	44	43	2	1789581851037708288
4087	44	44	2	1789581851037708288
4088	44	45	2	1789581851037707264
4089	44	46	2	1789581851037708288
4090	44	47	2	1789581851037708288
4091	44	48	2	1789581851037709312
4092	44	49	2	1789581851037710336
4093	44	50	2	1789581851037710336
4094	44	51	2	1789581851037710336
4095	44	52	2	1789581851037710336
4096	44	53	2	1789581851037709312
4097	44	54	2	1789581851037708288
4098	44	55	2	1789581851037709312
4099	44	56	2	1789581851037709312
4100	44	57	2	1789581851037710336
4101	44	58	2	1789581851037710336
4102	44	59	2	1789581851037710336
4103	44	60	2	1789581851037709312
4104	44	61	2	1789581851037709312
4105	44	62	2	1789581851037709312
4106	44	63	2	1789581851037707264
4107	45	0	2	1789581851037712384
4108	45	1	2	1789581851037712384
4109	45	2	2	1789581851037712384
4110	45	3	2	1789581851037711360
4111	45	4	2	1789581851037711360
4112	45	5	2	1789581851037711360
4113	45	6	2	1789581851037711360
4114	45	7	2	1789581851037712384
4115	45	8	2	1789581851037712384
4116	45	9	2	1789581851037712384
4117	45	10	2	1789581851037712384
4118	45	11	2	1789581851037711360
4119	45	12	2	1789581851037711360
4120	45	13	2	1789581851037711360
4121	45	14	2	1789581851037711360
4122	45	15	2	1789581851037711360
4123	45	16	2	1789581851037713408
4124	45	17	2	1789581851037713408
4125	45	18	2	1789581851037713408
4126	45	19	2	1789581851037713408
4127	45	20	2	1789581851037712384
4128	45	21	2	1789581851037712384
4129	45	22	2	1789581851037712384
4130	45	23	2	1789581851037712384
4131	45	24	2	1789581851037712384
4132	45	25	2	1789581851037713408
4133	45	26	2	1789581851037713408
4134	45	27	2	1789581851037712384
4135	45	28	2	1789581851037712384
4136	45	29	2	1789581851037712384
4137	45	30	2	1789581851037712384
4138	45	31	2	1789581851037712384
4139	45	32	2	1789581851037712384
4140	45	33	2	1789581851037713408
4141	45	34	2	1789581851037713408
4142	45	35	2	1789581851037712384
4143	45	36	2	1789581851037712384
4144	45	37	2	1789581851037712384
4145	45	38	2	1789581851037712384
4146	45	39	2	1789581851037712384
4147	45	40	2	1789581851037713408
4148	45	41	2	1789581851037713408
4149	45	42	2	1789581851037712384
4150	45	43	2	1789581851037712384
4151	45	44	2	1789581851037712384
4152	45	45	2	1789581851037712384
4153	45	46	2	1789581851037712384
4154	45	47	2	1789581851037712384
4155	45	48	2	1789581851037713408
4156	45	49	2	1789581851037714432
4157	45	50	2	1789581851037714432
4158	45	51	2	1789581851037714432
4159	45	52	2	1789581851037714432
4160	45	53	2	1789581851037713408
4161	45	54	2	1789581851037713408
4162	45	55	2	1789581851037713408
4163	45	56	2	1789581851037713408
4164	45	57	2	1789581851037714432
4165	45	58	2	1789581851037714432
4166	45	59	2	1789581851037714432
4167	45	60	2	1789581851037713408
4168	45	61	2	1789581851037713408
4169	45	62	2	1789581851037713408
4170	45	63	2	1789581851037713408
4171	46	4294967295	128	1789581851037725696
4172	47	4294967295	128	1789581851037725696
4173	48	4294967295	128	1789581851037725696
4174	49	0	2	1789581851037728768
4175	49	1	2	1789581851037728768
4176	49	2	2	1789581851037728768
4177	49	3	2	1789581851037728768
4178	49	4	2	1789581851037728768
4179	49	5	2	1789581851037728768
4180	49	6	2	1789581851037728768
4181	49	7	2	1789581851037728768
4182	49	8	2	1789581851037728768
4183	49	9	2	1789581851037728768
4184	49	10	2	1789581851037728768
4185	49	11	2	1789581851037728768
4186	49	12	2	1789581851037728768
4187	49	13	2	1789581851037728768
4188	49	14	2	1789581851037728768
4189	49	15	2	1789581851037728768
4190	49	16	2	1789581851037728768
4191	49	17	2	1789581851037728768
4192	49	18	2	1789581851037728768
4193	49	19	2	1789581851037728768
4194	49	20	2	1789581851037728768
4195	49	21	2	1789581851037728768
4196	49	22	2	1789581851037728768
4197	49	23	2	1789581851037728768
4198	49	24	2	1789581851037728768
4199	49	25	2	1789581851037728768
4200	49	26	2	1789581851037728768
4201	49	27	2	1789581851037728768
4202	49	28	2	1789581851037728768
4203	49	29	2	1789581851037728768
4204	49	30	2	1789581851037728768
4205	49	31	2	1789581851037728768
4206	49	32	2	1789581851037728768
4207	49	33	2	1789581851037728768
4208	49	34	2	1789581851037728768
4209	49	35	2	1789581851037728768
4210	49	36	2	1789581851037728768
4211	49	37	2	1789581851037728768
4212	49	38	2	1789581851037728768
4213	49	39	2	1789581851037728768
4214	49	40	2	1789581851037728768
4215	49	41	2	1789581851037728768
4216	49	42	2	1789581851037728768
4217	49	43	2	1789581851037728768
4218	49	44	2	1789581851037728768
4219	49	45	2	1789581851037728768
4220	49	46	2	1789581851037728768
4221	49	47	2	1789581851037728768
4222	49	48	2	1789581851037728768
4223	49	49	2	1789581851037728768
4224	49	50	2	1789581851037728768
4225	49	51	2	1789581851037728768
4226	49	52	2	1789581851037728768
4227	49	53	2	1789581851037728768
4228	49	54	2	1789581851037728768
4229	49	55	2	1789581851037728768
4230	49	56	2	1789581851037728768
4231	49	57	2	1789581851037728768
4232	49	58	2	1789581851037728768
4233	49	59	2	1789581851037728768
4234	49	60	2	1789581851037728768
4235	49	61	2	1789581851037728768
4236	49	62	2	1789581851037728768
4237	49	63	2	1789581851037728768
4238	49	64	2	1789581851037730816
4239	49	65	2	1789581851037730816
4240	49	66	2	1789581851037730816
4241	49	67	2	1789581851037730816
4242	49	68	2	1789581851037730816
4243	49	69	2	1789581851037730816
4244	49	70	2	1789581851037730816
4245	49	71	2	1789581851037730816
4246	49	72	2	1789581851037730816
4247	49	73	2	1789581851037730816
4248	49	74	2	1789581851037730816
4249	49	75	2	1789581851037730816
4250	49	76	2	1789581851037730816
4251	49	77	2	1789581851037730816
4252	49	78	2	1789581851037730816
4253	49	79	2	1789581851037730816
4254	49	80	2	1789581851037730816
4255	49	81	2	1789581851037730816
4256	49	82	2	1789581851037730816
4257	49	83	2	1789581851037730816
4258	49	84	2	1789581851037730816
4259	49	85	2	1789581851037730816
4260	49	86	2	1789581851037730816
4261	49	87	2	1789581851037730816
4262	49	88	2	1789581851037730816
4263	49	89	2	1789581851037730816
4264	49	90	2	1789581851037730816
4265	49	91	2	1789581851037730816
4266	49	92	2	1789581851037730816
4267	49	93	2	1789581851037730816
4268	49	94	2	1789581851037730816
4269	49	95	2	1789581851037730816
4270	49	96	2	1789581851037730816
4271	49	97	2	1789581851037730816
4272	49	98	2	1789581851037730816
4273	49	99	2	1789581851037730816
4274	49	100	2	1789581851037730816
4275	49	101	2	1789581851037730816
4276	49	102	2	1789581851037730816
4277	49	103	2	1789581851037730816
4278	49	104	2	1789581851037730816
4279	49	105	2	1789581851037730816
4280	49	106	2	1789581851037730816
4281	49	107	2	1789581851037730816
4282	49	108	2	1789581851037730816
4283	49	109	2	1789581851037730816
4284	49	110	2	1789581851037730816
4285	49	111	2	1789581851037730816
4286	49	112	2	1789581851037730816
4287	49	113	2	1789581851037730816
4288	49	114	2	1789581851037730816
4289	49	115	2	1789581851037730816
4290	49	116	2	1789581851037730816
4291	49	117	2	1789581851037730816
4292	49	118	2	1789581851037730816
4293	49	119	2	1789581851037730816
4294	49	120	2	1789581851037730816
4295	49	121	2	1789581851037730816
4296	49	122	2	1789581851037730816
4297	49	123	2	1789581851037730816
4298	49	124	2	1789581851037730816
4299	49	125	2	1789581851037730816
4300	49	126	2	1789581851037730816
4301	49	127	2	1789581851037730816
4302	49	128	2	1789581851037731840
4303	49	129	2	1789581851037731840
4304	49	130	2	1789581851037731840
4305	49	131	2	1789581851037731840
4306	49	132	2	1789581851037731840
4307	49	133	2	1789581851037730816
4308	49	134	2	1789581851037731840
4309	49	135	2	1789581851037731840
4310	49	136	2	1789581851037731840
4311	49	137	2	1789581851037731840
4312	49	138	2	1789581851037731840
4313	49	139	2	1789581851037731840
4314	49	140	2	1789581851037731840
4315	49	141	2	1789581851037731840
4316	49	142	2	1789581851037730816
4317	49	143	2	1789581851037731840
4318	49	144	2	1789581851037731840
4319	49	145	2	1789581851037731840
4320	49	146	2	1789581851037731840
4321	49	147	2	1789581851037731840
4322	49	148	2	1789581851037731840
4323	49	149	2	1789581851037730816
4324	49	150	2	1789581851037731840
4325	49	151	2	1789581851037731840
4326	49	152	2	1789581851037731840
4327	49	153	2	1789581851037731840
4328	49	154	2	1789581851037731840
4329	49	155	2	1789581851037731840
4330	49	156	2	1789581851037731840
4331	49	157	2	1789581851037730816
4332	49	158	2	1789581851037730816
4333	49	159	2	1789581851037731840
4334	49	160	2	1789581851037731840
4335	49	161	2	1789581851037731840
4336	49	162	2	1789581851037731840
4337	49	163	2	1789581851037731840
4338	49	164	2	1789581851037730816
4339	49	165	2	1789581851037730816
4340	49	166	2	1789581851037730816
4341	49	167	2	1789581851037730816
4342	49	168	2	1789581851037730816
4343	49	169	2	1789581851037730816
4344	49	170	2	1789581851037731840
4345	49	171	2	1789581851037731840
4346	49	172	2	1789581851037730816
4347	49	173	2	1789581851037730816
4348	49	174	2	1789581851037731840
4349	49	175	2	1789581851037731840
4350	49	176	2	1789581851037731840
4351	49	177	2	1789581851037731840
4352	49	178	2	1789581851037731840
4353	49	179	2	1789581851037731840
4354	49	180	2	1789581851037731840
4355	49	181	2	1789581851037731840
4356	49	182	2	1789581851037731840
4357	49	183	2	1789581851037731840
4358	49	184	2	1789581851037731840
4359	49	185	2	1789581851037731840
4360	49	186	2	1789581851037731840
4361	49	187	2	1789581851037731840
4362	49	188	2	1789581851037731840
4363	49	189	2	1789581851037731840
4364	49	190	2	1789581851037730816
4365	49	191	2	1789581851037730816
4366	49	192	2	1789581851037731840
4367	49	193	2	1789581851037731840
4368	49	194	2	1789581851037731840
4369	49	195	2	1789581851037731840
4370	49	196	2	1789581851037731840
4371	49	197	2	1789581851037731840
4372	49	198	2	1789581851037731840
4373	49	199	2	1789581851037730816
4374	49	200	2	1789581851037731840
4375	49	201	2	1789581851037731840
4376	49	202	2	1789581851037731840
4377	49	203	2	1789581851037731840
4378	49	204	2	1789581851037731840
4379	49	205	2	1789581851037730816
4380	49	206	2	1789581851037731840
4381	49	207	2	1789581851037731840
4382	49	208	2	1789581851037730816
4383	49	209	2	1789581851037730816
4384	49	210	2	1789581851037730816
4385	49	211	2	1789581851037730816
4386	49	212	2	1789581851037731840
4387	49	213	2	1789581851037731840
4388	49	214	2	1789581851037730816
4389	49	215	2	1789581851037730816
4390	49	216	2	1789581851037730816
4391	49	217	2	1789581851037730816
4392	49	218	2	1789581851037730816
4393	49	219	2	1789581851037731840
4394	49	220	2	1789581851037731840
4395	49	221	2	1789581851037730816
4396	49	222	2	1789581851037730816
4397	49	223	2	1789581851037730816
4398	49	224	2	1789581851037731840
4399	49	225	2	1789581851037731840
4400	49	226	2	1789581851037731840
4401	49	227	2	1789581851037731840
4402	49	228	2	1789581851037731840
4403	49	229	2	1789581851037730816
4404	49	230	2	1789581851037731840
4405	49	231	2	1789581851037731840
4406	49	232	2	1789581851037731840
4407	49	233	2	1789581851037731840
4408	49	234	2	1789581851037731840
4409	49	235	2	1789581851037731840
4410	49	236	2	1789581851037731840
4411	49	237	2	1789581851037731840
4412	49	238	2	1789581851037730816
4413	49	239	2	1789581851037731840
4414	49	240	2	1789581851037731840
4415	49	241	2	1789581851037731840
4416	49	242	2	1789581851037731840
4417	49	243	2	1789581851037731840
4418	49	244	2	1789581851037731840
4419	49	245	2	1789581851037730816
4420	49	246	2	1789581851037730816
4421	49	247	2	1789581851037730816
4422	49	248	2	1789581851037731840
4423	49	249	2	1789581851037731840
4424	49	250	2	1789581851037731840
4425	49	251	2	1789581851037730816
4426	49	252	2	1789581851037730816
4427	49	253	2	1789581851037730816
4428	49	254	2	1789581851037730816
4429	49	255	2	1789581851037730816
4430	50	0	2	1789581851037728768
4431	50	1	2	1789581851037728768
4432	50	2	2	1789581851037728768
4433	50	3	2	1789581851037728768
4434	50	4	2	1789581851037728768
4435	50	5	2	1789581851037728768
4436	50	6	2	1789581851037728768
4437	50	7	2	1789581851037728768
4438	50	8	2	1789581851037728768
4439	50	9	2	1789581851037728768
4440	50	10	2	1789581851037728768
4441	50	11	2	1789581851037728768
4442	50	12	2	1789581851037728768
4443	50	13	2	1789581851037728768
4444	50	14	2	1789581851037728768
4445	50	15	2	1789581851037728768
4446	50	16	2	1789581851037728768
4447	50	17	2	1789581851037728768
4448	50	18	2	1789581851037728768
4449	50	19	2	1789581851037728768
4450	50	20	2	1789581851037728768
4451	50	21	2	1789581851037727744
4452	50	22	2	1789581851037728768
4453	50	23	2	1789581851037728768
4454	50	24	2	1789581851037728768
4455	50	25	2	1789581851037728768
4456	50	26	2	1789581851037728768
4457	50	27	2	1789581851037728768
4458	50	28	2	1789581851037728768
4459	50	29	2	1789581851037728768
4460	50	30	2	1789581851037728768
4461	50	31	2	1789581851037728768
4462	50	32	2	1789581851037727744
4463	50	33	2	1789581851037728768
4464	50	34	2	1789581851037728768
4465	50	35	2	1789581851037728768
4466	50	36	2	1789581851037728768
4467	50	37	2	1789581851037728768
4468	50	38	2	1789581851037727744
4469	50	39	2	1789581851037728768
4470	50	40	2	1789581851037728768
4471	50	41	2	1789581851037728768
4472	50	42	2	1789581851037728768
4473	50	43	2	1789581851037728768
4474	50	44	2	1789581851037727744
4475	50	45	2	1789581851037728768
4476	50	46	2	1789581851037728768
4477	50	47	2	1789581851037728768
4478	50	48	2	1789581851037728768
4479	50	49	2	1789581851037728768
4480	50	50	2	1789581851037728768
4481	50	51	2	1789581851037728768
4482	50	52	2	1789581851037728768
4483	50	53	2	1789581851037728768
4484	50	54	2	1789581851037728768
4485	50	55	2	1789581851037728768
4486	50	56	2	1789581851037728768
4487	50	57	2	1789581851037728768
4488	50	58	2	1789581851037728768
4489	50	59	2	1789581851037728768
4490	50	60	2	1789581851037728768
4491	50	61	2	1789581851037728768
4492	50	62	2	1789581851037728768
4493	50	63	2	1789581851037728768
4494	50	64	2	1789581851037728768
4495	50	65	2	1789581851037728768
4496	50	66	2	1789581851037728768
4497	50	67	2	1789581851037728768
4498	50	68	2	1789581851037728768
4499	50	69	2	1789581851037728768
4500	50	70	2	1789581851037728768
4501	50	71	2	1789581851037728768
4502	50	72	2	1789581851037728768
4503	50	73	2	1789581851037728768
4504	50	74	2	1789581851037728768
4505	50	75	2	1789581851037728768
4506	50	76	2	1789581851037728768
4507	50	77	2	1789581851037728768
4508	50	78	2	1789581851037727744
4509	50	79	2	1789581851037728768
4510	50	80	2	1789581851037728768
4511	50	81	2	1789581851037728768
4512	50	82	2	1789581851037728768
4513	50	83	2	1789581851037728768
4514	50	84	2	1789581851037728768
4515	50	85	2	1789581851037728768
4516	50	86	2	1789581851037728768
4517	50	87	2	1789581851037727744
4518	50	88	2	1789581851037728768
4519	50	89	2	1789581851037728768
4520	50	90	2	1789581851037727744
4521	50	91	2	1789581851037728768
4522	50	92	2	1789581851037728768
4523	50	93	2	1789581851037728768
4524	50	94	2	1789581851037728768
4525	50	95	2	1789581851037728768
4526	50	96	2	1789581851037728768
4527	50	97	2	1789581851037728768
4528	50	98	2	1789581851037728768
4529	50	99	2	1789581851037728768
4530	50	100	2	1789581851037728768
4531	50	101	2	1789581851037728768
4532	50	102	2	1789581851037728768
4533	50	103	2	1789581851037728768
4534	50	104	2	1789581851037728768
4535	50	105	2	1789581851037728768
4536	50	106	2	1789581851037728768
4537	50	107	2	1789581851037728768
4538	50	108	2	1789581851037728768
4539	50	109	2	1789581851037728768
4540	50	110	2	1789581851037728768
4541	50	111	2	1789581851037728768
4542	50	112	2	1789581851037728768
4543	50	113	2	1789581851037728768
4544	50	114	2	1789581851037728768
4545	50	115	2	1789581851037728768
4546	50	116	2	1789581851037728768
4547	50	117	2	1789581851037728768
4548	50	118	2	1789581851037728768
4549	50	119	2	1789581851037728768
4550	50	120	2	1789581851037728768
4551	50	121	2	1789581851037728768
4552	50	122	2	1789581851037728768
4553	50	123	2	1789581851037728768
4554	50	124	2	1789581851037728768
4555	50	125	2	1789581851037727744
4556	50	126	2	1789581851037727744
4557	50	127	2	1789581851037728768
4558	50	128	2	1789581851037728768
4559	50	129	2	1789581851037728768
4560	50	130	2	1789581851037728768
4561	50	131	2	1789581851037728768
4562	50	132	2	1789581851037727744
4563	50	133	2	1789581851037727744
4564	50	134	2	1789581851037728768
4565	50	135	2	1789581851037727744
4566	50	136	2	1789581851037728768
4567	50	137	2	1789581851037728768
4568	50	138	2	1789581851037728768
4569	50	139	2	1789581851037728768
4570	50	140	2	1789581851037728768
4571	50	141	2	1789581851037728768
4572	50	142	2	1789581851037728768
4573	50	143	2	1789581851037728768
4574	50	144	2	1789581851037728768
4575	50	145	2	1789581851037728768
4576	50	146	2	1789581851037728768
4577	50	147	2	1789581851037728768
4578	50	148	2	1789581851037728768
4579	50	149	2	1789581851037727744
4580	50	150	2	1789581851037728768
4581	50	151	2	1789581851037728768
4582	50	152	2	1789581851037728768
4583	50	153	2	1789581851037728768
4584	50	154	2	1789581851037727744
4585	50	155	2	1789581851037728768
4586	50	156	2	1789581851037728768
4587	50	157	2	1789581851037728768
4588	50	158	2	1789581851037728768
4589	50	159	2	1789581851037728768
4590	50	160	2	1789581851037727744
4591	50	161	2	1789581851037728768
4592	50	162	2	1789581851037727744
4593	50	163	2	1789581851037728768
4594	50	164	2	1789581851037728768
4595	50	165	2	1789581851037727744
4596	50	166	2	1789581851037728768
4597	50	167	2	1789581851037728768
4598	50	168	2	1789581851037728768
4599	50	169	2	1789581851037728768
4600	50	170	2	1789581851037727744
4601	50	171	2	1789581851037728768
4602	50	172	2	1789581851037728768
4603	50	173	2	1789581851037728768
4604	50	174	2	1789581851037727744
4605	50	175	2	1789581851037727744
4606	50	176	2	1789581851037728768
4607	50	177	2	1789581851037728768
4608	50	178	2	1789581851037728768
4609	50	179	2	1789581851037728768
4610	50	180	2	1789581851037728768
4611	50	181	2	1789581851037728768
4612	50	182	2	1789581851037729792
4613	50	183	2	1789581851037728768
4614	50	184	2	1789581851037728768
4615	50	185	2	1789581851037728768
4616	50	186	2	1789581851037728768
4617	50	187	2	1789581851037728768
4618	50	188	2	1789581851037729792
4619	50	189	2	1789581851037728768
4620	50	190	2	1789581851037728768
4621	50	191	2	1789581851037727744
4622	50	192	2	1789581851037728768
4623	50	193	2	1789581851037728768
4624	50	194	2	1789581851037728768
4625	50	195	2	1789581851037728768
4626	50	196	2	1789581851037728768
4627	50	197	2	1789581851037728768
4628	50	198	2	1789581851037728768
4629	50	199	2	1789581851037728768
4630	50	200	2	1789581851037728768
4631	50	201	2	1789581851037728768
4632	50	202	2	1789581851037728768
4633	50	203	2	1789581851037728768
4634	50	204	2	1789581851037728768
4635	50	205	2	1789581851037728768
4636	50	206	2	1789581851037728768
4637	50	207	2	1789581851037728768
4638	50	208	2	1789581851037728768
4639	50	209	2	1789581851037728768
4640	50	210	2	1789581851037728768
4641	50	211	2	1789581851037728768
4642	50	212	2	1789581851037728768
4643	50	213	2	1789581851037728768
4644	50	214	2	1789581851037728768
4645	50	215	2	1789581851037728768
4646	50	216	2	1789581851037728768
4647	50	217	2	1789581851037728768
4648	50	218	2	1789581851037728768
4649	50	219	2	1789581851037728768
4650	50	220	2	1789581851037728768
4651	50	221	2	1789581851037728768
4652	50	222	2	1789581851037728768
4653	50	223	2	1789581851037728768
4654	50	224	2	1789581851037728768
4655	50	225	2	1789581851037728768
4656	50	226	2	1789581851037728768
4657	50	227	2	1789581851037728768
4658	50	228	2	1789581851037728768
4659	50	229	2	1789581851037728768
4660	50	230	2	1789581851037728768
4661	50	231	2	1789581851037728768
4662	50	232	2	1789581851037728768
4663	50	233	2	1789581851037728768
4664	50	234	2	1789581851037728768
4665	50	235	2	1789581851037728768
4666	50	236	2	1789581851037728768
4667	50	237	2	1789581851037728768
4668	50	238	2	1789581851037728768
4669	50	239	2	1789581851037728768
4670	50	240	2	1789581851037728768
4671	50	241	2	1789581851037728768
4672	50	242	2	1789581851037728768
4673	50	243	2	1789581851037728768
4674	50	244	2	1789581851037728768
4675	50	245	2	1789581851037728768
4676	50	246	2	1789581851037728768
4677	50	247	2	1789581851037728768
4678	50	248	2	1789581851037728768
4679	50	249	2	1789581851037728768
4680	50	250	2	1789581851037728768
4681	50	251	2	1789581851037728768
4682	50	252	2	1789581851037728768
4683	50	253	2	1789581851037728768
4684	50	254	2	1789581851037728768
4685	50	255	2	1789581851037728768
4686	51	4294967295	512	1789581851037737984
4687	52	4294967295	512	1789581851037734912
4688	53	0	2	1789581851037763584
4689	53	1	2	1789581851037763584
4690	53	2	2	1789581851037763584
4691	53	3	2	1789581851037763584
4692	53	4	2	1789581851037763584
4693	53	5	2	1789581851037763584
4694	53	6	2	1789581851037764608
4695	53	7	2	1789581851037764608
4696	53	8	2	1789581851037763584
4697	53	9	2	1789581851037764608
4698	53	10	2	1789581851037763584
4699	53	11	2	1789581851037763584
4700	53	12	2	1789581851037763584
4701	53	13	2	1789581851037763584
4702	53	14	2	1789581851037763584
4703	53	15	2	1789581851037763584
4704	53	16	2	1789581851037763584
4705	53	17	2	1789581851037764608
4706	53	18	2	1789581851037763584
4707	53	19	2	1789581851037764608
4708	53	20	2	1789581851037764608
4709	53	21	2	1789581851037763584
4710	53	22	2	1789581851037763584
4711	53	23	2	1789581851037763584
4712	53	24	2	1789581851037763584
4713	53	25	2	1789581851037764608
4714	53	26	2	1789581851037764608
4715	53	27	2	1789581851037764608
4716	53	28	2	1789581851037764608
4717	53	29	2	1789581851037764608
4718	53	30	2	1789581851037763584
4719	53	31	2	1789581851037763584
4720	53	32	2	1789581851037763584
4721	53	33	2	1789581851037764608
4722	53	34	2	1789581851037764608
4723	53	35	2	1789581851037763584
4724	53	36	2	1789581851037763584
4725	53	37	2	1789581851037764608
4726	53	38	2	1789581851037764608
4727	53	39	2	1789581851037764608
4728	53	40	2	1789581851037764608
4729	53	41	2	1789581851037763584
4730	53	42	2	1789581851037764608
4731	53	43	2	1789581851037764608
4732	53	44	2	1789581851037764608
4733	53	45	2	1789581851037764608
4734	53	46	2	1789581851037764608
4735	53	47	2	1789581851037763584
4736	53	48	2	1789581851037765632
4737	53	49	2	1789581851037765632
4738	53	50	2	1789581851037764608
4739	53	51	2	1789581851037765632
4740	53	52	2	1789581851037765632
4741	53	53	2	1789581851037764608
4742	53	54	2	1789581851037765632
4743	53	55	2	1789581851037765632
4744	53	56	2	1789581851037764608
4745	53	57	2	1789581851037765632
4746	53	58	2	1789581851037765632
4747	53	59	2	1789581851037765632
4748	53	60	2	1789581851037765632
4749	53	61	2	1789581851037765632
4750	53	62	2	1789581851037765632
4751	53	63	2	1789581851037765632
4752	53	64	2	1789581851037765632
4753	53	65	2	1789581851037765632
4754	53	66	2	1789581851037765632
4755	53	67	2	1789581851037765632
4756	53	68	2	1789581851037765632
4757	53	69	2	1789581851037765632
4758	53	70	2	1789581851037765632
4759	53	71	2	1789581851037765632
4760	53	72	2	1789581851037765632
4761	53	73	2	1789581851037764608
4762	53	74	2	1789581851037766656
4763	53	75	2	1789581851037765632
4764	53	76	2	1789581851037765632
4765	53	77	2	1789581851037766656
4766	53	78	2	1789581851037765632
4767	53	79	2	1789581851037765632
4768	53	80	2	1789581851037765632
4769	53	81	2	1789581851037765632
4770	53	82	2	1789581851037765632
4771	53	83	2	1789581851037766656
4772	53	84	2	1789581851037766656
4773	53	85	2	1789581851037766656
4774	53	86	2	1789581851037767680
4775	53	87	2	1789581851037765632
4776	53	88	2	1789581851037766656
4777	53	89	2	1789581851037766656
4778	53	90	2	1789581851037766656
4779	53	91	2	1789581851037766656
4780	53	92	2	1789581851037766656
4781	53	93	2	1789581851037765632
4782	53	94	2	1789581851037765632
4783	53	95	2	1789581851037766656
4784	53	96	2	1789581851037766656
4785	53	97	2	1789581851037766656
4786	53	98	2	1789581851037767680
4787	53	99	2	1789581851037766656
4788	53	100	2	1789581851037766656
4789	53	101	2	1789581851037767680
4790	53	102	2	1789581851037767680
4791	53	103	2	1789581851037767680
4792	53	104	2	1789581851037767680
4793	53	105	2	1789581851037767680
4794	53	106	2	1789581851037767680
4795	53	107	2	1789581851037767680
4796	53	108	2	1789581851037767680
4797	53	109	2	1789581851037767680
4798	53	110	2	1789581851037767680
4799	53	111	2	1789581851037766656
4800	53	112	2	1789581851037766656
4801	53	113	2	1789581851037768704
4802	53	114	2	1789581851037767680
4803	53	115	2	1789581851037767680
4804	53	116	2	1789581851037768704
4805	53	117	2	1789581851037767680
4806	53	118	2	1789581851037767680
4807	53	119	2	1789581851037768704
4808	53	120	2	1789581851037767680
4809	53	121	2	1789581851037768704
4810	53	122	2	1789581851037768704
4811	53	123	2	1789581851037768704
4812	53	124	2	1789581851037769728
4813	53	125	2	1789581851037769728
4814	53	126	2	1789581851037767680
4815	53	127	2	1789581851037769728
4816	53	128	2	1789581851037769728
4817	53	129	2	1789581851037766656
4818	53	130	2	1789581851037766656
4819	53	131	2	1789581851037767680
4820	53	132	2	1789581851037766656
4821	53	133	2	1789581851037766656
4822	53	134	2	1789581851037767680
4823	53	135	2	1789581851037767680
4824	53	136	2	1789581851037767680
4825	53	137	2	1789581851037766656
4826	53	138	2	1789581851037768704
4827	53	139	2	1789581851037767680
4828	53	140	2	1789581851037767680
4829	53	141	2	1789581851037767680
4830	53	142	2	1789581851037767680
4831	53	143	2	1789581851037767680
4832	53	144	2	1789581851037768704
4833	53	145	2	1789581851037767680
4834	53	146	2	1789581851037768704
4835	53	147	2	1789581851037769728
4836	53	148	2	1789581851037767680
4837	53	149	2	1789581851037768704
4838	53	150	2	1789581851037769728
4839	53	151	2	1789581851037768704
4840	53	152	2	1789581851037769728
4841	53	153	2	1789581851037769728
4842	53	154	2	1789581851037770752
4843	53	155	2	1789581851037770752
4844	53	156	2	1789581851037770752
4845	53	157	2	1789581851037769728
4846	53	158	2	1789581851037770752
4847	53	159	2	1789581851037770752
4848	53	160	2	1789581851037770752
4849	53	161	2	1789581851037768704
4850	53	162	2	1789581851037770752
4851	53	163	2	1789581851037770752
4852	53	164	2	1789581851037770752
4853	53	165	2	1789581851037770752
4854	53	166	2	1789581851037771776
4855	53	167	2	1789581851037770752
4856	53	168	2	1789581851037770752
4857	53	169	2	1789581851037769728
4858	53	170	2	1789581851037771776
4859	53	171	2	1789581851037768704
4860	53	172	2	1789581851037767680
4861	53	173	2	1789581851037767680
4862	53	174	2	1789581851037767680
4863	53	175	2	1789581851037767680
4864	53	176	2	1789581851037767680
4865	53	177	2	1789581851037767680
4866	53	178	2	1789581851037767680
4867	53	179	2	1789581851037767680
4868	53	180	2	1789581851037768704
4869	53	181	2	1789581851037767680
4870	53	182	2	1789581851037769728
4871	53	183	2	1789581851037768704
4872	53	184	2	1789581851037768704
4873	53	185	2	1789581851037768704
4874	53	186	2	1789581851037769728
4875	53	187	2	1789581851037769728
4876	53	188	2	1789581851037769728
4877	53	189	2	1789581851037769728
4878	53	190	2	1789581851037769728
4879	53	191	2	1789581851037769728
4880	53	192	2	1789581851037770752
4881	53	193	2	1789581851037768704
4882	53	194	2	1789581851037770752
4883	53	195	2	1789581851037769728
4884	53	196	2	1789581851037770752
4885	53	197	2	1789581851037769728
4886	53	198	2	1789581851037770752
4887	53	199	2	1789581851037770752
4888	53	200	2	1789581851037770752
4889	53	201	2	1789581851037770752
4890	53	202	2	1789581851037770752
4891	53	203	2	1789581851037756416
4892	53	204	2	1789581851037756416
4893	53	205	2	1789581851037756416
4894	53	206	2	1789581851037756416
4895	53	207	2	1789581851037756416
4896	53	208	2	1789581851037756416
4897	53	209	2	1789581851037757440
4898	53	210	2	1789581851037757440
4899	53	211	2	1789581851037757440
4900	53	212	2	1789581851037757440
4901	53	213	2	1789581851037758464
4902	53	214	2	1789581851037758464
4903	53	215	2	1789581851037758464
4904	53	216	2	1789581851037758464
4905	53	217	2	1789581851037759488
4906	53	218	2	1789581851037759488
4907	53	219	2	1789581851037759488
4908	53	220	2	1789581851037759488
4909	53	221	2	1789581851037760512
4910	53	222	2	1789581851037760512
4911	53	223	2	1789581851037760512
4912	53	224	2	1789581851037760512
4913	53	225	2	1789581851037760512
4914	53	226	2	1789581851037760512
4915	53	227	2	1789581851037761536
4916	53	228	2	1789581851037761536
4917	53	229	2	1789581851037761536
4918	53	230	2	1789581851037762560
4919	53	231	2	1789581851037761536
4920	53	232	2	1789581851037762560
4921	53	233	2	1789581851037762560
4922	53	234	2	1789581851037762560
4923	53	235	2	1789581851037762560
4924	53	236	2	1789581851037763584
4925	53	237	2	1789581851037763584
4926	53	238	2	1789581851037763584
4927	53	239	2	1789581851037763584
4928	53	240	2	1789581851037764608
4929	53	241	2	1789581851037764608
4930	53	242	2	1789581851037765632
4931	53	243	2	1789581851037764608
4932	53	244	2	1789581851037765632
4933	53	245	2	1789581851037768704
4934	53	246	2	1789581851037769728
4935	53	247	2	1789581851037769728
4936	53	248	2	1789581851037768704
4937	53	249	2	1789581851037769728
4938	53	250	2	1789581851037769728
4939	53	251	2	1789581851037769728
4940	53	252	2	1789581851037770752
4941	53	253	2	1789581851037770752
4942	53	254	2	1789581851037770752
4943	53	255	2	1789581851037770752
4944	54	0	2	1789581851037787136
4945	54	1	2	1789581851037787136
4946	54	2	2	1789581851037784064
4947	54	3	2	1789581851037785088
4948	54	4	2	1789581851037783040
4949	54	5	2	1789581851037787136
4950	54	6	2	1789581851037786112
4951	54	7	2	1789581851037786112
4952	54	8	2	1789581851037786112
4953	54	9	2	1789581851037786112
4954	54	10	2	1789581851037786112
4955	54	11	2	1789581851037784064
4956	54	12	2	1789581851037782016
4957	54	13	2	1789581851037782016
4958	54	14	2	1789581851037780992
4959	54	15	2	1789581851037784064
4960	54	16	2	1789581851037789184
4961	54	17	2	1789581851037790208
4962	54	18	2	1789581851037787136
4963	54	19	2	1789581851037790208
4964	54	20	2	1789581851037788160
4965	54	21	2	1789581851037791232
4966	54	22	2	1789581851037791232
4967	54	23	2	1789581851037787136
4968	54	24	2	1789581851037791232
4969	54	25	2	1789581851037791232
4970	54	26	2	1789581851037791232
4971	54	27	2	1789581851037788160
4972	54	28	2	1789581851037788160
4973	54	29	2	1789581851037788160
4974	54	30	2	1789581851037786112
4975	54	31	2	1789581851037788160
4976	54	32	2	1789581851037790208
4977	54	33	2	1789581851037792256
4978	54	34	2	1789581851037792256
4979	54	35	2	1789581851037790208
4980	54	36	2	1789581851037790208
4981	54	37	2	1789581851037791232
4982	54	38	2	1789581851037792256
4983	54	39	2	1789581851037792256
4984	54	40	2	1789581851037792256
4985	54	41	2	1789581851037792256
4986	54	42	2	1789581851037792256
4987	54	43	2	1789581851037792256
4988	54	44	2	1789581851037792256
4989	54	45	2	1789581851037791232
4990	54	46	2	1789581851037790208
4991	54	47	2	1789581851037787136
4992	54	48	2	1789581851037790208
4993	54	49	2	1789581851037792256
4994	54	50	2	1789581851037791232
4995	54	51	2	1789581851037790208
4996	54	52	2	1789581851037790208
4997	54	53	2	1789581851037789184
4998	54	54	2	1789581851037790208
4999	54	55	2	1789581851037790208
5000	54	56	2	1789581851037789184
5001	54	57	2	1789581851037793280
5002	54	58	2	1789581851037793280
5003	54	59	2	1789581851037792256
5004	54	60	2	1789581851037789184
5005	54	61	2	1789581851037789184
5006	54	62	2	1789581851037790208
5007	54	63	2	1789581851037786112
5008	55	0	2	1789581851037792256
5009	55	1	2	1789581851037791232
5010	55	2	2	1789581851037791232
5011	55	3	2	1789581851037791232
5012	55	4	2	1789581851037791232
5013	55	5	2	1789581851037791232
5014	55	6	2	1789581851037791232
5015	55	7	2	1789581851037791232
5016	55	8	2	1789581851037791232
5017	55	9	2	1789581851037791232
5018	55	10	2	1789581851037791232
5019	55	11	2	1789581851037791232
5020	55	12	2	1789581851037791232
5021	55	13	2	1789581851037791232
5022	55	14	2	1789581851037791232
5023	55	15	2	1789581851037791232
5024	55	16	2	1789581851037795328
5025	55	17	2	1789581851037795328
5026	55	18	2	1789581851037795328
5027	55	19	2	1789581851037795328
5028	55	20	2	1789581851037795328
5029	55	21	2	1789581851037795328
5030	55	22	2	1789581851037795328
5031	55	23	2	1789581851037795328
5032	55	24	2	1789581851037796352
5033	55	25	2	1789581851037796352
5034	55	26	2	1789581851037795328
5035	55	27	2	1789581851037795328
5036	55	28	2	1789581851037795328
5037	55	29	2	1789581851037795328
5038	55	30	2	1789581851037794304
5039	55	31	2	1789581851037794304
5040	55	32	2	1789581851037796352
5041	55	33	2	1789581851037797376
5042	55	34	2	1789581851037797376
5043	55	35	2	1789581851037797376
5044	55	36	2	1789581851037796352
5045	55	37	2	1789581851037796352
5046	55	38	2	1789581851037796352
5047	55	39	2	1789581851037797376
5048	55	40	2	1789581851037797376
5049	55	41	2	1789581851037797376
5050	55	42	2	1789581851037797376
5051	55	43	2	1789581851037797376
5052	55	44	2	1789581851037796352
5053	55	45	2	1789581851037796352
5054	55	46	2	1789581851037796352
5055	55	47	2	1789581851037796352
5056	55	48	2	1789581851037797376
5057	55	49	2	1789581851037797376
5058	55	50	2	1789581851037797376
5059	55	51	2	1789581851037797376
5060	55	52	2	1789581851037797376
5061	55	53	2	1789581851037797376
5062	55	54	2	1789581851037797376
5063	55	55	2	1789581851037797376
5064	55	56	2	1789581851037797376
5065	55	57	2	1789581851037797376
5066	55	58	2	1789581851037797376
5067	55	59	2	1789581851037797376
5068	55	60	2	1789581851037797376
5069	55	61	2	1789581851037797376
5070	55	62	2	1789581851037797376
5071	55	63	2	1789581851037796352
5072	56	0	2	1789581851037804544
5073	56	1	2	1789581851037805568
5074	56	2	2	1789581851037805568
5075	56	3	2	1789581851037805568
5076	56	4	2	1789581851037805568
5077	56	5	2	1789581851037805568
5078	56	6	2	1789581851037805568
5079	56	7	2	1789581851037805568
5080	56	8	2	1789581851037805568
5081	56	9	2	1789581851037805568
5082	56	10	2	1789581851037804544
5083	56	11	2	1789581851037804544
5084	56	12	2	1789581851037805568
5085	56	13	2	1789581851037806592
5086	56	14	2	1789581851037805568
5087	56	15	2	1789581851037805568
5088	56	16	2	1789581851037805568
5089	56	17	2	1789581851037805568
5090	56	18	2	1789581851037805568
5091	56	19	2	1789581851037805568
5092	56	20	2	1789581851037805568
5093	56	21	2	1789581851037804544
5094	56	22	2	1789581851037804544
5095	56	23	2	1789581851037805568
5096	56	24	2	1789581851037805568
5097	56	25	2	1789581851037805568
5098	56	26	2	1789581851037805568
5099	56	27	2	1789581851037805568
5100	56	28	2	1789581851037805568
5101	56	29	2	1789581851037805568
5102	56	30	2	1789581851037805568
5103	56	31	2	1789581851037805568
5104	56	32	2	1789581851037808640
5105	56	33	2	1789581851037807616
5106	56	34	2	1789581851037808640
5107	56	35	2	1789581851037808640
5108	56	36	2	1789581851037808640
5109	56	37	2	1789581851037808640
5110	56	38	2	1789581851037808640
5111	56	39	2	1789581851037807616
5112	56	40	2	1789581851037808640
5113	56	41	2	1789581851037807616
5114	56	42	2	1789581851037808640
5115	56	43	2	1789581851037808640
5116	56	44	2	1789581851037808640
5117	56	45	2	1789581851037807616
5118	56	46	2	1789581851037808640
5119	56	47	2	1789581851037807616
5120	56	48	2	1789581851037807616
5121	56	49	2	1789581851037807616
5122	56	50	2	1789581851037807616
5123	56	51	2	1789581851037807616
5124	56	52	2	1789581851037808640
5125	56	53	2	1789581851037807616
5126	56	54	2	1789581851037808640
5127	56	55	2	1789581851037808640
5128	56	56	2	1789581851037808640
5129	56	57	2	1789581851037808640
5130	56	58	2	1789581851037808640
5131	56	59	2	1789581851037807616
5132	56	60	2	1789581851037808640
5133	56	61	2	1789581851037808640
5134	56	62	2	1789581851037808640
5135	56	63	2	1789581851037808640
5136	56	64	2	1789581851037809664
5137	56	65	2	1789581851037809664
5138	56	66	2	1789581851037808640
5139	56	67	2	1789581851037809664
5140	56	68	2	1789581851037808640
5141	56	69	2	1789581851037809664
5142	56	70	2	1789581851037808640
5143	56	71	2	1789581851037808640
5144	56	72	2	1789581851037809664
5145	56	73	2	1789581851037808640
5146	56	74	2	1789581851037809664
5147	56	75	2	1789581851037809664
5148	56	76	2	1789581851037809664
5149	56	77	2	1789581851037809664
5150	56	78	2	1789581851037809664
5151	56	79	2	1789581851037808640
5152	56	80	2	1789581851037809664
5153	56	81	2	1789581851037810688
5154	56	82	2	1789581851037809664
5155	56	83	2	1789581851037810688
5156	56	84	2	1789581851037809664
5157	56	85	2	1789581851037809664
5158	56	86	2	1789581851037809664
5159	56	87	2	1789581851037810688
5160	56	88	2	1789581851037809664
5161	56	89	2	1789581851037809664
5162	56	90	2	1789581851037809664
5163	56	91	2	1789581851037809664
5164	56	92	2	1789581851037810688
5165	56	93	2	1789581851037809664
5166	56	94	2	1789581851037809664
5167	56	95	2	1789581851037809664
5168	56	96	2	1789581851037809664
5169	56	97	2	1789581851037809664
5170	56	98	2	1789581851037809664
5171	56	99	2	1789581851037809664
5172	56	100	2	1789581851037809664
5173	56	101	2	1789581851037809664
5174	56	102	2	1789581851037809664
5175	56	103	2	1789581851037809664
5176	56	104	2	1789581851037809664
5177	56	105	2	1789581851037809664
5178	56	106	2	1789581851037809664
5179	56	107	2	1789581851037809664
5180	56	108	2	1789581851037809664
5181	56	109	2	1789581851037809664
5182	56	110	2	1789581851037809664
5183	56	111	2	1789581851037809664
5184	56	112	2	1789581851037809664
5185	56	113	2	1789581851037809664
5186	56	114	2	1789581851037809664
5187	56	115	2	1789581851037809664
5188	56	116	2	1789581851037809664
5189	56	117	2	1789581851037808640
5190	56	118	2	1789581851037809664
5191	56	119	2	1789581851037809664
5192	56	120	2	1789581851037808640
5193	56	121	2	1789581851037809664
5194	56	122	2	1789581851037809664
5195	56	123	2	1789581851037809664
5196	56	124	2	1789581851037808640
5197	56	125	2	1789581851037808640
5198	56	126	2	1789581851037809664
5199	56	127	2	1789581851037808640
5200	57	0	2	1789581851037805568
5201	57	1	2	1789581851037805568
5202	57	2	2	1789581851037804544
5203	57	3	2	1789581851037805568
5204	57	4	2	1789581851037805568
5205	57	5	2	1789581851037804544
5206	57	6	2	1789581851037805568
5207	57	7	2	1789581851037805568
5208	57	8	2	1789581851037805568
5209	57	9	2	1789581851037805568
5210	57	10	2	1789581851037805568
5211	57	11	2	1789581851037804544
5212	57	12	2	1789581851037805568
5213	57	13	2	1789581851037805568
5214	57	14	2	1789581851037803520
5215	57	15	2	1789581851037803520
5216	57	16	2	1789581851037807616
5217	57	17	2	1789581851037807616
5218	57	18	2	1789581851037807616
5219	57	19	2	1789581851037807616
5220	57	20	2	1789581851037807616
5221	57	21	2	1789581851037807616
5222	57	22	2	1789581851037807616
5223	57	23	2	1789581851037807616
5224	57	24	2	1789581851037807616
5225	57	25	2	1789581851037807616
5226	57	26	2	1789581851037807616
5227	57	27	2	1789581851037806592
5228	57	28	2	1789581851037807616
5229	57	29	2	1789581851037807616
5230	57	30	2	1789581851037806592
5231	57	31	2	1789581851037806592
5232	57	32	2	1789581851037807616
5233	57	33	2	1789581851037809664
5234	57	34	2	1789581851037809664
5235	57	35	2	1789581851037809664
5236	57	36	2	1789581851037808640
5237	57	37	2	1789581851037808640
5238	57	38	2	1789581851037807616
5239	57	39	2	1789581851037808640
5240	57	40	2	1789581851037808640
5241	57	41	2	1789581851037808640
5242	57	42	2	1789581851037808640
5243	57	43	2	1789581851037808640
5244	57	44	2	1789581851037808640
5245	57	45	2	1789581851037808640
5246	57	46	2	1789581851037808640
5247	57	47	2	1789581851037808640
5248	57	48	2	1789581851037808640
5249	57	49	2	1789581851037808640
5250	57	50	2	1789581851037809664
5251	57	51	2	1789581851037809664
5252	57	52	2	1789581851037809664
5253	57	53	2	1789581851037809664
5254	57	54	2	1789581851037808640
5255	57	55	2	1789581851037808640
5256	57	56	2	1789581851037808640
5257	57	57	2	1789581851037809664
5258	57	58	2	1789581851037809664
5259	57	59	2	1789581851037809664
5260	57	60	2	1789581851037808640
5261	57	61	2	1789581851037808640
5262	57	62	2	1789581851037808640
5263	57	63	2	1789581851037808640
5264	57	64	2	1789581851037809664
5265	57	65	2	1789581851037809664
5266	57	66	2	1789581851037809664
5267	57	67	2	1789581851037809664
5268	57	68	2	1789581851037809664
5269	57	69	2	1789581851037809664
5270	57	70	2	1789581851037809664
5271	57	71	2	1789581851037809664
5272	57	72	2	1789581851037809664
5273	57	73	2	1789581851037809664
5274	57	74	2	1789581851037809664
5275	57	75	2	1789581851037809664
5276	57	76	2	1789581851037809664
5277	57	77	2	1789581851037809664
5278	57	78	2	1789581851037809664
5279	57	79	2	1789581851037809664
5280	57	80	2	1789581851037809664
5281	57	81	2	1789581851037809664
5282	57	82	2	1789581851037809664
5283	57	83	2	1789581851037809664
5284	57	84	2	1789581851037809664
5285	57	85	2	1789581851037809664
5286	57	86	2	1789581851037809664
5287	57	87	2	1789581851037809664
5288	57	88	2	1789581851037809664
5289	57	89	2	1789581851037809664
5290	57	90	2	1789581851037809664
5291	57	91	2	1789581851037809664
5292	57	92	2	1789581851037809664
5293	57	93	2	1789581851037808640
5294	57	94	2	1789581851037808640
5295	57	95	2	1789581851037808640
5296	57	96	2	1789581851037809664
5297	57	97	2	1789581851037809664
5298	57	98	2	1789581851037809664
5299	57	99	2	1789581851037809664
5300	57	100	2	1789581851037809664
5301	57	101	2	1789581851037809664
5302	57	102	2	1789581851037809664
5303	57	103	2	1789581851037809664
5304	57	104	2	1789581851037809664
5305	57	105	2	1789581851037809664
5306	57	106	2	1789581851037809664
5307	57	107	2	1789581851037809664
5308	57	108	2	1789581851037808640
5309	57	109	2	1789581851037809664
5310	57	110	2	1789581851037809664
5311	57	111	2	1789581851037809664
5312	57	112	2	1789581851037809664
5313	57	113	2	1789581851037809664
5314	57	114	2	1789581851037809664
5315	57	115	2	1789581851037809664
5316	57	116	2	1789581851037809664
5317	57	117	2	1789581851037809664
5318	57	118	2	1789581851037809664
5319	57	119	2	1789581851037809664
5320	57	120	2	1789581851037809664
5321	57	121	2	1789581851037809664
5322	57	122	2	1789581851037809664
5323	57	123	2	1789581851037808640
5324	57	124	2	1789581851037809664
5325	57	125	2	1789581851037809664
5326	57	126	2	1789581851037809664
5327	57	127	2	1789581851037809664
5328	58	0	2	1789581851037812736
5329	58	1	2	1789581851037812736
5330	58	2	2	1789581851037811712
5331	58	3	2	1789581851037811712
5332	58	4	2	1789581851037811712
5333	58	5	2	1789581851037811712
5334	58	6	2	1789581851037811712
5335	58	7	2	1789581851037812736
5336	58	8	2	1789581851037812736
5337	58	9	2	1789581851037811712
5338	58	10	2	1789581851037811712
5339	58	11	2	1789581851037811712
5340	58	12	2	1789581851037811712
5341	58	13	2	1789581851037811712
5342	58	14	2	1789581851037811712
5343	58	15	2	1789581851037811712
5344	58	16	2	1789581851037813760
5345	58	17	2	1789581851037813760
5346	58	18	2	1789581851037813760
5347	58	19	2	1789581851037813760
5348	58	20	2	1789581851037813760
5349	58	21	2	1789581851037812736
5350	58	22	2	1789581851037813760
5351	58	23	2	1789581851037813760
5352	58	24	2	1789581851037813760
5353	58	25	2	1789581851037813760
5354	58	26	2	1789581851037813760
5355	58	27	2	1789581851037813760
5356	58	28	2	1789581851037813760
5357	58	29	2	1789581851037813760
5358	58	30	2	1789581851037813760
5359	58	31	2	1789581851037813760
5360	58	32	2	1789581851037814784
5361	58	33	2	1789581851037814784
5362	58	34	2	1789581851037814784
5363	58	35	2	1789581851037814784
5364	58	36	2	1789581851037814784
5365	58	37	2	1789581851037814784
5366	58	38	2	1789581851037813760
5367	58	39	2	1789581851037813760
5368	58	40	2	1789581851037814784
5369	58	41	2	1789581851037814784
5370	58	42	2	1789581851037814784
5371	58	43	2	1789581851037814784
5372	58	44	2	1789581851037814784
5373	58	45	2	1789581851037813760
5374	58	46	2	1789581851037814784
5375	58	47	2	1789581851037814784
5376	58	48	2	1789581851037813760
5377	58	49	2	1789581851037814784
5378	58	50	2	1789581851037814784
5379	58	51	2	1789581851037814784
5380	58	52	2	1789581851037814784
5381	58	53	2	1789581851037814784
5382	58	54	2	1789581851037813760
5383	58	55	2	1789581851037813760
5384	58	56	2	1789581851037813760
5385	58	57	2	1789581851037814784
5386	58	58	2	1789581851037814784
5387	58	59	2	1789581851037814784
5388	58	60	2	1789581851037813760
5389	58	61	2	1789581851037813760
5390	58	62	2	1789581851037813760
5391	58	63	2	1789581851037813760
