slot	stage	logical_task	kind	on_cp	tile_m	tile_n	tile_k	split_k	operand_bytes	setup_ns	load_wait_ns	mainloop_ns	epilogue_ns	body_epilogue_ns	harness_tail_ns	run_ns	setup_cycles	load_wait_cycles	mainloop_cycles	epilogue_cycles	body_epilogue_cycles	harness_tail_cycles	run_cycles
0	0	0	1	1	0	0	0	1	0	1024	0	5120	4096	4096	0	10240	2384	0	11705	12487	12300	187	26576
1	6	12	3	0	0	0	0	1	0	1024	0	0	0	0	0	1024	1369	0	963	217	30	187	2549
2	11	72	0	0	128	128	16	1	8192	1024	4096	234496	2048	2048	0	241664	2980	8172	601956	5263	4813	450	618371
3	20	16	2	0	0	0	0	1	0	1024	0	1024	0	0	0	2048	1571	0	2406	221	30	191	4198
4	23	48	5	0	0	0	0	1	0	1024	0	4096	0	0	0	5120	2101	0	10955	217	30	187	13273
5	27	28	0	0	128	128	16	1	8192	1024	4096	234496	2048	2048	0	241664	3002	9812	599841	4302	3808	494	616957
6	34	52	2	0	0	0	0	1	0	1024	0	0	0	0	0	1024	1637	0	1276	217	30	187	3130
7	38	116	5	0	0	0	0	1	0	1024	0	4096	0	0	0	5120	2090	0	9333	217	30	187	11640
8	42	96	0	0	128	128	16	1	8192	1024	3072	223232	2048	1024	1024	229376	2770	7366	569862	5291	4835	456	585289
9	49	120	2	0	0	0	0	1	0	1024	0	1024	0	0	0	2048	1863	0	2095	215	30	185	4173
10	56	20	0	0	128	128	16	1	8192	1024	3072	231424	2048	2048	0	237568	2930	7468	592406	4670	4177	493	607474
11	0	1	1	0	0	0	0	1	0	1024	0	4096	5120	5120	0	10240	2349	0	11618	12566	12379	187	26533
12	6	13	3	0	0	0	0	1	0	1024	0	0	0	0	0	1024	1354	0	933	217	30	187	2504
13	11	73	0	0	128	128	16	1	8192	1024	4096	232448	2048	1024	1024	239616	3126	9278	594574	5149	4697	452	612127
14	20	17	2	0	0	0	0	1	0	1024	0	1024	0	0	0	2048	1688	0	2280	218	30	188	4186
15	23	49	5	0	0	0	0	1	0	1024	0	4096	0	0	0	5120	2183	0	10882	217	30	187	13282
16	27	29	0	0	128	128	16	1	8192	1024	5120	231424	1024	1024	0	238592	3048	10675	593189	4228	3793	435	611140
17	34	53	2	0	0	0	0	1	0	1024	0	0	0	0	0	1024	1279	0	1531	217	30	187	3027
18	38	117	5	0	0	0	0	1	0	1024	0	4096	0	0	0	5120	2102	0	9704	217	30	187	12023
19	42	97	0	0	128	128	16	1	8192	1024	3072	228352	1024	1024	0	233472	2717	6813	583839	4718	4107	611	598087
20	49	121	2	0	0	0	0	1	0	1024	0	1024	0	0	0	2048	1754	0	2270	217	30	187	4241
21	56	21	0	0	128	128	16	1	8192	1024	4096	230400	2048	2048	0	237568	3047	8418	591202	5170	4725	445	607837
22	0	2	1	0	0	0	0	1	0	1024	0	4096	5120	5120	0	10240	2425	0	11329	12067	11879	188	25821
23	6	14	3	0	0	0	0	1	0	1024	0	0	0	0	0	1024	1673	0	675	218	30	188	2566
24	11	74	0	0	128	128	16	1	8192	1024	4096	237568	1024	1024	0	243712	2950	10029	606930	4295	3827	468	624204
25	20	18	2	0	0	0	0	1	0	1024	0	1024	0	0	0	2048	1721	0	2249	215	30	185	4185
26	23	50	5	0	0	0	0	1	0	1024	0	4096	0	0	0	5120	1928	0	11097	217	30	187	13242
27	27	30	0	0	128	128	16	1	8192	1024	4096	214016	2048	2048	0	221184	3054	10486	547604	5273	4856	417	566417
28	34	54	2	0	0	0	0	1	0	1024	0	0	0	0	0	1024	1264	0	1518	217	30	187	2999
29	38	118	5	0	0	0	0	1	0	1024	0	4096	0	0	0	5120	1775	0	9832	218	30	188	11825
30	42	98	0	0	128	128	16	1	8192	1024	3072	224256	2048	2048	0	230400	2764	6423	575174	4791	4304	487	589152
31	49	122	2	0	0	0	0	1	0	1024	0	1024	0	0	0	2048	1813	0	2150	216	30	186	4179
32	56	22	0	0	128	128	16	1	8192	1024	3072	230400	2048	1024	1024	236544	2975	7337	589420	4693	4127	566	604425
33	0	3	1	0	0	0	0	1	0	1024	0	4096	5120	5120	0	10240	2372	0	10807	11661	11476	185	24840
34	6	15	3	0	0	0	0	1	0	1024	0	0	0	0	0	1024	1638	0	674	218	30	188	2530
35	11	75	0	0	128	128	16	1	8192	1024	4096	229376	2048	2048	0	236544	3110	8587	588065	4998	4586	412	604760
36	20	19	2	0	0	0	0	1	0	1024	0	1024	0	0	0	2048	1651	0	2346	221	30	191	4218
37	23	51	5	0	0	0	0	1	0	1024	0	4096	0	0	0	5120	2080	0	11054	217	30	187	13351
38	27	31	0	0	128	128	16	1	8192	1024	4096	224256	2048	1024	1024	231424	2930	8504	574179	4870	4273	597	590483
39	34	55	2	0	0	0	0	1	0	1024	0	0	0	0	0	1024	1611	0	1235	217	30	187	3063
40	38	119	5	0	0	0	0	1	0	1024	0	4096	0	0	0	5120	2099	0	9573	218	30	188	11890
41	42	99	0	0	128	128	16	1	8192	1024	3072	226304	2048	2048	0	232448	2880	6933	580150	4508	4095	413	594471
42	49	123	2	0	0	0	0	1	0	1024	0	1024	0	0	0	2048	1724	0	2219	219	32	187	4162
43	56	23	0	0	128	128	16	1	8192	1024	3072	229376	2048	2048	0	235520	3095	6710	587425	5047	4614	433	602277
44	2	0	0	1	128	128	16	1	8192	1024	2048	144384	2048	1024	1024	149504	3416	3017	371986	3689	3267	422	382108
45	6	16	3	0	0	0	0	1	0	1024	0	0	0	0	0	1024	1362	0	894	218	30	188	2474
46	11	76	0	0	128	128	16	1	8192	1024	4096	242688	2048	2048	0	249856	2933	9942	621736	4378	3950	428	638989
47	20	20	2	0	0	0	0	1	0	1024	0	1024	0	0	0	2048	1630	0	2278	218	30	188	4126
48	23	52	5	0	0	0	0	1	0	1024	0	4096	0	0	0	5120	2069	0	10912	217	30	187	13198
49	27	32	0	0	128	128	16	1	8192	1024	4096	231424	2048	1024	1024	238592	3038	9819	591263	4925	4498	427	609045
50	34	56	2	0	0	0	0	1	0	1024	0	0	0	0	0	1024	1624	0	1260	217	30	187	3101
51	38	120	5	0	0	0	0	1	0	1024	0	4096	0	0	0	5120	1765	0	10721	218	30	188	12704
52	42	100	0	0	128	128	16	1	8192	1024	3072	224256	2048	2048	0	230400	2796	6675	575957	5170	4731	439	590598
53	49	124	2	0	0	0	0	1	0	1024	0	1024	0	0	0	2048	1709	0	2212	217	30	187	4138
54	56	24	0	0	128	128	16	1	8192	1024	3072	225280	2048	1024	1024	231424	3014	6241	577312	4518	4073	445	591085
55	2	1	0	0	128	128	16	1	8192	1024	2048	144384	2048	2048	0	149504	3387	2927	372462	3729	3292	437	382505
56	6	17	3	0	0	0	0	1	0	1024	0	0	0	0	0	1024	1680	0	699	218	30	188	2597
57	11	77	0	0	128	128	16	1	8192	1024	4096	225280	2048	2048	0	232448	2849	8436	577812	4727	4148	579	593824
58	20	21	2	0	0	0	0	1	0	1024	0	1024	0	0	0	2048	1559	0	2416	219	30	189	4194
59	23	53	5	0	0	0	0	1	0	1024	0	4096	0	0	0	5120	2549	0	10352	217	30	187	13118
60	27	33	0	0	128	128	16	1	8192	1024	4096	223232	2048	1024	1024	230400	3022	9587	570081	4568	4016	552	587258
61	34	57	2	0	0	0	0	1	0	1024	0	0	1024	0	1024	2048	1869	0	1289	217	30	187	3375
62	38	121	5	0	0	0	0	1	0	1024	0	4096	0	0	0	5120	2237	0	9999	217	30	187	12453
63	42	101	0	0	128	128	16	1	8192	1024	3072	226304	2048	2048	0	232448	2689	6292	579576	5156	4718	438	593713
64	49	125	2	0	0	0	0	1	0	1024	0	1024	0	0	0	2048	1831	0	1995	216	30	186	4042
65	56	25	0	0	128	128	16	1	8192	1024	3072	226304	2048	2048	0	232448	2818	6861	579583	4712	4252	460	593974
66	2	2	0	0	128	128	16	1	8192	1024	2048	144384	2048	2048	0	149504	3383	3241	371852	3782	3326	456	382258
67	6	18	3	0	0	0	0	1	0	1024	0	0	0	0	0	1024	1391	0	959	218	30	188	2568
68	11	78	0	0	128	128	16	1	8192	1024	4096	232448	1024	1024	0	238592	2642	9685	593956	4363	3871	492	610646
69	20	22	2	0	0	0	0	1	0	1024	0	1024	0	0	0	2048	1555	0	2431	219	30	189	4205
70	23	54	5	0	0	0	0	1	0	1024	0	4096	0	0	0	5120	2513	0	10334	217	30	187	13064
71	27	34	0	0	128	128	16	1	8192	1024	4096	225280	1024	1024	0	231424	2963	9281	575727	4519	3905	614	592490
72	34	58	2	0	0	0	0	1	0	1024	0	0	0	0	0	1024	1705	0	1277	217	30	187	3199
73	38	122	5	0	0	0	0	1	0	1024	0	4096	0	0	0	5120	1809	0	10560	217	30	187	12586
74	42	102	0	0	128	128	16	1	8192	1024	3072	229376	2048	2048	0	235520	2665	6566	587376	4914	4410	504	601521
75	49	126	2	0	0	0	0	1	0	1024	0	1024	0	0	0	2048	1773	0	2209	216	30	186	4198
76	56	26	0	0	128	128	16	1	8192	1024	3072	230400	2048	1024	1024	236544	2870	6708	589102	5260	4797	463	603940
77	2	3	0	0	128	128	16	1	8192	1024	2048	144384	2048	1024	1024	149504	3411	3127	371326	4073	3634	439	381937
78	6	19	3	0	0	0	0	1	0	1024	0	0	0	0	0	1024	1729	0	678	218	30	188	2625
79	11	79	0	0	128	128	16	1	8192	1024	4096	234496	2048	2048	0	241664	2881	9760	600503	4413	3962	451	617557
80	20	23	2	0	0	0	0	1	0	1024	0	1024	0	0	0	2048	1667	0	2317	220	30	190	4204
81	23	55	5	0	0	0	0	1	0	1024	0	4096	0	0	0	5120	2013	0	10886	217	30	187	13116
82	27	35	0	0	128	128	16	1	8192	1024	3072	229376	1024	1024	0	234496	2986	7412	585291	4674	4222	452	600363
83	34	59	2	0	0	0	0	1	0	1024	0	0	0	0	0	1024	1286	0	1498	217	30	187	3001
84	38	123	5	0	0	0	0	1	0	1024	0	4096	0	0	0	5120	2245	0	9986	218	30	188	12449
85	42	103	0	0	128	128	16	1	8192	1024	3072	225280	2048	2048	0	231424	2688	6747	578365	4699	4258	441	592499
86	49	127	2	0	0	0	0	1	0	1024	0	1024	0	0	0	2048	1792	0	2199	215	30	185	4206
87	56	27	0	0	128	128	16	1	8192	1024	3072	232448	2048	2048	0	238592	2906	6299	595925	4673	4089	584	609803
88	2	4	0	0	128	128	16	1	8192	1024	2048	145408	1024	1024	0	149504	3493	3391	372723	3632	3204	428	383239
89	6	20	3	0	0	0	0	1	0	1024	0	0	0	0	0	1024	1314	0	882	218	30	188	2414
90	11	80	0	0	128	128	16	1	8192	1024	3072	220160	2048	2048	0	226304	2920	7369	562959	4496	4068	428	577744
91	20	24	2	0	0	0	0	1	0	1024	0	1024	0	0	0	2048	1621	0	2369	215	30	185	4205
92	23	56	5	0	0	0	0	1	0	1024	0	4096	0	0	0	5120	2067	0	10536	217	30	187	12820
93	27	36	0	0	128	128	16	1	8192	1024	4096	229376	2048	2048	0	236544	2842	9458	586716	4264	3808	456	603280
94	34	60	2	0	0	0	0	1	0	1024	0	0	0	0	0	1024	1576	0	1217	217	30	187	3010
95	38	124	5	0	0	0	0	1	0	1024	0	4096	0	0	0	5120	2014	0	10095	218	30	188	12327
96	42	104	0	0	128	128	16	1	8192	1024	2048	230400	2048	2048	0	235520	2757	5256	589602	4410	3982	428	602025
97	52	0	3	0	0	0	0	1	0	1024	0	0	0	0	0	1024	2186	0	1172	216	30	186	3574
98	56	28	0	0	128	128	16	1	8192	1024	3072	228352	1024	1024	0	233472	2985	6450	583475	4774	4324	450	597684
99	2	5	0	0	128	128	16	1	8192	1024	2048	145408	1024	1024	0	149504	3554	3130	374197	3508	3097	411	384389
100	6	21	3	0	0	0	0	1	0	1024	0	0	0	0	0	1024	1566	0	662	218	30	188	2446
101	11	81	0	0	128	128	16	1	8192	1024	3072	233472	2048	1024	1024	239616	2898	5952	598744	4020	3594	426	611614
102	20	25	2	0	0	0	0	1	0	1024	0	1024	0	0	0	2048	1669	0	2303	226	30	196	4198
103	23	57	5	0	0	0	0	1	0	1024	0	4096	0	0	0	5120	2070	0	10444	217	30	187	12731
104	27	37	0	0	128	128	16	1	8192	1024	2048	226304	2048	2048	0	231424	2978	4453	579822	4163	3732	431	591416
105	34	61	2	0	0	0	0	1	0	1024	0	0	0	0	0	1024	1602	0	1205	217	30	187	3024
106	38	125	5	0	0	0	0	1	0	1024	0	4096	0	0	0	5120	1631	0	10623	218	30	188	12472
107	42	105	0	0	128	128	16	1	8192	1024	2048	223232	1024	1024	0	227328	2641	5268	570249	4273	3820	453	582431
108	52	1	3	0	0	0	0	1	0	1024	0	0	0	0	0	1024	2247	0	1168	214	30	184	3629
109	56	29	0	0	128	128	16	1	8192	1024	3072	228352	2048	2048	0	234496	3003	7173	585158	4302	3881	421	599636
110	2	6	0	0	128	128	16	1	8192	1024	2048	145408	1024	1024	0	149504	3459	3457	372310	3593	3171	422	382819
111	6	22	3	0	0	0	0	1	0	1024	0	0	0	0	0	1024	1694	0	656	218	30	188	2568
112	11	82	0	0	128	128	16	1	8192	1024	4096	226304	2048	2048	0	233472	2910	8122	580871	4919	4494	425	596822
113	20	26	2	0	0	0	0	1	0	1024	0	1024	0	0	0	2048	1609	0	2359	215	30	185	4183
114	23	58	5	0	0	0	0	1	0	1024	0	4096	0	0	0	5120	2069	0	10442	217	30	187	12728
115	27	38	0	0	128	128	16	1	8192	1024	3072	217088	1024	1024	0	222208	3123	7179	554183	4351	3869	482	568836
116	34	62	2	0	0	0	0	1	0	1024	0	0	0	0	0	1024	1589	0	1208	217	30	187	3014
117	38	126	5	0	0	0	0	1	0	1024	0	4096	0	0	0	5120	1632	0	10418	217	30	187	12267
118	42	106	0	0	128	128	16	1	8192	1024	2048	225280	2048	1024	1024	230400	2824	4016	576910	4621	4122	499	588371
119	52	2	3	0	0	0	0	1	0	1024	0	0	0	0	0	1024	2204	0	1183	217	30	187	3604
120	56	30	0	0	128	128	16	1	8192	1024	2048	225280	1024	1024	0	229376	2994	4046	576924	4159	3726	433	588123
121	2	7	0	0	128	128	16	1	8192	1024	2048	144384	2048	1024	1024	149504	3437	3870	371059	3633	3196	437	381999
122	6	23	3	0	0	0	0	1	0	1024	0	0	0	0	0	1024	1315	0	946	218	30	188	2479
123	11	83	0	0	128	128	16	1	8192	1024	4096	235520	1024	1024	0	241664	3145	10054	601345	4362	3920	442	618906
124	20	27	2	0	0	0	0	1	0	1024	0	1024	0	0	0	2048	1586	0	2385	218	30	188	4189
125	23	59	5	0	0	0	0	1	0	1024	0	4096	0	0	0	5120	1987	0	10564	217	30	187	12768
126	27	39	0	0	128	128	16	1	8192	1024	4096	223232	2048	2048	0	230400	2943	8691	572071	4368	3869	499	588073
127	34	63	2	0	0	0	0	1	0	1024	0	0	0	0	0	1024	1663	0	1289	217	30	187	3169
128	38	127	5	0	0	0	0	1	0	1024	0	4096	0	0	0	5120	2054	0	10215	218	30	188	12487
129	42	107	0	0	128	128	16	1	8192	1024	2048	233472	2048	2048	0	238592	2772	4673	598426	5168	4723	445	611039
130	52	3	3	0	0	0	0	1	0	1024	0	0	0	0	0	1024	2159	0	1171	214	30	184	3544
131	56	31	0	0	128	128	16	1	8192	1024	3072	234496	2048	2048	0	240640	2863	5647	601963	4908	4463	445	615381
132	1	0	0	0	128	128	16	1	8192	1024	1024	145408	1024	1024	0	148480	3109	2741	371668	3690	3273	417	381208
133	6	24	3	0	0	0	0	1	0	1024	0	0	0	0	0	1024	1314	0	902	218	30	188	2434
134	11	84	0	0	128	128	16	1	8192	1024	4096	226304	1024	1024	0	232448	3131	9819	578217	4480	4029	451	595647
135	20	28	2	0	0	0	0	1	0	1024	0	1024	0	0	0	2048	1644	0	2325	218	30	188	4187
136	23	60	5	0	0	0	0	1	0	1024	0	4096	0	0	0	5120	2091	0	10077	217	30	187	12385
137	27	40	0	0	128	128	16	1	8192	1024	3072	224256	2048	2048	0	230400	2971	6524	574743	4227	3700	527	588465
138	34	64	2	0	0	0	0	1	0	1024	0	0	0	0	0	1024	1268	0	1549	217	30	187	3034
139	39	0	0	0	128	128	16	1	8192	1024	1024	144384	4096	4096	0	150528	2277	2913	368341	11012	10593	419	384543
140	42	108	0	0	128	128	16	1	8192	1024	3072	229376	2048	2048	0	235520	2642	6661	587237	5242	4805	437	601782
141	52	4	3	0	0	0	0	1	0	1024	0	0	0	0	0	1024	2186	0	1168	214	30	184	3568
142	56	32	0	0	128	128	16	1	8192	1024	3072	226304	2048	1024	1024	232448	3103	5861	580476	4342	3761	581	593782
143	1	1	0	0	128	128	16	1	8192	1024	1024	146432	1024	1024	0	149504	3124	2781	373485	3460	3054	406	382850
144	6	25	3	0	0	0	0	1	0	1024	0	0	0	0	0	1024	1590	0	678	218	30	188	2486
145	11	85	0	0	128	128	16	1	8192	1024	4096	228352	1024	1024	0	234496	3150	8560	584767	4579	3996	583	601056
146	20	29	2	0	0	0	0	1	0	1024	0	1024	0	0	0	2048	1619	0	2331	215	30	185	4165
147	23	61	5	0	0	0	0	1	0	1024	0	4096	0	0	0	5120	2028	0	10008	217	30	187	12253
148	27	41	0	0	128	128	16	1	8192	1024	3072	224256	1024	1024	0	229376	2905	5804	574130	4824	4411	413	587663
149	34	65	2	0	0	0	0	1	0	1024	0	0	0	0	0	1024	1282	0	1551	217	30	187	3050
150	39	1	0	0	128	128	16	1	8192	1024	1024	143360	5120	4096	1024	150528	2335	2169	368541	10971	10566	405	384016
151	42	109	0	0	128	128	16	1	8192	1024	3072	227328	2048	2048	0	233472	2633	6456	584035	5075	4630	445	598199
152	52	5	3	0	0	0	0	1	0	1024	0	0	0	0	0	1024	2218	0	1162	217	30	187	3597
153	56	33	0	0	128	128	16	1	8192	1024	2048	233472	2048	1024	1024	238592	2933	4704	597362	4444	4000	444	609443
154	1	2	0	0	128	128	16	1	8192	1024	1024	145408	1024	1024	0	148480	3170	2689	371543	3874	3477	397	381276
155	6	26	3	0	0	0	0	1	0	1024	0	0	0	0	0	1024	1615	0	858	218	30	188	2691
156	11	86	0	0	128	128	16	1	8192	1024	3072	238592	2048	1024	1024	244736	3130	6977	609763	5158	4696	462	625028
157	20	30	2	0	0	0	0	1	0	1024	0	1024	0	0	0	2048	1652	0	2290	219	30	189	4161
158	23	62	5	0	0	0	0	1	0	1024	0	4096	0	0	0	5120	2061	0	10014	217	30	187	12292
159	27	42	0	0	128	128	16	1	8192	1024	3072	225280	2048	1024	1024	231424	2948	5627	577831	4191	3686	505	590597
160	34	66	2	0	0	0	0	1	0	1024	0	0	0	0	0	1024	1604	0	1253	217	30	187	3074
161	39	2	0	1	128	128	16	1	8192	1024	1024	145408	4096	4096	0	151552	2594	2475	371534	10811	10323	488	387414
162	42	110	0	0	128	128	16	1	8192	1024	3072	225280	2048	2048	0	231424	2704	6342	578452	4370	3961	409	591868
163	52	6	3	0	0	0	0	1	0	1024	0	0	0	0	0	1024	2252	0	1133	217	30	187	3602
164	56	34	0	0	128	128	16	1	8192	1024	2048	223232	2048	2048	0	228352	2994	5637	571040	4963	4508	455	584634
165	1	3	0	0	128	128	16	1	8192	1024	1024	145408	1024	1024	0	148480	3119	2218	371845	3434	3024	410	380616
166	6	27	3	0	0	0	0	1	0	1024	0	0	0	0	0	1024	1630	0	671	218	30	188	2519
167	11	87	0	0	128	128	16	1	8192	1024	4096	231424	2048	2048	0	238592	3153	9581	592673	5315	4899	416	610722
168	20	31	2	0	0	0	0	1	0	1024	0	1024	0	0	0	2048	1619	0	2315	215	30	185	4149
169	23	63	5	0	0	0	0	1	0	1024	0	4096	0	0	0	5120	2007	0	10073	215	30	185	12295
170	27	43	0	0	128	128	16	1	8192	1024	3072	232448	2048	1024	1024	238592	2785	7183	593839	5288	4874	414	609095
171	34	67	2	0	0	0	0	1	0	1024	0	0	0	0	0	1024	1730	0	1237	217	30	187	3184
172	39	3	0	0	128	128	16	1	8192	1024	1024	143360	5120	5120	0	150528	2360	2669	368161	11422	11012	410	384612
173	42	111	0	0	128	128	16	1	8192	1024	2048	232448	2048	2048	0	237568	2498	4730	595524	4484	4060	424	607236
174	52	7	3	0	0	0	0	1	0	1024	0	0	0	0	0	1024	2180	0	1146	216	30	186	3542
175	56	35	0	0	128	128	16	1	8192	1024	3072	231424	2048	2048	0	237568	3045	6871	593645	4779	4367	412	608340
176	1	4	0	0	128	128	16	1	8192	1024	2048	145408	1024	1024	0	149504	3095	3223	373691	3755	3332	423	383764
177	6	28	3	0	0	0	0	1	0	1024	0	0	0	0	0	1024	1340	0	929	218	30	188	2487
178	11	88	0	0	128	128	16	1	8192	1024	4096	234496	2048	2048	0	241664	3116	8897	599787	5471	5037	434	617271
179	19	0	2	0	0	0	0	1	0	1024	0	0	0	0	0	1024	1179	0	1580	217	30	187	2976
180	23	64	5	0	0	0	0	1	0	1024	0	4096	0	0	0	5120	2572	0	10330	217	30	187	13119
181	27	44	0	0	128	128	16	1	8192	1024	3072	231424	2048	1024	1024	237568	2740	7312	591214	4208	3782	426	605474
182	34	68	2	0	0	0	0	1	0	1024	0	0	0	0	0	1024	1754	0	1251	217	30	187	3222
183	39	4	0	0	128	128	16	1	8192	1024	1024	143360	5120	5120	0	150528	2537	2360	367748	11659	11234	425	384304
184	43	0	4	1	0	0	0	1	0	1024	0	31744	0	0	0	32768	1921	0	80890	217	30	187	83028
185	52	8	3	0	0	0	0	1	0	1024	0	0	0	0	0	1024	2179	0	1160	218	30	188	3557
186	56	36	0	0	128	128	16	1	8192	1024	2048	228352	2048	2048	0	233472	2800	4782	584761	4100	3664	436	596443
187	1	5	0	0	128	128	16	1	8192	1024	1024	145408	1024	1024	0	148480	3094	2997	370886	3801	3363	438	380778
188	6	29	3	0	0	0	0	1	0	1024	0	0	0	0	0	1024	1345	0	927	218	30	188	2490
189	11	89	0	0	128	128	16	1	8192	1024	4096	231424	1024	1024	0	237568	2604	8188	592343	4365	3865	500	607500
190	19	1	2	0	0	0	0	1	0	1024	0	0	0	0	0	1024	1900	0	1249	216	30	186	3365
191	23	65	5	0	0	0	0	1	0	1024	0	4096	0	0	0	5120	2097	0	10782	218	30	188	13097
192	27	45	0	0	128	128	16	1	8192	1024	4096	222208	2048	2048	0	229376	2701	8268	570580	5211	4735	476	586760
193	34	69	2	0	0	0	0	1	0	1024	0	0	0	0	0	1024	1295	0	1562	217	30	187	3074
194	39	5	0	0	128	128	16	1	8192	1024	1024	144384	4096	4096	0	150528	2262	2573	368858	12439	11998	441	386132
195	43	1	4	0	0	0	0	1	0	1024	0	31744	0	0	0	32768	1916	0	81013	215	30	185	83144
196	52	9	3	0	0	0	0	1	0	1024	0	0	0	0	0	1024	2159	0	1174	213	30	183	3546
197	56	37	0	0	128	128	16	1	8192	1024	2048	232448	2048	2048	0	237568	2933	4849	594939	5160	4718	442	607881
198	1	6	0	0	128	128	16	1	8192	1024	2048	145408	1024	1024	0	149504	3137	3223	373624	3728	3300	428	383712
199	6	30	3	0	0	0	0	1	0	1024	0	0	0	0	0	1024	1654	0	672	218	30	188	2544
200	11	90	0	0	128	128	16	1	8192	1024	4096	232448	2048	2048	0	239616	3097	9239	596582	4403	3893	510	613321
201	19	2	2	0	0	0	0	1	0	1024	0	0	0	0	0	1024	1592	0	1227	217	30	187	3036
202	23	66	5	0	0	0	0	1	0	1024	0	4096	0	0	0	5120	1948	0	10933	218	30	188	13099
203	27	46	0	0	128	128	16	1	8192	1024	4096	228352	1024	1024	0	234496	2712	8767	584543	4354	3908	446	600376
204	34	70	2	0	0	0	0	1	0	1024	0	0	0	0	0	1024	1292	0	1512	217	30	187	3021
205	39	6	0	0	128	128	16	1	8192	1024	1024	145408	4096	4096	0	151552	2383	2922	371224	10742	10315	427	387271
206	43	2	4	0	0	0	0	1	0	1024	0	30720	0	0	0	31744	1951	0	78887	218	30	188	81056
207	52	10	3	0	0	0	0	1	0	1024	0	0	0	0	0	1024	2189	0	1142	218	30	188	3549
208	56	38	0	0	128	128	16	1	8192	1024	3072	231424	2048	1024	1024	237568	2971	6370	592587	4926	4495	431	606854
209	1	7	0	0	128	128	16	1	8192	1024	1024	145408	1024	1024	0	148480	3201	2303	371906	3714	3300	414	381124
210	6	31	3	0	0	0	0	1	0	1024	0	0	0	0	0	1024	1603	0	648	218	30	188	2469
211	11	91	0	0	128	128	16	1	8192	1024	3072	238592	2048	2048	0	244736	3079	7857	609805	4629	4205	424	625370
212	19	3	2	0	0	0	0	1	0	1024	0	0	0	0	0	1024	1568	0	1210	215	30	185	2993
213	23	67	5	0	0	0	0	1	0	1024	0	4096	0	0	0	5120	1976	0	10921	218	30	188	13115
214	27	47	0	0	128	128	16	1	8192	1024	3072	221184	1024	1024	0	226304	2733	5983	565370	4246	3760	486	578332
215	34	71	2	0	0	0	0	1	0	1024	0	0	0	0	0	1024	1618	0	1189	217	30	187	3024
216	39	7	0	0	128	128	16	1	8192	1024	1024	144384	4096	4096	0	150528	2490	2046	370143	10732	10317	415	385411
217	43	3	4	0	0	0	0	1	0	1024	0	29696	0	0	0	30720	1973	0	75380	217	32	185	77570
218	52	11	3	0	0	0	0	1	0	1024	0	0	0	0	0	1024	2243	0	1132	217	30	187	3592
219	56	39	0	0	128	128	16	1	8192	1024	2048	230400	1024	1024	0	234496	3051	4630	588338	4049	3629	420	600068
220	1	8	0	0	128	128	16	1	8192	1024	2048	144384	2048	2048	0	149504	3229	3175	372435	3507	3106	401	382346
221	8	0	5	0	0	0	0	1	0	1024	0	3072	0	0	0	4096	2064	0	8940	217	30	187	11221
222	11	92	0	0	128	128	16	1	8192	1024	4096	232448	2048	1024	1024	239616	3072	8785	595588	4131	3724	407	611576
223	19	4	2	0	0	0	0	1	0	1024	0	0	0	0	0	1024	1564	0	1185	219	30	189	2968
224	23	68	5	0	0	0	0	1	0	1024	0	4096	0	0	0	5120	2071	0	10717	217	30	187	13005
225	27	48	0	0	128	128	16	1	8192	1024	3072	221184	2048	2048	0	227328	3220	6989	566885	4077	3641	436	581171
226	34	72	2	0	0	0	0	1	0	1024	0	0	0	0	0	1024	1629	0	1189	217	30	187	3035
227	39	8	0	0	128	128	16	1	8192	1024	1024	144384	4096	4096	0	150528	2499	2699	370105	10607	10206	401	385910
228	44	0	0	1	128	128	16	1	8192	1024	1024	503808	4096	4096	0	509952	2944	2221	1290977	10997	10595	402	1307139
229	52	12	3	0	0	0	0	1	0	1024	0	0	0	0	0	1024	2273	0	1140	218	30	188	3631
230	56	40	0	0	128	128	16	1	8192	1024	2048	232448	2048	2048	0	237568	2938	3821	596281	4297	3875	422	607337
231	1	9	0	0	128	128	16	1	8192	1024	1024	144384	2048	1024	1024	148480	3189	2092	370588	3532	3120	412	379401
232	8	1	5	0	0	0	0	1	0	1024	0	3072	0	0	0	4096	2165	0	8695	217	30	187	11077
233	11	93	0	0	128	128	16	1	8192	1024	3072	233472	2048	2048	0	239616	2955	6221	599255	4399	3819	580	612830
234	19	5	2	0	0	0	0	1	0	1024	0	0	0	0	0	1024	1114	0	1506	217	30	187	2837
235	23	69	5	0	0	0	0	1	0	1024	0	4096	0	0	0	5120	2124	0	10563	217	30	187	12904
236	27	49	0	0	128	128	16	1	8192	1024	2048	228352	1024	1024	0	232448	3204	4108	583605	4079	3639	440	594996
237	34	73	2	0	0	0	0	1	0	1024	0	0	0	0	0	1024	1586	0	1189	217	30	187	2992
238	39	9	0	0	128	128	16	1	8192	1024	1024	144384	4096	4096	0	150528	2483	2087	369976	10693	10280	413	385239
239	44	1	0	0	128	128	16	1	8192	1024	1024	502784	4096	4096	0	508928	2914	2239	1288150	11224	10812	412	1304527
240	52	13	3	0	0	0	0	1	0	1024	0	0	0	0	0	1024	2250	0	1144	217	30	187	3611
241	56	41	0	0	128	128	16	1	8192	1024	2048	223232	2048	2048	0	228352	3094	4349	572625	4151	3740	411	584219
242	1	10	0	0	128	128	16	1	8192	1024	1024	145408	1024	1024	0	148480	3159	2882	371089	4089	3665	424	381219
243	8	2	5	1	0	0	0	1	0	1024	0	4096	0	0	0	5120	2117	0	9403	219	30	189	11739
244	11	94	0	0	128	128	16	1	8192	1024	4096	234496	2048	2048	0	241664	2976	9774	600579	4360	3931	429	617689
245	19	6	2	0	0	0	0	1	0	1024	0	0	0	0	0	1024	1153	0	1513	220	30	190	2886
246	23	70	5	0	0	0	0	1	0	1024	0	4096	0	0	0	5120	2086	0	10529	217	30	187	12832
247	27	50	0	0	128	128	16	1	8192	1024	3072	230400	2048	2048	0	236544	3216	6108	590659	4642	4204	438	604625
248	34	74	2	0	0	0	0	1	0	1024	0	0	0	0	0	1024	1645	0	1223	217	30	187	3085
249	39	10	0	0	128	128	16	1	8192	1024	1024	144384	4096	4096	0	150528	2415	2509	369414	10858	10432	426	385196
250	44	2	0	0	128	128	16	1	8192	1024	1024	499712	4096	4096	0	505856	2887	2232	1281933	10767	10343	424	1297819
251	52	14	3	0	0	0	0	1	0	1024	0	0	0	0	0	1024	2152	0	1154	213	30	183	3519
252	56	42	0	0	128	128	16	1	8192	1024	2048	239616	2048	2048	0	244736	3044	4134	614800	4999	4445	554	626977
253	1	11	0	0	128	128	16	1	8192	1024	1024	146432	1024	1024	0	149504	3161	2607	374388	3600	3192	408	383756
254	8	3	5	0	0	0	0	1	0	1024	0	4096	0	0	0	5120	2127	0	9381	226	37	189	11734
255	11	95	0	0	128	128	16	1	8192	1024	4096	232448	1024	1024	0	238592	2968	9620	594616	4268	3851	417	611472
256	19	7	2	0	0	0	0	1	0	1024	0	0	0	0	0	1024	1610	0	1266	218	31	187	3094
257	23	71	5	0	0	0	0	1	0	1024	0	4096	0	0	0	5120	2046	0	10711	217	30	187	12974
258	27	51	0	0	128	128	16	1	8192	1024	3072	229376	2048	2048	0	235520	3271	6446	588384	4406	3978	428	602507
259	34	75	2	0	0	0	0	1	0	1024	0	0	0	0	0	1024	1277	0	1504	217	30	187	2998
260	39	11	0	0	128	128	16	1	8192	1024	1024	144384	4096	4096	0	150528	2541	2255	369482	10731	10321	410	385009
261	44	3	0	0	128	128	16	1	8192	1024	1024	500736	4096	4096	0	506880	2945	2384	1283648	10812	10406	406	1299789
262	52	15	3	0	0	0	0	1	0	1024	0	0	0	0	0	1024	2230	0	1173	218	30	188	3621
263	56	43	0	0	128	128	16	1	8192	1024	2048	233472	2048	1024	1024	238592	2883	3950	598176	4632	4223	409	609641
264	1	12	0	0	128	128	16	1	8192	1024	1024	145408	1024	1024	0	148480	3195	2214	372474	3694	3295	399	381577
265	8	4	5	0	0	0	0	1	0	1024	0	3072	0	0	0	4096	2088	0	8510	218	30	188	10816
266	11	96	0	0	128	128	16	1	8192	1024	4096	228352	1024	1024	0	234496	2845	10215	584030	3582	3183	399	600672
267	19	8	2	0	0	0	0	1	0	1024	0	0	0	0	0	1024	1569	0	1247	215	30	185	3031
268	23	72	5	0	0	0	0	1	0	1024	0	4096	0	0	0	5120	1948	0	10389	218	30	188	12555
269	27	52	0	0	128	128	16	1	8192	1024	3072	226304	1024	1024	0	231424	3192	6891	578263	4105	3607	498	592451
270	34	76	2	0	0	0	0	1	0	1024	0	0	0	0	0	1024	1585	0	1206	217	30	187	3008
271	39	12	0	0	128	128	16	1	8192	1024	1024	145408	4096	4096	0	151552	2494	2371	371673	10547	10150	397	387085
272	44	4	0	0	128	128	16	1	8192	1024	1024	502784	5120	5120	0	509952	2986	2885	1290019	10999	10603	396	1306889
273	52	16	3	0	0	0	0	1	0	1024	0	0	0	0	0	1024	2269	0	1161	218	30	188	3648
274	56	44	0	0	128	128	16	1	8192	1024	2048	229376	1024	1024	0	233472	2996	3953	586841	4216	3627	589	598006
275	1	13	0	0	128	128	16	1	8192	1024	1024	145408	1024	1024	0	148480	3238	1978	372436	3731	3339	392	381383
276	8	5	5	0	0	0	0	1	0	1024	0	3072	0	0	0	4096	2056	0	8370	217	30	187	10643
277	11	97	0	0	128	128	16	1	8192	1024	4096	220160	1024	1024	0	226304	2827	9433	563269	3521	3127	394	579050
278	19	9	2	0	0	0	0	1	0	1024	0	0	0	0	0	1024	1544	0	1227	219	30	189	2990
279	23	73	5	0	0	0	0	1	0	1024	0	4096	0	0	0	5120	2032	0	10368	218	30	188	12618
280	27	53	0	0	128	128	16	1	8192	1024	2048	223232	1024	1024	0	227328	3248	5027	570087	4165	3609	556	582527
281	34	77	2	0	0	0	0	1	0	1024	0	0	0	0	0	1024	1514	0	1282	217	30	187	3013
282	39	13	0	0	128	128	16	1	8192	1024	1024	144384	4096	4096	0	150528	2700	2305	369677	10466	10075	391	385148
283	44	5	0	0	128	128	16	1	8192	1024	1024	502784	4096	3072	1024	508928	2996	2327	1288317	10526	10133	393	1304166
284	52	17	3	0	0	0	0	1	0	1024	0	0	0	0	0	1024	2274	0	1158	218	30	188	3650
285	56	45	0	0	128	128	16	1	8192	1024	2048	227328	2048	2048	0	232448	2899	3943	583623	5258	4862	396	595723
286	1	14	0	0	128	128	16	1	8192	1024	1024	145408	1024	1024	0	148480	3188	2551	371771	3501	3098	403	381011
287	8	6	5	0	0	0	0	1	0	1024	0	3072	0	0	0	4096	2171	0	8343	217	30	187	10731
288	11	98	0	0	128	128	16	1	8192	1024	4096	229376	1024	1024	0	235520	2820	9320	587354	3591	3188	403	603085
289	19	10	2	0	0	0	0	1	0	1024	0	0	0	0	0	1024	1145	0	1466	215	30	185	2826
290	23	74	5	0	0	0	0	1	0	1024	0	4096	0	0	0	5120	2133	0	10313	218	30	188	12664
291	27	54	0	0	128	128	16	1	8192	1024	2048	227328	2048	1024	1024	232448	3209	3674	582582	4090	3679	411	593555
292	34	78	2	0	0	0	0	1	0	1024	0	0	0	0	0	1024	1702	0	1214	217	30	187	3133
293	39	14	0	0	128	128	16	1	8192	1024	1024	144384	4096	3072	1024	150528	2573	2373	368658	10594	10189	405	384198
294	44	6	0	0	128	128	16	1	8192	1024	1024	500736	4096	4096	0	506880	2979	2889	1284661	10701	10297	404	1301230
295	52	18	3	0	0	0	0	1	0	1024	0	0	0	0	0	1024	2258	0	1147	217	30	187	3622
296	56	46	0	0	128	128	16	1	8192	1024	2048	235520	1024	1024	0	239616	3081	3671	603019	4637	4232	405	614408
297	1	15	0	0	128	128	16	1	8192	1024	1024	145408	1024	1024	0	148480	3154	2667	371373	3576	3162	414	380770
298	8	7	5	0	0	0	0	1	0	1024	0	3072	0	0	0	4096	2210	0	8390	218	30	188	10818
299	11	99	0	0	128	128	16	1	8192	1024	4096	226304	1024	1024	0	232448	2773	10600	577130	3624	3207	417	594127
300	19	11	2	0	0	0	0	1	0	1024	0	0	0	0	0	1024	1329	0	1320	216	30	186	2865
301	23	75	5	0	0	0	0	1	0	1024	0	4096	0	0	0	5120	2010	0	10326	217	30	187	12553
302	27	55	0	0	128	128	16	1	8192	1024	2048	232448	2048	2048	0	237568	3198	5007	594408	4297	3816	481	606910
303	34	79	2	0	0	0	0	1	0	1024	0	0	0	0	0	1024	1702	0	1240	217	30	187	3159
304	39	15	0	0	128	128	16	1	8192	1024	1024	144384	4096	4096	0	150528	2542	2271	369670	10803	10384	419	385286
305	44	7	0	0	128	128	16	1	8192	1024	1024	502784	4096	4096	0	508928	2952	2601	1289959	10811	10394	417	1306323
306	52	19	3	0	0	0	0	1	0	1024	0	0	0	0	0	1024	2234	0	1153	218	30	188	3605
307	56	47	0	0	128	128	16	1	8192	1024	3072	232448	1024	1024	0	237568	3185	6902	594176	4554	4133	421	608817
308	1	16	0	0	128	128	16	1	8192	1024	1024	145408	1024	1024	0	148480	3149	2513	371128	3635	3197	438	380425
309	8	8	5	0	0	0	0	1	0	1024	0	3072	0	0	0	4096	2140	0	8825	217	30	187	11182
310	11	100	0	0	128	128	16	1	8192	1024	3072	223232	1024	1024	0	228352	2866	6431	571912	3567	3130	437	584776
311	19	12	2	0	0	0	0	1	0	1024	0	0	0	0	0	1024	1816	0	1232	217	32	185	3265
312	23	76	5	0	0	0	0	1	0	1024	0	4096	0	0	0	5120	2082	0	10383	217	30	187	12682
313	27	56	0	0	128	128	16	1	8192	1024	3072	228352	2048	2048	0	234496	3208	5877	586341	4696	4218	478	600122
314	34	80	2	0	0	0	0	1	0	1024	0	0	0	0	0	1024	1302	0	1529	217	30	187	3048
315	39	16	0	0	128	128	16	1	8192	1024	1024	144384	4096	4096	0	150528	2465	2318	369281	10817	10380	437	384881
316	44	8	0	0	128	128	16	1	8192	1024	1024	499712	4096	4096	0	505856	2898	3148	1280905	10872	10441	431	1297823
317	52	20	3	0	0	0	0	1	0	1024	0	0	0	0	0	1024	2232	0	1144	214	30	184	3590
318	56	48	0	0	128	128	16	1	8192	1024	2048	229376	2048	2048	0	234496	2905	4191	588906	4211	3771	440	600213
319	1	17	0	0	128	128	16	1	8192	1024	1024	144384	1024	1024	0	147456	3194	2889	369537	3525	3106	419	379145
320	8	9	5	0	0	0	0	1	0	1024	0	3072	0	0	0	4096	2283	0	8405	217	30	187	10905
321	11	101	0	0	128	128	16	1	8192	1024	2048	232448	1024	1024	0	236544	3094	4941	594647	3516	3095	421	606198
322	19	13	2	0	0	0	0	1	0	1024	0	0	0	0	0	1024	1768	0	1215	224	36	188	3207
323	23	77	5	0	0	0	0	1	0	1024	0	4096	0	0	0	5120	1998	0	10282	217	30	187	12497
324	27	57	0	0	128	128	16	1	8192	1024	2048	228352	2048	1024	1024	233472	3176	4447	584304	4139	3711	428	596066
325	34	81	2	0	0	0	0	1	0	1024	0	0	0	0	0	1024	1317	0	1494	217	30	187	3028
326	39	17	0	0	128	128	16	1	8192	1024	1024	144384	4096	4096	0	150528	2650	2486	369015	10749	10328	421	384900
327	44	9	0	0	128	128	16	1	8192	1024	1024	500736	4096	4096	0	506880	2929	2599	1282802	10718	10296	422	1299048
328	52	21	3	0	0	0	0	1	0	1024	0	0	0	0	0	1024	2265	0	1138	220	32	188	3623
329	56	49	0	0	128	128	16	1	8192	1024	2048	231424	2048	2048	0	236544	2874	4723	593488	4248	3691	557	605333
330	1	18	0	0	128	128	16	1	8192	1024	1024	145408	1024	1024	0	148480	3229	2197	371113	3560	3149	411	380099
331	8	10	5	0	0	0	0	1	0	1024	0	3072	0	0	0	4096	2165	0	8290	217	30	187	10672
332	11	102	0	0	128	128	16	1	8192	1024	2048	223232	2048	1024	1024	228352	3126	5147	570594	3470	3060	410	582337
333	19	14	2	0	0	0	0	1	0	1024	0	0	0	0	0	1024	1862	0	1218	221	34	187	3301
334	23	78	5	0	0	0	0	1	0	1024	0	4096	0	0	0	5120	2047	0	10228	218	30	188	12493
335	27	58	0	0	128	128	16	1	8192	1024	2048	227328	2048	2048	0	232448	3190	4508	581113	4192	3764	428	593003
336	34	82	2	0	0	0	0	1	0	1024	0	0	0	0	0	1024	1601	0	1197	217	30	187	3015
337	39	18	0	0	128	128	16	1	8192	1024	1024	144384	4096	4096	0	150528	2561	2081	370349	10565	10154	411	385556
338	44	10	0	0	128	128	16	1	8192	1024	1024	502784	4096	4096	0	508928	2952	2721	1287897	10672	10262	410	1304242
339	52	22	3	0	0	0	0	1	0	1024	0	0	1024	0	1024	2048	2276	0	1351	214	30	184	3841
340	56	50	0	0	128	128	16	1	8192	1024	2048	229376	2048	2048	0	234496	2906	5459	586840	4261	3821	440	599466
341	1	19	0	0	128	128	16	1	8192	1024	1024	145408	1024	1024	0	148480	3158	2725	371358	4110	3683	427	381351
342	8	11	5	0	0	0	0	1	0	1024	0	3072	0	0	0	4096	2174	0	8732	217	30	187	11123
343	11	103	0	0	128	128	16	1	8192	1024	3072	219136	3072	3072	0	226304	2926	5698	563333	5747	5323	424	577704
344	19	15	2	0	0	0	0	1	0	1024	0	0	0	0	0	1024	1565	0	1260	215	30	185	3040
345	23	79	5	0	0	0	0	1	0	1024	0	4096	0	0	0	5120	1935	0	10313	217	30	187	12465
346	27	59	0	0	128	128	16	1	8192	1024	3072	224256	2048	2048	0	230400	3030	5955	575004	4765	4275	490	588754
347	34	83	2	0	0	0	0	1	0	1024	0	0	0	0	0	1024	1613	0	1251	217	30	187	3081
348	39	19	0	0	128	128	16	1	8192	1024	1024	144384	5120	4096	1024	151552	2229	2253	371061	10780	10352	428	386323
349	44	11	0	0	128	128	16	1	8192	1024	1024	501760	4096	4096	0	507904	2912	2835	1286721	10705	10277	428	1303173
350	52	23	3	0	0	0	0	1	0	1024	0	0	0	0	0	1024	2221	0	1154	217	30	187	3592
351	56	51	0	0	128	128	16	1	8192	1024	2048	228352	2048	1024	1024	233472	2939	5596	582783	5002	4540	462	596320
352	1	20	0	0	128	128	16	1	8192	1024	2048	144384	1024	1024	0	148480	3106	3209	370670	4097	3663	434	381082
353	8	12	5	0	0	0	0	1	0	1024	0	4096	0	0	0	5120	2025	0	9485	217	30	187	11727
354	11	104	0	0	128	128	16	1	8192	1024	3072	226304	2048	1024	1024	232448	2949	6301	580067	4386	3947	439	593703
355	19	16	2	0	0	0	0	1	0	1024	0	0	0	0	0	1024	1190	0	1564	218	31	187	2972
356	23	80	5	0	0	0	0	1	0	1024	0	4096	0	0	0	5120	2144	0	10701	218	30	188	13063
357	27	60	0	0	128	128	16	1	8192	1024	3072	219136	2048	2048	0	225280	3008	5519	562461	4358	3915	443	575346
358	34	84	2	0	0	0	0	1	0	1024	0	0	0	0	0	1024	1688	0	1244	217	30	187	3149
359	39	20	0	0	128	128	16	1	8192	1024	1024	144384	4096	4096	0	150528	2240	2690	369398	10932	10496	436	385260
360	44	12	0	0	128	128	16	1	8192	1024	1024	496640	4096	4096	0	502784	2888	2843	1273312	11004	10567	437	1290047
361	52	24	3	0	0	0	0	1	0	1024	0	0	0	0	0	1024	2188	0	1156	217	30	187	3561
362	56	52	0	0	128	128	16	1	8192	1024	3072	228352	1024	1024	0	233472	2970	6537	584680	4370	3918	452	598557
363	1	21	0	0	128	128	16	1	8192	1024	2048	144384	1024	1024	0	148480	3075	3067	371277	4120	3669	451	381539
364	8	13	5	0	0	0	0	1	0	1024	0	4096	0	0	0	5120	2002	0	9614	233	30	203	11849
365	11	105	0	0	128	128	16	1	8192	1024	3072	221184	2048	1024	1024	227328	2940	7772	565031	4360	3912	448	580103
366	19	17	2	0	0	0	0	1	0	1024	0	0	0	0	0	1024	1764	0	1308	219	32	187	3291
367	23	81	5	0	0	0	0	1	0	1024	0	4096	0	0	0	5120	2152	0	10729	217	30	187	13098
368	27	61	0	0	128	128	16	1	8192	1024	4096	227328	1024	1024	0	233472	3059	9594	580584	4401	3935	466	597638
369	34	85	2	0	0	0	0	1	0	1024	0	0	0	0	0	1024	1304	0	1628	217	30	187	3149
370	39	21	0	0	128	128	16	1	8192	1024	1024	144384	4096	4096	0	150528	2280	2725	369308	11118	10671	447	385431
371	44	13	0	0	128	128	16	1	8192	1024	1024	496640	4096	4096	0	502784	2857	3052	1271548	12436	11601	835	1289893
372	52	25	3	0	0	0	0	1	0	1024	0	0	0	0	0	1024	1977	0	1183	217	30	187	3377
373	56	53	0	0	128	128	16	1	8192	1024	3072	237568	2048	2048	0	243712	2942	7271	608046	5340	4848	492	623599
374	1	22	0	0	128	128	16	1	8192	1024	2048	144384	1024	1024	0	148480	3083	3234	370541	4424	3991	433	381282
375	8	14	5	0	0	0	0	1	0	1024	0	4096	0	0	0	5120	2139	0	9554	233	30	203	11926
376	11	106	0	0	128	128	16	1	8192	1024	3072	223232	2048	2048	0	229376	2996	7286	571475	4407	3976	431	586164
377	19	18	2	0	0	0	0	1	0	1024	0	0	0	0	0	1024	1612	0	1303	216	30	186	3131
378	23	82	5	0	0	0	0	1	0	1024	0	4096	0	0	0	5120	1957	0	10983	217	30	187	13157
379	27	62	0	0	128	128	16	1	8192	1024	3072	231424	2048	2048	0	237568	2998	6546	592945	4260	3820	440	606749
380	34	86	2	0	0	0	0	1	0	1024	0	0	0	0	0	1024	1280	0	1612	217	30	187	3109
381	39	22	0	0	128	128	16	1	8192	1024	1024	144384	4096	4096	0	150528	2233	2679	369640	11102	10671	431	385654
382	44	14	0	0	128	128	16	1	8192	1024	1024	498688	5120	4096	1024	505856	2916	2794	1279595	10967	10535	432	1296272
383	52	26	3	0	0	0	0	1	0	1024	0	0	0	0	0	1024	2153	0	1190	218	30	188	3561
384	56	54	0	0	128	128	16	1	8192	1024	4096	227328	3072	2048	1024	235520	3019	8050	584995	5559	5116	443	601623
385	1	23	0	0	128	128	16	1	8192	1024	1024	145408	2048	1024	1024	149504	3100	2559	372492	3971	3553	418	382122
386	8	15	5	0	0	0	0	1	0	1024	0	3072	1024	0	1024	5120	2186	0	9015	220	30	190	11421
387	11	107	0	0	128	128	16	1	8192	1024	3072	220160	2048	2048	0	226304	3017	5934	564809	4322	3903	419	578082
388	19	19	2	0	0	0	0	1	0	1024	0	0	0	0	0	1024	1636	0	1265	218	30	188	3119
389	23	83	5	0	0	0	0	1	0	1024	0	4096	0	0	0	5120	1930	0	10957	217	30	187	13104
390	27	63	0	0	128	128	16	1	8192	1024	4096	224256	2048	2048	0	231424	2996	9090	573994	5057	4570	487	591137
391	34	87	2	0	0	0	0	1	0	1024	0	0	0	0	0	1024	1633	0	1255	217	30	187	3105
392	39	23	0	0	128	128	16	1	8192	1024	1024	143360	5120	4096	1024	150528	2249	2429	368040	10993	10574	419	383711
393	44	15	0	0	128	128	16	1	8192	1024	2048	499712	4096	4096	0	506880	2943	3372	1282150	10843	10422	421	1299308
394	52	27	3	0	0	0	0	1	0	1024	0	0	0	0	0	1024	2199	0	1154	217	30	187	3570
395	56	55	0	0	128	128	16	1	8192	1024	3072	237568	2048	2048	0	243712	2961	7965	607625	4296	3869	427	622847
396	1	24	0	0	128	128	16	1	8192	1024	1024	145408	2048	2048	0	149504	3135	2342	373045	4016	3601	415	382538
397	8	16	5	0	0	0	0	1	0	1024	0	3072	0	0	0	4096	2111	0	8419	217	30	187	10747
398	11	108	0	0	128	128	16	1	8192	1024	3072	228352	2048	2048	0	234496	2883	5641	587046	4236	3825	411	599806
399	19	20	2	0	0	0	0	1	0	1024	0	0	0	0	0	1024	1616	0	1242	225	32	193	3083
400	23	84	5	0	0	0	0	1	0	1024	0	4096	0	0	0	5120	2043	0	10891	217	30	187	13151
401	27	64	0	0	128	128	16	1	8192	1024	3072	234496	1024	1024	0	239616	3010	7638	598531	4325	3895	430	613504
402	34	88	2	0	0	0	0	1	0	1024	0	0	0	0	0	1024	1599	0	1228	217	30	187	3044
403	39	24	0	0	128	128	16	1	8192	1024	1024	144384	4096	4096	0	150528	2436	2540	369887	10683	10270	413	385546
404	44	16	0	0	128	128	16	1	8192	1024	1024	499712	4096	4096	0	505856	2963	2932	1280766	10756	10342	414	1297417
405	52	28	3	0	0	0	0	1	0	1024	0	0	0	0	0	1024	2222	0	1143	214	30	184	3579
406	56	56	0	0	128	128	16	1	8192	1024	3072	226304	1024	1024	0	231424	3080	6403	579389	4303	3711	592	593175
407	1	25	0	0	128	128	16	1	8192	1024	1024	145408	2048	2048	0	149504	3089	2706	373259	4016	3592	424	383070
408	8	17	5	0	0	0	0	1	0	1024	0	3072	0	0	0	4096	2284	0	8491	218	30	188	10993
409	11	109	0	0	128	128	16	1	8192	1024	3072	234496	1024	1024	0	239616	3013	7373	598892	4194	3768	426	613472
410	19	21	2	0	0	0	0	1	0	1024	0	0	0	0	0	1024	1179	0	1815	221	30	191	3215
411	23	85	5	0	0	0	0	1	0	1024	0	4096	0	0	0	5120	2083	0	10810	217	30	187	13110
412	27	65	0	0	128	128	16	1	8192	1024	4096	227328	2048	2048	0	234496	3053	10102	581678	4959	4509	450	599792
413	34	89	2	0	0	0	0	1	0	1024	0	0	0	0	0	1024	1606	0	1253	217	30	187	3076
414	39	25	0	0	128	128	16	1	8192	1024	1024	144384	5120	4096	1024	151552	2289	2798	370677	10871	10447	424	386635
415	44	17	0	0	128	128	16	1	8192	1024	1024	500736	4096	4096	0	506880	2937	3090	1283381	10889	10463	426	1300297
416	52	29	3	0	0	0	0	1	0	1024	0	0	0	0	0	1024	2153	0	1162	215	30	185	3530
417	56	57	0	0	128	128	16	1	8192	1024	4096	232448	2048	2048	0	239616	2971	8822	596194	4406	3971	435	612393
418	1	26	0	0	128	128	16	1	8192	1024	1024	144384	2048	1024	1024	148480	3069	2853	368678	4386	3947	439	378986
419	8	18	5	0	0	0	0	1	0	1024	0	3072	1024	0	1024	5120	2141	0	8944	219	30	189	11304
420	11	110	0	0	128	128	16	1	8192	1024	3072	222208	2048	2048	0	228352	2978	6190	569207	4402	3923	479	582777
421	19	22	2	0	0	0	0	1	0	1024	0	0	0	0	0	1024	1233	0	1781	216	30	186	3230
422	23	86	5	0	0	0	0	1	0	1024	0	4096	0	0	0	5120	2182	0	10660	218	30	188	13060
423	27	66	0	0	128	128	16	1	8192	1024	4096	231424	1024	1024	0	237568	2998	8234	592041	4233	3726	507	607506
424	34	90	2	0	0	0	0	1	0	1024	0	0	0	0	0	1024	1641	0	1277	217	30	187	3135
425	39	26	0	0	128	128	16	1	8192	1024	1024	144384	4096	4096	0	150528	2244	2835	369956	11007	10567	440	386042
426	44	18	0	0	128	128	16	1	8192	1024	1024	499712	4096	4096	0	505856	2914	3293	1280957	10997	10558	439	1298161
427	52	30	3	0	0	0	0	1	0	1024	0	0	0	0	0	1024	2149	0	1186	217	30	187	3552
428	56	58	0	0	128	128	16	1	8192	1024	3072	234496	1024	1024	0	239616	2850	7618	598265	4357	3882	475	613090
429	1	27	0	0	128	128	16	1	8192	1024	2048	145408	2048	1024	1024	150528	3053	3304	373738	4156	3701	455	384251
430	8	19	5	0	0	0	0	1	0	1024	0	3072	1024	0	1024	5120	2311	0	8786	218	30	188	11315
431	11	111	0	0	128	128	16	1	8192	1024	3072	219136	3072	3072	0	226304	2915	6994	561134	6586	6129	457	577629
432	19	23	2	0	0	0	0	1	0	1024	0	0	0	0	0	1024	1835	0	1297	217	30	187	3349
433	23	87	5	0	0	0	0	1	0	1024	0	4096	0	0	0	5120	1915	0	10857	217	30	187	12989
434	27	67	0	0	128	128	16	1	8192	1024	3072	224256	1024	1024	0	229376	2977	7860	571944	4273	3685	588	587054
435	34	91	2	0	0	0	0	1	0	1024	0	0	0	0	0	1024	1298	0	1674	217	30	187	3189
436	39	27	0	0	128	128	16	1	8192	1024	1024	144384	4096	4096	0	150528	2268	2614	369419	11045	10591	454	385346
437	44	19	0	0	128	128	16	1	8192	1024	1024	496640	4096	4096	0	502784	2863	3140	1271930	11984	11160	824	1289917
438	52	31	3	0	0	0	0	1	0	1024	0	0	0	0	0	1024	2138	0	1181	218	30	188	3537
439	56	59	0	0	128	128	16	1	8192	1024	3072	234496	2048	2048	0	240640	2958	7445	600470	5223	4717	506	616096
440	1	28	0	0	128	128	16	1	8192	1024	1024	145408	2048	1024	1024	149504	3079	2837	371831	4038	3594	444	381785
441	8	20	5	0	0	0	0	1	0	1024	0	3072	1024	0	1024	5120	2048	0	8962	217	30	187	11227
442	12	0	0	0	128	128	16	1	8192	1024	2048	215040	3072	3072	0	221184	2597	3402	551616	8462	7141	1321	566077
443	19	24	2	0	0	0	0	1	0	1024	0	0	0	0	0	1024	1968	0	1274	215	30	185	3457
444	23	88	5	0	0	0	0	1	0	1024	0	4096	0	0	0	5120	1939	0	10423	217	30	187	12579
445	27	68	0	0	128	128	16	1	8192	1024	4096	232448	2048	1024	1024	239616	2963	9267	594887	4407	3934	473	611524
446	34	92	2	0	0	0	0	1	0	1024	0	0	0	0	0	1024	1663	0	1253	217	30	187	3133
447	39	28	0	0	128	128	16	1	8192	1024	1024	144384	4096	4096	0	150528	2253	2409	369246	10921	10482	439	384829
448	44	20	0	0	128	128	16	1	8192	1024	1024	497664	4096	4096	0	503808	2894	2945	1275360	10985	10542	443	1292184
449	51	0	3	1	0	0	0	1	0	1024	0	0	0	0	0	1024	1492	0	954	217	30	187	2663
450	56	60	0	0	128	128	16	1	8192	1024	3072	225280	2048	1024	1024	231424	2881	7009	576876	4234	3781	453	591000
451	1	29	0	0	128	128	16	1	8192	1024	2048	144384	1024	1024	0	148480	3148	3061	370307	4025	3592	433	380541
452	8	21	5	0	0	0	0	1	0	1024	0	3072	0	0	0	4096	2105	0	8716	217	30	187	11038
453	12	1	0	0	128	128	16	1	8192	1024	2048	223232	2048	1024	1024	228352	2623	4356	570906	4313	3883	430	582198
454	19	25	2	0	0	0	0	1	0	1024	0	0	0	0	0	1024	1890	0	1249	218	30	188	3357
455	23	89	5	0	0	0	0	1	0	1024	0	4096	0	0	0	5120	2028	0	10393	217	30	187	12638
456	27	69	0	0	128	128	16	1	8192	1024	3072	229376	1024	1024	0	234496	3004	6629	585605	4275	3833	442	599513
457	34	93	2	0	0	0	0	1	0	1024	0	0	0	0	0	1024	1558	0	1281	217	30	187	3056
458	39	29	0	0	128	128	16	1	8192	1024	1024	144384	4096	4096	0	150528	2253	2260	369190	10763	10231	532	384466
459	44	21	0	0	128	128	16	1	8192	1024	1024	500736	4096	4096	0	506880	2910	2887	1284426	10703	10271	432	1300926
460	51	1	3	0	0	0	0	1	0	1024	0	0	0	0	0	1024	1323	0	921	217	30	187	2461
461	56	61	0	0	128	128	16	1	8192	1024	3072	235520	2048	2048	0	241664	2977	7820	601343	4960	4521	439	617100
462	1	30	0	0	128	128	16	1	8192	1024	1024	145408	1024	1024	0	148480	3208	3010	371911	3526	3113	413	381655
463	8	22	5	0	0	0	0	1	0	1024	0	3072	0	0	0	4096	2141	0	8371	217	30	187	10729
464	12	2	0	0	128	128	16	1	8192	1024	1024	229376	1024	1024	0	232448	2703	2446	586175	3752	3337	415	595076
465	19	26	2	0	0	0	0	1	0	1024	0	0	0	0	0	1024	1184	0	1488	216	31	185	2888
466	23	90	5	0	0	0	0	1	0	1024	0	4096	0	0	0	5120	2013	0	10304	217	30	187	12534
467	27	70	0	0	128	128	16	1	8192	1024	3072	225280	2048	2048	0	231424	3159	5540	578668	4698	4199	499	592065
468	34	94	2	0	0	0	0	1	0	1024	0	0	0	0	0	1024	1546	0	1310	217	30	187	3073
469	39	30	0	0	128	128	16	1	8192	1024	1024	144384	5120	4096	1024	151552	2493	2026	371480	10788	10373	415	386787
470	44	22	0	0	128	128	16	1	8192	1024	1024	502784	4096	4096	0	508928	2938	2623	1288402	10654	10239	415	1304617
471	51	2	3	0	0	0	0	1	0	1024	0	0	0	0	0	1024	1639	0	674	218	30	188	2531
472	56	62	0	0	128	128	16	1	8192	1024	2048	224256	2048	2048	0	229376	2909	4360	575420	4053	3637	416	586742
473	1	31	0	0	128	128	16	1	8192	1024	1024	145408	2048	2048	0	149504	3161	2731	372805	3651	3226	425	382348
474	8	23	5	0	0	0	0	1	0	1024	0	3072	0	0	0	4096	2071	0	8753	217	30	187	11041
475	12	3	0	0	128	128	16	1	8192	1024	2048	216064	2048	2048	0	221184	2707	3776	555273	4733	3408	1325	566489
476	19	27	2	0	0	0	0	1	0	1024	0	0	0	0	0	1024	1163	0	1539	217	30	187	2919
477	23	91	5	0	0	0	0	1	0	1024	0	4096	0	0	0	5120	1932	0	10428	217	30	187	12577
478	27	71	0	0	128	128	16	1	8192	1024	3072	229376	2048	1024	1024	235520	3096	5772	588477	4193	3766	427	601538
479	34	95	2	0	0	0	0	1	0	1024	0	0	0	0	0	1024	1672	0	1248	217	30	187	3137
480	39	31	0	0	128	128	16	1	8192	1024	1024	144384	4096	4096	0	150528	2367	2760	369086	10799	10373	426	385012
481	44	23	0	0	128	128	16	1	8192	1024	1024	500736	4096	4096	0	506880	2906	2748	1283596	11182	10756	426	1300432
482	51	3	3	0	0	0	0	1	0	1024	0	0	0	0	0	1024	1778	0	919	218	30	188	2915
483	56	63	0	0	128	128	16	1	8192	1024	3072	227328	2048	2048	0	233472	2921	5955	584566	4789	4360	429	598231
484	3	0	0	0	128	128	16	1	8192	1024	2048	145408	1024	1024	0	149504	3545	3024	373567	4022	3585	437	384158
485	8	24	5	0	0	0	0	1	0	1024	0	4096	0	0	0	5120	2073	0	9509	218	30	188	11800
486	12	4	0	0	128	128	16	1	8192	1024	2048	225280	2048	2048	0	230400	2505	5148	576897	3866	3426	440	588416
487	19	28	2	0	0	0	0	1	0	1024	0	0	0	0	0	1024	1720	0	1301	216	30	186	3237
488	23	92	5	0	0	0	0	1	0	1024	0	4096	0	0	0	5120	2070	0	9646	217	30	187	11933
489	27	72	0	0	128	128	16	1	8192	1024	3072	238592	1024	1024	0	243712	3145	6657	610354	4116	3651	465	624272
490	34	96	2	0	0	0	0	1	0	1024	0	0	1024	1024	0	2048	1258	0	1763	468	30	438	3489
491	40	0	1	1	0	0	0	1	0	1024	0	4096	8192	8192	0	13312	1639	0	11377	20067	19879	188	33083
492	44	24	0	0	128	128	16	1	8192	1024	2048	497664	4096	4096	0	504832	2882	3381	1277318	10857	10417	440	1294438
493	51	4	3	0	0	0	0	1	0	1024	0	0	0	0	0	1024	1561	0	927	218	30	188	2706
494	56	64	0	0	128	128	16	1	8192	1024	3072	231424	2048	1024	1024	237568	2858	5961	593615	4480	3879	601	606914
495	3	1	0	0	128	128	16	1	8192	1024	2048	145408	1024	1024	0	149504	3539	4054	371738	4172	3751	421	383503
496	8	25	5	0	0	0	0	1	0	1024	0	3072	1024	0	1024	5120	2123	0	9049	230	30	200	11402
497	12	5	0	0	128	128	16	1	8192	1024	2048	224256	1024	1024	0	228352	2514	5514	572856	3794	3372	422	584678
498	19	29	2	0	0	0	0	1	0	1024	0	0	0	0	0	1024	1696	0	1532	221	30	191	3449
499	23	93	5	0	0	0	0	1	0	1024	0	4096	0	0	0	5120	1979	0	9899	217	30	187	12095
500	27	73	0	0	128	128	16	1	8192	1024	4096	224256	2048	2048	0	231424	3143	8723	575810	4169	3741	428	591845
501	34	97	2	0	0	0	0	1	0	1024	0	0	1024	0	1024	2048	1236	0	1740	459	30	429	3435
502	40	1	1	0	0	0	0	1	0	1024	0	4096	8192	8192	0	13312	1664	0	11441	20024	19836	188	33129
503	44	25	0	0	128	128	16	1	8192	1024	1024	500736	4096	4096	0	506880	2936	3000	1282901	10887	10468	419	1299724
504	51	5	3	0	0	0	0	1	0	1024	0	0	0	0	0	1024	1701	0	677	218	30	188	2596
505	56	65	0	0	128	128	16	1	8192	1024	3072	231424	1024	1024	0	236544	3095	5617	593671	4294	3762	532	606677
506	3	2	0	0	128	128	16	1	8192	1024	2048	145408	1024	1024	0	149504	3572	3604	373026	3940	3533	407	384142
507	8	26	5	0	0	0	0	1	0	1024	0	3072	0	0	0	4096	2385	0	8622	217	30	187	11224
508	12	6	0	0	128	128	16	1	8192	1024	2048	224256	1024	1024	0	228352	2624	4593	573811	3757	3350	407	584785
509	19	30	2	0	0	0	0	1	0	1024	0	0	0	0	0	1024	1655	0	1239	216	31	185	3110
510	23	94	5	0	0	0	0	1	0	1024	0	4096	0	0	0	5120	2109	0	9664	217	30	187	11990
511	27	74	0	0	128	128	16	1	8192	1024	4096	225280	2048	1024	1024	232448	3170	8261	577828	4185	3757	428	593444
512	34	98	2	0	0	0	0	1	0	1024	0	0	1024	1024	0	2048	1596	0	1468	439	31	408	3503
513	40	2	1	0	0	0	0	1	0	1024	0	4096	8192	8192	0	13312	1548	0	11007	20626	20438	188	33181
514	44	26	0	0	128	128	16	1	8192	1024	1024	501760	4096	4096	0	507904	2971	2515	1286244	11138	10731	407	1302868
515	51	6	3	0	0	0	0	1	0	1024	0	0	0	0	0	1024	1259	0	867	217	30	187	2343
516	56	66	0	0	128	128	16	1	8192	1024	3072	233472	2048	1024	1024	239616	3074	7334	597234	4512	3945	567	612154
517	3	3	0	0	128	128	16	1	8192	1024	2048	145408	1024	1024	0	149504	3626	3579	372787	3861	3461	400	383853
518	8	27	5	0	0	0	0	1	0	1024	0	3072	0	0	0	4096	2170	0	8594	217	30	187	10981
519	12	7	0	0	128	128	16	1	8192	1024	2048	231424	1024	1024	0	235520	2862	3285	594188	3473	3073	400	603808
520	19	31	2	0	0	0	0	1	0	1024	0	0	0	0	0	1024	1657	0	1213	222	31	191	3092
521	23	95	5	0	0	0	0	1	0	1024	0	4096	0	0	0	5120	2040	0	9861	217	30	187	12118
522	27	75	0	0	128	128	16	1	8192	1024	3072	219136	1024	1024	0	224256	3177	6291	560624	4274	3866	408	574366
523	34	99	2	0	0	0	0	1	0	1024	0	0	1024	0	1024	2048	1581	0	1422	434	32	402	3437
524	40	3	1	0	0	0	0	1	0	1024	0	4096	8192	8192	0	13312	1552	0	10465	21171	20983	188	33188
525	44	27	0	0	128	128	16	1	8192	1024	1024	501760	4096	4096	0	507904	2985	2646	1287167	10553	10152	401	1303351
526	51	7	3	0	0	0	0	1	0	1024	0	0	0	0	0	1024	1608	0	793	217	30	187	2618
527	56	67	0	0	128	128	16	1	8192	1024	3072	224256	2048	2048	0	230400	3079	6303	575851	5081	4660	421	590314
528	3	4	0	0	128	128	16	1	8192	1024	2048	145408	1024	1024	0	149504	3562	3781	371954	3816	3404	412	383113
529	8	28	5	0	0	0	0	1	0	1024	0	3072	0	0	0	4096	2166	0	8736	217	30	187	11119
530	12	8	0	0	128	128	16	1	8192	1024	2048	226304	1024	1024	0	230400	2608	4621	579466	3913	3500	413	590608
531	19	32	2	0	0	0	0	1	0	1024	0	0	0	0	0	1024	1204	0	1652	217	30	187	3073
532	23	96	5	0	0	0	0	1	0	1024	0	4096	0	0	0	5120	2057	0	10941	218	30	188	13216
533	27	76	0	0	128	128	16	1	8192	1024	2048	229376	2048	1024	1024	234496	3140	4154	587294	4294	3868	426	598882
534	34	100	2	0	0	0	0	1	0	1024	0	1024	0	0	0	2048	1639	0	1464	445	30	415	3548
535	41	0	0	0	128	128	16	1	8192	1024	3072	225280	2048	2048	0	231424	2712	5761	578237	5341	4927	414	592051
536	44	28	0	0	128	128	16	1	8192	1024	1024	502784	4096	4096	0	508928	2961	2798	1289432	10699	10285	414	1305890
537	51	8	3	0	0	0	0	1	0	1024	0	0	0	0	0	1024	1338	0	810	217	30	187	2365
538	56	68	0	0	128	128	16	1	8192	1024	2048	228352	2048	2048	0	233472	3047	5232	583760	4728	4302	426	596767
539	3	5	0	0	128	128	16	1	8192	1024	2048	145408	1024	1024	0	149504	3539	3778	373113	3819	3393	426	384249
540	8	29	5	0	0	0	0	1	0	1024	0	3072	0	0	0	4096	2153	0	8858	217	30	187	11228
541	12	9	0	0	128	128	16	1	8192	1024	2048	218112	1024	1024	0	222208	2587	4585	556840	3975	3549	426	567987
542	19	33	2	0	0	0	0	1	0	1024	0	0	0	0	0	1024	1799	0	1251	217	30	187	3267
543	23	97	5	0	0	0	0	1	0	1024	0	4096	0	0	0	5120	2127	0	10883	218	30	188	13228
544	27	77	0	0	128	128	16	1	8192	1024	4096	226304	2048	2048	0	233472	3154	9114	579494	4282	3694	588	596044
545	34	101	2	0	0	0	0	1	0	1024	0	0	1024	1024	0	2048	1237	0	1760	461	30	431	3458
546	41	1	0	0	128	128	16	1	8192	1024	2048	230400	2048	2048	0	235520	2793	5019	589445	4707	4244	463	601964
547	44	29	0	0	128	128	16	1	8192	1024	1024	500736	4096	4096	0	506880	2934	3156	1283484	11009	10581	428	1300583
548	51	9	3	0	0	0	0	1	0	1024	0	0	0	0	0	1024	1774	0	690	218	30	188	2682
549	56	69	0	0	128	128	16	1	8192	1024	3072	228352	2048	1024	1024	234496	3024	6309	584227	5123	4532	591	598683
550	3	6	0	0	128	128	16	1	8192	1024	2048	145408	1024	1024	0	149504	3534	3920	372603	3900	3455	445	383957
551	8	30	5	0	0	0	0	1	0	1024	0	3072	1024	0	1024	5120	2368	0	8837	223	30	193	11428
552	12	10	0	0	128	128	16	1	8192	1024	2048	230400	1024	1024	0	234496	2509	4606	588838	3983	3539	444	599936
553	19	34	2	0	0	0	0	1	0	1024	0	0	0	0	0	1024	1897	0	1265	217	30	187	3379
554	23	98	5	0	0	0	0	1	0	1024	0	4096	0	0	0	5120	2003	0	10945	218	30	188	13166
555	27	78	0	0	128	128	16	1	8192	1024	3072	226304	2048	2048	0	232448	2981	7419	579593	4822	4337	485	594815
556	34	102	2	0	0	0	0	1	0	1024	0	1024	0	0	0	2048	1268	0	1789	476	30	446	3533
557	41	2	0	0	128	128	16	1	8192	1024	3072	224256	2048	1024	1024	230400	2779	7011	573699	4757	4257	500	588246
558	44	30	0	0	128	128	16	1	8192	1024	2048	499712	4096	4096	0	506880	2885	3674	1281584	10963	10520	443	1299106
559	51	10	3	0	0	0	0	1	0	1024	0	0	0	0	0	1024	1719	0	675	218	30	188	2612
560	56	70	0	0	128	128	16	1	8192	1024	3072	229376	1024	1024	0	234496	2771	6568	586863	4817	4359	458	601019
561	3	7	0	0	128	128	16	1	8192	1024	2048	144384	2048	2048	0	149504	3570	3292	372097	4176	3747	429	383135
562	8	31	5	0	0	0	0	1	0	1024	0	3072	0	0	0	4096	2114	0	8780	217	30	187	11111
563	12	11	0	0	128	128	16	1	8192	1024	2048	223232	2048	1024	1024	228352	2523	5532	570904	3865	3437	428	582824
564	19	35	2	0	0	0	0	1	0	1024	0	0	0	0	0	1024	1879	0	1251	217	30	187	3347
565	23	99	5	0	0	0	0	1	0	1024	0	4096	0	0	0	5120	2011	0	10956	218	30	188	13185
566	27	79	0	0	128	128	16	1	8192	1024	3072	224256	2048	2048	0	230400	3120	7487	574104	4262	3823	439	588973
567	34	103	2	0	0	0	0	1	0	1024	0	1024	0	0	0	2048	1642	0	1454	462	30	432	3558
568	41	3	0	0	128	128	16	1	8192	1024	3072	223232	2048	2048	0	229376	2750	6489	572346	4846	4416	430	586431
569	44	31	0	0	128	128	16	1	8192	1024	1024	502784	4096	4096	0	508928	2917	3119	1287512	10733	10306	427	1304281
570	51	11	3	0	0	0	0	1	0	1024	0	0	0	0	0	1024	1503	0	902	217	30	187	2622
571	56	71	0	0	128	128	16	1	8192	1024	3072	230400	2048	2048	0	236544	3013	6845	591393	4813	4290	523	606064
572	5	0	2	1	0	0	0	1	0	1024	0	0	1024	0	1024	2048	1762	0	1795	217	30	187	3774
573	8	32	5	0	0	0	0	1	0	1024	0	3072	0	0	0	4096	2157	0	8534	217	30	187	10908
574	12	12	0	0	128	128	16	1	8192	1024	2048	223232	1024	1024	0	227328	2474	4708	569737	3496	3071	425	580415
575	19	36	2	0	0	0	0	1	0	1024	0	0	0	0	0	1024	1575	0	1214	217	30	187	3006
576	23	100	5	0	0	0	0	1	0	1024	0	4096	0	0	0	5120	2064	0	10675	217	30	187	12956
577	27	80	0	0	128	128	16	1	8192	1024	4096	224256	2048	2048	0	231424	2765	8540	573774	4736	4278	458	589815
578	34	104	2	0	0	0	0	1	0	1024	0	0	1024	0	1024	2048	1576	0	1416	448	30	418	3440
579	41	4	0	0	128	128	16	1	8192	1024	3072	228352	2048	1024	1024	234496	3002	6911	583895	4484	4047	437	598292
580	45	0	1	1	0	0	0	1	0	1024	0	4096	8192	8192	0	13312	1881	0	10799	20333	20146	187	33013
581	51	12	3	0	0	0	0	1	0	1024	0	0	0	0	0	1024	1542	0	864	217	30	187	2623
582	56	72	0	0	128	128	16	1	8192	1024	3072	228352	2048	2048	0	234496	3051	6784	585720	4278	3722	556	599833
583	5	1	2	0	0	0	0	1	0	1024	0	0	1024	0	1024	2048	1831	0	1694	215	30	185	3740
584	8	33	5	0	0	0	0	1	0	1024	0	3072	0	0	0	4096	2202	0	8189	217	30	187	10608
585	12	13	0	0	128	128	16	1	8192	1024	1024	220160	2048	2048	0	224256	2477	2231	564330	3375	2970	405	572413
586	19	37	2	0	0	0	0	1	0	1024	0	0	0	0	0	1024	1129	0	1629	217	30	187	2975
587	23	101	5	0	0	0	0	1	0	1024	0	4096	0	0	0	5120	2145	0	10597	217	30	187	12959
588	27	81	0	0	128	128	16	1	8192	1024	2048	224256	2048	1024	1024	229376	3230	4837	572294	4989	4396	593	585350
589	34	105	2	0	0	0	0	1	0	1024	0	0	1024	0	1024	2048	1595	0	1385	434	30	404	3414
590	41	5	0	0	128	128	16	1	8192	1024	2048	227328	2048	2048	0	232448	3013	5089	581791	5213	4792	421	595106
591	45	1	1	0	0	0	0	1	0	1024	0	4096	8192	8192	0	13312	1902	0	10144	20990	20803	187	33036
592	51	13	3	0	0	0	0	1	0	1024	0	0	0	0	0	1024	1649	0	670	217	30	187	2536
593	56	73	0	0	128	128	16	1	8192	1024	1024	227328	2048	1024	1024	231424	2929	3140	580579	4295	3885	410	590943
594	5	2	2	0	0	0	0	1	0	1024	0	1024	0	0	0	2048	1719	0	2041	215	30	185	3975
595	8	34	5	0	0	0	0	1	0	1024	0	3072	0	0	0	4096	2155	0	8373	217	30	187	10745
596	12	14	0	0	128	128	16	1	8192	1024	2048	221184	2048	1024	1024	226304	2496	4668	566924	3422	3008	414	577510
597	19	38	2	0	0	0	0	1	0	1024	0	0	0	0	0	1024	1161	0	1484	217	30	187	2862
598	23	102	5	0	0	0	0	1	0	1024	0	4096	0	0	0	5120	2063	0	10718	217	30	187	12998
599	27	82	0	0	128	128	16	1	8192	1024	3072	225280	2048	2048	0	231424	3189	5736	578706	4091	3669	422	591722
600	34	106	2	0	0	0	0	1	0	1024	0	0	1024	0	1024	2048	1518	0	1429	438	30	408	3385
601	41	6	0	0	128	128	16	1	8192	1024	3072	225280	2048	2048	0	231424	3046	6616	577501	5141	4717	424	592304
602	45	2	1	0	0	0	0	1	0	1024	0	4096	8192	8192	0	13312	1871	0	10840	20290	20103	187	33001
603	51	14	3	0	0	0	0	1	0	1024	0	0	0	0	0	1024	1718	0	644	218	30	188	2580
604	56	74	0	0	128	128	16	1	8192	1024	2048	229376	2048	1024	1024	234496	3130	5276	585929	4907	4472	435	599242
605	5	3	2	0	0	0	0	1	0	1024	0	0	1024	1024	0	2048	1723	0	1818	216	30	186	3757
606	8	35	5	0	0	0	0	1	0	1024	0	3072	0	0	0	4096	1994	0	8736	217	30	187	10947
607	12	15	0	0	128	128	16	1	8192	1024	3072	219136	1024	1024	0	224256	2606	5792	561570	3506	3077	429	573474
608	19	39	2	0	0	0	0	1	0	1024	0	0	0	0	0	1024	1621	0	1256	217	30	187	3094
609	23	103	5	0	0	0	0	1	0	1024	0	4096	0	0	0	5120	2032	0	10682	217	30	187	12931
610	27	83	0	0	128	128	16	1	8192	1024	3072	231424	1024	1024	0	236544	3209	6892	591197	4005	3547	458	605303
611	34	107	2	0	0	0	0	1	0	1024	0	0	1024	0	1024	2048	1216	0	1719	462	30	432	3397
612	41	7	0	0	128	128	16	1	8192	1024	3072	232448	1024	1024	0	237568	2880	7016	594646	4482	4054	428	609024
613	45	3	1	0	0	0	0	1	0	1024	0	4096	8192	8192	0	13312	1826	0	11093	20052	19865	187	32971
614	51	15	3	0	0	0	0	1	0	1024	0	0	0	0	0	1024	1649	0	667	218	30	188	2534
615	56	75	0	0	128	128	16	1	8192	1024	2048	229376	2048	2048	0	234496	3064	4086	588653	5095	4537	558	600898
616	5	4	2	0	0	0	0	1	0	1024	0	0	1024	0	1024	2048	1780	0	1793	217	30	187	3790
617	8	36	5	0	0	0	0	1	0	1024	0	3072	0	0	0	4096	2190	0	8474	217	30	187	10881
618	12	16	0	0	128	128	16	1	8192	1024	2048	235520	2048	2048	0	240640	2522	3708	604135	4879	4327	552	615244
619	19	40	2	0	0	0	0	1	0	1024	0	0	0	0	0	1024	1712	0	1231	217	30	187	3160
620	23	104	5	0	0	0	0	1	0	1024	0	4096	0	0	0	5120	2048	0	10387	218	30	188	12653
621	27	84	0	0	128	128	16	1	8192	1024	2048	228352	2048	2048	0	233472	3210	4868	584460	4728	4302	426	597266
622	34	108	2	0	0	0	0	1	0	1024	0	1024	0	0	0	2048	1590	0	1490	444	30	414	3524
623	41	8	0	0	128	128	16	1	8192	1024	3072	221184	2048	2048	0	227328	2900	6837	566977	4555	4090	465	581269
624	47	0	0	0	128	128	16	1	8192	1024	1024	145408	1024	1024	0	148480	2860	2958	372191	3703	3292	411	381712
625	51	16	3	0	0	0	0	1	0	1024	0	0	0	0	0	1024	1463	0	893	217	30	187	2573
626	56	76	0	0	128	128	16	1	8192	1024	2048	235520	2048	2048	0	240640	2952	3956	604222	4096	3673	423	615226
627	5	5	2	0	0	0	0	1	0	1024	0	1024	0	0	0	2048	1812	0	1971	215	30	185	3998
628	8	37	5	0	0	0	0	1	0	1024	0	3072	0	0	0	4096	2265	0	8175	217	30	187	10657
629	12	17	0	0	128	128	16	1	8192	1024	2048	229376	1024	1024	0	233472	2729	3886	587297	4243	3816	427	598155
630	19	41	2	0	0	0	0	1	0	1024	0	0	0	0	0	1024	1647	0	1219	217	30	187	3083
631	23	105	5	0	0	0	0	1	0	1024	0	4096	0	0	0	5120	2058	0	10400	218	30	188	12676
632	27	85	0	0	128	128	16	1	8192	1024	3072	227328	2048	2048	0	233472	3056	7950	581766	4719	4299	420	597491
633	34	109	2	0	0	0	0	1	0	1024	0	1024	0	0	0	2048	1578	0	1434	430	30	400	3442
634	41	9	0	0	128	128	16	1	8192	1024	3072	225280	2048	2048	0	231424	3032	7588	576950	4518	4087	431	592088
635	47	1	0	0	128	128	16	1	8192	1024	1024	145408	1024	1024	0	148480	2903	3055	372034	3616	3220	396	381608
636	51	17	3	0	0	0	0	1	0	1024	0	0	0	0	0	1024	1430	0	859	217	30	187	2506
637	56	77	0	0	128	128	16	1	8192	1024	3072	221184	2048	2048	0	227328	3072	6011	568072	4196	3778	418	581351
638	5	6	2	0	0	0	0	1	0	1024	0	0	1024	0	1024	2048	1911	0	1681	215	30	185	3807
639	8	38	5	0	0	0	0	1	0	1024	0	3072	0	0	0	4096	1961	0	7954	219	30	189	10134
640	12	18	0	0	128	128	16	1	8192	1024	2048	230400	2048	1024	1024	235520	2831	4709	589493	4752	4309	443	601785
641	19	42	2	0	0	0	0	1	0	1024	0	0	0	0	0	1024	1141	0	1575	217	30	187	2933
642	23	106	5	0	0	0	0	1	0	1024	0	4096	0	0	0	5120	2140	0	10348	218	30	188	12706
643	27	86	0	0	128	128	16	1	8192	1024	2048	227328	1024	1024	0	231424	3248	4548	580409	4907	4470	437	593112
644	34	110	2	0	0	0	0	1	0	1024	0	0	1024	0	1024	2048	1526	0	1419	420	30	390	3365
645	41	10	0	0	128	128	16	1	8192	1024	2048	230400	2048	1024	1024	235520	2916	5385	588729	4871	4480	391	601901
646	47	2	0	0	128	128	16	1	8192	1024	1024	145408	1024	1024	0	148480	2915	2846	372152	3595	3204	391	381508
647	51	18	3	0	0	0	0	1	0	1024	0	0	0	0	0	1024	1533	0	823	217	30	187	2573
648	56	78	0	0	128	128	16	1	8192	1024	1024	230400	1024	1024	0	233472	2830	2196	589383	4328	3775	553	598737
649	5	7	2	0	0	0	0	1	0	1024	0	0	1024	0	1024	2048	1870	0	1709	215	30	185	3794
650	8	39	5	0	0	0	0	1	0	1024	0	3072	0	0	0	4096	2228	0	8174	217	30	187	10619
651	12	19	0	0	128	128	16	1	8192	1024	2048	230400	2048	2048	0	235520	2741	5128	590261	4086	3658	428	602216
652	19	43	2	0	0	0	0	1	0	1024	0	0	0	0	0	1024	1172	0	1455	217	30	187	2844
653	23	107	5	0	0	0	0	1	0	1024	0	4096	0	0	0	5120	2106	0	10377	217	30	187	12700
654	27	87	0	0	128	128	16	1	8192	1024	2048	228352	1024	1024	0	232448	3017	4931	582765	4549	4089	460	595262
655	34	111	2	0	0	0	0	1	0	1024	0	1024	0	0	0	2048	1728	0	1550	434	30	404	3712
656	41	11	0	0	128	128	16	1	8192	1024	3072	224256	2048	2048	0	230400	2835	5859	575631	4921	4507	414	589246
657	47	3	0	1	128	128	16	1	8192	1024	1024	145408	2048	2048	0	149504	2876	2762	372993	3852	3449	403	382483
658	51	19	3	0	0	0	0	1	0	1024	0	0	0	0	0	1024	1758	0	663	218	30	188	2639
659	56	79	0	0	128	128	16	1	8192	1024	3072	223232	2048	2048	0	229376	2990	7450	572482	4764	4231	533	587686
660	5	8	2	0	0	0	0	1	0	1024	0	0	1024	1024	0	2048	1821	0	1788	217	30	187	3826
661	8	40	5	0	0	0	0	1	0	1024	0	3072	0	0	0	4096	2236	0	8198	217	30	187	10651
662	12	20	0	0	128	128	16	1	8192	1024	2048	229376	2048	1024	1024	234496	2687	5240	586007	4223	3749	474	598157
663	19	44	2	0	0	0	0	1	0	1024	0	0	0	0	0	1024	1843	0	1225	217	30	187	3285
664	23	108	5	0	0	0	0	1	0	1024	0	4096	0	0	0	5120	2209	0	10101	217	30	187	12527
665	27	88	0	0	128	128	16	1	8192	1024	3072	228352	2048	2048	0	234496	3002	5568	584950	4699	4270	429	598219
666	34	112	2	0	0	0	0	1	0	1024	0	0	1024	1024	0	2048	1188	0	1700	448	30	418	3336
667	41	12	0	0	128	128	16	1	8192	1024	3072	226304	2048	2048	0	232448	3062	7269	579684	4237	3797	440	594252
668	47	4	0	0	128	128	16	1	8192	1024	1024	145408	1024	1024	0	148480	2864	2626	371891	3717	3301	416	381098
669	51	20	3	0	0	0	0	1	0	1024	0	0	0	0	0	1024	1362	0	821	217	30	187	2400
670	56	80	0	0	128	128	16	1	8192	1024	2048	228352	1024	1024	0	232448	3116	4074	583758	4255	3831	424	595203
671	5	9	2	0	0	0	0	1	0	1024	0	1024	0	0	0	2048	1743	0	2110	215	30	185	4068
672	8	41	5	0	0	0	0	1	0	1024	0	3072	0	0	0	4096	2132	0	8405	219	30	189	10756
673	12	21	0	0	128	128	16	1	8192	1024	2048	237568	2048	2048	0	242688	2479	5593	607760	4305	3862	443	620137
674	19	45	2	0	0	0	0	1	0	1024	0	0	0	0	0	1024	1929	0	1234	217	30	187	3380
675	23	109	5	0	0	0	0	1	0	1024	0	4096	0	0	0	5120	2036	0	10252	218	30	188	12506
676	27	89	0	0	128	128	16	1	8192	1024	2048	224256	2048	2048	0	229376	2963	4890	574188	4217	3767	450	586258
677	34	113	2	0	0	0	0	1	0	1024	0	1024	0	0	0	2048	1250	0	1716	466	30	436	3432
678	41	13	0	0	128	128	16	1	8192	1024	2048	234496	2048	1024	1024	239616	2920	4217	600041	4560	3983	577	611738
679	47	5	0	0	128	128	16	1	8192	1024	1024	145408	1024	1024	0	148480	2826	2768	371547	3970	3536	434	381111
680	51	21	3	0	0	0	0	1	0	1024	0	0	0	0	0	1024	1720	0	661	218	30	188	2599
681	56	81	0	0	128	128	16	1	8192	1024	3072	219136	2048	2048	0	225280	2945	6048	562636	4409	3880	529	576038
682	5	10	2	0	0	0	0	1	0	1024	0	1024	0	0	0	2048	1826	0	2044	215	30	185	4085
683	8	42	5	0	0	0	0	1	0	1024	0	3072	0	0	0	4096	2162	0	8214	217	30	187	10593
684	12	22	0	0	128	128	16	1	8192	1024	3072	232448	2048	2048	0	238592	2513	6644	596835	4926	4489	437	610918
685	19	46	2	0	0	0	0	1	0	1024	0	0	0	0	0	1024	1517	0	1213	217	30	187	2947
686	23	110	5	0	0	0	0	1	0	1024	0	4096	0	0	0	5120	2060	0	10243	218	30	188	12521
687	27	90	0	0	128	128	16	1	8192	1024	3072	226304	2048	2048	0	232448	2966	5789	581084	4989	4541	448	594828
688	34	114	2	0	0	0	0	1	0	1024	0	0	1024	0	1024	2048	1198	0	1664	450	30	420	3312
689	41	14	0	0	128	128	16	1	8192	1024	2048	228352	2048	1024	1024	233472	2855	5325	583962	4488	4062	426	596630
690	47	6	0	0	128	128	16	1	8192	1024	1024	145408	2048	1024	1024	149504	2870	2728	372731	3597	3177	420	381926
691	51	22	3	0	0	0	0	1	0	1024	0	0	0	0	0	1024	1297	0	865	217	30	187	2379
692	56	82	0	0	128	128	16	1	8192	1024	3072	233472	1024	1024	0	238592	3085	6646	597174	4856	4435	421	611761
693	5	11	2	0	0	0	0	1	0	1024	0	0	1024	0	1024	2048	1873	0	1701	215	30	185	3789
694	8	43	5	0	0	0	0	1	0	1024	0	3072	0	0	0	4096	1970	0	7948	217	30	187	10135
695	12	23	0	0	128	128	16	1	8192	1024	2048	224256	2048	1024	1024	229376	2517	5134	572998	3947	3491	456	584596
696	19	47	2	0	0	0	0	1	0	1024	0	0	0	0	0	1024	1536	0	1180	217	30	187	2933
697	23	111	5	0	0	0	0	1	0	1024	0	4096	0	0	0	5120	2076	0	10473	217	30	187	12766
698	27	91	0	0	128	128	16	1	8192	1024	4096	219136	2048	1024	1024	226304	3007	8174	561096	4253	3842	411	576530
699	34	115	2	0	0	0	0	1	0	1024	0	0	1024	0	1024	2048	1550	0	1406	439	30	409	3395
700	41	15	0	0	128	128	16	1	8192	1024	2048	224256	2048	2048	0	229376	2944	4269	574175	5124	4646	478	586512
701	47	7	0	0	128	128	16	1	8192	1024	1024	145408	1024	1024	0	148480	2918	2963	371569	3648	3240	408	381098
702	51	23	3	0	0	0	0	1	0	1024	0	0	0	0	0	1024	1671	0	766	217	30	187	2654
703	56	83	0	0	128	128	16	1	8192	1024	2048	224256	2048	2048	0	229376	2968	5266	573002	4914	4410	504	586150
704	5	12	2	0	0	0	0	1	0	1024	0	1024	0	0	0	2048	1664	0	2049	216	30	186	3929
705	8	44	5	0	0	0	0	1	0	1024	0	4096	0	0	0	5120	2090	0	9424	217	30	187	11731
706	12	24	0	0	128	128	16	1	8192	1024	2048	241664	2048	2048	0	246784	2529	4679	619642	5189	4741	448	632039
707	19	48	2	0	0	0	0	1	0	1024	0	0	0	0	0	1024	1248	0	1519	217	30	187	2984
708	23	112	5	0	0	0	0	1	0	1024	0	4096	0	0	0	5120	2134	0	10703	217	30	187	13054
709	27	92	0	0	128	128	16	1	8192	1024	4096	222208	2048	1024	1024	229376	2996	10229	567606	4409	3955	454	585240
710	34	116	2	0	0	0	0	1	0	1024	0	1024	0	0	0	2048	1727	0	1515	476	30	446	3718
711	41	16	0	0	128	128	16	1	8192	1024	3072	232448	2048	1024	1024	238592	2743	6524	594851	5111	4649	462	609229
712	46	0	0	0	128	128	16	1	8192	1024	1024	145408	1024	1024	0	148480	2557	2550	371598	3641	3198	443	380346
713	51	24	3	0	0	0	0	1	0	1024	0	0	0	0	0	1024	1385	0	916	217	30	187	2518
714	56	84	0	0	128	128	16	1	8192	1024	3072	233472	1024	1024	0	238592	2965	7469	596707	4385	3910	475	611526
715	5	13	2	0	0	0	0	1	0	1024	0	1024	0	0	0	2048	2136	0	1570	218	31	187	3924
716	8	45	5	0	0	0	0	1	0	1024	0	4096	0	0	0	5120	2165	0	9433	217	30	187	11815
717	12	25	0	0	128	128	16	1	8192	1024	3072	234496	2048	1024	1024	240640	2450	5998	601751	4259	3794	465	614458
718	19	49	2	0	0	0	0	1	0	1024	0	0	0	0	0	1024	1689	0	1286	217	30	187	3192
719	23	113	5	0	0	0	0	1	0	1024	0	4096	0	0	0	5120	2071	0	10763	218	30	188	13052
720	27	93	0	0	128	128	16	1	8192	1024	4096	226304	2048	1024	1024	233472	3037	8832	579757	4576	4060	516	596202
721	34	117	2	0	0	0	0	1	0	1024	0	1024	0	0	0	2048	1218	0	1743	464	30	434	3425
722	41	17	0	0	128	128	16	1	8192	1024	3072	229376	2048	1024	1024	235520	2860	6897	586988	4777	4156	621	601522
723	46	1	0	0	128	128	16	1	8192	1024	1024	144384	1024	1024	0	147456	2533	2498	370355	3622	3195	427	379008
724	51	25	3	0	0	0	0	1	0	1024	0	0	0	0	0	1024	1794	0	943	218	30	188	2955
725	56	85	0	0	128	128	16	1	8192	1024	4096	232448	2048	1024	1024	239616	3203	8227	596313	4288	3779	509	612031
726	5	14	2	0	0	0	0	1	0	1024	0	1024	0	0	0	2048	1717	0	2200	218	30	188	4135
727	8	46	5	0	0	0	0	1	0	1024	0	3072	0	0	0	4096	2198	0	8871	217	30	187	11286
728	12	26	0	0	128	128	16	1	8192	1024	3072	230400	2048	2048	0	236544	2691	5978	591723	5334	4910	424	605726
729	19	50	2	0	0	0	0	1	0	1024	0	1024	0	0	0	2048	1726	0	1504	219	32	187	3449
730	23	114	5	0	0	0	0	1	0	1024	0	4096	0	0	0	5120	1972	0	10845	218	30	188	13035
731	27	94	0	0	128	128	16	1	8192	1024	4096	226304	2048	2048	0	233472	3049	8651	580289	4467	4008	459	596456
732	34	118	2	0	0	0	0	1	0	1024	0	1024	0	0	0	2048	1169	0	1717	449	30	419	3335
733	41	18	0	0	128	128	16	1	8192	1024	4096	226304	2048	2048	0	233472	2924	8222	581749	4475	3924	551	597370
734	46	2	0	0	128	128	16	1	8192	1024	1024	145408	1024	1024	0	148480	2521	2126	372878	3577	3164	413	381102
735	51	26	3	0	0	0	0	1	0	1024	0	0	0	0	0	1024	1750	0	678	218	30	188	2646
736	56	86	0	0	128	128	16	1	8192	1024	3072	231424	1024	1024	0	236544	3027	7401	591096	4693	4208	485	606217
737	5	15	2	0	0	0	0	1	0	1024	0	1024	0	0	0	2048	1782	0	2081	216	30	186	4079
738	8	47	5	0	0	0	0	1	0	1024	0	3072	0	0	0	4096	2226	0	8391	217	30	187	10834
739	12	27	0	0	128	128	16	1	8192	1024	2048	235520	2048	2048	0	240640	2501	5675	602688	4259	3838	421	615123
740	19	51	2	0	0	0	0	1	0	1024	0	0	0	0	0	1024	1622	0	1230	217	30	187	3069
741	23	115	5	0	0	0	0	1	0	1024	0	4096	0	0	0	5120	2083	0	10762	217	30	187	13062
742	27	95	0	0	128	128	16	1	8192	1024	3072	233472	1024	1024	0	238592	3062	6595	596750	4740	4239	501	611147
743	34	119	2	0	0	0	0	1	0	1024	0	1024	0	0	0	2048	1563	0	1440	439	30	409	3442
744	41	19	0	0	128	128	16	1	8192	1024	2048	225280	2048	2048	0	230400	2749	5118	576783	4727	4226	501	589377
745	46	3	0	0	128	128	16	1	8192	1024	1024	145408	2048	1024	1024	149504	2550	2938	372963	3500	3092	408	381951
746	51	27	3	0	0	0	0	1	0	1024	0	0	0	0	0	1024	1434	0	899	217	30	187	2550
747	56	87	0	0	128	128	16	1	8192	1024	3072	231424	2048	2048	0	237568	3038	5598	594774	4849	4424	425	608259
748	5	16	2	0	0	0	0	1	0	1024	0	1024	0	0	0	2048	1686	0	2190	216	30	186	4092
749	8	48	5	0	0	0	0	1	0	1024	0	3072	0	0	0	4096	2131	0	8492	217	30	187	10840
750	12	28	0	0	128	128	16	1	8192	1024	3072	235520	2048	2048	0	241664	2614	6706	604208	4514	4077	437	618042
751	19	52	2	0	0	0	0	1	0	1024	0	0	0	0	0	1024	1679	0	1253	217	30	187	3149
752	23	116	5	0	0	0	0	1	0	1024	0	4096	0	0	0	5120	2023	0	10628	218	30	188	12869
753	27	96	0	0	128	128	16	1	8192	1024	4096	218112	2048	2048	0	225280	3026	8104	560864	4427	3890	537	576421
754	34	120	2	0	0	0	0	1	0	1024	0	1024	0	0	0	2048	1706	0	1480	453	30	423	3639
755	41	20	0	0	128	128	16	1	8192	1024	3072	222208	2048	2048	0	228352	2915	7988	568271	4972	4489	483	584146
756	46	4	0	0	128	128	16	1	8192	1024	1024	144384	2048	2048	0	148480	2520	2682	370925	3546	3128	418	379673
757	51	28	3	0	0	0	0	1	0	1024	0	0	0	0	0	1024	1426	0	891	217	30	187	2534
758	56	88	0	0	128	128	16	1	8192	1024	2048	234496	1024	1024	0	238592	3063	5471	598240	4391	3860	531	611165
759	5	17	2	0	0	0	0	1	0	1024	0	1024	0	0	0	2048	1669	0	2008	217	30	187	3894
760	8	49	5	0	0	0	0	1	0	1024	0	3072	0	0	0	4096	2193	0	8595	217	30	187	11005
761	12	29	0	0	128	128	16	1	8192	1024	2048	237568	2048	2048	0	242688	2583	5572	607784	4571	4085	486	620510
762	19	53	2	0	0	0	0	1	0	1024	0	0	0	0	0	1024	1261	0	1779	217	30	187	3257
763	23	117	5	0	0	0	0	1	0	1024	0	4096	0	0	0	5120	2192	0	10519	218	30	188	12929
764	27	97	0	0	128	128	16	1	8192	1024	3072	233472	1024	1024	0	238592	2988	5602	597544	4204	3758	446	610338
765	34	121	2	0	0	0	0	1	0	1024	0	1024	0	0	0	2048	1677	0	1517	464	30	434	3658
766	41	21	0	0	128	128	16	1	8192	1024	4096	229376	2048	1024	1024	236544	2896	8187	587994	4572	4113	459	603649
767	46	5	0	0	128	128	16	1	8192	1024	1024	145408	2048	1024	1024	149504	2566	2672	372899	3623	3191	432	381760
768	51	29	3	0	0	0	0	1	0	1024	0	0	0	0	0	1024	1924	0	692	218	30	188	2834
769	56	89	0	0	128	128	16	1	8192	1024	3072	233472	2048	2048	0	239616	3060	6189	598746	4909	4459	450	612904
770	5	18	2	0	0	0	0	1	0	1024	0	1024	0	0	0	2048	1735	0	1964	216	30	186	3915
771	8	50	5	0	0	0	0	1	0	1024	0	3072	0	0	0	4096	2064	0	8665	217	30	187	10946
772	12	30	0	0	128	128	16	1	8192	1024	2048	231424	2048	2048	0	236544	2553	5534	592402	4680	4221	459	605169
773	19	54	2	0	0	0	0	1	0	1024	0	0	0	0	0	1024	1291	0	1489	217	30	187	2997
774	23	118	5	0	0	0	0	1	0	1024	0	4096	0	0	0	5120	2198	0	10445	218	30	188	12861
775	27	98	0	0	128	128	16	1	8192	1024	3072	224256	2048	1024	1024	230400	2935	5842	574320	4631	4056	575	587728
776	34	122	2	0	0	0	0	1	0	1024	0	1024	0	0	0	2048	1777	0	1502	482	30	452	3761
777	41	22	0	0	128	128	16	1	8192	1024	3072	229376	2048	2048	0	235520	2847	7302	587004	4399	3936	463	601552
778	46	6	0	0	128	128	16	1	8192	1024	1024	145408	1024	1024	0	148480	2515	2637	371698	3591	3141	450	380441
779	51	30	3	0	0	0	0	1	0	1024	0	0	0	0	0	1024	1756	0	686	218	30	188	2660
780	56	90	0	0	128	128	16	1	8192	1024	3072	233472	2048	2048	0	239616	2887	6976	598383	4392	3930	462	612638
781	5	19	2	0	0	0	0	1	0	1024	0	1024	0	0	0	2048	1707	0	1956	217	30	187	3880
782	8	51	5	0	0	0	0	1	0	1024	0	3072	0	0	0	4096	2217	0	8457	217	30	187	10891
783	12	31	0	0	128	128	16	1	8192	1024	2048	229376	3072	2048	1024	235520	2543	4116	588999	5763	5304	459	601421
784	19	55	2	0	0	0	0	1	0	1024	0	0	0	0	0	1024	1224	0	1710	217	30	187	3151
785	23	119	5	0	0	0	0	1	0	1024	0	4096	0	0	0	5120	2028	0	10640	218	30	188	12886
786	27	99	0	0	128	128	16	1	8192	1024	4096	230400	2048	2048	0	237568	2970	8713	591768	4171	3734	437	607622
787	34	123	2	0	0	0	0	1	0	1024	0	0	1024	1024	0	2048	1242	0	1704	469	30	439	3415
788	41	23	0	0	128	128	16	1	8192	1024	3072	235520	2048	1024	1024	241664	2792	7285	601925	5394	4941	453	617396
789	46	7	0	0	128	128	16	1	8192	1024	1024	144384	2048	2048	0	148480	2512	2580	370969	3529	3095	434	379590
790	51	31	3	0	0	0	0	1	0	1024	0	0	0	0	0	1024	1818	0	685	218	30	188	2721
791	56	91	0	0	128	128	16	1	8192	1024	3072	232448	2048	2048	0	238592	2953	7623	594749	4454	3989	465	609779
792	5	20	2	0	0	0	0	1	0	1024	0	1024	0	0	0	2048	1763	0	1876	217	30	187	3856
793	8	52	5	0	0	0	0	1	0	1024	0	3072	0	0	0	4096	2129	0	8156	217	30	187	10502
794	12	32	0	0	128	128	16	1	8192	1024	3072	232448	1024	1024	0	237568	2536	6173	594232	4539	4111	428	607480
795	19	56	2	0	0	0	0	1	0	1024	0	0	0	0	0	1024	1185	0	1686	217	30	187	3088
796	23	120	5	0	0	0	0	1	0	1024	0	4096	0	0	0	5120	2071	0	10380	218	30	188	12669
797	27	100	0	0	128	128	16	1	8192	1024	3072	229376	2048	2048	0	235520	2847	7907	584988	4493	4055	438	600235
798	34	124	2	0	0	0	0	1	0	1024	0	1024	0	0	0	2048	1616	0	1434	456	32	424	3506
799	41	24	0	0	128	128	16	1	8192	1024	3072	230400	2048	2048	0	236544	2779	6386	590720	4466	4031	435	604351
800	46	8	0	0	128	128	16	1	8192	1024	1024	145408	1024	1024	0	148480	2544	2422	371609	3480	3058	422	380055
801	53	0	5	1	0	0	0	1	0	1024	0	4096	0	0	0	5120	2132	0	10804	217	30	187	13153
802	56	92	0	0	128	128	16	1	8192	1024	3072	229376	2048	1024	1024	235520	2893	6902	586647	4751	4316	435	601193
803	5	21	2	0	0	0	0	1	0	1024	0	1024	0	0	0	2048	1859	0	1966	215	30	185	4040
804	8	53	5	0	0	0	0	1	0	1024	0	3072	0	0	0	4096	2177	0	8131	217	30	187	10525
805	12	33	0	0	128	128	16	1	8192	1024	2048	229376	2048	2048	0	234496	2657	3769	588476	4656	4239	417	599558
806	19	57	2	0	0	0	0	1	0	1024	0	0	0	0	0	1024	1659	0	1182	217	30	187	3058
807	23	121	5	0	0	0	0	1	0	1024	0	4096	0	0	0	5120	2038	0	10324	218	30	188	12580
808	27	101	0	0	128	128	16	1	8192	1024	2048	230400	2048	1024	1024	235520	3156	4007	589094	4792	4359	433	601049
809	34	125	2	0	0	0	0	1	0	1024	0	0	1024	0	1024	2048	1575	0	1402	442	30	412	3419
810	41	25	0	0	128	128	16	1	8192	1024	2048	219136	2048	1024	1024	224256	3022	4058	560111	5148	4680	468	572339
811	46	9	0	0	128	128	16	1	8192	1024	1024	144384	2048	1024	1024	148480	2621	2034	371349	3463	3051	412	379467
812	53	1	5	0	0	0	0	1	0	1024	0	4096	0	0	0	5120	2132	0	10802	218	30	188	13152
813	56	93	0	0	128	128	16	1	8192	1024	1024	227328	2048	2048	0	231424	2903	2394	582067	4132	3717	415	591496
814	5	22	2	0	0	0	0	1	0	1024	0	1024	0	0	0	2048	1737	0	2133	215	30	185	4085
815	8	54	5	0	0	0	0	1	0	1024	0	3072	0	0	0	4096	2068	0	8015	217	30	187	10300
816	12	34	0	0	128	128	16	1	8192	1024	2048	237568	2048	2048	0	242688	2675	4663	609586	4687	4264	423	621611
817	19	58	2	0	0	0	0	1	0	1024	0	0	0	0	0	1024	1183	0	1445	217	30	187	2845
818	23	122	5	0	0	0	0	1	0	1024	0	4096	0	0	0	5120	2070	0	10350	217	30	187	12637
819	27	102	0	0	128	128	16	1	8192	1024	3072	226304	2048	2048	0	232448	3123	7976	578070	4953	4507	446	594122
820	34	126	2	0	0	0	0	1	0	1024	0	1024	0	0	0	2048	1644	0	1450	453	31	422	3547
821	41	26	0	0	128	128	16	1	8192	1024	2048	229376	2048	1024	1024	234496	3015	5584	585270	4968	4534	434	598837
822	46	10	0	0	128	128	16	1	8192	1024	1024	144384	1024	1024	0	147456	2592	2293	370365	3753	3330	423	379003
823	53	2	5	0	0	0	0	1	0	1024	0	4096	0	0	0	5120	2132	0	10818	218	30	188	13168
824	56	94	0	0	128	128	16	1	8192	1024	2048	231424	1024	1024	0	235520	2825	3862	592963	4191	3768	423	603841
825	5	23	2	0	0	0	0	1	0	1024	0	1024	0	0	0	2048	1712	0	2161	210	30	180	4083
826	8	55	5	0	0	0	0	1	0	1024	0	3072	0	0	0	4096	2132	0	8356	217	30	187	10705
827	12	35	0	0	128	128	16	1	8192	1024	2048	233472	2048	2048	0	238592	2474	5531	597391	4356	3910	446	609752
828	19	59	2	0	0	0	0	1	0	1024	0	0	0	0	0	1024	1227	0	1453	217	30	187	2897
829	23	123	5	0	0	0	0	1	0	1024	0	4096	0	0	0	5120	2028	0	10422	217	30	187	12667
830	27	103	0	0	128	128	16	1	8192	1024	4096	227328	2048	2048	0	234496	3150	8684	583584	4932	4481	451	600350
831	34	127	2	0	0	0	0	1	0	1024	0	1024	0	0	0	2048	1710	0	1528	468	30	438	3706
832	41	27	0	0	128	128	16	1	8192	1024	3072	226304	2048	2048	0	232448	2798	6181	580236	5786	5153	633	595001
833	46	11	0	0	128	128	16	1	8192	1024	1024	144384	2048	2048	0	148480	2534	2638	370884	3522	3086	436	379578
834	53	3	5	0	0	0	0	1	0	1024	0	4096	0	0	0	5120	2121	0	10794	218	30	188	13133
835	56	95	0	0	128	128	16	1	8192	1024	3072	231424	2048	2048	0	237568	3084	7334	593269	5120	4668	452	608807
836	5	24	2	0	0	0	0	1	0	1024	0	1024	0	0	0	2048	1726	0	1884	217	30	187	3827
837	8	56	5	0	0	0	0	1	0	1024	0	3072	0	0	0	4096	2172	0	8824	217	30	187	11213
838	12	36	0	0	128	128	16	1	8192	1024	3072	234496	1024	1024	0	239616	2551	5940	600695	4338	3888	450	613524
839	19	60	2	0	0	0	0	1	0	1024	0	0	0	0	0	1024	1645	0	1239	217	30	187	3101
840	23	124	5	0	0	0	0	1	0	1024	0	4096	0	0	0	5120	2067	0	9791	217	30	187	12075
841	27	104	0	0	128	128	16	1	8192	1024	3072	223232	2048	1024	1024	229376	3142	7541	570996	4197	3649	548	585876
842	37	0	3	0	0	0	0	1	0	1024	0	0	0	0	0	1024	1759	0	1480	219	30	189	3458
843	41	28	0	0	128	128	16	1	8192	1024	3072	224256	2048	2048	0	230400	2986	6690	575164	5686	5134	552	590526
844	46	12	0	0	128	128	16	1	8192	1024	1024	145408	1024	1024	0	148480	2520	2700	372777	3525	3107	418	381522
845	53	4	5	0	0	0	0	1	0	1024	0	4096	0	0	0	5120	2076	0	10999	217	30	187	13292
846	56	96	0	0	128	128	16	1	8192	1024	3072	216064	2048	2048	0	222208	2829	7082	553713	4345	3925	420	567969
847	5	25	2	0	0	0	0	1	0	1024	0	0	1024	1024	0	2048	1784	0	1803	217	30	187	3804
848	8	57	5	0	0	0	0	1	0	1024	0	3072	0	0	0	4096	2225	0	8393	217	30	187	10835
849	12	37	0	0	128	128	16	1	8192	1024	2048	235520	1024	1024	0	239616	2476	4433	602362	4265	3852	413	613536
850	19	61	2	0	0	0	0	1	0	1024	0	0	0	0	0	1024	1662	0	1215	217	30	187	3094
851	23	125	5	0	0	0	0	1	0	1024	0	4096	0	0	0	5120	2016	0	9802	218	30	188	12036
852	27	105	0	0	128	128	16	1	8192	1024	2048	227328	1024	1024	0	231424	3146	5307	580497	4159	3730	429	593109
853	37	1	3	0	0	0	0	1	0	1024	0	0	0	0	0	1024	1971	0	1343	219	33	186	3533
854	41	29	0	0	128	128	16	1	8192	1024	3072	228352	2048	2048	0	234496	2967	7119	585038	4529	4122	407	599653
855	46	13	0	0	128	128	16	1	8192	1024	1024	145408	1024	1024	0	148480	2560	2536	371923	3457	3056	401	380476
856	53	5	5	0	0	0	0	1	0	1024	0	4096	0	0	0	5120	2177	0	10906	217	30	187	13300
857	56	97	0	0	128	128	16	1	8192	1024	4096	227328	2048	2048	0	234496	2851	8612	584340	3973	3557	416	599776
858	5	26	2	0	0	0	0	1	0	1024	0	0	1024	0	1024	2048	1869	0	1723	216	30	186	3808
859	8	58	5	0	0	0	0	1	0	1024	0	3072	0	0	0	4096	2247	0	8179	217	30	187	10643
860	12	38	0	0	128	128	16	1	8192	1024	2048	229376	2048	2048	0	234496	2618	4281	588679	4295	3884	411	599873
861	19	62	2	0	0	0	0	1	0	1024	0	0	0	0	0	1024	1971	0	1201	217	30	187	3389
862	23	126	5	0	0	0	0	1	0	1024	0	4096	0	0	0	5120	2101	0	10068	215	30	185	12384
863	27	106	0	0	128	128	16	1	8192	1024	1024	228352	2048	2048	0	232448	3182	2848	583066	4791	4382	409	593887
864	37	2	3	0	0	0	0	1	0	1024	0	0	0	0	0	1024	1776	0	1432	223	31	192	3431
865	41	30	0	0	128	128	16	1	8192	1024	2048	236544	1024	1024	0	240640	2880	4437	605399	4512	4112	400	617228
866	46	14	0	0	128	128	16	1	8192	1024	1024	145408	1024	1024	0	148480	2561	2829	371583	3442	3045	397	380415
867	53	6	5	0	0	0	0	1	0	1024	0	4096	0	0	0	5120	2136	0	10958	218	30	188	13312
868	56	98	0	0	128	128	16	1	8192	1024	3072	223232	1024	1024	0	228352	2949	7552	570674	3568	3168	400	584743
869	5	27	2	0	0	0	0	1	0	1024	0	1024	0	0	0	2048	1808	0	1850	215	30	185	3873
870	8	59	5	0	0	0	0	1	0	1024	0	3072	0	0	0	4096	2214	0	8613	217	30	187	11044
871	12	39	0	0	128	128	16	1	8192	1024	3072	233472	2048	2048	0	239616	2661	6405	599131	4987	4400	587	613184
872	19	63	2	0	0	0	0	1	0	1024	0	0	0	0	0	1024	1734	0	1222	217	30	187	3173
873	23	127	5	0	0	0	0	1	0	1024	0	4096	0	0	0	5120	2092	0	9809	218	30	188	12119
874	27	107	0	0	128	128	16	1	8192	1024	4096	228352	2048	1024	1024	235520	2966	9717	584115	4393	3960	433	601191
875	37	3	3	0	0	0	0	1	0	1024	0	0	0	0	0	1024	1857	0	1354	228	37	191	3439
876	41	31	0	0	128	128	16	1	8192	1024	3072	222208	2048	2048	0	228352	2806	7134	569381	5626	5157	469	584947
877	46	15	0	0	128	128	16	1	8192	1024	1024	145408	1024	1024	0	148480	2553	2696	371720	3470	3061	409	380439
878	53	7	5	0	0	0	0	1	0	1024	0	4096	0	0	0	5120	2196	0	10876	219	30	189	13291
879	56	99	0	0	128	128	16	1	8192	1024	3072	223232	2048	1024	1024	229376	2895	7449	571365	3890	3475	415	585599
880	5	28	2	0	0	0	0	1	0	1024	0	1024	0	0	0	2048	1785	0	1900	218	31	187	3903
881	8	60	5	0	0	0	0	1	0	1024	0	3072	0	0	0	4096	2198	0	8524	217	30	187	10939
882	12	40	0	0	128	128	16	1	8192	1024	2048	232448	2048	2048	0	237568	2452	5456	594010	4539	4113	426	606457
883	19	64	2	0	0	0	0	1	0	1024	0	0	0	0	0	1024	1233	0	1465	217	30	187	2915
884	24	0	0	1	128	128	16	1	8192	1024	1024	144384	5120	4096	1024	151552	2753	2602	370137	11068	10644	424	386560
885	27	108	0	0	128	128	16	1	8192	1024	3072	223232	2048	2048	0	229376	2934	5542	572193	5010	4437	573	585679
886	37	4	3	0	0	0	0	1	0	1024	0	0	0	0	0	1024	1749	0	1477	229	30	199	3455
887	41	32	0	0	128	128	16	1	8192	1024	3072	230400	1024	1024	0	235520	2852	5856	590005	4615	4054	561	603328
888	46	16	0	0	128	128	16	1	8192	1024	1024	145408	1024	1024	0	148480	2582	2896	371872	3540	3115	425	380890
889	53	8	5	0	0	0	0	1	0	1024	0	4096	0	0	0	5120	2088	0	10564	217	30	187	12869
890	56	100	0	0	128	128	16	1	8192	1024	1024	225280	1024	1024	0	228352	2910	2901	574624	3878	3454	424	584313
891	5	29	2	0	0	0	0	1	0	1024	0	1024	0	0	0	2048	1745	0	1909	217	30	187	3871
892	8	61	5	0	0	0	0	1	0	1024	0	3072	0	0	0	4096	2122	0	8801	217	30	187	11140
893	12	41	0	0	128	128	16	1	8192	1024	2048	239616	2048	1024	1024	244736	2496	5784	612224	4240	3782	458	624744
894	19	65	2	0	0	0	0	1	0	1024	0	0	0	0	0	1024	1908	0	1240	217	30	187	3365
895	24	1	0	0	128	128	16	1	8192	1024	1024	144384	4096	4096	0	150528	2668	2536	369162	11192	10751	441	385558
896	27	109	0	0	128	128	16	1	8192	1024	4096	228352	1024	1024	0	234496	2941	9592	583555	4382	3839	543	600470
897	37	5	3	0	0	0	0	1	0	1024	0	0	0	0	0	1024	1749	0	1473	228	30	198	3450
898	41	33	0	0	128	128	16	1	8192	1024	3072	231424	2048	1024	1024	237568	2997	6895	592133	4407	3957	450	606432
899	46	17	0	0	128	128	16	1	8192	1024	1024	144384	2048	1024	1024	148480	2522	2512	370639	3547	3106	441	379220
900	53	9	5	0	0	0	0	1	0	1024	0	4096	0	0	0	5120	2189	0	10426	217	30	187	12832
901	56	101	0	0	128	128	16	1	8192	1024	1024	220160	1024	1024	0	223232	2854	2691	562387	4009	3566	443	571941
902	5	30	2	0	0	0	0	1	0	1024	0	1024	0	0	0	2048	1784	0	1830	218	31	187	3832
903	8	62	5	0	0	0	0	1	0	1024	0	3072	0	0	0	4096	2144	0	8421	218	30	188	10783
904	12	42	0	0	128	128	16	1	8192	1024	2048	232448	2048	1024	1024	237568	2396	4000	595812	4172	3581	591	606380
905	19	66	2	0	0	0	0	1	0	1024	0	0	0	0	0	1024	1733	0	1211	217	30	187	3161
906	24	2	0	0	128	128	16	1	8192	1024	1024	143360	5120	4096	1024	150528	2745	2577	367724	10919	10494	425	383965
907	27	110	0	0	128	128	16	1	8192	1024	3072	228352	2048	2048	0	234496	2910	6931	585110	4410	3968	442	599361
908	37	6	3	0	0	0	0	1	0	1024	0	0	0	0	0	1024	1772	0	1450	215	30	185	3437
909	41	34	0	0	128	128	16	1	8192	1024	3072	226304	2048	1024	1024	232448	2963	6806	579498	4389	3946	443	593656
910	46	18	0	0	128	128	16	1	8192	1024	1024	144384	1024	1024	0	147456	2513	2146	370895	3508	3082	426	379062
911	53	10	5	0	0	0	0	1	0	1024	0	4096	0	0	0	5120	2137	0	10513	217	30	187	12867
912	56	102	0	0	128	128	16	1	8192	1024	1024	221184	2048	2048	0	225280	2843	2268	567198	3867	3440	427	576176
913	5	31	2	0	0	0	0	1	0	1024	0	0	1024	0	1024	2048	1851	0	1782	217	31	186	3850
914	8	63	5	0	0	0	0	1	0	1024	0	3072	0	0	0	4096	2200	0	8237	217	30	187	10654
915	12	43	0	0	128	128	16	1	8192	1024	2048	235520	2048	2048	0	240640	2481	4958	602519	4754	4311	443	614712
916	19	67	2	0	0	0	0	1	0	1024	0	0	0	0	0	1024	1517	0	1187	217	30	187	2921
917	24	3	0	0	128	128	16	1	8192	1024	1024	144384	4096	4096	0	150528	2784	2224	369599	10816	10401	415	385423
918	27	111	0	0	128	128	16	1	8192	1024	4096	231424	2048	1024	1024	238592	2933	9908	591217	4089	3533	556	608147
919	37	7	3	0	0	0	0	1	0	1024	0	0	0	0	0	1024	1767	0	1450	227	39	188	3444
920	41	35	0	0	128	128	16	1	8192	1024	3072	228352	2048	2048	0	234496	2874	6840	584363	5105	4601	504	599182
921	46	19	0	0	128	128	16	1	8192	1024	1024	145408	1024	1024	0	148480	2560	2235	372814	3376	2962	414	380985
922	53	11	5	0	0	0	0	1	0	1024	0	4096	0	0	0	5120	2113	0	10534	217	30	187	12864
923	56	103	0	0	128	128	16	1	8192	1024	1024	227328	1024	1024	0	230400	2760	1565	582119	3868	3457	411	590312
924	4	0	2	0	0	0	0	1	0	1024	0	1024	0	0	0	2048	1769	0	2026	217	30	187	4012
925	8	64	5	0	0	0	0	1	0	1024	0	3072	0	0	0	4096	1672	0	7971	217	30	187	9860
926	12	44	0	0	128	128	16	1	8192	1024	1024	232448	2048	2048	0	236544	2790	3219	594439	4032	3575	457	604480
927	19	68	2	0	0	0	0	1	0	1024	0	0	0	0	0	1024	1682	0	1162	217	30	187	3061
928	24	4	0	0	128	128	16	1	8192	1024	1024	144384	4096	4096	0	150528	2961	2682	369363	10673	10271	402	385679
929	28	0	4	0	0	0	0	1	0	1024	0	27648	1024	1024	0	29696	1750	0	72246	216	30	186	74212
930	37	8	3	0	0	0	0	1	0	1024	0	0	0	0	0	1024	1779	0	1411	222	30	192	3412
931	41	36	0	0	128	128	16	1	8192	1024	2048	225280	1024	1024	0	229376	2974	4578	575400	4384	3978	406	587336
932	46	20	0	0	128	128	16	1	8192	1024	1024	144384	1024	1024	0	147456	2650	1751	371001	3360	2959	401	378762
933	53	12	5	0	0	0	0	1	0	1024	0	4096	0	0	0	5120	2133	0	10223	218	30	188	12574
934	56	104	0	0	128	128	16	1	8192	1024	1024	218112	2048	2048	0	222208	3008	1522	558387	4867	4465	402	567784
935	4	1	2	0	0	0	0	1	0	1024	0	0	1024	0	1024	2048	1736	0	1847	223	32	191	3806
936	8	65	5	0	0	0	0	1	0	1024	0	3072	0	0	0	4096	2124	0	8259	217	30	187	10600
937	12	45	0	0	128	128	16	1	8192	1024	2048	226304	1024	1024	0	230400	2745	4810	579168	3994	3572	422	590717
938	19	69	2	0	0	0	0	1	0	1024	0	0	0	0	0	1024	1149	0	1663	217	30	187	3029
939	24	5	0	0	128	128	16	1	8192	1024	1024	145408	4096	4096	0	151552	2894	1798	371494	10894	10485	409	387080
940	28	1	4	0	0	0	0	1	0	1024	0	28672	1024	0	1024	30720	1722	0	74817	215	30	185	76754
941	37	9	3	0	0	0	0	1	0	1024	0	0	0	0	0	1024	1761	0	1431	220	31	189	3412
942	41	37	0	0	128	128	16	1	8192	1024	2048	227328	2048	1024	1024	232448	3018	5129	580957	4718	4289	429	593822
943	46	21	0	0	128	128	16	1	8192	1024	1024	144384	1024	1024	0	147456	2587	2537	369851	3387	2974	413	378362
944	53	13	5	0	0	0	0	1	0	1024	0	4096	0	0	0	5120	2172	0	10186	218	30	188	12576
945	56	105	0	0	128	128	16	1	8192	1024	1024	224256	2048	2048	0	228352	2961	1922	575674	3458	3041	417	584015
946	4	2	2	0	0	0	0	1	0	1024	0	1024	0	0	0	2048	1712	0	1912	218	31	187	3842
947	8	66	5	0	0	0	0	1	0	1024	0	3072	0	0	0	4096	2150	0	8619	217	30	187	10986
948	12	46	0	0	128	128	16	1	8192	1024	2048	233472	1024	1024	0	237568	2754	4730	596820	4192	3738	454	608496
949	19	70	2	0	0	0	0	1	0	1024	0	0	0	0	0	1024	1188	0	1509	217	30	187	2914
950	24	6	0	0	128	128	16	1	8192	1024	1024	144384	4096	4096	0	150528	2806	2558	369837	11002	10578	424	386203
951	28	2	4	1	0	0	0	1	0	1024	0	30720	0	0	0	31744	1668	0	77979	218	30	188	79865
952	37	10	3	0	0	0	0	1	0	1024	0	0	0	0	0	1024	1742	0	1457	235	30	205	3434
953	41	38	0	0	128	128	16	1	8192	1024	2048	231424	2048	2048	0	236544	2992	5680	591781	5142	4693	449	605595
954	46	22	0	0	128	128	16	1	8192	1024	1024	145408	1024	1024	0	148480	2585	2903	372279	3507	3081	426	381274
955	53	14	5	0	0	0	0	1	0	1024	0	4096	0	0	0	5120	2202	0	10145	218	30	188	12565
956	56	106	0	0	128	128	16	1	8192	1024	1024	225280	1024	1024	0	228352	2916	2085	577019	3535	3111	424	585555
957	4	3	2	0	0	0	0	1	0	1024	0	0	1024	0	1024	2048	1741	0	1860	216	30	186	3817
958	8	67	5	0	0	0	0	1	0	1024	0	3072	0	0	0	4096	2167	0	8306	217	30	187	10690
959	12	47	0	0	128	128	16	1	8192	1024	2048	231424	2048	2048	0	236544	2752	5103	592522	4347	3796	551	604724
960	19	71	2	0	0	0	0	1	0	1024	0	0	0	0	0	1024	1628	0	1234	217	30	187	3079
961	24	7	0	0	128	128	16	1	8192	1024	1024	145408	4096	4096	0	151552	2887	2584	370638	11000	10594	406	387109
962	28	3	4	0	0	0	0	1	0	1024	0	29696	1024	0	1024	31744	1723	0	77458	215	30	185	79396
963	37	11	3	0	0	0	0	1	0	1024	0	0	0	0	0	1024	1756	0	1448	213	30	183	3417
964	41	39	0	0	128	128	16	1	8192	1024	2048	225280	2048	2048	0	230400	3028	5606	576020	4981	4547	434	589635
965	46	23	0	0	128	128	16	1	8192	1024	1024	145408	1024	1024	0	148480	2585	2589	372228	3457	3050	407	380859
966	53	15	5	0	0	0	0	1	0	1024	0	4096	0	0	0	5120	2145	0	10161	217	30	187	12523
967	56	107	0	0	128	128	16	1	8192	1024	1024	218112	2048	2048	0	222208	2935	1730	558607	4789	4384	405	568061
968	4	4	2	0	0	0	0	1	0	1024	0	0	1024	0	1024	2048	1752	0	1775	210	30	180	3737
969	8	68	5	0	0	0	0	1	0	1024	0	3072	0	0	0	4096	1715	0	7847	217	30	187	9779
970	12	48	0	0	128	128	16	1	8192	1024	3072	233472	2048	2048	0	239616	2788	6371	599818	3978	3584	394	612955
971	19	72	2	0	0	0	0	1	0	1024	0	0	0	0	0	1024	1983	0	1196	217	30	187	3396
972	24	8	0	0	128	128	16	1	8192	1024	1024	143360	4096	4096	0	149504	2940	2449	366850	11184	10791	393	383423
973	29	0	0	0	128	128	16	1	8192	1024	1024	502784	4096	4096	0	508928	2917	2523	1289100	10534	10143	391	1305074
974	37	12	3	0	0	0	0	1	0	1024	0	0	0	0	0	1024	1996	0	1351	218	30	188	3565
975	41	40	0	0	128	128	16	1	8192	1024	2048	225280	2048	1024	1024	230400	3006	4613	576196	4751	4339	412	588566
976	46	24	0	0	128	128	16	1	8192	1024	1024	144384	2048	2048	0	148480	2596	2369	371329	3428	3035	393	379722
977	53	16	5	0	0	0	0	1	0	1024	0	4096	0	0	0	5120	2142	0	10483	217	30	187	12842
978	56	108	0	0	128	128	16	1	8192	1024	1024	224256	1024	1024	0	227328	2866	1713	574883	3505	3116	389	582967
979	4	5	2	0	0	0	0	1	0	1024	0	0	1024	0	1024	2048	1831	0	1770	216	30	186	3817
980	8	69	5	0	0	0	0	1	0	1024	0	3072	0	0	0	4096	2104	0	7528	217	30	187	9849
981	12	49	0	0	128	128	16	1	8192	1024	2048	232448	2048	2048	0	237568	2855	5108	595643	4027	3627	400	607633
982	19	73	2	0	0	0	0	1	0	1024	0	0	0	0	0	1024	1651	0	1174	217	30	187	3042
983	24	9	0	0	128	128	16	1	8192	1024	1024	143360	4096	4096	0	149504	3026	1903	368398	10647	10258	389	383974
984	29	1	0	0	128	128	16	1	8192	1024	1024	501760	4096	4096	0	507904	2949	2548	1285862	10391	10004	387	1301750
985	37	13	3	0	0	0	0	1	0	1024	0	0	0	0	0	1024	1799	0	1407	218	30	188	3424
986	41	41	0	0	128	128	16	1	8192	1024	2048	222208	1024	1024	0	226304	2941	3980	568570	4335	3922	413	579826
987	46	25	0	0	128	128	16	1	8192	1024	1024	145408	1024	1024	0	148480	2627	2485	372571	3392	3006	386	381075
988	53	17	5	0	0	0	0	1	0	1024	0	4096	0	0	0	5120	2157	0	10452	217	30	187	12826
989	56	109	0	0	128	128	16	1	8192	1024	1024	222208	2048	2048	0	226304	2975	1563	570560	3426	3038	388	578524
990	4	6	2	0	0	0	0	1	0	1024	0	0	1024	0	1024	2048	1762	0	1764	214	30	184	3740
991	8	70	5	0	0	0	0	1	0	1024	0	3072	0	0	0	4096	2200	0	8011	217	30	187	10428
992	12	50	0	0	128	128	16	1	8192	1024	2048	238592	2048	2048	0	243712	2706	3385	612214	4889	4481	408	623194
993	19	74	2	0	0	0	0	1	0	1024	0	0	0	0	0	1024	1144	0	1453	217	30	187	2814
994	24	10	0	0	128	128	16	1	8192	1024	1024	144384	4096	4096	0	150528	2964	2818	368886	11191	10791	400	385859
995	29	2	0	0	128	128	16	1	8192	1024	1024	502784	4096	4096	0	508928	2905	2157	1288492	11115	10717	398	1304669
996	37	14	3	0	0	0	0	1	0	1024	0	0	0	0	0	1024	1763	0	1433	217	30	187	3413
997	41	42	0	0	128	128	16	1	8192	1024	2048	223232	2048	2048	0	228352	2937	4468	572517	4943	4420	523	584865
998	46	26	0	0	128	128	16	1	8192	1024	1024	144384	2048	1024	1024	148480	2590	2303	371106	3468	3071	397	379467
999	53	18	5	0	0	0	0	1	0	1024	0	4096	0	0	0	5120	2129	0	10453	218	30	188	12800
1000	56	110	0	0	128	128	16	1	8192	1024	1024	220160	1024	1024	0	223232	2941	1633	563876	3522	3123	399	571972
1001	4	7	2	0	0	0	0	1	0	1024	0	0	1024	1024	0	2048	1791	0	1850	216	30	186	3857
1002	8	71	5	0	0	0	0	1	0	1024	0	3072	0	0	0	4096	2250	0	8128	217	30	187	10595
1003	12	51	0	0	128	128	16	1	8192	1024	2048	230400	2048	2048	0	235520	2686	4737	589403	4449	4024	425	601275
1004	19	75	2	0	0	0	0	1	0	1024	0	0	0	0	0	1024	1330	0	1381	217	30	187	2928
1005	24	11	0	0	128	128	16	1	8192	1024	1024	144384	4096	4096	0	150528	2899	2497	369777	11057	10645	412	386230
1006	29	3	0	0	128	128	16	1	8192	1024	1024	502784	4096	4096	0	508928	2894	2928	1288933	10783	10372	411	1305538
1007	37	15	3	0	0	0	0	1	0	1024	0	0	0	0	0	1024	1749	0	1450	218	30	188	3417
1008	41	43	0	0	128	128	16	1	8192	1024	2048	226304	2048	2048	0	231424	2938	4940	579320	4653	4141	512	591851
1009	46	27	0	0	128	128	16	1	8192	1024	1024	145408	2048	1024	1024	149504	2584	2650	372774	3701	3290	411	381709
1010	53	19	5	0	0	0	0	1	0	1024	0	4096	0	0	0	5120	2191	0	10350	218	30	188	12759
1011	56	111	0	0	128	128	16	1	8192	1024	1024	219136	1024	1024	0	222208	2863	1831	560995	3551	3142	409	569240
1012	4	8	2	0	0	0	0	1	0	1024	0	1024	0	0	0	2048	1805	0	1806	216	30	186	3827
1013	8	72	5	0	0	0	0	1	0	1024	0	3072	0	0	0	4096	2166	0	8324	217	30	187	10707
1014	12	52	0	0	128	128	16	1	8192	1024	2048	228352	2048	2048	0	233472	2701	3649	585658	4263	3819	444	596271
1015	19	76	2	0	0	0	0	1	0	1024	0	0	0	0	0	1024	1729	0	1207	217	30	187	3153
1016	24	12	0	0	128	128	16	1	8192	1024	2048	143360	4096	4096	0	150528	2723	2936	368860	11015	10585	430	385534
1017	29	4	0	0	128	128	16	1	8192	1024	1024	499712	4096	4096	0	505856	2862	2679	1280917	10933	10504	429	1297391
1018	37	16	3	0	0	0	0	1	0	1024	0	0	0	0	0	1024	1765	0	1456	220	32	188	3441
1019	41	44	0	0	128	128	16	1	8192	1024	2048	226304	2048	2048	0	231424	3002	4114	579271	5670	5119	551	592057
1020	46	28	0	0	128	128	16	1	8192	1024	1024	144384	2048	1024	1024	148480	2567	2475	370930	3493	3064	429	379465
1021	53	20	5	0	0	0	0	1	0	1024	0	4096	0	0	0	5120	2113	0	10925	217	30	187	13255
1022	57	0	0	0	128	128	16	1	8192	1024	1024	222208	1024	1024	0	225280	2994	1724	568942	3784	3356	428	577444
1023	4	9	2	0	0	0	0	1	0	1024	0	1024	0	0	0	2048	1761	0	2037	216	31	185	4014
1024	8	73	5	0	0	0	0	1	0	1024	0	3072	0	0	0	4096	2155	0	8142	217	30	187	10514
1025	12	53	0	0	128	128	16	1	8192	1024	3072	232448	2048	2048	0	238592	2713	6667	596857	4243	3808	435	610480
1026	19	77	2	0	0	0	0	1	0	1024	0	0	0	0	0	1024	1662	0	1184	217	30	187	3063
1027	24	13	0	0	128	128	16	1	8192	1024	1024	144384	4096	4096	0	150528	2880	2716	367901	11101	10689	412	384598
1028	29	5	0	0	128	128	16	1	8192	1024	1024	501760	4096	4096	0	507904	2885	2567	1286936	10652	10238	414	1303040
1029	37	17	3	0	0	0	0	1	0	1024	0	0	0	0	0	1024	1766	0	1435	219	31	188	3420
1030	41	45	0	0	128	128	16	1	8192	1024	2048	225280	1024	1024	0	229376	2902	4519	576591	4416	3975	441	588428
1031	46	29	0	0	128	128	16	1	8192	1024	1024	144384	2048	1024	1024	148480	2572	2047	371235	3410	2995	415	379264
1032	53	21	5	0	0	0	0	1	0	1024	0	4096	0	0	0	5120	2142	0	10780	218	30	188	13140
1033	57	1	0	0	128	128	16	1	8192	1024	1024	218112	2048	1024	1024	222208	3067	2019	558969	3718	3303	415	567773
1034	4	10	2	0	0	0	0	1	0	1024	0	0	1024	0	1024	2048	1761	0	1830	217	32	185	3808
1035	8	74	5	0	0	0	0	1	0	1024	0	3072	0	0	0	4096	2211	0	7901	217	30	187	10329
1036	12	54	0	0	128	128	16	1	8192	1024	2048	228352	2048	2048	0	233472	2758	4611	584902	3769	3366	403	596040
1037	19	78	2	0	0	0	0	1	0	1024	0	0	0	0	0	1024	1588	0	1183	217	30	187	2988
1038	24	14	0	0	128	128	16	1	8192	1024	1024	145408	4096	4096	0	151552	2929	2648	371003	10679	10278	401	387259
1039	29	6	0	1	128	128	16	1	8192	1024	1024	504832	4096	3072	1024	510976	2922	2268	1293586	10397	9993	404	1309173
1040	37	18	3	0	0	0	0	1	0	1024	0	0	0	0	0	1024	1779	0	1440	221	30	191	3440
1041	41	46	0	0	128	128	16	1	8192	1024	2048	230400	2048	2048	0	235520	2881	4566	589829	4308	3880	428	601584
1042	46	30	0	0	128	128	16	1	8192	1024	1024	144384	1024	1024	0	147456	2607	2100	369704	3690	3286	404	378101
1043	53	22	5	0	0	0	0	1	0	1024	0	4096	0	0	0	5120	2146	0	10878	217	30	187	13241
1044	57	2	0	0	128	128	16	1	8192	1024	1024	225280	1024	1024	0	228352	3089	2109	575853	3650	3247	403	584701
1045	4	11	2	0	0	0	0	1	0	1024	0	1024	0	0	0	2048	1742	0	1897	215	30	185	3854
1046	8	75	5	0	0	0	0	1	0	1024	0	3072	0	0	0	4096	2112	0	8391	217	30	187	10720
1047	12	55	0	0	128	128	16	1	8192	1024	2048	231424	1024	1024	0	235520	2559	4098	592198	4572	4110	462	603427
1048	19	79	2	0	0	0	0	1	0	1024	0	0	0	0	0	1024	1637	0	1225	217	30	187	3079
1049	24	15	0	0	128	128	16	1	8192	1024	1024	144384	4096	4096	0	150528	2816	2487	369671	10922	10501	421	385896
1050	29	7	0	0	128	128	16	1	8192	1024	1024	500736	4096	4096	0	506880	2839	2678	1284193	10764	10344	420	1300474
1051	37	19	3	0	0	0	0	1	0	1024	0	0	0	0	0	1024	1761	0	1442	215	30	185	3418
1052	41	47	0	0	128	128	16	1	8192	1024	3072	228352	2048	1024	1024	234496	2915	5796	584866	4948	4489	459	598525
1053	46	31	0	0	128	128	16	1	8192	1024	1024	144384	2048	2048	0	148480	2598	2490	370946	3862	3443	419	379896
1054	53	23	5	0	0	0	0	1	0	1024	0	4096	0	0	0	5120	2167	0	10803	218	30	188	13188
1055	57	3	0	0	128	128	16	1	8192	1024	2048	215040	3072	3072	0	221184	2937	3915	551774	8156	6401	1755	566782
1056	4	12	2	0	0	0	0	1	0	1024	0	1024	0	0	0	2048	1724	0	1991	217	30	187	3932
1057	8	76	5	0	0	0	0	1	0	1024	0	3072	1024	0	1024	5120	2074	0	9006	217	30	187	11297
1058	12	56	0	0	128	128	16	1	8192	1024	2048	232448	2048	2048	0	237568	2574	4836	595640	4141	3676	465	607191
1059	19	80	2	0	0	0	0	1	0	1024	0	0	0	0	0	1024	1201	0	1576	217	30	187	2994
1060	24	16	0	0	128	128	16	1	8192	1024	1024	144384	4096	4096	0	150528	3083	2593	368885	11136	10705	431	385697
1061	29	8	0	0	128	128	16	1	8192	1024	1024	498688	4096	4096	0	504832	2826	2757	1278150	10812	10380	432	1294545
1062	37	20	3	0	0	0	0	1	0	1024	0	0	0	0	0	1024	1767	0	1458	218	31	187	3443
1063	41	48	0	0	128	128	16	1	8192	1024	3072	226304	2048	1024	1024	232448	2867	7193	579227	4377	3939	438	593664
1064	48	0	0	0	128	128	16	1	8192	1024	1024	145408	1024	1024	0	148480	3153	2606	371649	4182	3749	433	381590
1065	53	24	5	0	0	0	0	1	0	1024	0	4096	0	0	0	5120	2078	0	10913	217	30	187	13208
1066	57	4	0	0	128	128	16	1	8192	1024	2048	223232	1024	1024	0	227328	2887	3907	571675	4433	4003	430	582902
1067	4	13	2	0	0	0	0	1	0	1024	0	1024	0	0	0	2048	2156	0	1581	217	30	187	3954
1068	8	77	5	0	0	0	0	1	0	1024	0	4096	0	0	0	5120	2038	0	9167	216	31	185	11421
1069	12	57	0	0	128	128	16	1	8192	1024	2048	234496	2048	2048	0	239616	2541	5397	599234	4738	4291	447	611910
1070	19	81	2	0	0	0	0	1	0	1024	0	0	0	0	0	1024	1718	0	1279	217	30	187	3214
1071	24	17	0	0	128	128	16	1	8192	1024	1024	143360	5120	5120	0	150528	2484	2626	367606	11772	11331	441	384488
1072	29	9	0	0	128	128	16	1	8192	1024	1024	498688	4096	4096	0	504832	2793	2862	1278985	11095	10651	444	1295735
1073	37	21	3	0	0	0	0	1	0	1024	0	0	0	0	0	1024	1733	0	1503	218	30	188	3454
1074	41	49	0	0	128	128	16	1	8192	1024	3072	229376	2048	2048	0	235520	2812	7559	587235	4501	4033	468	602107
1075	48	1	0	0	128	128	16	1	8192	1024	1024	146432	1024	1024	0	149504	3075	2291	373708	4513	4069	444	383587
1076	53	25	5	0	0	0	0	1	0	1024	0	4096	0	0	0	5120	2149	0	10910	217	30	187	13276
1077	57	5	0	0	128	128	16	1	8192	1024	2048	227328	2048	1024	1024	232448	2873	4112	581974	4609	4165	444	593568
1078	4	14	2	0	0	0	0	1	0	1024	0	1024	0	0	0	2048	2203	0	1524	217	30	187	3944
1079	8	78	5	0	0	0	0	1	0	1024	0	4096	0	0	0	5120	2116	0	9186	215	30	185	11517
1080	12	58	0	0	128	128	16	1	8192	1024	2048	229376	2048	2048	0	234496	2556	5303	587919	4109	3670	439	599887
1081	19	82	2	0	0	0	0	1	0	1024	0	0	0	0	0	1024	1975	0	1268	217	30	187	3460
1082	24	18	0	0	128	128	16	1	8192	1024	1024	144384	4096	4096	0	150528	2577	2741	368938	11129	10703	426	385385
1083	29	10	0	0	128	128	16	1	8192	1024	1024	500736	4096	4096	0	506880	2826	2909	1283535	11005	10579	426	1300275
1084	37	22	3	0	0	0	0	1	0	1024	0	0	0	0	0	1024	1700	0	1512	218	30	188	3430
1085	41	50	0	0	128	128	16	1	8192	1024	3072	229376	1024	1024	0	234496	2880	7658	586093	4623	4036	587	601254
1086	48	2	0	0	128	128	16	1	8192	1024	1024	145408	2048	2048	0	149504	3099	2831	372119	4241	3816	425	382290
1087	53	26	5	0	0	0	0	1	0	1024	0	4096	0	0	0	5120	2173	0	10893	217	30	187	13283
1088	57	6	0	0	128	128	16	1	8192	1024	2048	223232	2048	2048	0	228352	2889	4170	571793	4638	4213	425	583490
1089	4	15	2	0	0	0	0	1	0	1024	0	1024	0	0	0	2048	1757	0	1903	215	30	185	3875
1090	8	79	5	0	0	0	0	1	0	1024	0	3072	0	0	0	4096	2156	0	8682	217	30	187	11055
1091	12	59	0	0	128	128	16	1	8192	1024	2048	233472	2048	1024	1024	238592	2721	5142	596780	4897	4458	439	609540
1092	19	83	2	0	0	0	0	1	0	1024	0	0	0	0	0	1024	1864	0	1236	217	30	187	3317
1093	24	19	0	0	128	128	16	1	8192	1024	1024	145408	4096	4096	0	151552	2645	2375	371169	12488	12076	412	388677
1094	29	11	0	0	128	128	16	1	8192	1024	1024	501760	4096	4096	0	507904	2852	2640	1286608	10758	10347	411	1302858
1095	37	23	3	0	0	0	0	1	0	1024	0	0	0	0	0	1024	1955	0	1386	220	32	188	3561
1096	41	51	0	0	128	128	16	1	8192	1024	3072	226304	1024	1024	0	231424	2842	7254	578797	4456	4044	412	593349
1097	48	3	0	0	128	128	16	1	8192	1024	1024	144384	2048	2048	0	148480	3129	2691	370550	4720	4308	412	381090
1098	53	27	5	0	0	0	0	1	0	1024	0	4096	0	0	0	5120	2107	0	10983	217	30	187	13307
1099	57	7	0	0	128	128	16	1	8192	1024	2048	222208	2048	1024	1024	227328	2901	3665	569318	4590	4177	413	580474
1100	4	16	2	0	0	0	0	1	0	1024	0	1024	0	0	0	2048	1764	0	1857	215	30	185	3836
1101	8	80	5	0	0	0	0	1	0	1024	0	3072	0	0	0	4096	2120	0	8070	217	30	187	10407
1102	12	60	0	0	128	128	16	1	8192	1024	2048	236544	1024	1024	0	240640	2682	5690	603726	4293	3869	424	616391
1103	19	84	2	0	0	0	0	1	0	1024	0	0	0	0	0	1024	1815	0	1208	217	30	187	3240
1104	24	20	0	0	128	128	16	1	8192	1024	1024	144384	4096	4096	0	150528	2812	2607	369555	11486	11081	405	386460
1105	29	12	0	0	128	128	16	1	8192	1024	1024	500736	4096	4096	0	506880	2880	2673	1284422	10712	10306	406	1300687
1106	37	24	3	0	0	0	0	1	0	1024	0	0	0	0	0	1024	1774	0	1452	218	30	188	3444
1107	41	52	0	0	128	128	16	1	8192	1024	2048	226304	2048	2048	0	231424	2853	4861	579216	4573	4161	412	591503
1108	48	4	0	0	128	128	16	1	8192	1024	1024	145408	1024	1024	0	148480	3144	2563	371177	4284	3878	406	381168
1109	53	28	5	0	0	0	0	1	0	1024	0	4096	0	0	0	5120	2068	0	10865	218	30	188	13151
1110	57	8	0	0	128	128	16	1	8192	1024	2048	222208	2048	1024	1024	227328	2878	3830	569472	4441	4034	407	580621
1111	4	17	2	0	0	0	0	1	0	1024	0	1024	0	0	0	2048	1756	0	1972	217	30	187	3945
1112	8	81	5	0	0	0	0	1	0	1024	0	3072	0	0	0	4096	2137	0	8397	217	30	187	10751
1113	12	61	0	0	128	128	16	1	8192	1024	2048	233472	2048	2048	0	238592	2620	5032	598370	4798	4340	458	610820
1114	19	85	2	0	0	0	0	1	0	1024	0	0	0	0	0	1024	1202	0	1468	217	30	187	2887
1115	24	21	0	0	128	128	16	1	8192	1024	1024	144384	5120	4096	1024	151552	2735	2418	370443	11028	10608	420	386624
1116	29	13	0	0	128	128	16	1	8192	1024	2048	501760	4096	4096	0	508928	2842	3585	1288377	10711	10293	418	1305515
1117	37	25	3	0	0	0	0	1	0	1024	0	0	0	0	0	1024	1766	0	1486	219	32	187	3471
1118	41	53	0	0	128	128	16	1	8192	1024	3072	225280	2048	2048	0	231424	2768	6583	578777	5253	4817	436	593381
1119	48	5	0	0	128	128	16	1	8192	1024	1024	145408	2048	2048	0	149504	3112	2723	373172	4211	3796	415	383218
1120	53	29	5	0	0	0	0	1	0	1024	0	4096	0	0	0	5120	2213	0	10791	218	30	188	13222
1121	57	9	0	0	128	128	16	1	8192	1024	2048	215040	3072	3072	0	221184	2933	5199	551122	7716	5952	1764	566970
1122	4	18	2	0	0	0	0	1	0	1024	0	1024	0	0	0	2048	1875	0	2089	217	30	187	4181
1123	8	82	5	0	0	0	0	1	0	1024	0	3072	0	0	0	4096	2178	0	8562	217	30	187	10957
1124	12	62	0	0	128	128	16	1	8192	1024	3072	235520	2048	2048	0	241664	2653	6214	603161	5026	4426	600	617054
1125	19	86	2	0	0	0	0	1	0	1024	0	1024	0	0	0	2048	1873	0	1609	216	31	185	3698
1126	24	22	0	0	128	128	16	1	8192	1024	2048	143360	4096	4096	0	150528	2672	2915	367758	12799	12367	432	386144
1127	29	14	0	0	128	128	16	1	8192	1024	1024	499712	4096	4096	0	505856	2829	2705	1281547	10969	10538	431	1298050
1128	37	26	3	0	0	0	0	1	0	1024	0	0	0	0	0	1024	1910	0	1324	220	30	190	3454
1129	41	54	0	0	128	128	16	1	8192	1024	3072	228352	2048	2048	0	234496	2880	7119	583724	5156	4685	471	598879
1130	48	6	0	0	128	128	16	1	8192	1024	1024	145408	2048	2048	0	149504	3090	2899	371773	4266	3835	431	382028
1131	53	30	5	0	0	0	0	1	0	1024	0	4096	0	0	0	5120	2425	0	10554	217	30	187	13196
1132	57	10	0	0	128	128	16	1	8192	1024	2048	217088	2048	2048	0	222208	2832	4171	556956	4621	4192	429	568580
1133	4	19	2	0	0	0	0	1	0	1024	0	1024	0	0	0	2048	1844	0	1938	215	30	185	3997
1134	8	83	5	0	0	0	0	1	0	1024	0	3072	0	0	0	4096	2233	0	8480	217	30	187	10930
1135	12	63	0	0	128	128	16	1	8192	1024	2048	232448	2048	2048	0	237568	2569	5458	594743	4447	3896	551	607217
1136	19	87	2	0	0	0	0	1	0	1024	0	0	0	0	0	1024	1780	0	1284	217	30	187	3281
1137	24	23	0	0	128	128	16	1	8192	1024	1024	143360	4096	4096	0	149504	2482	2572	366600	11655	11207	448	383309
1138	29	15	0	0	128	128	16	1	8192	1024	1024	496640	5120	5120	0	503808	2792	2807	1273539	12658	11869	789	1291796
1139	37	27	3	0	0	0	0	1	0	1024	0	0	0	0	0	1024	1723	0	1528	218	30	188	3469
1140	41	55	0	0	128	128	16	1	8192	1024	4096	233472	2048	2048	0	240640	2755	8245	597963	5878	5426	452	614841
1141	48	7	0	0	128	128	16	1	8192	1024	1024	145408	2048	2048	0	149504	3059	2901	372063	4266	3817	449	382289
1142	53	31	5	0	0	0	0	1	0	1024	0	4096	0	0	0	5120	2182	0	10774	218	30	188	13174
1143	57	11	0	0	128	128	16	1	8192	1024	2048	226304	2048	2048	0	231424	2844	4083	580255	4610	4160	450	591792
1144	4	20	2	0	0	0	0	1	0	1024	0	1024	0	0	0	2048	1746	0	1946	226	30	196	3918
1145	8	84	5	0	0	0	0	1	0	1024	0	3072	0	0	0	4096	2088	0	8522	217	30	187	10827
1146	12	64	0	0	128	128	16	1	8192	1024	3072	239616	2048	1024	1024	245760	2580	6239	614292	4376	3825	551	627487
1147	19	88	2	0	0	0	0	1	0	1024	0	0	0	0	0	1024	1649	0	1252	217	30	187	3118
1148	24	24	0	0	128	128	16	1	8192	1024	1024	144384	4096	4096	0	150528	2652	2650	369182	11209	10773	436	385693
1149	29	16	0	0	128	128	16	1	8192	1024	1024	500736	4096	4096	0	506880	2691	2368	1283770	10888	10453	435	1299717
1150	37	28	3	0	0	0	0	1	0	1024	0	0	0	0	0	1024	1761	0	1496	218	30	188	3475
1151	41	56	0	0	128	128	16	1	8192	1024	3072	223232	1024	1024	0	228352	2815	7221	570708	4411	3943	468	585155
1152	50	0	2	1	0	0	0	1	0	1024	0	1024	0	0	0	2048	1830	0	2405	215	30	185	4450
1153	53	32	5	0	0	0	0	1	0	1024	0	4096	0	0	0	5120	2119	0	10845	217	30	187	13181
1154	57	12	0	0	128	128	16	1	8192	1024	2048	226304	1024	1024	0	230400	2917	4334	578381	4836	4403	433	590468
1155	4	21	2	0	0	0	0	1	0	1024	0	1024	0	0	0	2048	1739	0	1963	217	30	187	3919
1156	8	85	5	0	0	0	0	1	0	1024	0	3072	0	0	0	4096	2103	0	8245	217	30	187	10565
1157	12	65	0	0	128	128	16	1	8192	1024	3072	223232	1024	1024	0	228352	2532	5917	571274	4324	3730	594	584047
1158	19	89	2	0	0	0	0	1	0	1024	0	0	0	0	0	1024	1628	0	1248	217	30	187	3093
1159	24	25	0	0	128	128	16	1	8192	1024	1024	144384	4096	4096	0	150528	2756	2730	369925	10906	10480	426	386317
1160	29	17	0	0	128	128	16	1	8192	1024	1024	501760	4096	4096	0	507904	2739	2324	1285871	10770	10346	424	1301704
1161	37	29	3	0	0	0	0	1	0	1024	0	0	0	0	0	1024	1766	0	1493	218	31	187	3477
1162	41	57	0	0	128	128	16	1	8192	1024	3072	229376	2048	2048	0	235520	2859	6388	587714	4374	3932	442	601335
1163	50	1	2	0	0	0	0	1	0	1024	0	1024	0	0	0	2048	1836	0	2119	218	31	187	4173
1164	53	33	5	0	0	0	0	1	0	1024	0	4096	0	0	0	5120	2147	0	10785	217	30	187	13149
1165	57	13	0	0	128	128	16	1	8192	1024	2048	224256	1024	1024	0	228352	2913	3437	573513	4791	4364	427	584654
1166	4	22	2	0	0	0	0	1	0	1024	0	0	1024	0	1024	2048	1753	0	1825	215	30	185	3793
1167	8	86	5	0	0	0	0	1	0	1024	0	3072	0	0	0	4096	2192	0	7913	217	30	187	10322
1168	12	66	0	0	128	128	16	1	8192	1024	2048	237568	2048	2048	0	242688	2668	5269	607899	4947	4509	438	620783
1169	19	90	2	0	0	0	0	1	0	1024	0	0	0	0	0	1024	1146	0	1460	217	30	187	2823
1170	24	26	0	0	128	128	16	1	8192	1024	1024	144384	5120	4096	1024	151552	2863	2651	370374	10824	10415	409	386712
1171	29	18	0	0	128	128	16	1	8192	1024	1024	501760	4096	4096	0	507904	2886	2193	1288037	10583	10172	411	1303699
1172	37	30	3	0	0	0	0	1	0	1024	0	0	0	0	0	1024	1774	0	1420	219	30	189	3413
1173	41	58	0	0	128	128	16	1	8192	1024	2048	227328	2048	2048	0	232448	2912	4221	583399	4300	3873	427	594832
1174	50	2	2	0	0	0	0	1	0	1024	0	1024	0	0	0	2048	1917	0	2014	215	30	185	4146
1175	53	34	5	0	0	0	0	1	0	1024	0	4096	0	0	0	5120	2105	0	10858	217	30	187	13180
1176	57	14	0	0	128	128	16	1	8192	1024	2048	219136	2048	2048	0	224256	2838	4795	561158	4226	3816	410	573017
1177	4	23	2	0	0	0	0	1	0	1024	0	1024	0	0	0	2048	1726	0	1900	215	30	185	3841
1178	8	87	5	0	0	0	0	1	0	1024	0	3072	0	0	0	4096	2091	0	8152	217	30	187	10460
1179	12	67	0	0	128	128	16	1	8192	1024	2048	235520	1024	1024	0	239616	2647	4332	602490	3993	3561	432	613462
1180	19	91	2	0	0	0	0	1	0	1024	0	0	0	0	0	1024	1179	0	1451	217	30	187	2847
1181	24	27	0	0	128	128	16	1	8192	1024	1024	145408	4096	4096	0	151552	2816	2667	371053	10915	10497	418	387451
1182	29	19	0	0	128	128	16	1	8192	1024	1024	502784	4096	4096	0	508928	2853	2734	1289881	10664	10242	422	1306132
1183	37	31	3	0	0	0	0	1	0	1024	0	0	0	0	0	1024	1751	0	1482	219	31	188	3452
1184	41	59	0	0	128	128	16	1	8192	1024	3072	221184	2048	2048	0	227328	2880	6049	567516	4989	4564	425	581434
1185	50	3	2	0	0	0	0	1	0	1024	0	1024	0	0	0	2048	1849	0	2119	217	30	187	4185
1186	53	35	5	0	0	0	0	1	0	1024	0	4096	0	0	0	5120	2077	0	10845	217	30	187	13139
1187	57	15	0	0	128	128	16	1	8192	1024	1024	224256	1024	1024	0	227328	2872	2222	573167	4297	3876	421	582558
1188	4	24	2	0	0	0	0	1	0	1024	0	1024	0	0	0	2048	1775	0	1873	217	30	187	3865
1189	8	88	5	0	0	0	0	1	0	1024	0	3072	0	0	0	4096	2110	0	8758	217	30	187	11085
1190	12	68	0	0	128	128	16	1	8192	1024	2048	228352	2048	2048	0	233472	2685	5344	585097	4327	3865	462	597453
1191	19	92	2	0	0	0	0	1	0	1024	0	0	0	0	0	1024	1642	0	1248	217	30	187	3107
1192	24	28	0	0	128	128	16	1	8192	1024	1024	144384	5120	4096	1024	151552	2718	2704	370059	11114	10681	433	386595
1193	29	20	0	0	128	128	16	1	8192	1024	1024	498688	4096	4096	0	504832	2828	2813	1279145	10886	10455	431	1295672
1194	36	0	3	1	0	0	0	1	0	1024	0	0	0	0	0	1024	1308	0	922	217	30	187	2447
1195	41	60	0	0	128	128	16	1	8192	1024	3072	228352	1024	1024	0	233472	2946	6092	584262	4964	4526	438	598264
1196	50	4	2	0	0	0	0	1	0	1024	0	1024	0	0	0	2048	1807	0	2390	221	30	191	4418
1197	53	36	5	0	0	0	0	1	0	1024	0	4096	0	0	0	5120	2124	0	11037	218	30	188	13379
1198	57	16	0	0	128	128	16	1	8192	1024	3072	230400	2048	2048	0	236544	3071	5847	592432	4853	4380	473	606203
1199	4	25	2	0	0	0	0	1	0	1024	0	1024	0	0	0	2048	1748	0	1877	215	30	185	3840
1200	8	89	5	0	0	0	0	1	0	1024	0	3072	0	0	0	4096	2150	0	8605	217	30	187	10972
1201	12	69	0	0	128	128	16	1	8192	1024	2048	239616	1024	1024	0	243712	2736	5773	611681	4275	3704	571	624465
1202	19	93	2	0	0	0	0	1	0	1024	0	0	0	0	0	1024	1824	0	1257	217	30	187	3298
1203	24	29	0	0	128	128	16	1	8192	1024	1024	144384	4096	4096	0	150528	2864	2766	368569	11010	10595	415	385209
1204	29	21	0	0	128	128	16	1	8192	1024	1024	500736	4096	4096	0	506880	2856	2525	1284052	10963	10548	415	1300396
1205	36	1	3	0	0	0	0	1	0	1024	0	0	0	0	0	1024	1411	0	884	217	30	187	2512
1206	41	61	0	0	128	128	16	1	8192	1024	3072	230400	1024	1024	0	235520	2934	6954	589406	4600	4154	446	603894
1207	50	5	2	0	0	0	0	1	0	1024	0	1024	0	0	0	2048	1831	0	2142	218	31	187	4191
1208	53	37	5	0	0	0	0	1	0	1024	0	4096	0	0	0	5120	2087	0	11298	217	30	187	13602
1209	57	17	0	0	128	128	16	1	8192	1024	1024	228352	2048	2048	0	232448	2902	2964	584528	4738	4250	488	595132
1210	4	26	2	0	0	0	0	1	0	1024	0	0	1024	0	1024	2048	1736	0	1847	217	30	187	3800
1211	8	90	5	0	0	0	0	1	0	1024	0	3072	0	0	0	4096	2220	0	8256	217	30	187	10693
1212	12	70	0	0	128	128	16	1	8192	1024	2048	240640	2048	2048	0	245760	2718	4100	617565	4821	4398	423	629204
1213	19	94	2	0	0	0	0	1	0	1024	0	0	0	0	0	1024	1726	0	1225	217	30	187	3168
1214	24	30	0	0	128	128	16	1	8192	1024	1024	144384	4096	4096	0	150528	2830	2594	369603	10931	10529	402	385958
1215	29	22	0	0	128	128	16	1	8192	1024	1024	502784	4096	4096	0	508928	2885	2686	1289484	10661	10259	402	1305716
1216	36	2	3	0	0	0	0	1	0	1024	0	0	0	0	0	1024	1735	0	653	218	30	188	2606
1217	41	62	0	0	128	128	16	1	8192	1024	3072	227328	1024	1024	0	232448	2978	6177	582408	4428	3978	450	595991
1218	50	6	2	0	0	0	0	1	0	1024	0	1024	0	0	0	2048	1877	0	2137	217	30	187	4231
1219	53	38	5	0	0	0	0	1	0	1024	0	4096	0	0	0	5120	2121	0	11005	217	30	187	13343
1220	57	18	0	0	128	128	16	1	8192	1024	3072	233472	2048	2048	0	239616	2807	5801	600424	5364	4953	411	614396
1221	4	27	2	0	0	0	0	1	0	1024	0	0	1024	0	1024	2048	1759	0	1867	215	30	185	3841
1222	8	91	5	0	0	0	0	1	0	1024	0	3072	0	0	0	4096	2220	0	8079	217	30	187	10516
1223	12	71	0	0	128	128	16	1	8192	1024	2048	227328	2048	2048	0	232448	2798	4318	582600	5192	4785	407	594908
1224	19	95	2	0	0	0	0	1	0	1024	0	0	0	0	0	1024	1543	0	1196	217	30	187	2956
1225	24	31	0	0	128	128	16	1	8192	1024	1024	144384	4096	4096	0	150528	2950	2576	368523	10746	10352	394	384795
1226	29	23	0	0	128	128	16	1	8192	1024	1024	503808	4096	4096	0	509952	2920	2552	1291424	10487	10093	394	1307383
1227	36	3	3	0	0	0	0	1	0	1024	0	0	0	0	0	1024	1573	0	707	217	30	187	2497
1228	41	63	0	0	128	128	16	1	8192	1024	2048	232448	2048	2048	0	237568	2949	5487	593952	5478	5083	395	607866
1229	50	7	2	0	0	0	0	1	0	1024	0	1024	0	0	0	2048	1876	0	2025	217	31	186	4118
1230	53	39	5	0	0	0	0	1	0	1024	0	4096	0	0	0	5120	2158	0	11012	217	30	187	13387
1231	57	19	0	0	128	128	16	1	8192	1024	2048	224256	2048	2048	0	229376	2877	4596	575089	4797	4354	443	587359
1232	4	28	2	0	0	0	0	1	0	1024	0	0	1024	0	1024	2048	1737	0	1828	217	31	186	3782
1233	8	92	5	0	0	0	0	1	0	1024	0	3072	0	0	0	4096	2184	0	8043	217	30	187	10444
1234	12	72	0	0	128	128	16	1	8192	1024	2048	233472	2048	2048	0	238592	2721	5013	598091	4297	3864	433	610122
1235	19	96	2	0	0	0	0	1	0	1024	0	0	1024	0	1024	2048	1183	0	1642	436	30	406	3261
1236	25	0	1	1	0	0	0	1	0	1024	0	4096	8192	8192	0	13312	1811	0	10980	21708	21521	187	34499
1237	29	24	0	0	128	128	16	1	8192	1024	1024	500736	4096	4096	0	506880	2876	2729	1283999	10663	10256	407	1300267
1238	36	4	3	0	0	0	0	1	0	1024	0	0	0	0	0	1024	1652	0	728	217	30	187	2597
1239	41	64	0	0	128	128	16	1	8192	1024	3072	230400	2048	2048	0	236544	2874	5782	592325	4425	3997	428	605406
1240	50	8	2	0	0	0	0	1	0	1024	0	1024	0	0	0	2048	1802	0	2101	217	30	187	4120
1241	53	40	5	0	0	0	0	1	0	1024	0	4096	0	0	0	5120	2109	0	10355	217	30	187	12681
1242	57	20	0	0	128	128	16	1	8192	1024	2048	232448	2048	2048	0	237568	2923	4897	595395	4933	4521	412	608148
1243	4	29	2	0	0	0	0	1	0	1024	0	1024	0	0	0	2048	1720	0	1883	217	30	187	3820
1244	8	93	5	0	0	0	0	1	0	1024	0	3072	0	0	0	4096	2195	0	8272	217	30	187	10684
1245	12	73	0	0	128	128	16	1	8192	1024	2048	232448	1024	1024	0	236544	2715	5397	592972	4108	3670	438	605192
1246	19	97	2	0	0	0	0	1	0	1024	0	1024	0	0	0	2048	1686	0	1482	451	30	421	3619
1247	25	1	1	0	0	0	0	1	0	1024	0	4096	8192	8192	0	13312	1852	0	11457	21238	21051	187	34547
1248	29	25	0	0	128	128	16	1	8192	1024	2048	499712	5120	5120	0	507904	2864	3472	1284084	11236	10817	419	1301656
1249	36	5	3	0	0	0	0	1	0	1024	0	0	0	0	0	1024	1403	0	925	217	30	187	2545
1250	41	65	0	0	128	128	16	1	8192	1024	3072	233472	2048	2048	0	239616	2930	6955	597626	4451	4013	438	611962
1251	50	9	2	0	0	0	0	1	0	1024	0	1024	0	0	0	2048	1808	0	2162	218	31	187	4188
1252	53	41	5	0	0	0	0	1	0	1024	0	4096	0	0	0	5120	2104	0	10391	217	30	187	12712
1253	57	21	0	0	128	128	16	1	8192	1024	3072	233472	2048	2048	0	239616	2969	7250	597259	4523	4067	456	612001
1254	4	30	2	0	0	0	0	1	0	1024	0	1024	0	0	0	2048	1736	0	1905	216	31	185	3857
1255	8	94	5	0	0	0	0	1	0	1024	0	3072	0	0	0	4096	2191	0	8475	217	30	187	10883
1256	12	74	0	0	128	128	16	1	8192	1024	2048	231424	2048	2048	0	236544	2666	4882	593365	4361	3792	569	605274
1257	19	98	2	0	0	0	0	1	0	1024	0	1024	0	0	0	2048	1594	0	1493	475	30	445	3562
1258	25	2	1	0	0	0	0	1	0	1024	0	4096	8192	8192	0	13312	1732	0	11073	21610	21423	187	34415
1259	29	26	0	0	128	128	16	1	8192	1024	1024	499712	4096	4096	0	505856	2831	2726	1281451	10906	10468	438	1297914
1260	36	6	3	0	0	0	0	1	0	1024	0	0	0	0	0	1024	1513	0	946	217	30	187	2676
1261	41	66	0	0	128	128	16	1	8192	1024	3072	225280	2048	2048	0	231424	2979	6318	578453	4750	4210	540	592500
1262	50	10	2	0	0	0	0	1	0	1024	0	1024	0	0	0	2048	1828	0	2443	217	30	187	4488
1263	53	42	5	0	0	0	0	1	0	1024	0	4096	0	0	0	5120	2115	0	10403	217	30	187	12735
1264	57	22	0	0	128	128	16	1	8192	1024	3072	226304	2048	2048	0	232448	3056	7261	579333	4433	3985	448	594083
1265	4	31	2	0	0	0	0	1	0	1024	0	1024	0	0	0	2048	1741	0	1884	215	30	185	3840
1266	8	95	5	0	0	0	0	1	0	1024	0	3072	0	0	0	4096	2106	0	8250	217	30	187	10573
1267	12	75	0	0	128	128	16	1	8192	1024	2048	233472	1024	1024	0	237568	2622	5411	596118	4259	3824	435	608410
1268	19	99	2	0	0	0	0	1	0	1024	0	1024	0	0	0	2048	1597	0	1485	451	30	421	3533
1269	25	3	1	0	0	0	0	1	0	1024	0	4096	8192	8192	0	13312	1759	0	11636	21048	20861	187	34443
1270	29	27	0	0	128	128	16	1	8192	1024	1024	502784	4096	4096	0	508928	2865	2553	1288861	10691	10268	423	1304970
1271	36	7	3	0	0	0	0	1	0	1024	0	0	0	0	0	1024	1677	0	667	218	30	188	2562
1272	41	67	0	0	128	128	16	1	8192	1024	3072	237568	2048	2048	0	243712	2811	7297	608232	5145	4543	602	623485
1273	50	11	2	0	0	0	0	1	0	1024	0	1024	0	0	0	2048	1854	0	2124	216	30	186	4194
1274	53	43	5	0	0	0	0	1	0	1024	0	4096	0	0	0	5120	2148	0	10345	217	30	187	12710
1275	57	23	0	0	128	128	16	1	8192	1024	3072	226304	2048	2048	0	232448	2980	7123	579626	5243	4797	446	594972
1276	4	32	2	0	0	0	0	1	0	1024	0	1024	0	0	0	2048	1757	0	2070	216	30	186	4043
1277	8	96	5	0	0	0	0	1	0	1024	0	3072	0	0	0	4096	2188	0	7952	217	30	187	10357
1278	12	76	0	0	128	128	16	1	8192	1024	3072	231424	1024	1024	0	236544	2581	6137	592315	4084	3657	427	605117
1279	19	100	2	0	0	0	0	1	0	1024	0	0	1024	0	1024	2048	1555	0	1423	444	30	414	3422
1280	26	0	0	0	128	128	16	1	8192	1024	1024	229376	2048	2048	0	233472	2751	2822	585639	4278	3850	428	595490
1281	29	28	0	0	128	128	16	1	8192	1024	1024	502784	4096	4096	0	508928	2901	2478	1290423	10548	10134	414	1306350
1282	36	8	3	0	0	0	0	1	0	1024	0	0	0	0	0	1024	1675	0	667	218	30	188	2560
1283	41	68	0	0	128	128	16	1	8192	1024	3072	224256	2048	2048	0	230400	2888	5772	574676	5205	4788	417	588541
1284	50	12	2	0	0	0	0	1	0	1024	0	1024	0	0	0	2048	1877	0	2381	215	30	185	4473
1285	53	44	5	0	0	0	0	1	0	1024	0	4096	0	0	0	5120	2164	0	10014	217	30	187	12395
1286	57	24	0	0	128	128	16	1	8192	1024	2048	223232	2048	1024	1024	228352	2982	5437	569586	4580	4135	445	582585
1287	4	33	2	0	0	0	0	1	0	1024	0	0	1024	0	1024	2048	1795	0	1781	217	30	187	3793
1288	8	97	5	0	0	0	0	1	0	1024	0	3072	0	0	0	4096	2171	0	7482	217	30	187	9870
1289	12	77	0	0	128	128	16	1	8192	1024	2048	234496	1024	1024	0	238592	2628	4149	600100	4049	3637	412	610926
1290	19	101	2	0	0	0	0	1	0	1024	0	0	1024	0	1024	2048	1128	0	1617	428	30	398	3173
1291	26	1	0	0	128	128	16	1	8192	1024	1024	224256	2048	2048	0	228352	3004	1848	574117	5077	4648	429	584046
1292	29	29	0	0	128	128	16	1	8192	1024	1024	503808	4096	3072	1024	509952	2921	2463	1290714	10410	10008	402	1306508
1293	36	9	3	0	0	0	0	1	0	1024	0	0	0	0	0	1024	1484	0	861	217	30	187	2562
1294	41	69	0	0	128	128	16	1	8192	1024	2048	228352	2048	2048	0	233472	2989	4953	583922	5084	4638	446	596948
1295	50	13	2	0	0	0	0	1	0	1024	0	1024	0	0	0	2048	1877	0	1987	217	31	186	4081
1296	53	45	5	0	0	0	0	1	0	1024	0	4096	0	0	0	5120	2177	0	10001	217	30	187	12395
1297	57	25	0	0	128	128	16	1	8192	1024	3072	231424	1024	1024	0	236544	3008	5902	592506	4176	3773	403	605592
1298	4	34	2	0	0	0	0	1	0	1024	0	1024	0	0	0	2048	1782	0	1788	215	30	185	3785
1299	8	98	5	0	0	0	0	1	0	1024	0	3072	0	0	0	4096	2190	0	7796	217	30	187	10203
1300	12	78	0	0	128	128	16	1	8192	1024	2048	238592	1024	1024	0	242688	2596	5407	609279	4775	4317	458	622057
1301	19	102	2	0	0	0	0	1	0	1024	0	0	1024	0	1024	2048	1203	0	1590	438	30	408	3231
1302	26	2	0	0	128	128	16	1	8192	1024	1024	217088	2048	2048	0	221184	2960	2853	555818	3798	3387	411	565429
1303	29	30	0	0	128	128	16	1	8192	1024	1024	502784	4096	4096	0	508928	2894	2391	1290453	10654	10243	411	1306392
1304	36	10	3	0	0	0	0	1	0	1024	0	0	0	0	0	1024	1773	0	746	217	30	187	2736
1305	41	70	0	0	128	128	16	1	8192	1024	3072	226304	2048	2048	0	232448	2934	5712	580728	4913	4468	445	594287
1306	50	14	2	0	0	0	0	1	0	1024	0	1024	0	0	0	2048	1912	0	2056	216	30	186	4184
1307	53	46	5	0	0	0	0	1	0	1024	0	4096	0	0	0	5120	2192	0	9982	217	30	187	12391
1308	57	26	0	0	128	128	16	1	8192	1024	3072	224256	2048	2048	0	230400	3071	5710	576648	5157	4744	413	590586
1309	4	35	2	0	0	0	0	1	0	1024	0	0	1024	1024	0	2048	1760	0	1857	215	30	185	3832
1310	8	99	5	0	0	0	0	1	0	1024	0	3072	0	0	0	4096	2155	0	8255	217	30	187	10627
1311	12	79	0	0	128	128	16	1	8192	1024	2048	232448	2048	2048	0	237568	2539	4093	595237	4920	4468	452	606789
1312	19	103	2	0	0	0	0	1	0	1024	0	1024	0	0	0	2048	1682	0	1525	451	30	421	3658
1313	26	3	0	0	128	128	16	1	8192	1024	1024	224256	2048	1024	1024	228352	2815	2779	572866	4513	4090	423	582973
1314	29	31	0	0	128	128	16	1	8192	1024	1024	501760	5120	4096	1024	508928	2864	2935	1287460	10727	10302	425	1303986
1315	36	11	3	0	0	0	0	1	0	1024	0	0	0	0	0	1024	1576	0	896	217	30	187	2689
1316	41	71	0	0	128	128	16	1	8192	1024	2048	230400	2048	2048	0	235520	2923	5143	589868	4530	4085	445	602464
1317	50	15	2	0	0	0	0	1	0	1024	0	1024	0	0	0	2048	1860	0	2121	217	30	187	4198
1318	53	47	5	0	0	0	0	1	0	1024	0	4096	0	0	0	5120	2148	0	10040	215	30	185	12403
1319	57	27	0	0	128	128	16	1	8192	1024	2048	232448	2048	2048	0	237568	2969	3208	595948	5133	4695	438	607258
1320	4	36	2	0	0	0	0	1	0	1024	0	0	1024	0	1024	2048	1767	0	1841	219	30	189	3827
1321	8	100	5	0	0	0	0	1	0	1024	0	3072	0	0	0	4096	2207	0	7701	217	30	187	10125
1322	12	80	0	0	128	128	16	1	8192	1024	2048	234496	1024	1024	0	238592	2732	4571	599623	4021	3609	412	610947
1323	19	104	2	0	0	0	0	1	0	1024	0	1024	0	0	0	2048	1695	0	1457	436	30	406	3588
1324	26	4	0	0	128	128	16	1	8192	1024	1024	220160	2048	2048	0	224256	2843	2752	563001	5904	5492	412	574500
1325	30	0	1	1	0	0	0	1	0	1024	0	4096	7168	7168	0	12288	1696	0	10775	19871	19684	187	32342
1326	36	12	3	0	0	0	0	1	0	1024	0	0	0	0	0	1024	1660	0	670	218	30	188	2548
1327	41	72	0	0	128	128	16	1	8192	1024	2048	226304	1024	1024	0	230400	3011	4509	578499	4531	3947	584	590550
1328	50	16	2	0	0	0	0	1	0	1024	0	1024	0	0	0	2048	1882	0	2342	216	30	186	4440
1329	53	48	5	0	0	0	0	1	0	1024	0	4096	0	0	0	5120	2148	0	10359	217	30	187	12724
1330	57	28	0	0	128	128	16	1	8192	1024	2048	230400	2048	2048	0	235520	3006	4002	591022	5267	4845	422	603297
1331	4	37	2	0	0	0	0	1	0	1024	0	1024	0	0	0	2048	1794	0	2011	215	30	185	4020
1332	8	101	5	0	0	0	0	1	0	1024	0	3072	0	0	0	4096	1970	0	7459	217	30	187	9646
1333	12	81	0	0	128	128	16	1	8192	1024	2048	233472	2048	2048	0	238592	2742	4709	599106	4265	3848	417	610822
1334	19	105	2	0	0	0	0	1	0	1024	0	1024	0	0	0	2048	1692	0	1641	419	30	389	3752
1335	26	5	0	0	128	128	16	1	8192	1024	1024	224256	2048	2048	0	228352	2990	3061	573832	5321	4837	484	585204
1336	30	1	1	0	0	0	0	1	0	1024	0	4096	7168	7168	0	12288	1723	0	10519	20112	19924	188	32354
1337	36	13	3	0	0	0	0	1	0	1024	0	0	0	0	0	1024	1424	0	860	217	30	187	2501
1338	41	73	0	0	128	128	16	1	8192	1024	3072	224256	2048	1024	1024	230400	3037	6960	573288	5247	4846	401	588532
1339	50	17	2	0	0	0	0	1	0	1024	0	1024	0	0	0	2048	1893	0	2227	220	30	190	4340
1340	53	49	5	0	0	0	0	1	0	1024	0	4096	0	0	0	5120	2169	0	10235	217	30	187	12621
1341	57	29	0	0	128	128	16	1	8192	1024	3072	232448	2048	1024	1024	238592	3066	6374	595182	5144	4737	407	609766
1342	4	38	2	0	0	0	0	1	0	1024	0	0	1024	0	1024	2048	1818	0	1778	217	30	187	3813
1343	8	102	5	0	0	0	0	1	0	1024	0	3072	0	0	0	4096	1997	0	7359	217	30	187	9573
1344	12	82	0	0	128	128	16	1	8192	1024	2048	234496	1024	1024	0	238592	2870	4056	599916	4886	4387	499	611728
1345	19	106	2	0	0	0	0	1	0	1024	0	0	0	0	0	1024	1130	0	1547	414	30	384	3091
1346	26	6	0	0	128	128	16	1	8192	1024	1024	226304	2048	2048	0	230400	3045	2758	579375	4908	4355	553	590086
1347	30	2	1	0	0	0	0	1	0	1024	0	4096	7168	7168	0	12288	1742	0	9952	20669	20481	188	32363
1348	36	14	3	0	0	0	0	1	0	1024	0	0	0	0	0	1024	1619	0	773	217	30	187	2609
1349	41	74	0	0	128	128	16	1	8192	1024	2048	227328	1024	1024	0	231424	2963	3347	582352	4906	4513	393	593568
1350	50	18	2	0	0	0	0	1	0	1024	0	1024	0	0	0	2048	1904	0	1989	216	30	186	4109
1351	53	50	5	0	0	0	0	1	0	1024	0	4096	0	0	0	5120	2200	0	10125	215	30	185	12540
1352	57	30	0	0	128	128	16	1	8192	1024	2048	225280	2048	2048	0	230400	3145	5467	577219	4397	3916	481	590228
1353	4	39	2	0	0	0	0	1	0	1024	0	0	1024	0	1024	2048	1793	0	1811	215	30	185	3819
1354	8	103	5	0	0	0	0	1	0	1024	0	3072	0	0	0	4096	2266	0	7632	217	30	187	10115
1355	12	83	0	0	128	128	16	1	8192	1024	3072	236544	2048	2048	0	242688	2748	6178	606859	4800	4373	427	620585
1356	19	107	2	0	0	0	0	1	0	1024	0	0	1024	0	1024	2048	1155	0	1649	428	30	398	3232
1357	26	7	0	0	128	128	16	1	8192	1024	1024	233472	2048	1024	1024	237568	2970	2633	597091	4254	3826	428	606948
1358	30	3	1	0	0	0	0	1	0	1024	0	4096	7168	7168	0	12288	1708	0	10455	20168	19980	188	32331
1359	36	15	3	0	0	0	0	1	0	1024	0	0	0	0	0	1024	1629	0	650	218	30	188	2497
1360	41	75	0	0	128	128	16	1	8192	1024	2048	230400	2048	2048	0	235520	2932	4359	590890	5083	4629	454	603264
1361	50	19	2	0	0	0	0	1	0	1024	0	1024	0	0	0	2048	1846	0	2037	217	31	186	4100
1362	53	51	5	0	0	0	0	1	0	1024	0	4096	0	0	0	5120	2159	0	10233	217	30	187	12609
1363	57	31	0	0	128	128	16	1	8192	1024	3072	224256	2048	2048	0	230400	3036	5955	576251	5723	5319	404	590965
1364	4	40	2	0	0	0	0	1	0	1024	0	0	1024	1024	0	2048	1789	0	1853	215	30	185	3857
1365	8	104	5	0	0	0	0	1	0	1024	0	3072	0	0	0	4096	1595	0	7624	217	30	187	9436
1366	12	84	0	0	128	128	16	1	8192	1024	2048	233472	2048	2048	0	238592	2808	5396	596284	4873	4430	443	609361
1367	19	108	2	0	0	0	0	1	0	1024	0	1024	0	0	0	2048	1652	0	1458	441	30	411	3551
1368	26	8	0	0	128	128	16	1	8192	1024	1024	228352	1024	1024	0	231424	2971	2639	582209	4329	3905	424	592148
1369	32	0	0	1	128	128	16	1	8192	1024	2048	144384	2048	2048	0	149504	2984	3355	372406	3729	3318	411	382474
1370	36	16	3	0	0	0	0	1	0	1024	0	0	0	0	0	1024	1448	0	909	217	30	187	2574
1371	41	76	0	0	128	128	16	1	8192	1024	1024	225280	2048	1024	1024	229376	2813	2517	575400	4404	3976	428	585134
1372	50	20	2	0	0	0	0	1	0	1024	0	1024	0	0	0	2048	1838	0	2353	216	30	186	4407
1373	53	52	5	0	0	0	0	1	0	1024	0	4096	0	0	0	5120	2134	0	10723	217	30	187	13074
1374	57	32	0	0	128	128	16	1	8192	1024	1024	228352	2048	1024	1024	232448	2964	2928	583192	4260	3844	416	593344
1375	4	41	2	0	0	0	0	1	0	1024	0	1024	0	0	0	2048	1737	0	2109	217	30	187	4063
1376	8	105	5	0	0	0	0	1	0	1024	0	3072	0	0	0	4096	2302	0	7959	217	30	187	10478
1377	12	85	0	0	128	128	16	1	8192	1024	2048	241664	2048	2048	0	246784	2706	4415	619708	4760	4308	452	631589
1378	19	109	2	0	0	0	0	1	0	1024	0	1024	0	0	0	2048	1652	0	1453	458	30	428	3563
1379	26	9	0	0	128	128	16	1	8192	1024	2048	227328	2048	2048	0	232448	2863	3206	583936	4370	3938	432	594375
1380	32	1	0	0	128	128	16	1	8192	1024	1024	144384	2048	2048	0	148480	2934	2702	369751	4275	3845	430	379662
1381	36	17	3	0	0	0	0	1	0	1024	0	0	0	0	0	1024	1570	0	903	217	30	187	2690
1382	41	77	0	0	128	128	16	1	8192	1024	2048	232448	2048	1024	1024	237568	2913	5450	593210	5253	4807	446	606826
1383	50	21	2	0	0	0	0	1	0	1024	0	1024	0	0	0	2048	1827	0	2102	216	30	186	4145
1384	53	53	5	0	0	0	0	1	0	1024	0	4096	0	0	0	5120	2133	0	10898	217	30	187	13248
1385	57	33	0	0	128	128	16	1	8192	1024	2048	231424	2048	2048	0	236544	2973	5093	592007	4554	4069	485	604627
1386	4	42	2	0	0	0	0	1	0	1024	0	1024	0	0	0	2048	1738	0	2030	215	30	185	3983
1387	8	106	5	0	0	0	0	1	0	1024	0	3072	0	0	0	4096	2204	0	7541	217	30	187	9962
1388	12	86	0	0	128	128	16	1	8192	1024	2048	234496	2048	2048	0	239616	2717	4150	601883	4583	4074	509	613333
1389	19	110	2	0	0	0	0	1	0	1024	0	0	1024	0	1024	2048	1568	0	1408	441	30	411	3417
1390	26	10	0	0	128	128	16	1	8192	1024	1024	224256	1024	1024	0	227328	2845	2943	571890	4321	3855	466	581999
1391	32	2	0	0	128	128	16	1	8192	1024	1024	145408	1024	1024	0	148480	2978	2903	371551	3627	3212	415	381059
1392	36	18	3	0	0	0	0	1	0	1024	0	0	0	0	0	1024	1604	0	749	217	30	187	2570
1393	41	78	0	0	128	128	16	1	8192	1024	3072	230400	2048	1024	1024	236544	3002	6360	589750	5361	4904	457	604473
1394	50	22	2	0	0	0	0	1	0	1024	0	1024	0	0	0	2048	1795	0	2060	219	32	187	4074
1395	53	54	5	0	0	0	0	1	0	1024	0	4096	0	0	0	5120	2160	0	10585	217	30	187	12962
1396	57	34	0	0	128	128	16	1	8192	1024	3072	229376	1024	1024	0	234496	3098	6396	587316	4439	4004	435	601249
1397	4	43	2	0	0	0	0	1	0	1024	0	0	1024	0	1024	2048	1797	0	1800	217	30	187	3814
1398	8	107	5	0	0	0	0	1	0	1024	0	3072	0	0	0	4096	2168	0	7388	217	30	187	9773
1399	12	87	0	0	128	128	16	1	8192	1024	2048	234496	1024	1024	0	238592	2792	5384	597981	3899	3486	413	610056
1400	19	111	2	0	0	0	0	1	0	1024	0	0	1024	0	1024	2048	1631	0	1379	434	30	404	3444
1401	26	11	0	0	128	128	16	1	8192	1024	1024	226304	2048	2048	0	230400	2985	2623	578829	4395	3951	444	588832
1402	32	3	0	0	128	128	16	1	8192	1024	1024	145408	1024	1024	0	148480	3033	2892	370688	3576	3173	403	380189
1403	36	19	3	0	0	0	0	1	0	1024	0	0	0	0	0	1024	1703	0	681	217	30	187	2601
1404	41	79	0	0	128	128	16	1	8192	1024	2048	224256	2048	2048	0	229376	2866	4161	573624	5038	4556	482	585689
1405	50	23	2	0	0	0	0	1	0	1024	0	1024	0	0	0	2048	1902	0	2004	215	30	185	4121
1406	53	55	5	0	0	0	0	1	0	1024	0	4096	0	0	0	5120	2176	0	10663	218	30	188	13057
1407	57	35	0	0	128	128	16	1	8192	1024	3072	232448	2048	1024	1024	238592	3126	5659	595961	4359	3797	562	609105
1408	4	44	2	0	0	0	0	1	0	1024	0	1024	0	0	0	2048	1836	0	1799	218	30	188	3853
1409	8	108	5	0	0	0	0	1	0	1024	0	3072	1024	0	1024	5120	1852	0	8979	218	30	188	11049
1410	12	88	0	0	128	128	16	1	8192	1024	5120	262144	2048	2048	0	270336	2768	11189	673365	3598	3140	458	690920
1411	19	112	2	0	0	0	0	1	0	1024	0	1024	0	0	0	2048	1275	0	1803	481	30	451	3559
1412	26	12	0	0	128	128	16	1	8192	1024	5120	265216	1024	1024	0	272384	2721	11464	678614	3854	3401	453	696653
1413	32	4	0	0	128	128	16	1	8192	1024	2048	144384	1024	1024	0	148480	2854	3435	370936	3898	3444	454	381123
1414	36	20	3	0	0	0	0	1	0	1024	0	0	0	0	0	1024	1816	0	685	218	30	188	2719
1415	41	80	0	0	128	128	16	1	8192	1024	4096	265216	1024	1024	0	271360	2852	10471	677735	3857	3403	454	694915
1416	50	24	2	0	0	0	0	1	0	1024	0	1024	0	0	0	2048	1807	0	2252	225	30	195	4284
1417	53	56	5	0	0	0	0	1	0	1024	0	4096	0	0	0	5120	2062	0	10737	218	30	188	13017
1418	57	36	0	0	128	128	16	1	8192	1024	5120	262144	2048	1024	1024	270336	3106	11145	672364	3875	3423	452	690490
1419	4	45	2	0	0	0	0	1	0	1024	0	1024	0	0	0	2048	1780	0	1887	218	30	188	3885
1420	8	109	5	0	0	0	0	1	0	1024	0	3072	0	0	0	4096	2092	0	8897	217	30	187	11206
1421	12	89	0	0	128	128	16	1	8192	1024	5120	262144	2048	2048	0	270336	2434	11414	673426	3595	3159	436	690869
1422	19	113	2	0	0	0	0	1	0	1024	0	1024	0	0	0	2048	1671	0	1544	464	30	434	3679
1423	26	13	0	0	128	128	16	1	8192	1024	4096	262144	2048	2048	0	269312	2766	9925	671700	3847	3413	434	688238
1424	32	5	0	0	128	128	16	1	8192	1024	2048	144384	2048	1024	1024	149504	2896	3476	371840	3882	3445	437	382094
1425	36	21	3	0	0	0	0	1	0	1024	0	0	0	0	0	1024	1405	0	941	217	30	187	2563
1426	41	81	0	0	128	128	16	1	8192	1024	4096	261120	2048	2048	0	268288	2896	9310	669713	3871	3436	435	685790
1427	50	25	2	0	0	0	0	1	0	1024	0	1024	0	0	0	2048	1779	0	2590	218	30	188	4587
1428	53	57	5	0	0	0	0	1	0	1024	0	4096	0	0	0	5120	2091	0	10781	218	30	188	13090
1429	57	37	0	0	128	128	16	1	8192	1024	5120	258048	2048	2048	0	266240	3142	10535	663711	3907	3472	435	681295
1430	4	46	2	0	0	0	0	1	0	1024	0	1024	0	0	0	2048	1677	0	1924	216	30	186	3817
1431	8	110	5	0	0	0	0	1	0	1024	0	3072	0	0	0	4096	2083	0	8724	218	30	188	11025
1432	12	90	0	0	128	128	16	1	8192	1024	3072	267264	2048	1024	1024	273408	2451	7348	685135	3541	3121	420	698475
1433	19	114	2	0	0	0	0	1	0	1024	0	1024	0	0	0	2048	1623	0	1529	448	30	418	3600
1434	26	14	0	0	128	128	16	1	8192	1024	5120	260096	1024	1024	0	267264	2789	11466	665645	3820	3401	419	683720
1435	32	6	0	0	128	128	16	1	8192	1024	1024	145408	2048	1024	1024	149504	2922	3022	372165	3881	3460	421	381990
1436	36	22	3	0	0	0	0	1	0	1024	0	0	0	0	0	1024	1447	0	902	218	30	188	2567
1437	41	82	0	0	128	128	16	1	8192	1024	4096	262144	2048	1024	1024	269312	2900	9431	671887	3800	3379	421	688018
1438	50	26	2	0	0	0	0	1	0	1024	0	1024	0	0	0	2048	1795	0	2275	218	30	188	4288
1439	53	58	5	0	0	0	0	1	0	1024	0	4096	0	0	0	5120	2137	0	10779	217	30	187	13133
1440	57	38	0	0	128	128	16	1	8192	1024	4096	266240	1024	1024	0	272384	3123	9689	680833	3811	3397	414	697456
1441	4	47	2	0	0	0	0	1	0	1024	0	1024	0	0	0	2048	1688	0	1953	217	30	187	3858
1442	8	111	5	0	0	0	0	1	0	1024	0	3072	0	0	0	4096	2048	0	8094	218	30	188	10360
1443	12	91	0	0	128	128	16	1	8192	1024	4096	263168	1024	1024	0	269312	2311	8849	674064	3530	3116	414	688754
1444	19	115	2	0	0	0	0	1	0	1024	0	1024	0	0	0	2048	1731	0	1463	442	30	412	3636
1445	26	15	0	0	128	128	16	1	8192	1024	4096	268288	1024	1024	0	274432	2699	10835	685170	4236	3823	413	702940
1446	32	7	0	0	128	128	16	1	8192	1024	2048	144384	1024	1024	0	148480	2947	3273	371622	3847	3434	413	381689
1447	36	23	3	0	0	0	0	1	0	1024	0	0	0	0	0	1024	1713	0	671	218	30	188	2602
1448	41	83	0	0	128	128	16	1	8192	1024	5120	263168	1024	1024	0	270336	2911	10960	674624	3725	3310	415	692220
1449	50	27	2	0	0	0	0	1	0	1024	0	1024	0	0	0	2048	1826	0	2238	227	30	197	4291
1450	53	59	5	0	0	0	0	1	0	1024	0	4096	0	0	0	5120	2147	0	10653	218	30	188	13018
1451	57	39	0	0	128	128	16	1	8192	1024	4096	264192	2048	2048	0	271360	3188	10360	676544	3745	3335	410	693837
1452	4	48	2	0	0	0	0	1	0	1024	0	1024	0	0	0	2048	1674	0	2035	216	30	186	3925
1453	8	112	5	0	0	0	0	1	0	1024	0	3072	0	0	0	4096	2145	0	8128	218	30	188	10491
1454	12	92	0	0	128	128	16	1	8192	1024	5120	266240	2048	2048	0	274432	2659	10897	684349	3577	3152	425	701482
1455	19	116	2	0	0	0	0	1	0	1024	0	1024	0	0	0	2048	1643	0	1514	454	30	424	3611
1456	26	16	0	0	128	128	16	1	8192	1024	5120	263168	2048	2048	0	271360	2754	11149	676374	3793	3369	424	694070
1457	31	0	0	0	128	128	16	1	8192	1024	2048	144384	2048	2048	0	149504	2879	3561	372129	3842	3420	422	382411
1458	36	24	3	0	0	0	0	1	0	1024	0	0	0	0	0	1024	1718	0	707	218	30	188	2643
1459	41	84	0	0	128	128	16	1	8192	1024	4096	265216	2048	2048	0	272384	2887	9366	680415	3785	3358	427	696453
1460	50	28	2	0	0	0	0	1	0	1024	0	1024	0	0	0	2048	1791	0	2492	220	31	189	4503
1461	53	60	5	0	0	0	0	1	0	1024	0	4096	0	0	0	5120	2014	0	10698	218	30	188	12930
1462	57	40	0	0	128	128	16	1	8192	1024	5120	262144	2048	2048	0	270336	3158	11109	673454	3806	3383	423	691527
1463	4	49	2	0	0	0	0	1	0	1024	0	1024	0	0	0	2048	1740	0	2007	218	30	188	3965
1464	8	113	5	0	0	0	0	1	0	1024	0	3072	0	0	0	4096	2150	0	8246	217	30	187	10613
1465	12	93	0	0	128	128	16	1	8192	1024	5120	262144	2048	1024	1024	270336	2926	11106	672343	3607	3169	438	689982
1466	19	117	2	0	0	0	0	1	0	1024	0	1024	0	0	0	2048	1276	0	1790	467	30	437	3533
1467	26	17	0	0	128	128	16	1	8192	1024	4096	260096	2048	1024	1024	267264	2713	10575	664528	3859	3419	440	681675
1468	31	1	0	0	128	128	16	1	8192	1024	2048	144384	1024	1024	0	148480	2863	3326	371360	3914	3474	440	381463
1469	36	25	3	0	0	0	0	1	0	1024	0	0	0	0	0	1024	1656	0	957	218	30	188	2831
1470	41	85	0	0	128	128	16	1	8192	1024	4096	260096	2048	2048	0	267264	2848	10215	666210	3826	3385	441	683099
1471	50	29	2	0	0	0	0	1	0	1024	0	1024	0	0	0	2048	1692	0	2241	218	30	188	4151
1472	53	61	5	0	0	0	0	1	0	1024	0	4096	0	0	0	5120	2111	0	10698	217	30	187	13026
1473	57	41	0	0	128	128	16	1	8192	1024	5120	265216	1024	1024	0	272384	2904	11037	678682	3861	3426	435	696484
1474	4	50	2	0	0	0	0	1	0	1024	0	1024	0	0	0	2048	1646	0	2081	219	31	188	3946
1475	8	114	5	0	0	0	0	1	0	1024	0	3072	0	0	0	4096	1816	0	8424	218	30	188	10458
1476	12	94	0	0	128	128	16	1	8192	1024	5120	268288	1024	1024	0	275456	3235	10920	687077	3591	3135	456	704823
1477	19	118	2	0	0	0	0	1	0	1024	0	1024	0	0	0	2048	1291	0	1796	486	30	456	3573
1478	26	18	0	0	128	128	16	1	8192	1024	4096	264192	2048	2048	0	271360	2705	10578	675910	3823	3366	457	693016
1479	31	2	0	0	128	128	16	1	8192	1024	2048	144384	2048	1024	1024	149504	2829	3478	371884	3931	3472	459	382122
1480	36	26	3	0	0	0	0	1	0	1024	0	0	0	0	0	1024	1511	0	967	218	30	188	2696
1481	41	86	0	0	128	128	16	1	8192	1024	4096	262144	1024	1024	0	268288	2842	9411	671213	3881	3422	459	687347
1482	50	30	2	0	0	0	0	1	0	1024	0	1024	0	0	0	2048	1777	0	2318	221	31	190	4316
1483	53	62	5	0	0	0	0	1	0	1024	0	4096	0	0	0	5120	2174	0	10656	218	30	188	13048
1484	57	42	0	0	128	128	16	1	8192	1024	5120	259072	2048	2048	0	267264	3049	11378	665264	3861	3405	456	683552
1485	4	51	2	0	0	0	0	1	0	1024	0	1024	0	0	0	2048	1656	0	2010	218	30	188	3884
1486	8	115	5	0	0	0	0	1	0	1024	0	3072	0	0	0	4096	2072	0	8029	218	30	188	10319
1487	12	95	0	0	128	128	16	1	8192	1024	4096	266240	1024	1024	0	272384	2860	9933	681442	3558	3114	444	697793
1488	19	119	2	0	0	0	0	1	0	1024	0	1024	0	0	0	2048	1643	0	1514	464	30	434	3621
1489	26	19	0	0	128	128	16	1	8192	1024	5120	265216	2048	1024	1024	273408	2686	10905	680851	3778	3335	443	698220
1490	31	3	0	0	128	128	16	1	8192	1024	1024	145408	1024	1024	0	148480	2834	3122	370946	3876	3437	439	380778
1491	36	27	3	0	0	0	0	1	0	1024	0	0	0	0	0	1024	1546	0	907	218	30	188	2671
1492	41	87	0	0	128	128	16	1	8192	1024	5120	267264	2048	2048	0	275456	2845	11276	686600	3778	3337	441	704499
1493	50	31	2	0	0	0	0	1	0	1024	0	1024	0	0	0	2048	1788	0	2300	219	30	189	4307
1494	53	63	5	0	0	0	0	1	0	1024	0	4096	0	0	0	5120	2055	0	10689	218	30	188	12962
1495	57	43	0	0	128	128	16	1	8192	1024	4096	263168	2048	2048	0	270336	3085	10250	674318	3759	3316	443	691412
1496	4	52	2	0	0	0	0	1	0	1024	0	1024	0	0	0	2048	2171	0	1458	216	30	186	3845
1497	8	116	5	0	0	0	0	1	0	1024	0	3072	0	0	0	4096	1994	0	8112	217	30	187	10323
1498	12	96	0	0	128	128	16	1	8192	1024	4096	270336	1024	1024	0	276480	2597	10637	690636	3546	3114	432	707416
1499	19	120	2	0	0	0	0	1	0	1024	0	1024	0	0	0	2048	1640	0	1456	459	30	429	3555
1500	26	20	0	0	128	128	16	1	8192	1024	5120	263168	1024	1024	0	270336	2643	11129	674059	3675	3243	432	691506
1501	31	4	0	0	128	128	16	1	8192	1024	1024	145408	2048	2048	0	149504	2864	3118	372890	3782	3351	431	382654
1502	36	28	3	0	0	0	0	1	0	1024	0	0	0	0	0	1024	1613	0	871	218	30	188	2702
1503	41	88	0	0	128	128	16	1	8192	1024	4096	267264	1024	1024	0	273408	2914	10027	682549	3685	3255	430	699175
1504	49	0	2	0	0	0	0	1	0	1024	0	1024	0	0	0	2048	1715	0	2221	218	30	188	4154
1505	53	64	5	0	0	0	0	1	0	1024	0	4096	0	0	0	5120	2025	0	10530	218	30	188	12773
1506	57	44	0	0	128	128	16	1	8192	1024	5120	259072	1024	1024	0	266240	3129	10532	664032	3729	3301	428	681422
1507	4	53	2	0	0	0	0	1	0	1024	0	0	1024	1024	0	2048	1679	0	1920	215	30	185	3814
1508	8	117	5	0	0	0	0	1	0	1024	0	3072	0	0	0	4096	2136	0	8091	218	30	188	10445
1509	12	97	0	0	128	128	16	1	8192	1024	3072	260096	2048	1024	1024	266240	2508	7757	666016	3451	3034	417	679732
1510	19	121	2	0	0	0	0	1	0	1024	0	1024	0	0	0	2048	1647	0	1440	453	30	423	3540
1511	26	21	0	0	128	128	16	1	8192	1024	4096	264192	2048	1024	1024	271360	2802	9180	677336	3621	3206	415	692939
1512	31	5	0	0	128	128	16	1	8192	1024	1024	145408	1024	1024	0	148480	2931	2639	371387	3672	3257	415	380629
1513	36	29	3	0	0	0	0	1	0	1024	0	0	0	0	0	1024	1405	0	886	218	30	188	2509
1514	41	89	0	0	128	128	16	1	8192	1024	3072	263168	2048	1024	1024	269312	2880	7999	673198	3649	3233	416	687726
1515	49	1	2	0	0	0	0	1	0	1024	0	1024	0	0	0	2048	1761	0	2161	218	31	187	4140
1516	53	65	5	0	0	0	0	1	0	1024	0	4096	0	0	0	5120	2031	0	10568	217	30	187	12816
1517	57	45	0	0	128	128	16	1	8192	1024	4096	266240	1024	1024	0	272384	3091	10370	680374	3697	3284	413	697532
1518	4	54	2	0	0	0	0	1	0	1024	0	1024	0	0	0	2048	1656	0	1944	216	30	186	3816
1519	8	118	5	0	0	0	0	1	0	1024	0	3072	0	0	0	4096	2154	0	7942	217	30	187	10313
1520	12	98	0	0	128	128	16	1	8192	1024	3072	262144	1024	1024	0	267264	2503	7998	669384	3500	3074	426	683385
1521	19	122	2	0	0	0	0	1	0	1024	0	0	1024	0	1024	2048	1199	0	1664	443	30	413	3306
1522	26	22	0	0	128	128	16	1	8192	1024	4096	262144	1024	1024	0	268288	2846	10219	669951	3714	3287	427	686730
1523	31	6	0	0	128	128	16	1	8192	1024	1024	145408	1024	1024	0	148480	2902	2391	371317	3975	3549	426	380585
1524	36	30	3	0	0	0	0	1	0	1024	0	0	0	0	0	1024	1776	0	655	217	30	187	2648
1525	41	90	0	0	128	128	16	1	8192	1024	4096	261120	2048	2048	0	268288	3002	9349	669825	3712	3283	429	685888
1526	49	2	2	0	0	0	0	1	0	1024	0	1024	0	0	0	2048	1765	0	2124	217	30	187	4106
1527	53	66	5	0	0	0	0	1	0	1024	0	4096	0	0	0	5120	2283	0	10286	217	30	187	12786
1528	57	46	0	0	128	128	16	1	8192	1024	4096	263168	1024	1024	0	269312	3218	9790	673533	3721	3298	423	690262
1529	4	55	2	0	0	0	0	1	0	1024	0	1024	0	0	0	2048	1824	0	1812	216	30	186	3852
1530	8	119	5	0	0	0	0	1	0	1024	0	3072	0	0	0	4096	1953	0	8779	218	30	188	10950
1531	12	99	0	0	128	128	16	1	8192	1024	4096	266240	1024	1024	0	272384	2268	10497	680118	3541	3100	441	696424
1532	19	123	2	0	0	0	0	1	0	1024	0	1024	0	0	0	2048	1245	0	1706	468	30	438	3419
1533	26	23	0	0	128	128	16	1	8192	1024	5120	262144	1024	1024	0	269312	2714	11117	670979	3780	3340	440	688590
1534	31	7	0	0	128	128	16	1	8192	1024	2048	144384	1024	1024	0	148480	2895	3395	370609	3813	3374	439	380712
1535	36	31	3	0	0	0	0	1	0	1024	0	0	0	0	0	1024	1827	0	680	218	30	188	2725
1536	41	91	0	0	128	128	16	1	8192	1024	4096	266240	2048	2048	0	273408	2950	10451	681817	3783	3348	435	699001
1537	49	3	2	0	0	0	0	1	0	1024	0	1024	0	0	0	2048	1760	0	2149	217	30	187	4126
1538	53	67	5	0	0	0	0	1	0	1024	0	4096	0	0	0	5120	2104	0	10417	218	30	188	12739
1539	57	47	0	0	128	128	16	1	8192	1024	4096	269312	1024	1024	0	275456	2968	9951	688693	3793	3358	435	705405
1540	4	56	2	0	0	0	0	1	0	1024	0	1024	0	0	0	2048	1660	0	1923	216	30	186	3799
1541	8	120	5	0	0	0	0	1	0	1024	0	3072	0	0	0	4096	2180	0	8403	218	30	188	10801
1542	12	100	0	0	128	128	16	1	8192	1024	3072	267264	2048	1024	1024	273408	2276	6512	685949	3544	3122	422	698281
1543	19	124	2	0	0	0	0	1	0	1024	0	1024	0	0	0	2048	1703	0	1506	451	30	421	3660
1544	26	24	0	0	128	128	16	1	8192	1024	5120	260096	1024	1024	0	267264	2766	11546	666306	3794	3371	423	684412
1545	31	8	0	0	128	128	16	1	8192	1024	1024	144384	2048	2048	0	148480	2921	3017	369861	4071	3653	418	379870
1546	38	0	5	1	0	0	0	1	0	1024	0	4096	0	0	0	5120	1670	0	10521	219	30	189	12410
1547	41	92	0	0	128	128	16	1	8192	1024	4096	263168	2048	2048	0	270336	2864	9494	675077	3784	3362	422	691219
1548	49	4	2	0	0	0	0	1	0	1024	0	1024	0	0	0	2048	1732	0	2163	217	30	187	4112
1549	53	68	5	0	0	0	0	1	0	1024	0	4096	0	0	0	5120	1979	0	10671	217	30	187	12867
1550	57	48	0	0	128	128	16	1	8192	1024	4096	266240	2048	1024	1024	273408	3138	10534	681289	3820	3401	419	698781
1551	4	57	2	0	0	0	0	1	0	1024	0	0	1024	1024	0	2048	1760	0	1794	216	30	186	3770
1552	8	121	5	0	0	0	0	1	0	1024	0	3072	0	0	0	4096	2235	0	8334	217	30	187	10786
1553	12	101	0	0	128	128	16	1	8192	1024	4096	267264	1024	1024	0	273408	2351	10148	683305	3521	3113	408	699325
1554	19	125	2	0	0	0	0	1	0	1024	0	1024	0	0	0	2048	1645	0	1458	436	30	406	3539
1555	26	25	0	0	128	128	16	1	8192	1024	4096	266240	2048	2048	0	273408	2814	10862	681301	3711	3301	410	698688
1556	31	9	0	0	128	128	16	1	8192	1024	1024	144384	2048	2048	0	148480	2957	3081	370122	3731	3326	405	379891
1557	38	1	5	0	0	0	0	1	0	1024	0	4096	0	0	0	5120	1612	0	10621	218	30	188	12451
1558	41	93	0	0	128	128	16	1	8192	1024	4096	262144	2048	1024	1024	269312	2852	9330	672217	3745	3337	408	688144
1559	49	5	2	0	0	0	0	1	0	1024	0	1024	0	0	0	2048	1703	0	2146	217	30	187	4066
1560	53	69	5	0	0	0	0	1	0	1024	0	4096	0	0	0	5120	2062	0	10586	217	30	187	12865
1561	57	49	0	0	128	128	16	1	8192	1024	4096	265216	1024	1024	0	271360	3118	10191	678194	3765	3362	403	695268
1562	4	58	2	0	0	0	0	1	0	1024	0	0	1024	0	1024	2048	1678	0	1840	216	30	186	3734
1563	8	122	5	0	0	0	0	1	0	1024	0	3072	0	0	0	4096	2196	0	7746	217	30	187	10159
1564	12	102	0	0	128	128	16	1	8192	1024	4096	266240	1024	1024	0	272384	2336	9214	682192	3407	3004	403	697149
1565	19	126	2	0	0	0	0	1	0	1024	0	0	1024	0	1024	2048	1144	0	1633	431	30	401	3208
1566	26	26	0	0	128	128	16	1	8192	1024	4096	262144	1024	1024	0	268288	2758	10470	669814	3661	3257	404	686703
1567	31	10	0	0	128	128	16	1	8192	1024	1024	145408	1024	1024	0	148480	2941	2805	371613	3729	3328	401	381088
1568	38	2	5	0	0	0	0	1	0	1024	0	4096	0	0	0	5120	2055	0	10137	232	30	202	12424
1569	41	94	0	0	128	128	16	1	8192	1024	4096	271360	1024	1024	0	277504	2864	8604	695326	4165	3763	402	710959
1570	49	6	2	0	0	0	0	1	0	1024	0	1024	0	0	0	2048	1718	0	2102	218	30	188	4038
1571	53	70	5	0	0	0	0	1	0	1024	0	4096	0	0	0	5120	2014	0	10687	217	30	187	12918
1572	57	50	0	0	128	128	16	1	8192	1024	4096	262144	2048	2048	0	269312	3041	10075	671963	3680	3282	398	688759
1573	4	59	2	0	0	0	0	1	0	1024	0	1024	0	0	0	2048	1674	0	1902	216	30	186	3792
1574	8	123	5	0	0	0	0	1	0	1024	0	3072	0	0	0	4096	2159	0	8316	217	30	187	10692
1575	12	103	0	0	128	128	16	1	8192	1024	3072	265216	1024	1024	0	270336	2345	8099	677607	3496	3082	414	691547
1576	19	127	2	0	0	0	0	1	0	1024	0	1024	0	0	0	2048	1633	0	1462	441	30	411	3536
1577	26	27	0	0	128	128	16	1	8192	1024	5120	265216	2048	1024	1024	273408	2963	11337	680517	3754	3341	413	698571
1578	31	11	0	0	128	128	16	1	8192	1024	2048	144384	1024	1024	0	148480	2922	3363	370652	3785	3372	413	380722
1579	38	3	5	0	0	0	0	1	0	1024	0	4096	0	0	0	5120	2031	0	10184	219	31	188	12434
1580	41	95	0	0	128	128	16	1	8192	1024	4096	269312	2048	1024	1024	276480	2832	9667	690322	3717	3304	413	706538
1581	49	7	2	0	0	0	0	1	0	1024	0	1024	0	0	0	2048	1687	0	2137	221	34	187	4045
1582	53	71	5	0	0	0	0	1	0	1024	0	4096	0	0	0	5120	2059	0	10621	218	30	188	12898
1583	57	51	0	0	128	128	16	1	8192	1024	4096	266240	2048	2048	0	273408	3070	10399	682191	3743	3331	412	699403
1584	4	60	2	0	0	0	0	1	0	1024	0	1024	0	0	0	2048	1768	0	1877	217	30	187	3862
1585	8	124	5	0	0	0	0	1	0	1024	0	3072	0	0	0	4096	2211	0	8435	217	30	187	10863
1586	12	104	0	0	128	128	16	1	8192	1024	4096	269312	2048	2048	0	276480	2309	10790	689306	4165	3737	428	706570
1587	22	0	3	0	0	0	0	1	0	1024	0	0	0	0	0	1024	2001	0	1121	220	32	188	3342
1588	26	28	0	0	128	128	16	1	8192	1024	4096	266240	2048	2048	0	273408	2940	10726	680900	3765	3336	429	698331
1589	31	12	0	0	128	128	16	1	8192	1024	1024	145408	1024	1024	0	148480	2895	2969	370913	3800	3375	425	380577
1590	38	4	5	0	0	0	0	1	0	1024	0	4096	0	0	0	5120	2085	0	10342	217	30	187	12644
1591	41	96	0	0	128	128	16	1	8192	1024	3072	218112	1024	1024	0	223232	2645	7070	557560	4122	3695	427	571397
1592	49	8	2	0	0	0	0	1	0	1024	0	1024	0	0	0	2048	1700	0	2245	221	30	191	4166
1593	53	72	5	0	0	0	0	1	0	1024	0	4096	0	0	0	5120	1973	0	10270	218	30	188	12461
1594	57	52	0	0	128	128	16	1	8192	1024	5120	264192	2048	1024	1024	272384	2966	10640	678005	3801	3376	425	695412
1595	4	61	2	0	0	0	0	1	0	1024	0	1024	0	0	0	2048	1673	0	1939	216	30	186	3828
1596	8	125	5	0	0	0	0	1	0	1024	0	3072	0	0	0	4096	2142	0	8799	217	30	187	11158
1597	12	105	0	0	128	128	16	1	8192	1024	4096	262144	2048	1024	1024	269312	2887	10275	671231	3531	3085	446	687924
1598	22	1	3	0	0	0	0	1	0	1024	0	0	0	0	0	1024	1775	0	1110	217	30	187	3102
1599	26	29	0	0	128	128	16	1	8192	1024	4096	263168	2048	1024	1024	270336	2927	10237	673246	3772	3326	446	690182
1600	31	13	0	0	128	128	16	1	8192	1024	2048	144384	1024	1024	0	148480	2843	3337	371377	3819	3372	447	381376
1601	38	5	5	0	0	0	0	1	0	1024	0	4096	0	0	0	5120	1701	0	10780	217	30	187	12698
1602	41	97	0	0	128	128	16	1	8192	1024	3072	225280	2048	2048	0	231424	2630	8061	576183	4176	3733	443	591050
1603	49	9	2	0	0	0	0	1	0	1024	0	1024	0	0	0	2048	1761	0	2187	217	30	187	4165
1604	53	73	5	0	0	0	0	1	0	1024	0	4096	0	0	0	5120	2151	0	10136	218	30	188	12505
1605	57	53	0	0	128	128	16	1	8192	1024	4096	268288	2048	1024	1024	275456	3112	8887	688319	3776	3334	442	704094
1606	4	62	2	0	0	0	0	1	0	1024	0	1024	0	0	0	2048	1701	0	1900	217	31	186	3818
1607	8	126	5	0	0	0	0	1	0	1024	0	3072	0	0	0	4096	2123	0	8257	218	30	188	10598
1608	12	106	0	0	128	128	16	1	8192	1024	4096	260096	2048	2048	0	267264	2259	8509	668790	4090	3660	430	683648
1609	22	2	3	0	0	0	0	1	0	1024	0	0	0	0	0	1024	1768	0	1124	222	30	192	3114
1610	26	30	0	0	128	128	16	1	8192	1024	4096	264192	2048	1024	1024	271360	2915	10881	675776	3673	3243	430	693245
1611	31	14	0	0	128	128	16	1	8192	1024	2048	144384	2048	1024	1024	149504	2866	3332	372149	3738	3309	429	382085
1612	38	6	5	0	0	0	0	1	0	1024	0	4096	0	0	0	5120	1652	0	10717	218	30	188	12587
1613	41	98	0	0	128	128	16	1	8192	1024	3072	221184	1024	1024	0	226304	2637	7279	565088	4029	3601	428	579033
1614	49	10	2	0	0	0	0	1	0	1024	0	1024	0	0	0	2048	1741	0	2166	217	30	187	4124
1615	53	74	5	0	0	0	0	1	0	1024	0	4096	0	0	0	5120	2061	0	10260	217	30	187	12538
1616	57	54	0	0	128	128	16	1	8192	1024	4096	265216	2048	1024	1024	272384	3151	9041	680160	3686	3259	427	696038
1617	4	63	2	0	0	0	0	1	0	1024	0	0	1024	0	1024	2048	1685	0	1888	216	30	186	3789
1618	8	127	5	0	0	0	0	1	0	1024	0	3072	0	0	0	4096	2157	0	7989	217	30	187	10363
1619	12	107	0	0	128	128	16	1	8192	1024	4096	265216	2048	2048	0	272384	2287	10633	678764	3386	2966	420	695070
1620	22	3	3	0	0	0	0	1	0	1024	0	0	0	0	0	1024	1786	0	1133	220	30	190	3139
1621	26	31	0	0	128	128	16	1	8192	1024	4096	261120	1024	1024	0	267264	2918	10576	665630	4232	3810	422	683356
1622	31	15	0	0	128	128	16	1	8192	1024	1024	145408	2048	2048	0	149504	2906	3252	372859	3670	3253	417	382687
1623	38	7	5	0	0	0	0	1	0	1024	0	4096	0	0	0	5120	2165	0	10327	218	30	188	12710
1624	41	99	0	0	128	128	16	1	8192	1024	3072	224256	1024	1024	0	229376	2822	5789	574594	4020	3595	425	587225
1625	49	11	2	0	0	0	0	1	0	1024	0	1024	0	0	0	2048	1727	0	2105	217	30	187	4049
1626	53	75	5	0	0	0	0	1	0	1024	0	4096	0	0	0	5120	2044	0	10282	218	30	188	12544
1627	57	55	0	0	128	128	16	1	8192	1024	4096	263168	1024	1024	0	269312	2975	9774	673025	3637	3219	418	689411
1628	4	64	2	0	0	0	0	1	0	1024	0	1024	0	0	0	2048	1752	0	2038	217	32	185	4007
1629	9	0	0	0	128	128	16	1	8192	1024	1024	144384	4096	4096	0	150528	2481	2332	369949	10814	10409	405	385576
1630	12	108	0	0	128	128	16	1	8192	1024	2048	264192	1024	1024	0	268288	2552	5214	676296	3390	2984	406	687452
1631	22	4	3	0	0	0	0	1	0	1024	0	0	0	0	0	1024	1936	0	991	222	35	187	3149
1632	26	32	0	0	128	128	16	1	8192	1024	3072	265216	1024	1024	0	270336	3006	8100	676740	3585	3179	406	691431
1633	31	16	0	0	128	128	16	1	8192	1024	1024	146432	1024	1024	0	149504	2986	2797	373655	3580	3172	408	383018
1634	38	8	5	0	0	0	0	1	0	1024	0	4096	0	0	0	5120	2178	0	10083	218	30	188	12479
1635	41	100	0	0	128	128	16	1	8192	1024	1024	216064	1024	1024	0	219136	2840	1717	552006	3706	3298	408	560269
1636	49	12	2	0	0	0	0	1	0	1024	0	1024	0	0	0	2048	1761	0	2034	216	30	186	4011
1637	53	76	5	0	0	0	0	1	0	1024	0	4096	0	0	0	5120	2033	0	9795	218	30	188	12046
1638	57	56	0	0	128	128	16	1	8192	1024	3072	263168	2048	2048	0	269312	3159	7313	674718	3646	3243	403	688836
1639	4	65	2	0	0	0	0	1	0	1024	0	0	1024	0	1024	2048	1742	0	1844	216	30	186	3802
1640	9	1	0	0	128	128	16	1	8192	1024	1024	144384	4096	4096	0	150528	2451	2933	370299	10904	10487	417	386587
1641	12	109	0	0	128	128	16	1	8192	1024	4096	263168	1024	1024	0	269312	2552	8810	674982	3465	3048	417	689809
1642	22	5	3	0	0	0	0	1	0	1024	0	0	0	0	0	1024	1783	0	1145	217	30	187	3145
1643	26	33	0	0	128	128	16	1	8192	1024	3072	266240	1024	1024	0	271360	2996	7468	681405	3637	3221	416	695506
1644	31	17	0	0	128	128	16	1	8192	1024	1024	145408	1024	1024	0	148480	2943	3082	371450	3634	3217	417	381109
1645	38	9	5	0	0	0	0	1	0	1024	0	4096	0	0	0	5120	1789	0	10675	217	30	187	12681
1646	41	101	0	0	128	128	16	1	8192	1024	1024	215040	1024	1024	0	218112	2827	2202	550008	3741	3325	416	558778
1647	49	13	2	0	0	0	0	1	0	1024	0	1024	0	0	0	2048	1728	0	2104	218	30	188	4050
1648	53	77	5	0	0	0	0	1	0	1024	0	4096	0	0	0	5120	2146	0	9679	217	30	187	12042
1649	57	57	0	0	128	128	16	1	8192	1024	4096	265216	1024	1024	0	271360	3183	8147	679990	3709	3294	415	695029
1650	4	66	2	0	0	0	0	1	0	1024	0	1024	0	0	0	2048	1695	0	1928	216	30	186	3839
1651	9	2	0	0	128	128	16	1	8192	1024	1024	144384	4096	4096	0	150528	2286	2521	369796	11093	10665	428	385696
1652	12	110	0	0	128	128	16	1	8192	1024	3072	265216	1024	1024	0	270336	2479	6747	679887	3469	3042	427	692582
1653	22	6	3	0	0	0	0	1	0	1024	0	0	0	0	0	1024	1767	0	1156	216	30	186	3139
1654	26	34	0	0	128	128	16	1	8192	1024	3072	266240	1024	1024	0	271360	2969	8050	680122	3704	3277	427	694845
1655	31	18	0	0	128	128	16	1	8192	1024	2048	144384	2048	1024	1024	149504	2922	3423	372030	3702	3274	428	382077
1656	38	10	5	0	0	0	0	1	0	1024	0	4096	0	0	0	5120	2162	0	10276	218	30	188	12656
1657	41	102	0	0	128	128	16	1	8192	1024	1024	214016	1024	1024	0	217088	2783	1807	547674	3850	3419	431	556114
1658	49	14	2	0	0	0	0	1	0	1024	0	1024	0	0	0	2048	1765	0	2129	217	30	187	4111
1659	53	78	5	0	0	0	0	1	0	1024	0	4096	0	0	0	5120	2105	0	9736	218	30	188	12059
1660	57	58	0	0	128	128	16	1	8192	1024	4096	269312	1024	1024	0	275456	3144	9207	689717	3733	3308	425	705801
1661	4	67	2	0	0	0	0	1	0	1024	0	0	1024	0	1024	2048	1747	0	1866	217	30	187	3830
1662	9	3	0	1	128	128	16	1	8192	1024	1024	145408	4096	4096	0	151552	2335	2676	371776	11016	10605	411	387803
1663	12	111	0	0	128	128	16	1	8192	1024	2048	264192	1024	1024	0	268288	2481	5796	674752	3539	3129	410	686568
1664	22	7	3	0	0	0	0	1	0	1024	0	0	0	0	0	1024	1772	0	1122	216	30	186	3110
1665	26	35	0	0	128	128	16	1	8192	1024	4096	265216	1024	1024	0	271360	2984	9987	679027	3744	3333	411	695742
1666	31	19	0	0	128	128	16	1	8192	1024	1024	145408	1024	1024	0	148480	2935	2950	371539	3699	3286	413	381123
1667	38	11	5	0	0	0	0	1	0	1024	0	4096	0	0	0	5120	1613	0	10850	217	30	187	12680
1668	41	103	0	0	128	128	16	1	8192	1024	1024	219136	1024	1024	0	222208	2847	2089	560214	3801	3389	412	568951
1669	49	15	2	0	0	0	0	1	0	1024	0	1024	0	0	0	2048	1727	0	2121	221	30	191	4069
1670	53	79	5	0	0	0	0	1	0	1024	0	4096	0	0	0	5120	2027	0	9783	217	30	187	12027
1671	57	59	0	0	128	128	16	1	8192	1024	3072	268288	2048	1024	1024	274432	3135	7851	687080	3796	3385	411	701862
1672	4	68	2	0	0	0	0	1	0	1024	0	0	1024	0	1024	2048	1781	0	1830	216	30	186	3827
1673	9	4	0	0	128	128	16	1	8192	1024	1024	144384	4096	4096	0	150528	2672	2573	370594	10862	10461	401	386701
1674	13	0	4	0	0	0	0	1	0	1024	0	29696	0	0	0	30720	1872	0	75674	217	30	187	77763
1675	22	8	3	0	0	0	0	1	0	1024	0	0	0	0	0	1024	1820	0	1127	219	30	189	3166
1676	26	36	0	0	128	128	16	1	8192	1024	3072	260096	2048	2048	0	266240	2919	6796	667171	3660	3260	400	680546
1677	31	20	0	0	128	128	16	1	8192	1024	2048	145408	1024	1024	0	149504	2979	3356	374277	3732	3333	399	384344
1678	38	12	5	0	0	0	0	1	0	1024	0	4096	0	0	0	5120	2135	0	9823	227	30	197	12185
1679	41	104	0	0	128	128	16	1	8192	1024	1024	217088	1024	1024	0	220160	2808	1723	556402	3819	3421	398	564752
1680	49	16	2	0	0	0	0	1	0	1024	0	1024	0	0	0	2048	1749	0	2107	219	30	189	4075
1681	53	80	5	0	0	0	0	1	0	1024	0	4096	0	0	0	5120	2014	0	9961	217	30	187	12192
1682	57	60	0	0	128	128	16	1	8192	1024	3072	267264	1024	1024	0	272384	3123	7813	683823	3722	3321	401	698481
1683	4	69	2	0	0	0	0	1	0	1024	0	0	1024	0	1024	2048	1817	0	1796	217	30	187	3830
1684	9	5	0	0	128	128	16	1	8192	1024	1024	144384	4096	4096	0	150528	2767	1919	370204	10775	10381	394	385665
1685	13	1	4	0	0	0	0	1	0	1024	0	28672	0	0	0	29696	1910	0	72896	217	30	187	75023
1686	22	9	3	0	0	0	0	1	0	1024	0	0	0	0	0	1024	1852	0	1293	218	30	188	3363
1687	26	37	0	0	128	128	16	1	8192	1024	3072	261120	1024	1024	0	266240	2982	6860	668340	3621	3228	393	681803
1688	31	21	0	0	128	128	16	1	8192	1024	1024	145408	1024	1024	0	148480	2981	1724	372336	3654	3262	392	380695
1689	38	13	5	0	0	0	0	1	0	1024	0	4096	0	0	0	5120	1754	0	10174	233	30	203	12161
1690	41	105	0	0	128	128	16	1	8192	1024	1024	216064	2048	2048	0	220160	2867	1362	555115	3700	3305	395	563044
1691	49	17	2	0	0	0	0	1	0	1024	0	1024	0	0	0	2048	1756	0	2060	218	30	188	4034
1692	53	81	5	0	0	0	0	1	0	1024	0	4096	0	0	0	5120	2022	0	9895	217	30	187	12134
1693	57	61	0	0	128	128	16	1	8192	1024	3072	269312	1024	1024	0	274432	3168	8118	687608	3637	3246	391	702531
1694	4	70	2	0	0	0	0	1	0	1024	0	0	1024	0	1024	2048	1768	0	1826	216	30	186	3810
1695	9	6	0	0	128	128	16	1	8192	1024	1024	144384	4096	4096	0	150528	2546	2630	369269	10833	10426	407	385278
1696	13	2	4	0	0	0	0	1	0	1024	0	29696	0	0	0	30720	1872	0	75680	217	30	187	77769
1697	22	10	3	0	0	0	0	1	0	1024	0	0	0	0	0	1024	1807	0	1137	219	33	186	3163
1698	26	38	0	0	128	128	16	1	8192	1024	3072	264192	2048	1024	1024	270336	2983	6480	677976	3662	3256	406	691101
1699	31	22	0	0	128	128	16	1	8192	1024	2048	145408	1024	1024	0	149504	2953	3565	373199	3677	3273	404	383394
1700	38	14	5	0	0	0	0	1	0	1024	0	4096	0	0	0	5120	2153	0	9780	215	30	185	12148
1701	41	106	0	0	128	128	16	1	8192	1024	1024	222208	2048	2048	0	226304	2814	2116	570001	3727	3323	404	578658
1702	49	18	2	0	0	0	0	1	0	1024	0	1024	0	0	0	2048	1736	0	2091	218	30	188	4045
1703	53	82	5	0	0	0	0	1	0	1024	0	4096	0	0	0	5120	2115	0	9834	217	30	187	12166
1704	57	62	0	0	128	128	16	1	8192	1024	4096	262144	1024	1024	0	268288	3148	8384	672560	3692	3287	405	687784
1705	4	71	2	0	0	0	0	1	0	1024	0	0	1024	0	1024	2048	1732	0	1884	216	30	186	3832
1706	9	7	0	0	128	128	16	1	8192	1024	1024	145408	4096	4096	0	151552	2535	2024	372171	10999	10580	419	387729
1707	13	3	4	1	0	0	0	1	0	1024	0	30720	0	0	0	31744	1820	0	78856	217	30	187	80893
1708	22	11	3	0	0	0	0	1	0	1024	0	0	0	0	0	1024	2047	0	916	216	30	186	3179
1709	26	39	0	0	128	128	16	1	8192	1024	4096	265216	2048	2048	0	272384	2973	9021	679911	3743	3323	420	695648
1710	31	23	0	0	128	128	16	1	8192	1024	2048	144384	2048	2048	0	149504	2927	3360	372087	4034	3616	418	382408
1711	38	15	5	0	0	0	0	1	0	1024	0	4096	0	0	0	5120	2164	0	9752	229	30	199	12145
1712	41	107	0	0	128	128	16	1	8192	1024	1024	211968	3072	3072	0	217088	2837	2084	543006	7939	7519	420	555866
1713	49	19	2	0	0	0	0	1	0	1024	0	1024	0	0	0	2048	1702	0	2156	218	30	188	4076
1714	53	83	5	0	0	0	0	1	0	1024	0	4096	0	0	0	5120	2174	0	9747	217	30	187	12138
1715	57	63	0	0	128	128	16	1	8192	1024	4096	262144	1024	1024	0	268288	3153	8958	671416	3780	3361	419	687307
1716	4	72	2	0	0	0	0	1	0	1024	0	1024	0	0	0	2048	1761	0	1925	217	31	186	3903
1717	9	8	0	0	128	128	16	1	8192	1024	1024	144384	4096	4096	0	150528	2452	2049	369767	11045	10607	438	385313
1718	14	0	0	0	128	128	16	1	8192	1024	1024	500736	4096	4096	0	506880	2557	2748	1284290	11140	10703	437	1300735
1719	22	12	3	0	0	0	0	1	0	1024	0	0	0	0	0	1024	1829	0	1066	218	30	188	3113
1720	26	40	0	0	128	128	16	1	8192	1024	4096	263168	1024	1024	0	269312	2957	8490	674952	3726	3291	435	690125
1721	31	24	0	0	128	128	16	1	8192	1024	1024	145408	1024	1024	0	148480	2880	2777	371322	3744	3311	433	380723
1722	38	16	5	0	0	0	0	1	0	1024	0	4096	0	0	0	5120	1665	0	10920	217	30	187	12802
1723	41	108	0	0	128	128	16	1	8192	1024	1024	221184	2048	2048	0	225280	2771	1852	567012	3814	3375	439	575449
1724	49	20	2	0	0	0	0	1	0	1024	0	1024	0	0	0	2048	1787	0	2112	218	30	188	4117
1725	53	84	5	0	0	0	0	1	0	1024	0	4096	0	0	0	5120	2004	0	10580	218	30	188	12802
1726	57	64	0	0	128	128	16	1	8192	1024	4096	266240	1024	1024	0	272384	3074	9112	682005	3747	3312	435	697938
1727	4	73	2	0	0	0	0	1	0	1024	0	0	1024	0	1024	2048	1752	0	1879	216	30	186	3847
1728	9	9	0	0	128	128	16	1	8192	1024	1024	144384	4096	4096	0	150528	2377	2669	368942	10977	10553	424	384965
1729	14	1	0	0	128	128	16	1	8192	1024	1024	500736	4096	4096	0	506880	2583	2774	1284933	10859	10437	422	1301149
1730	22	13	3	0	0	0	0	1	0	1024	0	0	0	0	0	1024	1887	0	1019	216	30	186	3122
1731	26	41	0	0	128	128	16	1	8192	1024	4096	264192	1024	1024	0	270336	2948	9582	676280	3655	3234	421	692465
1732	31	25	0	0	128	128	16	1	8192	1024	1024	144384	2048	2048	0	148480	2897	3032	370334	3707	3285	422	379970
1733	38	17	5	0	0	0	0	1	0	1024	0	4096	0	0	0	5120	1633	0	11136	217	30	187	12986
1734	41	109	0	0	128	128	16	1	8192	1024	1024	221184	1024	1024	0	224256	2861	1987	565421	3757	3333	424	574026
1735	49	21	2	0	0	0	0	1	0	1024	0	1024	0	0	0	2048	1769	0	2089	218	30	188	4076
1736	53	85	5	0	0	0	0	1	0	1024	0	4096	0	0	0	5120	2050	0	10424	218	30	188	12692
1737	57	65	0	0	128	128	16	1	8192	1024	4096	265216	1024	1024	0	271360	3095	8297	680540	3699	3280	419	695631
1738	4	74	2	0	0	0	0	1	0	1024	0	0	1024	0	1024	2048	1792	0	1840	216	30	186	3848
1739	9	10	0	0	128	128	16	1	8192	1024	1024	143360	5120	5120	0	150528	2699	2382	368667	11195	10784	411	384943
1740	14	2	0	0	128	128	16	1	8192	1024	1024	502784	4096	4096	0	508928	2602	2804	1289305	10782	10370	412	1305493
1741	22	14	3	0	0	0	0	1	0	1024	0	0	0	0	0	1024	1792	0	1127	216	30	186	3135
1742	26	42	0	0	128	128	16	1	8192	1024	3072	267264	1024	1024	0	272384	2986	7866	681945	3576	3163	413	696373
1743	31	26	0	0	128	128	16	1	8192	1024	1024	144384	2048	2048	0	148480	2946	1594	371683	3638	3226	412	379861
1744	38	18	5	0	0	0	0	1	0	1024	0	4096	0	0	0	5120	2151	0	10474	217	30	187	12842
1745	41	110	0	0	128	128	16	1	8192	1024	1024	219136	2048	2048	0	223232	2802	1781	561964	3682	3267	415	570229
1746	49	22	2	0	0	0	0	1	0	1024	0	1024	0	0	0	2048	1759	0	2086	218	32	186	4063
1747	53	86	5	0	0	0	0	1	0	1024	0	4096	0	0	0	5120	2026	0	10478	217	30	187	12721
1748	57	66	0	0	128	128	16	1	8192	1024	3072	265216	1024	1024	0	270336	3129	8091	676654	3623	3212	411	691497
1749	4	75	2	0	0	0	0	1	0	1024	0	1024	0	0	0	2048	1684	0	1928	216	30	186	3828
1750	9	11	0	0	128	128	16	1	8192	1024	1024	144384	5120	4096	1024	151552	2400	2729	370832	11055	10625	430	387016
1751	14	3	0	0	128	128	16	1	8192	1024	1024	500736	4096	4096	0	506880	2594	2938	1283583	11008	10578	430	1300123
1752	22	15	3	0	0	0	0	1	0	1024	0	0	0	0	0	1024	1779	0	1123	222	32	190	3124
1753	26	43	0	0	128	128	16	1	8192	1024	4096	261120	1024	1024	0	267264	2884	8838	667964	3724	3295	429	683410
1754	31	27	0	0	128	128	16	1	8192	1024	1024	145408	1024	1024	0	148480	2893	2906	371013	4084	3656	428	380896
1755	38	19	5	0	0	0	0	1	0	1024	0	4096	0	0	0	5120	2218	0	10595	217	30	187	13030
1756	41	111	0	0	128	128	16	1	8192	1024	1024	217088	1024	1024	0	220160	2737	3045	553396	4470	4043	427	563648
1757	49	23	2	0	0	0	0	1	0	1024	0	1024	0	0	0	2048	1737	0	2233	222	30	192	4192
1758	53	87	5	0	0	0	0	1	0	1024	0	4096	0	0	0	5120	2029	0	10566	217	30	187	12812
1759	57	67	0	0	128	128	16	1	8192	1024	3072	264192	1024	1024	0	269312	3102	7877	674295	3733	3305	428	689007
1760	4	76	2	0	0	0	0	1	0	1024	0	1024	0	0	0	2048	1676	0	2039	216	30	186	3931
1761	9	12	0	0	128	128	16	1	8192	1024	1024	145408	4096	4096	0	151552	2289	2902	371261	11292	10856	436	387744
1762	14	4	0	0	128	128	16	1	8192	1024	1024	497664	4096	4096	0	503808	2596	2895	1275980	11322	10884	438	1292793
1763	22	16	3	0	0	0	0	1	0	1024	0	0	0	0	0	1024	1748	0	1379	218	30	188	3345
1764	26	44	0	0	128	128	16	1	8192	1024	4096	262144	1024	1024	0	268288	2820	10244	670730	3797	3361	436	687591
1765	31	28	0	0	128	128	16	1	8192	1024	2048	144384	1024	1024	0	148480	2874	3442	370196	4139	3702	437	380651
1766	38	20	5	0	0	0	0	1	0	1024	0	4096	0	0	0	5120	2109	0	10193	219	30	189	12521
1767	42	0	0	0	128	128	16	1	8192	1024	2048	216064	2048	2048	0	221184	2698	3320	554473	4553	4115	438	565044
1768	49	24	2	0	0	0	0	1	0	1024	0	1024	0	0	0	2048	1756	0	2247	220	30	190	4223
1769	53	88	5	0	0	0	0	1	0	1024	0	4096	0	0	0	5120	1979	0	10465	218	30	188	12662
1770	57	68	0	0	128	128	16	1	8192	1024	4096	266240	1024	1024	0	272384	3083	9255	681199	3778	3339	439	697315
1771	4	77	2	0	0	0	0	1	0	1024	0	1024	0	0	0	2048	2123	0	1588	219	31	188	3930
1772	9	13	0	0	128	128	16	1	8192	1024	1024	143360	5120	5120	0	150528	2280	2599	368090	12165	11715	450	385134
1773	14	5	0	0	128	128	16	1	8192	1024	1024	496640	5120	4096	1024	503808	2540	2901	1272271	13093	12284	809	1290805
1774	22	17	3	0	0	0	0	1	0	1024	0	0	0	0	0	1024	1712	0	1144	216	30	186	3072
1775	26	45	0	0	128	128	16	1	8192	1024	4096	261120	1024	1024	0	267264	2687	10386	666509	3826	3374	452	683408
1776	31	29	0	0	128	128	16	1	8192	1024	2048	144384	1024	1024	0	148480	2871	3289	370510	4196	3746	450	380866
1777	38	21	5	0	0	0	0	1	0	1024	0	4096	0	0	0	5120	1705	0	10608	217	30	187	12530
1778	42	1	0	0	128	128	16	1	8192	1024	2048	215040	2048	2048	0	220160	2646	4584	551357	4513	4063	450	563100
1779	49	25	2	0	0	0	0	1	0	1024	0	1024	0	0	0	2048	1596	0	2242	218	30	188	4056
1780	53	89	5	0	0	0	0	1	0	1024	0	4096	0	0	0	5120	2120	0	10318	217	30	187	12655
1781	57	69	0	0	128	128	16	1	8192	1024	4096	265216	2048	2048	0	272384	3055	9886	679553	3872	3419	453	696366
1782	4	78	2	0	0	0	0	1	0	1024	0	1024	0	0	0	2048	1742	0	1976	216	30	186	3934
1783	9	14	0	0	128	128	16	1	8192	1024	1024	143360	5120	5120	0	150528	2277	2720	367899	11994	11560	434	384890
1784	14	6	0	0	128	128	16	1	8192	1024	1024	497664	4096	4096	0	503808	2586	2970	1274732	11596	11160	436	1291884
1785	22	18	3	0	0	0	0	1	0	1024	0	0	0	0	0	1024	1734	0	1143	216	30	186	3093
1786	26	46	0	0	128	128	16	1	8192	1024	4096	264192	2048	2048	0	271360	2788	10637	676463	3864	3431	433	693752
1787	31	30	0	0	128	128	16	1	8192	1024	1024	146432	1024	1024	0	149504	2867	2830	373972	4227	3795	432	383896
1788	38	22	5	0	0	0	0	1	0	1024	0	4096	0	0	0	5120	1680	0	10771	218	30	188	12669
1789	42	2	0	0	128	128	16	1	8192	1024	1024	216064	1024	1024	0	219136	2671	2789	551661	4568	4133	435	561689
1790	49	26	2	0	0	0	0	1	0	1024	0	1024	0	0	0	2048	1748	0	2283	217	30	187	4248
1791	53	90	5	0	0	0	0	1	0	1024	0	4096	0	0	0	5120	2194	0	10277	218	30	188	12689
1792	57	70	0	0	128	128	16	1	8192	1024	4096	266240	1024	1024	0	272384	3098	9712	681664	3885	3449	436	698359
1793	4	79	2	0	0	0	0	1	0	1024	0	1024	0	0	0	2048	1689	0	1946	216	30	186	3851
1794	9	15	0	0	128	128	16	1	8192	1024	1024	144384	4096	4096	0	150528	2208	2642	369240	11245	10828	417	385335
1795	14	7	0	0	128	128	16	1	8192	1024	1024	500736	4096	4096	0	506880	2611	3119	1282336	11215	10795	420	1299281
1796	22	19	3	0	0	0	0	1	0	1024	0	0	0	0	0	1024	1760	0	1141	216	30	186	3117
1797	26	47	0	0	128	128	16	1	8192	1024	5120	265216	1024	1024	0	272384	2793	11132	680468	3790	3373	417	698183
1798	31	31	0	0	128	128	16	1	8192	1024	1024	145408	2048	2048	0	149504	2903	2876	373031	4101	3681	420	382911
1799	38	23	5	0	0	0	0	1	0	1024	0	4096	0	0	0	5120	2179	0	10149	217	30	187	12545
1800	42	3	0	0	128	128	16	1	8192	1024	2048	218112	1024	1024	0	222208	2697	3503	558787	4500	4079	421	569487
1801	49	27	2	0	0	0	0	1	0	1024	0	1024	0	0	0	2048	1725	0	2221	225	30	195	4171
1802	53	91	5	0	0	0	0	1	0	1024	0	4096	0	0	0	5120	1977	0	10492	218	30	188	12687
1803	57	71	0	0	128	128	16	1	8192	1024	4096	264192	2048	2048	0	271360	3071	8786	678682	3835	3416	419	694374
1804	4	80	2	0	0	0	0	1	0	1024	0	1024	0	0	0	2048	1664	0	1924	216	30	186	3804
1805	9	16	0	0	128	128	16	1	8192	1024	1024	145408	4096	4096	0	151552	2398	2390	371634	11069	10653	416	387491
1806	14	8	0	0	128	128	16	1	8192	1024	1024	502784	4096	4096	0	508928	2624	2987	1289667	11172	10757	415	1306450
1807	22	20	3	0	0	0	0	1	0	1024	0	0	0	0	0	1024	1786	0	1125	217	31	186	3128
1808	26	48	0	0	128	128	16	1	8192	1024	5120	261120	2048	2048	0	269312	2838	11655	670412	3721	3306	415	688626
1809	33	0	0	0	128	128	16	1	8192	1024	2048	144384	2048	1024	1024	149504	3048	3307	371796	3938	3522	416	382089
1810	38	24	5	0	0	0	0	1	0	1024	0	4096	0	0	0	5120	2199	0	10667	218	30	188	13084
1811	42	4	0	0	128	128	16	1	8192	1024	1024	221184	1024	1024	0	224256	2721	2237	565228	4494	4078	416	574680
1812	49	28	2	0	0	0	0	1	0	1024	0	1024	0	0	0	2048	1698	0	2171	222	34	188	4091
1813	53	92	5	0	0	0	0	1	0	1024	0	4096	0	0	0	5120	1989	0	10657	218	30	188	12864
1814	57	72	0	0	128	128	16	1	8192	1024	4096	266240	2048	1024	1024	273408	3109	8979	682895	3720	3307	413	698703
1815	4	81	2	0	0	0	0	1	0	1024	0	1024	0	0	0	2048	1695	0	1999	217	31	186	3911
1816	9	17	0	0	128	128	16	1	8192	1024	1024	144384	4096	4096	0	150528	2289	2646	370282	11289	10862	427	386506
1817	14	9	0	0	128	128	16	1	8192	1024	1024	500736	5120	5120	0	507904	2601	2722	1285196	11239	10815	424	1301758
1818	22	21	3	0	0	0	0	1	0	1024	0	0	0	0	0	1024	1811	0	1136	216	30	186	3163
1819	26	49	0	0	128	128	16	1	8192	1024	5120	266240	1024	1024	0	273408	2824	11349	682438	3825	3399	426	700436
1820	33	1	0	0	128	128	16	1	8192	1024	2048	145408	1024	1024	0	149504	3007	3463	373044	3957	3531	426	383471
1821	38	25	5	0	0	0	0	1	0	1024	0	4096	0	0	0	5120	1942	0	10845	217	30	187	13004
1822	42	5	0	0	128	128	16	1	8192	1024	2048	216064	2048	2048	0	221184	2702	4083	553964	4553	4127	426	565302
1823	49	29	2	0	0	0	0	1	0	1024	0	1024	0	0	0	2048	1809	0	2079	218	30	188	4106
1824	53	93	5	0	0	0	0	1	0	1024	0	4096	0	0	0	5120	2205	0	10525	218	30	188	12948
1825	57	73	0	0	128	128	16	1	8192	1024	4096	264192	1024	1024	0	270336	3084	8679	676820	4336	3912	424	692919
1826	4	82	2	0	0	0	0	1	0	1024	0	1024	0	0	0	2048	1779	0	1874	217	30	187	3870
1827	9	18	0	0	128	128	16	1	8192	1024	1024	144384	4096	4096	0	150528	2274	2493	369388	11719	11279	440	385874
1828	14	10	0	0	128	128	16	1	8192	1024	1024	497664	5120	5120	0	504832	2596	3007	1276904	11529	11086	443	1294036
1829	22	22	3	0	0	0	0	1	0	1024	0	0	0	0	0	1024	2038	0	901	218	30	188	3157
1830	26	50	0	0	128	128	16	1	8192	1024	5120	264192	1024	1024	0	271360	2790	10892	676124	3873	3435	438	693679
1831	33	2	0	0	128	128	16	1	8192	1024	2048	144384	2048	1024	1024	149504	2980	3603	371238	4110	3672	438	381931
1832	38	26	5	0	0	0	0	1	0	1024	0	4096	0	0	0	5120	2335	0	10593	217	30	187	13145
1833	42	6	0	0	128	128	16	1	8192	1024	1024	218112	2048	2048	0	222208	2653	2810	557333	4614	4174	440	567410
1834	49	30	2	0	0	0	0	1	0	1024	0	1024	0	0	0	2048	1735	0	2532	218	30	188	4485
1835	53	94	5	0	0	0	0	1	0	1024	0	4096	0	0	0	5120	2160	0	10599	218	30	188	12977
1836	57	74	0	0	128	128	16	1	8192	1024	4096	264192	1024	1024	0	270336	3029	9614	676083	3843	3404	439	692569
1837	4	83	2	0	0	0	0	1	0	1024	0	1024	0	0	0	2048	1681	0	1780	218	30	188	3679
1838	9	19	0	0	128	128	16	1	8192	1024	1024	144384	4096	4096	0	150528	2497	2590	369264	11543	11085	458	385894
1839	14	11	0	0	128	128	16	1	8192	1024	1024	498688	5120	4096	1024	505856	2547	3237	1278759	11444	10985	459	1295987
1840	22	23	3	0	0	0	0	1	0	1024	0	0	0	0	0	1024	1958	0	968	216	30	186	3142
1841	26	51	0	0	128	128	16	1	8192	1024	4096	262144	1024	1024	0	268288	2730	10838	668661	4505	4051	454	686734
1842	33	3	0	0	128	128	16	1	8192	1024	2048	144384	2048	1024	1024	149504	2819	3550	370913	4301	3844	457	381583
1843	38	27	5	0	0	0	0	1	0	1024	0	4096	0	0	0	5120	1718	0	11117	217	30	187	13052
1844	42	7	0	0	128	128	16	1	8192	1024	2048	210944	2048	1024	1024	216064	2619	4626	539322	6513	4127	2386	553080
1845	49	31	2	0	0	0	0	1	0	1024	0	1024	0	0	0	2048	1771	0	2226	222	30	192	4219
1846	53	95	5	0	0	0	0	1	0	1024	0	4096	0	0	0	5120	2141	0	10549	218	30	188	12908
1847	57	75	0	0	128	128	16	1	8192	1024	4096	266240	2048	1024	1024	273408	2983	9852	681588	3825	3371	454	698248
1848	4	84	2	0	0	0	0	1	0	1024	0	1024	0	0	0	2048	1754	0	1920	217	31	186	3891
1849	9	20	0	0	128	128	16	1	8192	1024	1024	144384	4096	4096	0	150528	2223	2533	369882	11257	10813	444	385895
1850	14	12	0	0	128	128	16	1	8192	1024	1024	500736	4096	4096	0	506880	2553	3146	1282602	11288	10846	442	1299589
1851	22	24	3	0	0	0	0	1	0	1024	0	0	0	0	0	1024	1797	0	1129	218	30	188	3144
1852	26	52	0	0	128	128	16	1	8192	1024	4096	266240	1024	1024	0	272384	2763	10897	680338	3775	3334	441	697773
1853	33	4	0	0	128	128	16	1	8192	1024	2048	144384	2048	1024	1024	149504	2980	3720	371262	3958	3517	441	381920
1854	38	28	5	0	0	0	0	1	0	1024	0	4096	0	0	0	5120	2134	0	10664	218	30	188	13016
1855	42	8	0	0	128	128	16	1	8192	1024	2048	215040	1024	1024	0	219136	2619	3314	551064	4563	4123	440	561560
1856	49	32	2	0	0	0	0	1	0	1024	0	1024	0	0	0	2048	1773	0	2182	218	30	188	4173
1857	53	96	5	0	0	0	0	1	0	1024	0	4096	0	0	0	5120	2107	0	10569	217	30	187	12893
1858	57	76	0	0	128	128	16	1	8192	1024	4096	262144	1024	1024	0	268288	3019	9608	670530	3803	3363	440	686960
1859	4	85	2	0	0	0	0	1	0	1024	0	1024	0	0	0	2048	1613	0	1951	216	30	186	3780
1860	9	21	0	0	128	128	16	1	8192	1024	1024	144384	5120	4096	1024	151552	2203	2667	369960	11789	11357	432	386619
1861	14	13	0	0	128	128	16	1	8192	1024	1024	502784	4096	4096	0	508928	2564	2766	1288539	11003	10571	432	1304872
1862	22	25	3	0	0	0	0	1	0	1024	0	0	0	0	0	1024	1838	0	1116	216	30	186	3170
1863	26	53	0	0	128	128	16	1	8192	1024	5120	265216	2048	2048	0	273408	2795	11637	680016	3677	3246	431	698125
1864	33	5	0	0	128	128	16	1	8192	1024	2048	144384	2048	2048	0	149504	3010	3525	372332	3810	3379	431	382677
1865	38	29	5	0	0	0	0	1	0	1024	0	4096	0	0	0	5120	1822	0	10648	358	30	328	12828
1866	42	9	0	0	128	128	16	1	8192	1024	2048	219136	2048	2048	0	224256	2727	3296	561616	4571	4138	433	572210
1867	49	33	2	0	0	0	0	1	0	1024	0	1024	0	0	0	2048	1761	0	2174	218	30	188	4153
1868	53	97	5	0	0	0	0	1	0	1024	0	4096	0	0	0	5120	2131	0	10556	217	30	187	12904
1869	57	77	0	0	128	128	16	1	8192	1024	4096	262144	2048	2048	0	269312	3089	8788	672381	3738	3306	432	687996
1870	4	86	2	0	0	0	0	1	0	1024	0	0	1024	0	1024	2048	1716	0	1854	217	30	187	3787
1871	9	22	0	0	128	128	16	1	8192	1024	1024	144384	4096	4096	0	150528	2563	2487	369627	10919	10504	415	385596
1872	14	14	0	0	128	128	16	1	8192	1024	1024	501760	4096	4096	0	507904	2602	2650	1285659	11466	11051	415	1302377
1873	22	26	3	0	0	0	0	1	0	1024	0	0	0	0	0	1024	1720	0	1114	225	31	194	3059
1874	26	54	0	0	128	128	16	1	8192	1024	3072	268288	1024	1024	0	273408	2954	8023	685841	3655	3236	419	700473
1875	33	6	0	0	128	128	16	1	8192	1024	2048	145408	1024	1024	0	149504	3134	3679	373136	3619	3203	416	383568
1876	38	30	5	0	0	0	0	1	0	1024	0	4096	0	0	0	5120	2199	0	10152	218	30	188	12569
1877	42	10	0	0	128	128	16	1	8192	1024	1024	219136	1024	1024	0	222208	2809	1837	560326	3943	3528	415	568915
1878	49	34	2	0	0	0	0	1	0	1024	0	1024	0	0	0	2048	1738	0	2120	218	30	188	4076
1879	53	98	5	0	0	0	0	1	0	1024	0	4096	0	0	0	5120	2088	0	10518	217	30	187	12823
1880	57	78	0	0	128	128	16	1	8192	1024	3072	261120	1024	1024	0	266240	3192	7487	668314	3660	3244	416	682653
1881	4	87	2	0	0	0	0	1	0	1024	0	0	1024	1024	0	2048	1752	0	1820	216	30	186	3788
1882	9	23	0	0	128	128	16	1	8192	1024	1024	144384	4096	4096	0	150528	2368	2374	369540	11584	11158	426	385866
1883	14	15	0	0	128	128	16	1	8192	1024	1024	500736	4096	4096	0	506880	2584	2970	1284418	11019	10592	427	1300991
1884	22	27	3	0	0	0	0	1	0	1024	0	0	0	0	0	1024	1842	0	1155	221	30	191	3218
1885	26	55	0	0	128	128	16	1	8192	1024	4096	265216	1024	1024	0	271360	2882	9118	678585	3731	3303	428	694316
1886	33	7	0	0	128	128	16	1	8192	1024	2048	144384	1024	1024	0	148480	3070	3685	371000	3802	3378	424	381557
1887	38	31	5	0	0	0	0	1	0	1024	0	4096	0	0	0	5120	2138	0	10341	218	30	188	12697
1888	42	11	0	0	128	128	16	1	8192	1024	1024	219136	2048	1024	1024	223232	2804	2472	560655	4009	3584	425	569940
1889	49	35	2	0	0	0	0	1	0	1024	0	1024	0	0	0	2048	1769	0	2108	218	30	188	4095
1890	53	99	5	0	0	0	0	1	0	1024	0	4096	0	0	0	5120	2115	0	10589	217	30	187	12921
1891	57	79	0	0	128	128	16	1	8192	1024	4096	262144	1024	1024	0	268288	3157	9718	671306	3754	3329	425	687935
1892	4	88	2	0	0	0	0	1	0	1024	0	1024	0	0	0	2048	1723	0	1890	216	30	186	3829
1893	9	24	0	0	128	128	16	1	8192	1024	1024	144384	5120	5120	0	151552	2302	2460	371057	11667	11229	438	387486
1894	14	16	0	0	128	128	16	1	8192	1024	1024	499712	4096	4096	0	505856	2588	2947	1280415	11266	10828	438	1297216
1895	22	28	3	0	0	0	0	1	0	1024	0	0	0	0	0	1024	1741	0	1330	219	30	189	3290
1896	26	56	0	0	128	128	16	1	8192	1024	5120	264192	1024	1024	0	271360	2876	11269	677452	3782	3342	440	695379
1897	35	0	2	1	0	0	0	1	0	1024	0	1024	0	0	0	2048	1653	0	2358	237	36	201	4248
1898	38	32	5	0	0	0	0	1	0	1024	0	4096	0	0	0	5120	1660	0	10318	218	30	188	12196
1899	42	12	0	0	128	128	16	1	8192	1024	2048	214016	2048	2048	0	219136	2599	4467	548499	4371	3929	442	559936
1900	49	36	2	0	0	0	0	1	0	1024	0	1024	0	0	0	2048	1772	0	2126	218	30	188	4116
1901	53	100	5	0	0	0	0	1	0	1024	0	4096	0	0	0	5120	2042	0	10640	217	30	187	12899
1902	57	80	0	0	128	128	16	1	8192	1024	4096	267264	1024	1024	0	273408	2995	10084	683828	3816	3376	440	700723
1903	4	89	2	0	0	0	0	1	0	1024	0	1024	0	0	0	2048	1686	0	1907	216	30	186	3809
1904	9	25	0	0	128	128	16	1	8192	1024	1024	145408	4096	4096	0	151552	2298	2611	371959	11171	10748	423	388039
1905	14	17	0	0	128	128	16	1	8192	1024	1024	500736	4096	4096	0	506880	2599	2839	1284527	11147	10724	423	1301112
1906	22	29	3	0	0	0	0	1	0	1024	0	0	0	0	0	1024	1693	0	1397	218	30	188	3308
1907	26	57	0	0	128	128	16	1	8192	1024	4096	266240	1024	1024	0	272384	2911	9657	682103	3829	3409	420	698500
1908	35	1	2	0	0	0	0	1	0	1024	0	1024	0	0	0	2048	1654	0	2386	217	31	186	4257
1909	38	33	5	0	0	0	0	1	0	1024	0	4096	0	0	0	5120	1639	0	10437	218	30	188	12294
1910	42	13	0	0	128	128	16	1	8192	1024	2048	208896	4096	3072	1024	216064	2597	3691	536748	10393	7049	3344	553429
1911	49	37	2	0	0	0	0	1	0	1024	0	1024	0	0	0	2048	1753	0	2149	218	30	188	4120
1912	53	101	5	0	0	0	0	1	0	1024	0	4096	0	0	0	5120	2072	0	10623	217	30	187	12912
1913	57	81	0	0	128	128	16	1	8192	1024	4096	265216	1024	1024	0	271360	3090	10199	678652	3819	3399	420	695760
1914	4	90	2	0	0	0	0	1	0	1024	0	0	1024	0	1024	2048	1695	0	1848	216	30	186	3759
1915	9	26	0	0	128	128	16	1	8192	1024	1024	145408	4096	4096	0	151552	2419	2775	371342	11074	10670	404	387610
1916	14	18	0	0	128	128	16	1	8192	1024	1024	501760	4096	4096	0	507904	2524	2526	1285767	11392	10985	407	1302209
1917	22	30	3	0	0	0	0	1	0	1024	0	0	0	0	0	1024	1854	0	1144	219	30	189	3217
1918	26	58	0	0	128	128	16	1	8192	1024	4096	267264	1024	1024	0	273408	2903	9939	684055	3716	3308	408	700613
1919	35	2	2	0	0	0	0	1	0	1024	0	1024	0	0	0	2048	1728	0	2358	229	41	188	4315
1920	38	34	5	0	0	0	0	1	0	1024	0	4096	0	0	0	5120	2144	0	9836	218	30	188	12198
1921	42	14	0	0	128	128	16	1	8192	1024	1024	223232	1024	1024	0	226304	2631	2909	569478	4113	3706	407	579131
1922	49	38	2	0	0	0	0	1	0	1024	0	1024	0	0	0	2048	1735	0	2195	218	30	188	4148
1923	53	102	5	0	0	0	0	1	0	1024	0	4096	0	0	0	5120	2143	0	10679	217	30	187	13039
1924	57	82	0	0	128	128	16	1	8192	1024	4096	262144	1024	1024	0	268288	2775	8943	672047	3730	3321	409	687495
1925	4	91	2	0	0	0	0	1	0	1024	0	0	1024	0	1024	2048	1718	0	1809	216	30	186	3743
1926	9	27	0	0	128	128	16	1	8192	1024	1024	144384	4096	4096	0	150528	2550	2542	370459	10740	10337	403	386291
1927	14	19	0	0	128	128	16	1	8192	1024	1024	502784	4096	4096	0	508928	2639	2595	1288384	10850	10450	400	1304468
1928	22	31	3	0	0	0	0	1	0	1024	0	0	0	0	0	1024	1744	0	1104	217	30	187	3065
1929	26	59	0	0	128	128	16	1	8192	1024	3072	267264	1024	1024	0	272384	2989	7763	683010	3629	3228	401	697391
1930	35	3	2	0	0	0	0	1	0	1024	0	1024	0	0	0	2048	1719	0	2303	227	33	194	4249
1931	38	35	5	0	0	0	0	1	0	1024	0	4096	0	0	0	5120	2054	0	10047	218	30	188	12319
1932	42	15	0	0	128	128	16	1	8192	1024	1024	217088	2048	2048	0	221184	2604	2288	556843	4061	3657	404	565796
1933	49	39	2	0	0	0	0	1	0	1024	0	1024	0	0	0	2048	1740	0	2085	216	30	186	4041
1934	53	103	5	0	0	0	0	1	0	1024	0	4096	0	0	0	5120	2167	0	10577	217	30	187	12961
1935	57	83	0	0	128	128	16	1	8192	1024	4096	263168	1024	1024	0	269312	3080	9882	673452	3680	3280	400	690094
1936	4	92	2	0	0	0	0	1	0	1024	0	0	1024	1024	0	2048	1747	0	1812	216	30	186	3775
1937	9	28	0	0	128	128	16	1	8192	1024	1024	144384	4096	4096	0	150528	2319	1885	369978	11092	10680	412	385274
1938	14	20	0	0	128	128	16	1	8192	1024	1024	501760	5120	4096	1024	508928	2627	2702	1287550	11018	10602	416	1303897
1939	21	0	3	1	0	0	0	1	0	1024	0	0	0	0	0	1024	1254	0	903	217	30	187	2374
1940	26	60	0	0	128	128	16	1	8192	1024	4096	264192	1024	1024	0	270336	2932	9975	676404	3738	3324	414	693049
1941	35	4	2	0	0	0	0	1	0	1024	0	1024	0	0	0	2048	1735	0	2384	225	37	188	4344
1942	38	36	5	0	0	0	0	1	0	1024	0	4096	0	0	0	5120	2329	0	9787	218	30	188	12334
1943	42	16	0	0	128	128	16	1	8192	1024	4096	268288	1024	1024	0	274432	2761	10019	687181	3704	3288	416	703665
1944	49	40	2	0	0	0	0	1	0	1024	0	1024	0	0	0	2048	1790	0	2043	218	30	188	4051
1945	53	104	5	0	0	0	0	1	0	1024	0	4096	0	0	0	5120	2040	0	10270	218	30	188	12528
1946	57	84	0	0	128	128	16	1	8192	1024	5120	262144	2048	2048	0	270336	3072	11016	673884	3753	3339	414	691725
1947	4	93	2	0	0	0	0	1	0	1024	0	1024	0	0	0	2048	1819	0	1545	216	30	186	3580
1948	9	29	0	0	128	128	16	1	8192	1024	1024	145408	4096	4096	0	151552	2215	2687	371733	11126	10702	424	387761
1949	14	21	0	0	128	128	16	1	8192	1024	1024	501760	4096	4096	0	507904	2615	3064	1285498	11152	10728	424	1302329
1950	21	1	3	0	0	0	0	1	0	1024	0	0	0	0	0	1024	1690	0	695	218	30	188	2603
1951	26	61	0	0	128	128	16	1	8192	1024	4096	266240	2048	1024	1024	273408	2887	10414	680604	3779	3352	427	697684
1952	35	5	2	0	0	0	0	1	0	1024	0	1024	0	0	0	2048	1665	0	2379	220	31	189	4264
1953	38	37	5	0	0	0	0	1	0	1024	0	4096	0	0	0	5120	1651	0	10908	218	30	188	12777
1954	42	17	0	0	128	128	16	1	8192	1024	4096	266240	2048	2048	0	273408	2740	10114	681925	3782	3356	426	698561
1955	49	41	2	0	0	0	0	1	0	1024	0	1024	0	0	0	2048	1738	0	2185	218	30	188	4141
1956	53	105	5	0	0	0	0	1	0	1024	0	4096	0	0	0	5120	2129	0	10342	218	30	188	12689
1957	57	85	0	0	128	128	16	1	8192	1024	5120	266240	2048	1024	1024	274432	2775	10689	683316	3802	3371	431	700582
1958	4	94	2	0	0	0	0	1	0	1024	0	1024	0	0	0	2048	1684	0	1942	217	31	186	3843
1959	9	30	0	0	128	128	16	1	8192	1024	1024	144384	4096	4096	0	150528	2563	2433	369130	11328	10883	445	385454
1960	14	22	0	0	128	128	16	1	8192	1024	1024	499712	4096	4096	0	505856	2569	2686	1281368	11195	10749	446	1297818
1961	21	2	3	0	0	0	0	1	0	1024	0	0	0	0	0	1024	1409	0	853	217	30	187	2479
1962	26	62	0	0	128	128	16	1	8192	1024	4096	266240	2048	2048	0	273408	2759	9781	682194	3726	3280	446	698460
1963	35	6	2	0	0	0	0	1	0	1024	0	1024	0	0	0	2048	1654	0	2396	246	30	216	4296
1964	38	38	5	0	0	0	0	1	0	1024	0	4096	0	0	0	5120	1756	0	10744	217	30	187	12717
1965	42	18	0	0	128	128	16	1	8192	1024	4096	262144	2048	1024	1024	269312	2791	10077	671027	3762	3316	446	687657
1966	49	42	2	0	0	0	0	1	0	1024	0	1024	0	0	0	2048	1775	0	2161	219	30	189	4155
1967	53	106	5	0	0	0	0	1	0	1024	0	4096	0	0	0	5120	2063	0	9844	218	30	188	12125
1968	57	86	0	0	128	128	16	1	8192	1024	4096	262144	1024	1024	0	268288	2926	9850	670163	3746	3302	444	686685
1969	4	95	2	0	0	0	0	1	0	1024	0	1024	0	0	0	2048	1684	0	1891	217	30	187	3792
1970	9	31	0	0	128	128	16	1	8192	1024	1024	144384	4096	4096	0	150528	2223	2755	369564	11231	10801	430	385773
1971	14	23	0	0	128	128	16	1	8192	1024	1024	500736	4096	4096	0	506880	2588	2729	1283467	11077	10647	430	1299861
1972	21	3	3	0	0	0	0	1	0	1024	0	0	0	0	0	1024	1609	0	666	218	30	188	2493
1973	26	63	0	0	128	128	16	1	8192	1024	4096	264192	2048	2048	0	271360	2861	10437	677217	3696	3266	430	694211
1974	35	7	2	0	0	0	0	1	0	1024	0	1024	0	0	0	2048	1661	0	2315	232	32	200	4208
1975	38	39	5	0	0	0	0	1	0	1024	0	4096	0	0	0	5120	2086	0	10394	217	30	187	12697
1976	42	19	0	0	128	128	16	1	8192	1024	4096	266240	2048	2048	0	273408	2722	9491	682999	3717	3288	429	698929
1977	49	43	2	0	0	0	0	1	0	1024	0	1024	0	0	0	2048	1795	0	2172	218	30	188	4185
1978	53	107	5	0	0	0	0	1	0	1024	0	4096	0	0	0	5120	2067	0	10270	218	30	188	12555
1979	57	87	0	0	128	128	16	1	8192	1024	5120	262144	1024	1024	0	269312	2750	10607	671739	3742	3312	430	688838
1980	4	96	2	0	0	0	0	1	0	1024	0	1024	0	0	0	2048	1783	0	2124	222	34	188	4129
1981	10	0	1	1	0	0	0	1	0	1024	0	4096	8192	8192	0	13312	1706	0	10601	21126	20938	188	33433
1982	14	24	0	0	128	128	16	1	8192	1024	1024	501760	4096	4096	0	507904	2585	2601	1285710	10896	10478	418	1301792
1983	21	4	3	0	0	0	0	1	0	1024	0	0	0	0	0	1024	1570	0	648	218	30	188	2436
1984	26	64	0	0	128	128	16	1	8192	1024	4096	265216	1024	1024	0	271360	2923	9957	676876	3596	3178	418	693352
1985	35	8	2	0	0	0	0	1	0	1024	0	1024	0	0	0	2048	1698	0	2308	231	31	200	4237
1986	38	40	5	0	0	0	0	1	0	1024	0	4096	0	0	0	5120	2101	0	9858	218	30	188	12177
1987	42	20	0	0	128	128	16	1	8192	1024	4096	268288	2048	2048	0	275456	2997	10629	686438	3656	3206	450	703720
1988	49	44	2	0	0	0	0	1	0	1024	0	1024	0	0	0	2048	1715	0	2182	218	30	188	4115
1989	53	108	5	0	0	0	0	1	0	1024	0	4096	0	0	0	5120	2148	0	9769	217	30	187	12134
1990	57	88	0	0	128	128	16	1	8192	1024	4096	266240	2048	2048	0	273408	2789	9052	683083	3648	3228	420	698572
1991	4	97	2	0	0	0	0	1	0	1024	0	0	1024	0	1024	2048	1798	0	1821	218	30	188	3837
1992	10	1	1	0	0	0	0	1	0	1024	0	4096	8192	8192	0	13312	1873	0	10492	21257	21069	188	33622
1993	14	25	0	0	128	128	16	1	8192	1024	1024	502784	4096	4096	0	508928	2611	1837	1291246	10721	10315	406	1306415
1994	21	5	3	0	0	0	0	1	0	1024	0	0	0	0	0	1024	1009	0	851	218	30	188	2078
1995	26	65	0	0	128	128	16	1	8192	1024	3072	262144	2048	2048	0	268288	2950	6958	672028	3558	3152	406	685494
1996	35	9	2	0	0	0	0	1	0	1024	0	1024	0	0	0	2048	1783	0	2306	221	32	189	4310
1997	38	41	5	0	0	0	0	1	0	1024	0	4096	0	0	0	5120	1740	0	10317	218	30	188	12275
1998	42	21	0	0	128	128	16	1	8192	1024	4096	264192	1024	1024	0	270336	3082	9070	676665	3615	3210	405	692432
1999	49	45	2	0	0	0	0	1	0	1024	0	1024	0	0	0	2048	1824	0	2121	216	30	186	4161
2000	53	109	5	0	0	0	0	1	0	1024	0	4096	0	0	0	5120	2183	0	9823	218	30	188	12224
2001	57	89	0	0	128	128	16	1	8192	1024	3072	262144	1024	1024	0	267264	3175	7495	670624	3627	3221	406	684921
2002	4	98	2	0	0	0	0	1	0	1024	0	1024	0	0	0	2048	1755	0	2150	215	30	185	4120
2003	10	2	1	0	0	0	0	1	0	1024	0	4096	8192	8192	0	13312	1836	0	10687	21062	20874	188	33585
2004	14	26	0	0	128	128	16	1	8192	1024	1024	501760	4096	4096	0	507904	2595	2691	1286878	10986	10568	418	1303150
2005	21	6	3	0	0	0	0	1	0	1024	0	0	0	0	0	1024	1277	0	877	218	30	188	2372
2006	26	66	0	0	128	128	16	1	8192	1024	3072	262144	2048	1024	1024	268288	2892	7907	671112	3638	3221	417	685549
2007	35	10	2	0	0	0	0	1	0	1024	0	1024	0	0	0	2048	1619	0	2308	247	30	217	4174
2008	38	42	5	0	0	0	0	1	0	1024	0	4096	0	0	0	5120	2033	0	10012	217	30	187	12262
2009	42	22	0	0	128	128	16	1	8192	1024	4096	265216	1024	1024	0	271360	3064	9013	678871	3641	3224	417	694589
2010	49	46	2	0	0	0	0	1	0	1024	0	1024	0	0	0	2048	1819	0	2150	218	30	188	4187
2011	53	110	5	0	0	0	0	1	0	1024	0	4096	0	0	0	5120	2162	0	9823	217	30	187	12202
2012	57	90	0	0	128	128	16	1	8192	1024	4096	262144	2048	2048	0	269312	3216	10303	672153	3698	3281	417	689370
2013	4	99	2	0	0	0	0	1	0	1024	0	1024	0	0	0	2048	1684	0	1920	223	30	193	3827
2014	10	3	1	0	0	0	0	1	0	1024	0	4096	8192	8192	0	13312	1797	0	10996	20761	20573	188	33554
2015	14	27	0	0	128	128	16	1	8192	1024	1024	499712	4096	4096	0	505856	2579	2618	1280198	11128	10699	429	1296523
2016	21	7	3	0	0	0	0	1	0	1024	0	0	0	0	0	1024	1665	0	665	218	30	188	2548
2017	26	67	0	0	128	128	16	1	8192	1024	4096	268288	1024	1024	0	274432	2868	8578	687493	3702	3270	432	702641
2018	35	11	2	0	0	0	0	1	0	1024	0	1024	0	0	0	2048	1603	0	2335	231	31	200	4169
2019	38	43	5	0	0	0	0	1	0	1024	0	4096	0	0	0	5120	1718	0	10365	221	30	191	12304
2020	42	23	0	0	128	128	16	1	8192	1024	4096	263168	2048	2048	0	270336	2843	10116	674285	3680	3249	431	690924
2021	49	47	2	0	0	0	0	1	0	1024	0	1024	0	0	0	2048	1776	0	2164	218	30	188	4158
2022	53	111	5	0	0	0	0	1	0	1024	0	4096	0	0	0	5120	2126	0	9800	217	30	187	12143
2023	57	91	0	0	128	128	16	1	8192	1024	5120	266240	1024	1024	0	273408	3157	10944	683088	3764	3333	431	700953
2024	4	100	2	0	0	0	0	1	0	1024	0	1024	0	0	0	2048	1770	0	2125	217	31	186	4112
2025	11	0	0	0	128	128	16	1	8192	1024	4096	262144	1024	1024	0	268288	2987	9251	671111	3529	3118	411	686878
2026	14	28	0	0	128	128	16	1	8192	1024	1024	500736	4096	4096	0	506880	2614	2824	1283531	11098	10684	414	1300067
2027	21	8	3	0	0	0	0	1	0	1024	0	0	0	0	0	1024	1616	0	665	218	30	188	2499
2028	26	68	0	0	128	128	16	1	8192	1024	4096	262144	1024	1024	0	268288	2929	9483	670782	3729	3316	413	686923
2029	35	12	2	0	0	0	0	1	0	1024	0	1024	0	0	0	2048	1728	0	2338	219	30	189	4285
2030	38	44	5	0	0	0	0	1	0	1024	0	4096	0	0	0	5120	2020	0	9828	218	30	188	12066
2031	42	24	0	0	128	128	16	1	8192	1024	4096	259072	2048	2048	0	266240	2856	9998	664373	3681	3268	413	680908
2032	49	48	2	0	0	0	0	1	0	1024	0	1024	0	0	0	2048	1796	0	2140	218	30	188	4154
2033	53	112	5	0	0	0	0	1	0	1024	0	4096	0	0	0	5120	2045	0	9821	217	30	187	12083
2034	57	92	0	0	128	128	16	1	8192	1024	4096	261120	2048	1024	1024	268288	2977	9879	669046	3786	3376	410	685688
2035	4	101	2	0	0	0	0	1	0	1024	0	1024	0	0	0	2048	1755	0	2066	218	30	188	4039
2036	11	1	0	0	128	128	16	1	8192	1024	4096	266240	1024	1024	0	272384	3201	9688	681610	3478	3079	399	697977
2037	14	29	0	0	128	128	16	1	8192	1024	1024	500736	5120	5120	0	507904	2641	2586	1285463	11202	10807	395	1301892
2038	21	9	3	0	0	0	0	1	0	1024	0	0	0	0	0	1024	1844	0	740	216	30	186	2800
2039	26	69	0	0	128	128	16	1	8192	1024	4096	265216	1024	1024	0	271360	2843	9124	679768	3691	3294	397	695426
2040	35	13	2	0	0	0	0	1	0	1024	0	1024	0	0	0	2048	1780	0	2340	228	30	198	4348
2041	38	45	5	0	0	0	0	1	0	1024	0	4096	0	0	0	5120	1720	0	9956	218	30	188	11894
2042	42	25	0	0	128	128	16	1	8192	1024	4096	263168	2048	1024	1024	270336	3052	10733	673719	3637	3240	397	691141
2043	49	49	2	0	0	0	0	1	0	1024	0	1024	0	0	0	2048	1811	0	2131	216	30	186	4158
2044	53	113	5	0	0	0	0	1	0	1024	0	4096	0	0	0	5120	2172	0	9868	217	30	187	12257
2045	57	93	0	0	128	128	16	1	8192	1024	5120	262144	1024	1024	0	269312	3169	11271	672332	3674	3278	396	690446
2046	4	102	2	0	0	0	0	1	0	1024	0	0	1024	0	1024	2048	1776	0	1820	220	31	189	3816
2047	11	2	0	0	128	128	16	1	8192	1024	4096	267264	2048	1024	1024	274432	3259	10158	684752	3448	3058	390	701617
2048	14	30	0	0	128	128	16	1	8192	1024	1024	501760	4096	4096	0	507904	2669	2535	1286439	10818	10427	391	1302461
2049	21	10	3	0	0	0	0	1	0	1024	0	0	0	0	0	1024	1184	0	858	218	30	188	2260
2050	26	70	0	0	128	128	16	1	8192	1024	4096	266240	1024	1024	0	272384	2990	10656	680476	3607	3216	391	697729
2051	35	14	2	0	0	0	0	1	0	1024	0	1024	0	0	0	2048	1798	0	2289	234	30	204	4321
2052	38	46	5	0	0	0	0	1	0	1024	0	4096	0	0	0	5120	2167	0	9678	218	30	188	12063
2053	42	26	0	0	128	128	16	1	8192	1024	3072	267264	1024	1024	0	272384	3141	7460	683549	3591	3199	392	697741
2054	49	50	2	0	0	0	0	1	0	1024	0	1024	0	0	0	2048	1815	0	2082	217	30	187	4114
2055	53	114	5	0	0	0	0	1	0	1024	0	4096	0	0	0	5120	2126	0	9775	218	30	188	12119
2056	57	94	0	0	128	128	16	1	8192	1024	4096	266240	1024	1024	0	272384	2924	9498	682404	3635	3242	393	698461
2057	4	103	2	0	0	0	0	1	0	1024	0	0	1024	0	1024	2048	1750	0	1841	219	30	189	3810
2058	11	3	0	0	128	128	16	1	8192	1024	4096	264192	1024	1024	0	270336	3093	9844	675405	3449	3045	404	691791
2059	14	31	0	1	128	128	16	1	8192	1024	1024	503808	4096	4096	0	509952	2635	3072	1291406	10939	10534	405	1308052
2060	21	11	3	0	0	0	0	1	0	1024	0	0	0	0	0	1024	1237	0	880	218	30	188	2335
2061	26	71	0	0	128	128	16	1	8192	1024	4096	265216	1024	1024	0	271360	2779	9037	679247	3647	3244	403	694710
2062	35	15	2	0	0	0	0	1	0	1024	0	1024	0	0	0	2048	1743	0	2343	224	30	194	4310
2063	38	47	5	0	0	0	0	1	0	1024	0	4096	0	0	0	5120	2099	0	9743	218	30	188	12060
2064	42	27	0	0	128	128	16	1	8192	1024	4096	262144	2048	2048	0	269312	2850	10097	672391	3664	3262	402	689002
2065	49	51	2	0	0	0	0	1	0	1024	0	1024	0	0	0	2048	1537	0	2102	218	30	188	3857
2066	53	115	5	0	0	0	0	1	0	1024	0	4096	0	0	0	5120	2121	0	9838	218	30	188	12177
2067	57	95	0	0	128	128	16	1	8192	1024	4096	266240	2048	2048	0	273408	2979	9382	683048	3707	3306	401	699116
2068	4	104	2	0	0	0	0	1	0	1024	0	1024	0	0	0	2048	1732	0	2115	218	30	188	4065
2069	11	4	0	0	128	128	16	1	8192	1024	4096	268288	1024	1024	0	274432	3053	10189	685431	3550	3134	416	702223
2070	15	0	1	1	0	0	0	1	0	1024	0	4096	8192	8192	0	13312	1848	0	11014	20125	19937	188	32987
2071	21	12	3	0	0	0	0	1	0	1024	0	0	0	0	0	1024	1707	0	674	218	30	188	2599
2072	26	72	0	0	128	128	16	1	8192	1024	4096	266240	2048	2048	0	273408	2757	10893	680860	3704	3285	419	698214
2073	35	16	2	0	0	0	0	1	0	1024	0	1024	0	0	0	2048	1745	0	2341	219	30	189	4305
2074	38	48	5	0	0	0	0	1	0	1024	0	4096	0	0	0	5120	1687	0	10909	217	30	187	12813
2075	42	28	0	0	128	128	16	1	8192	1024	4096	261120	2048	1024	1024	268288	3069	10415	667802	3710	3290	420	684996
2076	49	52	2	0	0	0	0	1	0	1024	0	1024	0	0	0	2048	1786	0	2173	220	32	188	4179
2077	53	116	5	0	0	0	0	1	0	1024	0	4096	0	0	0	5120	2138	0	10488	217	30	187	12843
2078	57	96	0	0	128	128	16	1	8192	1024	5120	266240	2048	2048	0	274432	3161	11065	684081	3723	3302	421	702030
2079	4	105	2	0	0	0	0	1	0	1024	0	1024	0	0	0	2048	1797	0	2155	218	30	188	4170
2080	11	5	0	0	128	128	16	1	8192	1024	4096	268288	1024	1024	0	274432	2922	9014	686963	3517	3083	434	702416
2081	15	1	1	0	0	0	0	1	0	1024	0	4096	8192	8192	0	13312	1816	0	11136	20021	19833	188	32973
2082	21	13	3	0	0	0	0	1	0	1024	0	0	0	0	0	1024	1659	0	671	218	30	188	2548
2083	26	73	0	0	128	128	16	1	8192	1024	4096	263168	1024	1024	0	269312	2715	9766	672282	3724	3288	436	688487
2084	35	17	2	0	0	0	0	1	0	1024	0	1024	0	0	0	2048	1712	0	2323	220	30	190	4255
2085	38	49	5	0	0	0	0	1	0	1024	0	4096	0	0	0	5120	1684	0	10724	217	30	187	12625
2086	42	29	0	0	128	128	16	1	8192	1024	4096	266240	2048	2048	0	273408	3003	10406	682261	3716	3282	434	699386
2087	49	53	2	0	0	0	0	1	0	1024	0	1024	0	0	0	2048	1784	0	2136	218	30	188	4138
2088	53	117	5	0	0	0	0	1	0	1024	0	4096	0	0	0	5120	2056	0	10401	218	30	188	12675
2089	57	97	0	0	128	128	16	1	8192	1024	4096	267264	1024	1024	0	273408	3170	10280	682784	3716	3280	436	699950
2090	4	106	2	0	0	0	0	1	0	1024	0	1024	0	0	0	2048	1785	0	2095	219	30	189	4099
2091	11	6	0	0	128	128	16	1	8192	1024	4096	268288	1024	1024	0	274432	2930	10217	686727	3440	3023	417	703314
2092	15	2	1	0	0	0	0	1	0	1024	0	4096	8192	8192	0	13312	1864	0	10768	20384	20196	188	33016
2093	21	14	3	0	0	0	0	1	0	1024	0	0	0	0	0	1024	1336	0	816	218	30	188	2370
2094	26	74	0	0	128	128	16	1	8192	1024	3072	263168	2048	1024	1024	269312	2770	8349	673270	3623	3200	423	688012
2095	35	18	2	0	0	0	0	1	0	1024	0	1024	0	0	0	2048	1735	0	2286	221	31	190	4242
2096	38	50	5	0	0	0	0	1	0	1024	0	4096	0	0	0	5120	2153	0	10452	217	30	187	12822
2097	42	30	0	0	128	128	16	1	8192	1024	4096	267264	2048	2048	0	274432	3022	9371	685911	3647	3227	420	701951
2098	49	54	2	0	0	0	0	1	0	1024	0	1024	0	0	0	2048	1751	0	2078	218	30	188	4047
2099	53	118	5	0	0	0	0	1	0	1024	0	4096	0	0	0	5120	2124	0	10438	217	30	187	12779
2100	57	98	0	0	128	128	16	1	8192	1024	5120	266240	1024	1024	0	273408	3176	10874	683617	3668	3248	420	701335
2101	4	107	2	0	0	0	0	1	0	1024	0	0	1024	0	1024	2048	1752	0	1815	219	30	189	3786
2102	11	7	0	0	128	128	16	1	8192	1024	5120	262144	1024	1024	0	269312	2834	11527	670244	3435	3026	409	688040
2103	15	3	1	0	0	0	0	1	0	1024	0	4096	8192	8192	0	13312	1901	0	10224	20914	20726	188	33039
2104	21	15	3	0	0	0	0	1	0	1024	0	0	0	0	0	1024	1642	0	665	218	30	188	2525
2105	26	75	0	0	128	128	16	1	8192	1024	4096	265216	1024	1024	0	271360	2804	9188	677974	3584	3176	408	693550
2106	35	19	2	0	0	0	0	1	0	1024	0	1024	0	0	0	2048	1784	0	2289	219	31	188	4292
2107	38	51	5	0	0	0	0	1	0	1024	0	4096	0	0	0	5120	2004	0	10609	218	30	188	12831
2108	42	31	0	0	128	128	16	1	8192	1024	4096	267264	1024	1024	0	273408	3140	9554	682798	4114	3702	412	699606
2109	49	55	2	0	0	0	0	1	0	1024	0	1024	0	0	0	2048	1811	0	2096	216	30	186	4123
2110	53	119	5	0	0	0	0	1	0	1024	0	4096	0	0	0	5120	2097	0	10357	217	30	187	12671
2111	57	99	0	0	128	128	16	1	8192	1024	4096	261120	2048	1024	1024	268288	3112	9832	668569	3619	3208	411	685132
2112	4	108	2	0	0	0	0	1	0	1024	0	1024	0	0	0	2048	1602	0	2099	221	31	190	3922
2113	11	8	0	0	128	128	16	1	8192	1024	5120	269312	1024	1024	0	276480	3019	10654	691321	3603	3160	443	708597
2114	17	0	0	1	128	128	16	1	8192	1024	2048	144384	2048	2048	0	149504	3263	3751	371914	3641	3196	445	382569
2115	21	16	3	0	0	0	0	1	0	1024	0	0	0	0	0	1024	1137	0	917	217	30	187	2271
2116	26	76	0	0	128	128	16	1	8192	1024	5120	266240	1024	1024	0	273408	2769	11490	681420	3786	3343	443	699465
2117	35	20	2	0	0	0	0	1	0	1024	0	1024	0	0	0	2048	1598	0	2383	221	30	191	4202
2118	38	52	5	0	0	0	0	1	0	1024	0	4096	0	0	0	5120	2173	0	9897	216	30	186	12286
2119	42	32	0	0	128	128	16	1	8192	1024	4096	266240	1024	1024	0	272384	2829	10310	680987	3830	3382	448	697956
2120	49	56	2	0	0	0	0	1	0	1024	0	1024	0	0	0	2048	1737	0	2236	216	30	186	4189
2121	53	120	5	0	0	0	0	1	0	1024	0	4096	0	0	0	5120	2104	0	10458	218	30	188	12780
2122	57	100	0	0	128	128	16	1	8192	1024	5120	263168	2048	2048	0	271360	3078	10486	676212	3807	3363	444	693583
2123	4	109	2	0	0	0	0	1	0	1024	0	1024	0	0	0	2048	1623	0	2335	219	31	188	4177
2124	11	9	0	0	128	128	16	1	8192	1024	4096	258048	1024	1024	0	264192	3005	9974	659650	3595	3165	430	676224
2125	17	1	0	0	128	128	16	1	8192	1024	2048	145408	1024	1024	0	149504	3291	3341	372743	3650	3222	428	383025
2126	21	17	3	0	0	0	0	1	0	1024	0	0	0	0	0	1024	1749	0	707	218	30	188	2674
2127	26	77	0	0	128	128	16	1	8192	1024	5120	264192	1024	1024	0	271360	2813	11253	677476	3838	3411	427	695380
2128	35	21	2	0	0	0	0	1	0	1024	0	1024	0	0	0	2048	1660	0	2364	213	30	183	4237
2129	38	53	5	0	0	0	0	1	0	1024	0	4096	0	0	0	5120	1760	0	10380	216	30	186	12356
2130	42	33	0	0	128	128	16	1	8192	1024	4096	265216	1024	1024	0	271360	2839	10530	677260	4340	3912	428	694969
2131	49	57	2	0	0	0	0	1	0	1024	0	1024	0	0	0	2048	1750	0	2265	216	30	186	4231
2132	53	121	5	0	0	0	0	1	0	1024	0	4096	0	0	0	5120	2144	0	10317	217	30	187	12678
2133	57	101	0	0	128	128	16	1	8192	1024	5120	265216	1024	1024	0	272384	3173	11060	679713	4398	3968	430	698344
2134	4	110	2	0	0	0	0	1	0	1024	0	1024	0	0	0	2048	1801	0	1854	219	30	189	3874
2135	11	10	0	0	128	128	16	1	8192	1024	4096	267264	1024	1024	0	273408	2983	9577	683498	4089	3676	413	700147
2136	17	2	0	0	128	128	16	1	8192	1024	2048	145408	1024	1024	0	149504	3309	3178	373528	3605	3192	413	383620
2137	21	18	3	0	0	0	0	1	0	1024	0	0	0	0	0	1024	1432	0	723	218	30	188	2373
2138	26	78	0	1	128	128	16	1	8192	1024	5120	268288	2048	1024	1024	276480	2848	11260	688493	3754	3340	414	706355
2139	35	22	2	0	0	0	0	1	0	1024	0	1024	0	0	0	2048	1745	0	2250	217	30	187	4212
2140	38	54	5	0	0	0	0	1	0	1024	0	4096	0	0	0	5120	1656	0	10469	217	30	187	12342
2141	42	34	0	0	128	128	16	1	8192	1024	5120	263168	1024	1024	0	270336	2873	11402	675142	3714	3300	414	693131
2142	49	58	2	0	0	0	0	1	0	1024	0	1024	0	0	0	2048	1822	0	2142	218	30	188	4182
2143	53	122	5	0	0	0	0	1	0	1024	0	4096	0	0	0	5120	2216	0	10269	217	30	187	12702
2144	57	102	0	0	128	128	16	1	8192	1024	4096	265216	2048	1024	1024	272384	3058	10457	678752	3817	3404	413	696084
2145	4	111	2	0	0	0	0	1	0	1024	0	1024	0	0	0	2048	1722	0	2139	220	30	190	4081
2146	11	11	0	0	128	128	16	1	8192	1024	4096	265216	1024	1024	0	271360	3036	10590	678547	3521	3112	409	695694
2147	17	3	0	0	128	128	16	1	8192	1024	2048	144384	2048	1024	1024	149504	3357	3224	371637	3927	3520	407	382145
2148	21	19	3	0	0	0	0	1	0	1024	0	0	0	0	0	1024	1665	0	671	218	30	188	2554
2149	26	79	0	0	128	128	16	1	8192	1024	4096	259072	1024	1024	0	265216	2875	10303	661689	3727	3318	409	678594
2150	35	23	2	0	0	0	0	1	0	1024	0	1024	0	0	0	2048	1691	0	2300	218	30	188	4209
2151	38	55	5	0	0	0	0	1	0	1024	0	4096	0	0	0	5120	2363	0	9797	218	30	188	12378
2152	42	35	0	0	128	128	16	1	8192	1024	4096	259072	1024	1024	0	265216	2912	9436	663703	3674	3267	407	679725
2153	49	59	2	0	0	0	0	1	0	1024	0	1024	0	0	0	2048	1756	0	2213	218	30	188	4187
2154	53	123	5	0	0	0	0	1	0	1024	0	4096	0	0	0	5120	2122	0	10481	218	30	188	12821
2155	57	103	0	0	128	128	16	1	8192	1024	4096	261120	1024	1024	0	267264	3065	10592	667934	3724	3319	405	685315
2156	4	112	2	0	0	0	0	1	0	1024	0	1024	0	0	0	2048	1742	0	2253	223	30	193	4218
2157	11	12	0	0	128	128	16	1	8192	1024	4096	264192	2048	1024	1024	271360	3067	10234	676695	3550	3130	420	693546
2158	17	4	0	0	128	128	16	1	8192	1024	2048	145408	1024	1024	0	149504	3313	3259	372709	3610	3191	419	382891
2159	21	20	3	0	0	0	0	1	0	1024	0	0	0	0	0	1024	1739	0	914	218	30	188	2871
2160	26	80	0	0	128	128	16	1	8192	1024	4096	265216	1024	1024	0	271360	2821	10492	677944	3771	3351	420	695028
2161	35	24	2	0	0	0	0	1	0	1024	0	1024	0	0	0	2048	1654	0	2351	218	30	188	4223
2162	38	56	5	0	0	0	0	1	0	1024	0	4096	0	0	0	5120	2157	0	10474	217	30	187	12848
2163	42	36	0	0	128	128	16	1	8192	1024	4096	262144	2048	1024	1024	269312	2892	10693	671039	3711	3292	419	688335
2164	49	60	2	0	0	0	0	1	0	1024	0	1024	0	0	0	2048	1729	0	2202	218	30	188	4149
2165	53	124	5	0	0	0	0	1	0	1024	0	4096	0	0	0	5120	2009	0	10457	218	30	188	12684
2166	57	104	0	0	128	128	16	1	8192	1024	4096	262144	1024	1024	0	268288	3090	10082	670907	3798	3377	421	687877
2167	4	113	2	0	0	0	0	1	0	1024	0	1024	0	0	0	2048	1720	0	2306	219	31	188	4245
2168	11	13	0	0	128	128	16	1	8192	1024	4096	266240	1024	1024	0	272384	3048	8582	680944	3566	3131	435	696140
2169	17	5	0	0	128	128	16	1	8192	1024	2048	144384	2048	2048	0	149504	3315	3353	371957	3671	3238	433	382296
2170	21	21	3	0	0	0	0	1	0	1024	0	0	0	0	0	1024	1329	0	945	217	30	187	2491
2171	26	81	0	0	128	128	16	1	8192	1024	4096	267264	1024	1024	0	273408	2802	10805	682284	3812	3375	437	699703
2172	35	25	2	0	0	0	0	1	0	1024	0	1024	0	0	0	2048	1657	0	2399	230	30	200	4286
2173	38	57	5	0	0	0	0	1	0	1024	0	4096	0	0	0	5120	1782	0	10888	218	30	188	12888
2174	42	37	0	0	128	128	16	1	8192	1024	5120	265216	1024	1024	0	272384	2856	11646	679003	3806	3373	433	697311
2175	49	61	2	0	0	0	0	1	0	1024	0	1024	0	0	0	2048	1716	0	1859	217	30	187	3792
2176	53	125	5	0	0	0	0	1	0	1024	0	4096	0	0	0	5120	2132	0	10267	218	30	188	12617
2177	57	105	0	0	128	128	16	1	8192	1024	5120	262144	2048	1024	1024	270336	3087	11637	671472	4399	3966	433	690595
2178	4	114	2	0	0	0	0	1	0	1024	0	1024	0	0	0	2048	1612	0	2084	221	31	190	3917
2179	11	14	0	0	128	128	16	1	8192	1024	5120	263168	1024	1024	0	270336	2729	10794	675118	3617	3165	452	692258
2180	17	6	0	0	128	128	16	1	8192	1024	2048	144384	2048	2048	0	149504	3282	3635	371590	3669	3217	452	382176
2181	21	22	3	0	0	0	0	1	0	1024	0	0	0	0	0	1024	1127	0	940	217	30	187	2284
2182	26	82	0	0	128	128	16	1	8192	1024	4096	262144	1024	1024	0	268288	2751	10520	668818	3748	3294	454	685837
2183	35	26	2	0	0	0	0	1	0	1024	0	1024	0	0	0	2048	1592	0	2388	214	30	184	4194
2184	38	58	5	0	0	0	0	1	0	1024	0	4096	0	0	0	5120	2108	0	10513	217	30	187	12838
2185	42	38	0	0	128	128	16	1	8192	1024	4096	263168	1024	1024	0	269312	2805	10013	672361	3782	3333	449	688961
2186	49	62	2	0	0	0	0	1	0	1024	0	1024	0	0	0	2048	1747	0	2228	216	30	186	4191
2187	53	126	5	0	0	0	0	1	0	1024	0	4096	0	0	0	5120	2112	0	10438	217	30	187	12767
2188	57	106	0	0	128	128	16	1	8192	1024	4096	266240	2048	2048	0	273408	3056	9878	681993	3821	3366	455	698748
2189	4	115	2	0	0	0	0	1	0	1024	0	1024	0	0	0	2048	1701	0	2294	216	30	186	4211
2190	11	15	0	0	128	128	16	1	8192	1024	4096	264192	2048	1024	1024	271360	3023	9479	677190	3554	3118	436	693246
2191	17	7	0	0	128	128	16	1	8192	1024	2048	144384	2048	2048	0	149504	3321	3234	372083	3612	3178	434	382250
2192	21	23	3	0	0	0	0	1	0	1024	0	0	0	0	0	1024	1647	0	679	218	30	188	2544
2193	26	83	0	0	128	128	16	1	8192	1024	4096	268288	1024	1024	0	274432	2742	10778	685949	3745	3310	435	703214
2194	35	27	2	0	0	0	0	1	0	1024	0	1024	0	0	0	2048	1623	0	2361	253	31	222	4237
2195	38	59	5	0	0	0	0	1	0	1024	0	4096	0	0	0	5120	1774	0	10817	217	30	187	12808
2196	42	39	0	1	128	128	16	1	8192	1024	4096	272384	1024	1024	0	278528	2786	9859	696597	3768	3333	435	713010
2197	49	63	2	0	0	0	0	1	0	1024	0	1024	0	0	0	2048	1766	0	2212	217	30	187	4195
2198	53	127	5	0	0	0	0	1	0	1024	0	4096	0	0	0	5120	2077	0	10348	217	30	187	12642
2199	57	107	0	0	128	128	16	1	8192	1024	5120	262144	1024	1024	0	269312	3041	10595	673061	3755	3320	435	690452
2200	4	116	2	0	0	0	0	1	0	1024	0	1024	0	0	0	2048	1702	0	2170	217	31	186	4089
2201	11	16	0	0	128	128	16	1	8192	1024	5120	260096	1024	1024	0	267264	2934	10838	667059	3507	3079	428	684338
2202	16	0	0	0	128	128	16	1	8192	1024	1024	144384	2048	2048	0	148480	2989	2479	370691	3756	3330	426	379915
2203	21	24	3	0	0	0	0	1	0	1024	0	0	0	0	0	1024	1600	0	675	218	30	188	2493
2204	26	84	0	0	128	128	16	1	8192	1024	4096	267264	2048	2048	0	274432	2739	10166	684105	3670	3247	423	700680
2205	35	28	2	0	0	0	0	1	0	1024	0	1024	0	0	0	2048	1654	0	2327	225	33	192	4206
2206	38	60	5	0	0	0	0	1	0	1024	0	4096	0	0	0	5120	2089	0	10320	218	30	188	12627
2207	42	40	0	0	128	128	16	1	8192	1024	4096	266240	1024	1024	0	272384	2874	9784	680429	3637	3210	427	696724
2208	49	64	2	0	0	0	0	1	0	1024	0	1024	0	0	0	2048	1727	0	2215	218	30	188	4160
2209	54	0	0	0	128	128	16	1	8192	1024	1024	144384	4096	4096	0	150528	2273	2699	368926	10775	10347	428	384673
2210	57	108	0	0	128	128	16	1	8192	1024	4096	263168	1024	1024	0	269312	3070	10388	671919	3693	3268	425	689070
2211	4	117	2	0	0	0	0	1	0	1024	0	1024	0	0	0	2048	1753	0	2121	221	30	191	4095
2212	11	17	0	0	128	128	16	1	8192	1024	4096	263168	1024	1024	0	269312	3099	9765	673007	3462	3050	412	689333
2213	16	1	0	0	128	128	16	1	8192	1024	1024	145408	1024	1024	0	148480	3020	2228	371645	3651	3239	412	380544
2214	21	25	3	0	0	0	0	1	0	1024	0	0	0	0	0	1024	1696	0	656	218	30	188	2570
2215	26	85	0	0	128	128	16	1	8192	1024	4096	268288	1024	1024	0	274432	2961	8565	687437	3582	3169	413	702545
2216	35	29	2	0	0	0	0	1	0	1024	0	1024	0	0	0	2048	1703	0	2303	227	39	188	4233
2217	38	61	5	0	0	0	0	1	0	1024	0	4096	0	0	0	5120	1790	0	10707	217	30	187	12714
2218	42	41	0	0	128	128	16	1	8192	1024	4096	261120	1024	1024	0	267264	3006	9916	668124	3603	3192	411	684649
2219	49	65	2	0	0	0	0	1	0	1024	0	1024	0	0	0	2048	1789	0	2185	218	30	188	4192
2220	54	1	0	0	128	128	16	1	8192	1024	1024	144384	4096	4096	0	150528	2494	2524	368610	10674	10262	412	384302
2221	57	109	0	0	128	128	16	1	8192	1024	4096	263168	1024	1024	0	269312	3155	9426	673365	3663	3255	408	689609
2222	4	118	2	0	0	0	0	1	0	1024	0	1024	0	0	0	2048	1808	0	1873	218	30	188	3899
2223	11	18	0	0	128	128	16	1	8192	1024	5120	261120	1024	1024	0	268288	3112	10787	669404	3502	3080	422	686805
2224	16	2	0	0	128	128	16	1	8192	1024	1024	145408	1024	1024	0	148480	2959	2197	372508	3715	3293	422	381379
2225	21	26	3	0	0	0	0	1	0	1024	0	0	0	0	0	1024	1288	0	916	217	30	187	2421
2226	26	86	0	0	128	128	16	1	8192	1024	4096	264192	1024	1024	0	270336	2899	10106	676498	3647	3226	421	693150
2227	35	30	2	0	0	0	0	1	0	1024	0	1024	0	0	0	2048	1715	0	2320	227	31	196	4262
2228	38	62	5	0	0	0	0	1	0	1024	0	4096	0	0	0	5120	2282	0	10066	218	30	188	12566
2229	42	42	0	0	128	128	16	1	8192	1024	4096	268288	2048	2048	0	275456	2936	10459	687339	3684	3263	421	704418
2230	49	66	2	0	0	0	0	1	0	1024	0	1024	0	0	0	2048	1788	0	2151	218	30	188	4157
2231	54	2	0	0	128	128	16	1	8192	1024	1024	144384	4096	4096	0	150528	2440	2457	370350	10780	10357	423	386027
2232	57	110	0	0	128	128	16	1	8192	1024	4096	262144	1024	1024	0	268288	3131	8695	671750	3710	3291	419	687286
2233	4	119	2	0	0	0	0	1	0	1024	0	1024	0	0	0	2048	1715	0	1962	218	30	188	3895
2234	11	19	0	0	128	128	16	1	8192	1024	4096	267264	2048	2048	0	274432	2922	10397	684457	3515	3081	434	701291
2235	16	3	0	0	128	128	16	1	8192	1024	1024	145408	1024	1024	0	148480	2925	2591	371036	3757	3323	434	380309
2236	21	27	3	0	0	0	0	1	0	1024	0	0	0	0	0	1024	1320	0	941	217	30	187	2478
2237	26	87	0	0	128	128	16	1	8192	1024	5120	262144	1024	1024	0	269312	2882	11131	672266	3722	3287	435	690001
2238	35	31	2	0	0	0	0	1	0	1024	0	1024	0	0	0	2048	1692	0	2393	220	30	190	4305
2239	38	63	5	0	0	0	0	1	0	1024	0	4096	0	0	0	5120	2301	0	10116	218	30	188	12635
2240	42	43	0	0	128	128	16	1	8192	1024	4096	260096	1024	1024	0	266240	2899	8907	666359	3752	3317	435	681917
2241	49	67	2	0	0	0	0	1	0	1024	0	1024	0	0	0	2048	1770	0	2173	218	30	188	4161
2242	54	3	0	0	128	128	16	1	8192	1024	1024	144384	4096	4096	0	150528	2404	3003	368961	10933	10498	435	385301
2243	57	111	0	0	128	128	16	1	8192	1024	5120	265216	1024	1024	0	272384	3121	11464	678986	3773	3339	434	697344
2244	4	120	2	0	0	0	0	1	0	1024	0	1024	0	0	0	2048	1763	0	2201	223	35	188	4187
2245	11	20	0	0	128	128	16	1	8192	1024	4096	262144	2048	1024	1024	269312	2879	10300	671243	3552	3135	417	687974
2246	16	4	0	0	128	128	16	1	8192	1024	1024	145408	1024	1024	0	148480	2949	2271	372551	3728	3308	420	381499
2247	21	28	3	0	0	0	0	1	0	1024	0	0	0	0	0	1024	1771	0	679	218	30	188	2668
2248	26	88	0	0	128	128	16	1	8192	1024	4096	262144	1024	1024	0	268288	2926	10379	670462	3776	3360	416	687543
2249	34	0	2	0	0	0	0	1	0	1024	0	1024	0	0	0	2048	2198	0	1636	218	30	188	4052
2250	38	64	5	0	0	0	0	1	0	1024	0	4096	0	0	0	5120	1613	0	10336	218	30	188	12167
2251	42	44	0	0	128	128	16	1	8192	1024	4096	260096	2048	2048	0	267264	2891	10105	666920	3718	3298	420	683634
2252	49	68	2	0	0	0	0	1	0	1024	0	1024	0	0	0	2048	1766	0	2174	218	30	188	4158
2253	54	4	0	1	128	128	16	1	8192	1024	1024	145408	4096	4096	0	151552	2430	2889	370735	10955	10538	417	387009
2254	58	0	4	1	0	0	0	1	0	1024	0	30720	0	0	0	31744	1821	0	79573	217	30	187	81611
2255	4	121	2	0	0	0	0	1	0	1024	0	1024	0	0	0	2048	1715	0	2148	219	31	188	4082
2256	11	21	0	0	128	128	16	1	8192	1024	4096	267264	1024	1024	0	273408	3054	10483	682895	3488	3083	405	699920
2257	16	5	0	0	128	128	16	1	8192	1024	1024	145408	1024	1024	0	148480	2968	2660	371955	3709	3304	405	381292
2258	21	29	3	0	0	0	0	1	0	1024	0	0	0	0	0	1024	1765	0	670	218	30	188	2653
2259	26	89	0	0	128	128	16	1	8192	1024	4096	262144	2048	1024	1024	269312	2912	8680	672735	3708	3300	408	688035
2260	34	1	2	0	0	0	0	1	0	1024	0	1024	0	0	0	2048	2384	0	1640	254	30	224	4278
2261	38	65	5	0	0	0	0	1	0	1024	0	4096	0	0	0	5120	1564	0	10423	218	30	188	12205
2262	42	45	0	0	128	128	16	1	8192	1024	4096	262144	1024	1024	0	268288	2927	10184	671265	3655	3251	404	688031
2263	49	69	2	0	0	0	0	1	0	1024	0	1024	0	0	0	2048	1779	0	2188	218	30	188	4185
2264	54	5	0	0	128	128	16	1	8192	1024	1024	145408	4096	4096	0	151552	2493	2598	371648	10733	10330	403	387472
2265	58	1	4	0	0	0	0	1	0	1024	0	29696	0	0	0	30720	1875	0	77045	218	30	188	79138
2266	4	122	2	0	0	0	0	1	0	1024	0	0	1024	0	1024	2048	1723	0	1865	225	30	195	3813
2267	11	22	0	0	128	128	16	1	8192	1024	5120	265216	1024	1024	0	272384	3142	11035	679094	3454	3059	395	696725
2268	16	6	0	0	128	128	16	1	8192	1024	1024	145408	2048	1024	1024	149504	3021	1919	373293	3668	3269	399	381901
2269	21	30	3	0	0	0	0	1	0	1024	0	0	0	0	0	1024	1408	0	655	218	30	188	2281
2270	26	90	0	0	128	128	16	1	8192	1024	4096	265216	1024	1024	0	271360	3009	9817	679293	3577	3180	397	695696
2271	34	2	2	0	0	0	0	1	0	1024	0	1024	0	0	0	2048	2135	0	1542	236	30	206	3913
2272	38	66	5	0	0	0	0	1	0	1024	0	4096	0	0	0	5120	2209	0	9722	217	30	187	12148
2273	42	46	0	0	128	128	16	1	8192	1024	4096	271360	1024	1024	0	277504	3068	8889	695044	3624	3226	398	710625
2274	49	70	2	0	0	0	0	1	0	1024	0	1024	0	0	0	2048	1785	0	2126	216	30	186	4127
2275	54	6	0	0	128	128	16	1	8192	1024	1024	144384	4096	3072	1024	150528	2536	2386	368557	10694	10294	400	384173
2276	58	2	4	0	0	0	0	1	0	1024	0	28672	0	0	0	29696	1903	0	74178	218	30	188	76299
2277	4	123	2	0	0	0	0	1	0	1024	0	1024	0	0	0	2048	1733	0	1955	219	30	189	3907
2278	11	23	0	0	128	128	16	1	8192	1024	4096	266240	1024	1024	0	272384	2796	10168	681104	3487	3076	411	697555
2279	16	7	0	0	128	128	16	1	8192	1024	1024	145408	1024	1024	0	148480	2975	3110	371816	3751	3340	411	381652
2280	21	31	3	0	0	0	0	1	0	1024	0	0	0	0	0	1024	1599	0	661	218	30	188	2478
2281	26	91	0	0	128	128	16	1	8192	1024	4096	269312	1024	1024	0	275456	2756	10911	687490	3682	3273	409	704839
2282	34	3	2	0	0	0	0	1	0	1024	0	0	1024	0	1024	2048	1232	0	1682	451	30	421	3365
2283	38	67	5	0	0	0	0	1	0	1024	0	4096	0	0	0	5120	2045	0	9987	217	30	187	12249
2284	42	47	0	0	128	128	16	1	8192	1024	5120	262144	1024	1024	0	269312	2752	10860	673012	3711	3301	410	690335
2285	49	71	2	0	0	0	0	1	0	1024	0	1024	0	0	0	2048	1742	0	2160	218	30	188	4120
2286	54	7	0	0	128	128	16	1	8192	1024	1024	143360	4096	4096	0	149504	2393	2594	367443	11078	10669	409	383508
2287	58	3	4	0	0	0	0	1	0	1024	0	29696	0	0	0	30720	1864	0	76992	218	30	188	79074
2288	4	124	2	0	0	0	0	1	0	1024	0	1024	0	0	0	2048	1734	0	2197	219	30	189	4150
2289	11	24	0	0	128	128	16	1	8192	1024	4096	267264	1024	1024	0	273408	3014	8632	684096	3560	3134	426	699302
2290	16	8	0	0	128	128	16	1	8192	1024	1024	145408	2048	2048	0	149504	2978	2798	372924	3807	3385	422	382507
2291	23	0	5	1	0	0	0	1	0	1024	0	4096	0	0	0	5120	1978	0	11076	218	30	188	13272
2292	26	92	0	0	128	128	16	1	8192	1024	5120	261120	2048	2048	0	269312	2739	11234	669948	3726	3304	422	687647
2293	34	4	2	0	0	0	0	1	0	1024	0	0	1024	1024	0	2048	1219	0	1718	448	30	418	3385
2294	38	68	5	0	0	0	0	1	0	1024	0	4096	0	0	0	5120	2093	0	9870	217	30	187	12180
2295	42	48	0	0	128	128	16	1	8192	1024	4096	266240	1024	1024	0	272384	2982	10457	679878	3762	3340	422	697079
2296	49	72	2	0	0	0	0	1	0	1024	0	1024	0	0	0	2048	1729	0	2232	218	30	188	4179
2297	54	8	0	0	128	128	16	1	8192	1024	1024	144384	5120	5120	0	151552	2414	2650	369849	12308	11885	423	387221
2298	59	0	0	0	128	128	16	1	8192	1024	1024	502784	4096	4096	0	508928	3044	3208	1287898	11177	10755	422	1305327
2299	4	125	2	0	0	0	0	1	0	1024	0	1024	0	0	0	2048	1703	0	2193	218	32	186	4114
2300	11	25	0	0	128	128	16	1	8192	1024	4096	265216	1024	1024	0	271360	2819	9669	678608	3534	3094	440	694630
2301	16	9	0	0	128	128	16	1	8192	1024	1024	145408	2048	2048	0	149504	2937	2698	373162	3742	3300	442	382539
2302	23	1	5	0	0	0	0	1	0	1024	0	4096	0	0	0	5120	2229	0	10830	218	30	188	13277
2303	26	93	0	0	128	128	16	1	8192	1024	5120	266240	1024	1024	0	273408	2699	10975	682848	3769	3326	443	700291
2304	34	5	2	0	0	0	0	1	0	1024	0	1024	0	0	0	2048	2214	0	1512	251	30	221	3977
2305	38	69	5	0	0	0	0	1	0	1024	0	4096	0	0	0	5120	1690	0	10368	217	30	187	12275
2306	42	49	0	0	128	128	16	1	8192	1024	5120	265216	1024	1024	0	272384	2959	10868	679400	3779	3337	442	697006
2307	49	73	2	0	0	0	0	1	0	1024	0	1024	0	0	0	2048	1808	0	2162	218	30	188	4188
2308	54	9	0	0	128	128	16	1	8192	1024	1024	144384	5120	5120	0	151552	2322	2669	370624	11527	11089	438	387142
2309	59	1	0	0	128	128	16	1	8192	1024	1024	496640	4096	4096	0	502784	3003	2864	1272913	11602	11158	444	1290382
2310	4	126	2	0	0	0	0	1	0	1024	0	1024	0	0	0	2048	1756	0	2191	216	30	186	4163
2311	11	26	0	0	128	128	16	1	8192	1024	4096	265216	2048	2048	0	272384	2961	10191	679618	3450	3022	428	696220
2312	16	10	0	0	128	128	16	1	8192	1024	1024	145408	1024	1024	0	148480	2983	2201	372587	3730	3303	427	381501
2313	23	2	5	0	0	0	0	1	0	1024	0	4096	0	0	0	5120	1949	0	11112	217	30	187	13278
2314	26	94	0	0	128	128	16	1	8192	1024	5120	267264	1024	1024	0	274432	2702	11062	685729	3698	3273	425	703191
2315	34	6	2	0	0	0	0	1	0	1024	0	1024	0	0	0	2048	2214	0	1414	231	30	201	3859
2316	38	70	5	0	0	0	0	1	0	1024	0	4096	0	0	0	5120	1698	0	10230	218	30	188	12146
2317	42	50	0	0	128	128	16	1	8192	1024	4096	264192	2048	1024	1024	271360	2935	10490	676404	3702	3278	424	693531
2318	49	74	2	0	0	0	0	1	0	1024	0	1024	0	0	0	2048	1775	0	2194	218	30	188	4187
2319	54	10	0	0	128	128	16	1	8192	1024	1024	144384	5120	5120	0	151552	2488	2508	370113	12223	11798	425	387332
2320	59	2	0	0	128	128	16	1	8192	1024	1024	499712	4096	4096	0	505856	3031	2898	1280521	11001	10576	425	1297451
2321	4	127	2	0	0	0	0	1	0	1024	0	1024	0	0	0	2048	1746	0	1901	223	30	193	3870
2322	11	27	0	0	128	128	16	1	8192	1024	4096	264192	1024	1024	0	270336	2883	10347	675463	3405	2991	414	692098
2323	16	11	0	0	128	128	16	1	8192	1024	1024	146432	1024	1024	0	149504	3025	2428	373810	3639	3225	414	382902
2324	23	3	5	0	0	0	0	1	0	1024	0	4096	0	0	0	5120	2050	0	10999	218	30	188	13267
2325	26	95	0	0	128	128	16	1	8192	1024	4096	267264	1024	1024	0	273408	2716	10231	682223	3602	3187	415	698772
2326	34	7	2	0	0	0	0	1	0	1024	0	1024	0	0	0	2048	2401	0	1573	223	30	193	4197
2327	38	71	5	0	0	0	0	1	0	1024	0	4096	0	0	0	5120	2045	0	10032	218	30	188	12295
2328	42	51	0	0	128	128	16	1	8192	1024	4096	265216	1024	1024	0	271360	2840	10415	676718	4176	3758	418	694149
2329	49	75	2	0	0	0	0	1	0	1024	0	1024	0	0	0	2048	1779	0	2146	218	30	188	4143
2330	54	11	0	0	128	128	16	1	8192	1024	1024	144384	4096	4096	0	150528	2408	2641	370278	10909	10492	417	386236
2331	59	3	0	0	128	128	16	1	8192	1024	1024	500736	5120	4096	1024	507904	3053	2493	1285018	10858	10442	416	1301422
2332	7	0	3	0	0	0	0	1	0	1024	0	0	0	0	0	1024	2064	0	1349	225	34	191	3638
2333	11	28	0	0	128	128	16	1	8192	1024	4096	263168	1024	1024	0	269312	3223	9413	673942	3417	3016	401	689995
2334	16	12	0	0	128	128	16	1	8192	1024	1024	145408	1024	1024	0	148480	3089	2330	371455	3566	3164	402	380440
2335	23	4	5	0	0	0	0	1	0	1024	0	4096	0	0	0	5120	2594	0	10211	218	30	188	13023
2336	26	96	0	0	128	128	16	1	8192	1024	1024	225280	1024	1024	0	228352	2699	2014	575026	3617	3215	402	583356
2337	34	8	2	0	0	0	0	1	0	1024	0	0	1024	0	1024	2048	1227	0	1555	434	30	404	3216
2338	38	72	5	0	0	0	0	1	0	1024	0	4096	0	0	0	5120	2175	0	9875	218	30	188	12268
2339	42	52	0	0	128	128	16	1	8192	1024	3072	262144	2048	2048	0	268288	3079	7714	671386	3549	3149	400	685728
2340	49	76	2	0	0	0	0	1	0	1024	0	1024	0	0	0	2048	1799	0	2104	216	30	186	4119
2341	54	12	0	0	128	128	16	1	8192	1024	1024	144384	4096	4096	0	150528	2628	2485	369457	10468	10066	402	385038
2342	59	4	0	0	128	128	16	1	8192	1024	1024	501760	4096	4096	0	507904	3077	2605	1285402	10699	10296	403	1301783
2343	7	1	3	0	0	0	0	1	0	1024	0	0	0	0	0	1024	2034	0	1365	223	30	193	3622
2344	11	29	0	0	128	128	16	1	8192	1024	4096	262144	1024	1024	0	268288	3188	9093	670791	3444	3032	412	686516
2345	16	13	0	0	128	128	16	1	8192	1024	1024	145408	1024	1024	0	148480	3014	2776	372128	3677	3266	411	381595
2346	23	5	5	0	0	0	0	1	0	1024	0	4096	0	0	0	5120	2024	0	10897	217	30	187	13138
2347	26	97	0	0	128	128	16	1	8192	1024	1024	226304	1024	1024	0	229376	2664	2141	578410	3767	3354	413	586982
2348	34	9	2	0	0	0	0	1	0	1024	0	0	1024	0	1024	2048	1213	0	1632	429	30	399	3274
2349	38	73	5	0	0	0	0	1	0	1024	0	4096	0	0	0	5120	1789	0	10113	218	30	188	12120
2350	42	53	0	0	128	128	16	1	8192	1024	3072	261120	2048	1024	1024	267264	3051	7766	668784	3612	3203	409	683213
2351	49	77	2	0	0	0	0	1	0	1024	0	1024	0	0	0	2048	1802	0	2142	218	30	188	4162
2352	54	13	0	0	128	128	16	1	8192	1024	1024	144384	4096	4096	0	150528	2552	2770	368516	10602	10190	412	384440
2353	59	5	0	0	128	128	16	1	8192	1024	1024	502784	4096	4096	0	508928	3057	2768	1288229	10869	10457	412	1304923
2354	7	2	3	0	0	0	0	1	0	1024	0	0	0	0	0	1024	1999	0	1378	219	30	189	3596
2355	11	30	0	1	128	128	16	1	8192	1024	4096	270336	2048	2048	0	277504	3096	8631	694283	3451	3025	426	709461
2356	16	14	0	0	128	128	16	1	8192	1024	1024	145408	2048	2048	0	149504	2976	2162	373654	3674	3251	423	382466
2357	23	6	5	0	0	0	0	1	0	1024	0	4096	0	0	0	5120	1955	0	10912	218	30	188	13085
2358	26	98	0	0	128	128	16	1	8192	1024	1024	216064	1024	1024	0	219136	2600	2696	551490	3904	3481	423	560690
2359	34	10	2	0	0	0	0	1	0	1024	0	0	1024	0	1024	2048	1205	0	1680	465	30	435	3350
2360	38	74	5	0	0	0	0	1	0	1024	0	4096	0	0	0	5120	2121	0	9837	221	30	191	12179
2361	42	54	0	0	128	128	16	1	8192	1024	4096	268288	1024	1024	0	274432	3020	8425	687106	3662	3236	426	702213
2362	49	78	2	0	0	0	0	1	0	1024	0	1024	0	0	0	2048	1781	0	2140	218	30	188	4139
2363	54	14	0	0	128	128	16	1	8192	1024	1024	144384	4096	4096	0	150528	2420	2787	369612	10926	10501	425	385745
2364	59	6	0	0	128	128	16	1	8192	1024	1024	502784	4096	4096	0	508928	3023	2800	1288456	11217	10794	423	1305496
2365	7	3	3	0	0	0	0	1	0	1024	0	0	0	0	0	1024	2028	0	1353	228	30	198	3609
2366	11	31	0	0	128	128	16	1	8192	1024	4096	264192	2048	1024	1024	271360	3172	10437	676605	3489	3082	407	693703
2367	16	15	0	0	128	128	16	1	8192	1024	1024	145408	2048	1024	1024	149504	2995	2772	372346	3687	3279	408	381800
2368	23	7	5	0	0	0	0	1	0	1024	0	4096	0	0	0	5120	2174	0	10842	218	30	188	13234
2369	26	99	0	0	128	128	16	1	8192	1024	1024	222208	1024	1024	0	225280	2663	2947	567694	3785	3379	406	577089
2370	34	11	2	0	0	0	0	1	0	1024	0	1024	0	0	0	2048	2215	0	1471	218	30	188	3904
2371	38	75	5	0	0	0	0	1	0	1024	0	4096	0	0	0	5120	1597	0	10277	217	30	187	12091
2372	42	55	0	0	128	128	16	1	8192	1024	4096	261120	2048	1024	1024	268288	3052	8703	670576	3669	3262	407	686000
2373	49	79	2	0	0	0	0	1	0	1024	0	1024	0	0	0	2048	1776	0	2164	218	30	188	4158
2374	54	15	0	0	128	128	16	1	8192	1024	1024	144384	4096	4096	0	150528	2538	2753	369261	10747	10340	407	385299
2375	59	7	0	0	128	128	16	1	8192	1024	1024	501760	4096	4096	0	507904	3064	3038	1285052	11105	10696	409	1302259
2376	7	4	3	0	0	0	0	1	0	1024	0	0	0	0	0	1024	2050	0	1332	232	36	196	3614
2377	11	32	0	0	128	128	16	1	8192	1024	4096	266240	1024	1024	0	272384	3199	10359	681142	3470	3077	393	698170
2378	16	16	0	0	128	128	16	1	8192	1024	1024	144384	2048	2048	0	148480	3037	2837	370144	3643	3250	393	379661
2379	23	8	5	0	0	0	0	1	0	1024	0	4096	0	0	0	5120	2192	0	10398	218	30	188	12808
2380	26	100	0	0	128	128	16	1	8192	1024	1024	225280	1024	1024	0	228352	2987	1790	576928	3779	3386	393	585484
2381	34	12	2	0	0	0	0	1	0	1024	0	1024	0	0	0	2048	1883	0	1602	218	32	186	3703
2382	38	76	5	0	0	0	0	1	0	1024	0	4096	0	0	0	5120	2135	0	9549	216	30	186	11900
2383	42	56	0	0	128	128	16	1	8192	1024	4096	265216	1024	1024	0	271360	3066	8291	680567	3574	3181	393	695498
2384	49	80	2	0	0	0	0	1	0	1024	0	1024	0	0	0	2048	1793	0	2091	220	30	190	4104
2385	54	16	0	0	128	128	16	1	8192	1024	1024	144384	4096	4096	0	150528	2541	2602	370208	10628	10237	391	385979
2386	59	8	0	0	128	128	16	1	8192	1024	1024	498688	4096	4096	0	504832	3094	2866	1278509	10946	10551	395	1295415
2387	7	5	3	0	0	0	0	1	0	1024	0	0	0	0	0	1024	2034	0	1353	218	32	186	3605
2388	11	33	0	0	128	128	16	1	8192	1024	4096	264192	1024	1024	0	270336	3191	10726	674735	3435	3047	388	692087
2389	16	17	0	0	128	128	16	1	8192	1024	1024	143360	2048	2048	0	147456	3090	2052	368554	4477	4092	385	378173
2390	23	9	5	0	0	0	0	1	0	1024	0	4096	0	0	0	5120	2042	0	10647	218	30	188	12907
2391	26	101	0	0	128	128	16	1	8192	1024	1024	219136	2048	1024	1024	223232	3050	1562	561831	3644	3255	389	570087
2392	34	13	2	0	0	0	0	1	0	1024	0	0	1024	0	1024	2048	1742	0	1586	217	30	187	3545
2393	38	77	5	0	0	0	0	1	0	1024	0	4096	0	0	0	5120	1755	0	9895	216	30	186	11866
2394	42	57	0	0	128	128	16	1	8192	1024	3072	267264	1024	1024	0	272384	3129	7688	682809	3532	3147	385	697158
2395	49	81	2	0	0	0	0	1	0	1024	0	1024	0	0	0	2048	1800	0	2078	216	30	186	4094
2396	54	17	0	0	128	128	16	1	8192	1024	1024	144384	4096	4096	0	150528	2639	2725	369245	10405	10017	388	385014
2397	59	9	0	0	128	128	16	1	8192	1024	1024	498688	4096	4096	0	504832	3111	3195	1278346	10740	10353	387	1295392
2398	7	6	3	0	0	0	0	1	0	1024	0	0	0	0	0	1024	1993	0	1405	223	34	189	3621
2399	11	34	0	0	128	128	16	1	8192	1024	4096	262144	1024	1024	0	268288	3195	10391	669713	3452	3054	398	686751
2400	16	18	0	0	128	128	16	1	8192	1024	1024	144384	2048	2048	0	148480	3027	2541	370591	3694	3293	401	379853
2401	23	10	5	0	0	0	0	1	0	1024	0	4096	0	0	0	5120	2124	0	10502	217	30	187	12843
2402	26	102	0	0	128	128	16	1	8192	1024	1024	220160	2048	2048	0	224256	2917	1623	565195	3705	3309	396	573440
2403	34	14	2	0	0	0	0	1	0	1024	0	0	0	0	0	1024	1246	0	1675	429	30	399	3350
2404	38	78	5	0	0	0	0	1	0	1024	0	4096	0	0	0	5120	2032	0	9643	216	30	186	11891
2405	42	58	0	0	128	128	16	1	8192	1024	3072	263168	1024	1024	0	268288	3069	7934	672391	3663	3267	396	687057
2406	49	82	2	0	0	0	0	1	0	1024	0	1024	0	0	0	2048	1775	0	2111	216	30	186	4102
2407	54	18	0	0	128	128	16	1	8192	1024	1024	144384	4096	4096	0	150528	2626	2793	368840	10589	10190	399	384848
2408	59	10	0	0	128	128	16	1	8192	1024	1024	501760	4096	4096	0	507904	3089	2871	1285581	10940	10541	399	1302481
2409	7	7	3	0	0	0	0	1	0	1024	0	0	0	0	0	1024	1989	0	1348	225	30	195	3562
2410	11	35	0	0	128	128	16	1	8192	1024	5120	263168	1024	1024	0	270336	3151	10747	674030	3504	3093	411	691432
2411	16	19	0	0	128	128	16	1	8192	1024	1024	146432	1024	1024	0	149504	3019	2545	373783	3726	3312	414	383073
2412	23	11	5	0	0	0	0	1	0	1024	0	4096	0	0	0	5120	2053	0	10597	217	30	187	12867
2413	26	103	0	0	128	128	16	1	8192	1024	1024	224256	2048	2048	0	228352	2898	1790	574390	3765	3351	414	582843
2414	34	15	2	0	0	0	0	1	0	1024	0	1024	0	0	0	2048	1812	0	1682	222	30	192	3716
2415	38	79	5	0	0	0	0	1	0	1024	0	4096	0	0	0	5120	2020	0	9608	218	30	188	11846
2416	42	59	0	0	128	128	16	1	8192	1024	3072	264192	2048	1024	1024	270336	3065	7999	675831	3700	3290	410	690595
2417	49	83	2	0	0	0	0	1	0	1024	0	1024	0	0	0	2048	1777	0	2158	218	30	188	4153
2418	54	19	0	0	128	128	16	1	8192	1024	1024	145408	4096	3072	1024	151552	2577	2575	370993	10708	10296	412	386853
2419	59	11	0	0	128	128	16	1	8192	1024	1024	499712	4096	4096	0	505856	3063	2679	1281592	10964	10550	414	1298298
2420	7	8	3	0	0	0	0	1	0	1024	0	0	0	0	0	1024	2002	0	1370	224	30	194	3596
2421	11	36	0	0	128	128	16	1	8192	1024	4096	261120	1024	1024	0	267264	3126	8576	669343	3507	3080	427	684552
2422	16	20	0	0	128	128	16	1	8192	1024	1024	145408	2048	2048	0	149504	2986	2757	372905	3736	3306	430	382384
2423	23	12	5	0	0	0	0	1	0	1024	0	4096	0	0	0	5120	2054	0	10677	218	30	188	12949
2424	26	104	0	0	128	128	16	1	8192	1024	1024	220160	1024	1024	0	223232	2878	1559	562901	3749	3318	431	571087
2425	34	16	2	0	0	0	0	1	0	1024	0	1024	0	0	0	2048	1865	0	1703	219	30	189	3787
2426	38	80	5	0	0	0	0	1	0	1024	0	4096	0	0	0	5120	1687	0	10743	218	30	188	12648
2427	42	60	0	0	128	128	16	1	8192	1024	4096	268288	1024	1024	0	274432	3016	9657	687095	3723	3293	430	703491
2428	49	84	2	0	0	0	0	1	0	1024	0	1024	0	0	0	2048	1771	0	2134	218	30	188	4123
2429	54	20	0	0	128	128	16	1	8192	1024	1024	144384	4096	4096	0	150528	2416	2902	369641	10757	10325	432	385716
2430	59	12	0	0	128	128	16	1	8192	1024	1024	500736	5120	4096	1024	507904	3029	2863	1284524	10967	10536	431	1301383
2431	7	9	3	0	0	0	0	1	0	1024	0	0	0	0	0	1024	1974	0	1428	224	33	191	3626
2432	11	37	0	0	128	128	16	1	8192	1024	4096	265216	1024	1024	0	271360	3145	9283	679853	3431	3017	414	695712
2433	16	21	0	0	128	128	16	1	8192	1024	1024	145408	1024	1024	0	148480	3025	2411	371996	3729	3313	416	381161
2434	23	13	5	0	0	0	0	1	0	1024	0	4096	0	0	0	5120	2101	0	10494	217	30	187	12812
2435	26	105	0	0	128	128	16	1	8192	1024	1024	218112	1024	1024	0	221184	2866	1562	558556	3658	3241	417	566642
2436	34	17	2	0	0	0	0	1	0	1024	0	1024	0	0	0	2048	1885	0	1670	219	31	188	3774
2437	38	81	5	0	0	0	0	1	0	1024	0	4096	0	0	0	5120	1639	0	10702	218	30	188	12559
2438	42	61	0	0	128	128	16	1	8192	1024	3072	267264	2048	2048	0	273408	3037	7622	685342	3622	3207	415	699623
2439	49	85	2	0	0	0	0	1	0	1024	0	1024	0	0	0	2048	1785	0	2134	218	30	188	4137
2440	54	21	0	0	128	128	16	1	8192	1024	1024	144384	4096	4096	0	150528	2413	2788	369632	10565	10152	413	385398
2441	59	13	0	0	128	128	16	1	8192	1024	1024	500736	4096	4096	0	506880	3057	2829	1283378	10908	10491	417	1300172
2442	7	10	3	0	0	0	0	1	0	1024	0	0	0	0	0	1024	2046	0	1373	229	38	191	3648
2443	11	38	0	0	128	128	16	1	8192	1024	4096	266240	2048	2048	0	273408	3185	10081	681772	3396	2985	411	698434
2444	16	22	0	0	128	128	16	1	8192	1024	1024	145408	1024	1024	0	148480	3078	2022	372423	3638	3234	404	381161
2445	23	14	5	0	0	0	0	1	0	1024	0	4096	0	0	0	5120	2040	0	10755	218	30	188	13013
2446	26	106	0	0	128	128	16	1	8192	1024	1024	226304	1024	1024	0	229376	2905	1421	578860	3638	3234	404	586824
2447	34	18	2	0	0	0	0	1	0	1024	0	1024	0	0	0	2048	1907	0	1576	224	33	191	3707
2448	38	82	5	0	0	0	0	1	0	1024	0	4096	0	0	0	5120	2139	0	10285	217	30	187	12641
2449	42	62	0	0	128	128	16	1	8192	1024	4096	264192	2048	2048	0	271360	3071	9103	677846	3560	3155	405	693580
2450	49	86	2	0	0	0	0	1	0	1024	0	1024	0	0	0	2048	1800	0	2109	216	30	186	4125
2451	54	22	0	0	128	128	16	1	8192	1024	1024	144384	4096	4096	0	150528	2573	2898	369281	10423	10018	405	385175
2452	59	14	0	0	128	128	16	1	8192	1024	1024	500736	4096	4096	0	506880	3073	2612	1282683	10805	10403	402	1299173
2453	7	11	3	0	0	0	0	1	0	1024	0	0	0	0	0	1024	1988	0	1378	219	30	189	3585
2454	11	39	0	0	128	128	16	1	8192	1024	4096	257024	2048	2048	0	264192	2985	8524	660007	3499	3081	418	675015
2455	16	23	0	0	128	128	16	1	8192	1024	1024	145408	1024	1024	0	148480	2996	2115	371451	4072	3653	419	380634
2456	23	15	5	0	0	0	0	1	0	1024	0	4096	0	0	0	5120	2511	0	10156	217	30	187	12884
2457	26	107	0	0	128	128	16	1	8192	1024	1024	217088	1024	1024	0	220160	2796	1913	554596	4451	4032	419	563756
2458	34	19	2	0	0	0	0	1	0	1024	0	0	1024	0	1024	2048	1257	0	1751	452	30	422	3460
2459	38	83	5	0	0	0	0	1	0	1024	0	4096	0	0	0	5120	2195	0	10243	218	30	188	12656
2460	42	63	0	0	128	128	16	1	8192	1024	4096	266240	1024	1024	0	272384	2831	8734	681426	3664	3244	420	696655
2461	49	87	2	0	0	0	0	1	0	1024	0	1024	0	0	0	2048	1755	0	2240	218	30	188	4213
2462	54	23	0	0	128	128	16	1	8192	1024	1024	145408	4096	4096	0	151552	2498	2563	371555	10731	10313	418	387347
2463	59	15	0	0	128	128	16	1	8192	1024	1024	501760	4096	4096	0	507904	3042	2856	1285860	10905	10482	423	1302663
2464	7	12	3	0	0	0	0	1	0	1024	0	0	0	0	0	1024	1940	0	1403	221	32	189	3564
2465	11	40	0	0	128	128	16	1	8192	1024	4096	266240	1024	1024	0	272384	2999	10452	681065	3563	3130	433	698079
2466	16	24	0	0	128	128	16	1	8192	1024	1024	145408	1024	1024	0	148480	2960	2951	371441	4092	3660	432	381444
2467	23	16	5	0	0	0	0	1	0	1024	0	4096	0	0	0	5120	1939	0	11274	217	30	187	13430
2468	26	108	0	0	128	128	16	1	8192	1024	1024	219136	2048	2048	0	223232	2754	2164	561536	4362	3929	433	570816
2469	34	20	2	0	0	0	0	1	0	1024	0	0	1024	0	1024	2048	1242	0	1778	460	30	430	3480
2470	38	84	5	0	0	0	0	1	0	1024	0	4096	0	0	0	5120	2149	0	9670	217	30	187	12036
2471	42	64	0	0	128	128	16	1	8192	1024	3072	266240	2048	2048	0	272384	2850	7837	681821	3737	3304	433	696245
2472	49	88	2	0	0	0	0	1	0	1024	0	1024	0	0	0	2048	1770	0	2244	217	30	187	4231
2473	54	24	0	0	128	128	16	1	8192	1024	1024	144384	4096	4096	0	150528	2332	2786	368733	11053	10624	429	384904
2474	59	16	0	0	128	128	16	1	8192	1024	1024	499712	4096	4096	0	505856	3006	2973	1279798	11243	10812	431	1297020
2475	7	13	3	0	0	0	0	1	0	1024	0	0	0	0	0	1024	1942	0	1413	219	31	188	3574
2476	11	41	0	0	128	128	16	1	8192	1024	4096	265216	1024	1024	0	271360	3002	10139	678456	3616	3172	444	695213
2477	16	25	0	0	128	128	16	1	8192	1024	1024	145408	2048	2048	0	149504	2893	2963	372161	4239	3798	441	382256
2478	23	17	5	0	0	0	0	1	0	1024	0	4096	0	0	0	5120	2451	0	10745	217	30	187	13413
2479	26	109	0	0	128	128	16	1	8192	1024	1024	207872	4096	3072	1024	214016	2693	2331	531793	8697	7561	1136	545514
2480	34	21	2	0	0	0	0	1	0	1024	0	1024	0	0	0	2048	2529	0	1694	229	30	199	4452
2481	38	85	5	0	0	0	0	1	0	1024	0	4096	0	0	0	5120	1696	0	10150	218	30	188	12064
2482	42	65	0	0	128	128	16	1	8192	1024	4096	262144	2048	1024	1024	269312	2792	9042	672081	3814	3370	444	687729
2483	49	89	2	0	0	0	0	1	0	1024	0	1024	0	0	0	2048	1364	0	2230	217	30	187	3811
2484	54	25	0	0	128	128	16	1	8192	1024	1024	145408	4096	4096	0	151552	2275	2681	371008	11188	10746	442	387152
2485	59	17	0	0	128	128	16	1	8192	1024	1024	498688	4096	4096	0	504832	2974	2765	1278020	11246	10803	443	1295005
2486	7	14	3	0	0	0	0	1	0	1024	0	0	0	0	0	1024	1973	0	1387	221	30	191	3581
2487	11	42	0	0	128	128	16	1	8192	1024	4096	260096	1024	1024	0	266240	3015	10608	665073	3602	3175	427	682298
2488	16	26	0	0	128	128	16	1	8192	1024	1024	145408	2048	2048	0	149504	2920	3115	372217	4247	3822	425	382499
2489	23	18	5	0	0	0	0	1	0	1024	0	4096	0	0	0	5120	1932	0	11319	217	30	187	13468
2490	26	110	0	0	128	128	16	1	8192	1024	1024	218112	2048	2048	0	222208	2719	2304	558804	4592	4165	427	568419
2491	34	22	2	0	0	0	0	1	0	1024	0	1024	0	0	0	2048	1892	0	1734	219	30	189	3845
2492	38	86	5	0	0	0	0	1	0	1024	0	4096	0	0	0	5120	1698	0	10238	218	30	188	12154
2493	42	66	0	0	128	128	16	1	8192	1024	4096	264192	2048	2048	0	271360	2838	8632	678850	3741	3313	428	694061
2494	49	90	2	0	0	0	0	1	0	1024	0	1024	0	0	0	2048	1748	0	2286	217	30	187	4251
2495	54	26	0	0	128	128	16	1	8192	1024	1024	144384	4096	4096	0	150528	2332	2707	369936	10946	10518	428	385921
2496	59	18	0	0	128	128	16	1	8192	1024	1024	501760	5120	4096	1024	508928	3027	3156	1286505	11218	10791	427	1303906
2497	7	15	3	0	0	0	0	1	0	1024	0	0	0	0	0	1024	1983	0	1380	226	30	196	3589
2498	11	43	0	0	128	128	16	1	8192	1024	5120	266240	1024	1024	0	273408	2999	10893	682389	3542	3129	413	699823
2499	16	27	0	0	128	128	16	1	8192	1024	1024	146432	1024	1024	0	149504	2959	2698	374137	4184	3772	412	383978
2500	23	19	5	0	0	0	0	1	0	1024	0	4096	0	0	0	5120	2175	0	11075	217	30	187	13467
2501	26	111	0	0	128	128	16	1	8192	1024	1024	211968	2048	2048	0	216064	2724	2351	543067	4470	4060	410	552612
2502	34	23	2	0	0	0	0	1	0	1024	0	1024	0	0	0	2048	2357	0	1621	234	30	204	4212
2503	38	87	5	0	0	0	0	1	0	1024	0	4096	0	0	0	5120	2129	0	9664	218	30	188	12011
2504	42	67	0	0	128	128	16	1	8192	1024	4096	264192	1024	1024	0	270336	2786	9043	676668	3733	3319	414	692230
2505	49	91	2	0	0	0	0	1	0	1024	0	1024	0	0	0	2048	1742	0	2196	218	30	188	4156
2506	54	27	0	0	128	128	16	1	8192	1024	1024	144384	4096	4096	0	150528	2402	2846	369494	11157	10745	412	385899
2507	59	19	0	1	128	128	16	1	8192	1024	1024	503808	4096	4096	0	509952	3055	2952	1289971	11098	10684	414	1307076
2508	7	16	3	0	0	0	0	1	0	1024	0	0	0	0	0	1024	1985	0	1353	224	30	194	3562
2509	11	44	0	0	128	128	16	1	8192	1024	4096	262144	1024	1024	0	268288	3110	10045	670629	3516	3108	408	687300
2510	16	28	0	0	128	128	16	1	8192	1024	1024	145408	1024	1024	0	148480	2993	2281	371371	4097	3692	405	380742
2511	23	20	5	0	0	0	0	1	0	1024	0	4096	0	0	0	5120	2118	0	11041	217	30	187	13376
2512	27	0	0	0	128	128	16	1	8192	1024	2048	221184	1024	1024	0	225280	2981	2919	567146	4186	3780	406	577232
2513	34	24	2	0	0	0	0	1	0	1024	0	0	1024	0	1024	2048	1260	0	1703	437	30	407	3400
2514	38	88	5	0	0	0	0	1	0	1024	0	4096	0	0	0	5120	2035	0	10363	218	30	188	12616
2515	42	68	0	0	128	128	16	1	8192	1024	4096	265216	2048	2048	0	272384	2853	8831	681336	3682	3276	406	696702
2516	49	92	2	0	0	0	0	1	0	1024	0	1024	0	0	0	2048	1732	0	2159	218	30	188	4109
2517	54	28	0	0	128	128	16	1	8192	1024	1024	144384	4096	4096	0	150528	2540	2669	369087	10636	10230	406	384932
2518	59	20	0	0	128	128	16	1	8192	1024	1024	500736	4096	4096	0	506880	3071	2684	1284170	10903	10498	405	1300828
2519	7	17	3	0	0	0	0	1	0	1024	0	0	0	0	0	1024	1932	0	1444	223	30	193	3599
2520	11	45	0	0	128	128	16	1	8192	1024	4096	265216	2048	2048	0	272384	3084	10177	679858	3571	3152	419	696690
2521	16	29	0	0	128	128	16	1	8192	1024	1024	145408	1024	1024	0	148480	2955	2494	372010	4199	3781	418	381658
2522	23	21	5	0	0	0	0	1	0	1024	0	4096	0	0	0	5120	2025	0	11163	217	30	187	13405
2523	27	1	0	0	128	128	16	1	8192	1024	2048	209920	2048	2048	0	215040	3026	4154	536954	6492	6075	417	550626
2524	34	25	2	0	0	0	0	1	0	1024	0	0	1024	0	1024	2048	1235	0	1775	450	30	420	3460
2525	38	89	5	0	0	0	0	1	0	1024	0	4096	0	0	0	5120	1763	0	10671	218	30	188	12652
2526	42	69	0	0	128	128	16	1	8192	1024	4096	265216	1024	1024	0	271360	2807	8941	679112	3777	3358	419	694637
2527	49	93	2	0	0	0	0	1	0	1024	0	1024	0	0	0	2048	1732	0	2168	218	30	188	4118
2528	54	29	0	0	128	128	16	1	8192	1024	1024	145408	4096	4096	0	151552	2565	2342	371340	10804	10387	417	387051
2529	59	21	0	0	128	128	16	1	8192	1024	1024	500736	5120	4096	1024	507904	3051	2861	1284609	11052	10633	419	1301573
2530	7	18	3	0	0	0	0	1	0	1024	0	0	0	0	0	1024	1969	0	1387	222	30	192	3578
2531	11	46	0	0	128	128	16	1	8192	1024	4096	264192	2048	2048	0	271360	2954	9955	676579	3650	3160	490	693138
2532	16	30	0	0	128	128	16	1	8192	1024	1024	146432	1024	1024	0	149504	2949	2530	374001	4237	3803	434	383717
2533	23	22	5	0	0	0	0	1	0	1024	0	4096	0	0	0	5120	1919	0	11177	218	30	188	13314
2534	27	2	0	0	128	128	16	1	8192	1024	2048	208896	3072	3072	0	215040	2997	4287	533933	8409	7976	433	549626
2535	34	26	2	0	0	0	0	1	0	1024	0	1024	0	0	0	2048	2460	0	1667	273	30	243	4400
2536	38	90	5	0	0	0	0	1	0	1024	0	4096	0	0	0	5120	2095	0	10397	217	30	187	12709
2537	42	70	0	0	128	128	16	1	8192	1024	4096	263168	1024	1024	0	269312	2837	10180	672374	3819	3385	434	689210
2538	49	94	2	0	0	0	0	1	0	1024	0	1024	0	0	0	2048	1754	0	2265	217	30	187	4236
2539	54	30	0	0	128	128	16	1	8192	1024	1024	145408	4096	4096	0	151552	2361	2757	370779	10939	10506	433	386836
2540	59	22	0	0	128	128	16	1	8192	1024	1024	502784	4096	4096	0	508928	3023	3020	1287495	11376	10943	433	1304914
2541	7	19	3	0	0	0	0	1	0	1024	0	0	0	0	0	1024	2224	0	1086	232	34	198	3542
2542	11	47	0	0	128	128	16	1	8192	1024	5120	266240	1024	1024	0	273408	2926	11264	681650	3596	3143	453	699436
2543	16	31	0	0	128	128	16	1	8192	1024	1024	144384	2048	2048	0	148480	2916	2800	370579	4225	3776	449	380520
2544	23	23	5	0	0	0	0	1	0	1024	0	4096	0	0	0	5120	2085	0	10947	217	30	187	13249
2545	27	3	0	0	128	128	16	1	8192	1024	2048	209920	2048	2048	0	215040	2965	4814	536901	5422	4973	449	550102
2546	34	27	2	0	0	0	0	1	0	1024	0	1024	0	0	0	2048	1631	0	1789	487	30	457	3907
2547	38	91	5	0	0	0	0	1	0	1024	0	4096	0	0	0	5120	1686	0	10716	217	30	187	12619
2548	42	71	0	0	128	128	16	1	8192	1024	4096	264192	1024	1024	0	270336	2738	9191	676414	3827	3377	450	692170
2549	49	95	2	0	0	0	0	1	0	1024	0	1024	0	0	0	2048	1751	0	2262	217	30	187	4230
2550	54	31	0	0	128	128	16	1	8192	1024	1024	144384	5120	4096	1024	151552	2248	2567	370327	11183	10731	452	386325
2551	59	23	0	0	128	128	16	1	8192	1024	1024	493568	5120	4096	1024	500736	2987	3052	1264365	13124	12317	807	1283528
2552	7	20	3	0	0	0	0	1	0	1024	0	0	0	0	0	1024	1900	0	1441	223	31	192	3564
2553	11	48	0	0	128	128	16	1	8192	1024	4096	264192	1024	1024	0	270336	2874	9980	676583	3538	3105	433	692975
2554	18	0	0	0	128	128	16	1	8192	1024	2048	144384	2048	2048	0	149504	3104	3527	371893	3950	3515	435	382474
2555	23	24	5	0	0	0	0	1	0	1024	0	4096	0	0	0	5120	2302	0	10389	217	30	187	12908
2556	27	4	0	0	128	128	16	1	8192	1024	2048	218112	1024	1024	0	222208	2975	4851	556991	4329	3894	435	569146
2557	34	28	2	0	0	0	0	1	0	1024	0	1024	0	0	0	2048	1875	0	1748	216	30	186	3839
2558	38	92	5	0	0	0	0	1	0	1024	0	4096	0	0	0	5120	2081	0	10203	218	30	188	12502
2559	42	72	0	0	128	128	16	1	8192	1024	4096	265216	1024	1024	0	271360	2773	8789	679183	3741	3306	435	694486
2560	49	96	2	0	0	0	0	1	0	1024	0	1024	0	0	0	2048	1771	0	2501	214	30	184	4486
2561	55	0	1	1	0	0	0	1	0	1024	0	4096	8192	8192	0	13312	1897	0	11208	20011	19824	187	33116
2562	59	24	0	0	128	128	16	1	8192	1024	1024	498688	4096	4096	0	504832	3009	2754	1277409	11262	10829	433	1294434
2563	7	21	3	0	0	0	0	1	0	1024	0	0	0	0	0	1024	1972	0	1373	222	30	192	3567
2564	11	49	0	0	128	128	16	1	8192	1024	4096	262144	2048	1024	1024	269312	2926	8329	672351	3483	3058	425	687089
2565	18	1	0	0	128	128	16	1	8192	1024	1024	146432	1024	1024	0	149504	3160	2972	373098	3928	3502	426	383158
2566	23	25	5	0	0	0	0	1	0	1024	0	4096	0	0	0	5120	2594	0	10118	218	30	188	12930
2567	27	5	0	0	128	128	16	1	8192	1024	2048	218112	2048	2048	0	223232	2981	3659	556690	5591	5168	423	568921
2568	34	29	2	0	0	0	0	1	0	1024	0	0	1024	0	1024	2048	1251	0	1732	452	30	422	3435
2569	38	93	5	0	0	0	0	1	0	1024	0	4096	0	0	0	5120	1794	0	10463	218	30	188	12475
2570	42	73	0	0	128	128	16	1	8192	1024	4096	263168	1024	1024	0	269312	2872	9718	673203	3707	3281	426	689500
2571	49	97	2	0	0	0	0	1	0	1024	0	1024	0	0	0	2048	1710	0	2471	218	30	188	4399
2572	55	1	1	0	0	0	0	1	0	1024	0	4096	8192	8192	0	13312	1920	0	10711	20482	20294	188	33113
2573	59	25	0	0	128	128	16	1	8192	1024	1024	502784	4096	4096	0	508928	3035	2853	1287632	11008	10583	425	1304528
2574	7	22	3	0	0	0	0	1	0	1024	0	0	0	0	0	1024	2034	0	1342	225	30	195	3601
2575	11	50	0	0	128	128	16	1	8192	1024	3072	263168	1024	1024	0	268288	3109	6628	674065	3412	3001	411	687214
2576	18	2	0	0	128	128	16	1	8192	1024	2048	145408	1024	1024	0	149504	3232	3430	373560	3601	3190	411	383823
2577	23	26	5	0	0	0	0	1	0	1024	0	4096	0	0	0	5120	1926	0	10694	217	30	187	12837
2578	27	6	0	0	128	128	16	1	8192	1024	1024	226304	2048	2048	0	230400	3132	2630	579209	3817	3408	409	588788
2579	34	30	2	0	0	0	0	1	0	1024	0	0	1024	0	1024	2048	1337	0	1685	438	30	408	3460
2580	38	94	5	0	0	0	0	1	0	1024	0	4096	0	0	0	5120	2066	0	10411	218	30	188	12695
2581	42	74	0	0	128	128	16	1	8192	1024	3072	262144	2048	1024	1024	268288	3006	7193	671682	3576	3165	411	685457
2582	49	98	2	0	0	0	0	1	0	1024	0	1024	0	0	0	2048	1754	0	2199	228	30	198	4181
2583	55	2	1	0	0	0	0	1	0	1024	0	4096	8192	8192	0	13312	1941	0	10073	21119	20931	188	33133
2584	59	26	0	0	128	128	16	1	8192	1024	1024	494592	5120	4096	1024	501760	3060	3060	1268541	10818	10411	407	1285479
2585	7	23	3	0	0	0	0	1	0	1024	0	0	0	0	0	1024	2002	0	1360	221	30	191	3583
2586	11	51	0	0	128	128	16	1	8192	1024	4096	264192	1024	1024	0	270336	3129	8575	677758	3511	3089	422	692973
2587	18	3	0	0	128	128	16	1	8192	1024	2048	144384	2048	2048	0	149504	3160	3064	372379	3639	3220	419	382242
2588	23	27	5	0	0	0	0	1	0	1024	0	4096	0	0	0	5120	1935	0	10688	218	30	188	12841
2589	27	7	0	0	128	128	16	1	8192	1024	2048	220160	1024	1024	0	224256	3122	4167	563023	3792	3374	418	574104
2590	34	31	2	0	0	0	0	1	0	1024	0	1024	0	0	0	2048	1828	0	1678	217	30	187	3723
2591	38	95	5	0	0	0	0	1	0	1024	0	4096	0	0	0	5120	2049	0	10204	218	30	188	12471
2592	42	75	0	0	128	128	16	1	8192	1024	4096	261120	1024	1024	0	267264	2999	8441	669639	3674	3255	419	684753
2593	49	99	2	0	0	0	0	1	0	1024	0	1024	0	0	0	2048	1775	0	2443	221	33	188	4439
2594	55	3	1	0	0	0	0	1	0	1024	0	4096	8192	8192	0	13312	1805	0	10852	20342	20154	188	32999
2595	59	27	0	0	128	128	16	1	8192	1024	1024	499712	4096	4096	0	505856	3038	2720	1281684	11048	10627	421	1298490
2596	7	24	3	0	0	0	0	1	0	1024	0	0	0	0	0	1024	1958	0	1378	223	30	193	3559
2597	11	52	0	0	128	128	16	1	8192	1024	4096	269312	2048	2048	0	276480	3031	8477	691459	4078	3647	431	707045
2598	18	4	0	0	128	128	16	1	8192	1024	1024	146432	1024	1024	0	149504	3104	2830	374401	3653	3221	432	383988
2599	23	28	5	0	0	0	0	1	0	1024	0	4096	0	0	0	5120	2309	0	10060	218	30	188	12587
2600	27	8	0	0	128	128	16	1	8192	1024	2048	219136	2048	1024	1024	224256	3101	3847	561257	3875	3442	433	572080
2601	34	32	2	0	0	0	0	1	0	1024	0	0	1024	0	1024	2048	1808	0	1253	216	30	186	3277
2602	38	96	5	0	0	0	0	1	0	1024	0	4096	0	0	0	5120	1644	0	10406	216	30	186	12266
2603	42	76	0	0	128	128	16	1	8192	1024	4096	266240	2048	2048	0	273408	2847	8626	683691	3712	3278	434	698876
2604	49	100	2	0	0	0	0	1	0	1024	0	1024	0	0	0	2048	1773	0	2200	218	30	188	4191
2605	56	0	0	0	128	128	16	1	8192	1024	4096	261120	2048	2048	0	268288	2961	10605	669004	3519	3086	433	686089
2606	59	28	0	0	128	128	16	1	8192	1024	1024	502784	4096	4096	0	508928	3008	3155	1287148	11022	10587	435	1304333
2607	7	25	3	0	0	0	0	1	0	1024	0	0	0	0	0	1024	1991	0	1361	219	30	189	3571
2608	11	53	0	0	128	128	16	1	8192	1024	4096	262144	2048	1024	1024	269312	3067	9565	671977	3542	3126	416	688151
2609	18	5	0	0	128	128	16	1	8192	1024	1024	145408	2048	2048	0	149504	3120	2909	373008	3665	3253	412	382702
2610	23	29	5	0	0	0	0	1	0	1024	0	4096	0	0	0	5120	2125	0	10161	218	30	188	12504
2611	27	9	0	0	128	128	16	1	8192	1024	2048	214016	1024	1024	0	218112	3149	4012	548212	3820	3406	414	559193
2612	34	33	2	0	0	0	0	1	0	1024	0	0	0	0	0	1024	1607	0	1244	217	30	187	3068
2613	38	97	5	0	0	0	0	1	0	1024	0	4096	0	0	0	5120	1616	0	10428	217	30	187	12261
2614	42	77	0	0	128	128	16	1	8192	1024	4096	263168	2048	2048	0	270336	2886	9388	675226	3695	3280	415	691195
2615	49	101	2	0	0	0	0	1	0	1024	0	1024	0	0	0	2048	1726	0	2485	218	30	188	4429
2616	56	1	0	0	128	128	16	1	8192	1024	4096	263168	2048	1024	1024	270336	3084	10254	674288	3536	3121	415	691162
2617	59	29	0	0	128	128	16	1	8192	1024	1024	500736	4096	4096	0	506880	3039	2863	1282544	11008	10589	419	1299454
2618	7	26	3	0	0	0	0	1	0	1024	0	0	0	0	0	1024	2030	0	1345	219	30	189	3594
2619	11	54	0	0	128	128	16	1	8192	1024	3072	265216	1024	1024	0	270336	3189	6929	678276	3482	3081	401	691876
2620	18	6	0	0	128	128	16	1	8192	1024	1024	146432	1024	1024	0	149504	3157	2955	373867	3617	3216	401	383596
2621	23	30	5	0	0	0	0	1	0	1024	0	4096	0	0	0	5120	1922	0	10295	217	30	187	12434
2622	27	10	0	0	128	128	16	1	8192	1024	2048	214016	2048	2048	0	219136	2932	4016	549115	3837	3434	403	559900
2623	34	34	2	0	0	0	0	1	0	1024	0	0	0	0	0	1024	1562	0	1210	217	30	187	2989
2624	38	98	5	0	0	0	0	1	0	1024	0	4096	0	0	0	5120	2043	0	10039	217	30	187	12299
2625	42	78	0	0	128	128	16	1	8192	1024	4096	263168	1024	1024	0	269312	2881	9289	673266	3645	3246	399	689081
2626	49	102	2	0	0	0	0	1	0	1024	0	1024	0	0	0	2048	1819	0	2400	219	33	186	4438
2627	56	2	0	0	128	128	16	1	8192	1024	4096	265216	1024	1024	0	271360	3050	9565	678881	3478	3078	400	694974
2628	59	30	0	0	128	128	16	1	8192	1024	1024	500736	4096	4096	0	506880	3076	2850	1283041	11245	10844	401	1300212
2629	7	27	3	0	0	0	0	1	0	1024	0	0	0	0	0	1024	2035	0	1351	221	30	191	3607
2630	11	55	0	0	128	128	16	1	8192	1024	4096	263168	1024	1024	0	269312	3234	8511	675286	3446	3050	396	690477
2631	18	7	0	0	128	128	16	1	8192	1024	2048	144384	2048	1024	1024	149504	3203	3335	371432	4032	3636	396	382002
2632	23	31	5	0	0	0	0	1	0	1024	0	4096	0	0	0	5120	2152	0	10199	218	30	188	12569
2633	27	11	0	0	128	128	16	1	8192	1024	1024	209920	3072	3072	0	215040	3144	2839	536965	7286	6890	396	550234
2634	34	35	2	0	0	0	0	1	0	1024	0	0	0	0	0	1024	1297	0	1394	217	30	187	2908
2635	38	99	5	0	0	0	0	1	0	1024	0	4096	0	0	0	5120	2270	0	9749	217	30	187	12236
2636	42	79	0	0	128	128	16	1	8192	1024	3072	269312	2048	2048	0	275456	3133	7866	690084	3587	3190	397	704670
2637	49	103	2	0	0	0	0	1	0	1024	0	1024	0	0	0	2048	1729	0	2171	223	30	193	4123
2638	56	3	0	0	128	128	16	1	8192	1024	4096	264192	1024	1024	0	270336	3066	10146	674986	3411	3015	396	691609
2639	59	31	0	0	128	128	16	1	8192	1024	1024	498688	4096	4096	0	504832	3095	2506	1278499	10860	10464	396	1294960
2640	7	28	3	0	0	0	0	1	0	1024	0	0	0	0	0	1024	1954	0	1416	230	30	200	3600
2641	11	56	0	0	128	128	16	1	8192	1024	4096	264192	1024	1024	0	270336	3179	8417	676723	3480	3071	409	691799
2642	20	0	2	1	0	0	0	1	0	1024	0	1024	0	0	0	2048	1645	0	2271	218	30	188	4134
2643	23	32	5	0	0	0	0	1	0	1024	0	4096	0	0	0	5120	2040	0	11023	217	30	187	13280
2644	27	12	0	0	128	128	16	1	8192	1024	3072	215040	1024	1024	0	220160	2936	7283	549251	4147	3742	405	563617
2645	34	36	2	0	0	0	0	1	0	1024	0	0	0	0	0	1024	1280	0	1444	217	30	187	2941
2646	38	100	5	0	0	0	0	1	0	1024	0	4096	0	0	0	5120	2083	0	9939	218	30	188	12240
2647	42	80	0	0	128	128	16	1	8192	1024	4096	266240	1024	1024	0	272384	2928	9956	681713	3700	3292	408	698297
2648	49	104	2	0	0	0	0	1	0	1024	0	1024	0	0	0	2048	1673	0	2459	218	30	188	4350
2649	56	4	0	0	128	128	16	1	8192	1024	4096	265216	2048	1024	1024	272384	3141	9040	680678	3475	3069	406	696334
2650	7	29	3	0	0	0	0	1	0	1024	0	0	0	0	0	1024	1855	0	1373	222	30	192	3450
2651	11	57	0	0	128	128	16	1	8192	1024	4096	265216	1024	1024	0	271360	3151	8698	679905	3558	3136	422	695312
2652	20	1	2	0	0	0	0	1	0	1024	0	1024	0	0	0	2048	1605	0	2335	218	30	188	4158
2653	23	33	5	0	0	0	0	1	0	1024	0	4096	0	0	0	5120	1894	0	10959	218	30	188	13071
2654	27	13	0	0	128	128	16	1	8192	1024	3072	212992	2048	1024	1024	219136	2916	6371	545057	4073	3654	419	558417
2655	34	37	2	0	0	0	0	1	0	1024	0	0	0	0	0	1024	1654	0	1243	217	30	187	3114
2656	38	101	5	0	0	0	0	1	0	1024	0	4096	0	0	0	5120	2050	0	9798	218	30	188	12066
2657	42	81	0	0	128	128	16	1	8192	1024	4096	263168	1024	1024	0	269312	2948	10041	672797	3736	3312	424	689522
2658	49	105	2	0	0	0	0	1	0	1024	0	1024	0	0	0	2048	1710	0	2488	219	31	188	4417
2659	56	5	0	0	128	128	16	1	8192	1024	5120	261120	2048	2048	0	269312	2863	10810	670927	3534	3110	424	688134
2660	7	30	3	0	0	0	0	1	0	1024	0	0	0	0	0	1024	1957	0	1364	226	30	196	3547
2661	11	58	0	0	128	128	16	1	8192	1024	4096	262144	1024	1024	0	268288	3029	9806	670299	3519	3081	438	686653
2662	20	2	2	0	0	0	0	1	0	1024	0	1024	0	0	0	2048	1643	0	2273	218	30	188	4134
2663	23	34	5	0	0	0	0	1	0	1024	0	4096	0	0	0	5120	2099	0	10783	218	30	188	13100
2664	27	14	0	0	128	128	16	1	8192	1024	3072	216064	1024	1024	0	221184	2792	6498	551924	4098	3658	440	565312
2665	34	38	2	0	0	0	0	1	0	1024	0	0	0	0	0	1024	1612	0	1252	217	30	187	3081
2666	38	102	5	0	0	0	0	1	0	1024	0	4096	0	0	0	5120	1587	0	10487	218	30	188	12292
2667	42	82	0	0	128	128	16	1	8192	1024	4096	262144	1024	1024	0	268288	2963	10133	670119	3768	3329	439	686983
2668	49	106	2	0	0	0	0	1	0	1024	0	1024	0	0	0	2048	1776	0	2467	220	32	188	4463
2669	56	6	0	0	128	128	16	1	8192	1024	4096	265216	1024	1024	0	271360	3122	10421	678582	3536	3098	438	695661
2670	7	31	3	0	0	0	0	1	0	1024	0	0	0	0	0	1024	1925	0	1426	218	30	188	3569
2671	11	59	0	0	128	128	16	1	8192	1024	3072	261120	1024	1024	0	266240	3085	7969	668182	3482	3060	422	682718
2672	20	3	2	0	0	0	0	1	0	1024	0	1024	0	0	0	2048	1613	0	2275	216	30	186	4104
2673	23	35	5	0	0	0	0	1	0	1024	0	4096	0	0	0	5120	1936	0	10979	217	30	187	13132
2674	27	15	0	0	128	128	16	1	8192	1024	3072	212992	2048	1024	1024	219136	2882	7594	544618	4082	3659	423	559176
2675	34	39	2	0	0	0	0	1	0	1024	0	0	0	0	0	1024	1267	0	1457	217	30	187	2941
2676	38	103	5	0	0	0	0	1	0	1024	0	4096	0	0	0	5120	2091	0	10000	218	30	188	12309
2677	42	83	0	0	128	128	16	1	8192	1024	5120	268288	1024	1024	0	275456	2753	11122	687789	3674	3250	424	705338
2678	49	107	2	0	0	0	0	1	0	1024	0	1024	0	0	0	2048	1726	0	2239	219	30	189	4184
2679	56	7	0	0	128	128	16	1	8192	1024	5120	264192	2048	1024	1024	272384	2869	11776	678033	3484	3058	426	696162
2680	6	0	3	1	0	0	0	1	0	1024	0	0	0	0	0	1024	1634	0	663	218	30	188	2515
2681	11	60	0	0	128	128	16	1	8192	1024	4096	262144	1024	1024	0	268288	3011	9034	670771	3465	3052	413	686281
2682	20	4	2	0	0	0	0	1	0	1024	0	1024	0	0	0	2048	1671	0	2239	216	30	186	4126
2683	23	36	5	0	0	0	0	1	0	1024	0	4096	0	0	0	5120	2069	0	10692	217	30	187	12978
2684	27	16	0	0	128	128	16	1	8192	1024	5120	267264	1024	1024	0	274432	2954	10888	685048	3391	2978	413	702281
2685	34	40	2	0	0	0	0	1	0	1024	0	0	0	0	0	1024	1610	0	1203	217	30	187	3030
2686	38	104	5	0	0	0	0	1	0	1024	0	4096	0	0	0	5120	2069	0	9915	217	30	187	12201
2687	42	84	0	0	128	128	16	1	8192	1024	5120	263168	1024	1024	0	270336	2956	11119	673577	3647	3235	412	691299
2688	49	108	2	0	0	0	0	1	0	1024	0	1024	0	0	0	2048	1816	0	2427	218	30	188	4461
2689	56	8	0	0	128	128	16	1	8192	1024	5120	263168	2048	2048	0	271360	2885	10920	675830	3415	3001	414	693050
2690	6	1	3	0	0	0	0	1	0	1024	0	0	0	0	0	1024	1743	0	650	218	30	188	2611
2691	11	61	0	0	128	128	16	1	8192	1024	3072	266240	1024	1024	0	271360	3070	7486	681312	3376	2976	400	695244
2692	20	5	2	0	0	0	0	1	0	1024	0	1024	0	0	0	2048	1685	0	2214	225	30	195	4124
2693	23	37	5	0	0	0	0	1	0	1024	0	4096	0	0	0	5120	2008	0	10698	217	30	187	12923
2694	27	17	0	0	128	128	16	1	8192	1024	5120	262144	1024	1024	0	269312	3258	10902	671849	3365	2963	402	689374
2695	34	41	2	0	0	0	0	1	0	1024	0	0	0	0	0	1024	1667	0	1196	217	30	187	3080
2696	38	105	5	0	0	0	0	1	0	1024	0	4096	0	0	0	5120	2132	0	9755	217	30	187	12104
2697	42	85	0	0	128	128	16	1	8192	1024	3072	265216	2048	1024	1024	271360	3099	7136	679789	3534	3132	402	693558
2698	49	109	2	0	0	0	0	1	0	1024	0	1024	0	0	0	2048	1815	0	2159	223	30	193	4197
2699	56	9	0	0	128	128	16	1	8192	1024	4096	265216	2048	2048	0	272384	3093	9449	680474	3373	2970	403	696389
2700	6	2	3	0	0	0	0	1	0	1024	0	0	0	0	0	1024	1230	0	874	218	30	188	2322
2701	11	62	0	0	128	128	16	1	8192	1024	4096	257024	1024	1024	0	263168	3038	8524	658099	3440	3029	411	673101
2702	20	6	2	0	0	0	0	1	0	1024	0	1024	0	0	0	2048	1681	0	2248	220	30	190	4149
2703	23	38	5	0	0	0	0	1	0	1024	0	4096	0	0	0	5120	2066	0	10660	217	30	187	12943
2704	27	18	0	0	128	128	16	1	8192	1024	4096	263168	1024	1024	0	269312	3214	9441	673143	3444	3033	411	689242
2705	34	42	2	0	0	0	0	1	0	1024	0	0	0	0	0	1024	1293	0	1429	217	30	187	2939
2706	38	106	5	0	0	0	0	1	0	1024	0	4096	0	0	0	5120	2059	0	9941	217	30	187	12217
2707	42	86	0	0	128	128	16	1	8192	1024	4096	263168	2048	1024	1024	270336	2994	9416	674781	3594	3181	413	690785
2708	49	110	2	0	0	0	0	1	0	1024	0	1024	0	0	0	2048	1761	0	2215	219	30	189	4195
2709	56	10	0	0	128	128	16	1	8192	1024	4096	261120	1024	1024	0	267264	3147	9626	668245	3432	3020	412	684450
2710	6	3	3	0	0	0	0	1	0	1024	0	0	0	0	0	1024	1636	0	677	218	30	188	2531
2711	11	63	0	0	128	128	16	1	8192	1024	4096	267264	1024	1024	0	273408	3020	10160	684164	3467	3044	423	700811
2712	20	7	2	0	0	0	0	1	0	1024	0	1024	0	0	0	2048	1751	0	2188	218	30	188	4157
2713	23	39	5	0	0	0	0	1	0	1024	0	4096	0	0	0	5120	2092	0	10702	217	30	187	13011
2714	27	19	0	0	128	128	16	1	8192	1024	5120	263168	1024	1024	0	270336	3158	10771	674391	3487	3062	425	691807
2715	34	43	2	0	0	0	0	1	0	1024	0	0	0	0	0	1024	1745	0	1243	217	30	187	3205
2716	38	107	5	0	0	0	0	1	0	1024	0	4096	0	0	0	5120	1730	0	10304	217	30	187	12251
2717	42	87	0	0	128	128	16	1	8192	1024	4096	268288	1024	1024	0	274432	3092	8367	688279	3699	3275	424	703437
2718	49	111	2	0	0	0	0	1	0	1024	0	1024	0	0	0	2048	1777	0	2456	218	30	188	4451
2719	56	11	0	0	128	128	16	1	8192	1024	4096	264192	1024	1024	0	270336	3176	9985	675483	3461	3036	425	692105
2720	6	4	3	0	0	0	0	1	0	1024	0	0	0	0	0	1024	1578	0	669	218	30	188	2465
2721	11	64	0	0	128	128	16	1	8192	1024	4096	269312	1024	1024	0	275456	3162	9939	688855	3507	3100	407	705463
2722	20	8	2	0	0	0	0	1	0	1024	0	1024	0	0	0	2048	1643	0	2301	218	30	188	4162
2723	23	40	5	0	0	0	0	1	0	1024	0	4096	0	0	0	5120	2086	0	10659	217	30	187	12962
2724	27	20	0	0	128	128	16	1	8192	1024	4096	259072	2048	1024	1024	266240	3167	10212	663564	3501	3095	406	680444
2725	34	44	2	0	0	0	0	1	0	1024	0	0	0	0	0	1024	1269	0	1449	217	30	187	2935
2726	38	108	5	0	0	0	0	1	0	1024	0	4096	0	0	0	5120	2049	0	9670	216	30	186	11935
2727	42	88	0	0	128	128	16	1	8192	1024	4096	270336	1024	1024	0	276480	3059	10065	691176	4197	3792	405	708497
2728	49	112	2	0	0	0	0	1	0	1024	0	1024	0	0	0	2048	1834	0	2367	225	31	194	4426
2729	56	12	0	0	128	128	16	1	8192	1024	4096	263168	2048	2048	0	270336	3205	10396	674644	3479	3071	408	691724
2730	6	5	3	0	0	0	0	1	0	1024	0	0	0	0	0	1024	1206	0	863	218	30	188	2287
2731	11	65	0	0	128	128	16	1	8192	1024	4096	268288	1024	1024	0	274432	3180	8591	687548	3442	3049	393	702761
2732	20	9	2	0	0	0	0	1	0	1024	0	1024	0	0	0	2048	1677	0	2252	221	30	191	4150
2733	23	41	5	0	0	0	0	1	0	1024	0	4096	0	0	0	5120	2033	0	10424	217	30	187	12674
2734	27	21	0	0	128	128	16	1	8192	1024	4096	266240	1024	1024	0	272384	3233	10151	680041	3419	3025	394	696844
2735	34	45	2	0	0	0	0	1	0	1024	0	0	0	0	0	1024	1578	0	1186	217	30	187	2981
2736	38	109	5	0	0	0	0	1	0	1024	0	4096	0	0	0	5120	2040	0	9722	216	30	186	11978
2737	42	89	0	0	128	128	16	1	8192	1024	4096	265216	1024	1024	0	271360	3051	10196	679020	3618	3226	392	695885
2738	49	113	2	0	0	0	0	1	0	1024	0	1024	0	0	0	2048	1741	0	2169	218	30	188	4128
2739	56	13	0	1	128	128	16	1	8192	1024	4096	270336	2048	1024	1024	277504	3145	10718	692350	3448	3054	394	709661
2740	6	6	3	0	0	0	0	1	0	1024	0	0	0	0	0	1024	1344	0	1045	217	30	187	2606
2741	11	66	0	0	128	128	16	1	8192	1024	4096	265216	2048	1024	1024	272384	3211	10495	678948	3411	3025	386	696065
2742	20	10	2	0	0	0	0	1	0	1024	0	1024	0	0	0	2048	1697	0	2268	234	32	202	4199
2743	23	42	5	0	0	0	0	1	0	1024	0	4096	0	0	0	5120	2014	0	10377	218	30	188	12609
2744	27	22	0	0	128	128	16	1	8192	1024	4096	261120	1024	1024	0	267264	3282	10459	667684	3407	3022	385	684832
2745	34	46	2	0	0	0	0	1	0	1024	0	0	0	0	0	1024	1507	0	1251	217	30	187	2975
2746	38	110	5	0	0	0	0	1	0	1024	0	4096	0	0	0	5120	1714	0	10012	216	30	186	11942
2747	42	90	0	0	128	128	16	1	8192	1024	4096	267264	1024	1024	0	273408	3153	9190	685355	3552	3167	385	701250
2748	49	114	2	0	0	0	0	1	0	1024	0	1024	0	0	0	2048	1775	0	2144	225	30	195	4144
2749	56	14	0	0	128	128	16	1	8192	1024	4096	262144	2048	2048	0	269312	3106	9986	672417	3398	3010	388	688907
2750	6	7	3	0	0	0	0	1	0	1024	0	0	0	0	0	1024	1681	0	663	217	30	187	2561
2751	11	67	0	0	128	128	16	1	8192	1024	4096	266240	1024	1024	0	272384	3174	9021	682615	3488	3088	400	698298
2752	20	11	2	0	0	0	0	1	0	1024	0	1024	0	0	0	2048	1655	0	2287	224	32	192	4166
2753	23	43	5	0	0	0	0	1	0	1024	0	4096	0	0	0	5120	2013	0	10352	218	30	188	12583
2754	27	23	0	0	128	128	16	1	8192	1024	4096	261120	2048	2048	0	268288	3233	10745	668828	3455	3056	399	686261
2755	34	47	2	0	0	0	0	1	0	1024	0	0	0	0	0	1024	1283	0	1409	217	30	187	2909
2756	38	111	5	0	0	0	0	1	0	1024	0	4096	0	0	0	5120	2004	0	9727	216	30	186	11947
2757	42	91	0	0	128	128	16	1	8192	1024	4096	268288	1024	1024	0	274432	3068	9645	687109	3638	3241	397	703460
2758	49	115	2	0	0	0	0	1	0	1024	0	1024	0	0	0	2048	1717	0	2154	221	31	190	4092
2759	56	15	0	0	128	128	16	1	8192	1024	4096	266240	2048	1024	1024	273408	3107	10189	682290	3444	3047	397	699030
2760	6	8	3	0	0	0	0	1	0	1024	0	0	0	0	0	1024	1579	0	669	218	30	188	2466
2761	11	68	0	0	128	128	16	1	8192	1024	4096	262144	1024	1024	0	268288	3085	9415	670463	3477	3063	414	686440
2762	20	12	2	0	0	0	0	1	0	1024	0	1024	0	0	0	2048	1640	0	2286	221	30	191	4147
2763	23	44	5	0	0	0	0	1	0	1024	0	4096	0	0	0	5120	2080	0	10573	218	30	188	12871
2764	27	24	0	0	128	128	16	1	8192	1024	4096	268288	1024	1024	0	274432	3222	10415	684989	3478	3063	415	702104
2765	34	48	2	0	0	0	0	1	0	1024	0	0	0	0	0	1024	1592	0	1221	217	30	187	3030
2766	38	112	5	0	0	0	0	1	0	1024	0	4096	0	0	0	5120	2032	0	10313	218	30	188	12563
2767	42	92	0	0	128	128	16	1	8192	1024	4096	268288	2048	2048	0	275456	2954	10096	687195	3698	3286	412	703943
2768	49	116	2	0	0	0	0	1	0	1024	0	1024	0	0	0	2048	1770	0	2446	223	30	193	4439
2769	56	16	0	0	128	128	16	1	8192	1024	4096	267264	2048	1024	1024	274432	3193	10691	683678	3471	3058	413	701033
2770	6	9	3	0	0	0	0	1	0	1024	0	0	0	0	0	1024	1619	0	686	218	30	188	2523
2771	11	69	0	0	128	128	16	1	8192	1024	4096	265216	1024	1024	0	271360	3126	9982	677884	3477	3048	429	694469
2772	20	13	2	0	0	0	0	1	0	1024	0	1024	0	0	0	2048	1607	0	2329	222	30	192	4158
2773	23	45	5	0	0	0	0	1	0	1024	0	4096	0	0	0	5120	2015	0	10493	218	30	188	12726
2774	27	25	0	0	128	128	16	1	8192	1024	4096	264192	1024	1024	0	270336	3070	10321	675272	3492	3063	429	692155
2775	34	49	2	0	0	0	0	1	0	1024	0	0	0	0	0	1024	1592	0	1220	217	30	187	3029
2776	38	113	5	0	0	0	0	1	0	1024	0	4096	0	0	0	5120	2048	0	10318	218	30	188	12584
2777	42	93	0	0	128	128	16	1	8192	1024	4096	267264	1024	1024	0	273408	3054	9493	684395	3662	3228	434	700604
2778	49	117	2	0	0	0	0	1	0	1024	0	1024	0	0	0	2048	1740	0	2215	225	30	195	4180
2779	56	17	0	0	128	128	16	1	8192	1024	4096	266240	1024	1024	0	272384	3203	9174	681265	3498	3067	431	697140
2780	6	10	3	0	0	0	0	1	0	1024	0	0	0	0	0	1024	1247	0	877	218	30	188	2342
2781	11	70	0	0	128	128	16	1	8192	1024	5120	267264	1024	1024	0	274432	3141	11380	684193	3421	3004	417	702135
2782	20	14	2	0	0	0	0	1	0	1024	0	1024	0	0	0	2048	1652	0	2263	221	30	191	4136
2783	23	46	5	0	0	0	0	1	0	1024	0	4096	0	0	0	5120	2053	0	10501	218	30	188	12772
2784	27	26	0	0	128	128	16	1	8192	1024	4096	263168	2048	1024	1024	270336	3082	10267	673940	3406	2991	415	690695
2785	34	50	2	0	0	0	0	1	0	1024	0	0	0	0	0	1024	1281	0	1405	217	30	187	2903
2786	38	114	5	0	0	0	0	1	0	1024	0	4096	0	0	0	5120	2067	0	10084	218	30	188	12369
2787	42	94	0	0	128	128	16	1	8192	1024	4096	265216	2048	2048	0	272384	3037	9777	680511	3644	3230	414	696969
2788	49	118	2	0	0	0	0	1	0	1024	0	1024	0	0	0	2048	1787	0	2181	227	30	197	4195
2789	56	18	0	0	128	128	16	1	8192	1024	5120	260096	2048	1024	1024	268288	3160	11333	668172	3454	3039	415	686119
2790	6	11	3	0	0	0	0	1	0	1024	0	0	0	0	0	1024	1623	0	659	218	30	188	2500
2791	11	71	0	0	128	128	16	1	8192	1024	4096	262144	2048	2048	0	269312	3130	10421	670962	3363	2943	420	687876
2792	20	15	2	0	0	0	0	1	0	1024	0	1024	0	0	0	2048	1677	0	2232	218	30	188	4127
2793	23	47	5	0	0	0	0	1	0	1024	0	4096	0	0	0	5120	2078	0	10437	217	30	187	12732
2794	27	27	0	0	128	128	16	1	8192	1024	4096	262144	2048	1024	1024	269312	3237	8668	671778	3357	2952	405	687040
2795	34	51	2	0	0	0	0	1	0	1024	0	0	0	0	0	1024	1561	0	1182	217	30	187	2960
2796	38	115	5	0	0	0	0	1	0	1024	0	4096	0	0	0	5120	1736	0	10652	218	30	188	12606
2797	42	95	0	0	128	128	16	1	8192	1024	4096	265216	1024	1024	0	271360	3034	9178	678734	3537	3132	405	694483
2798	49	119	2	0	0	0	0	1	0	1024	0	1024	0	0	0	2048	1770	0	2151	219	30	189	4140
2799	56	19	0	0	128	128	16	1	8192	1024	4096	265216	2048	1024	1024	272384	3194	10030	679396	3388	2982	406	696008
