model	batch	step	past	ctas	kernel_span_ns	floor_ns	kernel_over_floor	realized_chain_links	measured_chain_span_ns	measured_chain_over_floor_at_chain_past	residual_bubble_ns_per_link	dependency_wait_cta_ns	page_full_cta_ns	page_full_and_dependency_wait_cta_ns	page_full_and_dependency_wait_mean_cta_ns	launch_gap_ns
qwen3	1	0	64	128	27283456	3513311	7.765738254541502	232	9985024	2.794564591930179	102457.52023781918	1187729408	1777130496	1006426112	7862704.0	
qwen3	1	1	65	128	27371520	3513428	7.7905449813991625	232	9985024	2.794564591930179	102836.60282467915	1194015744	1785004032	1013249024	7916008.0	3072
qwen3	1	2	66	128	27268096	3513545	7.76085011579908	232	9985024	2.794564591930179	102390.30610119429	1180758016	1772145664	1000231936	7814312.0	4096
qwen3	1	3	67	128	27597824	3513662	7.854433744470337	232	9985024	2.794564591930179	103811.04386046807	1217244160	1805517824	1034172416	8079472.0	3072
qwen3	1	4	68	128	27176960	3513779	7.734397239284746	232	9985024	2.794564591930179	101996.47127491425	1177558016	1768306688	998620160	7801720.0	3072
qwen3	1	5	69	128	26732544	3513896	7.607666183883133	232	9985024	2.794564591930179	100080.38144798111	1191467008	1755460608	1011080192	7899064.0	4096
qwen3	1	6	70	128	24939520	3514012	7.097163458510038	232	9985024	2.794564591930179	92351.32610380661	1087267840	1627576320	922649600	7208200.0	4096
qwen3	1	7	71	128	24991744	3514129	7.1117886375541834	232	9985024	2.794564591930179	92575.9259320459	1086299136	1627900928	922049536	7203512.0	3072
qwen3	1	8	72	128	24853504	3514246	7.07221515881297	232	9985024	2.794564591930179	91979.56024304379	1077164032	1618019328	913902592	7139864.0	3072
qwen3	1	9	73	128	25108480	3514363	7.144532586843721	232	9985024	2.794564591930179	93078.09110576584	1101278208	1638966272	935480320	7308440.0	3072
qwen3	1	10	74	128	24855552	3514480	7.072327655380923	232	9985024	2.794564591930179	91987.38058917753	1073495040	1614883840	910819328	7115776.0	4096
qwen3	1	11	75	128	25017344	3514597	7.118126844087689	232	9985024	2.794564591930179	92684.25627948578	1085766656	1630285824	921654272	7200424.0	3072
qwen3	1	12	76	128	24834048	3514713	7.06573916384265	232	9985024	2.794564591930179	91893.68369393196	1074657280	1615664128	912051200	7125400.0	3072
qwen3	1	13	77	128	25145344	3514830	7.1540707248061715	232	9985024	2.794564591930179	93234.97317734365	1098873856	1640328192	933328896	7291632.0	3072
qwen3	1	14	78	128	24862720	3514947	7.073426585511105	232	9985024	2.794564591930179	92016.26266075535	1076573184	1617253376	912861184	7131728.0	4096
qwen3	1	15	79	128	24930304	3515064	7.092418428550141	232	9985024	2.794564591930179	92307.06938554636	1083943936	1625866240	920441856	7190952.0	3072
qwen3	1	16	80	128	24878080	3515181	7.07732598210645	232	9985024	2.794564591930179	92081.46231723392	1076335616	1618848768	913685504	7138168.0	3072
qwen3	1	17	81	128	24937472	3515298	7.093986047132033	232	9985024	2.794564591930179	92336.95869719735	1077801984	1618230272	914039808	7140936.0	3072
qwen3	1	18	82	128	25049088	3515414	7.125500721205352	232	9985024	2.794564591930179	92817.55852543662	1090566144	1633163264	925608960	7231320.0	4096
qwen3	1	19	83	128	24889344	3515531	7.079824397924496	232	9985024	2.794564591930179	92128.50318126212	1079849984	1620220928	916842496	7162832.0	3072
qwen3	1	20	84	128	25009152	3515648	7.113667601494634	232	9985024	2.794564591930179	92644.413354329	1090278400	1633304576	925391872	7229624.0	3072
qwen3	1	21	85	128	24941568	3515765	7.094208063960038	232	9985024	2.794564591930179	92352.59938946481	1087292416	1627238400	923314176	7213392.0	3072
qwen3	1	22	86	128	25044992	3515882	7.123388542764738	232	9985024	2.794564591930179	92797.88887287652	1090748416	1632146432	926604288	7239096.0	4096
qwen3	1	23	87	128	24972288	3515999	7.1024737747122995	232	9985024	2.794564591930179	92484.00594249512	1086472192	1627044864	922023936	7203312.0	3072
qwen3	1	24	88	128	24990720	3516115	7.107479909531982	232	9985024	2.794564591930179	92562.9505983206	1084814336	1626446848	920876032	7194344.0	3072
qwen3	1	25	89	128	25080832	3516232	7.132871167981514	232	9985024	2.794564591930179	92950.86077138748	1097757696	1636336640	932399104	7284368.0	3072
qwen3	1	26	90	128	25032704	3516349	7.118947236760567	232	9985024	2.794564591930179	92742.90887548882	1090670592	1632481280	925693952	7231984.0	4096
qwen3	1	27	91	128	24968192	3516466	7.100365007592274	232	9985024	2.794564591930179	92464.336289935	1086725120	1626639360	923074560	7211520.0	4096
qwen3	1	28	92	128	25014272	3516583	7.1132327251285865	232	9985024	2.794564591930179	92662.4533595536	1086402560	1629114368	921772032	7201344.0	3072
qwen3	1	29	93	128	24848384	3516700	7.065824892463863	232	9985024	2.794564591930179	91946.9152567584	1078516736	1619451904	914964480	7148160.0	3072
qwen3	1	30	94	128	25036800	3516817	7.1191658700426395	232	9985024	2.794564591930179	92758.5495677563	1090114560	1630853120	925332480	7229160.0	4096
qwen3	1	31	95	128	24898560	3516933	7.079622384621758	232	9985024	2.794564591930179	92162.18387875421	1080749056	1622718464	917221376	7165792.0	3072
qwen3	1	32	96	128	25035776	3517050	7.118401705647571	232	9985024	2.794564591930179	92753.1285345797	1090957312	1631630336	926464000	7238000.0	3072
qwen3	1	33	97	128	25187328	3517167	7.161254457926223	232	9985024	2.794564591930179	93405.86629385347	1105403904	1644315648	940033024	7344008.0	3072
qwen3	1	34	98	128	24987648	3517284	7.104245490812493	232	9985024	2.794564591930179	92544.67301864446	1087056896	1629586432	922740736	7208912.0	4096
qwen3	1	35	99	128	25037824	3517401	7.118274583670733	232	9985024	2.794564591930179	92760.44526067686	1093186560	1632413696	929204224	7259408.0	3072
qwen3	1	36	100	128	25122816	3517518	7.142200634055459	232	9985024	2.794564591930179	93126.28646822649	1099492352	1641242624	933952512	7296504.0	3072
qwen3	1	37	101	128	24972288	3517634	7.099171007516072	232	9985024	2.794564591930179	92476.955261983	1089312768	1629620224	925890560	7233520.0	3072
qwen3	1	38	102	128	25093120	3517751	7.133284430115321	232	9985024	2.794564591930179	92997.27922815333	1094800384	1636934656	929386496	7260832.0	3072
qwen3	1	39	103	128	24861696	3517868	7.067262212117886	232	9985024	2.794564591930179	91999.25836673746	1077668864	1619753984	915323904	7150968.0	3072
qwen3	1	40	104	128	25030656	3517985	7.115054987525458	232	9985024	2.794564591930179	92727.03060876983	1092023296	1633246208	927068160	7242720.0	3072
qwen3	1	41	105	128	24950784	3518102	7.092115536667363	232	9985024	2.794564591930179	92382.25112666428	1085139968	1625752576	922365952	7205984.0	3072
qwen3	1	42	106	128	24954880	3518219	7.093044233455917	232	9985024	2.794564591930179	92399.4026790415	1082342400	1624828928	918577152	7176384.0	4096
qwen3	1	43	107	128	24985600	3518335	7.101540083405552	232	9985024	2.794564591930179	92531.31285210837	1083021312	1627615232	919379968	7182656.0	3072
qwen3	1	44	108	128	24855552	3518452	7.064342550722294	232	9985024	2.794564591930179	91970.25750793387	1074872320	1616485376	912751616	7130872.0	3072
qwen3	1	45	109	128	25135104	3518569	7.143558446594435	232	9985024	2.794564591930179	93174.71940513866	1102937088	1643196416	937068544	7320848.0	3072
qwen3	1	46	110	128	24969216	3518686	7.096176368389375	232	9985024	2.794564591930179	92459.18130234347	1084125184	1625521152	920245248	7189416.0	4096
qwen3	1	47	111	128	24914944	3518803	7.08051731624788	232	9985024	2.794564591930179	92224.74664782411	1084039168	1624923136	920408064	7190688.0	3072
qwen3	1	48	112	128	25017344	3518920	7.10938206010929	232	9985024	2.794564591930179	92665.62233813237	1089180672	1630035968	925259776	7228592.0	3072
qwen3	1	49	113	128	25016320	3519036	7.108855024045531	232	9985024	2.794564591930179	92660.70492499234	1091815424	1632061440	927355904	7244968.0	3072
qwen3	1	50	114	128	25195520	3519153	7.159540341617644	232	9985024	2.794564591930179	93432.6150980592	1107588096	1646096384	942471168	7363056.0	4096
qwen3	1	51	115	128	25011200	3519270	7.106928148635668	232	9985024	2.794564591930179	92637.62871940195	1086085120	1629528064	922080256	7203752.0	3072
qwen3	1	52	116	128	24885248	3519387	7.070904155469091	232	9985024	2.794564591930179	92094.22854764124	1078064128	1619164160	915373056	7151352.0	3072
qwen3	1	53	117	128	25149440	3519504	7.145734543597378	232	9985024	2.794564591930179	93232.4835482943	1101475840	1642047488	936622080	7317360.0	3072
qwen3	1	54	118	128	25200640	3519621	7.16004435092378	232	9985024	2.794564591930179	93452.66958343015	1104992256	1645346816	939614208	7340736.0	4096
qwen3	1	55	119	128	24872960	3519737	7.066708817002722	232	9985024	2.794564591930179	92039.75217029013	1076306944	1619601408	913696768	7138256.0	3072
qwen3	1	56	120	128	25067520	3519854	7.1217492556970985	232	9985024	2.794564591930179	92877.8692399087	1093560320	1633882112	929057792	7258264.0	3072
qwen3	1	57	121	128	24950784	3519971	7.088348952620964	232	9985024	2.794564591930179	92374.19320607903	1079189504	1621547008	916078592	7156864.0	3072
qwen3	1	58	122	128	25091072	3520088	7.127967222887774	232	9985024	2.794564591930179	92978.37924121486	1097501696	1638320128	933501952	7292984.0	4096
qwen3	1	59	123	128	25013248	3520205	7.1056228327654765	232	9985024	2.794564591930179	92642.42734531622	1086758912	1630000128	922629120	7208040.0	3072
qwen3	1	60	124	128	24948736	3520322	7.0870613984583954	232	9985024	2.794564591930179	92363.8547597624	1078621184	1620033536	915950592	7155864.0	3072
qwen3	1	61	125	128	24957952	3520439	7.089444041624923	232	9985024	2.794564591930179	92403.07527765684	1091450880	1631184896	927023104	7242368.0	3072
qwen3	1	62	126	128	25030656	3520555	7.109860045001524	232	9985024	2.794564591930179	92715.9509679651	1090475008	1630742528	925631488	7231496.0	4096
qwen3	1	63	127	128	24998912	3520672	7.100607631547913	232	9985024	2.794564591930179	92578.61976172164	1089247232	1630690304	925787136	7232712.0	3072
qwen3	1	64	128	128	25136128	3520789	7.139345074758684	232	9985024	2.794564591930179	93169.56441754711	1101877248	1639572480	933281792	7291264.0	3072
qwen3	1	65	129	128	25047040	3520906	7.11380557933363	232	9985024	2.794564591930179	92785.06079751054	1092590592	1629347840	924176384	7220128.0	3072
qwen3	1	66	130	128	24961024	3521023	7.089140252663895	232	9985024	2.794564591930179	92413.7985567843	1088588800	1627229184	922153984	7204328.0	4096
qwen3	1	67	131	128	24950784	3521140	7.085996868586585	232	9985024	2.794564591930179	92369.15700571323	1086068736	1624091648	918696960	7177320.0	3072
qwen3	1	68	132	128	25135104	3521256	7.138106698601436	232	9985024	2.794564591930179	93163.13614429736	1102445568	1641719808	934194176	7298392.0	3072
qwen3	1	69	133	128	24891392	3521373	7.068660491783809	232	9985024	2.794564591930179	92112.14976564008	1086067712	1622861824	919193600	7181200.0	3072
qwen3	1	70	134	128	25082880	3521490	7.122802941053249	232	9985024	2.794564591930179	92937.02545594833	1097086976	1635222528	929443840	7261280.0	4096
qwen3	1	71	135	128	24942592	3521607	7.082730261206098	232	9985024	2.794564591930179	92331.83218073935	1082715136	1622265856	916152320	7157440.0	3072
qwen3	1	72	136	128	24993792	3521724	7.097033613230038	232	9985024	2.794564591930179	92552.01821587517	1092756480	1629805568	924638208	7223736.0	3072
qwen3	1	73	137	128	24963072	3521841	7.088075451918376	232	9985024	2.794564591930179	92419.10080273515	1088986112	1626235904	921153536	7196512.0	3072
qwen3	1	74	138	128	24898560	3521957	7.0695232205179614	232	9985024	2.794564591930179	92140.52821718135	1079161856	1616839680	912568320	7129440.0	4096
qwen3	1	75	139	128	25030656	3522074	7.1067938704363085	232	9985024	2.794564591930179	92709.40390748958	1093977088	1635185664	926409728	7237576.0	4096
qwen3	1	76	140	128	24852480	3522191	7.055971427830595	232	9985024	2.794564591930179	91940.900287453	1080355840	1618717696	914227200	7142400.0	3072
qwen3	1	77	141	128	25118720	3522308	7.131324174776621	232	9985024	2.794564591930179	93087.98287431296	1099857920	1638958080	932018176	7281392.0	4096
qwen3	1	78	142	128	25011200	3522425	7.100563199429198	232	9985024	2.794564591930179	92624.03097841433	1096873984	1634401280	929159168	7259056.0	3072
qwen3	1	79	143	128	25065472	3522542	7.115734736500527	232	9985024	2.794564591930179	92857.45839286051	1097150464	1634725888	928958464	7257488.0	3072
qwen3	1	80	144	128	25031680	3522658	7.105905966144223	232	9985024	2.794564591930179	92711.29960041013	1095530496	1634353152	927932416	7249472.0	3072
qwen3	1	81	145	128	25110528	3522775	7.128052637350476	232	9985024	2.794564591930179	93050.65804933908	1101224960	1639090176	933164032	7290344.0	4096
qwen3	1	82	146	128	25110528	3522892	7.127816229152498	232	9985024	2.794564591930179	93050.15442930249	1100723200	1638170624	933358592	7291864.0	4096
qwen3	1	83	147	128	25036800	3523009	7.106652271663605	232	9985024	2.794564591930179	92731.85770581765	1092976640	1633601536	925249536	7228512.0	3072
qwen3	1	84	148	128	24864768	3523126	7.057587223342471	232	9985024	2.794564591930179	91989.83684440175	1081495552	1619542016	915675136	7153712.0	3072
qwen3	1	85	149	128	25199616	3523243	7.15239289578212	232	9985024	2.794564591930179	93432.64356919275	1107333120	1646332928	938790912	7334304.0	3072
qwen3	1	86	150	128	24949760	3523360	7.081241574936222	232	9985024	2.794564591930179	92355.1744319148	1091534848	1629037568	923939840	7218280.0	4096
qwen3	1	87	151	128	24914944	3523476	7.071125607796621	232	9985024	2.794564591930179	92204.60184636098	1082659840	1621982208	916685824	7161608.0	3072
qwen3	1	88	152	128	24986624	3523593	7.091234004680875	232	9985024	2.794564591930179	92513.06374356578	1094694912	1632108544	927534080	7246360.0	3072
qwen3	1	89	153	128	24977408	3523710	7.088383447012867	232	9985024	2.794564591930179	92472.83598559817	1088976896	1628722176	921702400	7200800.0	4096
qwen3	1	90	154	128	24916992	3523827	7.0710034202581245	232	9985024	2.794564591930179	92211.91857245815	1084356608	1622112256	917851136	7170712.0	3072
qwen3	1	91	155	128	25056256	3523944	7.110288333865682	232	9985024	2.794564591930179	92811.69081449053	1092423680	1633952768	925118464	7227488.0	3072
qwen3	1	92	156	128	24910848	3524061	7.068791100185948	232	9985024	2.794564591930179	92184.4285737643	1084920832	1622090752	918427648	7175216.0	3072
qwen3	1	93	157	128	25097216	3524177	7.121439438193474	232	9985024	2.794564591930179	92987.2352985553	1099330560	1637257216	931118080	7274360.0	3072
qwen3	1	94	158	128	24951808	3524294	7.079944586314762	232	9985024	2.794564591930179	92359.97305782906	1091362816	1628910592	924339200	7221400.0	3072
qwen3	1	95	159	128	24997888	3524411	7.0927843996016104	232	9985024	2.794564591930179	92558.09012744766	1091326976	1628902400	923737088	7216696.0	3072
qwen3	1	96	160	128	24978432	3524528	7.0870290983936615	232	9985024	2.794564591930179	92473.72443844556	1090992128	1628536832	923537408	7215136.0	3072
qwen3	1	97	161	128	24983552	3524645	7.088246796310427	232	9985024	2.794564591930179	92495.28978392623	1087010816	1626203136	919727104	7185368.0	4096
qwen3	1	98	162	128	24880128	3524762	7.058669706788513	232	9985024	2.794564591930179	92048.99306044137	1081771008	1619668992	915597312	7153104.0	4096
qwen3	1	99	163	128	24951808	3524878	7.0787711846435695	232	9985024	2.794564591930179	92357.45495764617	1081422848	1619944448	914287616	7142872.0	3072
qwen3	1	100	164	128	25227264	3524995	7.156680201501481	232	9985024	2.794564591930179	93544.26168243718	1108371456	1648444416	939905024	7343008.0	4096
qwen3	1	101	165	128	24889344	3525112	7.06058221284651	232	9985024	2.794564591930179	92087.20633826267	1084754944	1621905408	918483968	7175656.0	3072
qwen3	1	102	166	128	25036800	3525229	7.102176969929812	232	9985024	2.794564591930179	92722.28892512264	1090875392	1629332480	923181056	7212352.0	4096
qwen3	1	103	167	128	24976384	3525346	7.0848039743159035	232	9985024	2.794564591930179	92461.37151198262	1090165760	1628235776	923097088	7211696.0	3072
qwen3	1	104	168	128	25049088	3525463	7.1051917133821725	232	9985024	2.794564591930179	92774.24720229086	1090131968	1630401536	923185152	7212384.0	3072
qwen3	1	105	169	128	24909824	3525579	7.065455219009075	232	9985024	2.794564591930179	92173.46772018532	1085391872	1622381568	918732800	7177600.0	3072
qwen3	1	106	170	128	25072640	3525696	7.111400887092023	232	9985024	2.794564591930179	92874.75720359702	1094244352	1632778240	926395392	7237464.0	4096
qwen3	1	107	171	128	25010176	3525813	7.09344902975437	232	9985024	2.794564591930179	92605.0122042501	1091942400	1629680640	925092864	7227288.0	3072
qwen3	1	108	172	128	25126912	3525930	7.1263218327345585	232	9985024	2.794564591930179	93107.68099800663	1100620800	1641018368	932729856	7286952.0	3072
qwen3	1	109	173	128	24920064	3526047	7.06742283130391	232	9985024	2.794564591930179	92215.59117107348	1085356032	1623358464	918831104	7178368.0	3072
qwen3	1	110	174	128	25021440	3526164	7.095938309392701	232	9985024	2.794564591930179	92652.0530682783	1095638016	1633389568	928318464	7252488.0	4096
qwen3	1	111	175	128	25005056	3526281	7.091056937017412	232	9985024	2.794564591930179	92580.92875858655	1089824768	1629084672	922648576	7208192.0	3072
qwen3	1	112	176	128	24945664	3526397	7.073979871747614	232	9985024	2.794564591930179	92324.42513854997	1089258496	1627882496	922899456	7210152.0	3072
qwen3	1	113	177	128	25233408	3526514	7.1553399515217775	232	9985024	2.794564591930179	93564.19738058235	1109977088	1649567744	942194688	7360896.0	3072
qwen3	1	114	178	128	25193472	3526631	7.143778767976907	232	9985024	2.794564591930179	93391.55582951129	1109549056	1646286848	941538304	7355768.0	4096
qwen3	1	115	179	128	25068544	3526748	7.1081190945202035	232	9985024	2.794564591930179	92852.56945085402	1093329920	1633261568	925134848	7227616.0	3072
qwen3	1	116	180	128	24899584	3526865	7.059977040688045	232	9985024	2.794564591930179	92123.78996874848	1083435008	1621649408	917535744	7168248.0	3072
qwen3	1	117	181	128	25158656	3526982	7.133197472504669	232	9985024	2.794564591930179	93239.97600388431	1104484352	1643024384	936324096	7315032.0	3072
qwen3	1	118	182	128	25032704	3527098	7.09725136976419	232	9985024	2.794564591930179	92696.57583212359	1090843648	1628558336	923260928	7212976.0	3072
qwen3	1	119	183	128	25030656	3527215	7.096435643596832	232	9985024	2.794564591930179	92687.24462588012	1095689216	1634703360	928385024	7253008.0	3072
qwen3	1	120	184	128	25035776	3527332	7.097652102220294	232	9985024	2.794564591930179	92708.80997136078	1093360640	1631106048	926100480	7235160.0	3072
qwen3	1	121	185	128	25053184	3527449	7.102352017583846	232	9985024	2.794564591930179	92783.34083408283	1094675456	1634331648	926392320	7237440.0	3072
qwen3	1	122	186	128	25102336	3527566	7.116050461629154	232	9985024	2.794564591930179	92994.69928301177	1099873280	1637497856	932609024	7286008.0	3072
qwen3	1	123	187	128	24996864	3527683	7.085916390590213	232	9985024	2.794564591930179	92539.57497332	1087307776	1628204032	919847936	7186312.0	3072
qwen3	1	124	188	128	24968192	3527799	7.0775542606424375	232	9985024	2.794564591930179	92415.48514638688	1088416768	1625851904	921276416	7197472.0	3072
qwen3	1	125	189	128	24988672	3527916	7.083124987961324	232	9985024	2.794564591930179	92503.25738841927	1094075392	1632329728	927549440	7246480.0	3072
qwen3	1	126	190	128	24925184	3528033	7.064895116257101	232	9985024	2.794564591930179	92229.0985959689	1081923584	1621706752	915161088	7149696.0	3072
qwen3	1	127	191	128	25009152	3528150	7.088460593783873	232	9985024	2.794564591930179	92590.52601041508	1096552448	1633728512	928850944	7256648.0	3072
qwen3	1	128	192	128	25003008	3528267	7.086484491905454	232	9985024	2.794564591930179	92563.5396317578	1086769152	1629796352	921833472	7201824.0	3072
qwen3	1	129	193	128	25095168	3528384	7.112369436800215	232	9985024	2.794564591930179	92960.27739103157	1097749504	1637752832	931916800	7280600.0	3072
qwen3	1	130	194	128	25091072	3528500	7.110973090621962	232	9985024	2.794564591930179	92942.11859858119	1099083776	1640839168	932332544	7283848.0	3072
qwen3	1	131	195	128	25079808	3528617	7.107545446333962	232	9985024	2.794564591930179	92893.06325440669	1100516352	1640056832	933724160	7294720.0	3072
qwen3	1	132	196	128	24883200	3528734	7.05159381175035	232	9985024	2.794564591930179	92045.11135850805	1079024640	1620586496	915103744	7149248.0	4096
qwen3	1	133	197	128	25085952	3528851	7.108815862944905	232	9985024	2.794564591930179	92918.53877295423	1094045696	1635386368	927175680	7243560.0	3072
qwen3	1	134	198	128	24958976	3528968	7.0725994397301974	232	9985024	2.794564591930179	92370.72480809006	1089563648	1629808640	923599872	7215624.0	4096
qwen3	1	135	199	128	25176064	3529085	7.133879249622764	232	9985024	2.794564591930179	93305.94532598452	1105236992	1644852224	937849856	7326952.0	3072
qwen3	1	136	200	128	24989696	3529202	7.080835658859832	232	9985024	2.794564591930179	92502.13136112035	1092926464	1632133120	926735360	7240120.0	3072
qwen3	1	137	201	128	25230336	3529318	7.148784381954908	232	9985024	2.794564591930179	93538.86912039413	1109990400	1649032192	942804992	7365664.0	3072
qwen3	1	138	202	128	24909824	3529435	7.057736595462778	232	9985024	2.794564591930179	92156.84825897824	1079426048	1620012032	913996800	7140600.0	4096
qwen3	1	139	203	128	25027584	3529552	7.090866968290706	232	9985024	2.794564591930179	92663.9308458382	1087089664	1629954048	921199616	7196872.0	3072
qwen3	1	140	204	128	24885248	3529669	7.050306649308143	232	9985024	2.794564591930179	92049.90998442232	1078551552	1619610624	913988608	7140536.0	3072
qwen3	1	141	205	128	25175040	3529786	7.132172310818002	232	9985024	2.794564591930179	93298.50981266159	1105184768	1645758464	937856000	7327000.0	3072
qwen3	1	142	206	128	24960000	3529903	7.071016707211287	232	9985024	2.794564591930179	92371.10964090088	1090120704	1630392320	924717056	7224352.0	4096
qwen3	1	143	207	128	24962048	3530019	7.071362830940294	232	9985024	2.794564591930179	92379.4336070712	1080322048	1622185984	915452928	7151976.0	3072
qwen3	1	144	208	128	24971264	3530136	7.073739448288947	232	9985024	2.794564591930179	92418.65412496564	1086091264	1625604096	920324096	7190032.0	3072
qwen3	1	145	209	128	25041920	3530253	7.093519759704503	232	9985024	2.794564591930179	92722.70222906701	1094209536	1634918400	928047104	7250368.0	4096
qwen3	1	146	210	128	25236480	3530370	7.148395367209568	232	9985024	2.794564591930179	93560.81929868559	1112582144	1651299328	945511424	7386808.0	3072
qwen3	1	147	211	128	25075712	3530487	7.102621730796117	232	9985024	2.794564591930179	92867.35016140764	1091819520	1635466240	925475840	7230280.0	3072
qwen3	1	148	212	128	24793088	3530604	7.0223369123435315	232	9985024	2.794564591930179	91648.63964481934	1072412672	1612364800	908674048	7099016.0	3072
qwen3	1	149	213	128	25177088	3530720	7.1308641994755915	232	9985024	2.794564591930179	93303.30843857586	1103499264	1643317248	935949312	7312104.0	3072
qwen3	1	150	214	128	25028608	3530837	7.088575881673564	232	9985024	2.794564591930179	92662.80481853928	1095455744	1635790848	929196032	7259344.0	3072
qwen3	1	151	215	128	25035776	3530954	7.090371365740773	232	9985024	2.794564591930179	92693.19775022686	1091854336	1631137792	926272512	7236504.0	3072
qwen3	1	152	216	128	25014272	3531071	7.0840468148728615	232	9985024	2.794564591930179	92600.00447501785	1093966848	1634294784	928007168	7250056.0	4096
qwen3	1	153	217	128	25078784	3531188	7.102081624863376	232	9985024	2.794564591930179	92877.56982049852	1096827904	1636884480	929819648	7264216.0	3072
qwen3	1	154	218	128	25113600	3531305	7.111705884820922	232	9985024	2.794564591930179	93027.13516597918	1100388352	1640780800	934454272	7300424.0	4096
qwen3	1	155	219	128	25026560	3531421	7.086823289780274	232	9985024	2.794564591930179	92651.4591321495	1085801472	1627961344	919938048	7187016.0	4096
qwen3	1	156	220	128	25016320	3531538	7.083689238170805	232	9985024	2.794564591930179	92606.81758107845	1088968704	1628619776	923180032	7212344.0	3072
qwen3	1	157	221	128	24963072	3531655	7.068377534532839	232	9985024	2.794564591930179	92376.79671966254	1087433728	1627413504	922521600	7207200.0	4096
qwen3	1	158	222	128	25221120	3531772	7.141208434085596	232	9985024	2.794564591930179	93488.56896169494	1109778432	1648833536	942283776	7361592.0	4096
qwen3	1	159	223	128	24965120	3531889	7.068489730498656	232	9985024	2.794564591930179	92384.6170657963	1085678592	1627172864	920294400	7189800.0	4096
qwen3	1	160	224	128	25003008	3532006	7.078982952220977	232	9985024	2.794564591930179	92547.42379058729	1091652608	1633449984	926379008	7237336.0	3072
qwen3	1	161	225	128	25001984	3532123	7.078458874337249	232	9985024	2.794564591930179	92542.50637744727	1087389696	1628254208	922439680	7206560.0	3072
qwen3	1	162	226	128	25023488	3532239	7.084312654851139	232	9985024	2.794564591930179	92634.6924125831	1086998528	1628614656	921322496	7197832.0	4096
qwen3	1	163	227	128	25119744	3532356	7.111328126840993	232	9985024	2.794564591930179	93049.08534427066	1101108224	1640241152	935658496	7309832.0	3072
qwen3	1	164	228	128	25144320	3532473	7.118050078638047	232	9985024	2.794564591930179	93154.51275871684	1101755392	1642852352	934770688	7302896.0	3072
qwen3	1	165	229	128	24953856	3532590	7.063898400011227	232	9985024	2.794564591930179	92333.04362143888	1089751040	1630283776	924103680	7219560.0	3072
qwen3	1	166	230	128	25159680	3532707	7.12192717835264	232	9985024	2.794564591930179	93219.7124151954	1100924928	1642420224	934697984	7302328.0	3072
qwen3	1	167	231	128	24921088	3532824	7.054155855823086	232	9985024	2.794564591930179	92190.79500205538	1080897536	1622361088	916972544	7163848.0	4096
qwen3	1	168	232	128	25032704	3532940	7.085515511230325	232	9985024	2.794564591930179	92671.39483029467	1094834176	1635324928	928699392	7255464.0	4096
qwen3	1	169	233	128	25035776	3533057	7.086150691837169	232	9985024	2.794564591930179	92684.13258956843	1091507200	1631758336	926245888	7236296.0	4096
qwen3	1	170	234	128	25072640	3533174	7.096350035096337	232	9985024	2.794564591930179	92842.525521256	1092534272	1635342336	926024704	7234568.0	3072
qwen3	1	171	235	128	25054208	3533291	7.090898704621457	232	9985024	2.794564591930179	92762.57362535734	1093785600	1634787328	929113088	7258696.0	3072
qwen3	1	172	236	128	25073664	3533408	7.096170527672027	232	9985024	2.794564591930179	92845.93207428629	1094156288	1638667264	928642048	7255016.0	3072
qwen3	1	173	237	128	24982528	3533525	7.070144073653465	232	9985024	2.794564591930179	92452.6008680428	1089054720	1629628416	924136448	7219816.0	3072
qwen3	1	174	238	128	25166848	3533641	7.122071788627708	232	9985024	2.794564591930179	93246.58000662691	1102616576	1643886592	936271872	7314624.0	4096
qwen3	1	175	239	128	24946688	3533758	7.059534364054821	232	9985024	2.794564591930179	92297.11086934897	1083382784	1623877632	918393856	7174952.0	3072
qwen3	1	176	240	128	24999936	3533875	7.074368834238879	232	9985024	2.794564591930179	92526.12449069168	1085516800	1628116992	920726528	7193176.0	3072
qwen3	1	177	241	128	25046016	3533992	7.087174022353336	232	9985024	2.794564591930179	92724.24156031029	1094260736	1633747968	928791552	7256184.0	3072
qwen3	1	178	242	128	25092096	3534109	7.0999783637727285	232	9985024	2.794564591930179	92922.35862992887	1089874944	1632674816	924167168	7220056.0	4096
qwen3	1	179	243	128	25006080	3534226	7.075405637156249	232	9985024	2.794564591930179	92551.09638920265	1091620864	1631322112	926587904	7238968.0	3072
qwen3	1	180	244	128	25094144	3534342	7.100088392500819	232	9985024	2.794564591930179	92930.17897606263	1094109184	1637477376	928452608	7253536.0	3072
qwen3	1	181	245	128	25078784	3534459	7.09550789749489	232	9985024	2.794564591930179	92863.4684594743	1095656448	1635629056	928826368	7256456.0	3072
qwen3	1	182	246	128	25064448	3534576	7.091217414734583	232	9985024	2.794564591930179	92801.17173598945	1099486208	1638994944	932758528	7287176.0	4096
qwen3	1	183	247	128	25013248	3534693	7.076498021335772	232	9985024	2.794564591930179	92579.97846078048	1086451712	1627802624	921669632	7200544.0	3072
qwen3	1	184	248	128	25027584	3534810	7.080319777997805	232	9985024	2.794564591930179	92641.26794419216	1089518592	1629413376	924317696	7221232.0	3072
qwen3	1	185	249	128	25077760	3534927	7.094280106180521	232	9985024	2.794564591930179	92857.04018622455	1089074176	1631979520	923563008	7215336.0	3072
qwen3	1	186	250	128	25174016	3535044	7.121274711745619	232	9985024	2.794564591930179	93271.43311791212	1105350656	1644662784	939591680	7340560.0	4096
qwen3	1	187	251	128	25105408	3535160	7.101632024666146	232	9985024	2.794564591930179	92975.20535994449	1091716096	1634692096	925821952	7232984.0	3072
qwen3	1	188	252	128	24991744	3535277	7.069245949331443	232	9985024	2.794564591930179	92484.77070542517	1090302976	1631087616	925333504	7229168.0	3072
qwen3	1	189	253	128	24951808	3535394	7.05771626714938	232	9985024	2.794564591930179	92312.12915435409	1086852096	1626514432	922326016	7205672.0	3072
qwen3	1	190	254	128	25039872	3535511	7.08239145004641	232	9985024	2.794564591930179	92691.21174121407	1087464448	1630886912	922176512	7204504.0	4096
qwen3	1	191	255	128	24954880	3535628	7.058118672355952	232	9985024	2.794564591930179	92324.36329359129	1088547840	1629469696	924323840	7221280.0	3072
qwen3	1	192	256	128	24966144	3535745	7.061071184993436	232	9985024	2.794564591930179	92372.41139769263	1085064192	1626198016	918288384	7174128.0	3072
qwen3	1	193	257	128	25059328	3535861	7.087191831472381	232	9985024	2.794564591930179	92773.56295006986	1094307840	1635231744	925651968	7231656.0	3072
qwen3	1	194	258	128	25099264	3535978	7.098251835515488	232	9985024	2.794564591930179	92945.19726106775	1098790912	1636384768	930473984	7269328.0	4096
qwen3	1	195	259	128	24984576	3536095	7.065583777612717	232	9985024	2.794564591930179	92450.34881344497	1084940288	1623555072	916521984	7160328.0	3072
qwen3	1	196	260	128	25280512	3536212	7.149037616167855	232	9985024	2.794564591930179	93725.43140030495	1113097216	1653047296	943295488	7369496.0	3072
qwen3	1	197	261	128	25018368	3536329	7.074672558308988	232	9985024	2.794564591930179	92594.9967457856	1099916288	1635697664	930544640	7269880.0	3072
qwen3	1	198	262	128	25234432	3536446	7.1355351929965085	232	9985024	2.794564591930179	93525.80347057662	1110243328	1648046080	940019712	7343904.0	3072
qwen3	1	199	263	128	25020416	3536562	7.074784190060919	232	9985024	2.794564591930179	92602.81709191935	1095255040	1634016256	926325760	7236920.0	3072
qwen3	1	200	264	128	24993792	3536679	7.067022497642106	232	9985024	2.794564591930179	92487.55485119311	1089197056	1626890240	921267200	7197400.0	3072
qwen3	1	201	265	128	25122816	3536796	7.103269509348887	232	9985024	2.794564591930179	93043.18916219102	1096523776	1636992000	927132672	7243224.0	4096
qwen3	1	202	266	128	25057280	3536913	7.084505704360685	232	9985024	2.794564591930179	92760.20278353375	1101161472	1637350400	931549184	7277728.0	4096
qwen3	1	203	267	128	25124864	3537030	7.103379237045892	232	9985024	2.794564591930179	93051.00950832476	1101251584	1639143424	932723712	7286904.0	4096
qwen3	1	204	268	128	25096192	3537147	7.095038627846684	232	9985024	2.794564591930179	92926.91968139164	1099128832	1640137728	929870848	7264616.0	3072
qwen3	1	205	269	128	24974336	3537263	7.0603550414675	232	9985024	2.794564591930179	92401.1746820447	1092953088	1631586304	924667904	7223968.0	3072
qwen3	1	206	270	128	25011200	3537380	7.070543108904862	232	9985024	2.794564591930179	92559.56761373226	1087827968	1628426240	919507968	7183656.0	4096
qwen3	1	207	271	128	25063424	3537497	7.085072556303605	232	9985024	2.794564591930179	92784.16744197156	1099303936	1635437568	929951744	7265248.0	4096
qwen3	1	208	272	128	25096192	3537614	7.09410129184581	232	9985024	2.794564591930179	92924.9052012453	1097198592	1635282944	928934912	7257304.0	3072
qwen3	1	209	273	128	25105408	3537731	7.096472056235599	232	9985024	2.794564591930179	92964.12571913977	1101126656	1638888448	931725312	7279104.0	3072
qwen3	1	210	274	128	25115648	3537848	7.099132105550883	232	9985024	2.794564591930179	93007.76003013767	1096279040	1636027392	927037440	7242480.0	4096
qwen3	1	211	275	128	25159680	3537965	7.111343233820658	232	9985024	2.794564591930179	93197.04951354937	1106426880	1642503168	936887296	7319432.0	3072
qwen3	1	212	276	128	25278464	3538081	7.1446813908542275	232	9985024	2.794564591930179	93708.5458935128	1113596928	1651913728	942980096	7367032.0	3072
qwen3	1	213	277	128	24993792	3538198	7.06398868571067	232	9985024	2.794564591930179	92481.00779071759	1090034688	1628649472	921594880	7199960.0	4096
qwen3	1	214	278	128	25005056	3538315	7.0669388596032325	232	9985024	2.794564591930179	92529.05589481894	1094502400	1631532032	925884416	7233472.0	4096
qwen3	1	215	279	128	24994816	3538432	7.063811570322238	232	9985024	2.794564591930179	92484.41434374789	1089392640	1627047936	921426944	7198648.0	3072
qwen3	1	216	280	128	24997888	3538549	7.064446481837998	232	9985024	2.794564591930179	92497.15210302164	1095838720	1633582080	926640128	7239376.0	3072
qwen3	1	217	281	128	25126912	3538666	7.100674429707462	232	9985024	2.794564591930179	93052.78641401956	1098639360	1637837824	929302528	7260176.0	3072
qwen3	1	218	282	128	25058304	3538782	7.081052527584999	232	9985024	2.794564591930179	92756.55865605194	1095327744	1633432576	926850048	7241016.0	4096
qwen3	1	219	283	128	25085952	3538899	7.088631339283204	232	9985024	2.794564591930179	92875.22744980846	1096755200	1637037056	927153152	7243384.0	3072
qwen3	1	220	284	128	24928256	3539016	7.043838031931879	232	9985024	2.794564591930179	92194.99969184086	1084018688	1623464960	917144576	7165192.0	4096
qwen3	1	221	285	128	24999936	3539133	7.063859037304275	232	9985024	2.794564591930179	92503.46158904565	1088880640	1628681216	920638464	7192488.0	3072
qwen3	1	222	286	128	24990720	3539250	7.06102189923108	232	9985024	2.794564591930179	92463.23383107803	1096329216	1633482752	926913536	7241512.0	4096
qwen3	1	223	287	128	25168896	3539367	7.111130015107007	232	9985024	2.794564591930179	93230.73021104146	1106075648	1643098112	935962624	7312208.0	3072
qwen3	1	224	288	128	25037824	3539483	7.073863881240552	232	9985024	2.794564591930179	92665.2610737635	1090926592	1629896704	922679296	7208432.0	3072
qwen3	1	225	289	128	25088000	3539600	7.087805989682546	232	9985024	2.794564591930179	92881.0333157959	1099565056	1637428224	930266112	7267704.0	3072
qwen3	1	226	290	128	25040896	3539717	7.074264755544197	232	9985024	2.794564591930179	92677.49521300069	1091847168	1631321088	923835392	7217464.0	4096
qwen3	1	227	291	128	25049088	3539834	7.076345487036393	232	9985024	2.794564591930179	92712.3019377917	1094003712	1634138112	924972032	7226344.0	3072
qwen3	1	228	292	128	24896512	3539951	7.033010760588862	232	9985024	2.794564591930179	92054.14314534132	1081217024	1619907584	914549760	7144920.0	3072
qwen3	1	229	293	128	25282560	3540068	7.141829660208094	232	9985024	2.794564591930179	93717.63952530474	1116188672	1653677056	944858112	7381704.0	3072
qwen3	1	230	294	128	25064448	3540184	7.079983603271748	232	9985024	2.794564591930179	92776.99797423369	1104745472	1641021440	934882304	7303768.0	4096
qwen3	1	231	295	128	25097216	3540301	7.089005653372358	232	9985024	2.794564591930179	92917.73573350746	1103001600	1641136128	933594112	7293704.0	3072
qwen3	1	232	296	128	25022464	3540418	7.067657813893735	232	9985024	2.794564591930179	92595.02521691915	1089560576	1629095936	921136128	7196376.0	3072
qwen3	1	233	297	128	25097216	3540535	7.0885377702140735	232	9985024	2.794564591930179	92916.72849343429	1095642112	1634930688	926577664	7238888.0	4096
qwen3	1	234	298	128	25178112	3540652	7.111151622176791	232	9985024	2.794564591930179	93264.91452857014	1105673216	1644324864	937016320	7320440.0	4096
qwen3	1	235	299	128	25094144	3540769	7.087202340594164	232	9985024	2.794564591930179	92902.4798740508	1098818560	1638982656	929864704	7264568.0	3072
qwen3	1	236	300	128	24877056	3540886	7.025659523948567	232	9985024	2.794564591930179	91966.25211608318	1080376320	1619261440	913314816	7135272.0	3072
qwen3	1	237	301	128	25193472	3541002	7.114785452685162	232	9985024	2.794564591930179	93329.61056501212	1108933632	1645414400	938602496	7332832.0	3072
qwen3	1	238	302	128	24983552	3541119	7.055270005952129	232	9985024	2.794564591930179	92424.27935876865	1085975552	1624136704	917936128	7171376.0	4096
qwen3	1	239	303	128	25040896	3541236	7.071230439785056	232	9985024	2.794564591930179	92670.94815252518	1096386560	1636436992	927859712	7248904.0	3072
qwen3	1	240	304	128	25132032	3541353	7.096731936490187	232	9985024	2.794564591930179	93063.27211869549	1101564928	1640172544	933249024	7291008.0	3072
qwen3	1	241	305	128	25006080	3541470	7.060932906277765	232	9985024	2.794564591930179	92519.87194693477	1088611328	1626402816	920162304	7188768.0	3072
qwen3	1	242	306	128	25098240	3541587	7.086722196028857	232	9985024	2.794564591930179	92916.60970620853	1097259008	1637049344	928080896	7250632.0	4096
qwen3	1	243	307	128	25057280	3541703	7.074923350397363	232	9985024	2.794564591930179	92739.55436203402	1095501824	1633198080	927482880	7245960.0	4096
qwen3	1	244	308	128	25071616	3541820	7.0787375945313356	232	9985024	2.794564591930179	92800.84384544572	1095566336	1638216704	927451136	7245712.0	4096
qwen3	1	245	309	128	25104384	3541937	7.087755519119328	232	9985024	2.794564591930179	92941.58160471948	1102700544	1639789568	933705728	7294576.0	3072
qwen3	1	246	310	128	25089024	3542054	7.083185252064262	232	9985024	2.794564591930179	92874.87108813119	1098289152	1637539840	929878016	7264672.0	4096
qwen3	1	247	311	128	25065472	3542171	7.0763025803834765	232	9985024	2.794564591930179	92772.85022671531	1092606976	1631590400	924650496	7223832.0	3072
qwen3	1	248	312	128	25001984	3542288	7.0581462922399565	232	9985024	2.794564591930179	92498.69143426493	1087547392	1628459008	920232960	7189320.0	4096
qwen3	1	249	313	128	25175040	3542404	7.106766186100485	232	9985024	2.794564591930179	93244.1188487111	1103860736	1642864640	935266304	7306768.0	3072
qwen3	1	250	314	128	25119744	3542521	7.090922568164276	232	9985024	2.794564591930179	93005.27040108833	1095811072	1636178944	926375936	7237312.0	3072
qwen3	1	251	315	128	25070592	3542638	7.0768142960767	232	9985024	2.794564591930179	92792.90471208622	1096136704	1633144832	928408576	7253192.0	3072
qwen3	1	252	316	128	25248768	3542755	7.126873966802122	232	9985024	2.794564591930179	93560.40109204965	1110610944	1649841152	941309952	7353984.0	3072
qwen3	1	253	317	128	25054208	3542872	7.071723028622708	232	9985024	2.794564591930179	92721.27678235789	1094920192	1634463744	926773248	7240416.0	3072
qwen3	1	254	318	128	25036800	3542989	7.0665764529572845	232	9985024	2.794564591930179	92645.7386795627	1095486464	1634141184	927079424	7242808.0	3072
qwen3	1	255	319	128	24997888	3543105	7.055360964707986	232	9985024	2.794564591930179	92477.5109215951	1082629120	1623754752	914997248	7148416.0	3072
qwen3	1	256	320	128	25134080	3543222	7.0935656385900545	232	9985024	2.794564591930179	93064.04178431712	1100341248	1642813440	933079040	7289680.0	3072
qwen3	1	257	321	128	25161728	3543339	7.101134541187676	232	9985024	2.794564591930179	93182.71057807365	1100167168	1642273792	933490688	7292896.0	3072
qwen3	1	258	322	128	25072640	3543456	7.075758835705275	232	9985024	2.794564591930179	92798.20695803706	1092807680	1636104192	926513152	7238384.0	4096
qwen3	1	259	323	128	25221120	3543573	7.117426744529862	232	9985024	2.794564591930179	93437.70333800049	1105866752	1648408576	938414080	7331360.0	3072
qwen3	1	260	324	128	25086976	3543690	7.079337743571598	232	9985024	2.794564591930179	92858.99282141219	1097730048	1638430720	931427328	7276776.0	3072
qwen3	1	261	325	128	25183232	3543807	7.106266090564712	232	9985024	2.794564591930179	93273.38575309975	1099456512	1643134976	931736576	7279192.0	3072
qwen3	1	262	326	128	24996864	3543923	7.053443758696106	232	9985024	2.794564591930179	92469.57178823558	1089592320	1632008192	924477440	7222480.0	4096
qwen3	1	263	327	128	25302016	3544040	7.139314082060351	232	9985024	2.794564591930179	93784.3785130266	1115550720	1656547328	947189760	7399920.0	3072
qwen3	1	264	328	128	25137152	3544157	7.092561594736863	232	9985024	2.794564591930179	93073.25420333483	1093825536	1637727232	927448064	7245688.0	3072
qwen3	1	265	329	128	24975360	3544274	7.046678940057459	232	9985024	2.794564591930179	92375.37127295343	1083907072	1626758144	918789120	7178040.0	3072
qwen3	1	266	330	128	25037824	3544391	7.064069987557287	232	9985024	2.794564591930179	92644.1090322272	1083976704	1626150912	917816320	7170440.0	3072
qwen3	1	267	331	128	25053184	3544508	7.068170595314784	232	9985024	2.794564591930179	92709.81230874234	1088775168	1633860608	922738688	7208896.0	4096
qwen3	1	268	332	128	25031680	3544624	7.061870959144352	232	9985024	2.794564591930179	92616.61903353335	1091334144	1632990208	925374464	7229488.0	3072
qwen3	1	269	333	128	25147392	3544741	7.0942814751185574	232	9985024	2.794564591930179	93114.87403418642	1099277312	1642097664	931403776	7276592.0	3072
qwen3	1	270	334	128	24937472	3544858	7.034829477049054	232	9985024	2.794564591930179	92209.54282794296	1077464064	1620686848	912778240	7131080.0	4096
qwen3	1	271	335	128	25094144	3544975	7.078793131467092	232	9985024	2.794564591930179	92884.34955273397	1098293248	1639530496	931664896	7278632.0	3072
qwen3	1	272	336	128	25227264	3545092	7.1161103363381235	232	9985024	2.794564591930179	93457.63903614566	1108039680	1648738304	940225536	7345512.0	3072
qwen3	1	273	337	128	25104384	3545209	7.081214943770649	232	9985024	2.794564591930179	92927.48024369529	1094124544	1634996224	927183872	7243624.0	3072
qwen3	1	274	338	128	25134080	3545325	7.0893576749650995	232	9985024	2.794564591930179	93054.9766236587	1096946688	1640137728	929659904	7262968.0	3072
qwen3	1	275	339	128	25190400	3545442	7.105009228820594	232	9985024	2.794564591930179	93297.23162431178	1107173376	1646332928	939194368	7337456.0	3072
qwen3	1	276	340	128	25232384	3545559	7.116616383179775	232	9985024	2.794564591930179	93477.69352151659	1106477056	1649861632	938460160	7331720.0	3072
qwen3	1	277	341	128	24995840	3545676	7.049668498430696	232	9985024	2.794564591930179	92457.60369458345	1088246784	1630869504	922582016	7207672.0	3072
qwen3	1	278	342	128	25151488	3545793	7.093332730180485	232	9985024	2.794564591930179	93127.99662627102	1099595776	1641490432	932374528	7284176.0	3072
qwen3	1	279	343	128	25085952	3545910	7.074616860069373	232	9985024	2.794564591930179	92845.01024761375	1094387712	1637150720	928229376	7251792.0	3072
qwen3	1	280	344	128	25126912	3546026	7.085934712111229	232	9985024	2.794564591930179	93021.0583517151	1095091200	1638702080	928900096	7257032.0	3072
qwen3	1	281	345	128	25119744	3546143	7.083679890786588	232	9985024	2.794564591930179	92989.65817995438	1098537984	1639710720	931956736	7280912.0	3072
qwen3	1	282	346	128	25145344	3546260	7.090665374908509	232	9985024	2.794564591930179	93099.49938750402	1093715968	1637435392	926716928	7239976.0	4096
qwen3	1	283	347	128	25048064	3546377	7.063000952099687	232	9985024	2.794564591930179	92679.68542263984	1093613568	1635086336	927549440	7246480.0	3072
qwen3	1	284	348	128	25196544	3546494	7.104634962324502	232	9985024	2.794564591930179	93319.18180260327	1104800768	1646826496	936397824	7315608.0	3072
qwen3	1	285	349	128	25077760	3546611	7.070908648419754	232	9985024	2.794564591930179	92806.67818256668	1097309184	1637856256	931205120	7275040.0	3072
qwen3	1	286	350	128	25175040	3546728	7.098103812430594	232	9985024	2.794564591930179	93225.48490735769	1099949056	1643740160	932388864	7284288.0	4096
qwen3	1	287	351	128	25107456	3546844	7.078815302761148	232	9985024	2.794564591930179	92933.67094249354	1098934272	1640363008	931741696	7279232.0	3072
qwen3	1	288	352	128	25092096	3546961	7.074251653236795	232	9985024	2.794564591930179	92866.96042590523	1092637696	1635712000	926183424	7235808.0	4096
qwen3	1	289	353	128	25004032	3547078	7.049191433539318	232	9985024	2.794564591930179	92486.8705989721	1085657088	1629599744	920749056	7193352.0	3072
qwen3	1	290	354	128	25038848	3547195	7.058774322237023	232	9985024	2.794564591930179	92636.43594445275	1085592576	1629211648	919796736	7185912.0	3072
qwen3	1	291	355	128	25187328	3547312	7.1003988724131695	232	9985024	2.794564591930179	93275.93232441618	1105161216	1646615552	938493952	7331984.0	4096
qwen3	1	292	356	128	25159680	3547429	7.0923711956882824	232	9985024	2.794564591930179	93156.2562905865	1098810368	1641553920	931170304	7274768.0	3072
qwen3	1	293	357	128	25025536	3547545	7.054324417676535	232	9985024	2.794564591930179	92577.5457739982	1091702784	1633211392	925789184	7232728.0	3072
qwen3	1	294	358	128	25214976	3547662	7.10749063308611	232	9985024	2.794564591930179	93393.59387809955	1104795648	1647631360	937958400	7327800.0	3072
qwen3	1	295	359	128	25033728	3547779	7.056168824415745	232	9985024	2.794564591930179	92611.84887875263	1082313728	1625161728	916972544	7163848.0	3072
qwen3	1	296	360	128	25056256	3547896	7.062286128563197	232	9985024	2.794564591930179	92708.44870699191	1087222784	1629801472	921840640	7201880.0	3072
qwen3	1	297	361	128	25112576	3548013	7.0779272346212005	232	9985024	2.794564591930179	92950.70370764499	1096648704	1639293952	929898496	7264832.0	3072
qwen3	1	298	362	128	25046016	3548130	7.0589349790024345	232	9985024	2.794564591930179	92663.30353588428	1086234624	1628406784	920949760	7194920.0	4096
qwen3	1	299	363	128	25145344	3548246	7.086696082223617	232	9985024	2.794564591930179	93090.93784688217	1096639488	1642617856	930188288	7267096.0	3072
qwen3	1	300	364	128	24935424	3548363	7.027303062656104	232	9985024	2.794564591930179	92185.6066406387	1079047168	1623062528	915628032	7153344.0	3072
qwen3	1	301	365	128	25233408	3548480	7.1110467846626575	232	9985024	2.794564591930179	93469.51681370556	1104737280	1648563200	937351168	7323056.0	3072
qwen3	1	302	366	128	25006080	3548597	7.046751273634919	232	9985024	2.794564591930179	92489.15112470348	1080735744	1623284736	915502080	7152360.0	4096
qwen3	1	303	367	128	25074688	3548714	7.065852464340005	232	9985024	2.794564591930179	92784.37164259794	1097360384	1640048640	930714624	7271208.0	3072
qwen3	1	304	368	128	25127936	3548831	7.080624211008172	232	9985024	2.794564591930179	93013.38526394065	1098868736	1640306688	932060160	7281720.0	3072
qwen3	1	305	369	128	25099264	3548947	7.072312084834424	232	9985024	2.794564591930179	92889.29543700753	1094538240	1639420928	928587776	7254592.0	3072
qwen3	1	306	370	128	25183232	3549064	7.095738448837909	232	9985024	2.794564591930179	93250.7228514537	1104514048	1645249536	937354240	7323080.0	3072
qwen3	1	307	371	128	25071616	3549181	7.064056474708304	232	9985024	2.794564591930179	92769.11578314127	1086668800	1631949824	920144896	7188632.0	3072
qwen3	1	308	372	128	25036800	3549298	7.054014668270096	232	9985024	2.794564591930179	92618.54319758745	1090472960	1633035264	924922880	7225960.0	3072
qwen3	1	309	373	128	25157632	3549415	7.087825258507696	232	9985024	2.794564591930179	93138.86716375776	1098985472	1641048064	932274176	7283392.0	3072
qwen3	1	310	374	128	24992768	3549532	7.04114525776378	232	9985024	2.794564591930179	92427.74285406602	1080883200	1624458240	915916800	7155600.0	4096
qwen3	1	311	375	128	25081856	3549648	7.066011188492407	232	9985024	2.794564591930179	92811.23923402945	1095923712	1638275072	929615872	7262624.0	3072
qwen3	1	312	376	128	25078784	3549765	7.064913202764891	232	9985024	2.794564591930179	92797.49423468251	1093863424	1635907584	927358976	7244992.0	3072
qwen3	1	313	377	128	25101312	3549882	7.071026796266663	232	9985024	2.794564591930179	92894.0940629218	1093069824	1635755008	925987840	7234280.0	3072
qwen3	1	314	378	128	25305088	3549999	7.128195776121102	232	9985024	2.794564591930179	93771.93527047144	1115484160	1656459264	948412416	7409472.0	3072
qwen3	1	315	379	128	25109504	3550116	7.072868889557192	232	9985024	2.794564591930179	92928.39716767623	1089137664	1635156992	922699776	7208592.0	4096
qwen3	1	316	380	128	25061376	3550233	7.059079823569628	232	9985024	2.794564591930179	92720.44527177759	1092489216	1635332096	926361600	7237200.0	3072
qwen3	1	317	381	128	25064448	3550350	7.059712780454484	232	9985024	2.794564591930179	92733.18303105133	1097361408	1638773760	931359744	7276248.0	3072
qwen3	1	318	382	128	25189376	3550466	7.094666820589815	232	9985024	2.794564591930179	93271.16216963546	1103139840	1646633984	936404992	7315664.0	4096
qwen3	1	319	383	128	25051136	3550583	7.05549890610456	232	9985024	2.794564591930179	92674.79648063336	1094846464	1637285888	928211968	7251656.0	3072
qwen3	1	320	384	128	25041920	3550700	7.0526711923399885	232	9985024	2.794564591930179	92634.56872266575	1089116160	1631715328	920689664	7192888.0	3072
qwen3	1	321	385	128	25092096	3550817	7.0665699565988325	232	9985024	2.794564591930179	92850.34096469813	1094953984	1635046400	925498368	7230456.0	3072
qwen3	1	322	386	128	25069568	3550934	7.059993191528274	232	9985024	2.794564591930179	92752.73389638569	1092210688	1633195008	924078080	7219360.0	4096
qwen3	1	323	387	128	24980480	3551051	7.03467311043865	232	9985024	2.794564591930179	92368.23027634912	1082724352	1622383616	914270208	7142736.0	3072
qwen3	1	324	388	128	25141248	3551167	7.079713529865482	232	9985024	2.794564591930179	93060.69217355392	1098932224	1641159680	928973824	7257608.0	4096
qwen3	1	325	389	128	25085952	3551284	7.06390989697749	232	9985024	2.794564591930179	92821.84372593112	1100454912	1638695936	931021824	7273608.0	3072
qwen3	1	326	390	128	25155584	3551401	7.0832844063581435	232	9985024	2.794564591930179	93121.47803692904	1094854656	1637807104	925355008	7229336.0	3072
qwen3	1	327	391	128	24931328	3551518	7.019907671683419	232	9985024	2.794564591930179	92154.35372723729	1080806400	1621936128	913048576	7133192.0	3072
qwen3	1	328	392	128	25175040	3551635	7.088296402628425	232	9985024	2.794564591930179	93204.33286582139	1105500160	1644482560	934937600	7304200.0	3072
qwen3	1	329	393	128	25053184	3551752	7.053754517728494	232	9985024	2.794564591930179	92678.58786647447	1090008064	1631261696	922582016	7207672.0	3072
qwen3	1	330	394	128	25064448	3551868	7.056693770835322	232	9985024	2.794564591930179	92726.63597057584	1091182592	1631785984	921767936	7201312.0	4096
qwen3	1	331	395	128	25112576	3551985	7.070011251918343	232	9985024	2.794564591930179	92933.58062640131	1099824128	1641812992	929768448	7263816.0	4096
qwen3	1	332	396	128	24974336	3552102	7.03086089706456	232	9985024	2.794564591930179	92337.21493739923	1082193920	1622426624	914418688	7143896.0	4096
qwen3	1	333	397	128	25254912	3552219	7.109615759108933	232	9985024	2.794564591930179	93546.09062770745	1109084160	1648391168	938162176	7329392.0	3072
qwen3	1	334	398	128	25138176	3552336	7.07652015875565	232	9985024	2.794564591930179	93042.41459387778	1104746496	1644104704	935099392	7305464.0	4096
qwen3	1	335	399	128	25091072	3552453	7.063027841134398	232	9985024	2.794564591930179	92838.87649108258	1091303424	1632549888	921946112	7202704.0	3072
qwen3	1	336	400	128	25079808	3552569	7.059624883606469	232	9985024	2.794564591930179	92789.82114690807	1095122944	1635831808	926259200	7236400.0	4096
qwen3	1	337	401	128	25092096	3552686	7.0628514995869685	232	9985024	2.794564591930179	92842.28304411288	1095129088	1635321856	926252032	7236344.0	3072
qwen3	1	338	402	128	25194496	3552803	7.0914415375196285	232	9985024	2.794564591930179	93283.15873442111	1103134720	1643103232	934161408	7298136.0	3072
qwen3	1	339	403	128	25072640	3552920	7.056910908490573	232	9985024	2.794564591930179	92757.4137350742	1092603904	1635061760	923673600	7216200.0	3072
qwen3	1	340	404	128	24993792	3553037	7.034487125205837	232	9985024	2.794564591930179	92417.04804607212	1085746176	1625366528	918163456	7173152.0	3072
qwen3	1	341	405	128	25207808	3553154	7.094488495819368	232	9985024	2.794564591930179	93339.02718465621	1103046656	1643415552	933135360	7290120.0	3072
qwen3	1	342	406	128	25105408	3553271	7.065436691853981	232	9985024	2.794564591930179	92897.14425427481	1092324352	1634814976	923086848	7211616.0	4096
qwen3	1	343	407	128	25088000	3553387	7.060305383994938	232	9985024	2.794564591930179	92821.60615147962	1101950976	1640867840	932164608	7282536.0	3072
qwen3	1	344	408	128	25145344	3553504	7.07621055016488	232	9985024	2.794564591930179	93068.27494523613	1095949312	1636233216	926800896	7240632.0	3072
qwen3	1	345	409	128	25218048	3553621	7.0964370221405035	232	9985024	2.794564591930179	93381.15063554439	1104678912	1643857920	935432192	7308064.0	3072
qwen3	1	346	410	128	25155584	3553738	7.078626719708865	232	9985024	2.794564591930179	93111.40563619747	1097454592	1639809024	928098304	7250768.0	4096
qwen3	1	347	411	128	25056256	3553855	7.050444626399161	232	9985024	2.794564591930179	92682.7640851264	1091407872	1631784960	923368448	7213816.0	4096
qwen3	1	348	412	128	25178112	3553972	7.084500111836429	232	9985024	2.794564591930179	93207.50184440018	1099749376	1642272768	930109440	7266480.0	3072
qwen3	1	349	413	128	25051136	3554088	7.048540468432503	232	9985024	2.794564591930179	92659.687879536	1093225472	1631572992	924582912	7223304.0	3072
qwen3	1	350	414	128	25102336	3554205	7.062714227692512	232	9985024	2.794564591930179	92879.87391467184	1092265984	1634473984	923034624	7211208.0	4096
qwen3	1	351	415	128	25030656	3554322	7.042315061665688	232	9985024	2.794564591930179	92570.40477739388	1094396928	1634638848	925993984	7234328.0	3072
qwen3	1	352	416	128	25150464	3554439	7.075790155560527	232	9985024	2.794564591930179	93086.31495046074	1101548544	1642183680	932281344	7283448.0	3072
qwen3	1	353	417	128	25145344	3554556	7.074117166126055	232	9985024	2.794564591930179	93063.74236490692	1097353216	1637889024	927503360	7246120.0	3072
qwen3	1	354	418	128	25137152	3554673	7.071580072063026	232	9985024	2.794564591930179	93027.92840004276	1099243520	1640128512	929446912	7261304.0	4096
qwen3	1	355	419	128	25102336	3554789	7.061553531016054	232	9985024	2.794564591930179	92877.35581448894	1095708672	1637669888	927330304	7244768.0	3072
qwen3	1	356	420	128	24987648	3554906	7.0290595462545555	232	9985024	2.794564591930179	92382.50736686616	1086116864	1627542528	919045120	7180040.0	3072
qwen3	1	357	421	128	25181184	3555023	7.0832686803897085	232	9985024	2.794564591930179	93216.2106433813	1104557056	1644913664	934660096	7302032.0	4096
qwen3	1	358	422	128	25012224	3555140	7.035510333476714	232	9985024	2.794564591930179	92487.43116127576	1091521536	1633805312	923652096	7216032.0	4096
qwen3	1	359	423	128	25255936	3555257	7.103828878377853	232	9985024	2.794564591930179	93537.41029985988	1109910528	1649454080	940254208	7345736.0	3072
qwen3	1	360	424	128	25191424	3555374	7.085450497730109	232	9985024	2.794564591930179	93258.83771430605	1103836160	1641955328	933403648	7292216.0	3072
qwen3	1	361	425	128	25145344	3555490	7.072257419843153	232	9985024	2.794564591930179	93059.7134046143	1099787264	1641094144	930135040	7266680.0	3072
qwen3	1	362	426	128	25125888	3555607	7.066553099989163	232	9985024	2.794564591930179	92975.34771561221	1098472448	1636867072	929465344	7261448.0	3072
qwen3	1	363	427	128	25186304	3555724	7.083312089764623	232	9985024	2.794564591930179	93235.25788867907	1100692480	1642253312	930551808	7269936.0	3072
qwen3	1	364	428	128	25102336	3555841	7.059465238097005	232	9985024	2.794564591930179	92872.82323415975	1096601600	1635921920	928361472	7252824.0	4096
qwen3	1	365	429	128	25189376	3555958	7.0837105123098985	232	9985024	2.794564591930179	93247.49202791628	1101329408	1641605120	931001344	7273448.0	4096
qwen3	1	366	430	128	24942592	3556075	7.0140798995438	232	9985024	2.794564591930179	92183.26426994865	1078691840	1619741696	911037440	7117480.0	3072
qwen3	1	367	431	128	25109504	3556192	7.0607850543709585	232	9985024	2.794564591930179	92902.20892577415	1097827328	1638944768	928356352	7252784.0	3072
qwen3	1	368	432	128	25244672	3556308	7.0985610301869215	232	9985024	2.794564591930179	93484.32599539273	1109033984	1647057920	938605568	7332856.0	4096
qwen3	1	369	433	128	25123840	3556425	7.064352130055918	232	9985024	2.794564591930179	92962.99478914926	1095745536	1638061056	926825472	7240824.0	3072
qwen3	1	370	434	128	25151488	3556542	7.071893894443823	232	9985024	2.794564591930179	93081.66358290579	1100491776	1638970368	930764800	7271600.0	4096
qwen3	1	371	435	128	25126912	3556659	7.064751719777465	232	9985024	2.794564591930179	92975.22892838644	1100124160	1642074112	930140160	7266720.0	3072
qwen3	1	372	436	128	24929280	3556776	7.0089547115679265	232	9985024	2.794564591930179	92122.86323938436	1081973760	1623394304	914795520	7146840.0	4096
qwen3	1	373	437	128	25226240	3556893	7.092213080806233	232	9985024	2.794564591930179	93402.35961934776	1106700288	1645923328	936039424	7312808.0	3072
qwen3	1	374	438	128	25114624	3557009	7.06060094819735	232	9985024	2.794564591930179	92920.75255103533	1095968768	1634844672	925522944	7230648.0	4096
qwen3	1	375	439	128	25070592	3557126	7.047990499082667	232	9985024	2.794564591930179	92730.45582755048	1100045312	1639694336	930837504	7272168.0	3072
qwen3	1	376	440	128	25153536	3557243	7.0710759368303115	232	9985024	2.794564591930179	93087.4694488932	1101100032	1639428096	930213888	7267296.0	3072
qwen3	1	377	441	128	25152512	3557360	7.070555836677756	232	9985024	2.794564591930179	93082.55203575318	1097749504	1639143424	928465920	7253640.0	3072
qwen3	1	378	442	128	25123840	3557477	7.062263970110499	232	9985024	2.794564591930179	92958.46220882006	1096914944	1636412416	927794176	7248392.0	4096
qwen3	1	379	443	128	25110528	3557594	7.058290173378118	232	9985024	2.794564591930179	92900.57927843864	1094363136	1638974464	925262848	7228616.0	4096
qwen3	1	380	444	128	25105408	3557710	7.056619242131022	232	9985024	2.794564591930179	92878.00669288482	1101902848	1641017344	932227072	7283024.0	3072
qwen3	1	381	445	128	25072640	3557827	7.047177385736002	232	9985024	2.794564591930179	92736.2616935379	1097652224	1636056064	927824896	7248632.0	4096
qwen3	1	382	446	128	25213952	3557944	7.086663280918543	232	9985024	2.794564591930179	93344.86152177719	1104464896	1644874752	934391808	7299936.0	4096
qwen3	1	383	447	128	25081856	3558061	7.049304729194876	232	9985024	2.794564591930179	92774.97859139579	1096923136	1636454400	926884864	7241288.0	3072
qwen3	1	384	448	128	25099264	3558178	7.053965643068415	232	9985024	2.794564591930179	92849.50945411781	1091255296	1636917248	924868608	7225536.0	3072
qwen3	1	385	449	128	25129984	3558295	7.062367368808721	232	9985024	2.794564591930179	92981.41962718469	1097527296	1638835200	929709056	7263352.0	3072
qwen3	1	386	450	128	25157632	3558411	7.069905236244691	232	9985024	2.794564591930179	93100.08842094122	1091286016	1638127616	924049408	7219136.0	4096
qwen3	1	387	451	128	25291776	3558528	7.1073695869882805	232	9985024	2.794564591930179	93677.79169745636	1109685248	1652288512	940639232	7348744.0	3072
qwen3	1	388	452	128	24954880	3558645	7.012466496562542	232	9985024	2.794564591930179	92225.1501463853	1079170048	1622555648	913778688	7138896.0	3072
qwen3	1	389	453	128	25188352	3558762	7.077841102701464	232	9985024	2.794564591930179	93230.99135393492	1096727552	1641829376	929265664	7259888.0	3072
qwen3	1	390	454	128	25131008	3558879	7.061495793854619	232	9985024	2.794564591930179	92983.31532010525	1100357632	1642439680	932658176	7286392.0	4096
qwen3	1	391	455	128	25075712	3558996	7.0457270014601905	232	9985024	2.794564591930179	92744.46687248246	1092340736	1634158592	923777024	7217008.0	3072
qwen3	1	392	456	128	25132032	3559113	7.0613198712916745	232	9985024	2.794564591930179	92986.72187313552	1092737024	1638518784	925893632	7233544.0	3072
qwen3	1	393	457	128	25024512	3559229	7.030879280808595	232	9985024	2.794564591930179	92522.7699772369	1087474688	1629929472	921226240	7197080.0	3072
qwen3	1	394	458	128	25051136	3559346	7.038128509077797	232	9985024	2.794564591930179	92637.02497788997	1083751424	1629209600	917142528	7165176.0	4096
qwen3	1	395	459	128	25126912	3559463	7.059186085792106	232	9985024	2.794564591930179	92963.14204750856	1093550080	1639002112	926208000	7236000.0	3072
qwen3	1	396	460	128	24934400	3559580	7.004871587877102	232	9985024	2.794564591930179	92132.84532402371	1075873792	1620660224	910462976	7112992.0	3072
qwen3	1	397	461	128	25089024	3559697	7.048079075413572	232	9985024	2.794564591930179	92798.82446260782	1088744448	1635331072	922002432	7203144.0	3072
qwen3	1	398	462	128	25138176	3559814	7.061655208723008	232	9985024	2.794564591930179	93010.18291153676	1100143616	1643296768	931641344	7278448.0	4096
qwen3	1	399	463	128	25197568	3559930	7.078106911599959	232	9985024	2.794564591930179	93265.67929150019	1104495616	1644623872	934886400	7303800.0	3072
qwen3	1	400	464	128	25064448	3560047	7.040481847731333	232	9985024	2.794564591930179	92691.38256801531	1089778688	1635678208	923823104	7217368.0	3072
qwen3	1	401	465	128	25153536	3560164	7.0652743542235505	232	9985024	2.794564591930179	93074.87894797874	1097864192	1641547776	930519040	7269680.0	3072
qwen3	1	402	466	128	25187328	3560281	7.074533874783705	232	9985024	2.794564591930179	93220.03050035596	1101319168	1644018688	933318656	7291552.0	4096
qwen3	1	403	467	128	25112576	3560398	7.0533063062700965	232	9985024	2.794564591930179	92897.31998376765	1092093952	1639743488	925266944	7228648.0	3072
qwen3	1	404	468	128	24914944	3560515	6.997568265752387	232	9985024	2.794564591930179	92044.95429476556	1073079296	1619397632	909308928	7103976.0	4096
qwen3	1	405	469	128	25206784	3560631	7.079301635185598	232	9985024	2.794564591930179	93302.38170921172	1101394944	1646481408	933593088	7293696.0	4096
qwen3	1	406	470	128	25050112	3560748	7.035069599669745	232	9985024	2.794564591930179	92626.56774434757	1091299328	1634275328	923966464	7218488.0	3072
qwen3	1	407	471	128	25160704	3560865	7.0658963846608245	232	9985024	2.794564591930179	93102.7537794834	1098336256	1642091520	930450432	7269144.0	3072
qwen3	1	408	472	128	25088000	3560982	7.04524770431736	232	9985024	2.794564591930179	92788.870849102	1091796992	1635140608	924393472	7221824.0	3072
qwen3	1	409	473	128	25101312	3561099	7.048754721397498	232	9985024	2.794564591930179	92845.74653941025	1091807232	1636929536	924602368	7223456.0	3072
qwen3	1	410	474	128	25294848	3561216	7.10286894639847	232	9985024	2.794564591930179	93679.4498159254	1112084480	1653989376	942822400	7365800.0	4096
qwen3	1	411	475	128	25177088	3561332	7.069569640952415	232	9985024	2.794564591930179	93171.35998899226	1095901184	1642715136	928446464	7253488.0	3072
qwen3	1	412	476	128	25074688	3561449	7.0405853713191515	232	9985024	2.794564591930179	92729.47705861086	1091569664	1634203648	924030976	7218992.0	3072
qwen3	1	413	477	128	25077760	3561566	7.041216941524361	232	9985024	2.794564591930179	92742.21481788464	1092625408	1636103168	925875200	7233400.0	3072
qwen3	1	414	478	128	25025536	3561683	7.026323225635176	232	9985024	2.794564591930179	92516.60774957218	1083462656	1629109248	916891648	7163216.0	4096
qwen3	1	415	479	128	25088000	3561800	7.043629938026177	232	9985024	2.794564591930179	92785.34550884596	1092703232	1636358144	926188544	7235848.0	4096
qwen3	1	416	480	128	25140224	3561917	7.058060658320096	232	9985024	2.794564591930179	93009.94533708523	1093219328	1636618240	925739008	7232336.0	3072
qwen3	1	417	481	128	25291776	3562034	7.100375627100199	232	9985024	2.794564591930179	93662.683096359	1112375296	1652710400	942606336	7364112.0	3072
qwen3	1	418	482	128	25158656	3562150	7.062772046897505	232	9985024	2.794564591930179	93088.38637287416	1097246720	1642806272	929696768	7263256.0	4096
qwen3	1	419	483	128	25091072	3562267	7.043568205818406	232	9985024	2.794564591930179	92796.57240800998	1090438144	1634443264	924179456	7220152.0	3072
qwen3	1	420	484	128	25198592	3562384	7.073519224384721	232	9985024	2.794564591930179	93259.51706383548	1098769408	1643463680	931063808	7273936.0	3072
qwen3	1	421	485	128	25090048	3562501	7.042818749474928	232	9985024	2.794564591930179	92791.15137483337	1090732032	1635908608	925119488	7227496.0	3072
qwen3	1	422	486	128	25202688	3562618	7.074204973562017	232	9985024	2.794564591930179	93276.16499617611	1102005248	1646949376	934482944	7300648.0	4096
qwen3	1	423	487	128	24972288	3562735	7.00930354880094	232	9985024	2.794564591930179	92282.55792786367	1074635776	1621775360	910333952	7111984.0	3072
qwen3	1	424	488	128	25123840	3562851	7.051610402802948	232	9985024	2.794564591930179	92935.29568713743	1094702080	1638525952	928121856	7250952.0	4096
qwen3	1	425	489	128	25193472	3562968	7.070922416344948	232	9985024	2.794564591930179	93234.92999813534	1101806592	1644221440	933711872	7294624.0	3072
qwen3	1	426	490	128	25145344	3563085	7.057183152644874	232	9985024	2.794564591930179	93026.9781022367	1094926336	1641069568	927572992	7246664.0	4096
qwen3	1	427	491	128	25149440	3563202	7.05810127063623	232	9985024	2.794564591930179	93044.1296546139	1099035648	1641063424	931132416	7274472.0	3072
qwen3	1	428	492	128	25080832	3563319	7.038615877338581	232	9985024	2.794564591930179	92747.90189664629	1085402112	1632058368	918867968	7178656.0	3072
qwen3	1	429	493	128	25068544	3563436	7.034936733870042	232	9985024	2.794564591930179	92694.43275936834	1093195776	1637339136	926871552	7241184.0	3072
qwen3	1	430	494	128	25272320	3563552	7.091889463623168	232	9985024	2.794564591930179	93572.27396691796	1109399552	1651259392	940866560	7350520.0	4096
qwen3	1	431	495	128	25150464	3563669	7.0574629762958105	232	9985024	2.794564591930179	93046.52896757104	1096593408	1640704000	929344512	7260504.0	3072
qwen3	1	432	496	128	25032704	3563786	7.024188085790949	232	9985024	2.794564591930179	92538.4391406379	1083841536	1628833792	918416384	7175128.0	3072
qwen3	1	433	497	128	25272320	3563903	7.091191957013231	232	9985024	2.794564591930179	93570.76310680823	1108887552	1651066880	940958720	7351240.0	3072
qwen3	1	434	498	128	25181184	3564020	7.065388359115747	232	9985024	2.794564591930179	93177.43190056476	1098674176	1644456960	930962432	7273144.0	4096
qwen3	1	435	499	128	25091072	3564137	7.0398737596157135	232	9985024	2.794564591930179	92788.51448742472	1092845568	1635449856	926014464	7234488.0	4096
qwen3	1	436	500	128	25218048	3564253	7.075267836655443	232	9985024	2.794564591930179	93335.32121221573	1101216768	1646448640	932766720	7287240.0	3072
qwen3	1	437	501	128	25096192	3564370	7.04084866517336	232	9985024	2.794564591930179	92809.57621286881	1090177024	1633467392	923019264	7211088.0	3072
qwen3	1	438	502	128	25150464	3564487	7.055843626841786	232	9985024	2.794564591930179	93043.00362731499	1101862912	1645378560	934201344	7298448.0	4096
qwen3	1	439	503	128	25079808	3564604	7.035790795241372	232	9985024	2.794564591930179	92737.94828314049	1088825344	1633462272	921675776	7200592.0	3072
qwen3	1	440	504	128	25104384	3564721	7.042454413613734	232	9985024	2.794564591930179	92843.37569758666	1093816320	1636304896	926183424	7235808.0	4096
qwen3	1	441	505	128	25135104	3564838	7.050841095811854	232	9985024	2.794564591930179	92975.28587065353	1095274496	1640767488	927773696	7248232.0	3072
qwen3	1	442	506	128	25193472	3564955	7.066982726934054	232	9985024	2.794564591930179	93226.36845751351	1102025728	1644155904	934055936	7297312.0	4096
qwen3	1	443	507	128	25075712	3565071	7.033719520312743	232	9985024	2.794564591930179	92718.27863058037	1081658368	1630101504	916348928	7158976.0	3072
qwen3	1	444	508	128	25063424	3565188	7.030042345926256	232	9985024	2.794564591930179	92664.80949330241	1083540480	1628773376	918365184	7174728.0	3072
qwen3	1	445	509	128	24986624	3565305	7.008271028109617	232	9985024	2.794564591930179	92333.27139050722	1083817984	1631202304	919322624	7182208.0	3072
qwen3	1	446	510	128	25063424	3565422	7.029581593111679	232	9985024	2.794564591930179	92663.80225322925	1083852800	1630769152	918194176	7173392.0	3072
qwen3	1	447	511	128	25016320	3565539	7.016140332463344	232	9985024	2.794564591930179	92460.26415043406	1086946304	1632718848	921562112	7199704.0	3072
qwen3	1	448	512	128	25114624	3565656	7.043480111550151	232	9985024	2.794564591930179	92883.48466832851	1092945920	1635632128	923827200	7217400.0	3072
qwen3	1	449	513	128	25166848	3565772	7.057895232632229	232	9985024	2.794564591930179	93108.0844965678	1096381440	1639886848	927065088	7242696.0	3072
qwen3	1	450	514	128	25081856	3565889	7.033829245801309	232	9985024	2.794564591930179	92741.23604894502	1090153472	1631600640	921318400	7197800.0	3072
qwen3	1	451	515	128	25018368	3566006	7.015795111769042	232	9985024	2.794564591930179	92467.07725649464	1079078912	1623583744	911687680	7122560.0	3072
qwen3	1	452	516	128	25264128	3566123	7.084480426691782	232	9985024	2.794564591930179	93525.88398128565	1107128320	1650651136	936289280	7314760.0	3072
qwen3	1	453	517	128	25034752	3566240	7.019929592940328	232	9985024	2.794564591930179	92536.69070607665	1090245632	1632270336	921840640	7201880.0	3072
qwen3	1	454	518	128	25104384	3566357	7.039224296270446	232	9985024	2.794564591930179	92836.32501707456	1092410368	1635315712	922516480	7207160.0	4096
qwen3	1	455	519	128	25135104	3566473	7.047607237749534	232	9985024	2.794564591930179	92968.23519014144	1092442112	1635418112	923324416	7213472.0	3072
qwen3	1	456	520	128	25066496	3566590	7.028140061540872	232	9985024	2.794564591930179	92672.0074321738	1095262208	1637991424	926347264	7237088.0	3072
qwen3	1	457	521	128	25295872	3566707	7.09222012917004	232	9985024	2.794564591930179	93660.19346730965	1111511040	1652436992	940909568	7350856.0	3072
qwen3	1	458	522	128	24995840	3566824	7.007870394592565	232	9985024	2.794564591930179	92366.44846796273	1080629248	1626839040	913735680	7138560.0	4096
qwen3	1	459	523	128	25095168	3566941	7.0354876742556325	232	9985024	2.794564591930179	92794.08277896063	1085877248	1633099776	918404096	7175032.0	4096
qwen3	1	460	524	128	24938496	3567058	6.991335310760625	232	9985024	2.794564591930179	92118.26881409647	1076715520	1619637248	909241344	7103448.0	3072
qwen3	1	461	525	128	25248768	3567174	7.078086081044569	232	9985024	2.794564591930179	93455.14450440473	1106794496	1648839680	936289280	7314760.0	4096
qwen3	1	462	526	128	25036800	3567291	7.018434377910359	232	9985024	2.794564591930179	92540.98571195434	1089862656	1634183168	922319872	7205624.0	4096
qwen3	1	463	527	128	25169920	3567408	7.0555201167589665	232	9985024	2.794564591930179	93114.27519536605	1098798080	1640903680	929013760	7257920.0	4096
qwen3	1	464	528	128	25142272	3567525	7.047539131076976	232	9985024	2.794564591930179	92994.59916153635	1099083776	1642424320	929862656	7264552.0	3072
qwen3	1	465	529	128	25165824	3567642	7.053909884546887	232	9985024	2.794564591930179	93095.61278287909	1102473216	1643347968	931964928	7280976.0	4096
qwen3	1	466	530	128	25303040	3567759	7.092138877786642	232	9985024	2.794564591930179	93686.55743870459	1113341952	1654427648	943104000	7368000.0	4096
qwen3	1	467	531	128	25125888	3567876	7.042254669738996	232	9985024	2.794564591930179	92922.46761177144	1087655936	1634852864	919721984	7185328.0	4096
qwen3	1	468	532	128	24998912	3567992	7.006436539179299	232	9985024	2.794564591930179	92374.65364690729	1083569152	1626481664	916488192	7160064.0	3072
qwen3	1	469	533	128	25231360	3568109	7.071353097624603	232	9985024	2.794564591930179	93376.08106135346	1102457856	1644831744	933101568	7289856.0	3072
qwen3	1	470	534	128	25129984	3568226	7.0427107933362185	232	9985024	2.794564591930179	92938.6119240755	1092754432	1637280768	924423168	7222056.0	4096
qwen3	1	471	535	128	25062400	3568343	7.023540306730026	232	9985024	2.794564591930179	92646.79795921134	1090813952	1635376128	922759168	7209056.0	3072
qwen3	1	472	536	128	25059328	3568460	7.022449463705862	232	9985024	2.794564591930179	92633.0529598644	1086678016	1632054272	919493632	7183544.0	3072
qwen3	1	473	537	128	25151488	3568577	7.0480449628378	232	9985024	2.794564591930179	93029.79071913818	1098374144	1639217152	928024576	7250192.0	3072
qwen3	1	474	538	128	25031680	3568693	7.014242257135507	232	9985024	2.794564591930179	92512.87330599816	1079948288	1627718656	913283072	7135024.0	4096
qwen3	1	475	539	128	25299968	3568810	7.0891883706987695	232	9985024	2.794564591930179	93668.78347906502	1114036224	1653525504	943486976	7370992.0	3072
qwen3	1	476	540	128	25183232	3568927	7.056247294207116	232	9985024	2.794564591930179	93165.10744523535	1095014400	1640470528	925507584	7230528.0	3072
qwen3	1	477	541	128	25073664	3569044	7.025316755505578	232	9985024	2.794564591930179	92692.3279631298	1090929664	1634352128	923166720	7212240.0	3072
qwen3	1	478	542	128	25175040	3569161	7.053490090928208	232	9985024	2.794564591930179	93128.7898603346	1098050560	1640583168	927672320	7247440.0	4096
qwen3	1	479	543	128	25061376	3569278	7.021414096345415	232	9985024	2.794564591930179	92638.35520581527	1089874944	1634044928	922161152	7204384.0	3072
qwen3	1	480	544	128	25078784	3569394	7.0260612765201955	232	9985024	2.794564591930179	92712.88606853731	1091358720	1634354176	922877952	7209984.0	3072
qwen3	1	481	545	128	25069568	3569511	7.023249428294955	232	9985024	2.794564591930179	92672.65831056969	1086749696	1632155648	919209984	7181328.0	3072
qwen3	1	482	546	128	25054208	3569628	7.018716576442513	232	9985024	2.794564591930179	92605.9477939814	1084075008	1630595072	916340736	7158912.0	3072
qwen3	1	483	547	128	25187328	3569745	7.055778029294399	232	9985024	2.794564591930179	93179.23727739308	1104360448	1643793408	933904384	7296128.0	4096
qwen3	1	484	548	128	25217024	3569862	7.06386562642012	232	9985024	2.794564591930179	93306.73365735651	1103995904	1646951424	932915200	7288400.0	3072
qwen3	1	485	549	128	25058304	3569979	7.019174787212057	232	9985024	2.794564591930179	92622.09210628545	1093014528	1635533824	924453888	7222296.0	3072
qwen3	1	486	550	128	25211904	3570095	7.061969127563529	232	9985024	2.794564591930179	93283.6574517661	1099498496	1643554816	930156544	7266848.0	4096
qwen3	1	487	551	128	24972288	3570212	6.994622679101778	232	9985024	2.794564591930179	92250.32624552264	1080078336	1624317952	912503808	7128936.0	3072
qwen3	1	488	552	128	25107456	3570329	7.032252472789726	232	9985024	2.794564591930179	92832.44331514122	1092915200	1636685824	924989440	7226480.0	3072
qwen3	1	489	553	128	25105408	3570446	7.031448750419781	232	9985024	2.794564591930179	92823.11210889775	1092105216	1635507200	923798528	7217176.0	3072
qwen3	1	490	554	128	25068544	3570563	7.0208942369733744	232	9985024	2.794564591930179	92663.71193713705	1082775552	1630094336	915123200	7149400.0	4096
qwen3	1	491	555	128	25200640	3570680	7.057659136627676	232	9985024	2.794564591930179	93232.58762744529	1103803392	1644594176	934470656	7300552.0	4096
qwen3	1	492	556	128	25266176	3570797	7.075781531446169	232	9985024	2.794564591930179	93514.5667660294	1107911680	1650434048	936954880	7319960.0	4096
qwen3	1	493	557	128	25060352	3570913	7.017910977618658	232	9985024	2.794564591930179	92626.89073219972	1092398080	1635875840	923917312	7218104.0	3072
qwen3	1	494	558	128	25180160	3571030	7.0512313423354325	232	9985024	2.794564591930179	93142.80090526659	1098766336	1642396672	930394112	7268704.0	4096
qwen3	1	495	559	128	25049088	3571147	7.014297588642272	232	9985024	2.794564591930179	92577.33176798864	1084997632	1630120960	917815296	7170432.0	3072
qwen3	1	496	560	128	25051136	3571264	7.014641570654617	232	9985024	2.794564591930179	92585.65573415894	1083470848	1630469120	916529152	7160384.0	3072
qwen3	1	497	561	128	25170944	3571381	7.047958772045216	232	9985024	2.794564591930179	93101.56590722581	1096785920	1642260480	928768000	7256000.0	3072
qwen3	1	498	562	128	25053184	3571498	7.014756038235162	232	9985024	2.794564591930179	92593.47608029269	1086409728	1630373888	919193600	7181200.0	4096
qwen3	1	499	563	128	25176064	3571614	7.048931171288638	232	9985024	2.794564591930179	93122.6276326699	1095910400	1642463232	927149056	7243352.0	3072
qwen3	1	500	564	128	24982528	3571731	6.994515095838106	232	9985024	2.794564591930179	92287.9171160816	1080126464	1625138176	913974272	7140424.0	3072
qwen3	1	501	565	128	25230336	3571848	7.063664386947461	232	9985024	2.794564591930179	93355.5514270795	1101730816	1646729216	932536320	7285440.0	3072
qwen3	1	502	566	128	25142272	3571965	7.038779115186089	232	9985024	2.794564591930179	92975.46160014637	1089818624	1635960832	920983552	7195184.0	4096
qwen3	1	503	567	128	25106432	3572082	7.028515517523587	232	9985024	2.794564591930179	92820.4752214891	1091171328	1636208640	922930176	7210392.0	3072
qwen3	1	504	568	128	25089024	3572199	7.0234124387790215	232	9985024	2.794564591930179	92744.9371186939	1087138816	1630116864	918827008	7178336.0	3072
qwen3	1	505	569	128	25163776	3572315	7.044108087592358	232	9985024	2.794564591930179	93066.64039520905	1092971520	1639411712	924380160	7221720.0	3072
qwen3	1	506	570	128	25153536	3572432	7.041011308789782	232	9985024	2.794564591930179	93021.998844138	1096572928	1639376896	927768576	7248192.0	4096
qwen3	1	507	571	128	25210880	3572549	7.056832317150112	232	9985024	2.794564591930179	93268.66763789451	1096081408	1642726400	926881792	7241264.0	3072
qwen3	1	508	572	128	25188352	3572666	7.05029587641942	232	9985024	2.794564591930179	93171.06056958207	1101195264	1644010496	931537920	7277640.0	4096
qwen3	1	509	573	128	25060352	3572783	7.01423889698443	232	9985024	2.794564591930179	92618.83281161447	1086300160	1632121856	919115776	7180592.0	3072
qwen3	1	510	574	128	25228288	3572900	7.061012239314351	232	9985024	2.794564591930179	93342.19126054339	1101179904	1646316544	932145152	7282384.0	3072
qwen3	1	511	575	128	25089024	3573016	7.021804749262662	232	9985024	2.794564591930179	92741.41177843786	1087260672	1634801664	920325120	7190040.0	4096
qwen3	1	512	576	128	25089024	3573133	7.02157513941258	232	9985024	2.794564591930179	92740.90815840127	1085471744	1633893376	919173120	7181040.0	3072
qwen3	1	513	577	128	25166848	3573250	7.043125156079363	232	9985024	2.794564591930179	93075.85281422676	1091194880	1639669760	924169216	7220072.0	4096
qwen3	1	514	578	128	25222144	3573367	7.05836934524965	232	9985024	2.794564591930179	93313.6940217764	1099311104	1645184000	931219456	7275152.0	4096
qwen3	1	515	579	128	25101312	3573484	7.024325061099657	232	9985024	2.794564591930179	92792.36281553292	1081495552	1629762560	915273728	7150576.0	3072
qwen3	1	516	580	128	25401344	3573601	7.108053296802351	232	9985024	2.794564591930179	94085.10057480668	1113594880	1660163072	943919104	7374368.0	3072
qwen3	1	517	581	128	25154560	3573718	7.03876564230243	232	9985024	2.794564591930179	93020.87281683907	1101175808	1646328832	932866048	7288016.0	3072
qwen3	1	518	582	128	25356288	3573834	7.094981340126944	232	9985024	2.794564591930179	93889.8864381818	1112012800	1655976960	941731840	7357280.0	3072
qwen3	1	519	583	128	25106432	3573951	7.024839090419271	232	9985024	2.794564591930179	92812.41730090385	1091571712	1638136832	924484608	7222536.0	3072
qwen3	1	520	584	128	25126912	3574068	7.030339606559929	232	9985024	2.794564591930179	92900.18954293622	1089748992	1636931584	922370048	7206016.0	3072
qwen3	1	521	585	128	25166848	3574185	7.041283242005001	232	9985024	2.794564591930179	93071.82385393414	1092128768	1641819136	926057472	7234824.0	3072
qwen3	1	522	586	128	25233408	3574302	7.059674889645536	232	9985024	2.794564591930179	93358.2167856217	1100107776	1645514752	931289088	7275696.0	4096
qwen3	1	523	587	128	25245696	3574419	7.062881886394614	232	9985024	2.794564591930179	93410.67868282649	1103509504	1646791680	934207488	7298496.0	3072
qwen3	1	524	588	128	25300992	3574535	7.078120446956219	232	9985024	2.794564591930179	93648.51989037612	1103508480	1651345408	934876160	7303720.0	3072
qwen3	1	525	589	128	25096192	3574652	7.020596807295185	232	9985024	2.794564591930179	92765.2576496499	1088187392	1634999296	921310208	7197736.0	3072
qwen3	1	526	590	128	25201664	3574769	7.049871905245871	232	9985024	2.794564591930179	93219.37471926848	1097219072	1642836992	928350208	7252736.0	3072
qwen3	1	527	591	128	25158656	3574886	7.0376108968863536	232	9985024	2.794564591930179	93033.49178888708	1088969728	1636366336	922686464	7208488.0	3072
qwen3	1	528	592	128	25180160	3575003	7.043395990796849	232	9985024	2.794564591930179	93125.6778240229	1085535232	1636420608	919952384	7187128.0	3072
qwen3	1	529	593	128	25260032	3575120	7.065506873749815	232	9985024	2.794564591930179	93469.4500660553	1104676864	1648726016	935396352	7307784.0	3072
qwen3	1	530	594	128	25273344	3575236	7.068999360893251	232	9985024	2.794564591930179	93526.32575636356	1105772544	1650242560	936644608	7317536.0	4096
qwen3	1	531	595	128	25198592	3575353	7.047860766962575	232	9985024	2.794564591930179	93203.61523977524	1092825088	1641790464	924533760	7222920.0	3072
qwen3	1	532	596	128	25085952	3575470	7.016126906050069	232	9985024	2.794564591930179	92717.59437835935	1087804416	1632893952	920556544	7191848.0	3072
qwen3	1	533	597	128	25167872	3575587	7.038808563093777	232	9985024	2.794564591930179	93070.19420659864	1090764800	1639269376	922803200	7209400.0	3072
qwen3	1	534	598	128	25088000	3575704	7.016241141908338	232	9985024	2.794564591930179	92725.4147244931	1086989312	1634473984	920372224	7190408.0	3072
qwen3	1	535	599	128	25182208	3575821	7.04235772695943	232	9985024	2.794564591930179	93130.98006997377	1094955008	1641189376	927293440	7244480.0	3072
qwen3	1	536	600	128	25224192	3575937	7.053868323106319	232	9985024	2.794564591930179	93311.44196717856	1104270336	1649807360	934817792	7303264.0	3072
qwen3	1	537	601	128	25210880	3576054	7.049915314648806	232	9985024	2.794564591930179	93253.55903679716	1092897792	1639331840	924285952	7220984.0	4096
qwen3	1	538	602	128	25190400	3576171	7.043958186149224	232	9985024	2.794564591930179	93164.77955469162	1094558720	1641176064	927518720	7246240.0	3072
qwen3	1	539	603	128	25217024	3576288	7.051172645698981	232	9985024	2.794564591930179	93279.03455534468	1091470336	1640513536	922982400	7210800.0	3072
qwen3	1	540	604	128	25015296	3576405	6.9945370387228145	232	9985024	2.794564591930179	92409.0136939288	1076558848	1626490880	911977472	7124824.0	3072
qwen3	1	541	605	128	25129984	3576522	7.026375447681647	232	9985024	2.794564591930179	92902.85490147844	1089255424	1636539392	921498624	7199208.0	4096
qwen3	1	542	606	128	25064448	3576639	7.0078225632924305	232	9985024	2.794564591930179	92619.86852282115	1086240768	1634073600	919977984	7187328.0	3072
qwen3	1	543	607	128	25294848	3576755	7.072009566619741	232	9985024	2.794564591930179	93612.46835106044	1106616320	1650556928	936428544	7315848.0	3072
qwen3	1	544	608	128	25164800	3576872	7.035420534120862	232	9985024	2.794564591930179	93051.41300688592	1090904064	1639141376	923368448	7213816.0	3072
qwen3	1	545	609	128	25178112	3576989	7.038912292818768	232	9985024	2.794564591930179	93108.28869719418	1093141504	1640072192	925454336	7230112.0	3072
qwen3	1	546	610	128	25191424	3577106	7.042403823412405	232	9985024	2.794564591930179	93165.16438750243	1097657344	1642360832	928355328	7252776.0	4096
qwen3	1	547	611	128	25149440	3577223	7.03043732399027	232	9985024	2.794564591930179	92983.69525022447	1087754240	1638059008	920572928	7191976.0	3072
qwen3	1	548	612	128	24994816	3577340	6.986984519632296	232	9985024	2.794564591930179	92316.7088715672	1077193728	1624727552	911577088	7121696.0	3072
qwen3	1	549	613	128	25251840	3577456	7.0586017846538605	232	9985024	2.794564591930179	93424.06732049613	1099386880	1645334528	929560576	7262192.0	3072
qwen3	1	550	614	128	25201664	3577573	7.044346108304138	232	9985024	2.794564591930179	93207.28783839059	1104091136	1649197056	935930880	7311960.0	4096
qwen3	1	551	615	128	25224192	3577690	7.050412855086524	232	9985024	2.794564591930179	93303.88766662989	1094955008	1643145216	927720448	7247816.0	4096
qwen3	1	552	616	128	25054208	3577807	7.002671941759725	232	9985024	2.794564591930179	92570.69439142088	1077895168	1626450944	912857088	7131696.0	3072
qwen3	1	553	617	128	25232384	3577924	7.052241977821989	232	9985024	2.794564591930179	93338.19077138431	1095980032	1643400192	927628288	7247096.0	4096
qwen3	1	554	618	128	25186304	3578041	7.03913313184223	232	9985024	2.794564591930179	93139.06646169256	1094667264	1643138048	927733760	7247920.0	4096
qwen3	1	555	619	128	25306112	3578157	7.0723864336846445	232	9985024	2.794564591930179	93654.97663475943	1107025920	1652997120	938972160	7335720.0	3072
qwen3	1	556	620	128	25293824	3578274	7.068721444473558	232	9985024	2.794564591930179	93601.50749748148	1102874624	1649821696	933676032	7294344.0	3072
qwen3	1	557	621	128	25120768	3578391	7.020129241032874	232	9985024	2.794564591930179	92855.07284296214	1092847616	1638484992	926001152	7234384.0	3072
qwen3	1	558	622	128	25380864	3578508	7.09258283719361	232	9985024	2.794564591930179	93975.67267120142	1112526848	1659259904	943432704	7370568.0	4096
qwen3	1	559	623	128	25093120	3578625	7.011944962581449	232	9985024	2.794564591930179	92734.89318909588	1080743936	1630011392	915092480	7149160.0	3072
qwen3	1	560	624	128	25126912	3578742	7.0211584596467045	232	9985024	2.794564591930179	92880.04474147307	1089205248	1637440512	922354688	7205896.0	3072
qwen3	1	561	625	128	25117696	3578858	7.018354115411445	232	9985024	2.794564591930179	92839.81698350547	1088678912	1634905088	920830976	7193992.0	3072
qwen3	1	562	626	128	25163776	3578975	7.031000186641007	232	9985024	2.794564591930179	93037.93405312407	1091128320	1641860096	924337152	7221384.0	4096
qwen3	1	563	627	128	25234432	3579092	7.050511977978343	232	9985024	2.794564591930179	93341.98215722541	1100565504	1647004672	933206016	7290672.0	3072
qwen3	1	564	628	128	25307136	3579209	7.070594688896595	232	9985024	2.794564591930179	93654.85784753367	1105223680	1653148672	936195072	7314024.0	3072
qwen3	1	565	629	128	25132032	3579326	7.021442939070572	232	9985024	2.794564591930179	92899.59560680743	1090273280	1636812800	923408384	7214128.0	3072
qwen3	1	566	630	128	25118720	3579443	7.017494731018307	232	9985024	2.794564591930179	92841.71267642603	1091963904	1639297024	924638208	7223736.0	3072
qwen3	1	567	631	128	25186304	3579559	7.036146209503038	232	9985024	2.794564591930179	93132.51940121704	1094903808	1641040896	926962688	7241896.0	3072
qwen3	1	568	632	128	25185280	3579676	7.0356304918564305	232	9985024	2.794564591930179	93127.601988077	1098028032	1644010496	929405952	7260984.0	3072
qwen3	1	569	633	128	25224192	3579793	7.04627075963136	232	9985024	2.794564591930179	93294.82250597146	1096276992	1646621696	928594944	7254648.0	3072
qwen3	1	570	634	128	25195520	3579910	7.038031646062631	232	9985024	2.794564591930179	93170.73267903834	1096036352	1642208256	929186816	7259272.0	4096
qwen3	1	571	635	128	25214976	3580027	7.043236544848676	232	9985024	2.794564591930179	93254.09112796727	1093225472	1644430336	925844480	7233160.0	3072
qwen3	1	572	636	128	25182208	3580144	7.033853979923134	232	9985024	2.794564591930179	93112.34612862035	1099235328	1645732864	931479552	7277184.0	3072
qwen3	1	573	637	128	25168896	3580261	7.02990626877663	232	9985024	2.794564591930179	93054.46319823895	1097583616	1642779648	930201600	7267200.0	3072
qwen3	1	574	638	128	25250816	3580377	7.0525571288	232	9985024	2.794564591930179	93407.06302647822	1099043840	1646833664	930178048	7267016.0	4096
qwen3	1	575	639	128	25189376	3580494	7.035167345177819	232	9985024	2.794564591930179	93141.73182023475	1097672704	1642677248	928962560	7257520.0	3072
qwen3	1	576	640	128	25259008	3580611	7.054384738803454	232	9985024	2.794564591930179	93441.36613123264	1102792704	1646790656	932037632	7281544.0	3072
qwen3	1	577	641	128	25214976	3580728	7.041857611769706	232	9985024	2.794564591930179	93251.0694077478	1097938944	1644000256	927834112	7248704.0	3072
qwen3	1	578	642	128	25022464	3580845	6.987866226003887	232	9985024	2.794564591930179	92420.77268426295	1075264512	1624841216	910158848	7110616.0	4096
qwen3	1	579	643	128	25081856	3580962	7.004223714769895	232	9985024	2.794564591930179	92676.26906422636	1078892544	1627962368	911937536	7124512.0	3072
qwen3	1	580	644	128	25247744	3581078	7.050318663928558	232	9985024	2.794564591930179	93390.79992694841	1098077184	1645579264	928433152	7253384.0	4096
qwen3	1	581	645	128	25078784	3581195	7.002908861896051	232	9985024	2.794564591930179	92662.02044484286	1087163392	1633057792	919087104	7180368.0	3072
qwen3	1	582	646	128	25297920	3581312	7.063869139944463	232	9985024	2.794564591930179	93606.06854894421	1104827392	1650127872	934286336	7299112.0	4096
qwen3	1	583	647	128	25050112	3581429	6.9944461956926425	232	9985024	2.794564591930179	92537.42699787316	1074390016	1623437312	908071936	7094312.0	3072
qwen3	1	584	648	128	25019392	3581546	6.9856407156002	232	9985024	2.794564591930179	92404.50958473312	1076136960	1626425344	910614528	7114176.0	3072
qwen3	1	585	649	128	25293824	3581663	7.0620342311592506	232	9985024	2.794564591930179	93586.90251642068	1107072000	1650790400	936315904	7314968.0	4096
qwen3	1	586	650	128	24990720	3581779	6.977180004164021	232	9985024	2.794564591930179	92279.91613776343	1070274560	1619835904	904351744	7065248.0	4096
qwen3	1	587	651	128	25196544	3581896	7.034414711818968	232	9985024	2.794564591930179	93166.58493151994	1090347008	1640421376	922027008	7203336.0	3072
qwen3	1	588	652	128	24983552	3582013	6.974723724698902	232	9985024	2.794564591930179	92248.01234596613	1073329152	1622388736	907610112	7090704.0	3072
qwen3	1	589	653	128	25307136	3582130	7.064829074459171	232	9985024	2.794564591930179	93642.2673466192	1103191040	1650667520	932825088	7287696.0	4096
qwen3	1	590	654	128	25097216	3582247	7.005998551489419	232	9985024	2.794564591930179	92736.93614037572	1087870976	1634099200	919919616	7186872.0	4096
qwen3	1	591	655	128	25250816	3582364	7.048646767832701	232	9985024	2.794564591930179	93398.5014858564	1101326336	1646662656	931140608	7274536.0	4096
qwen3	1	592	656	128	25148416	3582480	7.019833334525607	232	9985024	2.794564591930179	92956.61855547498	1084922880	1633890304	917928960	7171320.0	3072
qwen3	1	593	657	128	25391104	3582597	7.08734519285681	232	9985024	2.794564591930179	94002.18390095564	1114512384	1658584064	943731712	7372904.0	3072
qwen3	1	594	658	128	25264128	3582714	7.05167277298126	232	9985024	2.794564591930179	93454.36993609149	1103718400	1647395840	933811200	7295400.0	3072
qwen3	1	595	659	128	25124864	3582831	7.012572989652219	232	9985024	2.794564591930179	92853.59045398593	1081439232	1630619648	913708032	7138344.0	3072
qwen3	1	596	660	128	25096192	3582948	7.004341960576991	232	9985024	2.794564591930179	92729.50062705281	1087399936	1632514048	919347200	7182400.0	3072
qwen3	1	597	661	128	25242624	3583065	7.044981364597603	232	9985024	2.794564591930179	93360.16942080932	1098202112	1644916736	927756288	7248096.0	3072
qwen3	1	598	662	128	25014272	3583182	6.9810228036465265	232	9985024	2.794564591930179	92375.38993870378	1077691392	1626904576	911668224	7122408.0	3072
qwen3	1	599	663	128	25137152	3583298	7.015087602502427	232	9985024	2.794564591930179	92904.541491081	1090709504	1637654528	922156032	7204344.0	3072
qwen3	1	600	664	128	25096192	3583415	7.003428434005758	232	9985024	2.794564591930179	92727.48614690649	1086589952	1632964608	918481920	7175640.0	3072
qwen3	1	601	665	128	25177088	3583532	7.025774465597334	232	9985024	2.794564591930179	93075.67218204233	1092340736	1638857728	922679296	7208432.0	3072
qwen3	1	602	666	128	25372672	3583649	7.080122175252421	232	9985024	2.794564591930179	93918.20304476438	1115134976	1658630144	944150528	7376176.0	4096
qwen3	1	603	667	128	25161728	3583766	7.021030355040842	232	9985024	2.794564591930179	93008.45804541744	1085061120	1634004992	916564992	7160664.0	4096
qwen3	1	604	668	128	24977408	3583883	6.969371202617267	232	9985024	2.794564591930179	92213.47166676018	1072326656	1621686272	906769408	7084136.0	3072
qwen3	1	605	669	128	25286656	3583999	7.0554297266762	232	9985024	2.794564591930179	93545.933563965	1104514048	1650433024	933998592	7296864.0	3072
qwen3	1	606	670	128	25123840	3584116	7.009772626351146	232	9985024	2.794564591930179	92843.63684048012	1089008640	1637541888	921241600	7197200.0	4096
qwen3	1	607	671	128	25337856	3584233	7.0692545221166	232	9985024	2.794564591930179	93765.61597906424	1109052416	1653228544	938550272	7332424.0	4096
qwen3	1	608	672	128	25081856	3584350	6.997602486057326	232	9985024	2.794564591930179	92661.66408316558	1083165696	1630904320	915412992	7151664.0	3072
qwen3	1	609	673	128	25123840	3584467	7.009087151364024	232	9985024	2.794564591930179	92842.12598037039	1083120640	1633143808	915893248	7155416.0	3072
qwen3	1	610	674	128	25093120	3584584	7.0002886564505085	232	9985024	2.794564591930179	92709.20856723037	1083986944	1631651840	916505600	7160200.0	3072
qwen3	1	611	675	128	25024512	3584700	6.98092137218485	232	9985024	2.794564591930179	92412.98080926275	1071791104	1621417984	906233856	7079952.0	4096
qwen3	1	612	676	128	25285632	3584817	7.05353437558066	232	9985024	2.794564591930179	93537.99443060548	1103767552	1649371136	932329472	7283824.0	3072
qwen3	1	613	677	128	25145344	3584934	7.014171829800479	232	9985024	2.794564591930179	92932.80115539648	1093615616	1638219776	925408256	7229752.0	3072
qwen3	1	614	678	128	25260032	3585051	7.045933851072129	232	9985024	2.794564591930179	93426.64236294612	1100355584	1646527488	929673216	7263072.0	4096
qwen3	1	615	679	128	24992768	3585168	6.971157087492799	232	9985024	2.794564591930179	92274.13874290955	1074908160	1623615488	908940288	7101096.0	3072
qwen3	1	616	680	128	25187328	3585285	7.025196169433313	232	9985024	2.794564591930179	93112.25581252812	1093244928	1640169472	924014592	7218864.0	3072
qwen3	1	617	681	128	25128960	3585401	7.008687886330583	232	9985024	2.794564591930179	92860.165985595	1091383296	1636063232	923059200	7211400.0	3072
qwen3	1	618	682	128	25217024	3585518	7.03302052053031	232	9985024	2.794564591930179	93239.24857245498	1093262336	1643279360	924565504	7223168.0	4096
qwen3	1	619	683	128	25172992	3585635	7.020511234194014	232	9985024	2.794564591930179	93048.95184897011	1095422976	1639217152	925287424	7228808.0	3072
qwen3	1	620	684	128	25321472	3585752	7.061690803802499	232	9985024	2.794564591930179	93688.44822893354	1105832960	1652123648	934789120	7303040.0	4096
qwen3	1	621	685	128	25083904	3585869	6.995209541713215	232	9985024	2.794564591930179	92663.94460889697	1087714304	1632949248	919370752	7182584.0	3072
qwen3	1	622	686	128	25352192	3585986	7.0697973130697225	232	9985024	2.794564591930179	93819.85478196383	1113003008	1655937024	941441024	7355008.0	4096
qwen3	1	623	687	128	25164800	3586103	7.017311910756318	232	9985024	2.794564591930179	93011.62702399622	1091427328	1637343232	921570304	7199768.0	3072
qwen3	1	624	688	128	25109504	3586219	7.001664261835156	232	9985024	2.794564591930179	92772.77857637343	1089352704	1635129344	919619584	7184528.0	3072
qwen3	1	625	689	128	25074688	3586336	6.991728195804633	232	9985024	2.794564591930179	92622.20599081961	1078646784	1626248192	911612928	7121976.0	3072
qwen3	1	626	690	128	25120768	3586453	7.004348767412902	232	9985024	2.794564591930179	92820.32306043821	1085743104	1634683904	917652480	7169160.0	4096
qwen3	1	627	691	128	25268224	3586570	7.045233963423498	232	9985024	2.794564591930179	93455.40564729818	1107053568	1648377856	936605696	7317232.0	3072
qwen3	1	628	692	128	25319424	3586687	7.05927947108224	232	9985024	2.794564591930179	93675.59168243402	1105415168	1652900864	934973440	7304480.0	3072
qwen3	1	629	693	128	25114624	3586804	7.00195132328765	232	9985024	2.794564591930179	92792.32944170777	1082186752	1631716352	915253248	7150416.0	3072
qwen3	1	630	694	128	25069568	3586920	6.989162049566422	232	9985024	2.794564591930179	92597.61892511947	1085573120	1633101824	918734848	7177616.0	4096
qwen3	1	631	695	128	25375744	3587037	7.074290629547413	232	9985024	2.794564591930179	93916.83944301395	1114095616	1657683968	942093312	7360104.0	3072
qwen3	1	632	696	128	25163776	3587154	7.014969353192508	232	9985024	2.794564591930179	93002.68065056356	1086630912	1634771968	918048768	7172256.0	4096
qwen3	1	633	697	128	25188352	3587271	7.021591761288906	232	9985024	2.794564591930179	93108.10806500974	1096600576	1641432064	927483904	7245968.0	3072
qwen3	1	634	698	128	25193472	3587388	7.022790293078503	232	9985024	2.794564591930179	93129.67341049042	1086856192	1635940352	917927936	7171312.0	4096
qwen3	1	635	699	128	25323520	3587505	7.058811837952868	232	9985024	2.794564591930179	93689.72151459176	1111751680	1653760000	941100032	7352344.0	3072
qwen3	1	636	700	128	25372672	3587621	7.07228239224311	232	9985024	2.794564591930179	93901.0799635207	1111429120	1656869888	941151232	7352744.0	3072
qwen3	1	637	701	128	25191424	3587738	7.021533338167362	232	9985024	2.794564591930179	93119.33496417379	1089847296	1638525952	920397824	7190608.0	3072
qwen3	1	638	702	128	25028608	3587855	6.975924920590233	232	9985024	2.794564591930179	92417.03824068891	1082457088	1629407232	915224576	7150192.0	4096
qwen3	1	639	703	128	25117696	3587972	7.0005273798001415	232	9985024	2.794564591930179	92800.53462065234	1087149056	1634292736	918932480	7179160.0	3072
qwen3	1	640	704	128	25369600	3588089	7.070505040021872	232	9985024	2.794564591930179	93885.82410406403	1113357312	1657303040	940922880	7350960.0	3072
qwen3	1	641	705	128	25213952	3588206	7.026897138998236	232	9985024	2.794564591930179	93214.42393230333	1092992000	1638436864	921741312	7201104.0	3072
qwen3	1	642	706	128	25134080	3588322	7.004409466310809	232	9985024	2.794564591930179	92869.64445019778	1087145984	1634501632	918625280	7176760.0	4096
qwen3	1	643	707	128	25119744	3588439	7.000186350700339	232	9985024	2.794564591930179	92807.34772671292	1084809216	1632777216	916484096	7160032.0	3072
qwen3	1	644	708	128	25337856	3588556	7.060738307855258	232	9985024	2.794564591930179	93746.98203771083	1106803712	1654681600	936388608	7315536.0	3072
qwen3	1	645	709	128	25055232	3588673	6.981753966001505	232	9985024	2.794564591930179	92528.27152112251	1084764160	1631369216	916511744	7160248.0	3072
qwen3	1	646	710	128	25315328	3588790	7.054001231509385	232	9985024	2.794564591930179	93648.87134936181	1108022272	1652610048	936404992	7315664.0	3072
qwen3	1	647	711	128	25125888	3588907	7.0009867050701535	232	9985024	2.794564591930179	92831.8160051873	1088428032	1636280320	920364032	7190344.0	3072
qwen3	1	648	712	128	25323520	3589024	7.055824463673009	232	9985024	2.794564591930179	93683.17445411623	1109615616	1652891648	937021440	7320480.0	3072
qwen3	1	649	713	128	25121792	3589140	6.999389668491351	232	9985024	2.794564591930179	92813.15359270034	1089328128	1635958784	919923712	7186904.0	4096
qwen3	1	650	714	128	25210880	3589257	7.0239825542326315	232	9985024	2.794564591930179	93196.64997266377	1096466432	1644566528	926989312	7242104.0	3072
qwen3	1	651	715	128	25070592	3589374	6.984669660329259	232	9985024	2.794564591930179	92591.45669745478	1082319872	1630390272	915094528	7149176.0	3072
qwen3	1	652	716	128	25296896	3589491	7.0474885723739105	232	9985024	2.794564591930179	93566.40135328026	1104466944	1650832384	932504576	7285192.0	4096
qwen3	1	653	717	128	25180160	3589608	7.0147386352013354	232	9985024	2.794564591930179	93062.72531945059	1092442112	1640153088	924578816	7223272.0	3072
qwen3	1	654	718	128	25447424	3589725	7.088962825420249	232	9985024	2.794564591930179	94214.221699414	1121543168	1664652288	946825216	7397072.0	4096
qwen3	1	655	719	128	25108480	3589841	6.994314556888416	232	9985024	2.794564591930179	92752.75256213605	1085464576	1635690496	919117824	7180608.0	3072
qwen3	1	656	720	128	25150464	3589958	7.005781761388435	232	9985024	2.794564591930179	92933.21445934084	1091559424	1636384768	921039872	7195624.0	3072
qwen3	1	657	721	128	25160704	3590075	7.008406064584515	232	9985024	2.794564591930179	92976.84877033875	1091141632	1639185408	922299392	7205464.0	3072
qwen3	1	658	722	128	25247744	3590192	7.032421811011265	232	9985024	2.794564591930179	93351.51756409528	1097009152	1646579712	927163392	7243464.0	4096
qwen3	1	659	723	128	25272320	3590309	7.039038047790904	232	9985024	2.794564591930179	93456.94497854145	1105873920	1648191488	934676480	7302160.0	3072
qwen3	1	660	724	128	25341952	3590426	7.058202784074118	232	9985024	2.794564591930179	93756.57928953937	1107744768	1655363584	936623104	7317368.0	3072
qwen3	1	661	725	128	25110528	3590542	6.993519332221798	232	9985024	2.794564591930179	92758.55842812348	1088963584	1635505152	920730624	7193208.0	3072
qwen3	1	662	726	128	25305088	3590659	7.047476798778397	232	9985024	2.794564591930179	93596.67549774206	1106148352	1652249600	935567360	7309120.0	3072
qwen3	1	663	727	128	25180160	3590776	7.012456117520146	232	9985024	2.794564591930179	93057.6891190848	1095556096	1641112576	925511680	7230560.0	3072
qwen3	1	664	728	128	25227264	3590893	7.0253455759782195	232	9985024	2.794564591930179	93260.21998180683	1097500672	1643925504	926799872	7240624.0	3072
qwen3	1	665	729	128	25150464	3591010	7.003730252003136	232	9985024	2.794564591930179	92928.68187901164	1089865728	1637763072	920886272	7194424.0	3072
qwen3	1	666	730	128	25184256	3591127	7.012912240968733	232	9985024	2.794564591930179	93073.83343138886	1090685952	1639131136	920834048	7194016.0	4096
qwen3	1	667	731	128	25241600	3591243	7.0286518065681785	232	9985024	2.794564591930179	93320.50222514538	1104454656	1646484480	933414912	7292304.0	3072
qwen3	1	668	732	128	25434112	3591360	7.082027340102758	232	9985024	2.794564591930179	94149.79170855708	1117622272	1663607808	945932288	7390096.0	3072
qwen3	1	669	733	128	25306112	3591477	7.046157012341251	232	9985024	2.794564591930179	93597.56395058948	1106558976	1650376704	934686720	7302240.0	3072
qwen3	1	670	734	128	25154560	3591594	7.003731484350829	232	9985024	2.794564591930179	92943.81895124255	1094380544	1642121216	925504512	7230504.0	3072
qwen3	1	671	735	128	25236480	3591711	7.026311722186226	232	9985024	2.794564591930179	93296.41877948183	1102715904	1646046208	930525184	7269728.0	3072
qwen3	1	672	736	128	25170944	3591828	7.0078372966142695	232	9985024	2.794564591930179	93013.43240082456	1093719040	1639614464	923423744	7214248.0	3072
qwen3	1	673	737	128	25167872	3591945	7.006754096519392	232	9985024	2.794564591930179	92999.68740147763	1086322688	1637427200	918719488	7177496.0	3072
qwen3	1	674	738	128	25057280	3592061	6.975738293380912	232	9985024	2.794564591930179	92522.49412626865	1081800704	1629464576	914117632	7141544.0	4096
qwen3	1	675	739	128	25195520	3592178	7.013995013411397	232	9985024	2.794564591930179	93117.85257519757	1081850880	1634514944	914188288	7142096.0	3072
qwen3	1	676	740	128	25054208	3592295	6.974429356237651	232	9985024	2.794564591930179	92508.24550688514	1079882752	1627676672	913034240	7133080.0	4096
qwen3	1	677	741	128	25253888	3592412	7.029786346262448	232	9985024	2.794564591930179	93368.43154202098	1099095040	1647001600	927777792	7248264.0	3072
qwen3	1	678	742	128	25120768	3592529	6.9925030370580865	232	9985024	2.794564591930179	92794.13481853611	1088700416	1636567040	921210880	7196960.0	4096
qwen3	1	679	743	128	25203712	3592646	7.015362791962514	232	9985024	2.794564591930179	93151.14843987886	1093844992	1642484736	924424192	7222064.0	3072
qwen3	1	680	744	128	25120768	3592762	6.99204823214531	232	9985024	2.794564591930179	92793.12757846295	1088599040	1635194880	920075264	7188088.0	3072
qwen3	1	681	745	128	25229312	3592879	7.022031719732446	232	9985024	2.794564591930179	93260.4860273919	1093445632	1642500096	923694080	7216360.0	3072
qwen3	1	682	746	128	25224192	3592996	7.020378377232911	232	9985024	2.794564591930179	93237.91344183809	1100761088	1644449792	930363392	7268464.0	4096
qwen3	1	683	747	128	25249792	3593113	7.027274831810473	232	9985024	2.794564591930179	93347.7546493877	1092504576	1640851456	922723328	7208776.0	3072
qwen3	1	684	748	128	25167872	3593230	7.004247897485181	232	9985024	2.794564591930179	92994.14758107527	1091944448	1639388160	923443200	7214400.0	3072
qwen3	1	685	749	128	25298944	3593347	7.040496453274159	232	9985024	2.794564591930179	93558.60947828008	1101266944	1649219584	930681856	7270952.0	3072
qwen3	1	686	750	128	25041920	3593463	6.96874210964984	232	9985024	2.794564591930179	92450.24378927797	1075841024	1623628800	908827648	7100216.0	4096
qwen3	1	687	751	128	25174016	3593580	7.005274415309332	232	9985024	2.794564591930179	93019.11947958622	1094014976	1640283136	924213248	7220416.0	3072
qwen3	1	688	752	128	25392128	3593697	7.065739584606451	232	9985024	2.794564591930179	93958.75379058413	1118486528	1660264448	945014784	7382928.0	3072
qwen3	1	689	753	128	25207808	3593814	7.014221736999169	232	9985024	2.794564591930179	93163.76741192686	1091689472	1641074688	922832896	7209632.0	3072
qwen3	1	690	754	128	25306112	3593931	7.041346482803225	232	9985024	2.794564591930179	93586.98792982132	1108701184	1651609600	937393152	7323384.0	4096
qwen3	1	691	755	128	25214976	3594048	7.01576009134046	232	9985024	2.794564591930179	93193.65672357783	1089514496	1640847360	921436160	7198720.0	3072
qwen3	1	692	756	128	25107456	3594164	6.985616863074307	232	9985024	2.794564591930179	92729.70482767919	1089239040	1635363840	920216576	7189192.0	3072
qwen3	1	693	757	128	25283584	3594281	7.034392066233023	232	9985024	2.794564591930179	93488.37362143572	1106086912	1651459072	934683648	7302216.0	3072
qwen3	1	694	758	128	25233408	3594398	7.020203905924201	232	9985024	2.794564591930179	93271.59413933018	1099840512	1645372416	928727040	7255680.0	4096
qwen3	1	695	759	128	25182208	3594515	7.00573178950026	232	9985024	2.794564591930179	93050.40086412118	1094280192	1640783872	925087744	7227248.0	3072
qwen3	1	696	760	128	25281536	3594632	7.033136390516752	232	9985024	2.794564591930179	93478.03517511908	1100985344	1647679488	930705408	7271136.0	3072
qwen3	1	697	761	128	25286656	3594749	7.03433209285739	232	9985024	2.794564591930179	93499.60052059975	1104282624	1650501632	934453248	7300416.0	3072
qwen3	1	698	762	128	25195520	3594866	7.00875175061423	232	9985024	2.794564591930179	93106.26931435628	1090425856	1637701632	919442432	7183144.0	4096
qwen3	1	699	763	128	25277440	3594982	7.031311276756603	232	9985024	2.794564591930179	93458.86914259555	1105413120	1649345536	934960128	7304376.0	3072
qwen3	1	700	764	128	25290752	3595099	7.0347855794017295	232	9985024	2.794564591930179	93515.7448329038	1104753664	1650235392	933334016	7291672.0	3072
qwen3	1	701	765	128	25264128	3595216	7.027151561588489	232	9985024	2.794564591930179	93400.48259217758	1098169344	1647489024	928757760	7255920.0	3072
qwen3	1	702	766	128	25098240	3595333	6.980783379014252	232	9985024	2.794564591930179	92684.94448938237	1085745152	1635099648	918313984	7174328.0	4096
qwen3	1	703	767	128	25144320	3595450	6.993372726626916	232	9985024	2.794564591930179	92883.06155900097	1087362048	1634158592	918069248	7172416.0	3072
qwen3	1	704	768	128	25170944	3595567	7.000550147757291	232	9985024	2.794564591930179	92997.31655965405	1094158336	1638906880	922594304	7207768.0	3072
qwen3	1	705	769	128	25341952	3595683	7.047881916976925	232	9985024	2.794564591930179	93733.91638789332	1111188480	1653076992	938010624	7328208.0	3072
qwen3	1	706	770	128	25209856	3595800	7.0109167173932745	232	9985024	2.794564591930179	93164.03345751192	1094722560	1641248768	923272192	7213064.0	3072
qwen3	1	707	771	128	25374720	3595917	7.056536469464325	232	9985024	2.794564591930179	93874.1505271305	1111797760	1655117824	938781696	7334232.0	3072
qwen3	1	708	772	128	24927232	3596034	6.931867877640574	232	9985024	2.794564591930179	91944.81932088704	1067156480	1615417344	899921920	7030640.0	3072
qwen3	1	709	773	128	25297920	3596151	7.034721764076245	232	9985024	2.794564591930179	93542.10880429874	1104508928	1647824896	931653632	7278544.0	3072
qwen3	1	710	774	128	25174016	3596268	7.000039713185374	232	9985024	2.794564591930179	93007.5362187449	1101270016	1643802624	928974848	7257616.0	4096
qwen3	1	711	775	128	25145344	3596384	6.991839843539828	232	9985024	2.794564591930179	92883.44639181178	1091391488	1635230720	919200768	7181256.0	3072
qwen3	1	712	776	128	25211904	3596501	7.010119574152861	232	9985024	2.794564591930179	93169.83932349934	1094385664	1639525376	922990592	7210864.0	3072
qwen3	1	713	777	128	25102336	3596618	6.979427669223229	232	9985024	2.794564591930179	92697.0598413938	1087632384	1631464448	917276672	7166224.0	3072
qwen3	1	714	778	128	25128960	3596735	6.986603211774932	232	9985024	2.794564591930179	92811.31484204688	1083322368	1630616576	913880064	7139688.0	4096
qwen3	1	715	779	128	25193472	3596852	7.0043119442841215	232	9985024	2.794564591930179	93088.88018752754	1093101568	1639899136	921428992	7198664.0	3072
qwen3	1	716	780	128	25015296	3596969	6.954549380068842	232	9985024	2.794564591930179	92320.37656749097	1074936832	1621452800	906655744	7083248.0	3072
qwen3	1	717	781	128	25182208	3597085	7.000725494760464	232	9985024	2.794564591930179	93039.32122331645	1093984256	1639143424	922971136	7210712.0	3072
qwen3	1	718	782	128	25193472	3597202	7.003629428255481	232	9985024	2.794564591930179	93087.3693274178	1094179840	1641332736	924182528	7220176.0	4096
qwen3	1	719	783	128	25098240	3597319	6.976928905216248	232	9985024	2.794564591930179	92676.38294876054	1080881152	1626362880	911388672	7120224.0	4096
qwen3	1	720	784	128	25143296	3597436	6.98922677979588	232	9985024	2.794564591930179	92870.08622527569	1090272256	1636024320	919979008	7187336.0	3072
qwen3	1	721	785	128	25166848	3597553	6.995546458989227	232	9985024	2.794564591930179	92971.09984661841	1093520384	1637390336	921870336	7202112.0	4096
qwen3	1	722	786	128	25099264	3597670	6.976533774457506	232	9985024	2.794564591930179	92679.28588175426	1086309376	1631054848	916252672	7158224.0	3072
qwen3	1	723	787	128	25241600	3597787	7.015869310974119	232	9985024	2.794564591930179	93292.29950309698	1098237952	1643376640	926107648	7235216.0	3072
qwen3	1	724	788	128	24991744	3597903	6.946196585399133	232	9985024	2.794564591930179	92214.83036581903	1073525760	1621776384	906600448	7082816.0	3072
qwen3	1	725	789	128	25175040	3598020	6.996914590733869	232	9985024	2.794564591930179	93004.39571129969	1093846016	1637536768	921479168	7199056.0	3072
qwen3	1	726	790	128	25338880	3598137	7.042222059566052	232	9985024	2.794564591930179	93710.09898781482	1107228672	1651352576	934599680	7301560.0	4096
qwen3	1	727	791	128	25138176	3598254	6.986215224257184	232	9985024	2.794564591930179	92844.4919195024	1092758528	1636524032	921836544	7201848.0	3072
qwen3	1	728	792	128	25143296	3598371	6.987411246572043	232	9985024	2.794564591930179	92866.05726498304	1087371264	1634520064	917945344	7171448.0	3072
qwen3	1	729	793	128	25109504	3598488	6.977793759350416	232	9985024	2.794564591930179	92719.89847253267	1084508160	1629920256	914109440	7141480.0	3072
qwen3	1	730	794	128	25164800	3598604	6.992933160536576	232	9985024	2.794564591930179	92957.73968008232	1092676608	1637444608	920786944	7193648.0	4096
qwen3	1	731	795	128	25294848	3598721	7.028843401520404	232	9985024	2.794564591930179	93517.78778418366	1109097472	1650290688	936592384	7317128.0	3072
qwen3	1	732	796	128	25306112	3598838	7.031745102232534	232	9985024	2.794564591930179	93565.83588828502	1102775296	1647586304	930912256	7272752.0	3072
qwen3	1	733	797	128	25158656	3598955	6.990544922851248	232	9985024	2.794564591930179	92929.74606135189	1097825280	1641486336	926663680	7239560.0	4096
qwen3	1	734	798	128	25286656	3599072	7.025882708396267	232	9985024	2.794564591930179	93480.96657924633	1103895552	1647579136	931812352	7279784.0	3072
qwen3	1	735	799	128	25161728	3599189	6.990944582814431	232	9985024	2.794564591930179	92941.98020058907	1095537664	1639336960	923516928	7214976.0	3072
qwen3	1	736	800	128	25266176	3599305	7.019736576440494	232	9985024	2.794564591930179	93391.68347710422	1100534784	1643103232	927436800	7245600.0	3072
qwen3	1	737	801	128	25351168	3599422	7.043121388961558	232	9985024	2.794564591930179	93757.52468465384	1110581248	1653175296	937383936	7323312.0	3072
qwen3	1	738	802	128	25149440	3599539	6.986850041192636	232	9985024	2.794564591930179	92887.50382323796	1088220160	1634946048	917483520	7167840.0	4096
qwen3	1	739	803	128	25220096	3599656	7.006251800253625	232	9985024	2.794564591930179	93191.5519273393	1097381888	1641696256	926728192	7240064.0	3072
qwen3	1	740	804	128	25281536	3599773	7.023092138267191	232	9985024	2.794564591930179	93455.87589350963	1101084672	1646536704	928772096	7256032.0	3072
qwen3	1	741	805	128	25194496	3599890	6.998685674183735	232	9985024	2.794564591930179	93080.19985967995	1096776704	1640762368	925371392	7229464.0	3072
qwen3	1	742	806	128	25314304	3600006	7.031738468821298	232	9985024	2.794564591930179	93596.11003274682	1107481600	1650401280	934609920	7301640.0	3072
qwen3	1	743	807	128	25021440	3600123	6.950161933301562	232	9985024	2.794564591930179	92333.26158512403	1074272256	1620531200	904919040	7069680.0	3072
qwen3	1	744	808	128	25210880	3600240	7.002555089358873	232	9985024	2.794564591930179	93149.30968922537	1096564736	1641308160	925478912	7230304.0	3072
qwen3	1	745	809	128	25276416	3600357	7.020530479762957	232	9985024	2.794564591930179	93431.28882780949	1102675968	1645623296	930822144	7272048.0	3072
qwen3	1	746	810	128	25214976	3600474	7.003238234179136	232	9985024	2.794564591930179	93165.95762156602	1097574400	1640861696	925190144	7228048.0	4096
qwen3	1	747	811	128	25237504	3600591	7.0092677289719685	232	9985024	2.794564591930179	93262.55744980529	1101833216	1642963968	929526784	7261928.0	3072
qwen3	1	748	812	128	25330688	3600708	7.034919642637745	232	9985024	2.794564591930179	93663.70900218251	1105475584	1649668096	931875840	7280280.0	3072
qwen3	1	749	813	128	25111552	3600824	6.973834197338761	232	9985024	2.794564591930179	92718.65365800801	1092557824	1637023744	922358784	7205928.0	3072
qwen3	1	750	814	128	25250816	3600941	7.012282250477679	232	9985024	2.794564591930179	93318.42590004038	1098654720	1644134400	926888960	7241320.0	4096
qwen3	1	751	815	128	25112576	3601058	6.973666012472883	232	9985024	2.794564591930179	92722.0602110383	1087772672	1632402432	916457472	7159824.0	3072
qwen3	1	752	816	128	25257984	3601175	7.013817686052698	232	9985024	2.794564591930179	93348.31521169138	1101987840	1646119936	929943552	7265184.0	3072
qwen3	1	753	817	128	25287680	3601292	7.021836060825883	232	9985024	2.794564591930179	93475.8115916548	1105736704	1648933888	933123072	7290024.0	3072
qwen3	1	754	818	128	25421824	3601409	7.0588559012205305	232	9985024	2.794564591930179	94053.51486816994	1120965632	1661182976	946805760	7396920.0	4096
qwen3	1	755	819	128	25214976	3601525	7.001193457355596	232	9985024	2.794564591930179	93161.4250412368	1090567168	1637707776	919774208	7185736.0	3072
qwen3	1	756	820	128	25049088	3601642	6.954907344598152	232	9985024	2.794564591930179	92445.8869384416	1080190976	1625597952	910709760	7114920.0	3072
qwen3	1	757	821	128	25360384	3601759	7.041110609068148	232	9985024	2.794564591930179	93787.1764218533	1111591936	1655451648	938896384	7335128.0	3072
qwen3	1	758	822	128	25306112	3601876	7.025814501241638	232	9985024	2.794564591930179	93552.74176733397	1106455552	1649435648	933180416	7290472.0	4096
qwen3	1	759	823	128	25162752	3601993	6.985786409816761	232	9985024	2.794564591930179	92934.30711281464	1095857152	1639629824	924958720	7226240.0	3072
qwen3	1	760	824	128	25416704	3602110	7.056060724207381	232	9985024	2.794564591930179	94028.42418243321	1119112192	1661193216	944875520	7381840.0	3072
qwen3	1	761	825	128	25209856	3602226	6.998409592850441	232	9985024	2.794564591930179	93136.33435550009	1098795008	1642953728	925728768	7232256.0	3072
qwen3	1	762	826	128	25147392	3602343	6.980842779144901	232	9985024	2.794564591930179	92866.58935615317	1091688448	1634489344	920635392	7192464.0	4096
qwen3	1	763	827	128	25265152	3602460	7.013305139821163	232	9985024	2.794564591930179	93373.67194301313	1100964864	1646216192	928363520	7252840.0	3072
qwen3	1	764	828	128	25190400	3602577	6.992328090731498	232	9985024	2.794564591930179	93050.96142642484	1094749184	1640641536	924443648	7222216.0	3072
qwen3	1	765	829	128	25170944	3602694	6.986700917359993	232	9985024	2.794564591930179	92966.59573742276	1097119744	1640512512	926321664	7236888.0	3072
qwen3	1	766	830	128	25347072	3602811	7.035360614742817	232	9985024	2.794564591930179	93725.26453117927	1108469760	1652792320	935345152	7307384.0	3072
qwen3	1	767	831	128	25184256	3602927	6.989942545160867	232	9985024	2.794564591930179	93022.96780769443	1097251840	1639887872	925495296	7230432.0	3072
qwen3	1	768	832	128	25238528	3603044	7.004778692483987	232	9985024	2.794564591930179	93256.3952221406	1099729920	1643598848	925646848	7231616.0	3072
qwen3	1	769	833	128	25265152	3603161	7.011940615489008	232	9985024	2.794564591930179	93370.65022279367	1096847360	1642970112	924560384	7223128.0	3072
qwen3	1	770	834	128	25205760	3603278	6.995230477032594	232	9985024	2.794564591930179	93114.1466027571	1095393280	1640112128	923037696	7211232.0	4096
qwen3	1	771	835	128	25123840	3603395	6.972269540022319	232	9985024	2.794564591930179	92760.53953444464	1081981952	1627884544	910316544	7111848.0	3072
qwen3	1	772	836	128	25356288	3603512	7.036549437642595	232	9985024	2.794564591930179	93761.96694889084	1110023168	1653957632	934251520	7298840.0	3072
qwen3	1	773	837	128	25111552	3603629	6.968407522113546	232	9985024	2.794564591930179	92706.56677713012	1085999104	1632734208	916490240	7160080.0	3072
qwen3	1	774	838	128	25211904	3603745	6.996028178603184	232	9985024	2.794564591930179	93138.61488123146	1093082112	1638927360	920810496	7193832.0	4096
qwen3	1	775	839	128	25262080	3603862	7.0097242031904	232	9985024	2.794564591930179	93354.38712326386	1098459136	1646050304	926820352	7240784.0	3072
qwen3	1	776	840	128	25196544	3603979	6.9913126046177965	232	9985024	2.794564591930179	93071.40074460658	1098811392	1640681472	924247040	7220680.0	3072
qwen3	1	777	841	128	25218048	3604096	6.9970525007963085	232	9985024	2.794564591930179	93163.58677974241	1092477952	1639537664	920694784	7192928.0	3072
qwen3	1	778	842	128	25152512	3604213	6.978642506728498	232	9985024	2.794564591930179	92880.60040108516	1087775744	1636563968	917363712	7166904.0	4096
qwen3	1	779	843	128	25438208	3604330	7.057680955562916	232	9985024	2.794564591930179	94111.54505691063	1119863808	1662471168	945581056	7387352.0	3072
qwen3	1	780	844	128	25413632	3604446	7.050633932067818	232	9985024	2.794564591930179	94005.1104023913	1115362304	1659302912	940422144	7347048.0	3072
qwen3	1	781	845	128	25159680	3604563	6.979952471099748	232	9985024	2.794564591930179	92909.98609269956	1089894400	1637406720	919260160	7181720.0	4096
qwen3	1	782	846	128	25120768	3604680	6.968931371901483	232	9985024	2.794564591930179	92741.75833473195	1086776320	1632936960	915804160	7154720.0	4096
qwen3	1	783	847	128	25182208	3604797	6.985749448673098	232	9985024	2.794564591930179	93006.08230090226	1091494912	1638780928	919856128	7186376.0	3072
qwen3	1	784	848	128	25162752	3604914	6.980125953817106	232	9985024	2.794564591930179	92921.71661190018	1086245888	1635751936	916731904	7161968.0	3072
qwen3	1	785	849	128	25333760	3605031	7.0273356623303656	232	9985024	2.794564591930179	93658.31644013945	1109855232	1652425728	935407616	7307872.0	3072
qwen3	1	786	850	128	25235456	3605147	6.999840233953035	232	9985024	2.794564591930179	93234.08868217184	1100204032	1643488256	927693824	7247608.0	3072
qwen3	1	787	851	128	25245696	3605264	7.0024536733664995	232	9985024	2.794564591930179	93277.72299316974	1091143680	1641012224	919674880	7184960.0	3072
qwen3	1	788	852	128	25052160	3605381	6.948546982244902	232	9985024	2.794564591930179	92443.01247658144	1079397376	1626875904	909036544	7101848.0	3072
qwen3	1	789	853	128	25227264	3605498	6.996887637396706	232	9985024	2.794564591930179	93197.26747723452	1094696960	1641245696	921915392	7202464.0	3072
qwen3	1	790	854	128	25128960	3605615	6.969396759641207	232	9985024	2.794564591930179	92773.0397192669	1087351808	1633841152	916802560	7162520.0	3072
qwen3	1	791	855	128	25131008	3605732	6.969738908438422	232	9985024	2.794564591930179	92781.36368543722	1085948928	1632618496	914910208	7147736.0	4096
qwen3	1	792	856	128	25148416	3605848	6.974340781457715	232	9985024	2.794564591930179	92855.89454815925	1092184064	1638879232	921247744	7197248.0	3072
qwen3	1	793	857	128	25162752	3605965	6.978090434584513	232	9985024	2.794564591930179	92917.18403157096	1081934848	1632391168	912559104	7129368.0	3072
qwen3	1	794	858	128	25321472	3606082	7.021878866085078	232	9985024	2.794564591930179	93600.81834256886	1108686848	1650842624	935021568	7304856.0	4096
qwen3	1	795	859	128	25219072	3606199	6.99325581014443	232	9985024	2.794564591930179	93158.93541218745	1092611072	1640565760	919802880	7185960.0	3072
qwen3	1	796	860	128	25210880	3606316	6.990757667611052	232	9985024	2.794564591930179	93123.1214473233	1088542720	1634938880	917523456	7168152.0	3072
qwen3	1	797	861	128	25176064	3606433	6.980877322576	232	9985024	2.794564591930179	92972.54886176948	1097194496	1642243072	925225984	7228328.0	3072
qwen3	1	798	862	128	25282560	3606550	7.010179666890565	232	9985024	2.794564591930179	93431.07972449152	1102809088	1647869952	929409024	7261008.0	4096
qwen3	1	799	863	128	25217024	3606666	6.991781771991076	232	9985024	2.794564591930179	93148.09334583425	1093450752	1641080832	922871808	7209936.0	4096
qwen3	1	800	864	128	25204736	3606783	6.988148362923844	232	9985024	2.794564591930179	93094.6242085563	1089865728	1638339584	919701504	7185168.0	3072
qwen3	1	801	865	128	25154560	3606900	6.974010878140731	232	9985024	2.794564591930179	92877.84472645074	1090205696	1636321280	919437312	7183104.0	3072
qwen3	1	802	866	128	25239552	3607017	6.997347934998393	232	9985024	2.794564591930179	93243.68593400037	1087929344	1636797440	917421056	7167352.0	4096
qwen3	1	803	867	128	25396224	3607134	7.040555213617124	232	9985024	2.794564591930179	93918.49265879138	1114990592	1658810368	941794304	7357768.0	3072
qwen3	1	804	868	128	25357312	3607251	7.029540004961484	232	9985024	2.794564591930179	93750.26490082376	1108919296	1654443008	933725184	7294728.0	3072
qwen3	1	805	869	128	25061376	3607367	6.947275766558893	232	9985024	2.794564591930179	92474.17507389064	1083572224	1630010368	913303552	7135184.0	3072
qwen3	1	806	870	128	25324544	3607484	7.020001318537956	232	9985024	2.794564591930179	93608.01628144026	1104415744	1651044352	932323328	7283776.0	4096
qwen3	1	807	871	128	25108480	3607601	6.959882637971632	232	9985024	2.794564591930179	92676.2023165761	1078494208	1628839936	909312000	7104000.0	4096
qwen3	1	808	872	128	25211904	3607718	6.9883246645221995	232	9985024	2.794564591930179	93121.4917999878	1096898560	1641945088	925239296	7228432.0	4096
qwen3	1	809	873	128	25319424	3607835	7.017900155870354	232	9985024	2.794564591930179	93584.43645581328	1108524032	1649803264	933652480	7294160.0	4096
qwen3	1	810	874	128	25117696	3607952	6.9617608297785605	232	9985024	2.794564591930179	92714.4155943974	1080551424	1627340800	910600192	7114064.0	4096
qwen3	1	811	875	128	25220096	3608068	6.989916224033694	232	9985024	2.794564591930179	93155.29128470564	1095580672	1642070016	922959872	7210624.0	3072
qwen3	1	812	876	128	24993792	3608185	6.926970259712713	232	9985024	2.794564591930179	92179.339388807	1072194560	1620796416	903305216	7057072.0	3072
qwen3	1	813	877	128	25346048	3608302	7.024369713512366	232	9985024	2.794564591930179	93697.18059635663	1110161408	1653103616	935085056	7305352.0	3072
qwen3	1	814	878	128	25158656	3608419	6.972210380201937	232	9985024	2.794564591930179	92888.95283838901	1087555584	1633260544	916788224	7162408.0	4096
qwen3	1	815	879	128	25163776	3608536	6.97340348684032	232	9985024	2.794564591930179	92910.51818386967	1090685952	1638786048	919768064	7185688.0	4096
qwen3	1	816	880	128	25297920	3608653	7.010350581113188	232	9985024	2.794564591930179	93488.22146038483	1102984192	1648733184	930808832	7271944.0	4096
qwen3	1	817	881	128	25186304	3608769	6.97919450713462	232	9985024	2.794564591930179	93006.61439207238	1085634560	1635632128	915535872	7152624.0	3072
qwen3	1	818	882	128	25353216	3608886	7.025218831018244	232	9985024	2.794564591930179	93725.55904789787	1109997568	1654967296	937273344	7322448.0	4096
qwen3	1	819	883	128	25222144	3609003	6.988673330679086	232	9985024	2.794564591930179	93160.0899106199	1090985984	1640350720	919617536	7184512.0	3072
qwen3	1	820	884	128	25029632	3609120	6.935106656095505	232	9985024	2.794564591930179	92329.79318713506	1080219648	1625475072	909820928	7107976.0	3072
qwen3	1	821	885	128	25452544	3609237	7.052057059792874	232	9985024	2.794564591930179	94152.18611882263	1119138816	1663151104	945568768	7387256.0	3072
qwen3	1	822	886	128	25213952	3609354	6.985724972717844	232	9985024	2.794564591930179	93123.26870568258	1090518016	1637514240	918572032	7176344.0	4096
qwen3	1	823	887	128	25134080	3609471	6.96337038884066	232	9985024	2.794564591930179	92778.48922357705	1084628992	1635865600	915910656	7155552.0	3072
qwen3	1	824	888	128	25370624	3609587	7.02867713408767	232	9985024	2.794564591930179	93797.57181043702	1111326720	1654994944	938087424	7328808.0	3072
qwen3	1	825	889	128	25181184	3609704	6.975968873218349	232	9985024	2.794564591930179	92980.5164662625	1090122752	1637976064	919344128	7182376.0	4096
qwen3	1	826	890	128	25139200	3609821	6.964112587016647	232	9985024	2.794564591930179	92799.04732898455	1088147456	1634350080	917496832	7167944.0	4096
qwen3	1	827	891	128	25241600	3609938	6.992253324639728	232	9985024	2.794564591930179	93239.9230192928	1091422208	1640690688	920160256	7188752.0	3072
qwen3	1	828	892	128	25191424	3610055	6.978128061156077	232	9985024	2.794564591930179	93023.14353718726	1096595456	1641606144	923871232	7217744.0	3072
qwen3	1	829	893	128	25085952	3610172	6.948686988267802	232	9985024	2.794564591930179	92568.01922749552	1081709568	1629644800	912547840	7129280.0	3072
qwen3	1	830	894	128	25161728	3610288	6.969451012798284	232	9985024	2.794564591930179	92894.13629711409	1090821120	1636396032	918248448	7173816.0	4096
qwen3	1	831	895	128	25194496	3610405	6.978301457128521	232	9985024	2.794564591930179	93034.87405638787	1091794944	1638370304	920610816	7192272.0	3072
qwen3	1	832	896	128	25144320	3610522	6.964178473566869	232	9985024	2.794564591930179	92818.09457428232	1087412224	1633137664	915042304	7148768.0	3072
qwen3	1	833	897	128	25166848	3610639	6.970192452547333	232	9985024	2.794564591930179	92914.6944025216	1086934016	1633198080	914258944	7142648.0	3072
qwen3	1	834	898	128	25049088	3610756	6.937353234162393	232	9985024	2.794564591930179	92406.60457558848	1078850560	1624070144	908182528	7095176.0	4096
qwen3	1	835	899	128	25075712	3610873	6.944502043803107	232	9985024	2.794564591930179	92520.85957624155	1074652160	1618719744	902051840	7047280.0	3072
qwen3	1	836	900	128	25232384	3610989	6.987664896801107	232	9985024	2.794564591930179	93195.66630103256	1098025984	1642546176	923575296	7215432.0	3072
qwen3	1	837	901	128	25119744	3611106	6.956246148749541	232	9985024	2.794564591930179	92709.64543961668	1091025920	1634092032	917810176	7170392.0	3072
qwen3	1	838	902	128	25163776	3611223	6.968214180655293	232	9985024	2.794564591930179	92898.93492302837	1084846080	1632530432	912770048	7131016.0	3072
qwen3	1	839	903	128	25048064	3611340	6.935947441135028	232	9985024	2.794564591930179	92399.67268230213	1078618112	1624406016	907831296	7092432.0	3072
qwen3	1	840	904	128	25240576	3611457	6.989028958306524	232	9985024	2.794564591930179	93228.96216571382	1092217856	1637217280	919704576	7185192.0	3072
qwen3	1	841	905	128	25065472	3611574	6.940318724009525	232	9985024	2.794564591930179	92473.6999249876	1082012672	1624744960	909860864	7108288.0	3072
qwen3	1	842	906	128	25135104	3611690	6.959373816085222	232	9985024	2.794564591930179	92773.3342359855	1079316480	1624777728	907498496	7089832.0	4096
qwen3	1	843	907	128	25147392	3611807	6.962550859286552	232	9985024	2.794564591930179	92825.79613319029	1085779968	1634324480	913635328	7137776.0	3072
qwen3	1	844	908	128	25105408	3611924	6.9507019107027	232	9985024	2.794564591930179	92644.32699591234	1085349888	1628836864	912564224	7129408.0	3072
qwen3	1	845	909	128	25257984	3612041	6.99271801240719	232	9985024	2.794564591930179	93301.47854828957	1097662464	1642194944	923629568	7215856.0	3072
qwen3	1	846	910	128	25079808	3612158	6.943165075575845	232	9985024	2.794564591930179	92532.97492825298	1089392640	1630750720	915909632	7155544.0	4096
qwen3	1	847	911	128	25188352	3612275	6.9729891537230815	232	9985024	2.794564591930179	93000.33337718192	1091125248	1635656704	918211584	7173528.0	3072
qwen3	1	848	912	128	25139200	3612391	6.959157119446949	232	9985024	2.794564591930179	92787.96768817984	1093201920	1636150272	919065600	7180200.0	3072
qwen3	1	849	913	128	25440256	3612508	7.0422691472113375	232	9985024	2.794564591930179	94085.11924055703	1118326784	1659623424	941280256	7353752.0	4096
qwen3	1	850	914	128	25359360	3612625	7.01964880502855	232	9985024	2.794564591930179	93735.92596534805	1112760320	1653926912	937450496	7323832.0	4096
qwen3	1	851	915	128	25193472	3612742	6.973504304820765	232	9985024	2.794564591930179	93020.38786255285	1090314240	1637434368	917335040	7166680.0	4096
qwen3	1	852	916	128	24981504	3612859	6.914608346887464	232	9985024	2.794564591930179	92106.22907010248	1071377408	1616795648	901153792	7040264.0	3072
qwen3	1	853	917	128	25430016	3612976	7.038523959925086	232	9985024	2.794564591930179	94038.96682937625	1117450240	1658369024	940391424	7346808.0	3072
qwen3	1	854	918	128	25216000	3613093	6.979062881094099	232	9985024	2.794564591930179	93115.98045071897	1099837440	1640786944	925026304	7226768.0	4096
qwen3	1	855	919	128	25259008	3613209	6.990740191476121	232	9985024	2.794564591930179	93300.85614102722	1100169216	1640292352	924426240	7222080.0	4096
qwen3	1	856	920	128	25234432	3613326	6.983712650780114	232	9985024	2.794564591930179	93194.42148650788	1099179008	1640137728	924417024	7222008.0	4096
qwen3	1	857	921	128	25171968	3613443	6.9662002740897435	232	9985024	2.794564591930179	92924.67648716096	1084320768	1631362048	912293888	7127296.0	3072
qwen3	1	858	922	128	25052160	3613560	6.932819914196658	232	9985024	2.794564591930179	92407.75907402094	1080226816	1624663040	908604416	7098472.0	4096
qwen3	1	859	923	128	25260032	3613677	6.990119441955947	232	9985024	2.794564591930179	93303.25545398435	1099288576	1644478464	924175360	7220120.0	3072
qwen3	1	860	924	128	25092096	3613794	6.943422606340835	232	9985024	2.794564591930179	92578.88976498226	1083769856	1627222016	912282624	7127208.0	3072
qwen3	1	861	925	128	25373696	3613910	7.02111925605246	232	9985024	2.794564591930179	93792.17924839396	1112225792	1654312960	936123392	7313464.0	4096
qwen3	1	862	926	128	25193472	3614027	6.971024352562558	232	9985024	2.794564591930179	93014.84804215048	1093880832	1639268352	922042368	7203456.0	3072
qwen3	1	863	927	128	25106432	3614144	6.946715832718729	232	9985024	2.794564591930179	92639.1720083208	1082143744	1625575424	909480960	7105320.0	4096
qwen3	1	864	928	128	25416704	3614261	7.0323378595819515	232	9985024	2.794564591930179	93976.04769862906	1117766656	1658530816	941833216	7358072.0	3072
qwen3	1	865	929	128	25175040	3614378	6.965248675089396	232	9985024	2.794564591930179	92933.88890617868	1096171520	1638326272	921007104	7195368.0	3072
qwen3	1	866	930	128	25229312	3614495	6.980038621434527	232	9985024	2.794564591930179	93167.31632062486	1098521600	1640613888	924101632	7219544.0	4096
qwen3	1	867	931	128	25118720	3614611	6.949217176836878	232	9985024	2.794564591930179	92690.12304541586	1084277760	1629924352	912728064	7130688.0	3072
qwen3	1	868	932	128	25252864	3614728	6.986102951838183	232	9985024	2.794564591930179	93267.826321931	1095563264	1641581568	921734144	7201048.0	3072
qwen3	1	869	933	128	25102336	3614845	6.944235527471353	232	9985024	2.794564591930179	92618.49511568755	1089679360	1632167936	915954688	7155896.0	3072
qwen3	1	870	934	128	25351168	3614962	7.012845000662207	232	9985024	2.794564591930179	93690.54321978889	1110405120	1650931712	934055936	7297312.0	4096
qwen3	1	871	935	128	25123840	3615079	6.949735068193819	232	9985024	2.794564591930179	92710.1775307868	1080427520	1623305216	907281408	7088136.0	3072
qwen3	1	872	936	128	25159680	3615196	6.959424168694201	232	9985024	2.794564591930179	92864.15666937089	1086046208	1630711808	913774592	7138864.0	3072
qwen3	1	873	937	128	25198592	3615312	6.969962362007515	232	9985024	2.794564591930179	93031.37718726536	1092958208	1636857856	920253440	7189480.0	3072
qwen3	1	874	938	128	25198592	3615429	6.969737113697713	232	9985024	2.794564591930179	93030.87356722879	1087926272	1634168832	914893824	7147608.0	3072
qwen3	1	875	939	128	25142272	3615546	6.95393470368651	232	9985024	2.794564591930179	92787.61132650253	1089964032	1631776768	916962304	7163768.0	4096
qwen3	1	876	940	128	25294848	3615663	6.995908610772142	232	9985024	2.794564591930179	93444.76287887976	1100957696	1644641280	926054400	7234800.0	3072
qwen3	1	877	941	128	25143296	3615780	6.953768489652766	232	9985024	2.794564591930179	92791.01787953284	1091801088	1634973696	917641216	7169072.0	3072
qwen3	1	878	942	128	25290752	3615897	6.994323719860515	232	9985024	2.794564591930179	93426.1004663928	1102833664	1644840960	927597568	7246856.0	4096
qwen3	1	879	943	128	25223168	3616014	6.9754075252376015	232	9985024	2.794564591930179	93134.28650152865	1096934400	1638507520	922416128	7206376.0	3072
qwen3	1	880	944	128	25140224	3616130	6.952244918541046	232	9985024	2.794564591930179	92776.26564011276	1089556480	1635006464	916005888	7156296.0	3072
qwen3	1	881	945	128	25135104	3616247	6.950604461211604	232	9985024	2.794564591930179	92753.69305455893	1086309376	1630650368	914382848	7143616.0	3072
qwen3	1	882	946	128	25137152	3616364	6.950946211215301	232	9985024	2.794564591930179	92762.01702072925	1081427968	1630391296	910005248	7109416.0	4096
qwen3	1	883	947	128	25404416	3616481	7.024623319024178	232	9985024	2.794564591930179	93913.51340069267	1115389952	1655976960	941052928	7351976.0	3072
qwen3	1	884	948	128	25388032	3616598	7.019866152979049	232	9985024	2.794564591930179	93842.38909100092	1111710720	1655062528	935572480	7309160.0	4096
qwen3	1	885	949	128	25154560	3616715	6.9550857575357865	232	9985024	2.794564591930179	92835.54064337815	1084820480	1630251008	912782336	7131112.0	3072
qwen3	1	886	950	128	25105408	3616831	6.941271281411769	232	9985024	2.794564591930179	92623.17495437604	1085018112	1629673472	912815104	7131368.0	3072
qwen3	1	887	951	128	25410560	3616948	7.025414310795373	232	9985024	2.794564591930179	93937.98167916705	1115372544	1657004032	939870208	7342736.0	3072
qwen3	1	888	952	128	25198592	3617065	6.966585165332842	232	9985024	2.794564591930179	93023.82288671668	1087772672	1633071104	915625984	7153328.0	3072
qwen3	1	889	953	128	25318400	3617182	6.999482052341379	232	9985024	2.794564591930179	93539.73305978355	1104604160	1648890880	931767296	7279432.0	3072
qwen3	1	890	954	128	25234432	3617299	6.976043065458088	232	9985024	2.794564591930179	93177.29840526421	1095100416	1641148416	921177088	7196696.0	3072
qwen3	1	891	955	128	25318400	3617416	6.999029896155479	232	9985024	2.794564591930179	93538.72581971038	1110105088	1649208320	934167552	7298184.0	4096
qwen3	1	892	956	128	25274368	3617532	6.9866320072031245	232	9985024	2.794564591930179	93348.42909622553	1099680768	1643952128	924816384	7225128.0	3072
qwen3	1	893	957	128	25235456	3617649	6.9756502027644816	232	9985024	2.794564591930179	93180.20133825793	1094715392	1639463936	920823808	7193936.0	4096
qwen3	1	894	958	128	25123840	3617766	6.944572728463432	232	9985024	2.794564591930179	92698.59426994548	1089443840	1635536896	917398528	7167176.0	4096
qwen3	1	895	959	128	25170944	3617883	6.957368221730747	232	9985024	2.794564591930179	92901.12513266753	1087209472	1631309824	914158592	7141864.0	3072
qwen3	1	896	960	128	25110528	3618000	6.94044481070806	232	9985024	2.794564591930179	92640.2077195275	1084384256	1627949056	909374464	7104488.0	4096
qwen3	1	897	961	128	25202688	3618117	6.965692498481533	232	9985024	2.794564591930179	93036.94547880127	1088972800	1634801664	916006912	7156304.0	4096
qwen3	1	898	962	128	25162752	3618233	6.954430132306814	232	9985024	2.794564591930179	92864.3039277302	1090998272	1632501760	916008960	7156320.0	4096
qwen3	1	899	963	128	25049088	3618350	6.922792357031808	232	9985024	2.794564591930179	92373.86927321086	1072114688	1616939008	900279296	7033432.0	3072
qwen3	1	900	964	128	25267200	3618467	6.982846278173828	232	9985024	2.794564591930179	93313.50358420877	1099380736	1642110976	922283008	7205336.0	3072
qwen3	1	901	965	128	25205760	3618584	6.965641793060828	232	9985024	2.794564591930179	93048.1723779653	1102034944	1640509440	925456384	7230128.0	3072
qwen3	1	902	966	128	25283584	3618701	6.986922948563759	232	9985024	2.794564591930179	93383.11703379078	1096204288	1643314176	921946112	7202704.0	4096
qwen3	1	903	967	128	25226240	3618818	6.970851304166914	232	9985024	2.794564591930179	93135.44099996111	1101458432	1644547072	925882368	7233456.0	3072
qwen3	1	904	968	128	25241600	3618935	6.974870588483287	232	9985024	2.794564591930179	93201.14427647625	1097246720	1640462336	922554368	7207456.0	3072
qwen3	1	905	969	128	25240576	3619051	6.974362460071743	232	9985024	2.794564591930179	93196.22686333623	1095270400	1640199168	920549376	7191792.0	3072
qwen3	1	906	970	128	25252864	3619168	6.977532557698852	232	9985024	2.794564591930179	93248.68876054103	1103776768	1647043584	928614400	7254800.0	4096
qwen3	1	907	971	128	25211904	3619285	6.965990152693525	232	9985024	2.794564591930179	93071.6334163665	1096860672	1638574080	920725504	7193168.0	3072
qwen3	1	908	972	128	25267200	3619402	6.981042942204937	232	9985024	2.794564591930179	93309.47462391615	1099874304	1641533440	922749952	7208984.0	4096
qwen3	1	909	973	128	25205760	3619519	6.963842958258583	232	9985024	2.794564591930179	93044.14341767268	1098567680	1639096320	922661888	7208296.0	3072
qwen3	1	910	974	128	25325568	3619636	6.996717634021645	232	9985024	2.794564591930179	93560.05359073952	1104382976	1647755264	928045056	7250352.0	4096
qwen3	1	911	975	128	25153536	3619752	6.948965888597374	232	9985024	2.794564591930179	92818.03272932365	1095402496	1638299648	920367104	7190368.0	3072
qwen3	1	912	976	128	25134080	3619869	6.94336681450365	232	9985024	2.794564591930179	92733.66704032155	1087092736	1630186496	912027648	7125216.0	3072
qwen3	1	913	977	128	25092096	3619986	6.93154487350607	232	9985024	2.794564591930179	92552.19790304359	1082513408	1627128832	909317120	7104040.0	3072
qwen3	1	914	978	128	25276416	3620103	6.982236835331757	232	9985024	2.794564591930179	93346.17704162771	1094514688	1640373248	919312384	7182128.0	4096
qwen3	1	915	979	128	25156608	3620220	6.948917365441989	232	9985024	2.794564591930179	92829.25962848766	1090364416	1633511424	915961856	7155952.0	3072
qwen3	1	916	980	128	25244672	3620337	6.973017911618366	232	9985024	2.794564591930179	93208.34221534766	1099544576	1642078208	922423296	7206432.0	2048
qwen3	1	917	981	128	25148416	3620453	6.946206152316078	232	9985024	2.794564591930179	92792.94204358694	1096260608	1635836928	919590912	7184304.0	3072
qwen3	1	918	982	128	25112576	3620570	6.936082997458739	232	9985024	2.794564591930179	92637.95566492966	1080217600	1623380992	905917440	7077480.0	4096
qwen3	1	919	983	128	25194496	3620687	6.958484709150518	232	9985024	2.794564591930179	92990.55549316895	1096765440	1639311360	921155584	7196528.0	3072
qwen3	1	920	984	128	25181184	3620804	6.954583634020807	232	9985024	2.794564591930179	92932.67256278753	1090542592	1633842176	914622464	7145488.0	3072
qwen3	1	921	985	128	25236480	3620921	6.969630477194633	232	9985024	2.794564591930179	93170.51377033717	1098496000	1640732672	922200064	7204688.0	3072
qwen3	1	922	986	128	25247744	3621038	6.972516299010126	232	9985024	2.794564591930179	93218.56187443853	1095942144	1639308288	918837248	7178416.0	3072
qwen3	1	923	987	128	25318400	3621154	6.991803333722887	232	9985024	2.794564591930179	93522.60997853987	1108788224	1648463872	931876864	7280288.0	4096
qwen3	1	924	988	128	25109504	3621271	6.933891925703174	232	9985024	2.794564591930179	92621.69256539985	1081521152	1627127808	907719680	7091560.0	3072
qwen3	1	925	989	128	25366528	3621388	7.00464210035089	232	9985024	2.794564591930179	93729.0510143288	1110985728	1652343808	933276672	7291224.0	3072
qwen3	1	926	990	128	25207808	3621505	6.960589028182717	232	9985024	2.794564591930179	93044.40946325772	1099654144	1642456064	925559808	7230936.0	4096
qwen3	1	927	991	128	25138176	3621622	6.941137722332857	232	9985024	2.794564591930179	92743.76791218667	1086024704	1630283776	912079872	7125624.0	4096
qwen3	1	928	992	128	25299968	3621739	6.9855862628146825	232	9985024	2.794564591930179	93440.64360249492	1104599040	1645580288	927389696	7245232.0	3072
qwen3	1	929	993	128	25265152	3621856	6.975748157842318	232	9985024	2.794564591930179	93290.07101694109	1099228160	1642656768	924237824	7220608.0	3072
qwen3	1	930	994	128	25333760	3621972	6.9944652953107065	232	9985024	2.794564591930179	93585.29153483556	1107234816	1649885184	931449856	7276952.0	4096
qwen3	1	931	995	128	25209856	3622089	6.960031788776509	232	9985024	2.794564591930179	93050.71894928173	1093216256	1638724608	918216704	7173568.0	3072
qwen3	1	932	996	128	25041920	3622206	6.9134443757393305	232	9985024	2.794564591930179	92326.35326027963	1080238080	1622743040	906686464	7083488.0	3072
qwen3	1	933	997	128	25451520	3622323	7.026297991321976	232	9985024	2.794564591930179	94091.36688162237	1116128256	1659945984	939489280	7339760.0	3072
qwen3	1	934	998	128	25236480	3622440	6.966708055234549	232	9985024	2.794564591930179	93163.96670986165	1099458560	1643259904	925111296	7227432.0	4096
qwen3	1	935	999	128	25314304	3622557	6.987966525473365	232	9985024	2.794564591930179	93498.91136568713	1104193536	1647973376	928163840	7251280.0	3072
qwen3	1	936	1000	128	25384960	3622673	7.007244975192825	232	9985024	2.794564591930179	93802.95946978849	1113294848	1654591488	936935424	7319808.0	3072
qwen3	1	937	1001	128	25224192	3622790	6.962642137432682	232	9985024	2.794564591930179	93109.49033251053	1087016960	1633273856	914534400	7144800.0	3072
qwen3	1	938	1002	128	25354240	3622907	6.998313625273068	232	9985024	2.794564591930179	93669.5384366119	1109435392	1649193984	933452800	7292600.0	4096
qwen3	1	939	1003	128	25237504	3623024	6.965867336091309	232	9985024	2.794564591930179	93165.8624027822	1097273344	1641468928	921661440	7200480.0	3072
qwen3	1	940	1004	128	25018368	3623141	6.905160367936353	232	9985024	2.794564591930179	92220.8070586077	1077597184	1621532672	904180736	7063912.0	3072
qwen3	1	941	1005	128	25373696	3623258	7.003006351034141	232	9985024	2.794564591930179	93751.88964546767	1111420928	1653858304	934807552	7303184.0	3072
qwen3	1	942	1006	128	25162752	3623374	6.944562976333327	232	9985024	2.794564591930179	92842.14464612074	1087676416	1631817728	913889280	7139760.0	4096
qwen3	1	943	1007	128	25192448	3623491	6.952534459101325	232	9985024	2.794564591930179	92969.64102608417	1094201344	1637288960	919553024	7184008.0	3072
qwen3	1	944	1008	128	25316352	3623608	6.986503824107098	232	9985024	2.794564591930179	93503.20637156484	1105753088	1646746624	930067456	7266152.0	3072
qwen3	1	945	1009	128	25226240	3623725	6.961411328674727	232	9985024	2.794564591930179	93114.2889584248	1094824960	1637456896	917793792	7170264.0	3072
qwen3	1	946	1010	128	25372672	3623842	7.001594823907625	232	9985024	2.794564591930179	93744.95775218133	1112141824	1653267456	935838720	7311240.0	4096
qwen3	1	947	1011	128	25246720	3623959	6.966613722348632	232	9985024	2.794564591930179	93201.5575804206	1096621056	1640786944	920323072	7190024.0	3072
qwen3	1	948	1012	128	25057280	3624075	6.914116477443219	232	9985024	2.794564591930179	92384.5022362461	1080603648	1624936448	908268544	7095848.0	3072
qwen3	1	949	1013	128	25449472	3624192	7.022108581892608	232	9985024	2.794564591930179	94074.48137483021	1119996928	1659271168	941673472	7356824.0	3072
qwen3	1	950	1014	128	25208832	3624309	6.955486102577513	232	9985024	2.794564591930179	93036.73637548328	1090664448	1633872896	915127296	7149432.0	4096
qwen3	1	951	1015	128	25155584	3624426	6.940570450297293	232	9985024	2.794564591930179	92806.7155140674	1093417984	1636398080	918639616	7176872.0	4096
qwen3	1	952	1016	128	25352192	3624543	6.99459024628585	232	9985024	2.794564591930179	93653.66016989289	1104764928	1649675264	929635328	7262776.0	3072
qwen3	1	953	1017	128	25406464	3624660	7.00933776959789	232	9985024	2.794564591930179	93887.08758433907	1115722752	1656461312	938808320	7334440.0	3072
qwen3	1	954	1018	128	25282560	3624777	6.9749293117894915	232	9985024	2.794564591930179	93352.51499878525	1097337856	1640454144	920838144	7194048.0	4096
qwen3	1	955	1019	128	25243648	3624893	6.963969830851116	232	9985024	2.794564591930179	93184.28724081763	1097578496	1640997888	923387904	7213968.0	3072
qwen3	1	956	1020	128	25453568	3625010	7.021654173593468	232	9985024	2.794564591930179	94088.61120698796	1118995456	1660085248	940518400	7347800.0	3072
qwen3	1	957	1021	128	25208832	3625127	6.9539168484426614	232	9985024	2.794564591930179	93033.21103522724	1095708672	1639568384	921480192	7199064.0	3072
qwen3	1	958	1022	128	25178112	3625244	6.945218814424112	232	9985024	2.794564591930179	92900.2936220872	1096422400	1636886528	920050688	7187896.0	4096
qwen3	1	959	1023	128	25213952	3625361	6.954880893427002	232	9985024	2.794564591930179	93054.27276067132	1091000320	1635234816	915714048	7154016.0	3072
qwen3	1	960	1024	128	25153536	3625478	6.937992468046589	232	9985024	2.794564591930179	92793.3553475313	1089262592	1629947904	912824320	7131440.0	3072
qwen3	1	961	1025	128	25293824	3625594	6.97646267476392	232	9985024	2.794564591930179	93397.54138266713	1104969728	1644943360	926436352	7237784.0	3072
qwen3	1	962	1026	128	25216000	3625711	6.954773377504256	232	9985024	2.794564591930179	93061.58948676848	1095175168	1639661568	919178240	7181080.0	3072
qwen3	1	963	1027	128	25332736	3625828	6.98674494449783	232	9985024	2.794564591930179	93564.25828052501	1107392512	1648291840	929072128	7258376.0	4096
qwen3	1	964	1028	128	25038848	3625945	6.905468384367135	232	9985024	2.794564591930179	92296.99603979877	1076183040	1621007360	903348224	7057408.0	3072
qwen3	1	965	1029	128	25237504	3626062	6.960031483202993	232	9985024	2.794564591930179	93152.76828183116	1091703808	1635992576	916406272	7159424.0	3072
qwen3	1	966	1030	128	25174016	3626179	6.942298984022948	232	9985024	2.794564591930179	92878.60948938079	1098985472	1639680000	921334784	7197928.0	4096
qwen3	1	967	1031	128	25458688	3626295	7.020577455169987	232	9985024	2.794564591930179	94105.14035210283	1121931264	1659789312	942410752	7362584.0	4096
qwen3	1	968	1032	128	25206784	3626412	6.950887562289321	232	9985024	2.794564591930179	93018.84362861798	1098457088	1640397824	920764416	7193472.0	3072
qwen3	1	969	1033	128	25427968	3626529	7.011654166438733	232	9985024	2.794564591930179	93971.71931892622	1120007168	1657786368	941938688	7358896.0	3072
qwen3	1	970	1034	128	25163776	3626646	6.9385807968046604	232	9985024	2.794564591930179	92832.4570782	1085042688	1629033472	910319616	7111872.0	3072
qwen3	1	971	1035	128	25213952	3626763	6.952192190773468	232	9985024	2.794564591930179	93048.22932023238	1091554304	1634961408	914817024	7147008.0	3072
qwen3	1	972	1036	128	25017344	3626880	6.897759644670193	232	9985024	2.794564591930179	92200.27742433373	1074865152	1617500160	899956736	7030912.0	3072
qwen3	1	973	1037	128	25351168	3626996	6.989576129434652	232	9985024	2.794564591930179	93638.67035602129	1111055360	1650276352	932024320	7281440.0	3072
qwen3	1	974	1038	128	25265152	3627113	6.965636248482229	232	9985024	2.794564591930179	93267.40811529505	1104789504	1645148160	928190464	7251488.0	4096
qwen3	1	975	1039	128	25168896	3627230	6.938874819049946	232	9985024	2.794564591930179	92852.00794353434	1090855936	1633067008	914778112	7146704.0	3072
qwen3	1	976	1040	128	25170944	3627347	6.939215912118384	232	9985024	2.794564591930179	92860.33190970466	1090668544	1631324160	913851392	7139464.0	3072
qwen3	1	977	1041	128	25324544	3627464	6.981336035140513	232	9985024	2.794564591930179	93521.89725518532	1108335616	1647294464	928959488	7257496.0	3072
qwen3	1	978	1042	128	25455616	3627581	7.017243245307889	232	9985024	2.794564591930179	94086.35915239013	1123240960	1660746752	943862784	7373928.0	4096
qwen3	1	979	1043	128	25245696	3627698	6.959151330896777	232	9985024	2.794564591930179	93181.02794614666	1096321024	1638525952	918409216	7175072.0	3072
qwen3	1	980	1044	128	25090048	3627814	6.916023130052223	232	9985024	2.794564591930179	92509.62777438592	1085037568	1624683520	908400640	7096880.0	3072
qwen3	1	981	1045	128	25378816	3627931	6.995396171417421	232	9985024	2.794564591930179	93753.81380952177	1113420800	1652852736	933986304	7296768.0	3072
qwen3	1	982	1046	128	25184256	3628048	6.94154425460486	232	9985024	2.794564591930179	92914.68949983001	1089009664	1630089216	911119360	7118120.0	4096
qwen3	1	983	1047	128	25122816	3628165	6.924386531318172	232	9985024	2.794564591930179	92649.35829358654	1091362816	1632710656	914891776	7147592.0	3072
qwen3	1	984	1048	128	25255936	3628282	6.960853092101742	232	9985024	2.794564591930179	93222.64777699824	1097088000	1640493056	920945664	7194888.0	4096
qwen3	1	985	1049	128	25443328	3628399	7.012274867334289	232	9985024	2.794564591930179	94029.86829489269	1121013760	1658639360	941608960	7356320.0	3072
qwen3	1	986	1050	128	25267200	3628515	6.963509106727145	232	9985024	2.794564591930179	93270.19226106301	1098269696	1639661568	920291328	7189776.0	3072
qwen3	1	987	1051	128	25218048	3628632	6.949739286004301	232	9985024	2.794564591930179	93057.8265720609	1098534912	1638189056	921078784	7195928.0	3072
qwen3	1	988	1052	128	25186304	3628749	6.940767597466144	232	9985024	2.794564591930179	92920.49536581743	1087329280	1633539072	912867328	7131776.0	3072
qwen3	1	989	1053	128	25137152	3628866	6.9269993956628655	232	9985024	2.794564591930179	92708.12967681534	1094345728	1634477056	917467136	7167712.0	3072
qwen3	1	990	1054	128	25105408	3628983	6.918029016975739	232	9985024	2.794564591930179	92570.79847057186	1081956352	1625648128	906613760	7082920.0	4096
qwen3	1	991	1055	128	25200640	3629100	6.944047508911414	232	9985024	2.794564591930179	92980.77760915598	1098800128	1639241728	921221120	7197040.0	4096
qwen3	1	992	1056	128	25200640	3629216	6.9438239506107555	232	9985024	2.794564591930179	92980.2739891194	1091748864	1634184192	915632128	7153376.0	3072
qwen3	1	993	1057	128	25079808	3629333	6.9103072393742195	232	9985024	2.794564591930179	92458.94278287592	1079154688	1624762368	905617408	7075136.0	4096
qwen3	1	994	1058	128	25143296	3629450	6.927577238623846	232	9985024	2.794564591930179	92732.09433525315	1081384960	1626299392	906558464	7082488.0	4096
qwen3	1	995	1059	128	25150464	3629567	6.929329123354319	232	9985024	2.794564591930179	92762.4872669407	1091265536	1631657984	914123776	7141592.0	3072
qwen3	1	996	1060	128	25294848	3629684	6.968884739321661	232	9985024	2.794564591930179	93384.32847449032	1100625920	1644048384	923695104	7216368.0	3072
qwen3	1	997	1061	128	25133056	3629801	6.924087170572459	232	9985024	2.794564591930179	92686.44554410892	1093358592	1633630208	916262912	7158304.0	3072
qwen3	1	998	1062	128	25367552	3629917	6.9884652156389615	232	9985024	2.794564591930179	93696.70054476199	1110880256	1651475456	932744192	7287064.0	4096
qwen3	1	999	1063	128	25128960	3630034	6.922513075647065	232	9985024	2.794564591930179	92667.78313162197	1080333312	1622975488	904610816	7067272.0	3072
qwen3	1	1000	1064	128	25150464	3630151	6.928213988294247	232	9985024	2.794564591930179	92759.96916675782	1085917184	1626605568	909452288	7105096.0	3072
qwen3	1	1001	1065	128	25227264	3630268	6.949146467293177	232	9985024	2.794564591930179	93090.50002947984	1097205760	1637495808	920525824	7191608.0	3072
qwen3	1	1002	1066	128	25202688	3630385	6.942153286573187	232	9985024	2.794564591930179	92984.06537496051	1087068160	1632689152	911878144	7124048.0	4096
qwen3	1	1003	1067	128	25162752	3630502	6.930929735722679	232	9985024	2.794564591930179	92811.42382388945	1092609024	1632337920	915962880	7155960.0	3072
qwen3	1	1004	1068	128	25342976	3630619	6.98034671263499	232	9985024	2.794564591930179	93587.74779005976	1107075072	1648269312	927925248	7249416.0	3072
qwen3	1	1005	1069	128	25170944	3630735	6.932739942692183	232	9985024	2.794564591930179	92845.72692864388	1095590912	1636480000	918705152	7177384.0	3072
qwen3	1	1006	1070	128	25305088	3630852	6.969462445468385	232	9985024	2.794564591930179	93423.43020515902	1105936384	1643776000	926614528	7239176.0	4096
qwen3	1	1007	1071	128	25256960	3630969	6.9559833134511635	232	9985024	2.794564591930179	93215.47830926038	1101124608	1640906752	923142144	7212048.0	3072
qwen3	1	1008	1072	128	25155584	3631086	6.927840565073441	232	9985024	2.794564591930179	92778.00917198243	1091760128	1635817472	915728384	7154128.0	4096
qwen3	1	1009	1073	128	25217024	3631203	6.9445376643454075	232	9985024	2.794564591930179	93042.33313815274	1098505216	1637370880	919434240	7183080.0	4096
qwen3	1	1010	1074	128	25339904	3631320	6.978153158528805	232	9985024	2.794564591930179	93571.48469052995	1108972544	1648784384	931302400	7275800.0	4096
qwen3	1	1011	1075	128	25176064	3631436	6.932811506190749	232	9985024	2.794564591930179	92864.77417394165	1086574592	1630224384	909065216	7102072.0	3072
qwen3	1	1012	1076	128	25128960	3631553	6.919617694730011	232	9985024	2.794564591930179	92661.23607114644	1086701568	1627691008	911297536	7119512.0	3072
qwen3	1	1013	1077	128	25319424	3631670	6.971840366170772	232	9985024	2.794564591930179	93481.69796835125	1107448832	1647978496	928275456	7252152.0	3072
qwen3	1	1014	1078	128	25109504	3631787	6.913815323973859	232	9985024	2.794564591930179	92576.36676210776	1080974336	1624493056	905185280	7071760.0	4096
qwen3	1	1015	1079	128	25225216	3631904	6.94545277880239	232	9985024	2.794564591930179	93074.62176276086	1099992064	1640632320	922171392	7204464.0	3072
qwen3	1	1016	1080	128	25180160	3632021	6.9328241318818815	232	9985024	2.794564591930179	92879.91124617256	1089684480	1633311744	914019328	7140776.0	3072
qwen3	1	1017	1081	128	25242624	3632137	6.949798701554579	232	9985024	2.794564591930179	93148.6490054463	1093709824	1637842944	917628928	7168976.0	3072
qwen3	1	1018	1082	128	25456640	3632254	7.008496130393548	232	9985024	2.794564591930179	94070.62814403043	1121683456	1659857920	942870528	7366176.0	4096
qwen3	1	1019	1083	128	25229312	3632371	6.945686779506829	232	9985024	2.794564591930179	93090.26245502832	1093736448	1637875712	916217856	7157952.0	4096
qwen3	1	1020	1084	128	25195520	3632488	6.936160654860425	232	9985024	2.794564591930179	92944.10366257795	1093113856	1633889280	916497408	7160136.0	3072
qwen3	1	1021	1085	128	25203712	3632605	6.9381926898508715	232	9985024	2.794564591930179	92978.91038736897	1098444800	1637235712	920501248	7191416.0	3072
qwen3	1	1022	1086	128	25216000	3632722	6.941352123406868	232	9985024	2.794564591930179	93031.37228457376	1092027392	1635269632	916011008	7156336.0	3072
