event_index	stage	group	fanin	publish_ns
0	0	4294967295	0	0
1	1	4294967295	0	0
2	2	4294967295	0	0
3	3	4294967295	0	0
4	4	4294967295	0	0
5	5	4294967295	0	0
6	6	4294967295	0	0
7	7	4294967295	0	0
8	8	4294967295	0	0
9	9	4294967295	0	0
10	10	4294967295	0	0
11	11	4294967295	0	0
12	12	4294967295	0	0
13	13	4294967295	0	0
14	14	4294967295	0	0
15	15	4294967295	0	0
16	16	4294967295	0	0
17	17	4294967295	0	0
18	18	4294967295	0	0
19	19	4294967295	0	0
20	20	4294967295	0	0
21	21	4294967295	0	0
22	22	4294967295	0	0
23	23	4294967295	0	0
24	24	4294967295	0	0
25	25	4294967295	0	0
26	26	4294967295	0	0
27	27	4294967295	0	0
28	28	4294967295	0	0
29	29	4294967295	0	0
30	0	0	1	1789439318363607040
31	0	1	1	1789439318363607040
32	0	2	1	1789439318363607040
33	0	3	1	1789439318363607040
34	0	4	1	1789439318363607040
35	0	5	1	1789439318363608064
36	0	6	1	1789439318363608064
37	0	7	1	1789439318363607040
38	0	8	1	1789439318363607040
39	0	9	1	1789439318363607040
40	0	10	1	1789439318363607040
41	0	11	1	1789439318363607040
42	0	12	1	1789439318363607040
43	0	13	1	1789439318363607040
44	0	14	1	1789439318363607040
45	0	15	1	1789439318363607040
46	0	16	1	1789439318363607040
47	0	17	1	1789439318363607040
48	0	18	1	1789439318363607040
49	0	19	1	1789439318363607040
50	0	20	1	1789439318363607040
51	0	21	1	1789439318363607040
52	0	22	1	1789439318363607040
53	0	23	1	1789439318363607040
54	0	24	1	1789439318363607040
55	0	25	1	1789439318363607040
56	0	26	1	1789439318363607040
57	0	27	1	1789439318363607040
58	0	28	1	1789439318363607040
59	0	29	1	1789439318363607040
60	0	30	1	1789439318363607040
61	0	31	1	1789439318363607040
62	0	32	1	1789439318363607040
63	0	33	1	1789439318363607040
64	0	34	1	1789439318363607040
65	0	35	1	1789439318363607040
66	0	36	1	1789439318363607040
67	0	37	1	1789439318363607040
68	0	38	1	1789439318363607040
69	0	39	1	1789439318363607040
70	0	40	1	1789439318363607040
71	0	41	1	1789439318363607040
72	0	42	1	1789439318363607040
73	0	43	1	1789439318363607040
74	0	44	1	1789439318363607040
75	0	45	1	1789439318363607040
76	0	46	1	1789439318363607040
77	0	47	1	1789439318363607040
78	0	48	1	1789439318363607040
79	0	49	1	1789439318363607040
80	0	50	1	1789439318363607040
81	0	51	1	1789439318363607040
82	0	52	1	1789439318363607040
83	0	53	1	1789439318363607040
84	0	54	1	1789439318363607040
85	0	55	1	1789439318363607040
86	0	56	1	1789439318363607040
87	0	57	1	1789439318363607040
88	0	58	1	1789439318363607040
89	0	59	1	1789439318363607040
90	0	60	1	1789439318363607040
91	0	61	1	1789439318363607040
92	0	62	1	1789439318363607040
93	0	63	1	1789439318363607040
94	0	64	1	1789439318363608064
95	0	65	1	1789439318363607040
96	0	66	1	1789439318363607040
97	0	67	1	1789439318363607040
98	0	68	1	1789439318363607040
99	0	69	1	1789439318363607040
100	0	70	1	1789439318363607040
101	0	71	1	1789439318363607040
102	0	72	1	1789439318363607040
103	0	73	1	1789439318363607040
104	0	74	1	1789439318363607040
105	0	75	1	1789439318363607040
106	0	76	1	1789439318363607040
107	0	77	1	1789439318363607040
108	0	78	1	1789439318363607040
109	0	79	1	1789439318363607040
110	0	80	1	1789439318363607040
111	0	81	1	1789439318363607040
112	0	82	1	1789439318363607040
113	0	83	1	1789439318363607040
114	0	84	1	1789439318363607040
115	0	85	1	1789439318363607040
116	0	86	1	1789439318363607040
117	0	87	1	1789439318363607040
118	0	88	1	1789439318363607040
119	0	89	1	1789439318363607040
120	0	90	1	1789439318363607040
121	0	91	1	1789439318363607040
122	0	92	1	1789439318363607040
123	0	93	1	1789439318363607040
124	0	94	1	1789439318363607040
125	0	95	1	1789439318363607040
126	0	96	1	1789439318363607040
127	0	97	1	1789439318363607040
128	0	98	1	1789439318363607040
129	0	99	1	1789439318363607040
130	0	100	1	1789439318363607040
131	0	101	1	1789439318363607040
132	0	102	1	1789439318363607040
133	0	103	1	1789439318363607040
134	0	104	1	1789439318363607040
135	0	105	1	1789439318363607040
136	0	106	1	1789439318363607040
137	0	107	1	1789439318363607040
138	0	108	1	1789439318363607040
139	0	109	1	1789439318363607040
140	0	110	1	1789439318363607040
141	0	111	1	1789439318363607040
142	0	112	1	1789439318363607040
143	0	113	1	1789439318363607040
144	0	114	1	1789439318363607040
145	0	115	1	1789439318363607040
146	0	116	1	1789439318363607040
147	0	117	1	1789439318363607040
148	0	118	1	1789439318363607040
149	0	119	1	1789439318363607040
150	0	120	1	1789439318363607040
151	0	121	1	1789439318363607040
152	0	122	1	1789439318363607040
153	0	123	1	1789439318363607040
154	0	124	1	1789439318363607040
155	0	125	1	1789439318363607040
156	0	126	1	1789439318363607040
157	0	127	1	1789439318363607040
158	1	4294967295	4	1789439318363634688
159	2	4294967295	2	1789439318363634688
160	3	4294967295	2	1789439318363634688
161	4	0	1	1789439318363640832
162	4	1	1	1789439318363640832
163	4	2	1	1789439318363640832
164	4	3	1	1789439318363641856
165	4	4	1	1789439318363641856
166	4	5	1	1789439318363640832
167	4	6	1	1789439318363640832
168	4	7	1	1789439318363640832
169	4	8	1	1789439318363641856
170	4	9	1	1789439318363640832
171	4	10	1	1789439318363640832
172	4	11	1	1789439318363640832
173	4	12	1	1789439318363640832
174	4	13	1	1789439318363640832
175	4	14	1	1789439318363640832
176	4	15	1	1789439318363640832
177	4	16	1	1789439318363640832
178	4	17	1	1789439318363640832
179	4	18	1	1789439318363640832
180	4	19	1	1789439318363640832
181	4	20	1	1789439318363640832
182	4	21	1	1789439318363640832
183	4	22	1	1789439318363640832
184	4	23	1	1789439318363640832
185	4	24	1	1789439318363640832
186	4	25	1	1789439318363641856
187	4	26	1	1789439318363641856
188	4	27	1	1789439318363641856
189	4	28	1	1789439318363640832
190	4	29	1	1789439318363641856
191	4	30	1	1789439318363641856
192	4	31	1	1789439318363641856
193	4	32	1	1789439318363641856
194	4	33	1	1789439318363640832
195	4	34	1	1789439318363640832
196	4	35	1	1789439318363640832
197	4	36	1	1789439318363640832
198	4	37	1	1789439318363640832
199	4	38	1	1789439318363640832
200	4	39	1	1789439318363640832
201	4	40	1	1789439318363640832
202	4	41	1	1789439318363640832
203	4	42	1	1789439318363640832
204	4	43	1	1789439318363640832
205	4	44	1	1789439318363640832
206	4	45	1	1789439318363640832
207	4	46	1	1789439318363640832
208	4	47	1	1789439318363640832
209	4	48	1	1789439318363640832
210	4	49	1	1789439318363640832
211	4	50	1	1789439318363640832
212	4	51	1	1789439318363640832
213	4	52	1	1789439318363640832
214	4	53	1	1789439318363640832
215	4	54	1	1789439318363640832
216	4	55	1	1789439318363640832
217	4	56	1	1789439318363641856
218	4	57	1	1789439318363641856
219	4	58	1	1789439318363640832
220	4	59	1	1789439318363640832
221	4	60	1	1789439318363641856
222	4	61	1	1789439318363641856
223	4	62	1	1789439318363641856
224	4	63	1	1789439318363640832
225	4	64	1	1789439318363640832
226	4	65	1	1789439318363640832
227	4	66	1	1789439318363640832
228	4	67	1	1789439318363641856
229	4	68	1	1789439318363640832
230	4	69	1	1789439318363640832
231	4	70	1	1789439318363640832
232	4	71	1	1789439318363640832
233	4	72	1	1789439318363640832
234	4	73	1	1789439318363640832
235	4	74	1	1789439318363640832
236	4	75	1	1789439318363640832
237	4	76	1	1789439318363640832
238	4	77	1	1789439318363640832
239	4	78	1	1789439318363640832
240	4	79	1	1789439318363640832
241	4	80	1	1789439318363640832
242	4	81	1	1789439318363640832
243	4	82	1	1789439318363640832
244	4	83	1	1789439318363640832
245	4	84	1	1789439318363640832
246	4	85	1	1789439318363640832
247	4	86	1	1789439318363640832
248	4	87	1	1789439318363640832
249	4	88	1	1789439318363640832
250	4	89	1	1789439318363641856
251	4	90	1	1789439318363641856
252	4	91	1	1789439318363640832
253	4	92	1	1789439318363640832
254	4	93	1	1789439318363640832
255	4	94	1	1789439318363641856
256	4	95	1	1789439318363641856
257	4	96	1	1789439318363640832
258	4	97	1	1789439318363640832
259	4	98	1	1789439318363640832
260	4	99	1	1789439318363640832
261	4	100	1	1789439318363640832
262	4	101	1	1789439318363640832
263	4	102	1	1789439318363640832
264	4	103	1	1789439318363640832
265	4	104	1	1789439318363640832
266	4	105	1	1789439318363640832
267	4	106	1	1789439318363640832
268	4	107	1	1789439318363640832
269	4	108	1	1789439318363640832
270	4	109	1	1789439318363640832
271	4	110	1	1789439318363640832
272	4	111	1	1789439318363640832
273	4	112	1	1789439318363640832
274	4	113	1	1789439318363640832
275	4	114	1	1789439318363640832
276	4	115	1	1789439318363640832
277	4	116	1	1789439318363640832
278	4	117	1	1789439318363640832
279	4	118	1	1789439318363640832
280	4	119	1	1789439318363640832
281	4	120	1	1789439318363641856
282	4	121	1	1789439318363641856
283	4	122	1	1789439318363641856
284	4	123	1	1789439318363640832
285	4	124	1	1789439318363641856
286	4	125	1	1789439318363641856
287	4	126	1	1789439318363641856
288	4	127	1	1789439318363641856
289	4	128	1	1789439318363640832
290	4	129	1	1789439318363640832
291	4	130	1	1789439318363640832
292	4	131	1	1789439318363641856
293	4	132	1	1789439318363641856
294	4	133	1	1789439318363640832
295	4	134	1	1789439318363640832
296	4	135	1	1789439318363640832
297	4	136	1	1789439318363641856
298	4	137	1	1789439318363640832
299	4	138	1	1789439318363640832
300	4	139	1	1789439318363640832
301	4	140	1	1789439318363640832
302	4	141	1	1789439318363640832
303	4	142	1	1789439318363640832
304	4	143	1	1789439318363640832
305	4	144	1	1789439318363640832
306	4	145	1	1789439318363640832
307	4	146	1	1789439318363640832
308	4	147	1	1789439318363640832
309	4	148	1	1789439318363640832
310	4	149	1	1789439318363640832
311	4	150	1	1789439318363640832
312	4	151	1	1789439318363640832
313	4	152	1	1789439318363640832
314	4	153	1	1789439318363641856
315	4	154	1	1789439318363641856
316	4	155	1	1789439318363641856
317	4	156	1	1789439318363640832
318	4	157	1	1789439318363641856
319	4	158	1	1789439318363641856
320	4	159	1	1789439318363641856
321	4	160	1	1789439318363641856
322	4	161	1	1789439318363640832
323	4	162	1	1789439318363640832
324	4	163	1	1789439318363640832
325	4	164	1	1789439318363640832
326	4	165	1	1789439318363640832
327	4	166	1	1789439318363640832
328	4	167	1	1789439318363640832
329	4	168	1	1789439318363640832
330	4	169	1	1789439318363640832
331	4	170	1	1789439318363640832
332	4	171	1	1789439318363640832
333	4	172	1	1789439318363640832
334	4	173	1	1789439318363640832
335	4	174	1	1789439318363640832
336	4	175	1	1789439318363640832
337	4	176	1	1789439318363640832
338	4	177	1	1789439318363640832
339	4	178	1	1789439318363640832
340	4	179	1	1789439318363640832
341	4	180	1	1789439318363640832
342	4	181	1	1789439318363640832
343	4	182	1	1789439318363640832
344	4	183	1	1789439318363640832
345	4	184	1	1789439318363641856
346	4	185	1	1789439318363641856
347	4	186	1	1789439318363640832
348	4	187	1	1789439318363640832
349	4	188	1	1789439318363641856
350	4	189	1	1789439318363641856
351	4	190	1	1789439318363641856
352	4	191	1	1789439318363640832
353	4	192	1	1789439318363640832
354	4	193	1	1789439318363640832
355	4	194	1	1789439318363640832
356	4	195	1	1789439318363641856
357	4	196	1	1789439318363640832
358	4	197	1	1789439318363640832
359	4	198	1	1789439318363640832
360	4	199	1	1789439318363640832
361	4	200	1	1789439318363640832
362	4	201	1	1789439318363640832
363	4	202	1	1789439318363640832
364	4	203	1	1789439318363640832
365	4	204	1	1789439318363640832
366	4	205	1	1789439318363640832
367	4	206	1	1789439318363640832
368	4	207	1	1789439318363640832
369	4	208	1	1789439318363640832
370	4	209	1	1789439318363640832
371	4	210	1	1789439318363640832
372	4	211	1	1789439318363640832
373	4	212	1	1789439318363640832
374	4	213	1	1789439318363640832
375	4	214	1	1789439318363640832
376	4	215	1	1789439318363640832
377	4	216	1	1789439318363640832
378	4	217	1	1789439318363641856
379	4	218	1	1789439318363641856
380	4	219	1	1789439318363640832
381	4	220	1	1789439318363640832
382	4	221	1	1789439318363640832
383	4	222	1	1789439318363641856
384	4	223	1	1789439318363641856
385	4	224	1	1789439318363640832
386	4	225	1	1789439318363640832
387	4	226	1	1789439318363640832
388	4	227	1	1789439318363640832
389	4	228	1	1789439318363640832
390	4	229	1	1789439318363640832
391	4	230	1	1789439318363640832
392	4	231	1	1789439318363640832
393	4	232	1	1789439318363640832
394	4	233	1	1789439318363640832
395	4	234	1	1789439318363640832
396	4	235	1	1789439318363640832
397	4	236	1	1789439318363640832
398	4	237	1	1789439318363640832
399	4	238	1	1789439318363640832
400	4	239	1	1789439318363640832
401	4	240	1	1789439318363640832
402	4	241	1	1789439318363640832
403	4	242	1	1789439318363640832
404	4	243	1	1789439318363640832
405	4	244	1	1789439318363640832
406	4	245	1	1789439318363640832
407	4	246	1	1789439318363640832
408	4	247	1	1789439318363640832
409	4	248	1	1789439318363641856
410	4	249	1	1789439318363641856
411	4	250	1	1789439318363641856
412	4	251	1	1789439318363640832
413	4	252	1	1789439318363641856
414	4	253	1	1789439318363641856
415	4	254	1	1789439318363641856
416	4	255	1	1789439318363641856
417	4	256	1	1789439318363644928
418	4	257	1	1789439318363643904
419	4	258	1	1789439318363644928
420	4	259	1	1789439318363644928
421	4	260	1	1789439318363644928
422	4	261	1	1789439318363644928
423	4	262	1	1789439318363643904
424	4	263	1	1789439318363644928
425	4	264	1	1789439318363644928
426	4	265	1	1789439318363644928
427	4	266	1	1789439318363644928
428	4	267	1	1789439318363643904
429	4	268	1	1789439318363643904
430	4	269	1	1789439318363643904
431	4	270	1	1789439318363643904
432	4	271	1	1789439318363644928
433	4	272	1	1789439318363643904
434	4	273	1	1789439318363643904
435	4	274	1	1789439318363643904
436	4	275	1	1789439318363643904
437	4	276	1	1789439318363643904
438	4	277	1	1789439318363643904
439	4	278	1	1789439318363643904
440	4	279	1	1789439318363643904
441	4	280	1	1789439318363644928
442	4	281	1	1789439318363644928
443	4	282	1	1789439318363644928
444	4	283	1	1789439318363644928
445	4	284	1	1789439318363643904
446	4	285	1	1789439318363644928
447	4	286	1	1789439318363644928
448	4	287	1	1789439318363644928
449	4	288	1	1789439318363644928
450	4	289	1	1789439318363644928
451	4	290	1	1789439318363643904
452	4	291	1	1789439318363644928
453	4	292	1	1789439318363644928
454	4	293	1	1789439318363644928
455	4	294	1	1789439318363644928
456	4	295	1	1789439318363643904
457	4	296	1	1789439318363644928
458	4	297	1	1789439318363644928
459	4	298	1	1789439318363644928
460	4	299	1	1789439318363644928
461	4	300	1	1789439318363643904
462	4	301	1	1789439318363643904
463	4	302	1	1789439318363643904
464	4	303	1	1789439318363643904
465	4	304	1	1789439318363644928
466	4	305	1	1789439318363643904
467	4	306	1	1789439318363643904
468	4	307	1	1789439318363643904
469	4	308	1	1789439318363644928
470	4	309	1	1789439318363643904
471	4	310	1	1789439318363643904
472	4	311	1	1789439318363643904
473	4	312	1	1789439318363644928
474	4	313	1	1789439318363644928
475	4	314	1	1789439318363644928
476	4	315	1	1789439318363644928
477	4	316	1	1789439318363644928
478	4	317	1	1789439318363644928
479	4	318	1	1789439318363644928
480	4	319	1	1789439318363644928
481	4	320	1	1789439318363643904
482	4	321	1	1789439318363643904
483	4	322	1	1789439318363644928
484	4	323	1	1789439318363644928
485	4	324	1	1789439318363644928
486	4	325	1	1789439318363644928
487	4	326	1	1789439318363643904
488	4	327	1	1789439318363644928
489	4	328	1	1789439318363644928
490	4	329	1	1789439318363644928
491	4	330	1	1789439318363644928
492	4	331	1	1789439318363643904
493	4	332	1	1789439318363643904
494	4	333	1	1789439318363643904
495	4	334	1	1789439318363643904
496	4	335	1	1789439318363644928
497	4	336	1	1789439318363643904
498	4	337	1	1789439318363643904
499	4	338	1	1789439318363643904
500	4	339	1	1789439318363643904
501	4	340	1	1789439318363643904
502	4	341	1	1789439318363643904
503	4	342	1	1789439318363643904
504	4	343	1	1789439318363643904
505	4	344	1	1789439318363644928
506	4	345	1	1789439318363644928
507	4	346	1	1789439318363644928
508	4	347	1	1789439318363644928
509	4	348	1	1789439318363643904
510	4	349	1	1789439318363644928
511	4	350	1	1789439318363644928
512	4	351	1	1789439318363644928
513	4	352	1	1789439318363644928
514	4	353	1	1789439318363643904
515	4	354	1	1789439318363643904
516	4	355	1	1789439318363644928
517	4	356	1	1789439318363644928
518	4	357	1	1789439318363644928
519	4	358	1	1789439318363643904
520	4	359	1	1789439318363643904
521	4	360	1	1789439318363643904
522	4	361	1	1789439318363644928
523	4	362	1	1789439318363644928
524	4	363	1	1789439318363644928
525	4	364	1	1789439318363643904
526	4	365	1	1789439318363643904
527	4	366	1	1789439318363643904
528	4	367	1	1789439318363643904
529	4	368	1	1789439318363643904
530	4	369	1	1789439318363643904
531	4	370	1	1789439318363643904
532	4	371	1	1789439318363643904
533	4	372	1	1789439318363643904
534	4	373	1	1789439318363643904
535	4	374	1	1789439318363643904
536	4	375	1	1789439318363643904
537	4	376	1	1789439318363644928
538	4	377	1	1789439318363644928
539	4	378	1	1789439318363644928
540	4	379	1	1789439318363644928
541	4	380	1	1789439318363644928
542	4	381	1	1789439318363644928
543	4	382	1	1789439318363645952
544	4	383	1	1789439318363644928
545	4	384	1	1789439318363644928
546	4	385	1	1789439318363643904
547	4	386	1	1789439318363644928
548	4	387	1	1789439318363644928
549	4	388	1	1789439318363644928
550	4	389	1	1789439318363644928
551	4	390	1	1789439318363643904
552	4	391	1	1789439318363644928
553	4	392	1	1789439318363644928
554	4	393	1	1789439318363644928
555	4	394	1	1789439318363644928
556	4	395	1	1789439318363643904
557	4	396	1	1789439318363643904
558	4	397	1	1789439318363643904
559	4	398	1	1789439318363643904
560	4	399	1	1789439318363644928
561	4	400	1	1789439318363643904
562	4	401	1	1789439318363643904
563	4	402	1	1789439318363643904
564	4	403	1	1789439318363643904
565	4	404	1	1789439318363643904
566	4	405	1	1789439318363643904
567	4	406	1	1789439318363643904
568	4	407	1	1789439318363643904
569	4	408	1	1789439318363644928
570	4	409	1	1789439318363644928
571	4	410	1	1789439318363644928
572	4	411	1	1789439318363644928
573	4	412	1	1789439318363643904
574	4	413	1	1789439318363644928
575	4	414	1	1789439318363644928
576	4	415	1	1789439318363644928
577	4	416	1	1789439318363644928
578	4	417	1	1789439318363644928
579	4	418	1	1789439318363643904
580	4	419	1	1789439318363644928
581	4	420	1	1789439318363644928
582	4	421	1	1789439318363644928
583	4	422	1	1789439318363644928
584	4	423	1	1789439318363643904
585	4	424	1	1789439318363644928
586	4	425	1	1789439318363644928
587	4	426	1	1789439318363644928
588	4	427	1	1789439318363644928
589	4	428	1	1789439318363643904
590	4	429	1	1789439318363643904
591	4	430	1	1789439318363643904
592	4	431	1	1789439318363643904
593	4	432	1	1789439318363644928
594	4	433	1	1789439318363643904
595	4	434	1	1789439318363643904
596	4	435	1	1789439318363643904
597	4	436	1	1789439318363644928
598	4	437	1	1789439318363643904
599	4	438	1	1789439318363643904
600	4	439	1	1789439318363643904
601	4	440	1	1789439318363644928
602	4	441	1	1789439318363644928
603	4	442	1	1789439318363644928
604	4	443	1	1789439318363644928
605	4	444	1	1789439318363644928
606	4	445	1	1789439318363644928
607	4	446	1	1789439318363644928
608	4	447	1	1789439318363644928
609	4	448	1	1789439318363643904
610	4	449	1	1789439318363643904
611	4	450	1	1789439318363644928
612	4	451	1	1789439318363644928
613	4	452	1	1789439318363644928
614	4	453	1	1789439318363644928
615	4	454	1	1789439318363643904
616	4	455	1	1789439318363644928
617	4	456	1	1789439318363644928
618	4	457	1	1789439318363644928
619	4	458	1	1789439318363644928
620	4	459	1	1789439318363643904
621	4	460	1	1789439318363643904
622	4	461	1	1789439318363643904
623	4	462	1	1789439318363643904
624	4	463	1	1789439318363644928
625	4	464	1	1789439318363643904
626	4	465	1	1789439318363643904
627	4	466	1	1789439318363643904
628	4	467	1	1789439318363643904
629	4	468	1	1789439318363643904
630	4	469	1	1789439318363643904
631	4	470	1	1789439318363643904
632	4	471	1	1789439318363643904
633	4	472	1	1789439318363644928
634	4	473	1	1789439318363644928
635	4	474	1	1789439318363644928
636	4	475	1	1789439318363644928
637	4	476	1	1789439318363643904
638	4	477	1	1789439318363644928
639	4	478	1	1789439318363644928
640	4	479	1	1789439318363644928
641	4	480	1	1789439318363644928
642	4	481	1	1789439318363643904
643	4	482	1	1789439318363643904
644	4	483	1	1789439318363644928
645	4	484	1	1789439318363644928
646	4	485	1	1789439318363644928
647	4	486	1	1789439318363643904
648	4	487	1	1789439318363643904
649	4	488	1	1789439318363643904
650	4	489	1	1789439318363644928
651	4	490	1	1789439318363644928
652	4	491	1	1789439318363644928
653	4	492	1	1789439318363643904
654	4	493	1	1789439318363643904
655	4	494	1	1789439318363643904
656	4	495	1	1789439318363643904
657	4	496	1	1789439318363643904
658	4	497	1	1789439318363643904
659	4	498	1	1789439318363643904
660	4	499	1	1789439318363643904
661	4	500	1	1789439318363643904
662	4	501	1	1789439318363643904
663	4	502	1	1789439318363643904
664	4	503	1	1789439318363643904
665	4	504	1	1789439318363644928
666	4	505	1	1789439318363644928
667	4	506	1	1789439318363644928
668	4	507	1	1789439318363644928
669	4	508	1	1789439318363644928
670	4	509	1	1789439318363644928
671	4	510	1	1789439318363645952
672	4	511	1	1789439318363644928
673	5	0	1	1789439318363637760
674	5	1	1	1789439318363637760
675	5	2	1	1789439318363637760
676	5	3	1	1789439318363637760
677	5	4	1	1789439318363637760
678	5	5	1	1789439318363637760
679	5	6	1	1789439318363637760
680	5	7	1	1789439318363637760
681	5	8	1	1789439318363637760
682	5	9	1	1789439318363637760
683	5	10	1	1789439318363637760
684	5	11	1	1789439318363637760
685	5	12	1	1789439318363637760
686	5	13	1	1789439318363637760
687	5	14	1	1789439318363637760
688	5	15	1	1789439318363637760
689	5	16	1	1789439318363637760
690	5	17	1	1789439318363637760
691	5	18	1	1789439318363637760
692	5	19	1	1789439318363637760
693	5	20	1	1789439318363637760
694	5	21	1	1789439318363637760
695	5	22	1	1789439318363637760
696	5	23	1	1789439318363637760
697	5	24	1	1789439318363637760
698	5	25	1	1789439318363637760
699	5	26	1	1789439318363637760
700	5	27	1	1789439318363637760
701	5	28	1	1789439318363637760
702	5	29	1	1789439318363637760
703	5	30	1	1789439318363637760
704	5	31	1	1789439318363637760
705	5	32	1	1789439318363637760
706	5	33	1	1789439318363637760
707	5	34	1	1789439318363637760
708	5	35	1	1789439318363637760
709	5	36	1	1789439318363637760
710	5	37	1	1789439318363637760
711	5	38	1	1789439318363637760
712	5	39	1	1789439318363637760
713	5	40	1	1789439318363637760
714	5	41	1	1789439318363637760
715	5	42	1	1789439318363637760
716	5	43	1	1789439318363637760
717	5	44	1	1789439318363637760
718	5	45	1	1789439318363637760
719	5	46	1	1789439318363637760
720	5	47	1	1789439318363637760
721	5	48	1	1789439318363637760
722	5	49	1	1789439318363637760
723	5	50	1	1789439318363637760
724	5	51	1	1789439318363637760
725	5	52	1	1789439318363637760
726	5	53	1	1789439318363637760
727	5	54	1	1789439318363637760
728	5	55	1	1789439318363637760
729	5	56	1	1789439318363637760
730	5	57	1	1789439318363637760
731	5	58	1	1789439318363637760
732	5	59	1	1789439318363637760
733	5	60	1	1789439318363637760
734	5	61	1	1789439318363637760
735	5	62	1	1789439318363637760
736	5	63	1	1789439318363637760
737	5	64	1	1789439318363637760
738	5	65	1	1789439318363637760
739	5	66	1	1789439318363637760
740	5	67	1	1789439318363637760
741	5	68	1	1789439318363637760
742	5	69	1	1789439318363637760
743	5	70	1	1789439318363637760
744	5	71	1	1789439318363637760
745	5	72	1	1789439318363637760
746	5	73	1	1789439318363637760
747	5	74	1	1789439318363637760
748	5	75	1	1789439318363637760
749	5	76	1	1789439318363637760
750	5	77	1	1789439318363637760
751	5	78	1	1789439318363637760
752	5	79	1	1789439318363637760
753	5	80	1	1789439318363637760
754	5	81	1	1789439318363637760
755	5	82	1	1789439318363637760
756	5	83	1	1789439318363637760
757	5	84	1	1789439318363637760
758	5	85	1	1789439318363637760
759	5	86	1	1789439318363637760
760	5	87	1	1789439318363637760
761	5	88	1	1789439318363637760
762	5	89	1	1789439318363637760
763	5	90	1	1789439318363637760
764	5	91	1	1789439318363637760
765	5	92	1	1789439318363637760
766	5	93	1	1789439318363637760
767	5	94	1	1789439318363637760
768	5	95	1	1789439318363637760
769	5	96	1	1789439318363637760
770	5	97	1	1789439318363637760
771	5	98	1	1789439318363637760
772	5	99	1	1789439318363637760
773	5	100	1	1789439318363637760
774	5	101	1	1789439318363637760
775	5	102	1	1789439318363637760
776	5	103	1	1789439318363637760
777	5	104	1	1789439318363637760
778	5	105	1	1789439318363637760
779	5	106	1	1789439318363637760
780	5	107	1	1789439318363637760
781	5	108	1	1789439318363637760
782	5	109	1	1789439318363637760
783	5	110	1	1789439318363637760
784	5	111	1	1789439318363637760
785	5	112	1	1789439318363637760
786	5	113	1	1789439318363637760
787	5	114	1	1789439318363637760
788	5	115	1	1789439318363637760
789	5	116	1	1789439318363637760
790	5	117	1	1789439318363637760
791	5	118	1	1789439318363637760
792	5	119	1	1789439318363637760
793	5	120	1	1789439318363637760
794	5	121	1	1789439318363637760
795	5	122	1	1789439318363637760
796	5	123	1	1789439318363637760
797	5	124	1	1789439318363637760
798	5	125	1	1789439318363637760
799	5	126	1	1789439318363637760
800	5	127	1	1789439318363637760
801	5	128	1	1789439318363637760
802	5	129	1	1789439318363637760
803	5	130	1	1789439318363637760
804	5	131	1	1789439318363637760
805	5	132	1	1789439318363637760
806	5	133	1	1789439318363637760
807	5	134	1	1789439318363637760
808	5	135	1	1789439318363637760
809	5	136	1	1789439318363637760
810	5	137	1	1789439318363637760
811	5	138	1	1789439318363637760
812	5	139	1	1789439318363637760
813	5	140	1	1789439318363637760
814	5	141	1	1789439318363637760
815	5	142	1	1789439318363637760
816	5	143	1	1789439318363637760
817	5	144	1	1789439318363637760
818	5	145	1	1789439318363637760
819	5	146	1	1789439318363637760
820	5	147	1	1789439318363637760
821	5	148	1	1789439318363637760
822	5	149	1	1789439318363637760
823	5	150	1	1789439318363637760
824	5	151	1	1789439318363637760
825	5	152	1	1789439318363637760
826	5	153	1	1789439318363637760
827	5	154	1	1789439318363637760
828	5	155	1	1789439318363637760
829	5	156	1	1789439318363637760
830	5	157	1	1789439318363637760
831	5	158	1	1789439318363637760
832	5	159	1	1789439318363637760
833	5	160	1	1789439318363637760
834	5	161	1	1789439318363637760
835	5	162	1	1789439318363637760
836	5	163	1	1789439318363637760
837	5	164	1	1789439318363637760
838	5	165	1	1789439318363637760
839	5	166	1	1789439318363637760
840	5	167	1	1789439318363637760
841	5	168	1	1789439318363637760
842	5	169	1	1789439318363637760
843	5	170	1	1789439318363637760
844	5	171	1	1789439318363637760
845	5	172	1	1789439318363637760
846	5	173	1	1789439318363637760
847	5	174	1	1789439318363637760
848	5	175	1	1789439318363637760
849	5	176	1	1789439318363637760
850	5	177	1	1789439318363637760
851	5	178	1	1789439318363637760
852	5	179	1	1789439318363637760
853	5	180	1	1789439318363637760
854	5	181	1	1789439318363637760
855	5	182	1	1789439318363637760
856	5	183	1	1789439318363637760
857	5	184	1	1789439318363637760
858	5	185	1	1789439318363637760
859	5	186	1	1789439318363637760
860	5	187	1	1789439318363637760
861	5	188	1	1789439318363637760
862	5	189	1	1789439318363637760
863	5	190	1	1789439318363637760
864	5	191	1	1789439318363637760
865	5	192	1	1789439318363637760
866	5	193	1	1789439318363637760
867	5	194	1	1789439318363637760
868	5	195	1	1789439318363637760
869	5	196	1	1789439318363637760
870	5	197	1	1789439318363637760
871	5	198	1	1789439318363637760
872	5	199	1	1789439318363637760
873	5	200	1	1789439318363637760
874	5	201	1	1789439318363637760
875	5	202	1	1789439318363637760
876	5	203	1	1789439318363637760
877	5	204	1	1789439318363637760
878	5	205	1	1789439318363637760
879	5	206	1	1789439318363637760
880	5	207	1	1789439318363637760
881	5	208	1	1789439318363637760
882	5	209	1	1789439318363637760
883	5	210	1	1789439318363637760
884	5	211	1	1789439318363637760
885	5	212	1	1789439318363637760
886	5	213	1	1789439318363637760
887	5	214	1	1789439318363637760
888	5	215	1	1789439318363637760
889	5	216	1	1789439318363637760
890	5	217	1	1789439318363637760
891	5	218	1	1789439318363637760
892	5	219	1	1789439318363637760
893	5	220	1	1789439318363637760
894	5	221	1	1789439318363637760
895	5	222	1	1789439318363637760
896	5	223	1	1789439318363637760
897	5	224	1	1789439318363637760
898	5	225	1	1789439318363637760
899	5	226	1	1789439318363637760
900	5	227	1	1789439318363637760
901	5	228	1	1789439318363637760
902	5	229	1	1789439318363637760
903	5	230	1	1789439318363637760
904	5	231	1	1789439318363637760
905	5	232	1	1789439318363637760
906	5	233	1	1789439318363637760
907	5	234	1	1789439318363637760
908	5	235	1	1789439318363637760
909	5	236	1	1789439318363637760
910	5	237	1	1789439318363637760
911	5	238	1	1789439318363637760
912	5	239	1	1789439318363637760
913	5	240	1	1789439318363637760
914	5	241	1	1789439318363637760
915	5	242	1	1789439318363637760
916	5	243	1	1789439318363637760
917	5	244	1	1789439318363637760
918	5	245	1	1789439318363637760
919	5	246	1	1789439318363637760
920	5	247	1	1789439318363637760
921	5	248	1	1789439318363637760
922	5	249	1	1789439318363637760
923	5	250	1	1789439318363637760
924	5	251	1	1789439318363637760
925	5	252	1	1789439318363637760
926	5	253	1	1789439318363637760
927	5	254	1	1789439318363638784
928	5	255	1	1789439318363637760
929	6	4294967295	256	1789439318363651072
930	7	4294967295	256	1789439318363649024
931	8	0	1	1789439318363675648
932	8	1	1	1789439318363675648
933	8	2	1	1789439318363676672
934	8	3	1	1789439318363702272
935	8	4	1	1789439318363702272
936	8	5	1	1789439318363675648
937	8	6	1	1789439318363675648
938	8	7	1	1789439318363675648
939	8	8	1	1789439318363702272
940	8	9	1	1789439318363702272
941	8	10	1	1789439318363675648
942	8	11	1	1789439318363675648
943	8	12	1	1789439318363675648
944	8	13	1	1789439318363675648
945	8	14	1	1789439318363674624
946	8	15	1	1789439318363675648
947	8	16	1	1789439318363675648
948	8	17	1	1789439318363675648
949	8	18	1	1789439318363674624
950	8	19	1	1789439318363675648
951	8	20	1	1789439318363675648
952	8	21	1	1789439318363674624
953	8	22	1	1789439318363675648
954	8	23	1	1789439318363676672
955	8	24	1	1789439318363676672
956	8	25	1	1789439318363702272
957	8	26	1	1789439318363702272
958	8	27	1	1789439318363701248
959	8	28	1	1789439318363675648
960	8	29	1	1789439318363701248
961	8	30	1	1789439318363702272
962	8	31	1	1789439318363702272
963	8	32	1	1789439318363702272
964	8	33	1	1789439318363675648
965	8	34	1	1789439318363675648
966	8	35	1	1789439318363676672
967	8	36	1	1789439318363702272
968	8	37	1	1789439318363702272
969	8	38	1	1789439318363676672
970	8	39	1	1789439318363676672
971	8	40	1	1789439318363676672
972	8	41	1	1789439318363701248
973	8	42	1	1789439318363701248
974	8	43	1	1789439318363676672
975	8	44	1	1789439318363675648
976	8	45	1	1789439318363676672
977	8	46	1	1789439318363677696
978	8	47	1	1789439318363676672
979	8	48	1	1789439318363676672
980	8	49	1	1789439318363676672
981	8	50	1	1789439318363677696
982	8	51	1	1789439318363676672
983	8	52	1	1789439318363676672
984	8	53	1	1789439318363676672
985	8	54	1	1789439318363676672
986	8	55	1	1789439318363677696
987	8	56	1	1789439318363702272
988	8	57	1	1789439318363702272
989	8	58	1	1789439318363702272
990	8	59	1	1789439318363676672
991	8	60	1	1789439318363701248
992	8	61	1	1789439318363702272
993	8	62	1	1789439318363702272
994	8	63	1	1789439318363701248
995	8	64	1	1789439318363677696
996	8	65	1	1789439318363676672
997	8	66	1	1789439318363677696
998	8	67	1	1789439318363702272
999	8	68	1	1789439318363702272
1000	8	69	1	1789439318363676672
1001	8	70	1	1789439318363677696
1002	8	71	1	1789439318363677696
1003	8	72	1	1789439318363702272
1004	8	73	1	1789439318363701248
1005	8	74	1	1789439318363677696
1006	8	75	1	1789439318363677696
1007	8	76	1	1789439318363677696
1008	8	77	1	1789439318363676672
1009	8	78	1	1789439318363677696
1010	8	79	1	1789439318363677696
1011	8	80	1	1789439318363677696
1012	8	81	1	1789439318363677696
1013	8	82	1	1789439318363677696
1014	8	83	1	1789439318363677696
1015	8	84	1	1789439318363676672
1016	8	85	1	1789439318363677696
1017	8	86	1	1789439318363677696
1018	8	87	1	1789439318363677696
1019	8	88	1	1789439318363677696
1020	8	89	1	1789439318363702272
1021	8	90	1	1789439318363702272
1022	8	91	1	1789439318363677696
1023	8	92	1	1789439318363677696
1024	8	93	1	1789439318363701248
1025	8	94	1	1789439318363703296
1026	8	95	1	1789439318363703296
1027	8	96	1	1789439318363702272
1028	8	97	1	1789439318363677696
1029	8	98	1	1789439318363678720
1030	8	99	1	1789439318363677696
1031	8	100	1	1789439318363702272
1032	8	101	1	1789439318363702272
1033	8	102	1	1789439318363677696
1034	8	103	1	1789439318363678720
1035	8	104	1	1789439318363677696
1036	8	105	1	1789439318363701248
1037	8	106	1	1789439318363677696
1038	8	107	1	1789439318363677696
1039	8	108	1	1789439318363678720
1040	8	109	1	1789439318363678720
1041	8	110	1	1789439318363677696
1042	8	111	1	1789439318363677696
1043	8	112	1	1789439318363678720
1044	8	113	1	1789439318363677696
1045	8	114	1	1789439318363678720
1046	8	115	1	1789439318363677696
1047	8	116	1	1789439318363677696
1048	8	117	1	1789439318363677696
1049	8	118	1	1789439318363679744
1050	8	119	1	1789439318363681792
1051	8	120	1	1789439318363703296
1052	8	121	1	1789439318363703296
1053	8	122	1	1789439318363703296
1054	8	123	1	1789439318363701248
1055	8	124	1	1789439318363702272
1056	8	125	1	1789439318363703296
1057	8	126	1	1789439318363678720
1058	8	127	1	1789439318363702272
1059	8	128	1	1789439318363672576
1060	8	129	1	1789439318363672576
1061	8	130	1	1789439318363672576
1062	8	131	1	1789439318363696128
1063	8	132	1	1789439318363696128
1064	8	133	1	1789439318363672576
1065	8	134	1	1789439318363672576
1066	8	135	1	1789439318363672576
1067	8	136	1	1789439318363696128
1068	8	137	1	1789439318363696128
1069	8	138	1	1789439318363672576
1070	8	139	1	1789439318363672576
1071	8	140	1	1789439318363672576
1072	8	141	1	1789439318363672576
1073	8	142	1	1789439318363672576
1074	8	143	1	1789439318363672576
1075	8	144	1	1789439318363672576
1076	8	145	1	1789439318363672576
1077	8	146	1	1789439318363672576
1078	8	147	1	1789439318363672576
1079	8	148	1	1789439318363672576
1080	8	149	1	1789439318363672576
1081	8	150	1	1789439318363672576
1082	8	151	1	1789439318363672576
1083	8	152	1	1789439318363673600
1084	8	153	1	1789439318363697152
1085	8	154	1	1789439318363697152
1086	8	155	1	1789439318363696128
1087	8	156	1	1789439318363672576
1088	8	157	1	1789439318363696128
1089	8	158	1	1789439318363697152
1090	8	159	1	1789439318363697152
1091	8	160	1	1789439318363696128
1092	8	161	1	1789439318363672576
1093	8	162	1	1789439318363672576
1094	8	163	1	1789439318363672576
1095	8	164	1	1789439318363696128
1096	8	165	1	1789439318363696128
1097	8	166	1	1789439318363672576
1098	8	167	1	1789439318363672576
1099	8	168	1	1789439318363672576
1100	8	169	1	1789439318363696128
1101	8	170	1	1789439318363696128
1102	8	171	1	1789439318363672576
1103	8	172	1	1789439318363672576
1104	8	173	1	1789439318363672576
1105	8	174	1	1789439318363672576
1106	8	175	1	1789439318363673600
1107	8	176	1	1789439318363672576
1108	8	177	1	1789439318363672576
1109	8	178	1	1789439318363672576
1110	8	179	1	1789439318363672576
1111	8	180	1	1789439318363672576
1112	8	181	1	1789439318363673600
1113	8	182	1	1789439318363672576
1114	8	183	1	1789439318363672576
1115	8	184	1	1789439318363696128
1116	8	185	1	1789439318363696128
1117	8	186	1	1789439318363697152
1118	8	187	1	1789439318363672576
1119	8	188	1	1789439318363696128
1120	8	189	1	1789439318363697152
1121	8	190	1	1789439318363696128
1122	8	191	1	1789439318363676672
1123	8	192	1	1789439318363673600
1124	8	193	1	1789439318363672576
1125	8	194	1	1789439318363672576
1126	8	195	1	1789439318363696128
1127	8	196	1	1789439318363696128
1128	8	197	1	1789439318363672576
1129	8	198	1	1789439318363672576
1130	8	199	1	1789439318363673600
1131	8	200	1	1789439318363696128
1132	8	201	1	1789439318363695104
1133	8	202	1	1789439318363673600
1134	8	203	1	1789439318363673600
1135	8	204	1	1789439318363672576
1136	8	205	1	1789439318363672576
1137	8	206	1	1789439318363673600
1138	8	207	1	1789439318363673600
1139	8	208	1	1789439318363672576
1140	8	209	1	1789439318363672576
1141	8	210	1	1789439318363673600
1142	8	211	1	1789439318363673600
1143	8	212	1	1789439318363673600
1144	8	213	1	1789439318363672576
1145	8	214	1	1789439318363673600
1146	8	215	1	1789439318363673600
1147	8	216	1	1789439318363673600
1148	8	217	1	1789439318363696128
1149	8	218	1	1789439318363696128
1150	8	219	1	1789439318363673600
1151	8	220	1	1789439318363672576
1152	8	221	1	1789439318363695104
1153	8	222	1	1789439318363696128
1154	8	223	1	1789439318363696128
1155	8	224	1	1789439318363695104
1156	8	225	1	1789439318363673600
1157	8	226	1	1789439318363673600
1158	8	227	1	1789439318363673600
1159	8	228	1	1789439318363696128
1160	8	229	1	1789439318363695104
1161	8	230	1	1789439318363673600
1162	8	231	1	1789439318363673600
1163	8	232	1	1789439318363673600
1164	8	233	1	1789439318363695104
1165	8	234	1	1789439318363673600
1166	8	235	1	1789439318363673600
1167	8	236	1	1789439318363673600
1168	8	237	1	1789439318363673600
1169	8	238	1	1789439318363673600
1170	8	239	1	1789439318363673600
1171	8	240	1	1789439318363673600
1172	8	241	1	1789439318363673600
1173	8	242	1	1789439318363673600
1174	8	243	1	1789439318363673600
1175	8	244	1	1789439318363673600
1176	8	245	1	1789439318363673600
1177	8	246	1	1789439318363673600
1178	8	247	1	1789439318363673600
1179	8	248	1	1789439318363700224
1180	8	249	1	1789439318363700224
1181	8	250	1	1789439318363701248
1182	8	251	1	1789439318363700224
1183	8	252	1	1789439318363700224
1184	8	253	1	1789439318363700224
1185	8	254	1	1789439318363674624
1186	8	255	1	1789439318363700224
1187	8	256	1	1789439318363701248
1188	8	257	1	1789439318363700224
1189	8	258	1	1789439318363700224
1190	8	259	1	1789439318363678720
1191	8	260	1	1789439318363677696
1192	8	261	1	1789439318363701248
1193	8	262	1	1789439318363702272
1194	8	263	1	1789439318363701248
1195	8	264	1	1789439318363677696
1196	8	265	1	1789439318363677696
1197	8	266	1	1789439318363701248
1198	8	267	1	1789439318363701248
1199	8	268	1	1789439318363701248
1200	8	269	1	1789439318363700224
1201	8	270	1	1789439318363700224
1202	8	271	1	1789439318363701248
1203	8	272	1	1789439318363701248
1204	8	273	1	1789439318363701248
1205	8	274	1	1789439318363701248
1206	8	275	1	1789439318363702272
1207	8	276	1	1789439318363700224
1208	8	277	1	1789439318363700224
1209	8	278	1	1789439318363700224
1210	8	279	1	1789439318363701248
1211	8	280	1	1789439318363700224
1212	8	281	1	1789439318363677696
1213	8	282	1	1789439318363677696
1214	8	283	1	1789439318363677696
1215	8	284	1	1789439318363700224
1216	8	285	1	1789439318363677696
1217	8	286	1	1789439318363678720
1218	8	287	1	1789439318363678720
1219	8	288	1	1789439318363678720
1220	8	289	1	1789439318363701248
1221	8	290	1	1789439318363701248
1222	8	291	1	1789439318363701248
1223	8	292	1	1789439318363677696
1224	8	293	1	1789439318363677696
1225	8	294	1	1789439318363700224
1226	8	295	1	1789439318363701248
1227	8	296	1	1789439318363700224
1228	8	297	1	1789439318363677696
1229	8	298	1	1789439318363677696
1230	8	299	1	1789439318363701248
1231	8	300	1	1789439318363700224
1232	8	301	1	1789439318363700224
1233	8	302	1	1789439318363701248
1234	8	303	1	1789439318363701248
1235	8	304	1	1789439318363700224
1236	8	305	1	1789439318363700224
1237	8	306	1	1789439318363702272
1238	8	307	1	1789439318363701248
1239	8	308	1	1789439318363701248
1240	8	309	1	1789439318363700224
1241	8	310	1	1789439318363701248
1242	8	311	1	1789439318363702272
1243	8	312	1	1789439318363678720
1244	8	313	1	1789439318363678720
1245	8	314	1	1789439318363678720
1246	8	315	1	1789439318363700224
1247	8	316	1	1789439318363677696
1248	8	317	1	1789439318363678720
1249	8	318	1	1789439318363678720
1250	8	319	1	1789439318363673600
1251	8	320	1	1789439318363702272
1252	8	321	1	1789439318363700224
1253	8	322	1	1789439318363700224
1254	8	323	1	1789439318363677696
1255	8	324	1	1789439318363677696
1256	8	325	1	1789439318363700224
1257	8	326	1	1789439318363700224
1258	8	327	1	1789439318363700224
1259	8	328	1	1789439318363677696
1260	8	329	1	1789439318363677696
1261	8	330	1	1789439318363701248
1262	8	331	1	1789439318363701248
1263	8	332	1	1789439318363700224
1264	8	333	1	1789439318363699200
1265	8	334	1	1789439318363702272
1266	8	335	1	1789439318363700224
1267	8	336	1	1789439318363700224
1268	8	337	1	1789439318363701248
1269	8	338	1	1789439318363701248
1270	8	339	1	1789439318363702272
1271	8	340	1	1789439318363701248
1272	8	341	1	1789439318363701248
1273	8	342	1	1789439318363701248
1274	8	343	1	1789439318363700224
1275	8	344	1	1789439318363702272
1276	8	345	1	1789439318363677696
1277	8	346	1	1789439318363678720
1278	8	347	1	1789439318363702272
1279	8	348	1	1789439318363700224
1280	8	349	1	1789439318363677696
1281	8	350	1	1789439318363678720
1282	8	351	1	1789439318363678720
1283	8	352	1	1789439318363677696
1284	8	353	1	1789439318363701248
1285	8	354	1	1789439318363701248
1286	8	355	1	1789439318363701248
1287	8	356	1	1789439318363678720
1288	8	357	1	1789439318363677696
1289	8	358	1	1789439318363701248
1290	8	359	1	1789439318363700224
1291	8	360	1	1789439318363701248
1292	8	361	1	1789439318363677696
1293	8	362	1	1789439318363701248
1294	8	363	1	1789439318363701248
1295	8	364	1	1789439318363702272
1296	8	365	1	1789439318363701248
1297	8	366	1	1789439318363701248
1298	8	367	1	1789439318363703296
1299	8	368	1	1789439318363702272
1300	8	369	1	1789439318363701248
1301	8	370	1	1789439318363701248
1302	8	371	1	1789439318363702272
1303	8	372	1	1789439318363700224
1304	8	373	1	1789439318363701248
1305	8	374	1	1789439318363702272
1306	8	375	1	1789439318363703296
1307	8	376	1	1789439318363676672
1308	8	377	1	1789439318363676672
1309	8	378	1	1789439318363677696
1310	8	379	1	1789439318363676672
1311	8	380	1	1789439318363676672
1312	8	381	1	1789439318363676672
1313	8	382	1	1789439318363703296
1314	8	383	1	1789439318363676672
1315	8	384	1	1789439318363695104
1316	8	385	1	1789439318363694080
1317	8	386	1	1789439318363694080
1318	8	387	1	1789439318363673600
1319	8	388	1	1789439318363673600
1320	8	389	1	1789439318363695104
1321	8	390	1	1789439318363695104
1322	8	391	1	1789439318363695104
1323	8	392	1	1789439318363673600
1324	8	393	1	1789439318363673600
1325	8	394	1	1789439318363695104
1326	8	395	1	1789439318363695104
1327	8	396	1	1789439318363695104
1328	8	397	1	1789439318363694080
1329	8	398	1	1789439318363696128
1330	8	399	1	1789439318363695104
1331	8	400	1	1789439318363695104
1332	8	401	1	1789439318363695104
1333	8	402	1	1789439318363695104
1334	8	403	1	1789439318363696128
1335	8	404	1	1789439318363695104
1336	8	405	1	1789439318363695104
1337	8	406	1	1789439318363695104
1338	8	407	1	1789439318363695104
1339	8	408	1	1789439318363695104
1340	8	409	1	1789439318363674624
1341	8	410	1	1789439318363674624
1342	8	411	1	1789439318363673600
1343	8	412	1	1789439318363695104
1344	8	413	1	1789439318363673600
1345	8	414	1	1789439318363674624
1346	8	415	1	1789439318363674624
1347	8	416	1	1789439318363673600
1348	8	417	1	1789439318363695104
1349	8	418	1	1789439318363695104
1350	8	419	1	1789439318363695104
1351	8	420	1	1789439318363673600
1352	8	421	1	1789439318363673600
1353	8	422	1	1789439318363694080
1354	8	423	1	1789439318363695104
1355	8	424	1	1789439318363694080
1356	8	425	1	1789439318363673600
1357	8	426	1	1789439318363673600
1358	8	427	1	1789439318363695104
1359	8	428	1	1789439318363694080
1360	8	429	1	1789439318363694080
1361	8	430	1	1789439318363695104
1362	8	431	1	1789439318363695104
1363	8	432	1	1789439318363695104
1364	8	433	1	1789439318363694080
1365	8	434	1	1789439318363695104
1366	8	435	1	1789439318363695104
1367	8	436	1	1789439318363695104
1368	8	437	1	1789439318363695104
1369	8	438	1	1789439318363694080
1370	8	439	1	1789439318363695104
1371	8	440	1	1789439318363674624
1372	8	441	1	1789439318363674624
1373	8	442	1	1789439318363674624
1374	8	443	1	1789439318363695104
1375	8	444	1	1789439318363673600
1376	8	445	1	1789439318363674624
1377	8	446	1	1789439318363674624
1378	8	447	1	1789439318363696128
1379	8	448	1	1789439318363695104
1380	8	449	1	1789439318363695104
1381	8	450	1	1789439318363694080
1382	8	451	1	1789439318363673600
1383	8	452	1	1789439318363673600
1384	8	453	1	1789439318363695104
1385	8	454	1	1789439318363694080
1386	8	455	1	1789439318363694080
1387	8	456	1	1789439318363673600
1388	8	457	1	1789439318363673600
1389	8	458	1	1789439318363695104
1390	8	459	1	1789439318363695104
1391	8	460	1	1789439318363694080
1392	8	461	1	1789439318363694080
1393	8	462	1	1789439318363696128
1394	8	463	1	1789439318363695104
1395	8	464	1	1789439318363694080
1396	8	465	1	1789439318363694080
1397	8	466	1	1789439318363695104
1398	8	467	1	1789439318363696128
1399	8	468	1	1789439318363696128
1400	8	469	1	1789439318363695104
1401	8	470	1	1789439318363695104
1402	8	471	1	1789439318363694080
1403	8	472	1	1789439318363695104
1404	8	473	1	1789439318363673600
1405	8	474	1	1789439318363674624
1406	8	475	1	1789439318363695104
1407	8	476	1	1789439318363694080
1408	8	477	1	1789439318363673600
1409	8	478	1	1789439318363674624
1410	8	479	1	1789439318363673600
1411	8	480	1	1789439318363673600
1412	8	481	1	1789439318363695104
1413	8	482	1	1789439318363695104
1414	8	483	1	1789439318363695104
1415	8	484	1	1789439318363673600
1416	8	485	1	1789439318363673600
1417	8	486	1	1789439318363695104
1418	8	487	1	1789439318363693056
1419	8	488	1	1789439318363695104
1420	8	489	1	1789439318363673600
1421	8	490	1	1789439318363694080
1422	8	491	1	1789439318363694080
1423	8	492	1	1789439318363695104
1424	8	493	1	1789439318363694080
1425	8	494	1	1789439318363695104
1426	8	495	1	1789439318363696128
1427	8	496	1	1789439318363695104
1428	8	497	1	1789439318363695104
1429	8	498	1	1789439318363695104
1430	8	499	1	1789439318363696128
1431	8	500	1	1789439318363698176
1432	8	501	1	1789439318363698176
1433	8	502	1	1789439318363698176
1434	8	503	1	1789439318363697152
1435	8	504	1	1789439318363676672
1436	8	505	1	1789439318363676672
1437	8	506	1	1789439318363677696
1438	8	507	1	1789439318363676672
1439	8	508	1	1789439318363676672
1440	8	509	1	1789439318363676672
1441	8	510	1	1789439318363701248
1442	8	511	1	1789439318363676672
1443	9	0	1	1789439318363742208
1444	9	1	1	1789439318363740160
1445	9	2	1	1789439318363741184
1446	9	3	1	1789439318363743232
1447	10	0	1	1789439318363748352
1448	10	1	1	1789439318363747328
1449	10	2	1	1789439318363747328
1450	10	3	1	1789439318363747328
1451	10	4	1	1789439318363747328
1452	10	5	1	1789439318363748352
1453	10	6	1	1789439318363747328
1454	10	7	1	1789439318363747328
1455	10	8	1	1789439318363747328
1456	10	9	1	1789439318363747328
1457	10	10	1	1789439318363747328
1458	10	11	1	1789439318363747328
1459	10	12	1	1789439318363747328
1460	10	13	1	1789439318363747328
1461	10	14	1	1789439318363747328
1462	10	15	1	1789439318363747328
1463	10	16	1	1789439318363747328
1464	10	17	1	1789439318363747328
1465	10	18	1	1789439318363747328
1466	10	19	1	1789439318363747328
1467	10	20	1	1789439318363747328
1468	10	21	1	1789439318363747328
1469	10	22	1	1789439318363747328
1470	10	23	1	1789439318363747328
1471	10	24	1	1789439318363747328
1472	10	25	1	1789439318363747328
1473	10	26	1	1789439318363747328
1474	10	27	1	1789439318363747328
1475	10	28	1	1789439318363747328
1476	10	29	1	1789439318363747328
1477	10	30	1	1789439318363747328
1478	10	31	1	1789439318363747328
1479	10	32	1	1789439318363747328
1480	10	33	1	1789439318363747328
1481	10	34	1	1789439318363747328
1482	10	35	1	1789439318363747328
1483	10	36	1	1789439318363747328
1484	10	37	1	1789439318363747328
1485	10	38	1	1789439318363747328
1486	10	39	1	1789439318363747328
1487	10	40	1	1789439318363747328
1488	10	41	1	1789439318363747328
1489	10	42	1	1789439318363747328
1490	10	43	1	1789439318363747328
1491	10	44	1	1789439318363747328
1492	10	45	1	1789439318363747328
1493	10	46	1	1789439318363747328
1494	10	47	1	1789439318363747328
1495	10	48	1	1789439318363747328
1496	10	49	1	1789439318363747328
1497	10	50	1	1789439318363747328
1498	10	51	1	1789439318363747328
1499	10	52	1	1789439318363747328
1500	10	53	1	1789439318363747328
1501	10	54	1	1789439318363747328
1502	10	55	1	1789439318363747328
1503	10	56	1	1789439318363747328
1504	10	57	1	1789439318363747328
1505	10	58	1	1789439318363747328
1506	10	59	1	1789439318363747328
1507	10	60	1	1789439318363747328
1508	10	61	1	1789439318363747328
1509	10	62	1	1789439318363747328
1510	10	63	1	1789439318363747328
1511	10	64	1	1789439318363747328
1512	10	65	1	1789439318363747328
1513	10	66	1	1789439318363747328
1514	10	67	1	1789439318363747328
1515	10	68	1	1789439318363747328
1516	10	69	1	1789439318363747328
1517	10	70	1	1789439318363747328
1518	10	71	1	1789439318363747328
1519	10	72	1	1789439318363747328
1520	10	73	1	1789439318363747328
1521	10	74	1	1789439318363747328
1522	10	75	1	1789439318363747328
1523	10	76	1	1789439318363747328
1524	10	77	1	1789439318363747328
1525	10	78	1	1789439318363747328
1526	10	79	1	1789439318363747328
1527	10	80	1	1789439318363747328
1528	10	81	1	1789439318363747328
1529	10	82	1	1789439318363747328
1530	10	83	1	1789439318363747328
1531	10	84	1	1789439318363747328
1532	10	85	1	1789439318363747328
1533	10	86	1	1789439318363747328
1534	10	87	1	1789439318363747328
1535	10	88	1	1789439318363747328
1536	10	89	1	1789439318363747328
1537	10	90	1	1789439318363747328
1538	10	91	1	1789439318363747328
1539	10	92	1	1789439318363747328
1540	10	93	1	1789439318363747328
1541	10	94	1	1789439318363747328
1542	10	95	1	1789439318363747328
1543	10	96	1	1789439318363747328
1544	10	97	1	1789439318363747328
1545	10	98	1	1789439318363747328
1546	10	99	1	1789439318363747328
1547	10	100	1	1789439318363747328
1548	10	101	1	1789439318363747328
1549	10	102	1	1789439318363747328
1550	10	103	1	1789439318363747328
1551	10	104	1	1789439318363747328
1552	10	105	1	1789439318363747328
1553	10	106	1	1789439318363747328
1554	10	107	1	1789439318363747328
1555	10	108	1	1789439318363747328
1556	10	109	1	1789439318363747328
1557	10	110	1	1789439318363747328
1558	10	111	1	1789439318363747328
1559	10	112	1	1789439318363747328
1560	10	113	1	1789439318363747328
1561	10	114	1	1789439318363747328
1562	10	115	1	1789439318363747328
1563	10	116	1	1789439318363747328
1564	10	117	1	1789439318363747328
1565	10	118	1	1789439318363747328
1566	10	119	1	1789439318363747328
1567	10	120	1	1789439318363747328
1568	10	121	1	1789439318363747328
1569	10	122	1	1789439318363747328
1570	10	123	1	1789439318363747328
1571	10	124	1	1789439318363747328
1572	10	125	1	1789439318363747328
1573	10	126	1	1789439318363747328
1574	10	127	1	1789439318363747328
1575	11	0	1	1789439318363774976
1576	11	1	1	1789439318363774976
1577	11	2	1	1789439318363774976
1578	11	3	1	1789439318363774976
1579	11	4	1	1789439318363774976
1580	11	5	1	1789439318363774976
1581	11	6	1	1789439318363774976
1582	11	7	1	1789439318363773952
1583	12	0	1	1789439318363774976
1584	12	1	1	1789439318363774976
1585	12	2	1	1789439318363774976
1586	12	3	1	1789439318363774976
1587	12	4	1	1789439318363774976
1588	12	5	1	1789439318363774976
1589	12	6	1	1789439318363773952
1590	12	7	1	1789439318363774976
1591	13	0	1	1789439318363780096
1592	13	1	1	1789439318363780096
1593	13	2	1	1789439318363780096
1594	13	3	1	1789439318363780096
1595	13	4	1	1789439318363780096
1596	13	5	1	1789439318363780096
1597	13	6	1	1789439318363780096
1598	13	7	1	1789439318363780096
1599	13	8	1	1789439318363780096
1600	13	9	1	1789439318363780096
1601	13	10	1	1789439318363780096
1602	13	11	1	1789439318363780096
1603	13	12	1	1789439318363780096
1604	13	13	1	1789439318363780096
1605	13	14	1	1789439318363780096
1606	13	15	1	1789439318363780096
1607	13	16	1	1789439318363780096
1608	13	17	1	1789439318363780096
1609	13	18	1	1789439318363780096
1610	13	19	1	1789439318363780096
1611	13	20	1	1789439318363780096
1612	13	21	1	1789439318363780096
1613	13	22	1	1789439318363780096
1614	13	23	1	1789439318363780096
1615	13	24	1	1789439318363780096
1616	13	25	1	1789439318363779072
1617	13	26	1	1789439318363780096
1618	13	27	1	1789439318363780096
1619	13	28	1	1789439318363780096
1620	13	29	1	1789439318363780096
1621	13	30	1	1789439318363780096
1622	13	31	1	1789439318363780096
1623	13	32	1	1789439318363780096
1624	13	33	1	1789439318363780096
1625	13	34	1	1789439318363780096
1626	13	35	1	1789439318363780096
1627	13	36	1	1789439318363780096
1628	13	37	1	1789439318363780096
1629	13	38	1	1789439318363780096
1630	13	39	1	1789439318363780096
1631	13	40	1	1789439318363780096
1632	13	41	1	1789439318363780096
1633	13	42	1	1789439318363780096
1634	13	43	1	1789439318363780096
1635	13	44	1	1789439318363780096
1636	13	45	1	1789439318363780096
1637	13	46	1	1789439318363780096
1638	13	47	1	1789439318363780096
1639	13	48	1	1789439318363780096
1640	13	49	1	1789439318363780096
1641	13	50	1	1789439318363780096
1642	13	51	1	1789439318363780096
1643	13	52	1	1789439318363780096
1644	13	53	1	1789439318363780096
1645	13	54	1	1789439318363780096
1646	13	55	1	1789439318363780096
1647	13	56	1	1789439318363779072
1648	13	57	1	1789439318363780096
1649	13	58	1	1789439318363780096
1650	13	59	1	1789439318363780096
1651	13	60	1	1789439318363780096
1652	13	61	1	1789439318363780096
1653	13	62	1	1789439318363780096
1654	13	63	1	1789439318363780096
1655	13	64	1	1789439318363780096
1656	13	65	1	1789439318363780096
1657	13	66	1	1789439318363779072
1658	13	67	1	1789439318363780096
1659	13	68	1	1789439318363780096
1660	13	69	1	1789439318363780096
1661	13	70	1	1789439318363780096
1662	13	71	1	1789439318363780096
1663	13	72	1	1789439318363780096
1664	13	73	1	1789439318363780096
1665	13	74	1	1789439318363780096
1666	13	75	1	1789439318363780096
1667	13	76	1	1789439318363780096
1668	13	77	1	1789439318363780096
1669	13	78	1	1789439318363780096
1670	13	79	1	1789439318363780096
1671	13	80	1	1789439318363780096
1672	13	81	1	1789439318363780096
1673	13	82	1	1789439318363780096
1674	13	83	1	1789439318363780096
1675	13	84	1	1789439318363780096
1676	13	85	1	1789439318363780096
1677	13	86	1	1789439318363780096
1678	13	87	1	1789439318363780096
1679	13	88	1	1789439318363780096
1680	13	89	1	1789439318363779072
1681	13	90	1	1789439318363780096
1682	13	91	1	1789439318363780096
1683	13	92	1	1789439318363780096
1684	13	93	1	1789439318363780096
1685	13	94	1	1789439318363779072
1686	13	95	1	1789439318363780096
1687	13	96	1	1789439318363780096
1688	13	97	1	1789439318363780096
1689	13	98	1	1789439318363780096
1690	13	99	1	1789439318363780096
1691	13	100	1	1789439318363780096
1692	13	101	1	1789439318363780096
1693	13	102	1	1789439318363780096
1694	13	103	1	1789439318363780096
1695	13	104	1	1789439318363780096
1696	13	105	1	1789439318363780096
1697	13	106	1	1789439318363780096
1698	13	107	1	1789439318363780096
1699	13	108	1	1789439318363780096
1700	13	109	1	1789439318363780096
1701	13	110	1	1789439318363780096
1702	13	111	1	1789439318363780096
1703	13	112	1	1789439318363780096
1704	13	113	1	1789439318363780096
1705	13	114	1	1789439318363779072
1706	13	115	1	1789439318363780096
1707	13	116	1	1789439318363780096
1708	13	117	1	1789439318363780096
1709	13	118	1	1789439318363780096
1710	13	119	1	1789439318363780096
1711	13	120	1	1789439318363779072
1712	13	121	1	1789439318363780096
1713	13	122	1	1789439318363780096
1714	13	123	1	1789439318363780096
1715	13	124	1	1789439318363780096
1716	13	125	1	1789439318363779072
1717	13	126	1	1789439318363780096
1718	13	127	1	1789439318363780096
1719	14	0	1	1789439318363836416
1720	14	1	1	1789439318363836416
1721	14	2	1	1789439318363835392
1722	14	3	1	1789439318363836416
1723	15	0	1	1789439318363840512
1724	15	1	1	1789439318363840512
1725	15	2	1	1789439318363840512
1726	15	3	1	1789439318363840512
1727	15	4	1	1789439318363840512
1728	15	5	1	1789439318363840512
1729	15	6	1	1789439318363840512
1730	15	7	1	1789439318363840512
1731	15	8	1	1789439318363840512
1732	15	9	1	1789439318363840512
1733	15	10	1	1789439318363840512
1734	15	11	1	1789439318363840512
1735	15	12	1	1789439318363840512
1736	15	13	1	1789439318363840512
1737	15	14	1	1789439318363840512
1738	15	15	1	1789439318363840512
1739	15	16	1	1789439318363840512
1740	15	17	1	1789439318363840512
1741	15	18	1	1789439318363840512
1742	15	19	1	1789439318363840512
1743	15	20	1	1789439318363840512
1744	15	21	1	1789439318363840512
1745	15	22	1	1789439318363840512
1746	15	23	1	1789439318363840512
1747	15	24	1	1789439318363840512
1748	15	25	1	1789439318363840512
1749	15	26	1	1789439318363840512
1750	15	27	1	1789439318363840512
1751	15	28	1	1789439318363840512
1752	15	29	1	1789439318363840512
1753	15	30	1	1789439318363840512
1754	15	31	1	1789439318363840512
1755	15	32	1	1789439318363840512
1756	15	33	1	1789439318363840512
1757	15	34	1	1789439318363840512
1758	15	35	1	1789439318363840512
1759	15	36	1	1789439318363840512
1760	15	37	1	1789439318363840512
1761	15	38	1	1789439318363840512
1762	15	39	1	1789439318363840512
1763	15	40	1	1789439318363840512
1764	15	41	1	1789439318363840512
1765	15	42	1	1789439318363840512
1766	15	43	1	1789439318363840512
1767	15	44	1	1789439318363840512
1768	15	45	1	1789439318363840512
1769	15	46	1	1789439318363840512
1770	15	47	1	1789439318363840512
1771	15	48	1	1789439318363840512
1772	15	49	1	1789439318363840512
1773	15	50	1	1789439318363840512
1774	15	51	1	1789439318363840512
1775	15	52	1	1789439318363840512
1776	15	53	1	1789439318363840512
1777	15	54	1	1789439318363840512
1778	15	55	1	1789439318363840512
1779	15	56	1	1789439318363840512
1780	15	57	1	1789439318363840512
1781	15	58	1	1789439318363840512
1782	15	59	1	1789439318363840512
1783	15	60	1	1789439318363840512
1784	15	61	1	1789439318363840512
1785	15	62	1	1789439318363840512
1786	15	63	1	1789439318363840512
1787	15	64	1	1789439318363840512
1788	15	65	1	1789439318363840512
1789	15	66	1	1789439318363840512
1790	15	67	1	1789439318363840512
1791	15	68	1	1789439318363840512
1792	15	69	1	1789439318363840512
1793	15	70	1	1789439318363840512
1794	15	71	1	1789439318363840512
1795	15	72	1	1789439318363840512
1796	15	73	1	1789439318363840512
1797	15	74	1	1789439318363840512
1798	15	75	1	1789439318363840512
1799	15	76	1	1789439318363840512
1800	15	77	1	1789439318363840512
1801	15	78	1	1789439318363840512
1802	15	79	1	1789439318363840512
1803	15	80	1	1789439318363840512
1804	15	81	1	1789439318363840512
1805	15	82	1	1789439318363840512
1806	15	83	1	1789439318363840512
1807	15	84	1	1789439318363840512
1808	15	85	1	1789439318363840512
1809	15	86	1	1789439318363840512
1810	15	87	1	1789439318363840512
1811	15	88	1	1789439318363840512
1812	15	89	1	1789439318363840512
1813	15	90	1	1789439318363840512
1814	15	91	1	1789439318363840512
1815	15	92	1	1789439318363840512
1816	15	93	1	1789439318363840512
1817	15	94	1	1789439318363840512
1818	15	95	1	1789439318363840512
1819	15	96	1	1789439318363840512
1820	15	97	1	1789439318363840512
1821	15	98	1	1789439318363840512
1822	15	99	1	1789439318363840512
1823	15	100	1	1789439318363840512
1824	15	101	1	1789439318363840512
1825	15	102	1	1789439318363840512
1826	15	103	1	1789439318363840512
1827	15	104	1	1789439318363840512
1828	15	105	1	1789439318363840512
1829	15	106	1	1789439318363840512
1830	15	107	1	1789439318363840512
1831	15	108	1	1789439318363840512
1832	15	109	1	1789439318363840512
1833	15	110	1	1789439318363840512
1834	15	111	1	1789439318363840512
1835	15	112	1	1789439318363840512
1836	15	113	1	1789439318363840512
1837	15	114	1	1789439318363840512
1838	15	115	1	1789439318363840512
1839	15	116	1	1789439318363840512
1840	15	117	1	1789439318363840512
1841	15	118	1	1789439318363840512
1842	15	119	1	1789439318363840512
1843	15	120	1	1789439318363840512
1844	15	121	1	1789439318363840512
1845	15	122	1	1789439318363840512
1846	15	123	1	1789439318363840512
1847	15	124	1	1789439318363840512
1848	15	125	1	1789439318363840512
1849	15	126	1	1789439318363840512
1850	15	127	1	1789439318363840512
1851	16	4294967295	4	1789439318363868160
1852	17	4294967295	2	1789439318363868160
1853	18	4294967295	2	1789439318363868160
1854	19	0	1	1789439318363875328
1855	19	1	1	1789439318363874304
1856	19	2	1	1789439318363874304
1857	19	3	1	1789439318363874304
1858	19	4	1	1789439318363874304
1859	19	5	1	1789439318363875328
1860	19	6	1	1789439318363874304
1861	19	7	1	1789439318363874304
1862	19	8	1	1789439318363874304
1863	19	9	1	1789439318363875328
1864	19	10	1	1789439318363874304
1865	19	11	1	1789439318363874304
1866	19	12	1	1789439318363874304
1867	19	13	1	1789439318363874304
1868	19	14	1	1789439318363874304
1869	19	15	1	1789439318363874304
1870	19	16	1	1789439318363874304
1871	19	17	1	1789439318363874304
1872	19	18	1	1789439318363874304
1873	19	19	1	1789439318363874304
1874	19	20	1	1789439318363874304
1875	19	21	1	1789439318363874304
1876	19	22	1	1789439318363874304
1877	19	23	1	1789439318363874304
1878	19	24	1	1789439318363875328
1879	19	25	1	1789439318363875328
1880	19	26	1	1789439318363874304
1881	19	27	1	1789439318363874304
1882	19	28	1	1789439318363875328
1883	19	29	1	1789439318363875328
1884	19	30	1	1789439318363875328
1885	19	31	1	1789439318363874304
1886	19	32	1	1789439318363874304
1887	19	33	1	1789439318363874304
1888	19	34	1	1789439318363874304
1889	19	35	1	1789439318363875328
1890	19	36	1	1789439318363874304
1891	19	37	1	1789439318363874304
1892	19	38	1	1789439318363874304
1893	19	39	1	1789439318363874304
1894	19	40	1	1789439318363875328
1895	19	41	1	1789439318363875328
1896	19	42	1	1789439318363874304
1897	19	43	1	1789439318363874304
1898	19	44	1	1789439318363874304
1899	19	45	1	1789439318363874304
1900	19	46	1	1789439318363874304
1901	19	47	1	1789439318363874304
1902	19	48	1	1789439318363874304
1903	19	49	1	1789439318363874304
1904	19	50	1	1789439318363874304
1905	19	51	1	1789439318363874304
1906	19	52	1	1789439318363874304
1907	19	53	1	1789439318363874304
1908	19	54	1	1789439318363874304
1909	19	55	1	1789439318363874304
1910	19	56	1	1789439318363874304
1911	19	57	1	1789439318363875328
1912	19	58	1	1789439318363875328
1913	19	59	1	1789439318363875328
1914	19	60	1	1789439318363874304
1915	19	61	1	1789439318363875328
1916	19	62	1	1789439318363875328
1917	19	63	1	1789439318363875328
1918	19	64	1	1789439318363874304
1919	19	65	1	1789439318363874304
1920	19	66	1	1789439318363874304
1921	19	67	1	1789439318363874304
1922	19	68	1	1789439318363874304
1923	19	69	1	1789439318363874304
1924	19	70	1	1789439318363874304
1925	19	71	1	1789439318363874304
1926	19	72	1	1789439318363874304
1927	19	73	1	1789439318363874304
1928	19	74	1	1789439318363874304
1929	19	75	1	1789439318363874304
1930	19	76	1	1789439318363874304
1931	19	77	1	1789439318363874304
1932	19	78	1	1789439318363874304
1933	19	79	1	1789439318363874304
1934	19	80	1	1789439318363874304
1935	19	81	1	1789439318363874304
1936	19	82	1	1789439318363874304
1937	19	83	1	1789439318363874304
1938	19	84	1	1789439318363874304
1939	19	85	1	1789439318363874304
1940	19	86	1	1789439318363874304
1941	19	87	1	1789439318363874304
1942	19	88	1	1789439318363875328
1943	19	89	1	1789439318363875328
1944	19	90	1	1789439318363875328
1945	19	91	1	1789439318363874304
1946	19	92	1	1789439318363875328
1947	19	93	1	1789439318363875328
1948	19	94	1	1789439318363875328
1949	19	95	1	1789439318363875328
1950	19	96	1	1789439318363874304
1951	19	97	1	1789439318363874304
1952	19	98	1	1789439318363874304
1953	19	99	1	1789439318363875328
1954	19	100	1	1789439318363875328
1955	19	101	1	1789439318363874304
1956	19	102	1	1789439318363874304
1957	19	103	1	1789439318363874304
1958	19	104	1	1789439318363875328
1959	19	105	1	1789439318363875328
1960	19	106	1	1789439318363874304
1961	19	107	1	1789439318363874304
1962	19	108	1	1789439318363874304
1963	19	109	1	1789439318363874304
1964	19	110	1	1789439318363874304
1965	19	111	1	1789439318363874304
1966	19	112	1	1789439318363874304
1967	19	113	1	1789439318363874304
1968	19	114	1	1789439318363874304
1969	19	115	1	1789439318363874304
1970	19	116	1	1789439318363874304
1971	19	117	1	1789439318363874304
1972	19	118	1	1789439318363874304
1973	19	119	1	1789439318363874304
1974	19	120	1	1789439318363875328
1975	19	121	1	1789439318363875328
1976	19	122	1	1789439318363875328
1977	19	123	1	1789439318363874304
1978	19	124	1	1789439318363874304
1979	19	125	1	1789439318363874304
1980	19	126	1	1789439318363875328
1981	19	127	1	1789439318363875328
1982	19	128	1	1789439318363875328
1983	19	129	1	1789439318363874304
1984	19	130	1	1789439318363874304
1985	19	131	1	1789439318363874304
1986	19	132	1	1789439318363874304
1987	19	133	1	1789439318363875328
1988	19	134	1	1789439318363874304
1989	19	135	1	1789439318363874304
1990	19	136	1	1789439318363874304
1991	19	137	1	1789439318363875328
1992	19	138	1	1789439318363874304
1993	19	139	1	1789439318363874304
1994	19	140	1	1789439318363874304
1995	19	141	1	1789439318363874304
1996	19	142	1	1789439318363874304
1997	19	143	1	1789439318363874304
1998	19	144	1	1789439318363874304
1999	19	145	1	1789439318363874304
2000	19	146	1	1789439318363874304
2001	19	147	1	1789439318363874304
2002	19	148	1	1789439318363874304
2003	19	149	1	1789439318363874304
2004	19	150	1	1789439318363874304
2005	19	151	1	1789439318363874304
2006	19	152	1	1789439318363875328
2007	19	153	1	1789439318363875328
2008	19	154	1	1789439318363874304
2009	19	155	1	1789439318363874304
2010	19	156	1	1789439318363875328
2011	19	157	1	1789439318363875328
2012	19	158	1	1789439318363875328
2013	19	159	1	1789439318363874304
2014	19	160	1	1789439318363874304
2015	19	161	1	1789439318363874304
2016	19	162	1	1789439318363874304
2017	19	163	1	1789439318363875328
2018	19	164	1	1789439318363874304
2019	19	165	1	1789439318363874304
2020	19	166	1	1789439318363874304
2021	19	167	1	1789439318363874304
2022	19	168	1	1789439318363875328
2023	19	169	1	1789439318363875328
2024	19	170	1	1789439318363874304
2025	19	171	1	1789439318363874304
2026	19	172	1	1789439318363874304
2027	19	173	1	1789439318363874304
2028	19	174	1	1789439318363874304
2029	19	175	1	1789439318363874304
2030	19	176	1	1789439318363874304
2031	19	177	1	1789439318363874304
2032	19	178	1	1789439318363874304
2033	19	179	1	1789439318363874304
2034	19	180	1	1789439318363874304
2035	19	181	1	1789439318363874304
2036	19	182	1	1789439318363874304
2037	19	183	1	1789439318363874304
2038	19	184	1	1789439318363874304
2039	19	185	1	1789439318363875328
2040	19	186	1	1789439318363875328
2041	19	187	1	1789439318363875328
2042	19	188	1	1789439318363874304
2043	19	189	1	1789439318363875328
2044	19	190	1	1789439318363875328
2045	19	191	1	1789439318363875328
2046	19	192	1	1789439318363874304
2047	19	193	1	1789439318363874304
2048	19	194	1	1789439318363874304
2049	19	195	1	1789439318363874304
2050	19	196	1	1789439318363874304
2051	19	197	1	1789439318363874304
2052	19	198	1	1789439318363874304
2053	19	199	1	1789439318363874304
2054	19	200	1	1789439318363874304
2055	19	201	1	1789439318363874304
2056	19	202	1	1789439318363874304
2057	19	203	1	1789439318363874304
2058	19	204	1	1789439318363874304
2059	19	205	1	1789439318363874304
2060	19	206	1	1789439318363874304
2061	19	207	1	1789439318363874304
2062	19	208	1	1789439318363874304
2063	19	209	1	1789439318363874304
2064	19	210	1	1789439318363874304
2065	19	211	1	1789439318363874304
2066	19	212	1	1789439318363874304
2067	19	213	1	1789439318363874304
2068	19	214	1	1789439318363874304
2069	19	215	1	1789439318363874304
2070	19	216	1	1789439318363875328
2071	19	217	1	1789439318363875328
2072	19	218	1	1789439318363875328
2073	19	219	1	1789439318363874304
2074	19	220	1	1789439318363875328
2075	19	221	1	1789439318363875328
2076	19	222	1	1789439318363875328
2077	19	223	1	1789439318363875328
2078	19	224	1	1789439318363874304
2079	19	225	1	1789439318363874304
2080	19	226	1	1789439318363874304
2081	19	227	1	1789439318363875328
2082	19	228	1	1789439318363875328
2083	19	229	1	1789439318363874304
2084	19	230	1	1789439318363874304
2085	19	231	1	1789439318363874304
2086	19	232	1	1789439318363875328
2087	19	233	1	1789439318363875328
2088	19	234	1	1789439318363874304
2089	19	235	1	1789439318363874304
2090	19	236	1	1789439318363874304
2091	19	237	1	1789439318363874304
2092	19	238	1	1789439318363874304
2093	19	239	1	1789439318363874304
2094	19	240	1	1789439318363874304
2095	19	241	1	1789439318363874304
2096	19	242	1	1789439318363874304
2097	19	243	1	1789439318363874304
2098	19	244	1	1789439318363874304
2099	19	245	1	1789439318363874304
2100	19	246	1	1789439318363874304
2101	19	247	1	1789439318363874304
2102	19	248	1	1789439318363875328
2103	19	249	1	1789439318363875328
2104	19	250	1	1789439318363875328
2105	19	251	1	1789439318363874304
2106	19	252	1	1789439318363874304
2107	19	253	1	1789439318363874304
2108	19	254	1	1789439318363875328
2109	19	255	1	1789439318363875328
2110	19	256	1	1789439318363878400
2111	19	257	1	1789439318363878400
2112	19	258	1	1789439318363877376
2113	19	259	1	1789439318363878400
2114	19	260	1	1789439318363878400
2115	19	261	1	1789439318363878400
2116	19	262	1	1789439318363877376
2117	19	263	1	1789439318363877376
2118	19	264	1	1789439318363878400
2119	19	265	1	1789439318363878400
2120	19	266	1	1789439318363878400
2121	19	267	1	1789439318363878400
2122	19	268	1	1789439318363877376
2123	19	269	1	1789439318363877376
2124	19	270	1	1789439318363877376
2125	19	271	1	1789439318363877376
2126	19	272	1	1789439318363877376
2127	19	273	1	1789439318363877376
2128	19	274	1	1789439318363877376
2129	19	275	1	1789439318363877376
2130	19	276	1	1789439318363878400
2131	19	277	1	1789439318363878400
2132	19	278	1	1789439318363877376
2133	19	279	1	1789439318363877376
2134	19	280	1	1789439318363878400
2135	19	281	1	1789439318363878400
2136	19	282	1	1789439318363878400
2137	19	283	1	1789439318363878400
2138	19	284	1	1789439318363878400
2139	19	285	1	1789439318363878400
2140	19	286	1	1789439318363878400
2141	19	287	1	1789439318363878400
2142	19	288	1	1789439318363877376
2143	19	289	1	1789439318363877376
2144	19	290	1	1789439318363878400
2145	19	291	1	1789439318363878400
2146	19	292	1	1789439318363878400
2147	19	293	1	1789439318363878400
2148	19	294	1	1789439318363877376
2149	19	295	1	1789439318363878400
2150	19	296	1	1789439318363878400
2151	19	297	1	1789439318363878400
2152	19	298	1	1789439318363878400
2153	19	299	1	1789439318363877376
2154	19	300	1	1789439318363877376
2155	19	301	1	1789439318363877376
2156	19	302	1	1789439318363877376
2157	19	303	1	1789439318363877376
2158	19	304	1	1789439318363877376
2159	19	305	1	1789439318363877376
2160	19	306	1	1789439318363877376
2161	19	307	1	1789439318363878400
2162	19	308	1	1789439318363878400
2163	19	309	1	1789439318363877376
2164	19	310	1	1789439318363877376
2165	19	311	1	1789439318363877376
2166	19	312	1	1789439318363878400
2167	19	313	1	1789439318363878400
2168	19	314	1	1789439318363878400
2169	19	315	1	1789439318363878400
2170	19	316	1	1789439318363877376
2171	19	317	1	1789439318363878400
2172	19	318	1	1789439318363878400
2173	19	319	1	1789439318363878400
2174	19	320	1	1789439318363878400
2175	19	321	1	1789439318363877376
2176	19	322	1	1789439318363877376
2177	19	323	1	1789439318363877376
2178	19	324	1	1789439318363878400
2179	19	325	1	1789439318363878400
2180	19	326	1	1789439318363877376
2181	19	327	1	1789439318363877376
2182	19	328	1	1789439318363877376
2183	19	329	1	1789439318363878400
2184	19	330	1	1789439318363878400
2185	19	331	1	1789439318363878400
2186	19	332	1	1789439318363877376
2187	19	333	1	1789439318363877376
2188	19	334	1	1789439318363877376
2189	19	335	1	1789439318363877376
2190	19	336	1	1789439318363877376
2191	19	337	1	1789439318363877376
2192	19	338	1	1789439318363877376
2193	19	339	1	1789439318363877376
2194	19	340	1	1789439318363878400
2195	19	341	1	1789439318363877376
2196	19	342	1	1789439318363877376
2197	19	343	1	1789439318363877376
2198	19	344	1	1789439318363878400
2199	19	345	1	1789439318363878400
2200	19	346	1	1789439318363878400
2201	19	347	1	1789439318363878400
2202	19	348	1	1789439318363878400
2203	19	349	1	1789439318363878400
2204	19	350	1	1789439318363878400
2205	19	351	1	1789439318363878400
2206	19	352	1	1789439318363878400
2207	19	353	1	1789439318363877376
2208	19	354	1	1789439318363878400
2209	19	355	1	1789439318363878400
2210	19	356	1	1789439318363878400
2211	19	357	1	1789439318363878400
2212	19	358	1	1789439318363877376
2213	19	359	1	1789439318363878400
2214	19	360	1	1789439318363878400
2215	19	361	1	1789439318363878400
2216	19	362	1	1789439318363878400
2217	19	363	1	1789439318363877376
2218	19	364	1	1789439318363877376
2219	19	365	1	1789439318363877376
2220	19	366	1	1789439318363877376
2221	19	367	1	1789439318363878400
2222	19	368	1	1789439318363877376
2223	19	369	1	1789439318363877376
2224	19	370	1	1789439318363877376
2225	19	371	1	1789439318363878400
2226	19	372	1	1789439318363878400
2227	19	373	1	1789439318363877376
2228	19	374	1	1789439318363877376
2229	19	375	1	1789439318363877376
2230	19	376	1	1789439318363878400
2231	19	377	1	1789439318363878400
2232	19	378	1	1789439318363878400
2233	19	379	1	1789439318363878400
2234	19	380	1	1789439318363878400
2235	19	381	1	1789439318363878400
2236	19	382	1	1789439318363878400
2237	19	383	1	1789439318363878400
2238	19	384	1	1789439318363878400
2239	19	385	1	1789439318363878400
2240	19	386	1	1789439318363877376
2241	19	387	1	1789439318363878400
2242	19	388	1	1789439318363878400
2243	19	389	1	1789439318363878400
2244	19	390	1	1789439318363877376
2245	19	391	1	1789439318363877376
2246	19	392	1	1789439318363878400
2247	19	393	1	1789439318363878400
2248	19	394	1	1789439318363878400
2249	19	395	1	1789439318363878400
2250	19	396	1	1789439318363877376
2251	19	397	1	1789439318363877376
2252	19	398	1	1789439318363877376
2253	19	399	1	1789439318363877376
2254	19	400	1	1789439318363877376
2255	19	401	1	1789439318363877376
2256	19	402	1	1789439318363877376
2257	19	403	1	1789439318363877376
2258	19	404	1	1789439318363878400
2259	19	405	1	1789439318363878400
2260	19	406	1	1789439318363877376
2261	19	407	1	1789439318363877376
2262	19	408	1	1789439318363878400
2263	19	409	1	1789439318363878400
2264	19	410	1	1789439318363878400
2265	19	411	1	1789439318363878400
2266	19	412	1	1789439318363878400
2267	19	413	1	1789439318363878400
2268	19	414	1	1789439318363878400
2269	19	415	1	1789439318363878400
2270	19	416	1	1789439318363877376
2271	19	417	1	1789439318363877376
2272	19	418	1	1789439318363878400
2273	19	419	1	1789439318363878400
2274	19	420	1	1789439318363878400
2275	19	421	1	1789439318363878400
2276	19	422	1	1789439318363877376
2277	19	423	1	1789439318363878400
2278	19	424	1	1789439318363878400
2279	19	425	1	1789439318363878400
2280	19	426	1	1789439318363878400
2281	19	427	1	1789439318363877376
2282	19	428	1	1789439318363877376
2283	19	429	1	1789439318363877376
2284	19	430	1	1789439318363877376
2285	19	431	1	1789439318363877376
2286	19	432	1	1789439318363877376
2287	19	433	1	1789439318363877376
2288	19	434	1	1789439318363877376
2289	19	435	1	1789439318363878400
2290	19	436	1	1789439318363878400
2291	19	437	1	1789439318363877376
2292	19	438	1	1789439318363877376
2293	19	439	1	1789439318363877376
2294	19	440	1	1789439318363878400
2295	19	441	1	1789439318363878400
2296	19	442	1	1789439318363878400
2297	19	443	1	1789439318363878400
2298	19	444	1	1789439318363877376
2299	19	445	1	1789439318363878400
2300	19	446	1	1789439318363878400
2301	19	447	1	1789439318363878400
2302	19	448	1	1789439318363878400
2303	19	449	1	1789439318363877376
2304	19	450	1	1789439318363877376
2305	19	451	1	1789439318363877376
2306	19	452	1	1789439318363878400
2307	19	453	1	1789439318363878400
2308	19	454	1	1789439318363877376
2309	19	455	1	1789439318363877376
2310	19	456	1	1789439318363877376
2311	19	457	1	1789439318363878400
2312	19	458	1	1789439318363878400
2313	19	459	1	1789439318363878400
2314	19	460	1	1789439318363877376
2315	19	461	1	1789439318363877376
2316	19	462	1	1789439318363877376
2317	19	463	1	1789439318363877376
2318	19	464	1	1789439318363877376
2319	19	465	1	1789439318363877376
2320	19	466	1	1789439318363877376
2321	19	467	1	1789439318363877376
2322	19	468	1	1789439318363878400
2323	19	469	1	1789439318363877376
2324	19	470	1	1789439318363877376
2325	19	471	1	1789439318363877376
2326	19	472	1	1789439318363878400
2327	19	473	1	1789439318363878400
2328	19	474	1	1789439318363878400
2329	19	475	1	1789439318363878400
2330	19	476	1	1789439318363878400
2331	19	477	1	1789439318363878400
2332	19	478	1	1789439318363878400
2333	19	479	1	1789439318363878400
2334	19	480	1	1789439318363878400
2335	19	481	1	1789439318363877376
2336	19	482	1	1789439318363878400
2337	19	483	1	1789439318363878400
2338	19	484	1	1789439318363878400
2339	19	485	1	1789439318363878400
2340	19	486	1	1789439318363877376
2341	19	487	1	1789439318363878400
2342	19	488	1	1789439318363878400
2343	19	489	1	1789439318363878400
2344	19	490	1	1789439318363878400
2345	19	491	1	1789439318363877376
2346	19	492	1	1789439318363877376
2347	19	493	1	1789439318363877376
2348	19	494	1	1789439318363877376
2349	19	495	1	1789439318363878400
2350	19	496	1	1789439318363877376
2351	19	497	1	1789439318363877376
2352	19	498	1	1789439318363877376
2353	19	499	1	1789439318363878400
2354	19	500	1	1789439318363878400
2355	19	501	1	1789439318363877376
2356	19	502	1	1789439318363877376
2357	19	503	1	1789439318363877376
2358	19	504	1	1789439318363878400
2359	19	505	1	1789439318363878400
2360	19	506	1	1789439318363878400
2361	19	507	1	1789439318363878400
2362	19	508	1	1789439318363878400
2363	19	509	1	1789439318363878400
2364	19	510	1	1789439318363878400
2365	19	511	1	1789439318363878400
2366	20	0	1	1789439318363871232
2367	20	1	1	1789439318363871232
2368	20	2	1	1789439318363871232
2369	20	3	1	1789439318363871232
2370	20	4	1	1789439318363871232
2371	20	5	1	1789439318363871232
2372	20	6	1	1789439318363871232
2373	20	7	1	1789439318363871232
2374	20	8	1	1789439318363871232
2375	20	9	1	1789439318363871232
2376	20	10	1	1789439318363871232
2377	20	11	1	1789439318363871232
2378	20	12	1	1789439318363871232
2379	20	13	1	1789439318363871232
2380	20	14	1	1789439318363871232
2381	20	15	1	1789439318363871232
2382	20	16	1	1789439318363871232
2383	20	17	1	1789439318363871232
2384	20	18	1	1789439318363871232
2385	20	19	1	1789439318363871232
2386	20	20	1	1789439318363871232
2387	20	21	1	1789439318363871232
2388	20	22	1	1789439318363871232
2389	20	23	1	1789439318363871232
2390	20	24	1	1789439318363871232
2391	20	25	1	1789439318363871232
2392	20	26	1	1789439318363871232
2393	20	27	1	1789439318363871232
2394	20	28	1	1789439318363871232
2395	20	29	1	1789439318363871232
2396	20	30	1	1789439318363871232
2397	20	31	1	1789439318363871232
2398	20	32	1	1789439318363871232
2399	20	33	1	1789439318363871232
2400	20	34	1	1789439318363871232
2401	20	35	1	1789439318363871232
2402	20	36	1	1789439318363871232
2403	20	37	1	1789439318363871232
2404	20	38	1	1789439318363871232
2405	20	39	1	1789439318363871232
2406	20	40	1	1789439318363871232
2407	20	41	1	1789439318363871232
2408	20	42	1	1789439318363871232
2409	20	43	1	1789439318363871232
2410	20	44	1	1789439318363871232
2411	20	45	1	1789439318363871232
2412	20	46	1	1789439318363871232
2413	20	47	1	1789439318363871232
2414	20	48	1	1789439318363871232
2415	20	49	1	1789439318363871232
2416	20	50	1	1789439318363871232
2417	20	51	1	1789439318363871232
2418	20	52	1	1789439318363871232
2419	20	53	1	1789439318363871232
2420	20	54	1	1789439318363871232
2421	20	55	1	1789439318363871232
2422	20	56	1	1789439318363871232
2423	20	57	1	1789439318363871232
2424	20	58	1	1789439318363871232
2425	20	59	1	1789439318363871232
2426	20	60	1	1789439318363871232
2427	20	61	1	1789439318363871232
2428	20	62	1	1789439318363871232
2429	20	63	1	1789439318363871232
2430	20	64	1	1789439318363871232
2431	20	65	1	1789439318363871232
2432	20	66	1	1789439318363871232
2433	20	67	1	1789439318363871232
2434	20	68	1	1789439318363871232
2435	20	69	1	1789439318363871232
2436	20	70	1	1789439318363871232
2437	20	71	1	1789439318363871232
2438	20	72	1	1789439318363871232
2439	20	73	1	1789439318363871232
2440	20	74	1	1789439318363871232
2441	20	75	1	1789439318363871232
2442	20	76	1	1789439318363871232
2443	20	77	1	1789439318363871232
2444	20	78	1	1789439318363871232
2445	20	79	1	1789439318363871232
2446	20	80	1	1789439318363871232
2447	20	81	1	1789439318363871232
2448	20	82	1	1789439318363871232
2449	20	83	1	1789439318363871232
2450	20	84	1	1789439318363871232
2451	20	85	1	1789439318363871232
2452	20	86	1	1789439318363871232
2453	20	87	1	1789439318363871232
2454	20	88	1	1789439318363871232
2455	20	89	1	1789439318363871232
2456	20	90	1	1789439318363871232
2457	20	91	1	1789439318363871232
2458	20	92	1	1789439318363871232
2459	20	93	1	1789439318363871232
2460	20	94	1	1789439318363871232
2461	20	95	1	1789439318363871232
2462	20	96	1	1789439318363871232
2463	20	97	1	1789439318363871232
2464	20	98	1	1789439318363871232
2465	20	99	1	1789439318363871232
2466	20	100	1	1789439318363871232
2467	20	101	1	1789439318363871232
2468	20	102	1	1789439318363871232
2469	20	103	1	1789439318363871232
2470	20	104	1	1789439318363871232
2471	20	105	1	1789439318363871232
2472	20	106	1	1789439318363871232
2473	20	107	1	1789439318363871232
2474	20	108	1	1789439318363871232
2475	20	109	1	1789439318363871232
2476	20	110	1	1789439318363871232
2477	20	111	1	1789439318363871232
2478	20	112	1	1789439318363871232
2479	20	113	1	1789439318363871232
2480	20	114	1	1789439318363871232
2481	20	115	1	1789439318363871232
2482	20	116	1	1789439318363871232
2483	20	117	1	1789439318363871232
2484	20	118	1	1789439318363871232
2485	20	119	1	1789439318363871232
2486	20	120	1	1789439318363871232
2487	20	121	1	1789439318363871232
2488	20	122	1	1789439318363871232
2489	20	123	1	1789439318363871232
2490	20	124	1	1789439318363871232
2491	20	125	1	1789439318363871232
2492	20	126	1	1789439318363871232
2493	20	127	1	1789439318363871232
2494	20	128	1	1789439318363871232
2495	20	129	1	1789439318363871232
2496	20	130	1	1789439318363871232
2497	20	131	1	1789439318363871232
2498	20	132	1	1789439318363871232
2499	20	133	1	1789439318363871232
2500	20	134	1	1789439318363871232
2501	20	135	1	1789439318363871232
2502	20	136	1	1789439318363871232
2503	20	137	1	1789439318363871232
2504	20	138	1	1789439318363871232
2505	20	139	1	1789439318363871232
2506	20	140	1	1789439318363871232
2507	20	141	1	1789439318363871232
2508	20	142	1	1789439318363871232
2509	20	143	1	1789439318363871232
2510	20	144	1	1789439318363871232
2511	20	145	1	1789439318363871232
2512	20	146	1	1789439318363871232
2513	20	147	1	1789439318363871232
2514	20	148	1	1789439318363871232
2515	20	149	1	1789439318363871232
2516	20	150	1	1789439318363871232
2517	20	151	1	1789439318363871232
2518	20	152	1	1789439318363871232
2519	20	153	1	1789439318363871232
2520	20	154	1	1789439318363871232
2521	20	155	1	1789439318363871232
2522	20	156	1	1789439318363871232
2523	20	157	1	1789439318363871232
2524	20	158	1	1789439318363871232
2525	20	159	1	1789439318363871232
2526	20	160	1	1789439318363871232
2527	20	161	1	1789439318363871232
2528	20	162	1	1789439318363871232
2529	20	163	1	1789439318363871232
2530	20	164	1	1789439318363871232
2531	20	165	1	1789439318363871232
2532	20	166	1	1789439318363871232
2533	20	167	1	1789439318363871232
2534	20	168	1	1789439318363871232
2535	20	169	1	1789439318363871232
2536	20	170	1	1789439318363871232
2537	20	171	1	1789439318363871232
2538	20	172	1	1789439318363871232
2539	20	173	1	1789439318363871232
2540	20	174	1	1789439318363871232
2541	20	175	1	1789439318363871232
2542	20	176	1	1789439318363871232
2543	20	177	1	1789439318363871232
2544	20	178	1	1789439318363871232
2545	20	179	1	1789439318363871232
2546	20	180	1	1789439318363871232
2547	20	181	1	1789439318363871232
2548	20	182	1	1789439318363871232
2549	20	183	1	1789439318363871232
2550	20	184	1	1789439318363871232
2551	20	185	1	1789439318363871232
2552	20	186	1	1789439318363871232
2553	20	187	1	1789439318363871232
2554	20	188	1	1789439318363871232
2555	20	189	1	1789439318363871232
2556	20	190	1	1789439318363871232
2557	20	191	1	1789439318363871232
2558	20	192	1	1789439318363871232
2559	20	193	1	1789439318363871232
2560	20	194	1	1789439318363871232
2561	20	195	1	1789439318363871232
2562	20	196	1	1789439318363871232
2563	20	197	1	1789439318363871232
2564	20	198	1	1789439318363871232
2565	20	199	1	1789439318363871232
2566	20	200	1	1789439318363871232
2567	20	201	1	1789439318363871232
2568	20	202	1	1789439318363871232
2569	20	203	1	1789439318363871232
2570	20	204	1	1789439318363871232
2571	20	205	1	1789439318363871232
2572	20	206	1	1789439318363871232
2573	20	207	1	1789439318363871232
2574	20	208	1	1789439318363871232
2575	20	209	1	1789439318363871232
2576	20	210	1	1789439318363871232
2577	20	211	1	1789439318363871232
2578	20	212	1	1789439318363871232
2579	20	213	1	1789439318363871232
2580	20	214	1	1789439318363871232
2581	20	215	1	1789439318363871232
2582	20	216	1	1789439318363871232
2583	20	217	1	1789439318363871232
2584	20	218	1	1789439318363871232
2585	20	219	1	1789439318363871232
2586	20	220	1	1789439318363871232
2587	20	221	1	1789439318363871232
2588	20	222	1	1789439318363871232
2589	20	223	1	1789439318363871232
2590	20	224	1	1789439318363871232
2591	20	225	1	1789439318363871232
2592	20	226	1	1789439318363871232
2593	20	227	1	1789439318363871232
2594	20	228	1	1789439318363871232
2595	20	229	1	1789439318363871232
2596	20	230	1	1789439318363871232
2597	20	231	1	1789439318363871232
2598	20	232	1	1789439318363871232
2599	20	233	1	1789439318363871232
2600	20	234	1	1789439318363871232
2601	20	235	1	1789439318363871232
2602	20	236	1	1789439318363871232
2603	20	237	1	1789439318363871232
2604	20	238	1	1789439318363871232
2605	20	239	1	1789439318363871232
2606	20	240	1	1789439318363871232
2607	20	241	1	1789439318363871232
2608	20	242	1	1789439318363871232
2609	20	243	1	1789439318363871232
2610	20	244	1	1789439318363871232
2611	20	245	1	1789439318363871232
2612	20	246	1	1789439318363871232
2613	20	247	1	1789439318363871232
2614	20	248	1	1789439318363871232
2615	20	249	1	1789439318363871232
2616	20	250	1	1789439318363871232
2617	20	251	1	1789439318363871232
2618	20	252	1	1789439318363871232
2619	20	253	1	1789439318363871232
2620	20	254	1	1789439318363871232
2621	20	255	1	1789439318363871232
2622	21	4294967295	256	1789439318363883520
2623	22	4294967295	256	1789439318363881472
2624	23	0	1	1789439318363909120
2625	23	1	1	1789439318363933696
2626	23	2	1	1789439318363910144
2627	23	3	1	1789439318363933696
2628	23	4	1	1789439318363908096
2629	23	5	1	1789439318363909120
2630	23	6	1	1789439318363933696
2631	23	7	1	1789439318363909120
2632	23	8	1	1789439318363933696
2633	23	9	1	1789439318363909120
2634	23	10	1	1789439318363909120
2635	23	11	1	1789439318363934720
2636	23	12	1	1789439318363908096
2637	23	13	1	1789439318363908096
2638	23	14	1	1789439318363910144
2639	23	15	1	1789439318363934720
2640	23	16	1	1789439318363933696
2641	23	17	1	1789439318363908096
2642	23	18	1	1789439318363909120
2643	23	19	1	1789439318363933696
2644	23	20	1	1789439318363933696
2645	23	21	1	1789439318363933696
2646	23	22	1	1789439318363910144
2647	23	23	1	1789439318363909120
2648	23	24	1	1789439318363909120
2649	23	25	1	1789439318363909120
2650	23	26	1	1789439318363909120
2651	23	27	1	1789439318363933696
2652	23	28	1	1789439318363909120
2653	23	29	1	1789439318363909120
2654	23	30	1	1789439318363910144
2655	23	31	1	1789439318363908096
2656	23	32	1	1789439318363933696
2657	23	33	1	1789439318363909120
2658	23	34	1	1789439318363933696
2659	23	35	1	1789439318363910144
2660	23	36	1	1789439318363909120
2661	23	37	1	1789439318363933696
2662	23	38	1	1789439318363910144
2663	23	39	1	1789439318363933696
2664	23	40	1	1789439318363909120
2665	23	41	1	1789439318363909120
2666	23	42	1	1789439318363933696
2667	23	43	1	1789439318363910144
2668	23	44	1	1789439318363910144
2669	23	45	1	1789439318363910144
2670	23	46	1	1789439318363933696
2671	23	47	1	1789439318363933696
2672	23	48	1	1789439318363910144
2673	23	49	1	1789439318363909120
2674	23	50	1	1789439318363932672
2675	23	51	1	1789439318363934720
2676	23	52	1	1789439318363933696
2677	23	53	1	1789439318363911168
2678	23	54	1	1789439318363911168
2679	23	55	1	1789439318363933696
2680	23	56	1	1789439318363933696
2681	23	57	1	1789439318363910144
2682	23	58	1	1789439318363911168
2683	23	59	1	1789439318363910144
2684	23	60	1	1789439318363933696
2685	23	61	1	1789439318363910144
2686	23	62	1	1789439318363911168
2687	23	63	1	1789439318363911168
2688	23	64	1	1789439318363934720
2689	23	65	1	1789439318363933696
2690	23	66	1	1789439318363910144
2691	23	67	1	1789439318363933696
2692	23	68	1	1789439318363934720
2693	23	69	1	1789439318363934720
2694	23	70	1	1789439318363934720
2695	23	71	1	1789439318363911168
2696	23	72	1	1789439318363933696
2697	23	73	1	1789439318363910144
2698	23	74	1	1789439318363910144
2699	23	75	1	1789439318363934720
2700	23	76	1	1789439318363910144
2701	23	77	1	1789439318363910144
2702	23	78	1	1789439318363910144
2703	23	79	1	1789439318363934720
2704	23	80	1	1789439318363933696
2705	23	81	1	1789439318363910144
2706	23	82	1	1789439318363910144
2707	23	83	1	1789439318363912192
2708	23	84	1	1789439318363933696
2709	23	85	1	1789439318363933696
2710	23	86	1	1789439318363910144
2711	23	87	1	1789439318363910144
2712	23	88	1	1789439318363910144
2713	23	89	1	1789439318363910144
2714	23	90	1	1789439318363910144
2715	23	91	1	1789439318363934720
2716	23	92	1	1789439318363910144
2717	23	93	1	1789439318363910144
2718	23	94	1	1789439318363911168
2719	23	95	1	1789439318363910144
2720	23	96	1	1789439318363935744
2721	23	97	1	1789439318363910144
2722	23	98	1	1789439318363935744
2723	23	99	1	1789439318363911168
2724	23	100	1	1789439318363910144
2725	23	101	1	1789439318363934720
2726	23	102	1	1789439318363911168
2727	23	103	1	1789439318363935744
2728	23	104	1	1789439318363911168
2729	23	105	1	1789439318363910144
2730	23	106	1	1789439318363935744
2731	23	107	1	1789439318363912192
2732	23	108	1	1789439318363911168
2733	23	109	1	1789439318363909120
2734	23	110	1	1789439318363935744
2735	23	111	1	1789439318363935744
2736	23	112	1	1789439318363911168
2737	23	113	1	1789439318363910144
2738	23	114	1	1789439318363934720
2739	23	115	1	1789439318363935744
2740	23	116	1	1789439318363935744
2741	23	117	1	1789439318363935744
2742	23	118	1	1789439318363913216
2743	23	119	1	1789439318363936768
2744	23	120	1	1789439318363935744
2745	23	121	1	1789439318363911168
2746	23	122	1	1789439318363911168
2747	23	123	1	1789439318363911168
2748	23	124	1	1789439318363935744
2749	23	125	1	1789439318363910144
2750	23	126	1	1789439318363912192
2751	23	127	1	1789439318363912192
2752	23	128	1	1789439318363906048
2753	23	129	1	1789439318363929600
2754	23	130	1	1789439318363906048
2755	23	131	1	1789439318363929600
2756	23	132	1	1789439318363906048
2757	23	133	1	1789439318363906048
2758	23	134	1	1789439318363929600
2759	23	135	1	1789439318363906048
2760	23	136	1	1789439318363929600
2761	23	137	1	1789439318363906048
2762	23	138	1	1789439318363906048
2763	23	139	1	1789439318363929600
2764	23	140	1	1789439318363905024
2765	23	141	1	1789439318363905024
2766	23	142	1	1789439318363906048
2767	23	143	1	1789439318363929600
2768	23	144	1	1789439318363929600
2769	23	145	1	1789439318363906048
2770	23	146	1	1789439318363906048
2771	23	147	1	1789439318363929600
2772	23	148	1	1789439318363929600
2773	23	149	1	1789439318363929600
2774	23	150	1	1789439318363906048
2775	23	151	1	1789439318363906048
2776	23	152	1	1789439318363906048
2777	23	153	1	1789439318363907072
2778	23	154	1	1789439318363906048
2779	23	155	1	1789439318363929600
2780	23	156	1	1789439318363906048
2781	23	157	1	1789439318363907072
2782	23	158	1	1789439318363907072
2783	23	159	1	1789439318363906048
2784	23	160	1	1789439318363929600
2785	23	161	1	1789439318363906048
2786	23	162	1	1789439318363929600
2787	23	163	1	1789439318363906048
2788	23	164	1	1789439318363906048
2789	23	165	1	1789439318363929600
2790	23	166	1	1789439318363906048
2791	23	167	1	1789439318363929600
2792	23	168	1	1789439318363906048
2793	23	169	1	1789439318363906048
2794	23	170	1	1789439318363929600
2795	23	171	1	1789439318363906048
2796	23	172	1	1789439318363906048
2797	23	173	1	1789439318363906048
2798	23	174	1	1789439318363930624
2799	23	175	1	1789439318363930624
2800	23	176	1	1789439318363906048
2801	23	177	1	1789439318363906048
2802	23	178	1	1789439318363929600
2803	23	179	1	1789439318363930624
2804	23	180	1	1789439318363929600
2805	23	181	1	1789439318363906048
2806	23	182	1	1789439318363906048
2807	23	183	1	1789439318363929600
2808	23	184	1	1789439318363930624
2809	23	185	1	1789439318363907072
2810	23	186	1	1789439318363907072
2811	23	187	1	1789439318363907072
2812	23	188	1	1789439318363929600
2813	23	189	1	1789439318363906048
2814	23	190	1	1789439318363907072
2815	23	191	1	1789439318363907072
2816	23	192	1	1789439318363931648
2817	23	193	1	1789439318363930624
2818	23	194	1	1789439318363906048
2819	23	195	1	1789439318363929600
2820	23	196	1	1789439318363930624
2821	23	197	1	1789439318363930624
2822	23	198	1	1789439318363929600
2823	23	199	1	1789439318363906048
2824	23	200	1	1789439318363929600
2825	23	201	1	1789439318363906048
2826	23	202	1	1789439318363906048
2827	23	203	1	1789439318363930624
2828	23	204	1	1789439318363906048
2829	23	205	1	1789439318363906048
2830	23	206	1	1789439318363906048
2831	23	207	1	1789439318363929600
2832	23	208	1	1789439318363930624
2833	23	209	1	1789439318363906048
2834	23	210	1	1789439318363906048
2835	23	211	1	1789439318363926528
2836	23	212	1	1789439318363930624
2837	23	213	1	1789439318363929600
2838	23	214	1	1789439318363906048
2839	23	215	1	1789439318363906048
2840	23	216	1	1789439318363907072
2841	23	217	1	1789439318363907072
2842	23	218	1	1789439318363906048
2843	23	219	1	1789439318363928576
2844	23	220	1	1789439318363906048
2845	23	221	1	1789439318363907072
2846	23	222	1	1789439318363907072
2847	23	223	1	1789439318363906048
2848	23	224	1	1789439318363929600
2849	23	225	1	1789439318363906048
2850	23	226	1	1789439318363928576
2851	23	227	1	1789439318363906048
2852	23	228	1	1789439318363906048
2853	23	229	1	1789439318363928576
2854	23	230	1	1789439318363906048
2855	23	231	1	1789439318363928576
2856	23	232	1	1789439318363907072
2857	23	233	1	1789439318363906048
2858	23	234	1	1789439318363928576
2859	23	235	1	1789439318363907072
2860	23	236	1	1789439318363906048
2861	23	237	1	1789439318363906048
2862	23	238	1	1789439318363928576
2863	23	239	1	1789439318363928576
2864	23	240	1	1789439318363907072
2865	23	241	1	1789439318363906048
2866	23	242	1	1789439318363927552
2867	23	243	1	1789439318363928576
2868	23	244	1	1789439318363930624
2869	23	245	1	1789439318363930624
2870	23	246	1	1789439318363906048
2871	23	247	1	1789439318363931648
2872	23	248	1	1789439318363930624
2873	23	249	1	1789439318363907072
2874	23	250	1	1789439318363907072
2875	23	251	1	1789439318363907072
2876	23	252	1	1789439318363930624
2877	23	253	1	1789439318363907072
2878	23	254	1	1789439318363907072
2879	23	255	1	1789439318363908096
2880	23	256	1	1789439318363933696
2881	23	257	1	1789439318363909120
2882	23	258	1	1789439318363934720
2883	23	259	1	1789439318363910144
2884	23	260	1	1789439318363934720
2885	23	261	1	1789439318363933696
2886	23	262	1	1789439318363909120
2887	23	263	1	1789439318363934720
2888	23	264	1	1789439318363909120
2889	23	265	1	1789439318363933696
2890	23	266	1	1789439318363934720
2891	23	267	1	1789439318363910144
2892	23	268	1	1789439318363933696
2893	23	269	1	1789439318363933696
2894	23	270	1	1789439318363933696
2895	23	271	1	1789439318363910144
2896	23	272	1	1789439318363909120
2897	23	273	1	1789439318363933696
2898	23	274	1	1789439318363934720
2899	23	275	1	1789439318363909120
2900	23	276	1	1789439318363909120
2901	23	277	1	1789439318363909120
2902	23	278	1	1789439318363934720
2903	23	279	1	1789439318363933696
2904	23	280	1	1789439318363934720
2905	23	281	1	1789439318363934720
2906	23	282	1	1789439318363934720
2907	23	283	1	1789439318363909120
2908	23	284	1	1789439318363933696
2909	23	285	1	1789439318363934720
2910	23	286	1	1789439318363935744
2911	23	287	1	1789439318363933696
2912	23	288	1	1789439318363909120
2913	23	289	1	1789439318363933696
2914	23	290	1	1789439318363909120
2915	23	291	1	1789439318363934720
2916	23	292	1	1789439318363934720
2917	23	293	1	1789439318363909120
2918	23	294	1	1789439318363933696
2919	23	295	1	1789439318363909120
2920	23	296	1	1789439318363933696
2921	23	297	1	1789439318363932672
2922	23	298	1	1789439318363909120
2923	23	299	1	1789439318363935744
2924	23	300	1	1789439318363932672
2925	23	301	1	1789439318363934720
2926	23	302	1	1789439318363909120
2927	23	303	1	1789439318363909120
2928	23	304	1	1789439318363933696
2929	23	305	1	1789439318363932672
2930	23	306	1	1789439318363909120
2931	23	307	1	1789439318363909120
2932	23	308	1	1789439318363909120
2933	23	309	1	1789439318363933696
2934	23	310	1	1789439318363934720
2935	23	311	1	1789439318363909120
2936	23	312	1	1789439318363909120
2937	23	313	1	1789439318363934720
2938	23	314	1	1789439318363934720
2939	23	315	1	1789439318363935744
2940	23	316	1	1789439318363909120
2941	23	317	1	1789439318363934720
2942	23	318	1	1789439318363935744
2943	23	319	1	1789439318363934720
2944	23	320	1	1789439318363909120
2945	23	321	1	1789439318363909120
2946	23	322	1	1789439318363934720
2947	23	323	1	1789439318363909120
2948	23	324	1	1789439318363909120
2949	23	325	1	1789439318363910144
2950	23	326	1	1789439318363909120
2951	23	327	1	1789439318363933696
2952	23	328	1	1789439318363909120
2953	23	329	1	1789439318363934720
2954	23	330	1	1789439318363934720
2955	23	331	1	1789439318363909120
2956	23	332	1	1789439318363933696
2957	23	333	1	1789439318363932672
2958	23	334	1	1789439318363934720
2959	23	335	1	1789439318363909120
2960	23	336	1	1789439318363909120
2961	23	337	1	1789439318363933696
2962	23	338	1	1789439318363934720
2963	23	339	1	1789439318363932672
2964	23	340	1	1789439318363909120
2965	23	341	1	1789439318363909120
2966	23	342	1	1789439318363934720
2967	23	343	1	1789439318363933696
2968	23	344	1	1789439318363935744
2969	23	345	1	1789439318363934720
2970	23	346	1	1789439318363934720
2971	23	347	1	1789439318363911168
2972	23	348	1	1789439318363933696
2973	23	349	1	1789439318363934720
2974	23	350	1	1789439318363935744
2975	23	351	1	1789439318363934720
2976	23	352	1	1789439318363911168
2977	23	353	1	1789439318363933696
2978	23	354	1	1789439318363912192
2979	23	355	1	1789439318363934720
2980	23	356	1	1789439318363934720
2981	23	357	1	1789439318363911168
2982	23	358	1	1789439318363935744
2983	23	359	1	1789439318363911168
2984	23	360	1	1789439318363933696
2985	23	361	1	1789439318363933696
2986	23	362	1	1789439318363912192
2987	23	363	1	1789439318363935744
2988	23	364	1	1789439318363934720
2989	23	365	1	1789439318363933696
2990	23	366	1	1789439318363911168
2991	23	367	1	1789439318363912192
2992	23	368	1	1789439318363934720
2993	23	369	1	1789439318363933696
2994	23	370	1	1789439318363911168
2995	23	371	1	1789439318363912192
2996	23	372	1	1789439318363911168
2997	23	373	1	1789439318363910144
2998	23	374	1	1789439318363935744
2999	23	375	1	1789439318363910144
3000	23	376	1	1789439318363911168
3001	23	377	1	1789439318363935744
3002	23	378	1	1789439318363934720
3003	23	379	1	1789439318363935744
3004	23	380	1	1789439318363911168
3005	23	381	1	1789439318363934720
3006	23	382	1	1789439318363935744
3007	23	383	1	1789439318363935744
3008	23	384	1	1789439318363928576
3009	23	385	1	1789439318363907072
3010	23	386	1	1789439318363928576
3011	23	387	1	1789439318363907072
3012	23	388	1	1789439318363929600
3013	23	389	1	1789439318363928576
3014	23	390	1	1789439318363908096
3015	23	391	1	1789439318363928576
3016	23	392	1	1789439318363907072
3017	23	393	1	1789439318363928576
3018	23	394	1	1789439318363929600
3019	23	395	1	1789439318363907072
3020	23	396	1	1789439318363927552
3021	23	397	1	1789439318363928576
3022	23	398	1	1789439318363927552
3023	23	399	1	1789439318363907072
3024	23	400	1	1789439318363908096
3025	23	401	1	1789439318363929600
3026	23	402	1	1789439318363928576
3027	23	403	1	1789439318363907072
3028	23	404	1	1789439318363907072
3029	23	405	1	1789439318363907072
3030	23	406	1	1789439318363928576
3031	23	407	1	1789439318363928576
3032	23	408	1	1789439318363929600
3033	23	409	1	1789439318363930624
3034	23	410	1	1789439318363928576
3035	23	411	1	1789439318363907072
3036	23	412	1	1789439318363928576
3037	23	413	1	1789439318363929600
3038	23	414	1	1789439318363930624
3039	23	415	1	1789439318363928576
3040	23	416	1	1789439318363907072
3041	23	417	1	1789439318363928576
3042	23	418	1	1789439318363907072
3043	23	419	1	1789439318363928576
3044	23	420	1	1789439318363928576
3045	23	421	1	1789439318363908096
3046	23	422	1	1789439318363927552
3047	23	423	1	1789439318363908096
3048	23	424	1	1789439318363928576
3049	23	425	1	1789439318363928576
3050	23	426	1	1789439318363908096
3051	23	427	1	1789439318363928576
3052	23	428	1	1789439318363927552
3053	23	429	1	1789439318363928576
3054	23	430	1	1789439318363908096
3055	23	431	1	1789439318363907072
3056	23	432	1	1789439318363927552
3057	23	433	1	1789439318363927552
3058	23	434	1	1789439318363907072
3059	23	435	1	1789439318363908096
3060	23	436	1	1789439318363908096
3061	23	437	1	1789439318363928576
3062	23	438	1	1789439318363928576
3063	23	439	1	1789439318363907072
3064	23	440	1	1789439318363908096
3065	23	441	1	1789439318363929600
3066	23	442	1	1789439318363929600
3067	23	443	1	1789439318363929600
3068	23	444	1	1789439318363907072
3069	23	445	1	1789439318363928576
3070	23	446	1	1789439318363929600
3071	23	447	1	1789439318363928576
3072	23	448	1	1789439318363908096
3073	23	449	1	1789439318363908096
3074	23	450	1	1789439318363928576
3075	23	451	1	1789439318363907072
3076	23	452	1	1789439318363908096
3077	23	453	1	1789439318363908096
3078	23	454	1	1789439318363907072
3079	23	455	1	1789439318363927552
3080	23	456	1	1789439318363907072
3081	23	457	1	1789439318363928576
3082	23	458	1	1789439318363929600
3083	23	459	1	1789439318363908096
3084	23	460	1	1789439318363928576
3085	23	461	1	1789439318363927552
3086	23	462	1	1789439318363928576
3087	23	463	1	1789439318363907072
3088	23	464	1	1789439318363907072
3089	23	465	1	1789439318363927552
3090	23	466	1	1789439318363928576
3091	23	467	1	1789439318363904000
3092	23	468	1	1789439318363908096
3093	23	469	1	1789439318363907072
3094	23	470	1	1789439318363928576
3095	23	471	1	1789439318363927552
3096	23	472	1	1789439318363929600
3097	23	473	1	1789439318363928576
3098	23	474	1	1789439318363927552
3099	23	475	1	1789439318363907072
3100	23	476	1	1789439318363927552
3101	23	477	1	1789439318363928576
3102	23	478	1	1789439318363928576
3103	23	479	1	1789439318363928576
3104	23	480	1	1789439318363907072
3105	23	481	1	1789439318363927552
3106	23	482	1	1789439318363907072
3107	23	483	1	1789439318363927552
3108	23	484	1	1789439318363928576
3109	23	485	1	1789439318363907072
3110	23	486	1	1789439318363928576
3111	23	487	1	1789439318363907072
3112	23	488	1	1789439318363928576
3113	23	489	1	1789439318363928576
3114	23	490	1	1789439318363907072
3115	23	491	1	1789439318363928576
3116	23	492	1	1789439318363927552
3117	23	493	1	1789439318363927552
3118	23	494	1	1789439318363907072
3119	23	495	1	1789439318363907072
3120	23	496	1	1789439318363928576
3121	23	497	1	1789439318363927552
3122	23	498	1	1789439318363906048
3123	23	499	1	1789439318363907072
3124	23	500	1	1789439318363908096
3125	23	501	1	1789439318363908096
3126	23	502	1	1789439318363929600
3127	23	503	1	1789439318363908096
3128	23	504	1	1789439318363909120
3129	23	505	1	1789439318363932672
3130	23	506	1	1789439318363931648
3131	23	507	1	1789439318363931648
3132	23	508	1	1789439318363908096
3133	23	509	1	1789439318363931648
3134	23	510	1	1789439318363932672
3135	23	511	1	1789439318363932672
3136	24	0	1	1789439318363974656
3137	24	1	1	1789439318363973632
3138	24	2	1	1789439318363974656
3139	24	3	1	1789439318363974656
3140	25	0	1	1789439318363978752
3141	25	1	1	1789439318363978752
3142	25	2	1	1789439318363978752
3143	25	3	1	1789439318363978752
3144	25	4	1	1789439318363978752
3145	25	5	1	1789439318363978752
3146	25	6	1	1789439318363978752
3147	25	7	1	1789439318363978752
3148	25	8	1	1789439318363978752
3149	25	9	1	1789439318363978752
3150	25	10	1	1789439318363978752
3151	25	11	1	1789439318363978752
3152	25	12	1	1789439318363978752
3153	25	13	1	1789439318363978752
3154	25	14	1	1789439318363978752
3155	25	15	1	1789439318363978752
3156	25	16	1	1789439318363978752
3157	25	17	1	1789439318363978752
3158	25	18	1	1789439318363978752
3159	25	19	1	1789439318363978752
3160	25	20	1	1789439318363978752
3161	25	21	1	1789439318363978752
3162	25	22	1	1789439318363978752
3163	25	23	1	1789439318363978752
3164	25	24	1	1789439318363978752
3165	25	25	1	1789439318363978752
3166	25	26	1	1789439318363978752
3167	25	27	1	1789439318363978752
3168	25	28	1	1789439318363978752
3169	25	29	1	1789439318363978752
3170	25	30	1	1789439318363978752
3171	25	31	1	1789439318363978752
3172	25	32	1	1789439318363978752
3173	25	33	1	1789439318363978752
3174	25	34	1	1789439318363978752
3175	25	35	1	1789439318363978752
3176	25	36	1	1789439318363978752
3177	25	37	1	1789439318363978752
3178	25	38	1	1789439318363978752
3179	25	39	1	1789439318363978752
3180	25	40	1	1789439318363978752
3181	25	41	1	1789439318363978752
3182	25	42	1	1789439318363978752
3183	25	43	1	1789439318363978752
3184	25	44	1	1789439318363978752
3185	25	45	1	1789439318363978752
3186	25	46	1	1789439318363978752
3187	25	47	1	1789439318363978752
3188	25	48	1	1789439318363978752
3189	25	49	1	1789439318363978752
3190	25	50	1	1789439318363978752
3191	25	51	1	1789439318363978752
3192	25	52	1	1789439318363978752
3193	25	53	1	1789439318363978752
3194	25	54	1	1789439318363978752
3195	25	55	1	1789439318363978752
3196	25	56	1	1789439318363978752
3197	25	57	1	1789439318363978752
3198	25	58	1	1789439318363978752
3199	25	59	1	1789439318363978752
3200	25	60	1	1789439318363978752
3201	25	61	1	1789439318363978752
3202	25	62	1	1789439318363978752
3203	25	63	1	1789439318363978752
3204	25	64	1	1789439318363978752
3205	25	65	1	1789439318363978752
3206	25	66	1	1789439318363978752
3207	25	67	1	1789439318363978752
3208	25	68	1	1789439318363978752
3209	25	69	1	1789439318363978752
3210	25	70	1	1789439318363978752
3211	25	71	1	1789439318363978752
3212	25	72	1	1789439318363978752
3213	25	73	1	1789439318363978752
3214	25	74	1	1789439318363978752
3215	25	75	1	1789439318363978752
3216	25	76	1	1789439318363978752
3217	25	77	1	1789439318363978752
3218	25	78	1	1789439318363978752
3219	25	79	1	1789439318363978752
3220	25	80	1	1789439318363978752
3221	25	81	1	1789439318363978752
3222	25	82	1	1789439318363978752
3223	25	83	1	1789439318363978752
3224	25	84	1	1789439318363978752
3225	25	85	1	1789439318363978752
3226	25	86	1	1789439318363978752
3227	25	87	1	1789439318363978752
3228	25	88	1	1789439318363978752
3229	25	89	1	1789439318363978752
3230	25	90	1	1789439318363978752
3231	25	91	1	1789439318363978752
3232	25	92	1	1789439318363978752
3233	25	93	1	1789439318363978752
3234	25	94	1	1789439318363978752
3235	25	95	1	1789439318363978752
3236	25	96	1	1789439318363978752
3237	25	97	1	1789439318363978752
3238	25	98	1	1789439318363978752
3239	25	99	1	1789439318363978752
3240	25	100	1	1789439318363978752
3241	25	101	1	1789439318363978752
3242	25	102	1	1789439318363978752
3243	25	103	1	1789439318363978752
3244	25	104	1	1789439318363978752
3245	25	105	1	1789439318363978752
3246	25	106	1	1789439318363978752
3247	25	107	1	1789439318363978752
3248	25	108	1	1789439318363978752
3249	25	109	1	1789439318363978752
3250	25	110	1	1789439318363978752
3251	25	111	1	1789439318363978752
3252	25	112	1	1789439318363978752
3253	25	113	1	1789439318363978752
3254	25	114	1	1789439318363978752
3255	25	115	1	1789439318363978752
3256	25	116	1	1789439318363978752
3257	25	117	1	1789439318363978752
3258	25	118	1	1789439318363978752
3259	25	119	1	1789439318363978752
3260	25	120	1	1789439318363978752
3261	25	121	1	1789439318363978752
3262	25	122	1	1789439318363978752
3263	25	123	1	1789439318363978752
3264	25	124	1	1789439318363978752
3265	25	125	1	1789439318363978752
3266	25	126	1	1789439318363978752
3267	25	127	1	1789439318363978752
3268	26	0	1	1789439318364006400
3269	26	1	1	1789439318364006400
3270	26	2	1	1789439318364006400
3271	26	3	1	1789439318364006400
3272	26	4	1	1789439318364006400
3273	26	5	1	1789439318364006400
3274	26	6	1	1789439318364006400
3275	26	7	1	1789439318364006400
3276	27	0	1	1789439318364006400
3277	27	1	1	1789439318364006400
3278	27	2	1	1789439318364006400
3279	27	3	1	1789439318364006400
3280	27	4	1	1789439318364006400
3281	27	5	1	1789439318364006400
3282	27	6	1	1789439318364006400
3283	27	7	1	1789439318364006400
3284	28	0	1	1789439318364011520
3285	28	1	1	1789439318364011520
3286	28	2	1	1789439318364011520
3287	28	3	1	1789439318364011520
3288	28	4	1	1789439318364011520
3289	28	5	1	1789439318364011520
3290	28	6	1	1789439318364011520
3291	28	7	1	1789439318364011520
3292	28	8	1	1789439318364011520
3293	28	9	1	1789439318364011520
3294	28	10	1	1789439318364011520
3295	28	11	1	1789439318364011520
3296	28	12	1	1789439318364011520
3297	28	13	1	1789439318364011520
3298	28	14	1	1789439318364011520
3299	28	15	1	1789439318364011520
3300	28	16	1	1789439318364011520
3301	28	17	1	1789439318364011520
3302	28	18	1	1789439318364011520
3303	28	19	1	1789439318364011520
3304	28	20	1	1789439318364011520
3305	28	21	1	1789439318364011520
3306	28	22	1	1789439318364011520
3307	28	23	1	1789439318364011520
3308	28	24	1	1789439318364011520
3309	28	25	1	1789439318364011520
3310	28	26	1	1789439318364011520
3311	28	27	1	1789439318364011520
3312	28	28	1	1789439318364011520
3313	28	29	1	1789439318364011520
3314	28	30	1	1789439318364011520
3315	28	31	1	1789439318364011520
3316	28	32	1	1789439318364011520
3317	28	33	1	1789439318364011520
3318	28	34	1	1789439318364011520
3319	28	35	1	1789439318364011520
3320	28	36	1	1789439318364011520
3321	28	37	1	1789439318364011520
3322	28	38	1	1789439318364011520
3323	28	39	1	1789439318364011520
3324	28	40	1	1789439318364011520
3325	28	41	1	1789439318364011520
3326	28	42	1	1789439318364011520
3327	28	43	1	1789439318364011520
3328	28	44	1	1789439318364011520
3329	28	45	1	1789439318364011520
3330	28	46	1	1789439318364011520
3331	28	47	1	1789439318364011520
3332	28	48	1	1789439318364011520
3333	28	49	1	1789439318364011520
3334	28	50	1	1789439318364011520
3335	28	51	1	1789439318364011520
3336	28	52	1	1789439318364011520
3337	28	53	1	1789439318364011520
3338	28	54	1	1789439318364011520
3339	28	55	1	1789439318364011520
3340	28	56	1	1789439318364011520
3341	28	57	1	1789439318364011520
3342	28	58	1	1789439318364011520
3343	28	59	1	1789439318364011520
3344	28	60	1	1789439318364011520
3345	28	61	1	1789439318364011520
3346	28	62	1	1789439318364011520
3347	28	63	1	1789439318364011520
3348	28	64	1	1789439318364011520
3349	28	65	1	1789439318364011520
3350	28	66	1	1789439318364011520
3351	28	67	1	1789439318364011520
3352	28	68	1	1789439318364011520
3353	28	69	1	1789439318364011520
3354	28	70	1	1789439318364011520
3355	28	71	1	1789439318364011520
3356	28	72	1	1789439318364011520
3357	28	73	1	1789439318364011520
3358	28	74	1	1789439318364011520
3359	28	75	1	1789439318364011520
3360	28	76	1	1789439318364011520
3361	28	77	1	1789439318364011520
3362	28	78	1	1789439318364011520
3363	28	79	1	1789439318364011520
3364	28	80	1	1789439318364011520
3365	28	81	1	1789439318364011520
3366	28	82	1	1789439318364011520
3367	28	83	1	1789439318364011520
3368	28	84	1	1789439318364011520
3369	28	85	1	1789439318364011520
3370	28	86	1	1789439318364011520
3371	28	87	1	1789439318364011520
3372	28	88	1	1789439318364011520
3373	28	89	1	1789439318364011520
3374	28	90	1	1789439318364011520
3375	28	91	1	1789439318364011520
3376	28	92	1	1789439318364011520
3377	28	93	1	1789439318364011520
3378	28	94	1	1789439318364011520
3379	28	95	1	1789439318364011520
3380	28	96	1	1789439318364011520
3381	28	97	1	1789439318364011520
3382	28	98	1	1789439318364011520
3383	28	99	1	1789439318364011520
3384	28	100	1	1789439318364011520
3385	28	101	1	1789439318364011520
3386	28	102	1	1789439318364011520
3387	28	103	1	1789439318364011520
3388	28	104	1	1789439318364011520
3389	28	105	1	1789439318364011520
3390	28	106	1	1789439318364011520
3391	28	107	1	1789439318364011520
3392	28	108	1	1789439318364011520
3393	28	109	1	1789439318364011520
3394	28	110	1	1789439318364011520
3395	28	111	1	1789439318364011520
3396	28	112	1	1789439318364011520
3397	28	113	1	1789439318364011520
3398	28	114	1	1789439318364011520
3399	28	115	1	1789439318364011520
3400	28	116	1	1789439318364011520
3401	28	117	1	1789439318364011520
3402	28	118	1	1789439318364011520
3403	28	119	1	1789439318364011520
3404	28	120	1	1789439318364011520
3405	28	121	1	1789439318364011520
3406	28	122	1	1789439318364011520
3407	28	123	1	1789439318364011520
3408	28	124	1	1789439318364011520
3409	28	125	1	1789439318364011520
3410	28	126	1	1789439318364011520
3411	28	127	1	1789439318364011520
