slot	worker	stage	logical_task	smid	wait_begin	ready	run_begin	run_end	publish_end	wait_begin_idx	wait_count	dependency_begin	dependency_count	run_begin_clk	run_end_clk
0	0	0	0	0	1789584312493361152	1789584312493361152	1789584312493361152	1789584312493363200	1789584312493365248	0	0	0	0	54742326750188	54742326755708
1	0	3	0	0	1789584312493365248	1789584312493366272	1789584312493366272	1789584312493369344	1789584312493371392	0	3	2	1	54742326761925	54742326770988
2	0	4	0	0	1789584312493371392	1789584312493372416	1789584312493373440	1789584312493374464	1789584312493376512	3	3	3	1	54742326779283	54742326783424
3	0	8	0	0	1789584312493376512	1789584312493377536	1789584312493377536	1789584312493378560	1789584312493380608	6	1	7	1	54742326791364	54742326794109
4	0	9	0	0	1789584312493380608	1789584312493380608	1789584312493380608	1789584312493381632	1789584312493382656	7	0	8	1	54742326798874	54742326800822
5	0	11	12	0	1789584312493382656	1789584312493384704	1789584312493384704	1789584312493389824	1789584312493390848	7	3	10	3	54742326808780	54742326820973
6	0	12	0	0	1789584312493390848	1789584312493391872	1789584312493391872	1789584312493395968	1789584312493396992	10	1	13	1	54742326827680	54742326837048
7	0	13	0	0	1789584312493398016	1789584312493399040	1789584312493399040	1789584312493401088	1789584312493403136	11	3	14	1	54742326845725	54742326849847
8	0	14	0	0	1789584312493403136	1789584312493404160	1789584312493404160	1789584312493407232	1789584312493408256	14	31	15	1	54742326858567	54742326864993
9	0	15	0	0	1789584312493408256	1789584312493409280	1789584312493409280	1789584312493413376	1789584312493415424	45	3	16	1	54742326871334	54742326880958
10	0	16	0	0	1789584312493415424	1789584312493416448	1789584312493417472	1789584312493418496	1789584312493419520	48	3	17	1	54742326889802	54742326893312
11	0	19	0	0	1789584312493419520	1789584312493421568	1789584312493421568	1789584312493424640	1789584312493425664	51	127	20	2	54742326901459	54742326908876
12	0	20	0	0	1789584312493425664	1789584312493427712	1789584312493427712	1789584312493432832	1789584312493434880	178	3	22	2	54742326916146	54742326929251
13	0	21	0	0	1789584312493434880	1789584312493436928	1789584312493436928	1789584312493437952	1789584312493440000	181	3	24	1	54742326939572	54742326943788
14	0	22	0	0	1789584312493440000	1789584312493441024	1789584312493441024	1789584312493444096	1789584312493445120	184	31	25	1	54742326951314	54742326956966
15	0	25	0	0	1789584312493445120	1789584312493446144	1789584312493446144	1789584312493450240	1789584312493451264	215	3	28	1	54742326963763	54742326972763
16	0	26	0	0	1789584312493451264	1789584312493453312	1789584312493453312	1789584312493455360	1789584312493456384	218	3	29	1	54742326981966	54742326985899
17	0	30	0	0	1789584312493456384	1789584312493458432	1789584312493458432	1789584312493459456	1789584312493460480	221	1	33	1	54742326993501	54742326996293
18	0	31	0	0	1789584312493460480	1789584312493460480	1789584312493460480	1789584312493461504	1789584312493462528	222	0	34	1	54742327000498	54742327002261
19	0	33	12	0	1789584312493462528	1789584312493463552	1789584312493464576	1789584312493467648	1789584312493469696	222	3	36	3	54742327008380	54742327018672
20	0	34	0	0	1789584312493469696	1789584312493470720	1789584312493470720	1789584312493474816	1789584312493475840	225	1	39	2	54742327025873	54742327034828
21	0	35	0	0	1789584312493475840	1789584312493477888	1789584312493477888	1789584312493479936	1789584312493480960	226	3	41	1	54742327042373	54742327047466
22	0	36	0	0	1789584312493480960	1789584312493483008	1789584312493483008	1789584312493485056	1789584312493486080	229	31	42	1	54742327055160	54742327060475
23	0	37	0	0	1789584312493486080	1789584312493487104	1789584312493487104	1789584312493491200	1789584312493493248	260	3	43	1	54742327067195	54742327076785
24	0	38	0	0	1789584312493493248	1789584312493494272	1789584312493494272	1789584312493496320	1789584312493497344	263	3	44	1	54742327085312	54742327089240
25	0	41	0	0	1789584312493497344	1789584312493498368	1789584312493499392	1789584312493501440	1789584312493503488	266	127	47	2	54742327096048	54742327103545
26	0	42	0	0	1789584312493503488	1789584312493504512	1789584312493504512	1789584312493509632	1789584312493510656	393	3	49	2	54742327109614	54742327121879
27	0	43	0	0	1789584312493511680	1789584312493513728	1789584312493513728	1789584312493514752	1789584312493515776	396	3	51	1	54742327132474	54742327136669
28	1	0	1	0	1789584312493361152	1789584312493361152	1789584312493361152	1789584312493363200	1789584312493365248	399	0	0	0	54742326750213	54742326755710
29	1	3	1	0	1789584312493365248	1789584312493366272	1789584312493366272	1789584312493370368	1789584312493371392	399	3	2	1	54742326762447	54742326772963
30	1	4	1	0	1789584312493371392	1789584312493373440	1789584312493373440	1789584312493374464	1789584312493376512	402	4	3	1	54742326780141	54742326783926
31	1	8	1	0	1789584312493376512	1789584312493378560	1789584312493378560	1789584312493378560	1789584312493380608	406	1	7	1	54742326792315	54742326794154
32	1	9	1	0	1789584312493380608	1789584312493380608	1789584312493380608	1789584312493381632	1789584312493382656	407	0	8	1	54742326798863	54742326800846
33	1	11	13	0	1789584312493382656	1789584312493384704	1789584312493384704	1789584312493389824	1789584312493390848	407	3	10	3	54742326809701	54742326820970
34	1	12	1	0	1789584312493390848	1789584312493391872	1789584312493391872	1789584312493396992	1789584312493398016	410	1	13	1	54742326827753	54742326839041
35	1	13	1	0	1789584312493398016	1789584312493399040	1789584312493399040	1789584312493401088	1789584312493403136	411	4	14	1	54742326845798	54742326849872
36	1	14	1	0	1789584312493403136	1789584312493404160	1789584312493404160	1789584312493407232	1789584312493408256	415	31	15	1	54742326858577	54742326865006
37	1	15	1	0	1789584312493408256	1789584312493409280	1789584312493409280	1789584312493414400	1789584312493415424	446	3	16	1	54742326871384	54742326883798
38	1	16	1	0	1789584312493416448	1789584312493417472	1789584312493417472	1789584312493418496	1789584312493419520	449	4	17	1	54742326890411	54742326893327
39	1	19	1	0	1789584312493419520	1789584312493421568	1789584312493421568	1789584312493424640	1789584312493425664	453	127	20	2	54742326902084	54742326909840
40	1	20	1	0	1789584312493425664	1789584312493427712	1789584312493427712	1789584312493433856	1789584312493434880	580	3	22	2	54742326916707	54742326932455
41	1	21	1	0	1789584312493434880	1789584312493436928	1789584312493436928	1789584312493437952	1789584312493440000	583	4	24	1	54742326939771	54742326943793
42	1	22	1	0	1789584312493440000	1789584312493441024	1789584312493441024	1789584312493444096	1789584312493445120	587	31	25	1	54742326951387	54742326956963
43	1	25	1	0	1789584312493445120	1789584312493446144	1789584312493446144	1789584312493451264	1789584312493452288	618	3	28	1	54742326963836	54742326974929
44	1	26	1	0	1789584312493452288	1789584312493453312	1789584312493453312	1789584312493455360	1789584312493456384	621	4	29	1	54742326982035	54742326985934
45	1	30	1	0	1789584312493456384	1789584312493458432	1789584312493458432	1789584312493459456	1789584312493460480	625	1	33	1	54742326993624	54742326996331
46	1	31	1	0	1789584312493460480	1789584312493460480	1789584312493460480	1789584312493461504	1789584312493462528	626	0	34	1	54742327000326	54742327002293
47	1	33	13	0	1789584312493462528	1789584312493463552	1789584312493464576	1789584312493467648	1789584312493469696	626	3	36	3	54742327008443	54742327018678
48	1	34	1	0	1789584312493469696	1789584312493470720	1789584312493470720	1789584312493475840	1789584312493476864	629	1	39	2	54742327025924	54742327037197
49	1	35	1	0	1789584312493476864	1789584312493477888	1789584312493477888	1789584312493479936	1789584312493480960	630	4	41	1	54742327044098	54742327047758
50	1	36	1	0	1789584312493480960	1789584312493483008	1789584312493483008	1789584312493485056	1789584312493486080	634	31	42	1	54742327055216	54742327060495
51	1	37	1	0	1789584312493486080	1789584312493487104	1789584312493487104	1789584312493492224	1789584312493493248	665	3	43	1	54742327067262	54742327079400
52	1	38	1	0	1789584312493494272	1789584312493495296	1789584312493495296	1789584312493496320	1789584312493497344	668	4	44	1	54742327086126	54742327089236
53	1	41	1	0	1789584312493497344	1789584312493499392	1789584312493499392	1789584312493502464	1789584312493503488	672	127	47	2	54742327096125	54742327103699
54	1	42	1	0	1789584312493503488	1789584312493504512	1789584312493504512	1789584312493510656	1789584312493511680	799	3	49	2	54742327109687	54742327125777
55	1	43	1	0	1789584312493511680	1789584312493513728	1789584312493513728	1789584312493514752	1789584312493515776	802	4	51	1	54742327132549	54742327136682
56	2	0	2	0	1789584312493361152	1789584312493361152	1789584312493361152	1789584312493363200	1789584312493365248	806	0	0	0	54742326750279	54742326755744
57	2	3	2	0	1789584312493365248	1789584312493366272	1789584312493366272	1789584312493371392	1789584312493372416	806	3	2	1	54742326762460	54742326774625
58	2	4	2	0	1789584312493372416	1789584312493373440	1789584312493373440	1789584312493375488	1789584312493376512	809	4	3	1	54742326781037	54742326784198
59	2	8	2	0	1789584312493376512	1789584312493378560	1789584312493378560	1789584312493378560	1789584312493380608	813	1	7	1	54742326792361	54742326794143
60	2	9	2	0	1789584312493380608	1789584312493380608	1789584312493380608	1789584312493381632	1789584312493382656	814	0	8	1	54742326798887	54742326800850
61	2	11	14	0	1789584312493382656	1789584312493384704	1789584312493384704	1789584312493389824	1789584312493390848	814	3	10	3	54742326809706	54742326821708
62	2	12	2	0	1789584312493390848	1789584312493391872	1789584312493391872	1789584312493396992	1789584312493399040	817	1	13	1	54742326827769	54742326840800
63	2	13	2	0	1789584312493399040	1789584312493400064	1789584312493400064	1789584312493402112	1789584312493403136	818	4	14	1	54742326848289	54742326852030
64	2	14	2	0	1789584312493403136	1789584312493404160	1789584312493404160	1789584312493407232	1789584312493408256	822	31	15	1	54742326858501	54742326865021
65	2	15	2	0	1789584312493408256	1789584312493409280	1789584312493409280	1789584312493415424	1789584312493416448	853	3	16	1	54742326871398	54742326885813
66	2	16	2	0	1789584312493416448	1789584312493418496	1789584312493418496	1789584312493419520	1789584312493421568	856	4	17	1	54742326893126	54742326896601
67	2	19	2	0	1789584312493421568	1789584312493422592	1789584312493422592	1789584312493425664	1789584312493426688	860	127	20	2	54742326904573	54742326912088
68	2	20	2	0	1789584312493426688	1789584312493428736	1789584312493428736	1789584312493434880	1789584312493435904	987	3	22	2	54742326919007	54742326935761
69	2	21	2	0	1789584312493435904	1789584312493437952	1789584312493437952	1789584312493440000	1789584312493441024	990	4	24	1	54742326943100	54742326947163
70	2	22	2	0	1789584312493441024	1789584312493442048	1789584312493443072	1789584312493445120	1789584312493446144	994	31	25	1	54742326954269	54742326960085
71	2	25	2	0	1789584312493446144	1789584312493447168	1789584312493447168	1789584312493452288	1789584312493453312	1025	3	28	1	54742326966630	54742326977589
72	2	26	2	0	1789584312493453312	1789584312493454336	1789584312493454336	1789584312493455360	1789584312493457408	1028	4	29	1	54742326984369	54742326987646
73	2	30	2	0	1789584312493457408	1789584312493458432	1789584312493458432	1789584312493459456	1789584312493460480	1032	1	33	1	54742326993736	54742326996320
74	2	31	2	0	1789584312493460480	1789584312493460480	1789584312493460480	1789584312493461504	1789584312493462528	1033	0	34	1	54742327000339	54742327002303
75	2	33	14	0	1789584312493462528	1789584312493463552	1789584312493464576	1789584312493468672	1789584312493469696	1033	3	36	3	54742327008461	54742327018769
76	2	34	2	0	1789584312493469696	1789584312493470720	1789584312493470720	1789584312493475840	1789584312493476864	1036	1	39	2	54742327025949	54742327038974
77	2	35	2	0	1789584312493476864	1789584312493478912	1789584312493478912	1789584312493479936	1789584312493480960	1037	4	41	1	54742327044890	54742327047963
78	2	36	2	0	1789584312493480960	1789584312493483008	1789584312493483008	1789584312493485056	1789584312493486080	1041	31	42	1	54742327055252	54742327060462
79	2	37	2	0	1789584312493486080	1789584312493487104	1789584312493487104	1789584312493493248	1789584312493494272	1072	3	43	1	54742327067270	54742327081360
80	2	38	2	0	1789584312493494272	1789584312493495296	1789584312493495296	1789584312493497344	1789584312493498368	1075	4	44	1	54742327088105	54742327091636
81	2	41	2	0	1789584312493498368	1789584312493499392	1789584312493499392	1789584312493502464	1789584312493503488	1079	127	47	2	54742327097991	54742327105942
82	2	42	2	0	1789584312493503488	1789584312493505536	1789584312493505536	1789584312493511680	1789584312493512704	1206	3	49	2	54742327112403	54742327129071
83	2	43	2	0	1789584312493512704	1789584312493514752	1789584312493514752	1789584312493515776	1789584312493515776	1209	4	51	1	54742327135122	54742327138661
84	3	0	3	2	1789584312493361152	1789584312493361152	1789584312493361152	1789584312493363200	1789584312493364224	1213	0	0	0	54763502752622	54763502757925
85	3	3	3	2	1789584312493365248	1789584312493366272	1789584312493366272	1789584312493369344	1789584312493371392	1213	3	2	1	54763502764249	54763502773655
86	3	4	3	2	1789584312493371392	1789584312493372416	1789584312493372416	1789584312493374464	1789584312493375488	1216	4	3	1	54763502780731	54763502784763
87	3	8	3	2	1789584312493375488	1789584312493377536	1789584312493377536	1789584312493378560	1789584312493379584	1220	1	7	1	54763502792653	54763502795372
88	3	9	3	2	1789584312493380608	1789584312493380608	1789584312493380608	1789584312493380608	1789584312493382656	1221	0	8	1	54763502800132	54763502802053
89	3	11	15	2	1789584312493382656	1789584312493383680	1789584312493383680	1789584312493389824	1789584312493390848	1221	3	10	3	54763502809739	54763502822964
90	3	12	3	2	1789584312493390848	1789584312493391872	1789584312493391872	1789584312493394944	1789584312493396992	1224	1	13	1	54763502829050	54763502838207
91	3	13	3	2	1789584312493396992	1789584312493398016	1789584312493398016	1789584312493400064	1789584312493401088	1225	4	14	1	54763502845417	54763502849194
92	3	14	3	2	1789584312493401088	1789584312493403136	1789584312493403136	1789584312493406208	1789584312493407232	1229	31	15	1	54763502858560	54763502864561
93	3	15	3	2	1789584312493407232	1789584312493409280	1789584312493409280	1789584312493413376	1789584312493414400	1260	3	16	1	54763502872066	54763502882156
94	3	16	3	2	1789584312493414400	1789584312493416448	1789584312493416448	1789584312493417472	1789584312493419520	1263	4	17	1	54763502890567	54763502894440
95	3	19	3	2	1789584312493419520	1789584312493421568	1789584312493421568	1789584312493424640	1789584312493425664	1267	127	20	2	54763502904017	54763502911433
96	3	20	3	2	1789584312493425664	1789584312493427712	1789584312493427712	1789584312493432832	1789584312493434880	1394	3	22	2	54763502918368	54763502932639
97	3	21	3	2	1789584312493434880	1789584312493435904	1789584312493435904	1789584312493437952	1789584312493438976	1397	4	24	1	54763502941164	54763502945452
98	3	22	3	2	1789584312493440000	1789584312493441024	1789584312493441024	1789584312493443072	1789584312493444096	1401	31	25	1	54763502953300	54763502958403
99	3	25	3	2	1789584312493445120	1789584312493446144	1789584312493446144	1789584312493450240	1789584312493451264	1432	3	28	1	54763502966228	54763502975880
100	3	26	3	2	1789584312493452288	1789584312493453312	1789584312493453312	1789584312493454336	1789584312493456384	1435	4	29	1	54763502983459	54763502987667
101	3	30	3	2	1789584312493456384	1789584312493458432	1789584312493458432	1789584312493459456	1789584312493460480	1439	1	33	1	54763502996158	54763502998889
102	3	31	3	2	1789584312493460480	1789584312493460480	1789584312493460480	1789584312493461504	1789584312493462528	1440	0	34	1	54763503002893	54763503004833
103	3	33	15	2	1789584312493462528	1789584312493463552	1789584312493464576	1789584312493467648	1789584312493469696	1440	3	36	3	54763503011014	54763503020910
104	3	34	3	2	1789584312493469696	1789584312493470720	1789584312493470720	1789584312493474816	1789584312493475840	1443	1	39	2	54763503028447	54763503037518
105	3	35	3	2	1789584312493475840	1789584312493476864	1789584312493477888	1789584312493479936	1789584312493480960	1444	4	41	1	54763503044523	54763503049835
106	3	36	3	2	1789584312493480960	1789584312493483008	1789584312493483008	1789584312493485056	1789584312493486080	1448	31	42	1	54763503057699	54763503062577
107	3	37	3	2	1789584312493486080	1789584312493487104	1789584312493487104	1789584312493491200	1789584312493493248	1479	3	43	1	54763503069959	54763503079774
108	3	38	3	2	1789584312493493248	1789584312493494272	1789584312493494272	1789584312493496320	1789584312493497344	1482	4	44	1	54763503087387	54763503091549
109	3	41	3	2	1789584312493497344	1789584312493498368	1789584312493498368	1789584312493501440	1789584312493502464	1486	127	47	2	54763503098068	54763503105580
110	3	42	3	2	1789584312493503488	1789584312493504512	1789584312493504512	1789584312493509632	1789584312493510656	1613	3	49	2	54763503112042	54763503125125
111	3	43	3	2	1789584312493511680	1789584312493512704	1789584312493512704	1789584312493514752	1789584312493514752	1616	4	51	1	54763503134256	54763503138266
112	4	3	4	2	1789584312493361152	1789584312493365248	1789584312493365248	1789584312493370368	1789584312493371392	1620	4	2	1	54763502763070	54763502774024
113	4	4	4	2	1789584312493371392	1789584312493372416	1789584312493372416	1789584312493374464	1789584312493375488	1624	4	3	1	54763502781526	54763502785406
114	4	8	4	2	1789584312493375488	1789584312493377536	1789584312493377536	1789584312493378560	1789584312493379584	1628	1	7	1	54763502793536	54763502795406
115	4	9	4	2	1789584312493380608	1789584312493380608	1789584312493380608	1789584312493380608	1789584312493382656	1629	0	8	1	54763502800151	54763502802081
116	4	11	8	2	1789584312493382656	1789584312493384704	1789584312493384704	1789584312493388800	1789584312493390848	1629	3	10	3	54763502810592	54763502821972
117	4	12	4	2	1789584312493390848	1789584312493391872	1789584312493391872	1789584312493396992	1789584312493398016	1632	1	13	1	54763502829914	54763502841337
118	4	13	4	2	1789584312493398016	1789584312493399040	1789584312493399040	1789584312493402112	1789584312493403136	1633	4	14	1	54763502848382	54763502854543
119	4	15	4	2	1789584312493403136	1789584312493408256	1789584312493409280	1789584312493413376	1789584312493414400	1637	4	16	1	54763502872009	54763502883541
120	4	16	4	2	1789584312493414400	1789584312493416448	1789584312493416448	1789584312493417472	1789584312493419520	1641	4	17	1	54763502890570	54763502894473
121	4	20	4	2	1789584312493419520	1789584312493427712	1789584312493427712	1789584312493433856	1789584312493434880	1645	4	22	2	54763502918983	54763502935156
122	4	21	4	2	1789584312493435904	1789584312493436928	1789584312493436928	1789584312493437952	1789584312493438976	1649	4	24	1	54763502941793	54763502945478
123	4	25	4	2	1789584312493440000	1789584312493446144	1789584312493446144	1789584312493451264	1789584312493452288	1653	4	28	1	54763502966299	54763502978105
124	4	26	4	2	1789584312493452288	1789584312493453312	1789584312493453312	1789584312493455360	1789584312493456384	1657	4	29	1	54763502984518	54763502988245
125	4	30	4	2	1789584312493456384	1789584312493458432	1789584312493458432	1789584312493459456	1789584312493460480	1661	1	33	1	54763502996161	54763502998932
126	4	31	4	2	1789584312493460480	1789584312493460480	1789584312493460480	1789584312493461504	1789584312493462528	1662	0	34	1	54763503002903	54763503004856
127	4	33	8	2	1789584312493462528	1789584312493463552	1789584312493464576	1789584312493468672	1789584312493469696	1662	3	36	3	54763503011076	54763503021481
128	4	34	4	2	1789584312493469696	1789584312493470720	1789584312493470720	1789584312493475840	1789584312493476864	1665	1	39	2	54763503028510	54763503039665
129	4	35	4	2	1789584312493476864	1789584312493477888	1789584312493477888	1789584312493479936	1789584312493480960	1666	4	41	1	54763503046529	54763503050724
130	4	37	4	2	1789584312493480960	1789584312493487104	1789584312493487104	1789584312493491200	1789584312493493248	1670	4	43	1	54763503068419	54763503079812
131	4	38	4	2	1789584312493493248	1789584312493494272	1789584312493494272	1789584312493496320	1789584312493497344	1674	4	44	1	54763503087456	54763503091581
132	4	42	4	2	1789584312493497344	1789584312493504512	1789584312493504512	1789584312493510656	1789584312493511680	1678	4	49	2	54763503111977	54763503128944
133	4	43	4	2	1789584312493511680	1789584312493512704	1789584312493513728	1789584312493514752	1789584312493514752	1682	4	51	1	54763503134875	54763503138279
134	5	3	5	2	1789584312493361152	1789584312493365248	1789584312493366272	1789584312493370368	1789584312493371392	1686	4	2	1	54763502763672	54763502775247
135	5	4	5	2	1789584312493372416	1789584312493373440	1789584312493373440	1789584312493374464	1789584312493375488	1690	4	3	1	54763502782401	54763502785768
136	5	8	5	2	1789584312493375488	1789584312493377536	1789584312493377536	1789584312493378560	1789584312493379584	1694	1	7	1	54763502793542	54763502795419
137	5	9	5	2	1789584312493380608	1789584312493380608	1789584312493380608	1789584312493380608	1789584312493382656	1695	0	8	1	54763502800167	54763502802091
138	5	11	9	2	1789584312493382656	1789584312493384704	1789584312493384704	1789584312493388800	1789584312493390848	1695	3	10	3	54763502810597	54763502821980
139	5	12	5	2	1789584312493390848	1789584312493391872	1789584312493391872	1789584312493396992	1789584312493398016	1698	1	13	1	54763502829937	54763502842170
140	5	13	5	2	1789584312493398016	1789584312493399040	1789584312493399040	1789584312493402112	1789584312493403136	1699	4	14	1	54763502848447	54763502854558
141	5	15	5	2	1789584312493403136	1789584312493409280	1789584312493409280	1789584312493414400	1789584312493415424	1703	4	16	1	54763502872092	54763502886369
142	5	16	5	2	1789584312493415424	1789584312493416448	1789584312493416448	1789584312493418496	1789584312493419520	1707	4	17	1	54763502891836	54763502894876
143	5	20	5	2	1789584312493419520	1789584312493427712	1789584312493427712	1789584312493434880	1789584312493435904	1711	4	22	2	54763502918991	54763502937390
144	5	21	5	2	1789584312493435904	1789584312493437952	1789584312493437952	1789584312493438976	1789584312493440000	1715	4	24	1	54763502944427	54763502948529
145	5	25	5	2	1789584312493441024	1789584312493446144	1789584312493446144	1789584312493451264	1789584312493453312	1719	4	28	1	54763502966311	54763502979637
146	5	26	5	2	1789584312493453312	1789584312493454336	1789584312493454336	1789584312493456384	1789584312493457408	1723	4	29	1	54763502987150	54763502990862
147	5	30	5	2	1789584312493457408	1789584312493458432	1789584312493458432	1789584312493459456	1789584312493460480	1727	1	33	1	54763502996414	54763502998951
148	5	31	5	2	1789584312493460480	1789584312493460480	1789584312493460480	1789584312493461504	1789584312493462528	1728	0	34	1	54763503002921	54763503004870
149	5	33	9	2	1789584312493462528	1789584312493463552	1789584312493464576	1789584312493468672	1789584312493469696	1728	3	36	3	54763503011097	54763503021478
150	5	34	5	2	1789584312493469696	1789584312493470720	1789584312493470720	1789584312493475840	1789584312493477888	1731	1	39	2	54763503028534	54763503041448
151	5	35	5	2	1789584312493477888	1789584312493478912	1789584312493478912	1789584312493480960	1789584312493481984	1732	4	41	1	54763503049314	54763503053526
152	5	37	5	2	1789584312493481984	1789584312493487104	1789584312493487104	1789584312493492224	1789584312493493248	1736	4	43	1	54763503068495	54763503082820
153	5	38	5	2	1789584312493494272	1789584312493495296	1789584312493495296	1789584312493496320	1789584312493498368	1740	4	44	1	54763503089547	54763503093011
154	5	42	5	2	1789584312493498368	1789584312493504512	1789584312493504512	1789584312493511680	1789584312493512704	1744	4	49	2	54763503112050	54763503131031
155	5	43	5	2	1789584312493512704	1789584312493513728	1789584312493514752	1789584312493515776	1789584312493515776	1748	4	51	1	54763503137389	54763503141234
156	6	3	6	4	1789584312493361152	1789584312493365248	1789584312493365248	1789584312493369344	1789584312493371392	1752	4	2	1	54744457803405	54744457812821
157	6	4	6	4	1789584312493371392	1789584312493372416	1789584312493372416	1789584312493374464	1789584312493375488	1756	4	3	1	54744457821351	54744457825263
158	6	8	6	4	1789584312493376512	1789584312493377536	1789584312493377536	1789584312493378560	1789584312493380608	1760	1	7	1	54744457834104	54744457835995
159	6	9	6	4	1789584312493380608	1789584312493380608	1789584312493380608	1789584312493381632	1789584312493382656	1761	0	8	1	54744457840839	54744457842445
160	6	11	10	4	1789584312493382656	1789584312493384704	1789584312493384704	1789584312493389824	1789584312493390848	1761	3	10	3	54744457850888	54744457863833
161	6	12	6	4	1789584312493390848	1789584312493391872	1789584312493391872	1789584312493395968	1789584312493396992	1764	1	13	1	54744457870027	54744457879176
162	6	13	6	4	1789584312493396992	1789584312493398016	1789584312493398016	1789584312493401088	1789584312493402112	1765	4	14	1	54744457885990	54744457891728
163	6	15	6	4	1789584312493402112	1789584312493409280	1789584312493409280	1789584312493413376	1789584312493414400	1769	4	16	1	54744457912577	54744457922760
164	6	16	6	4	1789584312493414400	1789584312493416448	1789584312493416448	1789584312493417472	1789584312493418496	1773	4	17	1	54744457930793	54744457934329
165	6	20	6	4	1789584312493419520	1789584312493427712	1789584312493427712	1789584312493432832	1789584312493434880	1777	4	22	2	54744457958486	54744457973101
166	6	21	6	4	1789584312493434880	1789584312493435904	1789584312493435904	1789584312493437952	1789584312493440000	1781	4	24	1	54744457980943	54744457985835
167	6	25	6	4	1789584312493440000	1789584312493446144	1789584312493446144	1789584312493450240	1789584312493451264	1785	4	28	1	54744458006299	54744458016199
168	6	26	6	4	1789584312493451264	1789584312493453312	1789584312493453312	1789584312493454336	1789584312493456384	1789	4	29	1	54744458023355	54744458027137
169	6	30	6	4	1789584312493456384	1789584312493457408	1789584312493457408	1789584312493458432	1789584312493460480	1793	1	33	1	54744458035080	54744458037731
170	6	31	6	4	1789584312493460480	1789584312493460480	1789584312493460480	1789584312493461504	1789584312493462528	1794	0	34	1	54744458042441	54744458044281
171	6	33	10	4	1789584312493462528	1789584312493463552	1789584312493463552	1789584312493467648	1789584312493469696	1794	3	36	3	54744458050713	54744458060945
172	6	34	6	4	1789584312493469696	1789584312493470720	1789584312493470720	1789584312493474816	1789584312493475840	1797	1	39	2	54744458067527	54744458077107
173	6	35	6	4	1789584312493475840	1789584312493476864	1789584312493476864	1789584312493478912	1789584312493479936	1798	4	41	1	54744458084434	54744458088515
174	6	37	6	4	1789584312493479936	1789584312493487104	1789584312493487104	1789584312493490176	1789584312493492224	1802	4	43	1	54744458108385	54744458117505
175	6	38	6	4	1789584312493492224	1789584312493494272	1789584312493494272	1789584312493495296	1789584312493496320	1806	4	44	1	54744458126173	54744458129810
176	6	42	6	4	1789584312493496320	1789584312493504512	1789584312493504512	1789584312493509632	1789584312493510656	1810	4	49	2	54744458151857	54744458165829
177	6	43	6	4	1789584312493511680	1789584312493512704	1789584312493512704	1789584312493514752	1789584312493514752	1814	4	51	1	54744458173918	54744458178206
178	7	3	7	4	1789584312493361152	1789584312493365248	1789584312493365248	1789584312493370368	1789584312493371392	1818	4	2	1	54744457803421	54744457814328
179	7	4	7	4	1789584312493371392	1789584312493373440	1789584312493373440	1789584312493374464	1789584312493375488	1822	4	3	1	54744457822199	54744457825484
180	7	8	7	4	1789584312493376512	1789584312493377536	1789584312493377536	1789584312493378560	1789584312493380608	1826	1	7	1	54744457834126	54744457836014
181	7	9	7	4	1789584312493380608	1789584312493380608	1789584312493380608	1789584312493381632	1789584312493382656	1827	0	8	1	54744457840835	54744457842458
182	7	11	11	4	1789584312493382656	1789584312493384704	1789584312493384704	1789584312493389824	1789584312493390848	1827	3	10	3	54744457851902	54744457863846
183	7	12	7	4	1789584312493390848	1789584312493391872	1789584312493391872	1789584312493395968	1789584312493396992	1830	1	13	1	54744457870110	54744457879812
184	7	13	7	4	1789584312493396992	1789584312493398016	1789584312493398016	1789584312493401088	1789584312493402112	1831	4	14	1	54744457886061	54744457891760
185	7	15	7	4	1789584312493402112	1789584312493409280	1789584312493409280	1789584312493413376	1789584312493415424	1835	4	16	1	54744457912390	54744457923911
186	7	16	7	4	1789584312493415424	1789584312493416448	1789584312493416448	1789584312493417472	1789584312493418496	1839	4	17	1	54744457930706	54744457934342
187	7	20	7	4	1789584312493419520	1789584312493427712	1789584312493427712	1789584312493433856	1789584312493434880	1843	4	22	2	54744457959075	54744457974969
188	7	21	7	4	1789584312493434880	1789584312493435904	1789584312493435904	1789584312493437952	1789584312493440000	1847	4	24	1	54744457980887	54744457985877
189	7	25	7	4	1789584312493440000	1789584312493446144	1789584312493446144	1789584312493451264	1789584312493452288	1851	4	28	1	54744458006369	54744458017836
190	7	26	7	4	1789584312493452288	1789584312493453312	1789584312493453312	1789584312493454336	1789584312493456384	1855	4	29	1	54744458023552	54744458027159
191	7	30	7	4	1789584312493456384	1789584312493457408	1789584312493457408	1789584312493458432	1789584312493460480	1859	1	33	1	54744458035154	54744458037749
192	7	31	7	4	1789584312493460480	1789584312493460480	1789584312493460480	1789584312493461504	1789584312493462528	1860	0	34	1	54744458042436	54744458044324
193	7	33	11	4	1789584312493462528	1789584312493463552	1789584312493463552	1789584312493467648	1789584312493469696	1860	3	36	3	54744458050639	54744458060957
194	7	34	7	4	1789584312493469696	1789584312493470720	1789584312493470720	1789584312493474816	1789584312493475840	1863	1	39	2	54744458069079	54744458078110
195	7	35	7	4	1789584312493475840	1789584312493476864	1789584312493476864	1789584312493478912	1789584312493479936	1864	4	41	1	54744458084524	54744458088552
196	7	37	7	4	1789584312493479936	1789584312493487104	1789584312493487104	1789584312493491200	1789584312493493248	1868	4	43	1	54744458108455	54744458120227
197	7	38	7	4	1789584312493493248	1789584312493494272	1789584312493494272	1789584312493495296	1789584312493496320	1872	4	44	1	54744458126840	54744458129817
198	7	42	7	4	1789584312493496320	1789584312493504512	1789584312493504512	1789584312493510656	1789584312493511680	1876	4	49	2	54744458151889	54744458168867
199	7	43	7	4	1789584312493511680	1789584312493512704	1789584312493512704	1789584312493514752	1789584312493514752	1880	4	51	1	54744458174453	54744458178221
200	8	3	8	4	1789584312493361152	1789584312493365248	1789584312493365248	1789584312493370368	1789584312493371392	1884	4	2	1	54744457803423	54744457815551
201	8	4	8	4	1789584312493371392	1789584312493373440	1789584312493373440	1789584312493374464	1789584312493375488	1888	4	3	1	54744457822210	54744457825670
202	8	7	12	4	1789584312493376512	1789584312493377536	1789584312493377536	1789584312493378560	1789584312493379584	1892	1	6	1	54744457833101	54744457835682
203	8	11	4	4	1789584312493380608	1789584312493383680	1789584312493383680	1789584312493387776	1789584312493389824	1893	3	10	3	54744457848470	54744457860106
204	8	12	8	4	1789584312493389824	1789584312493390848	1789584312493390848	1789584312493395968	1789584312493396992	1896	1	13	1	54744457867669	54744457879186
205	8	13	8	4	1789584312493396992	1789584312493398016	1789584312493398016	1789584312493400064	1789584312493402112	1897	4	14	1	54744457886084	54744457891054
206	8	15	8	4	1789584312493402112	1789584312493409280	1789584312493409280	1789584312493414400	1789584312493415424	1901	4	16	1	54744457912507	54744457925941
207	8	16	8	4	1789584312493415424	1789584312493416448	1789584312493416448	1789584312493417472	1789584312493418496	1905	4	17	1	54744457931760	54744457934573
208	8	20	8	4	1789584312493419520	1789584312493427712	1789584312493427712	1789584312493434880	1789584312493435904	1909	4	22	2	54744457959082	54744457977343
209	8	21	8	4	1789584312493435904	1789584312493436928	1789584312493436928	1789584312493437952	1789584312493440000	1913	4	24	1	54744457982665	54744457985944
210	8	25	8	4	1789584312493440000	1789584312493446144	1789584312493446144	1789584312493451264	1789584312493452288	1917	4	28	1	54744458006392	54744458019404
211	8	26	8	4	1789584312493452288	1789584312493454336	1789584312493454336	1789584312493455360	1789584312493456384	1921	4	29	1	54744458025546	54744458028494
212	8	29	12	4	1789584312493456384	1789584312493457408	1789584312493458432	1789584312493458432	1789584312493460480	1925	1	32	1	54744458035636	54744458037722
213	8	33	4	4	1789584312493460480	1789584312493462528	1789584312493463552	1789584312493467648	1789584312493468672	1926	3	36	3	54744458048574	54744458058918
214	8	34	8	4	1789584312493468672	1789584312493469696	1789584312493469696	1789584312493473792	1789584312493475840	1929	1	39	2	54744458065844	54744458075748
215	8	35	8	4	1789584312493475840	1789584312493476864	1789584312493477888	1789584312493478912	1789584312493479936	1930	4	41	1	54744458084655	54744458088513
216	8	37	8	4	1789584312493479936	1789584312493487104	1789584312493487104	1789584312493492224	1789584312493493248	1934	4	43	1	54744458108461	54744458122255
217	8	38	8	4	1789584312493493248	1789584312493494272	1789584312493495296	1789584312493496320	1789584312493497344	1938	4	44	1	54744458128456	54744458131901
218	8	42	8	4	1789584312493497344	1789584312493504512	1789584312493504512	1789584312493511680	1789584312493512704	1942	4	49	2	54744458151901	54744458170522
219	8	43	8	4	1789584312493512704	1789584312493513728	1789584312493513728	1789584312493515776	1789584312493515776	1946	4	51	1	54744458176628	54744458180100
220	9	3	9	6	1789584312493361152	1789584312493365248	1789584312493365248	1789584312493370368	1789584312493371392	1950	4	2	1	54748349110693	54748349121334
221	9	4	9	6	1789584312493371392	1789584312493372416	1789584312493372416	1789584312493374464	1789584312493375488	1954	4	3	1	54748349128403	54748349132220
222	9	7	13	6	1789584312493375488	1789584312493377536	1789584312493377536	1789584312493378560	1789584312493379584	1958	1	6	1	54748349139899	54748349142437
223	9	11	5	6	1789584312493379584	1789584312493383680	1789584312493383680	1789584312493388800	1789584312493390848	1959	3	10	3	54748349155465	54748349169599
224	9	12	9	6	1789584312493390848	1789584312493391872	1789584312493391872	1789584312493395968	1789584312493396992	1962	1	13	1	54748349177244	54748349186542
225	9	13	9	6	1789584312493398016	1789584312493399040	1789584312493399040	1789584312493401088	1789584312493402112	1963	4	14	1	54748349195598	54748349198604
226	9	15	9	6	1789584312493402112	1789584312493409280	1789584312493409280	1789584312493412352	1789584312493414400	1967	4	16	1	54748349219534	54748349228668
227	9	16	9	6	1789584312493414400	1789584312493416448	1789584312493416448	1789584312493417472	1789584312493419520	1971	4	17	1	54748349238144	54748349241738
228	9	20	9	6	1789584312493419520	1789584312493427712	1789584312493427712	1789584312493432832	1789584312493434880	1975	4	22	2	54748349265970	54748349279413
229	9	21	9	6	1789584312493434880	1789584312493435904	1789584312493435904	1789584312493437952	1789584312493438976	1979	4	24	1	54748349288291	54748349292803
230	9	25	9	6	1789584312493440000	1789584312493446144	1789584312493446144	1789584312493450240	1789584312493451264	1983	4	28	1	54748349313560	54748349322836
231	9	26	9	6	1789584312493451264	1789584312493453312	1789584312493453312	1789584312493454336	1789584312493456384	1987	4	29	1	54748349331800	54748349334932
232	9	29	13	6	1789584312493456384	1789584312493457408	1789584312493458432	1789584312493459456	1789584312493460480	1991	1	32	1	54748349343098	54748349345584
233	9	33	5	6	1789584312493460480	1789584312493462528	1789584312493462528	1789584312493466624	1789584312493467648	1992	3	36	3	54748349355546	54748349365350
234	9	34	9	6	1789584312493468672	1789584312493469696	1789584312493469696	1789584312493473792	1789584312493474816	1995	1	39	2	54748349373149	54748349382299
235	9	35	9	6	1789584312493474816	1789584312493476864	1789584312493476864	1789584312493478912	1789584312493479936	1996	4	41	1	54748349391140	54748349395222
236	9	37	9	6	1789584312493479936	1789584312493487104	1789584312493487104	1789584312493490176	1789584312493492224	2000	4	43	1	54748349415569	54748349425308
237	9	38	9	6	1789584312493492224	1789584312493494272	1789584312493494272	1789584312493495296	1789584312493496320	2004	4	44	1	54748349433741	54748349437439
238	9	42	9	6	1789584312493497344	1789584312493504512	1789584312493504512	1789584312493508608	1789584312493510656	2008	4	49	2	54748349459208	54748349471170
239	9	43	9	6	1789584312493510656	1789584312493512704	1789584312493512704	1789584312493514752	1789584312493514752	2012	4	51	1	54748349481938	54748349485885
240	10	3	10	6	1789584312493361152	1789584312493365248	1789584312493365248	1789584312493370368	1789584312493371392	2016	4	2	1	54748349110699	54748349121644
241	10	4	10	6	1789584312493371392	1789584312493373440	1789584312493373440	1789584312493374464	1789584312493375488	2020	4	3	1	54748349129295	54748349132530
242	10	7	14	6	1789584312493375488	1789584312493377536	1789584312493377536	1789584312493378560	1789584312493379584	2024	1	6	1	54748349140743	54748349142467
243	10	11	6	6	1789584312493379584	1789584312493383680	1789584312493383680	1789584312493388800	1789584312493390848	2025	3	10	3	54748349156348	54748349170011
244	10	12	10	6	1789584312493390848	1789584312493391872	1789584312493391872	1789584312493396992	1789584312493398016	2028	1	13	1	54748349177303	54748349188455
245	10	13	10	6	1789584312493398016	1789584312493399040	1789584312493399040	1789584312493401088	1789584312493402112	2029	4	14	1	54748349195529	54748349198642
246	10	15	10	6	1789584312493402112	1789584312493409280	1789584312493409280	1789584312493413376	1789584312493415424	2033	4	16	1	54748349219610	54748349231101
247	10	16	10	6	1789584312493415424	1789584312493416448	1789584312493416448	1789584312493417472	1789584312493419520	2037	4	17	1	54748349237958	54748349241750
248	10	20	10	6	1789584312493419520	1789584312493427712	1789584312493427712	1789584312493433856	1789584312493434880	2041	4	22	2	54748349266559	54748349282529
249	10	21	10	6	1789584312493434880	1789584312493436928	1789584312493436928	1789584312493437952	1789584312493438976	2045	4	24	1	54748349289191	54748349292822
250	10	25	10	6	1789584312493440000	1789584312493446144	1789584312493446144	1789584312493451264	1789584312493452288	2049	4	28	1	54748349313570	54748349324946
251	10	26	10	6	1789584312493452288	1789584312493453312	1789584312493453312	1789584312493454336	1789584312493456384	2053	4	29	1	54748349330371	54748349334518
252	10	29	14	6	1789584312493456384	1789584312493458432	1789584312493458432	1789584312493459456	1789584312493460480	2057	1	32	1	54748349343168	54748349345629
253	10	33	6	6	1789584312493460480	1789584312493462528	1789584312493462528	1789584312493466624	1789584312493467648	2058	3	36	3	54748349355614	54748349365632
254	10	34	10	6	1789584312493468672	1789584312493469696	1789584312493469696	1789584312493474816	1789584312493475840	2061	1	39	2	54748349373211	54748349384437
255	10	35	10	6	1789584312493475840	1789584312493477888	1789584312493477888	1789584312493478912	1789584312493479936	2062	4	41	1	54748349392292	54748349395800
256	10	37	10	6	1789584312493479936	1789584312493487104	1789584312493487104	1789584312493491200	1789584312493493248	2066	4	43	1	54748349415640	54748349426893
257	10	38	10	6	1789584312493493248	1789584312493494272	1789584312493494272	1789584312493495296	1789584312493496320	2070	4	44	1	54748349434259	54748349437456
258	10	42	10	6	1789584312493497344	1789584312493504512	1789584312493504512	1789584312493510656	1789584312493511680	2074	4	49	2	54748349459175	54748349475800
259	10	43	10	6	1789584312493511680	1789584312493512704	1789584312493512704	1789584312493514752	1789584312493514752	2078	4	51	1	54748349481875	54748349485925
260	11	3	11	6	1789584312493361152	1789584312493365248	1789584312493365248	1789584312493370368	1789584312493371392	2082	4	2	1	54748349110728	54748349122131
261	11	4	11	6	1789584312493371392	1789584312493373440	1789584312493373440	1789584312493374464	1789584312493375488	2086	4	3	1	54748349129314	54748349132693
262	11	7	15	6	1789584312493375488	1789584312493377536	1789584312493377536	1789584312493378560	1789584312493379584	2090	1	6	1	54748349140766	54748349142479
263	11	11	7	6	1789584312493379584	1789584312493383680	1789584312493383680	1789584312493388800	1789584312493390848	2091	3	10	3	54748349156364	54748349169997
264	11	12	11	6	1789584312493390848	1789584312493391872	1789584312493391872	1789584312493396992	1789584312493398016	2094	1	13	1	54748349177321	54748349189219
265	11	13	11	6	1789584312493398016	1789584312493399040	1789584312493399040	1789584312493400064	1789584312493402112	2095	4	14	1	54748349194197	54748349198364
266	11	15	11	6	1789584312493402112	1789584312493409280	1789584312493409280	1789584312493414400	1789584312493415424	2099	4	16	1	54748349219631	54748349233244
267	11	16	11	6	1789584312493415424	1789584312493416448	1789584312493417472	1789584312493418496	1789584312493419520	2103	4	17	1	54748349239855	54748349242717
268	11	20	11	6	1789584312493419520	1789584312493427712	1789584312493427712	1789584312493434880	1789584312493435904	2107	4	22	2	54748349266574	54748349285281
269	11	21	11	6	1789584312493435904	1789584312493437952	1789584312493437952	1789584312493438976	1789584312493440000	2111	4	24	1	54748349291800	54748349295776
270	11	25	11	6	1789584312493440000	1789584312493446144	1789584312493446144	1789584312493451264	1789584312493452288	2115	4	28	1	54748349313501	54748349326334
271	11	26	11	6	1789584312493452288	1789584312493453312	1789584312493453312	1789584312493455360	1789584312493456384	2119	4	29	1	54748349332468	54748349335156
272	11	29	15	6	1789584312493456384	1789584312493458432	1789584312493458432	1789584312493459456	1789584312493460480	2123	1	32	1	54748349343172	54748349345647
273	11	33	7	6	1789584312493460480	1789584312493462528	1789584312493462528	1789584312493466624	1789584312493467648	2124	3	36	3	54748349355632	54748349365640
274	11	34	11	6	1789584312493468672	1789584312493469696	1789584312493469696	1789584312493474816	1789584312493475840	2127	1	39	2	54748349373224	54748349385589
275	11	35	11	6	1789584312493475840	1789584312493477888	1789584312493477888	1789584312493478912	1789584312493479936	2128	4	41	1	54748349392368	54748349395836
276	11	37	11	6	1789584312493479936	1789584312493487104	1789584312493487104	1789584312493492224	1789584312493493248	2132	4	43	1	54748349415646	54748349429424
277	11	38	11	6	1789584312493493248	1789584312493495296	1789584312493495296	1789584312493496320	1789584312493497344	2136	4	44	1	54748349436153	54748349439500
278	11	42	11	6	1789584312493497344	1789584312493504512	1789584312493504512	1789584312493511680	1789584312493512704	2140	4	49	2	54748349459223	54748349478106
279	11	43	11	6	1789584312493512704	1789584312493513728	1789584312493513728	1789584312493515776	1789584312493515776	2144	4	51	1	54748349483971	54748349487386
280	12	3	12	8	1789584312493361152	1789584312493365248	1789584312493366272	1789584312493369344	1789584312493371392	2148	4	2	1	54759382734824	54759382743977
281	12	4	12	8	1789584312493371392	1789584312493372416	1789584312493372416	1789584312493374464	1789584312493375488	2152	4	3	1	54759382751847	54759382756151
282	12	10	0	8	1789584312493375488	1789584312493377536	1789584312493377536	1789584312493378560	1789584312493380608	2156	1	9	1	54759382764099	54759382767547
283	12	11	0	8	1789584312493380608	1789584312493383680	1789584312493383680	1789584312493387776	1789584312493388800	2157	3	10	3	54759382779149	54759382790464
284	12	12	12	8	1789584312493389824	1789584312493390848	1789584312493390848	1789584312493394944	1789584312493396992	2160	1	13	1	54759382798879	54759382809564
285	12	13	12	8	1789584312493396992	1789584312493399040	1789584312493399040	1789584312493401088	1789584312493402112	2161	4	14	1	54759382819526	54759382823173
286	12	15	12	8	1789584312493402112	1789584312493409280	1789584312493409280	1789584312493412352	1789584312493414400	2165	4	16	1	54759382843546	54759382852937
287	12	16	12	8	1789584312493414400	1789584312493416448	1789584312493416448	1789584312493417472	1789584312493419520	2169	4	17	1	54759382861926	54759382865709
288	12	20	12	8	1789584312493419520	1789584312493426688	1789584312493427712	1789584312493432832	1789584312493434880	2173	4	22	2	54759382889539	54759382903804
289	12	21	12	8	1789584312493434880	1789584312493436928	1789584312493436928	1789584312493437952	1789584312493440000	2177	4	24	1	54759382912880	54759382917661
290	12	25	12	8	1789584312493440000	1789584312493446144	1789584312493446144	1789584312493450240	1789584312493452288	2181	4	28	1	54759382937425	54759382947689
291	12	26	12	8	1789584312493452288	1789584312493453312	1789584312493453312	1789584312493455360	1789584312493456384	2185	4	29	1	54759382955923	54759382960109
292	12	32	0	8	1789584312493456384	1789584312493457408	1789584312493458432	1789584312493458432	1789584312493460480	2189	1	35	1	54759382966822	54759382968850
293	12	33	0	8	1789584312493460480	1789584312493462528	1789584312493463552	1789584312493467648	1789584312493468672	2190	3	36	3	54759382979820	54759382991232
294	12	34	12	8	1789584312493468672	1789584312493469696	1789584312493469696	1789584312493473792	1789584312493474816	2193	1	39	2	54759382997052	54759383006340
295	12	35	12	8	1789584312493474816	1789584312493477888	1789584312493477888	1789584312493479936	1789584312493480960	2194	4	41	1	54759383017883	54759383021760
296	12	37	12	8	1789584312493480960	1789584312493487104	1789584312493487104	1789584312493490176	1789584312493492224	2198	4	43	1	54759383039170	54759383048642
297	12	38	12	8	1789584312493492224	1789584312493494272	1789584312493494272	1789584312493496320	1789584312493497344	2202	4	44	1	54759383057938	54759383062361
298	12	42	12	8	1789584312493497344	1789584312493504512	1789584312493504512	1789584312493509632	1789584312493510656	2206	4	49	2	54759383083103	54759383096299
299	12	43	12	8	1789584312493511680	1789584312493512704	1789584312493512704	1789584312493514752	1789584312493514752	2210	4	51	1	54759383105899	54759383110016
300	13	3	13	8	1789584312493361152	1789584312493365248	1789584312493366272	1789584312493370368	1789584312493371392	2214	4	2	1	54759382734846	54759382745699
301	13	4	13	8	1789584312493371392	1789584312493372416	1789584312493373440	1789584312493374464	1789584312493375488	2218	4	3	1	54759382752772	54759382756380
302	13	10	1	8	1789584312493375488	1789584312493377536	1789584312493377536	1789584312493378560	1789584312493380608	2222	1	9	1	54759382764975	54759382767560
303	13	11	1	8	1789584312493380608	1789584312493383680	1789584312493383680	1789584312493387776	1789584312493388800	2223	3	10	3	54759382779996	54759382790458
304	13	12	13	8	1789584312493389824	1789584312493390848	1789584312493390848	1789584312493395968	1789584312493396992	2226	1	13	1	54759382798946	54759382810450
305	13	13	13	8	1789584312493396992	1789584312493399040	1789584312493399040	1789584312493401088	1789584312493402112	2227	4	14	1	54759382819603	54759382823190
306	13	15	13	8	1789584312493402112	1789584312493409280	1789584312493409280	1789584312493413376	1789584312493415424	2231	4	16	1	54759382843618	54759382855418
307	13	16	13	8	1789584312493415424	1789584312493416448	1789584312493416448	1789584312493417472	1789584312493419520	2235	4	17	1	54759382861994	54759382865722
308	13	20	13	8	1789584312493419520	1789584312493427712	1789584312493427712	1789584312493433856	1789584312493434880	2239	4	22	2	54759382889602	54759382906319
309	13	21	13	8	1789584312493435904	1789584312493436928	1789584312493436928	1789584312493437952	1789584312493440000	2243	4	24	1	54759382912955	54759382917698
310	13	25	13	8	1789584312493440000	1789584312493446144	1789584312493446144	1789584312493451264	1789584312493452288	2247	4	28	1	54759382937487	54759382949414
311	13	26	13	8	1789584312493452288	1789584312493453312	1789584312493453312	1789584312493455360	1789584312493456384	2251	4	29	1	54759382955999	54759382960122
312	13	32	1	8	1789584312493456384	1789584312493457408	1789584312493458432	1789584312493458432	1789584312493460480	2255	1	35	1	54759382966879	54759382968878
313	13	33	1	8	1789584312493460480	1789584312493463552	1789584312493463552	1789584312493467648	1789584312493468672	2256	3	36	3	54759382979892	54759382991245
314	13	34	13	8	1789584312493468672	1789584312493469696	1789584312493469696	1789584312493474816	1789584312493475840	2259	1	39	2	54759382997119	54759383008685
315	13	35	13	8	1789584312493475840	1789584312493476864	1789584312493476864	1789584312493478912	1789584312493479936	2260	4	41	1	54759383015163	54759383019496
316	13	37	13	8	1789584312493479936	1789584312493487104	1789584312493487104	1789584312493491200	1789584312493493248	2264	4	43	1	54759383039249	54759383050942
317	13	38	13	8	1789584312493493248	1789584312493494272	1789584312493494272	1789584312493496320	1789584312493497344	2268	4	44	1	54759383057881	54759383062374
318	13	42	13	8	1789584312493497344	1789584312493504512	1789584312493504512	1789584312493510656	1789584312493511680	2272	4	49	2	54759383083127	54759383100118
319	13	43	13	8	1789584312493511680	1789584312493512704	1789584312493513728	1789584312493514752	1789584312493514752	2276	4	51	1	54759383105976	54759383110039
320	14	3	14	8	1789584312493361152	1789584312493365248	1789584312493366272	1789584312493370368	1789584312493372416	2280	4	2	1	54759382734850	54759382747529
321	14	4	14	8	1789584312493372416	1789584312493373440	1789584312493373440	1789584312493374464	1789584312493376512	2284	4	3	1	54759382754095	54759382757732
322	14	10	2	8	1789584312493376512	1789584312493377536	1789584312493377536	1789584312493378560	1789584312493380608	2288	1	9	1	54759382764995	54759382767597
323	14	11	2	8	1789584312493380608	1789584312493383680	1789584312493383680	1789584312493388800	1789584312493389824	2289	3	10	3	54759382779998	54759382793423
324	14	12	14	8	1789584312493390848	1789584312493390848	1789584312493390848	1789584312493395968	1789584312493398016	2292	1	13	1	54759382798974	54759382811428
325	14	13	14	8	1789584312493398016	1789584312493399040	1789584312493399040	1789584312493401088	1789584312493402112	2293	4	14	1	54759382817648	54759382823216
326	14	15	14	8	1789584312493402112	1789584312493409280	1789584312493409280	1789584312493414400	1789584312493415424	2297	4	16	1	54759382843632	54759382857786
327	14	16	14	8	1789584312493415424	1789584312493417472	1789584312493417472	1789584312493418496	1789584312493419520	2301	4	17	1	54759382864017	54759382866726
328	14	20	14	8	1789584312493419520	1789584312493427712	1789584312493427712	1789584312493434880	1789584312493435904	2305	4	22	2	54759382889614	54759382908624
329	14	21	14	8	1789584312493435904	1789584312493437952	1789584312493437952	1789584312493438976	1789584312493440000	2309	4	24	1	54759382915419	54759382918918
330	14	25	14	8	1789584312493440000	1789584312493446144	1789584312493446144	1789584312493452288	1789584312493453312	2313	4	28	1	54759382937500	54759382951256
331	14	26	14	8	1789584312493453312	1789584312493454336	1789584312493454336	1789584312493455360	1789584312493456384	2317	4	29	1	54759382956712	54759382960141
332	14	32	2	8	1789584312493456384	1789584312493457408	1789584312493458432	1789584312493458432	1789584312493460480	2321	1	35	1	54759382966906	54759382968893
333	14	33	2	8	1789584312493460480	1789584312493463552	1789584312493463552	1789584312493466624	1789584312493468672	2322	3	36	3	54759382979906	54759382989710
334	14	34	14	8	1789584312493468672	1789584312493469696	1789584312493469696	1789584312493474816	1789584312493476864	2325	1	39	2	54759382997146	54759383009913
335	14	35	14	8	1789584312493476864	1789584312493477888	1789584312493477888	1789584312493479936	1789584312493480960	2326	4	41	1	54759383016601	54759383021775
336	14	37	14	8	1789584312493480960	1789584312493487104	1789584312493487104	1789584312493492224	1789584312493493248	2330	4	43	1	54759383039267	54759383053235
337	14	38	14	8	1789584312493493248	1789584312493494272	1789584312493495296	1789584312493496320	1789584312493497344	2334	4	44	1	54759383059702	54759383062812
338	14	42	14	8	1789584312493497344	1789584312493504512	1789584312493504512	1789584312493511680	1789584312493512704	2338	4	49	2	54759383083132	54759383102053
339	14	43	14	8	1789584312493512704	1789584312493513728	1789584312493513728	1789584312493515776	1789584312493515776	2342	4	51	1	54759383107988	54759383111415
340	15	3	15	10	1789584312493361152	1789584312493365248	1789584312493365248	1789584312493369344	1789584312493371392	2346	4	2	1	54707674092526	54707674102126
341	15	4	15	10	1789584312493371392	1789584312493372416	1789584312493372416	1789584312493374464	1789584312493376512	2350	4	3	1	54707674110408	54707674114868
342	15	10	3	10	1789584312493376512	1789584312493377536	1789584312493377536	1789584312493379584	1789584312493380608	2354	1	9	1	54707674122980	54707674126458
343	15	11	3	10	1789584312493380608	1789584312493383680	1789584312493383680	1789584312493388800	1789584312493390848	2355	3	10	3	54707674137209	54707674150982
344	15	12	15	10	1789584312493390848	1789584312493391872	1789584312493391872	1789584312493394944	1789584312493396992	2358	1	13	1	54707674157864	54707674167178
345	15	13	15	10	1789584312493396992	1789584312493398016	1789584312493399040	1789584312493401088	1789584312493402112	2359	4	14	1	54707674175319	54707674180916
346	15	15	15	10	1789584312493402112	1789584312493409280	1789584312493409280	1789584312493412352	1789584312493414400	2363	4	16	1	54707674201541	54707674210727
347	15	16	15	10	1789584312493414400	1789584312493415424	1789584312493415424	1789584312493417472	1789584312493418496	2367	4	17	1	54707674218759	54707674222605
348	15	20	15	10	1789584312493418496	1789584312493426688	1789584312493427712	1789584312493432832	1789584312493434880	2371	4	22	2	54707674247351	54707674261292
349	15	21	15	10	1789584312493434880	1789584312493435904	1789584312493435904	1789584312493437952	1789584312493438976	2375	4	24	1	54707674269857	54707674274446
350	15	25	15	10	1789584312493440000	1789584312493446144	1789584312493446144	1789584312493450240	1789584312493452288	2379	4	28	1	54707674295386	54707674306320
351	15	26	15	10	1789584312493452288	1789584312493453312	1789584312493453312	1789584312493455360	1789584312493456384	2383	4	29	1	54707674314128	54707674318521
352	15	32	3	10	1789584312493456384	1789584312493457408	1789584312493457408	1789584312493458432	1789584312493460480	2387	1	35	1	54707674324479	54707674326554
353	15	33	3	10	1789584312493460480	1789584312493462528	1789584312493463552	1789584312493466624	1789584312493468672	2388	3	36	3	54707674337675	54707674347446
354	15	34	15	10	1789584312493468672	1789584312493469696	1789584312493469696	1789584312493473792	1789584312493474816	2391	1	39	2	54707674354951	54707674363735
355	15	35	15	10	1789584312493474816	1789584312493476864	1789584312493476864	1789584312493478912	1789584312493479936	2392	4	41	1	54707674373048	54707674377081
356	15	37	15	10	1789584312493479936	1789584312493487104	1789584312493487104	1789584312493490176	1789584312493492224	2396	4	43	1	54707674397139	54707674406514
357	15	38	15	10	1789584312493492224	1789584312493493248	1789584312493493248	1789584312493495296	1789584312493496320	2400	4	44	1	54707674414116	54707674418294
358	15	42	15	10	1789584312493496320	1789584312493504512	1789584312493504512	1789584312493509632	1789584312493510656	2404	4	49	2	54707674441000	54707674454144
359	15	43	15	10	1789584312493511680	1789584312493512704	1789584312493512704	1789584312493514752	1789584312493514752	2408	4	51	1	54707674462774	54707674466816
360	16	3	16	10	1789584312493361152	1789584312493365248	1789584312493365248	1789584312493370368	1789584312493371392	2412	4	2	1	54707674092536	54707674103505
361	16	2	0	10	1789584312493371392	1789584312493373440	1789584312493373440	1789584312493374464	1789584312493376512	2416	4	1	1	54707674111227	54707674115235
362	16	10	4	10	1789584312493376512	1789584312493378560	1789584312493378560	1789584312493379584	1789584312493380608	2420	1	9	1	54707674123948	54707674126478
363	16	12	16	10	1789584312493380608	1789584312493390848	1789584312493391872	1789584312493395968	1789584312493396992	2421	1	13	1	54707674157225	54707674168726
364	16	13	16	10	1789584312493396992	1789584312493398016	1789584312493398016	1789584312493401088	1789584312493402112	2422	4	14	1	54707674175128	54707674180887
365	16	15	16	10	1789584312493402112	1789584312493409280	1789584312493409280	1789584312493413376	1789584312493415424	2426	4	16	1	54707674201621	54707674213021
366	16	16	16	10	1789584312493415424	1789584312493416448	1789584312493416448	1789584312493417472	1789584312493419520	2430	4	17	1	54707674220349	54707674223851
367	16	20	16	10	1789584312493419520	1789584312493427712	1789584312493427712	1789584312493433856	1789584312493435904	2434	4	22	2	54707674247974	54707674264105
368	16	21	16	10	1789584312493435904	1789584312493436928	1789584312493436928	1789584312493438976	1789584312493440000	2438	4	24	1	54707674272174	54707674276676
369	16	25	16	10	1789584312493440000	1789584312493446144	1789584312493446144	1789584312493451264	1789584312493452288	2442	4	28	1	54707674295332	54707674306896
370	16	24	0	10	1789584312493452288	1789584312493453312	1789584312493453312	1789584312493455360	1789584312493456384	2446	4	27	1	54707674313647	54707674317610
371	16	32	4	10	1789584312493456384	1789584312493457408	1789584312493457408	1789584312493458432	1789584312493460480	2450	1	35	1	54707674324556	54707674326578
372	16	34	16	10	1789584312493460480	1789584312493469696	1789584312493469696	1789584312493474816	1789584312493475840	2451	1	39	2	54707674354976	54707674366601
373	16	35	16	10	1789584312493475840	1789584312493477888	1789584312493477888	1789584312493478912	1789584312493479936	2452	4	41	1	54707674374188	54707674377527
374	16	37	16	10	1789584312493479936	1789584312493487104	1789584312493487104	1789584312493491200	1789584312493493248	2456	4	43	1	54707674397165	54707674408972
375	16	38	16	10	1789584312493493248	1789584312493494272	1789584312493494272	1789584312493496320	1789584312493497344	2460	4	44	1	54707674416738	54707674420704
376	16	42	16	10	1789584312493497344	1789584312493504512	1789584312493504512	1789584312493510656	1789584312493511680	2464	4	49	2	54707674441027	54707674457893
377	16	43	16	10	1789584312493511680	1789584312493512704	1789584312493513728	1789584312493514752	1789584312493514752	2468	4	51	1	54707674463908	54707674467525
378	17	3	17	10	1789584312493361152	1789584312493365248	1789584312493365248	1789584312493371392	1789584312493372416	2472	4	2	1	54707674092551	54707674105995
379	17	2	1	10	1789584312493372416	1789584312493373440	1789584312493373440	1789584312493374464	1789584312493376512	2476	4	1	1	54707674112082	54707674115385
380	17	10	5	10	1789584312493376512	1789584312493378560	1789584312493378560	1789584312493379584	1789584312493380608	2480	1	9	1	54707674123964	54707674126506
381	17	12	17	10	1789584312493380608	1789584312493390848	1789584312493390848	1789584312493396992	1789584312493398016	2481	1	13	1	54707674157163	54707674170599
382	17	13	17	10	1789584312493398016	1789584312493399040	1789584312493399040	1789584312493401088	1789584312493402112	2482	4	14	1	54707674175788	54707674180854
383	17	15	17	10	1789584312493402112	1789584312493408256	1789584312493409280	1789584312493414400	1789584312493415424	2486	4	16	1	54707674201449	54707674215666
384	17	16	17	10	1789584312493416448	1789584312493417472	1789584312493417472	1789584312493418496	1789584312493419520	2490	4	17	1	54707674222497	54707674226081
385	17	20	17	10	1789584312493420544	1789584312493427712	1789584312493427712	1789584312493434880	1789584312493435904	2494	4	22	2	54707674247986	54707674266713
386	17	21	17	10	1789584312493435904	1789584312493437952	1789584312493437952	1789584312493438976	1789584312493440000	2498	4	24	1	54707674273510	54707674277151
387	17	25	17	10	1789584312493440000	1789584312493446144	1789584312493446144	1789584312493452288	1789584312493453312	2502	4	28	1	54707674295410	54707674309256
388	17	24	1	10	1789584312493453312	1789584312493454336	1789584312493454336	1789584312493455360	1789584312493457408	2506	4	27	1	54707674316122	54707674319107
389	17	32	5	10	1789584312493457408	1789584312493458432	1789584312493458432	1789584312493458432	1789584312493460480	2510	1	35	1	54707674325133	54707674326602
390	17	34	17	10	1789584312493460480	1789584312493469696	1789584312493469696	1789584312493474816	1789584312493475840	2511	1	39	2	54707674354902	54707674368137
391	17	35	17	10	1789584312493475840	1789584312493477888	1789584312493477888	1789584312493479936	1789584312493480960	2512	4	41	1	54707674374115	54707674379185
392	17	37	17	10	1789584312493480960	1789584312493487104	1789584312493487104	1789584312493492224	1789584312493493248	2516	4	43	1	54707674397170	54707674411068
393	17	38	17	10	1789584312493494272	1789584312493495296	1789584312493495296	1789584312493496320	1789584312493497344	2520	4	44	1	54707674418010	54707674421299
394	17	42	17	10	1789584312493497344	1789584312493504512	1789584312493504512	1789584312493511680	1789584312493512704	2524	4	49	2	54707674440953	54707674460039
395	17	43	17	10	1789584312493512704	1789584312493513728	1789584312493514752	1789584312493515776	1789584312493515776	2528	4	51	1	54707674466449	54707674469993
396	18	3	18	12	1789584312493361152	1789584312493365248	1789584312493365248	1789584312493369344	1789584312493370368	2532	4	2	1	54736987794062	54736987803841
397	18	2	2	12	1789584312493371392	1789584312493372416	1789584312493372416	1789584312493374464	1789584312493375488	2536	4	1	1	54736987811700	54736987815580
398	18	10	6	12	1789584312493375488	1789584312493377536	1789584312493377536	1789584312493378560	1789584312493379584	2540	1	9	1	54736987823462	54736987826853
399	18	12	18	12	1789584312493380608	1789584312493390848	1789584312493390848	1789584312493394944	1789584312493396992	2541	1	13	1	54736987859136	54736987869314
400	18	13	18	12	1789584312493396992	1789584312493399040	1789584312493399040	1789584312493401088	1789584312493402112	2542	4	14	1	54736987879275	54736987882870
401	18	15	18	12	1789584312493402112	1789584312493409280	1789584312493409280	1789584312493413376	1789584312493414400	2546	4	16	1	54736987903481	54736987913866
402	18	16	18	12	1789584312493415424	1789584312493416448	1789584312493416448	1789584312493417472	1789584312493419520	2550	4	17	1	54736987921703	54736987925663
403	18	20	18	12	1789584312493419520	1789584312493427712	1789584312493427712	1789584312493432832	1789584312493434880	2554	4	22	2	54736987950309	54736987963928
404	18	21	18	12	1789584312493434880	1789584312493435904	1789584312493435904	1789584312493437952	1789584312493438976	2558	4	24	1	54736987971812	54736987975945
405	18	25	18	12	1789584312493438976	1789584312493446144	1789584312493446144	1789584312493450240	1789584312493452288	2562	4	28	1	54736987997481	54736988008131
406	18	24	2	12	1789584312493452288	1789584312493453312	1789584312493453312	1789584312493455360	1789584312493456384	2566	4	27	1	54736988015778	54736988019611
407	18	32	6	12	1789584312493456384	1789584312493457408	1789584312493458432	1789584312493458432	1789584312493460480	2570	1	35	1	54736988026781	54736988028846
408	18	34	18	12	1789584312493460480	1789584312493469696	1789584312493469696	1789584312493473792	1789584312493474816	2571	1	39	2	54736988056974	54736988066714
409	18	35	18	12	1789584312493475840	1789584312493476864	1789584312493476864	1789584312493478912	1789584312493480960	2572	4	41	1	54736988075533	54736988080581
410	18	37	18	12	1789584312493480960	1789584312493487104	1789584312493487104	1789584312493490176	1789584312493492224	2576	4	43	1	54736988099367	54736988108922
411	18	38	18	12	1789584312493492224	1789584312493493248	1789584312493494272	1789584312493495296	1789584312493496320	2580	4	44	1	54736988116832	54736988120933
412	18	42	18	12	1789584312493497344	1789584312493504512	1789584312493504512	1789584312493509632	1789584312493510656	2584	4	49	2	54736988143005	54736988155580
413	18	43	18	12	1789584312493510656	1789584312493512704	1789584312493512704	1789584312493514752	1789584312493514752	2588	4	51	1	54736988165322	54736988169541
414	19	3	19	12	1789584312493361152	1789584312493365248	1789584312493365248	1789584312493370368	1789584312493371392	2592	4	2	1	54736987794067	54736987805436
415	19	2	3	12	1789584312493371392	1789584312493372416	1789584312493372416	1789584312493374464	1789584312493375488	2596	4	1	1	54736987812506	54736987815777
416	19	10	7	12	1789584312493375488	1789584312493377536	1789584312493377536	1789584312493378560	1789584312493379584	2600	1	9	1	54736987824318	54736987826865
417	19	12	19	12	1789584312493380608	1789584312493390848	1789584312493390848	1789584312493395968	1789584312493396992	2601	1	13	1	54736987859206	54736987870797
418	19	13	19	12	1789584312493396992	1789584312493398016	1789584312493398016	1789584312493401088	1789584312493402112	2602	4	14	1	54736987877206	54736987882900
419	19	15	19	12	1789584312493402112	1789584312493409280	1789584312493409280	1789584312493413376	1789584312493414400	2606	4	16	1	54736987903553	54736987914732
420	19	16	19	12	1789584312493415424	1789584312493416448	1789584312493416448	1789584312493417472	1789584312493419520	2610	4	17	1	54736987921706	54736987925684
421	19	20	19	12	1789584312493419520	1789584312493427712	1789584312493427712	1789584312493433856	1789584312493435904	2614	4	22	2	54736987949824	54736987966852
422	19	21	19	12	1789584312493435904	1789584312493436928	1789584312493436928	1789584312493438976	1789584312493440000	2618	4	24	1	54736987974038	54736987978404
423	19	25	19	12	1789584312493440000	1789584312493446144	1789584312493446144	1789584312493451264	1789584312493452288	2622	4	28	1	54736987997497	54736988009140
424	19	24	3	12	1789584312493452288	1789584312493453312	1789584312493453312	1789584312493455360	1789584312493456384	2626	4	27	1	54736988015848	54736988019636
425	19	32	7	12	1789584312493456384	1789584312493457408	1789584312493458432	1789584312493458432	1789584312493460480	2630	1	35	1	54736988026913	54736988028872
426	19	34	19	12	1789584312493460480	1789584312493469696	1789584312493469696	1789584312493474816	1789584312493475840	2631	1	39	2	54736988057044	54736988068361
427	19	35	19	12	1789584312493475840	1789584312493476864	1789584312493476864	1789584312493478912	1789584312493480960	2632	4	41	1	54736988075432	54736988080644
428	19	37	19	12	1789584312493480960	1789584312493487104	1789584312493487104	1789584312493491200	1789584312493493248	2636	4	43	1	54736988099498	54736988111152
429	19	38	19	12	1789584312493493248	1789584312493494272	1789584312493494272	1789584312493496320	1789584312493497344	2640	4	44	1	54736988119091	54736988122974
430	19	42	19	12	1789584312493497344	1789584312493504512	1789584312493504512	1789584312493510656	1789584312493511680	2644	4	49	2	54736988142947	54736988159722
431	19	43	19	12	1789584312493511680	1789584312493512704	1789584312493512704	1789584312493514752	1789584312493514752	2648	4	51	1	54736988165526	54736988169594
432	20	3	20	12	1789584312493361152	1789584312493365248	1789584312493365248	1789584312493370368	1789584312493371392	2652	4	2	1	54736987794087	54736987806127
433	20	2	4	12	1789584312493371392	1789584312493372416	1789584312493372416	1789584312493374464	1789584312493375488	2656	4	1	1	54736987812534	54736987815809
434	20	7	8	12	1789584312493375488	1789584312493377536	1789584312493377536	1789584312493378560	1789584312493379584	2660	1	6	1	54736987824329	54736987826979
435	20	12	20	12	1789584312493380608	1789584312493390848	1789584312493390848	1789584312493396992	1789584312493398016	2661	1	13	1	54736987859210	54736987872277
436	20	13	20	12	1789584312493398016	1789584312493399040	1789584312493399040	1789584312493401088	1789584312493402112	2662	4	14	1	54736987877936	54736987882904
437	20	15	20	12	1789584312493402112	1789584312493409280	1789584312493409280	1789584312493414400	1789584312493415424	2666	4	16	1	54736987903567	54736987917581
438	20	16	20	12	1789584312493415424	1789584312493417472	1789584312493417472	1789584312493418496	1789584312493419520	2670	4	17	1	54736987924461	54736987928147
439	20	20	20	12	1789584312493420544	1789584312493427712	1789584312493427712	1789584312493434880	1789584312493435904	2674	4	22	2	54736987950333	54736987969433
440	20	21	20	12	1789584312493436928	1789584312493437952	1789584312493437952	1789584312493440000	1789584312493441024	2678	4	24	1	54736987976619	54736987980894
441	20	25	20	12	1789584312493441024	1789584312493446144	1789584312493446144	1789584312493451264	1789584312493452288	2682	4	28	1	54736987997417	54736988010607
442	20	24	4	12	1789584312493452288	1789584312493453312	1789584312493453312	1789584312493455360	1789584312493456384	2686	4	27	1	54736988015850	54736988019651
443	20	29	8	12	1789584312493456384	1789584312493458432	1789584312493458432	1789584312493459456	1789584312493460480	2690	1	32	1	54736988026988	54736988029513
444	20	34	20	12	1789584312493460480	1789584312493469696	1789584312493469696	1789584312493474816	1789584312493475840	2691	1	39	2	54736988057046	54736988069483
445	20	35	20	12	1789584312493475840	1789584312493476864	1789584312493476864	1789584312493478912	1789584312493480960	2692	4	41	1	54736988075618	54736988080685
446	20	37	20	12	1789584312493480960	1789584312493487104	1789584312493487104	1789584312493492224	1789584312493493248	2696	4	43	1	54736988099593	54736988113779
447	20	38	20	12	1789584312493494272	1789584312493495296	1789584312493495296	1789584312493496320	1789584312493497344	2700	4	44	1	54736988119760	54736988122985
448	20	42	20	12	1789584312493497344	1789584312493504512	1789584312493504512	1789584312493511680	1789584312493512704	2704	4	49	2	54736988143030	54736988161721
449	20	43	20	12	1789584312493512704	1789584312493513728	1789584312493513728	1789584312493515776	1789584312493515776	2708	4	51	1	54736988167994	54736988171485
450	21	3	21	14	1789584312493361152	1789584312493365248	1789584312493365248	1789584312493369344	1789584312493370368	2712	4	2	1	54750048817526	54750048826970
451	21	2	5	14	1789584312493370368	1789584312493372416	1789584312493372416	1789584312493373440	1789584312493375488	2716	4	1	1	54750048833879	54750048838079
452	21	7	9	14	1789584312493375488	1789584312493377536	1789584312493377536	1789584312493378560	1789584312493379584	2720	1	6	1	54750048846679	54750048849251
453	21	12	21	14	1789584312493379584	1789584312493390848	1789584312493390848	1789584312493394944	1789584312493396992	2721	1	13	1	54750048882041	54750048891791
454	21	13	21	14	1789584312493396992	1789584312493399040	1789584312493399040	1789584312493401088	1789584312493402112	2722	4	14	1	54750048900820	54750048905840
455	21	15	21	14	1789584312493402112	1789584312493409280	1789584312493409280	1789584312493412352	1789584312493414400	2726	4	16	1	54750048926524	54750048935946
456	21	16	21	14	1789584312493414400	1789584312493415424	1789584312493415424	1789584312493417472	1789584312493418496	2730	4	17	1	54750048943872	54750048948009
457	21	20	21	14	1789584312493418496	1789584312493427712	1789584312493427712	1789584312493432832	1789584312493433856	2734	4	22	2	54750048973052	54750048985306
458	21	21	21	14	1789584312493434880	1789584312493435904	1789584312493435904	1789584312493437952	1789584312493438976	2738	4	24	1	54750048994820	54750048998880
459	21	25	21	14	1789584312493438976	1789584312493446144	1789584312493446144	1789584312493450240	1789584312493451264	2742	4	28	1	54750049020374	54750049030247
460	21	24	5	14	1789584312493451264	1789584312493453312	1789584312493453312	1789584312493454336	1789584312493456384	2746	4	27	1	54750049037477	54750049041102
461	21	29	9	14	1789584312493456384	1789584312493457408	1789584312493458432	1789584312493459456	1789584312493460480	2750	1	32	1	54750049049971	54750049052715
462	21	34	21	14	1789584312493460480	1789584312493469696	1789584312493469696	1789584312493473792	1789584312493474816	2751	1	39	2	54750049080042	54750049089367
463	21	35	21	14	1789584312493474816	1789584312493477888	1789584312493477888	1789584312493478912	1789584312493480960	2752	4	41	1	54750049099216	54750049103845
464	21	37	21	14	1789584312493480960	1789584312493487104	1789584312493487104	1789584312493491200	1789584312493492224	2756	4	43	1	54750049122276	54750049132549
465	21	38	21	14	1789584312493492224	1789584312493494272	1789584312493494272	1789584312493495296	1789584312493496320	2760	4	44	1	54750049140287	54750049143831
466	21	42	21	14	1789584312493496320	1789584312493504512	1789584312493504512	1789584312493509632	1789584312493510656	2764	4	49	2	54750049166183	54750049179323
467	21	43	21	14	1789584312493510656	1789584312493512704	1789584312493512704	1789584312493514752	1789584312493514752	2768	4	51	1	54750049188099	54750049192414
468	22	3	22	14	1789584312493361152	1789584312493365248	1789584312493365248	1789584312493369344	1789584312493370368	2772	4	2	1	54750048816900	54750048827903
469	22	2	6	14	1789584312493370368	1789584312493372416	1789584312493372416	1789584312493373440	1789584312493375488	2776	4	1	1	54750048834602	54750048838151
470	22	7	10	14	1789584312493375488	1789584312493377536	1789584312493377536	1789584312493378560	1789584312493379584	2780	1	6	1	54750048847560	54750048849287
471	22	12	22	14	1789584312493379584	1789584312493390848	1789584312493390848	1789584312493395968	1789584312493396992	2781	1	13	1	54750048882107	54750048893630
472	22	13	22	14	1789584312493396992	1789584312493399040	1789584312493399040	1789584312493401088	1789584312493402112	2782	4	14	1	54750048900843	54750048905898
473	22	15	22	14	1789584312493402112	1789584312493409280	1789584312493409280	1789584312493413376	1789584312493415424	2786	4	16	1	54750048926477	54750048937714
474	22	16	22	14	1789584312493415424	1789584312493416448	1789584312493416448	1789584312493417472	1789584312493418496	2790	4	17	1	54750048944463	54750048948018
475	22	20	22	14	1789584312493418496	1789584312493427712	1789584312493427712	1789584312493433856	1789584312493434880	2794	4	22	2	54750048973085	54750048989877
476	22	21	22	14	1789584312493434880	1789584312493435904	1789584312493435904	1789584312493437952	1789584312493438976	2798	4	24	1	54750048995499	54750048998893
477	22	25	22	14	1789584312493438976	1789584312493446144	1789584312493446144	1789584312493451264	1789584312493452288	2802	4	28	1	54750049020447	54750049032265
478	22	24	6	14	1789584312493452288	1789584312493453312	1789584312493453312	1789584312493454336	1789584312493456384	2806	4	27	1	54750049038520	54750049041442
479	22	29	10	14	1789584312493456384	1789584312493458432	1789584312493458432	1789584312493459456	1789584312493460480	2810	1	32	1	54750049050047	54750049052727
480	22	34	22	14	1789584312493460480	1789584312493469696	1789584312493469696	1789584312493474816	1789584312493475840	2811	1	39	2	54750049079998	54750049091628
481	22	35	22	14	1789584312493475840	1789584312493477888	1789584312493477888	1789584312493479936	1789584312493480960	2812	4	41	1	54750049099228	54750049103878
482	22	37	22	14	1789584312493480960	1789584312493487104	1789584312493487104	1789584312493491200	1789584312493492224	2816	4	43	1	54750049122346	54750049133682
483	22	38	22	14	1789584312493492224	1789584312493493248	1789584312493494272	1789584312493495296	1789584312493496320	2820	4	44	1	54750049140230	54750049143796
484	22	42	22	14	1789584312493496320	1789584312493504512	1789584312493504512	1789584312493510656	1789584312493511680	2824	4	49	2	54750049166223	54750049182822
485	22	43	22	14	1789584312493511680	1789584312493512704	1789584312493512704	1789584312493514752	1789584312493514752	2828	4	51	1	54750049188579	54750049192419
486	23	3	23	14	1789584312493361152	1789584312493365248	1789584312493365248	1789584312493370368	1789584312493371392	2832	4	2	1	54750048817544	54750048829084
487	23	2	7	14	1789584312493371392	1789584312493372416	1789584312493372416	1789584312493374464	1789584312493375488	2836	4	1	1	54750048835699	54750048839152
488	23	7	11	14	1789584312493375488	1789584312493377536	1789584312493377536	1789584312493378560	1789584312493379584	2840	1	6	1	54750048847564	54750048849301
489	23	12	23	14	1789584312493379584	1789584312493390848	1789584312493390848	1789584312493396992	1789584312493398016	2841	1	13	1	54750048882114	54750048895463
490	23	13	23	14	1789584312493398016	1789584312493399040	1789584312493399040	1789584312493401088	1789584312493402112	2842	4	14	1	54750048900770	54750048905886
491	23	15	23	14	1789584312493402112	1789584312493409280	1789584312493409280	1789584312493414400	1789584312493415424	2846	4	16	1	54750048926561	54750048939887
492	23	16	23	14	1789584312493415424	1789584312493416448	1789584312493416448	1789584312493418496	1789584312493419520	2850	4	17	1	54750048946459	54750048949674
493	23	20	23	14	1789584312493419520	1789584312493427712	1789584312493427712	1789584312493434880	1789584312493435904	2854	4	22	2	54750048972533	54750048991766
494	23	21	23	14	1789584312493435904	1789584312493437952	1789584312493437952	1789584312493438976	1789584312493441024	2858	4	24	1	54750048998412	54750049003103
495	23	25	23	14	1789584312493441024	1789584312493446144	1789584312493446144	1789584312493451264	1789584312493453312	2862	4	28	1	54750049020473	54750049033740
496	23	24	7	14	1789584312493453312	1789584312493454336	1789584312493454336	1789584312493456384	1789584312493457408	2866	4	27	1	54750049041353	54750049045861
497	23	29	11	14	1789584312493457408	1789584312493459456	1789584312493459456	1789584312493460480	1789584312493461504	2870	1	32	1	54750049052977	54750049055515
498	23	34	23	14	1789584312493461504	1789584312493469696	1789584312493469696	1789584312493474816	1789584312493476864	2871	1	39	2	54750049080074	54750049092860
499	23	35	23	14	1789584312493476864	1789584312493477888	1789584312493477888	1789584312493479936	1789584312493480960	2872	4	41	1	54750049099472	54750049103891
500	23	37	23	14	1789584312493480960	1789584312493487104	1789584312493487104	1789584312493492224	1789584312493493248	2876	4	43	1	54750049122350	54750049136066
501	23	38	23	14	1789584312493493248	1789584312493494272	1789584312493495296	1789584312493496320	1789584312493497344	2880	4	44	1	54750049142604	54750049146083
502	23	42	23	14	1789584312493497344	1789584312493504512	1789584312493504512	1789584312493511680	1789584312493512704	2884	4	49	2	54750049166121	54750049184882
503	23	43	23	14	1789584312493512704	1789584312493513728	1789584312493513728	1789584312493515776	1789584312493515776	2888	4	51	1	54750049191051	54750049194610
504	24	3	24	16	1789584312493361152	1789584312493365248	1789584312493365248	1789584312493369344	1789584312493370368	2892	4	2	1	54686380598795	54686380607803
505	24	2	8	16	1789584312493370368	1789584312493372416	1789584312493372416	1789584312493374464	1789584312493375488	2896	4	1	1	54686380616529	54686380620482
506	24	7	4	16	1789584312493375488	1789584312493377536	1789584312493377536	1789584312493378560	1789584312493379584	2900	1	6	1	54686380627985	54686380630462
507	24	12	24	16	1789584312493379584	1789584312493390848	1789584312493391872	1789584312493394944	1789584312493395968	2901	1	13	1	54686380663646	54686380672092
508	24	13	24	16	1789584312493395968	1789584312493399040	1789584312493399040	1789584312493401088	1789584312493402112	2902	4	14	1	54686380681937	54686380687106
509	24	15	24	16	1789584312493402112	1789584312493409280	1789584312493409280	1789584312493412352	1789584312493414400	2906	4	16	1	54686380707825	54686380717473
510	24	16	24	16	1789584312493414400	1789584312493416448	1789584312493416448	1789584312493417472	1789584312493418496	2910	4	17	1	54686380725764	54686380729557
511	24	20	24	16	1789584312493418496	1789584312493427712	1789584312493427712	1789584312493433856	1789584312493434880	2914	4	22	2	54686380754276	54686380769724
512	24	21	24	16	1789584312493434880	1789584312493435904	1789584312493436928	1789584312493437952	1789584312493438976	2918	4	24	1	54686380776871	54686380781198
513	24	25	24	16	1789584312493440000	1789584312493446144	1789584312493446144	1789584312493450240	1789584312493451264	2922	4	28	1	54686380801638	54686380810638
514	24	24	8	16	1789584312493451264	1789584312493452288	1789584312493452288	1789584312493454336	1789584312493455360	2926	4	27	1	54686380817108	54686380820631
515	24	29	4	16	1789584312493455360	1789584312493457408	1789584312493458432	1789584312493459456	1789584312493460480	2930	1	32	1	54686380831094	54686380833565
516	24	34	24	16	1789584312493460480	1789584312493469696	1789584312493469696	1789584312493473792	1789584312493474816	2931	1	39	2	54686380861198	54686380870713
517	24	35	24	16	1789584312493474816	1789584312493477888	1789584312493477888	1789584312493478912	1789584312493479936	2932	4	41	1	54686380880214	54686380883743
518	24	37	24	16	1789584312493479936	1789584312493487104	1789584312493487104	1789584312493490176	1789584312493492224	2936	4	43	1	54686380903763	54686380913087
519	24	38	24	16	1789584312493492224	1789584312493494272	1789584312493494272	1789584312493495296	1789584312493496320	2940	4	44	1	54686380921338	54686380925010
520	24	42	24	16	1789584312493496320	1789584312493504512	1789584312493504512	1789584312493509632	1789584312493510656	2944	4	49	2	54686380947157	54686380960255
521	24	43	24	16	1789584312493511680	1789584312493512704	1789584312493512704	1789584312493514752	1789584312493514752	2948	4	51	1	54686380969364	54686380973342
522	25	3	25	16	1789584312493361152	1789584312493365248	1789584312493366272	1789584312493370368	1789584312493371392	2952	4	2	1	54686380599413	54686380609761
523	25	2	9	16	1789584312493371392	1789584312493373440	1789584312493373440	1789584312493374464	1789584312493375488	2956	4	1	1	54686380618428	54686380621547
524	25	7	5	16	1789584312493376512	1789584312493377536	1789584312493377536	1789584312493378560	1789584312493379584	2960	1	6	1	54686380628938	54686380630500
525	25	12	25	16	1789584312493379584	1789584312493390848	1789584312493391872	1789584312493395968	1789584312493396992	2961	1	13	1	54686380663722	54686380674139
526	25	13	25	16	1789584312493396992	1789584312493399040	1789584312493399040	1789584312493401088	1789584312493402112	2962	4	14	1	54686380683795	54686380687251
527	25	15	25	16	1789584312493402112	1789584312493409280	1789584312493409280	1789584312493413376	1789584312493415424	2966	4	16	1	54686380707897	54686380720055
528	25	16	25	16	1789584312493415424	1789584312493416448	1789584312493416448	1789584312493417472	1789584312493418496	2970	4	17	1	54686380726333	54686380729557
529	25	20	25	16	1789584312493418496	1789584312493426688	1789584312493427712	1789584312493433856	1789584312493434880	2974	4	22	2	54686380753743	54686380770800
530	25	21	25	16	1789584312493434880	1789584312493435904	1789584312493436928	1789584312493437952	1789584312493438976	2978	4	24	1	54686380776812	54686380781230
531	25	25	25	16	1789584312493440000	1789584312493446144	1789584312493446144	1789584312493451264	1789584312493452288	2982	4	28	1	54686380801705	54686380813310
532	25	24	9	16	1789584312493452288	1789584312493453312	1789584312493453312	1789584312493455360	1789584312493456384	2986	4	27	1	54686380820109	54686380823797
533	25	29	5	16	1789584312493456384	1789584312493458432	1789584312493458432	1789584312493459456	1789584312493460480	2990	1	32	1	54686380831165	54686380833604
534	25	34	25	16	1789584312493460480	1789584312493469696	1789584312493469696	1789584312493474816	1789584312493475840	2991	1	39	2	54686380861268	54686380872498
535	25	35	25	16	1789584312493475840	1789584312493477888	1789584312493477888	1789584312493479936	1789584312493480960	2992	4	41	1	54686380882103	54686380885989
536	25	37	25	16	1789584312493480960	1789584312493487104	1789584312493487104	1789584312493491200	1789584312493493248	2996	4	43	1	54686380903693	54686380915344
537	25	38	25	16	1789584312493493248	1789584312493494272	1789584312493494272	1789584312493495296	1789584312493496320	3000	4	44	1	54686380922018	54686380925021
538	25	42	25	16	1789584312493496320	1789584312493504512	1789584312493504512	1789584312493510656	1789584312493511680	3004	4	49	2	54686380947224	54686380964247
539	25	43	25	16	1789584312493511680	1789584312493513728	1789584312493513728	1789584312493514752	1789584312493514752	3008	4	51	1	54686380970285	54686380973926
540	26	3	26	16	1789584312493361152	1789584312493365248	1789584312493366272	1789584312493370368	1789584312493371392	3012	4	2	1	54686380599416	54686380611074
541	26	2	10	16	1789584312493371392	1789584312493373440	1789584312493373440	1789584312493374464	1789584312493375488	3016	4	1	1	54686380617507	54686380620984
542	26	7	6	16	1789584312493376512	1789584312493377536	1789584312493377536	1789584312493378560	1789584312493379584	3020	1	6	1	54686380628946	54686380630534
543	26	12	26	16	1789584312493379584	1789584312493390848	1789584312493390848	1789584312493395968	1789584312493396992	3021	1	13	1	54686380662982	54686380675763
544	26	13	26	16	1789584312493398016	1789584312493398016	1789584312493398016	1789584312493401088	1789584312493402112	3022	4	14	1	54686380681439	54686380687159
545	26	15	26	16	1789584312493402112	1789584312493409280	1789584312493409280	1789584312493414400	1789584312493415424	3026	4	16	1	54686380707911	54686380722045
546	26	16	26	16	1789584312493416448	1789584312493417472	1789584312493417472	1789584312493418496	1789584312493419520	3030	4	17	1	54686380728382	54686380731948
547	26	20	26	16	1789584312493419520	1789584312493427712	1789584312493427712	1789584312493434880	1789584312493435904	3034	4	22	2	54686380754296	54686380772951
548	26	21	26	16	1789584312493435904	1789584312493436928	1789584312493436928	1789584312493438976	1789584312493440000	3038	4	24	1	54686380779197	54686380783188
549	26	25	26	16	1789584312493440000	1789584312493446144	1789584312493446144	1789584312493451264	1789584312493452288	3042	4	28	1	54686380801725	54686380814247
550	26	24	10	16	1789584312493452288	1789584312493453312	1789584312493453312	1789584312493455360	1789584312493456384	3046	4	27	1	54686380820175	54686380823808
551	26	29	6	16	1789584312493456384	1789584312493458432	1789584312493458432	1789584312493459456	1789584312493460480	3050	1	32	1	54686380831175	54686380833624
552	26	34	26	16	1789584312493460480	1789584312493469696	1789584312493469696	1789584312493474816	1789584312493475840	3051	1	39	2	54686380861274	54686380873399
553	26	35	26	16	1789584312493475840	1789584312493476864	1789584312493476864	1789584312493478912	1789584312493479936	3052	4	41	1	54686380879496	54686380883736
554	26	37	26	16	1789584312493479936	1789584312493486080	1789584312493487104	1789584312493492224	1789584312493493248	3056	4	43	1	54686380903592	54686380917762
555	26	38	26	16	1789584312493493248	1789584312493494272	1789584312493495296	1789584312493496320	1789584312493497344	3060	4	44	1	54686380923726	54686380927065
556	26	42	26	16	1789584312493497344	1789584312493504512	1789584312493504512	1789584312493511680	1789584312493512704	3064	4	49	2	54686380947252	54686380966162
557	26	43	26	16	1789584312493512704	1789584312493513728	1789584312493513728	1789584312493515776	1789584312493515776	3068	4	51	1	54686380972192	54686380975580
558	27	3	27	18	1789584312493361152	1789584312493365248	1789584312493365248	1789584312493369344	1789584312493370368	3072	4	2	1	54734061236393	54734061246118
559	27	2	11	18	1789584312493370368	1789584312493372416	1789584312493372416	1789584312493373440	1789584312493375488	3076	4	1	1	54734061252874	54734061256996
560	27	7	7	18	1789584312493375488	1789584312493377536	1789584312493377536	1789584312493378560	1789584312493379584	3080	1	6	1	54734061265588	54734061267986
561	27	12	27	18	1789584312493379584	1789584312493390848	1789584312493390848	1789584312493394944	1789584312493395968	3081	1	13	1	54734061301026	54734061309930
562	27	13	27	18	1789584312493395968	1789584312493398016	1789584312493398016	1789584312493400064	1789584312493402112	3082	4	14	1	54734061319439	54734061324560
563	27	15	27	18	1789584312493402112	1789584312493409280	1789584312493409280	1789584312493412352	1789584312493414400	3086	4	16	1	54734061345613	54734061354665
564	27	16	27	18	1789584312493414400	1789584312493416448	1789584312493416448	1789584312493417472	1789584312493418496	3090	4	17	1	54734061363504	54734061367143
565	27	20	27	18	1789584312493418496	1789584312493426688	1789584312493427712	1789584312493431808	1789584312493433856	3094	4	22	2	54734061391831	54734061404382
566	27	21	27	18	1789584312493433856	1789584312493435904	1789584312493435904	1789584312493437952	1789584312493438976	3098	4	24	1	54734061414309	54734061418675
567	27	25	27	18	1789584312493438976	1789584312493446144	1789584312493446144	1789584312493450240	1789584312493451264	3102	4	28	1	54734061439441	54734061448834
568	27	24	11	18	1789584312493451264	1789584312493452288	1789584312493452288	1789584312493454336	1789584312493455360	3106	4	27	1	54734061455966	54734061460058
569	27	29	7	18	1789584312493455360	1789584312493457408	1789584312493458432	1789584312493459456	1789584312493460480	3110	1	32	1	54734061469151	54734061471555
570	27	34	27	18	1789584312493460480	1789584312493469696	1789584312493469696	1789584312493473792	1789584312493474816	3111	1	39	2	54734061498993	54734061508373
571	27	35	27	18	1789584312493474816	1789584312493477888	1789584312493477888	1789584312493478912	1789584312493480960	3112	4	41	1	54734061518509	54734061522819
572	27	37	27	18	1789584312493480960	1789584312493487104	1789584312493487104	1789584312493490176	1789584312493492224	3116	4	43	1	54734061541523	54734061551103
573	27	38	27	18	1789584312493492224	1789584312493494272	1789584312493494272	1789584312493495296	1789584312493496320	3120	4	44	1	54734061559413	54734061562860
574	27	42	27	18	1789584312493496320	1789584312493504512	1789584312493504512	1789584312493508608	1789584312493510656	3124	4	49	2	54734061585211	54734061597656
575	27	43	27	18	1789584312493510656	1789584312493512704	1789584312493512704	1789584312493514752	1789584312493514752	3128	4	51	1	54734061607405	54734061611268
576	28	3	28	18	1789584312493361152	1789584312493365248	1789584312493365248	1789584312493369344	1789584312493370368	3132	4	2	1	54734061236451	54734061247119
577	28	2	12	18	1789584312493370368	1789584312493372416	1789584312493372416	1789584312493373440	1789584312493375488	3136	4	1	1	54734061253431	54734061257035
578	28	7	0	18	1789584312493375488	1789584312493377536	1789584312493377536	1789584312493378560	1789584312493379584	3140	1	6	1	54734061266247	54734061268022
579	28	12	28	18	1789584312493379584	1789584312493390848	1789584312493390848	1789584312493394944	1789584312493396992	3141	1	13	1	54734061301096	54734061311783
580	28	13	28	18	1789584312493396992	1789584312493399040	1789584312493399040	1789584312493401088	1789584312493402112	3142	4	14	1	54734061321349	54734061324888
581	28	15	28	18	1789584312493402112	1789584312493409280	1789584312493409280	1789584312493413376	1789584312493414400	3146	4	16	1	54734061345665	54734061356935
582	28	16	28	18	1789584312493415424	1789584312493416448	1789584312493416448	1789584312493417472	1789584312493418496	3150	4	17	1	54734061363991	54734061367143
583	28	20	28	18	1789584312493418496	1789584312493427712	1789584312493427712	1789584312493433856	1789584312493434880	3154	4	22	2	54734061392031	54734061408525
584	28	21	28	18	1789584312493434880	1789584312493435904	1789584312493435904	1789584312493437952	1789584312493438976	3158	4	24	1	54734061414257	54734061418648
585	28	25	28	18	1789584312493438976	1789584312493446144	1789584312493446144	1789584312493450240	1789584312493452288	3162	4	28	1	54734061439391	54734061450365
586	28	24	12	18	1789584312493452288	1789584312493452288	1789584312493453312	1789584312493454336	1789584312493455360	3166	4	27	1	54734061456176	54734061460078
587	28	29	0	18	1789584312493455360	1789584312493458432	1789584312493458432	1789584312493459456	1789584312493460480	3170	1	32	1	54734061469221	54734061471590
588	28	34	28	18	1789584312493460480	1789584312493469696	1789584312493469696	1789584312493473792	1789584312493475840	3171	1	39	2	54734061499051	54734061509892
589	28	35	28	18	1789584312493475840	1789584312493477888	1789584312493477888	1789584312493479936	1789584312493480960	3172	4	41	1	54734061520408	54734061523861
590	28	37	28	18	1789584312493480960	1789584312493487104	1789584312493487104	1789584312493491200	1789584312493492224	3176	4	43	1	54734061541593	54734061552667
591	28	38	28	18	1789584312493492224	1789584312493493248	1789584312493494272	1789584312493495296	1789584312493496320	3180	4	44	1	54734061559341	54734061562856
592	28	42	28	18	1789584312493496320	1789584312493504512	1789584312493504512	1789584312493510656	1789584312493511680	3184	4	49	2	54734061585226	54734061601137
593	28	43	28	18	1789584312493511680	1789584312493512704	1789584312493512704	1789584312493514752	1789584312493514752	3188	4	51	1	54734061607929	54734061611301
594	29	3	29	18	1789584312493361152	1789584312493365248	1789584312493365248	1789584312493370368	1789584312493371392	3192	4	2	1	54734061236471	54734061249017
595	29	2	13	18	1789584312493371392	1789584312493372416	1789584312493372416	1789584312493374464	1789584312493375488	3196	4	1	1	54734061254769	54734061257898
596	29	7	1	18	1789584312493375488	1789584312493377536	1789584312493377536	1789584312493378560	1789584312493379584	3200	1	6	1	54734061266260	54734061268036
597	29	12	29	18	1789584312493379584	1789584312493390848	1789584312493390848	1789584312493395968	1789584312493396992	3201	1	13	1	54734061301100	54734061313655
598	29	13	29	18	1789584312493396992	1789584312493399040	1789584312493399040	1789584312493400064	1789584312493402112	3202	4	14	1	54734061320094	54734061324641
599	29	15	29	18	1789584312493402112	1789584312493409280	1789584312493409280	1789584312493414400	1789584312493415424	3206	4	16	1	54734061345692	54734061359595
600	29	16	29	18	1789584312493415424	1789584312493416448	1789584312493417472	1789584312493418496	1789584312493419520	3210	4	17	1	54734061365815	54734061369190
601	29	20	29	18	1789584312493419520	1789584312493427712	1789584312493427712	1789584312493434880	1789584312493435904	3214	4	22	2	54734061392074	54734061410593
602	29	21	29	18	1789584312493435904	1789584312493436928	1789584312493436928	1789584312493437952	1789584312493438976	3218	4	24	1	54734061416328	54734061419608
603	29	25	29	18	1789584312493440000	1789584312493446144	1789584312493446144	1789584312493451264	1789584312493452288	3222	4	28	1	54734061439466	54734061452087
604	29	24	13	18	1789584312493452288	1789584312493453312	1789584312493453312	1789584312493454336	1789584312493456384	3226	4	27	1	54734061458226	54734061461048
605	29	29	1	18	1789584312493456384	1789584312493458432	1789584312493458432	1789584312493459456	1789584312493460480	3230	1	32	1	54734061469225	54734061471585
606	29	34	29	18	1789584312493460480	1789584312493469696	1789584312493469696	1789584312493474816	1789584312493475840	3231	1	39	2	54734061499071	54734061511337
607	29	35	29	18	1789584312493475840	1789584312493477888	1789584312493477888	1789584312493479936	1789584312493480960	3232	4	41	1	54734061520481	54734061523892
608	29	37	29	18	1789584312493480960	1789584312493487104	1789584312493487104	1789584312493492224	1789584312493493248	3236	4	43	1	54734061541597	54734061555714
609	29	38	29	18	1789584312493493248	1789584312493494272	1789584312493494272	1789584312493496320	1789584312493497344	3240	4	44	1	54734061561496	54734061564773
610	29	42	29	18	1789584312493497344	1789584312493504512	1789584312493504512	1789584312493511680	1789584312493512704	3244	4	49	2	54734061585152	54734061603452
611	29	43	29	18	1789584312493512704	1789584312493513728	1789584312493513728	1789584312493514752	1789584312493514752	3248	4	51	1	54734061608523	54734061611541
612	30	3	30	20	1789584312493361152	1789584312493365248	1789584312493365248	1789584312493369344	1789584312493370368	3252	4	2	1	54749619325010	54749619334560
613	30	2	14	20	1789584312493370368	1789584312493372416	1789584312493372416	1789584312493373440	1789584312493375488	3256	4	1	1	54749619342067	54749619345934
614	30	7	2	20	1789584312493375488	1789584312493377536	1789584312493377536	1789584312493378560	1789584312493379584	3260	1	6	1	54749619354355	54749619356838
615	30	12	30	20	1789584312493379584	1789584312493390848	1789584312493390848	1789584312493394944	1789584312493396992	3261	1	13	1	54749619389647	54749619398805
616	30	13	30	20	1789584312493396992	1789584312493399040	1789584312493399040	1789584312493401088	1789584312493402112	3262	4	14	1	54749619408737	54749619413230
617	30	15	30	20	1789584312493402112	1789584312493409280	1789584312493409280	1789584312493412352	1789584312493414400	3266	4	16	1	54749619434134	54749619443100
618	30	16	30	20	1789584312493414400	1789584312493416448	1789584312493416448	1789584312493417472	1789584312493418496	3270	4	17	1	54749619452443	54749619455826
619	30	20	30	20	1789584312493418496	1789584312493426688	1789584312493427712	1789584312493432832	1789584312493433856	3274	4	22	2	54749619480108	54749619493092
620	30	21	30	20	1789584312493433856	1789584312493435904	1789584312493435904	1789584312493437952	1789584312493438976	3278	4	24	1	54749619502949	54749619507096
621	30	25	30	20	1789584312493438976	1789584312493446144	1789584312493446144	1789584312493450240	1789584312493451264	3282	4	28	1	54749619528036	54749619537427
622	30	24	14	20	1789584312493451264	1789584312493453312	1789584312493453312	1789584312493454336	1789584312493456384	3286	4	27	1	54749619546019	54749619548992
623	30	29	2	20	1789584312493456384	1789584312493457408	1789584312493457408	1789584312493458432	1789584312493460480	3290	1	32	1	54749619557389	54749619559873
624	30	34	30	20	1789584312493460480	1789584312493469696	1789584312493469696	1789584312493473792	1789584312493475840	3291	1	39	2	54749619587627	54749619597287
625	30	35	30	20	1789584312493475840	1789584312493477888	1789584312493477888	1789584312493479936	1789584312493480960	3292	4	41	1	54749619608461	54749619611837
626	30	37	30	20	1789584312493480960	1789584312493487104	1789584312493487104	1789584312493490176	1789584312493492224	3296	4	43	1	54749619629956	54749619639716
627	30	38	30	20	1789584312493492224	1789584312493494272	1789584312493494272	1789584312493495296	1789584312493497344	3300	4	44	1	54749619648503	54749619652400
628	30	42	30	20	1789584312493497344	1789584312493504512	1789584312493504512	1789584312493509632	1789584312493510656	3304	4	49	2	54749619673642	54749619686607
629	30	43	30	20	1789584312493510656	1789584312493512704	1789584312493512704	1789584312493514752	1789584312493514752	3308	4	51	1	54749619695906	54749619699872
630	31	3	31	20	1789584312493361152	1789584312493365248	1789584312493365248	1789584312493370368	1789584312493370368	3312	4	2	1	54749619325034	54749619335931
631	31	2	15	20	1789584312493371392	1789584312493372416	1789584312493372416	1789584312493374464	1789584312493375488	3316	4	1	1	54749619342741	54749619346075
632	31	7	3	20	1789584312493375488	1789584312493377536	1789584312493377536	1789584312493378560	1789584312493379584	3320	1	6	1	54749619355019	54749619356877
633	31	12	31	20	1789584312493379584	1789584312493390848	1789584312493390848	1789584312493394944	1789584312493396992	3321	1	13	1	54749619389722	54749619400267
634	31	13	31	20	1789584312493396992	1789584312493399040	1789584312493399040	1789584312493401088	1789584312493402112	3322	4	14	1	54749619408811	54749619413227
635	31	15	31	20	1789584312493402112	1789584312493409280	1789584312493409280	1789584312493413376	1789584312493415424	3326	4	16	1	54749619434085	54749619445582
636	31	16	31	20	1789584312493415424	1789584312493416448	1789584312493416448	1789584312493417472	1789584312493418496	3330	4	17	1	54749619452380	54749619455836
637	31	20	31	20	1789584312493418496	1789584312493427712	1789584312493427712	1789584312493433856	1789584312493434880	3334	4	22	2	54749619480586	54749619496302
638	31	21	31	20	1789584312493434880	1789584312493435904	1789584312493435904	1789584312493437952	1789584312493438976	3338	4	24	1	54749619503160	54749619507093
639	31	25	31	20	1789584312493438976	1789584312493446144	1789584312493446144	1789584312493450240	1789584312493451264	3342	4	28	1	54749619528063	54749619538813
640	31	24	15	20	1789584312493451264	1789584312493453312	1789584312493453312	1789584312493454336	1789584312493456384	3346	4	27	1	54749619546035	54749619549005
641	31	29	3	20	1789584312493456384	1789584312493457408	1789584312493458432	1789584312493458432	1789584312493460480	3350	1	32	1	54749619557465	54749619559905
642	31	34	31	20	1789584312493460480	1789584312493469696	1789584312493469696	1789584312493473792	1789584312493475840	3351	1	39	2	54749619587704	54749619598506
643	31	35	31	20	1789584312493475840	1789584312493477888	1789584312493477888	1789584312493478912	1789584312493480960	3352	4	41	1	54749619606890	54749619611188
644	31	37	31	20	1789584312493480960	1789584312493487104	1789584312493487104	1789584312493491200	1789584312493493248	3356	4	43	1	54749619629982	54749619641356
645	31	38	31	20	1789584312493493248	1789584312493494272	1789584312493494272	1789584312493495296	1789584312493497344	3360	4	44	1	54749619648573	54749619652413
646	31	42	31	20	1789584312493497344	1789584312493504512	1789584312493504512	1789584312493510656	1789584312493511680	3364	4	49	2	54749619673666	54749619690365
647	31	43	31	20	1789584312493511680	1789584312493512704	1789584312493512704	1789584312493514752	1789584312493514752	3368	4	51	1	54749619695965	54749619699897
648	32	3	32	20	1789584312493361152	1789584312493365248	1789584312493365248	1789584312493370368	1789584312493371392	3372	4	2	1	54749619325039	54749619337209
649	32	2	16	20	1789584312493371392	1789584312493372416	1789584312493372416	1789584312493374464	1789584312493375488	3376	4	1	1	54749619343450	54749619346183
650	32	12	32	20	1789584312493375488	1789584312493391872	1789584312493392896	1789584312493395968	1789584312493398016	3380	1	13	1	54749619392661	54749619402586
651	32	15	32	20	1789584312493398016	1789584312493409280	1789584312493409280	1789584312493414400	1789584312493415424	3381	4	16	1	54749619434162	54749619447890
652	32	16	32	20	1789584312493415424	1789584312493416448	1789584312493417472	1789584312493418496	1789584312493419520	3385	4	17	1	54749619454258	54749619457740
653	32	20	32	20	1789584312493419520	1789584312493427712	1789584312493427712	1789584312493434880	1789584312493435904	3389	4	22	2	54749619480609	54749619499385
654	32	25	32	20	1789584312493435904	1789584312493446144	1789584312493446144	1789584312493451264	1789584312493452288	3393	4	28	1	54749619527984	54749619540369
655	32	24	16	20	1789584312493452288	1789584312493453312	1789584312493453312	1789584312493454336	1789584312493456384	3397	4	27	1	54749619545172	54749619549285
656	32	34	32	20	1789584312493456384	1789584312493470720	1789584312493470720	1789584312493474816	1789584312493475840	3401	1	39	2	54749619590663	54749619599976
657	32	37	32	20	1789584312493475840	1789584312493487104	1789584312493487104	1789584312493492224	1789584312493493248	3402	4	43	1	54749619629913	54749619643697
658	32	38	32	20	1789584312493493248	1789584312493494272	1789584312493494272	1789584312493495296	1789584312493497344	3406	4	44	1	54749619649765	54749619652679
659	32	42	32	20	1789584312493497344	1789584312493504512	1789584312493504512	1789584312493511680	1789584312493512704	3410	4	49	2	54749619673684	54749619692242
660	33	3	33	22	1789584312493361152	1789584312493365248	1789584312493365248	1789584312493369344	1789584312493371392	3414	4	2	1	54742326760539	54742326770695
661	33	2	17	22	1789584312493371392	1789584312493372416	1789584312493372416	1789584312493374464	1789584312493375488	3418	4	1	1	54742326778595	54742326782232
662	33	12	33	22	1789584312493375488	1789584312493391872	1789584312493391872	1789584312493395968	1789584312493396992	3422	1	13	1	54742326827422	54742326836778
663	33	15	33	22	1789584312493398016	1789584312493409280	1789584312493409280	1789584312493412352	1789584312493414400	3423	4	16	1	54742326869856	54742326879264
664	33	16	33	22	1789584312493414400	1789584312493417472	1789584312493417472	1789584312493418496	1789584312493419520	3427	4	17	1	54742326890283	54742326893976
665	33	20	33	22	1789584312493420544	1789584312493427712	1789584312493427712	1789584312493432832	1789584312493434880	3431	4	22	2	54742326915898	54742326928633
666	33	25	33	22	1789584312493434880	1789584312493446144	1789584312493446144	1789584312493450240	1789584312493452288	3435	4	28	1	54742326963633	54742326974000
667	33	24	17	22	1789584312493452288	1789584312493453312	1789584312493453312	1789584312493455360	1789584312493456384	3439	4	27	1	54742326982179	54742326985910
668	33	34	33	22	1789584312493456384	1789584312493470720	1789584312493470720	1789584312493474816	1789584312493475840	3443	1	39	2	54742327025837	54742327034969
669	33	37	33	22	1789584312493475840	1789584312493487104	1789584312493487104	1789584312493491200	1789584312493492224	3444	4	43	1	54742327065679	54742327075401
670	33	38	33	22	1789584312493492224	1789584312493494272	1789584312493495296	1789584312493496320	1789584312493497344	3448	4	44	1	54742327085717	54742327089348
671	33	42	33	22	1789584312493497344	1789584312493504512	1789584312493504512	1789584312493509632	1789584312493510656	3452	4	49	2	54742327109117	54742327122074
672	34	3	34	22	1789584312493361152	1789584312493365248	1789584312493366272	1789584312493370368	1789584312493371392	3456	4	2	1	54742326761143	54742326771559
673	34	2	18	22	1789584312493371392	1789584312493372416	1789584312493372416	1789584312493374464	1789584312493375488	3460	4	1	1	54742326777801	54742326782259
674	34	12	34	22	1789584312493375488	1789584312493391872	1789584312493391872	1789584312493396992	1789584312493398016	3464	1	13	1	54742326827476	54742326839388
675	34	15	34	22	1789584312493398016	1789584312493409280	1789584312493409280	1789584312493413376	1789584312493415424	3465	4	16	1	54742326869802	54742326881344
676	34	16	34	22	1789584312493415424	1789584312493416448	1789584312493417472	1789584312493418496	1789584312493419520	3469	4	17	1	54742326890189	54742326893989
677	34	20	34	22	1789584312493420544	1789584312493427712	1789584312493427712	1789584312493433856	1789584312493434880	3473	4	22	2	54742326916480	54742326933105
678	34	25	34	22	1789584312493434880	1789584312493446144	1789584312493446144	1789584312493450240	1789584312493452288	3477	4	28	1	54742326963589	54742326974713
679	34	24	18	22	1789584312493452288	1789584312493453312	1789584312493453312	1789584312493455360	1789584312493456384	3481	4	27	1	54742326982125	54742326985935
680	34	34	34	22	1789584312493456384	1789584312493470720	1789584312493470720	1789584312493475840	1789584312493476864	3485	1	39	2	54742327025890	54742327037248
681	34	37	34	22	1789584312493476864	1789584312493487104	1789584312493487104	1789584312493491200	1789584312493493248	3486	4	43	1	54742327065733	54742327077145
682	34	38	34	22	1789584312493493248	1789584312493495296	1789584312493495296	1789584312493496320	1789584312493497344	3490	4	44	1	54742327085819	54742327089373
683	34	42	34	22	1789584312493497344	1789584312493504512	1789584312493504512	1789584312493510656	1789584312493511680	3494	4	49	2	54742327109165	54742327125903
684	35	3	35	22	1789584312493361152	1789584312493365248	1789584312493366272	1789584312493370368	1789584312493371392	3498	4	2	1	54742326761156	54742326773010
685	35	2	19	22	1789584312493371392	1789584312493373440	1789584312493373440	1789584312493374464	1789584312493376512	3502	4	1	1	54742326780884	54742326783874
686	35	12	35	22	1789584312493376512	1789584312493391872	1789584312493391872	1789584312493396992	1789584312493398016	3506	1	13	1	54742326827501	54742326840008
687	35	15	35	22	1789584312493398016	1789584312493409280	1789584312493409280	1789584312493414400	1789584312493415424	3507	4	16	1	54742326869880	54742326883686
688	35	16	35	22	1789584312493415424	1789584312493417472	1789584312493417472	1789584312493418496	1789584312493419520	3511	4	17	1	54742326890364	54742326894008
689	35	20	35	22	1789584312493420544	1789584312493427712	1789584312493427712	1789584312493434880	1789584312493435904	3515	4	22	2	54742326916482	54742326935378
690	35	25	35	22	1789584312493435904	1789584312493446144	1789584312493446144	1789584312493451264	1789584312493452288	3519	4	28	1	54742326963665	54742326975425
691	35	24	19	22	1789584312493452288	1789584312493453312	1789584312493453312	1789584312493455360	1789584312493456384	3523	4	27	1	54742326982203	54742326985950
692	35	34	35	22	1789584312493456384	1789584312493470720	1789584312493470720	1789584312493475840	1789584312493476864	3527	1	39	2	54742327025917	54742327038207
693	35	37	35	22	1789584312493476864	1789584312493487104	1789584312493487104	1789584312493492224	1789584312493493248	3528	4	43	1	54742327065758	54742327079454
694	35	38	35	22	1789584312493493248	1789584312493494272	1789584312493495296	1789584312493496320	1789584312493497344	3532	4	44	1	54742327085621	54742327089388
695	35	42	35	22	1789584312493497344	1789584312493504512	1789584312493504512	1789584312493511680	1789584312493512704	3536	4	49	2	54742327109194	54742327128056
696	36	3	36	24	1789584312493361152	1789584312493365248	1789584312493365248	1789584312493369344	1789584312493370368	3540	4	2	1	54763502762785	54763502771920
697	36	2	20	24	1789584312493370368	1789584312493372416	1789584312493372416	1789584312493373440	1789584312493375488	3544	4	1	1	54763502779716	54763502783644
698	36	12	36	24	1789584312493375488	1789584312493391872	1789584312493391872	1789584312493395968	1789584312493396992	3548	1	13	1	54763502829933	54763502839253
699	36	15	36	24	1789584312493398016	1789584312493409280	1789584312493409280	1789584312493412352	1789584312493414400	3549	4	16	1	54763502872358	54763502881722
700	36	16	36	24	1789584312493414400	1789584312493416448	1789584312493417472	1789584312493418496	1789584312493419520	3553	4	17	1	54763502892333	54763502896021
701	36	20	36	24	1789584312493419520	1789584312493426688	1789584312493427712	1789584312493432832	1789584312493433856	3557	4	22	2	54763502918255	54763502931354
702	36	25	36	24	1789584312493434880	1789584312493446144	1789584312493446144	1789584312493450240	1789584312493451264	3561	4	28	1	54763502966195	54763502976125
703	36	24	20	24	1789584312493452288	1789584312493453312	1789584312493453312	1789584312493454336	1789584312493456384	3565	4	27	1	54763502983330	54763502987529
704	36	34	36	24	1789584312493456384	1789584312493470720	1789584312493470720	1789584312493474816	1789584312493475840	3569	1	39	2	54763503028899	54763503037459
705	36	37	36	24	1789584312493475840	1789584312493487104	1789584312493487104	1789584312493490176	1789584312493492224	3570	4	43	1	54763503068326	54763503077876
706	36	38	36	24	1789584312493492224	1789584312493494272	1789584312493494272	1789584312493496320	1789584312493497344	3574	4	44	1	54763503087919	54763503091639
707	36	42	36	24	1789584312493497344	1789584312493504512	1789584312493504512	1789584312493509632	1789584312493510656	3578	4	49	2	54763503112027	54763503125401
708	37	3	37	24	1789584312493361152	1789584312493365248	1789584312493365248	1789584312493369344	1789584312493371392	3582	4	2	1	54763502763382	54763502773199
709	37	2	21	24	1789584312493371392	1789584312493372416	1789584312493372416	1789584312493374464	1789584312493375488	3586	4	1	1	54763502780410	54763502784183
710	37	12	37	24	1789584312493375488	1789584312493391872	1789584312493391872	1789584312493396992	1789584312493398016	3590	1	13	1	54763502829995	54763502841523
711	37	15	37	24	1789584312493398016	1789584312493409280	1789584312493409280	1789584312493413376	1789584312493415424	3591	4	16	1	54763502872379	54763502884085
712	37	16	37	24	1789584312493415424	1789584312493417472	1789584312493417472	1789584312493418496	1789584312493419520	3595	4	17	1	54763502892764	54763502896046
713	37	20	37	24	1789584312493419520	1789584312493427712	1789584312493427712	1789584312493433856	1789584312493434880	3599	4	22	2	54763502918872	54763502935499
714	37	25	37	24	1789584312493434880	1789584312493446144	1789584312493446144	1789584312493451264	1789584312493452288	3603	4	28	1	54763502966244	54763502978125
715	37	24	21	24	1789584312493452288	1789584312493453312	1789584312493453312	1789584312493455360	1789584312493456384	3607	4	27	1	54763502984209	54763502987756
716	37	34	37	24	1789584312493456384	1789584312493470720	1789584312493471744	1789584312493474816	1789584312493476864	3611	1	39	2	54763503029134	54763503038683
717	37	37	37	24	1789584312493476864	1789584312493487104	1789584312493487104	1789584312493491200	1789584312493493248	3612	4	43	1	54763503068243	54763503079722
718	37	38	37	24	1789584312493493248	1789584312493495296	1789584312493495296	1789584312493496320	1789584312493497344	3616	4	44	1	54763503088712	54763503091692
719	37	42	37	24	1789584312493497344	1789584312493503488	1789584312493504512	1789584312493510656	1789584312493511680	3620	4	49	2	54763503111837	54763503128755
720	38	3	38	24	1789584312493361152	1789584312493365248	1789584312493365248	1789584312493370368	1789584312493371392	3624	4	2	1	54763502763400	54763502776045
721	38	2	22	24	1789584312493372416	1789584312493373440	1789584312493373440	1789584312493375488	1789584312493376512	3628	4	1	1	54763502783059	54763502787372
722	38	12	38	24	1789584312493376512	1789584312493391872	1789584312493391872	1789584312493396992	1789584312493399040	3632	1	13	1	54763502830015	54763502842943
723	38	15	38	24	1789584312493399040	1789584312493409280	1789584312493409280	1789584312493414400	1789584312493415424	3633	4	16	1	54763502872307	54763502886836
724	38	16	38	24	1789584312493416448	1789584312493417472	1789584312493417472	1789584312493418496	1789584312493419520	3637	4	17	1	54763502892969	54763502896061
725	38	20	38	24	1789584312493419520	1789584312493427712	1789584312493427712	1789584312493434880	1789584312493435904	3641	4	22	2	54763502918882	54763502937606
726	38	25	38	24	1789584312493435904	1789584312493446144	1789584312493446144	1789584312493451264	1789584312493453312	3645	4	28	1	54763502966273	54763502979628
727	38	24	22	24	1789584312493453312	1789584312493454336	1789584312493454336	1789584312493456384	1789584312493457408	3649	4	27	1	54763502987136	54763502991037
728	38	34	38	24	1789584312493457408	1789584312493469696	1789584312493469696	1789584312493473792	1789584312493475840	3653	1	39	2	54763503025752	54763503036652
729	38	37	38	24	1789584312493475840	1789584312493487104	1789584312493487104	1789584312493492224	1789584312493493248	3654	4	43	1	54763503068249	54763503082295
730	38	38	38	24	1789584312493493248	1789584312493495296	1789584312493495296	1789584312493496320	1789584312493497344	3658	4	44	1	54763503088798	54763503091651
731	38	42	38	24	1789584312493497344	1789584312493504512	1789584312493504512	1789584312493511680	1789584312493512704	3662	4	49	2	54763503111933	54763503130929
732	39	3	39	26	1789584312493361152	1789584312493365248	1789584312493365248	1789584312493369344	1789584312493371392	3666	4	2	1	54744457803519	54744457813464
733	39	2	23	26	1789584312493371392	1789584312493372416	1789584312493372416	1789584312493374464	1789584312493375488	3670	4	1	1	54744457820965	54744457825202
734	39	12	39	26	1789584312493375488	1789584312493391872	1789584312493391872	1789584312493395968	1789584312493396992	3674	1	13	1	54744457870142	54744457879729
735	39	15	39	26	1789584312493398016	1789584312493409280	1789584312493409280	1789584312493412352	1789584312493414400	3675	4	16	1	54744457912380	54744457921796
736	39	16	39	26	1789584312493414400	1789584312493416448	1789584312493416448	1789584312493418496	1789584312493419520	3679	4	17	1	54744457931941	54744457935089
737	39	20	39	26	1789584312493419520	1789584312493427712	1789584312493427712	1789584312493432832	1789584312493433856	3683	4	22	2	54744457958526	54744457972375
738	39	25	39	26	1789584312493434880	1789584312493446144	1789584312493446144	1789584312493450240	1789584312493451264	3687	4	28	1	54744458006300	54744458015618
739	39	24	23	26	1789584312493451264	1789584312493453312	1789584312493453312	1789584312493454336	1789584312493456384	3691	4	27	1	54744458023400	54744458027784
740	39	34	39	26	1789584312493456384	1789584312493470720	1789584312493470720	1789584312493474816	1789584312493475840	3695	1	39	2	54744458068509	54744458077309
741	39	37	39	26	1789584312493475840	1789584312493487104	1789584312493487104	1789584312493491200	1789584312493492224	3696	4	43	1	54744458108313	54744458118404
742	39	38	39	26	1789584312493492224	1789584312493494272	1789584312493494272	1789584312493496320	1789584312493497344	3700	4	44	1	54744458128199	54744458131907
743	39	42	39	26	1789584312493497344	1789584312493503488	1789584312493504512	1789584312493509632	1789584312493510656	3704	4	49	2	54744458151748	54744458164543
744	40	3	40	26	1789584312493361152	1789584312493365248	1789584312493365248	1789584312493370368	1789584312493371392	3708	4	2	1	54744457803524	54744457814328
745	40	2	24	26	1789584312493371392	1789584312493372416	1789584312493373440	1789584312493374464	1789584312493375488	3712	4	1	1	54744457821771	54744457824978
746	40	12	40	26	1789584312493375488	1789584312493391872	1789584312493391872	1789584312493395968	1789584312493398016	3716	1	13	1	54744457870204	54744457880469
747	40	15	40	26	1789584312493398016	1789584312493409280	1789584312493409280	1789584312493413376	1789584312493415424	3717	4	16	1	54744457912450	54744457924084
748	40	16	40	26	1789584312493415424	1789584312493416448	1789584312493416448	1789584312493418496	1789584312493419520	3721	4	17	1	54744457931335	54744457935102
749	40	20	40	26	1789584312493419520	1789584312493427712	1789584312493427712	1789584312493433856	1789584312493434880	3725	4	22	2	54744457959184	54744457974858
750	40	25	40	26	1789584312493434880	1789584312493446144	1789584312493446144	1789584312493450240	1789584312493451264	3729	4	28	1	54744458006327	54744458017007
751	40	24	24	26	1789584312493451264	1789584312493453312	1789584312493453312	1789584312493454336	1789584312493456384	3733	4	27	1	54744458023477	54744458027809
752	40	34	40	26	1789584312493456384	1789584312493470720	1789584312493470720	1789584312493475840	1789584312493476864	3737	1	39	2	54744458068561	54744458080021
753	40	37	40	26	1789584312493476864	1789584312493487104	1789584312493487104	1789584312493491200	1789584312493492224	3738	4	43	1	54744458108264	54744458119607
754	40	38	40	26	1789584312493492224	1789584312493494272	1789584312493494272	1789584312493496320	1789584312493497344	3742	4	44	1	54744458128219	54744458131958
755	40	42	40	26	1789584312493497344	1789584312493504512	1789584312493504512	1789584312493510656	1789584312493511680	3746	4	49	2	54744458151802	54744458167952
756	41	3	41	26	1789584312493361152	1789584312493365248	1789584312493365248	1789584312493370368	1789584312493372416	3750	4	2	1	54744457803544	54744457816372
757	41	2	25	26	1789584312493372416	1789584312493373440	1789584312493373440	1789584312493374464	1789584312493375488	3754	4	1	1	54744457822613	54744457825299
758	41	12	41	26	1789584312493375488	1789584312493391872	1789584312493391872	1789584312493396992	1789584312493398016	3758	1	13	1	54744457870217	54744457883033
759	41	15	41	26	1789584312493399040	1789584312493409280	1789584312493409280	1789584312493414400	1789584312493415424	3759	4	16	1	54744457912454	54744457926415
760	41	16	41	26	1789584312493415424	1789584312493417472	1789584312493417472	1789584312493418496	1789584312493419520	3763	4	17	1	54744457932712	54744457935248
761	41	20	41	26	1789584312493419520	1789584312493427712	1789584312493427712	1789584312493434880	1789584312493435904	3767	4	22	2	54744457959197	54744457977664
762	41	25	41	26	1789584312493435904	1789584312493446144	1789584312493446144	1789584312493451264	1789584312493452288	3771	4	28	1	54744458006253	54744458019262
763	41	24	25	26	1789584312493452288	1789584312493453312	1789584312493453312	1789584312493454336	1789584312493456384	3775	4	27	1	54744458024618	54744458027824
764	41	34	41	26	1789584312493456384	1789584312493470720	1789584312493470720	1789584312493475840	1789584312493476864	3779	1	39	2	54744458068588	54744458081583
765	41	37	41	26	1789584312493476864	1789584312493487104	1789584312493487104	1789584312493492224	1789584312493493248	3780	4	43	1	54744458108341	54744458122638
766	41	38	41	26	1789584312493493248	1789584312493494272	1789584312493495296	1789584312493496320	1789584312493497344	3784	4	44	1	54744458128408	54744458131935
767	41	42	41	26	1789584312493497344	1789584312493504512	1789584312493504512	1789584312493511680	1789584312493512704	3788	4	49	2	54744458151827	54744458170539
768	42	3	42	28	1789584312493361152	1789584312493366272	1789584312493366272	1789584312493369344	1789584312493370368	3792	4	2	1	54748349111257	54748349119989
769	42	2	26	28	1789584312493370368	1789584312493371392	1789584312493372416	1789584312493373440	1789584312493374464	3796	4	1	1	54748349126511	54748349130217
770	42	12	42	28	1789584312493374464	1789584312493391872	1789584312493391872	1789584312493395968	1789584312493398016	3800	1	13	1	54748349177403	54748349186983
771	42	15	42	28	1789584312493398016	1789584312493409280	1789584312493409280	1789584312493412352	1789584312493414400	3801	4	16	1	54748349219653	54748349228760
772	42	16	42	28	1789584312493414400	1789584312493416448	1789584312493416448	1789584312493418496	1789584312493419520	3805	4	17	1	54748349239643	54748349243147
773	42	20	42	28	1789584312493419520	1789584312493427712	1789584312493427712	1789584312493432832	1789584312493434880	3809	4	22	2	54748349265854	54748349279592
774	42	25	42	28	1789584312493434880	1789584312493446144	1789584312493446144	1789584312493450240	1789584312493451264	3813	4	28	1	54748349313498	54748349323079
775	42	24	26	28	1789584312493451264	1789584312493453312	1789584312493453312	1789584312493454336	1789584312493456384	3817	4	27	1	54748349330508	54748349335025
776	42	34	42	28	1789584312493456384	1789584312493470720	1789584312493470720	1789584312493474816	1789584312493475840	3821	1	39	2	54748349375698	54748349384995
777	42	37	42	28	1789584312493475840	1789584312493487104	1789584312493487104	1789584312493490176	1789584312493492224	3822	4	43	1	54748349415696	54748349424847
778	42	38	42	28	1789584312493492224	1789584312493494272	1789584312493494272	1789584312493496320	1789584312493497344	3826	4	44	1	54748349435465	54748349438875
779	42	42	42	28	1789584312493497344	1789584312493504512	1789584312493504512	1789584312493508608	1789584312493510656	3830	4	49	2	54748349459206	54748349471674
780	43	3	43	28	1789584312493361152	1789584312493365248	1789584312493365248	1789584312493369344	1789584312493370368	3834	4	2	1	54748349109982	54748349120858
781	43	2	27	28	1789584312493370368	1789584312493372416	1789584312493372416	1789584312493373440	1789584312493374464	3838	4	1	1	54748349127258	54748349130248
782	43	12	43	28	1789584312493374464	1789584312493391872	1789584312493391872	1789584312493396992	1789584312493398016	3842	1	13	1	54748349177465	54748349188866
783	43	15	43	28	1789584312493398016	1789584312493409280	1789584312493409280	1789584312493413376	1789584312493414400	3843	4	16	1	54748349219604	54748349230888
784	43	16	43	28	1789584312493415424	1789584312493416448	1789584312493416448	1789584312493418496	1789584312493419520	3847	4	17	1	54748349239542	54748349243153
785	43	20	43	28	1789584312493419520	1789584312493427712	1789584312493427712	1789584312493433856	1789584312493434880	3851	4	22	2	54748349266452	54748349282745
786	43	25	43	28	1789584312493434880	1789584312493446144	1789584312493446144	1789584312493450240	1789584312493452288	3855	4	28	1	54748349313448	54748349324286
787	43	24	27	28	1789584312493452288	1789584312493453312	1789584312493453312	1789584312493454336	1789584312493456384	3859	4	27	1	54748349330326	54748349335076
788	43	34	43	28	1789584312493456384	1789584312493470720	1789584312493470720	1789584312493475840	1789584312493476864	3863	1	39	2	54748349375756	54748349387380
789	43	37	43	28	1789584312493476864	1789584312493487104	1789584312493487104	1789584312493491200	1789584312493493248	3864	4	43	1	54748349415503	54748349427043
790	43	38	43	28	1789584312493493248	1789584312493494272	1789584312493494272	1789584312493496320	1789584312493497344	3868	4	44	1	54748349435395	54748349438900
791	43	42	43	28	1789584312493497344	1789584312493504512	1789584312493504512	1789584312493510656	1789584312493511680	3872	4	49	2	54748349459298	54748349475491
792	44	3	44	28	1789584312493361152	1789584312493365248	1789584312493365248	1789584312493370368	1789584312493371392	3876	4	2	1	54748349110580	54748349122343
793	44	2	28	28	1789584312493371392	1789584312493372416	1789584312493373440	1789584312493374464	1789584312493375488	3880	4	1	1	54748349129054	54748349133014
794	44	12	44	28	1789584312493376512	1789584312493391872	1789584312493391872	1789584312493396992	1789584312493398016	3884	1	13	1	54748349177478	54748349189660
795	44	15	44	28	1789584312493398016	1789584312493409280	1789584312493409280	1789584312493414400	1789584312493415424	3885	4	16	1	54748349219680	54748349233565
796	44	16	44	28	1789584312493415424	1789584312493416448	1789584312493417472	1789584312493418496	1789584312493419520	3889	4	17	1	54748349239728	54748349243185
797	44	20	44	28	1789584312493419520	1789584312493427712	1789584312493427712	1789584312493434880	1789584312493435904	3893	4	22	2	54748349266471	54748349285029
798	44	25	44	28	1789584312493435904	1789584312493446144	1789584312493446144	1789584312493451264	1789584312493452288	3897	4	28	1	54748349313525	54748349325453
799	44	24	28	28	1789584312493452288	1789584312493452288	1789584312493453312	1789584312493454336	1789584312493456384	3901	4	27	1	54748349330331	54748349335053
800	44	34	44	28	1789584312493456384	1789584312493470720	1789584312493470720	1789584312493475840	1789584312493476864	3905	1	39	2	54748349375776	54748349388453
801	44	37	44	28	1789584312493476864	1789584312493486080	1789584312493487104	1789584312493492224	1789584312493493248	3906	4	43	1	54748349415522	54748349429345
802	44	38	44	28	1789584312493493248	1789584312493494272	1789584312493494272	1789584312493496320	1789584312493497344	3910	4	44	1	54748349435294	54748349438915
803	44	42	44	28	1789584312493497344	1789584312493503488	1789584312493504512	1789584312493511680	1789584312493512704	3914	4	49	2	54748349459119	54748349477886
804	45	3	45	30	1789584312493361152	1789584312493365248	1789584312493365248	1789584312493369344	1789584312493371392	3918	4	2	1	54759382734420	54759382744772
805	45	2	29	30	1789584312493371392	1789584312493373440	1789584312493373440	1789584312493374464	1789584312493375488	3922	4	1	1	54759382753242	54759382756634
806	45	12	45	30	1789584312493376512	1789584312493391872	1789584312493391872	1789584312493395968	1789584312493398016	3926	1	13	1	54759382801272	54759382810486
807	45	15	45	30	1789584312493398016	1789584312493408256	1789584312493409280	1789584312493412352	1789584312493414400	3927	4	16	1	54759382843405	54759382853029
808	45	16	45	30	1789584312493414400	1789584312493416448	1789584312493416448	1789584312493418496	1789584312493419520	3931	4	17	1	54759382863166	54759382866768
809	45	20	45	30	1789584312493419520	1789584312493426688	1789584312493427712	1789584312493432832	1789584312493433856	3935	4	22	2	54759382889378	54759382903035
810	45	25	45	30	1789584312493434880	1789584312493446144	1789584312493446144	1789584312493450240	1789584312493451264	3939	4	28	1	54759382937445	54759382947638
811	45	24	29	30	1789584312493451264	1789584312493453312	1789584312493453312	1789584312493454336	1789584312493456384	3943	4	27	1	54759382954459	54759382958904
812	45	34	45	30	1789584312493456384	1789584312493470720	1789584312493470720	1789584312493474816	1789584312493475840	3947	1	39	2	54759382999632	54759383008738
813	45	37	45	30	1789584312493475840	1789584312493487104	1789584312493487104	1789584312493491200	1789584312493492224	3948	4	43	1	54759383039601	54759383049694
814	45	38	45	30	1789584312493492224	1789584312493494272	1789584312493495296	1789584312493496320	1789584312493497344	3952	4	44	1	54759383059515	54759383062688
815	45	42	45	30	1789584312493497344	1789584312493504512	1789584312493504512	1789584312493508608	1789584312493510656	3956	4	49	2	54759383083151	54759383095612
816	46	3	46	30	1789584312493361152	1789584312493365248	1789584312493365248	1789584312493370368	1789584312493371392	3960	4	2	1	54759382734434	54759382745506
817	46	2	30	30	1789584312493371392	1789584312493372416	1789584312493372416	1789584312493374464	1789584312493375488	3964	4	1	1	54759382752356	54759382756454
818	46	12	46	30	1789584312493376512	1789584312493391872	1789584312493391872	1789584312493396992	1789584312493398016	3968	1	13	1	54759382801334	54759382812491
819	46	15	46	30	1789584312493398016	1789584312493409280	1789584312493409280	1789584312493413376	1789584312493415424	3969	4	16	1	54759382843501	54759382854786
820	46	16	46	30	1789584312493415424	1789584312493416448	1789584312493417472	1789584312493418496	1789584312493419520	3973	4	17	1	54759382863571	54759382866816
821	46	20	46	30	1789584312493419520	1789584312493427712	1789584312493427712	1789584312493433856	1789584312493434880	3977	4	22	2	54759382889973	54759382906303
822	46	25	46	30	1789584312493434880	1789584312493446144	1789584312493446144	1789584312493451264	1789584312493452288	3981	4	28	1	54759382937498	54759382948976
823	46	24	30	30	1789584312493452288	1789584312493453312	1789584312493453312	1789584312493455360	1789584312493456384	3985	4	27	1	54759382955604	54759382959408
824	46	34	46	30	1789584312493456384	1789584312493470720	1789584312493470720	1789584312493475840	1789584312493476864	3989	1	39	2	54759382999685	54759383011408
825	46	37	46	30	1789584312493476864	1789584312493487104	1789584312493487104	1789584312493491200	1789584312493493248	3990	4	43	1	54759383039516	54759383051538
826	46	38	46	30	1789584312493493248	1789584312493494272	1789584312493494272	1789584312493496320	1789584312493497344	3994	4	44	1	54759383059314	54759383062713
827	46	42	46	30	1789584312493497344	1789584312493504512	1789584312493504512	1789584312493510656	1789584312493511680	3998	4	49	2	54759383083205	54759383099775
828	47	3	47	30	1789584312493361152	1789584312493365248	1789584312493365248	1789584312493370368	1789584312493371392	4002	4	2	1	54759382734463	54759382746215
829	47	2	31	30	1789584312493371392	1789584312493373440	1789584312493373440	1789584312493374464	1789584312493375488	4006	4	1	1	54759382753261	54759382756736
830	47	12	47	30	1789584312493376512	1789584312493391872	1789584312493391872	1789584312493396992	1789584312493398016	4010	1	13	1	54759382801347	54759382813454
831	47	15	47	30	1789584312493398016	1789584312493409280	1789584312493409280	1789584312493414400	1789584312493415424	4011	4	16	1	54759382843581	54759382857243
832	47	16	47	30	1789584312493415424	1789584312493416448	1789584312493417472	1789584312493418496	1789584312493419520	4015	4	17	1	54759382863647	54759382866788
833	47	20	47	30	1789584312493419520	1789584312493427712	1789584312493427712	1789584312493434880	1789584312493435904	4019	4	22	2	54759382889976	54759382908138
834	47	25	47	30	1789584312493435904	1789584312493446144	1789584312493446144	1789584312493451264	1789584312493453312	4023	4	28	1	54759382937513	54759382950869
835	47	24	31	30	1789584312493453312	1789584312493454336	1789584312493454336	1789584312493456384	1789584312493457408	4027	4	27	1	54759382958319	54759382962173
836	47	34	47	30	1789584312493457408	1789584312493470720	1789584312493470720	1789584312493475840	1789584312493476864	4031	1	39	2	54759382999712	54759383012621
837	47	37	47	30	1789584312493476864	1789584312493487104	1789584312493487104	1789584312493492224	1789584312493493248	4032	4	43	1	54759383039492	54759383053553
838	47	38	47	30	1789584312493493248	1789584312493494272	1789584312493494272	1789584312493496320	1789584312493497344	4036	4	44	1	54759383059015	54759383062728
839	47	42	47	30	1789584312493497344	1789584312493504512	1789584312493504512	1789584312493511680	1789584312493512704	4040	4	49	2	54759383083230	54759383101901
840	48	3	48	32	1789584312493361152	1789584312493365248	1789584312493365248	1789584312493369344	1789584312493371392	4044	4	2	1	54707674092457	54707674102000
841	48	6	0	32	1789584312493371392	1789584312493372416	1789584312493372416	1789584312493374464	1789584312493375488	4048	4	5	1	54707674109546	54707674113604
842	48	12	48	32	1789584312493375488	1789584312493391872	1789584312493391872	1789584312493395968	1789584312493396992	4052	1	13	1	54707674159168	54707674168172
843	48	15	48	32	1789584312493398016	1789584312493409280	1789584312493409280	1789584312493412352	1789584312493414400	4053	4	16	1	54707674201511	54707674211142
844	48	16	48	32	1789584312493414400	1789584312493417472	1789584312493417472	1789584312493418496	1789584312493419520	4057	4	17	1	54707674221973	54707674225515
845	48	20	48	32	1789584312493419520	1789584312493427712	1789584312493427712	1789584312493432832	1789584312493434880	4061	4	22	2	54707674247525	54707674260830
846	48	25	48	32	1789584312493434880	1789584312493446144	1789584312493446144	1789584312493450240	1789584312493451264	4065	4	28	1	54707674295278	54707674304877
847	48	28	0	32	1789584312493451264	1789584312493452288	1789584312493453312	1789584312493454336	1789584312493455360	4069	4	31	1	54707674311872	54707674315225
848	48	34	48	32	1789584312493455360	1789584312493470720	1789584312493470720	1789584312493474816	1789584312493475840	4073	1	39	2	54707674357538	54707674366748
849	48	37	48	32	1789584312493475840	1789584312493487104	1789584312493487104	1789584312493490176	1789584312493492224	4074	4	43	1	54707674397482	54707674406873
850	48	38	48	32	1789584312493492224	1789584312493494272	1789584312493495296	1789584312493496320	1789584312493497344	4078	4	44	1	54707674417667	54707674420981
851	48	42	48	32	1789584312493497344	1789584312493503488	1789584312493504512	1789584312493509632	1789584312493510656	4082	4	49	2	54707674440713	54707674454434
852	49	3	49	32	1789584312493361152	1789584312493365248	1789584312493366272	1789584312493370368	1789584312493371392	4086	4	2	1	54707674093082	54707674103552
853	49	6	1	32	1789584312493371392	1789584312493372416	1789584312493372416	1789584312493374464	1789584312493375488	4090	4	5	1	54707674110296	54707674113609
854	49	12	49	32	1789584312493375488	1789584312493391872	1789584312493391872	1789584312493396992	1789584312493398016	4094	1	13	1	54707674159222	54707674170581
855	49	15	49	32	1789584312493398016	1789584312493409280	1789584312493409280	1789584312493413376	1789584312493415424	4095	4	16	1	54707674201687	54707674212793
856	49	16	49	32	1789584312493415424	1789584312493416448	1789584312493417472	1789584312493418496	1789584312493419520	4099	4	17	1	54707674221791	54707674225566
857	49	20	49	32	1789584312493419520	1789584312493427712	1789584312493427712	1789584312493433856	1789584312493434880	4103	4	22	2	54707674248143	54707674264987
858	49	25	49	32	1789584312493434880	1789584312493446144	1789584312493446144	1789584312493451264	1789584312493452288	4107	4	28	1	54707674295331	54707674306561
859	49	28	1	32	1789584312493452288	1789584312493453312	1789584312493453312	1789584312493454336	1789584312493455360	4111	4	31	1	54707674312562	54707674315472
860	49	34	49	32	1789584312493455360	1789584312493470720	1789584312493470720	1789584312493475840	1789584312493476864	4115	1	39	2	54707674357590	54707674369146
861	49	37	49	32	1789584312493476864	1789584312493487104	1789584312493487104	1789584312493492224	1789584312493493248	4116	4	43	1	54707674397464	54707674410207
862	49	38	49	32	1789584312493493248	1789584312493495296	1789584312493495296	1789584312493496320	1789584312493497344	4120	4	44	1	54707674417742	54707674421006
863	49	42	49	32	1789584312493497344	1789584312493504512	1789584312493504512	1789584312493510656	1789584312493511680	4124	4	49	2	54707674440767	54707674457851
864	50	3	50	32	1789584312493361152	1789584312493366272	1789584312493366272	1789584312493370368	1789584312493371392	4128	4	2	1	54707674093103	54707674105196
865	50	6	2	32	1789584312493372416	1789584312493373440	1789584312493373440	1789584312493374464	1789584312493375488	4132	4	5	1	54707674111649	54707674114785
866	50	12	50	32	1789584312493375488	1789584312493391872	1789584312493391872	1789584312493396992	1789584312493399040	4136	1	13	1	54707674159247	54707674172184
867	50	15	50	32	1789584312493399040	1789584312493408256	1789584312493409280	1789584312493414400	1789584312493415424	4137	4	16	1	54707674201492	54707674215422
868	50	16	50	32	1789584312493415424	1789584312493417472	1789584312493417472	1789584312493418496	1789584312493419520	4141	4	17	1	54707674221913	54707674225659
869	50	20	50	32	1789584312493419520	1789584312493427712	1789584312493427712	1789584312493434880	1789584312493435904	4145	4	22	2	54707674248153	54707674266993
870	50	25	50	32	1789584312493435904	1789584312493446144	1789584312493446144	1789584312493451264	1789584312493452288	4149	4	28	1	54707674295358	54707674308615
871	50	28	2	32	1789584312493452288	1789584312493454336	1789584312493454336	1789584312493455360	1789584312493456384	4153	4	31	1	54707674314860	54707674318517
872	50	34	50	32	1789584312493456384	1789584312493470720	1789584312493470720	1789584312493475840	1789584312493477888	4157	1	39	2	54707674357617	54707674370370
873	50	37	50	32	1789584312493477888	1789584312493487104	1789584312493487104	1789584312493492224	1789584312493493248	4158	4	43	1	54707674397564	54707674411328
874	50	38	50	32	1789584312493493248	1789584312493494272	1789584312493494272	1789584312493496320	1789584312493497344	4162	4	44	1	54707674417252	54707674421021
875	50	42	50	32	1789584312493497344	1789584312493504512	1789584312493504512	1789584312493511680	1789584312493512704	4166	4	49	2	54707674440792	54707674460003
876	51	3	51	34	1789584312493361152	1789584312493365248	1789584312493365248	1789584312493369344	1789584312493370368	4170	4	2	1	54736987794777	54736987803246
877	51	6	3	34	1789584312493370368	1789584312493372416	1789584312493372416	1789584312493373440	1789584312493375488	4174	4	5	1	54736987811025	54736987814895
878	51	12	51	34	1789584312493375488	1789584312493391872	1789584312493391872	1789584312493395968	1789584312493398016	4178	1	13	1	54736987861397	54736987870894
879	51	15	51	34	1789584312493398016	1789584312493409280	1789584312493409280	1789584312493412352	1789584312493414400	4179	4	16	1	54736987903561	54736987912697
880	51	16	51	34	1789584312493414400	1789584312493416448	1789584312493417472	1789584312493418496	1789584312493419520	4183	4	17	1	54736987923924	54736987927717
881	51	20	51	34	1789584312493420544	1789584312493427712	1789584312493427712	1789584312493432832	1789584312493434880	4187	4	22	2	54736987950217	54736987963803
882	51	25	51	34	1789584312493434880	1789584312493446144	1789584312493446144	1789584312493450240	1789584312493451264	4191	4	28	1	54736987997429	54736988007171
883	51	28	3	34	1789584312493451264	1789584312493453312	1789584312493453312	1789584312493454336	1789584312493455360	4195	4	31	1	54736988013990	54736988017783
884	51	34	51	34	1789584312493455360	1789584312493470720	1789584312493470720	1789584312493474816	1789584312493475840	4199	1	39	2	54736988060201	54736988068806
885	51	37	51	34	1789584312493475840	1789584312493487104	1789584312493487104	1789584312493491200	1789584312493492224	4200	4	43	1	54736988099573	54736988109720
886	51	38	51	34	1789584312493492224	1789584312493494272	1789584312493495296	1789584312493496320	1789584312493497344	4204	4	44	1	54736988119521	54736988123230
887	51	42	51	34	1789584312493497344	1789584312493504512	1789584312493504512	1789584312493509632	1789584312493510656	4208	4	49	2	54736988142906	54736988155943
888	52	3	52	34	1789584312493361152	1789584312493365248	1789584312493365248	1789584312493369344	1789584312493371392	4212	4	2	1	54736987794711	54736987804886
889	52	6	4	34	1789584312493371392	1789584312493372416	1789584312493372416	1789584312493374464	1789584312493375488	4216	4	5	1	54736987812794	54736987816220
890	52	12	52	34	1789584312493375488	1789584312493391872	1789584312493391872	1789584312493396992	1789584312493398016	4220	1	13	1	54736987861456	54736987872774
891	52	15	52	34	1789584312493398016	1789584312493408256	1789584312493409280	1789584312493413376	1789584312493415424	4221	4	16	1	54736987903467	54736987915028
892	52	16	52	34	1789584312493415424	1789584312493417472	1789584312493417472	1789584312493418496	1789584312493419520	4225	4	17	1	54736987924060	54736987927767
893	52	20	52	34	1789584312493420544	1789584312493427712	1789584312493427712	1789584312493433856	1789584312493434880	4229	4	22	2	54736987950220	54736987965737
894	52	25	52	34	1789584312493434880	1789584312493446144	1789584312493446144	1789584312493451264	1789584312493452288	4233	4	28	1	54736987997375	54736988009001
895	52	28	4	34	1789584312493452288	1789584312493453312	1789584312493453312	1789584312493455360	1789584312493456384	4237	4	31	1	54736988015726	54736988018969
896	52	34	52	34	1789584312493456384	1789584312493470720	1789584312493471744	1789584312493474816	1789584312493476864	4241	1	39	2	54736988060301	54736988069794
897	52	37	52	34	1789584312493476864	1789584312493487104	1789584312493487104	1789584312493491200	1789584312493493248	4242	4	43	1	54736988099523	54736988111155
898	52	38	52	34	1789584312493493248	1789584312493494272	1789584312493495296	1789584312493496320	1789584312493497344	4246	4	44	1	54736988119665	54736988123255
899	52	42	52	34	1789584312493497344	1789584312493504512	1789584312493504512	1789584312493510656	1789584312493511680	4250	4	49	2	54736988142954	54736988160003
900	53	3	53	34	1789584312493361152	1789584312493365248	1789584312493365248	1789584312493370368	1789584312493371392	4254	4	2	1	54736987793931	54736987806394
901	53	6	5	34	1789584312493371392	1789584312493372416	1789584312493372416	1789584312493374464	1789584312493375488	4258	4	5	1	54736987811932	54736987815909
902	53	12	53	34	1789584312493375488	1789584312493391872	1789584312493391872	1789584312493396992	1789584312493399040	4262	1	13	1	54736987861474	54736987874229
903	53	15	53	34	1789584312493399040	1789584312493409280	1789584312493409280	1789584312493414400	1789584312493415424	4263	4	16	1	54736987903631	54736987917484
904	53	16	53	34	1789584312493415424	1789584312493417472	1789584312493417472	1789584312493418496	1789584312493419520	4267	4	17	1	54736987924138	54736987927791
905	53	20	53	34	1789584312493420544	1789584312493427712	1789584312493427712	1789584312493434880	1789584312493435904	4271	4	22	2	54736987949635	54736987968544
906	53	25	53	34	1789584312493435904	1789584312493446144	1789584312493446144	1789584312493451264	1789584312493453312	4275	4	28	1	54736987997459	54736988011076
907	53	28	5	34	1789584312493453312	1789584312493454336	1789584312493454336	1789584312493456384	1789584312493457408	4279	4	31	1	54736988018313	54736988022428
908	53	34	53	34	1789584312493457408	1789584312493469696	1789584312493469696	1789584312493473792	1789584312493475840	4283	1	39	2	54736988056935	54736988067620
909	53	37	53	34	1789584312493475840	1789584312493487104	1789584312493487104	1789584312493492224	1789584312493493248	4284	4	43	1	54736988099414	54736988113951
910	53	38	53	34	1789584312493493248	1789584312493495296	1789584312493495296	1789584312493496320	1789584312493497344	4288	4	44	1	54736988119736	54736988123270
911	53	42	53	34	1789584312493497344	1789584312493504512	1789584312493504512	1789584312493511680	1789584312493512704	4292	4	49	2	54736988142983	54736988162050
912	54	3	54	36	1789584312493361152	1789584312493365248	1789584312493365248	1789584312493369344	1789584312493371392	4296	4	2	1	54750048817208	54750048827895
913	54	6	6	36	1789584312493371392	1789584312493372416	1789584312493372416	1789584312493374464	1789584312493375488	4300	4	5	1	54750048835056	54750048839334
914	54	12	54	36	1789584312493375488	1789584312493391872	1789584312493391872	1789584312493395968	1789584312493398016	4304	1	13	1	54750048884125	54750048893538
915	54	15	54	36	1789584312493398016	1789584312493409280	1789584312493409280	1789584312493412352	1789584312493414400	4305	4	16	1	54750048926522	54750048935972
916	54	16	54	36	1789584312493414400	1789584312493417472	1789584312493417472	1789584312493418496	1789584312493419520	4309	4	17	1	54750048946815	54750048949871
917	54	20	54	36	1789584312493419520	1789584312493427712	1789584312493427712	1789584312493432832	1789584312493434880	4313	4	22	2	54750048972746	54750048986578
918	54	25	54	36	1789584312493434880	1789584312493446144	1789584312493446144	1789584312493450240	1789584312493452288	4317	4	28	1	54750049020492	54750049030220
919	54	28	6	36	1789584312493452288	1789584312493453312	1789584312493453312	1789584312493455360	1789584312493456384	4321	4	31	1	54750049038850	54750049042550
920	54	34	54	36	1789584312493456384	1789584312493470720	1789584312493470720	1789584312493474816	1789584312493475840	4325	1	39	2	54750049082628	54750049092042
921	54	37	54	36	1789584312493475840	1789584312493487104	1789584312493487104	1789584312493491200	1789584312493492224	4326	4	43	1	54750049122366	54750049132401
922	54	38	54	36	1789584312493492224	1789584312493494272	1789584312493494272	1789584312493496320	1789584312493497344	4330	4	44	1	54750049142380	54750049145830
923	54	42	54	36	1789584312493497344	1789584312493503488	1789584312493504512	1789584312493509632	1789584312493510656	4334	4	49	2	54750049165844	54750049179225
924	55	3	55	36	1789584312493361152	1789584312493365248	1789584312493365248	1789584312493370368	1789584312493371392	4338	4	2	1	54750048817232	54750048828091
925	55	6	7	36	1789584312493371392	1789584312493372416	1789584312493373440	1789584312493374464	1789584312493375488	4342	4	5	1	54750048835888	54750048839469
926	55	12	55	36	1789584312493375488	1789584312493391872	1789584312493391872	1789584312493396992	1789584312493398016	4346	1	13	1	54750048884179	54750048895810
927	55	15	55	36	1789584312493398016	1789584312493408256	1789584312493409280	1789584312493413376	1789584312493415424	4347	4	16	1	54750048926477	54750048937750
928	55	16	55	36	1789584312493415424	1789584312493416448	1789584312493416448	1789584312493417472	1789584312493419520	4351	4	17	1	54750048945221	54750048949062
929	55	20	55	36	1789584312493419520	1789584312493427712	1789584312493427712	1789584312493433856	1789584312493434880	4355	4	22	2	54750048973344	54750048989266
930	55	25	55	36	1789584312493434880	1789584312493446144	1789584312493446144	1789584312493451264	1789584312493452288	4359	4	28	1	54750049020519	54750049031921
931	55	28	7	36	1789584312493452288	1789584312493453312	1789584312493453312	1789584312493455360	1789584312493456384	4363	4	31	1	54750049038924	54750049042575
932	55	34	55	36	1789584312493456384	1789584312493470720	1789584312493470720	1789584312493475840	1789584312493476864	4367	1	39	2	54750049082681	54750049093690
933	55	37	55	36	1789584312493476864	1789584312493487104	1789584312493487104	1789584312493491200	1789584312493492224	4368	4	43	1	54750049122461	54750049133591
934	55	38	55	36	1789584312493492224	1789584312493494272	1789584312493494272	1789584312493496320	1789584312493497344	4372	4	44	1	54750049142189	54750049145852
935	55	42	55	36	1789584312493497344	1789584312493504512	1789584312493504512	1789584312493510656	1789584312493511680	4376	4	49	2	54750049165900	54750049182546
936	56	3	56	36	1789584312493361152	1789584312493365248	1789584312493365248	1789584312493370368	1789584312493371392	4380	4	2	1	54750048817163	54750048828802
937	56	6	8	36	1789584312493371392	1789584312493372416	1789584312493373440	1789584312493374464	1789584312493375488	4384	4	5	1	54750048835898	54750048838956
938	56	12	56	36	1789584312493375488	1789584312493391872	1789584312493391872	1789584312493396992	1789584312493398016	4388	1	13	1	54750048884204	54750048896766
939	56	15	56	36	1789584312493398016	1789584312493409280	1789584312493409280	1789584312493414400	1789584312493415424	4389	4	16	1	54750048926686	54750048940633
940	56	16	56	36	1789584312493415424	1789584312493416448	1789584312493417472	1789584312493418496	1789584312493419520	4393	4	17	1	54750048946616	54750048949767
941	56	20	56	36	1789584312493419520	1789584312493427712	1789584312493427712	1789584312493434880	1789584312493435904	4397	4	22	2	54750048973357	54750048991712
942	56	25	56	36	1789584312493435904	1789584312493446144	1789584312493446144	1789584312493451264	1789584312493452288	4401	4	28	1	54750049020530	54750049034176
943	56	28	8	36	1789584312493453312	1789584312493453312	1789584312493454336	1789584312493455360	1789584312493456384	4405	4	31	1	54750049039398	54750049042590
944	56	34	56	36	1789584312493456384	1789584312493470720	1789584312493470720	1789584312493475840	1789584312493476864	4409	1	39	2	54750049082708	54750049094756
945	56	37	56	36	1789584312493476864	1789584312493487104	1789584312493487104	1789584312493492224	1789584312493493248	4410	4	43	1	54750049122391	54750049136099
946	56	38	56	36	1789584312493493248	1789584312493494272	1789584312493494272	1789584312493496320	1789584312493497344	4414	4	44	1	54750049142309	54750049145868
947	56	42	56	36	1789584312493497344	1789584312493504512	1789584312493504512	1789584312493511680	1789584312493512704	4418	4	49	2	54750049165925	54750049184495
948	57	3	57	38	1789584312493361152	1789584312493365248	1789584312493365248	1789584312493369344	1789584312493370368	4422	4	2	1	54686380598538	54686380608599
949	57	6	9	38	1789584312493370368	1789584312493372416	1789584312493372416	1789584312493373440	1789584312493375488	4426	4	5	1	54686380616656	54686380619634
950	57	12	57	38	1789584312493375488	1789584312493391872	1789584312493391872	1789584312493395968	1789584312493396992	4430	1	13	1	54686380665684	54686380675174
951	57	15	57	38	1789584312493398016	1789584312493409280	1789584312493409280	1789584312493412352	1789584312493414400	4431	4	16	1	54686380707915	54686380716904
952	57	16	57	38	1789584312493414400	1789584312493416448	1789584312493416448	1789584312493418496	1789584312493419520	4435	4	17	1	54686380727055	54686380730679
953	57	20	57	38	1789584312493419520	1789584312493427712	1789584312493427712	1789584312493432832	1789584312493433856	4439	4	22	2	54686380753814	54686380766568
954	57	25	57	38	1789584312493433856	1789584312493446144	1789584312493446144	1789584312493450240	1789584312493452288	4443	4	28	1	54686380801600	54686380812201
955	57	28	9	38	1789584312493452288	1789584312493453312	1789584312493453312	1789584312493455360	1789584312493456384	4447	4	31	1	54686380819894	54686380823531
956	57	34	57	38	1789584312493456384	1789584312493470720	1789584312493470720	1789584312493474816	1789584312493475840	4451	1	39	2	54686380863809	54686380873258
957	57	37	57	38	1789584312493475840	1789584312493487104	1789584312493487104	1789584312493490176	1789584312493492224	4452	4	43	1	54686380903745	54686380912520
958	57	38	57	38	1789584312493492224	1789584312493494272	1789584312493494272	1789584312493496320	1789584312493497344	4456	4	44	1	54686380923365	54686380926941
959	57	42	57	38	1789584312493497344	1789584312493504512	1789584312493504512	1789584312493509632	1789584312493510656	4460	4	49	2	54686380947255	54686380959777
960	58	3	58	38	1789584312493361152	1789584312493365248	1789584312493365248	1789584312493369344	1789584312493371392	4464	4	2	1	54686380599173	54686380609410
961	58	6	10	38	1789584312493371392	1789584312493372416	1789584312493372416	1789584312493373440	1789584312493375488	4468	4	5	1	54686380615840	54686380619610
962	58	12	58	38	1789584312493375488	1789584312493391872	1789584312493391872	1789584312493396992	1789584312493398016	4472	1	13	1	54686380665746	54686380676967
963	58	15	58	38	1789584312493398016	1789584312493409280	1789584312493409280	1789584312493413376	1789584312493415424	4473	4	16	1	54686380707862	54686380719367
964	58	16	58	38	1789584312493415424	1789584312493416448	1789584312493417472	1789584312493418496	1789584312493419520	4477	4	17	1	54686380727844	54686380730697
965	58	20	58	38	1789584312493419520	1789584312493427712	1789584312493427712	1789584312493433856	1789584312493434880	4481	4	22	2	54686380754415	54686380770672
966	58	25	58	38	1789584312493434880	1789584312493446144	1789584312493446144	1789584312493450240	1789584312493452288	4485	4	28	1	54686380801654	54686380812684
967	58	28	10	38	1789584312493452288	1789584312493453312	1789584312493453312	1789584312493455360	1789584312493456384	4489	4	31	1	54686380819956	54686380823544
968	58	34	58	38	1789584312493456384	1789584312493470720	1789584312493470720	1789584312493475840	1789584312493476864	4493	1	39	2	54686380863871	54686380875048
969	58	37	58	38	1789584312493476864	1789584312493487104	1789584312493487104	1789584312493491200	1789584312493493248	4494	4	43	1	54686380903684	54686380915271
970	58	38	58	38	1789584312493493248	1789584312493494272	1789584312493494272	1789584312493496320	1789584312493497344	4498	4	44	1	54686380923435	54686380926963
971	58	42	58	38	1789584312493497344	1789584312493504512	1789584312493504512	1789584312493510656	1789584312493511680	4502	4	49	2	54686380947303	54686380963733
972	59	3	59	38	1789584312493361152	1789584312493365248	1789584312493365248	1789584312493370368	1789584312493371392	4506	4	2	1	54686380599191	54686380610423
973	59	6	11	38	1789584312493371392	1789584312493372416	1789584312493372416	1789584312493373440	1789584312493375488	4510	4	5	1	54686380616691	54686380619638
974	59	12	59	38	1789584312493375488	1789584312493391872	1789584312493391872	1789584312493396992	1789584312493398016	4514	1	13	1	54686380665759	54686380677558
975	59	15	59	38	1789584312493398016	1789584312493409280	1789584312493409280	1789584312493414400	1789584312493415424	4515	4	16	1	54686380707943	54686380721496
976	59	16	59	38	1789584312493415424	1789584312493416448	1789584312493416448	1789584312493418496	1789584312493419520	4519	4	17	1	54686380727731	54686380730740
977	59	20	59	38	1789584312493419520	1789584312493427712	1789584312493427712	1789584312493434880	1789584312493435904	4523	4	22	2	54686380754434	54686380772300
978	59	25	59	38	1789584312493435904	1789584312493446144	1789584312493446144	1789584312493451264	1789584312493452288	4527	4	28	1	54686380801679	54686380814416
979	59	28	11	38	1789584312493452288	1789584312493453312	1789584312493453312	1789584312493455360	1789584312493456384	4531	4	31	1	54686380819969	54686380823563
980	59	34	59	38	1789584312493456384	1789584312493470720	1789584312493470720	1789584312493475840	1789584312493476864	4535	1	39	2	54686380863891	54686380876441
981	59	37	59	38	1789584312493476864	1789584312493487104	1789584312493487104	1789584312493492224	1789584312493493248	4536	4	43	1	54686380903569	54686380917687
982	59	38	59	38	1789584312493493248	1789584312493494272	1789584312493494272	1789584312493496320	1789584312493497344	4540	4	44	1	54686380923438	54686380926979
983	59	42	59	38	1789584312493497344	1789584312493504512	1789584312493504512	1789584312493511680	1789584312493512704	4544	4	49	2	54686380947332	54686380965816
984	60	3	60	40	1789584312493361152	1789584312493365248	1789584312493365248	1789584312493369344	1789584312493370368	4548	4	2	1	54734061236146	54734061245053
985	60	6	12	40	1789584312493370368	1789584312493372416	1789584312493372416	1789584312493373440	1789584312493375488	4552	4	5	1	54734061254340	54734061257445
986	60	12	60	40	1789584312493375488	1789584312493391872	1789584312493391872	1789584312493395968	1789584312493396992	4556	1	13	1	54734061303152	54734061311976
987	60	15	60	40	1789584312493396992	1789584312493408256	1789584312493409280	1789584312493412352	1789584312493414400	4557	4	16	1	54734061345505	54734061354487
988	60	16	60	40	1789584312493414400	1789584312493416448	1789584312493417472	1789584312493418496	1789584312493419520	4561	4	17	1	54734061365743	54734061369324
989	60	20	60	40	1789584312493419520	1789584312493427712	1789584312493427712	1789584312493432832	1789584312493433856	4565	4	22	2	54734061391912	54734061405030
990	60	25	60	40	1789584312493434880	1789584312493446144	1789584312493446144	1789584312493450240	1789584312493451264	4569	4	28	1	54734061439466	54734061448469
991	60	28	12	40	1789584312493451264	1789584312493453312	1789584312493453312	1789584312493454336	1789584312493455360	4573	4	31	1	54734061456386	54734061459882
992	60	34	60	40	1789584312493455360	1789584312493470720	1789584312493470720	1789584312493474816	1789584312493475840	4577	1	39	2	54734061501574	54734061511004
993	60	37	60	40	1789584312493475840	1789584312493486080	1789584312493487104	1789584312493490176	1789584312493492224	4578	4	43	1	54734061541308	54734061551219
994	60	38	60	40	1789584312493492224	1789584312493494272	1789584312493494272	1789584312493496320	1789584312493497344	4582	4	44	1	54734061561595	54734061564342
995	60	42	60	40	1789584312493497344	1789584312493504512	1789584312493504512	1789584312493509632	1789584312493510656	4586	4	49	2	54734061585162	54734061598043
996	61	3	61	40	1789584312493361152	1789584312493365248	1789584312493365248	1789584312493369344	1789584312493370368	4590	4	2	1	54734061236623	54734061246719
997	61	6	13	40	1789584312493371392	1789584312493372416	1789584312493372416	1789584312493373440	1789584312493375488	4594	4	5	1	54734061253706	54734061257267
998	61	12	61	40	1789584312493375488	1789584312493391872	1789584312493391872	1789584312493396992	1789584312493396992	4598	1	13	1	54734061303210	54734061314707
999	61	15	61	40	1789584312493398016	1789584312493409280	1789584312493409280	1789584312493413376	1789584312493414400	4599	4	16	1	54734061345566	54734061356789
1000	61	16	61	40	1789584312493414400	1789584312493417472	1789584312493417472	1789584312493418496	1789584312493419520	4603	4	17	1	54734061365962	54734061369333
1001	61	20	61	40	1789584312493419520	1789584312493427712	1789584312493427712	1789584312493433856	1789584312493434880	4607	4	22	2	54734061391977	54734061408799
1002	61	25	61	40	1789584312493434880	1789584312493446144	1789584312493446144	1789584312493450240	1789584312493452288	4611	4	28	1	54734061439413	54734061450554
1003	61	28	13	40	1789584312493452288	1789584312493453312	1789584312493453312	1789584312493454336	1789584312493455360	4615	4	31	1	54734061456389	54734061459895
1004	61	34	61	40	1789584312493455360	1789584312493470720	1789584312493470720	1789584312493474816	1789584312493476864	4619	1	39	2	54734061501622	54734061512641
1005	61	37	61	40	1789584312493476864	1789584312493487104	1789584312493487104	1789584312493491200	1789584312493493248	4620	4	43	1	54734061541359	54734061553257
1006	61	38	61	40	1789584312493493248	1789584312493494272	1789584312493494272	1789584312493496320	1789584312493497344	4624	4	44	1	54734061561511	54734061564376
1007	61	42	61	40	1789584312493497344	1789584312493504512	1789584312493504512	1789584312493510656	1789584312493511680	4628	4	49	2	54734061585221	54734061601304
1008	62	3	62	40	1789584312493361152	1789584312493365248	1789584312493365248	1789584312493370368	1789584312493371392	4632	4	2	1	54734061236644	54734061247942
1009	62	6	14	40	1789584312493371392	1789584312493372416	1789584312493372416	1789584312493373440	1789584312493375488	4636	4	5	1	54734061253094	54734061257269
1010	62	12	62	40	1789584312493375488	1789584312493391872	1789584312493391872	1789584312493396992	1789584312493398016	4640	1	13	1	54734061303230	54734061316143
1011	62	15	62	40	1789584312493398016	1789584312493409280	1789584312493409280	1789584312493414400	1789584312493415424	4641	4	16	1	54734061345581	54734061359231
1012	62	16	62	40	1789584312493415424	1789584312493416448	1789584312493417472	1789584312493418496	1789584312493419520	4645	4	17	1	54734061365893	54734061369363
1013	62	20	62	40	1789584312493419520	1789584312493427712	1789584312493427712	1789584312493434880	1789584312493435904	4649	4	22	2	54734061391987	54734061411007
1014	62	25	62	40	1789584312493435904	1789584312493446144	1789584312493446144	1789584312493451264	1789584312493452288	4653	4	28	1	54734061439493	54734061451456
1015	62	28	14	40	1789584312493452288	1789584312493453312	1789584312493453312	1789584312493454336	1789584312493455360	4657	4	31	1	54734061456325	54734061459914
1016	62	34	62	40	1789584312493455360	1789584312493470720	1789584312493470720	1789584312493475840	1789584312493476864	4661	1	39	2	54734061501651	54734061513560
1017	62	37	62	40	1789584312493476864	1789584312493487104	1789584312493487104	1789584312493492224	1789584312493493248	4662	4	43	1	54734061541373	54734061555035
1018	62	38	62	40	1789584312493493248	1789584312493494272	1789584312493494272	1789584312493496320	1789584312493497344	4666	4	44	1	54734061560837	54734061564346
1019	62	42	62	40	1789584312493497344	1789584312493504512	1789584312493504512	1789584312493511680	1789584312493512704	4670	4	49	2	54734061585235	54734061603761
1020	63	3	63	42	1789584312493361152	1789584312493365248	1789584312493365248	1789584312493369344	1789584312493370368	4674	4	2	1	54749619324913	54749619334140
1021	63	6	15	42	1789584312493370368	1789584312493372416	1789584312493372416	1789584312493373440	1789584312493375488	4678	4	5	1	54749619341534	54749619345448
1022	63	12	63	42	1789584312493375488	1789584312493391872	1789584312493391872	1789584312493395968	1789584312493398016	4682	1	13	1	54749619391579	54749619401573
1023	63	15	63	42	1789584312493398016	1789584312493409280	1789584312493409280	1789584312493412352	1789584312493414400	4683	4	16	1	54749619434055	54749619443360
1024	63	16	63	42	1789584312493414400	1789584312493416448	1789584312493416448	1789584312493417472	1789584312493419520	4687	4	17	1	54749619452551	54749619456416
1025	63	20	63	42	1789584312493419520	1789584312493427712	1789584312493427712	1789584312493431808	1789584312493433856	4691	4	22	2	54749619480399	54749619492694
1026	63	25	63	42	1789584312493433856	1789584312493446144	1789584312493446144	1789584312493450240	1789584312493451264	4695	4	28	1	54749619528054	54749619537273
1027	63	28	15	42	1789584312493451264	1789584312493452288	1789584312493452288	1789584312493454336	1789584312493455360	4699	4	31	1	54749619544244	54749619547452
1028	63	34	63	42	1789584312493455360	1789584312493470720	1789584312493470720	1789584312493474816	1789584312493475840	4703	1	39	2	54749619590242	54749619598876
1029	63	37	63	42	1789584312493475840	1789584312493487104	1789584312493487104	1789584312493490176	1789584312493492224	4704	4	43	1	54749619629935	54749619638927
1030	63	38	63	42	1789584312493492224	1789584312493494272	1789584312493494272	1789584312493496320	1789584312493497344	4708	4	44	1	54749619649119	54749619652770
1031	63	42	63	42	1789584312493497344	1789584312493504512	1789584312493504512	1789584312493508608	1789584312493510656	4712	4	49	2	54749619673759	54749619685901
1032	64	1	0	42	1789584312493361152	1789584312493365248	1789584312493365248	1789584312493370368	1789584312493371392	4716	4	0	1	54749619325387	54749619335799
1033	64	12	64	42	1789584312493371392	1789584312493391872	1789584312493391872	1789584312493395968	1789584312493398016	4720	1	13	1	54749619391637	54749619402375
1034	64	15	64	42	1789584312493398016	1789584312493409280	1789584312493409280	1789584312493413376	1789584312493415424	4721	4	16	1	54749619434000	54749619445498
1035	64	18	0	42	1789584312493415424	1789584312493416448	1789584312493416448	1789584312493418496	1789584312493419520	4725	4	19	1	54749619453680	54749619457050
1036	64	20	64	42	1789584312493419520	1789584312493426688	1789584312493426688	1789584312493433856	1789584312493434880	4729	4	22	2	54749619479957	54749619496325
1037	64	23	0	42	1789584312493434880	1789584312493446144	1789584312493446144	1789584312493450240	1789584312493451264	4733	4	26	1	54749619528078	54749619538557
1038	64	34	64	42	1789584312493451264	1789584312493470720	1789584312493470720	1789584312493475840	1789584312493476864	4737	1	39	2	54749619590304	54749619601831
1039	64	37	64	42	1789584312493476864	1789584312493487104	1789584312493487104	1789584312493491200	1789584312493493248	4738	4	43	1	54749619629998	54749619641583
1040	64	40	0	42	1789584312493493248	1789584312493494272	1789584312493494272	1789584312493495296	1789584312493497344	4742	4	46	1	54749619649462	54749619652738
1041	64	42	64	42	1789584312493497344	1789584312493504512	1789584312493504512	1789584312493510656	1789584312493511680	4746	4	49	2	54749619673817	54749619690633
1042	65	1	1	42	1789584312493361152	1789584312493365248	1789584312493365248	1789584312493370368	1789584312493371392	4750	4	0	1	54749619325391	54749619337351
1043	65	12	65	42	1789584312493371392	1789584312493391872	1789584312493391872	1789584312493396992	1789584312493398016	4754	1	13	1	54749619391657	54749619404286
1044	65	15	65	42	1789584312493398016	1789584312493409280	1789584312493409280	1789584312493414400	1789584312493415424	4755	4	16	1	54749619434066	54749619447914
1045	65	18	1	42	1789584312493415424	1789584312493416448	1789584312493416448	1789584312493418496	1789584312493419520	4759	4	19	1	54749619453889	54749619457075
1046	65	20	65	42	1789584312493419520	1789584312493427712	1789584312493427712	1789584312493434880	1789584312493435904	4763	4	22	2	54749619480418	54749619498860
1047	65	23	1	42	1789584312493435904	1789584312493446144	1789584312493446144	1789584312493451264	1789584312493452288	4767	4	26	1	54749619528090	54749619540945
1048	65	34	65	42	1789584312493452288	1789584312493470720	1789584312493470720	1789584312493475840	1789584312493476864	4771	1	39	2	54749619590317	54749619603351
1049	65	37	65	42	1789584312493476864	1789584312493487104	1789584312493487104	1789584312493492224	1789584312493493248	4772	4	43	1	54749619630019	54749619644172
1050	65	40	1	42	1789584312493493248	1789584312493494272	1789584312493494272	1789584312493496320	1789584312493497344	4776	4	46	1	54749619649543	54749619652745
1051	65	42	65	42	1789584312493497344	1789584312493504512	1789584312493504512	1789584312493511680	1789584312493512704	4780	4	49	2	54749619673841	54749619693020
1052	66	1	2	44	1789584312493361152	1789584312493365248	1789584312493365248	1789584312493369344	1789584312493370368	4784	4	0	1	54742326760390	54742326769227
1053	66	12	66	44	1789584312493370368	1789584312493391872	1789584312493391872	1789584312493395968	1789584312493396992	4788	1	13	1	54742326827394	54742326836866
1054	66	15	66	44	1789584312493398016	1789584312493409280	1789584312493409280	1789584312493413376	1789584312493414400	4789	4	16	1	54742326869799	54742326879969
1055	66	18	2	44	1789584312493414400	1789584312493416448	1789584312493416448	1789584312493417472	1789584312493418496	4793	4	19	1	54742326887473	54742326891206
1056	66	20	66	44	1789584312493418496	1789584312493427712	1789584312493427712	1789584312493431808	1789584312493433856	4797	4	22	2	54742326916177	54742326928572
1057	66	23	2	44	1789584312493434880	1789584312493446144	1789584312493446144	1789584312493450240	1789584312493451264	4801	4	26	1	54742326963630	54742326973111
1058	66	34	66	44	1789584312493451264	1789584312493470720	1789584312493470720	1789584312493474816	1789584312493475840	4805	1	39	2	54742327025819	54742327035303
1059	66	37	66	44	1789584312493475840	1789584312493487104	1789584312493487104	1789584312493490176	1789584312493492224	4806	4	43	1	54742327065700	54742327074960
1060	66	40	2	44	1789584312493492224	1789584312493493248	1789584312493494272	1789584312493495296	1789584312493496320	4810	4	46	1	54742327083346	54742327087299
1061	66	42	66	44	1789584312493496320	1789584312493504512	1789584312493504512	1789584312493509632	1789584312493510656	4814	4	49	2	54742327109203	54742327122064
1062	67	1	3	44	1789584312493361152	1789584312493365248	1789584312493365248	1789584312493370368	1789584312493371392	4818	4	0	1	54742326761028	54742326771424
1063	67	12	67	44	1789584312493371392	1789584312493391872	1789584312493391872	1789584312493396992	1789584312493398016	4822	1	13	1	54742326827454	54742326838780
1064	67	15	67	44	1789584312493398016	1789584312493409280	1789584312493409280	1789584312493413376	1789584312493414400	4823	4	16	1	54742326869877	54742326881332
1065	67	18	3	44	1789584312493414400	1789584312493416448	1789584312493416448	1789584312493417472	1789584312493418496	4827	4	19	1	54742326888486	54742326891272
1066	67	20	67	44	1789584312493418496	1789584312493427712	1789584312493427712	1789584312493433856	1789584312493434880	4831	4	22	2	54742326916191	54742326932734
1067	67	23	3	44	1789584312493434880	1789584312493446144	1789584312493446144	1789584312493450240	1789584312493452288	4835	4	26	1	54742326963634	54742326974632
1068	67	34	67	44	1789584312493452288	1789584312493470720	1789584312493470720	1789584312493475840	1789584312493476864	4839	1	39	2	54742327025867	54742327037177
1069	67	37	67	44	1789584312493476864	1789584312493487104	1789584312493487104	1789584312493491200	1789584312493493248	4840	4	43	1	54742327065661	54742327077242
1070	67	40	3	44	1789584312493493248	1789584312493494272	1789584312493494272	1789584312493495296	1789584312493496320	4844	4	46	1	54742327083552	54742327087295
1071	67	42	67	44	1789584312493496320	1789584312493504512	1789584312493504512	1789584312493510656	1789584312493511680	4848	4	49	2	54742327109263	54742327125679
1072	68	1	4	44	1789584312493361152	1789584312493365248	1789584312493365248	1789584312493370368	1789584312493371392	4852	4	0	1	54742326761039	54742326772600
1073	68	12	68	44	1789584312493371392	1789584312493391872	1789584312493391872	1789584312493396992	1789584312493398016	4856	1	13	1	54742326827474	54742326840189
1074	68	15	68	44	1789584312493398016	1789584312493409280	1789584312493409280	1789584312493414400	1789584312493415424	4857	4	16	1	54742326869805	54742326883760
1075	68	18	4	44	1789584312493415424	1789584312493417472	1789584312493417472	1789584312493418496	1789584312493419520	4861	4	19	1	54742326890098	54742326893736
1076	68	20	68	44	1789584312493419520	1789584312493426688	1789584312493427712	1789584312493434880	1789584312493435904	4865	4	22	2	54742326915586	54742326934872
1077	68	23	4	44	1789584312493435904	1789584312493446144	1789584312493446144	1789584312493451264	1789584312493452288	4869	4	26	1	54742326963577	54742326976415
1078	68	34	68	44	1789584312493452288	1789584312493470720	1789584312493470720	1789584312493475840	1789584312493476864	4873	1	39	2	54742327025896	54742327037893
1079	68	37	68	44	1789584312493476864	1789584312493487104	1789584312493487104	1789584312493492224	1789584312493493248	4874	4	43	1	54742327065722	54742327079532
1080	68	40	4	44	1789584312493493248	1789584312493495296	1789584312493495296	1789584312493496320	1789584312493497344	4878	4	46	1	54742327085961	54742327089234
1081	68	42	68	44	1789584312493497344	1789584312493504512	1789584312493504512	1789584312493511680	1789584312493512704	4882	4	49	2	54742327109277	54742327128032
1082	69	1	5	46	1789584312493361152	1789584312493365248	1789584312493365248	1789584312493369344	1789584312493370368	4886	4	0	1	54763502762590	54763502771821
1083	69	12	69	46	1789584312493370368	1789584312493391872	1789584312493391872	1789584312493395968	1789584312493396992	4890	1	13	1	54763502829913	54763502839559
1084	69	15	69	46	1789584312493398016	1789584312493409280	1789584312493409280	1789584312493412352	1789584312493414400	4891	4	16	1	54763502872317	54763502881702
1085	69	18	5	46	1789584312493414400	1789584312493416448	1789584312493416448	1789584312493417472	1789584312493419520	4895	4	19	1	54763502890410	54763502894447
1086	69	20	69	46	1789584312493419520	1789584312493426688	1789584312493427712	1789584312493432832	1789584312493433856	4899	4	22	2	54763502918110	54763502931742
1087	69	23	5	46	1789584312493434880	1789584312493446144	1789584312493446144	1789584312493450240	1789584312493451264	4903	4	26	1	54763502966204	54763502975726
1088	69	34	69	46	1789584312493452288	1789584312493470720	1789584312493470720	1789584312493474816	1789584312493475840	4907	1	39	2	54763503028394	54763503037584
1089	69	37	69	46	1789584312493475840	1789584312493487104	1789584312493487104	1789584312493491200	1789584312493492224	4908	4	43	1	54763503068286	54763503078427
1090	69	40	5	46	1789584312493492224	1789584312493494272	1789584312493494272	1789584312493495296	1789584312493496320	4912	4	46	1	54763503086346	54763503090011
1091	69	42	69	46	1789584312493497344	1789584312493504512	1789584312493504512	1789584312493509632	1789584312493510656	4916	4	49	2	54763503111855	54763503124810
1092	70	1	6	46	1789584312493361152	1789584312493365248	1789584312493365248	1789584312493369344	1789584312493370368	4920	4	0	1	54763502763211	54763502773099
1093	70	12	70	46	1789584312493370368	1789584312493391872	1789584312493391872	1789584312493396992	1789584312493398016	4924	1	13	1	54763502829974	54763502841128
1094	70	15	70	46	1789584312493398016	1789584312493409280	1789584312493409280	1789584312493414400	1789584312493415424	4925	4	16	1	54763502872320	54763502885051
1095	70	18	6	46	1789584312493415424	1789584312493416448	1789584312493416448	1789584312493418496	1789584312493419520	4929	4	19	1	54763502892002	54763502895069
1096	70	20	70	46	1789584312493419520	1789584312493427712	1789584312493427712	1789584312493433856	1789584312493434880	4933	4	22	2	54763502918684	54763502935256
1097	70	23	6	46	1789584312493434880	1789584312493446144	1789584312493446144	1789584312493450240	1789584312493452288	4937	4	26	1	54763502966153	54763502977174
1098	70	34	70	46	1789584312493452288	1789584312493470720	1789584312493470720	1789584312493474816	1789584312493476864	4941	1	39	2	54763503028447	54763503038783
1099	70	37	70	46	1789584312493476864	1789584312493487104	1789584312493487104	1789584312493491200	1789584312493493248	4942	4	43	1	54763503068088	54763503079863
1100	70	40	6	46	1789584312493493248	1789584312493494272	1789584312493494272	1789584312493495296	1789584312493496320	4946	4	46	1	54763503087403	54763503090194
1101	70	42	70	46	1789584312493497344	1789584312493504512	1789584312493504512	1789584312493510656	1789584312493511680	4950	4	49	2	54763503111901	54763503128776
1102	71	1	7	46	1789584312493361152	1789584312493365248	1789584312493365248	1789584312493370368	1789584312493371392	4954	4	0	1	54763502763222	54763502775468
1103	71	12	71	46	1789584312493371392	1789584312493391872	1789584312493391872	1789584312493396992	1789584312493398016	4958	1	13	1	54763502829979	54763502842154
1104	71	15	71	46	1789584312493398016	1789584312493409280	1789584312493409280	1789584312493414400	1789584312493415424	4959	4	16	1	54763502872257	54763502885958
1105	71	18	7	46	1789584312493415424	1789584312493416448	1789584312493416448	1789584312493418496	1789584312493419520	4963	4	19	1	54763502892081	54763502895106
1106	71	20	71	46	1789584312493419520	1789584312493427712	1789584312493427712	1789584312493434880	1789584312493435904	4967	4	22	2	54763502918715	54763502937047
1107	71	23	7	46	1789584312493435904	1789584312493446144	1789584312493446144	1789584312493451264	1789584312493452288	4971	4	26	1	54763502966218	54763502979032
1108	71	34	71	46	1789584312493452288	1789584312493470720	1789584312493470720	1789584312493475840	1789584312493476864	4975	1	39	2	54763503028471	54763503041097
1109	71	37	71	46	1789584312493476864	1789584312493487104	1789584312493487104	1789584312493492224	1789584312493493248	4976	4	43	1	54763503068212	54763503082065
1110	71	40	7	46	1789584312493493248	1789584312493494272	1789584312493494272	1789584312493495296	1789584312493496320	4980	4	46	1	54763503087424	54763503090234
1111	71	42	71	46	1789584312493497344	1789584312493504512	1789584312493504512	1789584312493511680	1789584312493512704	4984	4	49	2	54763503111927	54763503130918
1112	72	1	8	48	1789584312493361152	1789584312493365248	1789584312493365248	1789584312493369344	1789584312493370368	4988	4	0	1	54744457802717	54744457813311
1113	72	12	72	48	1789584312493370368	1789584312493391872	1789584312493391872	1789584312493395968	1789584312493396992	4992	1	13	1	54744457869956	54744457878492
1114	72	15	72	48	1789584312493396992	1789584312493409280	1789584312493409280	1789584312493412352	1789584312493414400	4993	4	16	1	54744457912372	54744457921908
1115	72	18	8	48	1789584312493414400	1789584312493416448	1789584312493416448	1789584312493417472	1789584312493418496	4997	4	19	1	54744457930771	54744457934462
1116	72	20	72	48	1789584312493419520	1789584312493427712	1789584312493427712	1789584312493432832	1789584312493433856	5001	4	22	2	54744457958421	54744457971528
1117	72	23	8	48	1789584312493433856	1789584312493446144	1789584312493446144	1789584312493450240	1789584312493451264	5005	4	26	1	54744458006296	54744458015224
1118	72	34	72	48	1789584312493451264	1789584312493470720	1789584312493470720	1789584312493474816	1789584312493475840	5009	1	39	2	54744458068483	54744458077815
1119	72	37	72	48	1789584312493475840	1789584312493487104	1789584312493487104	1789584312493490176	1789584312493492224	5010	4	43	1	54744458108472	54744458117563
1120	72	40	8	48	1789584312493492224	1789584312493494272	1789584312493494272	1789584312493495296	1789584312493496320	5014	4	46	1	54744458126469	54744458130257
1121	72	42	72	48	1789584312493497344	1789584312493504512	1789584312493504512	1789584312493508608	1789584312493510656	5018	4	49	2	54744458151918	54744458164480
1122	73	1	9	48	1789584312493361152	1789584312493365248	1789584312493365248	1789584312493369344	1789584312493370368	5022	4	0	1	54744457803330	54744457813662
1123	73	12	73	48	1789584312493370368	1789584312493391872	1789584312493391872	1789584312493396992	1789584312493398016	5026	1	13	1	54744457870017	54744457881486
1124	73	15	73	48	1789584312493398016	1789584312493409280	1789584312493409280	1789584312493413376	1789584312493414400	5027	4	16	1	54744457912308	54744457923616
1125	73	18	9	48	1789584312493414400	1789584312493416448	1789584312493416448	1789584312493417472	1789584312493418496	5031	4	19	1	54744457931316	54744457934475
1126	73	20	73	48	1789584312493419520	1789584312493427712	1789584312493427712	1789584312493433856	1789584312493434880	5035	4	22	2	54744457959001	54744457974611
1127	73	23	9	48	1789584312493434880	1789584312493446144	1789584312493446144	1789584312493451264	1789584312493452288	5039	4	26	1	54744458006307	54744458017688
1128	73	34	73	48	1789584312493452288	1789584312493470720	1789584312493470720	1789584312493475840	1789584312493476864	5043	1	39	2	54744458068544	54744458079672
1129	73	37	73	48	1789584312493476864	1789584312493487104	1789584312493487104	1789584312493491200	1789584312493493248	5044	4	43	1	54744458108329	54744458119807
1130	73	40	9	48	1789584312493493248	1789584312493494272	1789584312493494272	1789584312493495296	1789584312493496320	5048	4	46	1	54744458127103	54744458130270
1131	73	42	73	48	1789584312493497344	1789584312493504512	1789584312493504512	1789584312493510656	1789584312493511680	5052	4	49	2	54744458151977	54744458168295
1132	74	1	10	48	1789584312493361152	1789584312493365248	1789584312493365248	1789584312493370368	1789584312493371392	5056	4	0	1	54744457803338	54744457815026
1133	74	12	74	48	1789584312493371392	1789584312493391872	1789584312493391872	1789584312493396992	1789584312493398016	5060	1	13	1	54744457870022	54744457882947
1134	74	15	74	48	1789584312493398016	1789584312493409280	1789584312493409280	1789584312493414400	1789584312493415424	5061	4	16	1	54744457912388	54744457926445
1135	74	18	10	48	1789584312493415424	1789584312493416448	1789584312493416448	1789584312493417472	1789584312493418496	5065	4	19	1	54744457931996	54744457934750
1136	74	20	74	48	1789584312493419520	1789584312493427712	1789584312493427712	1789584312493434880	1789584312493435904	5069	4	22	2	54744457959013	54744457977571
1137	74	23	10	48	1789584312493435904	1789584312493446144	1789584312493446144	1789584312493451264	1789584312493452288	5073	4	26	1	54744458006239	54744458019158
1138	74	34	74	48	1789584312493452288	1789584312493470720	1789584312493470720	1789584312493475840	1789584312493476864	5077	1	39	2	54744458068549	54744458080518
1139	74	37	74	48	1789584312493476864	1789584312493487104	1789584312493487104	1789584312493492224	1789584312493493248	5078	4	43	1	54744458108248	54744458121990
1140	74	40	10	48	1789584312493493248	1789584312493494272	1789584312493494272	1789584312493495296	1789584312493496320	5082	4	46	1	54744458127773	54744458130505
1141	74	42	74	48	1789584312493497344	1789584312493504512	1789584312493504512	1789584312493511680	1789584312493512704	5086	4	49	2	54744458151985	54744458170641
1142	75	1	11	50	1789584312493361152	1789584312493365248	1789584312493365248	1789584312493369344	1789584312493370368	5090	4	0	1	54748349110409	54748349119863
1143	75	12	75	50	1789584312493371392	1789584312493391872	1789584312493391872	1789584312493395968	1789584312493396992	5094	1	13	1	54748349177231	54748349186600
1144	75	15	75	50	1789584312493396992	1789584312493409280	1789584312493409280	1789584312493412352	1789584312493414400	5095	4	16	1	54748349219488	54748349228942
1145	75	18	11	50	1789584312493414400	1789584312493416448	1789584312493416448	1789584312493417472	1789584312493418496	5099	4	19	1	54748349238068	54748349241085
1146	75	20	75	50	1789584312493418496	1789584312493426688	1789584312493427712	1789584312493432832	1789584312493433856	5103	4	22	2	54748349265493	54748349278813
1147	75	23	11	50	1789584312493433856	1789584312493446144	1789584312493446144	1789584312493450240	1789584312493451264	5107	4	26	1	54748349313477	54748349323112
1148	75	34	75	50	1789584312493451264	1789584312493470720	1789584312493470720	1789584312493474816	1789584312493475840	5111	1	39	2	54748349375672	54748349384674
1149	75	37	75	50	1789584312493475840	1789584312493487104	1789584312493487104	1789584312493490176	1789584312493492224	5112	4	43	1	54748349415555	54748349424759
1150	75	40	11	50	1789584312493492224	1789584312493494272	1789584312493494272	1789584312493495296	1789584312493496320	5116	4	46	1	54748349433782	54748349437473
1151	75	42	75	50	1789584312493496320	1789584312493504512	1789584312493504512	1789584312493508608	1789584312493510656	5120	4	49	2	54748349459158	54748349471580
1152	76	1	12	50	1789584312493361152	1789584312493365248	1789584312493366272	1789584312493370368	1789584312493371392	5124	4	0	1	54748349111010	54748349121337
1153	76	12	76	50	1789584312493371392	1789584312493391872	1789584312493391872	1789584312493395968	1789584312493398016	5128	1	13	1	54748349177292	54748349187895
1154	76	15	76	50	1789584312493398016	1789584312493409280	1789584312493409280	1789584312493413376	1789584312493415424	5129	4	16	1	54748349219498	54748349230735
1155	76	18	12	50	1789584312493415424	1789584312493416448	1789584312493416448	1789584312493417472	1789584312493418496	5133	4	19	1	54748349237398	54748349241098
1156	76	20	76	50	1789584312493418496	1789584312493427712	1789584312493427712	1789584312493433856	1789584312493434880	5137	4	22	2	54748349266096	54748349282232
1157	76	23	12	50	1789584312493434880	1789584312493446144	1789584312493446144	1789584312493450240	1789584312493452288	5141	4	26	1	54748349313413	54748349324527
1158	76	34	76	50	1789584312493452288	1789584312493470720	1789584312493470720	1789584312493474816	1789584312493476864	5145	1	39	2	54748349375733	54748349386135
1159	76	37	76	50	1789584312493476864	1789584312493487104	1789584312493487104	1789584312493491200	1789584312493493248	5146	4	43	1	54748349415531	54748349427269
1160	76	40	12	50	1789584312493493248	1789584312493494272	1789584312493494272	1789584312493495296	1789584312493496320	5150	4	46	1	54748349433717	54748349437486
1161	76	42	76	50	1789584312493496320	1789584312493504512	1789584312493504512	1789584312493510656	1789584312493511680	5154	4	49	2	54748349459212	54748349475621
1162	77	1	13	50	1789584312493361152	1789584312493365248	1789584312493366272	1789584312493370368	1789584312493371392	5158	4	0	1	54748349111013	54748349123181
1163	77	12	77	50	1789584312493371392	1789584312493391872	1789584312493391872	1789584312493396992	1789584312493398016	5162	1	13	1	54748349177297	54748349189178
1164	77	15	77	50	1789584312493398016	1789584312493409280	1789584312493409280	1789584312493414400	1789584312493415424	5163	4	16	1	54748349219562	54748349233389
1165	77	18	13	50	1789584312493415424	1789584312493416448	1789584312493416448	1789584312493417472	1789584312493418496	5167	4	19	1	54748349239083	54748349241581
1166	77	20	77	50	1789584312493418496	1789584312493427712	1789584312493427712	1789584312493434880	1789584312493435904	5171	4	22	2	54748349266098	54748349284461
1167	77	23	13	50	1789584312493435904	1789584312493446144	1789584312493446144	1789584312493451264	1789584312493452288	5175	4	26	1	54748349313484	54748349325652
1168	77	34	77	50	1789584312493452288	1789584312493470720	1789584312493470720	1789584312493475840	1789584312493476864	5179	1	39	2	54748349375738	54748349387848
1169	77	37	77	50	1789584312493476864	1789584312493487104	1789584312493487104	1789584312493492224	1789584312493493248	5180	4	43	1	54748349415559	54748349429351
1170	77	40	13	50	1789584312493493248	1789584312493494272	1789584312493494272	1789584312493495296	1789584312493496320	5184	4	46	1	54748349435038	54748349437874
1171	77	42	77	50	1789584312493496320	1789584312493504512	1789584312493504512	1789584312493511680	1789584312493512704	5188	4	49	2	54748349459228	54748349477853
1172	78	1	14	52	1789584312493361152	1789584312493365248	1789584312493365248	1789584312493369344	1789584312493370368	5192	4	0	1	54759382733996	54759382743219
1173	78	12	78	52	1789584312493370368	1789584312493391872	1789584312493391872	1789584312493395968	1789584312493396992	5196	1	13	1	54759382801084	54759382811243
1174	78	15	78	52	1789584312493398016	1789584312493409280	1789584312493409280	1789584312493412352	1789584312493414400	5197	4	16	1	54759382843394	54759382852838
1175	78	18	14	52	1789584312493414400	1789584312493416448	1789584312493416448	1789584312493417472	1789584312493418496	5201	4	19	1	54759382861730	54759382865229
1176	78	20	78	52	1789584312493418496	1789584312493426688	1789584312493427712	1789584312493432832	1789584312493434880	5205	4	22	2	54759382889454	54759382902856
1177	78	23	14	52	1789584312493434880	1789584312493446144	1789584312493446144	1789584312493450240	1789584312493451264	5209	4	26	1	54759382937396	54759382946411
1178	78	34	78	52	1789584312493451264	1789584312493470720	1789584312493470720	1789584312493474816	1789584312493475840	5213	1	39	2	54759382999603	54759383009110
1179	78	37	78	52	1789584312493475840	1789584312493487104	1789584312493487104	1789584312493491200	1789584312493492224	5214	4	43	1	54759383039441	54759383049682
1180	78	40	14	52	1789584312493492224	1789584312493494272	1789584312493494272	1789584312493495296	1789584312493496320	5218	4	46	1	54759383057582	54759383061361
1181	78	42	78	52	1789584312493497344	1789584312493504512	1789584312493504512	1789584312493509632	1789584312493510656	5222	4	49	2	54759383083189	54759383096639
1182	79	1	15	52	1789584312493361152	1789584312493365248	1789584312493365248	1789584312493369344	1789584312493371392	5226	4	0	1	54759382734598	54759382744817
1183	79	12	79	52	1789584312493371392	1789584312493391872	1789584312493391872	1789584312493396992	1789584312493398016	5230	1	13	1	54759382801137	54759382812420
1184	79	15	79	52	1789584312493398016	1789584312493409280	1789584312493409280	1789584312493413376	1789584312493415424	5231	4	16	1	54759382843453	54759382854887
1185	79	18	15	52	1789584312493415424	1789584312493416448	1789584312493416448	1789584312493417472	1789584312493418496	5235	4	19	1	54759382861669	54759382865249
1186	79	20	79	52	1789584312493418496	1789584312493427712	1789584312493427712	1789584312493433856	1789584312493434880	5239	4	22	2	54759382890057	54759382905628
1187	79	23	15	52	1789584312493434880	1789584312493446144	1789584312493446144	1789584312493450240	1789584312493452288	5243	4	26	1	54759382937332	54759382948164
1188	79	34	79	52	1789584312493452288	1789584312493470720	1789584312493470720	1789584312493474816	1789584312493475840	5247	1	39	2	54759382999659	54759383009459
1189	79	37	79	52	1789584312493476864	1789584312493487104	1789584312493487104	1789584312493492224	1789584312493493248	5248	4	43	1	54759383039505	54759383051758
1190	79	40	15	52	1789584312493493248	1789584312493494272	1789584312493494272	1789584312493495296	1789584312493496320	5252	4	46	1	54759383058696	54759383061570
1191	79	42	79	52	1789584312493497344	1789584312493503488	1789584312493504512	1789584312493510656	1789584312493511680	5256	4	49	2	54759383083088	54759383100012
1192	80	1	16	52	1789584312493361152	1789584312493365248	1789584312493365248	1789584312493370368	1789584312493371392	5260	4	0	1	54759382734609	54759382745922
1193	80	12	80	52	1789584312493371392	1789584312493391872	1789584312493391872	1789584312493396992	1789584312493398016	5264	1	13	1	54759382801161	54759382812948
1194	80	15	80	52	1789584312493398016	1789584312493409280	1789584312493409280	1789584312493414400	1789584312493415424	5265	4	16	1	54759382843461	54759382857121
1195	80	18	16	52	1789584312493415424	1789584312493416448	1789584312493417472	1789584312493418496	1789584312493419520	5269	4	19	1	54759382863551	54759382866702
1196	80	20	80	52	1789584312493419520	1789584312493427712	1789584312493427712	1789584312493434880	1789584312493435904	5273	4	22	2	54759382890071	54759382908554
1197	80	23	16	52	1789584312493435904	1789584312493446144	1789584312493446144	1789584312493451264	1789584312493452288	5277	4	26	1	54759382937403	54759382949513
1198	80	34	80	52	1789584312493452288	1789584312493470720	1789584312493470720	1789584312493475840	1789584312493476864	5281	1	39	2	54759382999670	54759383012446
1199	80	37	80	52	1789584312493476864	1789584312493486080	1789584312493487104	1789584312493492224	1789584312493493248	5282	4	43	1	54759383039358	54759383053225
1200	80	40	16	52	1789584312493493248	1789584312493494272	1789584312493494272	1789584312493495296	1789584312493496320	5286	4	46	1	54759383058782	54759383061628
1201	80	42	80	52	1789584312493497344	1789584312493504512	1789584312493504512	1789584312493511680	1789584312493512704	5290	4	49	2	54759383083113	54759383101773
1202	81	1	17	54	1789584312493361152	1789584312493365248	1789584312493365248	1789584312493369344	1789584312493370368	5294	4	0	1	54707674092317	54707674101842
1203	81	12	81	54	1789584312493370368	1789584312493391872	1789584312493391872	1789584312493395968	1789584312493396992	5298	1	13	1	54707674159145	54707674168372
1204	81	15	81	54	1789584312493398016	1789584312493409280	1789584312493409280	1789584312493412352	1789584312493414400	5299	4	16	1	54707674201499	54707674211024
1205	81	18	17	54	1789584312493414400	1789584312493416448	1789584312493416448	1789584312493417472	1789584312493418496	5303	4	19	1	54707674219498	54707674223101
1206	81	20	81	54	1789584312493418496	1789584312493427712	1789584312493427712	1789584312493432832	1789584312493433856	5307	4	22	2	54707674247485	54707674260341
1207	81	23	17	54	1789584312493434880	1789584312493446144	1789584312493446144	1789584312493450240	1789584312493451264	5311	4	26	1	54707674295321	54707674304605
1208	81	34	81	54	1789584312493451264	1789584312493470720	1789584312493470720	1789584312493474816	1789584312493475840	5315	1	39	2	54707674357509	54707674366989
1209	81	37	81	54	1789584312493475840	1789584312493487104	1789584312493487104	1789584312493491200	1789584312493492224	5316	4	43	1	54707674397437	54707674407227
1210	81	40	17	54	1789584312493492224	1789584312493494272	1789584312493494272	1789584312493495296	1789584312493496320	5320	4	46	1	54707674415543	54707674419124
1211	81	42	81	54	1789584312493497344	1789584312493503488	1789584312493504512	1789584312493508608	1789584312493510656	5324	4	49	2	54707674440643	54707674453111
1212	82	1	18	54	1789584312493361152	1789584312493365248	1789584312493366272	1789584312493370368	1789584312493371392	5328	4	0	1	54707674092889	54707674103369
1213	82	12	82	54	1789584312493371392	1789584312493391872	1789584312493391872	1789584312493396992	1789584312493398016	5332	1	13	1	54707674159191	54707674170373
1214	82	15	82	54	1789584312493398016	1789584312493409280	1789584312493409280	1789584312493413376	1789584312493415424	5333	4	16	1	54707674201438	54707674213404
1215	82	18	18	54	1789584312493415424	1789584312493416448	1789584312493416448	1789584312493417472	1789584312493418496	5337	4	19	1	54707674220350	54707674223111
1216	82	20	82	54	1789584312493418496	1789584312493427712	1789584312493427712	1789584312493433856	1789584312493434880	5341	4	22	2	54707674248092	54707674264561
1217	82	23	18	54	1789584312493434880	1789584312493446144	1789584312493446144	1789584312493450240	1789584312493452288	5345	4	26	1	54707674295370	54707674306196
1218	82	34	82	54	1789584312493452288	1789584312493470720	1789584312493470720	1789584312493475840	1789584312493476864	5349	1	39	2	54707674357562	54707674368712
1219	82	37	82	54	1789584312493476864	1789584312493487104	1789584312493487104	1789584312493491200	1789584312493493248	5350	4	43	1	54707674397335	54707674408906
1220	82	40	18	54	1789584312493493248	1789584312493494272	1789584312493494272	1789584312493495296	1789584312493496320	5354	4	46	1	54707674416700	54707674419487
1221	82	42	82	54	1789584312493497344	1789584312493503488	1789584312493504512	1789584312493510656	1789584312493511680	5358	4	49	2	54707674440690	54707674457510
1222	83	1	19	54	1789584312493361152	1789584312493365248	1789584312493366272	1789584312493370368	1789584312493371392	5362	4	0	1	54707674092897	54707674104200
1223	83	12	83	54	1789584312493371392	1789584312493391872	1789584312493391872	1789584312493396992	1789584312493398016	5366	1	13	1	54707674159212	54707674171330
1224	83	15	83	54	1789584312493398016	1789584312493409280	1789584312493409280	1789584312493414400	1789584312493415424	5367	4	16	1	54707674201510	54707674215290
1225	83	18	19	54	1789584312493415424	1789584312493417472	1789584312493417472	1789584312493418496	1789584312493419520	5371	4	19	1	54707674221991	54707674225378
1226	83	20	83	54	1789584312493419520	1789584312493427712	1789584312493427712	1789584312493434880	1789584312493435904	5375	4	22	2	54707674248104	54707674266878
1227	83	23	19	54	1789584312493435904	1789584312493446144	1789584312493446144	1789584312493451264	1789584312493452288	5379	4	26	1	54707674295372	54707674308036
1228	83	34	83	54	1789584312493452288	1789584312493470720	1789584312493470720	1789584312493475840	1789584312493476864	5383	1	39	2	54707674357586	54707674369670
1229	83	37	83	54	1789584312493476864	1789584312493487104	1789584312493487104	1789584312493492224	1789584312493493248	5384	4	43	1	54707674397346	54707674411087
1230	83	40	19	54	1789584312493493248	1789584312493494272	1789584312493494272	1789584312493495296	1789584312493496320	5388	4	46	1	54707674416723	54707674419528
1231	83	42	83	54	1789584312493497344	1789584312493503488	1789584312493504512	1789584312493511680	1789584312493512704	5392	4	49	2	54707674440715	54707674459854
1232	84	1	20	56	1789584312493361152	1789584312493365248	1789584312493365248	1789584312493369344	1789584312493370368	5396	4	0	1	54736987794823	54736987803675
1233	84	12	84	56	1789584312493371392	1789584312493391872	1789584312493391872	1789584312493395968	1789584312493396992	5400	1	13	1	54736987861175	54736987870319
1234	84	15	84	56	1789584312493398016	1789584312493409280	1789584312493409280	1789584312493413376	1789584312493414400	5401	4	16	1	54736987903544	54736987913603
1235	84	18	20	56	1789584312493414400	1789584312493416448	1789584312493416448	1789584312493417472	1789584312493418496	5405	4	19	1	54736987921798	54736987925464
1236	84	20	84	56	1789584312493419520	1789584312493427712	1789584312493427712	1789584312493432832	1789584312493434880	5409	4	22	2	54736987949840	54736987963226
1237	84	23	20	56	1789584312493434880	1789584312493446144	1789584312493446144	1789584312493450240	1789584312493451264	5413	4	26	1	54736987997405	54736988006645
1238	84	34	84	56	1789584312493451264	1789584312493470720	1789584312493470720	1789584312493474816	1789584312493475840	5417	1	39	2	54736988059598	54736988068170
1239	84	37	84	56	1789584312493475840	1789584312493487104	1789584312493487104	1789584312493490176	1789584312493492224	5418	4	43	1	54736988099217	54736988108262
1240	84	40	20	56	1789584312493492224	1789584312493494272	1789584312493494272	1789584312493495296	1789584312493496320	5422	4	46	1	54736988117466	54736988121348
1241	84	42	84	56	1789584312493496320	1789584312493504512	1789584312493504512	1789584312493509632	1789584312493510656	5426	4	49	2	54736988142884	54736988156462
1242	85	1	21	56	1789584312493361152	1789584312493365248	1789584312493365248	1789584312493370368	1789584312493371392	5430	4	0	1	54736987794263	54736987805454
1243	85	12	85	56	1789584312493371392	1789584312493391872	1789584312493391872	1789584312493395968	1789584312493398016	5434	1	13	1	54736987861231	54736987871466
1244	85	15	85	56	1789584312493398016	1789584312493409280	1789584312493409280	1789584312493413376	1789584312493414400	5435	4	16	1	54736987903608	54736987914966
1245	85	18	21	56	1789584312493415424	1789584312493417472	1789584312493417472	1789584312493418496	1789584312493419520	5439	4	19	1	54736987924706	54736987928461
1246	85	20	85	56	1789584312493420544	1789584312493426688	1789584312493427712	1789584312493433856	1789584312493434880	5443	4	22	2	54736987949313	54736987966592
1247	85	23	21	56	1789584312493434880	1789584312493446144	1789584312493446144	1789584312493450240	1789584312493452288	5447	4	26	1	54736987997344	54736988008189
1248	85	34	85	56	1789584312493452288	1789584312493470720	1789584312493470720	1789584312493475840	1789584312493476864	5451	1	39	2	54736988059657	54736988071143
1249	85	37	85	56	1789584312493476864	1789584312493487104	1789584312493487104	1789584312493491200	1789584312493493248	5452	4	43	1	54736988099204	54736988110546
1250	85	40	21	56	1789584312493493248	1789584312493495296	1789584312493495296	1789584312493496320	1789584312493497344	5456	4	46	1	54736988119710	54736988123296
1251	85	42	85	56	1789584312493497344	1789584312493504512	1789584312493504512	1789584312493510656	1789584312493511680	5460	4	49	2	54736988142812	54736988160038
1252	86	1	22	56	1789584312493361152	1789584312493365248	1789584312493365248	1789584312493370368	1789584312493371392	5464	4	0	1	54736987794826	54736987807179
1253	86	12	86	56	1789584312493371392	1789584312493391872	1789584312493391872	1789584312493396992	1789584312493398016	5468	1	13	1	54736987861242	54736987873965
1254	86	15	86	56	1789584312493398016	1789584312493409280	1789584312493409280	1789584312493414400	1789584312493415424	5469	4	16	1	54736987903616	54736987917234
1255	86	18	22	56	1789584312493415424	1789584312493417472	1789584312493417472	1789584312493418496	1789584312493419520	5473	4	19	1	54736987924778	54736987928476
1256	86	20	86	56	1789584312493420544	1789584312493427712	1789584312493427712	1789584312493434880	1789584312493435904	5477	4	22	2	54736987949856	54736987968660
1257	86	23	22	56	1789584312493435904	1789584312493446144	1789584312493446144	1789584312493451264	1789584312493452288	5481	4	26	1	54736987997421	54736988010225
1258	86	34	86	56	1789584312493452288	1789584312493470720	1789584312493470720	1789584312493475840	1789584312493476864	5485	1	39	2	54736988059672	54736988072653
1259	86	37	86	56	1789584312493476864	1789584312493487104	1789584312493487104	1789584312493492224	1789584312493493248	5486	4	43	1	54736988099279	54736988113037
1260	86	40	22	56	1789584312493493248	1789584312493495296	1789584312493495296	1789584312493496320	1789584312493497344	5490	4	46	1	54736988120725	54736988124243
1261	86	42	86	56	1789584312493498368	1789584312493503488	1789584312493504512	1789584312493511680	1789584312493512704	5494	4	49	2	54736988142814	54736988161912
1262	87	1	23	58	1789584312493361152	1789584312493365248	1789584312493365248	1789584312493369344	1789584312493370368	5498	4	0	1	54750048816894	54750048826418
1263	87	12	87	58	1789584312493370368	1789584312493391872	1789584312493391872	1789584312493395968	1789584312493396992	5502	1	13	1	54750048884097	54750048893611
1264	87	15	87	58	1789584312493398016	1789584312493409280	1789584312493409280	1789584312493412352	1789584312493414400	5503	4	16	1	54750048926432	54750048935676
1265	87	18	23	58	1789584312493414400	1789584312493417472	1789584312493417472	1789584312493418496	1789584312493420544	5507	4	19	1	54750048947528	54750048951098
1266	87	20	87	58	1789584312493420544	1789584312493427712	1789584312493427712	1789584312493432832	1789584312493433856	5511	4	22	2	54750048972629	54750048985854
1267	87	23	23	58	1789584312493434880	1789584312493446144	1789584312493446144	1789584312493450240	1789584312493451264	5515	4	26	1	54750049020412	54750049029721
1268	87	34	87	58	1789584312493451264	1789584312493470720	1789584312493470720	1789584312493474816	1789584312493475840	5519	1	39	2	54750049082602	54750049091987
1269	87	37	87	58	1789584312493475840	1789584312493487104	1789584312493487104	1789584312493490176	1789584312493492224	5520	4	43	1	54750049122569	54750049131987
1270	87	40	23	58	1789584312493492224	1789584312493495296	1789584312493495296	1789584312493496320	1789584312493497344	5524	4	46	1	54750049143342	54750049146115
1271	87	42	87	58	1789584312493497344	1789584312493504512	1789584312493504512	1789584312493509632	1789584312493510656	5528	4	49	2	54750049166138	54750049178940
1272	88	1	24	58	1789584312493361152	1789584312493365248	1789584312493365248	1789584312493369344	1789584312493370368	5532	4	0	1	54750048817516	54750048827432
1273	88	12	88	58	1789584312493370368	1789584312493391872	1789584312493391872	1789584312493395968	1789584312493398016	5536	1	13	1	54750048884153	54750048895011
1274	88	15	88	58	1789584312493398016	1789584312493408256	1789584312493409280	1789584312493413376	1789584312493414400	5537	4	16	1	54750048926413	54750048937746
1275	88	18	24	58	1789584312493415424	1789584312493417472	1789584312493417472	1789584312493418496	1789584312493420544	5541	4	19	1	54750048947538	54750048951111
1276	88	20	88	58	1789584312493420544	1789584312493427712	1789584312493427712	1789584312493433856	1789584312493434880	5545	4	22	2	54750048973261	54750048989657
1277	88	23	24	58	1789584312493434880	1789584312493446144	1789584312493446144	1789584312493450240	1789584312493452288	5549	4	26	1	54750049020458	54750049031174
1278	88	34	88	58	1789584312493452288	1789584312493470720	1789584312493470720	1789584312493475840	1789584312493476864	5553	1	39	2	54750049082663	54750049093709
1279	88	37	88	58	1789584312493476864	1789584312493487104	1789584312493487104	1789584312493491200	1789584312493493248	5554	4	43	1	54750049122583	54750049134121
1280	88	40	24	58	1789584312493493248	1789584312493495296	1789584312493495296	1789584312493496320	1789584312493497344	5558	4	46	1	54750049143538	54750049146154
1281	88	42	88	58	1789584312493497344	1789584312493504512	1789584312493504512	1789584312493510656	1789584312493511680	5562	4	49	2	54750049166197	54750049183159
1282	89	1	25	58	1789584312493361152	1789584312493365248	1789584312493365248	1789584312493370368	1789584312493371392	5566	4	0	1	54750048817531	54750048829635
1283	89	12	89	58	1789584312493371392	1789584312493391872	1789584312493391872	1789584312493396992	1789584312493398016	5570	1	13	1	54750048884164	54750048897080
1284	89	15	89	58	1789584312493398016	1789584312493409280	1789584312493409280	1789584312493414400	1789584312493415424	5571	4	16	1	54750048926497	54750048940594
1285	89	18	25	58	1789584312493415424	1789584312493417472	1789584312493417472	1789584312493418496	1789584312493420544	5575	4	19	1	54750048947473	54750048951130
1286	89	20	89	58	1789584312493420544	1789584312493427712	1789584312493427712	1789584312493434880	1789584312493435904	5579	4	22	2	54750048973267	54750048991945
1287	89	23	25	58	1789584312493435904	1789584312493446144	1789584312493446144	1789584312493451264	1789584312493452288	5583	4	26	1	54750049020482	54750049032711
1288	89	34	89	58	1789584312493452288	1789584312493470720	1789584312493470720	1789584312493475840	1789584312493476864	5587	1	39	2	54750049082668	54750049095566
1289	89	37	89	58	1789584312493476864	1789584312493487104	1789584312493487104	1789584312493492224	1789584312493493248	5588	4	43	1	54750049122533	54750049136724
1290	89	40	25	58	1789584312493493248	1789584312493494272	1789584312493495296	1789584312493496320	1789584312493497344	5592	4	46	1	54750049142542	54750049146135
1291	89	42	89	58	1789584312493497344	1789584312493504512	1789584312493504512	1789584312493511680	1789584312493512704	5596	4	49	2	54750049166205	54750049185243
1292	90	1	26	60	1789584312493361152	1789584312493366272	1789584312493366272	1789584312493369344	1789584312493370368	5600	4	0	1	54686380599568	54686380609176
1293	90	12	90	60	1789584312493370368	1789584312493391872	1789584312493391872	1789584312493395968	1789584312493398016	5604	1	13	1	54686380665497	54686380675564
1294	90	15	90	60	1789584312493398016	1789584312493409280	1789584312493409280	1789584312493413376	1789584312493414400	5605	4	16	1	54686380707800	54686380717958
1295	90	18	26	60	1789584312493414400	1789584312493417472	1789584312493417472	1789584312493418496	1789584312493419520	5609	4	19	1	54686380728264	54686380732063
1296	90	20	90	60	1789584312493419520	1789584312493427712	1789584312493427712	1789584312493432832	1789584312493433856	5613	4	22	2	54686380753993	54686380767514
1297	90	23	26	60	1789584312493433856	1789584312493446144	1789584312493446144	1789584312493450240	1789584312493451264	5617	4	26	1	54686380801599	54686380810850
1298	90	34	90	60	1789584312493451264	1789584312493470720	1789584312493470720	1789584312493473792	1789584312493475840	5621	1	39	2	54686380863781	54686380872179
1299	90	37	90	60	1789584312493475840	1789584312493487104	1789584312493487104	1789584312493490176	1789584312493492224	5622	4	43	1	54686380903545	54686380912369
1300	90	40	26	60	1789584312493492224	1789584312493495296	1789584312493495296	1789584312493496320	1789584312493497344	5626	4	46	1	54686380924531	54686380927964
1301	90	42	90	60	1789584312493497344	1789584312493504512	1789584312493504512	1789584312493508608	1789584312493510656	5630	4	49	2	54686380947028	54686380959417
1302	91	1	27	60	1789584312493361152	1789584312493365248	1789584312493365248	1789584312493369344	1789584312493370368	5634	4	0	1	54686380598350	54686380608876
1303	91	12	91	60	1789584312493370368	1789584312493391872	1789584312493391872	1789584312493396992	1789584312493398016	5638	1	13	1	54686380665543	54686380676621
1304	91	15	91	60	1789584312493398016	1789584312493409280	1789584312493409280	1789584312493413376	1789584312493414400	5639	4	16	1	54686380707859	54686380719218
1305	91	18	27	60	1789584312493414400	1789584312493417472	1789584312493417472	1789584312493418496	1789584312493419520	5643	4	19	1	54686380729550	54686380732478
1306	91	20	91	60	1789584312493419520	1789584312493427712	1789584312493427712	1789584312493433856	1789584312493434880	5647	4	22	2	54686380754604	54686380770727
1307	91	23	27	60	1789584312493434880	1789584312493446144	1789584312493446144	1789584312493450240	1789584312493452288	5651	4	26	1	54686380801548	54686380812474
1308	91	34	91	60	1789584312493452288	1789584312493470720	1789584312493470720	1789584312493475840	1789584312493476864	5655	1	39	2	54686380863842	54686380875431
1309	91	37	91	60	1789584312493476864	1789584312493487104	1789584312493487104	1789584312493491200	1789584312493492224	5656	4	43	1	54686380903651	54686380915051
1310	91	40	27	60	1789584312493493248	1789584312493495296	1789584312493495296	1789584312493496320	1789584312493497344	5660	4	46	1	54686380924447	54686380927989
1311	91	42	91	60	1789584312493497344	1789584312493504512	1789584312493504512	1789584312493510656	1789584312493511680	5664	4	49	2	54686380947087	54686380962976
1312	92	1	28	60	1789584312493361152	1789584312493365248	1789584312493365248	1789584312493370368	1789584312493371392	5668	4	0	1	54686380598923	54686380610342
1313	92	12	92	60	1789584312493371392	1789584312493391872	1789584312493391872	1789584312493396992	1789584312493398016	5672	1	13	1	54686380665564	54686380677199
1314	92	15	92	60	1789584312493398016	1789584312493409280	1789584312493409280	1789584312493414400	1789584312493415424	5673	4	16	1	54686380707867	54686380721693
1315	92	18	28	60	1789584312493415424	1789584312493417472	1789584312493417472	1789584312493418496	1789584312493419520	5677	4	19	1	54686380729743	54686380732514
1316	92	20	92	60	1789584312493419520	1789584312493427712	1789584312493427712	1789584312493434880	1789584312493435904	5681	4	22	2	54686380754625	54686380772702
1317	92	23	28	60	1789584312493435904	1789584312493446144	1789584312493446144	1789584312493451264	1789584312493452288	5685	4	26	1	54686380801613	54686380813570
1318	92	34	92	60	1789584312493452288	1789584312493470720	1789584312493470720	1789584312493475840	1789584312493476864	5689	1	39	2	54686380863847	54686380876468
1319	92	37	92	60	1789584312493476864	1789584312493487104	1789584312493487104	1789584312493492224	1789584312493493248	5690	4	43	1	54686380903746	54686380917758
1320	92	40	28	60	1789584312493493248	1789584312493495296	1789584312493495296	1789584312493496320	1789584312493497344	5694	4	46	1	54686380924436	54686380928004
1321	92	42	92	60	1789584312493497344	1789584312493504512	1789584312493504512	1789584312493511680	1789584312493512704	5698	4	49	2	54686380947095	54686380965444
1322	93	1	29	62	1789584312493361152	1789584312493365248	1789584312493365248	1789584312493369344	1789584312493370368	5702	4	0	1	54734061236529	54734061245431
1323	93	12	93	62	1789584312493370368	1789584312493391872	1789584312493391872	1789584312493395968	1789584312493396992	5706	1	13	1	54734061303206	54734061312544
1324	93	15	93	62	1789584312493396992	1789584312493409280	1789584312493409280	1789584312493412352	1789584312493414400	5707	4	16	1	54734061345735	54734061355336
1325	93	18	29	62	1789584312493414400	1789584312493417472	1789584312493417472	1789584312493419520	1789584312493420544	5711	4	19	1	54734061367420	54734061370967
1326	93	20	93	62	1789584312493420544	1789584312493426688	1789584312493427712	1789584312493432832	1789584312493433856	5715	4	22	2	54734061391669	54734061405595
1327	93	23	29	62	1789584312493434880	1789584312493446144	1789584312493446144	1789584312493450240	1789584312493451264	5719	4	26	1	54734061439493	54734061448516
1328	93	34	93	62	1789584312493451264	1789584312493470720	1789584312493470720	1789584312493474816	1789584312493475840	5723	1	39	2	54734061501616	54734061510972
1329	93	37	93	62	1789584312493475840	1789584312493487104	1789584312493487104	1789584312493490176	1789584312493492224	5724	4	43	1	54734061541480	54734061550601
1330	93	40	29	62	1789584312493492224	1789584312493495296	1789584312493495296	1789584312493496320	1789584312493498368	5728	4	46	1	54734061563080	54734061566723
1331	93	42	93	62	1789584312493498368	1789584312493504512	1789584312493504512	1789584312493509632	1789584312493510656	5732	4	49	2	54734061585289	54734061598697
1332	94	1	30	62	1789584312493361152	1789584312493365248	1789584312493365248	1789584312493369344	1789584312493370368	5736	4	0	1	54734061236083	54734061246987
1333	94	12	94	62	1789584312493370368	1789584312493391872	1789584312493391872	1789584312493396992	1789584312493398016	5740	1	13	1	54734061303262	54734061314879
1334	94	15	94	62	1789584312493398016	1789584312493409280	1789584312493409280	1789584312493413376	1789584312493415424	5741	4	16	1	54734061345819	54734061357453
1335	94	18	30	62	1789584312493415424	1789584312493417472	1789584312493417472	1789584312493419520	1789584312493420544	5745	4	19	1	54734061367300	54734061370980
1336	94	20	94	62	1789584312493420544	1789584312493427712	1789584312493427712	1789584312493433856	1789584312493434880	5749	4	22	2	54734061392140	54734061408993
1337	94	23	30	62	1789584312493434880	1789584312493446144	1789584312493446144	1789584312493450240	1789584312493452288	5753	4	26	1	54734061439503	54734061450648
1338	94	34	94	62	1789584312493452288	1789584312493470720	1789584312493470720	1789584312493475840	1789584312493476864	5757	1	39	2	54734061501657	54734061513135
1339	94	37	94	62	1789584312493476864	1789584312493487104	1789584312493487104	1789584312493491200	1789584312493493248	5758	4	43	1	54734061541464	54734061553273
1340	94	40	30	62	1789584312493493248	1789584312493495296	1789584312493495296	1789584312493496320	1789584312493498368	5762	4	46	1	54734061563302	54734061566729
1341	94	42	94	62	1789584312493498368	1789584312493504512	1789584312493504512	1789584312493510656	1789584312493511680	5766	4	49	2	54734061585368	54734061602012
1342	95	1	31	62	1789584312493361152	1789584312493365248	1789584312493365248	1789584312493370368	1789584312493371392	5770	4	0	1	54734061236542	54734061248733
1343	95	12	95	62	1789584312493371392	1789584312493391872	1789584312493391872	1789584312493396992	1789584312493398016	5774	1	13	1	54734061303283	54734061315826
1344	95	15	95	62	1789584312493398016	1789584312493408256	1789584312493409280	1789584312493414400	1789584312493415424	5775	4	16	1	54734061345713	54734061359820
1345	95	18	31	62	1789584312493415424	1789584312493417472	1789584312493417472	1789584312493419520	1789584312493420544	5779	4	19	1	54734061367509	54734061370999
1346	95	20	95	62	1789584312493420544	1789584312493427712	1789584312493427712	1789584312493434880	1789584312493435904	5783	4	22	2	54734061392152	54734061410492
1347	95	23	31	62	1789584312493435904	1789584312493446144	1789584312493446144	1789584312493451264	1789584312493452288	5787	4	26	1	54734061439427	54734061451802
1348	95	34	95	62	1789584312493452288	1789584312493470720	1789584312493470720	1789584312493475840	1789584312493476864	5791	1	39	2	54734061501685	54734061514314
1349	95	37	95	62	1789584312493476864	1789584312493487104	1789584312493487104	1789584312493492224	1789584312493493248	5792	4	43	1	54734061541499	54734061554899
1350	95	40	31	62	1789584312493493248	1789584312493495296	1789584312493495296	1789584312493496320	1789584312493498368	5796	4	46	1	54734061563103	54734061566761
1351	95	42	95	62	1789584312493498368	1789584312493504512	1789584312493504512	1789584312493511680	1789584312493512704	5800	4	49	2	54734061585183	54734061604178
1352	96	1	32	64	1789584312493361152	1789584312493365248	1789584312493365248	1789584312493369344	1789584312493370368	5804	4	0	1	54749619324804	54749619334381
1353	96	12	96	64	1789584312493371392	1789584312493391872	1789584312493391872	1789584312493395968	1789584312493396992	5808	1	13	1	54749619391634	54749619401347
1354	96	15	96	64	1789584312493396992	1789584312493409280	1789584312493409280	1789584312493412352	1789584312493414400	5809	4	16	1	54749619434047	54749619443036
1355	96	18	32	64	1789584312493414400	1789584312493417472	1789584312493417472	1789584312493418496	1789584312493419520	5813	4	19	1	54749619454661	54749619458148
1356	96	20	96	64	1789584312493419520	1789584312493427712	1789584312493427712	1789584312493432832	1789584312493434880	5817	4	22	2	54749619480324	54749619494424
1357	96	23	32	64	1789584312493434880	1789584312493446144	1789584312493446144	1789584312493450240	1789584312493451264	5821	4	26	1	54749619528040	54749619537536
1358	96	34	96	64	1789584312493451264	1789584312493470720	1789584312493470720	1789584312493474816	1789584312493475840	5825	1	39	2	54749619590216	54749619599002
1359	96	37	96	64	1789584312493475840	1789584312493487104	1789584312493487104	1789584312493490176	1789584312493492224	5826	4	43	1	54749619630008	54749619639964
1360	96	40	32	64	1789584312493492224	1789584312493494272	1789584312493494272	1789584312493496320	1789584312493497344	5830	4	46	1	54749619649999	54749619653717
1361	96	42	96	64	1789584312493497344	1789584312493504512	1789584312493504512	1789584312493509632	1789584312493511680	5834	4	49	2	54749619673835	54749619687579
1362	97	1	33	64	1789584312493361152	1789584312493365248	1789584312493365248	1789584312493370368	1789584312493371392	5838	4	0	1	54749619325303	54749619336043
1363	97	12	97	64	1789584312493371392	1789584312493391872	1789584312493391872	1789584312493396992	1789584312493398016	5842	1	13	1	54749619391693	54749619402824
1364	97	15	97	64	1789584312493398016	1789584312493409280	1789584312493409280	1789584312493413376	1789584312493415424	5843	4	16	1	54749619433994	54749619446192
1365	97	18	33	64	1789584312493415424	1789584312493416448	1789584312493417472	1789584312493418496	1789584312493419520	5847	4	19	1	54749619454468	54749619458195
1366	97	20	97	64	1789584312493419520	1789584312493427712	1789584312493427712	1789584312493433856	1789584312493434880	5851	4	22	2	54749619480870	54749619496954
1367	97	23	33	64	1789584312493434880	1789584312493446144	1789584312493446144	1789584312493450240	1789584312493451264	5855	4	26	1	54749619528053	54749619538817
1368	97	34	97	64	1789584312493451264	1789584312493470720	1789584312493470720	1789584312493475840	1789584312493476864	5859	1	39	2	54749619590275	54749619601678
1369	97	37	97	64	1789584312493476864	1789584312493487104	1789584312493487104	1789584312493491200	1789584312493492224	5860	4	43	1	54749619629986	54749619641314
1370	97	40	33	64	1789584312493492224	1789584312493494272	1789584312493494272	1789584312493496320	1789584312493497344	5864	4	46	1	54749619650126	54749619653742
1371	97	42	97	64	1789584312493497344	1789584312493504512	1789584312493504512	1789584312493510656	1789584312493511680	5868	4	49	2	54749619673891	54749619690043
1372	98	1	34	64	1789584312493361152	1789584312493365248	1789584312493365248	1789584312493370368	1789584312493371392	5872	4	0	1	54749619325305	54749619337696
1373	98	12	98	64	1789584312493372416	1789584312493391872	1789584312493391872	1789584312493396992	1789584312493398016	5876	1	13	1	54749619391717	54749619404172
1374	98	15	98	64	1789584312493398016	1789584312493409280	1789584312493409280	1789584312493414400	1789584312493415424	5877	4	16	1	54749619434075	54749619448807
1375	98	18	34	64	1789584312493415424	1789584312493417472	1789584312493417472	1789584312493418496	1789584312493419520	5881	4	19	1	54749619454592	54749619458190
1376	98	20	98	64	1789584312493419520	1789584312493427712	1789584312493427712	1789584312493434880	1789584312493435904	5885	4	22	2	54749619480884	54749619499620
1377	98	23	34	64	1789584312493435904	1789584312493446144	1789584312493446144	1789584312493451264	1789584312493452288	5889	4	26	1	54749619527977	54749619540560
1378	98	34	98	64	1789584312493452288	1789584312493470720	1789584312493470720	1789584312493475840	1789584312493476864	5893	1	39	2	54749619590299	54749619603437
1379	98	37	98	64	1789584312493476864	1789584312493487104	1789584312493487104	1789584312493492224	1789584312493493248	5894	4	43	1	54749619630021	54749619643819
1380	98	40	34	64	1789584312493493248	1789584312493494272	1789584312493495296	1789584312493496320	1789584312493497344	5898	4	46	1	54749619650187	54749619653757
1381	98	42	98	64	1789584312493497344	1789584312493504512	1789584312493504512	1789584312493511680	1789584312493512704	5902	4	49	2	54749619673927	54749619692648
1382	99	1	35	66	1789584312493361152	1789584312493366272	1789584312493366272	1789584312493369344	1789584312493371392	5906	4	0	1	54742326761421	54742326770859
1383	99	12	99	66	1789584312493371392	1789584312493391872	1789584312493391872	1789584312493395968	1789584312493398016	5910	1	13	1	54742326827444	54742326836659
1384	99	15	99	66	1789584312493398016	1789584312493409280	1789584312493409280	1789584312493412352	1789584312493414400	5911	4	16	1	54742326869776	54742326878653
1385	99	18	35	66	1789584312493414400	1789584312493416448	1789584312493416448	1789584312493418496	1789584312493419520	5915	4	19	1	54742326889324	54742326893430
1386	99	20	99	66	1789584312493419520	1789584312493426688	1789584312493427712	1789584312493432832	1789584312493433856	5919	4	22	2	54742326915623	54742326928616
1387	99	23	35	66	1789584312493434880	1789584312493446144	1789584312493446144	1789584312493450240	1789584312493451264	5923	4	26	1	54742326963608	54742326972663
1388	99	34	99	66	1789584312493451264	1789584312493470720	1789584312493470720	1789584312493474816	1789584312493475840	5927	1	39	2	54742327025857	54742327035186
1389	99	37	99	66	1789584312493475840	1789584312493487104	1789584312493487104	1789584312493490176	1789584312493492224	5928	4	43	1	54742327065602	54742327074679
1390	99	40	35	66	1789584312493492224	1789584312493494272	1789584312493495296	1789584312493496320	1789584312493497344	5932	4	46	1	54742327085821	54742327089600
1391	99	42	99	66	1789584312493497344	1789584312493504512	1789584312493504512	1789584312493509632	1789584312493511680	5936	4	49	2	54742327109397	54742327122955
1392	100	1	36	66	1789584312493361152	1789584312493365248	1789584312493365248	1789584312493369344	1789584312493371392	5940	4	0	1	54742326760138	54742326770878
1393	100	12	100	66	1789584312493371392	1789584312493391872	1789584312493391872	1789584312493395968	1789584312493398016	5944	1	13	1	54742326827500	54742326838299
1394	100	15	100	66	1789584312493398016	1789584312493409280	1789584312493409280	1789584312493413376	1789584312493415424	5945	4	16	1	54742326869799	54742326881030
1395	100	18	36	66	1789584312493415424	1789584312493417472	1789584312493417472	1789584312493418496	1789584312493419520	5949	4	19	1	54742326889915	54742326893470
1396	100	20	100	66	1789584312493419520	1789584312493427712	1789584312493427712	1789584312493433856	1789584312493434880	5953	4	22	2	54742326916234	54742326932972
1397	100	23	36	66	1789584312493434880	1789584312493446144	1789584312493446144	1789584312493451264	1789584312493452288	5957	4	26	1	54742326963657	54742326975094
1398	100	34	100	66	1789584312493452288	1789584312493470720	1789584312493470720	1789584312493475840	1789584312493476864	5961	1	39	2	54742327025913	54742327036962
1399	100	37	100	66	1789584312493476864	1789584312493487104	1789584312493487104	1789584312493491200	1789584312493493248	5962	4	43	1	54742327065636	54742327077459
1400	100	40	36	66	1789584312493493248	1789584312493495296	1789584312493495296	1789584312493496320	1789584312493497344	5966	4	46	1	54742327085894	54742327089613
1401	100	42	100	66	1789584312493497344	1789584312493504512	1789584312493504512	1789584312493510656	1789584312493511680	5970	4	49	2	54742327109335	54742327126207
1402	101	1	37	66	1789584312493361152	1789584312493365248	1789584312493365248	1789584312493370368	1789584312493371392	5974	4	0	1	54742326760752	54742326772259
1403	101	12	101	66	1789584312493371392	1789584312493391872	1789584312493391872	1789584312493396992	1789584312493399040	5978	1	13	1	54742326827521	54742326840697
1404	101	15	101	66	1789584312493399040	1789584312493409280	1789584312493409280	1789584312493414400	1789584312493415424	5979	4	16	1	54742326869723	54742326883902
1405	101	18	37	66	1789584312493415424	1789584312493417472	1789584312493417472	1789584312493419520	1789584312493420544	5983	4	19	1	54742326891818	54742326895289
1406	101	20	101	66	1789584312493420544	1789584312493427712	1789584312493427712	1789584312493434880	1789584312493435904	5987	4	22	2	54742326916240	54742326935083
1407	101	23	37	66	1789584312493435904	1789584312493446144	1789584312493446144	1789584312493451264	1789584312493452288	5991	4	26	1	54742326963676	54742326976427
1408	101	34	101	66	1789584312493452288	1789584312493470720	1789584312493470720	1789584312493475840	1789584312493477888	5995	1	39	2	54742327025934	54742327038706
1409	101	37	101	66	1789584312493477888	1789584312493487104	1789584312493487104	1789584312493492224	1789584312493493248	5996	4	43	1	54742327065650	54742327079851
1410	101	40	37	66	1789584312493494272	1789584312493495296	1789584312493495296	1789584312493496320	1789584312493497344	6000	4	46	1	54742327087080	54742327089822
1411	101	42	101	66	1789584312493497344	1789584312493504512	1789584312493504512	1789584312493511680	1789584312493512704	6004	4	49	2	54742327109411	54742327128734
1412	102	1	38	68	1789584312493361152	1789584312493366272	1789584312493366272	1789584312493369344	1789584312493371392	6008	4	0	1	54763502763782	54763502772533
1413	102	12	102	68	1789584312493371392	1789584312493391872	1789584312493391872	1789584312493395968	1789584312493398016	6012	1	13	1	54763502829939	54763502839684
1414	102	15	102	68	1789584312493398016	1789584312493409280	1789584312493409280	1789584312493412352	1789584312493414400	6013	4	16	1	54763502872250	54763502881702
1415	102	18	38	68	1789584312493414400	1789584312493417472	1789584312493417472	1789584312493418496	1789584312493419520	6017	4	19	1	54763502892876	54763502896588
1416	102	20	102	68	1789584312493420544	1789584312493427712	1789584312493427712	1789584312493432832	1789584312493434880	6021	4	22	2	54763502918309	54763502932045
1417	102	23	38	68	1789584312493434880	1789584312493446144	1789584312493446144	1789584312493450240	1789584312493451264	6025	4	26	1	54763502966260	54763502975670
1418	102	34	102	68	1789584312493451264	1789584312493470720	1789584312493470720	1789584312493474816	1789584312493475840	6029	1	39	2	54763503028443	54763503037722
1419	102	37	102	68	1789584312493475840	1789584312493487104	1789584312493487104	1789584312493491200	1789584312493492224	6030	4	43	1	54763503068451	54763503078217
1420	102	40	38	68	1789584312493492224	1789584312493494272	1789584312493495296	1789584312493496320	1789584312493497344	6034	4	46	1	54763503088510	54763503091459
1421	102	42	102	68	1789584312493497344	1789584312493504512	1789584312493504512	1789584312493509632	1789584312493511680	6038	4	49	2	54763503111968	54763503125350
1422	103	1	39	68	1789584312493361152	1789584312493366272	1789584312493366272	1789584312493370368	1789584312493371392	6042	4	0	1	54763502763785	54763502774465
1423	103	12	103	68	1789584312493371392	1789584312493391872	1789584312493391872	1789584312493396992	1789584312493398016	6046	1	13	1	54763502830002	54763502841580
1424	103	15	103	68	1789584312493398016	1789584312493409280	1789584312493409280	1789584312493413376	1789584312493415424	6047	4	16	1	54763502872300	54763502883541
1425	103	18	39	68	1789584312493415424	1789584312493416448	1789584312493417472	1789584312493418496	1789584312493419520	6051	4	19	1	54763502892760	54763502896620
1426	103	20	103	68	1789584312493420544	1789584312493427712	1789584312493427712	1789584312493433856	1789584312493434880	6055	4	22	2	54763502918946	54763502935670
1427	103	23	39	68	1789584312493434880	1789584312493446144	1789584312493446144	1789584312493450240	1789584312493452288	6059	4	26	1	54763502966276	54763502977265
1428	103	34	103	68	1789584312493452288	1789584312493470720	1789584312493470720	1789584312493475840	1789584312493476864	6063	1	39	2	54763503028494	54763503039913
1429	103	37	103	68	1789584312493476864	1789584312493487104	1789584312493487104	1789584312493491200	1789584312493493248	6064	4	43	1	54763503068243	54763503079707
1430	103	40	39	68	1789584312493493248	1789584312493494272	1789584312493494272	1789584312493496320	1789584312493497344	6068	4	46	1	54763503087747	54763503091506
1431	103	42	103	68	1789584312493497344	1789584312493504512	1789584312493504512	1789584312493510656	1789584312493511680	6072	4	49	2	54763503111974	54763503129078
1432	104	1	40	68	1789584312493361152	1789584312493365248	1789584312493365248	1789584312493370368	1789584312493372416	6076	4	0	1	54763502763147	54763502775978
1433	104	12	104	68	1789584312493372416	1789584312493391872	1789584312493391872	1789584312493396992	1789584312493398016	6080	1	13	1	54763502830026	54763502842300
1434	104	15	104	68	1789584312493398016	1789584312493409280	1789584312493409280	1789584312493414400	1789584312493415424	6081	4	16	1	54763502872321	54763502886739
1435	104	18	40	68	1789584312493415424	1789584312493417472	1789584312493417472	1789584312493418496	1789584312493419520	6085	4	19	1	54763502892945	54763502896569
1436	104	20	104	68	1789584312493420544	1789584312493427712	1789584312493427712	1789584312493434880	1789584312493435904	6089	4	22	2	54763502918951	54763502937887
1437	104	23	40	68	1789584312493435904	1789584312493446144	1789584312493446144	1789584312493451264	1789584312493452288	6093	4	26	1	54763502966196	54763502979124
1438	104	34	104	68	1789584312493452288	1789584312493470720	1789584312493470720	1789584312493475840	1789584312493476864	6097	1	39	2	54763503028519	54763503040821
1439	104	37	104	68	1789584312493476864	1789584312493487104	1789584312493487104	1789584312493492224	1789584312493493248	6098	4	43	1	54763503068327	54763503082603
1440	104	40	40	68	1789584312493493248	1789584312493495296	1789584312493495296	1789584312493496320	1789584312493497344	6102	4	46	1	54763503088595	54763503091479
1441	104	42	104	68	1789584312493497344	1789584312493504512	1789584312493504512	1789584312493511680	1789584312493512704	6106	4	49	2	54763503111896	54763503130612
1442	105	1	41	70	1789584312493361152	1789584312493365248	1789584312493365248	1789584312493369344	1789584312493371392	6110	4	0	1	54744457803086	54744457812970
1443	105	12	105	70	1789584312493371392	1789584312493391872	1789584312493391872	1789584312493395968	1789584312493396992	6114	1	13	1	54744457870000	54744457879396
1444	105	15	105	70	1789584312493398016	1789584312493409280	1789584312493409280	1789584312493413376	1789584312493414400	6115	4	16	1	54744457912448	54744457922487
1445	105	18	41	70	1789584312493414400	1789584312493417472	1789584312493417472	1789584312493418496	1789584312493419520	6119	4	19	1	54744457932633	54744457936326
1446	105	20	105	70	1789584312493419520	1789584312493427712	1789584312493427712	1789584312493432832	1789584312493434880	6123	4	22	2	54744457958571	54744457971941
1447	105	23	41	70	1789584312493434880	1789584312493446144	1789584312493446144	1789584312493450240	1789584312493451264	6127	4	26	1	54744458006280	54744458015939
1448	105	34	105	70	1789584312493451264	1789584312493470720	1789584312493470720	1789584312493474816	1789584312493476864	6131	1	39	2	54744458068527	54744458078316
1449	105	37	105	70	1789584312493476864	1789584312493487104	1789584312493487104	1789584312493490176	1789584312493492224	6132	4	43	1	54744458108136	54744458117129
1450	105	40	41	70	1789584312493492224	1789584312493494272	1789584312493495296	1789584312493496320	1789584312493497344	6136	4	46	1	54744458128410	54744458131239
1451	105	42	105	70	1789584312493497344	1789584312493504512	1789584312493504512	1789584312493509632	1789584312493510656	6140	4	49	2	54744458151997	54744458164682
1452	106	1	42	70	1789584312493361152	1789584312493365248	1789584312493366272	1789584312493370368	1789584312493371392	6144	4	0	1	54744457803716	54744457814282
1453	106	12	106	70	1789584312493371392	1789584312493391872	1789584312493391872	1789584312493396992	1789584312493398016	6148	1	13	1	54744457870063	54744457881916
1454	106	15	106	70	1789584312493398016	1789584312493409280	1789584312493409280	1789584312493413376	1789584312493415424	6149	4	16	1	54744457912571	54744457924493
1455	106	18	42	70	1789584312493415424	1789584312493417472	1789584312493417472	1789584312493418496	1789584312493419520	6153	4	19	1	54744457932638	54744457936367
1456	106	20	106	70	1789584312493419520	1789584312493427712	1789584312493427712	1789584312493433856	1789584312493434880	6157	4	22	2	54744457959207	54744457976104
1457	106	23	42	70	1789584312493435904	1789584312493446144	1789584312493446144	1789584312493450240	1789584312493452288	6161	4	26	1	54744458006326	54744458017455
1458	106	34	106	70	1789584312493452288	1789584312493470720	1789584312493470720	1789584312493475840	1789584312493476864	6165	1	39	2	54744458068590	54744458079646
1459	106	37	106	70	1789584312493476864	1789584312493487104	1789584312493487104	1789584312493491200	1789584312493493248	6166	4	43	1	54744458108184	54744458119434
1460	106	40	42	70	1789584312493493248	1789584312493494272	1789584312493494272	1789584312493496320	1789584312493497344	6170	4	46	1	54744458127528	54744458131264
1461	106	42	106	70	1789584312493497344	1789584312493504512	1789584312493504512	1789584312493510656	1789584312493511680	6174	4	49	2	54744458152055	54744458168519
1462	107	1	43	70	1789584312493361152	1789584312493365248	1789584312493366272	1789584312493370368	1789584312493371392	6178	4	0	1	54744457803727	54744457814858
1463	107	12	107	70	1789584312493371392	1789584312493391872	1789584312493391872	1789584312493396992	1789584312493398016	6182	1	13	1	54744457870087	54744457882560
1464	107	15	107	70	1789584312493398016	1789584312493409280	1789584312493409280	1789584312493414400	1789584312493415424	6183	4	16	1	54744457912683	54744457926264
1465	107	18	43	70	1789584312493416448	1789584312493416448	1789584312493417472	1789584312493418496	1789584312493419520	6187	4	19	1	54744457932575	54744457936324
1466	107	20	107	70	1789584312493420544	1789584312493427712	1789584312493427712	1789584312493434880	1789584312493435904	6191	4	22	2	54744457959212	54744457977977
1467	107	23	43	70	1789584312493435904	1789584312493446144	1789584312493446144	1789584312493451264	1789584312493452288	6195	4	26	1	54744458006351	54744458019208
1468	107	34	107	70	1789584312493452288	1789584312493470720	1789584312493470720	1789584312493475840	1789584312493476864	6199	1	39	2	54744458068614	54744458080580
1469	107	37	107	70	1789584312493476864	1789584312493487104	1789584312493487104	1789584312493492224	1789584312493493248	6200	4	43	1	54744458108128	54744458122310
1470	107	40	43	70	1789584312493493248	1789584312493494272	1789584312493494272	1789584312493496320	1789584312493497344	6204	4	46	1	54744458128336	54744458131279
1471	107	42	107	70	1789584312493497344	1789584312493504512	1789584312493504512	1789584312493511680	1789584312493512704	6208	4	49	2	54744458152082	54744458171083
1472	108	1	44	72	1789584312493361152	1789584312493365248	1789584312493365248	1789584312493369344	1789584312493371392	6212	4	0	1	54748349110181	54748349120610
1473	108	12	108	72	1789584312493371392	1789584312493391872	1789584312493391872	1789584312493395968	1789584312493398016	6216	1	13	1	54748349177279	54748349187122
1474	108	15	108	72	1789584312493398016	1789584312493409280	1789584312493409280	1789584312493412352	1789584312493414400	6217	4	16	1	54748349219587	54748349228415
1475	108	18	44	72	1789584312493414400	1789584312493416448	1789584312493416448	1789584312493418496	1789584312493419520	6221	4	19	1	54748349239594	54748349243249
1476	108	20	108	72	1789584312493419520	1789584312493427712	1789584312493427712	1789584312493432832	1789584312493433856	6225	4	22	2	54748349265720	54748349279056
1477	108	23	44	72	1789584312493433856	1789584312493446144	1789584312493446144	1789584312493450240	1789584312493451264	6229	4	26	1	54748349313467	54748349322410
1478	108	34	108	72	1789584312493451264	1789584312493470720	1789584312493470720	1789584312493474816	1789584312493475840	6233	1	39	2	54748349375728	54748349384932
1479	108	37	108	72	1789584312493475840	1789584312493487104	1789584312493487104	1789584312493490176	1789584312493492224	6234	4	43	1	54748349415597	54748349424861
1480	108	40	44	72	1789584312493492224	1789584312493494272	1789584312493494272	1789584312493496320	1789584312493497344	6238	4	46	1	54748349434786	54748349438409
1481	108	42	108	72	1789584312493497344	1789584312493504512	1789584312493504512	1789584312493509632	1789584312493510656	6242	4	49	2	54748349459291	54748349472093
1482	109	1	45	72	1789584312493361152	1789584312493365248	1789584312493365248	1789584312493370368	1789584312493371392	6246	4	0	1	54748349110815	54748349121498
1483	109	12	109	72	1789584312493371392	1789584312493391872	1789584312493391872	1789584312493396992	1789584312493398016	6250	1	13	1	54748349177342	54748349188348
1484	109	15	109	72	1789584312493398016	1789584312493409280	1789584312493409280	1789584312493413376	1789584312493414400	6251	4	16	1	54748349219710	54748349231228
1485	109	18	45	72	1789584312493415424	1789584312493416448	1789584312493417472	1789584312493418496	1789584312493419520	6255	4	19	1	54748349239869	54748349243290
1486	109	20	109	72	1789584312493419520	1789584312493427712	1789584312493427712	1789584312493433856	1789584312493434880	6259	4	22	2	54748349266333	54748349282482
1487	109	23	45	72	1789584312493434880	1789584312493446144	1789584312493446144	1789584312493451264	1789584312493452288	6263	4	26	1	54748349313526	54748349324875
1488	109	34	109	72	1789584312493452288	1789584312493470720	1789584312493470720	1789584312493475840	1789584312493476864	6267	1	39	2	54748349375789	54748349387034
1489	109	37	109	72	1789584312493476864	1789584312493487104	1789584312493487104	1789584312493491200	1789584312493493248	6268	4	43	1	54748349415513	54748349427217
1490	109	40	45	72	1789584312493493248	1789584312493494272	1789584312493495296	1789584312493496320	1789584312493497344	6272	4	46	1	54748349435771	54748349438558
1491	109	42	109	72	1789584312493497344	1789584312493504512	1789584312493504512	1789584312493510656	1789584312493511680	6276	4	49	2	54748349459337	54748349475967
1492	110	1	46	72	1789584312493361152	1789584312493365248	1789584312493365248	1789584312493370368	1789584312493371392	6280	4	0	1	54748349110829	54748349122275
1493	110	12	110	72	1789584312493371392	1789584312493391872	1789584312493391872	1789584312493396992	1789584312493398016	6284	1	13	1	54748349177366	54748349189647
1494	110	15	110	72	1789584312493398016	1789584312493409280	1789584312493409280	1789584312493414400	1789584312493415424	6285	4	16	1	54748349219822	54748349233350
1495	110	18	46	72	1789584312493415424	1789584312493417472	1789584312493417472	1789584312493418496	1789584312493419520	6289	4	19	1	54748349239949	54748349243299
1496	110	20	110	72	1789584312493419520	1789584312493427712	1789584312493427712	1789584312493434880	1789584312493435904	6293	4	22	2	54748349266345	54748349284912
1497	110	23	46	72	1789584312493435904	1789584312493446144	1789584312493446144	1789584312493451264	1789584312493452288	6297	4	26	1	54748349313550	54748349326347
1498	110	34	110	72	1789584312493452288	1789584312493470720	1789584312493470720	1789584312493475840	1789584312493476864	6301	1	39	2	54748349375807	54748349388506
1499	110	37	110	72	1789584312493476864	1789584312493487104	1789584312493487104	1789584312493492224	1789584312493493248	6302	4	43	1	54748349415525	54748349429869
1500	110	40	46	72	1789584312493493248	1789584312493495296	1789584312493495296	1789584312493496320	1789584312493497344	6306	4	46	1	54748349435845	54748349438575
1501	110	42	110	72	1789584312493497344	1789584312493504512	1789584312493504512	1789584312493511680	1789584312493512704	6310	4	49	2	54748349459363	54748349478068
1502	111	1	47	74	1789584312493361152	1789584312493365248	1789584312493365248	1789584312493369344	1789584312493371392	6314	4	0	1	54759382734458	54759382743954
1503	111	12	111	74	1789584312493371392	1789584312493391872	1789584312493391872	1789584312493395968	1789584312493396992	6318	1	13	1	54759382801141	54759382810435
1504	111	15	111	74	1789584312493398016	1789584312493409280	1789584312493409280	1789584312493412352	1789584312493414400	6319	4	16	1	54759382843730	54759382853221
1505	111	18	47	74	1789584312493414400	1789584312493416448	1789584312493417472	1789584312493418496	1789584312493419520	6323	4	19	1	54759382863659	54759382867642
1506	111	20	111	74	1789584312493420544	1789584312493427712	1789584312493427712	1789584312493432832	1789584312493434880	6327	4	22	2	54759382889798	54759382903593
1507	111	23	47	74	1789584312493434880	1789584312493446144	1789584312493446144	1789584312493450240	1789584312493451264	6331	4	26	1	54759382937384	54759382947209
1508	111	34	111	74	1789584312493452288	1789584312493470720	1789584312493470720	1789584312493474816	1789584312493475840	6335	1	39	2	54759382999659	54759383009109
1509	111	37	111	74	1789584312493475840	1789584312493487104	1789584312493487104	1789584312493490176	1789584312493492224	6336	4	43	1	54759383039471	54759383049146
1510	111	40	47	74	1789584312493492224	1789584312493494272	1789584312493495296	1789584312493496320	1789584312493497344	6340	4	46	1	54759383059591	54759383063791
1511	111	42	111	74	1789584312493498368	1789584312493504512	1789584312493504512	1789584312493509632	1789584312493511680	6344	4	49	2	54759383083106	54759383096228
1512	112	1	48	74	1789584312493361152	1789584312493366272	1789584312493366272	1789584312493370368	1789584312493371392	6348	4	0	1	54759382735031	54759382745447
1513	112	12	112	74	1789584312493371392	1789584312493391872	1789584312493391872	1789584312493395968	1789584312493398016	6352	1	13	1	54759382801197	54759382811920
1514	112	15	112	74	1789584312493398016	1789584312493409280	1789584312493409280	1789584312493413376	1789584312493415424	6353	4	16	1	54759382843532	54759382855029
1515	112	18	48	74	1789584312493415424	1789584312493417472	1789584312493417472	1789584312493418496	1789584312493419520	6357	4	19	1	54759382865778	54759382868486
1516	112	20	112	74	1789584312493420544	1789584312493427712	1789584312493427712	1789584312493433856	1789584312493434880	6361	4	22	2	54759382890357	54759382905743
1517	112	23	48	74	1789584312493434880	1789584312493446144	1789584312493446144	1789584312493450240	1789584312493451264	6365	4	26	1	54759382937434	54759382948523
1518	112	34	112	74	1789584312493452288	1789584312493470720	1789584312493470720	1789584312493475840	1789584312493476864	6369	1	39	2	54759382999715	54759383011008
1519	112	37	112	74	1789584312493476864	1789584312493487104	1789584312493487104	1789584312493491200	1789584312493493248	6370	4	43	1	54759383039511	54759383050773
1520	112	40	48	74	1789584312493493248	1789584312493495296	1789584312493495296	1789584312493496320	1789584312493497344	6374	4	46	1	54759383061518	54759383064459
1521	112	42	112	74	1789584312493498368	1789584312493504512	1789584312493504512	1789584312493510656	1789584312493511680	6378	4	49	2	54759383083167	54759383100305
1522	113	1	49	74	1789584312493361152	1789584312493366272	1789584312493366272	1789584312493370368	1789584312493371392	6382	4	0	1	54759382735036	54759382747193
1523	113	12	113	74	1789584312493372416	1789584312493391872	1789584312493391872	1789584312493396992	1789584312493399040	6386	1	13	1	54759382801218	54759382814074
1524	113	15	113	74	1789584312493399040	1789584312493409280	1789584312493409280	1789584312493414400	1789584312493415424	6387	4	16	1	54759382843656	54759382857746
1525	113	18	49	74	1789584312493415424	1789584312493417472	1789584312493417472	1789584312493418496	1789584312493419520	6391	4	19	1	54759382865175	54759382868329
1526	113	20	113	74	1789584312493420544	1789584312493427712	1789584312493427712	1789584312493434880	1789584312493435904	6395	4	22	2	54759382890367	54759382908807
1527	113	23	49	74	1789584312493435904	1789584312493446144	1789584312493446144	1789584312493451264	1789584312493452288	6399	4	26	1	54759382937458	54759382950179
1528	113	34	113	74	1789584312493452288	1789584312493470720	1789584312493470720	1789584312493475840	1789584312493477888	6403	1	39	2	54759382999736	54759383012613
1529	113	37	113	74	1789584312493477888	1789584312493487104	1789584312493487104	1789584312493492224	1789584312493493248	6404	4	43	1	54759383039444	54759383053869
1530	113	40	49	74	1789584312493493248	1789584312493495296	1789584312493495296	1789584312493496320	1789584312493497344	6408	4	46	1	54759383061598	54759383064473
1531	113	42	113	74	1789584312493498368	1789584312493504512	1789584312493504512	1789584312493511680	1789584312493512704	6412	4	49	2	54759383083183	54759383102529
1532	114	1	50	76	1789584312493361152	1789584312493365248	1789584312493365248	1789584312493369344	1789584312493370368	6416	4	0	1	54707674091993	54707674101414
1533	114	12	114	76	1789584312493370368	1789584312493391872	1789584312493391872	1789584312493395968	1789584312493396992	6420	1	13	1	54707674159186	54707674168650
1534	114	15	114	76	1789584312493398016	1789584312493409280	1789584312493409280	1789584312493413376	1789584312493414400	6421	4	16	1	54707674201556	54707674211518
1535	114	18	50	76	1789584312493415424	1789584312493417472	1789584312493417472	1789584312493419520	1789584312493420544	6425	4	19	1	54707674223602	54707674227241
1536	114	20	114	76	1789584312493420544	1789584312493427712	1789584312493427712	1789584312493432832	1789584312493434880	6429	4	22	2	54707674247659	54707674261263
1537	114	23	50	76	1789584312493434880	1789584312493446144	1789584312493446144	1789584312493450240	1789584312493451264	6433	4	26	1	54707674295401	54707674304869
1538	114	34	114	76	1789584312493452288	1789584312493470720	1789584312493470720	1789584312493474816	1789584312493475840	6437	1	39	2	54707674357561	54707674366863
1539	114	37	114	76	1789584312493475840	1789584312493487104	1789584312493487104	1789584312493490176	1789584312493492224	6438	4	43	1	54707674397494	54707674406609
1540	114	40	50	76	1789584312493492224	1789584312493495296	1789584312493495296	1789584312493497344	1789584312493498368	6442	4	46	1	54707674418592	54707674422620
1541	114	42	114	76	1789584312493498368	1789584312493504512	1789584312493504512	1789584312493509632	1789584312493511680	6446	4	49	2	54707674441020	54707674454616
1542	115	1	51	76	1789584312493361152	1789584312493365248	1789584312493365248	1789584312493369344	1789584312493370368	6450	4	0	1	54707674092609	54707674102924
1543	115	12	115	76	1789584312493370368	1789584312493391872	1789584312493391872	1789584312493396992	1789584312493398016	6454	1	13	1	54707674159245	54707674171078
1544	115	15	115	76	1789584312493398016	1789584312493409280	1789584312493409280	1789584312493413376	1789584312493415424	6455	4	16	1	54707674201562	54707674213063
1545	115	18	51	76	1789584312493415424	1789584312493417472	1789584312493417472	1789584312493419520	1789584312493420544	6459	4	19	1	54707674223622	54707674227254
1546	115	20	115	76	1789584312493420544	1789584312493427712	1789584312493427712	1789584312493433856	1789584312493434880	6463	4	22	2	54707674248255	54707674263983
1547	115	23	51	76	1789584312493435904	1789584312493446144	1789584312493446144	1789584312493450240	1789584312493452288	6467	4	26	1	54707674295410	54707674306348
1548	115	34	115	76	1789584312493452288	1789584312493470720	1789584312493470720	1789584312493475840	1789584312493476864	6471	1	39	2	54707674357612	54707674369199
1549	115	37	115	76	1789584312493476864	1789584312493487104	1789584312493487104	1789584312493491200	1789584312493493248	6472	4	43	1	54707674397427	54707674408550
1550	115	40	51	76	1789584312493493248	1789584312493495296	1789584312493495296	1789584312493497344	1789584312493498368	6476	4	46	1	54707674418659	54707674422627
1551	115	42	115	76	1789584312493498368	1789584312493504512	1789584312493504512	1789584312493510656	1789584312493511680	6480	4	49	2	54707674441022	54707674457836
1552	116	1	52	76	1789584312493361152	1789584312493365248	1789584312493365248	1789584312493370368	1789584312493371392	6484	4	0	1	54707674092616	54707674104699
1553	116	12	116	76	1789584312493371392	1789584312493391872	1789584312493391872	1789584312493396992	1789584312493398016	6488	1	13	1	54707674159269	54707674171903
1554	116	15	116	76	1789584312493398016	1789584312493409280	1789584312493409280	1789584312493414400	1789584312493415424	6489	4	16	1	54707674201484	54707674214962
1555	116	18	52	76	1789584312493415424	1789584312493417472	1789584312493417472	1789584312493419520	1789584312493420544	6493	4	19	1	54707674223434	54707674227273
1556	116	20	116	76	1789584312493420544	1789584312493427712	1789584312493427712	1789584312493434880	1789584312493435904	6497	4	22	2	54707674248267	54707674266495
1557	116	23	52	76	1789584312493435904	1789584312493446144	1789584312493446144	1789584312493451264	1789584312493452288	6501	4	26	1	54707674295344	54707674307518
1558	116	34	116	76	1789584312493452288	1789584312493470720	1789584312493470720	1789584312493475840	1789584312493477888	6505	1	39	2	54707674357637	54707674370429
1559	116	37	116	76	1789584312493477888	1789584312493487104	1789584312493487104	1789584312493492224	1789584312493493248	6506	4	43	1	54707674397313	54707674411078
1560	116	40	52	76	1789584312493493248	1789584312493495296	1789584312493495296	1789584312493497344	1789584312493498368	6510	4	46	1	54707674418669	54707674422644
1561	116	42	116	76	1789584312493498368	1789584312493504512	1789584312493504512	1789584312493511680	1789584312493512704	6514	4	49	2	54707674440947	54707674459679
1562	117	1	53	78	1789584312493361152	1789584312493365248	1789584312493365248	1789584312493369344	1789584312493370368	6518	4	0	1	54736987794185	54736987803859
1563	117	12	117	78	1789584312493371392	1789584312493391872	1789584312493391872	1789584312493395968	1789584312493398016	6522	1	13	1	54736987861216	54736987870618
1564	117	15	117	78	1789584312493398016	1789584312493409280	1789584312493409280	1789584312493412352	1789584312493414400	6523	4	16	1	54736987903682	54736987912716
1565	117	18	53	78	1789584312493414400	1789584312493417472	1789584312493418496	1789584312493419520	1789584312493420544	6527	4	19	1	54736987926103	54736987929315
1566	117	20	117	78	1789584312493420544	1789584312493426688	1789584312493427712	1789584312493432832	1789584312493434880	6531	4	22	2	54736987949381	54736987964497
1567	117	23	53	78	1789584312493434880	1789584312493446144	1789584312493446144	1789584312493450240	1789584312493451264	6535	4	26	1	54736987997457	54736988007256
1568	117	34	117	78	1789584312493452288	1789584312493470720	1789584312493470720	1789584312493474816	1789584312493475840	6539	1	39	2	54736988059623	54736988068912
1569	117	37	117	78	1789584312493475840	1789584312493487104	1789584312493487104	1789584312493491200	1789584312493492224	6540	4	43	1	54736988099530	54736988109861
1570	117	40	53	78	1789584312493492224	1789584312493495296	1789584312493495296	1789584312493497344	1789584312493498368	6544	4	46	1	54736988121292	54736988124911
1571	117	42	117	78	1789584312493498368	1789584312493504512	1789584312493504512	1789584312493509632	1789584312493510656	6548	4	49	2	54736988142974	54736988155974
1572	118	1	54	78	1789584312493361152	1789584312493365248	1789584312493365248	1789584312493369344	1789584312493371392	6552	4	0	1	54736987794789	54736987804660
1573	118	12	118	78	1789584312493371392	1789584312493391872	1789584312493391872	1789584312493396992	1789584312493398016	6556	1	13	1	54736987861272	54736987872809
1574	118	15	118	78	1789584312493398016	1789584312493409280	1789584312493409280	1789584312493413376	1789584312493415424	6557	4	16	1	54736987903486	54736987915093
1575	118	18	54	78	1789584312493415424	1789584312493417472	1789584312493417472	1789584312493419520	1789584312493420544	6561	4	19	1	54736987925460	54736987929325
1576	118	20	118	78	1789584312493420544	1789584312493427712	1789584312493427712	1789584312493433856	1789584312493434880	6565	4	22	2	54736987950024	54736987966181
1577	118	23	54	78	1789584312493434880	1789584312493446144	1789584312493446144	1789584312493450240	1789584312493452288	6569	4	26	1	54736987997530	54736988008546
1578	118	34	118	78	1789584312493452288	1789584312493470720	1789584312493470720	1789584312493475840	1789584312493476864	6573	1	39	2	54736988059686	54736988070984
1579	118	37	118	78	1789584312493476864	1789584312493487104	1789584312493487104	1789584312493491200	1789584312493493248	6574	4	43	1	54736988099576	54736988111272
1580	118	40	54	78	1789584312493493248	1789584312493495296	1789584312493495296	1789584312493497344	1789584312493498368	6578	4	46	1	54736988121102	54736988124936
1581	118	42	118	78	1789584312493498368	1789584312493504512	1789584312493504512	1789584312493510656	1789584312493511680	6582	4	49	2	54736988143008	54736988159950
1582	119	1	55	78	1789584312493361152	1789584312493365248	1789584312493365248	1789584312493370368	1789584312493371392	6586	4	0	1	54736987794795	54736987807247
1583	119	12	119	78	1789584312493372416	1789584312493391872	1789584312493391872	1789584312493396992	1789584312493398016	6590	1	13	1	54736987861293	54736987873908
1584	119	15	119	78	1789584312493398016	1789584312493409280	1789584312493409280	1789584312493414400	1789584312493415424	6591	4	16	1	54736987903500	54736987917440
1585	119	18	55	78	1789584312493415424	1789584312493417472	1789584312493417472	1789584312493419520	1789584312493420544	6595	4	19	1	54736987925908	54736987929356
1586	119	20	119	78	1789584312493420544	1789584312493427712	1789584312493427712	1789584312493434880	1789584312493435904	6599	4	22	2	54736987950034	54736987968679
1587	119	23	55	78	1789584312493435904	1789584312493446144	1789584312493446144	1789584312493451264	1789584312493452288	6603	4	26	1	54736987997546	54736988010326
1588	119	34	119	78	1789584312493452288	1789584312493470720	1789584312493470720	1789584312493475840	1789584312493476864	6607	1	39	2	54736988059710	54736988071868
1589	119	37	119	78	1789584312493476864	1789584312493487104	1789584312493487104	1789584312493492224	1789584312493494272	6608	4	43	1	54736988099600	54736988113931
1590	119	40	55	78	1789584312493494272	1789584312493495296	1789584312493495296	1789584312493497344	1789584312493498368	6612	4	46	1	54736988121092	54736988124951
1591	119	42	119	78	1789584312493498368	1789584312493504512	1789584312493504512	1789584312493511680	1789584312493512704	6616	4	49	2	54736988143022	54736988162248
1592	120	1	56	80	1789584312493361152	1789584312493365248	1789584312493365248	1789584312493369344	1789584312493371392	6620	4	0	1	54750048817544	54750048827877
1593	120	12	120	80	1789584312493371392	1789584312493391872	1789584312493391872	1789584312493395968	1789584312493396992	6624	1	13	1	54750048884140	54750048893417
1594	120	15	120	80	1789584312493398016	1789584312493409280	1789584312493409280	1789584312493412352	1789584312493414400	6625	4	16	1	54750048926623	54750048936040
1595	120	18	56	80	1789584312493414400	1789584312493417472	1789584312493417472	1789584312493418496	1789584312493420544	6629	4	19	1	54750048948393	54750048951369
1596	120	20	120	80	1789584312493420544	1789584312493427712	1789584312493427712	1789584312493432832	1789584312493433856	6633	4	22	2	54750048972547	54750048986229
1597	120	23	56	80	1789584312493434880	1789584312493446144	1789584312493446144	1789584312493450240	1789584312493451264	6637	4	26	1	54750049020448	54750049029826
1598	120	34	120	80	1789584312493451264	1789584312493470720	1789584312493470720	1789584312493474816	1789584312493475840	6641	1	39	2	54750049082691	54750049092032
1599	120	37	120	80	1789584312493475840	1789584312493487104	1789584312493487104	1789584312493490176	1789584312493492224	6642	4	43	1	54750049122565	54750049131613
1600	120	40	56	80	1789584312493492224	1789584312493495296	1789584312493495296	1789584312493496320	1789584312493498368	6646	4	46	1	54750049143760	54750049147311
1601	120	42	120	80	1789584312493498368	1789584312493503488	1789584312493504512	1789584312493509632	1789584312493510656	6650	4	49	2	54750049165916	54750049179072
1602	121	1	57	80	1789584312493361152	1789584312493366272	1789584312493366272	1789584312493370368	1789584312493371392	6654	4	0	1	54750048818112	54750048828225
1603	121	12	121	80	1789584312493371392	1789584312493391872	1789584312493391872	1789584312493396992	1789584312493398016	6658	1	13	1	54750048884213	54750048895275
1604	121	15	121	80	1789584312493398016	1789584312493409280	1789584312493409280	1789584312493413376	1789584312493415424	6659	4	16	1	54750048926693	54750048938671
1605	121	18	57	80	1789584312493415424	1789584312493417472	1789584312493417472	1789584312493418496	1789584312493420544	6663	4	19	1	54750048948291	54750048951382
1606	121	20	121	80	1789584312493420544	1789584312493427712	1789584312493427712	1789584312493433856	1789584312493434880	6667	4	22	2	54750048973137	54750048989587
1607	121	23	57	80	1789584312493434880	1789584312493446144	1789584312493446144	1789584312493451264	1789584312493452288	6671	4	26	1	54750049020469	54750049032031
1608	121	34	121	80	1789584312493452288	1789584312493470720	1789584312493470720	1789584312493475840	1789584312493476864	6675	1	39	2	54750049082739	54750049094150
1609	121	37	121	80	1789584312493476864	1789584312493487104	1789584312493487104	1789584312493491200	1789584312493492224	6676	4	43	1	54750049122501	54750049133562
1610	121	40	57	80	1789584312493493248	1789584312493495296	1789584312493495296	1789584312493496320	1789584312493498368	6680	4	46	1	54750049143685	54750049147362
1611	121	42	121	80	1789584312493498368	1789584312493504512	1789584312493504512	1789584312493510656	1789584312493511680	6684	4	49	2	54750049165976	54750049182931
1612	122	1	58	80	1789584312493361152	1789584312493365248	1789584312493365248	1789584312493370368	1789584312493371392	6688	4	0	1	54750048816786	54750048829022
1613	122	12	122	80	1789584312493371392	1789584312493391872	1789584312493391872	1789584312493396992	1789584312493398016	6692	1	13	1	54750048884226	54750048897120
1614	122	15	122	80	1789584312493398016	1789584312493409280	1789584312493409280	1789584312493414400	1789584312493415424	6693	4	16	1	54750048926702	54750048941172
1615	122	18	58	80	1789584312493415424	1789584312493417472	1789584312493417472	1789584312493418496	1789584312493420544	6697	4	19	1	54750048947615	54750048951401
1616	122	20	122	80	1789584312493420544	1789584312493427712	1789584312493427712	1789584312493434880	1789584312493435904	6701	4	22	2	54750048973142	54750048991656
1617	122	23	58	80	1789584312493435904	1789584312493446144	1789584312493446144	1789584312493451264	1789584312493452288	6705	4	26	1	54750049020372	54750049033322
1618	122	34	122	80	1789584312493452288	1789584312493470720	1789584312493470720	1789584312493475840	1789584312493477888	6709	1	39	2	54750049082745	54750049095636
1619	122	37	122	80	1789584312493477888	1789584312493487104	1789584312493487104	1789584312493492224	1789584312493493248	6710	4	43	1	54750049122576	54750049136902
1620	122	40	58	80	1789584312493494272	1789584312493495296	1789584312493495296	1789584312493496320	1789584312493498368	6714	4	46	1	54750049143589	54750049147339
1621	122	42	122	80	1789584312493498368	1789584312493504512	1789584312493504512	1789584312493511680	1789584312493512704	6718	4	49	2	54750049166002	54750049185033
1622	123	1	59	82	1789584312493361152	1789584312493365248	1789584312493365248	1789584312493369344	1789584312493370368	6722	4	0	1	54686380598650	54686380607862
1623	123	12	123	82	1789584312493370368	1789584312493391872	1789584312493391872	1789584312493395968	1789584312493396992	6726	1	13	1	54686380665570	54686380674878
1624	123	15	123	82	1789584312493398016	1789584312493409280	1789584312493409280	1789584312493412352	1789584312493414400	6727	4	16	1	54686380707658	54686380716727
1625	123	18	59	82	1789584312493414400	1789584312493417472	1789584312493417472	1789584312493418496	1789584312493420544	6731	4	19	1	54686380728993	54686380732633
1626	123	20	123	82	1789584312493420544	1789584312493427712	1789584312493427712	1789584312493432832	1789584312493434880	6735	4	22	2	54686380753842	54686380768053
1627	123	23	59	82	1789584312493434880	1789584312493446144	1789584312493446144	1789584312493450240	1789584312493451264	6739	4	26	1	54686380801726	54686380810654
1628	123	34	123	82	1789584312493451264	1789584312493470720	1789584312493470720	1789584312493474816	1789584312493475840	6743	1	39	2	54686380863837	54686380872931
1629	123	37	123	82	1789584312493475840	1789584312493487104	1789584312493487104	1789584312493490176	1789584312493492224	6744	4	43	1	54686380903603	54686380912882
1630	123	40	59	82	1789584312493492224	1789584312493495296	1789584312493495296	1789584312493496320	1789584312493497344	6748	4	46	1	54686380924995	54686380928126
1631	123	42	123	82	1789584312493498368	1789584312493504512	1789584312493504512	1789584312493509632	1789584312493510656	6752	4	49	2	54686380947226	54686380960833
1632	124	1	60	82	1789584312493361152	1789584312493365248	1789584312493365248	1789584312493369344	1789584312493370368	6756	4	0	1	54686380599253	54686380609288
1633	124	12	124	82	1789584312493370368	1789584312493391872	1789584312493391872	1789584312493396992	1789584312493398016	6760	1	13	1	54686380665626	54686380677057
1634	124	15	124	82	1789584312493398016	1789584312493408256	1789584312493409280	1789584312493413376	1789584312493414400	6761	4	16	1	54686380707631	54686380719499
1635	124	18	60	82	1789584312493415424	1789584312493417472	1789584312493417472	1789584312493418496	1789584312493420544	6765	4	19	1	54686380729005	54686380732684
1636	124	20	124	82	1789584312493420544	1789584312493427712	1789584312493427712	1789584312493433856	1789584312493434880	6769	4	22	2	54686380754464	54686380769763
1637	124	23	60	82	1789584312493434880	1789584312493446144	1789584312493446144	1789584312493451264	1789584312493452288	6773	4	26	1	54686380801669	54686380813271
1638	124	34	124	82	1789584312493452288	1789584312493470720	1789584312493470720	1789584312493475840	1789584312493476864	6777	1	39	2	54686380863878	54686380875498
1639	124	37	124	82	1789584312493476864	1789584312493487104	1789584312493487104	1789584312493491200	1789584312493493248	6778	4	43	1	54686380903700	54686380914769
1640	124	40	60	82	1789584312493493248	1789584312493495296	1789584312493495296	1789584312493496320	1789584312493497344	6782	4	46	1	54686380924516	54686380928177
1641	124	42	124	82	1789584312493498368	1789584312493504512	1789584312493504512	1789584312493510656	1789584312493511680	6786	4	49	2	54686380947247	54686380964090
1642	125	1	61	82	1789584312493361152	1789584312493365248	1789584312493365248	1789584312493370368	1789584312493371392	6790	4	0	1	54686380599266	54686380611123
1643	125	12	125	82	1789584312493371392	1789584312493391872	1789584312493391872	1789584312493396992	1789584312493398016	6794	1	13	1	54686380665647	54686380678168
1644	125	15	125	82	1789584312493398016	1789584312493409280	1789584312493409280	1789584312493414400	1789584312493415424	6795	4	16	1	54686380707671	54686380722073
1645	125	18	61	82	1789584312493415424	1789584312493417472	1789584312493417472	1789584312493418496	1789584312493420544	6799	4	19	1	54686380728943	54686380732661
1646	125	20	125	82	1789584312493420544	1789584312493427712	1789584312493427712	1789584312493434880	1789584312493435904	6803	4	22	2	54686380754475	54686380772942
1647	125	23	61	82	1789584312493435904	1789584312493446144	1789584312493446144	1789584312493451264	1789584312493452288	6807	4	26	1	54686380801750	54686380814611
1648	125	34	125	82	1789584312493452288	1789584312493470720	1789584312493470720	1789584312493475840	1789584312493476864	6811	1	39	2	54686380863906	54686380876635
1649	125	37	125	82	1789584312493477888	1789584312493487104	1789584312493487104	1789584312493492224	1789584312493493248	6812	4	43	1	54686380903505	54686380917241
1650	125	40	61	82	1789584312493493248	1789584312493495296	1789584312493495296	1789584312493496320	1789584312493497344	6816	4	46	1	54686380924448	54686380928154
1651	125	42	125	82	1789584312493498368	1789584312493504512	1789584312493504512	1789584312493511680	1789584312493512704	6820	4	49	2	54686380947265	54686380966242
1652	126	1	62	84	1789584312493361152	1789584312493365248	1789584312493365248	1789584312493369344	1789584312493370368	6824	4	0	1	54734061236842	54734061244936
1653	126	12	126	84	1789584312493370368	1789584312493391872	1789584312493391872	1789584312493394944	1789584312493396992	6828	1	13	1	54734061303166	54734061311362
1654	126	15	126	84	1789584312493396992	1789584312493409280	1789584312493409280	1789584312493412352	1789584312493414400	6829	4	16	1	54734061345535	54734061355241
1655	126	18	62	84	1789584312493414400	1789584312493417472	1789584312493417472	1789584312493418496	1789584312493419520	6833	4	19	1	54734061365999	54734061369499
1656	126	20	126	84	1789584312493419520	1789584312493426688	1789584312493427712	1789584312493431808	1789584312493433856	6837	4	22	2	54734061391667	54734061403921
1657	126	23	62	84	1789584312493433856	1789584312493446144	1789584312493446144	1789584312493450240	1789584312493451264	6841	4	26	1	54734061439448	54734061449262
1658	126	34	126	84	1789584312493451264	1789584312493470720	1789584312493470720	1789584312493473792	1789584312493475840	6845	1	39	2	54734061501598	54734061510056
1659	126	37	126	84	1789584312493475840	1789584312493487104	1789584312493487104	1789584312493490176	1789584312493492224	6846	4	43	1	54734061541417	54734061550537
1660	126	40	62	84	1789584312493492224	1789584312493495296	1789584312493495296	1789584312493496320	1789584312493497344	6850	4	46	1	54734061562299	54734061565746
1661	126	42	126	84	1789584312493497344	1789584312493504512	1789584312493504512	1789584312493508608	1789584312493509632	6854	4	49	2	54734061585215	54734061596762
1662	127	1	63	84	1789584312493361152	1789584312493365248	1789584312493365248	1789584312493369344	1789584312493371392	6858	4	0	1	54734061236162	54734061247054
1663	127	12	127	84	1789584312493371392	1789584312493391872	1789584312493391872	1789584312493395968	1789584312493396992	6862	1	13	1	54734061303223	54734061312017
1664	127	15	127	84	1789584312493396992	1789584312493409280	1789584312493409280	1789584312493413376	1789584312493414400	6863	4	16	1	54734061345592	54734061357014
1665	127	18	63	84	1789584312493415424	1789584312493417472	1789584312493417472	1789584312493418496	1789584312493419520	6867	4	19	1	54734061367101	54734061369726
1666	127	20	127	84	1789584312493419520	1789584312493427712	1789584312493427712	1789584312493432832	1789584312493433856	6871	4	22	2	54734061391854	54734061404774
1667	127	23	63	84	1789584312493433856	1789584312493446144	1789584312493446144	1789584312493450240	1789584312493452288	6875	4	26	1	54734061439397	54734061450529
1668	127	34	127	84	1789584312493452288	1789584312493470720	1789584312493470720	1789584312493474816	1789584312493475840	6879	1	39	2	54734061501655	54734061510332
1669	127	37	127	84	1789584312493475840	1789584312493487104	1789584312493487104	1789584312493491200	1789584312493492224	6880	4	43	1	54734061541463	54734061552353
1670	127	40	63	84	1789584312493493248	1789584312493495296	1789584312493495296	1789584312493496320	1789584312493497344	6884	4	46	1	54734061562232	54734061565759
1671	127	42	127	84	1789584312493497344	1789584312493504512	1789584312493504512	1789584312493509632	1789584312493510656	6888	4	49	2	54734061585269	54734061597819
1672	128	1	64	84	1789584312493361152	1789584312493365248	1789584312493365248	1789584312493370368	1789584312493371392	6892	4	0	1	54734061236373	54734061248150
1673	128	15	128	84	1789584312493371392	1789584312493409280	1789584312493409280	1789584312493414400	1789584312493415424	6896	4	16	1	54734061347960	54734061360389
1674	128	23	64	84	1789584312493415424	1789584312493446144	1789584312493446144	1789584312493451264	1789584312493452288	6900	4	26	1	54734061439480	54734061451310
1675	128	37	128	84	1789584312493452288	1789584312493487104	1789584312493488128	1789584312493492224	1789584312493493248	6904	4	43	1	54734061544155	54734061555766
1676	129	1	65	86	1789584312493361152	1789584312493365248	1789584312493365248	1789584312493369344	1789584312493370368	6908	4	0	1	54749619324658	54749619333952
1677	129	15	129	86	1789584312493370368	1789584312493409280	1789584312493409280	1789584312493413376	1789584312493415424	6912	4	16	1	54749619435967	54749619445318
1678	129	23	65	86	1789584312493415424	1789584312493446144	1789584312493446144	1789584312493450240	1789584312493451264	6916	4	26	1	54749619528072	54749619537441
1679	129	37	129	86	1789584312493451264	1789584312493487104	1789584312493487104	1789584312493491200	1789584312493493248	6920	4	43	1	54749619632140	54749619641647
1680	130	1	66	86	1789584312493361152	1789584312493365248	1789584312493365248	1789584312493369344	1789584312493370368	6924	4	0	1	54749619324711	54749619335298
1681	130	15	130	86	1789584312493370368	1789584312493409280	1789584312493409280	1789584312493414400	1789584312493415424	6928	4	16	1	54749619436118	54749619447721
1682	130	23	66	86	1789584312493415424	1789584312493446144	1789584312493446144	1789584312493450240	1789584312493452288	6932	4	26	1	54749619528145	54749619539007
1683	130	37	130	86	1789584312493452288	1789584312493487104	1789584312493487104	1789584312493492224	1789584312493493248	6936	4	43	1	54749619631941	54749619643838
1684	131	1	67	86	1789584312493361152	1789584312493365248	1789584312493365248	1789584312493370368	1789584312493371392	6940	4	0	1	54749619324729	54749619337224
1685	131	15	131	86	1789584312493371392	1789584312493409280	1789584312493409280	1789584312493415424	1789584312493416448	6944	4	16	1	54749619436184	54749619449949
1686	131	23	67	86	1789584312493416448	1789584312493446144	1789584312493446144	1789584312493451264	1789584312493452288	6948	4	26	1	54749619528161	54749619540179
1687	131	37	131	86	1789584312493452288	1789584312493487104	1789584312493487104	1789584312493493248	1789584312493494272	6952	4	43	1	54749619631957	54749619646767
1688	132	1	68	88	1789584312493361152	1789584312493365248	1789584312493365248	1789584312493369344	1789584312493370368	6956	4	0	1	54742326760290	54742326770100
1689	132	15	132	88	1789584312493370368	1789584312493409280	1789584312493409280	1789584312493413376	1789584312493415424	6960	4	16	1	54742326871674	54742326881182
1690	132	23	68	88	1789584312493415424	1789584312493446144	1789584312493446144	1789584312493450240	1789584312493451264	6964	4	26	1	54742326963676	54742326973219
1691	132	37	132	88	1789584312493452288	1789584312493487104	1789584312493488128	1789584312493491200	1789584312493493248	6968	4	43	1	54742327067729	54742327077786
1692	133	1	69	88	1789584312493361152	1789584312493365248	1789584312493365248	1789584312493370368	1789584312493371392	6972	4	0	1	54742326760895	54742326771638
1693	133	15	133	88	1789584312493371392	1789584312493409280	1789584312493409280	1789584312493415424	1789584312493416448	6976	4	16	1	54742326871825	54742326884628
1694	133	23	69	88	1789584312493416448	1789584312493446144	1789584312493446144	1789584312493450240	1789584312493452288	6980	4	26	1	54742326963705	54742326974755
1695	133	37	133	88	1789584312493452288	1789584312493487104	1789584312493488128	1789584312493492224	1789584312493494272	6984	4	43	1	54742327067823	54742327079123
1696	134	1	70	88	1789584312493361152	1789584312493365248	1789584312493365248	1789584312493370368	1789584312493371392	6988	4	0	1	54742326760901	54742326772669
1697	134	15	134	88	1789584312493371392	1789584312493409280	1789584312493410304	1789584312493415424	1789584312493416448	6992	4	16	1	54742326871891	54742326885887
1698	134	23	70	88	1789584312493416448	1789584312493446144	1789584312493446144	1789584312493451264	1789584312493452288	6996	4	26	1	54742326963703	54742326976437
1699	134	37	134	88	1789584312493452288	1789584312493487104	1789584312493487104	1789584312493493248	1789584312493494272	7000	4	43	1	54742327067620	54742327081697
1700	135	1	71	90	1789584312493361152	1789584312493365248	1789584312493365248	1789584312493369344	1789584312493371392	7004	4	0	1	54763502762980	54763502772719
1701	135	15	135	90	1789584312493371392	1789584312493409280	1789584312493409280	1789584312493413376	1789584312493415424	7008	4	16	1	54763502874362	54763502883767
1702	135	23	71	90	1789584312493415424	1789584312493446144	1789584312493446144	1789584312493450240	1789584312493451264	7012	4	26	1	54763502966251	54763502975355
1703	135	37	135	90	1789584312493451264	1789584312493487104	1789584312493487104	1789584312493491200	1789584312493493248	7016	4	43	1	54763503070199	54763503080270
1704	136	1	72	90	1789584312493361152	1789584312493365248	1789584312493366272	1789584312493370368	1789584312493371392	7020	4	0	1	54763502763586	54763502773773
1705	136	15	136	90	1789584312493371392	1789584312493409280	1789584312493410304	1789584312493414400	1789584312493415424	7024	4	16	1	54763502874447	54763502886503
1706	136	23	72	90	1789584312493416448	1789584312493446144	1789584312493446144	1789584312493450240	1789584312493452288	7028	4	26	1	54763502966324	54763502977166
1707	136	37	136	90	1789584312493452288	1789584312493487104	1789584312493488128	1789584312493492224	1789584312493494272	7032	4	43	1	54763503070337	54763503082716
1708	137	1	73	90	1789584312493361152	1789584312493365248	1789584312493366272	1789584312493370368	1789584312493371392	7036	4	0	1	54763502763592	54763502776063
1709	137	15	137	90	1789584312493372416	1789584312493409280	1789584312493409280	1789584312493415424	1789584312493416448	7040	4	16	1	54763502874253	54763502888362
1710	137	23	73	90	1789584312493416448	1789584312493446144	1789584312493446144	1789584312493451264	1789584312493452288	7044	4	26	1	54763502966340	54763502978890
1711	137	37	137	90	1789584312493452288	1789584312493487104	1789584312493488128	1789584312493493248	1789584312493494272	7048	4	43	1	54763503070399	54763503084687
1712	138	1	74	92	1789584312493361152	1789584312493365248	1789584312493365248	1789584312493369344	1789584312493370368	7052	4	0	1	54744457802934	54744457812011
1713	138	15	138	92	1789584312493370368	1789584312493409280	1789584312493409280	1789584312493413376	1789584312493415424	7056	4	16	1	54744457914301	54744457924064
1714	138	23	74	92	1789584312493415424	1789584312493446144	1789584312493446144	1789584312493450240	1789584312493451264	7060	4	26	1	54744458006281	54744458016007
1715	138	37	138	92	1789584312493452288	1789584312493487104	1789584312493487104	1789584312493491200	1789584312493493248	7064	4	43	1	54744458110184	54744458119749
1716	139	1	75	92	1789584312493361152	1789584312493365248	1789584312493365248	1789584312493369344	1789584312493371392	7068	4	0	1	54744457803539	54744457813511
1717	139	15	139	92	1789584312493371392	1789584312493409280	1789584312493409280	1789584312493414400	1789584312493416448	7072	4	16	1	54744457914452	54744457925851
1718	139	23	75	92	1789584312493416448	1789584312493446144	1789584312493446144	1789584312493450240	1789584312493451264	7076	4	26	1	54744458006340	54744458017288
1719	139	37	139	92	1789584312493452288	1789584312493487104	1789584312493487104	1789584312493492224	1789584312493493248	7080	4	43	1	54744458110335	54744458120905
1720	140	1	76	92	1789584312493361152	1789584312493365248	1789584312493365248	1789584312493370368	1789584312493371392	7084	4	0	1	54744457803550	54744457815495
1721	140	15	140	92	1789584312493371392	1789584312493409280	1789584312493410304	1789584312493415424	1789584312493416448	7088	4	16	1	54744457914524	54744457928383
1722	140	23	76	92	1789584312493416448	1789584312493446144	1789584312493446144	1789584312493451264	1789584312493452288	7092	4	26	1	54744458006355	54744458018956
1723	140	37	140	92	1789584312493452288	1789584312493487104	1789584312493487104	1789584312493493248	1789584312493494272	7096	4	43	1	54744458110401	54744458124255
1724	141	1	77	94	1789584312493361152	1789584312493365248	1789584312493365248	1789584312493369344	1789584312493371392	7100	4	0	1	54748349110691	54748349120553
1725	141	15	141	94	1789584312493371392	1789584312493409280	1789584312493409280	1789584312493413376	1789584312493415424	7104	4	16	1	54748349221449	54748349231099
1726	141	23	77	94	1789584312493415424	1789584312493446144	1789584312493446144	1789584312493450240	1789584312493451264	7108	4	26	1	54748349313535	54748349322623
1727	141	37	141	94	1789584312493451264	1789584312493487104	1789584312493487104	1789584312493491200	1789584312493493248	7112	4	43	1	54748349417370	54748349427160
1728	142	1	78	94	1789584312493361152	1789584312493366272	1789584312493366272	1789584312493369344	1789584312493371392	7116	4	0	1	54748349111306	54748349121128
1729	142	15	142	94	1789584312493371392	1789584312493409280	1789584312493409280	1789584312493414400	1789584312493415424	7120	4	16	1	54748349221600	54748349233045
1730	142	23	78	94	1789584312493415424	1789584312493446144	1789584312493446144	1789584312493450240	1789584312493452288	7124	4	26	1	54748349313608	54748349324510
1731	142	37	142	94	1789584312493452288	1789584312493487104	1789584312493487104	1789584312493492224	1789584312493493248	7128	4	43	1	54748349417505	54748349429081
1732	143	1	79	94	1789584312493361152	1789584312493365248	1789584312493365248	1789584312493370368	1789584312493371392	7132	4	0	1	54748349109940	54748349121650
1733	143	15	143	94	1789584312493371392	1789584312493409280	1789584312493409280	1789584312493415424	1789584312493416448	7136	4	16	1	54748349221666	54748349235511
1734	143	23	79	94	1789584312493416448	1789584312493446144	1789584312493446144	1789584312493451264	1789584312493452288	7140	4	26	1	54748349313624	54748349325698
1735	143	37	143	94	1789584312493452288	1789584312493487104	1789584312493487104	1789584312493493248	1789584312493494272	7144	4	43	1	54748349417574	54748349431744
1736	144	1	80	96	1789584312493361152	1789584312493365248	1789584312493365248	1789584312493369344	1789584312493370368	7148	4	0	1	54759382734048	54759382742825
1737	144	15	144	96	1789584312493370368	1789584312493409280	1789584312493409280	1789584312493413376	1789584312493415424	7152	4	16	1	54759382845378	54759382855162
1738	144	23	80	96	1789584312493415424	1789584312493446144	1789584312493446144	1789584312493450240	1789584312493451264	7156	4	26	1	54759382937396	54759382946652
1739	144	37	144	96	1789584312493451264	1789584312493487104	1789584312493487104	1789584312493491200	1789584312493493248	7160	4	43	1	54759383041460	54759383050852
1740	145	1	81	96	1789584312493361152	1789584312493365248	1789584312493365248	1789584312493370368	1789584312493371392	7164	4	0	1	54759382734659	54759382745495
1741	145	15	145	96	1789584312493371392	1789584312493409280	1789584312493409280	1789584312493414400	1789584312493416448	7168	4	16	1	54759382845515	54759382857574
1742	145	23	81	96	1789584312493416448	1789584312493446144	1789584312493446144	1789584312493451264	1789584312493452288	7172	4	26	1	54759382937445	54759382948929
1743	145	37	145	96	1789584312493452288	1789584312493487104	1789584312493488128	1789584312493492224	1789584312493493248	7176	4	43	1	54759383041551	54759383053777
1744	146	1	82	96	1789584312493361152	1789584312493365248	1789584312493365248	1789584312493370368	1789584312493371392	7180	4	0	1	54759382734665	54759382746382
1745	146	15	146	96	1789584312493371392	1789584312493409280	1789584312493409280	1789584312493415424	1789584312493416448	7184	4	16	1	54759382845585	54759382859503
1746	146	23	82	96	1789584312493416448	1789584312493446144	1789584312493446144	1789584312493451264	1789584312493452288	7188	4	26	1	54759382937467	54759382950164
1747	146	37	146	96	1789584312493452288	1789584312493487104	1789584312493487104	1789584312493493248	1789584312493494272	7192	4	43	1	54759383041353	54759383055635
1748	147	1	83	98	1789584312493361152	1789584312493365248	1789584312493366272	1789584312493369344	1789584312493370368	7196	4	0	1	54707674093011	54707674101760
1749	147	15	147	98	1789584312493371392	1789584312493409280	1789584312493409280	1789584312493413376	1789584312493415424	7200	4	16	1	54707674203571	54707674212920
1750	147	23	83	98	1789584312493415424	1789584312493446144	1789584312493446144	1789584312493450240	1789584312493451264	7204	4	26	1	54707674295326	54707674304350
1751	147	37	147	98	1789584312493451264	1789584312493487104	1789584312493487104	1789584312493491200	1789584312493493248	7208	4	43	1	54707674399289	54707674408102
1752	148	1	84	98	1789584312493361152	1789584312493365248	1789584312493366272	1789584312493370368	1789584312493371392	7212	4	0	1	54707674093021	54707674103183
1753	148	15	148	98	1789584312493371392	1789584312493409280	1789584312493410304	1789584312493414400	1789584312493416448	7216	4	16	1	54707674203653	54707674216009
1754	148	23	84	98	1789584312493416448	1789584312493446144	1789584312493446144	1789584312493451264	1789584312493452288	7220	4	26	1	54707674295376	54707674306568
1755	148	37	148	98	1789584312493452288	1789584312493487104	1789584312493488128	1789584312493492224	1789584312493493248	7224	4	43	1	54707674399440	54707674410883
1756	149	1	85	98	1789584312493361152	1789584312493365248	1789584312493365248	1789584312493370368	1789584312493371392	7228	4	0	1	54707674092399	54707674105130
1757	149	15	149	98	1789584312493371392	1789584312493409280	1789584312493409280	1789584312493415424	1789584312493416448	7232	4	16	1	54707674203458	54707674217859
1758	149	23	85	98	1789584312493416448	1789584312493446144	1789584312493446144	1789584312493451264	1789584312493452288	7236	4	26	1	54707674295400	54707674308436
1759	149	37	149	98	1789584312493452288	1789584312493487104	1789584312493488128	1789584312493493248	1789584312493494272	7240	4	43	1	54707674399504	54707674413800
1760	150	1	86	100	1789584312493361152	1789584312493366272	1789584312493366272	1789584312493369344	1789584312493371392	7244	4	0	1	54736987795271	54736987803850
1761	150	15	150	100	1789584312493371392	1789584312493409280	1789584312493409280	1789584312493413376	1789584312493415424	7248	4	16	1	54736987905444	54736987914840
1762	150	23	86	100	1789584312493415424	1789584312493446144	1789584312493446144	1789584312493450240	1789584312493451264	7252	4	26	1	54736987997407	54736988006998
1763	150	37	150	100	1789584312493452288	1789584312493487104	1789584312493488128	1789584312493491200	1789584312493493248	7256	4	43	1	54736988101563	54736988110988
1764	151	1	87	100	1789584312493361152	1789584312493365248	1789584312493365248	1789584312493370368	1789584312493371392	7260	4	0	1	54736987794592	54736987805456
1765	151	15	151	100	1789584312493371392	1789584312493409280	1789584312493409280	1789584312493414400	1789584312493416448	7264	4	16	1	54736987905595	54736987917761
1766	151	23	87	100	1789584312493416448	1789584312493446144	1789584312493446144	1789584312493450240	1789584312493451264	7268	4	26	1	54736987997468	54736988008322
1767	151	37	151	100	1789584312493452288	1789584312493487104	1789584312493488128	1789584312493492224	1789584312493494272	7272	4	43	1	54736988101668	54736988113262
1768	152	1	88	100	1789584312493361152	1789584312493366272	1789584312493366272	1789584312493370368	1789584312493371392	7276	4	0	1	54736987795273	54736987807008
1769	152	15	152	100	1789584312493371392	1789584312493409280	1789584312493410304	1789584312493415424	1789584312493416448	7280	4	16	1	54736987905667	54736987919678
1770	152	23	88	100	1789584312493416448	1789584312493446144	1789584312493446144	1789584312493451264	1789584312493452288	7284	4	26	1	54736987997486	54736988010179
1771	152	37	152	100	1789584312493452288	1789584312493487104	1789584312493487104	1789584312493493248	1789584312493494272	7288	4	43	1	54736988101463	54736988115741
1772	153	1	89	102	1789584312493361152	1789584312493365248	1789584312493365248	1789584312493369344	1789584312493371392	7292	4	0	1	54750048817285	54750048826724
1773	153	15	153	102	1789584312493371392	1789584312493409280	1789584312493409280	1789584312493413376	1789584312493415424	7296	4	16	1	54750048928475	54750048938234
1774	153	23	89	102	1789584312493415424	1789584312493446144	1789584312493446144	1789584312493450240	1789584312493451264	7300	4	26	1	54750049020417	54750049029964
1775	153	37	153	102	1789584312493451264	1789584312493487104	1789584312493487104	1789584312493491200	1789584312493493248	7304	4	43	1	54750049124371	54750049133893
1776	154	1	90	102	1789584312493361152	1789584312493365248	1789584312493365248	1789584312493369344	1789584312493371392	7308	4	0	1	54750048817344	54750048827858
1777	154	15	154	102	1789584312493371392	1789584312493409280	1789584312493409280	1789584312493414400	1789584312493415424	7312	4	16	1	54750048928566	54750048940509
1778	154	23	90	102	1789584312493416448	1789584312493446144	1789584312493446144	1789584312493450240	1789584312493452288	7316	4	26	1	54750049020490	54750049031426
1779	154	37	154	102	1789584312493452288	1789584312493487104	1789584312493487104	1789584312493492224	1789584312493493248	7320	4	43	1	54750049124491	54750049136361
1780	155	1	91	102	1789584312493361152	1789584312493365248	1789584312493365248	1789584312493370368	1789584312493371392	7324	4	0	1	54750048817360	54750048830307
1781	155	15	155	102	1789584312493372416	1789584312493409280	1789584312493409280	1789584312493415424	1789584312493416448	7328	4	16	1	54750048928368	54750048942419
1782	155	23	91	102	1789584312493416448	1789584312493446144	1789584312493446144	1789584312493451264	1789584312493452288	7332	4	26	1	54750049020506	54750049033078
1783	155	37	155	102	1789584312493452288	1789584312493487104	1789584312493488128	1789584312493493248	1789584312493494272	7336	4	43	1	54750049124563	54750049138731
1784	156	1	92	104	1789584312493361152	1789584312493365248	1789584312493365248	1789584312493369344	1789584312493370368	7340	4	0	1	54686380598456	54686380608344
1785	156	15	156	104	1789584312493370368	1789584312493409280	1789584312493409280	1789584312493413376	1789584312493415424	7344	4	16	1	54686380709779	54686380719035
1786	156	23	92	104	1789584312493415424	1789584312493446144	1789584312493446144	1789584312493450240	1789584312493451264	7348	4	26	1	54686380801686	54686380810751
1787	156	37	156	104	1789584312493451264	1789584312493487104	1789584312493487104	1789584312493491200	1789584312493493248	7352	4	43	1	54686380905652	54686380914646
1788	157	1	93	104	1789584312493361152	1789584312493365248	1789584312493365248	1789584312493369344	1789584312493370368	7356	4	0	1	54686380599098	54686380609340
1789	157	15	157	104	1789584312493370368	1789584312493409280	1789584312493409280	1789584312493414400	1789584312493415424	7360	4	16	1	54686380709930	54686380721824
1790	157	23	93	104	1789584312493415424	1789584312493446144	1789584312493446144	1789584312493450240	1789584312493452288	7364	4	26	1	54686380801721	54686380812835
1791	157	37	157	104	1789584312493452288	1789584312493487104	1789584312493488128	1789584312493492224	1789584312493493248	7368	4	43	1	54686380905726	54686380917267
1792	158	1	94	104	1789584312493361152	1789584312493365248	1789584312493365248	1789584312493370368	1789584312493371392	7372	4	0	1	54686380599108	54686380611290
1793	158	15	158	104	1789584312493371392	1789584312493409280	1789584312493409280	1789584312493415424	1789584312493416448	7376	4	16	1	54686380710002	54686380724256
1794	158	23	94	104	1789584312493416448	1789584312493446144	1789584312493446144	1789584312493451264	1789584312493452288	7380	4	26	1	54686380801737	54686380813746
1795	158	37	158	104	1789584312493452288	1789584312493487104	1789584312493487104	1789584312493493248	1789584312493494272	7384	4	43	1	54686380905527	54686380919888
1796	159	1	95	106	1789584312493361152	1789584312493365248	1789584312493365248	1789584312493369344	1789584312493370368	7388	4	0	1	54734061236565	54734061246046
1797	159	15	159	106	1789584312493371392	1789584312493409280	1789584312493409280	1789584312493413376	1789584312493415424	7392	4	16	1	54734061347179	54734061356844
1798	159	23	95	106	1789584312493415424	1789584312493446144	1789584312493446144	1789584312493450240	1789584312493451264	7396	4	26	1	54734061439426	54734061448426
1799	159	37	159	106	1789584312493451264	1789584312493487104	1789584312493487104	1789584312493491200	1789584312493493248	7400	4	43	1	54734061543217	54734061552428
1800	160	1	96	106	1789584312493361152	1789584312493365248	1789584312493365248	1789584312493370368	1789584312493370368	7404	4	0	1	54734061236756	54734061247361
1801	160	15	160	106	1789584312493371392	1789584312493409280	1789584312493409280	1789584312493414400	1789584312493415424	7408	4	16	1	54734061347212	54734061359353
1802	160	23	96	106	1789584312493415424	1789584312493446144	1789584312493446144	1789584312493450240	1789584312493451264	7412	4	26	1	54734061439477	54734061450206
1803	160	37	160	106	1789584312493452288	1789584312493487104	1789584312493487104	1789584312493492224	1789584312493493248	7416	4	43	1	54734061543219	54734061554827
1804	161	1	97	106	1789584312493361152	1789584312493365248	1789584312493365248	1789584312493370368	1789584312493371392	7420	4	0	1	54734061236795	54734061249199
1805	161	15	161	106	1789584312493371392	1789584312493409280	1789584312493409280	1789584312493415424	1789584312493416448	7424	4	16	1	54734061347323	54734061361273
1806	161	23	97	106	1789584312493416448	1789584312493446144	1789584312493446144	1789584312493451264	1789584312493452288	7428	4	26	1	54734061439495	54734061452039
1807	161	37	161	106	1789584312493452288	1789584312493487104	1789584312493487104	1789584312493493248	1789584312493494272	7432	4	43	1	54734061543327	54734061557572
1808	162	1	98	108	1789584312493361152	1789584312493365248	1789584312493365248	1789584312493369344	1789584312493370368	7436	4	0	1	54749619325459	54749619333682
1809	162	15	162	108	1789584312493370368	1789584312493409280	1789584312493409280	1789584312493413376	1789584312493415424	7440	4	16	1	54749619435999	54749619445698
1810	162	23	98	108	1789584312493415424	1789584312493446144	1789584312493446144	1789584312493450240	1789584312493451264	7444	4	26	1	54749619527985	54749619537967
1811	162	37	162	108	1789584312493451264	1789584312493487104	1789584312493487104	1789584312493491200	1789584312493493248	7448	4	43	1	54749619631761	54749619641090
1812	163	1	99	108	1789584312493361152	1789584312493365248	1789584312493365248	1789584312493370368	1789584312493371392	7452	4	0	1	54749619324923	54749619335757
1813	163	15	163	108	1789584312493371392	1789584312493409280	1789584312493409280	1789584312493414400	1789584312493415424	7456	4	16	1	54749619435854	54749619447975
1814	163	23	99	108	1789584312493416448	1789584312493446144	1789584312493446144	1789584312493450240	1789584312493451264	7460	4	26	1	54749619528046	54749619538849
1815	163	37	163	108	1789584312493451264	1789584312493487104	1789584312493487104	1789584312493492224	1789584312493493248	7464	4	43	1	54749619631776	54749619643330
1816	164	1	100	108	1789584312493361152	1789584312493365248	1789584312493365248	1789584312493370368	1789584312493371392	7468	4	0	1	54749619325479	54749619336984
1817	164	15	164	108	1789584312493371392	1789584312493409280	1789584312493409280	1789584312493415424	1789584312493416448	7472	4	16	1	54749619435889	54749619450028
1818	164	23	100	108	1789584312493416448	1789584312493446144	1789584312493446144	1789584312493451264	1789584312493452288	7476	4	26	1	54749619528051	54749619540787
1819	164	37	164	108	1789584312493452288	1789584312493487104	1789584312493487104	1789584312493493248	1789584312493494272	7480	4	43	1	54749619631860	54749619645857
1820	165	1	101	110	1789584312493361152	1789584312493365248	1789584312493365248	1789584312493369344	1789584312493370368	7484	4	0	1	54742326760166	54742326770203
1821	165	15	165	110	1789584312493370368	1789584312493409280	1789584312493409280	1789584312493413376	1789584312493415424	7488	4	16	1	54742326871511	54742326881287
1822	165	23	101	110	1789584312493415424	1789584312493446144	1789584312493446144	1789584312493450240	1789584312493451264	7492	4	26	1	54742326963646	54742326972804
1823	165	37	165	110	1789584312493451264	1789584312493487104	1789584312493487104	1789584312493491200	1789584312493493248	7496	4	43	1	54742327067450	54742327076957
1824	166	1	102	110	1789584312493361152	1789584312493365248	1789584312493365248	1789584312493370368	1789584312493371392	7500	4	0	1	54742326760794	54742326771319
1825	166	15	166	110	1789584312493371392	1789584312493409280	1789584312493409280	1789584312493414400	1789584312493415424	7504	4	16	1	54742326871633	54742326883342
1826	166	23	102	110	1789584312493416448	1789584312493446144	1789584312493446144	1789584312493451264	1789584312493452288	7508	4	26	1	54742326963719	54742326975272
1827	166	37	166	110	1789584312493452288	1789584312493487104	1789584312493487104	1789584312493492224	1789584312493494272	7512	4	43	1	54742327067452	54742327079797
1828	167	1	103	110	1789584312493361152	1789584312493365248	1789584312493365248	1789584312493370368	1789584312493371392	7516	4	0	1	54742326760800	54742326772315
1829	167	15	167	110	1789584312493371392	1789584312493409280	1789584312493409280	1789584312493415424	1789584312493416448	7520	4	16	1	54742326871719	54742326885358
1830	167	23	103	110	1789584312493416448	1789584312493446144	1789584312493446144	1789584312493451264	1789584312493452288	7524	4	26	1	54742326963735	54742326976058
1831	167	37	167	110	1789584312493452288	1789584312493487104	1789584312493487104	1789584312493493248	1789584312493494272	7528	4	43	1	54742327067547	54742327081856
1832	168	1	104	112	1789584312493361152	1789584312493366272	1789584312493366272	1789584312493369344	1789584312493371392	7532	4	0	1	54763502763870	54763502773328
1833	168	15	168	112	1789584312493371392	1789584312493409280	1789584312493409280	1789584312493413376	1789584312493415424	7536	4	16	1	54763502874055	54763502883526
1834	168	23	104	112	1789584312493415424	1789584312493446144	1789584312493446144	1789584312493450240	1789584312493451264	7540	4	26	1	54763502966190	54763502975153
1835	168	37	168	112	1789584312493451264	1789584312493487104	1789584312493487104	1789584312493491200	1789584312493493248	7544	4	43	1	54763503069989	54763503079468
1836	169	1	105	112	1789584312493361152	1789584312493365248	1789584312493365248	1789584312493369344	1789584312493371392	7548	4	0	1	54763502763235	54763502773657
1837	169	15	169	112	1789584312493371392	1789584312493409280	1789584312493409280	1789584312493414400	1789584312493416448	7552	4	16	1	54763502874061	54763502886861
1838	169	23	105	112	1789584312493416448	1789584312493446144	1789584312493446144	1789584312493451264	1789584312493452288	7556	4	26	1	54763502966244	54763502977705
1839	169	37	169	112	1789584312493452288	1789584312493487104	1789584312493487104	1789584312493492224	1789584312493494272	7560	4	43	1	54763503070011	54763503082910
1840	170	1	106	112	1789584312493361152	1789584312493365248	1789584312493365248	1789584312493370368	1789584312493371392	7564	4	0	1	54763502762631	54763502774682
1841	170	15	170	112	1789584312493371392	1789584312493409280	1789584312493409280	1789584312493415424	1789584312493416448	7568	4	16	1	54763502874142	54763502888092
1842	170	23	106	112	1789584312493416448	1789584312493446144	1789584312493446144	1789584312493451264	1789584312493452288	7572	4	26	1	54763502966240	54763502978937
1843	170	37	170	112	1789584312493452288	1789584312493487104	1789584312493487104	1789584312493493248	1789584312493494272	7576	4	43	1	54763503070078	54763503084563
1844	171	1	107	114	1789584312493361152	1789584312493365248	1789584312493365248	1789584312493369344	1789584312493370368	7580	4	0	1	54744457802630	54744457812139
1845	171	15	171	114	1789584312493370368	1789584312493409280	1789584312493409280	1789584312493413376	1789584312493415424	7584	4	16	1	54744457914141	54744457923482
1846	171	23	107	114	1789584312493415424	1789584312493446144	1789584312493446144	1789584312493450240	1789584312493451264	7588	4	26	1	54744458006315	54744458015345
1847	171	37	171	114	1789584312493451264	1789584312493487104	1789584312493487104	1789584312493491200	1789584312493493248	7592	4	43	1	54744458110125	54744458119566
1848	172	1	108	114	1789584312493361152	1789584312493365248	1789584312493365248	1789584312493369344	1789584312493370368	7596	4	0	1	54744457803198	54744457813723
1849	172	15	172	114	1789584312493370368	1789584312493409280	1789584312493409280	1789584312493414400	1789584312493415424	7600	4	16	1	54744457914163	54744457926191
1850	172	23	108	114	1789584312493415424	1789584312493446144	1789584312493446144	1789584312493451264	1789584312493452288	7604	4	26	1	54744458006388	54744458017557
1851	172	37	172	114	1789584312493452288	1789584312493487104	1789584312493487104	1789584312493492224	1789584312493493248	7608	4	43	1	54744458110133	54744458122371
1852	173	1	109	114	1789584312493361152	1789584312493365248	1789584312493365248	1789584312493370368	1789584312493371392	7612	4	0	1	54744457803214	54744457815692
1853	173	15	173	114	1789584312493371392	1789584312493409280	1789584312493409280	1789584312493415424	1789584312493416448	7616	4	16	1	54744457914230	54744457928558
1854	173	23	109	114	1789584312493416448	1789584312493446144	1789584312493446144	1789584312493451264	1789584312493452288	7620	4	26	1	54744458006404	54744458019002
1855	173	37	173	114	1789584312493452288	1789584312493487104	1789584312493487104	1789584312493493248	1789584312493494272	7624	4	43	1	54744458110219	54744458124557
1856	174	1	110	116	1789584312493361152	1789584312493365248	1789584312493365248	1789584312493369344	1789584312493370368	7628	4	0	1	54748349110333	54748349120248
1857	174	15	174	116	1789584312493371392	1789584312493409280	1789584312493409280	1789584312493413376	1789584312493415424	7632	4	16	1	54748349221313	54748349230762
1858	174	23	110	116	1789584312493415424	1789584312493446144	1789584312493446144	1789584312493450240	1789584312493451264	7636	4	26	1	54748349313484	54748349323431
1859	174	37	174	116	1789584312493451264	1789584312493487104	1789584312493487104	1789584312493491200	1789584312493493248	7640	4	43	1	54748349417231	54748349426448
1860	175	1	111	116	1789584312493361152	1789584312493365248	1789584312493365248	1789584312493370368	1789584312493371392	7644	4	0	1	54748349110941	54748349121341
1861	175	15	175	116	1789584312493371392	1789584312493409280	1789584312493409280	1789584312493414400	1789584312493415424	7648	4	16	1	54748349221525	54748349233386
1862	175	23	111	116	1789584312493415424	1789584312493446144	1789584312493446144	1789584312493450240	1789584312493451264	7652	4	26	1	54748349313531	54748349324130
1863	175	37	175	116	1789584312493451264	1789584312493487104	1789584312493487104	1789584312493492224	1789584312493493248	7656	4	43	1	54748349417235	54748349428592
1864	176	1	112	116	1789584312493361152	1789584312493365248	1789584312493365248	1789584312493370368	1789584312493371392	7660	4	0	1	54748349110949	54748349122056
1865	176	15	176	116	1789584312493371392	1789584312493409280	1789584312493409280	1789584312493415424	1789584312493416448	7664	4	16	1	54748349221426	54748349235175
1866	176	23	112	116	1789584312493416448	1789584312493446144	1789584312493446144	1789584312493451264	1789584312493452288	7668	4	26	1	54748349313556	54748349326050
1867	176	37	176	116	1789584312493452288	1789584312493487104	1789584312493487104	1789584312493493248	1789584312493494272	7672	4	43	1	54748349417471	54748349431128
1868	177	1	113	118	1789584312493361152	1789584312493365248	1789584312493365248	1789584312493369344	1789584312493370368	7676	4	0	1	54759382733741	54759382743709
1869	177	15	177	118	1789584312493370368	1789584312493409280	1789584312493409280	1789584312493413376	1789584312493415424	7680	4	16	1	54759382845298	54759382854923
1870	177	23	113	118	1789584312493415424	1789584312493446144	1789584312493446144	1789584312493450240	1789584312493451264	7684	4	26	1	54759382937428	54759382946785
1871	177	37	177	118	1789584312493451264	1789584312493487104	1789584312493487104	1789584312493491200	1789584312493493248	7688	4	43	1	54759383041187	54759383051064
1872	178	1	114	118	1789584312493361152	1789584312493365248	1789584312493365248	1789584312493369344	1789584312493370368	7692	4	0	1	54759382734310	54759382744581
1873	178	15	178	118	1789584312493370368	1789584312493409280	1789584312493409280	1789584312493414400	1789584312493415424	7696	4	16	1	54759382845326	54759382857920
1874	178	23	114	118	1789584312493416448	1789584312493446144	1789584312493446144	1789584312493451264	1789584312493452288	7700	4	26	1	54759382937453	54759382948680
1875	178	37	178	118	1789584312493452288	1789584312493487104	1789584312493487104	1789584312493492224	1789584312493493248	7704	4	43	1	54759383041298	54759383053360
1876	179	1	115	118	1789584312493361152	1789584312493365248	1789584312493365248	1789584312493370368	1789584312493371392	7708	4	0	1	54759382734331	54759382745989
1877	179	15	179	118	1789584312493371392	1789584312493409280	1789584312493409280	1789584312493415424	1789584312493416448	7712	4	16	1	54759382845424	54759382859612
1878	179	23	115	118	1789584312493416448	1789584312493446144	1789584312493446144	1789584312493451264	1789584312493452288	7716	4	26	1	54759382937487	54759382949322
1879	179	37	179	118	1789584312493452288	1789584312493487104	1789584312493487104	1789584312493493248	1789584312493494272	7720	4	43	1	54759383041193	54759383055349
1880	180	1	116	120	1789584312493361152	1789584312493365248	1789584312493365248	1789584312493369344	1789584312493370368	7724	4	0	1	54707674092141	54707674101476
1881	180	15	180	120	1789584312493370368	1789584312493409280	1789584312493409280	1789584312493413376	1789584312493415424	7728	4	16	1	54707674203076	54707674212398
1882	180	23	116	120	1789584312493415424	1789584312493446144	1789584312493446144	1789584312493450240	1789584312493451264	7732	4	26	1	54707674295288	54707674304422
1883	180	37	180	120	1789584312493451264	1789584312493487104	1789584312493487104	1789584312493491200	1789584312493493248	7736	4	43	1	54707674399170	54707674408355
1884	181	1	117	120	1789584312493361152	1789584312493365248	1789584312493365248	1789584312493370368	1789584312493371392	7740	4	0	1	54707674092719	54707674103179
1885	181	15	181	120	1789584312493371392	1789584312493409280	1789584312493409280	1789584312493414400	1789584312493415424	7744	4	16	1	54707674203322	54707674215035
1886	181	23	117	120	1789584312493415424	1789584312493446144	1789584312493446144	1789584312493450240	1789584312493452288	7748	4	26	1	54707674295341	54707674306059
1887	181	37	181	120	1789584312493452288	1789584312493487104	1789584312493487104	1789584312493492224	1789584312493494272	7752	4	43	1	54707674399281	54707674411728
1888	182	1	118	120	1789584312493361152	1789584312493365248	1789584312493365248	1789584312493370368	1789584312493371392	7756	4	0	1	54707674092733	54707674104857
1889	182	15	182	120	1789584312493372416	1789584312493409280	1789584312493409280	1789584312493415424	1789584312493416448	7760	4	16	1	54707674203531	54707674217337
1890	182	23	118	120	1789584312493416448	1789584312493446144	1789584312493446144	1789584312493451264	1789584312493452288	7764	4	26	1	54707674295365	54707674307352
1891	182	37	182	120	1789584312493452288	1789584312493487104	1789584312493487104	1789584312493493248	1789584312493494272	7768	4	43	1	54707674399175	54707674413625
1892	183	1	119	122	1789584312493361152	1789584312493365248	1789584312493365248	1789584312493369344	1789584312493370368	7772	4	0	1	54736987794392	54736987803774
1893	183	15	183	122	1789584312493371392	1789584312493409280	1789584312493409280	1789584312493413376	1789584312493415424	7776	4	16	1	54736987905365	54736987915161
1894	183	23	119	122	1789584312493415424	1789584312493446144	1789584312493446144	1789584312493450240	1789584312493451264	7780	4	26	1	54736987997440	54736988006209
1895	183	37	183	122	1789584312493451264	1789584312493487104	1789584312493487104	1789584312493491200	1789584312493493248	7784	4	43	1	54736988101156	54736988110525
1896	184	1	120	122	1789584312493361152	1789584312493365248	1789584312493366272	1789584312493369344	1789584312493371392	7788	4	0	1	54736987794978	54736987804758
1897	184	15	184	122	1789584312493371392	1789584312493409280	1789584312493409280	1789584312493414400	1789584312493416448	7792	4	16	1	54736987905472	54736987917663
1898	184	23	120	122	1789584312493416448	1789584312493446144	1789584312493446144	1789584312493450240	1789584312493452288	7796	4	26	1	54736987997481	54736988008402
1899	184	37	184	122	1789584312493452288	1789584312493487104	1789584312493487104	1789584312493492224	1789584312493493248	7800	4	43	1	54736988101387	54736988113643
1900	185	1	121	122	1789584312493361152	1789584312493365248	1789584312493366272	1789584312493370368	1789584312493371392	7804	4	0	1	54736987794996	54736987807048
1901	185	15	185	122	1789584312493371392	1789584312493409280	1789584312493409280	1789584312493415424	1789584312493416448	7808	4	16	1	54736987905374	54736987919830
1902	185	23	121	122	1789584312493416448	1789584312493446144	1789584312493446144	1789584312493451264	1789584312493452288	7812	4	26	1	54736987997486	54736988010136
1903	185	37	185	122	1789584312493452288	1789584312493487104	1789584312493487104	1789584312493493248	1789584312493494272	7816	4	43	1	54736988101194	54736988115389
1904	186	1	122	124	1789584312493361152	1789584312493365248	1789584312493365248	1789584312493369344	1789584312493370368	7820	4	0	1	54750048816935	54750048826462
1905	186	15	186	124	1789584312493370368	1789584312493409280	1789584312493409280	1789584312493413376	1789584312493415424	7824	4	16	1	54750048928290	54750048938162
1906	186	23	122	124	1789584312493415424	1789584312493446144	1789584312493446144	1789584312493450240	1789584312493451264	7828	4	26	1	54750049020432	54750049030039
1907	186	37	186	124	1789584312493451264	1789584312493487104	1789584312493487104	1789584312493491200	1789584312493493248	7832	4	43	1	54750049124118	54750049133798
1908	187	1	123	124	1789584312493361152	1789584312493365248	1789584312493365248	1789584312493369344	1789584312493370368	7836	4	0	1	54750048817568	54750048827948
1909	187	15	187	124	1789584312493371392	1789584312493409280	1789584312493409280	1789584312493414400	1789584312493415424	7840	4	16	1	54750048928304	54750048940069
1910	187	23	123	124	1789584312493416448	1789584312493446144	1789584312493446144	1789584312493450240	1789584312493452288	7844	4	26	1	54750049020505	54750049031129
1911	187	37	187	124	1789584312493452288	1789584312493487104	1789584312493487104	1789584312493492224	1789584312493493248	7848	4	43	1	54750049124187	54750049136461
1912	188	1	124	124	1789584312493361152	1789584312493365248	1789584312493365248	1789584312493370368	1789584312493371392	7852	4	0	1	54750048817588	54750048829205
1913	188	15	188	124	1789584312493371392	1789584312493409280	1789584312493409280	1789584312493415424	1789584312493416448	7856	4	16	1	54750048928390	54750048942399
1914	188	23	124	124	1789584312493416448	1789584312493446144	1789584312493446144	1789584312493451264	1789584312493452288	7860	4	26	1	54750049020521	54750049033184
1915	188	37	188	124	1789584312493452288	1789584312493487104	1789584312493487104	1789584312493493248	1789584312493494272	7864	4	43	1	54750049124334	54750049138269
1916	189	1	125	126	1789584312493361152	1789584312493365248	1789584312493366272	1789584312493369344	1789584312493371392	7868	4	0	1	54686380599486	54686380609093
1917	189	15	189	126	1789584312493371392	1789584312493409280	1789584312493409280	1789584312493413376	1789584312493415424	7872	4	16	1	54686380709597	54686380719014
1918	189	23	125	126	1789584312493415424	1789584312493446144	1789584312493446144	1789584312493450240	1789584312493451264	7876	4	26	1	54686380801588	54686380810593
1919	189	37	189	126	1789584312493451264	1789584312493487104	1789584312493487104	1789584312493491200	1789584312493493248	7880	4	43	1	54686380905350	54686380914425
1920	190	1	126	126	1789584312493361152	1789584312493365248	1789584312493365248	1789584312493369344	1789584312493371392	7884	4	0	1	54686380598291	54686380609096
1921	190	15	190	126	1789584312493371392	1789584312493409280	1789584312493409280	1789584312493414400	1789584312493415424	7888	4	16	1	54686380709660	54686380721480
1922	190	23	126	126	1789584312493415424	1789584312493446144	1789584312493446144	1789584312493451264	1789584312493452288	7892	4	26	1	54686380801643	54686380812895
1923	190	37	190	126	1789584312493452288	1789584312493487104	1789584312493487104	1789584312493492224	1789584312493493248	7896	4	43	1	54686380905374	54686380917341
1924	191	1	127	126	1789584312493361152	1789584312493365248	1789584312493365248	1789584312493370368	1789584312493371392	7900	4	0	1	54686380598902	54686380610218
1925	191	15	191	126	1789584312493371392	1789584312493409280	1789584312493409280	1789584312493415424	1789584312493416448	7904	4	16	1	54686380709760	54686380723931
1926	191	23	127	126	1789584312493416448	1789584312493446144	1789584312493446144	1789584312493451264	1789584312493452288	7908	4	26	1	54686380801659	54686380814356
1927	191	37	191	126	1789584312493452288	1789584312493487104	1789584312493487104	1789584312493493248	1789584312493494272	7912	4	43	1	54686380905432	54686380919397
1928	192	5	0	1	1789584312493361152	1789584312493365248	1789584312493365248	1789584312493369344	1789584312493371392	7916	4	4	1	54742326760743	54742326770323
1929	192	15	192	1	1789584312493371392	1789584312493409280	1789584312493409280	1789584312493413376	1789584312493415424	7920	4	16	1	54742326871643	54742326880950
1930	192	27	0	1	1789584312493415424	1789584312493446144	1789584312493446144	1789584312493450240	1789584312493451264	7924	4	30	1	54742326963846	54742326973312
1931	192	37	192	1	1789584312493451264	1789584312493487104	1789584312493488128	1789584312493491200	1789584312493493248	7928	4	43	1	54742327067730	54742327076569
1932	193	5	1	1	1789584312493361152	1789584312493366272	1789584312493366272	1789584312493370368	1789584312493371392	7932	4	4	1	54742326761371	54742326771788
1933	193	15	193	1	1789584312493371392	1789584312493409280	1789584312493409280	1789584312493414400	1789584312493416448	7936	4	16	1	54742326871758	54742326884371
1934	193	27	1	1	1789584312493416448	1789584312493446144	1789584312493446144	1789584312493451264	1789584312493452288	7940	4	30	1	54742326963858	54742326974900
1935	193	37	193	1	1789584312493452288	1789584312493487104	1789584312493487104	1789584312493492224	1789584312493494272	7944	4	43	1	54742327067521	54742327080405
1936	194	5	2	1	1789584312493361152	1789584312493366272	1789584312493366272	1789584312493370368	1789584312493371392	7948	4	4	1	54742326761379	54742326773618
1937	194	15	194	1	1789584312493372416	1789584312493409280	1789584312493409280	1789584312493415424	1789584312493416448	7952	4	16	1	54742326871670	54742326886337
1938	194	27	2	1	1789584312493416448	1789584312493446144	1789584312493446144	1789584312493451264	1789584312493452288	7956	4	30	1	54742326963874	54742326976279
1939	194	37	194	1	1789584312493452288	1789584312493487104	1789584312493487104	1789584312493493248	1789584312493494272	7960	4	43	1	54742327067545	54742327081675
1940	195	5	3	3	1789584312493361152	1789584312493365248	1789584312493366272	1789584312493369344	1789584312493371392	7964	4	4	1	54763502763686	54763502773706
1941	195	15	195	3	1789584312493371392	1789584312493409280	1789584312493409280	1789584312493413376	1789584312493415424	7968	4	16	1	54763502874215	54763502883659
1942	195	27	3	3	1789584312493415424	1789584312493446144	1789584312493446144	1789584312493450240	1789584312493452288	7972	4	30	1	54763502966292	54763502976028
1943	195	37	195	3	1789584312493452288	1789584312493487104	1789584312493487104	1789584312493491200	1789584312493493248	7976	4	43	1	54763503070162	54763503079602
1944	196	5	4	3	1789584312493361152	1789584312493365248	1789584312493366272	1789584312493370368	1789584312493371392	7980	4	4	1	54763502763710	54763502774992
1945	196	15	196	3	1789584312493371392	1789584312493409280	1789584312493409280	1789584312493414400	1789584312493416448	7984	4	16	1	54763502874293	54763502886452
1946	196	27	4	3	1789584312493416448	1789584312493446144	1789584312493446144	1789584312493450240	1789584312493452288	7988	4	30	1	54763502966304	54763502977210
1947	196	37	196	3	1789584312493452288	1789584312493487104	1789584312493487104	1789584312493492224	1789584312493494272	7992	4	43	1	54763503070254	54763503082436
1948	197	5	5	3	1789584312493361152	1789584312493365248	1789584312493366272	1789584312493371392	1789584312493372416	7996	4	4	1	54763502763714	54763502776650
1949	197	15	197	3	1789584312493372416	1789584312493409280	1789584312493409280	1789584312493415424	1789584312493416448	8000	4	16	1	54763502874111	54763502888780
1950	197	27	5	3	1789584312493416448	1789584312493446144	1789584312493446144	1789584312493451264	1789584312493452288	8004	4	30	1	54763502966320	54763502979066
1951	197	37	197	3	1789584312493452288	1789584312493487104	1789584312493487104	1789584312493493248	1789584312493494272	8008	4	43	1	54763503070256	54763503084973
1952	198	5	6	5	1789584312493361152	1789584312493365248	1789584312493365248	1789584312493369344	1789584312493371392	8012	4	4	1	54744457803308	54744457813832
1953	198	15	198	5	1789584312493371392	1789584312493409280	1789584312493409280	1789584312493413376	1789584312493415424	8016	4	16	1	54744457914332	54744457924105
1954	198	27	6	5	1789584312493415424	1789584312493446144	1789584312493446144	1789584312493450240	1789584312493451264	8020	4	30	1	54744458006370	54744458016002
1955	198	37	198	5	1789584312493451264	1789584312493487104	1789584312493487104	1789584312493491200	1789584312493493248	8024	4	43	1	54744458110236	54744458119631
1956	199	5	7	5	1789584312493361152	1789584312493365248	1789584312493365248	1789584312493370368	1789584312493371392	8028	4	4	1	54744457803370	54744457814194
1957	199	15	199	5	1789584312493371392	1789584312493409280	1789584312493409280	1789584312493414400	1789584312493415424	8032	4	16	1	54744457914342	54744457925115
1958	199	27	7	5	1789584312493415424	1789584312493446144	1789584312493446144	1789584312493450240	1789584312493452288	8036	4	30	1	54744458006375	54744458017413
1959	199	37	199	5	1789584312493452288	1789584312493487104	1789584312493487104	1789584312493492224	1789584312493493248	8040	4	43	1	54744458110302	54744458121970
1960	200	5	8	5	1789584312493361152	1789584312493365248	1789584312493365248	1789584312493370368	1789584312493371392	8044	4	4	1	54744457803405	54744457814907
1961	200	15	200	5	1789584312493371392	1789584312493409280	1789584312493409280	1789584312493415424	1789584312493416448	8048	4	16	1	54744457914409	54744457928603
1962	200	27	8	5	1789584312493416448	1789584312493446144	1789584312493446144	1789584312493451264	1789584312493452288	8052	4	30	1	54744458006395	54744458019059
1963	200	37	200	5	1789584312493452288	1789584312493487104	1789584312493487104	1789584312493493248	1789584312493494272	8056	4	43	1	54744458110133	54744458124111
1964	201	5	9	7	1789584312493361152	1789584312493365248	1789584312493365248	1789584312493369344	1789584312493370368	8060	4	4	1	54748349110036	54748349119679
1965	201	15	201	7	1789584312493370368	1789584312493409280	1789584312493409280	1789584312493413376	1789584312493415424	8064	4	16	1	54748349221518	54748349230896
1966	201	27	9	7	1789584312493415424	1789584312493446144	1789584312493446144	1789584312493450240	1789584312493451264	8068	4	30	1	54748349313567	54748349322921
1967	201	37	201	7	1789584312493451264	1789584312493487104	1789584312493487104	1789584312493491200	1789584312493493248	8072	4	43	1	54748349417444	54748349426978
1968	202	5	10	7	1789584312493361152	1789584312493365248	1789584312493365248	1789584312493369344	1789584312493370368	8076	4	4	1	54748349110663	54748349120879
1969	202	15	202	7	1789584312493370368	1789584312493409280	1789584312493409280	1789584312493414400	1789584312493415424	8080	4	16	1	54748349221548	54748349232829
1970	202	27	10	7	1789584312493415424	1789584312493446144	1789584312493446144	1789584312493451264	1789584312493452288	8084	4	30	1	54748349313572	54748349324864
1971	202	37	202	7	1789584312493452288	1789584312493487104	1789584312493487104	1789584312493492224	1789584312493493248	8088	4	43	1	54748349417522	54748349429439
1972	203	5	11	7	1789584312493361152	1789584312493365248	1789584312493365248	1789584312493370368	1789584312493371392	8092	4	4	1	54748349110676	54748349121795
1973	203	15	203	7	1789584312493371392	1789584312493409280	1789584312493409280	1789584312493415424	1789584312493416448	8096	4	16	1	54748349221610	54748349235960
1974	203	27	11	7	1789584312493416448	1789584312493446144	1789584312493446144	1789584312493451264	1789584312493452288	8100	4	30	1	54748349313592	54748349325844
1975	203	37	203	7	1789584312493452288	1789584312493487104	1789584312493487104	1789584312493493248	1789584312493494272	8104	4	43	1	54748349417340	54748349431866
1976	204	5	12	9	1789584312493361152	1789584312493365248	1789584312493365248	1789584312493369344	1789584312493370368	8108	4	4	1	54759382734164	54759382743199
1977	204	15	204	9	1789584312493370368	1789584312493409280	1789584312493409280	1789584312493413376	1789584312493415424	8112	4	16	1	54759382845459	54759382855002
1978	204	27	12	9	1789584312493415424	1789584312493446144	1789584312493446144	1789584312493450240	1789584312493451264	8116	4	30	1	54759382937494	54759382946459
1979	204	37	204	9	1789584312493451264	1789584312493487104	1789584312493487104	1789584312493491200	1789584312493493248	8120	4	43	1	54759383041279	54759383051191
1980	205	5	13	9	1789584312493361152	1789584312493365248	1789584312493366272	1789584312493370368	1789584312493371392	8124	4	4	1	54759382734798	54759382745446
1981	205	15	205	9	1789584312493371392	1789584312493409280	1789584312493409280	1789584312493414400	1789584312493415424	8128	4	16	1	54759382845474	54759382857835
1982	205	27	13	9	1789584312493416448	1789584312493446144	1789584312493446144	1789584312493450240	1789584312493452288	8132	4	30	1	54759382937508	54759382948542
1983	205	37	205	9	1789584312493452288	1789584312493487104	1789584312493487104	1789584312493492224	1789584312493494272	8136	4	43	1	54759383041302	54759383053481
1984	206	5	14	9	1789584312493361152	1789584312493365248	1789584312493366272	1789584312493370368	1789584312493371392	8140	4	4	1	54759382734809	54759382746664
1985	206	15	206	9	1789584312493371392	1789584312493409280	1789584312493409280	1789584312493415424	1789584312493416448	8144	4	16	1	54759382845275	54759382860014
1986	206	27	14	9	1789584312493416448	1789584312493446144	1789584312493446144	1789584312493451264	1789584312493452288	8148	4	30	1	54759382937545	54759382949937
1987	206	37	206	9	1789584312493452288	1789584312493487104	1789584312493487104	1789584312493493248	1789584312493494272	8152	4	43	1	54759383041337	54759383055597
1988	207	5	15	11	1789584312493361152	1789584312493365248	1789584312493365248	1789584312493369344	1789584312493370368	8156	4	4	1	54707674091885	54707674101230
1989	207	15	207	11	1789584312493370368	1789584312493409280	1789584312493409280	1789584312493413376	1789584312493415424	8160	4	16	1	54707674203400	54707674212656
1990	207	27	15	11	1789584312493415424	1789584312493446144	1789584312493446144	1789584312493450240	1789584312493451264	8164	4	30	1	54707674295393	54707674304401
1991	207	37	207	11	1789584312493451264	1789584312493487104	1789584312493487104	1789584312493491200	1789584312493493248	8168	4	43	1	54707674399159	54707674408449
1992	208	5	16	11	1789584312493361152	1789584312493365248	1789584312493365248	1789584312493369344	1789584312493370368	8172	4	4	1	54707674092494	54707674102298
1993	208	15	208	11	1789584312493370368	1789584312493409280	1789584312493409280	1789584312493414400	1789584312493416448	8176	4	16	1	54707674203430	54707674215985
1994	208	27	16	11	1789584312493416448	1789584312493446144	1789584312493446144	1789584312493450240	1789584312493452288	8180	4	30	1	54707674295406	54707674306248
1995	208	37	208	11	1789584312493452288	1789584312493487104	1789584312493487104	1789584312493492224	1789584312493494272	8184	4	43	1	54707674399187	54707674410913
1996	209	5	17	11	1789584312493361152	1789584312493365248	1789584312493365248	1789584312493370368	1789584312493371392	8188	4	4	1	54707674092513	54707674104647
1997	209	15	209	11	1789584312493371392	1789584312493409280	1789584312493409280	1789584312493415424	1789584312493416448	8192	4	16	1	54707674203492	54707674217960
1998	209	27	17	11	1789584312493416448	1789584312493446144	1789584312493446144	1789584312493451264	1789584312493452288	8196	4	30	1	54707674295445	54707674308087
1999	209	37	209	11	1789584312493452288	1789584312493487104	1789584312493487104	1789584312493493248	1789584312493494272	8200	4	43	1	54707674399231	54707674413495
2000	210	5	18	13	1789584312493361152	1789584312493365248	1789584312493365248	1789584312493369344	1789584312493370368	8204	4	4	1	54736987793974	54736987802859
2001	210	15	210	13	1789584312493370368	1789584312493409280	1789584312493409280	1789584312493413376	1789584312493415424	8208	4	16	1	54736987905563	54736987915156
2002	210	27	18	13	1789584312493415424	1789584312493446144	1789584312493446144	1789584312493450240	1789584312493451264	8212	4	30	1	54736987997489	54736988007091
2003	210	37	210	13	1789584312493451264	1789584312493487104	1789584312493487104	1789584312493491200	1789584312493493248	8216	4	43	1	54736988101357	54736988111017
2004	211	5	19	13	1789584312493361152	1789584312493365248	1789584312493365248	1789584312493370368	1789584312493371392	8220	4	4	1	54736987794030	54736987805127
2005	211	15	211	13	1789584312493371392	1789584312493409280	1789584312493409280	1789584312493414400	1789584312493416448	8224	4	16	1	54736987905358	54736987917292
2006	211	27	19	13	1789584312493416448	1789584312493446144	1789584312493446144	1789584312493450240	1789584312493452288	8228	4	30	1	54736987997505	54736988008501
2007	211	37	211	13	1789584312493452288	1789584312493487104	1789584312493487104	1789584312493492224	1789584312493493248	8232	4	43	1	54736988101367	54736988113054
2008	212	5	20	13	1789584312493361152	1789584312493365248	1789584312493365248	1789584312493370368	1789584312493371392	8236	4	4	1	54736987794050	54736987806298
2009	212	15	212	13	1789584312493371392	1789584312493409280	1789584312493409280	1789584312493415424	1789584312493416448	8240	4	16	1	54736987905486	54736987919479
2010	212	27	20	13	1789584312493416448	1789584312493446144	1789584312493446144	1789584312493451264	1789584312493452288	8244	4	30	1	54736987997517	54736988009686
2011	212	37	212	13	1789584312493452288	1789584312493487104	1789584312493487104	1789584312493493248	1789584312493494272	8248	4	43	1	54736988101434	54736988115363
2012	213	5	21	15	1789584312493361152	1789584312493365248	1789584312493365248	1789584312493369344	1789584312493371392	8252	4	4	1	54750048817531	54750048827559
2013	213	15	213	15	1789584312493371392	1789584312493409280	1789584312493409280	1789584312493413376	1789584312493415424	8256	4	16	1	54750048928389	54750048938091
2014	213	27	21	15	1789584312493415424	1789584312493446144	1789584312493446144	1789584312493450240	1789584312493451264	8260	4	30	1	54750049020475	54750049030043
2015	213	37	213	15	1789584312493451264	1789584312493487104	1789584312493487104	1789584312493491200	1789584312493493248	8264	4	43	1	54750049124333	54750049133827
2016	214	5	22	15	1789584312493361152	1789584312493365248	1789584312493365248	1789584312493370368	1789584312493371392	8268	4	4	1	54750048817555	54750048828551
2017	214	15	214	15	1789584312493371392	1789584312493409280	1789584312493409280	1789584312493414400	1789584312493415424	8272	4	16	1	54750048928399	54750048940536
2018	214	27	22	15	1789584312493416448	1789584312493446144	1789584312493446144	1789584312493450240	1789584312493452288	8276	4	30	1	54750049020488	54750049031575
2019	214	37	214	15	1789584312493452288	1789584312493487104	1789584312493487104	1789584312493492224	1789584312493493248	8280	4	43	1	54750049124414	54750049136536
2020	215	5	23	15	1789584312493361152	1789584312493365248	1789584312493365248	1789584312493370368	1789584312493371392	8284	4	4	1	54750048817559	54750048829190
2021	215	15	215	15	1789584312493371392	1789584312493409280	1789584312493409280	1789584312493415424	1789584312493416448	8288	4	16	1	54750048928466	54750048942418
2022	215	27	23	15	1789584312493416448	1789584312493446144	1789584312493446144	1789584312493451264	1789584312493452288	8292	4	30	1	54750049020527	54750049032730
2023	215	37	215	15	1789584312493452288	1789584312493487104	1789584312493487104	1789584312493493248	1789584312493494272	8296	4	43	1	54750049124458	54750049138396
2024	216	5	24	17	1789584312493361152	1789584312493365248	1789584312493366272	1789584312493369344	1789584312493371392	8300	4	4	1	54686380599420	54686380608676
2025	216	15	216	17	1789584312493371392	1789584312493409280	1789584312493409280	1789584312493413376	1789584312493415424	8304	4	16	1	54686380709805	54686380719874
2026	216	27	24	17	1789584312493415424	1789584312493446144	1789584312493446144	1789584312493450240	1789584312493451264	8308	4	30	1	54686380801693	54686380810734
2027	216	37	216	17	1789584312493451264	1789584312493487104	1789584312493487104	1789584312493491200	1789584312493493248	8312	4	43	1	54686380905556	54686380914792
2028	217	5	25	17	1789584312493361152	1789584312493365248	1789584312493366272	1789584312493370368	1789584312493371392	8316	4	4	1	54686380599426	54686380610187
2029	217	15	217	17	1789584312493371392	1789584312493409280	1789584312493409280	1789584312493414400	1789584312493416448	8320	4	16	1	54686380709883	54686380722078
2030	217	27	25	17	1789584312493416448	1789584312493446144	1789584312493446144	1789584312493450240	1789584312493452288	8324	4	30	1	54686380801709	54686380812787
2031	217	37	217	17	1789584312493452288	1789584312493487104	1789584312493487104	1789584312493492224	1789584312493493248	8328	4	43	1	54686380905620	54686380917777
2032	218	5	26	17	1789584312493361152	1789584312493365248	1789584312493366272	1789584312493370368	1789584312493372416	8332	4	4	1	54686380599446	54686380611905
2033	218	15	218	17	1789584312493372416	1789584312493409280	1789584312493409280	1789584312493415424	1789584312493416448	8336	4	16	1	54686380709701	54686380724283
2034	218	27	26	17	1789584312493416448	1789584312493446144	1789584312493446144	1789584312493451264	1789584312493452288	8340	4	30	1	54686380801727	54686380814265
2035	218	37	218	17	1789584312493452288	1789584312493487104	1789584312493487104	1789584312493493248	1789584312493494272	8344	4	43	1	54686380905677	54686380919899
2036	219	5	27	19	1789584312493361152	1789584312493365248	1789584312493365248	1789584312493369344	1789584312493370368	8348	4	4	1	54734061236462	54734061245300
2037	219	15	219	19	1789584312493370368	1789584312493409280	1789584312493409280	1789584312493413376	1789584312493414400	8352	4	16	1	54734061347319	54734061356418
2038	219	27	27	19	1789584312493415424	1789584312493446144	1789584312493446144	1789584312493450240	1789584312493451264	8356	4	30	1	54734061439460	54734061448833
2039	219	37	219	19	1789584312493451264	1789584312493487104	1789584312493487104	1789584312493491200	1789584312493493248	8360	4	43	1	54734061543319	54734061552374
2040	220	5	28	19	1789584312493361152	1789584312493365248	1789584312493365248	1789584312493370368	1789584312493370368	8364	4	4	1	54734061236472	54734061247497
2041	220	15	220	19	1789584312493371392	1789584312493409280	1789584312493409280	1789584312493414400	1789584312493415424	8368	4	16	1	54734061347394	54734061359328
2042	220	27	28	19	1789584312493415424	1789584312493446144	1789584312493446144	1789584312493450240	1789584312493451264	8372	4	30	1	54734061439480	54734061450251
2043	220	37	220	19	1789584312493451264	1789584312493487104	1789584312493487104	1789584312493492224	1789584312493493248	8376	4	43	1	54734061543329	54734061554790
2044	221	5	29	19	1789584312493361152	1789584312493365248	1789584312493365248	1789584312493370368	1789584312493371392	8380	4	4	1	54734061236493	54734061248886
2045	221	15	221	19	1789584312493371392	1789584312493409280	1789584312493409280	1789584312493415424	1789584312493416448	8384	4	16	1	54734061347218	54734061361452
2046	221	27	29	19	1789584312493416448	1789584312493446144	1789584312493446144	1789584312493451264	1789584312493452288	8388	4	30	1	54734061439489	54734061452262
2047	221	37	221	19	1789584312493452288	1789584312493487104	1789584312493487104	1789584312493493248	1789584312493494272	8392	4	43	1	54734061543389	54734061557687
2048	222	5	30	21	1789584312493361152	1789584312493365248	1789584312493365248	1789584312493369344	1789584312493370368	8396	4	4	1	54749619324459	54749619333467
2049	222	15	222	21	1789584312493370368	1789584312493409280	1789584312493409280	1789584312493413376	1789584312493415424	8400	4	16	1	54749619436048	54749619445304
2050	222	27	30	21	1789584312493415424	1789584312493446144	1789584312493446144	1789584312493450240	1789584312493451264	8404	4	30	1	54749619528054	54749619537622
2051	222	37	222	21	1789584312493451264	1789584312493487104	1789584312493487104	1789584312493491200	1789584312493493248	8408	4	43	1	54749619631838	54749619641773
2052	223	5	31	21	1789584312493361152	1789584312493365248	1789584312493365248	1789584312493370368	1789584312493371392	8412	4	4	1	54749619325001	54749619336265
2053	223	15	223	21	1789584312493371392	1789584312493409280	1789584312493409280	1789584312493414400	1789584312493415424	8416	4	16	1	54749619435850	54749619447654
2054	223	27	31	21	1789584312493415424	1789584312493446144	1789584312493446144	1789584312493450240	1789584312493452288	8420	4	30	1	54749619528070	54749619539210
2055	223	37	223	21	1789584312493452288	1789584312493487104	1789584312493487104	1789584312493492224	1789584312493494272	8424	4	43	1	54749619631866	54749619644778
2056	224	5	32	21	1789584312493361152	1789584312493365248	1789584312493365248	1789584312493370368	1789584312493371392	8428	4	4	1	54749619325006	54749619336660
2057	224	15	224	21	1789584312493371392	1789584312493409280	1789584312493409280	1789584312493415424	1789584312493416448	8432	4	16	1	54749619435977	54749619449835
2058	224	27	32	21	1789584312493416448	1789584312493446144	1789584312493446144	1789584312493451264	1789584312493452288	8436	4	30	1	54749619528082	54749619540706
2059	224	37	224	21	1789584312493452288	1789584312493487104	1789584312493487104	1789584312493493248	1789584312493494272	8440	4	43	1	54749619631910	54749619645943
2060	225	5	33	23	1789584312493361152	1789584312493365248	1789584312493366272	1789584312493369344	1789584312493371392	8444	4	4	1	54742326761151	54742326771022
2061	225	15	225	23	1789584312493371392	1789584312493409280	1789584312493409280	1789584312493413376	1789584312493415424	8448	4	16	1	54742326871539	54742326881672
2062	225	27	33	23	1789584312493415424	1789584312493446144	1789584312493446144	1789584312493450240	1789584312493451264	8452	4	30	1	54742326963654	54742326972961
2063	225	37	225	23	1789584312493451264	1789584312493487104	1789584312493487104	1789584312493491200	1789584312493493248	8456	4	43	1	54742327067535	54742327077185
2064	226	5	34	23	1789584312493361152	1789584312493365248	1789584312493366272	1789584312493370368	1789584312493371392	8460	4	4	1	54742326761166	54742326772151
2065	226	15	226	23	1789584312493371392	1789584312493409280	1789584312493409280	1789584312493414400	1789584312493415424	8464	4	16	1	54742326871469	54742326883357
2066	226	27	34	23	1789584312493416448	1789584312493446144	1789584312493446144	1789584312493451264	1789584312493452288	8468	4	30	1	54742326963659	54742326974949
2067	226	37	226	23	1789584312493452288	1789584312493487104	1789584312493487104	1789584312493492224	1789584312493493248	8472	4	43	1	54742327067617	54742327079362
2068	227	5	35	23	1789584312493361152	1789584312493365248	1789584312493366272	1789584312493370368	1789584312493371392	8476	4	4	1	54742326761188	54742326772849
2069	227	15	227	23	1789584312493371392	1789584312493409280	1789584312493409280	1789584312493415424	1789584312493416448	8480	4	16	1	54742326871551	54742326885196
2070	227	27	35	23	1789584312493416448	1789584312493446144	1789584312493446144	1789584312493451264	1789584312493452288	8484	4	30	1	54742326963679	54742326975700
2071	227	37	227	23	1789584312493452288	1789584312493487104	1789584312493487104	1789584312493493248	1789584312493494272	8488	4	43	1	54742327067431	54742327081883
2072	228	5	36	25	1789584312493361152	1789584312493365248	1789584312493365248	1789584312493369344	1789584312493371392	8492	4	4	1	54763502763404	54763502772498
2073	228	15	228	25	1789584312493371392	1789584312493409280	1789584312493409280	1789584312493413376	1789584312493415424	8496	4	16	1	54763502874022	54763502883975
2074	228	27	36	25	1789584312493415424	1789584312493446144	1789584312493446144	1789584312493450240	1789584312493451264	8500	4	30	1	54763502966259	54763502975236
2075	228	37	228	25	1789584312493451264	1789584312493487104	1789584312493487104	1789584312493491200	1789584312493493248	8504	4	43	1	54763503070182	54763503079497
2076	229	5	37	25	1789584312493361152	1789584312493365248	1789584312493365248	1789584312493370368	1789584312493371392	8508	4	4	1	54763502763408	54763502774208
2077	229	15	229	25	1789584312493371392	1789584312493409280	1789584312493409280	1789584312493414400	1789584312493415424	8512	4	16	1	54763502874058	54763502885904
2078	229	27	37	25	1789584312493415424	1789584312493446144	1789584312493446144	1789584312493451264	1789584312493452288	8516	4	30	1	54763502966283	54763502977647
2079	229	37	229	25	1789584312493452288	1789584312493487104	1789584312493487104	1789584312493492224	1789584312493494272	8520	4	43	1	54763503070247	54763503082316
2080	230	5	38	25	1789584312493361152	1789584312493365248	1789584312493365248	1789584312493370368	1789584312493372416	8524	4	4	1	54763502763425	54763502775971
2081	230	15	230	25	1789584312493372416	1789584312493409280	1789584312493409280	1789584312493415424	1789584312493416448	8528	4	16	1	54763502873978	54763502888317
2082	230	27	38	25	1789584312493416448	1789584312493446144	1789584312493446144	1789584312493451264	1789584312493452288	8532	4	30	1	54763502966302	54763502979037
2083	230	37	230	25	1789584312493452288	1789584312493487104	1789584312493487104	1789584312493493248	1789584312493494272	8536	4	43	1	54763503070059	54763503084530
2084	231	5	39	27	1789584312493361152	1789584312493365248	1789584312493365248	1789584312493369344	1789584312493370368	8540	4	4	1	54744457802885	54744457812279
2085	231	15	231	27	1789584312493370368	1789584312493409280	1789584312493409280	1789584312493413376	1789584312493415424	8544	4	16	1	54744457914152	54744457923845
2086	231	27	39	27	1789584312493415424	1789584312493446144	1789584312493446144	1789584312493450240	1789584312493451264	8548	4	30	1	54744458006313	54744458015699
2087	231	37	231	27	1789584312493451264	1789584312493487104	1789584312493487104	1789584312493491200	1789584312493493248	8552	4	43	1	54744458110176	54744458119626
2088	232	5	40	27	1789584312493361152	1789584312493365248	1789584312493365248	1789584312493369344	1789584312493370368	8556	4	4	1	54744457803492	54744457812848
2089	232	15	232	27	1789584312493370368	1789584312493409280	1789584312493409280	1789584312493414400	1789584312493416448	8560	4	16	1	54744457914172	54744457926346
2090	232	27	40	27	1789584312493416448	1789584312493446144	1789584312493446144	1789584312493450240	1789584312493451264	8564	4	30	1	54744458006340	54744458016443
2091	232	37	232	27	1789584312493451264	1789584312493487104	1789584312493487104	1789584312493492224	1789584312493493248	8568	4	43	1	54744458110202	54744458121872
2092	233	5	41	27	1789584312493361152	1789584312493365248	1789584312493365248	1789584312493370368	1789584312493371392	8572	4	4	1	54744457803497	54744457816102
2093	233	15	233	27	1789584312493372416	1789584312493409280	1789584312493409280	1789584312493415424	1789584312493416448	8576	4	16	1	54744457914207	54744457928510
2094	233	27	41	27	1789584312493416448	1789584312493446144	1789584312493446144	1789584312493451264	1789584312493452288	8580	4	30	1	54744458006342	54744458019025
2095	233	37	233	27	1789584312493452288	1789584312493487104	1789584312493487104	1789584312493493248	1789584312493494272	8584	4	43	1	54744458110276	54744458124715
2096	234	5	42	29	1789584312493361152	1789584312493365248	1789584312493365248	1789584312493369344	1789584312493371392	8588	4	4	1	54748349110588	54748349119752
2097	234	15	234	29	1789584312493371392	1789584312493409280	1789584312493409280	1789584312493413376	1789584312493415424	8592	4	16	1	54748349221368	54748349230964
2098	234	27	42	29	1789584312493415424	1789584312493446144	1789584312493446144	1789584312493450240	1789584312493451264	8596	4	30	1	54748349313519	54748349322712
2099	234	37	234	29	1789584312493451264	1789584312493487104	1789584312493487104	1789584312493491200	1789584312493493248	8600	4	43	1	54748349417326	54748349426651
2100	235	5	43	29	1789584312493361152	1789584312493366272	1789584312493366272	1789584312493370368	1789584312493371392	8604	4	4	1	54748349111246	54748349121504
2101	235	15	235	29	1789584312493371392	1789584312493409280	1789584312493409280	1789584312493414400	1789584312493415424	8608	4	16	1	54748349221391	54748349232781
2102	235	27	43	29	1789584312493416448	1789584312493446144	1789584312493446144	1789584312493450240	1789584312493452288	8612	4	30	1	54748349313531	54748349324258
2103	235	37	235	29	1789584312493452288	1789584312493487104	1789584312493487104	1789584312493492224	1789584312493493248	8616	4	43	1	54748349417360	54748349428982
2104	236	5	44	29	1789584312493361152	1789584312493366272	1789584312493366272	1789584312493370368	1789584312493371392	8620	4	4	1	54748349111272	54748349122421
2105	236	15	236	29	1789584312493371392	1789584312493409280	1789584312493409280	1789584312493415424	1789584312493416448	8624	4	16	1	54748349221426	54748349235518
2106	236	27	44	29	1789584312493416448	1789584312493446144	1789584312493446144	1789584312493451264	1789584312493452288	8628	4	30	1	54748349313559	54748349325586
2107	236	37	236	29	1789584312493452288	1789584312493487104	1789584312493487104	1789584312493493248	1789584312493494272	8632	4	43	1	54748349417285	54748349431286
2108	237	5	45	31	1789584312493361152	1789584312493365248	1789584312493365248	1789584312493369344	1789584312493370368	8636	4	4	1	54759382733796	54759382743387
2109	237	15	237	31	1789584312493371392	1789584312493409280	1789584312493409280	1789584312493413376	1789584312493415424	8640	4	16	1	54759382845251	54759382855009
2110	237	27	45	31	1789584312493415424	1789584312493446144	1789584312493446144	1789584312493450240	1789584312493451264	8644	4	30	1	54759382937485	54759382947292
2111	237	37	237	31	1789584312493451264	1789584312493487104	1789584312493487104	1789584312493491200	1789584312493493248	8648	4	43	1	54759383041207	54759383050428
2112	238	5	46	31	1789584312493361152	1789584312493365248	1789584312493365248	1789584312493369344	1789584312493370368	8652	4	4	1	54759382734399	54759382744819
2113	238	15	238	31	1789584312493371392	1789584312493409280	1789584312493409280	1789584312493414400	1789584312493415424	8656	4	16	1	54759382845275	54759382857443
2114	238	27	46	31	1789584312493415424	1789584312493446144	1789584312493446144	1789584312493450240	1789584312493452288	8660	4	30	1	54759382937505	54759382948561
2115	238	37	238	31	1789584312493452288	1789584312493487104	1789584312493487104	1789584312493492224	1789584312493493248	8664	4	43	1	54759383041269	54759383053440
2116	239	5	47	31	1789584312493361152	1789584312493365248	1789584312493365248	1789584312493370368	1789584312493371392	8668	4	4	1	54759382734408	54759382746954
2117	239	15	239	31	1789584312493371392	1789584312493409280	1789584312493409280	1789584312493415424	1789584312493416448	8672	4	16	1	54759382845295	54759382859121
2118	239	27	47	31	1789584312493416448	1789584312493446144	1789584312493446144	1789584312493451264	1789584312493452288	8676	4	30	1	54759382937520	54759382949327
2119	239	37	239	31	1789584312493452288	1789584312493487104	1789584312493487104	1789584312493493248	1789584312493494272	8680	4	43	1	54759383041290	54759383055446
2120	240	5	48	33	1789584312493361152	1789584312493365248	1789584312493366272	1789584312493370368	1789584312493371392	8684	4	4	1	54707674093104	54707674103231
2121	240	15	240	33	1789584312493371392	1789584312493409280	1789584312493409280	1789584312493413376	1789584312493415424	8688	4	16	1	54707674203391	54707674212699
2122	240	27	48	33	1789584312493415424	1789584312493446144	1789584312493446144	1789584312493450240	1789584312493451264	8692	4	30	1	54707674295356	54707674304748
2123	240	37	240	33	1789584312493451264	1789584312493487104	1789584312493487104	1789584312493491200	1789584312493493248	8696	4	43	1	54707674399272	54707674408654
2124	241	5	49	33	1789584312493361152	1789584312493365248	1789584312493366272	1789584312493370368	1789584312493371392	8700	4	4	1	54707674093109	54707674104523
2125	241	15	241	33	1789584312493371392	1789584312493409280	1789584312493409280	1789584312493414400	1789584312493415424	8704	4	16	1	54707674203469	54707674215693
2126	241	27	49	33	1789584312493416448	1789584312493446144	1789584312493446144	1789584312493450240	1789584312493452288	8708	4	30	1	54707674295361	54707674306354
2127	241	37	241	33	1789584312493452288	1789584312493487104	1789584312493487104	1789584312493492224	1789584312493494272	8712	4	43	1	54707674399302	54707674411445
2128	242	5	50	33	1789584312493361152	1789584312493366272	1789584312493366272	1789584312493370368	1789584312493372416	8716	4	4	1	54707674093129	54707674105558
2129	242	15	242	33	1789584312493372416	1789584312493409280	1789584312493409280	1789584312493415424	1789584312493416448	8720	4	16	1	54707674203287	54707674217658
2130	242	27	50	33	1789584312493416448	1789584312493446144	1789584312493446144	1789584312493451264	1789584312493452288	8724	4	30	1	54707674295381	54707674308108
2131	242	37	242	33	1789584312493452288	1789584312493487104	1789584312493487104	1789584312493493248	1789584312493494272	8728	4	43	1	54707674399364	54707674413668
2132	243	5	51	35	1789584312493361152	1789584312493365248	1789584312493365248	1789584312493369344	1789584312493371392	8732	4	4	1	54736987794702	54736987804512
2133	243	15	243	35	1789584312493371392	1789584312493409280	1789584312493409280	1789584312493413376	1789584312493415424	8736	4	16	1	54736987905294	54736987914816
2134	243	27	51	35	1789584312493415424	1789584312493446144	1789584312493446144	1789584312493450240	1789584312493451264	8740	4	30	1	54736987997440	54736988007497
2135	243	37	243	35	1789584312493452288	1789584312493487104	1789584312493487104	1789584312493491200	1789584312493493248	8744	4	43	1	54736988101318	54736988110672
2136	244	5	52	35	1789584312493361152	1789584312493365248	1789584312493365248	1789584312493370368	1789584312493371392	8748	4	4	1	54736987794704	54736987805564
2137	244	15	244	35	1789584312493371392	1789584312493409280	1789584312493409280	1789584312493414400	1789584312493416448	8752	4	16	1	54736987905319	54736987917589
2138	244	27	52	35	1789584312493416448	1789584312493446144	1789584312493446144	1789584312493450240	1789584312493451264	8756	4	30	1	54736987997466	54736988007961
2139	244	37	244	35	1789584312493452288	1789584312493487104	1789584312493487104	1789584312493492224	1789584312493493248	8760	4	43	1	54736988101348	54736988113156
2140	245	5	53	35	1789584312493361152	1789584312493365248	1789584312493365248	1789584312493370368	1789584312493371392	8764	4	4	1	54736987794784	54736987807488
2141	245	15	245	35	1789584312493372416	1789584312493409280	1789584312493409280	1789584312493415424	1789584312493416448	8768	4	16	1	54736987905241	54736987919663
2142	245	27	53	35	1789584312493416448	1789584312493446144	1789584312493446144	1789584312493451264	1789584312493452288	8772	4	30	1	54736987997492	54736988010425
2143	245	37	245	35	1789584312493452288	1789584312493487104	1789584312493487104	1789584312493493248	1789584312493494272	8776	4	43	1	54736988101410	54736988115674
2144	246	5	54	37	1789584312493361152	1789584312493365248	1789584312493365248	1789584312493369344	1789584312493370368	8780	4	4	1	54750048817227	54750048826308
2145	246	15	246	37	1789584312493370368	1789584312493409280	1789584312493409280	1789584312493413376	1789584312493415424	8784	4	16	1	54750048928334	54750048937947
2146	246	27	54	37	1789584312493415424	1789584312493446144	1789584312493446144	1789584312493450240	1789584312493451264	8788	4	30	1	54750049020395	54750049030024
2147	246	37	246	37	1789584312493451264	1789584312493487104	1789584312493487104	1789584312493491200	1789584312493493248	8792	4	43	1	54750049124333	54750049133793
2148	247	5	55	37	1789584312493361152	1789584312493365248	1789584312493365248	1789584312493369344	1789584312493371392	8796	4	4	1	54750048817237	54750048827754
2149	247	15	247	37	1789584312493371392	1789584312493409280	1789584312493409280	1789584312493414400	1789584312493415424	8800	4	16	1	54750048928364	54750048940650
2150	247	27	55	37	1789584312493416448	1789584312493446144	1789584312493446144	1789584312493451264	1789584312493452288	8804	4	30	1	54750049020444	54750049031644
2151	247	37	247	37	1789584312493452288	1789584312493487104	1789584312493487104	1789584312493492224	1789584312493493248	8808	4	43	1	54750049124415	54750049136224
2152	248	5	56	37	1789584312493361152	1789584312493365248	1789584312493365248	1789584312493370368	1789584312493371392	8812	4	4	1	54750048817258	54750048829645
2153	248	15	248	37	1789584312493371392	1789584312493409280	1789584312493409280	1789584312493415424	1789584312493416448	8816	4	16	1	54750048928426	54750048942521
2154	248	27	56	37	1789584312493416448	1789584312493446144	1789584312493446144	1789584312493451264	1789584312493452288	8820	4	30	1	54750049020471	54750049032861
2155	248	37	248	37	1789584312493452288	1789584312493487104	1789584312493487104	1789584312493493248	1789584312493494272	8824	4	43	1	54750049124226	54750049138295
2156	249	5	57	39	1789584312493361152	1789584312493365248	1789584312493365248	1789584312493370368	1789584312493371392	8828	4	4	1	54686380599190	54686380609745
2157	249	15	249	39	1789584312493371392	1789584312493409280	1789584312493409280	1789584312493413376	1789584312493415424	8832	4	16	1	54686380709671	54686380719208
2158	249	27	57	39	1789584312493415424	1789584312493446144	1789584312493446144	1789584312493450240	1789584312493451264	8836	4	30	1	54686380801656	54686380810466
2159	249	37	249	39	1789584312493451264	1789584312493487104	1789584312493487104	1789584312493491200	1789584312493493248	8840	4	43	1	54686380905375	54686380914863
2160	250	5	58	39	1789584312493361152	1789584312493365248	1789584312493365248	1789584312493370368	1789584312493371392	8844	4	4	1	54686380599200	54686380610311
2161	250	15	250	39	1789584312493371392	1789584312493409280	1789584312493409280	1789584312493414400	1789584312493415424	8848	4	16	1	54686380709701	54686380722071
2162	250	27	58	39	1789584312493416448	1789584312493446144	1789584312493446144	1789584312493450240	1789584312493452288	8852	4	30	1	54686380801680	54686380812623
2163	250	37	250	39	1789584312493452288	1789584312493487104	1789584312493487104	1789584312493492224	1789584312493493248	8856	4	43	1	54686380905403	54686380917592
2164	251	5	59	39	1789584312493361152	1789584312493365248	1789584312493365248	1789584312493370368	1789584312493371392	8860	4	4	1	54686380599221	54686380610971
2165	251	15	251	39	1789584312493371392	1789584312493409280	1789584312493409280	1789584312493415424	1789584312493416448	8864	4	16	1	54686380709763	54686380723773
2166	251	27	59	39	1789584312493416448	1789584312493446144	1789584312493446144	1789584312493451264	1789584312493452288	8868	4	30	1	54686380801694	54686380814112
2167	251	37	251	39	1789584312493452288	1789584312493487104	1789584312493487104	1789584312493493248	1789584312493494272	8872	4	43	1	54686380905447	54686380919607
2168	252	5	60	41	1789584312493361152	1789584312493365248	1789584312493365248	1789584312493369344	1789584312493370368	8876	4	4	1	54734061236636	54734061246411
2169	252	15	252	41	1789584312493370368	1789584312493409280	1789584312493409280	1789584312493413376	1789584312493414400	8880	4	16	1	54734061347053	54734061356247
2170	252	27	60	41	1789584312493414400	1789584312493446144	1789584312493446144	1789584312493450240	1789584312493451264	8884	4	30	1	54734061439486	54734061448599
2171	252	37	252	41	1789584312493451264	1789584312493487104	1789584312493487104	1789584312493491200	1789584312493492224	8888	4	43	1	54734061543179	54734061552379
2172	253	5	61	41	1789584312493361152	1789584312493365248	1789584312493365248	1789584312493370368	1789584312493371392	8892	4	4	1	54734061236648	54734061247413
2173	253	15	253	41	1789584312493371392	1789584312493409280	1789584312493409280	1789584312493414400	1789584312493415424	8896	4	16	1	54734061347088	54734061359038
2174	253	27	61	41	1789584312493415424	1789584312493446144	1789584312493446144	1789584312493450240	1789584312493451264	8900	4	30	1	54734061439506	54734061450449
2175	253	37	253	41	1789584312493452288	1789584312493487104	1789584312493487104	1789584312493492224	1789584312493493248	8904	4	43	1	54734061543207	54734061555328
2176	254	5	62	41	1789584312493361152	1789584312493365248	1789584312493365248	1789584312493370368	1789584312493371392	8908	4	4	1	54734061236664	54734061248872
2177	254	15	254	41	1789584312493371392	1789584312493409280	1789584312493409280	1789584312493415424	1789584312493415424	8912	4	16	1	54734061347123	54734061361174
2178	254	27	62	41	1789584312493416448	1789584312493446144	1789584312493446144	1789584312493451264	1789584312493452288	8916	4	30	1	54734061439515	54734061452230
2179	254	37	254	41	1789584312493452288	1789584312493487104	1789584312493487104	1789584312493493248	1789584312493494272	8920	4	43	1	54734061543251	54734061557354
2180	255	5	63	43	1789584312493361152	1789584312493365248	1789584312493365248	1789584312493367296	1789584312493369344	8924	4	4	1	54749619324399	54749619330335
2181	255	15	255	43	1789584312493369344	1789584312493409280	1789584312493409280	1789584312493413376	1789584312493415424	8928	4	16	1	54749619435763	54749619444892
2182	255	27	63	43	1789584312493415424	1789584312493446144	1789584312493446144	1789584312493448192	1789584312493450240	8932	4	30	1	54749619527970	54749619533859
2183	255	37	255	43	1789584312493450240	1789584312493487104	1789584312493487104	1789584312493491200	1789584312493493248	8936	4	43	1	54749619631764	54749619641087
2184	256	17	0	43	1789584312493361152	1789584312493409280	1789584312493409280	1789584312493414400	1789584312493415424	8940	4	18	1	54749619435814	54749619447483
2185	256	39	0	43	1789584312493415424	1789584312493487104	1789584312493487104	1789584312493492224	1789584312493493248	8944	4	45	1	54749619631700	54749619644158
2186	257	17	1	43	1789584312493361152	1789584312493409280	1789584312493409280	1789584312493415424	1789584312493416448	8948	4	18	1	54749619435831	54749619450443
2187	257	39	1	43	1789584312493416448	1789584312493487104	1789584312493487104	1789584312493493248	1789584312493494272	8952	4	45	1	54749619631781	54749619646323
2188	258	17	2	45	1789584312493361152	1789584312493409280	1789584312493409280	1789584312493413376	1789584312493415424	8956	4	18	1	54742326871435	54742326880998
2189	258	39	2	45	1789584312493415424	1789584312493487104	1789584312493487104	1789584312493491200	1789584312493493248	8960	4	45	1	54742327067322	54742327077383
2190	259	17	3	45	1789584312493361152	1789584312493409280	1789584312493409280	1789584312493414400	1789584312493415424	8964	4	18	1	54742326871486	54742326883710
2191	259	39	3	45	1789584312493416448	1789584312493487104	1789584312493487104	1789584312493492224	1789584312493493248	8968	4	45	1	54742327067366	54742327079180
2192	260	17	4	47	1789584312493361152	1789584312493409280	1789584312493409280	1789584312493413376	1789584312493415424	8972	4	18	1	54763502873991	54763502883031
2193	260	39	4	47	1789584312493415424	1789584312493487104	1789584312493487104	1789584312493491200	1789584312493493248	8976	4	45	1	54763503069942	54763503079791
2194	261	17	5	47	1789584312493361152	1789584312493409280	1789584312493409280	1789584312493414400	1789584312493415424	8980	4	18	1	54763502874030	54763502886204
2195	261	39	5	47	1789584312493416448	1789584312493487104	1789584312493487104	1789584312493492224	1789584312493493248	8984	4	45	1	54763503069993	54763503081780
2196	262	17	6	49	1789584312493361152	1789584312493409280	1789584312493409280	1789584312493413376	1789584312493415424	8988	4	18	1	54744457914108	54744457923821
2197	262	39	6	49	1789584312493415424	1789584312493487104	1789584312493487104	1789584312493491200	1789584312493493248	8992	4	45	1	54744458109949	54744458119835
2198	263	17	7	49	1789584312493361152	1789584312493409280	1789584312493409280	1789584312493414400	1789584312493415424	8996	4	18	1	54744457914143	54744457926044
2199	263	39	7	49	1789584312493415424	1789584312493487104	1789584312493487104	1789584312493492224	1789584312493493248	9000	4	45	1	54744458110001	54744458121193
2200	264	17	8	51	1789584312493361152	1789584312493409280	1789584312493409280	1789584312493413376	1789584312493415424	9004	4	18	1	54748349221264	54748349230946
2201	264	39	8	51	1789584312493415424	1789584312493487104	1789584312493487104	1789584312493491200	1789584312493493248	9008	4	45	1	54748349417149	54748349426234
2202	265	17	9	51	1789584312493361152	1789584312493409280	1789584312493409280	1789584312493414400	1789584312493415424	9012	4	18	1	54748349221314	54748349233169
2203	265	39	9	51	1789584312493415424	1789584312493487104	1789584312493487104	1789584312493492224	1789584312493493248	9016	4	45	1	54748349417200	54748349429131
2204	266	17	10	53	1789584312493361152	1789584312493409280	1789584312493409280	1789584312493413376	1789584312493415424	9020	4	18	1	54759382845182	54759382854983
2205	266	39	10	53	1789584312493415424	1789584312493487104	1789584312493487104	1789584312493491200	1789584312493493248	9024	4	45	1	54759383041102	54759383051515
2206	267	17	11	53	1789584312493361152	1789584312493409280	1789584312493409280	1789584312493414400	1789584312493415424	9028	4	18	1	54759382845221	54759382856975
2207	267	39	11	53	1789584312493415424	1789584312493487104	1789584312493487104	1789584312493492224	1789584312493493248	9032	4	45	1	54759383041151	54759383052840
2208	268	17	12	55	1789584312493361152	1789584312493409280	1789584312493409280	1789584312493413376	1789584312493415424	9036	4	18	1	54707674203148	54707674212535
2209	268	39	12	55	1789584312493415424	1789584312493487104	1789584312493487104	1789584312493491200	1789584312493493248	9040	4	45	1	54707674399048	54707674408778
2210	269	17	13	55	1789584312493361152	1789584312493409280	1789584312493409280	1789584312493414400	1789584312493416448	9044	4	18	1	54707674203203	54707674216161
2211	269	39	13	55	1789584312493416448	1789584312493487104	1789584312493487104	1789584312493492224	1789584312493493248	9048	4	45	1	54707674399068	54707674410267
2212	270	17	14	57	1789584312493361152	1789584312493409280	1789584312493409280	1789584312493413376	1789584312493415424	9052	4	18	1	54736987905247	54736987914940
2213	270	39	14	57	1789584312493415424	1789584312493487104	1789584312493487104	1789584312493491200	1789584312493493248	9056	4	45	1	54736988101088	54736988110514
2214	271	17	15	57	1789584312493361152	1789584312493409280	1789584312493409280	1789584312493414400	1789584312493415424	9060	4	18	1	54736987905305	54736987916435
2215	271	39	15	57	1789584312493415424	1789584312493487104	1789584312493487104	1789584312493492224	1789584312493493248	9064	4	45	1	54736988101139	54736988112920
2216	272	17	16	59	1789584312493361152	1789584312493409280	1789584312493409280	1789584312493413376	1789584312493414400	9068	4	18	1	54750048928171	54750048937407
2217	272	39	16	59	1789584312493415424	1789584312493487104	1789584312493487104	1789584312493491200	1789584312493493248	9072	4	45	1	54750049124111	54750049133722
2218	273	17	17	59	1789584312493361152	1789584312493409280	1789584312493409280	1789584312493414400	1789584312493415424	9076	4	18	1	54750048928227	54750048940431
2219	273	39	17	59	1789584312493415424	1789584312493487104	1789584312493487104	1789584312493492224	1789584312493493248	9080	4	45	1	54750049124161	54750049136622
2220	274	17	18	61	1789584312493361152	1789584312493409280	1789584312493409280	1789584312493413376	1789584312493415424	9084	4	18	1	54686380709493	54686380719021
2221	274	39	18	61	1789584312493415424	1789584312493487104	1789584312493487104	1789584312493491200	1789584312493493248	9088	4	45	1	54686380905260	54686380914750
2222	275	17	19	61	1789584312493361152	1789584312493409280	1789584312493409280	1789584312493414400	1789584312493415424	9092	4	18	1	54686380709543	54686380721667
2223	275	39	19	61	1789584312493415424	1789584312493487104	1789584312493487104	1789584312493492224	1789584312493493248	9096	4	45	1	54686380905315	54686380917217
2224	276	17	20	63	1789584312493361152	1789584312493409280	1789584312493409280	1789584312493413376	1789584312493414400	9100	4	18	1	54734061347148	54734061355816
2225	276	39	20	63	1789584312493414400	1789584312493487104	1789584312493487104	1789584312493491200	1789584312493493248	9104	4	45	1	54734061543219	54734061553028
2226	277	17	21	63	1789584312493361152	1789584312493409280	1789584312493409280	1789584312493414400	1789584312493415424	9108	4	18	1	54734061347362	54734061359108
2227	277	39	21	63	1789584312493415424	1789584312493487104	1789584312493487104	1789584312493492224	1789584312493493248	9112	4	45	1	54734061543347	54734061555506
2228	278	17	22	65	1789584312493361152	1789584312493409280	1789584312493409280	1789584312493413376	1789584312493415424	9116	4	18	1	54749619435955	54749619445823
2229	278	39	22	65	1789584312493415424	1789584312493487104	1789584312493487104	1789584312493491200	1789584312493493248	9120	4	45	1	54749619631952	54749619641774
2230	279	17	23	65	1789584312493361152	1789584312493409280	1789584312493409280	1789584312493414400	1789584312493415424	9124	4	18	1	54749619436095	54749619447874
2231	279	39	23	65	1789584312493415424	1789584312493487104	1789584312493487104	1789584312493492224	1789584312493493248	9128	4	45	1	54749619631962	54749619643752
2232	280	17	24	67	1789584312493361152	1789584312493409280	1789584312493409280	1789584312493413376	1789584312493415424	9132	4	18	1	54742326871562	54742326881252
2233	280	39	24	67	1789584312493415424	1789584312493487104	1789584312493487104	1789584312493491200	1789584312493493248	9136	4	45	1	54742327067448	54742327076741
2234	281	17	25	67	1789584312493361152	1789584312493409280	1789584312493409280	1789584312493414400	1789584312493416448	9140	4	18	1	54742326871702	54742326883607
2235	281	39	25	67	1789584312493416448	1789584312493487104	1789584312493487104	1789584312493492224	1789584312493494272	9144	4	45	1	54742327067588	54742327080400
2236	282	17	26	69	1789584312493361152	1789584312493409280	1789584312493409280	1789584312493413376	1789584312493415424	9148	4	18	1	54763502874295	54763502884518
2237	282	39	26	69	1789584312493415424	1789584312493487104	1789584312493487104	1789584312493491200	1789584312493493248	9152	4	45	1	54763503070072	54763503080033
2238	283	17	27	69	1789584312493361152	1789584312493409280	1789584312493409280	1789584312493414400	1789584312493415424	9156	4	18	1	54763502874098	54763502885777
2239	283	39	27	69	1789584312493416448	1789584312493487104	1789584312493487104	1789584312493492224	1789584312493494272	9160	4	45	1	54763503070212	54763503082484
2240	284	17	28	71	1789584312493361152	1789584312493409280	1789584312493409280	1789584312493413376	1789584312493415424	9164	4	18	1	54744457914182	54744457923650
2241	284	39	28	71	1789584312493415424	1789584312493487104	1789584312493487104	1789584312493491200	1789584312493493248	9168	4	45	1	54744458110131	54744458119318
2242	285	17	29	71	1789584312493361152	1789584312493409280	1789584312493409280	1789584312493414400	1789584312493416448	9172	4	18	1	54744457914321	54744457926797
2243	285	39	29	71	1789584312493416448	1789584312493487104	1789584312493487104	1789584312493492224	1789584312493493248	9176	4	45	1	54744458110271	54744458122542
2244	286	17	30	73	1789584312493361152	1789584312493409280	1789584312493409280	1789584312493413376	1789584312493415424	9180	4	18	1	54748349221429	54748349231409
2245	286	39	30	73	1789584312493415424	1789584312493487104	1789584312493487104	1789584312493491200	1789584312493493248	9184	4	45	1	54748349417478	54748349426920
2246	287	17	31	73	1789584312493361152	1789584312493409280	1789584312493409280	1789584312493414400	1789584312493415424	9188	4	18	1	54748349221569	54748349232431
2247	287	39	31	73	1789584312493415424	1789584312493487104	1789584312493487104	1789584312493492224	1789584312493493248	9192	4	45	1	54748349417508	54748349428699
2248	288	17	32	75	1789584312493361152	1789584312493409280	1789584312493409280	1789584312493413376	1789584312493415424	9196	4	18	1	54759382845381	54759382854767
2249	288	39	32	75	1789584312493415424	1789584312493487104	1789584312493487104	1789584312493491200	1789584312493493248	9200	4	45	1	54759383041259	54759383051155
2250	289	17	33	75	1789584312493361152	1789584312493409280	1789584312493409280	1789584312493414400	1789584312493416448	9204	4	18	1	54759382845462	54759382857807
2251	289	39	33	75	1789584312493416448	1789584312493487104	1789584312493487104	1789584312493492224	1789584312493493248	9208	4	45	1	54759383041390	54759383053368
2252	290	17	34	77	1789584312493361152	1789584312493409280	1789584312493409280	1789584312493413376	1789584312493415424	9212	4	18	1	54707674203228	54707674213195
2253	290	39	34	77	1789584312493415424	1789584312493487104	1789584312493487104	1789584312493491200	1789584312493493248	9216	4	45	1	54707674399152	54707674409606
2254	291	17	35	77	1789584312493361152	1789584312493409280	1789584312493409280	1789584312493414400	1789584312493416448	9220	4	18	1	54707674203276	54707674214953
2255	291	39	35	77	1789584312493416448	1789584312493487104	1789584312493487104	1789584312493492224	1789584312493493248	9224	4	45	1	54707674399292	54707674411056
2256	292	17	36	79	1789584312493361152	1789584312493409280	1789584312493409280	1789584312493413376	1789584312493415424	9228	4	18	1	54736987905339	54736987914920
2257	292	39	36	79	1789584312493415424	1789584312493487104	1789584312493487104	1789584312493491200	1789584312493493248	9232	4	45	1	54736988101259	54736988111273
2258	293	17	37	79	1789584312493361152	1789584312493409280	1789584312493409280	1789584312493414400	1789584312493416448	9236	4	18	1	54736987905479	54736987918171
2259	293	39	37	79	1789584312493416448	1789584312493487104	1789584312493487104	1789584312493492224	1789584312493493248	9240	4	45	1	54736988101399	54736988113391
2260	294	17	38	81	1789584312493361152	1789584312493409280	1789584312493409280	1789584312493413376	1789584312493415424	9244	4	18	1	54750048928319	54750048937747
2261	294	39	38	81	1789584312493415424	1789584312493487104	1789584312493487104	1789584312493491200	1789584312493493248	9248	4	45	1	54750049124229	54750049133568
2262	295	17	39	81	1789584312493361152	1789584312493409280	1789584312493409280	1789584312493414400	1789584312493415424	9252	4	18	1	54750048928453	54750048939659
2263	295	39	39	81	1789584312493415424	1789584312493487104	1789584312493487104	1789584312493492224	1789584312493493248	9256	4	45	1	54750049124369	54750049136258
2264	296	17	40	83	1789584312493361152	1789584312493409280	1789584312493409280	1789584312493413376	1789584312493415424	9260	4	18	1	54686380709618	54686380719568
2265	296	39	40	83	1789584312493415424	1789584312493487104	1789584312493487104	1789584312493491200	1789584312493493248	9264	4	45	1	54686380905367	54686380914799
2266	297	17	41	83	1789584312493361152	1789584312493409280	1789584312493409280	1789584312493414400	1789584312493415424	9268	4	18	1	54686380709758	54686380721951
2267	297	39	41	83	1789584312493416448	1789584312493487104	1789584312493487104	1789584312493492224	1789584312493494272	9272	4	45	1	54686380905507	54686380917935
2268	298	17	42	85	1789584312493361152	1789584312493409280	1789584312493409280	1789584312493413376	1789584312493414400	9276	4	18	1	54734061347135	54734061356957
2269	298	39	42	85	1789584312493415424	1789584312493487104	1789584312493487104	1789584312493491200	1789584312493493248	9280	4	45	1	54734061543283	54734061553058
2270	299	17	43	85	1789584312493361152	1789584312493409280	1789584312493409280	1789584312493414400	1789584312493415424	9284	4	18	1	54734061347394	54734061358721
2271	299	39	43	85	1789584312493415424	1789584312493487104	1789584312493487104	1789584312493492224	1789584312493493248	9288	4	45	1	54734061543313	54734061555488
2272	300	17	44	87	1789584312493361152	1789584312493409280	1789584312493409280	1789584312493413376	1789584312493414400	9292	4	18	1	54749619435606	54749619444967
2273	300	39	44	87	1789584312493415424	1789584312493487104	1789584312493487104	1789584312493491200	1789584312493493248	9296	4	45	1	54749619631564	54749619641150
2274	301	17	45	87	1789584312493361152	1789584312493409280	1789584312493409280	1789584312493414400	1789584312493415424	9300	4	18	1	54749619435665	54749619448126
2275	301	39	45	87	1789584312493415424	1789584312493487104	1789584312493487104	1789584312493492224	1789584312493493248	9304	4	45	1	54749619631617	54749619644141
2276	302	17	46	89	1789584312493361152	1789584312493409280	1789584312493409280	1789584312493413376	1789584312493415424	9308	4	18	1	54742326871330	54742326880959
2277	302	39	46	89	1789584312493415424	1789584312493487104	1789584312493487104	1789584312493491200	1789584312493493248	9312	4	45	1	54742327067215	54742327076879
2278	303	17	47	89	1789584312493361152	1789584312493409280	1789584312493409280	1789584312493414400	1789584312493415424	9316	4	18	1	54742326871396	54742326884248
2279	303	39	47	89	1789584312493416448	1789584312493487104	1789584312493487104	1789584312493492224	1789584312493493248	9320	4	45	1	54742327067272	54742327079153
2280	304	17	48	91	1789584312493361152	1789584312493409280	1789584312493409280	1789584312493413376	1789584312493415424	9324	4	18	1	54763502873839	54763502883367
2281	304	39	48	91	1789584312493415424	1789584312493487104	1789584312493487104	1789584312493491200	1789584312493493248	9328	4	45	1	54763503069811	54763503080215
2282	305	17	49	91	1789584312493361152	1789584312493409280	1789584312493409280	1789584312493414400	1789584312493415424	9332	4	18	1	54763502873911	54763502885440
2283	305	39	49	91	1789584312493415424	1789584312493487104	1789584312493487104	1789584312493492224	1789584312493494272	9336	4	45	1	54763503069885	54763503082497
2284	306	17	50	93	1789584312493361152	1789584312493409280	1789584312493409280	1789584312493413376	1789584312493415424	9340	4	18	1	54744457913993	54744457923829
2285	306	39	50	93	1789584312493415424	1789584312493487104	1789584312493487104	1789584312493491200	1789584312493493248	9344	4	45	1	54744458109824	54744458120088
2286	307	17	51	93	1789584312493361152	1789584312493409280	1789584312493409280	1789584312493414400	1789584312493415424	9348	4	18	1	54744457914277	54744457925952
2287	307	39	51	93	1789584312493416448	1789584312493487104	1789584312493487104	1789584312493492224	1789584312493493248	9352	4	45	1	54744458109894	54744458121682
2288	308	17	52	95	1789584312493361152	1789584312493409280	1789584312493409280	1789584312493413376	1789584312493415424	9356	4	18	1	54748349221436	54748349230916
2289	308	39	52	95	1789584312493415424	1789584312493487104	1789584312493487104	1789584312493491200	1789584312493493248	9360	4	45	1	54748349417372	54748349426834
2290	309	17	53	95	1789584312493361152	1789584312493409280	1789584312493409280	1789584312493414400	1789584312493415424	9364	4	18	1	54748349221439	54748349233759
2291	309	39	53	95	1789584312493416448	1789584312493487104	1789584312493487104	1789584312493492224	1789584312493493248	9368	4	45	1	54748349417368	54748349430256
2292	310	17	54	97	1789584312493361152	1789584312493409280	1789584312493409280	1789584312493413376	1789584312493415424	9372	4	18	1	54759382845042	54759382854488
2293	310	39	54	97	1789584312493415424	1789584312493487104	1789584312493487104	1789584312493491200	1789584312493493248	9376	4	45	1	54759383041054	54759383050874
2294	311	17	55	97	1789584312493361152	1789584312493409280	1789584312493409280	1789584312493414400	1789584312493415424	9380	4	18	1	54759382845116	54759382856923
2295	311	39	55	97	1789584312493416448	1789584312493487104	1789584312493487104	1789584312493491200	1789584312493493248	9384	4	45	1	54759383041523	54759383051697
2296	312	17	56	99	1789584312493361152	1789584312493409280	1789584312493409280	1789584312493413376	1789584312493415424	9388	4	18	1	54707674203016	54707674212671
2297	312	39	56	99	1789584312493415424	1789584312493487104	1789584312493487104	1789584312493491200	1789584312493493248	9392	4	45	1	54707674398873	54707674408387
2298	313	17	57	99	1789584312493361152	1789584312493409280	1789584312493409280	1789584312493414400	1789584312493415424	9396	4	18	1	54707674203073	54707674215208
2299	313	39	57	99	1789584312493416448	1789584312493487104	1789584312493487104	1789584312493492224	1789584312493494272	9400	4	45	1	54707674398944	54707674411577
2300	314	17	58	101	1789584312493361152	1789584312493409280	1789584312493409280	1789584312493413376	1789584312493415424	9404	4	18	1	54736987905084	54736987915061
2301	314	39	58	101	1789584312493415424	1789584312493487104	1789584312493487104	1789584312493491200	1789584312493493248	9408	4	45	1	54736988100935	54736988111280
2302	315	17	59	101	1789584312493361152	1789584312493409280	1789584312493409280	1789584312493414400	1789584312493415424	9412	4	18	1	54736987905154	54736987917159
2303	315	39	59	101	1789584312493416448	1789584312493487104	1789584312493487104	1789584312493492224	1789584312493493248	9416	4	45	1	54736988100988	54736988112835
2304	316	17	60	103	1789584312493361152	1789584312493409280	1789584312493409280	1789584312493413376	1789584312493415424	9420	4	18	1	54750048928043	54750048937292
2305	316	39	60	103	1789584312493415424	1789584312493487104	1789584312493487104	1789584312493491200	1789584312493493248	9424	4	45	1	54750049124000	54750049134310
2306	317	17	61	103	1789584312493361152	1789584312493409280	1789584312493409280	1789584312493414400	1789584312493415424	9428	4	18	1	54750048928101	54750048939872
2307	317	39	61	103	1789584312493415424	1789584312493487104	1789584312493487104	1789584312493492224	1789584312493493248	9432	4	45	1	54750049124072	54750049135910
2308	318	17	62	105	1789584312493361152	1789584312493409280	1789584312493409280	1789584312493413376	1789584312493415424	9436	4	18	1	54686380709428	54686380718790
2309	318	39	62	105	1789584312493415424	1789584312493487104	1789584312493487104	1789584312493491200	1789584312493493248	9440	4	45	1	54686380905230	54686380914724
2310	319	17	63	105	1789584312493361152	1789584312493409280	1789584312493409280	1789584312493414400	1789584312493415424	9444	4	18	1	54686380709501	54686380721586
2311	319	39	63	105	1789584312493415424	1789584312493487104	1789584312493487104	1789584312493492224	1789584312493493248	9448	4	45	1	54686380905246	54686380917019
2312	320	17	64	107	1789584312493361152	1789584312493409280	1789584312493409280	1789584312493413376	1789584312493414400	9452	4	18	1	54734061346903	54734061356399
2313	320	39	64	107	1789584312493415424	1789584312493487104	1789584312493487104	1789584312493491200	1789584312493492224	9456	4	45	1	54734061542963	54734061552239
2314	321	17	65	107	1789584312493361152	1789584312493409280	1789584312493409280	1789584312493414400	1789584312493415424	9460	4	18	1	54734061346925	54734061359092
2315	321	39	65	107	1789584312493415424	1789584312493487104	1789584312493487104	1789584312493492224	1789584312493493248	9464	4	45	1	54734061543003	54734061555251
2316	322	17	66	109	1789584312493361152	1789584312493409280	1789584312493409280	1789584312493413376	1789584312493414400	9468	4	18	1	54749619435628	54749619445045
2317	322	39	66	109	1789584312493415424	1789584312493487104	1789584312493487104	1789584312493491200	1789584312493493248	9472	4	45	1	54749619631506	54749619641345
2318	323	17	67	109	1789584312493361152	1789584312493409280	1789584312493409280	1789584312493414400	1789584312493415424	9476	4	18	1	54749619435643	54749619447076
2319	323	39	67	109	1789584312493415424	1789584312493487104	1789584312493487104	1789584312493492224	1789584312493493248	9480	4	45	1	54749619631550	54749619643357
2320	324	17	68	111	1789584312493361152	1789584312493409280	1789584312493409280	1789584312493413376	1789584312493415424	9484	4	18	1	54742326871395	54742326881569
2321	324	39	68	111	1789584312493415424	1789584312493487104	1789584312493487104	1789584312493491200	1789584312493493248	9488	4	45	1	54742327067184	54742327076104
2322	325	17	69	111	1789584312493361152	1789584312493409280	1789584312493409280	1789584312493414400	1789584312493415424	9492	4	18	1	54742326871323	54742326883345
2323	325	39	69	111	1789584312493415424	1789584312493487104	1789584312493487104	1789584312493492224	1789584312493493248	9496	4	45	1	54742327067236	54742327079400
2324	326	17	70	113	1789584312493361152	1789584312493409280	1789584312493409280	1789584312493413376	1789584312493414400	9500	4	18	1	54763502873784	54763502883378
2325	326	39	70	113	1789584312493415424	1789584312493487104	1789584312493487104	1789584312493491200	1789584312493493248	9504	4	45	1	54763503069824	54763503079818
2326	327	17	71	113	1789584312493361152	1789584312493409280	1789584312493409280	1789584312493414400	1789584312493415424	9508	4	18	1	54763502873839	54763502885022
2327	327	39	71	113	1789584312493415424	1789584312493487104	1789584312493487104	1789584312493492224	1789584312493493248	9512	4	45	1	54763503069837	54763503082104
2328	328	17	72	115	1789584312493361152	1789584312493409280	1789584312493409280	1789584312493413376	1789584312493414400	9516	4	18	1	54744457913941	54744457923245
2329	328	39	72	115	1789584312493415424	1789584312493487104	1789584312493487104	1789584312493491200	1789584312493493248	9520	4	45	1	54744458109860	54744458119562
2330	329	17	73	115	1789584312493361152	1789584312493409280	1789584312493409280	1789584312493414400	1789584312493415424	9524	4	18	1	54744457913985	54744457925032
2331	329	39	73	115	1789584312493415424	1789584312493487104	1789584312493487104	1789584312493492224	1789584312493493248	9528	4	45	1	54744458109871	54744458122682
2332	330	17	74	117	1789584312493361152	1789584312493409280	1789584312493409280	1789584312493413376	1789584312493414400	9532	4	18	1	54748349221153	54748349230914
2333	330	39	74	117	1789584312493415424	1789584312493487104	1789584312493487104	1789584312493491200	1789584312493493248	9536	4	45	1	54748349417162	54748349426485
2334	331	17	75	117	1789584312493361152	1789584312493409280	1789584312493409280	1789584312493414400	1789584312493415424	9540	4	18	1	54748349221169	54748349232892
2335	331	39	75	117	1789584312493415424	1789584312493487104	1789584312493487104	1789584312493492224	1789584312493493248	9544	4	45	1	54748349417189	54748349428532
2336	332	17	76	119	1789584312493361152	1789584312493409280	1789584312493409280	1789584312493413376	1789584312493414400	9548	4	18	1	54759382844940	54759382854229
2337	332	39	76	119	1789584312493415424	1789584312493487104	1789584312493487104	1789584312493491200	1789584312493493248	9552	4	45	1	54759383040970	54759383050542
2338	333	17	77	119	1789584312493361152	1789584312493409280	1789584312493409280	1789584312493414400	1789584312493415424	9556	4	18	1	54759382844996	54759382857712
2339	333	39	77	119	1789584312493415424	1789584312493487104	1789584312493487104	1789584312493492224	1789584312493493248	9560	4	45	1	54759383040989	54759383053122
2340	334	17	78	121	1789584312493361152	1789584312493409280	1789584312493409280	1789584312493413376	1789584312493415424	9564	4	18	1	54707674203233	54707674212724
2341	334	39	78	121	1789584312493415424	1789584312493487104	1789584312493487104	1789584312493491200	1789584312493493248	9568	4	45	1	54707674398902	54707674408863
2342	335	17	79	121	1789584312493361152	1789584312493409280	1789584312493409280	1789584312493414400	1789584312493416448	9572	4	18	1	54707674203243	54707674215454
2343	335	39	79	121	1789584312493416448	1789584312493487104	1789584312493487104	1789584312493492224	1789584312493493248	9576	4	45	1	54707674398923	54707674410969
2344	336	17	80	123	1789584312493361152	1789584312493409280	1789584312493409280	1789584312493413376	1789584312493415424	9580	4	18	1	54736987905154	54736987914910
2345	336	39	80	123	1789584312493415424	1789584312493487104	1789584312493487104	1789584312493491200	1789584312493493248	9584	4	45	1	54736988100976	54736988111415
2346	337	17	81	123	1789584312493361152	1789584312493409280	1789584312493409280	1789584312493414400	1789584312493416448	9588	4	18	1	54736987905183	54736987917428
2347	337	39	81	123	1789584312493416448	1789584312493487104	1789584312493487104	1789584312493492224	1789584312493493248	9592	4	45	1	54736988101027	54736988112857
2348	338	17	82	125	1789584312493361152	1789584312493409280	1789584312493409280	1789584312493413376	1789584312493415424	9596	4	18	1	54750048927983	54750048937722
2349	338	39	82	125	1789584312493415424	1789584312493487104	1789584312493487104	1789584312493491200	1789584312493493248	9600	4	45	1	54750049123910	54750049134182
2350	339	17	83	125	1789584312493361152	1789584312493409280	1789584312493409280	1789584312493414400	1789584312493415424	9604	4	18	1	54750048927999	54750048940563
2351	339	39	83	125	1789584312493416448	1789584312493487104	1789584312493487104	1789584312493492224	1789584312493493248	9608	4	45	1	54750049123957	54750049135774
2352	340	17	84	127	1789584312493361152	1789584312493409280	1789584312493409280	1789584312493413376	1789584312493415424	9612	4	18	1	54686380709453	54686380719151
2353	340	39	84	127	1789584312493415424	1789584312493487104	1789584312493487104	1789584312493491200	1789584312493493248	9616	4	45	1	54686380905130	54686380914698
2354	341	17	85	127	1789584312493361152	1789584312493409280	1789584312493409280	1789584312493414400	1789584312493415424	9620	4	18	1	54686380709393	54686380721408
2355	341	39	85	127	1789584312493415424	1789584312493487104	1789584312493487104	1789584312493492224	1789584312493493248	9624	4	45	1	54686380905157	54686380916965
2356	342	17	86	45	1789584312493361152	1789584312493409280	1789584312493409280	1789584312493415424	1789584312493416448	9628	4	18	1	54742326871503	54742326885799
2357	342	39	86	45	1789584312493416448	1789584312493487104	1789584312493487104	1789584312493493248	1789584312493494272	9632	4	45	1	54742327067397	54742327081884
2358	343	17	87	45	1789584312493361152	1789584312493409280	1789584312493409280	1789584312493415424	1789584312493416448	9636	4	18	1	54742326871543	54742326886800
2359	343	39	87	45	1789584312493417472	1789584312493487104	1789584312493487104	1789584312493493248	1789584312493494272	9640	4	45	1	54742327067440	54742327082478
2360	344	17	88	47	1789584312493361152	1789584312493409280	1789584312493409280	1789584312493415424	1789584312493416448	9644	4	18	1	54763502873940	54763502888192
2361	344	39	88	47	1789584312493416448	1789584312493487104	1789584312493487104	1789584312493493248	1789584312493494272	9648	4	45	1	54763503070010	54763503084310
2362	345	17	89	47	1789584312493361152	1789584312493409280	1789584312493409280	1789584312493415424	1789584312493417472	9652	4	18	1	54763502874027	54763502889651
2363	345	39	89	47	1789584312493417472	1789584312493487104	1789584312493487104	1789584312493493248	1789584312493495296	9656	4	45	1	54763503070050	54763503085604
2364	346	17	90	49	1789584312493361152	1789584312493409280	1789584312493409280	1789584312493415424	1789584312493416448	9660	4	18	1	54744457914065	54744457927960
2365	346	39	90	49	1789584312493416448	1789584312493487104	1789584312493487104	1789584312493493248	1789584312493494272	9664	4	45	1	54744458110030	54744458124257
2366	347	17	91	49	1789584312493361152	1789584312493409280	1789584312493409280	1789584312493415424	1789584312493416448	9668	4	18	1	54744457914155	54744457929184
2367	347	39	91	49	1789584312493416448	1789584312493487104	1789584312493487104	1789584312493493248	1789584312493494272	9672	4	45	1	54744458110039	54744458125335
2368	348	17	92	51	1789584312493361152	1789584312493409280	1789584312493409280	1789584312493415424	1789584312493416448	9676	4	18	1	54748349221343	54748349235398
2369	348	39	92	51	1789584312493416448	1789584312493487104	1789584312493487104	1789584312493493248	1789584312493494272	9680	4	45	1	54748349417226	54748349430444
2370	349	17	93	51	1789584312493361152	1789584312493409280	1789584312493409280	1789584312493415424	1789584312493416448	9684	4	18	1	54748349221381	54748349236684
2371	349	39	93	51	1789584312493416448	1789584312493487104	1789584312493487104	1789584312493493248	1789584312493494272	9688	4	45	1	54748349417242	54748349432672
2372	350	17	94	53	1789584312493361152	1789584312493409280	1789584312493409280	1789584312493415424	1789584312493416448	9692	4	18	1	54759382845131	54759382859235
2373	350	39	94	53	1789584312493416448	1789584312493487104	1789584312493487104	1789584312493493248	1789584312493494272	9696	4	45	1	54759383041177	54759383055132
2374	351	17	95	53	1789584312493361152	1789584312493409280	1789584312493409280	1789584312493415424	1789584312493416448	9700	4	18	1	54759382845218	54759382860549
2375	351	39	95	53	1789584312493416448	1789584312493487104	1789584312493487104	1789584312493493248	1789584312493494272	9704	4	45	1	54759383041197	54759383056398
2376	352	17	96	55	1789584312493361152	1789584312493409280	1789584312493409280	1789584312493415424	1789584312493416448	9708	4	18	1	54707674203228	54707674217073
2377	352	39	96	55	1789584312493416448	1789584312493487104	1789584312493487104	1789584312493493248	1789584312493494272	9712	4	45	1	54707674399103	54707674412399
2378	353	17	97	55	1789584312493361152	1789584312493409280	1789584312493409280	1789584312493415424	1789584312493416448	9716	4	18	1	54707674203246	54707674218860
2379	353	39	97	55	1789584312493417472	1789584312493487104	1789584312493487104	1789584312493494272	1789584312493495296	9720	4	45	1	54707674398995	54707674414897
2380	354	17	98	57	1789584312493361152	1789584312493409280	1789584312493409280	1789584312493415424	1789584312493416448	9724	4	18	1	54736987905325	54736987919707
2381	354	39	98	57	1789584312493416448	1789584312493487104	1789584312493487104	1789584312493493248	1789584312493494272	9728	4	45	1	54736988101156	54736988115485
2382	355	17	99	57	1789584312493361152	1789584312493409280	1789584312493409280	1789584312493415424	1789584312493416448	9732	4	18	1	54736987905339	54736987920600
2383	355	39	99	57	1789584312493417472	1789584312493487104	1789584312493487104	1789584312493493248	1789584312493494272	9736	4	45	1	54736988101196	54736988116112
2384	356	17	100	59	1789584312493361152	1789584312493409280	1789584312493409280	1789584312493415424	1789584312493416448	9740	4	18	1	54750048928247	54750048942517
2385	356	39	100	59	1789584312493416448	1789584312493487104	1789584312493487104	1789584312493493248	1789584312493493248	9744	4	45	1	54750049124182	54750049137708
2386	357	17	101	59	1789584312493361152	1789584312493409280	1789584312493409280	1789584312493415424	1789584312493416448	9748	4	18	1	54750048928282	54750048943716
2387	357	39	101	59	1789584312493416448	1789584312493487104	1789584312493487104	1789584312493493248	1789584312493494272	9752	4	45	1	54750049124202	54750049139325
2388	358	17	102	61	1789584312493361152	1789584312493409280	1789584312493409280	1789584312493415424	1789584312493416448	9756	4	18	1	54686380709564	54686380723708
2389	358	39	102	61	1789584312493416448	1789584312493487104	1789584312493487104	1789584312493493248	1789584312493494272	9760	4	45	1	54686380905340	54686380919472
2390	359	17	103	61	1789584312493361152	1789584312493409280	1789584312493409280	1789584312493415424	1789584312493416448	9764	4	18	1	54686380709584	54686380724820
2391	359	39	103	61	1789584312493416448	1789584312493487104	1789584312493487104	1789584312493493248	1789584312493494272	9768	4	45	1	54686380905358	54686380920207
2392	360	17	104	63	1789584312493361152	1789584312493409280	1789584312493409280	1789584312493415424	1789584312493416448	9772	4	18	1	54734061347498	54734061361503
2393	360	39	104	63	1789584312493416448	1789584312493487104	1789584312493487104	1789584312493493248	1789584312493494272	9776	4	45	1	54734061543411	54734061557291
2394	361	17	105	63	1789584312493361152	1789584312493409280	1789584312493409280	1789584312493415424	1789584312493416448	9780	4	18	1	54734061347574	54734061362571
2395	361	39	105	63	1789584312493416448	1789584312493487104	1789584312493487104	1789584312493493248	1789584312493494272	9784	4	45	1	54734061543457	54734061558870
2396	362	17	106	65	1789584312493361152	1789584312493409280	1789584312493409280	1789584312493415424	1789584312493416448	9788	4	18	1	54749619436106	54749619450151
2397	362	39	106	65	1789584312493416448	1789584312493487104	1789584312493487104	1789584312493493248	1789584312493494272	9792	4	45	1	54749619632029	54749619646256
2398	363	17	107	65	1789584312493361152	1789584312493409280	1789584312493409280	1789584312493415424	1789584312493416448	9796	4	18	1	54749619436166	54749619451358
2399	363	39	107	65	1789584312493416448	1789584312493487104	1789584312493487104	1789584312493493248	1789584312493494272	9800	4	45	1	54749619631852	54749619647257
2400	364	17	108	67	1789584312493361152	1789584312493409280	1789584312493409280	1789584312493415424	1789584312493416448	9804	4	18	1	54742326871756	54742326885783
2401	364	39	108	67	1789584312493416448	1789584312493487104	1789584312493487104	1789584312493493248	1789584312493494272	9808	4	45	1	54742327067642	54742327081539
2402	365	17	109	67	1789584312493361152	1789584312493409280	1789584312493409280	1789584312493416448	1789584312493417472	9812	4	18	1	54742326871807	54742326887279
2403	365	39	109	67	1789584312493417472	1789584312493487104	1789584312493488128	1789584312493494272	1789584312493495296	9816	4	45	1	54742327067693	54742327083396
2404	366	17	110	69	1789584312493361152	1789584312493409280	1789584312493409280	1789584312493415424	1789584312493416448	9820	4	18	1	54763502874253	54763502888054
2405	366	39	110	69	1789584312493416448	1789584312493487104	1789584312493487104	1789584312493493248	1789584312493494272	9824	4	45	1	54763503070271	54763503084688
2406	367	17	111	69	1789584312493361152	1789584312493409280	1789584312493409280	1789584312493416448	1789584312493417472	9828	4	18	1	54763502874317	54763502889746
2407	367	39	111	69	1789584312493417472	1789584312493487104	1789584312493488128	1789584312493493248	1789584312493494272	9832	4	45	1	54763503070307	54763503085440
2408	368	17	112	71	1789584312493361152	1789584312493409280	1789584312493409280	1789584312493415424	1789584312493416448	9836	4	18	1	54744457914333	54744457928365
2409	368	39	112	71	1789584312493416448	1789584312493487104	1789584312493487104	1789584312493493248	1789584312493494272	9840	4	45	1	54744458110325	54744458123643
2410	369	17	113	71	1789584312493361152	1789584312493409280	1789584312493409280	1789584312493416448	1789584312493417472	9844	4	18	1	54744457914392	54744457930154
2411	369	39	113	71	1789584312493417472	1789584312493487104	1789584312493487104	1789584312493494272	1789584312493495296	9848	4	45	1	54744458110376	54744458126043
2412	370	17	114	73	1789584312493361152	1789584312493409280	1789584312493409280	1789584312493415424	1789584312493416448	9852	4	18	1	54748349221580	54748349235846
2413	370	39	114	73	1789584312493416448	1789584312493487104	1789584312493487104	1789584312493493248	1789584312493494272	9856	4	45	1	54748349417570	54748349431342
2414	371	17	115	73	1789584312493361152	1789584312493409280	1789584312493409280	1789584312493415424	1789584312493416448	9860	4	18	1	54748349221640	54748349237025
2415	371	39	115	73	1789584312493417472	1789584312493487104	1789584312493487104	1789584312493493248	1789584312493494272	9864	4	45	1	54748349417397	54748349432743
2416	372	17	116	75	1789584312493361152	1789584312493409280	1789584312493409280	1789584312493415424	1789584312493416448	9868	4	18	1	54759382845506	54759382859559
2417	372	39	116	75	1789584312493416448	1789584312493487104	1789584312493487104	1789584312493493248	1789584312493494272	9872	4	45	1	54759383041402	54759383055493
2418	373	17	117	75	1789584312493361152	1789584312493409280	1789584312493409280	1789584312493416448	1789584312493417472	9876	4	18	1	54759382845300	54759382861073
2419	373	39	117	75	1789584312493417472	1789584312493487104	1789584312493487104	1789584312493494272	1789584312493495296	9880	4	45	1	54759383041469	54759383056913
2420	374	17	118	77	1789584312493361152	1789584312493409280	1789584312493409280	1789584312493415424	1789584312493416448	9884	4	18	1	54707674203304	54707674217362
2421	374	39	118	77	1789584312493416448	1789584312493487104	1789584312493487104	1789584312493493248	1789584312493494272	9888	4	45	1	54707674399303	54707674413213
2422	375	17	119	77	1789584312493361152	1789584312493409280	1789584312493409280	1789584312493416448	1789584312493417472	9892	4	18	1	54707674203334	54707674218906
2423	375	39	119	77	1789584312493417472	1789584312493487104	1789584312493487104	1789584312493493248	1789584312493495296	9896	4	45	1	54707674399363	54707674414702
2424	376	17	120	79	1789584312493361152	1789584312493409280	1789584312493409280	1789584312493415424	1789584312493416448	9900	4	18	1	54736987905533	54736987919417
2425	376	39	120	79	1789584312493416448	1789584312493487104	1789584312493487104	1789584312493493248	1789584312493494272	9904	4	45	1	54736988101453	54736988115354
2426	377	17	121	79	1789584312493361152	1789584312493409280	1789584312493409280	1789584312493416448	1789584312493417472	9908	4	18	1	54736987905584	54736987921232
2427	377	39	121	79	1789584312493417472	1789584312493487104	1789584312493488128	1789584312493494272	1789584312493495296	9912	4	45	1	54736988101504	54736988117227
2428	378	17	122	81	1789584312493361152	1789584312493409280	1789584312493409280	1789584312493415424	1789584312493416448	9916	4	18	1	54750048928463	54750048942719
2429	378	39	122	81	1789584312493416448	1789584312493487104	1789584312493487104	1789584312493493248	1789584312493494272	9920	4	45	1	54750049124423	54750049138798
2430	379	17	123	81	1789584312493361152	1789584312493409280	1789584312493409280	1789584312493416448	1789584312493417472	9924	4	18	1	54750048928530	54750048943971
2431	379	39	123	81	1789584312493417472	1789584312493487104	1789584312493487104	1789584312493493248	1789584312493494272	9928	4	45	1	54750049124474	54750049139475
2432	380	17	124	83	1789584312493361152	1789584312493409280	1789584312493409280	1789584312493415424	1789584312493416448	9932	4	18	1	54686380709812	54686380723916
2433	380	39	124	83	1789584312493416448	1789584312493487104	1789584312493487104	1789584312493493248	1789584312493494272	9936	4	45	1	54686380905561	54686380919782
2434	381	17	125	83	1789584312493361152	1789584312493409280	1789584312493409280	1789584312493416448	1789584312493417472	9940	4	18	1	54686380709863	54686380725423
2435	381	39	125	83	1789584312493417472	1789584312493487104	1789584312493487104	1789584312493494272	1789584312493495296	9944	4	45	1	54686380905612	54686380921157
2436	382	17	126	85	1789584312493361152	1789584312493409280	1789584312493409280	1789584312493415424	1789584312493416448	9948	4	18	1	54734061347540	54734061361423
2437	382	39	126	85	1789584312493416448	1789584312493487104	1789584312493487104	1789584312493493248	1789584312493494272	9952	4	45	1	54734061543375	54734061557459
2438	383	17	127	85	1789584312493361152	1789584312493409280	1789584312493409280	1789584312493415424	1789584312493416448	9956	4	18	1	54734061347617	54734061362339
2439	383	39	127	85	1789584312493416448	1789584312493487104	1789584312493487104	1789584312493493248	1789584312493494272	9960	4	45	1	54734061543202	54734061558117
2440	384	17	128	87	1789584312493361152	1789584312493409280	1789584312493409280	1789584312493415424	1789584312493416448	9964	4	18	1	54749619435699	54749619449797
2441	384	39	128	87	1789584312493416448	1789584312493487104	1789584312493487104	1789584312493493248	1789584312493493248	9968	4	45	1	54749619631614	54749619645064
2442	385	17	129	89	1789584312493361152	1789584312493409280	1789584312493409280	1789584312493415424	1789584312493416448	9972	4	18	1	54742326871670	54742326886147
2443	385	39	129	89	1789584312493416448	1789584312493487104	1789584312493487104	1789584312493493248	1789584312493494272	9976	4	45	1	54742327067304	54742327081493
2444	386	17	130	91	1789584312493361152	1789584312493409280	1789584312493409280	1789584312493415424	1789584312493416448	9980	4	18	1	54763502873940	54763502888299
2445	386	39	130	91	1789584312493416448	1789584312493487104	1789584312493487104	1789584312493493248	1789584312493494272	9984	4	45	1	54763503069909	54763503084289
2446	387	17	131	93	1789584312493361152	1789584312493409280	1789584312493409280	1789584312493415424	1789584312493416448	9988	4	18	1	54744457914290	54744457928054
2447	387	39	131	93	1789584312493416448	1789584312493487104	1789584312493487104	1789584312493493248	1789584312493494272	9992	4	45	1	54744458109917	54744458123676
2448	388	17	132	95	1789584312493361152	1789584312493409280	1789584312493409280	1789584312493415424	1789584312493416448	9996	4	18	1	54748349221680	54748349235609
2449	388	39	132	95	1789584312493416448	1789584312493487104	1789584312493487104	1789584312493493248	1789584312493494272	10000	4	45	1	54748349417644	54748349431398
2450	389	17	133	97	1789584312493361152	1789584312493409280	1789584312493409280	1789584312493415424	1789584312493416448	10004	4	18	1	54759382845123	54759382859226
2451	389	39	133	97	1789584312493416448	1789584312493487104	1789584312493487104	1789584312493493248	1789584312493494272	10008	4	45	1	54759383040989	54759383055349
2452	390	17	134	99	1789584312493361152	1789584312493409280	1789584312493409280	1789584312493415424	1789584312493416448	10012	4	18	1	54707674203087	54707674217400
2453	390	39	134	99	1789584312493416448	1789584312493487104	1789584312493487104	1789584312493493248	1789584312493494272	10016	4	45	1	54707674398980	54707674413307
2454	391	17	135	101	1789584312493361152	1789584312493409280	1789584312493409280	1789584312493415424	1789584312493416448	10020	4	18	1	54736987905157	54736987919341
2455	391	39	135	101	1789584312493416448	1789584312493487104	1789584312493487104	1789584312493493248	1789584312493494272	10024	4	45	1	54736988101013	54736988114542
2456	392	17	136	103	1789584312493361152	1789584312493409280	1789584312493409280	1789584312493415424	1789584312493416448	10028	4	18	1	54750048928349	54750048942165
2457	392	39	136	103	1789584312493416448	1789584312493487104	1789584312493487104	1789584312493493248	1789584312493494272	10032	4	45	1	54750049124099	54750049137856
2458	393	17	137	105	1789584312493361152	1789584312493409280	1789584312493409280	1789584312493415424	1789584312493416448	10036	4	18	1	54686380709524	54686380723520
2459	393	39	137	105	1789584312493416448	1789584312493487104	1789584312493487104	1789584312493493248	1789584312493494272	10040	4	45	1	54686380905693	54686380919585
2460	394	17	138	107	1789584312493361152	1789584312493409280	1789584312493409280	1789584312493415424	1789584312493416448	10044	4	18	1	54734061346950	54734061361377
2461	394	39	138	107	1789584312493416448	1789584312493487104	1789584312493487104	1789584312493493248	1789584312493494272	10048	4	45	1	54734061543015	54734061557393
2462	395	17	139	109	1789584312493361152	1789584312493409280	1789584312493409280	1789584312493415424	1789584312493416448	10052	4	18	1	54749619435663	54749619449487
2463	395	39	139	109	1789584312493416448	1789584312493487104	1789584312493487104	1789584312493493248	1789584312493494272	10056	4	45	1	54749619631580	54749619645917
2464	396	17	140	111	1789584312493361152	1789584312493409280	1789584312493409280	1789584312493415424	1789584312493416448	10060	4	18	1	54742326871336	54742326885429
2465	396	39	140	111	1789584312493416448	1789584312493487104	1789584312493487104	1789584312493493248	1789584312493494272	10064	4	45	1	54742327067260	54742327081768
2466	397	17	141	113	1789584312493361152	1789584312493409280	1789584312493409280	1789584312493415424	1789584312493416448	10068	4	18	1	54763502873871	54763502887709
2467	397	39	141	113	1789584312493416448	1789584312493487104	1789584312493487104	1789584312493493248	1789584312493494272	10072	4	45	1	54763503069878	54763503084196
2468	398	17	142	115	1789584312493361152	1789584312493409280	1789584312493409280	1789584312493415424	1789584312493416448	10076	4	18	1	54744457914021	54744457928235
2469	398	39	142	115	1789584312493416448	1789584312493487104	1789584312493487104	1789584312493493248	1789584312493494272	10080	4	45	1	54744458109941	54744458124382
2470	399	17	143	117	1789584312493361152	1789584312493409280	1789584312493409280	1789584312493415424	1789584312493416448	10084	4	18	1	54748349221200	54748349235060
2471	399	39	143	117	1789584312493416448	1789584312493487104	1789584312493487104	1789584312493493248	1789584312493494272	10088	4	45	1	54748349417191	54748349431477
2472	400	17	144	119	1789584312493361152	1789584312493409280	1789584312493409280	1789584312493415424	1789584312493416448	10092	4	18	1	54759382845025	54759382858716
2473	400	39	144	119	1789584312493416448	1789584312493487104	1789584312493487104	1789584312493493248	1789584312493494272	10096	4	45	1	54759383041006	54759383055063
2474	401	17	145	121	1789584312493361152	1789584312493409280	1789584312493409280	1789584312493415424	1789584312493416448	10100	4	18	1	54707674203262	54707674217573
2475	401	39	145	121	1789584312493416448	1789584312493487104	1789584312493487104	1789584312493493248	1789584312493494272	10104	4	45	1	54707674399000	54707674413514
2476	402	17	146	123	1789584312493361152	1789584312493409280	1789584312493409280	1789584312493415424	1789584312493416448	10108	4	18	1	54736987905198	54736987919456
2477	402	39	146	123	1789584312493416448	1789584312493487104	1789584312493487104	1789584312493493248	1789584312493494272	10112	4	45	1	54736988100973	54736988115240
2478	403	17	147	125	1789584312493361152	1789584312493409280	1789584312493409280	1789584312493415424	1789584312493416448	10116	4	18	1	54750048928017	54750048941957
2479	403	39	147	125	1789584312493416448	1789584312493487104	1789584312493487104	1789584312493493248	1789584312493494272	10120	4	45	1	54750049123992	54750049138172
2480	404	17	148	127	1789584312493361152	1789584312493409280	1789584312493409280	1789584312493415424	1789584312493416448	10124	4	18	1	54686380709456	54686380723503
2481	404	39	148	127	1789584312493416448	1789584312493487104	1789584312493487104	1789584312493493248	1789584312493494272	10128	4	45	1	54686380905193	54686380919383
2482	405	17	149	0	1789584312493361152	1789584312493409280	1789584312493409280	1789584312493416448	1789584312493417472	10132	4	18	1	54742326871421	54742326887342
2483	405	39	149	0	1789584312493417472	1789584312493487104	1789584312493487104	1789584312493493248	1789584312493495296	10136	4	45	1	54742327067299	54742327082829
2484	406	17	150	2	1789584312493361152	1789584312493410304	1789584312493410304	1789584312493415424	1789584312493416448	10140	4	18	1	54763502877149	54763502888888
2485	406	39	150	2	1789584312493417472	1789584312493487104	1789584312493487104	1789584312493493248	1789584312493494272	10144	4	45	1	54763503070596	54763503084594
2486	407	17	151	4	1789584312493361152	1789584312493409280	1789584312493410304	1789584312493415424	1789584312493416448	10148	4	18	1	54744457915623	54744457928562
2487	407	39	151	4	1789584312493416448	1789584312493487104	1789584312493489152	1789584312493493248	1789584312493494272	10152	4	45	1	54744458113052	54744458124697
2488	408	17	152	6	1789584312493361152	1789584312493409280	1789584312493411328	1789584312493415424	1789584312493416448	10156	4	18	1	54748349225356	54748349235703
2489	408	39	152	6	1789584312493416448	1789584312493487104	1789584312493489152	1789584312493493248	1789584312493494272	10160	4	45	1	54748349420341	54748349431551
2490	409	17	153	8	1789584312493361152	1789584312493409280	1789584312493411328	1789584312493415424	1789584312493416448	10164	4	18	1	54759382848199	54759382859896
2491	409	39	153	8	1789584312493416448	1789584312493488128	1789584312493488128	1789584312493493248	1789584312493494272	10168	4	45	1	54759383044038	54759383055577
2492	410	17	154	10	1789584312493361152	1789584312493409280	1789584312493410304	1789584312493415424	1789584312493416448	10172	4	18	1	54707674205984	54707674217821
2493	410	39	154	10	1789584312493416448	1789584312493488128	1789584312493488128	1789584312493493248	1789584312493494272	10176	4	45	1	54707674401790	54707674413580
2494	411	17	155	12	1789584312493361152	1789584312493409280	1789584312493411328	1789584312493415424	1789584312493416448	10180	4	18	1	54736987910397	54736987919950
2495	411	39	155	12	1789584312493416448	1789584312493487104	1789584312493489152	1789584312493493248	1789584312493494272	10184	4	45	1	54736988104243	54736988115512
2496	412	17	156	14	1789584312493361152	1789584312493409280	1789584312493410304	1789584312493415424	1789584312493416448	10188	4	18	1	54750048930958	54750048942236
2497	412	39	156	14	1789584312493416448	1789584312493487104	1789584312493488128	1789584312493493248	1789584312493494272	10192	4	45	1	54750049126667	54750049138332
2498	413	17	157	16	1789584312493361152	1789584312493409280	1789584312493410304	1789584312493415424	1789584312493416448	10196	4	18	1	54686380711426	54686380724338
2499	413	39	157	16	1789584312493416448	1789584312493487104	1789584312493488128	1789584312493493248	1789584312493494272	10200	4	45	1	54686380907356	54686380919962
2500	414	17	158	18	1789584312493361152	1789584312493409280	1789584312493410304	1789584312493415424	1789584312493416448	10204	4	18	1	54734061350032	54734061361726
2501	414	39	158	18	1789584312493416448	1789584312493487104	1789584312493488128	1789584312493493248	1789584312493494272	10208	4	45	1	54734061546152	54734061557538
2502	415	17	159	20	1789584312493361152	1789584312493409280	1789584312493411328	1789584312493415424	1789584312493416448	10212	4	18	1	54749619441033	54749619450447
2503	415	39	159	20	1789584312493416448	1789584312493487104	1789584312493488128	1789584312493493248	1789584312493494272	10216	4	45	1	54749619634410	54749619645789
2504	416	17	160	22	1789584312493361152	1789584312493409280	1789584312493411328	1789584312493415424	1789584312493416448	10220	4	18	1	54742326876296	54742326885953
2505	416	39	160	22	1789584312493416448	1789584312493487104	1789584312493489152	1789584312493493248	1789584312493494272	10224	4	45	1	54742327070360	54742327081296
2506	417	17	161	24	1789584312493361152	1789584312493409280	1789584312493411328	1789584312493415424	1789584312493416448	10228	4	18	1	54763502879146	54763502888808
2507	417	39	161	24	1789584312493416448	1789584312493487104	1789584312493488128	1789584312493493248	1789584312493494272	10232	4	45	1	54763503072883	54763503084553
2508	418	17	162	26	1789584312493361152	1789584312493409280	1789584312493410304	1789584312493415424	1789584312493416448	10236	4	18	1	54744457916954	54744457928884
2509	418	39	162	26	1789584312493416448	1789584312493487104	1789584312493489152	1789584312493493248	1789584312493494272	10240	4	45	1	54744458115251	54744458124611
2510	419	17	163	28	1789584312493361152	1789584312493409280	1789584312493410304	1789584312493415424	1789584312493416448	10244	4	18	1	54748349224561	54748349235871
2511	419	39	163	28	1789584312493416448	1789584312493487104	1789584312493488128	1789584312493493248	1789584312493494272	10248	4	45	1	54748349419877	54748349431542
2512	420	17	164	30	1789584312493361152	1789584312493410304	1789584312493410304	1789584312493415424	1789584312493416448	10252	4	18	1	54759382847941	54759382859338
2513	420	39	164	30	1789584312493416448	1789584312493487104	1789584312493488128	1789584312493493248	1789584312493494272	10256	4	45	1	54759383044232	54759383055614
2514	421	17	165	32	1789584312493361152	1789584312493409280	1789584312493410304	1789584312493415424	1789584312493416448	10260	4	18	1	54707674204984	54707674217847
2515	421	39	165	32	1789584312493416448	1789584312493487104	1789584312493488128	1789584312493493248	1789584312493494272	10264	4	45	1	54707674400698	54707674413586
2516	422	17	166	34	1789584312493361152	1789584312493410304	1789584312493411328	1789584312493415424	1789584312493416448	10268	4	18	1	54736987910318	54736987919960
2517	422	39	166	34	1789584312493416448	1789584312493487104	1789584312493488128	1789584312493493248	1789584312493494272	10272	4	45	1	54736988102834	54736988115672
2518	423	17	167	36	1789584312493361152	1789584312493409280	1789584312493410304	1789584312493415424	1789584312493416448	10276	4	18	1	54750048931149	54750048942724
2519	423	39	167	36	1789584312493416448	1789584312493487104	1789584312493488128	1789584312493493248	1789584312493494272	10280	4	45	1	54750049126565	54750049138575
2520	424	17	168	38	1789584312493361152	1789584312493409280	1789584312493410304	1789584312493415424	1789584312493416448	10284	4	18	1	54686380712568	54686380723883
2521	424	39	168	38	1789584312493416448	1789584312493487104	1789584312493488128	1789584312493493248	1789584312493494272	10288	4	45	1	54686380909240	54686380919572
2522	425	17	169	40	1789584312493361152	1789584312493409280	1789584312493410304	1789584312493415424	1789584312493416448	10292	4	18	1	54734061351385	54734061361445
2523	425	39	169	40	1789584312493416448	1789584312493487104	1789584312493488128	1789584312493493248	1789584312493494272	10296	4	45	1	54734061545732	54734061557230
2524	426	17	170	42	1789584312493361152	1789584312493409280	1789584312493410304	1789584312493415424	1789584312493416448	10300	4	18	1	54749619440827	54749619450231
2525	426	39	170	42	1789584312493416448	1789584312493487104	1789584312493488128	1789584312493493248	1789584312493494272	10304	4	45	1	54749619635326	54749619646085
2526	427	17	171	44	1789584312493361152	1789584312493409280	1789584312493410304	1789584312493415424	1789584312493416448	10308	4	18	1	54742326873317	54742326886273
2527	427	39	171	44	1789584312493416448	1789584312493487104	1789584312493488128	1789584312493493248	1789584312493494272	10312	4	45	1	54742327070293	54742327081480
2528	428	17	172	46	1789584312493361152	1789584312493409280	1789584312493410304	1789584312493415424	1789584312493416448	10316	4	18	1	54763502875797	54763502888138
2529	428	39	172	46	1789584312493416448	1789584312493487104	1789584312493488128	1789584312493493248	1789584312493494272	10320	4	45	1	54763503075550	54763503084183
2530	429	17	173	48	1789584312493361152	1789584312493409280	1789584312493410304	1789584312493415424	1789584312493416448	10324	4	18	1	54744457916715	54744457928327
2531	429	39	173	48	1789584312493416448	1789584312493487104	1789584312493488128	1789584312493493248	1789584312493494272	10328	4	45	1	54744458112764	54744458124239
2532	430	17	174	50	1789584312493361152	1789584312493409280	1789584312493410304	1789584312493415424	1789584312493416448	10332	4	18	1	54748349224104	54748349235544
2533	430	39	174	50	1789584312493416448	1789584312493487104	1789584312493488128	1789584312493493248	1789584312493494272	10336	4	45	1	54748349420024	54748349431615
2534	431	17	175	52	1789584312493361152	1789584312493409280	1789584312493410304	1789584312493415424	1789584312493416448	10340	4	18	1	54759382849974	54759382859524
2535	431	39	175	52	1789584312493416448	1789584312493487104	1789584312493488128	1789584312493493248	1789584312493494272	10344	4	45	1	54759383043889	54759383055159
2536	432	17	176	54	1789584312493361152	1789584312493409280	1789584312493410304	1789584312493415424	1789584312493416448	10348	4	18	1	54707674205969	54707674217441
2537	432	39	176	54	1789584312493416448	1789584312493487104	1789584312493488128	1789584312493493248	1789584312493494272	10352	4	45	1	54707674401984	54707674413233
2538	433	17	177	56	1789584312493361152	1789584312493409280	1789584312493410304	1789584312493415424	1789584312493416448	10356	4	18	1	54736987907949	54736987919663
2539	433	39	177	56	1789584312493416448	1789584312493487104	1789584312493488128	1789584312493493248	1789584312493494272	10360	4	45	1	54736988102755	54736988115120
2540	434	17	178	58	1789584312493361152	1789584312493409280	1789584312493410304	1789584312493415424	1789584312493416448	10364	4	18	1	54750048931009	54750048942668
2541	434	39	178	58	1789584312493416448	1789584312493487104	1789584312493488128	1789584312493493248	1789584312493494272	10368	4	45	1	54750049127044	54750049138731
2542	435	17	179	60	1789584312493361152	1789584312493409280	1789584312493410304	1789584312493415424	1789584312493416448	10372	4	18	1	54686380711993	54686380724149
2543	435	39	179	60	1789584312493416448	1789584312493487104	1789584312493488128	1789584312493493248	1789584312493494272	10376	4	45	1	54686380910286	54686380919500
2544	436	17	180	62	1789584312493361152	1789584312493409280	1789584312493409280	1789584312493415424	1789584312493416448	10380	4	18	1	54734061347039	54734061361154
2545	436	39	180	62	1789584312493416448	1789584312493487104	1789584312493488128	1789584312493493248	1789584312493494272	10384	4	45	1	54734061546300	54734061557387
2546	437	17	181	64	1789584312493361152	1789584312493409280	1789584312493411328	1789584312493415424	1789584312493416448	10388	4	18	1	54749619439783	54749619450570
2547	437	39	181	64	1789584312493416448	1789584312493487104	1789584312493488128	1789584312493493248	1789584312493494272	10392	4	45	1	54749619633410	54749619646301
2548	438	17	182	66	1789584312493361152	1789584312493409280	1789584312493410304	1789584312493415424	1789584312493416448	10396	4	18	1	54742326874188	54742326886257
2549	438	39	182	66	1789584312493416448	1789584312493487104	1789584312493488128	1789584312493493248	1789584312493494272	10400	4	45	1	54742327070152	54742327081789
2550	439	17	183	68	1789584312493361152	1789584312493409280	1789584312493411328	1789584312493415424	1789584312493416448	10404	4	18	1	54763502878845	54763502888940
2551	439	39	183	68	1789584312493416448	1789584312493487104	1789584312493488128	1789584312493493248	1789584312493494272	10408	4	45	1	54763503072867	54763503084752
2552	440	17	184	70	1789584312493361152	1789584312493409280	1789584312493410304	1789584312493415424	1789584312493416448	10412	4	18	1	54744457916978	54744457928128
2553	440	39	184	70	1789584312493416448	1789584312493487104	1789584312493488128	1789584312493493248	1789584312493494272	10416	4	45	1	54744458113017	54744458124154
2554	441	17	185	72	1789584312493361152	1789584312493409280	1789584312493410304	1789584312493415424	1789584312493416448	10420	4	18	1	54748349224068	54748349235653
2555	441	39	185	72	1789584312493416448	1789584312493487104	1789584312493488128	1789584312493493248	1789584312493494272	10424	4	45	1	54748349420091	54748349431955
2556	442	17	186	74	1789584312493361152	1789584312493409280	1789584312493411328	1789584312493415424	1789584312493416448	10428	4	18	1	54759382850709	54759382860108
2557	442	39	186	74	1789584312493416448	1789584312493487104	1789584312493488128	1789584312493493248	1789584312493494272	10432	4	45	1	54759383044402	54759383055882
2558	443	17	187	76	1789584312493361152	1789584312493409280	1789584312493412352	1789584312493415424	1789584312493416448	10436	4	18	1	54707674209189	54707674217929
2559	443	39	187	76	1789584312493416448	1789584312493487104	1789584312493489152	1789584312493493248	1789584312493494272	10440	4	45	1	54707674402010	54707674413743
2560	444	17	188	78	1789584312493361152	1789584312493409280	1789584312493411328	1789584312493415424	1789584312493416448	10444	4	18	1	54736987909267	54736987919880
2561	444	39	188	78	1789584312493416448	1789584312493487104	1789584312493488128	1789584312493493248	1789584312493494272	10448	4	45	1	54736988102639	54736988115399
2562	445	17	189	80	1789584312493361152	1789584312493409280	1789584312493410304	1789584312493415424	1789584312493416448	10452	4	18	1	54750048930325	54750048942834
2563	445	39	189	80	1789584312493416448	1789584312493487104	1789584312493489152	1789584312493493248	1789584312493494272	10456	4	45	1	54750049127562	54750049139180
2564	446	17	190	82	1789584312493361152	1789584312493409280	1789584312493410304	1789584312493415424	1789584312493416448	10460	4	18	1	54686380712546	54686380724142
2565	446	39	190	82	1789584312493416448	1789584312493487104	1789584312493488128	1789584312493493248	1789584312493494272	10464	4	45	1	54686380908123	54686380919617
2566	447	17	191	84	1789584312493361152	1789584312493409280	1789584312493410304	1789584312493415424	1789584312493416448	10468	4	18	1	54734061348346	54734061361405
2567	447	39	191	84	1789584312493416448	1789584312493488128	1789584312493488128	1789584312493493248	1789584312493494272	10472	4	45	1	54734061544412	54734061557041
2568	448	17	192	86	1789584312493361152	1789584312493409280	1789584312493409280	1789584312493415424	1789584312493416448	10476	4	18	1	54749619435996	54749619451118
2569	448	39	192	86	1789584312493417472	1789584312493487104	1789584312493487104	1789584312493494272	1789584312493495296	10480	4	45	1	54749619632069	54749619647750
2570	449	17	193	88	1789584312493361152	1789584312493409280	1789584312493409280	1789584312493416448	1789584312493417472	10484	4	18	1	54742326871703	54742326887625
2571	449	39	193	88	1789584312493417472	1789584312493487104	1789584312493487104	1789584312493494272	1789584312493495296	10488	4	45	1	54742327067629	54742327083788
2572	450	17	194	90	1789584312493361152	1789584312493409280	1789584312493409280	1789584312493416448	1789584312493417472	10492	4	18	1	54763502874267	54763502889726
2573	450	39	194	90	1789584312493417472	1789584312493487104	1789584312493487104	1789584312493494272	1789584312493495296	10496	4	45	1	54763503070228	54763503086216
2574	451	17	195	92	1789584312493361152	1789584312493409280	1789584312493409280	1789584312493416448	1789584312493417472	10500	4	18	1	54744457914330	54744457929830
2575	451	39	195	92	1789584312493417472	1789584312493487104	1789584312493487104	1789584312493493248	1789584312493495296	10504	4	45	1	54744458110213	54744458125329
2576	452	17	196	94	1789584312493361152	1789584312493409280	1789584312493409280	1789584312493415424	1789584312493416448	10508	4	18	1	54748349221478	54748349236674
2577	452	39	196	94	1789584312493416448	1789584312493487104	1789584312493487104	1789584312493493248	1789584312493494272	10512	4	45	1	54748349417396	54748349432437
2578	453	17	197	96	1789584312493361152	1789584312493409280	1789584312493409280	1789584312493416448	1789584312493417472	10516	4	18	1	54759382845403	54759382861307
2579	453	39	197	96	1789584312493417472	1789584312493487104	1789584312493487104	1789584312493494272	1789584312493495296	10520	4	45	1	54759383041361	54759383056975
2580	454	17	198	98	1789584312493361152	1789584312493409280	1789584312493409280	1789584312493416448	1789584312493417472	10524	4	18	1	54707674203464	54707674219242
2581	454	39	198	98	1789584312493417472	1789584312493487104	1789584312493487104	1789584312493494272	1789584312493495296	10528	4	45	1	54707674399318	54707674415234
2582	455	17	199	100	1789584312493361152	1789584312493409280	1789584312493409280	1789584312493416448	1789584312493417472	10532	4	18	1	54736987905473	54736987920932
2583	455	39	199	100	1789584312493417472	1789584312493487104	1789584312493487104	1789584312493494272	1789584312493495296	10536	4	45	1	54736988101479	54736988116849
2584	456	17	200	102	1789584312493361152	1789584312493409280	1789584312493409280	1789584312493415424	1789584312493417472	10540	4	18	1	54750048928376	54750048943896
2585	456	39	200	102	1789584312493417472	1789584312493487104	1789584312493487104	1789584312493493248	1789584312493495296	10544	4	45	1	54750049124393	54750049139545
2586	457	17	201	104	1789584312493361152	1789584312493409280	1789584312493409280	1789584312493416448	1789584312493417472	10548	4	18	1	54686380709808	54686380725573
2587	457	39	201	104	1789584312493417472	1789584312493487104	1789584312493487104	1789584312493493248	1789584312493495296	10552	4	45	1	54686380905531	54686380920987
2588	458	17	202	106	1789584312493361152	1789584312493409280	1789584312493409280	1789584312493415424	1789584312493416448	10556	4	18	1	54734061347121	54734061362647
2589	458	39	202	106	1789584312493416448	1789584312493487104	1789584312493487104	1789584312493493248	1789584312493494272	10560	4	45	1	54734061543242	54734061558701
2590	459	17	203	108	1789584312493361152	1789584312493409280	1789584312493409280	1789584312493415424	1789584312493417472	10564	4	18	1	54749619435895	54749619451451
2591	459	39	203	108	1789584312493417472	1789584312493487104	1789584312493487104	1789584312493493248	1789584312493494272	10568	4	45	1	54749619631780	54749619646840
2592	460	17	204	110	1789584312493361152	1789584312493409280	1789584312493409280	1789584312493415424	1789584312493417472	10572	4	18	1	54742326871646	54742326886955
2593	460	39	204	110	1789584312493417472	1789584312493487104	1789584312493487104	1789584312493493248	1789584312493494272	10576	4	45	1	54742327067486	54742327082909
2594	461	17	205	112	1789584312493361152	1789584312493409280	1789584312493409280	1789584312493416448	1789584312493417472	10580	4	18	1	54763502874092	54763502889761
2595	461	39	205	112	1789584312493417472	1789584312493487104	1789584312493487104	1789584312493493248	1789584312493495296	10584	4	45	1	54763503070009	54763503085538
2596	462	17	206	114	1789584312493361152	1789584312493409280	1789584312493409280	1789584312493415424	1789584312493416448	10588	4	18	1	54744457914161	54744457929528
2597	462	39	206	114	1789584312493417472	1789584312493487104	1789584312493487104	1789584312493493248	1789584312493494272	10592	4	45	1	54744458110167	54744458125385
2598	463	17	207	116	1789584312493361152	1789584312493409280	1789584312493409280	1789584312493415424	1789584312493416448	10596	4	18	1	54748349221433	54748349236420
2599	463	39	207	116	1789584312493416448	1789584312493487104	1789584312493487104	1789584312493493248	1789584312493494272	10600	4	45	1	54748349417293	54748349432290
2600	464	17	208	118	1789584312493361152	1789584312493409280	1789584312493409280	1789584312493415424	1789584312493417472	10604	4	18	1	54759382845349	54759382860835
2601	464	39	208	118	1789584312493417472	1789584312493487104	1789584312493487104	1789584312493493248	1789584312493494272	10608	4	45	1	54759383041237	54759383056427
2602	465	17	209	120	1789584312493361152	1789584312493409280	1789584312493409280	1789584312493415424	1789584312493416448	10612	4	18	1	54707674203325	54707674218457
2603	465	39	209	120	1789584312493417472	1789584312493487104	1789584312493487104	1789584312493494272	1789584312493495296	10616	4	45	1	54707674399224	54707674414874
2604	466	17	210	122	1789584312493361152	1789584312493409280	1789584312493409280	1789584312493416448	1789584312493417472	10620	4	18	1	54736987905413	54736987921158
2605	466	39	210	122	1789584312493417472	1789584312493487104	1789584312493487104	1789584312493493248	1789584312493495296	10624	4	45	1	54736988101254	54736988116520
2606	467	17	211	124	1789584312493361152	1789584312493409280	1789584312493409280	1789584312493415424	1789584312493417472	10628	4	18	1	54750048928345	54750048943708
2607	467	39	211	124	1789584312493417472	1789584312493487104	1789584312493487104	1789584312493493248	1789584312493494272	10632	4	45	1	54750049124223	54750049139323
2608	468	17	212	126	1789584312493361152	1789584312493409280	1789584312493409280	1789584312493415424	1789584312493416448	10636	4	18	1	54686380709669	54686380724808
2609	468	39	212	126	1789584312493416448	1789584312493487104	1789584312493487104	1789584312493493248	1789584312493494272	10640	4	45	1	54686380905378	54686380920423
2610	469	17	213	1	1789584312493361152	1789584312493409280	1789584312493409280	1789584312493416448	1789584312493417472	10644	4	18	1	54742326871698	54742326887634
2611	469	39	213	1	1789584312493417472	1789584312493487104	1789584312493487104	1789584312493494272	1789584312493495296	10648	4	45	1	54742327067671	54742327083387
2612	470	17	214	3	1789584312493361152	1789584312493409280	1789584312493409280	1789584312493416448	1789584312493417472	10652	4	18	1	54763502874229	54763502890086
2613	470	39	214	3	1789584312493417472	1789584312493487104	1789584312493487104	1789584312493494272	1789584312493495296	10656	4	45	1	54763503070165	54763503085926
2614	471	17	215	5	1789584312493361152	1789584312493409280	1789584312493409280	1789584312493416448	1789584312493416448	10660	4	18	1	54744457914232	54744457929840
2615	471	39	215	5	1789584312493417472	1789584312493487104	1789584312493487104	1789584312493493248	1789584312493495296	10664	4	45	1	54744458110256	54744458125422
2616	472	17	216	7	1789584312493361152	1789584312493409280	1789584312493409280	1789584312493415424	1789584312493417472	10668	4	18	1	54748349221437	54748349236870
2617	472	39	216	7	1789584312493417472	1789584312493487104	1789584312493487104	1789584312493493248	1789584312493494272	10672	4	45	1	54748349417458	54748349432489
2618	473	17	217	9	1789584312493361152	1789584312493409280	1789584312493409280	1789584312493416448	1789584312493417472	10676	4	18	1	54759382845408	54759382861108
2619	473	39	217	9	1789584312493417472	1789584312493487104	1789584312493487104	1789584312493494272	1789584312493495296	10680	4	45	1	54759383041223	54759383057058
2620	474	17	218	11	1789584312493361152	1789584312493409280	1789584312493409280	1789584312493416448	1789584312493417472	10684	4	18	1	54707674203319	54707674218996
2621	474	39	218	11	1789584312493417472	1789584312493487104	1789584312493487104	1789584312493494272	1789584312493495296	10688	4	45	1	54707674399111	54707674414812
2622	475	17	219	13	1789584312493361152	1789584312493409280	1789584312493409280	1789584312493416448	1789584312493417472	10692	4	18	1	54736987905497	54736987921007
2623	475	39	219	13	1789584312493417472	1789584312493487104	1789584312493487104	1789584312493493248	1789584312493495296	10696	4	45	1	54736988101257	54736988116542
2624	476	17	220	15	1789584312493361152	1789584312493409280	1789584312493409280	1789584312493415424	1789584312493416448	10700	4	18	1	54750048928289	54750048943550
2625	476	39	220	15	1789584312493416448	1789584312493487104	1789584312493487104	1789584312493493248	1789584312493494272	10704	4	45	1	54750049124252	54750049139412
2626	477	17	221	17	1789584312493361152	1789584312493409280	1789584312493409280	1789584312493416448	1789584312493417472	10708	4	18	1	54686380709819	54686380725543
2627	477	39	221	17	1789584312493417472	1789584312493487104	1789584312493487104	1789584312493493248	1789584312493495296	10712	4	45	1	54686380905462	54686380920845
2628	478	17	222	19	1789584312493361152	1789584312493409280	1789584312493409280	1789584312493416448	1789584312493416448	10716	4	18	1	54734061347343	54734061363204
2629	478	39	222	19	1789584312493417472	1789584312493487104	1789584312493487104	1789584312493493248	1789584312493494272	10720	4	45	1	54734061543185	54734061558742
2630	479	17	223	21	1789584312493361152	1789584312493409280	1789584312493409280	1789584312493415424	1789584312493416448	10724	4	18	1	54749619435987	54749619451042
2631	479	39	223	21	1789584312493416448	1789584312493487104	1789584312493487104	1789584312493494272	1789584312493495296	10728	4	45	1	54749619631790	54749619647630
2632	480	17	224	23	1789584312493361152	1789584312493409280	1789584312493409280	1789584312493415424	1789584312493417472	10732	4	18	1	54742326871603	54742326887116
2633	480	39	224	23	1789584312493417472	1789584312493487104	1789584312493487104	1789584312493493248	1789584312493494272	10736	4	45	1	54742327067559	54742327082536
2634	481	17	225	25	1789584312493361152	1789584312493409280	1789584312493409280	1789584312493416448	1789584312493416448	10740	4	18	1	54763502874063	54763502889711
2635	481	39	225	25	1789584312493416448	1789584312493487104	1789584312493487104	1789584312493494272	1789584312493495296	10744	4	45	1	54763503070188	54763503085846
2636	482	17	226	27	1789584312493361152	1789584312493409280	1789584312493409280	1789584312493416448	1789584312493417472	10748	4	18	1	54744457914099	54744457929875
2637	482	39	226	27	1789584312493417472	1789584312493487104	1789584312493487104	1789584312493494272	1789584312493495296	10752	4	45	1	54744458110082	54744458125837
2638	483	17	227	29	1789584312493361152	1789584312493409280	1789584312493409280	1789584312493415424	1789584312493416448	10756	4	18	1	54748349221312	54748349236767
2639	483	39	227	29	1789584312493416448	1789584312493487104	1789584312493487104	1789584312493493248	1789584312493494272	10760	4	45	1	54748349417380	54748349432217
2640	484	17	228	31	1789584312493361152	1789584312493409280	1789584312493409280	1789584312493415424	1789584312493417472	10764	4	18	1	54759382845196	54759382860873
2641	484	39	228	31	1789584312493417472	1789584312493487104	1789584312493487104	1789584312493493248	1789584312493495296	10768	4	45	1	54759383041304	54759383056831
2642	485	17	229	33	1789584312493361152	1789584312493409280	1789584312493409280	1789584312493415424	1789584312493417472	10772	4	18	1	54707674203405	54707674218832
2643	485	39	229	33	1789584312493417472	1789584312493487104	1789584312493487104	1789584312493494272	1789584312493495296	10776	4	45	1	54707674399191	54707674414835
2644	486	17	230	35	1789584312493361152	1789584312493409280	1789584312493409280	1789584312493416448	1789584312493417472	10780	4	18	1	54736987905362	54736987921083
2645	486	39	230	35	1789584312493417472	1789584312493487104	1789584312493487104	1789584312493493248	1789584312493495296	10784	4	45	1	54736988101237	54736988116565
2646	487	17	231	37	1789584312493361152	1789584312493409280	1789584312493409280	1789584312493415424	1789584312493417472	10788	4	18	1	54750048928253	54750048943904
2647	487	39	231	37	1789584312493417472	1789584312493487104	1789584312493487104	1789584312493493248	1789584312493494272	10792	4	45	1	54750049124353	54750049139566
2648	488	17	232	39	1789584312493361152	1789584312493409280	1789584312493409280	1789584312493415424	1789584312493417472	10796	4	18	1	54686380709590	54686380725151
2649	488	39	232	39	1789584312493417472	1789584312493487104	1789584312493487104	1789584312493493248	1789584312493494272	10800	4	45	1	54686380905327	54686380920726
2650	489	17	233	41	1789584312493361152	1789584312493409280	1789584312493409280	1789584312493415424	1789584312493416448	10804	4	18	1	54734061347009	54734061362272
2651	489	39	233	41	1789584312493416448	1789584312493487104	1789584312493487104	1789584312493493248	1789584312493494272	10808	4	45	1	54734061543131	54734061558405
2652	490	17	234	43	1789584312493361152	1789584312493409280	1789584312493409280	1789584312493415424	1789584312493416448	10812	4	18	1	54749619435871	54749619451437
2653	490	39	234	43	1789584312493416448	1789584312493487104	1789584312493487104	1789584312493493248	1789584312493494272	10816	4	45	1	54749619631826	54749619647364
2654	491	17	235	87	1789584312493361152	1789584312493409280	1789584312493409280	1789584312493415424	1789584312493416448	10820	4	18	1	54749619436142	54749619451118
2655	491	39	235	87	1789584312493416448	1789584312493487104	1789584312493487104	1789584312493493248	1789584312493494272	10824	4	45	1	54749619632127	54749619647047
2656	492	17	236	89	1789584312493361152	1789584312493409280	1789584312493410304	1789584312493415424	1789584312493416448	10828	4	18	1	54742326871887	54742326886712
2657	492	39	236	89	1789584312493416448	1789584312493487104	1789584312493488128	1789584312493493248	1789584312493494272	10832	4	45	1	54742327067803	54742327082435
2658	493	17	237	91	1789584312493361152	1789584312493409280	1789584312493410304	1789584312493415424	1789584312493417472	10836	4	18	1	54763502874433	54763502889348
2659	493	39	237	91	1789584312493417472	1789584312493487104	1789584312493488128	1789584312493493248	1789584312493495296	10840	4	45	1	54763503070382	54763503085399
2660	494	17	238	93	1789584312493361152	1789584312493409280	1789584312493409280	1789584312493415424	1789584312493417472	10844	4	18	1	54744457914501	54744457929574
2661	494	39	238	93	1789584312493417472	1789584312493487104	1789584312493487104	1789584312493493248	1789584312493494272	10848	4	45	1	54744458110373	54744458125341
2662	495	17	239	95	1789584312493361152	1789584312493409280	1789584312493409280	1789584312493415424	1789584312493416448	10852	4	18	1	54748349221179	54748349236833
2663	495	39	239	95	1789584312493417472	1789584312493487104	1789584312493487104	1789584312493493248	1789584312493494272	10856	4	45	1	54748349417339	54748349432825
2664	496	17	240	97	1789584312493361152	1789584312493409280	1789584312493409280	1789584312493415424	1789584312493416448	10860	4	18	1	54759382845597	54759382860109
2665	496	39	240	97	1789584312493416448	1789584312493487104	1789584312493487104	1789584312493493248	1789584312493494272	10864	4	45	1	54759383041068	54759383056333
2666	497	17	241	99	1789584312493361152	1789584312493409280	1789584312493410304	1789584312493415424	1789584312493417472	10868	4	18	1	54707674203639	54707674218433
2667	497	39	241	99	1789584312493417472	1789584312493487104	1789584312493488128	1789584312493493248	1789584312493494272	10872	4	45	1	54707674399472	54707674414250
2668	498	17	242	101	1789584312493361152	1789584312493409280	1789584312493410304	1789584312493415424	1789584312493417472	10876	4	18	1	54736987905635	54736987920797
2669	498	39	242	101	1789584312493417472	1789584312493487104	1789584312493488128	1789584312493493248	1789584312493494272	10880	4	45	1	54736988101584	54736988116777
2670	499	17	243	103	1789584312493361152	1789584312493409280	1789584312493409280	1789584312493415424	1789584312493416448	10884	4	18	1	54750048928583	54750048943414
2671	499	39	243	103	1789584312493416448	1789584312493487104	1789584312493488128	1789584312493493248	1789584312493494272	10888	4	45	1	54750049124548	54750049139349
2672	500	17	244	105	1789584312493361152	1789584312493409280	1789584312493409280	1789584312493415424	1789584312493416448	10892	4	18	1	54686380709969	54686380724544
2673	500	39	244	105	1789584312493416448	1789584312493487104	1789584312493487104	1789584312493493248	1789584312493494272	10896	4	45	1	54686380905168	54686380920096
2674	501	17	245	107	1789584312493361152	1789584312493409280	1789584312493409280	1789584312493415424	1789584312493416448	10900	4	18	1	54734061347033	54734061362338
2675	501	39	245	107	1789584312493416448	1789584312493487104	1789584312493487104	1789584312493493248	1789584312493494272	10904	4	45	1	54734061543060	54734061558137
2676	502	17	246	109	1789584312493361152	1789584312493409280	1789584312493409280	1789584312493415424	1789584312493416448	10908	4	18	1	54749619435746	54749619450973
2677	502	39	246	109	1789584312493416448	1789584312493487104	1789584312493487104	1789584312493493248	1789584312493494272	10912	4	45	1	54749619631598	54749619646980
2678	503	17	247	111	1789584312493361152	1789584312493409280	1789584312493409280	1789584312493415424	1789584312493417472	10916	4	18	1	54742326871371	54742326887026
2679	503	39	247	111	1789584312493417472	1789584312493487104	1789584312493487104	1789584312493493248	1789584312493494272	10920	4	45	1	54742327067295	54742327082376
2680	504	17	248	113	1789584312493361152	1789584312493409280	1789584312493409280	1789584312493415424	1789584312493416448	10924	4	18	1	54763502873882	54763502888653
2681	504	39	248	113	1789584312493416448	1789584312493487104	1789584312493487104	1789584312493493248	1789584312493494272	10928	4	45	1	54763503069776	54763503085014
2682	505	17	249	115	1789584312493361152	1789584312493409280	1789584312493409280	1789584312493415424	1789584312493416448	10932	4	18	1	54744457914033	54744457929424
2683	505	39	249	115	1789584312493416448	1789584312493487104	1789584312493487104	1789584312493493248	1789584312493494272	10936	4	45	1	54744458109908	54744458125383
2684	506	17	250	117	1789584312493361152	1789584312493409280	1789584312493409280	1789584312493415424	1789584312493416448	10940	4	18	1	54748349221271	54748349236345
2685	506	39	250	117	1789584312493416448	1789584312493487104	1789584312493487104	1789584312493493248	1789584312493494272	10944	4	45	1	54748349417294	54748349432560
2686	507	17	251	119	1789584312493361152	1789584312493409280	1789584312493409280	1789584312493415424	1789584312493416448	10948	4	18	1	54759382845059	54759382860080
2687	507	39	251	119	1789584312493416448	1789584312493487104	1789584312493487104	1789584312493493248	1789584312493494272	10952	4	45	1	54759383040922	54759383056490
2688	508	17	252	121	1789584312493361152	1789584312493409280	1789584312493409280	1789584312493415424	1789584312493416448	10956	4	18	1	54707674203368	54707674218320
2689	508	39	252	121	1789584312493416448	1789584312493487104	1789584312493487104	1789584312493493248	1789584312493494272	10960	4	45	1	54707674398946	54707674414062
2690	509	17	253	123	1789584312493361152	1789584312493409280	1789584312493409280	1789584312493416448	1789584312493417472	10964	4	18	1	54736987905107	54736987920993
2691	509	39	253	123	1789584312493417472	1789584312493487104	1789584312493487104	1789584312493493248	1789584312493494272	10968	4	45	1	54736988101113	54736988116415
2692	510	17	254	125	1789584312493361152	1789584312493409280	1789584312493409280	1789584312493415424	1789584312493416448	10972	4	18	1	54750048928109	54750048943798
2693	510	39	254	125	1789584312493417472	1789584312493487104	1789584312493487104	1789584312493493248	1789584312493494272	10976	4	45	1	54750049124019	54750049139246
2694	511	17	255	127	1789584312493361152	1789584312493409280	1789584312493409280	1789584312493415424	1789584312493416448	10980	4	18	1	54686380709510	54686380724709
2695	511	39	255	127	1789584312493416448	1789584312493487104	1789584312493487104	1789584312493493248	1789584312493494272	10984	4	45	1	54686380905094	54686380920317
