slot	worker	stage	logical_task	smid	wait_begin	ready	run_begin	run_end	publish_end	wait_begin_idx	wait_count	dependency_begin	dependency_count	run_begin_clk	run_end_clk
0	0	0	0	0	1789584323492782080	1789584323492783104	1789584323492783104	1789584323492793344	1789584323492794368	0	0	0	0	54744871110426	54744871136288
1	0	6	12	0	1789584323492794368	1789584323492950016	1789584323492950016	1789584323492951040	1789584323492952064	0	1	5	1	54744871531554	54744871533615
2	0	11	72	0	1789584323492952064	1789584323493129216	1789584323493129216	1789584323493368832	1789584323493370880	1	4	12	1	54744871983248	54744872585051
3	0	20	16	0	1789584323493370880	1789584323494131712	1789584323494131712	1789584323494132736	1789584323494134784	5	1	23	1	54744874504959	54744874508038
4	0	23	48	0	1789584323494134784	1789584323494136832	1789584323494136832	1789584323494141952	1789584323494142976	6	3	26	3	54744874518518	54744874530028
5	0	27	28	0	1789584323494142976	1789584323494315008	1789584323494315008	1789584323494553600	1789584323494555648	9	4	33	1	54744874967087	54744875565846
6	0	34	52	0	1789584323494555648	1789584323495313408	1789584323495313408	1789584323495314432	1789584323495315456	13	1	42	1	54744877478514	54744877481105
7	0	38	116	0	1789584323495316480	1789584323495318528	1789584323495318528	1789584323495323648	1789584323495324672	14	3	46	3	54744877491929	54744877502998
8	0	42	96	0	1789584323495324672	1789584323495495680	1789584323495495680	1789584323495742464	1789584323495744512	17	4	53	1	54744877937646	54744878556447
9	0	49	120	0	1789584323495744512	1789584323496501248	1789584323496501248	1789584323496502272	1789584323496504320	21	1	62	1	54744880466863	54744880469684
10	0	56	20	0	1789584323496504320	1789584323496685568	1789584323496685568	1789584323496921088	1789584323496922112	22	4	72	1	54744880931006	54744881521882
11	1	0	1	2	1789584323492782080	1789584323492783104	1789584323492783104	1789584323492793344	1789584323492794368	26	0	0	0	54766048083537	54766048109361
12	1	6	13	2	1789584323492794368	1789584323492950016	1789584323492950016	1789584323492951040	1789584323492952064	26	1	5	1	54766048504786	54766048506875
13	1	11	73	2	1789584323492952064	1789584323493129216	1789584323493129216	1789584323493366784	1789584323493368832	27	4	12	1	54766048956769	54766049553531
14	1	20	17	2	1789584323493368832	1789584323494131712	1789584323494131712	1789584323494132736	1789584323494134784	31	1	23	1	54766051480264	54766051483352
15	1	23	49	2	1789584323494134784	1789584323494136832	1789584323494136832	1789584323494141952	1789584323494142976	32	3	26	3	54766051493966	54766051505361
16	1	27	29	2	1789584323494142976	1789584323494315008	1789584323494315008	1789584323494554624	1789584323494555648	35	4	33	1	54766051942675	54766052543089
17	1	34	53	2	1789584323494555648	1789584323495313408	1789584323495313408	1789584323495314432	1789584323495315456	39	1	42	1	54766054455935	54766054458602
18	1	38	117	2	1789584323495316480	1789584323495318528	1789584323495318528	1789584323495323648	1789584323495324672	40	3	46	3	54766054469341	54766054480498
19	1	42	97	2	1789584323495324672	1789584323495495680	1789584323495495680	1789584323495738368	1789584323495740416	43	4	53	1	54766054915308	54766055524992
20	1	49	121	2	1789584323495740416	1789584323496501248	1789584323496501248	1789584323496502272	1789584323496504320	47	1	62	1	54766057446007	54766057448855
21	1	56	21	2	1789584323496504320	1789584323496685568	1789584323496685568	1789584323496924160	1789584323496925184	48	4	72	1	54766057910370	54766058508389
22	2	0	2	4	1789584323492782080	1789584323492782080	1789584323492783104	1789584323492792320	1789584323492793344	52	0	0	0	54747003099657	54747003124885
23	2	6	14	4	1789584323492793344	1789584323492950016	1789584323492950016	1789584323492951040	1789584323492952064	52	1	5	1	54747003521206	54747003523269
24	2	11	74	4	1789584323492952064	1789584323493129216	1789584323493129216	1789584323493371904	1789584323493373952	53	4	12	1	54747003973166	54747004583432
25	2	20	18	4	1789584323493373952	1789584323494131712	1789584323494131712	1789584323494132736	1789584323494133760	57	1	23	1	54747006496616	54747006499702
26	2	23	50	4	1789584323494134784	1789584323494136832	1789584323494136832	1789584323494141952	1789584323494142976	58	3	26	3	54747006510123	54747006521685
27	2	27	30	4	1789584323494142976	1789584323494315008	1789584323494315008	1789584323494553600	1789584323494554624	61	4	33	1	54747006958753	54747007556829
28	2	34	54	4	1789584323494554624	1789584323495313408	1789584323495313408	1789584323495314432	1789584323495316480	65	1	42	1	54747009472119	54747009474925
29	2	38	118	4	1789584323495316480	1789584323495318528	1789584323495318528	1789584323495323648	1789584323495324672	66	3	46	3	54747009485608	54747009496842
30	2	42	98	4	1789584323495324672	1789584323495495680	1789584323495495680	1789584323495740416	1789584323495741440	69	4	53	1	54747009931690	54747010545103
31	2	49	122	4	1789584323495741440	1789584323496501248	1789584323496501248	1789584323496502272	1789584323496503296	73	1	62	1	54747012462536	54747012465476
32	2	56	22	4	1789584323496503296	1789584323496685568	1789584323496685568	1789584323496924160	1789584323496925184	74	4	72	1	54747012927075	54747013525113
33	3	0	3	6	1789584323492782080	1789584323492782080	1789584323492783104	1789584323492792320	1789584323492793344	78	0	0	0	54750894378634	54750894402960
34	3	6	15	6	1789584323492793344	1789584323492950016	1789584323492950016	1789584323492951040	1789584323492952064	78	1	5	1	54750894800006	54750894801950
35	3	11	75	6	1789584323492952064	1789584323493129216	1789584323493129216	1789584323493369856	1789584323493370880	79	4	12	1	54750895251899	54750895855577
36	3	20	19	6	1789584323493370880	1789584323494131712	1789584323494131712	1789584323494132736	1789584323494133760	83	1	23	1	54750897775103	54750897778195
37	3	23	51	6	1789584323494134784	1789584323494136832	1789584323494136832	1789584323494141952	1789584323494142976	84	3	26	3	54750897788342	54750897800189
38	3	27	31	6	1789584323494142976	1789584323494315008	1789584323494315008	1789584323494551552	1789584323494552576	87	4	33	1	54750898237201	54750898829527
39	3	34	55	6	1789584323494552576	1789584323495313408	1789584323495313408	1789584323495314432	1789584323495315456	91	1	42	1	54750900750072	54750900752929
40	3	38	119	6	1789584323495315456	1789584323495318528	1789584323495318528	1789584323495323648	1789584323495324672	92	3	46	3	54750900763865	54750900774938
41	3	42	99	6	1789584323495324672	1789584323495495680	1789584323495495680	1789584323495740416	1789584323495742464	95	4	53	1	54750901209745	54750901823869
42	3	49	123	6	1789584323495742464	1789584323496501248	1789584323496501248	1789584323496502272	1789584323496503296	99	1	62	1	54750903740187	54750903743101
43	3	56	23	6	1789584323496503296	1789584323496685568	1789584323496685568	1789584323496925184	1789584323496927232	100	4	72	1	54750904204699	54750904807252
44	4	2	0	8	1789584323492782080	1789584323492794368	1789584323492794368	1789584323492942848	1789584323492943872	104	4	1	1	54761928171857	54761928545353
45	4	6	16	8	1789584323492943872	1789584323492948992	1789584323492950016	1789584323492950016	1789584323492951040	108	1	5	1	54761928562454	54761928564206
46	4	11	76	8	1789584323492951040	1789584323493129216	1789584323493129216	1789584323493376000	1789584323493377024	109	4	12	1	54761929015609	54761929634472
47	4	20	20	8	1789584323493377024	1789584323494131712	1789584323494131712	1789584323494132736	1789584323494133760	113	1	23	1	54761931539158	54761931542244
48	4	23	52	8	1789584323494134784	1789584323494136832	1789584323494136832	1789584323494141952	1789584323494142976	114	3	26	3	54761931552568	54761931564121
49	4	27	32	8	1789584323494142976	1789584323494315008	1789584323494315008	1789584323494557696	1789584323494559744	117	4	33	1	54761932001608	54761932611418
50	4	34	56	8	1789584323494559744	1789584323495313408	1789584323495313408	1789584323495314432	1789584323495315456	121	1	42	1	54761934514862	54761934517538
51	4	38	120	8	1789584323495315456	1789584323495318528	1789584323495318528	1789584323495323648	1789584323495324672	122	3	46	3	54761934527780	54761934539561
52	4	42	100	8	1789584323495324672	1789584323495495680	1789584323495495680	1789584323495742464	1789584323495743488	125	4	53	1	54761934974262	54761935592366
53	4	49	124	8	1789584323495743488	1789584323496501248	1789584323496501248	1789584323496502272	1789584323496503296	129	1	62	1	54761937505183	54761937508020
54	4	56	24	8	1789584323496503296	1789584323496685568	1789584323496685568	1789584323496928256	1789584323496929280	130	4	72	1	54761937969666	54761938578833
55	5	2	1	10	1789584323492782080	1789584323492794368	1789584323492794368	1789584323492943872	1789584323492945920	134	4	1	1	54710217152016	54710217528525
56	5	6	17	10	1789584323492945920	1789584323492950016	1789584323492950016	1789584323492950016	1789584323492951040	138	1	5	1	54710217542262	54710217544061
57	5	11	77	10	1789584323492951040	1789584323493129216	1789584323493129216	1789584323493365760	1789584323493366784	139	4	12	1	54710217994852	54710218586535
58	5	20	21	10	1789584323493366784	1789584323494131712	1789584323494131712	1789584323494132736	1789584323494134784	143	1	23	1	54710220515076	54710220518160
59	5	23	53	10	1789584323494134784	1789584323494136832	1789584323494136832	1789584323494141952	1789584323494142976	144	3	26	3	54710220528812	54710220540071
60	5	27	33	10	1789584323494142976	1789584323494315008	1789584323494315008	1789584323494557696	1789584323494558720	147	4	33	1	54710220977051	54710221583776
61	5	34	57	10	1789584323494558720	1789584323495313408	1789584323495313408	1789584323495314432	1789584323495315456	151	1	42	1	54710223486332	54710223489188
62	5	38	121	10	1789584323495316480	1789584323495318528	1789584323495318528	1789584323495323648	1789584323495324672	152	3	46	3	54710223499638	54710223511275
63	5	42	101	10	1789584323495324672	1789584323495495680	1789584323495495680	1789584323495731200	1789584323495732224	155	4	53	1	54710223945591	54710224534656
64	5	49	125	10	1789584323495732224	1789584323496501248	1789584323496501248	1789584323496502272	1789584323496503296	159	1	62	1	54710226472684	54710226475678
65	5	56	25	10	1789584323496503296	1789584323496685568	1789584323496685568	1789584323496920064	1789584323496922112	160	4	72	1	54710226936917	54710227525532
66	6	2	2	12	1789584323492782080	1789584323492794368	1789584323492794368	1789584323492941824	1789584323492943872	164	4	1	1	54739531895273	54739532266719
67	6	6	18	12	1789584323492943872	1789584323492948992	1789584323492950016	1789584323492950016	1789584323492951040	168	1	5	1	54739532285047	54739532286879
68	6	11	78	12	1789584323492951040	1789584323493129216	1789584323493129216	1789584323493369856	1789584323493371904	169	4	12	1	54739532738070	54739533342053
69	6	20	22	12	1789584323493371904	1789584323494131712	1789584323494131712	1789584323494132736	1789584323494134784	173	1	23	1	54739535259579	54739535262649
70	6	23	54	12	1789584323494134784	1789584323494136832	1789584323494136832	1789584323494141952	1789584323494142976	174	3	26	3	54739535272976	54739535284599
71	6	27	34	12	1789584323494142976	1789584323494315008	1789584323494315008	1789584323494551552	1789584323494553600	177	4	33	1	54739535721751	54739536315446
72	6	34	58	12	1789584323494553600	1789584323495313408	1789584323495313408	1789584323495314432	1789584323495315456	181	1	42	1	54739538233040	54739538235699
73	6	38	122	12	1789584323495316480	1789584323495318528	1789584323495318528	1789584323495323648	1789584323495324672	182	3	46	3	54739538245966	54739538257727
74	6	42	102	12	1789584323495324672	1789584323495495680	1789584323495495680	1789584323495736320	1789584323495737344	185	4	53	1	54739538692312	54739539294133
75	6	49	126	12	1789584323495737344	1789584323496501248	1789584323496501248	1789584323496502272	1789584323496504320	189	1	62	1	54739541221161	54739541224123
76	6	56	26	12	1789584323496504320	1789584323496685568	1789584323496685568	1789584323496921088	1789584323496922112	190	4	72	1	54739541685846	54739542274907
77	7	2	3	14	1789584323492782080	1789584323492794368	1789584323492794368	1789584323492943872	1789584323492944896	194	4	1	1	54752594055826	54752594431618
78	7	6	19	14	1789584323492944896	1789584323492948992	1789584323492950016	1789584323492950016	1789584323492951040	198	1	5	1	54752594446088	54752594447873
79	7	11	79	14	1789584323492951040	1789584323493129216	1789584323493129216	1789584323493359616	1789584323493360640	199	4	12	1	54752594899317	54752595476585
80	7	20	23	14	1789584323493360640	1789584323494131712	1789584323494131712	1789584323494132736	1789584323494134784	203	1	23	1	54752597422541	54752597425637
81	7	23	55	14	1789584323494134784	1789584323494136832	1789584323494136832	1789584323494141952	1789584323494142976	204	3	26	3	54752597435791	54752597447554
82	7	27	35	14	1789584323494142976	1789584323494315008	1789584323494315008	1789584323494546432	1789584323494547456	207	4	33	1	54752597884858	54752598465133
83	7	34	59	14	1789584323494547456	1789584323495313408	1789584323495313408	1789584323495314432	1789584323495315456	211	1	42	1	54752600397767	54752600400580
84	7	38	123	14	1789584323495315456	1789584323495318528	1789584323495318528	1789584323495323648	1789584323495324672	212	3	46	3	54752600410920	54752600422638
85	7	42	103	14	1789584323495324672	1789584323495495680	1789584323495495680	1789584323495733248	1789584323495734272	215	4	53	1	54752600857313	54752601452992
86	7	49	127	14	1789584323495734272	1789584323496501248	1789584323496501248	1789584323496502272	1789584323496503296	219	1	62	1	54752603387839	54752603390781
87	7	56	27	14	1789584323496503296	1789584323496685568	1789584323496685568	1789584323496920064	1789584323496922112	220	4	72	1	54752603852515	54752604440548
88	8	2	4	16	1789584323492782080	1789584323492794368	1789584323492794368	1789584323492944896	1789584323492945920	224	4	1	1	54688923176839	54688923554145
89	8	6	20	16	1789584323492945920	1789584323492948992	1789584323492948992	1789584323492950016	1789584323492951040	228	1	5	1	54688923566666	54688923568394
90	8	11	80	16	1789584323492951040	1789584323493129216	1789584323493129216	1789584323493381120	1789584323493382144	229	4	12	1	54688924019719	54688924650495
91	8	20	24	16	1789584323493382144	1789584323494131712	1789584323494131712	1789584323494132736	1789584323494133760	233	1	23	1	54688926538984	54688926542057
92	8	23	56	16	1789584323494134784	1789584323494136832	1789584323494136832	1789584323494141952	1789584323494142976	234	3	26	3	54688926552181	54688926563757
93	8	27	36	16	1789584323494142976	1789584323494315008	1789584323494315008	1789584323494551552	1789584323494552576	237	4	33	1	54688927000800	54688927593699
94	8	34	60	16	1789584323494553600	1789584323495313408	1789584323495313408	1789584323495314432	1789584323495315456	241	1	42	1	54688929509265	54688929512054
95	8	38	124	16	1789584323495315456	1789584323495318528	1789584323495318528	1789584323495323648	1789584323495324672	242	3	46	3	54688929522454	54688929533999
96	8	42	104	16	1789584323495324672	1789584323495495680	1789584323495495680	1789584323495731200	1789584323495732224	245	4	53	1	54688929968553	54688930555874
97	8	52	0	16	1789584323495732224	1789584323496499200	1789584323496499200	1789584323496500224	1789584323496501248	249	1	65	1	54688932489797	54688932492119
98	8	56	28	16	1789584323496501248	1789584323496685568	1789584323496685568	1789584323496933376	1789584323496934400	250	4	72	1	54688932959051	54688933578612
99	9	2	5	18	1789584323492782080	1789584323492794368	1789584323492794368	1789584323492944896	1789584323492945920	254	4	1	1	54736606030850	54736606410199
100	9	6	21	18	1789584323492945920	1789584323492948992	1789584323492950016	1789584323492950016	1789584323492951040	258	1	5	1	54736606420887	54736606422554
101	9	11	81	18	1789584323492951040	1789584323493129216	1789584323493129216	1789584323493359616	1789584323493360640	259	4	12	1	54736606873962	54736607452549
102	9	20	25	18	1789584323493361664	1789584323494131712	1789584323494131712	1789584323494132736	1789584323494133760	263	1	23	1	54736609396046	54736609399157
103	9	23	57	18	1789584323494133760	1789584323494136832	1789584323494136832	1789584323494141952	1789584323494142976	264	3	26	3	54736609409593	54736609420806
104	9	27	37	18	1789584323494142976	1789584323494315008	1789584323494315008	1789584323494551552	1789584323494552576	267	4	33	1	54736609858131	54736610449969
105	9	34	61	18	1789584323494552576	1789584323495313408	1789584323495313408	1789584323495314432	1789584323495315456	271	1	42	1	54736612369858	54736612372540
106	9	38	125	18	1789584323495316480	1789584323495318528	1789584323495318528	1789584323495323648	1789584323495324672	272	3	46	3	54736612382869	54736612394448
107	9	42	105	18	1789584323495324672	1789584323495495680	1789584323495495680	1789584323495730176	1789584323495731200	275	4	53	1	54736612829056	54736613417360
108	9	52	1	18	1789584323495732224	1789584323496499200	1789584323496499200	1789584323496500224	1789584323496501248	279	1	65	1	54736615353132	54736615355462
109	9	56	29	18	1789584323496501248	1789584323496685568	1789584323496685568	1789584323496915968	1789584323496916992	280	4	72	1	54736615822722	54736616399931
110	10	2	6	20	1789584323492782080	1789584323492794368	1789584323492794368	1789584323492944896	1789584323492945920	284	4	1	1	54752164506018	54752164883757
111	10	6	22	20	1789584323492945920	1789584323492948992	1789584323492950016	1789584323492950016	1789584323492951040	288	1	5	1	54752164896535	54752164898263
112	10	11	82	20	1789584323492951040	1789584323493129216	1789584323493129216	1789584323493370880	1789584323493372928	289	4	12	1	54752165349462	54752165957248
113	10	20	26	20	1789584323493372928	1789584323494131712	1789584323494131712	1789584323494132736	1789584323494133760	293	1	23	1	54752167872671	54752167875759
114	10	23	58	20	1789584323494134784	1789584323494136832	1789584323494136832	1789584323494141952	1789584323494142976	294	3	26	3	54752167885808	54752167897432
115	10	27	38	20	1789584323494142976	1789584323494315008	1789584323494315008	1789584323494551552	1789584323494552576	297	4	33	1	54752168334807	54752168928445
116	10	34	62	20	1789584323494552576	1789584323495313408	1789584323495313408	1789584323495314432	1789584323495315456	301	1	42	1	54752170847459	54752170850253
117	10	38	126	20	1789584323495316480	1789584323495318528	1789584323495318528	1789584323495323648	1789584323495324672	302	3	46	3	54752170860564	54752170872209
118	10	42	106	20	1789584323495324672	1789584323495495680	1789584323495495680	1789584323495729152	1789584323495730176	305	4	53	1	54752171306883	54752171892695
119	10	52	2	20	1789584323495731200	1789584323496499200	1789584323496499200	1789584323496500224	1789584323496501248	309	1	65	1	54752173831982	54752173834273
120	10	56	30	20	1789584323496501248	1789584323496685568	1789584323496685568	1789584323496923136	1789584323496924160	310	4	72	1	54752174301716	54752174897881
121	11	2	7	22	1789584323492782080	1789584323492794368	1789584323492794368	1789584323492941824	1789584323492942848	314	4	1	1	54744871140110	54744871510408
122	11	6	23	22	1789584323492942848	1789584323492948992	1789584323492950016	1789584323492950016	1789584323492951040	318	1	5	1	54744871530164	54744871531937
123	11	11	83	22	1789584323492951040	1789584323493129216	1789584323493129216	1789584323493369856	1789584323493370880	319	4	12	1	54744871983023	54744872586058
124	11	20	27	22	1789584323493370880	1789584323494131712	1789584323494131712	1789584323494132736	1789584323494133760	323	1	23	1	54744874504933	54744874508012
125	11	23	59	22	1789584323494134784	1789584323494136832	1789584323494136832	1789584323494141952	1789584323494142976	324	3	26	3	54744874518372	54744874529687
126	11	27	39	22	1789584323494142976	1789584323494315008	1789584323494315008	1789584323494549504	1789584323494551552	327	4	33	1	54744874966962	54744875555098
127	11	34	63	22	1789584323494551552	1789584323495313408	1789584323495313408	1789584323495314432	1789584323495315456	331	1	42	1	54744877478247	54744877481058
128	11	38	127	22	1789584323495315456	1789584323495318528	1789584323495318528	1789584323495323648	1789584323495324672	332	3	46	3	54744877491450	54744877502921
129	11	42	107	22	1789584323495324672	1789584323495495680	1789584323495495680	1789584323495739392	1789584323495740416	335	4	53	1	54744877937745	54744878547898
130	11	52	3	22	1789584323495740416	1789584323496499200	1789584323496499200	1789584323496500224	1789584323496501248	339	1	65	1	54744880461463	54744880463737
131	11	56	31	22	1789584323496501248	1789584323496685568	1789584323496685568	1789584323496923136	1789584323496924160	340	4	72	1	54744880931028	54744881526712
132	12	1	0	24	1789584323492782080	1789584323492794368	1789584323492794368	1789584323492943872	1789584323492944896	344	4	0	1	54766048113221	54766048488339
133	12	6	24	24	1789584323492944896	1789584323492950016	1789584323492950016	1789584323492950016	1789584323492951040	348	1	5	1	54766048503676	54766048505427
134	12	11	84	24	1789584323492951040	1789584323493129216	1789584323493129216	1789584323493359616	1789584323493361664	349	4	12	1	54766048956529	54766049535810
135	12	20	28	24	1789584323493361664	1789584323494131712	1789584323494131712	1789584323494132736	1789584323494133760	353	1	23	1	54766051480240	54766051483324
136	12	23	60	24	1789584323494134784	1789584323494136832	1789584323494136832	1789584323494141952	1789584323494142976	354	3	26	3	54766051493816	54766051505141
137	12	27	40	24	1789584323494142976	1789584323494315008	1789584323494315008	1789584323494554624	1789584323494555648	357	4	33	1	54766051942777	54766052542750
138	12	34	64	24	1789584323494555648	1789584323495313408	1789584323495313408	1789584323495314432	1789584323495315456	361	1	42	1	54766054455649	54766054458469
139	12	39	0	24	1789584323495315456	1789584323495325696	1789584323495325696	1789584323495477248	1789584323495478272	362	129	49	2	54766054486040	54766054867875
140	12	42	108	24	1789584323495478272	1789584323495495680	1789584323495495680	1789584323495725056	1789584323495727104	491	4	53	1	54766054915402	54766055491464
141	12	52	4	24	1789584323495727104	1789584323496499200	1789584323496499200	1789584323496500224	1789584323496501248	495	1	65	1	54766057440653	54766057442932
142	12	56	32	24	1789584323496501248	1789584323496685568	1789584323496685568	1789584323496914944	1789584323496915968	496	4	72	1	54766057910361	54766058486033
143	13	1	1	26	1789584323492782080	1789584323492794368	1789584323492794368	1789584323492944896	1789584323492945920	500	4	0	1	54747003129362	54747003507123
144	13	6	25	26	1789584323492945920	1789584323492950016	1789584323492950016	1789584323492950016	1789584323492951040	504	1	5	1	54747003520066	54747003521759
145	13	11	85	26	1789584323492951040	1789584323493129216	1789584323493129216	1789584323493373952	1789584323493374976	505	4	12	1	54747003973172	54747004588120
146	13	20	29	26	1789584323493374976	1789584323494131712	1789584323494131712	1789584323494132736	1789584323494133760	509	1	23	1	54747006496584	54747006499719
147	13	23	61	26	1789584323494134784	1789584323494136832	1789584323494136832	1789584323494141952	1789584323494142976	510	3	26	3	54747006509925	54747006521496
148	13	27	41	26	1789584323494142976	1789584323494315008	1789584323494315008	1789584323494549504	1789584323494551552	513	4	33	1	54747006959095	54747007548045
149	13	34	65	26	1789584323494551552	1789584323495313408	1789584323495313408	1789584323495314432	1789584323495315456	517	1	42	1	54747009471992	54747009474799
150	13	39	1	26	1789584323495315456	1789584323495325696	1789584323495325696	1789584323495478272	1789584323495480320	518	129	49	2	54747009502298	54747009888049
151	13	42	109	26	1789584323495480320	1789584323495495680	1789584323495495680	1789584323495735296	1789584323495736320	647	4	53	1	54747009931762	54747010531836
152	13	52	5	26	1789584323495736320	1789584323496499200	1789584323496499200	1789584323496500224	1789584323496501248	651	1	65	1	54747012457300	54747012459638
153	13	56	33	26	1789584323496501248	1789584323496685568	1789584323496685568	1789584323496915968	1789584323496916992	652	4	72	1	54747012927067	54747013506245
154	14	1	2	28	1789584323492782080	1789584323492794368	1789584323492794368	1789584323492947968	1789584323492948992	656	4	0	1	54750894408630	54750894793789
155	14	6	26	28	1789584323492948992	1789584323492950016	1789584323492950016	1789584323492951040	1789584323492952064	660	1	5	1	54750894799546	54750894801409
156	14	11	86	28	1789584323492952064	1789584323493129216	1789584323493129216	1789584323493350400	1789584323493352448	661	4	12	1	54750895251878	54750895807329
157	14	20	30	28	1789584323493352448	1789584323494131712	1789584323494131712	1789584323494132736	1789584323494133760	665	1	23	1	54750897775064	54750897778185
158	14	23	62	28	1789584323494134784	1789584323494136832	1789584323494136832	1789584323494141952	1789584323494142976	666	3	26	3	54750897788573	54750897799980
159	14	27	42	28	1789584323494142976	1789584323494315008	1789584323494315008	1789584323494548480	1789584323494549504	669	4	33	1	54750898237534	54750898823112
160	14	34	66	28	1789584323494549504	1789584323495313408	1789584323495313408	1789584323495314432	1789584323495315456	673	1	42	1	54750900750026	54750900752831
161	14	39	2	28	1789584323495315456	1789584323495325696	1789584323495325696	1789584323495479296	1789584323495480320	674	129	49	2	54750900780072	54750901166887
162	14	42	110	28	1789584323495480320	1789584323495495680	1789584323495495680	1789584323495737344	1789584323495738368	803	4	53	1	54750901209883	54750901815864
163	14	52	6	28	1789584323495738368	1789584323496499200	1789584323496499200	1789584323496500224	1789584323496501248	807	1	65	1	54750903734931	54750903737314
164	14	56	34	28	1789584323496501248	1789584323496685568	1789584323496685568	1789584323496922112	1789584323496923136	808	4	72	1	54750904204677	54750904798239
165	15	1	3	30	1789584323492782080	1789584323492794368	1789584323492794368	1789584323492944896	1789584323492945920	812	4	0	1	54761928172049	54761928551621
166	15	6	27	30	1789584323492946944	1789584323492948992	1789584323492948992	1789584323492950016	1789584323492951040	816	1	5	1	54761928562209	54761928563912
167	15	11	87	30	1789584323492951040	1789584323493129216	1789584323493129216	1789584323493373952	1789584323493374976	817	4	12	1	54761929015585	54761929628856
168	15	20	31	30	1789584323493374976	1789584323494131712	1789584323494131712	1789584323494132736	1789584323494133760	821	1	23	1	54761931539131	54761931542240
169	15	23	63	30	1789584323494134784	1789584323494136832	1789584323494136832	1789584323494141952	1789584323494142976	822	3	26	3	54761931552382	54761931564024
170	15	27	43	30	1789584323494142976	1789584323494315008	1789584323494315008	1789584323494548480	1789584323494549504	825	4	33	1	54761932001680	54761932586903
171	15	34	67	30	1789584323494549504	1789584323495313408	1789584323495313408	1789584323495314432	1789584323495315456	829	1	42	1	54761934514564	54761934517371
172	15	39	3	30	1789584323495315456	1789584323495325696	1789584323495325696	1789584323495479296	1789584323495480320	830	129	49	2	54761934544845	54761934931711
173	15	42	111	30	1789584323495480320	1789584323495495680	1789584323495495680	1789584323495725056	1789584323495726080	959	4	53	1	54761934974550	54761935548384
174	15	52	7	30	1789584323495726080	1789584323496499200	1789584323496499200	1789584323496500224	1789584323496501248	963	1	65	1	54761937499823	54761937502152
175	15	56	35	30	1789584323496501248	1789584323496685568	1789584323496685568	1789584323496925184	1789584323496926208	964	4	72	1	54761937969604	54761938571063
176	16	1	4	32	1789584323492782080	1789584323492794368	1789584323492794368	1789584323492943872	1789584323492944896	968	4	0	1	54710217151829	54710217527364
177	16	6	28	32	1789584323492944896	1789584323492950016	1789584323492950016	1789584323492950016	1789584323492951040	972	1	5	1	54710217541998	54710217543742
178	16	11	88	32	1789584323492951040	1789584323493129216	1789584323493129216	1789584323493363712	1789584323493365760	973	4	12	1	54710217994814	54710218583415
179	16	19	0	32	1789584323493365760	1789584323494132736	1789584323494132736	1789584323494133760	1789584323494134784	977	1	22	1	54710220517925	54710220520412
180	16	23	64	32	1789584323494134784	1789584323494136832	1789584323494136832	1789584323494141952	1789584323494142976	978	3	26	3	54710220528672	54710220539700
181	16	27	44	32	1789584323494142976	1789584323494315008	1789584323494315008	1789584323494552576	1789584323494553600	981	4	33	1	54710220977129	54710221572009
182	16	34	68	32	1789584323494553600	1789584323495313408	1789584323495313408	1789584323495314432	1789584323495315456	985	1	42	1	54710223486268	54710223489181
183	16	39	4	32	1789584323495315456	1789584323495325696	1789584323495325696	1789584323495477248	1789584323495478272	986	129	49	2	54710223516565	54710223897583
184	16	43	0	32	1789584323495478272	1789584323495780352	1789584323495780352	1789584323495813120	1789584323495814144	1115	224	54	2	54710224658286	54710224740479
185	16	52	8	32	1789584323495814144	1789584323496499200	1789584323496499200	1789584323496500224	1789584323496501248	1339	1	65	1	54710226467463	54710226469790
186	16	56	36	32	1789584323496501248	1789584323496685568	1789584323496685568	1789584323496921088	1789584323496923136	1340	4	72	1	54710226936781	54710227527986
187	17	1	5	34	1789584323492782080	1789584323492794368	1789584323492794368	1789584323492941824	1789584323492942848	1344	4	0	1	54739531895041	54739532265062
188	17	6	29	34	1789584323492942848	1789584323492948992	1789584323492950016	1789584323492950016	1789584323492951040	1348	1	5	1	54739532284950	54739532286726
189	17	11	89	34	1789584323492951040	1789584323493129216	1789584323493129216	1789584323493369856	1789584323493370880	1349	4	12	1	54739532738092	54739533340270
190	17	19	1	34	1789584323493370880	1789584323494132736	1789584323494132736	1789584323494133760	1789584323494134784	1353	1	22	1	54739535262451	54739535264970
191	17	23	65	34	1789584323494134784	1789584323494136832	1789584323494136832	1789584323494141952	1789584323494142976	1354	3	26	3	54739535273158	54739535284182
192	17	27	45	34	1789584323494142976	1789584323494315008	1789584323494315008	1789584323494552576	1789584323494553600	1357	4	33	1	54739535721358	54739536316243
193	17	34	69	34	1789584323494553600	1789584323495313408	1789584323495313408	1789584323495314432	1789584323495315456	1361	1	42	1	54739538232757	54739538235652
194	17	39	5	34	1789584323495316480	1789584323495325696	1789584323495325696	1789584323495475200	1789584323495477248	1362	129	49	2	54739538262740	54739538640992
195	17	43	1	34	1789584323495477248	1789584323495780352	1789584323495780352	1789584323495813120	1789584323495814144	1491	224	54	2	54739539405839	54739539488615
196	17	52	9	34	1789584323495814144	1789584323496499200	1789584323496499200	1789584323496500224	1789584323496501248	1715	1	65	1	54739541215917	54739541218206
197	17	56	37	34	1789584323496501248	1789584323496685568	1789584323496685568	1789584323496923136	1789584323496924160	1716	4	72	1	54739541685383	54739542280000
198	18	1	6	36	1789584323492782080	1789584323492794368	1789584323492794368	1789584323492941824	1789584323492942848	1720	4	0	1	54752594055593	54752594426703
199	18	6	30	36	1789584323492942848	1789584323492950016	1789584323492950016	1789584323492950016	1789584323492951040	1724	1	5	1	54752594446182	54752594447901
200	18	11	90	36	1789584323492951040	1789584323493129216	1789584323493129216	1789584323493374976	1789584323493376000	1725	4	12	1	54752594899221	54752595515400
201	18	19	2	36	1789584323493376000	1789584323494132736	1789584323494132736	1789584323494133760	1789584323494134784	1729	1	22	1	54752597425409	54752597427863
202	18	23	66	36	1789584323494134784	1789584323494136832	1789584323494136832	1789584323494141952	1789584323494142976	1730	3	26	3	54752597435826	54752597447092
203	18	27	46	36	1789584323494142976	1789584323494315008	1789584323494315008	1789584323494557696	1789584323494558720	1733	4	33	1	54752597885005	54752598493601
204	18	34	70	36	1789584323494558720	1789584323495313408	1789584323495313408	1789584323495314432	1789584323495315456	1737	1	42	1	54752600397645	54752600400498
205	18	39	6	36	1789584323495315456	1789584323495325696	1789584323495325696	1789584323495476224	1789584323495477248	1738	129	49	2	54752600427578	54752600806552
206	18	43	2	36	1789584323495477248	1789584323495780352	1789584323495780352	1789584323495812096	1789584323495813120	1867	224	54	2	54752601571738	54752601651562
207	18	52	10	36	1789584323495813120	1789584323496499200	1789584323496499200	1789584323496500224	1789584323496501248	2091	1	65	1	54752603382621	54752603384958
208	18	56	38	36	1789584323496501248	1789584323496685568	1789584323496685568	1789584323496920064	1789584323496921088	2092	4	72	1	54752603852312	54752604441021
209	19	1	7	38	1789584323492782080	1789584323492794368	1789584323492794368	1789584323492945920	1789584323492946944	2096	4	0	1	54688923177058	54688923556977
210	19	6	31	38	1789584323492946944	1789584323492948992	1789584323492948992	1789584323492950016	1789584323492951040	2100	1	5	1	54688923566587	54688923568266
211	19	11	91	38	1789584323492951040	1789584323493129216	1789584323493129216	1789584323493363712	1789584323493364736	2101	4	12	1	54688924019537	54688924606226
212	19	19	3	38	1789584323493364736	1789584323494132736	1789584323494132736	1789584323494133760	1789584323494134784	2105	1	22	1	54688926541799	54688926544152
213	19	23	67	38	1789584323494134784	1789584323494136832	1789584323494136832	1789584323494141952	1789584323494142976	2106	3	26	3	54688926552333	54688926563549
214	19	27	47	38	1789584323494142976	1789584323494315008	1789584323494315008	1789584323494553600	1789584323494555648	2109	4	33	1	54688927000842	54688927599143
215	19	34	71	38	1789584323494555648	1789584323495313408	1789584323495313408	1789584323495314432	1789584323495315456	2113	1	42	1	54688929509182	54688929512013
216	19	39	7	38	1789584323495315456	1789584323495325696	1789584323495325696	1789584323495479296	1789584323495480320	2114	129	49	2	54688929539454	54688929925424
217	19	43	3	38	1789584323495480320	1789584323495780352	1789584323495780352	1789584323495811072	1789584323495812096	2243	224	54	2	54688930680931	54688930758079
218	19	52	11	38	1789584323495812096	1789584323496499200	1789584323496499200	1789584323496500224	1789584323496501248	2467	1	65	1	54688932489746	54688932492116
219	19	56	39	38	1789584323496501248	1789584323496685568	1789584323496685568	1789584323496920064	1789584323496921088	2468	4	72	1	54688932958859	54688933546201
220	20	1	8	40	1789584323492782080	1789584323492794368	1789584323492794368	1789584323492943872	1789584323492944896	2472	4	0	1	54736606030604	54736606407650
221	20	8	0	40	1789584323492944896	1789584323492952064	1789584323492952064	1789584323492957184	1789584323492958208	2476	3	7	3	54736606428492	54736606438953
222	20	11	92	40	1789584323492958208	1789584323493129216	1789584323493129216	1789584323493361664	1789584323493362688	2479	4	12	1	54736606873576	54736607455715
223	20	19	4	40	1789584323493362688	1789584323494132736	1789584323494132736	1789584323494133760	1789584323494134784	2483	1	22	1	54736609398810	54736609401133
224	20	23	68	40	1789584323494134784	1789584323494136832	1789584323494136832	1789584323494140928	1789584323494141952	2484	3	26	3	54736609409713	54736609420122
225	20	27	48	40	1789584323494142976	1789584323494315008	1789584323494315008	1789584323494550528	1789584323494552576	2487	4	33	1	54736609857752	54736610449161
226	20	34	72	40	1789584323494552576	1789584323495313408	1789584323495313408	1789584323495314432	1789584323495315456	2491	1	42	1	54736612369577	54736612372432
227	20	39	8	40	1789584323495315456	1789584323495325696	1789584323495325696	1789584323495478272	1789584323495479296	2492	129	49	2	54736612399687	54736612785047
228	20	44	0	40	1789584323495479296	1789584323495815168	1789584323495815168	1789584323496327168	1789584323496328192	2621	5	56	2	54736613630402	54736614919064
229	20	52	12	40	1789584323496328192	1789584323496499200	1789584323496499200	1789584323496500224	1789584323496501248	2626	1	65	1	54736615353164	54736615355493
230	20	56	40	40	1789584323496501248	1789584323496685568	1789584323496685568	1789584323496921088	1789584323496922112	2627	4	72	1	54736615822573	54736616413923
231	21	1	9	42	1789584323492782080	1789584323492794368	1789584323492794368	1789584323492944896	1789584323492945920	2631	4	0	1	54752164506415	54752164883970
232	21	8	1	42	1789584323492945920	1789584323492952064	1789584323492953088	1789584323492957184	1789584323492958208	2635	3	7	3	54752164904321	54752164914643
233	21	11	93	42	1789584323492958208	1789584323493129216	1789584323493129216	1789584323493355520	1789584323493356544	2638	4	12	1	54752165349300	54752165916749
234	21	19	5	42	1789584323493356544	1789584323494132736	1789584323494132736	1789584323494133760	1789584323494134784	2642	1	22	1	54752167875457	54752167877857
235	21	23	69	42	1789584323494134784	1789584323494136832	1789584323494136832	1789584323494140928	1789584323494142976	2643	3	26	3	54752167886197	54752167896744
236	21	27	49	42	1789584323494142976	1789584323494315008	1789584323494315008	1789584323494553600	1789584323494554624	2646	4	33	1	54752168334547	54752168932755
237	21	34	73	42	1789584323494554624	1789584323495313408	1789584323495313408	1789584323495314432	1789584323495315456	2650	1	42	1	54752170847320	54752170850168
238	21	39	9	42	1789584323495315456	1789584323495325696	1789584323495325696	1789584323495477248	1789584323495478272	2651	129	49	2	54752170877572	54752171260167
239	21	44	1	42	1789584323495478272	1789584323495815168	1789584323495815168	1789584323496323072	1789584323496324096	2780	5	56	2	54752172108907	54752173387977
240	21	52	13	42	1789584323496324096	1789584323496499200	1789584323496499200	1789584323496500224	1789584323496501248	2785	1	65	1	54752173831938	54752173834289
241	21	56	41	42	1789584323496501248	1789584323496685568	1789584323496685568	1789584323496921088	1789584323496922112	2786	4	72	1	54752174301521	54752174892707
242	22	1	10	44	1789584323492782080	1789584323492794368	1789584323492794368	1789584323492942848	1789584323492943872	2790	4	0	1	54744871139908	54744871513037
243	22	8	2	44	1789584323492943872	1789584323492952064	1789584323492953088	1789584323492957184	1789584323492958208	2794	3	7	3	54744871537805	54744871548720
244	22	11	94	44	1789584323492958208	1789584323493129216	1789584323493129216	1789584323493368832	1789584323493369856	2797	4	12	1	54744871983101	54744872583347
245	22	19	6	44	1789584323493369856	1789584323494132736	1789584323494132736	1789584323494133760	1789584323494134784	2801	1	22	1	54744874507813	54744874510283
246	22	23	70	44	1789584323494134784	1789584323494136832	1789584323494136832	1789584323494140928	1789584323494142976	2802	3	26	3	54744874518121	54744874528982
247	22	27	50	44	1789584323494142976	1789584323494315008	1789584323494315008	1789584323494555648	1789584323494556672	2805	4	33	1	54744874966597	54744875569905
248	22	34	74	44	1789584323494556672	1789584323495313408	1789584323495313408	1789584323495314432	1789584323495315456	2809	1	42	1	54744877478056	54744877480953
249	22	39	10	44	1789584323495315456	1789584323495325696	1789584323495325696	1789584323495475200	1789584323495477248	2810	129	49	2	54744877508078	54744877886206
250	22	44	2	44	1789584323495477248	1789584323495815168	1789584323495815168	1789584323496317952	1789584323496318976	2939	5	56	2	54744878739022	54744880004486
251	22	52	14	44	1789584323496318976	1789584323496499200	1789584323496499200	1789584323496500224	1789584323496501248	2944	1	65	1	54744880461445	54744880463749
252	22	56	42	44	1789584323496501248	1789584323496685568	1789584323496685568	1789584323496919040	1789584323496921088	2945	4	72	1	54744880930817	54744881517808
253	23	1	11	46	1789584323492782080	1789584323492794368	1789584323492794368	1789584323492943872	1789584323492944896	2949	4	0	1	54766048113104	54766048490049
254	23	8	3	46	1789584323492945920	1789584323492952064	1789584323492952064	1789584323492957184	1789584323492958208	2953	3	7	3	54766048510762	54766048521553
255	23	11	95	46	1789584323492958208	1789584323493129216	1789584323493129216	1789584323493372928	1789584323493373952	2956	4	12	1	54766048956607	54766049568673
256	23	19	7	46	1789584323493373952	1789584323494132736	1789584323494132736	1789584323494133760	1789584323494134784	2960	1	22	1	54766051483040	54766051485490
257	23	23	71	46	1789584323494134784	1789584323494136832	1789584323494136832	1789584323494140928	1789584323494142976	2961	3	26	3	54766051493676	54766051504372
258	23	27	51	46	1789584323494142976	1789584323494315008	1789584323494315008	1789584323494549504	1789584323494551552	2964	4	33	1	54766051942183	54766052532229
259	23	34	75	46	1789584323494551552	1789584323495313408	1789584323495313408	1789584323495314432	1789584323495315456	2968	1	42	1	54766054455563	54766054458429
260	23	39	11	46	1789584323495315456	1789584323495325696	1789584323495325696	1789584323495476224	1789584323495478272	2969	129	49	2	54766054485548	54766054866717
261	23	44	3	46	1789584323495478272	1789584323495815168	1789584323495815168	1789584323496325120	1789584323496326144	3098	5	56	2	54766055717396	54766057002576
262	23	52	15	46	1789584323496326144	1789584323496499200	1789584323496499200	1789584323496500224	1789584323496501248	3103	1	65	1	54766057440585	54766057442933
263	23	56	43	46	1789584323496501248	1789584323496685568	1789584323496685568	1789584323496922112	1789584323496923136	3104	4	72	1	54766057910209	54766058503808
264	24	1	12	48	1789584323492782080	1789584323492794368	1789584323492794368	1789584323492945920	1789584323492946944	3108	4	0	1	54747003129644	54747003510974
265	24	8	4	48	1789584323492946944	1789584323492952064	1789584323492952064	1789584323492956160	1789584323492958208	3112	3	7	3	54747003527241	54747003537386
266	24	11	96	48	1789584323492958208	1789584323493129216	1789584323493129216	1789584323493348352	1789584323493350400	3115	4	12	1	54747003973266	54747004524172
267	24	19	8	48	1789584323493350400	1789584323494132736	1789584323494132736	1789584323494133760	1789584323494134784	3119	1	22	1	54747006499341	54747006501720
268	24	23	72	48	1789584323494134784	1789584323494136832	1789584323494136832	1789584323494141952	1789584323494142976	3120	3	26	3	54747006509903	54747006521390
269	24	27	52	48	1789584323494142976	1789584323494315008	1789584323494315008	1789584323494550528	1789584323494551552	3123	4	33	1	54747006958552	54747007549543
270	24	34	76	48	1789584323494551552	1789584323495313408	1789584323495313408	1789584323495314432	1789584323495315456	3127	1	42	1	54747009471922	54747009474741
271	24	39	12	48	1789584323495315456	1789584323495325696	1789584323495325696	1789584323495479296	1789584323495480320	3128	129	49	2	54747009502030	54747009888680
272	24	44	4	48	1789584323495480320	1789584323495815168	1789584323495815168	1789584323496328192	1789584323496329216	3257	5	56	2	54747010733890	54747012027614
273	24	52	16	48	1789584323496330240	1789584323496499200	1789584323496499200	1789584323496500224	1789584323496501248	3262	1	65	1	54747012457256	54747012459634
274	24	56	44	48	1789584323496501248	1789584323496685568	1789584323496685568	1789584323496912896	1789584323496913920	3263	4	72	1	54747012926922	54747013496749
275	25	1	13	50	1789584323492782080	1789584323492794368	1789584323492794368	1789584323492946944	1789584323492947968	3267	4	0	1	54750894408416	54750894790901
276	25	8	5	50	1789584323492947968	1789584323492952064	1789584323492953088	1789584323492956160	1789584323492958208	3271	3	7	3	54750894806460	54750894816631
277	25	11	97	50	1789584323492958208	1789584323493129216	1789584323493129216	1789584323493358592	1789584323493359616	3274	4	12	1	54750895252009	54750895827053
278	25	19	9	50	1789584323493359616	1789584323494132736	1789584323494132736	1789584323494133760	1789584323494134784	3278	1	22	1	54750897777843	54750897780135
279	25	23	73	50	1789584323494134784	1789584323494136832	1789584323494136832	1789584323494141952	1789584323494142976	3279	3	26	3	54750897788407	54750897799860
280	25	27	53	50	1789584323494142976	1789584323494315008	1789584323494315008	1789584323494548480	1789584323494549504	3282	4	33	1	54750898237022	54750898823397
281	25	34	77	50	1789584323494550528	1789584323495313408	1789584323495313408	1789584323495314432	1789584323495315456	3286	1	42	1	54750900749990	54750900752830
282	25	39	13	50	1789584323495315456	1789584323495325696	1789584323495325696	1789584323495479296	1789584323495480320	3287	129	49	2	54750900780405	54750901169165
283	25	44	5	50	1789584323495481344	1789584323495815168	1789584323495815168	1789584323496326144	1789584323496327168	3416	5	56	2	54750902011608	54750903298206
284	25	52	17	50	1789584323496327168	1789584323496499200	1789584323496499200	1789584323496500224	1789584323496501248	3421	1	65	1	54750903734936	54750903737306
285	25	56	45	50	1789584323496501248	1789584323496685568	1789584323496685568	1789584323496928256	1789584323496929280	3422	4	72	1	54750904204635	54750904814487
286	26	1	14	52	1789584323492782080	1789584323492794368	1789584323492794368	1789584323492945920	1789584323492946944	3426	4	0	1	54761928171860	54761928553689
287	26	8	6	52	1789584323492946944	1789584323492952064	1789584323492953088	1789584323492957184	1789584323492958208	3430	3	7	3	54761928570016	54761928580314
288	26	11	98	52	1789584323492958208	1789584323493129216	1789584323493129216	1789584323493357568	1789584323493358592	3433	4	12	1	54761929015715	54761929588739
289	26	19	10	52	1789584323493358592	1789584323494132736	1789584323494132736	1789584323494133760	1789584323494134784	3437	1	22	1	54761931541890	54761931544264
290	26	23	74	52	1789584323494134784	1789584323494136832	1789584323494136832	1789584323494141952	1789584323494142976	3438	3	26	3	54761931552738	54761931563945
291	26	27	54	52	1789584323494142976	1789584323494315008	1789584323494315008	1789584323494553600	1789584323494554624	3441	4	33	1	54761932001109	54761932599910
292	26	34	78	52	1789584323494554624	1789584323495313408	1789584323495313408	1789584323495314432	1789584323495315456	3445	1	42	1	54761934514476	54761934517332
293	26	39	14	52	1789584323495315456	1789584323495325696	1789584323495325696	1789584323495478272	1789584323495479296	3446	129	49	2	54761934544783	54761934929402
294	26	44	6	52	1789584323495479296	1789584323495815168	1789584323495815168	1789584323496324096	1789584323496325120	3575	5	56	2	54761935776388	54761937058073
295	26	52	18	52	1789584323496325120	1789584323496499200	1789584323496499200	1789584323496500224	1789584323496501248	3580	1	65	1	54761937499769	54761937502150
296	26	56	46	52	1789584323496501248	1789584323496685568	1789584323496685568	1789584323496919040	1789584323496920064	3581	4	72	1	54761937969459	54761938556032
297	27	1	15	54	1789584323492782080	1789584323492794368	1789584323492794368	1789584323492943872	1789584323492944896	3585	4	0	1	54710217151771	54710217527910
298	27	8	7	54	1789584323492944896	1789584323492952064	1789584323492952064	1789584323492956160	1789584323492958208	3589	3	7	3	54710217549292	54710217559704
299	27	11	99	54	1789584323492958208	1789584323493129216	1789584323493129216	1789584323493352448	1789584323493353472	3592	4	12	1	54710217994920	54710218555116
300	27	19	11	54	1789584323493354496	1789584323494132736	1789584323494132736	1789584323494133760	1789584323494134784	3596	1	22	1	54710220517840	54710220520271
301	27	23	75	54	1789584323494134784	1789584323494136832	1789584323494136832	1789584323494141952	1789584323494142976	3597	3	26	3	54710220528668	54710220539871
302	27	27	55	54	1789584323494142976	1789584323494315008	1789584323494315008	1789584323494547456	1789584323494548480	3600	4	33	1	54710220976506	54710221557926
303	27	34	79	54	1789584323494548480	1789584323495313408	1789584323495313408	1789584323495314432	1789584323495315456	3604	1	42	1	54710223486156	54710223489057
304	27	39	15	54	1789584323495315456	1789584323495325696	1789584323495325696	1789584323495476224	1789584323495478272	3605	129	49	2	54710223516230	54710223896732
305	27	44	7	54	1789584323495478272	1789584323495815168	1789584323495815168	1789584323496321024	1789584323496323072	3734	5	56	2	54710224745970	54710226019923
306	27	52	19	54	1789584323496323072	1789584323496499200	1789584323496499200	1789584323496500224	1789584323496501248	3739	1	65	1	54710226467420	54710226469781
307	27	56	47	54	1789584323496501248	1789584323496685568	1789584323496685568	1789584323496924160	1789584323496926208	3740	4	72	1	54710226936612	54710227536058
308	28	1	16	56	1789584323492782080	1789584323492794368	1789584323492794368	1789584323492943872	1789584323492944896	3744	4	0	1	54739531894953	54739532270421
309	28	8	8	56	1789584323492944896	1789584323492952064	1789584323492952064	1789584323492956160	1789584323492958208	3748	3	7	3	54739532292501	54739532302914
310	28	11	100	56	1789584323492958208	1789584323493129216	1789584323493129216	1789584323493354496	1789584323493355520	3751	4	12	1	54739532737720	54739533301911
311	28	19	12	56	1789584323493355520	1789584323494132736	1789584323494132736	1789584323494133760	1789584323494134784	3755	1	22	1	54739535262417	54739535264870
312	28	23	76	56	1789584323494134784	1789584323494136832	1789584323494136832	1789584323494140928	1789584323494142976	3756	3	26	3	54739535273009	54739535283867
313	28	27	56	56	1789584323494142976	1789584323494315008	1789584323494315008	1789584323494546432	1789584323494548480	3759	4	33	1	54739535721251	54739536302776
314	28	34	80	56	1789584323494548480	1789584323495313408	1789584323495313408	1789584323495314432	1789584323495315456	3763	1	42	1	54739538232646	54739538235479
315	28	39	16	56	1789584323495315456	1789584323495325696	1789584323495325696	1789584323495476224	1789584323495477248	3764	129	49	2	54739538262612	54739538642318
316	28	44	8	56	1789584323495477248	1789584323495815168	1789584323495815168	1789584323496323072	1789584323496324096	3893	5	56	2	54739539493488	54739540771432
317	28	52	20	56	1789584323496324096	1789584323496499200	1789584323496499200	1789584323496500224	1789584323496501248	3898	1	65	1	54739541215894	54739541218213
318	28	56	48	56	1789584323496501248	1789584323496685568	1789584323496685568	1789584323496927232	1789584323496928256	3899	4	72	1	54739541685271	54739542291737
319	29	1	17	58	1789584323492782080	1789584323492794368	1789584323492794368	1789584323492943872	1789584323492944896	3903	4	0	1	54752594055527	54752594432150
320	29	8	9	58	1789584323492944896	1789584323492952064	1789584323492952064	1789584323492956160	1789584323492958208	3907	3	7	3	54752594453353	54752594463712
321	29	11	101	58	1789584323492958208	1789584323493129216	1789584323493129216	1789584323493351424	1789584323493352448	3910	4	12	1	54752594898970	54752595456528
322	29	19	13	58	1789584323493352448	1789584323494132736	1789584323494132736	1789584323494133760	1789584323494134784	3914	1	22	1	54752597425288	54752597427666
323	29	23	77	58	1789584323494134784	1789584323494136832	1789584323494136832	1789584323494140928	1789584323494142976	3915	3	26	3	54752597436014	54752597446817
324	29	27	57	58	1789584323494142976	1789584323494315008	1789584323494315008	1789584323494550528	1789584323494551552	3918	4	33	1	54752597884443	54752598474964
325	29	34	81	58	1789584323494551552	1789584323495313408	1789584323495313408	1789584323495314432	1789584323495315456	3922	1	42	1	54752600397568	54752600400413
326	29	39	17	58	1789584323495315456	1789584323495325696	1789584323495325696	1789584323495478272	1789584323495479296	3923	129	49	2	54752600427610	54752600812105
327	29	44	9	58	1789584323495479296	1789584323495815168	1789584323495815168	1789584323496325120	1789584323496326144	4052	5	56	2	54752601659403	54752602943921
328	29	52	21	58	1789584323496326144	1789584323496499200	1789584323496499200	1789584323496500224	1789584323496501248	4057	1	65	1	54752603382560	54752603384930
329	29	56	49	58	1789584323496501248	1789584323496685568	1789584323496685568	1789584323496923136	1789584323496924160	4058	4	72	1	54752603852221	54752604447820
330	30	1	18	60	1789584323492782080	1789584323492794368	1789584323492794368	1789584323492945920	1789584323492946944	4062	4	0	1	54688923177005	54688923556399
331	30	8	10	60	1789584323492946944	1789584323492952064	1789584323492952064	1789584323492956160	1789584323492958208	4066	3	7	3	54688923574352	54688923584691
332	30	11	102	60	1789584323492958208	1789584323493129216	1789584323493129216	1789584323493346304	1789584323493348352	4069	4	12	1	54688924019229	54688924563715
333	30	19	14	60	1789584323493348352	1789584323494132736	1789584323494132736	1789584323494133760	1789584323494134784	4073	1	22	1	54688926541720	54688926543997
334	30	23	78	60	1789584323494134784	1789584323494136832	1789584323494136832	1789584323494140928	1789584323494142976	4074	3	26	3	54688926552095	54688926563260
335	30	27	58	60	1789584323494142976	1789584323494315008	1789584323494315008	1789584323494551552	1789584323494552576	4077	4	33	1	54688927000343	54688927593613
336	30	34	82	60	1789584323494553600	1789584323495313408	1789584323495313408	1789584323495314432	1789584323495315456	4081	1	42	1	54688929509102	54688929511911
337	30	39	18	60	1789584323495315456	1789584323495325696	1789584323495325696	1789584323495477248	1789584323495478272	4082	129	49	2	54688929539345	54688929922757
338	30	44	10	60	1789584323495479296	1789584323495815168	1789584323495815168	1789584323496325120	1789584323496326144	4211	5	56	2	54688930768585	54688932052882
339	30	52	22	60	1789584323496327168	1789584323496499200	1789584323496499200	1789584323496500224	1789584323496501248	4216	1	65	1	54688932489742	54688932492100
340	30	56	50	60	1789584323496501248	1789584323496685568	1789584323496685568	1789584323496923136	1789584323496924160	4217	4	72	1	54688932958760	54688933553757
341	31	1	19	62	1789584323492782080	1789584323492794368	1789584323492794368	1789584323492942848	1789584323492943872	4221	4	0	1	54736606030895	54736606404620
342	31	8	11	62	1789584323492943872	1789584323492952064	1789584323492953088	1789584323492957184	1789584323492958208	4225	3	7	3	54736606428660	54736606439430
343	31	11	103	62	1789584323492958208	1789584323493129216	1789584323493129216	1789584323493356544	1789584323493357568	4228	4	12	1	54736606873911	54736607444965
344	31	19	15	62	1789584323493358592	1789584323494132736	1789584323494132736	1789584323494133760	1789584323494134784	4232	1	22	1	54736609398695	54736609401141
345	31	23	79	62	1789584323494134784	1789584323494136832	1789584323494136832	1789584323494140928	1789584323494142976	4233	3	26	3	54736609409765	54736609420465
346	31	27	59	62	1789584323494142976	1789584323494315008	1789584323494315008	1789584323494549504	1789584323494551552	4236	4	33	1	54736609857984	54736610446638
347	31	34	83	62	1789584323494551552	1789584323495313408	1789584323495313408	1789584323495314432	1789584323495315456	4240	1	42	1	54736612369756	54736612372526
348	31	39	19	62	1789584323495315456	1789584323495325696	1789584323495325696	1789584323495476224	1789584323495477248	4241	129	49	2	54736612399779	54736612780529
349	31	44	11	62	1789584323495478272	1789584323495815168	1789584323495815168	1789584323496321024	1789584323496322048	4370	5	56	2	54736613630441	54736614903776
350	31	52	23	62	1789584323496322048	1789584323496499200	1789584323496499200	1789584323496500224	1789584323496501248	4375	1	65	1	54736615353158	54736615355523
351	31	56	51	62	1789584323496501248	1789584323496685568	1789584323496685568	1789584323496929280	1789584323496930304	4376	4	72	1	54736615822808	54736616434651
352	32	1	20	64	1789584323492782080	1789584323492794368	1789584323492794368	1789584323492942848	1789584323492943872	4380	4	0	1	54752164506080	54752164879368
353	32	8	12	64	1789584323492943872	1789584323492953088	1789584323492953088	1789584323492957184	1789584323492958208	4384	3	7	3	54752164904495	54752164915020
354	32	11	104	64	1789584323492958208	1789584323493129216	1789584323493129216	1789584323493345280	1789584323493346304	4387	4	12	1	54752165349614	54752165890417
355	32	19	16	64	1789584323493346304	1789584323494132736	1789584323494132736	1789584323494133760	1789584323494134784	4391	1	22	1	54752167875580	54752167878067
356	32	23	80	64	1789584323494134784	1789584323494136832	1789584323494136832	1789584323494141952	1789584323494142976	4392	3	26	3	54752167886249	54752167897677
357	32	27	60	64	1789584323494142976	1789584323494315008	1789584323494315008	1789584323494547456	1789584323494548480	4395	4	33	1	54752168334741	54752168918354
358	32	34	84	64	1789584323494548480	1789584323495313408	1789584323495313408	1789584323495314432	1789584323495315456	4399	1	42	1	54752170847478	54752170850296
359	32	39	20	64	1789584323495315456	1789584323495325696	1789584323495325696	1789584323495475200	1789584323495477248	4400	129	49	2	54752170877400	54752171255817
360	32	44	12	64	1789584323495477248	1789584323495815168	1789584323495815168	1789584323496318976	1789584323496321024	4529	5	56	2	54752172108958	54752173379217
361	32	52	24	64	1789584323496321024	1789584323496499200	1789584323496499200	1789584323496500224	1789584323496501248	4534	1	65	1	54752173832016	54752173834328
362	32	56	52	64	1789584323496501248	1789584323496685568	1789584323496685568	1789584323496925184	1789584323496926208	4535	4	72	1	54752174301749	54752174902136
363	33	1	21	66	1789584323492782080	1789584323492794368	1789584323492794368	1789584323492941824	1789584323492942848	4539	4	0	1	54744871140227	54744871509804
364	33	8	13	66	1789584323492942848	1789584323492952064	1789584323492952064	1789584323492957184	1789584323492958208	4543	3	7	3	54744871537447	54744871548509
365	33	11	105	66	1789584323492958208	1789584323493129216	1789584323493129216	1789584323493358592	1789584323493359616	4546	4	12	1	54744871983247	54744872558606
366	33	19	17	66	1789584323493359616	1789584323494132736	1789584323494132736	1789584323494133760	1789584323494134784	4550	1	22	1	54744874507637	54744874510238
367	33	23	81	66	1789584323494134784	1789584323494136832	1789584323494136832	1789584323494141952	1789584323494142976	4551	3	26	3	54744874518498	54744874529948
368	33	27	61	66	1789584323494142976	1789584323494315008	1789584323494315008	1789584323494542336	1789584323494544384	4554	4	33	1	54744874966849	54744875537342
369	33	34	85	66	1789584323494544384	1789584323495313408	1789584323495313408	1789584323495314432	1789584323495315456	4558	1	42	1	54744877478483	54744877481091
370	33	39	21	66	1789584323495316480	1789584323495325696	1789584323495325696	1789584323495474176	1789584323495475200	4559	129	49	2	54744877508153	54744877881640
371	33	44	13	66	1789584323495475200	1789584323495815168	1789584323495815168	1789584323496314880	1789584323496316928	4688	5	56	2	54744878739070	54744879996966
372	33	52	25	66	1789584323496316928	1789584323496499200	1789584323496499200	1789584323496500224	1789584323496501248	4693	1	65	1	54744880461509	54744880463800
373	33	56	53	66	1789584323496501248	1789584323496685568	1789584323496685568	1789584323496925184	1789584323496926208	4694	4	72	1	54744880931227	54744881530863
374	34	1	22	68	1789584323492782080	1789584323492794368	1789584323492794368	1789584323492942848	1789584323492943872	4698	4	0	1	54766048113003	54766048485341
375	34	8	14	68	1789584323492943872	1789584323492952064	1789584323492953088	1789584323492957184	1789584323492958208	4702	3	7	3	54766048511187	54766048521936
376	34	11	106	68	1789584323492958208	1789584323493129216	1789584323493129216	1789584323493345280	1789584323493346304	4705	4	12	1	54766048956770	54766049498579
377	34	19	18	68	1789584323493346304	1789584323494132736	1789584323494132736	1789584323494133760	1789584323494134784	4709	1	22	1	54766051483143	54766051485753
378	34	23	82	68	1789584323494134784	1789584323494136832	1789584323494136832	1789584323494141952	1789584323494142976	4710	3	26	3	54766051493437	54766051505303
379	34	27	62	68	1789584323494142976	1789584323494315008	1789584323494315008	1789584323494549504	1789584323494551552	4713	4	33	1	54766051942409	54766052531488
380	34	34	86	68	1789584323494551552	1789584323495313408	1789584323495313408	1789584323495314432	1789584323495315456	4717	1	42	1	54766054455977	54766054458591
381	34	39	22	68	1789584323495316480	1789584323495325696	1789584323495325696	1789584323495474176	1789584323495475200	4718	129	49	2	54766054485581	54766054861107
382	34	44	14	68	1789584323495475200	1789584323495815168	1789584323495815168	1789584323496317952	1789584323496318976	4847	5	56	2	54766055717438	54766056984413
383	34	52	26	68	1789584323496318976	1789584323496499200	1789584323496499200	1789584323496500224	1789584323496501248	4852	1	65	1	54766057440652	54766057442971
384	34	56	54	68	1789584323496501248	1789584323496685568	1789584323496685568	1789584323496929280	1789584323496931328	4853	4	72	1	54766057910502	54766058523370
385	35	1	23	70	1789584323492782080	1789584323492794368	1789584323492794368	1789584323492942848	1789584323492943872	4857	4	0	1	54747003129516	54747003502653
386	35	8	15	70	1789584323492943872	1789584323492952064	1789584323492952064	1789584323492957184	1789584323492958208	4861	3	7	3	54747003527348	54747003538050
387	35	11	107	70	1789584323492958208	1789584323493129216	1789584323493129216	1789584323493347328	1789584323493349376	4864	4	12	1	54747003973163	54747004521497
388	35	19	19	70	1789584323493349376	1789584323494132736	1789584323494132736	1789584323494133760	1789584323494134784	4868	1	22	1	54747006499454	54747006501947
389	35	23	83	70	1789584323494134784	1789584323494136832	1789584323494136832	1789584323494141952	1789584323494142976	4869	3	26	3	54747006510238	54747006521624
390	35	27	63	70	1789584323494142976	1789584323494315008	1789584323494315008	1789584323494551552	1789584323494552576	4872	4	33	1	54747006958760	54747007552380
391	35	34	87	70	1789584323494552576	1789584323495313408	1789584323495313408	1789584323495314432	1789584323495315456	4876	1	42	1	54747009472300	54747009474977
392	35	39	23	70	1789584323495315456	1789584323495325696	1789584323495325696	1789584323495476224	1789584323495478272	4877	129	49	2	54747009501985	54747009882977
393	35	44	15	70	1789584323495478272	1789584323495815168	1789584323495815168	1789584323496318976	1789584323496320000	5006	5	56	2	54747010733940	54747012003837
394	35	52	27	70	1789584323496320000	1789584323496499200	1789584323496499200	1789584323496500224	1789584323496501248	5011	1	65	1	54747012457344	54747012459684
395	35	56	55	70	1789584323496501248	1789584323496685568	1789584323496685568	1789584323496929280	1789584323496930304	5012	4	72	1	54747012927214	54747013537929
396	36	1	24	72	1789584323492782080	1789584323492794368	1789584323492794368	1789584323492944896	1789584323492945920	5016	4	0	1	54750894408346	54750894785776
397	36	8	16	72	1789584323492945920	1789584323492952064	1789584323492953088	1789584323492957184	1789584323492958208	5020	3	7	3	54750894806706	54750894816870
398	36	11	108	72	1789584323492958208	1789584323493129216	1789584323493129216	1789584323493357568	1789584323493358592	5023	4	12	1	54750895251887	54750895824859
399	36	19	20	72	1789584323493358592	1789584323494132736	1789584323494132736	1789584323494133760	1789584323494134784	5027	1	22	1	54750897777996	54750897780408
400	36	23	84	72	1789584323494134784	1789584323494136832	1789584323494136832	1789584323494141952	1789584323494142976	5028	3	26	3	54750897788624	54750897800003
401	36	27	64	72	1789584323494142976	1789584323494315008	1789584323494315008	1789584323494552576	1789584323494553600	5031	4	33	1	54750898237154	54750898832419
402	36	34	88	72	1789584323494553600	1789584323495313408	1789584323495313408	1789584323495314432	1789584323495315456	5035	1	42	1	54750900750110	54750900752919
403	36	39	24	72	1789584323495315456	1789584323495325696	1789584323495325696	1789584323495477248	1789584323495478272	5036	129	49	2	54750900780456	54750901162704
404	36	44	16	72	1789584323495478272	1789584323495815168	1789584323495815168	1789584323496320000	1789584323496321024	5165	5	56	2	54750902011654	54750903284634
405	36	52	28	72	1789584323496322048	1789584323496499200	1789584323496499200	1789584323496500224	1789584323496501248	5170	1	65	1	54750903735009	54750903737343
406	36	56	56	72	1789584323496501248	1789584323496685568	1789584323496685568	1789584323496915968	1789584323496918016	5171	4	72	1	54750904204773	54750904784278
407	37	1	25	74	1789584323492782080	1789584323492794368	1789584323492794368	1789584323492942848	1789584323492943872	5175	4	0	1	54761928172145	54761928545172
408	37	8	17	74	1789584323492943872	1789584323492952064	1789584323492952064	1789584323492956160	1789584323492958208	5179	3	7	3	54761928569770	54761928580100
409	37	11	109	74	1789584323492958208	1789584323493129216	1789584323493129216	1789584323493354496	1789584323493356544	5182	4	12	1	54761929015598	54761929582033
410	37	19	21	74	1789584323493356544	1789584323494132736	1789584323494132736	1789584323494133760	1789584323494134784	5186	1	22	1	54761931542063	54761931544552
411	37	23	85	74	1789584323494134784	1789584323494136832	1789584323494136832	1789584323494141952	1789584323494142976	5187	3	26	3	54761931552340	54761931564061
412	37	27	65	74	1789584323494142976	1789584323494315008	1789584323494315008	1789584323494549504	1789584323494551552	5190	4	33	1	54761932001379	54761932590365
413	37	34	89	74	1789584323494551552	1789584323495313408	1789584323495313408	1789584323495314432	1789584323495315456	5194	1	42	1	54761934514636	54761934517493
414	37	39	25	74	1789584323495315456	1789584323495325696	1789584323495325696	1789584323495476224	1789584323495477248	5195	129	49	2	54761934544698	54761934924543
415	37	44	17	74	1789584323495477248	1789584323495815168	1789584323495815168	1789584323496322048	1789584323496323072	5324	5	56	2	54761935776441	54761937053949
416	37	52	29	74	1789584323496323072	1789584323496499200	1789584323496499200	1789584323496500224	1789584323496501248	5329	1	65	1	54761937500002	54761937502191
417	37	56	57	74	1789584323496501248	1789584323496685568	1789584323496685568	1789584323496928256	1789584323496929280	5330	4	72	1	54761937969628	54761938579585
418	38	1	26	76	1789584323492782080	1789584323492794368	1789584323492794368	1789584323492942848	1789584323492943872	5334	4	0	1	54710217151972	54710217525481
419	38	8	18	76	1789584323492943872	1789584323492952064	1789584323492953088	1789584323492957184	1789584323492958208	5338	3	7	3	54710217549608	54710217560345
420	38	11	110	76	1789584323492958208	1789584323493129216	1789584323493129216	1789584323493344256	1789584323493346304	5341	4	12	1	54710217994844	54710218533569
421	38	19	22	76	1789584323493346304	1789584323494132736	1789584323494132736	1789584323494133760	1789584323494134784	5345	1	22	1	54710220517737	54710220520124
422	38	23	86	76	1789584323494134784	1789584323494136832	1789584323494136832	1789584323494141952	1789584323494142976	5346	3	26	3	54710220528868	54710220539997
423	38	27	66	76	1789584323494142976	1789584323494315008	1789584323494315008	1789584323494554624	1789584323494555648	5349	4	33	1	54710220976828	54710221575727
424	38	34	90	76	1789584323494555648	1789584323495313408	1789584323495313408	1789584323495314432	1789584323495315456	5353	1	42	1	54710223486348	54710223489225
425	38	39	26	76	1789584323495315456	1789584323495325696	1789584323495325696	1789584323495475200	1789584323495477248	5354	129	49	2	54710223516434	54710223894073
426	38	44	18	76	1789584323495477248	1789584323495815168	1789584323495815168	1789584323496314880	1789584323496316928	5483	5	56	2	54710224746020	54710226003872
427	38	52	30	76	1789584323496316928	1789584323496499200	1789584323496499200	1789584323496500224	1789584323496501248	5488	1	65	1	54710226467638	54710226469820
428	38	56	58	76	1789584323496501248	1789584323496685568	1789584323496685568	1789584323496927232	1789584323496929280	5489	4	72	1	54710226936825	54710227543394
429	39	1	27	78	1789584323492782080	1789584323492794368	1789584323492794368	1789584323492942848	1789584323492943872	5493	4	0	1	54739531895371	54739532266978
430	39	8	19	78	1789584323492943872	1789584323492952064	1789584323492952064	1789584323492957184	1789584323492958208	5497	3	7	3	54739532292524	54739532303288
431	39	11	111	78	1789584323492958208	1789584323493129216	1789584323493129216	1789584323493353472	1789584323493355520	5500	4	12	1	54739532738045	54739533301113
432	39	19	23	78	1789584323493355520	1789584323494132736	1789584323494132736	1789584323494133760	1789584323494134784	5504	1	22	1	54739535262611	54739535265179
433	39	23	87	78	1789584323494134784	1789584323494136832	1789584323494136832	1789584323494141952	1789584323494142976	5505	3	26	3	54739535273323	54739535284523
434	39	27	67	78	1789584323494142976	1789584323494315008	1789584323494315008	1789584323494549504	1789584323494550528	5508	4	33	1	54739535721511	54739536309309
435	39	34	91	78	1789584323494551552	1789584323495313408	1789584323495313408	1789584323495314432	1789584323495315456	5512	1	42	1	54739538233110	54739538235664
436	39	39	27	78	1789584323495315456	1789584323495325696	1789584323495325696	1789584323495475200	1789584323495476224	5513	129	49	2	54739538262868	54739538639277
437	39	44	19	78	1789584323495476224	1789584323495815168	1789584323495815168	1789584323496316928	1789584323496317952	5642	5	56	2	54739539493543	54739540756358
438	39	52	31	78	1789584323496317952	1789584323496499200	1789584323496499200	1789584323496500224	1789584323496501248	5647	1	65	1	54739541215943	54739541218246
439	39	56	59	78	1789584323496501248	1789584323496685568	1789584323496685568	1789584323496915968	1789584323496916992	5648	4	72	1	54739541685416	54739542262907
440	40	1	28	80	1789584323492782080	1789584323492794368	1789584323492794368	1789584323492942848	1789584323492943872	5652	4	0	1	54752594055867	54752594428939
441	40	8	20	80	1789584323492943872	1789584323492952064	1789584323492952064	1789584323492956160	1789584323492958208	5656	3	7	3	54752594453308	54752594463776
442	40	12	0	80	1789584323492958208	1789584323493129216	1789584323493129216	1789584323493358592	1789584323493360640	5659	4	13	1	54752594899313	54752595475880
443	40	19	24	80	1789584323493360640	1789584323494132736	1789584323494132736	1789584323494133760	1789584323494134784	5663	1	22	1	54752597425542	54752597428034
444	40	23	88	80	1789584323494134784	1789584323494136832	1789584323494136832	1789584323494141952	1789584323494142976	5664	3	26	3	54752597436048	54752597447265
445	40	27	68	80	1789584323494142976	1789584323494315008	1789584323494315008	1789584323494549504	1789584323494551552	5667	4	33	1	54752597884688	54752598474208
446	40	34	92	80	1789584323494551552	1789584323495313408	1789584323495313408	1789584323495314432	1789584323495315456	5671	1	42	1	54752600397968	54752600400600
447	40	39	28	80	1789584323495315456	1789584323495325696	1789584323495325696	1789584323495476224	1789584323495478272	5672	129	49	2	54752600428109	54752600808444
448	40	44	20	80	1789584323495478272	1789584323495815168	1789584323495815168	1789584323496318976	1789584323496320000	5801	5	56	2	54752601659458	54752602928407
449	40	51	0	80	1789584323496320000	1789584323496504320	1789584323496504320	1789584323496505344	1789584323496506368	5806	1	64	1	54752603395576	54752603397320
450	40	56	60	80	1789584323496506368	1789584323496685568	1789584323496685568	1789584323496924160	1789584323496925184	5807	4	72	1	54752603852427	54752604452026
451	41	1	29	82	1789584323492782080	1789584323492794368	1789584323492794368	1789584323492943872	1789584323492944896	5811	4	0	1	54688923176782	54688923551964
452	41	8	21	82	1789584323492944896	1789584323492952064	1789584323492952064	1789584323492956160	1789584323492958208	5815	3	7	3	54688923574412	54688923584732
453	41	12	1	82	1789584323492958208	1789584323493129216	1789584323493129216	1789584323493350400	1789584323493352448	5818	4	13	1	54688924019570	54688924574171
454	41	19	25	82	1789584323493352448	1789584323494132736	1789584323494132736	1789584323494133760	1789584323494134784	5822	1	22	1	54688926541846	54688926544265
455	41	23	89	82	1789584323494134784	1789584323494136832	1789584323494136832	1789584323494141952	1789584323494142976	5823	3	26	3	54688926552363	54688926563683
456	41	27	69	82	1789584323494142976	1789584323494315008	1789584323494315008	1789584323494549504	1789584323494551552	5826	4	33	1	54688927000543	54688927588373
457	41	34	93	82	1789584323494551552	1789584323495313408	1789584323495313408	1789584323495314432	1789584323495315456	5830	1	42	1	54688929509270	54688929512106
458	41	39	29	82	1789584323495315456	1789584323495325696	1789584323495325696	1789584323495475200	1789584323495476224	5831	129	49	2	54688929539218	54688929915513
459	41	44	21	82	1789584323495476224	1789584323495815168	1789584323495815168	1789584323496315904	1789584323496316928	5960	5	56	2	54688930768628	54688932028944
460	41	51	1	82	1789584323496316928	1789584323496504320	1789584323496504320	1789584323496505344	1789584323496506368	5965	1	64	1	54688932502690	54688932504401
461	41	56	61	82	1789584323496506368	1789584323496685568	1789584323496685568	1789584323496924160	1789584323496925184	5966	4	72	1	54688932958954	54688933555795
462	42	1	30	84	1789584323492782080	1789584323492794368	1789584323492794368	1789584323492943872	1789584323492944896	5970	4	0	1	54736606030841	54736606405446
463	42	8	22	84	1789584323492944896	1789584323492952064	1789584323492952064	1789584323492956160	1789584323492958208	5974	3	7	3	54736606428485	54736606438573
464	42	12	2	84	1789584323492958208	1789584323493129216	1789584323493129216	1789584323493358592	1789584323493359616	5977	4	13	1	54736606873762	54736607448114
465	42	19	26	84	1789584323493359616	1789584323494132736	1789584323494132736	1789584323494133760	1789584323494134784	5981	1	22	1	54736609398848	54736609401205
466	42	23	90	84	1789584323494134784	1789584323494136832	1789584323494136832	1789584323494141952	1789584323494142976	5982	3	26	3	54736609409337	54736609420712
467	42	27	70	84	1789584323494142976	1789584323494315008	1789584323494315008	1789584323494554624	1789584323494555648	5985	4	33	1	54736609857873	54736610459361
468	42	34	94	84	1789584323494555648	1789584323495313408	1789584323495313408	1789584323495314432	1789584323495315456	5989	1	42	1	54736612369676	54736612372441
469	42	39	30	84	1789584323495315456	1789584323495325696	1789584323495325696	1789584323495478272	1789584323495479296	5990	129	49	2	54736612399839	54736612785725
470	42	44	22	84	1789584323495479296	1789584323495815168	1789584323495815168	1789584323496330240	1789584323496331264	6119	5	56	2	54736613630416	54736614926592
471	42	51	2	84	1789584323496331264	1789584323496504320	1789584323496504320	1789584323496505344	1789584323496506368	6124	1	64	1	54736615366028	54736615367677
472	42	56	62	84	1789584323496506368	1789584323496685568	1789584323496685568	1789584323496916992	1789584323496918016	6125	4	72	1	54736615822626	54736616402965
473	43	1	31	86	1789584323492782080	1789584323492794368	1789584323492794368	1789584323492945920	1789584323492946944	6129	4	0	1	54752164506457	54752164886246
474	43	8	23	86	1789584323492946944	1789584323492952064	1789584323492952064	1789584323492957184	1789584323492958208	6133	3	7	3	54752164903983	54752164914423
475	43	12	3	86	1789584323492958208	1789584323493129216	1789584323493129216	1789584323493343232	1789584323493344256	6136	4	13	1	54752165349448	54752165886305
476	43	19	27	86	1789584323493344256	1789584323494132736	1789584323494132736	1789584323494133760	1789584323494134784	6140	1	22	1	54752167875288	54752167877741
477	43	23	91	86	1789584323494134784	1789584323494136832	1789584323494136832	1789584323494141952	1789584323494142976	6141	3	26	3	54752167886110	54752167897327
478	43	27	71	86	1789584323494142976	1789584323494315008	1789584323494315008	1789584323494544384	1789584323494546432	6144	4	33	1	54752168334561	54752168911482
479	43	34	95	86	1789584323494546432	1789584323495313408	1789584323495313408	1789584323495314432	1789584323495315456	6148	1	42	1	54752170847432	54752170850261
480	43	39	31	86	1789584323495315456	1789584323495325696	1789584323495325696	1789584323495477248	1789584323495478272	6149	129	49	2	54752170877369	54752171259161
481	43	44	23	86	1789584323495478272	1789584323495815168	1789584323495815168	1789584323496323072	1789584323496324096	6278	5	56	2	54752172108927	54752173388303
482	43	51	3	86	1789584323496324096	1789584323496504320	1789584323496504320	1789584323496505344	1789584323496506368	6283	1	64	1	54752173844861	54752173846551
483	43	56	63	86	1789584323496506368	1789584323496685568	1789584323496685568	1789584323496928256	1789584323496929280	6284	4	72	1	54752174301597	54752174911721
484	44	3	0	88	1789584323492782080	1789584323492794368	1789584323492794368	1789584323492941824	1789584323492942848	6288	4	2	1	54744871140106	54744871511086
485	44	8	24	88	1789584323492942848	1789584323492952064	1789584323492952064	1789584323492957184	1789584323492958208	6292	3	7	3	54744871537490	54744871548122
486	44	12	4	88	1789584323492958208	1789584323493129216	1789584323493129216	1789584323493350400	1789584323493351424	6295	4	13	1	54744871983140	54744872537711
487	44	19	28	88	1789584323493351424	1789584323494132736	1789584323494132736	1789584323494133760	1789584323494134784	6299	1	22	1	54744874507777	54744874510296
488	44	23	92	88	1789584323494134784	1789584323494136832	1789584323494136832	1789584323494141952	1789584323494142976	6300	3	26	3	54744874518501	54744874529805
489	44	27	72	88	1789584323494142976	1789584323494315008	1789584323494315008	1789584323494545408	1789584323494546432	6303	4	33	1	54744874966619	54744875544173
490	44	34	96	88	1789584323494546432	1789584323495313408	1789584323495313408	1789584323495314432	1789584323495315456	6307	1	42	1	54744877478139	54744877480976
491	44	40	0	88	1789584323495315456	1789584323495481344	1789584323495481344	1789584323495494656	1789584323495495680	6308	32	51	1	54744877901111	54744877933283
492	44	44	24	88	1789584323495495680	1789584323495815168	1789584323495815168	1789584323496320000	1789584323496321024	6340	4	56	2	54744878739038	54744880011142
493	44	51	4	88	1789584323496322048	1789584323496504320	1789584323496504320	1789584323496505344	1789584323496506368	6344	1	64	1	54744880474335	54744880476085
494	44	56	64	88	1789584323496506368	1789584323496685568	1789584323496685568	1789584323496914944	1789584323496915968	6345	4	72	1	54744880930867	54744881505892
495	45	3	1	90	1789584323492782080	1789584323492794368	1789584323492794368	1789584323492943872	1789584323492944896	6349	4	2	1	54766048113245	54766048488613
496	45	8	25	90	1789584323492944896	1789584323492953088	1789584323492953088	1789584323492957184	1789584323492958208	6353	3	7	3	54766048511365	54766048522057
497	45	12	5	90	1789584323492958208	1789584323493129216	1789584323493129216	1789584323493349376	1789584323493350400	6356	4	13	1	54766048956652	54766049509952
498	45	19	29	90	1789584323493350400	1789584323494132736	1789584323494132736	1789584323494133760	1789584323494134784	6360	1	22	1	54766051483059	54766051485570
499	45	23	93	90	1789584323494134784	1789584323494136832	1789584323494136832	1789584323494141952	1789584323494142976	6361	3	26	3	54766051493431	54766051505078
500	45	27	73	90	1789584323494142976	1789584323494315008	1789584323494315008	1789584323494551552	1789584323494552576	6364	4	33	1	54766051942267	54766052535860
501	45	34	97	90	1789584323494552576	1789584323495313408	1789584323495313408	1789584323495314432	1789584323495315456	6368	1	42	1	54766054455687	54766054458508
502	45	40	1	90	1789584323495315456	1789584323495481344	1789584323495481344	1789584323495494656	1789584323495495680	6369	32	51	1	54766054878781	54766054910940
503	45	44	25	90	1789584323495495680	1789584323495815168	1789584323495815168	1789584323496318976	1789584323496320000	6401	4	56	2	54766055717411	54766056985477
504	45	51	5	90	1789584323496320000	1789584323496504320	1789584323496504320	1789584323496505344	1789584323496506368	6405	1	64	1	54766057453502	54766057455270
505	45	56	65	90	1789584323496506368	1789584323496685568	1789584323496685568	1789584323496924160	1789584323496925184	6406	4	72	1	54766057910237	54766058509280
506	46	3	2	92	1789584323492782080	1789584323492794368	1789584323492794368	1789584323492944896	1789584323492945920	6410	4	2	1	54747003129855	54747003508943
507	46	8	26	92	1789584323492945920	1789584323492952064	1789584323492952064	1789584323492956160	1789584323492958208	6414	3	7	3	54747003527553	54747003537821
508	46	12	6	92	1789584323492958208	1789584323493129216	1789584323493129216	1789584323493343232	1789584323493344256	6417	4	13	1	54747003973012	54747004509723
509	46	19	30	92	1789584323493344256	1789584323494132736	1789584323494132736	1789584323494133760	1789584323494134784	6421	1	22	1	54747006499349	54747006501774
510	46	23	94	92	1789584323494134784	1789584323494136832	1789584323494136832	1789584323494141952	1789584323494142976	6422	3	26	3	54747006510167	54747006521379
511	46	27	74	92	1789584323494142976	1789584323494315008	1789584323494315008	1789584323494551552	1789584323494552576	6425	4	33	1	54747006958600	54747007552936
512	46	34	98	92	1789584323494552576	1789584323495313408	1789584323495313408	1789584323495314432	1789584323495315456	6429	1	42	1	54747009471968	54747009474799
513	46	40	2	92	1789584323495315456	1789584323495481344	1789584323495481344	1789584323495494656	1789584323495495680	6430	32	51	1	54747009895172	54747009927357
514	46	44	26	92	1789584323495495680	1789584323495815168	1789584323495815168	1789584323496322048	1789584323496323072	6462	4	56	2	54747010733909	54747012012016
515	46	51	6	92	1789584323496324096	1789584323496504320	1789584323496504320	1789584323496505344	1789584323496506368	6466	1	64	1	54747012470209	54747012471923
516	46	56	66	92	1789584323496506368	1789584323496685568	1789584323496685568	1789584323496926208	1789584323496927232	6467	4	72	1	54747012926873	54747013530630
517	47	3	3	94	1789584323492782080	1789584323492794368	1789584323492794368	1789584323492946944	1789584323492947968	6471	4	2	1	54750894408546	54750894791764
518	47	8	27	94	1789584323492947968	1789584323492952064	1789584323492953088	1789584323492957184	1789584323492958208	6475	3	7	3	54750894806555	54750894816945
519	47	12	7	94	1789584323492958208	1789584323493129216	1789584323493129216	1789584323493356544	1789584323493357568	6478	4	13	1	54750895251918	54750895822180
520	47	19	31	94	1789584323493357568	1789584323494132736	1789584323494132736	1789584323494133760	1789584323494134784	6482	1	22	1	54750897777848	54750897780191
521	47	23	95	94	1789584323494134784	1789584323494136832	1789584323494136832	1789584323494141952	1789584323494142976	6483	3	26	3	54750897788585	54750897799898
522	47	27	75	94	1789584323494142976	1789584323494315008	1789584323494315008	1789584323494552576	1789584323494553600	6486	4	33	1	54750898237200	54750898833439
523	47	34	99	94	1789584323494553600	1789584323495313408	1789584323495313408	1789584323495314432	1789584323495315456	6490	1	42	1	54750900750007	54750900752871
524	47	40	3	94	1789584323495315456	1789584323495481344	1789584323495481344	1789584323495494656	1789584323495495680	6491	32	51	1	54750901173221	54750901205457
525	47	44	27	94	1789584323495495680	1789584323495815168	1789584323495815168	1789584323496327168	1789584323496328192	6523	4	56	2	54750902011628	54750903302576
526	47	51	7	94	1789584323496328192	1789584323496504320	1789584323496504320	1789584323496505344	1789584323496506368	6527	1	64	1	54750903747918	54750903749579
527	47	56	67	94	1789584323496506368	1789584323496685568	1789584323496685568	1789584323496927232	1789584323496928256	6528	4	72	1	54750904204548	54750904810252
528	48	3	4	96	1789584323492782080	1789584323492794368	1789584323492794368	1789584323492944896	1789584323492945920	6532	4	2	1	54761928172051	54761928550628
529	48	8	28	96	1789584323492945920	1789584323492952064	1789584323492952064	1789584323492957184	1789584323492958208	6536	3	7	3	54761928569789	54761928580441
530	48	12	8	96	1789584323492958208	1789584323493129216	1789584323493129216	1789584323493349376	1789584323493350400	6539	4	13	1	54761929015644	54761929568790
531	48	19	32	96	1789584323493350400	1789584323494132736	1789584323494132736	1789584323494133760	1789584323494134784	6543	1	22	1	54761931541773	54761931544204
532	48	23	96	96	1789584323494134784	1789584323494136832	1789584323494136832	1789584323494141952	1789584323494142976	6544	3	26	3	54761931552411	54761931563735
533	48	27	76	96	1789584323494142976	1789584323494315008	1789584323494315008	1789584323494551552	1789584323494552576	6547	4	33	1	54761932001361	54761932593945
534	48	34	100	96	1789584323494552576	1789584323495313408	1789584323495313408	1789584323495314432	1789584323495315456	6551	1	42	1	54761934514547	54761934517391
535	48	41	0	96	1789584323495315456	1789584323495495680	1789584323495495680	1789584323495732224	1789584323495733248	6552	4	52	1	54761934974279	54761935567206
536	48	44	28	96	1789584323495733248	1789584323495815168	1789584323495815168	1789584323496324096	1789584323496325120	6556	5	56	2	54761935776411	54761937059541
537	48	51	8	96	1789584323496325120	1789584323496504320	1789584323496504320	1789584323496505344	1789584323496506368	6561	1	64	1	54761937512700	54761937514414
538	48	56	68	96	1789584323496506368	1789584323496685568	1789584323496685568	1789584323496923136	1789584323496924160	6562	4	72	1	54761937969493	54761938566776
539	49	3	5	98	1789584323492782080	1789584323492794368	1789584323492794368	1789584323492943872	1789584323492944896	6566	4	2	1	54710217151852	54710217526323
540	49	8	29	98	1789584323492944896	1789584323492952064	1789584323492952064	1789584323492956160	1789584323492958208	6570	3	7	3	54710217549317	54710217559518
541	49	12	9	98	1789584323492958208	1789584323493129216	1789584323493129216	1789584323493356544	1789584323493357568	6573	4	13	1	54710217994602	54710218564727
542	49	19	33	98	1789584323493357568	1789584323494132736	1789584323494132736	1789584323494133760	1789584323494134784	6577	1	22	1	54710220517685	54710220520186
543	49	23	97	98	1789584323494134784	1789584323494136832	1789584323494136832	1789584323494141952	1789584323494142976	6578	3	26	3	54710220528504	54710220539636
544	49	27	77	98	1789584323494142976	1789584323494315008	1789584323494315008	1789584323494543360	1789584323494544384	6581	4	33	1	54710220976903	54710221548288
545	49	34	101	98	1789584323494544384	1789584323495313408	1789584323495313408	1789584323495314432	1789584323495315456	6585	1	42	1	54710223486239	54710223489158
546	49	41	1	98	1789584323495315456	1789584323495495680	1789584323495495680	1789584323495738368	1789584323495739392	6586	4	52	1	54710223945245	54710224552059
547	49	44	29	98	1789584323495739392	1789584323495815168	1789584323495815168	1789584323496325120	1789584323496326144	6590	5	56	2	54710224745991	54710226029651
548	49	51	9	98	1789584323496326144	1789584323496504320	1789584323496504320	1789584323496505344	1789584323496506368	6595	1	64	1	54710226480372	54710226482129
549	49	56	69	98	1789584323496506368	1789584323496685568	1789584323496685568	1789584323496927232	1789584323496928256	6596	4	72	1	54710226936670	54710227541839
550	50	3	6	100	1789584323492782080	1789584323492794368	1789584323492794368	1789584323492943872	1789584323492945920	6600	4	2	1	54739531895002	54739532271830
551	50	8	30	100	1789584323492945920	1789584323492952064	1789584323492953088	1789584323492957184	1789584323492958208	6604	3	7	3	54739532292698	54739532303277
552	50	12	10	100	1789584323492958208	1789584323493129216	1789584323493129216	1789584323493340160	1789584323493343232	6607	4	13	1	54739532737886	54739533266666
553	50	19	34	100	1789584323493343232	1789584323494132736	1789584323494132736	1789584323494133760	1789584323494134784	6611	1	22	1	54739535262201	54739535264690
554	50	23	98	100	1789584323494134784	1789584323494136832	1789584323494136832	1789584323494141952	1789584323494142976	6612	3	26	3	54739535272972	54739535284119
555	50	27	78	100	1789584323494142976	1789584323494315008	1789584323494315008	1789584323494550528	1789584323494551552	6615	4	33	1	54739535721524	54739536312536
556	50	34	102	100	1789584323494552576	1789584323495313408	1789584323495313408	1789584323495314432	1789584323495315456	6619	1	42	1	54739538232703	54739538235600
557	50	41	2	100	1789584323495315456	1789584323495495680	1789584323495495680	1789584323495730176	1789584323495732224	6620	4	52	1	54739538692087	54739539280334
558	50	44	30	100	1789584323495732224	1789584323495815168	1789584323495815168	1789584323496317952	1789584323496318976	6624	5	56	2	54739539493508	54739540759050
559	50	51	10	100	1789584323496318976	1789584323496504320	1789584323496504320	1789584323496505344	1789584323496506368	6629	1	64	1	54739541228835	54739541230600
560	50	56	70	100	1789584323496506368	1789584323496685568	1789584323496685568	1789584323496931328	1789584323496932352	6630	4	72	1	54739541685331	54739542302209
561	51	3	7	102	1789584323492782080	1789584323492794368	1789584323492794368	1789584323492942848	1789584323492943872	6634	4	2	1	54752594055601	54752594428607
562	51	8	31	102	1789584323492943872	1789584323492952064	1789584323492952064	1789584323492956160	1789584323492958208	6638	3	7	3	54752594453528	54752594463714
563	51	12	11	102	1789584323492958208	1789584323493129216	1789584323493129216	1789584323493352448	1789584323493353472	6641	4	13	1	54752594899180	54752595458569
564	51	19	35	102	1789584323493353472	1789584323494132736	1789584323494132736	1789584323494133760	1789584323494134784	6645	1	22	1	54752597425133	54752597427576
565	51	23	99	102	1789584323494134784	1789584323494136832	1789584323494136832	1789584323494141952	1789584323494142976	6646	3	26	3	54752597435757	54752597447032
566	51	27	79	102	1789584323494142976	1789584323494315008	1789584323494315008	1789584323494551552	1789584323494552576	6649	4	33	1	54752597884740	54752598479105
567	51	34	103	102	1789584323494553600	1789584323495313408	1789584323495313408	1789584323495314432	1789584323495315456	6653	1	42	1	54752600397659	54752600400432
568	51	41	3	102	1789584323495315456	1789584323495495680	1789584323495495680	1789584323495740416	1789584323495741440	6654	4	52	1	54752600857131	54752601470497
569	51	44	31	102	1789584323495741440	1789584323495815168	1789584323495815168	1789584323496318976	1789584323496320000	6658	5	56	2	54752601659422	54752602927455
570	51	51	11	102	1789584323496320000	1789584323496504320	1789584323496504320	1789584323496505344	1789584323496506368	6663	1	64	1	54752603395533	54752603397244
571	51	56	71	102	1789584323496506368	1789584323496685568	1789584323496685568	1789584323496923136	1789584323496924160	6664	4	72	1	54752603852266	54752604447783
572	52	5	0	104	1789584323492782080	1789584323492946944	1789584323492946944	1789584323492947968	1789584323492948992	6668	1	4	1	54688923560411	54688923562962
573	52	8	32	104	1789584323492948992	1789584323492952064	1789584323492952064	1789584323492956160	1789584323492957184	6669	3	7	3	54688923573990	54688923583410
574	52	12	12	104	1789584323492957184	1789584323493129216	1789584323493129216	1789584323493356544	1789584323493357568	6672	4	13	1	54688924019498	54688924588216
575	52	19	36	104	1789584323493357568	1789584323494132736	1789584323494132736	1789584323494133760	1789584323494134784	6676	1	22	1	54688926541575	54688926543914
576	52	23	100	104	1789584323494134784	1789584323494136832	1789584323494136832	1789584323494140928	1789584323494142976	6677	3	26	3	54688926552366	54688926563003
577	52	27	80	104	1789584323494142976	1789584323494315008	1789584323494315008	1789584323494553600	1789584323494554624	6680	4	33	1	54688927000711	54688927597042
578	52	34	104	104	1789584323494554624	1789584323495313408	1789584323495313408	1789584323495314432	1789584323495315456	6684	1	42	1	54688929509156	54688929511986
579	52	41	4	104	1789584323495315456	1789584323495495680	1789584323495495680	1789584323495736320	1789584323495737344	6685	4	52	1	54688929968398	54688930568946
580	52	45	0	104	1789584323495737344	1789584323496331264	1789584323496331264	1789584323496344576	1789584323496345600	6689	32	58	1	54688932067225	54688932099993
581	52	51	12	104	1789584323496345600	1789584323496504320	1789584323496504320	1789584323496505344	1789584323496506368	6721	1	64	1	54688932502624	54688932504294
582	52	56	72	104	1789584323496506368	1789584323496685568	1789584323496685568	1789584323496925184	1789584323496927232	6722	4	72	1	54688932958768	54688933560008
583	53	5	1	106	1789584323492782080	1789584323492946944	1789584323492946944	1789584323492947968	1789584323492948992	6726	1	4	1	54736606414486	54736606417065
584	53	8	33	106	1789584323492948992	1789584323492952064	1789584323492952064	1789584323492956160	1789584323492957184	6727	3	7	3	54736606428280	54736606437522
585	53	12	13	106	1789584323492957184	1789584323493129216	1789584323493129216	1789584323493348352	1789584323493349376	6730	4	13	1	54736606873595	54736607423395
586	53	19	37	106	1789584323493349376	1789584323494132736	1789584323494132736	1789584323494133760	1789584323494134784	6734	1	22	1	54736609398613	54736609400902
587	53	23	101	106	1789584323494134784	1789584323494136832	1789584323494136832	1789584323494140928	1789584323494141952	6735	3	26	3	54736609409244	54736609420092
588	53	27	81	106	1789584323494141952	1789584323494315008	1789584323494315008	1789584323494550528	1789584323494551552	6738	4	33	1	54736609857797	54736610448082
589	53	34	105	106	1789584323494551552	1789584323495313408	1789584323495313408	1789584323495314432	1789584323495315456	6742	1	42	1	54736612369621	54736612372385
590	53	41	5	106	1789584323495315456	1789584323495495680	1789584323495495680	1789584323495734272	1789584323495735296	6743	4	52	1	54736612829112	54736613425537
591	53	45	1	106	1789584323495735296	1789584323496331264	1789584323496331264	1789584323496344576	1789584323496345600	6747	32	58	1	54736614930254	54736614963040
592	53	51	13	106	1789584323496345600	1789584323496504320	1789584323496504320	1789584323496505344	1789584323496506368	6779	1	64	1	54736615365980	54736615367783
593	53	56	73	106	1789584323496506368	1789584323496685568	1789584323496685568	1789584323496924160	1789584323496925184	6780	4	72	1	54736615822499	54736616420456
594	54	5	2	108	1789584323492782080	1789584323492946944	1789584323492946944	1789584323492947968	1789584323492948992	6784	1	4	1	54752164890038	54752164892632
595	54	8	34	108	1789584323492948992	1789584323492952064	1789584323492952064	1789584323492956160	1789584323492957184	6785	3	7	3	54752164903918	54752164913476
596	54	12	14	108	1789584323492957184	1789584323493129216	1789584323493129216	1789584323493349376	1789584323493350400	6788	4	13	1	54752165349468	54752165902816
597	54	19	38	108	1789584323493350400	1789584323494132736	1789584323494132736	1789584323494133760	1789584323494134784	6792	1	22	1	54752167875251	54752167877640
598	54	23	102	108	1789584323494134784	1789584323494136832	1789584323494136832	1789584323494140928	1789584323494142976	6793	3	26	3	54752167886295	54752167896715
599	54	27	82	108	1789584323494142976	1789584323494315008	1789584323494315008	1789584323494549504	1789584323494550528	6796	4	33	1	54752168334560	54752168922163
600	54	34	106	108	1789584323494550528	1789584323495313408	1789584323495313408	1789584323495314432	1789584323495315456	6800	1	42	1	54752170847371	54752170850155
601	54	41	6	108	1789584323495315456	1789584323495495680	1789584323495495680	1789584323495731200	1789584323495732224	6801	4	52	1	54752171306705	54752171896637
602	54	45	2	108	1789584323495732224	1789584323496331264	1789584323496331264	1789584323496344576	1789584323496345600	6805	32	58	1	54752173408991	54752173441752
603	54	51	14	108	1789584323496345600	1789584323496504320	1789584323496504320	1789584323496505344	1789584323496506368	6837	1	64	1	54752173844833	54752173846502
604	54	56	74	108	1789584323496506368	1789584323496685568	1789584323496685568	1789584323496923136	1789584323496924160	6838	4	72	1	54752174301439	54752174897127
605	55	5	3	110	1789584323492782080	1789584323492946944	1789584323492946944	1789584323492947968	1789584323492948992	6842	1	4	1	54744871523750	54744871526347
606	55	8	35	110	1789584323492948992	1789584323492952064	1789584323492952064	1789584323492956160	1789584323492957184	6843	3	7	3	54744871537596	54744871547347
607	55	12	15	110	1789584323492957184	1789584323493129216	1789584323493129216	1789584323493351424	1789584323493352448	6846	4	13	1	54744871983084	54744872540190
608	55	19	39	110	1789584323493352448	1789584323494132736	1789584323494132736	1789584323494133760	1789584323494134784	6850	1	22	1	54744874507532	54744874509988
609	55	23	103	110	1789584323494134784	1789584323494136832	1789584323494136832	1789584323494140928	1789584323494142976	6851	3	26	3	54744874518169	54744874528972
610	55	27	83	110	1789584323494142976	1789584323494315008	1789584323494315008	1789584323494552576	1789584323494553600	6854	4	33	1	54744874966768	54744875562272
611	55	34	107	110	1789584323494553600	1789584323495313408	1789584323495313408	1789584323495314432	1789584323495315456	6858	1	42	1	54744877478064	54744877480861
612	55	41	7	110	1789584323495315456	1789584323495495680	1789584323495495680	1789584323495741440	1789584323495742464	6859	4	52	1	54744877937491	54744878551930
613	55	45	3	110	1789584323495742464	1789584323496331264	1789584323496331264	1789584323496344576	1789584323496345600	6863	32	58	1	54744880038682	54744880071395
614	55	51	15	110	1789584323496345600	1789584323496504320	1789584323496504320	1789584323496505344	1789584323496506368	6895	1	64	1	54744880474306	54744880476018
615	55	56	75	110	1789584323496506368	1789584323496685568	1789584323496685568	1789584323496922112	1789584323496924160	6896	4	72	1	54744880930722	54744881524911
616	56	5	4	112	1789584323492782080	1789584323492946944	1789584323492946944	1789584323492947968	1789584323492948992	6900	1	4	1	54766048497034	54766048499657
617	56	8	36	112	1789584323492948992	1789584323492952064	1789584323492952064	1789584323492956160	1789584323492957184	6901	3	7	3	54766048511030	54766048520697
618	56	12	16	112	1789584323492957184	1789584323493129216	1789584323493129216	1789584323493364736	1789584323493365760	6904	4	13	1	54766048956672	54766049547379
619	56	19	40	112	1789584323493365760	1789584323494132736	1789584323494132736	1789584323494133760	1789584323494134784	6908	1	22	1	54766051482788	54766051485259
620	56	23	104	112	1789584323494134784	1789584323494136832	1789584323494136832	1789584323494141952	1789584323494142976	6909	3	26	3	54766051493396	54766051504999
621	56	27	84	112	1789584323494142976	1789584323494315008	1789584323494315008	1789584323494552576	1789584323494553600	6912	4	33	1	54766051942243	54766052538155
622	56	34	108	112	1789584323494553600	1789584323495313408	1789584323495313408	1789584323495314432	1789584323495315456	6916	1	42	1	54766054455613	54766054458421
623	56	41	8	112	1789584323495315456	1789584323495495680	1789584323495495680	1789584323495739392	1789584323495740416	6917	4	52	1	54766054915343	54766055527089
624	56	47	0	112	1789584323495741440	1789584323496346624	1789584323496346624	1789584323496497152	1789584323496498176	6921	4	60	1	54766057056465	54766057434953
625	56	51	16	112	1789584323496498176	1789584323496504320	1789584323496504320	1789584323496504320	1789584323496505344	6925	1	64	1	54766057452552	54766057454290
626	56	56	76	112	1789584323496505344	1789584323496685568	1789584323496685568	1789584323496919040	1789584323496920064	6926	4	72	1	54766057910145	54766058496918
627	57	5	5	114	1789584323492782080	1789584323492946944	1789584323492946944	1789584323492947968	1789584323492948992	6930	1	4	1	54747003513454	54747003516098
628	57	8	37	114	1789584323492948992	1789584323492952064	1789584323492952064	1789584323492956160	1789584323492957184	6931	3	7	3	54747003527069	54747003536420
629	57	12	17	114	1789584323492957184	1789584323493129216	1789584323493129216	1789584323493363712	1789584323493364736	6934	4	13	1	54747003972872	54747004562442
630	57	19	41	114	1789584323493365760	1789584323494132736	1789584323494132736	1789584323494133760	1789584323494134784	6938	1	22	1	54747006499144	54747006501528
631	57	23	105	114	1789584323494134784	1789584323494136832	1789584323494136832	1789584323494141952	1789584323494142976	6939	3	26	3	54747006509798	54747006521373
632	57	27	85	114	1789584323494142976	1789584323494315008	1789584323494315008	1789584323494555648	1789584323494556672	6942	4	33	1	54747006958665	54747007561845
633	57	34	109	114	1789584323494556672	1789584323495313408	1789584323495313408	1789584323495314432	1789584323495315456	6946	1	42	1	54747009471942	54747009474718
634	57	41	9	114	1789584323495315456	1789584323495495680	1789584323495495680	1789584323495740416	1789584323495741440	6947	4	52	1	54747009931658	54747010545824
635	57	47	1	114	1789584323495741440	1789584323496346624	1789584323496346624	1789584323496497152	1789584323496498176	6951	4	60	1	54747012073067	54747012452779
636	57	51	17	114	1789584323496498176	1789584323496503296	1789584323496504320	1789584323496504320	1789584323496505344	6955	1	64	1	54747012468962	54747012470636
637	57	56	77	114	1789584323496505344	1789584323496685568	1789584323496685568	1789584323496918016	1789584323496919040	6956	4	72	1	54747012926872	54747013510649
638	58	5	6	116	1789584323492782080	1789584323492946944	1789584323492946944	1789584323492947968	1789584323492948992	6960	1	4	1	54750894792199	54750894794830
639	58	8	38	116	1789584323492948992	1789584323492952064	1789584323492952064	1789584323492956160	1789584323492957184	6961	3	7	3	54750894805896	54750894814962
640	58	12	18	116	1789584323492957184	1789584323493129216	1789584323493129216	1789584323493370880	1789584323493371904	6964	4	13	1	54750895251624	54750895857577
641	58	19	42	116	1789584323493371904	1789584323494132736	1789584323494132736	1789584323494133760	1789584323494134784	6968	1	22	1	54750897777643	54750897779916
642	58	23	106	116	1789584323494134784	1789584323494136832	1789584323494136832	1789584323494141952	1789584323494142976	6969	3	26	3	54750897788579	54750897799843
643	58	27	86	116	1789584323494142976	1789584323494315008	1789584323494315008	1789584323494551552	1789584323494552576	6972	4	33	1	54750898237136	54750898830391
644	58	34	110	116	1789584323494552576	1789584323495313408	1789584323495313408	1789584323495314432	1789584323495315456	6976	1	42	1	54750900749983	54750900752829
645	58	41	10	116	1789584323495315456	1789584323495495680	1789584323495495680	1789584323495733248	1789584323495734272	6977	4	52	1	54750901209690	54750901805624
646	58	47	2	116	1789584323495734272	1789584323496346624	1789584323496346624	1789584323496499200	1789584323496500224	6981	4	60	1	54750903350735	54750903734990
647	58	51	18	116	1789584323496500224	1789584323496503296	1789584323496503296	1789584323496504320	1789584323496505344	6985	1	64	1	54750903746237	54750903748047
648	58	56	78	116	1789584323496505344	1789584323496685568	1789584323496685568	1789584323496923136	1789584323496924160	6986	4	72	1	54750904204443	54750904800824
649	59	5	7	118	1789584323492782080	1789584323492946944	1789584323492946944	1789584323492947968	1789584323492948992	6990	1	4	1	54761928555864	54761928558501
650	59	8	39	118	1789584323492948992	1789584323492952064	1789584323492952064	1789584323492956160	1789584323492957184	6991	3	7	3	54761928569718	54761928578922
651	59	12	19	118	1789584323492957184	1789584323493129216	1789584323493129216	1789584323493366784	1789584323493367808	6994	4	13	1	54761929015315	54761929612821
652	59	19	43	118	1789584323493368832	1789584323494132736	1789584323494132736	1789584323494133760	1789584323494134784	6998	1	22	1	54761931541686	54761931544044
653	59	23	107	118	1789584323494134784	1789584323494136832	1789584323494136832	1789584323494141952	1789584323494142976	6999	3	26	3	54761931552606	54761931563916
654	59	27	87	118	1789584323494142976	1789584323494315008	1789584323494315008	1789584323494553600	1789584323494555648	7002	4	33	1	54761932001241	54761932601394
655	59	34	111	118	1789584323494555648	1789584323495313408	1789584323495313408	1789584323495314432	1789584323495315456	7006	1	42	1	54761934514475	54761934517318
656	59	41	11	118	1789584323495315456	1789584323495495680	1789584323495495680	1789584323495730176	1789584323495731200	7007	4	52	1	54761934974122	54761935560973
657	59	47	3	118	1789584323495731200	1789584323496346624	1789584323496346624	1789584323496496128	1789584323496497152	7011	4	60	1	54761937115584	54761937492805
658	59	51	19	118	1789584323496497152	1789584323496504320	1789584323496504320	1789584323496504320	1789584323496505344	7015	1	64	1	54761937511910	54761937513357
659	59	56	79	118	1789584323496505344	1789584323496685568	1789584323496685568	1789584323496922112	1789584323496924160	7016	4	72	1	54761937969340	54761938564240
660	60	5	8	120	1789584323492782080	1789584323492946944	1789584323492946944	1789584323492947968	1789584323492948992	7020	1	4	1	54710217535456	54710217538081
661	60	8	40	120	1789584323492948992	1789584323492952064	1789584323492952064	1789584323492956160	1789584323492957184	7021	3	7	3	54710217549351	54710217558940
662	60	12	20	120	1789584323492957184	1789584323493129216	1789584323493129216	1789584323493369856	1789584323493370880	7024	4	13	1	54710217994514	54710218596963
663	60	19	44	120	1789584323493370880	1789584323494132736	1789584323494132736	1789584323494133760	1789584323494134784	7028	1	22	1	54710220517629	54710220520053
664	60	23	108	120	1789584323494134784	1789584323494136832	1789584323494136832	1789584323494140928	1789584323494142976	7029	3	26	3	54710220528634	54710220539397
665	60	27	88	120	1789584323494142976	1789584323494315008	1789584323494315008	1789584323494553600	1789584323494554624	7032	4	33	1	54710220976764	54710221573706
666	60	34	112	120	1789584323494554624	1789584323495313408	1789584323495313408	1789584323495314432	1789584323495315456	7036	1	42	1	54710223486383	54710223489145
667	60	41	12	120	1789584323495315456	1789584323495495680	1789584323495495680	1789584323495742464	1789584323495743488	7037	4	52	1	54710223945360	54710224561786
668	60	47	4	120	1789584323495743488	1789584323496346624	1789584323496346624	1789584323496498176	1789584323496499200	7041	4	60	1	54710226083631	54710226463927
669	60	51	20	120	1789584323496499200	1789584323496504320	1789584323496504320	1789584323496504320	1789584323496505344	7045	1	64	1	54710226479499	54710226481114
670	60	56	80	120	1789584323496505344	1789584323496685568	1789584323496685568	1789584323496914944	1789584323496915968	7046	4	72	1	54710226936514	54710227511143
671	61	5	9	122	1789584323492782080	1789584323492946944	1789584323492946944	1789584323492947968	1789584323492948992	7050	1	4	1	54739532278560	54739532281163
672	61	8	41	122	1789584323492948992	1789584323492952064	1789584323492952064	1789584323492956160	1789584323492957184	7051	3	7	3	54739532292266	54739532301810
673	61	12	21	122	1789584323492957184	1789584323493129216	1789584323493129216	1789584323493362688	1789584323493364736	7054	4	13	1	54739532737959	54739533323804
674	61	19	45	122	1789584323493364736	1789584323494132736	1789584323494132736	1789584323494133760	1789584323494134784	7058	1	22	1	54739535262184	54739535264597
675	61	23	109	122	1789584323494134784	1789584323494136832	1789584323494136832	1789584323494140928	1789584323494142976	7059	3	26	3	54739535272930	54739535283856
676	61	27	89	122	1789584323494142976	1789584323494315008	1789584323494315008	1789584323494546432	1789584323494548480	7062	4	33	1	54739535721354	54739536302250
677	61	34	113	122	1789584323494548480	1789584323495313408	1789584323495313408	1789584323495314432	1789584323495315456	7066	1	42	1	54739538232716	54739538235544
678	61	41	13	122	1789584323495315456	1789584323495495680	1789584323495495680	1789584323495736320	1789584323495737344	7067	4	52	1	54739538692068	54739539294294
679	61	47	5	122	1789584323495737344	1789584323496346624	1789584323496346624	1789584323496496128	1789584323496497152	7071	4	60	1	54739540831960	54739541208656
680	61	51	21	122	1789584323496497152	1789584323496504320	1789584323496504320	1789584323496504320	1789584323496505344	7075	1	64	1	54739541227812	54739541229535
681	61	56	81	122	1789584323496505344	1789584323496685568	1789584323496685568	1789584323496920064	1789584323496921088	7076	4	72	1	54739541685168	54739542272449
682	62	5	10	124	1789584323492782080	1789584323492946944	1789584323492946944	1789584323492947968	1789584323492948992	7080	1	4	1	54752594439624	54752594442221
683	62	8	42	124	1789584323492948992	1789584323492952064	1789584323492952064	1789584323492956160	1789584323492957184	7081	3	7	3	54752594453242	54752594462491
684	62	12	22	124	1789584323492957184	1789584323493129216	1789584323493129216	1789584323493365760	1789584323493367808	7084	4	13	1	54752594898968	54752595494075
685	62	19	46	124	1789584323493367808	1789584323494132736	1789584323494132736	1789584323494133760	1789584323494134784	7088	1	22	1	54752597425089	54752597427455
686	62	23	110	124	1789584323494134784	1789584323494136832	1789584323494136832	1789584323494140928	1789584323494142976	7089	3	26	3	54752597435904	54752597446803
687	62	27	90	124	1789584323494142976	1789584323494315008	1789584323494315008	1789584323494545408	1789584323494546432	7092	4	33	1	54752597884550	54752598462743
688	62	34	114	124	1789584323494546432	1789584323495313408	1789584323495313408	1789584323495314432	1789584323495315456	7096	1	42	1	54752600397767	54752600400489
689	62	41	14	124	1789584323495315456	1789584323495495680	1789584323495495680	1789584323495731200	1789584323495732224	7097	4	52	1	54752600856962	54752601447614
690	62	47	6	124	1789584323495732224	1789584323496346624	1789584323496346624	1789584323496499200	1789584323496500224	7101	4	60	1	54752602998438	54752603381565
691	62	51	22	124	1789584323496500224	1789584323496504320	1789584323496504320	1789584323496504320	1789584323496505344	7105	1	64	1	54752603394353	54752603396048
692	62	56	82	124	1789584323496505344	1789584323496685568	1789584323496685568	1789584323496924160	1789584323496926208	7106	4	72	1	54752603852102	54752604452725
693	63	5	11	126	1789584323492782080	1789584323492946944	1789584323492946944	1789584323492947968	1789584323492948992	7110	1	4	1	54688923560333	54688923562944
694	63	8	43	126	1789584323492948992	1789584323492952064	1789584323492952064	1789584323492956160	1789584323492957184	7111	3	7	3	54688923573939	54688923582927
695	63	12	23	126	1789584323492957184	1789584323493129216	1789584323493129216	1789584323493362688	1789584323493364736	7114	4	13	1	54688924019281	54688924605341
696	63	19	47	126	1789584323493364736	1789584323494132736	1789584323494132736	1789584323494133760	1789584323494134784	7118	1	22	1	54688926541512	54688926543800
697	63	23	111	126	1789584323494134784	1789584323494136832	1789584323494136832	1789584323494140928	1789584323494142976	7119	3	26	3	54688926552164	54688926563236
698	63	27	91	126	1789584323494142976	1789584323494315008	1789584323494315008	1789584323494551552	1789584323494553600	7122	4	33	1	54688927000364	54688927593805
699	63	34	115	126	1789584323494553600	1789584323495313408	1789584323495313408	1789584323495314432	1789584323495315456	7126	1	42	1	54688929509246	54688929511979
700	63	41	15	126	1789584323495315456	1789584323495495680	1789584323495495680	1789584323495737344	1789584323495738368	7127	4	52	1	54688929968394	54688930573013
701	63	47	7	126	1789584323495738368	1789584323496346624	1789584323496346624	1789584323496500224	1789584323496501248	7131	4	60	1	54688932106034	54688932491527
702	63	51	23	126	1789584323496501248	1789584323496504320	1789584323496504320	1789584323496504320	1789584323496505344	7135	1	64	1	54688932501505	54688932503121
703	63	56	83	126	1789584323496505344	1789584323496685568	1789584323496685568	1789584323496925184	1789584323496926208	7136	4	72	1	54688932958636	54688933558072
704	64	5	12	1	1789584323492782080	1789584323492946944	1789584323492946944	1789584323492947968	1789584323492948992	7140	1	4	1	54744871523906	54744871526450
705	64	8	44	1	1789584323492948992	1789584323492952064	1789584323492952064	1789584323492956160	1789584323492957184	7141	3	7	3	54744871537731	54744871547653
706	64	12	24	1	1789584323492958208	1789584323493129216	1789584323493129216	1789584323493365760	1789584323493366784	7144	4	13	1	54744871983231	54744872575718
707	64	19	48	1	1789584323493366784	1789584323494132736	1789584323494132736	1789584323494133760	1789584323494134784	7148	1	22	1	54744874507631	54744874510203
708	64	23	112	1	1789584323494134784	1789584323494136832	1789584323494136832	1789584323494141952	1789584323494142976	7149	3	26	3	54744874518221	54744874529818
709	64	27	92	1	1789584323494142976	1789584323494315008	1789584323494315008	1789584323494554624	1789584323494555648	7152	4	33	1	54744874966752	54744875567219
710	64	34	116	1	1789584323494555648	1789584323495313408	1789584323495313408	1789584323495314432	1789584323495315456	7156	1	42	1	54744877478437	54744877481128
711	64	41	16	1	1789584323495315456	1789584323495495680	1789584323495495680	1789584323495742464	1789584323495743488	7157	4	52	1	54744877937559	54744878554678
712	64	46	0	1	1789584323495743488	1789584323496346624	1789584323496346624	1789584323496495104	1789584323496496128	7161	4	59	1	54744880077627	54744880449683
713	64	51	24	1	1789584323496496128	1789584323496504320	1789584323496504320	1789584323496504320	1789584323496505344	7165	1	64	1	54744880473765	54744880475330
714	64	56	84	1	1789584323496505344	1789584323496685568	1789584323496685568	1789584323496927232	1789584323496928256	7166	4	72	1	54744880931248	54744881537706
715	65	5	13	3	1789584323492782080	1789584323492946944	1789584323492946944	1789584323492947968	1789584323492948992	7170	1	4	1	54766048497185	54766048499724
716	65	8	45	3	1789584323492948992	1789584323492952064	1789584323492952064	1789584323492956160	1789584323492957184	7171	3	7	3	54766048510694	54766048520654
717	65	12	25	3	1789584323492957184	1789584323493129216	1789584323493129216	1789584323493362688	1789584323493363712	7174	4	13	1	54766048956747	54766049542080
718	65	19	49	3	1789584323493363712	1789584323494132736	1789584323494132736	1789584323494133760	1789584323494134784	7178	1	22	1	54766051482899	54766051485451
719	65	23	113	3	1789584323494134784	1789584323494136832	1789584323494136832	1789584323494141952	1789584323494142976	7179	3	26	3	54766051493687	54766051505170
720	65	27	93	3	1789584323494142976	1789584323494315008	1789584323494315008	1789584323494546432	1789584323494547456	7182	4	33	1	54766051942402	54766052523490
721	65	34	117	3	1789584323494547456	1789584323495313408	1789584323495313408	1789584323495314432	1789584323495315456	7186	1	42	1	54766054455862	54766054458588
722	65	41	17	3	1789584323495315456	1789584323495495680	1789584323495495680	1789584323495721984	1789584323495723008	7187	4	52	1	54766054915219	54766055481524
723	65	46	1	3	1789584323495723008	1789584323496346624	1789584323496346624	1789584323496496128	1789584323496497152	7191	4	59	1	54766057056608	54766057432310
724	65	51	25	3	1789584323496497152	1789584323496504320	1789584323496504320	1789584323496505344	1789584323496505344	7195	1	64	1	54766057453161	54766057454720
725	65	56	85	3	1789584323496506368	1789584323496685568	1789584323496685568	1789584323496921088	1789584323496923136	7196	4	72	1	54766057910412	54766058502826
726	66	5	14	5	1789584323492782080	1789584323492946944	1789584323492946944	1789584323492947968	1789584323492948992	7200	1	4	1	54747003513592	54747003516147
727	66	8	46	5	1789584323492948992	1789584323492952064	1789584323492952064	1789584323492956160	1789584323492957184	7201	3	7	3	54747003527166	54747003536968
728	66	12	26	5	1789584323492957184	1789584323493129216	1789584323493129216	1789584323493371904	1789584323493372928	7204	4	13	1	54747003973137	54747004582514
729	66	19	50	5	1789584323493372928	1789584323494132736	1789584323494132736	1789584323494133760	1789584323494134784	7208	1	22	1	54747006499241	54747006501722
730	66	23	114	5	1789584323494134784	1789584323494136832	1789584323494136832	1789584323494141952	1789584323494142976	7209	3	26	3	54747006509747	54747006521503
731	66	27	94	5	1789584323494142976	1789584323494315008	1789584323494315008	1789584323494551552	1789584323494552576	7212	4	33	1	54747006958999	54747007551197
732	66	34	118	5	1789584323494552576	1789584323495313408	1789584323495313408	1789584323495314432	1789584323495315456	7216	1	42	1	54747009472045	54747009474894
733	66	41	18	5	1789584323495315456	1789584323495495680	1789584323495495680	1789584323495734272	1789584323495736320	7217	4	52	1	54747009931595	54747010530896
734	66	46	2	5	1789584323495736320	1789584323496346624	1789584323496346624	1789584323496496128	1789584323496497152	7221	4	59	1	54747012073225	54747012448700
735	66	51	26	5	1789584323496497152	1789584323496504320	1789584323496504320	1789584323496504320	1789584323496505344	7225	1	64	1	54747012469373	54747012471103
736	66	56	86	5	1789584323496505344	1789584323496685568	1789584323496685568	1789584323496929280	1789584323496930304	7226	4	72	1	54747012927104	54747013538304
737	67	5	15	7	1789584323492782080	1789584323492946944	1789584323492946944	1789584323492947968	1789584323492948992	7230	1	4	1	54750894792272	54750894794876
738	67	8	47	7	1789584323492948992	1789584323492952064	1789584323492952064	1789584323492956160	1789584323492957184	7231	3	7	3	54750894805930	54750894815320
739	67	12	27	7	1789584323492957184	1789584323493129216	1789584323493129216	1789584323493362688	1789584323493364736	7234	4	13	1	54750895251808	54750895838940
740	67	19	51	7	1789584323493364736	1789584323494132736	1789584323494132736	1789584323494133760	1789584323494134784	7238	1	22	1	54750897777734	54750897780131
741	67	23	115	7	1789584323494134784	1789584323494136832	1789584323494136832	1789584323494141952	1789584323494142976	7239	3	26	3	54750897788637	54750897800015
742	67	27	95	7	1789584323494142976	1789584323494315008	1789584323494315008	1789584323494553600	1789584323494554624	7242	4	33	1	54750898237437	54750898835540
743	67	34	119	7	1789584323494554624	1789584323495313408	1789584323495313408	1789584323495314432	1789584323495315456	7246	1	42	1	54750900750214	54750900752975
744	67	41	19	7	1789584323495315456	1789584323495495680	1789584323495495680	1789584323495729152	1789584323495730176	7247	4	52	1	54750901209646	54750901795337
745	67	46	3	7	1789584323495730176	1789584323496346624	1789584323496346624	1789584323496498176	1789584323496499200	7251	4	59	1	54750903350892	54750903731995
746	67	51	27	7	1789584323496499200	1789584323496503296	1789584323496504320	1789584323496504320	1789584323496505344	7255	1	64	1	54750903746626	54750903748356
747	67	56	87	7	1789584323496505344	1789584323496685568	1789584323496685568	1789584323496916992	1789584323496919040	7256	4	72	1	54750904204719	54750904786303
748	68	5	16	9	1789584323492782080	1789584323492946944	1789584323492946944	1789584323492947968	1789584323492948992	7260	1	4	1	54761928556003	54761928558553
749	68	8	48	9	1789584323492948992	1789584323492952064	1789584323492952064	1789584323492956160	1789584323492957184	7261	3	7	3	54761928569901	54761928579389
750	68	12	28	9	1789584323492957184	1789584323493129216	1789584323493129216	1789584323493366784	1789584323493367808	7264	4	13	1	54761929015583	54761929611544
751	68	19	52	9	1789584323493367808	1789584323494132736	1789584323494132736	1789584323494133760	1789584323494134784	7268	1	22	1	54761931541805	54761931544289
752	68	23	116	9	1789584323494134784	1789584323494136832	1789584323494136832	1789584323494141952	1789584323494142976	7269	3	26	3	54761931552284	54761931563950
753	68	27	96	9	1789584323494142976	1789584323494315008	1789584323494315008	1789584323494556672	1789584323494557696	7272	4	33	1	54761932001346	54761932607446
754	68	34	120	9	1789584323494557696	1789584323495313408	1789584323495313408	1789584323495314432	1789584323495315456	7276	1	42	1	54761934514787	54761934517537
755	68	41	20	9	1789584323495315456	1789584323495495680	1789584323495495680	1789584323495743488	1789584323495744512	7277	4	52	1	54761934974168	54761935596201
756	68	46	4	9	1789584323495745536	1789584323496346624	1789584323496346624	1789584323496497152	1789584323496498176	7281	4	59	1	54761937115725	54761937493828
757	68	51	28	9	1789584323496498176	1789584323496504320	1789584323496504320	1789584323496505344	1789584323496506368	7285	1	64	1	54761937512483	54761937514241
758	68	56	88	9	1789584323496506368	1789584323496685568	1789584323496685568	1789584323496926208	1789584323496927232	7286	4	72	1	54761937969722	54761938572773
759	69	5	17	11	1789584323492782080	1789584323492946944	1789584323492946944	1789584323492947968	1789584323492948992	7290	1	4	1	54710217535617	54710217538134
760	69	8	49	11	1789584323492950016	1789584323492952064	1789584323492953088	1789584323492956160	1789584323492957184	7291	3	7	3	54710217549646	54710217559365
761	69	12	29	11	1789584323492958208	1789584323493129216	1789584323493129216	1789584323493371904	1789584323493372928	7294	4	13	1	54710217994823	54710218601595
762	69	19	53	11	1789584323493372928	1789584323494132736	1789584323494132736	1789584323494133760	1789584323494134784	7298	1	22	1	54710220517728	54710220520286
763	69	23	117	11	1789584323494134784	1789584323494136832	1789584323494136832	1789584323494141952	1789584323494142976	7299	3	26	3	54710220528532	54710220539889
764	69	27	97	11	1789584323494142976	1789584323494315008	1789584323494315008	1789584323494551552	1789584323494552576	7302	4	33	1	54710220976777	54710221568838
765	69	34	121	11	1789584323494552576	1789584323495313408	1789584323495313408	1789584323495314432	1789584323495315456	7306	1	42	1	54710223486499	54710223489208
766	69	41	21	11	1789584323495315456	1789584323495495680	1789584323495495680	1789584323495741440	1789584323495742464	7307	4	52	1	54710223945309	54710224559870
767	69	46	5	11	1789584323495742464	1789584323496346624	1789584323496346624	1789584323496494080	1789584323496495104	7311	4	59	1	54710226083781	54710226454932
768	69	51	29	11	1789584323496495104	1789584323496504320	1789584323496504320	1789584323496505344	1789584323496506368	7315	1	64	1	54710226480200	54710226482011
769	69	56	89	11	1789584323496506368	1789584323496685568	1789584323496685568	1789584323496919040	1789584323496920064	7316	4	72	1	54710226936886	54710227520862
770	70	5	18	13	1789584323492782080	1789584323492946944	1789584323492946944	1789584323492947968	1789584323492948992	7320	1	4	1	54739532278715	54739532281217
771	70	8	50	13	1789584323492948992	1789584323492952064	1789584323492952064	1789584323492956160	1789584323492957184	7321	3	7	3	54739532292464	54739532302304
772	70	12	30	13	1789584323492957184	1789584323493129216	1789584323493129216	1789584323493373952	1789584323493376000	7324	4	13	1	54739532738038	54739533352833
773	70	19	54	13	1789584323493376000	1789584323494132736	1789584323494132736	1789584323494133760	1789584323494134784	7328	1	22	1	54739535262238	54739535264781
774	70	23	118	13	1789584323494134784	1789584323494136832	1789584323494136832	1789584323494141952	1789584323494142976	7329	3	26	3	54739535272960	54739535284419
775	70	27	98	13	1789584323494142976	1789584323494315008	1789584323494315008	1789584323494547456	1789584323494548480	7332	4	33	1	54739535721486	54739536303951
776	70	34	122	13	1789584323494548480	1789584323495313408	1789584323495313408	1789584323495314432	1789584323495315456	7336	1	42	1	54739538232965	54739538235687
777	70	41	22	13	1789584323495315456	1789584323495495680	1789584323495495680	1789584323495736320	1789584323495737344	7337	4	52	1	54739538692103	54739539294333
778	70	46	6	13	1789584323495737344	1789584323496346624	1789584323496346624	1789584323496495104	1789584323496496128	7341	4	59	1	54739540832103	54739541204158
779	70	51	30	13	1789584323496496128	1789584323496504320	1789584323496504320	1789584323496504320	1789584323496505344	7345	1	64	1	54739541228178	54739541229725
780	70	56	90	13	1789584323496505344	1789584323496685568	1789584323496685568	1789584323496921088	1789584323496922112	7346	4	72	1	54739541685702	54739542275907
781	71	5	19	15	1789584323492782080	1789584323492946944	1789584323492946944	1789584323492947968	1789584323492948992	7350	1	4	1	54752594439776	54752594442263
782	71	8	51	15	1789584323492948992	1789584323492952064	1789584323492952064	1789584323492956160	1789584323492957184	7351	3	7	3	54752594453684	54752594463345
783	71	12	31	15	1789584323492957184	1789584323493129216	1789584323493129216	1789584323493363712	1789584323493364736	7354	4	13	1	54752594899293	54752595487023
784	71	19	55	15	1789584323493364736	1789584323494132736	1789584323494132736	1789584323494133760	1789584323494134784	7358	1	22	1	54752597425172	54752597427656
785	71	23	119	15	1789584323494134784	1789584323494136832	1789584323494136832	1789584323494141952	1789584323494142976	7359	3	26	3	54752597436067	54752597447369
786	71	27	99	15	1789584323494142976	1789584323494315008	1789584323494315008	1789584323494555648	1789584323494556672	7362	4	33	1	54752597884663	54752598488440
787	71	34	123	15	1789584323494556672	1789584323495313408	1789584323495313408	1789584323495314432	1789584323495315456	7366	1	42	1	54752600397689	54752600400517
788	71	41	23	15	1789584323495315456	1789584323495495680	1789584323495495680	1789584323495730176	1789584323495732224	7367	4	52	1	54752600857213	54752601445674
789	71	46	7	15	1789584323495732224	1789584323496346624	1789584323496346624	1789584323496494080	1789584323496495104	7371	4	59	1	54752602998578	54752603370598
790	71	51	31	15	1789584323496496128	1789584323496504320	1789584323496504320	1789584323496504320	1789584323496505344	7375	1	64	1	54752603394694	54752603396352
791	71	56	91	15	1789584323496505344	1789584323496685568	1789584323496685568	1789584323496918016	1789584323496920064	7376	4	72	1	54752603852481	54752604436692
792	72	5	20	17	1789584323492782080	1789584323492946944	1789584323492946944	1789584323492947968	1789584323492948992	7380	1	4	1	54688923560471	54688923563039
793	72	8	52	17	1789584323492948992	1789584323492952064	1789584323492952064	1789584323492956160	1789584323492957184	7381	3	7	3	54688923574244	54688923583902
794	72	12	32	17	1789584323492957184	1789584323493129216	1789584323493129216	1789584323493370880	1789584323493372928	7384	4	13	1	54688924019411	54688924625890
795	72	19	56	17	1789584323493372928	1789584323494132736	1789584323494132736	1789584323494133760	1789584323494134784	7388	1	22	1	54688926541619	54688926544008
796	72	23	120	17	1789584323494134784	1789584323494136832	1789584323494136832	1789584323494141952	1789584323494142976	7389	3	26	3	54688926552427	54688926563570
797	72	27	100	17	1789584323494142976	1789584323494315008	1789584323494315008	1789584323494542336	1789584323494543360	7392	4	33	1	54688927000795	54688927569230
798	72	34	124	17	1789584323494543360	1789584323495313408	1789584323495313408	1789584323495314432	1789584323495315456	7396	1	42	1	54688929509464	54688929512136
799	72	41	24	17	1789584323495315456	1789584323495495680	1789584323495495680	1789584323495741440	1789584323495742464	7397	4	52	1	54688929968246	54688930583286
800	72	46	8	17	1789584323495742464	1789584323496346624	1789584323496346624	1789584323496496128	1789584323496497152	7401	4	59	1	54688932106191	54688932482675
801	72	53	0	17	1789584323496497152	1789584323496506368	1789584323496506368	1789584323496511488	1789584323496512512	7405	3	66	3	54688932508348	54688932520255
802	72	56	92	17	1789584323496512512	1789584323496685568	1789584323496685568	1789584323496926208	1789584323496927232	7408	4	72	1	54688932958960	54688933561080
803	73	5	21	19	1789584323492782080	1789584323492946944	1789584323492946944	1789584323492947968	1789584323492948992	7412	1	4	1	54736606414558	54736606417116
804	73	8	53	19	1789584323492948992	1789584323492952064	1789584323492952064	1789584323492956160	1789584323492957184	7413	3	7	3	54736606428427	54736606437902
805	73	12	33	19	1789584323492957184	1789584323493129216	1789584323493129216	1789584323493361664	1789584323493362688	7416	4	13	1	54736606873739	54736607456576
806	73	19	57	19	1789584323493362688	1789584323494132736	1789584323494132736	1789584323494133760	1789584323494134784	7420	1	22	1	54736609398682	54736609401014
807	73	23	121	19	1789584323494134784	1789584323494136832	1789584323494136832	1789584323494141952	1789584323494142976	7421	3	26	3	54736609409173	54736609420651
808	73	27	101	19	1789584323494142976	1789584323494315008	1789584323494315008	1789584323494546432	1789584323494547456	7424	4	33	1	54736609857914	54736610438982
809	73	34	125	19	1789584323494548480	1789584323495313408	1789584323495313408	1789584323495314432	1789584323495315456	7428	1	42	1	54736612369782	54736612372492
810	73	41	25	19	1789584323495315456	1789584323495495680	1789584323495495680	1789584323495733248	1789584323495734272	7429	4	52	1	54736612828968	54736613422941
811	73	46	9	19	1789584323495734272	1789584323496346624	1789584323496346624	1789584323496497152	1789584323496498176	7433	4	59	1	54736614969149	54736615347222
812	73	53	1	19	1789584323496498176	1789584323496506368	1789584323496506368	1789584323496511488	1789584323496512512	7437	3	66	3	54736615372012	54736615383563
813	73	56	93	19	1789584323496512512	1789584323496685568	1789584323496685568	1789584323496924160	1789584323496925184	7440	4	72	1	54736615822632	54736616420984
814	74	5	22	21	1789584323492782080	1789584323492946944	1789584323492946944	1789584323492947968	1789584323492948992	7444	1	4	1	54752164890095	54752164892681
815	74	8	54	21	1789584323492948992	1789584323492952064	1789584323492953088	1789584323492956160	1789584323492957184	7445	3	7	3	54752164904152	54752164913743
816	74	12	34	21	1789584323492957184	1789584323493129216	1789584323493129216	1789584323493369856	1789584323493370880	7448	4	13	1	54752165349370	54752165953994
817	74	19	58	21	1789584323493371904	1789584323494132736	1789584323494132736	1789584323494133760	1789584323494134784	7452	1	22	1	54752167875297	54752167877743
818	74	23	122	21	1789584323494134784	1789584323494136832	1789584323494136832	1789584323494141952	1789584323494142976	7453	3	26	3	54752167886106	54752167897273
819	74	27	102	21	1789584323494142976	1789584323494315008	1789584323494315008	1789584323494551552	1789584323494552576	7456	4	33	1	54752168334637	54752168928540
820	74	34	126	21	1789584323494552576	1789584323495313408	1789584323495313408	1789584323495314432	1789584323495315456	7460	1	42	1	54752170847381	54752170850174
821	74	41	26	21	1789584323495315456	1789584323495495680	1789584323495495680	1789584323495729152	1789584323495730176	7461	4	52	1	54752171306913	54752171892110
822	74	46	10	21	1789584323495730176	1789584323496346624	1789584323496346624	1789584323496496128	1789584323496497152	7465	4	59	1	54752173447892	54752173823819
823	74	53	2	21	1789584323496497152	1789584323496506368	1789584323496506368	1789584323496511488	1789584323496512512	7469	3	66	3	54752173850906	54752173862481
824	74	56	94	21	1789584323496512512	1789584323496685568	1789584323496685568	1789584323496926208	1789584323496927232	7472	4	72	1	54752174301505	54752174905620
825	75	5	23	23	1789584323492782080	1789584323492946944	1789584323492946944	1789584323492947968	1789584323492948992	7476	1	4	1	54744871523819	54744871526397
826	75	8	55	23	1789584323492948992	1789584323492952064	1789584323492952064	1789584323492956160	1789584323492957184	7477	3	7	3	54744871537531	54744871547260
827	75	12	35	23	1789584323492957184	1789584323493129216	1789584323493129216	1789584323493362688	1789584323493363712	7480	4	13	1	54744871983250	54744872568948
828	75	19	59	23	1789584323493364736	1789584323494132736	1789584323494132736	1789584323494133760	1789584323494134784	7484	1	22	1	54744874507572	54744874510092
829	75	23	123	23	1789584323494134784	1789584323494136832	1789584323494136832	1789584323494141952	1789584323494142976	7485	3	26	3	54744874518087	54744874529517
830	75	27	103	23	1789584323494142976	1789584323494315008	1789584323494315008	1789584323494556672	1789584323494557696	7488	4	33	1	54744874966717	54744875572300
831	75	34	127	23	1789584323494557696	1789584323495313408	1789584323495313408	1789584323495314432	1789584323495315456	7492	1	42	1	54744877478177	54744877480986
832	75	41	27	23	1789584323495315456	1789584323495495680	1789584323495495680	1789584323495730176	1789584323495731200	7493	4	52	1	54744877937427	54744878524969
833	75	46	11	23	1789584323495731200	1789584323496346624	1789584323496346624	1789584323496495104	1789584323496496128	7497	4	59	1	54744880077571	54744880451572
834	75	53	3	23	1789584323496496128	1789584323496506368	1789584323496506368	1789584323496511488	1789584323496512512	7501	3	66	3	54744880480373	54744880491953
835	75	56	95	23	1789584323496512512	1789584323496685568	1789584323496685568	1789584323496923136	1789584323496924160	7504	4	72	1	54744880930946	54744881527003
836	76	5	24	25	1789584323492782080	1789584323492946944	1789584323492946944	1789584323492947968	1789584323492948992	7508	1	4	1	54766048497154	54766048499729
837	76	8	56	25	1789584323492948992	1789584323492952064	1789584323492952064	1789584323492956160	1789584323492957184	7509	3	7	3	54766048510736	54766048520635
838	76	12	36	25	1789584323492957184	1789584323493129216	1789584323493129216	1789584323493362688	1789584323493363712	7512	4	13	1	54766048956756	54766049541784
839	76	19	60	25	1789584323493363712	1789584323494132736	1789584323494132736	1789584323494133760	1789584323494134784	7516	1	22	1	54766051482838	54766051485323
840	76	23	124	25	1789584323494134784	1789584323494136832	1789584323494136832	1789584323494141952	1789584323494142976	7517	3	26	3	54766051493520	54766051504997
841	76	27	104	25	1789584323494142976	1789584323494315008	1789584323494315008	1789584323494555648	1789584323494556672	7520	4	33	1	54766051942507	54766052547083
842	76	37	0	25	1789584323494556672	1789584323495311360	1789584323495311360	1789584323495312384	1789584323495313408	7524	1	45	1	54766054450423	54766054452619
843	76	41	28	25	1789584323495313408	1789584323495495680	1789584323495495680	1789584323495739392	1789584323495740416	7525	4	52	1	54766054915083	54766055525056
844	76	46	12	25	1789584323495740416	1789584323496346624	1789584323496346624	1789584323496495104	1789584323496496128	7529	4	59	1	54766057056550	54766057430366
845	76	53	4	25	1789584323496496128	1789584323496506368	1789584323496506368	1789584323496511488	1789584323496512512	7533	3	66	3	54766057459485	54766057471274
846	76	56	96	25	1789584323496512512	1789584323496685568	1789584323496685568	1789584323496915968	1789584323496916992	7536	4	72	1	54766057910312	54766058489950
847	77	5	25	27	1789584323492782080	1789584323492946944	1789584323492946944	1789584323492947968	1789584323492948992	7540	1	4	1	54747003513502	54747003516157
848	77	8	57	27	1789584323492948992	1789584323492952064	1789584323492952064	1789584323492956160	1789584323492957184	7541	3	7	3	54747003527309	54747003536895
849	77	12	37	27	1789584323492957184	1789584323493129216	1789584323493129216	1789584323493370880	1789584323493371904	7544	4	13	1	54747003972987	54747004580036
850	77	19	61	27	1789584323493371904	1789584323494132736	1789584323494132736	1789584323494133760	1789584323494134784	7548	1	22	1	54747006499213	54747006501634
851	77	23	125	27	1789584323494134784	1789584323494136832	1789584323494136832	1789584323494141952	1789584323494142976	7549	3	26	3	54747006509978	54747006521332
852	77	27	105	27	1789584323494142976	1789584323494315008	1789584323494315008	1789584323494552576	1789584323494553600	7552	4	33	1	54747006958889	54747007554279
853	77	37	1	27	1789584323494553600	1789584323495311360	1789584323495311360	1789584323495312384	1789584323495313408	7556	1	45	1	54747009466756	54747009468993
854	77	41	29	27	1789584323495313408	1789584323495495680	1789584323495495680	1789584323495739392	1789584323495740416	7557	4	52	1	54747009931672	54747010543090
855	77	46	13	27	1789584323495740416	1789584323496346624	1789584323496346624	1789584323496497152	1789584323496498176	7561	4	59	1	54747012073165	54747012451041
856	77	53	5	27	1789584323496498176	1789584323496506368	1789584323496506368	1789584323496511488	1789584323496512512	7565	3	66	3	54747012476422	54747012488130
857	77	56	97	27	1789584323496512512	1789584323496685568	1789584323496685568	1789584323496918016	1789584323496919040	7568	4	72	1	54747012927029	54747013510144
858	78	5	26	29	1789584323492782080	1789584323492946944	1789584323492946944	1789584323492947968	1789584323492948992	7572	1	4	1	54750894792238	54750894794892
859	78	8	58	29	1789584323492948992	1789584323492952064	1789584323492952064	1789584323492956160	1789584323492957184	7573	3	7	3	54750894806124	54750894815426
860	78	12	38	29	1789584323492957184	1789584323493129216	1789584323493129216	1789584323493365760	1789584323493366784	7576	4	13	1	54750895251690	54750895845861
861	78	19	62	29	1789584323493366784	1789584323494132736	1789584323494132736	1789584323494133760	1789584323494134784	7580	1	22	1	54750897777684	54750897780001
862	78	23	126	29	1789584323494134784	1789584323494136832	1789584323494136832	1789584323494141952	1789584323494142976	7581	3	26	3	54750897788286	54750897799853
863	78	27	106	29	1789584323494142976	1789584323494315008	1789584323494315008	1789584323494544384	1789584323494545408	7584	4	33	1	54750898237338	54750898812072
864	78	37	2	29	1789584323494545408	1789584323495311360	1789584323495311360	1789584323495312384	1789584323495313408	7588	1	45	1	54750900744865	54750900747094
865	78	41	30	29	1789584323495313408	1789584323495495680	1789584323495495680	1789584323495740416	1789584323495741440	7589	4	52	1	54750901209584	54750901822286
866	78	46	14	29	1789584323495741440	1789584323496346624	1789584323496346624	1789584323496498176	1789584323496499200	7593	4	59	1	54750903350787	54750903731339
867	78	53	6	29	1789584323496499200	1789584323496506368	1789584323496506368	1789584323496511488	1789584323496512512	7597	3	66	3	54750903753748	54750903765659
868	78	56	98	29	1789584323496512512	1789584323496685568	1789584323496685568	1789584323496919040	1789584323496920064	7600	4	72	1	54750904204629	54750904790055
869	79	5	27	31	1789584323492782080	1789584323492946944	1789584323492946944	1789584323492947968	1789584323492948992	7604	1	4	1	54761928555915	54761928558571
870	79	8	59	31	1789584323492948992	1789584323492952064	1789584323492952064	1789584323492956160	1789584323492957184	7605	3	7	3	54761928569678	54761928579154
871	79	12	39	31	1789584323492957184	1789584323493129216	1789584323493129216	1789584323493361664	1789584323493363712	7608	4	13	1	54761929015394	54761929599697
872	79	19	63	31	1789584323493363712	1789584323494132736	1789584323494132736	1789584323494133760	1789584323494134784	7612	1	22	1	54761931541779	54761931544176
873	79	23	127	31	1789584323494134784	1789584323494136832	1789584323494136832	1789584323494141952	1789584323494142976	7613	3	26	3	54761931552442	54761931563887
874	79	27	107	31	1789584323494142976	1789584323494315008	1789584323494315008	1789584323494554624	1789584323494555648	7616	4	33	1	54761932001288	54761932602864
875	79	37	3	31	1789584323494555648	1789584323495311360	1789584323495311360	1789584323495312384	1789584323495313408	7620	1	45	1	54761934509373	54761934511557
876	79	41	31	31	1789584323495313408	1789584323495495680	1789584323495495680	1789584323495737344	1789584323495738368	7621	4	52	1	54761934974252	54761935578948
877	79	46	15	31	1789584323495738368	1789584323496346624	1789584323496346624	1789584323496498176	1789584323496499200	7625	4	59	1	54761937115667	54761937497534
878	79	53	7	31	1789584323496499200	1789584323496506368	1789584323496506368	1789584323496511488	1789584323496512512	7629	3	66	3	54761937518538	54761937530616
879	79	56	99	31	1789584323496512512	1789584323496685568	1789584323496685568	1789584323496908800	1789584323496910848	7632	4	72	1	54761937969557	54761938530969
880	80	5	28	33	1789584323492782080	1789584323492946944	1789584323492946944	1789584323492947968	1789584323492948992	7636	1	4	1	54710217535509	54710217538150
881	80	8	60	33	1789584323492948992	1789584323492952064	1789584323492952064	1789584323492956160	1789584323492957184	7637	3	7	3	54710217549106	54710217558866
882	80	12	40	33	1789584323492957184	1789584323493129216	1789584323493129216	1789584323493371904	1789584323493372928	7640	4	13	1	54710217994610	54710218603138
883	80	19	64	33	1789584323493372928	1789584323494132736	1789584323494132736	1789584323494133760	1789584323494134784	7644	1	22	1	54710220517655	54710220520153
884	80	24	0	33	1789584323494134784	1789584323494144000	1789584323494144000	1789584323494294528	1789584323494296576	7645	129	29	2	54710220545022	54710220925435
885	80	27	108	33	1789584323494296576	1789584323494315008	1789584323494315008	1789584323494552576	1789584323494553600	7774	4	33	1	54710220976918	54710221570834
886	80	37	4	33	1789584323494553600	1789584323495311360	1789584323495311360	1789584323495312384	1789584323495313408	7778	1	45	1	54710223481042	54710223483471
887	80	41	32	33	1789584323495313408	1789584323495495680	1789584323495495680	1789584323495734272	1789584323495736320	7779	4	52	1	54710223945255	54710224542758
888	80	46	16	33	1789584323495736320	1789584323496346624	1789584323496346624	1789584323496498176	1789584323496499200	7783	4	59	1	54710226083721	54710226463836
889	80	53	8	33	1789584323496499200	1789584323496506368	1789584323496506368	1789584323496511488	1789584323496512512	7787	3	66	3	54710226486312	54710226497860
890	80	56	100	33	1789584323496512512	1789584323496685568	1789584323496685568	1789584323496911872	1789584323496912896	7790	4	72	1	54710226936692	54710227503402
891	81	5	29	35	1789584323492782080	1789584323492946944	1789584323492946944	1789584323492947968	1789584323492948992	7794	1	4	1	54739532278621	54739532281206
892	81	8	61	35	1789584323492948992	1789584323492952064	1789584323492952064	1789584323492956160	1789584323492957184	7795	3	7	3	54739532292353	54739532302064
893	81	12	41	35	1789584323492957184	1789584323493129216	1789584323493129216	1789584323493367808	1789584323493368832	7798	4	13	1	54739532737915	54739533335867
894	81	19	65	35	1789584323493368832	1789584323494132736	1789584323494132736	1789584323494133760	1789584323494134784	7802	1	22	1	54739535262188	54739535264680
895	81	24	1	35	1789584323494134784	1789584323494144000	1789584323494144000	1789584323494294528	1789584323494295552	7803	129	29	2	54739535289683	54739535669900
896	81	27	109	35	1789584323494295552	1789584323494315008	1789584323494315008	1789584323494548480	1789584323494549504	7932	4	33	1	54739535721425	54739536305758
897	81	37	5	35	1789584323494549504	1789584323495311360	1789584323495311360	1789584323495312384	1789584323495313408	7936	1	45	1	54739538227507	54739538229704
898	81	41	33	35	1789584323495313408	1789584323495495680	1789584323495495680	1789584323495730176	1789584323495732224	7937	4	52	1	54739538691982	54739539280123
899	81	46	17	35	1789584323495732224	1789584323496346624	1789584323496346624	1789584323496495104	1789584323496496128	7941	4	59	1	54739540832045	54739541204918
900	81	53	9	35	1789584323496496128	1789584323496506368	1789584323496506368	1789584323496511488	1789584323496512512	7945	3	66	3	54739541234561	54739541246199
901	81	56	101	35	1789584323496512512	1789584323496685568	1789584323496685568	1789584323496902656	1789584323496905728	7948	4	72	1	54739541685349	54739542229492
902	82	5	30	37	1789584323492782080	1789584323492946944	1789584323492946944	1789584323492947968	1789584323492948992	7952	1	4	1	54752594439677	54752594442282
903	82	8	62	37	1789584323492948992	1789584323492952064	1789584323492952064	1789584323492956160	1789584323492957184	7953	3	7	3	54752594453337	54752594462764
904	82	12	42	37	1789584323492957184	1789584323493129216	1789584323493129216	1789584323493355520	1789584323493356544	7956	4	13	1	54752594899029	54752595466407
905	82	19	66	37	1789584323493356544	1789584323494132736	1789584323494132736	1789584323494133760	1789584323494134784	7960	1	22	1	54752597425156	54752597427579
906	82	24	2	37	1789584323494134784	1789584323494144000	1789584323494144000	1789584323494294528	1789584323494295552	7961	129	29	2	54752597452357	54752597831764
907	82	27	110	37	1789584323494295552	1789584323494315008	1789584323494315008	1789584323494547456	1789584323494548480	8090	4	33	1	54752597884807	54752598466800
908	82	37	6	37	1789584323494548480	1789584323495311360	1789584323495311360	1789584323495312384	1789584323495313408	8094	1	45	1	54752600392414	54752600394605
909	82	41	34	37	1789584323495313408	1789584323495495680	1789584323495495680	1789584323495732224	1789584323495733248	8095	4	52	1	54752600857152	54752601449899
910	82	46	18	37	1789584323495733248	1789584323496346624	1789584323496346624	1789584323496497152	1789584323496498176	8099	4	59	1	54752602998491	54752603376542
911	82	53	10	37	1789584323496498176	1789584323496506368	1789584323496506368	1789584323496511488	1789584323496512512	8103	3	66	3	54752603401635	54752603412963
912	82	56	102	37	1789584323496512512	1789584323496685568	1789584323496685568	1789584323496911872	1789584323496912896	8106	4	72	1	54752603852282	54752604420984
913	83	5	31	39	1789584323492782080	1789584323492946944	1789584323492946944	1789584323492947968	1789584323492948992	8110	1	4	1	54688923560418	54688923562991
914	83	8	63	39	1789584323492948992	1789584323492952064	1789584323492952064	1789584323492956160	1789584323492957184	8111	3	7	3	54688923574451	54688923583684
915	83	12	43	39	1789584323492957184	1789584323493129216	1789584323493129216	1789584323493373952	1789584323493374976	8114	4	13	1	54688924019549	54688924631660
916	83	19	67	39	1789584323493374976	1789584323494132736	1789584323494132736	1789584323494133760	1789584323494134784	8118	1	22	1	54688926541572	54688926543909
917	83	24	3	39	1789584323494134784	1789584323494144000	1789584323494144000	1789584323494295552	1789584323494297600	8119	129	29	2	54688926568951	54688926952128
918	83	27	111	39	1789584323494297600	1789584323494315008	1789584323494315008	1789584323494551552	1789584323494552576	8248	4	33	1	54688927000646	54688927593102
919	83	37	7	39	1789584323494552576	1789584323495311360	1789584323495311360	1789584323495312384	1789584323495313408	8252	1	45	1	54688929503979	54688929506191
920	83	41	35	39	1789584323495313408	1789584323495495680	1789584323495495680	1789584323495733248	1789584323495734272	8253	4	52	1	54688929968187	54688930561109
921	83	46	19	39	1789584323495734272	1789584323496346624	1789584323496346624	1789584323496497152	1789584323496498176	8257	4	59	1	54688932106092	54688932483698
922	83	53	11	39	1789584323496498176	1789584323496506368	1789584323496506368	1789584323496511488	1789584323496512512	8261	3	66	3	54688932508296	54688932520073
923	83	56	103	39	1789584323496512512	1789584323496685568	1789584323496685568	1789584323496908800	1789584323496909824	8264	4	72	1	54688932958834	54688933516960
924	84	4	0	41	1789584323492782080	1789584323492948992	1789584323492948992	1789584323492950016	1789584323492951040	8268	1	3	1	54736606419611	54736606422028
925	84	8	64	41	1789584323492951040	1789584323492952064	1789584323492952064	1789584323492956160	1789584323492957184	8269	3	7	3	54736606428154	54736606437051
926	84	12	44	41	1789584323492957184	1789584323493129216	1789584323493129216	1789584323493364736	1789584323493365760	8272	4	13	1	54736606873629	54736607463508
927	84	19	68	41	1789584323493365760	1789584323494132736	1789584323494132736	1789584323494133760	1789584323494134784	8276	1	22	1	54736609398595	54736609400915
928	84	24	4	41	1789584323494134784	1789584323494144000	1789584323494144000	1789584323494297600	1789584323494298624	8277	129	29	2	54736609425861	54736609813768
929	84	28	0	41	1789584323494298624	1789584323494593536	1789584323494593536	1789584323494623232	1789584323494624256	8406	224	34	2	54736610557764	54736610630547
930	84	37	8	41	1789584323494624256	1789584323495311360	1789584323495311360	1789584323495312384	1789584323495313408	8630	1	45	1	54736612364252	54736612366641
931	84	41	36	41	1789584323495313408	1789584323495495680	1789584323495495680	1789584323495726080	1789584323495727104	8631	4	52	1	54736612828773	54736613404697
932	84	46	20	41	1789584323495727104	1789584323496346624	1789584323496346624	1789584323496499200	1789584323496500224	8635	4	59	1	54736614969052	54736615352817
933	84	53	12	41	1789584323496500224	1789584323496506368	1789584323496506368	1789584323496511488	1789584323496512512	8639	3	66	3	54736615372165	54736615382944
934	84	56	104	41	1789584323496512512	1789584323496685568	1789584323496685568	1789584323496902656	1789584323496905728	8642	4	72	1	54736615822520	54736616366854
935	85	4	1	43	1789584323492782080	1789584323492948992	1789584323492948992	1789584323492950016	1789584323492951040	8646	1	3	1	54752164895355	54752164897798
936	85	8	65	43	1789584323492951040	1789584323492952064	1789584323492952064	1789584323492956160	1789584323492957184	8647	3	7	3	54752164903852	54752164913069
937	85	12	45	43	1789584323492957184	1789584323493129216	1789584323493129216	1789584323493368832	1789584323493369856	8650	4	13	1	54752165349273	54752165950183
938	85	19	69	43	1789584323493369856	1789584323494132736	1789584323494132736	1789584323494133760	1789584323494134784	8654	1	22	1	54752167875226	54752167877619
939	85	24	5	43	1789584323494134784	1789584323494144000	1789584323494144000	1789584323494296576	1789584323494297600	8655	129	29	2	54752167902536	54752168286979
940	85	28	1	43	1789584323494297600	1789584323494593536	1789584323494593536	1789584323494624256	1789584323494625280	8784	224	34	2	54752169035015	54752169111195
941	85	37	9	43	1789584323494625280	1789584323495311360	1789584323495311360	1789584323495312384	1789584323495313408	9008	1	45	1	54752170842164	54752170844381
942	85	41	37	43	1789584323495313408	1789584323495495680	1789584323495495680	1789584323495739392	1789584323495741440	9009	4	52	1	54752171306609	54752171919060
943	85	46	21	43	1789584323495741440	1789584323496346624	1789584323496346624	1789584323496497152	1789584323496498176	9013	4	59	1	54752173447798	54752173827708
944	85	53	13	43	1789584323496498176	1789584323496506368	1789584323496506368	1789584323496511488	1789584323496512512	9017	3	66	3	54752173851078	54752173861887
945	85	56	105	43	1789584323496512512	1789584323496685568	1789584323496685568	1789584323496908800	1789584323496909824	9020	4	72	1	54752174301470	54752174861104
946	86	4	2	45	1789584323492782080	1789584323492948992	1789584323492948992	1789584323492950016	1789584323492951040	9024	1	3	1	54744871529091	54744871531586
947	86	8	66	45	1789584323492951040	1789584323492952064	1789584323492952064	1789584323492956160	1789584323492957184	9025	3	7	3	54744871537527	54744871546861
948	86	12	46	45	1789584323492957184	1789584323493129216	1789584323493129216	1789584323493369856	1789584323493370880	9028	4	13	1	54744871982905	54744872586367
949	86	19	70	45	1789584323493370880	1789584323494132736	1789584323494132736	1789584323494133760	1789584323494134784	9032	1	22	1	54744874507540	54744874510058
950	86	24	6	45	1789584323494134784	1789584323494144000	1789584323494144000	1789584323494295552	1789584323494296576	9033	129	29	2	54744874534797	54744874917942
951	86	28	2	45	1789584323494296576	1789584323494593536	1789584323494593536	1789584323494625280	1789584323494626304	9162	224	34	2	54744875666670	54744875745074
952	86	37	10	45	1789584323494626304	1789584323495311360	1789584323495311360	1789584323495312384	1789584323495313408	9386	1	45	1	54744877472898	54744877475077
953	86	41	38	45	1789584323495313408	1789584323495495680	1789584323495495680	1789584323495742464	1789584323495743488	9387	4	52	1	54744877937294	54744878555160
954	86	46	22	45	1789584323495743488	1789584323496346624	1789584323496346624	1789584323496495104	1789584323496496128	9391	4	59	1	54744880077479	54744880451438
955	86	53	14	45	1789584323496496128	1789584323496506368	1789584323496506368	1789584323496511488	1789584323496512512	9395	3	66	3	54744880480245	54744880491247
956	86	56	106	45	1789584323496512512	1789584323496685568	1789584323496685568	1789584323496909824	1789584323496910848	9398	4	72	1	54744880930779	54744881492276
957	87	4	3	47	1789584323492782080	1789584323492948992	1789584323492948992	1789584323492950016	1789584323492951040	9402	1	3	1	54766048502198	54766048504711
958	87	8	67	47	1789584323492951040	1789584323492952064	1789584323492952064	1789584323492956160	1789584323492957184	9403	3	7	3	54766048511061	54766048520590
959	87	12	47	47	1789584323492957184	1789584323493129216	1789584323493129216	1789584323493360640	1789584323493362688	9406	4	13	1	54766048956418	54766049538254
960	87	19	71	47	1789584323493362688	1789584323494132736	1789584323494132736	1789584323494133760	1789584323494134784	9410	1	22	1	54766051482804	54766051485300
961	87	24	7	47	1789584323494134784	1789584323494144000	1789584323494144000	1789584323494294528	1789584323494296576	9411	129	29	2	54766051510425	54766051891050
962	87	28	3	47	1789584323494296576	1789584323494593536	1789584323494593536	1789584323494625280	1789584323494626304	9540	224	34	2	54766052642922	54766052721279
963	87	37	11	47	1789584323494626304	1789584323495311360	1789584323495311360	1789584323495312384	1789584323495313408	9764	1	45	1	54766054450395	54766054452625
964	87	41	39	47	1789584323495313408	1789584323495495680	1789584323495495680	1789584323495733248	1789584323495734272	9765	4	52	1	54766054914959	54766055511197
965	87	46	23	47	1789584323495735296	1789584323496346624	1789584323496346624	1789584323496497152	1789584323496498176	9769	4	59	1	54766057056445	54766057434608
966	87	53	15	47	1789584323496498176	1789584323496506368	1789584323496506368	1789584323496511488	1789584323496512512	9773	3	66	3	54766057459591	54766057470573
967	87	56	107	47	1789584323496512512	1789584323496685568	1789584323496685568	1789584323496911872	1789584323496912896	9776	4	72	1	54766057910153	54766058478570
968	88	4	4	49	1789584323492782080	1789584323492948992	1789584323492948992	1789584323492950016	1789584323492951040	9780	1	3	1	54747003518789	54747003521127
969	88	8	68	49	1789584323492951040	1789584323492952064	1789584323492952064	1789584323492956160	1789584323492957184	9781	3	7	3	54747003527495	54747003536693
970	88	12	48	49	1789584323492957184	1789584323493129216	1789584323493129216	1789584323493363712	1789584323493364736	9784	4	13	1	54747003972825	54747004561516
971	88	19	72	49	1789584323493364736	1789584323494132736	1789584323494132736	1789584323494133760	1789584323494134784	9788	1	22	1	54747006499117	54747006501517
972	88	24	8	49	1789584323494134784	1789584323494144000	1789584323494144000	1789584323494297600	1789584323494298624	9789	129	29	2	54747006526732	54747006915342
973	88	29	0	49	1789584323494299648	1789584323494627328	1789584323494627328	1789584323495135232	1789584323495136256	9918	5	36	2	54747007743481	54747009022408
974	88	37	12	49	1789584323495136256	1789584323495311360	1789584323495311360	1789584323495312384	1789584323495313408	9923	1	45	1	54747009466736	54747009468974
975	88	41	40	49	1789584323495313408	1789584323495495680	1789584323495495680	1789584323495739392	1789584323495740416	9924	4	52	1	54747009931287	54747010542411
976	88	46	24	49	1789584323495740416	1789584323496346624	1789584323496346624	1789584323496498176	1789584323496499200	9928	4	59	1	54747012073087	54747012455161
977	88	53	16	49	1789584323496499200	1789584323496506368	1789584323496506368	1789584323496511488	1789584323496512512	9932	3	66	3	54747012476270	54747012487557
978	88	56	108	49	1789584323496512512	1789584323496685568	1789584323496685568	1789584323496914944	1789584323496915968	9935	4	72	1	54747012926875	54747013502687
979	89	4	5	51	1789584323492782080	1789584323492948992	1789584323492948992	1789584323492950016	1789584323492951040	9939	1	3	1	54750894797534	54750894799808
980	89	8	69	51	1789584323492951040	1789584323492952064	1789584323492953088	1789584323492956160	1789584323492957184	9940	3	7	3	54750894806412	54750894815522
981	89	12	49	51	1789584323492957184	1789584323493129216	1789584323493129216	1789584323493360640	1789584323493362688	9943	4	13	1	54750895251628	54750895833433
982	89	19	73	51	1789584323493362688	1789584323494132736	1789584323494132736	1789584323494133760	1789584323494134784	9947	1	22	1	54750897777618	54750897779734
983	89	24	9	51	1789584323494134784	1789584323494144000	1789584323494144000	1789584323494297600	1789584323494298624	9948	129	29	2	54750897805042	54750898192819
984	89	29	1	51	1789584323494298624	1789584323494627328	1789584323494627328	1789584323495143424	1789584323495144448	10077	5	36	2	54750899021666	54750900321086
985	89	37	13	51	1789584323495144448	1789584323495311360	1789584323495311360	1789584323495312384	1789584323495313408	10082	1	45	1	54750900744869	54750900747071
986	89	41	41	51	1789584323495313408	1789584323495495680	1789584323495495680	1789584323495734272	1789584323495735296	10083	4	52	1	54750901209345	54750901807325
987	89	46	25	51	1789584323495735296	1789584323496346624	1789584323496346624	1789584323496499200	1789584323496499200	10087	4	59	1	54750903350707	54750903733684
988	89	53	17	51	1789584323496500224	1789584323496506368	1789584323496506368	1789584323496511488	1789584323496512512	10091	3	66	3	54750903753676	54750903765224
989	89	56	109	51	1789584323496512512	1789584323496685568	1789584323496685568	1789584323496914944	1789584323496915968	10094	4	72	1	54750904204578	54750904781442
990	90	4	6	53	1789584323492782080	1789584323492948992	1789584323492948992	1789584323492950016	1789584323492951040	10098	1	3	1	54761928561059	54761928563494
991	90	8	70	53	1789584323492951040	1789584323492952064	1789584323492952064	1789584323492956160	1789584323492957184	10099	3	7	3	54761928569703	54761928578866
992	90	12	50	53	1789584323492957184	1789584323493129216	1789584323493129216	1789584323493362688	1789584323493364736	10102	4	13	1	54761929015315	54761929602767
993	90	19	74	53	1789584323493364736	1789584323494132736	1789584323494132736	1789584323494133760	1789584323494134784	10106	1	22	1	54761931541669	54761931544036
994	90	24	10	53	1789584323494134784	1789584323494142976	1789584323494144000	1789584323494295552	1789584323494297600	10107	129	29	2	54761931568898	54761931953019
995	90	29	2	53	1789584323494297600	1789584323494627328	1789584323494627328	1789584323495138304	1789584323495139328	10236	5	36	2	54761932786056	54761934072516
996	90	37	14	53	1789584323495139328	1789584323495311360	1789584323495311360	1789584323495312384	1789584323495313408	10241	1	45	1	54761934509305	54761934511537
997	90	41	42	53	1789584323495313408	1789584323495495680	1789584323495495680	1789584323495729152	1789584323495730176	10242	4	52	1	54761934973883	54761935559271
998	90	46	26	53	1789584323495730176	1789584323496346624	1789584323496346624	1789584323496497152	1789584323496498176	10246	4	59	1	54761937115565	54761937494997
999	90	53	18	53	1789584323496498176	1789584323496506368	1789584323496506368	1789584323496511488	1789584323496512512	10250	3	66	3	54761937518832	54761937530136
1000	90	56	110	53	1789584323496512512	1789584323496685568	1789584323496685568	1789584323496909824	1789584323496911872	10253	4	72	1	54761937969403	54761938534057
1001	91	4	7	55	1789584323492782080	1789584323492948992	1789584323492948992	1789584323492950016	1789584323492951040	10257	1	3	1	54710217540795	54710217543226
1002	91	8	71	55	1789584323492951040	1789584323492952064	1789584323492953088	1789584323492956160	1789584323492957184	10258	3	7	3	54710217549636	54710217559012
1003	91	12	51	55	1789584323492957184	1789584323493129216	1789584323493129216	1789584323493366784	1789584323493367808	10261	4	13	1	54710217994509	54710218588841
1004	91	19	75	55	1789584323493367808	1789584323494132736	1789584323494132736	1789584323494133760	1789584323494134784	10265	1	22	1	54710220517603	54710220520060
1005	91	24	11	55	1789584323494134784	1789584323494144000	1789584323494144000	1789584323494296576	1789584323494297600	10266	129	29	2	54710220545058	54710220930279
1006	91	29	3	55	1789584323494297600	1789584323494627328	1789584323494627328	1789584323495141376	1789584323495142400	10395	5	36	2	54710221760193	54710223054141
1007	91	37	15	55	1789584323495142400	1789584323495311360	1789584323495311360	1789584323495312384	1789584323495313408	10400	1	45	1	54710223481014	54710223483439
1008	91	41	43	55	1789584323495313408	1789584323495495680	1789584323495495680	1789584323495731200	1789584323495732224	10401	4	52	1	54710223945099	54710224534647
1009	91	46	27	55	1789584323495732224	1789584323496346624	1789584323496346624	1789584323496498176	1789584323496499200	10405	4	59	1	54710226083615	54710226465257
1010	91	53	19	55	1789584323496499200	1789584323496506368	1789584323496506368	1789584323496511488	1789584323496512512	10409	3	66	3	54710226486320	54710226497716
1011	91	56	111	55	1789584323496512512	1789584323496685568	1789584323496685568	1789584323496920064	1789584323496921088	10412	4	72	1	54710226936557	54710227524328
1012	92	4	8	57	1789584323492782080	1789584323492948992	1789584323492948992	1789584323492950016	1789584323492951040	10416	1	3	1	54739532283914	54739532286351
1013	92	8	72	57	1789584323492951040	1789584323492952064	1789584323492952064	1789584323492956160	1789584323492957184	10417	3	7	3	54739532292184	54739532301547
1014	92	12	52	57	1789584323492957184	1789584323493129216	1789584323493129216	1789584323493362688	1789584323493364736	10420	4	13	1	54739532737655	54739533324226
1015	92	19	76	57	1789584323493364736	1789584323494132736	1789584323494132736	1789584323494133760	1789584323494134784	10424	1	22	1	54739535262149	54739535264618
1016	92	24	12	57	1789584323494134784	1789584323494144000	1789584323494144000	1789584323494294528	1789584323494295552	10425	129	29	2	54739535289476	54739535669709
1017	92	29	4	57	1789584323494295552	1789584323494627328	1789584323494627328	1789584323495132160	1789584323495133184	10554	5	36	2	54739536505552	54739537776330
1018	92	37	16	57	1789584323495133184	1789584323495311360	1789584323495311360	1789584323495312384	1789584323495313408	10559	1	45	1	54739538227483	54739538229655
1019	92	41	44	57	1789584323495313408	1789584323495495680	1789584323495495680	1789584323495731200	1789584323495732224	10560	4	52	1	54739538691807	54739539282163
1020	92	46	28	57	1789584323495732224	1789584323496346624	1789584323496346624	1789584323496496128	1789584323496497152	10564	4	59	1	54739540831942	54739541207711
1021	92	53	20	57	1789584323496497152	1789584323496506368	1789584323496506368	1789584323496511488	1789584323496512512	10568	3	66	3	54739541234838	54739541246797
1022	92	57	0	57	1789584323496512512	1789584323496685568	1789584323496685568	1789584323496903680	1789584323496905728	10571	4	73	1	54739541685220	54739542231340
1023	93	4	9	59	1789584323492782080	1789584323492948992	1789584323492948992	1789584323492950016	1789584323492951040	10575	1	3	1	54752594444789	54752594447235
1024	93	8	73	59	1789584323492951040	1789584323492952064	1789584323492952064	1789584323492956160	1789584323492957184	10576	3	7	3	54752594453580	54752594462774
1025	93	12	53	59	1789584323492957184	1789584323493129216	1789584323493129216	1789584323493364736	1789584323493365760	10579	4	13	1	54752594898960	54752595489773
1026	93	19	77	59	1789584323493365760	1789584323494132736	1789584323494132736	1789584323494133760	1789584323494134784	10583	1	22	1	54752597425062	54752597427456
1027	93	24	13	59	1789584323494134784	1789584323494142976	1789584323494144000	1789584323494294528	1789584323494295552	10584	129	29	2	54752597452203	54752597832191
1028	93	29	5	59	1789584323494295552	1789584323494627328	1789584323494627328	1789584323495136256	1789584323495137280	10713	5	36	2	54752598669439	54752599951264
1029	93	37	17	59	1789584323495137280	1789584323495311360	1789584323495311360	1789584323495312384	1789584323495313408	10718	1	45	1	54752600392382	54752600394566
1030	93	41	45	59	1789584323495313408	1789584323495495680	1789584323495495680	1789584323495738368	1789584323495740416	10719	4	52	1	54752600856949	54752601467013
1031	93	46	29	59	1789584323495740416	1789584323496346624	1789584323496346624	1789584323496498176	1789584323496499200	10723	4	59	1	54752602998418	54752603380485
1032	93	53	21	59	1789584323496499200	1789584323496506368	1789584323496506368	1789584323496511488	1789584323496512512	10727	3	66	3	54752603401127	54752603413491
1033	93	57	1	59	1789584323496512512	1789584323496685568	1789584323496685568	1789584323496907776	1789584323496908800	10730	4	73	1	54752603852166	54752604409195
1034	94	4	10	61	1789584323492782080	1789584323492948992	1789584323492948992	1789584323492950016	1789584323492951040	10734	1	3	1	54688923565508	54688923567894
1035	94	8	74	61	1789584323492951040	1789584323492952064	1789584323492952064	1789584323492956160	1789584323492957184	10735	3	7	3	54688923574452	54688923583450
1036	94	12	54	61	1789584323492957184	1789584323493129216	1789584323493129216	1789584323493356544	1789584323493357568	10738	4	13	1	54688924019213	54688924588767
1037	94	19	78	61	1789584323493358592	1789584323494132736	1789584323494132736	1789584323494133760	1789584323494134784	10742	1	22	1	54688926541500	54688926543783
1038	94	24	14	61	1789584323494134784	1789584323494142976	1789584323494144000	1789584323494296576	1789584323494297600	10743	129	29	2	54688926568592	54688926953361
1039	94	29	6	61	1789584323494297600	1789584323494627328	1789584323494627328	1789584323495141376	1789584323495142400	10872	5	36	2	54688927783663	54688929077338
1040	94	37	18	61	1789584323495142400	1789584323495311360	1789584323495311360	1789584323495312384	1789584323495313408	10877	1	45	1	54688929503950	54688929506152
1041	94	41	46	61	1789584323495313408	1789584323495495680	1789584323495495680	1789584323495738368	1789584323495739392	10878	4	52	1	54688929968055	54688930575303
1042	94	46	30	61	1789584323495739392	1789584323496346624	1789584323496346624	1789584323496500224	1789584323496500224	10882	4	59	1	54688932106016	54688932490959
1043	94	53	22	61	1789584323496501248	1789584323496506368	1789584323496506368	1789584323496511488	1789584323496512512	10886	3	66	3	54688932508806	54688932520725
1044	94	57	2	61	1789584323496512512	1789584323496685568	1789584323496685568	1789584323496905728	1789584323496906752	10889	4	73	1	54688932958705	54688933510984
1045	95	4	11	63	1789584323492782080	1789584323492948992	1789584323492948992	1789584323492950016	1789584323492951040	10893	1	3	1	54736606419700	54736606422203
1046	95	8	75	63	1789584323492951040	1789584323492952064	1789584323492952064	1789584323492956160	1789584323492957184	10894	3	7	3	54736606428328	54736606437833
1047	95	12	55	63	1789584323492957184	1789584323493129216	1789584323493129216	1789584323493369856	1789584323493370880	10897	4	13	1	54736606873833	54736607477715
1048	95	19	79	63	1789584323493370880	1789584323494132736	1789584323494132736	1789584323494133760	1789584323494134784	10901	1	22	1	54736609398688	54736609401131
1049	95	24	15	63	1789584323494134784	1789584323494142976	1789584323494144000	1789584323494296576	1789584323494297600	10902	129	29	2	54736609425821	54736609810333
1050	95	29	7	63	1789584323494297600	1789584323494627328	1789584323494627328	1789584323495139328	1789584323495140352	11031	5	36	2	54736610642177	54736611931160
1051	95	37	19	63	1789584323495140352	1789584323495311360	1789584323495311360	1789584323495312384	1789584323495313408	11036	1	45	1	54736612364465	54736612366659
1052	95	41	47	63	1789584323495313408	1789584323495495680	1789584323495495680	1789584323495729152	1789584323495730176	11037	4	52	1	54736612829012	54736613414012
1053	95	46	31	63	1789584323495730176	1789584323496346624	1789584323496346624	1789584323496496128	1789584323496497152	11041	4	59	1	54736614969186	54736615345602
1054	95	53	23	63	1789584323496497152	1789584323496506368	1789584323496506368	1789584323496511488	1789584323496512512	11045	3	66	3	54736615371993	54736615384173
1055	95	57	3	63	1789584323496512512	1789584323496685568	1789584323496685568	1789584323496904704	1789584323496905728	11048	4	73	1	54736615822676	54736616371543
1056	96	4	12	65	1789584323492782080	1789584323492948992	1789584323492948992	1789584323492950016	1789584323492951040	11052	1	3	1	54752164895253	54752164897807
1057	96	8	76	65	1789584323492951040	1789584323492952064	1789584323492953088	1789584323492956160	1789584323492958208	11053	3	7	3	54752164904111	54752164913876
1058	96	12	56	65	1789584323492958208	1789584323493129216	1789584323493129216	1789584323493366784	1789584323493367808	11056	4	13	1	54752165349601	54752165945436
1059	96	19	80	65	1789584323493367808	1789584323494132736	1789584323494132736	1789584323494133760	1789584323494134784	11060	1	22	1	54752167875343	54752167877865
1060	96	24	16	65	1789584323494134784	1789584323494144000	1789584323494144000	1789584323494293504	1789584323494294528	11061	129	29	2	54752167902752	54752168280697
1061	96	29	8	65	1789584323494294528	1789584323494627328	1789584323494627328	1789584323495128064	1789584323495130112	11190	5	36	2	54752169119409	54752170380080
1062	96	37	20	65	1789584323495130112	1789584323495311360	1789584323495311360	1789584323495312384	1789584323495313408	11195	1	45	1	54752170842202	54752170844397
1063	96	41	48	65	1789584323495313408	1789584323495495680	1789584323495495680	1789584323495736320	1789584323495738368	11196	4	52	1	54752171306909	54752171911295
1064	96	48	0	65	1789584323495738368	1789584323496346624	1789584323496346624	1789584323496496128	1789584323496497152	11200	4	61	1	54752173447930	54752173822986
1065	96	53	24	65	1789584323496497152	1789584323496506368	1789584323496506368	1789584323496511488	1789584323496512512	11204	3	66	3	54752173850574	54752173862545
1066	96	57	4	65	1789584323496512512	1789584323496685568	1789584323496685568	1789584323496913920	1789584323496914944	11207	4	73	1	54752174301621	54752174873693
1067	97	4	13	67	1789584323492782080	1789584323492948992	1789584323492948992	1789584323492950016	1789584323492951040	11211	1	3	1	54744871528979	54744871531598
1068	97	8	77	67	1789584323492951040	1789584323492953088	1789584323492953088	1789584323492956160	1789584323492958208	11212	3	7	3	54744871538157	54744871547895
1069	97	12	57	67	1789584323492958208	1789584323493129216	1789584323493129216	1789584323493379072	1789584323493380096	11215	4	13	1	54744871983236	54744872610098
1070	97	19	81	67	1789584323493380096	1789584323494132736	1789584323494132736	1789584323494133760	1789584323494134784	11219	1	22	1	54744874507628	54744874510230
1071	97	24	17	67	1789584323494134784	1789584323494144000	1789584323494144000	1789584323494293504	1789584323494294528	11220	129	29	2	54744874535103	54744874911152
1072	97	29	9	67	1789584323494294528	1789584323494627328	1789584323494627328	1789584323495129088	1789584323495130112	11349	5	36	2	54744875751034	54744877013032
1073	97	37	21	67	1789584323495130112	1789584323495311360	1789584323495311360	1789584323495312384	1789584323495313408	11354	1	45	1	54744877472972	54744877475092
1074	97	41	49	67	1789584323495313408	1789584323495495680	1789584323495495680	1789584323495730176	1789584323495731200	11355	4	52	1	54744877937493	54744878524191
1075	97	48	1	67	1789584323495731200	1789584323496346624	1789584323496346624	1789584323496494080	1789584323496495104	11359	4	61	1	54744880077626	54744880447683
1076	97	53	25	67	1789584323496495104	1789584323496506368	1789584323496506368	1789584323496511488	1789584323496512512	11363	3	66	3	54744880480320	54744880492013
1077	97	57	5	67	1789584323496512512	1789584323496685568	1789584323496685568	1789584323496910848	1789584323496911872	11366	4	73	1	54744880930952	54744881495890
1078	98	4	14	69	1789584323492782080	1789584323492948992	1789584323492948992	1789584323492950016	1789584323492951040	11370	1	3	1	54766048502274	54766048504901
1079	98	8	78	69	1789584323492951040	1789584323492953088	1789584323492953088	1789584323492956160	1789584323492958208	11371	3	7	3	54766048511430	54766048521275
1080	98	12	58	69	1789584323492958208	1789584323493129216	1789584323493129216	1789584323493360640	1789584323493362688	11374	4	13	1	54766048956757	54766049537881
1081	98	19	82	69	1789584323493362688	1789584323494132736	1789584323494132736	1789584323494133760	1789584323494134784	11378	1	22	1	54766051482898	54766051485521
1082	98	24	18	69	1789584323494134784	1789584323494142976	1789584323494144000	1789584323494292480	1789584323494293504	11379	129	29	2	54766051509937	54766051884175
1083	98	29	10	69	1789584323494293504	1789584323494627328	1789584323494627328	1789584323495132160	1789584323495133184	11508	5	36	2	54766052727287	54766053999428
1084	98	37	22	69	1789584323495133184	1789584323495311360	1789584323495311360	1789584323495312384	1789584323495313408	11513	1	45	1	54766054450488	54766054452657
1085	98	41	50	69	1789584323495313408	1789584323495495680	1789584323495495680	1789584323495731200	1789584323495732224	11514	4	52	1	54766054915152	54766055506109
1086	98	48	2	69	1789584323495733248	1789584323496346624	1789584323496346624	1789584323496495104	1789584323496496128	11518	4	61	1	54766057056613	54766057429600
1087	98	53	26	69	1789584323496496128	1789584323496506368	1789584323496506368	1789584323496511488	1789584323496512512	11522	3	66	3	54766057459431	54766057471192
1088	98	57	6	69	1789584323496512512	1789584323496685568	1789584323496685568	1789584323496907776	1789584323496908800	11525	4	73	1	54766057910384	54766058467681
1089	99	4	15	71	1789584323492782080	1789584323492948992	1789584323492948992	1789584323492950016	1789584323492951040	11529	1	3	1	54747003518721	54747003521233
1090	99	8	79	71	1789584323492951040	1789584323492952064	1789584323492952064	1789584323492956160	1789584323492957184	11530	3	7	3	54747003527554	54747003537250
1091	99	12	59	71	1789584323492958208	1789584323493129216	1789584323493129216	1789584323493374976	1789584323493376000	11533	4	13	1	54747003973147	54747004589489
1092	99	19	83	71	1789584323493376000	1789584323494132736	1789584323494132736	1789584323494133760	1789584323494134784	11537	1	22	1	54747006499216	54747006501755
1093	99	24	19	71	1789584323494134784	1789584323494144000	1789584323494144000	1789584323494295552	1789584323494296576	11538	129	29	2	54747006526415	54747006909698
1094	99	29	11	71	1789584323494296576	1789584323494627328	1789584323494627328	1789584323495140352	1789584323495142400	11667	5	36	2	54747007743553	54747009037094
1095	99	37	23	71	1789584323495142400	1789584323495311360	1789584323495311360	1789584323495312384	1789584323495313408	11672	1	45	1	54747009466785	54747009468998
1096	99	41	51	71	1789584323495313408	1789584323495495680	1789584323495495680	1789584323495723008	1789584323495725056	11673	4	52	1	54747009931532	54747010502508
1097	99	48	3	71	1789584323495725056	1789584323496346624	1789584323496346624	1789584323496497152	1789584323496498176	11677	4	61	1	54747012073230	54747012451989
1098	99	53	27	71	1789584323496498176	1789584323496506368	1789584323496506368	1789584323496511488	1789584323496512512	11681	3	66	3	54747012475932	54747012487877
1099	99	57	7	71	1789584323496512512	1789584323496685568	1789584323496685568	1789584323496907776	1789584323496908800	11684	4	73	1	54747012927093	54747013485834
1100	100	4	16	73	1789584323492782080	1789584323492948992	1789584323492948992	1789584323492950016	1789584323492951040	11688	1	3	1	54750894797471	54750894799998
1101	100	8	80	73	1789584323492951040	1789584323492952064	1789584323492953088	1789584323492956160	1789584323492957184	11689	3	7	3	54750894806390	54750894815906
1102	100	12	60	73	1789584323492958208	1789584323493129216	1789584323493129216	1789584323493371904	1789584323493372928	11692	4	13	1	54750895251874	54750895860600
1103	100	19	84	73	1789584323493372928	1789584323494132736	1789584323494132736	1789584323494133760	1789584323494134784	11696	1	22	1	54750897777738	54750897780182
1104	100	24	20	73	1789584323494134784	1789584323494144000	1789584323494144000	1789584323494295552	1789584323494296576	11697	129	29	2	54750897805160	54750898186734
1105	100	29	12	73	1789584323494296576	1789584323494627328	1789584323494627328	1789584323495133184	1789584323495134208	11826	5	36	2	54750899021735	54750900296797
1106	100	37	24	73	1789584323495134208	1789584323495311360	1789584323495311360	1789584323495312384	1789584323495313408	11831	1	45	1	54750900744887	54750900747108
1107	100	41	52	73	1789584323495313408	1789584323495495680	1789584323495495680	1789584323495731200	1789584323495733248	11832	4	52	1	54750901209658	54750901801197
1108	100	48	4	73	1789584323495733248	1789584323496346624	1789584323496346624	1789584323496498176	1789584323496499200	11836	4	61	1	54750903350853	54750903731326
1109	100	53	28	73	1789584323496499200	1789584323496506368	1789584323496506368	1789584323496511488	1789584323496512512	11840	3	66	3	54750903753812	54750903765851
1110	100	57	8	73	1789584323496512512	1789584323496685568	1789584323496685568	1789584323496912896	1789584323496913920	11843	4	73	1	54750904204716	54750904775235
1111	101	4	17	75	1789584323492782080	1789584323492948992	1789584323492948992	1789584323492950016	1789584323492951040	11847	1	3	1	54761928561185	54761928563730
1112	101	8	81	75	1789584323492951040	1789584323492952064	1789584323492953088	1789584323492956160	1789584323492957184	11848	3	7	3	54761928570176	54761928579675
1113	101	12	61	75	1789584323492958208	1789584323493129216	1789584323493129216	1789584323493372928	1789584323493374976	11851	4	13	1	54761929015585	54761929628560
1114	101	19	85	75	1789584323493374976	1789584323494132736	1789584323494132736	1789584323494133760	1789584323494134784	11855	1	22	1	54761931541805	54761931544331
1115	101	24	21	75	1789584323494134784	1789584323494144000	1789584323494144000	1789584323494295552	1789584323494296576	11856	129	29	2	54761931569132	54761931952278
1116	101	29	13	75	1789584323494296576	1789584323494627328	1789584323494627328	1789584323495137280	1789584323495138304	11985	5	36	2	54761932786137	54761934070671
1117	101	37	25	75	1789584323495138304	1789584323495311360	1789584323495311360	1789584323495312384	1789584323495313408	11990	1	45	1	54761934509417	54761934511581
1118	101	41	53	75	1789584323495313408	1789584323495495680	1789584323495495680	1789584323495744512	1789584323495745536	11991	4	52	1	54761934974226	54761935598168
1119	101	48	5	75	1789584323495745536	1789584323496346624	1789584323496346624	1789584323496495104	1789584323496496128	11995	4	61	1	54761937115727	54761937489925
1120	101	53	29	75	1789584323496496128	1789584323496506368	1789584323496506368	1789584323496511488	1789584323496512512	11999	3	66	3	54761937518648	54761937530556
1121	101	57	9	75	1789584323496512512	1789584323496685568	1789584323496685568	1789584323496910848	1789584323496911872	12002	4	73	1	54761937969631	54761938535478
1122	102	4	18	77	1789584323492782080	1789584323492948992	1789584323492948992	1789584323492950016	1789584323492951040	12006	1	3	1	54710217540915	54710217543497
1123	102	8	82	77	1789584323492951040	1789584323492953088	1789584323492953088	1789584323492956160	1789584323492958208	12007	3	7	3	54710217549807	54710217559691
1124	102	12	62	77	1789584323492958208	1789584323493129216	1789584323493129216	1789584323493366784	1789584323493368832	12010	4	13	1	54710217994764	54710218591245
1125	102	19	86	77	1789584323493368832	1789584323494132736	1789584323494132736	1789584323494133760	1789584323494134784	12014	1	22	1	54710220517736	54710220520260
1126	102	24	22	77	1789584323494134784	1789584323494142976	1789584323494144000	1789584323494293504	1789584323494295552	12015	129	29	2	54710220544778	54710220922778
1127	102	29	14	77	1789584323494295552	1789584323494627328	1789584323494627328	1789584323495133184	1789584323495135232	12144	5	36	2	54710221760266	54710223033656
1128	102	37	26	77	1789584323495135232	1789584323495311360	1789584323495311360	1789584323495312384	1789584323495313408	12149	1	45	1	54710223481104	54710223483493
1129	102	41	54	77	1789584323495313408	1789584323495495680	1789584323495495680	1789584323495739392	1789584323495741440	12150	4	52	1	54710223945418	54710224555856
1130	102	48	6	77	1789584323495741440	1789584323496346624	1789584323496346624	1789584323496495104	1789584323496497152	12154	4	61	1	54710226083780	54710226458155
1131	102	53	30	77	1789584323496497152	1789584323496506368	1789584323496506368	1789584323496511488	1789584323496512512	12158	3	66	3	54710226486271	54710226498291
1132	102	57	10	77	1789584323496512512	1789584323496685568	1789584323496685568	1789584323496912896	1789584323496913920	12161	4	73	1	54710226936816	54710227506671
1133	103	4	19	79	1789584323492782080	1789584323492948992	1789584323492948992	1789584323492950016	1789584323492951040	12165	1	3	1	54739532283981	54739532286595
1134	103	8	83	79	1789584323492951040	1789584323492953088	1789584323492953088	1789584323492956160	1789584323492958208	12166	3	7	3	54739532292887	54739532302835
1135	103	12	63	79	1789584323492958208	1789584323493129216	1789584323493129216	1789584323493371904	1789584323493373952	12169	4	13	1	54739532738032	54739533347705
1136	103	19	87	79	1789584323493373952	1789584323494132736	1789584323494132736	1789584323494133760	1789584323494134784	12173	1	22	1	54739535262235	54739535264814
1137	103	24	23	79	1789584323494134784	1789584323494144000	1789584323494144000	1789584323494293504	1789584323494295552	12174	129	29	2	54739535289630	54739535667526
1138	103	29	15	79	1789584323494295552	1789584323494627328	1789584323494627328	1789584323495132160	1789584323495133184	12303	5	36	2	54739536505619	54739537776759
1139	103	37	27	79	1789584323495133184	1789584323495311360	1789584323495311360	1789584323495312384	1789584323495313408	12308	1	45	1	54739538227531	54739538229685
1140	103	41	55	79	1789584323495313408	1789584323495495680	1789584323495495680	1789584323495735296	1789584323495737344	12309	4	52	1	54739538692009	54739539292891
1141	103	48	7	79	1789584323495737344	1789584323496346624	1789584323496346624	1789584323496495104	1789584323496496128	12313	4	61	1	54739540832104	54739541204535
1142	103	53	31	79	1789584323496496128	1789584323496506368	1789584323496506368	1789584323496511488	1789584323496512512	12317	3	66	3	54739541234895	54739541246647
1143	103	57	11	79	1789584323496512512	1789584323496685568	1789584323496685568	1789584323496906752	1789584323496908800	12320	4	73	1	54739541685408	54739542240706
1144	104	4	20	81	1789584323492782080	1789584323492948992	1789584323492948992	1789584323492950016	1789584323492951040	12324	1	3	1	54752594445082	54752594447640
1145	104	8	84	81	1789584323492951040	1789584323492952064	1789584323492952064	1789584323492956160	1789584323492957184	12325	3	7	3	54752594453691	54752594463366
1146	104	12	64	81	1789584323492958208	1789584323493129216	1789584323493129216	1789584323493368832	1789584323493369856	12328	4	13	1	54752594899302	54752595500588
1147	104	19	88	81	1789584323493369856	1789584323494132736	1789584323494132736	1789584323494133760	1789584323494134784	12332	1	22	1	54752597425205	54752597427719
1148	104	24	24	81	1789584323494134784	1789584323494144000	1789584323494144000	1789584323494294528	1789584323494296576	12333	129	29	2	54752597452566	54752597833308
1149	104	29	16	81	1789584323494296576	1789584323494627328	1789584323494627328	1789584323495131136	1789584323495132160	12462	5	36	2	54752598669520	54752599938947
1150	104	37	28	81	1789584323495133184	1789584323495311360	1789584323495311360	1789584323495312384	1789584323495313408	12467	1	45	1	54752600392489	54752600394604
1151	104	41	56	81	1789584323495313408	1789584323495495680	1789584323495495680	1789584323495735296	1789584323495737344	12468	4	52	1	54752600857284	54752601459161
1152	104	50	0	81	1789584323495737344	1789584323496501248	1789584323496501248	1789584323496502272	1789584323496503296	12472	1	63	1	54752603387762	54752603390780
1153	104	53	32	81	1789584323496503296	1789584323496506368	1789584323496506368	1789584323496511488	1789584323496512512	12473	3	66	3	54752603401437	54752603412742
1154	104	57	12	81	1789584323496512512	1789584323496685568	1789584323496685568	1789584323496918016	1789584323496919040	12476	4	73	1	54752603852331	54752604435283
1155	105	4	21	83	1789584323492782080	1789584323492948992	1789584323492948992	1789584323492950016	1789584323492951040	12480	1	3	1	54688923565786	54688923568284
1156	105	8	85	83	1789584323492951040	1789584323492952064	1789584323492952064	1789584323492956160	1789584323492957184	12481	3	7	3	54688923574092	54688923583513
1157	105	12	65	83	1789584323492957184	1789584323493129216	1789584323493129216	1789584323493368832	1789584323493369856	12484	4	13	1	54688924019552	54688924620301
1158	105	19	89	83	1789584323493370880	1789584323494132736	1789584323494132736	1789584323494133760	1789584323494134784	12488	1	22	1	54688926541624	54688926544070
1159	105	24	25	83	1789584323494134784	1789584323494144000	1789584323494144000	1789584323494294528	1789584323494295552	12489	129	29	2	54688926568963	54688926947959
1160	105	29	17	83	1789584323494295552	1789584323494627328	1789584323494627328	1789584323495132160	1789584323495133184	12618	5	36	2	54688927783737	54688929052754
1161	105	37	29	83	1789584323495133184	1789584323495311360	1789584323495311360	1789584323495312384	1789584323495313408	12623	1	45	1	54688929504002	54688929506186
1162	105	41	57	83	1789584323495313408	1789584323495495680	1789584323495495680	1789584323495743488	1789584323495744512	12624	4	52	1	54688929968340	54688930587851
1163	105	50	1	83	1789584323495744512	1789584323496501248	1789584323496501248	1789584323496502272	1789584323496503296	12628	1	63	1	54688932494930	54688932497873
1164	105	53	33	83	1789584323496503296	1789584323496506368	1789584323496506368	1789584323496511488	1789584323496512512	12629	3	66	3	54688932508551	54688932519875
1165	105	57	13	83	1789584323496512512	1789584323496685568	1789584323496685568	1789584323496914944	1789584323496915968	12632	4	73	1	54688932958860	54688933533589
1166	106	4	22	85	1789584323492782080	1789584323492948992	1789584323492948992	1789584323492950016	1789584323492951040	12636	1	3	1	54736606419858	54736606422289
1167	106	8	86	85	1789584323492951040	1789584323492952064	1789584323492953088	1789584323492956160	1789584323492957184	12637	3	7	3	54736606428690	54736606437954
1168	106	12	66	85	1789584323492957184	1789584323493129216	1789584323493129216	1789584323493372928	1789584323493373952	12640	4	13	1	54736606873741	54736607485324
1169	106	19	90	85	1789584323493373952	1789584323494132736	1789584323494132736	1789584323494133760	1789584323494134784	12644	1	22	1	54736609398634	54736609401011
1170	106	24	26	85	1789584323494134784	1789584323494144000	1789584323494144000	1789584323494296576	1789584323494297600	12645	129	29	2	54736609425932	54736609811349
1171	106	29	18	85	1789584323494297600	1789584323494627328	1789584323494627328	1789584323495140352	1789584323495141376	12774	5	36	2	54736610642131	54736611934811
1172	106	37	30	85	1789584323495141376	1789584323495311360	1789584323495311360	1789584323495312384	1789584323495313408	12779	1	45	1	54736612364422	54736612366629
1173	106	41	58	85	1789584323495313408	1789584323495495680	1789584323495495680	1789584323495732224	1789584323495733248	12780	4	52	1	54736612829067	54736613421491
1174	106	50	2	85	1789584323495733248	1789584323496501248	1789584323496501248	1789584323496502272	1789584323496503296	12784	1	63	1	54736615358251	54736615361157
1175	106	53	34	85	1789584323496503296	1789584323496506368	1789584323496506368	1789584323496511488	1789584323496512512	12785	3	66	3	54736615371897	54736615383209
1176	106	57	14	85	1789584323496512512	1789584323496685568	1789584323496685568	1789584323496912896	1789584323496913920	12788	4	73	1	54736615822550	54736616393073
1177	107	4	23	87	1789584323492782080	1789584323492948992	1789584323492948992	1789584323492950016	1789584323492951040	12792	1	3	1	54752164895270	54752164897743
1178	107	8	87	87	1789584323492951040	1789584323492952064	1789584323492952064	1789584323492956160	1789584323492957184	12793	3	7	3	54752164903707	54752164913075
1179	107	12	67	87	1789584323492957184	1789584323493129216	1789584323493129216	1789584323493362688	1789584323493363712	12796	4	13	1	54752165349431	54752165935198
1180	107	19	91	87	1789584323493363712	1789584323494132736	1789584323494132736	1789584323494133760	1789584323494134784	12800	1	22	1	54752167875281	54752167877719
1181	107	24	27	87	1789584323494134784	1789584323494144000	1789584323494144000	1789584323494295552	1789584323494296576	12801	129	29	2	54752167902663	54752168284857
1182	107	29	19	87	1789584323494296576	1789584323494627328	1789584323494627328	1789584323495135232	1789584323495136256	12930	5	36	2	54752169119375	54752170399358
1183	107	37	31	87	1789584323495136256	1789584323495311360	1789584323495311360	1789584323495312384	1789584323495313408	12935	1	45	1	54752170842188	54752170844382
1184	107	41	59	87	1789584323495313408	1789584323495495680	1789584323495495680	1789584323495735296	1789584323495736320	12936	4	52	1	54752171306807	54752171906740
1185	107	50	3	87	1789584323495736320	1789584323496501248	1789584323496501248	1789584323496502272	1789584323496503296	12940	1	63	1	54752173837093	54752173840067
1186	107	53	35	87	1789584323496503296	1789584323496506368	1789584323496506368	1789584323496511488	1789584323496512512	12941	3	66	3	54752173850656	54752173862058
1187	107	57	15	87	1789584323496512512	1789584323496685568	1789584323496685568	1789584323496909824	1789584323496911872	12944	4	73	1	54752174301523	54752174865349
1188	108	4	24	89	1789584323492782080	1789584323492948992	1789584323492948992	1789584323492950016	1789584323492951040	12948	1	3	1	54744871528945	54744871531471
1189	108	8	88	89	1789584323492951040	1789584323492952064	1789584323492952064	1789584323492956160	1789584323492957184	12949	3	7	3	54744871537742	54744871547435
1190	108	12	68	89	1789584323492958208	1789584323493129216	1789584323493129216	1789584323493370880	1789584323493371904	12952	4	13	1	54744871983067	54744872590075
1191	108	19	92	89	1789584323493372928	1789584323494132736	1789584323494132736	1789584323494133760	1789584323494134784	12956	1	22	1	54744874507545	54744874510075
1192	108	24	28	89	1789584323494134784	1789584323494144000	1789584323494144000	1789584323494294528	1789584323494295552	12957	129	29	2	54744874534878	54744874913703
1193	108	29	20	89	1789584323494295552	1789584323494627328	1789584323494627328	1789584323495132160	1789584323495133184	13086	5	36	2	54744875750999	54744877021846
1194	108	36	0	89	1789584323495133184	1789584323495316480	1789584323495316480	1789584323495317504	1789584323495318528	13091	1	44	1	54744877485816	54744877487503
1195	108	41	60	89	1789584323495318528	1789584323495495680	1789584323495495680	1789584323495719936	1789584323495720960	13092	4	52	1	54744877937366	54744878498750
1196	108	50	4	89	1789584323495720960	1789584323496501248	1789584323496501248	1789584323496502272	1789584323496503296	13096	1	63	1	54744880466568	54744880469529
1197	108	53	36	89	1789584323496503296	1789584323496506368	1789584323496506368	1789584323496511488	1789584323496512512	13097	3	66	3	54744880480097	54744880491764
1198	108	57	16	89	1789584323496512512	1789584323496685568	1789584323496685568	1789584323496927232	1789584323496928256	13100	4	73	1	54744880930785	54744881536880
1199	109	4	25	91	1789584323492782080	1789584323492948992	1789584323492948992	1789584323492950016	1789584323492951040	13104	1	3	1	54766048502402	54766048504943
1200	109	8	89	91	1789584323492951040	1789584323492952064	1789584323492952064	1789584323492956160	1789584323492957184	13105	3	7	3	54766048511025	54766048520812
1201	109	12	69	91	1789584323492958208	1789584323493129216	1789584323493129216	1789584323493359616	1789584323493361664	13108	4	13	1	54766048956570	54766049536118
1202	109	19	93	91	1789584323493361664	1789584323494132736	1789584323494132736	1789584323494133760	1789584323494134784	13112	1	22	1	54766051482798	54766051485332
1203	109	24	29	91	1789584323494134784	1789584323494142976	1789584323494144000	1789584323494295552	1789584323494296576	13113	129	29	2	54766051509882	54766051892097
1204	109	29	21	91	1789584323494296576	1789584323494627328	1789584323494627328	1789584323495136256	1789584323495137280	13242	5	36	2	54766052727248	54766054008552
1205	109	36	1	91	1789584323495137280	1789584323495316480	1789584323495316480	1789584323495317504	1789584323495318528	13247	1	44	1	54766054463339	54766054465067
1206	109	41	61	91	1789584323495318528	1789584323495495680	1789584323495495680	1789584323495734272	1789584323495735296	13248	4	52	1	54766054915040	54766055513084
1207	109	50	5	91	1789584323495735296	1789584323496501248	1789584323496501248	1789584323496502272	1789584323496503296	13252	1	63	1	54766057445739	54766057448768
1208	109	53	37	91	1789584323496503296	1789584323496506368	1789584323496506368	1789584323496511488	1789584323496512512	13253	3	66	3	54766057459338	54766057470963
1209	109	57	17	91	1789584323496512512	1789584323496685568	1789584323496685568	1789584323496915968	1789584323496918016	13256	4	73	1	54766057910220	54766058489954
1210	110	4	26	93	1789584323492782080	1789584323492948992	1789584323492948992	1789584323492950016	1789584323492951040	13260	1	3	1	54747003518810	54747003521273
1211	110	8	90	93	1789584323492951040	1789584323492952064	1789584323492952064	1789584323492956160	1789584323492957184	13261	3	7	3	54747003527228	54747003536720
1212	110	12	70	93	1789584323492957184	1789584323493129216	1789584323493129216	1789584323493374976	1789584323493376000	13264	4	13	1	54747003972933	54747004589587
1213	110	19	94	93	1789584323493376000	1789584323494132736	1789584323494132736	1789584323494133760	1789584323494134784	13268	1	22	1	54747006499138	54747006501599
1214	110	24	30	93	1789584323494134784	1789584323494144000	1789584323494144000	1789584323494293504	1789584323494295552	13269	129	29	2	54747006526532	54747006904948
1215	110	29	22	93	1789584323494295552	1789584323494627328	1789584323494627328	1789584323495129088	1789584323495130112	13398	5	36	2	54747007743517	54747009008196
1216	110	36	2	93	1789584323495130112	1789584323495316480	1789584323495316480	1789584323495317504	1789584323495318528	13403	1	44	1	54747009479653	54747009481326
1217	110	41	62	93	1789584323495318528	1789584323495495680	1789584323495495680	1789584323495735296	1789584323495736320	13404	4	52	1	54747009931420	54747010531724
1218	110	50	6	93	1789584323495736320	1789584323496501248	1789584323496501248	1789584323496502272	1789584323496503296	13408	1	63	1	54747012462533	54747012465433
1219	110	53	38	93	1789584323496503296	1789584323496506368	1789584323496506368	1789584323496511488	1789584323496512512	13409	3	66	3	54747012475822	54747012487651
1220	110	57	18	93	1789584323496512512	1789584323496685568	1789584323496685568	1789584323496921088	1789584323496922112	13412	4	73	1	54747012926920	54747013517483
1221	111	4	27	95	1789584323492782080	1789584323492948992	1789584323492948992	1789584323492950016	1789584323492951040	13416	1	3	1	54750894797479	54750894799870
1222	111	8	91	95	1789584323492951040	1789584323492952064	1789584323492952064	1789584323492956160	1789584323492957184	13417	3	7	3	54750894806268	54750894815559
1223	111	12	71	95	1789584323492957184	1789584323493129216	1789584323493129216	1789584323493360640	1789584323493361664	13420	4	13	1	54750895251673	54750895831652
1224	111	19	95	95	1789584323493361664	1789584323494132736	1789584323494132736	1789584323494133760	1789584323494134784	13424	1	22	1	54750897777640	54750897779986
1225	111	24	31	95	1789584323494134784	1789584323494144000	1789584323494144000	1789584323494296576	1789584323494297600	13425	129	29	2	54750897805170	54750898190928
1226	111	29	23	95	1789584323494297600	1789584323494627328	1789584323494627328	1789584323495138304	1789584323495139328	13554	5	36	2	54750899021689	54750900307904
1227	111	36	3	95	1789584323495139328	1789584323495316480	1789584323495316480	1789584323495317504	1789584323495318528	13559	1	44	1	54750900757777	54750900759618
1228	111	41	63	95	1789584323495318528	1789584323495495680	1789584323495495680	1789584323495740416	1789584323495741440	13560	4	52	1	54750901209670	54750901822747
1229	111	50	7	95	1789584323495741440	1789584323496501248	1789584323496501248	1789584323496502272	1789584323496503296	13564	1	63	1	54750903740062	54750903743017
1230	111	53	39	95	1789584323496503296	1789584323496506368	1789584323496506368	1789584323496511488	1789584323496512512	13565	3	66	3	54750903753401	54750903765316
1231	111	57	19	95	1789584323496512512	1789584323496685568	1789584323496685568	1789584323496923136	1789584323496924160	13568	4	73	1	54750904204524	54750904800254
1232	112	4	28	97	1789584323492782080	1789584323492948992	1789584323492948992	1789584323492950016	1789584323492951040	13572	1	3	1	54761928561244	54761928563668
1233	112	8	92	97	1789584323492951040	1789584323492952064	1789584323492952064	1789584323492956160	1789584323492957184	13573	3	7	3	54761928569538	54761928578775
1234	112	12	72	97	1789584323492957184	1789584323493129216	1789584323493129216	1789584323493364736	1789584323493366784	13576	4	13	1	54761929015325	54761929607802
1235	112	19	96	97	1789584323493366784	1789584323494132736	1789584323494132736	1789584323494133760	1789584323494134784	13580	1	22	1	54761931541748	54761931544144
1236	112	25	0	97	1789584323494134784	1789584323494299648	1789584323494299648	1789584323494312960	1789584323494313984	13581	32	31	1	54761931962437	54761931995306
1237	112	29	24	97	1789584323494313984	1789584323494627328	1789584323494627328	1789584323495138304	1789584323495139328	13613	4	36	2	54761932786098	54761934073016
1238	112	36	4	97	1789584323495139328	1789584323495316480	1789584323495316480	1789584323495317504	1789584323495318528	13617	1	44	1	54761934522254	54761934523921
1239	112	41	64	97	1789584323495318528	1789584323495495680	1789584323495495680	1789584323495728128	1789584323495729152	13618	4	52	1	54761934974066	54761935555804
1240	112	50	8	97	1789584323495729152	1789584323496501248	1789584323496501248	1789584323496502272	1789584323496503296	13622	1	63	1	54761937504923	54761937507944
1241	112	53	40	97	1789584323496503296	1789584323496506368	1789584323496506368	1789584323496511488	1789584323496512512	13623	3	66	3	54761937518329	54761937529828
1242	112	57	20	97	1789584323496512512	1789584323496685568	1789584323496685568	1789584323496922112	1789584323496923136	13626	4	73	1	54761937969472	54761938562597
1243	113	4	29	99	1789584323492782080	1789584323492948992	1789584323492948992	1789584323492950016	1789584323492951040	13630	1	3	1	54710217540653	54710217543104
1244	113	8	93	99	1789584323492951040	1789584323492952064	1789584323492952064	1789584323492956160	1789584323492957184	13631	3	7	3	54710217549523	54710217559008
1245	113	12	73	99	1789584323492957184	1789584323493129216	1789584323493129216	1789584323493365760	1789584323493366784	13634	4	13	1	54710217994590	54710218586276
1246	113	19	97	99	1789584323493366784	1789584323494132736	1789584323494132736	1789584323494133760	1789584323494134784	13638	1	22	1	54710220517668	54710220520151
1247	113	25	1	99	1789584323494134784	1789584323494299648	1789584323494299648	1789584323494312960	1789584323494313984	13639	32	31	1	54710220937861	54710220970716
1248	113	29	25	99	1789584323494313984	1789584323494627328	1789584323494627328	1789584323495136256	1789584323495137280	13671	4	36	2	54710221760232	54710223041357
1249	113	36	5	99	1789584323495138304	1789584323495316480	1789584323495316480	1789584323495317504	1789584323495318528	13675	1	44	1	54710223493963	54710223495676
1250	113	41	65	99	1789584323495318528	1789584323495495680	1789584323495495680	1789584323495744512	1789584323495745536	13676	4	52	1	54710223945402	54710224567799
1251	113	50	9	99	1789584323495745536	1789584323496501248	1789584323496501248	1789584323496502272	1789584323496503296	13680	1	63	1	54710226472586	54710226475611
1252	113	53	41	99	1789584323496503296	1789584323496506368	1789584323496506368	1789584323496511488	1789584323496512512	13681	3	66	3	54710226486270	54710226497492
1253	113	57	21	99	1789584323496512512	1789584323496685568	1789584323496685568	1789584323496924160	1789584323496926208	13684	4	73	1	54710226936642	54710227535867
1254	114	4	30	101	1789584323492782080	1789584323492948992	1789584323492948992	1789584323492950016	1789584323492951040	13688	1	3	1	54739532283751	54739532286283
1255	114	8	94	101	1789584323492951040	1789584323492952064	1789584323492952064	1789584323492956160	1789584323492957184	13689	3	7	3	54739532292338	54739532301781
1256	114	12	74	101	1789584323492957184	1789584323493129216	1789584323493129216	1789584323493362688	1789584323493363712	13692	4	13	1	54739532737813	54739533323294
1257	114	19	98	101	1789584323493363712	1789584323494132736	1789584323494132736	1789584323494133760	1789584323494134784	13696	1	22	1	54739535262257	54739535264725
1258	114	25	2	101	1789584323494134784	1789584323494299648	1789584323494299648	1789584323494312960	1789584323494313984	13697	32	31	1	54739535682550	54739535715417
1259	114	29	26	101	1789584323494313984	1789584323494627328	1789584323494627328	1789584323495135232	1789584323495136256	13729	4	36	2	54739536505580	54739537783991
1260	114	36	6	101	1789584323495136256	1789584323495316480	1789584323495316480	1789584323495317504	1789584323495318528	13733	1	44	1	54739538240443	54739538242133
1261	114	41	66	101	1789584323495318528	1789584323495495680	1789584323495495680	1789584323495738368	1789584323495739392	13734	4	52	1	54739538691964	54739539299116
1262	114	50	10	101	1789584323495739392	1789584323496501248	1789584323496501248	1789584323496502272	1789584323496503296	13738	1	63	1	54739541221019	54739541223937
1263	114	53	42	101	1789584323496503296	1789584323496506368	1789584323496506368	1789584323496511488	1789584323496512512	13739	3	66	3	54739541234792	54739541245861
1264	114	57	22	101	1789584323496512512	1789584323496685568	1789584323496685568	1789584323496922112	1789584323496924160	13742	4	73	1	54739541685248	54739542279780
1265	115	4	31	103	1789584323492782080	1789584323492948992	1789584323492948992	1789584323492950016	1789584323492951040	13746	1	3	1	54752594444819	54752594447271
1266	115	8	95	103	1789584323492951040	1789584323492952064	1789584323492952064	1789584323492956160	1789584323492957184	13747	3	7	3	54752594453440	54752594462620
1267	115	12	75	103	1789584323492957184	1789584323493129216	1789584323493129216	1789584323493368832	1789584323493369856	13750	4	13	1	54752594899100	54752595501113
1268	115	19	99	103	1789584323493369856	1789584323494132736	1789584323494132736	1789584323494133760	1789584323494134784	13754	1	22	1	54752597425115	54752597427504
1269	115	25	3	103	1789584323494134784	1789584323494299648	1789584323494299648	1789584323494312960	1789584323494313984	13755	32	31	1	54752597845747	54752597878631
1270	115	29	27	103	1789584323494313984	1789584323494627328	1789584323494627328	1789584323495135232	1789584323495136256	13787	4	36	2	54752598669480	54752599948977
1271	115	36	7	103	1789584323495136256	1789584323495316480	1789584323495316480	1789584323495317504	1789584323495318528	13791	1	44	1	54752600405288	54752600406929
1272	115	41	67	103	1789584323495318528	1789584323495495680	1789584323495495680	1789584323495719936	1789584323495721984	13792	4	52	1	54752600857059	54752601419886
1273	115	50	11	103	1789584323495721984	1789584323496501248	1789584323496501248	1789584323496502272	1789584323496503296	13796	1	63	1	54752603387741	54752603390644
1274	115	53	43	103	1789584323496503296	1789584323496506368	1789584323496506368	1789584323496511488	1789584323496512512	13797	3	66	3	54752603401594	54752603412573
1275	115	57	23	103	1789584323496512512	1789584323496685568	1789584323496685568	1789584323496924160	1789584323496925184	13800	4	73	1	54752603852242	54752604450951
1276	116	4	32	105	1789584323492782080	1789584323492948992	1789584323492948992	1789584323492950016	1789584323492951040	13804	1	3	1	54688923565528	54688923567935
1277	116	8	96	105	1789584323492951040	1789584323492952064	1789584323492952064	1789584323492956160	1789584323492957184	13805	3	7	3	54688923574463	54688923583358
1278	116	12	76	105	1789584323492957184	1789584323493129216	1789584323493129216	1789584323493360640	1789584323493361664	13808	4	13	1	54688924019662	54688924598015
1279	116	19	100	105	1789584323493361664	1789584323494132736	1789584323494132736	1789584323494133760	1789584323494134784	13812	1	22	1	54688926541570	54688926543908
1280	116	26	0	105	1789584323494134784	1789584323494315008	1789584323494315008	1789584323494546432	1789584323494547456	13813	4	32	1	54688927000479	54688927579050
1281	116	29	28	105	1789584323494547456	1789584323494627328	1789584323494627328	1789584323495141376	1789584323495142400	13817	5	36	2	54688927783700	54688929076498
1282	116	36	8	105	1789584323495142400	1789584323495316480	1789584323495316480	1789584323495317504	1789584323495318528	13822	1	44	1	54688929516835	54688929518419
1283	116	41	68	105	1789584323495318528	1789584323495495680	1789584323495495680	1789584323495739392	1789584323495740416	13823	4	52	1	54688929968317	54688930578222
1284	116	50	12	105	1789584323495740416	1789584323496501248	1789584323496501248	1789584323496502272	1789584323496503296	13827	1	63	1	54688932494876	54688932497732
1285	116	53	44	105	1789584323496503296	1789584323496506368	1789584323496506368	1789584323496510464	1789584323496512512	13828	3	66	3	54688932508317	54688932519155
1286	116	57	24	105	1789584323496512512	1789584323496685568	1789584323496685568	1789584323496918016	1789584323496919040	13831	4	73	1	54688932958742	54688933541579
1287	117	4	33	107	1789584323492782080	1789584323492948992	1789584323492948992	1789584323492950016	1789584323492951040	13835	1	3	1	54736606419593	54736606421991
1288	117	8	97	107	1789584323492951040	1789584323492952064	1789584323492952064	1789584323492956160	1789584323492957184	13836	3	7	3	54736606428264	54736606436904
1289	117	12	77	107	1789584323492957184	1789584323493129216	1789584323493129216	1789584323493364736	1789584323493365760	13839	4	13	1	54736606873798	54736607464275
1290	117	19	101	107	1789584323493365760	1789584323494132736	1789584323494132736	1789584323494133760	1789584323494134784	13843	1	22	1	54736609398654	54736609400913
1291	117	26	1	107	1789584323494134784	1789584323494315008	1789584323494315008	1789584323494555648	1789584323494556672	13844	4	32	1	54736609857862	54736610461236
1292	117	29	29	107	1789584323494556672	1789584323494627328	1789584323494627328	1789584323495139328	1789584323495140352	13848	5	36	2	54736610642102	54736611932246
1293	117	36	9	107	1789584323495140352	1789584323495316480	1789584323495316480	1789584323495317504	1789584323495318528	13853	1	44	1	54736612377286	54736612379038
1294	117	41	69	107	1789584323495318528	1789584323495495680	1789584323495495680	1789584323495732224	1789584323495733248	13854	4	52	1	54736612828789	54736613421144
1295	117	50	13	107	1789584323495733248	1789584323496501248	1789584323496501248	1789584323496502272	1789584323496503296	13858	1	63	1	54736615358232	54736615361084
1296	117	53	45	107	1789584323496503296	1789584323496506368	1789584323496506368	1789584323496510464	1789584323496511488	13859	3	66	3	54736615371911	54736615382459
1297	117	57	25	107	1789584323496512512	1789584323496685568	1789584323496685568	1789584323496925184	1789584323496926208	13862	4	73	1	54736615822561	54736616422889
1298	118	4	34	109	1789584323492782080	1789584323492948992	1789584323492948992	1789584323492950016	1789584323492951040	13866	1	3	1	54752164895181	54752164897648
1299	118	8	98	109	1789584323492951040	1789584323492952064	1789584323492953088	1789584323492956160	1789584323492957184	13867	3	7	3	54752164904114	54752164913244
1300	118	12	78	109	1789584323492957184	1789584323493129216	1789584323493129216	1789584323493368832	1789584323493370880	13870	4	13	1	54752165349454	54752165952204
1301	118	19	102	109	1789584323493370880	1789584323494132736	1789584323494132736	1789584323494133760	1789584323494134784	13874	1	22	1	54752167875299	54752167877663
1302	118	26	2	109	1789584323494134784	1789584323494315008	1789584323494315008	1789584323494549504	1789584323494550528	13875	4	32	1	54752168334573	54752168922711
1303	118	29	30	109	1789584323494550528	1789584323494627328	1789584323494627328	1789584323495137280	1789584323495138304	13879	5	36	2	54752169119352	54752170403627
1304	118	36	10	109	1789584323495138304	1789584323495316480	1789584323495316480	1789584323495317504	1789584323495318528	13884	1	44	1	54752170855069	54752170856669
1305	118	41	70	109	1789584323495318528	1789584323495495680	1789584323495495680	1789584323495733248	1789584323495734272	13885	4	52	1	54752171306641	54752171902316
1306	118	50	14	109	1789584323495734272	1789584323496501248	1789584323496501248	1789584323496502272	1789584323496503296	13889	1	63	1	54752173837058	54752173839940
1307	118	53	46	109	1789584323496503296	1789584323496506368	1789584323496506368	1789584323496510464	1789584323496512512	13890	3	66	3	54752173850580	54752173861310
1308	118	57	26	109	1789584323496512512	1789584323496685568	1789584323496685568	1789584323496919040	1789584323496920064	13893	4	73	1	54752174301481	54752174888454
1309	119	4	35	111	1789584323492782080	1789584323492948992	1789584323492948992	1789584323492950016	1789584323492951040	13897	1	3	1	54744871528894	54744871531382
1310	119	8	99	111	1789584323492951040	1789584323492953088	1789584323492953088	1789584323492956160	1789584323492957184	13898	3	7	3	54744871538222	54744871547312
1311	119	12	79	111	1789584323492957184	1789584323493129216	1789584323493129216	1789584323493370880	1789584323493371904	13901	4	13	1	54744871983074	54744872588229
1312	119	19	103	111	1789584323493371904	1789584323494132736	1789584323494132736	1789584323494133760	1789584323494134784	13905	1	22	1	54744874507513	54744874509942
1313	119	26	3	111	1789584323494134784	1789584323494315008	1789584323494315008	1789584323494550528	1789584323494551552	13906	4	32	1	54744874966641	54744875557165
1314	119	29	31	111	1789584323494551552	1789584323494627328	1789584323494627328	1789584323495131136	1789584323495132160	13910	5	36	2	54744875750962	54744877018636
1315	119	36	11	111	1789584323495132160	1789584323495316480	1789584323495316480	1789584323495317504	1789584323495318528	13915	1	44	1	54744877485820	54744877487483
1316	119	41	71	111	1789584323495318528	1789584323495495680	1789584323495495680	1789584323495738368	1789584323495739392	13916	4	52	1	54744877937256	54744878545186
1317	119	50	15	111	1789584323495739392	1789584323496501248	1789584323496501248	1789584323496502272	1789584323496503296	13920	1	63	1	54744880466543	54744880469412
1318	119	53	47	111	1789584323496503296	1789584323496506368	1789584323496506368	1789584323496510464	1789584323496512512	13921	3	66	3	54744880479825	54744880490833
1319	119	57	27	111	1789584323496512512	1789584323496685568	1789584323496685568	1789584323496914944	1789584323496915968	13924	4	73	1	54744880930763	54744881505780
1320	120	4	36	113	1789584323492782080	1789584323492948992	1789584323492948992	1789584323492950016	1789584323492951040	13928	1	3	1	54766048502184	54766048504715
1321	120	8	100	113	1789584323492951040	1789584323492953088	1789584323492953088	1789584323492956160	1789584323492957184	13929	3	7	3	54766048511327	54766048520524
1322	120	12	80	113	1789584323492957184	1789584323493129216	1789584323493129216	1789584323493373952	1789584323493374976	13932	4	13	1	54766048956372	54766049569889
1323	120	19	104	113	1789584323493374976	1789584323494132736	1789584323494132736	1789584323494133760	1789584323494134784	13936	1	22	1	54766051482832	54766051485275
1324	120	26	4	113	1789584323494134784	1789584323494315008	1789584323494315008	1789584323494552576	1789584323494553600	13937	4	32	1	54766051942241	54766052537930
1325	120	30	0	113	1789584323494553600	1789584323495144448	1789584323495144448	1789584323495156736	1789584323495158784	13941	32	38	1	54766054030074	54766054062167
1326	120	36	12	113	1789584323495158784	1789584323495316480	1789584323495316480	1789584323495317504	1789584323495318528	13973	1	44	1	54766054463290	54766054464976
1327	120	41	72	113	1789584323495318528	1789584323495495680	1789584323495495680	1789584323495737344	1789584323495738368	13974	4	52	1	54766054914982	54766055521245
1328	120	50	16	113	1789584323495738368	1789584323496501248	1789584323496501248	1789584323496502272	1789584323496503296	13978	1	63	1	54766057445703	54766057448639
1329	120	53	48	113	1789584323496503296	1789584323496506368	1789584323496506368	1789584323496511488	1789584323496512512	13979	3	66	3	54766057459408	54766057470389
1330	120	57	28	113	1789584323496512512	1789584323496685568	1789584323496685568	1789584323496924160	1789584323496925184	13982	4	73	1	54766057910133	54766058509651
1331	121	4	37	115	1789584323492782080	1789584323492948992	1789584323492948992	1789584323492950016	1789584323492951040	13986	1	3	1	54747003518601	54747003521063
1332	121	8	101	115	1789584323492951040	1789584323492952064	1789584323492952064	1789584323492956160	1789584323492957184	13987	3	7	3	54747003527475	54747003536421
1333	121	12	81	115	1789584323492957184	1789584323493129216	1789584323493129216	1789584323493361664	1789584323493363712	13990	4	13	1	54747003972796	54747004556953
1334	121	19	105	115	1789584323493363712	1789584323494132736	1789584323494132736	1789584323494133760	1789584323494134784	13994	1	22	1	54747006499131	54747006501478
1335	121	26	5	115	1789584323494134784	1789584323494315008	1789584323494315008	1789584323494554624	1789584323494555648	13995	4	32	1	54747006958595	54747007559464
1336	121	30	1	115	1789584323494555648	1789584323495144448	1789584323495144448	1789584323495156736	1789584323495157760	13999	32	38	1	54747009046373	54747009078493
1337	121	36	13	115	1789584323495158784	1789584323495316480	1789584323495316480	1789584323495317504	1789584323495318528	14031	1	44	1	54747009479640	54747009481501
1338	121	41	73	115	1789584323495318528	1789584323495495680	1789584323495495680	1789584323495748608	1789584323495749632	14032	4	52	1	54747009931316	54747010565620
1339	121	50	17	115	1789584323495749632	1789584323496501248	1789584323496501248	1789584323496502272	1789584323496503296	14036	1	63	1	54747012462390	54747012465373
1340	121	53	49	115	1789584323496503296	1789584323496506368	1789584323496506368	1789584323496511488	1789584323496512512	14037	3	66	3	54747012475894	54747012487108
1341	121	57	29	115	1789584323496512512	1789584323496685568	1789584323496685568	1789584323496926208	1789584323496927232	14040	4	73	1	54747012926808	54747013532360
1342	122	4	38	117	1789584323492782080	1789584323492948992	1789584323492948992	1789584323492950016	1789584323492951040	14044	1	3	1	54750894797334	54750894799767
1343	122	8	102	117	1789584323492951040	1789584323492952064	1789584323492952064	1789584323492956160	1789584323492957184	14045	3	7	3	54750894806137	54750894814776
1344	122	12	82	117	1789584323492957184	1789584323493129216	1789584323493129216	1789584323493373952	1789584323493374976	14048	4	13	1	54750895251599	54750895865828
1345	122	19	106	117	1789584323493374976	1789584323494132736	1789584323494132736	1789584323494133760	1789584323494134784	14052	1	22	1	54750897777626	54750897779876
1346	122	26	6	117	1789584323494134784	1789584323494315008	1789584323494315008	1789584323494545408	1789584323494546432	14053	4	32	1	54750898237068	54750898814696
1347	122	30	2	117	1789584323494546432	1789584323495144448	1789584323495144448	1789584323495156736	1789584323495158784	14057	32	38	1	54750900324531	54750900356675
1348	122	36	14	117	1789584323495158784	1789584323495316480	1789584323495316480	1789584323495317504	1789584323495318528	14089	1	44	1	54750900757743	54750900759531
1349	122	41	74	117	1789584323495318528	1789584323495495680	1789584323495495680	1789584323495732224	1789584323495733248	14090	4	52	1	54750901209361	54750901802307
1350	122	50	18	117	1789584323495733248	1789584323496501248	1789584323496501248	1789584323496502272	1789584323496503296	14094	1	63	1	54750903740038	54750903742963
1351	122	53	50	117	1789584323496503296	1789584323496506368	1789584323496506368	1789584323496511488	1789584323496512512	14095	3	66	3	54750903753500	54750903764714
1352	122	57	30	117	1789584323496512512	1789584323496685568	1789584323496685568	1789584323496916992	1789584323496918016	14098	4	73	1	54750904204493	54750904785107
1353	123	4	39	119	1789584323492782080	1789584323492948992	1789584323492948992	1789584323492950016	1789584323492951040	14102	1	3	1	54761928561017	54761928563467
1354	123	8	103	119	1789584323492951040	1789584323492952064	1789584323492952064	1789584323492956160	1789584323492957184	14103	3	7	3	54761928569933	54761928578844
1355	123	12	83	119	1789584323492957184	1789584323493129216	1789584323493129216	1789584323493364736	1789584323493365760	14106	4	13	1	54761929015242	54761929607658
1356	123	19	107	119	1789584323493366784	1789584323494132736	1789584323494132736	1789584323494133760	1789584323494134784	14110	1	22	1	54761931541731	54761931544089
1357	123	26	7	119	1789584323494134784	1789584323494315008	1789584323494315008	1789584323494551552	1789584323494552576	14111	4	32	1	54761932001215	54761932594897
1358	123	30	3	119	1789584323494552576	1789584323495144448	1789584323495144448	1789584323495156736	1789584323495158784	14115	32	38	1	54761934088990	54761934121107
1359	123	36	15	119	1789584323495158784	1789584323495316480	1789584323495316480	1789584323495317504	1789584323495318528	14147	1	44	1	54761934522222	54761934523857
1360	123	41	75	119	1789584323495318528	1789584323495495680	1789584323495495680	1789584323495743488	1789584323495744512	14148	4	52	1	54761934973892	54761935595460
1361	123	50	19	119	1789584323495744512	1789584323496501248	1789584323496501248	1789584323496502272	1789584323496503296	14152	1	63	1	54761937505024	54761937507882
1362	123	53	51	119	1789584323496503296	1789584323496506368	1789584323496506368	1789584323496511488	1789584323496512512	14153	3	66	3	54761937518434	54761937529597
1363	123	57	31	119	1789584323496512512	1789584323496685568	1789584323496685568	1789584323496919040	1789584323496920064	14156	4	73	1	54761937969389	54761938554745
1364	124	4	40	121	1789584323492782080	1789584323492948992	1789584323492948992	1789584323492950016	1789584323492951040	14160	1	3	1	54710217540604	54710217543118
1365	124	8	104	121	1789584323492951040	1789584323492952064	1789584323492953088	1789584323492956160	1789584323492957184	14161	3	7	3	54710217549657	54710217558819
1366	124	12	84	121	1789584323492957184	1789584323493129216	1789584323493129216	1789584323493359616	1789584323493361664	14164	4	13	1	54710217994493	54710218572468
1367	124	19	108	121	1789584323493361664	1789584323494132736	1789584323494132736	1789584323494133760	1789584323494134784	14168	1	22	1	54710220517683	54710220520102
1368	124	26	8	121	1789584323494134784	1789584323494315008	1789584323494315008	1789584323494553600	1789584323494554624	14169	4	32	1	54710220976659	54710221573331
1369	124	32	0	121	1789584323494554624	1789584323495158784	1789584323495158784	1789584323495309312	1789584323495310336	14173	4	40	1	54710223097345	54710223476400
1370	124	36	16	121	1789584323495310336	1789584323495316480	1789584323495316480	1789584323495316480	1789584323495317504	14177	1	44	1	54710223493309	54710223494793
1371	124	41	76	121	1789584323495317504	1789584323495495680	1789584323495495680	1789584323495724032	1789584323495726080	14178	4	52	1	54710223945143	54710224517339
1372	124	50	20	121	1789584323495726080	1789584323496501248	1789584323496501248	1789584323496502272	1789584323496503296	14182	1	63	1	54710226472688	54710226475574
1373	124	53	52	121	1789584323496503296	1789584323496506368	1789584323496506368	1789584323496511488	1789584323496512512	14183	3	66	3	54710226486208	54710226497912
1374	124	57	32	121	1789584323496512512	1789584323496685568	1789584323496685568	1789584323496916992	1789584323496918016	14186	4	73	1	54710226936560	54710227516462
1375	125	4	41	123	1789584323492782080	1789584323492948992	1789584323492948992	1789584323492950016	1789584323492951040	14190	1	3	1	54739532283711	54739532286210
1376	125	8	105	123	1789584323492951040	1789584323492953088	1789584323492953088	1789584323492956160	1789584323492957184	14191	3	7	3	54739532292857	54739532301979
1377	125	12	85	123	1789584323492957184	1789584323493129216	1789584323493129216	1789584323493363712	1789584323493364736	14194	4	13	1	54739532737657	54739533326509
1378	125	19	109	123	1789584323493365760	1789584323494132736	1789584323494132736	1789584323494133760	1789584323494134784	14198	1	22	1	54739535262116	54739535264537
1379	125	26	9	123	1789584323494134784	1789584323494315008	1789584323494315008	1789584323494551552	1789584323494552576	14199	4	32	1	54739535721319	54739536313541
1380	125	32	1	123	1789584323494552576	1789584323495158784	1789584323495158784	1789584323495308288	1789584323495309312	14203	4	40	1	54739537843627	54739538220697
1381	125	36	17	123	1789584323495310336	1789584323495316480	1789584323495316480	1789584323495316480	1789584323495317504	14207	1	44	1	54739538239857	54739538241294
1382	125	41	77	123	1789584323495317504	1789584323495495680	1789584323495495680	1789584323495740416	1789584323495741440	14208	4	52	1	54739538691857	54739539303924
1383	125	50	21	123	1789584323495741440	1789584323496501248	1789584323496501248	1789584323496502272	1789584323496503296	14212	1	63	1	54739541221151	54739541224003
1384	125	53	53	123	1789584323496503296	1789584323496506368	1789584323496506368	1789584323496511488	1789584323496512512	14213	3	66	3	54739541234851	54739541246395
1385	125	57	33	123	1789584323496512512	1789584323496685568	1789584323496685568	1789584323496926208	1789584323496927232	14216	4	73	1	54739541685164	54739542289351
1386	126	4	42	125	1789584323492782080	1789584323492948992	1789584323492948992	1789584323492950016	1789584323492951040	14220	1	3	1	54752594444765	54752594447185
1387	126	8	106	125	1789584323492951040	1789584323492952064	1789584323492952064	1789584323492956160	1789584323492957184	14221	3	7	3	54752594453487	54752594462480
1388	126	12	86	125	1789584323492957184	1789584323493129216	1789584323493129216	1789584323493373952	1789584323493374976	14224	4	13	1	54752594898944	54752595513595
1389	126	19	110	125	1789584323493374976	1789584323494132736	1789584323494132736	1789584323494133760	1789584323494134784	14228	1	22	1	54752597425134	54752597427500
1390	126	26	10	125	1789584323494134784	1789584323494315008	1789584323494315008	1789584323494551552	1789584323494552576	14229	4	32	1	54752597884498	54752598477574
1391	126	32	2	125	1789584323494552576	1789584323495158784	1789584323495158784	1789584323495309312	1789584323495310336	14233	4	40	1	54752600008292	54752600387555
1392	126	36	18	125	1789584323495310336	1789584323495315456	1789584323495316480	1789584323495316480	1789584323495317504	14237	1	44	1	54752600404077	54752600405836
1393	126	41	78	125	1789584323495317504	1789584323495495680	1789584323495495680	1789584323495728128	1789584323495730176	14238	4	52	1	54752600856898	54752601440781
1394	126	50	22	125	1789584323495730176	1789584323496501248	1789584323496501248	1789584323496502272	1789584323496503296	14242	1	63	1	54752603387736	54752603390569
1395	126	53	54	125	1789584323496503296	1789584323496506368	1789584323496506368	1789584323496511488	1789584323496512512	14243	3	66	3	54752603401312	54752603413073
1396	126	57	34	125	1789584323496512512	1789584323496685568	1789584323496685568	1789584323496924160	1789584323496926208	14246	4	73	1	54752603852151	54752604452285
1397	127	4	43	127	1789584323492782080	1789584323492948992	1789584323492948992	1789584323492950016	1789584323492951040	14250	1	3	1	54688923565480	54688923567879
1398	127	8	107	127	1789584323492951040	1789584323492952064	1789584323492952064	1789584323492956160	1789584323492957184	14251	3	7	3	54688923574165	54688923582833
1399	127	12	87	127	1789584323492957184	1789584323493129216	1789584323493129216	1789584323493355520	1789584323493356544	14254	4	13	1	54688924019170	54688924586348
1400	127	19	111	127	1789584323493356544	1789584323494132736	1789584323494132736	1789584323494133760	1789584323494134784	14258	1	22	1	54688926541494	54688926543772
1401	127	26	11	127	1789584323494134784	1789584323494315008	1789584323494315008	1789584323494552576	1789584323494554624	14259	4	32	1	54688927000432	54688927596619
1402	127	32	3	127	1789584323494554624	1789584323495158784	1789584323495158784	1789584323495311360	1789584323495312384	14263	4	40	1	54688929120390	54688929503734
1403	127	36	19	127	1789584323495312384	1789584323495315456	1789584323495315456	1789584323495316480	1789584323495317504	14267	1	44	1	54688929515472	54688929517396
1404	127	41	79	127	1789584323495317504	1789584323495495680	1789584323495495680	1789584323495735296	1789584323495736320	14268	4	52	1	54688929968067	54688930567968
1405	127	50	23	127	1789584323495736320	1789584323496501248	1789584323496501248	1789584323496502272	1789584323496503296	14272	1	63	1	54688932495020	54688932497764
1406	127	53	55	127	1789584323496503296	1789584323496506368	1789584323496506368	1789584323496511488	1789584323496512512	14273	3	66	3	54688932508259	54688932520214
1407	127	57	35	127	1789584323496512512	1789584323496685568	1789584323496685568	1789584323496920064	1789584323496921088	14276	4	73	1	54688932958701	54688933545403
1408	128	4	44	0	1789584323492782080	1789584323492948992	1789584323492948992	1789584323492950016	1789584323492951040	14280	1	3	1	54744871529028	54744871531797
1409	128	8	108	0	1789584323492952064	1789584323492953088	1789584323492953088	1789584323492956160	1789584323492958208	14281	3	7	3	54744871538571	54744871548008
1410	128	12	88	0	1789584323492958208	1789584323493129216	1789584323493129216	1789584323493403648	1789584323493404672	14284	4	13	1	54744871983251	54744872671417
1411	128	19	112	0	1789584323493404672	1789584323494132736	1789584323494132736	1789584323494133760	1789584323494134784	14288	1	22	1	54744874507870	54744874510455
1412	128	26	12	0	1789584323494134784	1789584323494315008	1789584323494315008	1789584323494586368	1789584323494587392	14289	4	32	1	54744874967026	54744875646932
1413	128	32	4	0	1789584323494587392	1789584323495158784	1789584323495158784	1789584323495306240	1789584323495307264	14293	4	40	1	54744877089198	54744877459362
1414	128	36	20	0	1789584323495307264	1789584323495316480	1789584323495316480	1789584323495317504	1789584323495317504	14297	1	44	1	54744877484952	54744877487093
1415	128	41	80	0	1789584323495318528	1789584323495495680	1789584323495495680	1789584323495769088	1789584323495770112	14298	4	52	1	54744877937649	54744878621899
1416	128	50	24	0	1789584323495770112	1789584323496501248	1789584323496501248	1789584323496502272	1789584323496503296	14302	1	63	1	54744880466801	54744880469693
1417	128	53	56	0	1789584323496504320	1789584323496506368	1789584323496506368	1789584323496511488	1789584323496512512	14303	3	66	3	54744880480260	54744880491641
1418	128	57	36	0	1789584323496512512	1789584323496684544	1789584323496684544	1789584323496954880	1789584323496956928	14306	4	73	1	54744880928808	54744881607913
1419	129	4	45	2	1789584323492782080	1789584323492948992	1789584323492948992	1789584323492950016	1789584323492951040	14310	1	3	1	54766048502361	54766048505079
1420	129	8	109	2	1789584323492952064	1789584323492953088	1789584323492953088	1789584323492957184	1789584323492958208	14311	3	7	3	54766048512136	54766048521464
1421	129	12	89	2	1789584323492958208	1789584323493129216	1789584323493129216	1789584323493397504	1789584323493398528	14314	4	13	1	54766048956772	54766049631284
1422	129	19	113	2	1789584323493399552	1789584323494132736	1789584323494132736	1789584323494133760	1789584323494134784	14318	1	22	1	54766051483135	54766051485727
1423	129	26	13	2	1789584323494134784	1789584323494315008	1789584323494315008	1789584323494587392	1789584323494588416	14319	4	32	1	54766051942614	54766052626965
1424	129	32	5	2	1789584323494588416	1789584323495158784	1789584323495158784	1789584323495306240	1789584323495307264	14323	4	40	1	54766054066384	54766054436859
1425	129	36	21	2	1789584323495307264	1789584323495316480	1789584323495316480	1789584323495317504	1789584323495317504	14327	1	44	1	54766054462663	54766054464613
1426	129	41	81	2	1789584323495318528	1789584323495495680	1789584323495495680	1789584323495766016	1789584323495767040	14328	4	52	1	54766054915311	54766055593944
1427	129	50	25	2	1789584323495768064	1789584323496501248	1789584323496501248	1789584323496502272	1789584323496503296	14332	1	63	1	54766057445945	54766057448893
1428	129	53	57	2	1789584323496504320	1789584323496506368	1789584323496506368	1789584323496511488	1789584323496512512	14333	3	66	3	54766057459342	54766057470805
1429	129	57	37	2	1789584323496512512	1789584323496685568	1789584323496685568	1789584323496957952	1789584323496958976	14336	4	73	1	54766057910305	54766058595629
1430	130	4	46	4	1789584323492782080	1789584323492948992	1789584323492948992	1789584323492950016	1789584323492951040	14340	1	3	1	54747003518726	54747003521311
1431	130	8	110	4	1789584323492952064	1789584323492953088	1789584323492953088	1789584323492956160	1789584323492957184	14341	3	7	3	54747003528121	54747003537314
1432	130	12	90	4	1789584323492957184	1789584323493129216	1789584323493129216	1789584323493401600	1789584323493403648	14344	4	13	1	54747003973169	54747004658369
1433	130	19	114	4	1789584323493403648	1789584323494132736	1789584323494132736	1789584323494133760	1789584323494134784	14348	1	22	1	54747006499473	54747006501974
1434	130	26	14	4	1789584323494134784	1789584323494315008	1789584323494315008	1789584323494587392	1789584323494588416	14349	4	32	1	54747006959203	54747007643087
1435	130	32	6	4	1789584323494588416	1789584323495158784	1789584323495158784	1789584323495308288	1789584323495309312	14353	4	40	1	54747009082677	54747009459820
1436	130	36	22	4	1789584323495309312	1789584323495316480	1789584323495316480	1789584323495316480	1789584323495317504	14357	1	44	1	54747009478713	54747009480743
1437	130	41	82	4	1789584323495317504	1789584323495495680	1789584323495495680	1789584323495767040	1789584323495768064	14358	4	52	1	54747009931693	54747010613129
1438	130	50	26	4	1789584323495768064	1789584323496501248	1789584323496501248	1789584323496502272	1789584323496503296	14362	1	63	1	54747012462466	54747012465514
1439	130	53	58	4	1789584323496503296	1789584323496506368	1789584323496506368	1789584323496511488	1789584323496512512	14363	3	66	3	54747012476117	54747012487479
1440	130	57	38	4	1789584323496512512	1789584323496685568	1789584323496685568	1789584323496949760	1789584323496951808	14366	4	73	1	54747012927079	54747013591644
1441	131	4	47	6	1789584323492782080	1789584323492948992	1789584323492948992	1789584323492950016	1789584323492951040	14370	1	3	1	54750894797446	54750894799926
1442	131	8	111	6	1789584323492951040	1789584323492952064	1789584323492953088	1789584323492956160	1789584323492957184	14371	3	7	3	54750894806549	54750894815605
1443	131	12	91	6	1789584323492957184	1789584323493129216	1789584323493129216	1789584323493400576	1789584323493401600	14374	4	13	1	54750895251902	54750895934241
1444	131	19	115	6	1789584323493402624	1789584323494132736	1789584323494132736	1789584323494133760	1789584323494134784	14378	1	22	1	54750897777839	54750897780370
1445	131	26	15	6	1789584323494134784	1789584323494315008	1789584323494315008	1789584323494584320	1789584323494585344	14379	4	32	1	54750898237645	54750898913976
1446	131	32	7	6	1789584323494586368	1789584323495158784	1789584323495158784	1789584323495310336	1789584323495311360	14383	4	40	1	54750900360794	54750900741480
1447	131	36	23	6	1789584323495311360	1789584323495315456	1789584323495316480	1789584323495316480	1789584323495317504	14387	1	44	1	54750900756631	54750900758384
1448	131	41	83	6	1789584323495317504	1789584323495495680	1789584323495495680	1789584323495769088	1789584323495770112	14388	4	52	1	54750901209748	54750901895681
1449	131	50	27	6	1789584323495770112	1789584323496501248	1789584323496501248	1789584323496502272	1789584323496503296	14392	1	63	1	54750903740118	54750903743139
1450	131	53	59	6	1789584323496503296	1789584323496506368	1789584323496506368	1789584323496511488	1789584323496512512	14393	3	66	3	54750903753423	54750903765116
1451	131	57	39	6	1789584323496512512	1789584323496685568	1789584323496685568	1789584323496963072	1789584323496964096	14396	4	73	1	54750904204702	54750904901445
1452	132	4	48	8	1789584323492782080	1789584323492948992	1789584323492948992	1789584323492950016	1789584323492951040	14400	1	3	1	54761928561124	54761928563734
1453	132	8	112	8	1789584323492951040	1789584323492952064	1789584323492953088	1789584323492956160	1789584323492957184	14401	3	7	3	54761928570185	54761928579431
1454	132	12	92	8	1789584323492957184	1789584323493129216	1789584323493129216	1789584323493405696	1789584323493406720	14404	4	13	1	54761929015612	54761929708845
1455	132	19	116	8	1789584323493406720	1789584323494132736	1789584323494132736	1789584323494133760	1789584323494134784	14408	1	22	1	54761931542004	54761931544566
1456	132	26	16	8	1789584323494134784	1789584323494315008	1789584323494315008	1789584323494589440	1789584323494590464	14409	4	32	1	54761932001544	54761932689696
1457	132	31	0	8	1789584323494590464	1789584323495158784	1789584323495158784	1789584323495309312	1789584323495310336	14413	4	39	1	54761934125306	54761934503367
1458	132	36	24	8	1789584323495310336	1789584323495316480	1789584323495316480	1789584323495316480	1789584323495317504	14417	1	44	1	54761934521322	54761934522993
1459	132	41	84	8	1789584323495317504	1789584323495495680	1789584323495495680	1789584323495767040	1789584323495768064	14418	4	52	1	54761934974265	54761935655673
1460	132	50	28	8	1789584323495768064	1789584323496501248	1789584323496501248	1789584323496502272	1789584323496503296	14422	1	63	1	54761937505117	54761937508058
1461	132	53	60	8	1789584323496503296	1789584323496506368	1789584323496506368	1789584323496511488	1789584323496512512	14423	3	66	3	54761937518300	54761937530179
1462	132	57	40	8	1789584323496512512	1789584323496685568	1789584323496685568	1789584323496954880	1789584323496955904	14426	4	73	1	54761937969740	54761938645446
1463	133	4	49	10	1789584323492782080	1789584323492948992	1789584323492948992	1789584323492950016	1789584323492951040	14430	1	3	1	54710217540709	54710217543411
1464	133	8	113	10	1789584323492951040	1789584323492953088	1789584323492953088	1789584323492956160	1789584323492958208	14431	3	7	3	54710217550037	54710217559376
1465	133	12	93	10	1789584323492958208	1789584323493129216	1789584323493129216	1789584323493403648	1789584323493405696	14434	4	13	1	54710217994855	54710218683839
1466	133	19	117	10	1789584323493405696	1789584323494132736	1789584323494132736	1789584323494133760	1789584323494134784	14438	1	22	1	54710220518104	54710220520662
1467	133	26	17	10	1789584323494134784	1789584323494315008	1789584323494315008	1789584323494588416	1789584323494589440	14439	4	32	1	54710220976987	54710221662551
1468	133	31	1	10	1789584323494589440	1789584323495158784	1789584323495158784	1789584323495309312	1789584323495310336	14443	4	39	1	54710223097470	54710223474491
1469	133	36	25	10	1789584323495310336	1789584323495316480	1789584323495316480	1789584323495317504	1789584323495318528	14447	1	44	1	54710223493454	54710223495198
1470	133	41	85	10	1789584323495318528	1789584323495495680	1789584323495495680	1789584323495771136	1789584323495772160	14448	4	52	1	54710223945665	54710224635256
1471	133	50	29	10	1789584323495772160	1789584323496501248	1789584323496501248	1789584323496502272	1789584323496503296	14452	1	63	1	54710226472628	54710226475716
1472	133	53	61	10	1789584323496503296	1789584323496506368	1789584323496506368	1789584323496511488	1789584323496512512	14453	3	66	3	54710226486212	54710226497838
1473	133	57	41	10	1789584323496512512	1789584323496685568	1789584323496685568	1789584323496953856	1789584323496955904	14456	4	73	1	54710226936921	54710227610432
1474	134	4	50	12	1789584323492782080	1789584323492948992	1789584323492948992	1789584323492950016	1789584323492951040	14460	1	3	1	54739532283814	54739532286543
1475	134	8	114	12	1789584323492951040	1789584323492953088	1789584323492953088	1789584323492956160	1789584323492958208	14461	3	7	3	54739532292857	54739532302461
1476	134	12	94	12	1789584323492958208	1789584323493129216	1789584323493129216	1789584323493398528	1789584323493399552	14464	4	13	1	54739532738073	54739533413231
1477	134	19	118	12	1789584323493399552	1789584323494132736	1789584323494132736	1789584323494133760	1789584323494134784	14468	1	22	1	54739535262434	54739535265015
1478	134	26	18	12	1789584323494134784	1789584323494315008	1789584323494315008	1789584323494585344	1789584323494586368	14469	4	32	1	54739535721687	54739536398332
1479	134	31	2	12	1789584323494586368	1789584323495158784	1789584323495158784	1789584323495306240	1789584323495307264	14473	4	39	1	54739537843756	54739538215154
1480	134	36	26	12	1789584323495307264	1789584323495316480	1789584323495316480	1789584323495316480	1789584323495317504	14477	1	44	1	54739538239586	54739538241415
1481	134	41	86	12	1789584323495317504	1789584323495495680	1789584323495495680	1789584323495773184	1789584323495775232	14478	4	52	1	54739538692375	54739539388631
1482	134	50	30	12	1789584323495775232	1789584323496501248	1789584323496501248	1789584323496502272	1789584323496503296	14482	1	63	1	54739541221099	54739541224132
1483	134	53	62	12	1789584323496504320	1789584323496506368	1789584323496506368	1789584323496511488	1789584323496512512	14483	3	66	3	54739541234754	54739541246265
1484	134	57	42	12	1789584323496512512	1789584323496684544	1789584323496684544	1789584323496956928	1789584323496957952	14486	4	73	1	54739541683260	54739542365293
1485	135	4	51	14	1789584323492782080	1789584323492948992	1789584323492948992	1789584323492950016	1789584323492951040	14490	1	3	1	54752594444873	54752594447538
1486	135	8	115	14	1789584323492951040	1789584323492953088	1789584323492953088	1789584323492956160	1789584323492957184	14491	3	7	3	54752594454060	54752594463391
1487	135	12	95	14	1789584323492958208	1789584323493129216	1789584323493129216	1789584323493402624	1789584323493403648	14494	4	13	1	54752594899320	54752595585903
1488	135	19	119	14	1789584323493403648	1789584323494132736	1789584323494132736	1789584323494133760	1789584323494134784	14498	1	22	1	54752597425591	54752597428104
1489	135	26	19	14	1789584323494134784	1789584323494315008	1789584323494315008	1789584323494585344	1789584323494586368	14499	4	32	1	54752597884932	54752598563040
1490	135	31	3	14	1789584323494586368	1789584323495158784	1789584323495158784	1789584323495308288	1789584323495309312	14503	4	39	1	54752600008434	54752600383401
1491	135	36	27	14	1789584323495309312	1789584323495316480	1789584323495316480	1789584323495316480	1789584323495317504	14507	1	44	1	54752600404416	54752600406174
1492	135	41	87	14	1789584323495317504	1789584323495495680	1789584323495495680	1789584323495766016	1789584323495767040	14508	4	52	1	54752600857316	54752601535791
1493	135	50	31	14	1789584323495767040	1789584323496501248	1789584323496501248	1789584323496502272	1789584323496503296	14512	1	63	1	54752603387786	54752603390819
1494	135	53	63	14	1789584323496503296	1789584323496506368	1789584323496506368	1789584323496511488	1789584323496512512	14513	3	66	3	54752603401627	54752603412954
1495	135	57	43	14	1789584323496512512	1789584323496685568	1789584323496685568	1789584323496956928	1789584323496957952	14516	4	73	1	54752603852520	54752604534544
1496	136	4	52	16	1789584323492782080	1789584323492948992	1789584323492948992	1789584323492950016	1789584323492951040	14520	1	3	1	54688923565573	54688923568113
1497	136	8	116	16	1789584323492951040	1789584323492952064	1789584323492953088	1789584323492956160	1789584323492957184	14521	3	7	3	54688923574534	54688923583971
1498	136	12	96	16	1789584323492957184	1789584323493129216	1789584323493129216	1789584323493404672	1789584323493405696	14524	4	13	1	54688924019655	54688924710423
1499	136	19	120	16	1789584323493405696	1789584323494132736	1789584323494132736	1789584323494133760	1789584323494134784	14528	1	22	1	54688926541817	54688926544275
1500	136	26	20	16	1789584323494134784	1789584323494315008	1789584323494315008	1789584323494588416	1789584323494589440	14529	4	32	1	54688927000736	54688927685329
1501	136	31	4	16	1789584323494589440	1789584323495158784	1789584323495158784	1789584323495308288	1789584323495309312	14533	4	39	1	54688929120530	54688929496929
1502	136	36	28	16	1789584323495309312	1789584323495316480	1789584323495316480	1789584323495316480	1789584323495317504	14537	1	44	1	54688929515909	54688929517634
1503	136	41	88	16	1789584323495317504	1789584323495495680	1789584323495495680	1789584323495773184	1789584323495774208	14538	4	52	1	54688929968489	54688930662252
1504	136	49	0	16	1789584323495774208	1789584323496501248	1789584323496501248	1789584323496502272	1789584323496503296	14542	1	62	1	54688932495205	54688932497917
1505	136	53	64	16	1789584323496503296	1789584323496506368	1789584323496506368	1789584323496511488	1789584323496512512	14543	3	66	3	54688932508592	54688932519784
1506	136	57	44	16	1789584323496512512	1789584323496685568	1789584323496685568	1789584323496960000	1789584323496961024	14546	4	73	1	54688932959054	54688933646801
1507	137	4	53	18	1789584323492782080	1789584323492948992	1789584323492948992	1789584323492950016	1789584323492951040	14550	1	3	1	54736606419649	54736606422179
1508	137	8	117	18	1789584323492951040	1789584323492952064	1789584323492953088	1789584323492956160	1789584323492957184	14551	3	7	3	54736606428673	54736606437924
1509	137	12	97	18	1789584323492957184	1789584323493129216	1789584323493129216	1789584323493396480	1789584323493397504	14554	4	13	1	54736606873898	54736607544663
1510	137	19	121	18	1789584323493397504	1789584323494132736	1789584323494132736	1789584323494133760	1789584323494134784	14558	1	22	1	54736609398820	54736609401194
1511	137	26	21	18	1789584323494134784	1789584323494315008	1789584323494315008	1789584323494586368	1789584323494587392	14559	4	32	1	54736609858068	54736610538152
1512	137	31	5	18	1789584323494587392	1789584323495158784	1789584323495158784	1789584323495308288	1789584323495309312	14563	4	39	1	54736611980538	54736612356829
1513	137	36	29	18	1789584323495309312	1789584323495315456	1789584323495315456	1789584323495316480	1789584323495317504	14567	1	44	1	54736612375859	54736612377917
1514	137	41	89	18	1789584323495317504	1789584323495495680	1789584323495495680	1789584323495766016	1789584323495767040	14568	4	52	1	54736612829059	54736613506472
1515	137	49	1	18	1789584323495767040	1789584323496501248	1789584323496501248	1789584323496502272	1789584323496503296	14572	1	62	1	54736615358536	54736615361254
1516	137	53	65	18	1789584323496503296	1789584323496506368	1789584323496506368	1789584323496511488	1789584323496512512	14573	3	66	3	54736615372012	54736615383132
1517	137	57	45	18	1789584323496512512	1789584323496685568	1789584323496685568	1789584323496954880	1789584323496955904	14576	4	73	1	54736615822725	54736616498412
1518	138	4	54	20	1789584323492782080	1789584323492948992	1789584323492948992	1789584323492950016	1789584323492951040	14580	1	3	1	54752164895240	54752164897800
1519	138	8	118	20	1789584323492951040	1789584323492952064	1789584323492953088	1789584323492956160	1789584323492957184	14581	3	7	3	54752164904262	54752164913653
1520	138	12	98	20	1789584323492957184	1789584323493129216	1789584323493129216	1789584323493399552	1789584323493401600	14584	4	13	1	54752165349465	54752166029454
1521	138	19	122	20	1789584323493401600	1789584323494132736	1789584323494132736	1789584323494133760	1789584323494134784	14588	1	22	1	54752167875652	54752167878112
1522	138	26	22	20	1789584323494134784	1789584323494315008	1789584323494315008	1789584323494585344	1789584323494586368	14589	4	32	1	54752168334881	54752169013284
1523	138	31	6	20	1789584323494586368	1789584323495158784	1789584323495158784	1789584323495308288	1789584323495309312	14593	4	39	1	54752170458170	54752170834894
1524	138	36	30	20	1789584323495309312	1789584323495315456	1789584323495316480	1789584323495316480	1789584323495317504	14597	1	44	1	54752170853832	54752170855764
1525	138	41	90	20	1789584323495317504	1789584323495495680	1789584323495495680	1789584323495764992	1789584323495766016	14598	4	52	1	54752171306886	54752171982994
1526	138	49	2	20	1789584323495766016	1789584323496501248	1789584323496501248	1789584323496502272	1789584323496503296	14602	1	62	1	54752173837425	54752173840110
1527	138	53	66	20	1789584323496503296	1789584323496506368	1789584323496506368	1789584323496511488	1789584323496512512	14603	3	66	3	54752173850654	54752173861993
1528	138	57	46	20	1789584323496512512	1789584323496685568	1789584323496685568	1789584323496957952	1789584323496958976	14606	4	73	1	54752174301719	54752174985476
1529	139	4	55	22	1789584323492782080	1789584323492948992	1789584323492948992	1789584323492950016	1789584323492951040	14610	1	3	1	54744871528977	54744871531644
1530	139	8	119	22	1789584323492951040	1789584323492953088	1789584323492953088	1789584323492956160	1789584323492957184	14611	3	7	3	54744871538175	54744871547507
1531	139	12	99	22	1789584323492957184	1789584323493129216	1789584323493129216	1789584323493400576	1789584323493401600	14614	4	13	1	54744871983472	54744872663084
1532	139	19	123	22	1789584323493401600	1789584323494132736	1789584323494132736	1789584323494133760	1789584323494134784	14618	1	22	1	54744874507758	54744874510283
1533	139	26	23	22	1789584323494134784	1789584323494315008	1789584323494315008	1789584323494588416	1789584323494589440	14619	4	32	1	54744874967038	54744875653280
1534	139	31	7	22	1789584323494589440	1789584323495158784	1789584323495158784	1789584323495306240	1789584323495307264	14623	4	39	1	54744877089129	54744877459890
1535	139	36	31	22	1789584323495307264	1789584323495316480	1789584323495316480	1789584323495316480	1789584323495317504	14627	1	44	1	54744877485032	54744877486767
1536	139	41	91	22	1789584323495317504	1789584323495495680	1789584323495495680	1789584323495772160	1789584323495773184	14628	4	52	1	54744877937681	54744878630491
1537	139	49	3	22	1789584323495773184	1789584323496501248	1789584323496501248	1789584323496502272	1789584323496503296	14632	1	62	1	54744880466922	54744880469629
1538	139	53	67	22	1789584323496503296	1789584323496506368	1789584323496506368	1789584323496511488	1789584323496512512	14633	3	66	3	54744880479993	54744880491448
1539	139	57	47	22	1789584323496512512	1789584323496685568	1789584323496685568	1789584323496953856	1789584323496954880	14636	4	73	1	54744880931031	54744881603608
1540	140	4	56	24	1789584323492782080	1789584323492948992	1789584323492948992	1789584323492950016	1789584323492951040	14640	1	3	1	54766048502272	54766048504871
1541	140	8	120	24	1789584323492951040	1789584323492952064	1789584323492953088	1789584323492956160	1789584323492957184	14641	3	7	3	54766048511164	54766048520683
1542	140	12	100	24	1789584323492957184	1789584323493129216	1789584323493129216	1789584323493398528	1789584323493399552	14644	4	13	1	54766048956977	54766049632843
1543	140	19	124	24	1789584323493399552	1789584323494132736	1789584323494132736	1789584323494133760	1789584323494134784	14648	1	22	1	54766051483032	54766051485551
1544	140	26	24	24	1789584323494134784	1789584323494315008	1789584323494315008	1789584323494588416	1789584323494589440	14649	4	32	1	54766051942324	54766052629368
1545	140	31	8	24	1789584323494589440	1789584323495158784	1789584323495158784	1789584323495308288	1789584323495309312	14653	4	39	1	54766054066312	54766054443463
1546	140	38	0	24	1789584323495310336	1789584323495318528	1789584323495318528	1789584323495323648	1789584323495324672	14657	3	46	3	54766054469150	54766054480980
1547	140	41	92	24	1789584323495324672	1789584323495495680	1789584323495495680	1789584323495764992	1789584323495766016	14660	4	52	1	54766054915338	54766055590491
1548	140	49	4	24	1789584323495766016	1789584323496501248	1789584323496501248	1789584323496502272	1789584323496503296	14664	1	62	1	54766057445896	54766057448791
1549	140	53	68	24	1789584323496503296	1789584323496506368	1789584323496506368	1789584323496511488	1789584323496512512	14665	3	66	3	54766057459483	54766057470921
1550	140	57	48	24	1789584323496512512	1789584323496685568	1789584323496685568	1789584323496958976	1789584323496960000	14668	4	73	1	54766057910435	54766058597254
1551	141	4	57	26	1789584323492782080	1789584323492948992	1789584323492948992	1789584323492950016	1789584323492951040	14672	1	3	1	54747003518638	54747003521221
1552	141	8	121	26	1789584323492951040	1789584323492952064	1789584323492952064	1789584323492956160	1789584323492957184	14673	3	7	3	54747003527240	54747003536534
1553	141	12	101	26	1789584323492957184	1789584323493129216	1789584323493129216	1789584323493403648	1789584323493404672	14676	4	13	1	54747003973246	54747004663077
1554	141	19	125	26	1789584323493404672	1789584323494132736	1789584323494132736	1789584323494133760	1789584323494134784	14680	1	22	1	54747006499530	54747006501965
1555	141	26	25	26	1789584323494134784	1789584323494315008	1789584323494315008	1789584323494585344	1789584323494586368	14681	4	32	1	54747006958664	54747007637053
1556	141	31	9	26	1789584323494586368	1789584323495158784	1789584323495158784	1789584323495309312	1789584323495311360	14685	4	39	1	54747009082590	54747009462684
1557	141	38	1	26	1789584323495311360	1789584323495318528	1789584323495318528	1789584323495323648	1789584323495324672	14689	3	46	3	54747009485340	54747009497347
1558	141	41	93	26	1789584323495324672	1789584323495495680	1789584323495495680	1789584323495766016	1789584323495767040	14692	4	52	1	54747009931698	54747010609492
1559	141	49	5	26	1789584323495767040	1789584323496501248	1789584323496501248	1789584323496502272	1789584323496503296	14696	1	62	1	54747012462703	54747012465507
1560	141	53	69	26	1789584323496503296	1789584323496506368	1789584323496506368	1789584323496511488	1789584323496512512	14697	3	66	3	54747012475879	54747012487625
1561	141	57	49	26	1789584323496512512	1789584323496685568	1789584323496685568	1789584323496958976	1789584323496960000	14700	4	73	1	54747012927141	54747013613307
1562	142	4	58	28	1789584323492782080	1789584323492948992	1789584323492948992	1789584323492950016	1789584323492951040	14704	1	3	1	54750894797381	54750894799802
1563	142	8	122	28	1789584323492951040	1789584323492952064	1789584323492952064	1789584323492956160	1789584323492957184	14705	3	7	3	54750894805891	54750894814840
1564	142	12	102	28	1789584323492957184	1789584323493129216	1789584323493129216	1789584323493395456	1789584323493397504	14708	4	13	1	54750895251952	54750895921467
1565	142	19	126	28	1789584323493397504	1789584323494132736	1789584323494132736	1789584323494133760	1789584323494134784	14712	1	22	1	54750897777993	54750897780337
1566	142	26	26	28	1789584323494134784	1789584323494315008	1789584323494315008	1789584323494585344	1789584323494586368	14713	4	32	1	54750898237345	54750898916420
1567	142	31	10	28	1789584323494586368	1789584323495158784	1789584323495158784	1789584323495309312	1789584323495310336	14717	4	39	1	54750900360747	54750900739929
1568	142	38	2	28	1789584323495310336	1789584323495318528	1789584323495318528	1789584323495323648	1789584323495324672	14721	3	46	3	54750900763642	54750900775372
1569	142	41	94	28	1789584323495324672	1789584323495495680	1789584323495495680	1789584323495767040	1789584323495768064	14724	4	52	1	54750901209702	54750901890109
1570	142	49	6	28	1789584323495768064	1789584323496501248	1789584323496501248	1789584323496502272	1789584323496503296	14728	1	62	1	54750903740332	54750903743099
1571	142	53	70	28	1789584323496503296	1789584323496506368	1789584323496506368	1789584323496511488	1789584323496512512	14729	3	66	3	54750903753661	54750903765285
1572	142	57	50	28	1789584323496512512	1789584323496685568	1789584323496685568	1789584323496954880	1789584323496955904	14732	4	73	1	54750904204751	54750904881323
1573	143	4	59	30	1789584323492782080	1789584323492948992	1789584323492948992	1789584323492950016	1789584323492951040	14736	1	3	1	54761928561076	54761928563586
1574	143	8	123	30	1789584323492951040	1789584323492952064	1789584323492952064	1789584323492956160	1789584323492957184	14737	3	7	3	54761928569677	54761928578799
1575	143	12	103	30	1789584323492957184	1789584323493129216	1789584323493129216	1789584323493406720	1789584323493407744	14740	4	13	1	54761929015659	54761929713370
1576	143	19	127	30	1789584323493407744	1789584323494132736	1789584323494132736	1789584323494133760	1789584323494134784	14744	1	22	1	54761931541888	54761931544295
1577	143	26	27	30	1789584323494134784	1789584323494315008	1789584323494315008	1789584323494587392	1789584323494588416	14745	4	32	1	54761932001241	54761932685559
1578	143	31	11	30	1789584323494588416	1789584323495158784	1789584323495158784	1789584323495310336	1789584323495311360	14749	4	39	1	54761934125224	54761934507833
1579	143	38	3	30	1789584323495312384	1789584323495318528	1789584323495318528	1789584323495323648	1789584323495324672	14753	3	46	3	54761934527902	54761934539904
1580	143	41	95	30	1789584323495324672	1789584323495495680	1789584323495495680	1789584323495773184	1789584323495774208	14756	4	52	1	54761934974118	54761935671206
1581	143	49	7	30	1789584323495774208	1789584323496501248	1789584323496501248	1789584323496502272	1789584323496503296	14760	1	62	1	54761937505058	54761937507936
1582	143	53	71	30	1789584323496503296	1789584323496506368	1789584323496506368	1789584323496511488	1789584323496512512	14761	3	66	3	54761937518558	54761937530131
1583	143	57	51	30	1789584323496512512	1789584323496685568	1789584323496685568	1789584323496956928	1789584323496957952	14764	4	73	1	54761937969678	54761938650892
1584	144	4	60	32	1789584323492782080	1789584323492948992	1789584323492948992	1789584323492950016	1789584323492951040	14768	1	3	1	54710217540684	54710217543285
1585	144	8	124	32	1789584323492951040	1789584323492952064	1789584323492953088	1789584323492956160	1789584323492957184	14769	3	7	3	54710217549684	54710217559127
1586	144	12	104	32	1789584323492957184	1789584323493129216	1789584323493129216	1789584323493401600	1789584323493402624	14772	4	13	1	54710217994888	54710218677863
1587	144	22	0	32	1789584323493402624	1789584323494130688	1789584323494130688	1789584323494131712	1789584323494132736	14776	1	25	1	54710220512793	54710220515219
1588	144	26	28	32	1789584323494132736	1789584323494315008	1789584323494315008	1789584323494585344	1789584323494586368	14777	4	32	1	54710220976662	54710221654455
1589	144	31	12	32	1789584323494586368	1789584323495158784	1789584323495158784	1789584323495309312	1789584323495310336	14781	4	39	1	54710223097424	54710223474957
1590	144	38	4	32	1789584323495310336	1789584323495318528	1789584323495318528	1789584323495323648	1789584323495324672	14785	3	46	3	54710223499827	54710223511393
1591	144	41	96	32	1789584323495324672	1789584323495495680	1789584323495495680	1789584323495723008	1789584323495725056	14788	4	52	1	54710223945656	54710224514919
1592	144	49	8	32	1789584323495725056	1789584323496501248	1789584323496501248	1789584323496502272	1789584323496503296	14792	1	62	1	54710226472875	54710226475683
1593	144	53	72	32	1789584323496503296	1789584323496506368	1789584323496506368	1789584323496511488	1789584323496512512	14793	3	66	3	54710226486035	54710226497502
1594	144	57	52	32	1789584323496512512	1789584323496685568	1789584323496685568	1789584323496953856	1789584323496954880	14796	4	73	1	54710226936717	54710227610134
1595	145	4	61	34	1789584323492782080	1789584323492948992	1789584323492948992	1789584323492950016	1789584323492951040	14800	1	3	1	54739532283789	54739532286461
1596	145	8	125	34	1789584323492951040	1789584323492952064	1789584323492953088	1789584323492956160	1789584323492957184	14801	3	7	3	54739532292748	54739532302076
1597	145	12	105	34	1789584323492957184	1789584323493129216	1789584323493129216	1789584323493399552	1789584323493401600	14804	4	13	1	54739532738184	54739533417292
1598	145	22	1	34	1789584323493401600	1789584323494130688	1789584323494130688	1789584323494131712	1789584323494132736	14808	1	25	1	54739535257299	54739535259249
1599	145	26	29	34	1789584323494132736	1789584323494315008	1789584323494315008	1789584323494581248	1789584323494582272	14809	4	32	1	54739535721826	54739536388424
1600	145	31	13	34	1789584323494582272	1789584323495158784	1789584323495158784	1789584323495307264	1789584323495308288	14813	4	39	1	54739537843711	54739538217679
1601	145	38	5	34	1789584323495308288	1789584323495318528	1789584323495318528	1789584323495323648	1789584323495324672	14817	3	46	3	54739538246254	54739538257740
1602	145	41	97	34	1789584323495324672	1789584323495495680	1789584323495495680	1789584323495725056	1789584323495726080	14820	4	52	1	54739538692387	54739539267609
1603	145	49	9	34	1789584323495726080	1789584323496501248	1789584323496501248	1789584323496502272	1789584323496503296	14824	1	62	1	54739541221307	54739541224100
1604	145	53	73	34	1789584323496503296	1789584323496506368	1789584323496506368	1789584323496511488	1789584323496512512	14825	3	66	3	54739541234565	54739541245864
1605	145	57	53	34	1789584323496512512	1789584323496685568	1789584323496685568	1789584323496957952	1789584323496960000	14828	4	73	1	54739541685457	54739542369970
1606	146	4	62	36	1789584323492782080	1789584323492948992	1789584323492948992	1789584323492950016	1789584323492951040	14832	1	3	1	54752594444822	54752594447310
1607	146	8	126	36	1789584323492951040	1789584323492952064	1789584323492952064	1789584323492956160	1789584323492957184	14833	3	7	3	54752594453625	54752594462716
1608	146	12	106	36	1789584323492957184	1789584323493129216	1789584323493129216	1789584323493400576	1789584323493401600	14836	4	13	1	54752594899295	54752595579454
1609	146	22	2	36	1789584323493401600	1789584323494130688	1789584323494130688	1789584323494131712	1789584323494132736	14840	1	25	1	54752597420282	54752597422244
1610	146	26	30	36	1789584323494132736	1789584323494315008	1789584323494315008	1789584323494585344	1789584323494586368	14841	4	32	1	54752597884552	54752598563205
1611	146	31	14	36	1789584323494586368	1789584323495158784	1789584323495158784	1789584323495309312	1789584323495310336	14845	4	39	1	54752600008389	54752600386101
1612	146	38	6	36	1789584323495310336	1789584323495318528	1789584323495318528	1789584323495323648	1789584323495324672	14849	3	46	3	54752600411304	54752600422821
1613	146	41	98	36	1789584323495324672	1789584323495495680	1789584323495495680	1789584323495717888	1789584323495719936	14852	4	52	1	54752600857414	54752601413834
1614	146	49	10	36	1789584323495719936	1789584323496501248	1789584323496501248	1789584323496502272	1789584323496503296	14856	1	62	1	54752603388041	54752603390817
1615	146	53	74	36	1789584323496503296	1789584323496506368	1789584323496506368	1789584323496511488	1789584323496512512	14857	3	66	3	54752603401044	54752603412570
1616	146	57	54	36	1789584323496512512	1789584323496685568	1789584323496685568	1789584323496957952	1789584323496958976	14860	4	73	1	54752603852386	54752604536765
1617	147	4	63	38	1789584323492782080	1789584323492948992	1789584323492948992	1789584323492950016	1789584323492951040	14864	1	3	1	54688923565529	54688923568021
1618	147	8	127	38	1789584323492951040	1789584323492952064	1789584323492952064	1789584323492956160	1789584323492957184	14865	3	7	3	54688923574240	54688923583168
1619	147	12	107	38	1789584323492957184	1789584323493129216	1789584323493129216	1789584323493406720	1789584323493407744	14868	4	13	1	54688924019741	54688924715259
1620	147	22	3	38	1789584323493407744	1789584323494130688	1789584323494130688	1789584323494131712	1789584323494132736	14872	1	25	1	54688926536692	54688926538681
1621	147	26	31	38	1789584323494132736	1789584323494315008	1789584323494315008	1789584323494586368	1789584323494587392	14873	4	32	1	54688927000653	54688927681530
1622	147	31	15	38	1789584323494588416	1789584323495158784	1789584323495158784	1789584323495309312	1789584323495310336	14877	4	39	1	54688929120480	54688929498105
1623	147	38	7	38	1789584323495310336	1789584323495318528	1789584323495318528	1789584323495323648	1789584323495324672	14881	3	46	3	54688929522813	54688929534289
1624	147	41	99	38	1789584323495324672	1789584323495495680	1789584323495495680	1789584323495730176	1789584323495731200	14884	4	52	1	54688929968565	54688930554951
1625	147	49	11	38	1789584323495731200	1789584323496501248	1789584323496501248	1789584323496502272	1789584323496503296	14888	1	62	1	54688932495154	54688932497894
1626	147	53	75	38	1789584323496503296	1789584323496506368	1789584323496506368	1789584323496511488	1789584323496512512	14889	3	66	3	54688932508256	54688932519708
1627	147	57	55	38	1789584323496512512	1789584323496685568	1789584323496685568	1789584323496956928	1789584323496957952	14892	4	73	1	54688932958933	54688933639821
1628	148	4	64	40	1789584323492782080	1789584323492948992	1789584323492948992	1789584323492950016	1789584323492951040	14896	1	3	1	54736606419565	54736606422024
1629	148	9	0	40	1789584323492951040	1789584323492958208	1789584323492958208	1789584323493112832	1789584323493113856	14897	128	10	1	54736606443833	54736606830993
1630	148	12	108	40	1789584323493113856	1789584323493129216	1789584323493129216	1789584323493399552	1789584323493400576	15025	4	13	1	54736606873636	54736607553017
1631	148	22	4	40	1789584323493401600	1789584323494130688	1789584323494130688	1789584323494131712	1789584323494132736	15029	1	25	1	54736609393744	54736609395785
1632	148	26	32	40	1789584323494132736	1789584323494315008	1789584323494315008	1789584323494580224	1789584323494581248	15030	4	32	1	54736609857807	54736610524296
1633	148	31	16	40	1789584323494581248	1789584323495158784	1789584323495158784	1789584323495310336	1789584323495311360	15034	4	39	1	54736611980487	54736612362675
1634	148	38	8	40	1789584323495311360	1789584323495318528	1789584323495318528	1789584323495323648	1789584323495324672	15038	3	46	3	54736612383337	54736612394592
1635	148	41	100	40	1789584323495324672	1789584323495495680	1789584323495495680	1789584323495726080	1789584323495727104	15041	4	52	1	54736612828842	54736613404932
1636	148	49	12	40	1789584323495727104	1789584323496501248	1789584323496501248	1789584323496502272	1789584323496503296	15045	1	62	1	54736615358259	54736615361155
1637	148	53	76	40	1789584323496503296	1789584323496506368	1789584323496506368	1789584323496510464	1789584323496512512	15046	3	66	3	54736615371861	54736615382426
1638	148	57	56	40	1789584323496512512	1789584323496685568	1789584323496685568	1789584323496957952	1789584323496958976	15049	4	73	1	54736615822647	54736616505189
1639	149	4	65	42	1789584323492782080	1789584323492948992	1789584323492948992	1789584323492950016	1789584323492951040	15053	1	3	1	54752164895367	54752164897866
1640	149	9	1	42	1789584323492951040	1789584323492958208	1789584323492958208	1789584323493108736	1789584323493109760	15054	128	10	1	54752164919012	54752165298243
1641	149	12	109	42	1789584323493110784	1789584323493129216	1789584323493129216	1789584323493400576	1789584323493401600	15182	4	13	1	54752165349303	54752166030781
1642	149	22	5	42	1789584323493401600	1789584323494130688	1789584323494130688	1789584323494131712	1789584323494132736	15186	1	25	1	54752167870383	54752167872396
1643	149	26	33	42	1789584323494132736	1789584323494315008	1789584323494315008	1789584323494578176	1789584323494579200	15187	4	32	1	54752168334496	54752168995153
1644	149	31	17	42	1789584323494579200	1789584323495158784	1789584323495158784	1789584323495309312	1789584323495310336	15191	4	39	1	54752170458074	54752170835842
1645	149	38	9	42	1789584323495310336	1789584323495318528	1789584323495318528	1789584323495323648	1789584323495324672	15195	3	46	3	54752170861088	54752170872222
1646	149	41	101	42	1789584323495324672	1789584323495495680	1789584323495495680	1789584323495715840	1789584323495716864	15198	4	52	1	54752171306675	54752171858424
1647	149	49	13	42	1789584323495716864	1789584323496501248	1789584323496501248	1789584323496502272	1789584323496503296	15202	1	62	1	54752173837077	54752173839975
1648	149	53	77	42	1789584323496503296	1789584323496506368	1789584323496506368	1789584323496510464	1789584323496512512	15203	3	66	3	54752173850782	54752173861291
1649	149	57	57	42	1789584323496512512	1789584323496685568	1789584323496685568	1789584323496957952	1789584323496958976	15206	4	73	1	54752174301595	54752174984711
1650	150	4	66	44	1789584323492782080	1789584323492948992	1789584323492948992	1789584323492950016	1789584323492951040	15210	1	3	1	54744871529091	54744871531678
1651	150	9	2	44	1789584323492951040	1789584323492958208	1789584323492958208	1789584323493107712	1789584323493108736	15211	128	10	1	54744871553036	54744871928338
1652	150	12	110	44	1789584323493108736	1789584323493129216	1789584323493129216	1789584323493400576	1789584323493401600	15339	4	13	1	54744871983175	54744872663996
1653	150	22	6	44	1789584323493401600	1789584323494130688	1789584323494130688	1789584323494131712	1789584323494132736	15343	1	25	1	54744874502643	54744874504629
1654	150	26	34	44	1789584323494132736	1789584323494315008	1789584323494315008	1789584323494586368	1789584323494587392	15344	4	32	1	54744874966543	54744875647902
1655	150	31	18	44	1789584323494587392	1789584323495158784	1789584323495158784	1789584323495307264	1789584323495308288	15348	4	39	1	54744877089093	54744877461888
1656	150	38	10	44	1789584323495308288	1789584323495318528	1789584323495318528	1789584323495323648	1789584323495324672	15352	3	46	3	54744877491775	54744877502950
1657	150	41	102	44	1789584323495324672	1789584323495495680	1789584323495495680	1789584323495719936	1789584323495720960	15355	4	52	1	54744877937313	54744878498288
1658	150	49	14	44	1789584323495720960	1789584323496501248	1789584323496501248	1789584323496502272	1789584323496503296	15359	1	62	1	54744880466605	54744880469519
1659	150	53	78	44	1789584323496503296	1789584323496506368	1789584323496506368	1789584323496510464	1789584323496512512	15360	3	66	3	54744880479999	54744880490814
1660	150	57	58	44	1789584323496512512	1789584323496685568	1789584323496685568	1789584323496952832	1789584323496954880	15363	4	73	1	54744880930891	54744881602611
1661	151	4	67	46	1789584323492782080	1789584323492948992	1789584323492948992	1789584323492950016	1789584323492951040	15367	1	3	1	54766048502154	54766048504717
1662	151	9	3	46	1789584323492951040	1789584323492958208	1789584323492958208	1789584323493109760	1789584323493111808	15368	128	10	1	54766048526392	54766048907955
1663	151	12	111	46	1789584323493111808	1789584323493129216	1789584323493129216	1789584323493406720	1789584323493408768	15496	4	13	1	54766048956681	54766049654794
1664	151	22	7	46	1789584323493408768	1789584323494130688	1789584323494130688	1789584323494131712	1789584323494132736	15500	1	25	1	54766051477943	54766051479935
1665	151	26	35	46	1789584323494132736	1789584323494315008	1789584323494315008	1789584323494586368	1789584323494587392	15501	4	32	1	54766051942135	54766052624175
1666	151	31	19	46	1789584323494587392	1789584323495158784	1789584323495158784	1789584323495308288	1789584323495309312	15505	4	39	1	54766054066261	54766054443098
1667	151	38	11	46	1789584323495309312	1789584323495318528	1789584323495318528	1789584323495323648	1789584323495324672	15509	3	46	3	54766054469445	54766054480463
1668	151	41	103	46	1789584323495324672	1789584323495495680	1789584323495495680	1789584323495718912	1789584323495719936	15512	4	52	1	54766054914970	54766055474718
1669	151	49	15	46	1789584323495719936	1789584323496501248	1789584323496501248	1789584323496502272	1789584323496503296	15516	1	62	1	54766057445736	54766057448624
1670	151	53	79	46	1789584323496503296	1789584323496506368	1789584323496506368	1789584323496510464	1789584323496512512	15517	3	66	3	54766057459364	54766057469986
1671	151	57	59	46	1789584323496512512	1789584323496685568	1789584323496685568	1789584323496955904	1789584323496956928	15520	4	73	1	54766057910283	54766058590353
1672	152	4	68	48	1789584323492782080	1789584323492948992	1789584323492948992	1789584323492950016	1789584323492951040	15524	1	3	1	54747003518589	54747003521119
1673	152	9	4	48	1789584323492951040	1789584323492958208	1789584323492958208	1789584323493110784	1789584323493111808	15525	128	10	1	54747003542519	54747003925838
1674	152	13	0	48	1789584323493111808	1789584323493410816	1789584323493410816	1789584323493441536	1789584323493442560	15653	224	14	2	54747004681361	54747004758040
1675	152	22	8	48	1789584323493442560	1789584323494130688	1789584323494130688	1789584323494131712	1789584323494132736	15877	1	25	1	54747006494328	54747006496319
1676	152	26	36	48	1789584323494132736	1789584323494315008	1789584323494315008	1789584323494587392	1789584323494588416	15878	4	32	1	54747006958502	54747007643451
1677	152	31	20	48	1789584323494588416	1789584323495158784	1789584323495158784	1789584323495310336	1789584323495311360	15882	4	39	1	54747009082525	54747009463489
1678	152	38	12	48	1789584323495311360	1789584323495318528	1789584323495318528	1789584323495323648	1789584323495324672	15886	3	46	3	54747009485537	54747009497191
1679	152	41	104	48	1789584323495324672	1789584323495495680	1789584323495495680	1789584323495713792	1789584323495715840	15889	4	52	1	54747009931357	54747010478219
1680	152	49	16	48	1789584323495715840	1789584323496501248	1789584323496501248	1789584323496502272	1789584323496503296	15893	1	62	1	54747012462413	54747012465343
1681	152	53	80	48	1789584323496503296	1789584323496506368	1789584323496506368	1789584323496511488	1789584323496512512	15894	3	66	3	54747012475954	54747012486994
1682	152	57	60	48	1789584323496512512	1789584323496685568	1789584323496685568	1789584323496954880	1789584323496955904	15897	4	73	1	54747012926996	54747013603867
1683	153	4	69	50	1789584323492782080	1789584323492948992	1789584323492948992	1789584323492950016	1789584323492951040	15901	1	3	1	54750894797344	54750894799814
1684	153	9	5	50	1789584323492951040	1789584323492958208	1789584323492958208	1789584323493111808	1789584323493112832	15902	128	10	1	54750894821680	54750895208100
1685	153	13	1	50	1789584323493112832	1789584323493410816	1789584323493410816	1789584323493440512	1789584323493441536	16030	224	14	2	54750895959821	54750896033495
1686	153	22	9	50	1789584323493441536	1789584323494130688	1789584323494130688	1789584323494131712	1789584323494132736	16254	1	25	1	54750897772798	54750897774821
1687	153	26	37	50	1789584323494132736	1789584323494315008	1789584323494315008	1789584323494586368	1789584323494587392	16255	4	32	1	54750898236969	54750898917653
1688	153	31	21	50	1789584323494587392	1789584323495158784	1789584323495158784	1789584323495311360	1789584323495312384	16259	4	39	1	54750900360682	54750900744717
1689	153	38	13	50	1789584323495312384	1789584323495318528	1789584323495318528	1789584323495323648	1789584323495324672	16263	3	46	3	54750900763600	54750900775332
1690	153	41	105	50	1789584323495324672	1789584323495495680	1789584323495495680	1789584323495714816	1789584323495715840	16266	4	52	1	54750901209413	54750901759969
1691	153	49	17	50	1789584323495716864	1789584323496501248	1789584323496501248	1789584323496502272	1789584323496503296	16270	1	62	1	54750903740071	54750903742976
1692	153	53	81	50	1789584323496503296	1789584323496506368	1789584323496506368	1789584323496511488	1789584323496512512	16271	3	66	3	54750903753820	54750903764647
1693	153	57	61	50	1789584323496512512	1789584323496685568	1789584323496685568	1789584323496963072	1789584323496964096	16274	4	73	1	54750904204709	54750904900734
1694	154	4	70	52	1789584323492782080	1789584323492948992	1789584323492948992	1789584323492950016	1789584323492951040	16278	1	3	1	54761928561013	54761928563486
1695	154	9	6	52	1789584323492951040	1789584323492958208	1789584323492958208	1789584323493112832	1789584323493113856	16279	128	10	1	54761928585183	54761928973719
1696	154	13	2	52	1789584323493113856	1789584323493409792	1789584323493409792	1789584323493440512	1789584323493441536	16407	224	14	2	54761929721229	54761929798161
1697	154	22	10	52	1789584323493441536	1789584323494130688	1789584323494130688	1789584323494131712	1789584323494132736	16631	1	25	1	54761931536830	54761931538847
1698	154	26	38	52	1789584323494132736	1789584323494315008	1789584323494315008	1789584323494586368	1789584323494587392	16632	4	32	1	54761932001059	54761932683490
1699	154	31	22	52	1789584323494587392	1789584323495158784	1789584323495158784	1789584323495310336	1789584323495311360	16636	4	39	1	54761934125181	54761934507276
1700	154	38	14	52	1789584323495311360	1789584323495318528	1789584323495318528	1789584323495323648	1789584323495324672	16640	3	46	3	54761934528117	54761934539851
1701	154	41	106	52	1789584323495324672	1789584323495495680	1789584323495495680	1789584323495713792	1789584323495715840	16643	4	52	1	54761934973949	54761935520720
1702	154	49	18	52	1789584323495715840	1789584323496501248	1789584323496501248	1789584323496502272	1789584323496503296	16647	1	62	1	54761937504909	54761937507863
1703	154	53	82	52	1789584323496503296	1789584323496506368	1789584323496506368	1789584323496511488	1789584323496512512	16648	3	66	3	54761937518527	54761937529506
1704	154	57	62	52	1789584323496512512	1789584323496685568	1789584323496685568	1789584323496957952	1789584323496958976	16651	4	73	1	54761937969533	54761938653837
1705	155	4	71	54	1789584323492782080	1789584323492948992	1789584323492948992	1789584323492950016	1789584323492951040	16655	1	3	1	54710217540584	54710217543158
1706	155	9	7	54	1789584323492951040	1789584323492958208	1789584323492958208	1789584323493109760	1789584323493110784	16656	128	10	1	54710217564443	54710217944453
1707	155	13	3	54	1789584323493110784	1789584323493409792	1789584323493409792	1789584323493441536	1789584323493443584	16784	224	14	2	54710218699287	54710218778977
1708	155	22	11	54	1789584323493443584	1789584323494130688	1789584323494130688	1789584323494131712	1789584323494132736	17008	1	25	1	54710220512736	54710220515192
1709	155	26	39	54	1789584323494132736	1789584323494315008	1789584323494315008	1789584323494585344	1789584323494586368	17009	4	32	1	54710220976565	54710221653975
1710	155	31	23	54	1789584323494586368	1789584323495158784	1789584323495158784	1789584323495309312	1789584323495310336	17013	4	39	1	54710223097373	54710223474784
1711	155	38	15	54	1789584323495310336	1789584323495318528	1789584323495318528	1789584323495323648	1789584323495324672	17017	3	46	3	54710223499767	54710223511601
1712	155	41	107	54	1789584323495324672	1789584323495495680	1789584323495495680	1789584323495721984	1789584323495723008	17020	4	52	1	54710223945172	54710224510597
1713	155	49	19	54	1789584323495723008	1789584323496501248	1789584323496501248	1789584323496502272	1789584323496503296	17024	1	62	1	54710226472601	54710226475519
1714	155	53	83	54	1789584323496503296	1789584323496506368	1789584323496506368	1789584323496511488	1789584323496512512	17025	3	66	3	54710226485902	54710226497184
1715	155	57	63	54	1789584323496512512	1789584323496685568	1789584323496685568	1789584323496957952	1789584323496958976	17028	4	73	1	54710226936686	54710227620504
1716	156	4	72	56	1789584323492782080	1789584323492948992	1789584323492948992	1789584323492950016	1789584323492951040	17032	1	3	1	54739532283686	54739532286227
1717	156	9	8	56	1789584323492951040	1789584323492958208	1789584323492958208	1789584323493108736	1789584323493109760	17033	128	10	1	54739532307636	54739532684908
1718	156	14	0	56	1789584323493109760	1789584323493443584	1789584323493443584	1789584323493948416	1789584323493949440	17161	5	16	2	54739533527218	54739534797174
1719	156	22	12	56	1789584323493949440	1789584323494130688	1789584323494130688	1789584323494131712	1789584323494132736	17166	1	25	1	54739535257262	54739535259234
1720	156	26	40	56	1789584323494132736	1789584323494315008	1789584323494315008	1789584323494580224	1789584323494582272	17167	4	32	1	54739535721189	54739536387264
1721	156	31	24	56	1789584323494582272	1789584323495158784	1789584323495158784	1789584323495307264	1789584323495308288	17171	4	39	1	54739537843654	54739538217938
1722	156	38	16	56	1789584323495308288	1789584323495318528	1789584323495318528	1789584323495323648	1789584323495324672	17175	3	46	3	54739538246231	54739538258168
1723	156	41	108	56	1789584323495324672	1789584323495495680	1789584323495495680	1789584323495728128	1789584323495729152	17178	4	52	1	54739538691879	54739539274354
1724	156	49	20	56	1789584323495729152	1789584323496501248	1789584323496501248	1789584323496502272	1789584323496503296	17182	1	62	1	54739541221226	54739541224090
1725	156	53	84	56	1789584323496503296	1789584323496506368	1789584323496506368	1789584323496511488	1789584323496512512	17183	3	66	3	54739541234364	54739541246316
1726	156	57	64	56	1789584323496512512	1789584323496685568	1789584323496685568	1789584323496951808	1789584323496952832	17186	4	73	1	54739541685345	54739542353107
1727	157	4	73	58	1789584323492782080	1789584323492948992	1789584323492948992	1789584323492950016	1789584323492951040	17190	1	3	1	54752594444743	54752594447228
1728	157	9	9	58	1789584323492951040	1789584323492958208	1789584323492958208	1789584323493109760	1789584323493110784	17191	128	10	1	54752594469047	54752594849381
1729	157	14	1	58	1789584323493110784	1789584323493443584	1789584323493443584	1789584323493949440	1789584323493950464	17319	5	16	2	54752595689108	54752596963656
1730	157	22	13	58	1789584323493950464	1789584323494130688	1789584323494130688	1789584323494131712	1789584323494132736	17324	1	25	1	54752597420218	54752597422216
1731	157	26	41	58	1789584323494132736	1789584323494315008	1789584323494315008	1789584323494584320	1789584323494585344	17325	4	32	1	54752597884385	54752598559688
1732	157	31	25	58	1789584323494585344	1789584323495158784	1789584323495158784	1789584323495309312	1789584323495310336	17329	4	39	1	54752600008327	54752600386313
1733	157	38	17	58	1789584323495310336	1789584323495318528	1789584323495318528	1789584323495323648	1789584323495324672	17333	3	46	3	54752600410944	54752600423019
1734	157	41	109	58	1789584323495324672	1789584323495495680	1789584323495495680	1789584323495715840	1789584323495716864	17336	4	52	1	54752600856968	54752601408405
1735	157	49	21	58	1789584323495716864	1789584323496501248	1789584323496501248	1789584323496502272	1789584323496503296	17340	1	62	1	54752603387946	54752603390775
1736	157	53	85	58	1789584323496503296	1789584323496506368	1789584323496506368	1789584323496511488	1789584323496512512	17341	3	66	3	54752603401504	54752603412996
1737	157	57	65	58	1789584323496512512	1789584323496685568	1789584323496685568	1789584323496955904	1789584323496956928	17344	4	73	1	54752603852295	54752604531842
1738	158	4	74	60	1789584323492782080	1789584323492948992	1789584323492948992	1789584323492950016	1789584323492951040	17348	1	3	1	54688923565464	54688923567917
1739	158	9	10	60	1789584323492951040	1789584323492958208	1789584323492958208	1789584323493111808	1789584323493112832	17349	128	10	1	54688923589542	54688923974783
1740	158	14	2	60	1789584323493112832	1789584323493443584	1789584323493443584	1789584323493957632	1789584323493958656	17477	5	16	2	54688924807812	54688926100699
1741	158	22	14	60	1789584323493958656	1789584323494130688	1789584323494130688	1789584323494131712	1789584323494132736	17482	1	25	1	54688926536671	54688926538698
1742	158	26	42	60	1789584323494132736	1789584323494315008	1789584323494315008	1789584323494588416	1789584323494588416	17483	4	32	1	54688927000346	54688927684287
1743	158	31	26	60	1789584323494589440	1789584323495158784	1789584323495158784	1789584323495309312	1789584323495310336	17487	4	39	1	54688929120416	54688929498712
1744	158	38	18	60	1789584323495310336	1789584323495318528	1789584323495318528	1789584323495323648	1789584323495324672	17491	3	46	3	54688929522760	54688929534682
1745	158	41	110	60	1789584323495324672	1789584323495495680	1789584323495495680	1789584323495716864	1789584323495717888	17494	4	52	1	54688929968129	54688930520244
1746	158	49	22	60	1789584323495717888	1789584323496501248	1789584323496501248	1789584323496502272	1789584323496503296	17498	1	62	1	54688932494877	54688932497749
1747	158	53	86	60	1789584323496503296	1789584323496506368	1789584323496506368	1789584323496511488	1789584323496512512	17499	3	66	3	54688932508488	54688932520132
1748	158	57	66	60	1789584323496512512	1789584323496685568	1789584323496685568	1789584323496958976	1789584323496960000	17502	4	73	1	54688932958834	54688933644656
1749	159	4	75	62	1789584323492782080	1789584323492948992	1789584323492948992	1789584323492950016	1789584323492951040	17506	1	3	1	54736606419712	54736606422224
1750	159	9	11	62	1789584323492951040	1789584323492958208	1789584323492958208	1789584323493108736	1789584323493109760	17507	128	10	1	54736606443809	54736606821550
1751	159	14	3	62	1789584323493109760	1789584323493443584	1789584323493443584	1789584323493948416	1789584323493949440	17635	5	16	2	54736607663267	54736608933486
1752	159	22	15	62	1789584323493949440	1789584323494130688	1789584323494130688	1789584323494131712	1789584323494132736	17640	1	25	1	54736609393830	54736609395827
1753	159	26	43	62	1789584323494132736	1789584323494315008	1789584323494315008	1789584323494583296	1789584323494585344	17641	4	32	1	54736609857922	54736610532132
1754	159	31	27	62	1789584323494585344	1789584323495158784	1789584323495158784	1789584323495308288	1789584323495309312	17645	4	39	1	54736611980621	54736612357475
1755	159	38	19	62	1789584323495309312	1789584323495318528	1789584323495318528	1789584323495323648	1789584323495324672	17649	3	46	3	54736612383356	54736612395197
1756	159	41	111	62	1789584323495324672	1789584323495495680	1789584323495495680	1789584323495718912	1789584323495719936	17652	4	52	1	54736612829094	54736613389011
1757	159	49	23	62	1789584323495720960	1789584323496501248	1789584323496501248	1789584323496502272	1789584323496503296	17656	1	62	1	54736615358383	54736615361282
1758	159	53	87	62	1789584323496503296	1789584323496506368	1789584323496506368	1789584323496511488	1789584323496512512	17657	3	66	3	54736615371748	54736615383681
1759	159	57	67	62	1789584323496512512	1789584323496685568	1789584323496685568	1789584323496961024	1789584323496962048	17660	4	73	1	54736615822882	54736616514943
1760	160	4	76	64	1789584323492782080	1789584323492948992	1789584323492948992	1789584323492950016	1789584323492951040	17664	1	3	1	54752164895267	54752164897881
1761	160	9	12	64	1789584323492951040	1789584323492958208	1789584323492958208	1789584323493108736	1789584323493109760	17665	128	10	1	54752164919131	54752165297140
1762	160	14	4	64	1789584323493109760	1789584323493443584	1789584323493443584	1789584323493949440	1789584323493950464	17793	5	16	2	54752166139449	54752167412793
1763	160	22	16	64	1789584323493950464	1789584323494130688	1789584323494130688	1789584323494131712	1789584323494132736	17798	1	25	1	54752167870458	54752167872459
1764	160	26	44	64	1789584323494132736	1789584323494315008	1789584323494315008	1789584323494585344	1789584323494586368	17799	4	32	1	54752168334691	54752169012307
1765	160	31	28	64	1789584323494586368	1789584323495158784	1789584323495158784	1789584323495308288	1789584323495309312	17803	4	39	1	54752170458216	54752170834155
1766	160	38	20	64	1789584323495309312	1789584323495318528	1789584323495318528	1789584323495323648	1789584323495324672	17807	3	46	3	54752170861015	54752170872835
1767	160	42	0	64	1789584323495324672	1789584323495495680	1789584323495495680	1789584323495710720	1789584323495713792	17810	4	53	1	54752171306929	54752171846658
1768	160	49	24	64	1789584323495713792	1789584323496501248	1789584323496501248	1789584323496502272	1789584323496503296	17814	1	62	1	54752173837251	54752173840133
1769	160	53	88	64	1789584323496503296	1789584323496506368	1789584323496506368	1789584323496511488	1789584323496512512	17815	3	66	3	54752173850820	54752173862095
1770	160	57	68	64	1789584323496512512	1789584323496685568	1789584323496685568	1789584323496961024	1789584323496962048	17818	4	73	1	54752174301823	54752174992881
1771	161	4	77	66	1789584323492782080	1789584323492948992	1789584323492948992	1789584323492950016	1789584323492951040	17822	1	3	1	54744871528992	54744871531690
1772	161	9	13	66	1789584323492951040	1789584323492958208	1789584323492958208	1789584323493107712	1789584323493108736	17823	128	10	1	54744871552725	54744871928008
1773	161	14	5	66	1789584323493108736	1789584323493443584	1789584323493443584	1789584323493942272	1789584323493943296	17951	5	16	2	54744872772626	54744874026890
1774	161	22	17	66	1789584323493943296	1789584323494130688	1789584323494130688	1789584323494131712	1789584323494132736	17956	1	25	1	54744874502719	54744874504747
1775	161	26	45	66	1789584323494132736	1789584323494315008	1789584323494315008	1789584323494584320	1789584323494586368	17957	4	32	1	54744874966780	54744875643419
1776	161	31	29	66	1789584323494586368	1789584323495158784	1789584323495158784	1789584323495306240	1789584323495307264	17961	4	39	1	54744877089204	54744877460302
1777	161	38	21	66	1789584323495307264	1789584323495318528	1789584323495318528	1789584323495323648	1789584323495324672	17965	3	46	3	54744877491979	54744877503587
1778	161	42	1	66	1789584323495324672	1789584323495495680	1789584323495495680	1789584323495717888	1789584323495719936	17968	4	53	1	54744877937572	54744878493875
1779	161	49	25	66	1789584323495719936	1789584323496501248	1789584323496501248	1789584323496502272	1789584323496503296	17972	1	62	1	54744880466705	54744880469657
1780	161	53	89	66	1789584323496503296	1789584323496506368	1789584323496506368	1789584323496511488	1789584323496512512	17973	3	66	3	54744880480307	54744880491607
1781	161	57	69	66	1789584323496512512	1789584323496684544	1789584323496684544	1789584323496958976	1789584323496960000	17976	4	73	1	54744880928809	54744881616690
1782	162	4	78	68	1789584323492782080	1789584323492948992	1789584323492948992	1789584323492950016	1789584323492951040	17980	1	3	1	54766048502287	54766048504995
1783	162	9	14	68	1789584323492951040	1789584323492958208	1789584323492958208	1789584323493107712	1789584323493108736	17981	128	10	1	54766048526551	54766048902057
1784	162	14	6	68	1789584323493108736	1789584323493443584	1789584323493443584	1789584323493944320	1789584323493945344	18109	5	16	2	54766049746723	54766051008665
1785	162	22	18	68	1789584323493945344	1789584323494130688	1789584323494130688	1789584323494131712	1789584323494132736	18114	1	25	1	54766051478019	54766051480055
1786	162	26	46	68	1789584323494132736	1789584323494315008	1789584323494315008	1789584323494588416	1789584323494589440	18115	4	32	1	54766051942340	54766052629165
1787	162	31	30	68	1789584323494589440	1789584323495158784	1789584323495158784	1789584323495307264	1789584323495308288	18119	4	39	1	54766054066381	54766054440317
1788	162	38	22	68	1789584323495308288	1789584323495318528	1789584323495318528	1789584323495323648	1789584323495324672	18123	3	46	3	54766054469449	54766054481039
1789	162	42	2	68	1789584323495324672	1789584323495495680	1789584323495495680	1789584323495721984	1789584323495724032	18126	4	53	1	54766054915232	54766055483617
1790	162	49	26	68	1789584323495724032	1789584323496501248	1789584323496501248	1789584323496502272	1789584323496503296	18130	1	62	1	54766057445853	54766057448835
1791	162	53	90	68	1789584323496503296	1789584323496506368	1789584323496506368	1789584323496511488	1789584323496512512	18131	3	66	3	54766057459128	54766057470765
1792	162	57	70	68	1789584323496512512	1789584323496685568	1789584323496685568	1789584323496961024	1789584323496962048	18134	4	73	1	54766057910440	54766058602265
1793	163	4	79	70	1789584323492782080	1789584323492948992	1789584323492948992	1789584323492950016	1789584323492951040	18138	1	3	1	54747003518735	54747003521340
1794	163	9	15	70	1789584323492951040	1789584323492958208	1789584323492958208	1789584323493108736	1789584323493110784	18139	128	10	1	54747003542659	54747003922243
1795	163	14	7	70	1789584323493110784	1789584323493443584	1789584323493443584	1789584323493946368	1789584323493947392	18267	5	16	2	54747004763124	54747006030602
1796	163	22	19	70	1789584323493947392	1789584323494130688	1789584323494130688	1789584323494131712	1789584323494132736	18272	1	25	1	54747006494375	54747006496346
1797	163	26	47	70	1789584323494132736	1789584323494315008	1789584323494315008	1789584323494586368	1789584323494588416	18273	4	32	1	54747006958704	54747007641253
1798	163	31	31	70	1789584323494588416	1789584323495158784	1789584323495158784	1789584323495307264	1789584323495309312	18277	4	39	1	54747009082673	54747009457510
1799	163	38	23	70	1789584323495309312	1789584323495318528	1789584323495318528	1789584323495323648	1789584323495324672	18281	3	46	3	54747009485583	54747009497407
1800	163	42	3	70	1789584323495324672	1789584323495495680	1789584323495495680	1789584323495721984	1789584323495723008	18284	4	53	1	54747009931612	54747010499344
1801	163	49	27	70	1789584323495723008	1789584323496501248	1789584323496501248	1789584323496502272	1789584323496503296	18288	1	62	1	54747012462649	54747012465560
1802	163	53	91	70	1789584323496503296	1789584323496506368	1789584323496506368	1789584323496511488	1789584323496512512	18289	3	66	3	54747012475873	54747012487425
1803	163	57	71	70	1789584323496512512	1789584323496685568	1789584323496685568	1789584323496956928	1789584323496957952	18292	4	73	1	54747012927152	54747013608189
1804	164	4	80	72	1789584323492782080	1789584323492948992	1789584323492948992	1789584323492950016	1789584323492951040	18296	1	3	1	54750894797409	54750894800008
1805	164	9	16	72	1789584323492951040	1789584323492958208	1789584323492958208	1789584323493108736	1789584323493110784	18297	128	10	1	54750894821604	54750895200957
1806	164	14	8	72	1789584323493110784	1789584323493443584	1789584323493443584	1789584323493948416	1789584323493949440	18425	5	16	2	54750896041630	54750897313921
1807	164	22	20	72	1789584323493949440	1789584323494130688	1789584323494130688	1789584323494131712	1789584323494132736	18430	1	25	1	54750897772854	54750897774856
1808	164	26	48	72	1789584323494132736	1789584323494315008	1789584323494315008	1789584323494584320	1789584323494586368	18431	4	32	1	54750898237208	54750898914321
1809	164	33	0	72	1789584323494586368	1789584323495158784	1789584323495158784	1789584323495309312	1789584323495310336	18435	4	41	1	54750900360818	54750900738425
1810	164	38	24	72	1789584323495310336	1789584323495318528	1789584323495318528	1789584323495323648	1789584323495324672	18439	3	46	3	54750900763725	54750900775583
1811	164	42	4	72	1789584323495324672	1789584323495495680	1789584323495495680	1789584323495725056	1789584323495726080	18442	4	53	1	54750901209676	54750901784704
1812	164	49	28	72	1789584323495726080	1789584323496501248	1789584323496501248	1789584323496502272	1789584323496503296	18446	1	62	1	54750903740169	54750903743141
1813	164	53	92	72	1789584323496503296	1789584323496506368	1789584323496506368	1789584323496511488	1789584323496512512	18447	3	66	3	54750903753537	54750903765203
1814	164	57	72	72	1789584323496512512	1789584323496685568	1789584323496685568	1789584323496956928	1789584323496957952	18450	4	73	1	54750904204847	54750904886273
1815	165	4	81	74	1789584323492782080	1789584323492948992	1789584323492948992	1789584323492950016	1789584323492951040	18454	1	3	1	54761928561147	54761928563742
1816	165	9	17	74	1789584323492951040	1789584323492958208	1789584323492959232	1789584323493109760	1789584323493110784	18455	128	10	1	54761928585511	54761928965116
1817	165	14	9	74	1789584323493110784	1789584323493443584	1789584323493443584	1789584323493948416	1789584323493949440	18583	5	16	2	54761929805562	54761931077823
1818	165	22	21	74	1789584323493949440	1789584323494130688	1789584323494130688	1789584323494131712	1789584323494132736	18588	1	25	1	54761931536911	54761931538909
1819	165	26	49	74	1789584323494132736	1789584323494315008	1789584323494315008	1789584323494587392	1789584323494588416	18589	4	32	1	54761932001317	54761932684453
1820	165	33	1	74	1789584323494588416	1789584323495158784	1789584323495158784	1789584323495309312	1789584323495310336	18593	4	41	1	54761934125307	54761934503169
1821	165	38	25	74	1789584323495310336	1789584323495318528	1789584323495318528	1789584323495323648	1789584323495324672	18597	3	46	3	54761934528243	54761934540114
1822	165	42	5	74	1789584323495324672	1789584323495495680	1789584323495495680	1789584323495726080	1789584323495727104	18600	4	53	1	54761934974432	54761935551586
1823	165	49	29	74	1789584323495727104	1789584323496501248	1789584323496501248	1789584323496502272	1789584323496503296	18604	1	62	1	54761937505153	54761937508029
1824	165	53	93	74	1789584323496503296	1789584323496506368	1789584323496506368	1789584323496511488	1789584323496512512	18605	3	66	3	54761937518318	54761937530092
1825	165	57	73	74	1789584323496512512	1789584323496685568	1789584323496685568	1789584323496960000	1789584323496961024	18608	4	73	1	54761937969572	54761938658855
1826	166	4	82	76	1789584323492782080	1789584323492948992	1789584323492948992	1789584323492950016	1789584323492951040	18612	1	3	1	54710217540880	54710217543506
1827	166	9	18	76	1789584323492951040	1789584323492958208	1789584323492959232	1789584323493108736	1789584323493109760	18613	128	10	1	54710217565095	54710217943011
1828	166	14	10	76	1789584323493109760	1789584323493443584	1789584323493443584	1789584323493946368	1789584323493947392	18741	5	16	2	54710218783588	54710220048165
1829	166	22	22	76	1789584323493947392	1789584323494130688	1789584323494130688	1789584323494131712	1789584323494132736	18746	1	25	1	54710220512836	54710220515243
1830	166	26	50	76	1789584323494132736	1789584323494315008	1789584323494315008	1789584323494582272	1789584323494584320	18747	4	32	1	54710220976768	54710221647542
1831	166	33	2	76	1789584323494584320	1789584323495158784	1789584323495158784	1789584323495305216	1789584323495306240	18751	4	41	1	54710223097466	54710223465715
1832	166	38	26	76	1789584323495306240	1789584323495318528	1789584323495318528	1789584323495323648	1789584323495324672	18755	3	46	3	54710223499873	54710223511824
1833	166	42	6	76	1789584323495324672	1789584323495495680	1789584323495495680	1789584323495731200	1789584323495732224	18758	4	53	1	54710223945644	54710224534885
1834	166	49	30	76	1789584323495732224	1789584323496501248	1789584323496501248	1789584323496502272	1789584323496503296	18762	1	62	1	54710226472930	54710226475759
1835	166	53	94	76	1789584323496503296	1789584323496506368	1789584323496506368	1789584323496511488	1789584323496512512	18763	3	66	3	54710226486256	54710226497766
1836	166	57	74	76	1789584323496512512	1789584323496685568	1789584323496685568	1789584323496954880	1789584323496955904	18766	4	73	1	54710226936760	54710227612299
1837	167	4	83	78	1789584323492782080	1789584323492948992	1789584323492948992	1789584323492950016	1789584323492951040	18770	1	3	1	54739532283998	54739532286619
1838	167	9	19	78	1789584323492951040	1789584323492958208	1789584323492958208	1789584323493108736	1789584323493109760	18771	128	10	1	54739532307992	54739532685095
1839	167	14	11	78	1789584323493109760	1789584323493443584	1789584323493443584	1789584323493949440	1789584323493950464	18899	5	16	2	54739533527288	54739534801407
1840	167	22	23	78	1789584323493951488	1789584323494130688	1789584323494130688	1789584323494131712	1789584323494132736	18904	1	25	1	54739535257337	54739535259367
1841	167	26	51	78	1789584323494132736	1789584323494315008	1789584323494315008	1789584323494580224	1789584323494581248	18905	4	32	1	54739535721442	54739536385656
1842	167	33	3	78	1789584323494581248	1789584323495158784	1789584323495158784	1789584323495305216	1789584323495306240	18909	4	41	1	54739537843750	54739538210848
1843	167	38	27	78	1789584323495306240	1789584323495318528	1789584323495318528	1789584323495323648	1789584323495324672	18913	3	46	3	54739538246513	54739538258191
1844	167	42	7	78	1789584323495324672	1789584323495495680	1789584323495495680	1789584323495724032	1789584323495725056	18916	4	53	1	54739538692094	54739539263237
1845	167	49	31	78	1789584323495725056	1789584323496501248	1789584323496501248	1789584323496502272	1789584323496503296	18920	1	62	1	54739541221167	54739541224151
1846	167	53	95	78	1789584323496503296	1789584323496506368	1789584323496506368	1789584323496511488	1789584323496512512	18921	3	66	3	54739541234586	54739541246203
1847	167	57	75	78	1789584323496512512	1789584323496685568	1789584323496685568	1789584323496950784	1789584323496952832	18924	4	73	1	54739541685490	54739542351642
1848	168	4	84	80	1789584323492782080	1789584323492948992	1789584323492948992	1789584323492950016	1789584323492951040	18928	1	3	1	54752594445043	54752594447648
1849	168	9	20	80	1789584323492951040	1789584323492958208	1789584323492958208	1789584323493107712	1789584323493109760	18929	128	10	1	54752594469088	54752594845670
1850	168	14	12	80	1789584323493109760	1789584323493443584	1789584323493443584	1789584323493942272	1789584323493944320	19057	5	16	2	54752595689181	54752596946338
1851	168	22	24	80	1789584323493944320	1789584323494130688	1789584323494130688	1789584323494131712	1789584323494132736	19062	1	25	1	54752597420298	54752597422270
1852	168	26	52	80	1789584323494132736	1789584323494315008	1789584323494315008	1789584323494583296	1789584323494584320	19063	4	32	1	54752597884619	54752598558040
1853	168	33	4	80	1789584323494584320	1789584323495158784	1789584323495158784	1789584323495306240	1789584323495307264	19067	4	41	1	54752600008430	54752600379139
1854	168	38	28	80	1789584323495307264	1789584323495318528	1789584323495318528	1789584323495323648	1789584323495324672	19071	3	46	3	54752600411340	54752600423120
1855	168	42	8	80	1789584323495324672	1789584323495495680	1789584323495495680	1789584323495715840	1789584323495716864	19074	4	53	1	54752600857249	54752601408468
1856	168	49	32	80	1789584323495716864	1789584323496501248	1789584323496501248	1789584323496502272	1789584323496503296	19078	1	62	1	54752603387842	54752603390819
1857	168	53	96	80	1789584323496503296	1789584323496506368	1789584323496506368	1789584323496511488	1789584323496512512	19079	3	66	3	54752603401209	54752603412611
1858	168	57	76	80	1789584323496512512	1789584323496685568	1789584323496685568	1789584323496957952	1789584323496958976	19082	4	73	1	54752603852430	54752604535717
1859	169	4	85	82	1789584323492782080	1789584323492948992	1789584323492948992	1789584323492950016	1789584323492951040	19086	1	3	1	54688923565868	54688923568368
1860	169	9	21	82	1789584323492951040	1789584323492958208	1789584323492958208	1789584323493109760	1789584323493110784	19087	128	10	1	54688923589741	54688923968871
1861	169	14	13	82	1789584323493110784	1789584323493443584	1789584323493443584	1789584323493950464	1789584323493951488	19215	5	16	2	54688924807871	54688926082419
1862	169	22	25	82	1789584323493951488	1789584323494130688	1789584323494130688	1789584323494131712	1789584323494132736	19220	1	25	1	54688926536735	54688926538729
1863	169	26	53	82	1789584323494132736	1789584323494315008	1789584323494315008	1789584323494586368	1789584323494587392	19221	4	32	1	54688927000493	54688927681014
1864	169	33	5	82	1789584323494587392	1789584323495158784	1789584323495158784	1789584323495306240	1789584323495307264	19225	4	41	1	54688929120526	54688929491277
1865	169	38	29	82	1789584323495307264	1789584323495318528	1789584323495318528	1789584323495323648	1789584323495324672	19229	3	46	3	54688929522847	54688929534526
1866	169	42	9	82	1789584323495324672	1789584323495495680	1789584323495495680	1789584323495721984	1789584323495723008	19232	4	53	1	54688929968663	54688930534798
1867	169	49	33	82	1789584323495723008	1789584323496501248	1789584323496501248	1789584323496502272	1789584323496503296	19236	1	62	1	54688932495016	54688932497877
1868	169	53	97	82	1789584323496503296	1789584323496506368	1789584323496506368	1789584323496511488	1789584323496512512	19237	3	66	3	54688932508340	54688932519750
1869	169	57	77	82	1789584323496512512	1789584323496685568	1789584323496685568	1789584323496960000	1789584323496961024	19240	4	73	1	54688932958957	54688933645531
1870	170	4	86	84	1789584323492782080	1789584323492948992	1789584323492948992	1789584323492950016	1789584323492951040	19244	1	3	1	54736606419813	54736606422295
1871	170	9	22	84	1789584323492951040	1789584323492958208	1789584323492958208	1789584323493110784	1789584323493111808	19245	128	10	1	54736606443675	54736606828182
1872	170	14	14	84	1789584323493112832	1789584323493443584	1789584323493443584	1789584323493954560	1789584323493955584	19373	5	16	2	54736607663222	54736608949829
1873	170	22	26	84	1789584323493955584	1789584323494130688	1789584323494130688	1789584323494131712	1789584323494132736	19378	1	25	1	54736609393770	54736609395790
1874	170	26	54	84	1789584323494132736	1789584323494315008	1789584323494315008	1789584323494586368	1789584323494587392	19379	4	32	1	54736609857810	54736610538652
1875	170	33	6	84	1789584323494587392	1789584323495158784	1789584323495158784	1789584323495310336	1789584323495311360	19383	4	41	1	54736611980572	54736612360942
1876	170	38	30	84	1789584323495311360	1789584323495318528	1789584323495318528	1789584323495323648	1789584323495324672	19387	3	46	3	54736612383384	54736612395015
1877	170	42	10	84	1789584323495324672	1789584323495495680	1789584323495495680	1789584323495710720	1789584323495713792	19390	4	53	1	54736612828965	54736613367830
1878	170	49	34	84	1789584323495713792	1789584323496501248	1789584323496501248	1789584323496502272	1789584323496503296	19394	1	62	1	54736615358453	54736615361227
1879	170	53	98	84	1789584323496503296	1789584323496506368	1789584323496506368	1789584323496511488	1789584323496512512	19395	3	66	3	54736615371696	54736615383099
1880	170	57	78	84	1789584323496512512	1789584323496685568	1789584323496685568	1789584323496960000	1789584323496961024	19398	4	73	1	54736615822630	54736616510455
1881	171	4	87	86	1789584323492782080	1789584323492948992	1789584323492948992	1789584323492950016	1789584323492951040	19402	1	3	1	54752164895231	54752164897773
1882	171	9	23	86	1789584323492951040	1789584323492958208	1789584323492958208	1789584323493110784	1789584323493111808	19403	128	10	1	54752164919320	54752165302042
1883	171	14	15	86	1789584323493111808	1789584323493443584	1789584323493443584	1789584323493952512	1789584323493953536	19531	5	16	2	54752166139411	54752167422373
1884	171	22	27	86	1789584323493954560	1789584323494130688	1789584323494130688	1789584323494131712	1789584323494132736	19536	1	25	1	54752167870411	54752167872408
1885	171	26	55	86	1789584323494132736	1789584323494315008	1789584323494315008	1789584323494583296	1789584323494584320	19537	4	32	1	54752168334635	54752169008437
1886	171	33	7	86	1789584323494584320	1789584323495158784	1789584323495158784	1789584323495307264	1789584323495308288	19541	4	41	1	54752170458143	54752170830679
1887	171	38	31	86	1789584323495308288	1789584323495318528	1789584323495318528	1789584323495323648	1789584323495324672	19545	3	46	3	54752170861031	54752170872835
1888	171	42	11	86	1789584323495324672	1789584323495495680	1789584323495495680	1789584323495719936	1789584323495720960	19548	4	53	1	54752171306767	54752171867745
1889	171	49	35	86	1789584323495720960	1789584323496501248	1789584323496501248	1789584323496502272	1789584323496503296	19552	1	62	1	54752173837286	54752173840106
1890	171	53	99	86	1789584323496503296	1789584323496506368	1789584323496506368	1789584323496511488	1789584323496512512	19553	3	66	3	54752173850729	54752173861925
1891	171	57	79	86	1789584323496512512	1789584323496685568	1789584323496685568	1789584323496957952	1789584323496958976	19556	4	73	1	54752174301600	54752174986513
1892	172	4	88	88	1789584323492782080	1789584323492948992	1789584323492948992	1789584323492950016	1789584323492951040	19560	1	3	1	54744871529078	54744871531756
1893	172	9	24	88	1789584323492951040	1789584323492958208	1789584323492958208	1789584323493107712	1789584323493108736	19561	128	10	1	54744871552864	54744871927964
1894	172	14	16	88	1789584323493108736	1789584323493443584	1789584323493443584	1789584323493942272	1789584323493943296	19689	5	16	2	54744872772591	54744874026888
1895	172	22	28	88	1789584323493943296	1789584323494130688	1789584323494130688	1789584323494131712	1789584323494132736	19694	1	25	1	54744874502678	54744874504643
1896	172	26	56	88	1789584323494132736	1789584323494315008	1789584323494315008	1789584323494583296	1789584323494584320	19695	4	32	1	54744874966678	54744875640097
1897	172	35	0	88	1789584323494584320	1789584323495313408	1789584323495313408	1789584323495314432	1789584323495315456	19699	1	43	1	54744877478199	54744877481014
1898	172	38	32	88	1789584323495315456	1789584323495318528	1789584323495318528	1789584323495323648	1789584323495324672	19700	3	46	3	54744877491426	54744877503279
1899	172	42	12	88	1789584323495324672	1789584323495495680	1789584323495495680	1789584323495723008	1789584323495724032	19703	4	53	1	54744877937549	54744878507085
1900	172	49	36	88	1789584323495724032	1789584323496501248	1789584323496501248	1789584323496502272	1789584323496503296	19707	1	62	1	54744880466643	54744880469588
1901	172	53	100	88	1789584323496503296	1789584323496506368	1789584323496506368	1789584323496511488	1789584323496512512	19708	3	66	3	54744880480041	54744880491676
1902	172	57	80	88	1789584323496512512	1789584323496685568	1789584323496685568	1789584323496957952	1789584323496960000	19711	4	73	1	54744880930870	54744881615986
1903	173	4	89	90	1789584323492782080	1789584323492948992	1789584323492948992	1789584323492950016	1789584323492951040	19715	1	3	1	54766048502414	54766048505042
1904	173	9	25	90	1789584323492951040	1789584323492958208	1789584323492958208	1789584323493108736	1789584323493109760	19716	128	10	1	54766048526165	54766048904524
1905	173	14	17	90	1789584323493109760	1789584323493443584	1789584323493443584	1789584323493948416	1789584323493949440	19844	5	16	2	54766049746686	54766051017437
1906	173	22	29	90	1789584323493949440	1789584323494130688	1789584323494130688	1789584323494131712	1789584323494132736	19849	1	25	1	54766051477980	54766051479951
1907	173	26	57	90	1789584323494132736	1789584323494315008	1789584323494315008	1789584323494585344	1789584323494586368	19850	4	32	1	54766051942205	54766052622074
1908	173	35	1	90	1789584323494586368	1789584323495313408	1789584323495313408	1789584323495314432	1789584323495315456	19854	1	43	1	54766054455631	54766054458546
1909	173	38	33	90	1789584323495315456	1789584323495318528	1789584323495318528	1789584323495323648	1789584323495324672	19855	3	46	3	54766054468837	54766054480857
1910	173	42	13	90	1789584323495324672	1789584323495495680	1789584323495495680	1789584323495723008	1789584323495724032	19858	4	53	1	54766054915112	54766055484433
1911	173	49	37	90	1789584323495724032	1789584323496501248	1789584323496501248	1789584323496502272	1789584323496503296	19862	1	62	1	54766057445813	54766057448757
1912	173	53	101	90	1789584323496503296	1789584323496506368	1789584323496506368	1789584323496511488	1789584323496512512	19863	3	66	3	54766057459136	54766057470907
1913	173	57	81	90	1789584323496512512	1789584323496685568	1789584323496685568	1789584323496958976	1789584323496960000	19866	4	73	1	54766057910250	54766058597174
1914	174	4	90	92	1789584323492782080	1789584323492948992	1789584323492948992	1789584323492950016	1789584323492951040	19870	1	3	1	54747003518947	54747003521453
1915	174	9	26	92	1789584323492951040	1789584323492958208	1789584323492958208	1789584323493109760	1789584323493110784	19871	128	10	1	54747003542555	54747003923958
1916	174	14	18	92	1789584323493110784	1789584323493443584	1789584323493443584	1789584323493948416	1789584323493949440	19999	5	16	2	54747004763084	54747006034949
1917	174	22	30	92	1789584323493949440	1789584323494130688	1789584323494130688	1789584323494131712	1789584323494132736	20004	1	25	1	54747006494327	54747006496318
1918	174	26	58	92	1789584323494132736	1789584323494315008	1789584323494315008	1789584323494585344	1789584323494586368	20005	4	32	1	54747006958535	54747007638672
1919	174	35	2	92	1789584323494587392	1789584323495313408	1789584323495313408	1789584323495314432	1789584323495315456	20009	1	43	1	54747009472031	54747009474837
1920	174	38	34	92	1789584323495315456	1789584323495318528	1789584323495318528	1789584323495323648	1789584323495324672	20010	3	46	3	54747009485196	54747009497198
1921	174	42	14	92	1789584323495324672	1789584323495495680	1789584323495495680	1789584323495723008	1789584323495724032	20013	4	53	1	54747009931577	54747010500293
1922	174	49	38	92	1789584323495724032	1789584323496501248	1789584323496501248	1789584323496502272	1789584323496503296	20017	1	62	1	54747012462495	54747012465444
1923	174	53	102	92	1789584323496503296	1789584323496506368	1789584323496506368	1789584323496511488	1789584323496512512	20018	3	66	3	54747012475835	54747012487592
1924	174	57	82	92	1789584323496512512	1789584323496685568	1789584323496685568	1789584323496953856	1789584323496954880	20021	4	73	1	54747012926936	54747013601082
1925	175	4	91	94	1789584323492782080	1789584323492948992	1789584323492948992	1789584323492950016	1789584323492951040	20025	1	3	1	54750894797368	54750894799893
1926	175	9	27	94	1789584323492951040	1789584323492958208	1789584323492958208	1789584323493111808	1789584323493112832	20026	128	10	1	54750894821211	54750895207676
1927	175	14	19	94	1789584323493112832	1789584323493443584	1789584323493443584	1789584323493960704	1789584323493961728	20154	5	16	2	54750896041586	54750897344605
1928	175	22	31	94	1789584323493961728	1789584323494130688	1789584323494130688	1789584323494131712	1789584323494132736	20159	1	25	1	54750897772823	54750897774827
1929	175	26	59	94	1789584323494132736	1789584323494315008	1789584323494315008	1789584323494585344	1789584323494586368	20160	4	32	1	54750898237138	54750898916126
1930	175	35	3	94	1789584323494586368	1789584323495313408	1789584323495313408	1789584323495314432	1789584323495315456	20164	1	43	1	54750900750066	54750900752909
1931	175	38	35	94	1789584323495315456	1789584323495318528	1789584323495318528	1789584323495323648	1789584323495324672	20165	3	46	3	54750900763314	54750900775279
1932	175	42	15	94	1789584323495324672	1789584323495495680	1789584323495495680	1789584323495713792	1789584323495715840	20168	4	53	1	54750901209526	54750901757173
1933	175	49	39	94	1789584323495715840	1789584323496501248	1789584323496501248	1789584323496502272	1789584323496503296	20172	1	62	1	54750903740128	54750903743047
1934	175	53	103	94	1789584323496503296	1789584323496506368	1789584323496506368	1789584323496511488	1789584323496512512	20173	3	66	3	54750903753469	54750903765264
1935	175	57	83	94	1789584323496512512	1789584323496685568	1789584323496685568	1789584323496960000	1789584323496961024	20176	4	73	1	54750904204551	54750904895099
1936	176	4	92	96	1789584323492782080	1789584323492948992	1789584323492948992	1789584323492950016	1789584323492951040	20180	1	3	1	54761928561049	54761928563565
1937	176	9	28	96	1789584323492951040	1789584323492958208	1789584323492958208	1789584323493110784	1789584323493112832	20181	128	10	1	54761928584964	54761928969298
1938	176	14	20	96	1789584323493112832	1789584323493443584	1789584323493443584	1789584323493952512	1789584323493953536	20309	5	16	2	54761929805514	54761931088411
1939	176	21	0	96	1789584323493953536	1789584323494134784	1789584323494134784	1789584323494135808	1789584323494136832	20314	1	24	1	54761931546939	54761931548869
1940	176	26	60	96	1789584323494136832	1789584323494315008	1789584323494315008	1789584323494588416	1789584323494590464	20315	4	32	1	54761932001435	54761932689196
1941	176	35	4	96	1789584323494590464	1789584323495313408	1789584323495313408	1789584323495314432	1789584323495315456	20319	1	43	1	54761934514606	54761934517406
1942	176	38	36	96	1789584323495315456	1789584323495318528	1789584323495318528	1789584323495323648	1789584323495324672	20320	3	46	3	54761934527740	54761934539302
1943	176	42	16	96	1789584323495324672	1789584323495495680	1789584323495495680	1789584323495771136	1789584323495772160	20323	4	53	1	54761934974353	54761935665725
1944	176	49	40	96	1789584323495772160	1789584323496501248	1789584323496501248	1789584323496502272	1789584323496503296	20327	1	62	1	54761937505000	54761937507917
1945	176	53	104	96	1789584323496503296	1789584323496506368	1789584323496506368	1789584323496511488	1789584323496512512	20328	3	66	3	54761937518444	54761937529789
1946	176	57	84	96	1789584323496512512	1789584323496685568	1789584323496685568	1789584323496960000	1789584323496961024	20331	4	73	1	54761937969497	54761938658274
1947	177	4	93	98	1789584323492782080	1789584323492948992	1789584323492948992	1789584323492950016	1789584323492951040	20335	1	3	1	54710217540672	54710217543254
1948	177	9	29	98	1789584323492951040	1789584323492958208	1789584323492958208	1789584323493109760	1789584323493110784	20336	128	10	1	54710217564621	54710217944469
1949	177	14	21	98	1789584323493110784	1789584323493443584	1789584323493443584	1789584323493948416	1789584323493949440	20464	5	16	2	54710218783540	54710220053883
1950	177	21	1	98	1789584323493949440	1789584323494134784	1789584323494134784	1789584323494135808	1789584323494136832	20469	1	24	1	54710220522826	54710220524815
1951	177	26	61	98	1789584323494136832	1789584323494315008	1789584323494315008	1789584323494587392	1789584323494588416	20470	4	32	1	54710220976977	54710221659788
1952	177	35	5	98	1789584323494588416	1789584323495313408	1789584323495313408	1789584323495314432	1789584323495315456	20474	1	43	1	54710223486302	54710223489167
1953	177	38	37	98	1789584323495315456	1789584323495318528	1789584323495318528	1789584323495323648	1789584323495324672	20475	3	46	3	54710223499847	54710223511007
1954	177	42	17	98	1789584323495324672	1789584323495495680	1789584323495495680	1789584323495762944	1789584323495764992	20478	4	53	1	54710223945828	54710224615512
1955	177	49	41	98	1789584323495764992	1789584323496501248	1789584323496501248	1789584323496502272	1789584323496503296	20482	1	62	1	54710226472666	54710226475620
1956	177	53	105	98	1789584323496503296	1789584323496506368	1789584323496506368	1789584323496511488	1789584323496512512	20483	3	66	3	54710226486016	54710226497448
1957	177	57	85	98	1789584323496512512	1789584323496685568	1789584323496685568	1789584323496957952	1789584323496958976	20486	4	73	1	54710226936673	54710227620505
1958	178	4	94	100	1789584323492782080	1789584323492948992	1789584323492948992	1789584323492950016	1789584323492951040	20490	1	3	1	54739532283764	54739532286356
1959	178	9	30	100	1789584323492951040	1789584323492958208	1789584323492958208	1789584323493110784	1789584323493111808	20491	128	10	1	54739532307920	54739532690264
1960	178	14	22	100	1789584323493111808	1789584323493443584	1789584323493443584	1789584323493948416	1789584323493949440	20619	5	16	2	54739533527247	54739534798018
1961	178	21	2	100	1789584323493949440	1789584323494134784	1789584323494134784	1789584323494135808	1789584323494136832	20624	1	24	1	54739535267317	54739535269302
1962	178	26	62	100	1789584323494136832	1789584323494315008	1789584323494315008	1789584323494588416	1789584323494589440	20625	4	32	1	54739535721598	54739536406304
1963	178	35	6	100	1789584323494589440	1789584323495313408	1789584323495313408	1789584323495314432	1789584323495315456	20629	1	43	1	54739538232756	54739538235591
1964	178	38	38	100	1789584323495315456	1789584323495318528	1789584323495318528	1789584323495323648	1789584323495324672	20630	3	46	3	54739538246144	54739538257442
1965	178	42	18	100	1789584323495324672	1789584323495495680	1789584323495495680	1789584323495774208	1789584323495775232	20633	4	53	1	54739538692161	54739539390485
1966	178	49	42	100	1789584323495775232	1789584323496501248	1789584323496501248	1789584323496502272	1789584323496503296	20637	1	62	1	54739541221092	54739541223995
1967	178	53	106	100	1789584323496503296	1789584323496506368	1789584323496506368	1789584323496511488	1789584323496512512	20638	3	66	3	54739541234530	54739541245822
1968	178	57	86	100	1789584323496512512	1789584323496685568	1789584323496685568	1789584323496956928	1789584323496957952	20641	4	73	1	54739541685334	54739542365373
1969	179	4	95	102	1789584323492782080	1789584323492948992	1789584323492948992	1789584323492950016	1789584323492951040	20645	1	3	1	54752594444835	54752594447337
1970	179	9	31	102	1789584323492951040	1789584323492958208	1789584323492958208	1789584323493108736	1789584323493109760	20646	128	10	1	54752594468971	54752594847816
1971	179	14	23	102	1789584323493110784	1789584323493443584	1789584323493443584	1789584323493947392	1789584323493948416	20774	5	16	2	54752595689140	54752596957648
1972	179	21	3	102	1789584323493948416	1789584323494134784	1789584323494134784	1789584323494135808	1789584323494136832	20779	1	24	1	54752597430278	54752597432182
1973	179	26	63	102	1789584323494136832	1789584323494315008	1789584323494315008	1789584323494586368	1789584323494587392	20780	4	32	1	54752597884678	54752598566907
1974	179	35	7	102	1789584323494587392	1789584323495313408	1789584323495313408	1789584323495314432	1789584323495315456	20784	1	43	1	54752600397606	54752600400441
1975	179	38	39	102	1789584323495315456	1789584323495318528	1789584323495318528	1789584323495323648	1789584323495324672	20785	3	46	3	54752600410885	54752600422346
1976	179	42	19	102	1789584323495324672	1789584323495495680	1789584323495495680	1789584323495766016	1789584323495767040	20788	4	53	1	54752600857069	54752601536100
1977	179	49	43	102	1789584323495768064	1789584323496501248	1789584323496501248	1789584323496502272	1789584323496503296	20792	1	62	1	54752603387824	54752603390693
1978	179	53	107	102	1789584323496503296	1789584323496506368	1789584323496506368	1789584323496511488	1789584323496512512	20793	3	66	3	54752603401366	54752603412527
1979	179	57	87	102	1789584323496512512	1789584323496685568	1789584323496685568	1789584323496958976	1789584323496960000	20796	4	73	1	54752603852269	54752604538153
1980	180	4	96	104	1789584323492782080	1789584323492948992	1789584323492948992	1789584323492950016	1789584323492951040	20800	1	3	1	54688923565731	54688923568202
1981	180	10	0	104	1789584323492951040	1789584323493114880	1789584323493114880	1789584323493127168	1789584323493128192	20801	32	11	1	54688923983064	54688924014754
1982	180	14	24	104	1789584323493129216	1789584323493443584	1789584323493443584	1789584323493956608	1789584323493957632	20833	4	16	2	54688924807831	54688926098081
1983	180	21	4	104	1789584323493957632	1789584323494134784	1789584323494134784	1789584323494135808	1789584323494136832	20837	1	24	1	54688926546940	54688926548803
1984	180	26	64	104	1789584323494136832	1789584323494315008	1789584323494315008	1789584323494584320	1789584323494585344	20838	4	32	1	54688927000534	54688927675067
1985	180	35	8	104	1789584323494585344	1789584323495313408	1789584323495313408	1789584323495314432	1789584323495315456	20842	1	43	1	54688929509215	54688929512024
1986	180	38	40	104	1789584323495315456	1789584323495318528	1789584323495318528	1789584323495323648	1789584323495324672	20843	3	46	3	54688929522381	54688929533628
1987	180	42	20	104	1789584323495324672	1789584323495495680	1789584323495495680	1789584323495770112	1789584323495771136	20846	4	53	1	54688929968593	54688930655641
1988	180	49	44	104	1789584323495771136	1789584323496501248	1789584323496501248	1789584323496502272	1789584323496503296	20850	1	62	1	54688932494951	54688932497787
1989	180	53	108	104	1789584323496503296	1789584323496506368	1789584323496506368	1789584323496510464	1789584323496511488	20851	3	66	3	54688932508547	54688932519030
1990	180	57	88	104	1789584323496512512	1789584323496685568	1789584323496685568	1789584323496953856	1789584323496954880	20854	4	73	1	54688932958781	54688933630820
1991	181	4	97	106	1789584323492782080	1789584323492948992	1789584323492948992	1789584323492950016	1789584323492951040	20858	1	3	1	54736606419796	54736606422186
1992	181	10	1	106	1789584323492951040	1789584323493114880	1789584323493114880	1789584323493127168	1789584323493128192	20859	32	11	1	54736606837477	54736606869195
1993	181	14	25	106	1789584323493128192	1789584323493443584	1789584323493443584	1789584323493950464	1789584323493951488	20891	4	16	2	54736607663200	54736608940289
1994	181	21	5	106	1789584323493951488	1789584323494134784	1789584323494134784	1789584323494135808	1789584323494136832	20895	1	24	1	54736609404016	54736609405800
1995	181	26	65	106	1789584323494136832	1789584323494315008	1789584323494315008	1789584323494588416	1789584323494589440	20896	4	32	1	54736609857800	54736610543754
1996	181	35	9	106	1789584323494589440	1789584323495313408	1789584323495313408	1789584323495314432	1789584323495315456	20900	1	43	1	54736612369571	54736612372420
1997	181	38	41	106	1789584323495315456	1789584323495318528	1789584323495318528	1789584323495323648	1789584323495324672	20901	3	46	3	54736612383090	54736612394073
1998	181	42	21	106	1789584323495324672	1789584323495495680	1789584323495495680	1789584323495769088	1789584323495770112	20904	4	53	1	54736612829186	54736613515521
1999	181	49	45	106	1789584323495771136	1789584323496501248	1789584323496501248	1789584323496502272	1789584323496503296	20908	1	62	1	54736615358235	54736615361075
2000	181	53	109	106	1789584323496503296	1789584323496506368	1789584323496506368	1789584323496510464	1789584323496511488	20909	3	66	3	54736615371543	54736615382383
2001	181	57	89	106	1789584323496511488	1789584323496685568	1789584323496685568	1789584323496953856	1789584323496954880	20912	4	73	1	54736615822552	54736616496013
2002	182	4	98	108	1789584323492782080	1789584323492948992	1789584323492948992	1789584323492950016	1789584323492951040	20916	1	3	1	54752164895398	54752164897931
2003	182	10	2	108	1789584323492951040	1789584323493114880	1789584323493114880	1789584323493127168	1789584323493128192	20917	32	11	1	54752165313109	54752165344801
2004	182	14	26	108	1789584323493129216	1789584323493443584	1789584323493443584	1789584323493950464	1789584323493951488	20949	4	16	2	54752166139366	54752167416309
2005	182	21	6	108	1789584323493951488	1789584323494134784	1789584323494134784	1789584323494135808	1789584323494136832	20953	1	24	1	54752167880412	54752167882262
2006	182	26	66	108	1789584323494136832	1789584323494315008	1789584323494315008	1789584323494587392	1789584323494588416	20954	4	32	1	54752168334510	54752169017470
2007	182	35	10	108	1789584323494588416	1789584323495313408	1789584323495313408	1789584323495314432	1789584323495315456	20958	1	43	1	54752170847321	54752170850164
2008	182	38	42	108	1789584323495315456	1789584323495318528	1789584323495318528	1789584323495323648	1789584323495324672	20959	3	46	3	54752170860654	54752170871787
2009	182	42	22	108	1789584323495324672	1789584323495495680	1789584323495495680	1789584323495767040	1789584323495768064	20962	4	53	1	54752171306752	54752171988447
2010	182	49	46	108	1789584323495768064	1789584323496501248	1789584323496501248	1789584323496502272	1789584323496503296	20966	1	62	1	54752173837128	54752173839937
2011	182	53	110	108	1789584323496503296	1789584323496506368	1789584323496506368	1789584323496510464	1789584323496511488	20967	3	66	3	54752173850843	54752173861196
2012	182	57	90	108	1789584323496512512	1789584323496685568	1789584323496685568	1789584323496955904	1789584323496956928	20970	4	73	1	54752174301486	54752174979831
2013	183	4	99	110	1789584323492782080	1789584323492948992	1789584323492948992	1789584323492950016	1789584323492951040	20974	1	3	1	54744871529118	54744871531732
2014	183	10	3	110	1789584323492951040	1789584323493114880	1789584323493114880	1789584323493127168	1789584323493129216	20975	32	11	1	54744871946734	54744871978399
2015	183	14	27	110	1789584323493129216	1789584323493443584	1789584323493443584	1789584323493953536	1789584323493954560	21007	4	16	2	54744872772552	54744874056445
2016	183	21	7	110	1789584323493954560	1789584323494134784	1789584323494134784	1789584323494135808	1789584323494136832	21011	1	24	1	54744874512677	54744874514596
2017	183	26	67	110	1789584323494136832	1789584323494315008	1789584323494315008	1789584323494587392	1789584323494588416	21012	4	32	1	54744874966706	54744875649595
2018	183	35	11	110	1789584323494588416	1789584323495313408	1789584323495313408	1789584323495314432	1789584323495315456	21016	1	43	1	54744877478111	54744877480896
2019	183	38	43	110	1789584323495315456	1789584323495318528	1789584323495318528	1789584323495323648	1789584323495324672	21017	3	46	3	54744877491622	54744877502554
2020	183	42	23	110	1789584323495324672	1789584323495495680	1789584323495495680	1789584323495767040	1789584323495768064	21020	4	53	1	54744877937565	54744878616463
2021	183	49	47	110	1789584323495768064	1789584323496501248	1789584323496501248	1789584323496502272	1789584323496503296	21024	1	62	1	54744880466622	54744880469499
2022	183	53	111	110	1789584323496503296	1789584323496506368	1789584323496506368	1789584323496510464	1789584323496511488	21025	3	66	3	54744880480212	54744880490673
2023	183	57	91	110	1789584323496512512	1789584323496685568	1789584323496685568	1789584323496960000	1789584323496961024	21028	4	73	1	54744880930776	54744881618817
2024	184	4	100	112	1789584323492782080	1789584323492948992	1789584323492948992	1789584323492950016	1789584323492951040	21032	1	3	1	54766048502429	54766048505003
2025	184	11	0	112	1789584323492951040	1789584323493129216	1789584323493129216	1789584323493402624	1789584323493403648	21033	4	12	1	54766048956611	54766049643102
2026	184	14	28	112	1789584323493403648	1789584323493443584	1789584323493443584	1789584323493951488	1789584323493952512	21037	5	16	2	54766049746647	54766051025700
2027	184	21	8	112	1789584323493952512	1789584323494134784	1789584323494134784	1789584323494135808	1789584323494136832	21042	1	24	1	54766051488182	54766051490090
2028	184	26	68	112	1789584323494136832	1789584323494315008	1789584323494315008	1789584323494587392	1789584323494588416	21043	4	32	1	54766051942183	54766052625403
2029	184	35	12	112	1789584323494588416	1789584323495313408	1789584323495313408	1789584323495314432	1789584323495315456	21047	1	43	1	54766054455562	54766054458459
2030	184	38	44	112	1789584323495315456	1789584323495318528	1789584323495318528	1789584323495323648	1789584323495324672	21048	3	46	3	54766054468840	54766054480507
2031	184	42	24	112	1789584323495324672	1789584323495495680	1789584323495495680	1789584323495776256	1789584323495777280	21051	4	53	1	54766054915282	54766055619995
2032	184	49	48	112	1789584323495777280	1789584323496501248	1789584323496501248	1789584323496502272	1789584323496503296	21055	1	62	1	54766057445771	54766057448660
2033	184	53	112	112	1789584323496503296	1789584323496506368	1789584323496506368	1789584323496511488	1789584323496512512	21056	3	66	3	54766057459075	54766057470256
2034	184	57	92	112	1789584323496512512	1789584323496685568	1789584323496685568	1789584323496954880	1789584323496955904	21059	4	73	1	54766057910158	54766058586631
2035	185	4	101	114	1789584323492782080	1789584323492948992	1789584323492948992	1789584323492950016	1789584323492951040	21063	1	3	1	54747003518823	54747003521319
2036	185	11	1	114	1789584323492951040	1789584323493129216	1789584323493129216	1789584323493405696	1789584323493406720	21064	4	12	1	54747003972875	54747004667299
2037	185	14	29	114	1789584323493406720	1789584323493443584	1789584323493443584	1789584323493951488	1789584323493952512	21068	5	16	2	54747004763041	54747006041802
2038	185	21	9	114	1789584323493952512	1789584323494134784	1789584323494134784	1789584323494135808	1789584323494136832	21073	1	24	1	54747006504563	54747006506409
2039	185	26	69	114	1789584323494136832	1789584323494315008	1789584323494315008	1789584323494586368	1789584323494587392	21074	4	32	1	54747006958604	54747007639760
2040	185	35	13	114	1789584323494587392	1789584323495313408	1789584323495313408	1789584323495314432	1789584323495315456	21078	1	43	1	54747009471892	54747009474756
2041	185	38	45	114	1789584323495315456	1789584323495318528	1789584323495318528	1789584323495323648	1789584323495324672	21079	3	46	3	54747009485338	54747009496847
2042	185	42	25	114	1789584323495324672	1789584323495495680	1789584323495495680	1789584323495770112	1789584323495771136	21082	4	53	1	54747009931732	54747010619495
2043	185	49	49	114	1789584323495771136	1789584323496501248	1789584323496501248	1789584323496502272	1789584323496503296	21086	1	62	1	54747012462397	54747012465366
2044	185	53	113	114	1789584323496503296	1789584323496506368	1789584323496506368	1789584323496511488	1789584323496512512	21087	3	66	3	54747012476121	54747012486920
2045	185	57	93	114	1789584323496512512	1789584323496685568	1789584323496685568	1789584323496957952	1789584323496958976	21090	4	73	1	54747012926812	54747013612132
2046	186	4	102	116	1789584323492782080	1789584323492948992	1789584323492948992	1789584323492950016	1789584323492951040	21094	1	3	1	54750894797534	54750894799911
2047	186	11	2	116	1789584323492951040	1789584323493129216	1789584323493129216	1789584323493399552	1789584323493400576	21095	4	12	1	54750895251627	54750895931114
2048	186	14	30	116	1789584323493400576	1789584323493443584	1789584323493443584	1789584323493957632	1789584323493958656	21099	5	16	2	54750896041562	54750897335792
2049	186	21	10	116	1789584323493958656	1789584323494134784	1789584323494134784	1789584323494135808	1789584323494136832	21104	1	24	1	54750897782834	54750897784641
2050	186	26	70	116	1789584323494136832	1789584323494315008	1789584323494315008	1789584323494586368	1789584323494587392	21105	4	32	1	54750898237074	54750898918778
2051	186	35	14	116	1789584323494587392	1789584323495313408	1789584323495313408	1789584323495314432	1789584323495315456	21109	1	43	1	54750900750037	54750900752867
2052	186	38	46	116	1789584323495315456	1789584323495318528	1789584323495318528	1789584323495323648	1789584323495324672	21110	3	46	3	54750900763601	54750900774869
2053	186	42	26	116	1789584323495324672	1789584323495495680	1789584323495495680	1789584323495770112	1789584323495771136	21113	4	53	1	54750901209764	54750901898566
2054	186	49	50	116	1789584323495771136	1789584323496501248	1789584323496501248	1789584323496502272	1789584323496503296	21117	1	62	1	54750903740042	54750903742950
2055	186	53	114	116	1789584323496503296	1789584323496506368	1789584323496506368	1789584323496511488	1789584323496512512	21118	3	66	3	54750903753766	54750903764606
2056	186	57	94	116	1789584323496512512	1789584323496685568	1789584323496685568	1789584323496956928	1789584323496957952	21121	4	73	1	54750904204496	54750904887427
2057	187	4	103	118	1789584323492782080	1789584323492948992	1789584323492948992	1789584323492950016	1789584323492951040	21125	1	3	1	54761928561235	54761928563686
2058	187	11	3	118	1789584323492951040	1789584323493129216	1789584323493129216	1789584323493399552	1789584323493400576	21126	4	12	1	54761929015318	54761929694669
2059	187	14	31	118	1789584323493400576	1789584323493443584	1789584323493443584	1789584323493954560	1789584323493955584	21130	5	16	2	54761929805478	54761931093016
2060	187	21	11	118	1789584323493955584	1789584323494134784	1789584323494134784	1789584323494135808	1789584323494136832	21135	1	24	1	54761931546855	54761931548739
2061	187	26	71	118	1789584323494136832	1789584323494315008	1789584323494315008	1789584323494590464	1789584323494591488	21136	4	32	1	54761932001179	54761932693034
2062	187	35	15	118	1789584323494591488	1789584323495313408	1789584323495313408	1789584323495314432	1789584323495315456	21140	1	43	1	54761934514523	54761934517356
2063	187	38	47	118	1789584323495315456	1789584323495318528	1789584323495318528	1789584323495323648	1789584323495324672	21141	3	46	3	54761934527829	54761934539424
2064	187	42	27	118	1789584323495324672	1789584323495495680	1789584323495495680	1789584323495770112	1789584323495771136	21144	4	53	1	54761934974196	54761935661542
2065	187	49	51	118	1789584323495771136	1789584323496501248	1789584323496501248	1789584323496502272	1789584323496503296	21148	1	62	1	54761937504907	54761937507821
2066	187	53	115	118	1789584323496503296	1789584323496506368	1789584323496506368	1789584323496511488	1789584323496512512	21149	3	66	3	54761937518654	54761937529455
2067	187	57	95	118	1789584323496512512	1789584323496685568	1789584323496685568	1789584323496953856	1789584323496955904	21152	4	73	1	54761937969394	54761938644828
2068	188	4	104	120	1789584323492782080	1789584323492948992	1789584323492948992	1789584323492950016	1789584323492951040	21156	1	3	1	54710217540827	54710217543365
2069	188	11	4	120	1789584323492951040	1789584323493129216	1789584323493129216	1789584323493395456	1789584323493396480	21157	4	12	1	54710217994517	54710218662173
2070	188	15	0	120	1789584323493396480	1789584323493962752	1789584323493962752	1789584323493976064	1789584323493977088	21161	32	18	1	54710220090173	54710220122779
2071	188	21	12	120	1789584323493977088	1789584323494134784	1789584323494134784	1789584323494135808	1789584323494136832	21193	1	24	1	54710220523032	54710220524951
2072	188	26	72	120	1789584323494136832	1789584323494315008	1789584323494315008	1789584323494583296	1789584323494584320	21194	4	32	1	54710220976863	54710221648323
2073	188	35	16	120	1789584323494584320	1789584323495313408	1789584323495313408	1789584323495314432	1789584323495315456	21198	1	43	1	54710223486386	54710223489183
2074	188	38	48	120	1789584323495315456	1789584323495318528	1789584323495318528	1789584323495323648	1789584323495324672	21199	3	46	3	54710223499428	54710223511355
2075	188	42	28	120	1789584323495324672	1789584323495495680	1789584323495495680	1789584323495773184	1789584323495775232	21202	4	53	1	54710223945434	54710224641217
2076	188	49	52	120	1789584323495775232	1789584323496501248	1789584323496501248	1789584323496502272	1789584323496503296	21206	1	62	1	54710226472749	54710226475643
2077	188	53	116	120	1789584323496503296	1789584323496506368	1789584323496506368	1789584323496511488	1789584323496512512	21207	3	66	3	54710226485964	54710226497793
2078	188	57	96	120	1789584323496512512	1789584323496685568	1789584323496685568	1789584323496960000	1789584323496961024	21210	4	73	1	54710226936561	54710227623861
2079	189	4	105	122	1789584323492782080	1789584323492948992	1789584323492948992	1789584323492950016	1789584323492951040	21214	1	3	1	54739532283934	54739532286491
2080	189	11	5	122	1789584323492951040	1789584323493129216	1789584323493129216	1789584323493398528	1789584323493399552	21215	4	12	1	54739532737898	54739533413717
2081	189	15	1	122	1789584323493399552	1789584323493962752	1789584323493962752	1789584323493976064	1789584323493977088	21219	32	18	1	54739534834483	54739534867063
2082	189	21	13	122	1789584323493977088	1789584323494134784	1789584323494134784	1789584323494135808	1789584323494136832	21251	1	24	1	54739535267503	54739535269422
2083	189	26	73	122	1789584323494136832	1789584323494315008	1789584323494315008	1789584323494580224	1789584323494581248	21252	4	32	1	54739535721292	54739536385739
2084	189	35	17	122	1789584323494581248	1789584323495313408	1789584323495313408	1789584323495314432	1789584323495315456	21256	1	43	1	54739538232719	54739538235582
2085	189	38	49	122	1789584323495315456	1789584323495318528	1789584323495318528	1789584323495323648	1789584323495324672	21257	3	46	3	54739538245830	54739538257807
2086	189	42	29	122	1789584323495324672	1789584323495495680	1789584323495495680	1789584323495766016	1789584323495767040	21260	4	53	1	54739538692143	54739539368862
2087	189	49	53	122	1789584323495767040	1789584323496501248	1789584323496501248	1789584323496502272	1789584323496503296	21264	1	62	1	54739541221213	54739541224036
2088	189	53	117	122	1789584323496503296	1789584323496506368	1789584323496506368	1789584323496511488	1789584323496512512	21265	3	66	3	54739541234603	54739541246243
2089	189	57	97	122	1789584323496512512	1789584323496685568	1789584323496685568	1789584323496955904	1789584323496956928	21268	4	73	1	54739541685221	54739542364412
2090	190	4	106	124	1789584323492782080	1789584323492948992	1789584323492948992	1789584323492950016	1789584323492951040	21272	1	3	1	54752594444979	54752594447490
2091	190	11	6	124	1789584323492951040	1789584323493129216	1789584323493129216	1789584323493402624	1789584323493403648	21273	4	12	1	54752594898971	54752595585075
2092	190	15	2	124	1789584323493403648	1789584323493962752	1789584323493962752	1789584323493976064	1789584323493977088	21277	32	18	1	54752596997123	54752597029724
2093	190	21	14	124	1789584323493977088	1789584323494134784	1789584323494134784	1789584323494135808	1789584323494136832	21309	1	24	1	54752597430280	54752597432123
2094	190	26	74	124	1789584323494136832	1789584323494315008	1789584323494315008	1789584323494585344	1789584323494586368	21310	4	32	1	54752597884488	54752598564318
2095	190	35	18	124	1789584323494586368	1789584323495313408	1789584323495313408	1789584323495314432	1789584323495315456	21314	1	43	1	54752600397771	54752600400527
2096	190	38	50	124	1789584323495315456	1789584323495318528	1789584323495318528	1789584323495323648	1789584323495324672	21315	3	46	3	54752600410898	54752600422736
2097	190	42	30	124	1789584323495324672	1789584323495495680	1789584323495495680	1789584323495771136	1789584323495773184	21318	4	53	1	54752600857012	54752601549521
2098	190	49	54	124	1789584323495773184	1789584323496501248	1789584323496501248	1789584323496502272	1789584323496503296	21322	1	62	1	54752603387806	54752603390578
2099	190	53	118	124	1789584323496503296	1789584323496506368	1789584323496506368	1789584323496511488	1789584323496512512	21323	3	66	3	54752603401556	54752603412941
2100	190	57	98	124	1789584323496512512	1789584323496685568	1789584323496685568	1789584323496960000	1789584323496961024	21326	4	73	1	54752603852155	54752604541634
2101	191	4	107	126	1789584323492782080	1789584323492948992	1789584323492948992	1789584323492950016	1789584323492951040	21330	1	3	1	54688923565679	54688923568037
2102	191	11	7	126	1789584323492951040	1789584323493129216	1789584323493129216	1789584323493400576	1789584323493401600	21331	4	12	1	54688924019233	54688924699599
2103	191	15	3	126	1789584323493401600	1789584323493962752	1789584323493962752	1789584323493976064	1789584323493977088	21335	32	18	1	54688926114111	54688926146767
2104	191	21	15	126	1789584323493977088	1789584323494134784	1789584323494134784	1789584323494135808	1789584323494136832	21367	1	24	1	54688926546703	54688926548462
2105	191	26	75	126	1789584323494136832	1789584323494315008	1789584323494315008	1789584323494585344	1789584323494586368	21368	4	32	1	54688927000436	54688927678328
2106	191	35	19	126	1789584323494586368	1789584323495313408	1789584323495313408	1789584323495314432	1789584323495315456	21372	1	43	1	54688929509320	54688929512017
2107	191	38	51	126	1789584323495315456	1789584323495318528	1789584323495318528	1789584323495323648	1789584323495324672	21373	3	46	3	54688929522648	54688929534294
2108	191	42	31	126	1789584323495324672	1789584323495495680	1789584323495495680	1789584323495771136	1789584323495772160	21376	4	53	1	54688929968468	54688930658369
2109	191	49	55	126	1789584323495772160	1789584323496501248	1789584323496501248	1789584323496502272	1789584323496503296	21380	1	62	1	54688932495094	54688932497723
2110	191	53	119	126	1789584323496503296	1789584323496506368	1789584323496506368	1789584323496511488	1789584323496512512	21381	3	66	3	54688932508528	54688932520103
2111	191	57	99	126	1789584323496512512	1789584323496685568	1789584323496685568	1789584323496957952	1789584323496958976	21384	4	73	1	54688932958695	54688933642654
2112	192	4	108	1	1789584323492782080	1789584323492948992	1789584323492948992	1789584323492950016	1789584323492951040	21388	1	3	1	54744871529019	54744871531725
2113	192	11	8	1	1789584323492951040	1789584323493129216	1789584323493129216	1789584323493401600	1789584323493402624	21389	4	12	1	54744871983169	54744872665566
2114	192	17	0	1	1789584323493402624	1789584323493978112	1789584323493978112	1789584323494126592	1789584323494127616	21393	4	20	1	54744874118616	54744874490750
2115	192	21	16	1	1789584323494127616	1789584323494134784	1789584323494134784	1789584323494135808	1789584323494136832	21397	1	24	1	54744874512452	54744874514216
2116	192	26	76	1	1789584323494136832	1789584323494315008	1789584323494315008	1789584323494585344	1789584323494586368	21398	4	32	1	54744874966827	54744875645559
2117	192	35	20	1	1789584323494586368	1789584323495313408	1789584323495313408	1789584323495314432	1789584323495315456	21402	1	43	1	54744877478511	54744877481143
2118	192	38	52	1	1789584323495315456	1789584323495318528	1789584323495318528	1789584323495323648	1789584323495324672	21403	3	46	3	54744877491509	54744877503157
2119	192	42	32	1	1789584323495324672	1789584323495495680	1789584323495495680	1789584323495768064	1789584323495769088	21406	4	53	1	54744877937625	54744878620486
2120	192	49	56	1	1789584323495769088	1789584323496501248	1789584323496501248	1789584323496502272	1789584323496503296	21410	1	62	1	54744880466865	54744880469598
2121	192	53	120	1	1789584323496503296	1789584323496506368	1789584323496506368	1789584323496511488	1789584323496512512	21411	3	66	3	54744880479982	54744880491505
2122	192	57	100	1	1789584323496512512	1789584323496685568	1789584323496685568	1789584323496960000	1789584323496961024	21414	4	73	1	54744880931321	54744881618603
2123	193	4	109	3	1789584323492782080	1789584323492948992	1789584323492948992	1789584323492950016	1789584323492951040	21418	1	3	1	54766048502629	54766048505156
2124	193	11	9	3	1789584323492951040	1789584323493129216	1789584323493129216	1789584323493396480	1789584323493397504	21419	4	12	1	54766048956687	54766049628237
2125	193	17	1	3	1789584323493397504	1789584323493978112	1789584323493978112	1789584323494126592	1789584323494127616	21423	4	20	1	54766051093528	54766051466671
2126	193	21	17	3	1789584323494127616	1789584323494134784	1789584323494134784	1789584323494135808	1789584323494136832	21427	1	24	1	54766051487597	54766051489398
2127	193	26	77	3	1789584323494136832	1789584323494315008	1789584323494315008	1789584323494587392	1789584323494588416	21428	4	32	1	54766051942337	54766052626964
2128	193	35	21	3	1789584323494588416	1789584323495313408	1789584323495313408	1789584323495314432	1789584323495315456	21432	1	43	1	54766054455936	54766054458626
2129	193	38	53	3	1789584323495315456	1789584323495318528	1789584323495318528	1789584323495323648	1789584323495324672	21433	3	46	3	54766054468962	54766054480648
2130	193	42	33	3	1789584323495324672	1789584323495495680	1789584323495495680	1789584323495761920	1789584323495762944	21436	4	53	1	54766054915294	54766055583474
2131	193	49	57	3	1789584323495763968	1789584323496501248	1789584323496501248	1789584323496502272	1789584323496503296	21440	1	62	1	54766057446008	54766057448834
2132	193	53	121	3	1789584323496503296	1789584323496506368	1789584323496506368	1789584323496511488	1789584323496512512	21441	3	66	3	54766057459064	54766057470645
2133	193	57	101	3	1789584323496512512	1789584323496685568	1789584323496685568	1789584323496955904	1789584323496956928	21444	4	73	1	54766057910486	54766058590089
2134	194	4	110	5	1789584323492782080	1789584323492948992	1789584323492948992	1789584323492950016	1789584323492951040	21448	1	3	1	54747003518954	54747003521480
2135	194	11	10	5	1789584323492951040	1789584323493129216	1789584323493129216	1789584323493404672	1789584323493405696	21449	4	12	1	54747003973072	54747004665828
2136	194	17	2	5	1789584323493405696	1789584323493978112	1789584323493978112	1789584323494127616	1789584323494128640	21453	4	20	1	54747006109905	54747006485513
2137	194	21	18	5	1789584323494128640	1789584323494134784	1789584323494134784	1789584323494135808	1789584323494135808	21457	1	24	1	54747006503811	54747006505542
2138	194	26	78	5	1789584323494135808	1789584323494315008	1789584323494315008	1789584323494588416	1789584323494589440	21458	4	32	1	54747006958922	54747007645822
2139	194	35	22	5	1789584323494589440	1789584323495313408	1789584323495313408	1789584323495314432	1789584323495315456	21462	1	43	1	54747009472120	54747009474903
2140	194	38	54	5	1789584323495315456	1789584323495318528	1789584323495318528	1789584323495323648	1789584323495324672	21463	3	46	3	54747009485160	54747009497018
2141	194	42	34	5	1789584323495324672	1789584323495495680	1789584323495495680	1789584323495774208	1789584323495775232	21466	4	53	1	54747009931671	54747010629573
2142	194	49	58	5	1789584323495775232	1789584323496501248	1789584323496501248	1789584323496502272	1789584323496503296	21470	1	62	1	54747012462543	54747012465477
2143	194	53	122	5	1789584323496503296	1789584323496506368	1789584323496506368	1789584323496511488	1789584323496512512	21471	3	66	3	54747012475869	54747012487353
2144	194	57	102	5	1789584323496512512	1789584323496685568	1789584323496685568	1789584323496960000	1789584323496962048	21474	4	73	1	54747012927178	54747013617726
2145	195	4	111	7	1789584323492782080	1789584323492948992	1789584323492948992	1789584323492950016	1789584323492951040	21478	1	3	1	54750894797653	54750894800153
2146	195	11	11	7	1789584323492951040	1789584323493129216	1789584323493129216	1789584323493401600	1789584323493402624	21479	4	12	1	54750895251874	54750895935108
2147	195	17	3	7	1789584323493402624	1789584323493978112	1789584323493978112	1789584323494129664	1789584323494130688	21483	4	20	1	54750897388410	54750897769206
2148	195	21	19	7	1789584323494130688	1789584323494134784	1789584323494134784	1789584323494134784	1789584323494135808	21487	1	24	1	54750897781986	54750897783808
2149	195	26	79	7	1789584323494135808	1789584323494315008	1789584323494315008	1789584323494586368	1789584323494587392	21488	4	32	1	54750898237260	54750898917410
2150	195	35	23	7	1789584323494587392	1789584323495313408	1789584323495313408	1789584323495314432	1789584323495315456	21492	1	43	1	54750900750288	54750900753013
2151	195	38	55	7	1789584323495315456	1789584323495318528	1789584323495318528	1789584323495323648	1789584323495324672	21493	3	46	3	54750900763470	54750900775062
2152	195	42	35	7	1789584323495324672	1789584323495495680	1789584323495495680	1789584323495773184	1789584323495774208	21496	4	53	1	54750901209721	54750901906207
2153	195	49	59	7	1789584323495774208	1789584323496501248	1789584323496501248	1789584323496502272	1789584323496503296	21500	1	62	1	54750903740103	54750903742996
2154	195	53	123	7	1789584323496503296	1789584323496506368	1789584323496506368	1789584323496511488	1789584323496512512	21501	3	66	3	54750903753414	54750903764998
2155	195	57	103	7	1789584323496512512	1789584323496685568	1789584323496685568	1789584323496960000	1789584323496961024	21504	4	73	1	54750904204793	54750904893361
2156	196	4	112	9	1789584323492782080	1789584323492948992	1789584323492948992	1789584323492950016	1789584323492951040	21508	1	3	1	54761928561370	54761928563887
2157	196	11	12	9	1789584323492951040	1789584323493129216	1789584323493129216	1789584323493402624	1789584323493403648	21509	4	12	1	54761929015518	54761929702555
2158	196	17	4	9	1789584323493403648	1789584323493978112	1789584323493978112	1789584323494128640	1789584323494129664	21513	4	20	1	54761931152389	54761931531547
2159	196	21	20	9	1789584323494129664	1789584323494134784	1789584323494134784	1789584323494134784	1789584323494135808	21517	1	24	1	54761931545853	54761931547816
2160	196	26	80	9	1789584323494135808	1789584323494315008	1789584323494315008	1789584323494585344	1789584323494586368	21518	4	32	1	54761932001284	54761932680475
2161	196	35	24	9	1789584323494586368	1789584323495313408	1789584323495313408	1789584323495314432	1789584323495315456	21522	1	43	1	54761934514861	54761934517575
2162	196	38	56	9	1789584323495315456	1789584323495318528	1789584323495318528	1789584323495323648	1789584323495324672	21523	3	46	3	54761934527765	54761934539664
2163	196	42	36	9	1789584323495324672	1789584323495495680	1789584323495495680	1789584323495768064	1789584323495769088	21526	4	53	1	54761934974244	54761935658294
2164	196	49	60	9	1789584323495769088	1789584323496501248	1789584323496501248	1789584323496502272	1789584323496503296	21530	1	62	1	54761937505187	54761937507998
2165	196	53	124	9	1789584323496503296	1789584323496506368	1789584323496506368	1789584323496511488	1789584323496512512	21531	3	66	3	54761937518536	54761937530017
2166	196	57	104	9	1789584323496512512	1789584323496685568	1789584323496685568	1789584323496958976	1789584323496960000	21534	4	73	1	54761937969660	54761938657562
2167	197	4	113	11	1789584323492782080	1789584323492948992	1789584323492948992	1789584323492950016	1789584323492951040	21538	1	3	1	54710217540946	54710217543525
2168	197	11	13	11	1789584323492951040	1789584323493129216	1789584323493129216	1789584323493400576	1789584323493401600	21539	4	12	1	54710217994758	54710218675099
2169	197	17	5	11	1789584323493401600	1789584323493978112	1789584323493978112	1789584323494127616	1789584323494128640	21543	4	20	1	54710220128898	54710220504430
2170	197	21	21	11	1789584323494128640	1789584323494134784	1789584323494134784	1789584323494135808	1789584323494135808	21547	1	24	1	54710220522113	54710220524134
2171	197	26	81	11	1789584323494135808	1789584323494315008	1789584323494315008	1789584323494586368	1789584323494587392	21548	4	32	1	54710220976712	54710221656816
2172	197	35	25	11	1789584323494587392	1789584323495313408	1789584323495313408	1789584323495314432	1789584323495315456	21552	1	43	1	54710223486573	54710223489246
2173	197	38	57	11	1789584323495315456	1789584323495318528	1789584323495318528	1789584323495323648	1789584323495324672	21553	3	46	3	54710223499508	54710223511330
2174	197	42	37	11	1789584323495324672	1789584323495495680	1789584323495495680	1789584323495771136	1789584323495772160	21556	4	53	1	54710223945383	54710224633756
2175	197	49	61	11	1789584323495772160	1789584323496501248	1789584323496501248	1789584323496502272	1789584323496503296	21560	1	62	1	54710226472690	54710226475668
2176	197	53	125	11	1789584323496503296	1789584323496506368	1789584323496506368	1789584323496511488	1789584323496512512	21561	3	66	3	54710226486276	54710226497669
2177	197	57	105	11	1789584323496512512	1789584323496685568	1789584323496685568	1789584323496953856	1789584323496955904	21564	4	73	1	54710226936824	54710227610419
2178	198	4	114	13	1789584323492782080	1789584323492948992	1789584323492948992	1789584323492950016	1789584323492951040	21568	1	3	1	54739532284064	54739532286588
2179	198	11	14	13	1789584323492951040	1789584323493129216	1789584323493129216	1789584323493402624	1789584323493403648	21569	4	12	1	54739532737980	54739533423370
2180	198	17	6	13	1789584323493403648	1789584323493978112	1789584323493978112	1789584323494125568	1789584323494126592	21573	4	20	1	54739534873207	54739535244755
2181	198	21	22	13	1789584323494127616	1789584323494134784	1789584323494134784	1789584323494135808	1789584323494135808	21577	1	24	1	54739535266523	54739535268511
2182	198	26	82	13	1789584323494135808	1789584323494315008	1789584323494315008	1789584323494583296	1789584323494584320	21578	4	32	1	54739535721421	54739536393184
2183	198	35	26	13	1789584323494584320	1789584323495313408	1789584323495313408	1789584323495314432	1789584323495315456	21582	1	43	1	54739538233039	54739538235725
2184	198	38	58	13	1789584323495315456	1789584323495318528	1789584323495318528	1789584323495323648	1789584323495324672	21583	3	46	3	54739538246231	54739538257823
2185	198	42	38	13	1789584323495324672	1789584323495495680	1789584323495495680	1789584323495778304	1789584323495779328	21586	4	53	1	54739538692038	54739539400199
2186	198	49	62	13	1789584323495779328	1789584323496501248	1789584323496501248	1789584323496502272	1789584323496503296	21590	1	62	1	54739541221166	54739541224095
2187	198	53	126	13	1789584323496503296	1789584323496506368	1789584323496506368	1789584323496511488	1789584323496512512	21591	3	66	3	54739541234439	54739541246080
2188	198	57	106	13	1789584323496512512	1789584323496685568	1789584323496685568	1789584323496961024	1789584323496962048	21594	4	73	1	54739541685776	54739542375819
2189	199	4	115	15	1789584323492782080	1789584323492948992	1789584323492948992	1789584323492950016	1789584323492951040	21598	1	3	1	54752594445127	54752594447652
2190	199	11	15	15	1789584323492951040	1789584323493129216	1789584323493129216	1789584323493398528	1789584323493400576	21599	4	12	1	54752594899228	54752595576496
2191	199	17	7	15	1789584323493400576	1789584323493978112	1789584323493978112	1789584323494125568	1789584323494126592	21603	4	20	1	54752597035839	54752597407636
2192	199	21	23	15	1789584323494126592	1789584323494134784	1789584323494134784	1789584323494135808	1789584323494135808	21607	1	24	1	54752597429728	54752597431578
2193	199	26	83	15	1789584323494136832	1789584323494315008	1789584323494315008	1789584323494585344	1789584323494586368	21608	4	32	1	54752597884601	54752598563210
2194	199	35	27	15	1789584323494586368	1789584323495313408	1789584323495313408	1789584323495314432	1789584323495315456	21612	1	43	1	54752600397755	54752600400555
2195	199	38	59	15	1789584323495315456	1789584323495318528	1789584323495318528	1789584323495323648	1789584323495324672	21613	3	46	3	54752600410821	54752600422718
2196	199	42	39	15	1789584323495324672	1789584323495495680	1789584323495495680	1789584323495772160	1789584323495773184	21616	4	53	1	54752600857286	54752601550957
2197	199	49	63	15	1789584323495773184	1789584323496501248	1789584323496501248	1789584323496502272	1789584323496503296	21620	1	62	1	54752603387843	54752603390763
2198	199	53	127	15	1789584323496503296	1789584323496506368	1789584323496506368	1789584323496511488	1789584323496512512	21621	3	66	3	54752603401367	54752603412783
2199	199	57	107	15	1789584323496512512	1789584323496685568	1789584323496685568	1789584323496957952	1789584323496958976	21624	4	73	1	54752603852419	54752604535807
2200	200	4	116	17	1789584323492782080	1789584323492948992	1789584323492948992	1789584323492950016	1789584323492951040	21628	1	3	1	54688923565793	54688923568260
2201	200	11	16	17	1789584323492951040	1789584323493129216	1789584323493129216	1789584323493402624	1789584323493403648	21629	4	12	1	54688924019485	54688924703514
2202	200	16	0	17	1789584323493403648	1789584323493978112	1789584323493978112	1789584323494128640	1789584323494129664	21633	4	19	1	54688926152835	54688926530123
2203	200	21	24	17	1789584323494129664	1789584323494134784	1789584323494134784	1789584323494134784	1789584323494135808	21637	1	24	1	54688926545554	54688926547422
2204	200	26	84	17	1789584323494135808	1789584323494315008	1789584323494315008	1789584323494584320	1789584323494585344	21638	4	32	1	54688927000719	54688927673954
2205	200	35	28	17	1789584323494585344	1789584323495313408	1789584323495313408	1789584323495314432	1789584323495315456	21642	1	43	1	54688929509403	54688929512174
2206	200	38	60	17	1789584323495315456	1789584323495318528	1789584323495318528	1789584323495323648	1789584323495324672	21643	3	46	3	54688929522700	54688929534101
2207	200	42	40	17	1789584323495324672	1789584323495495680	1789584323495495680	1789584323495766016	1789584323495767040	21646	4	53	1	54688929968312	54688930644984
2208	200	49	64	17	1789584323495767040	1789584323496501248	1789584323496501248	1789584323496502272	1789584323496503296	21650	1	62	1	54688932494976	54688932497816
2209	200	54	0	17	1789584323496503296	1789584323496513536	1789584323496513536	1789584323496666112	1789584323496667136	21651	129	69	2	54688932524977	54688932908711
2210	200	57	108	17	1789584323496667136	1789584323496685568	1789584323496685568	1789584323496958976	1789584323496960000	21780	4	73	1	54688932959034	54688933644462
2211	201	4	117	19	1789584323492782080	1789584323492948992	1789584323492948992	1789584323492950016	1789584323492951040	21784	1	3	1	54736606419852	54736606422257
2212	201	11	17	19	1789584323492951040	1789584323493129216	1789584323493129216	1789584323493401600	1789584323493402624	21785	4	12	1	54736606873677	54736607558409
2213	201	16	1	19	1789584323493402624	1789584323493978112	1789584323493978112	1789584323494129664	1789584323494130688	21789	4	19	1	54736609009518	54736609389752
2214	201	21	25	19	1789584323494130688	1789584323494134784	1789584323494134784	1789584323494134784	1789584323494135808	21793	1	24	1	54736609402942	54736609404651
2215	201	26	85	19	1789584323494135808	1789584323494315008	1789584323494315008	1789584323494585344	1789584323494586368	21794	4	32	1	54736609857852	54736610536447
2216	201	35	29	19	1789584323494586368	1789584323495313408	1789584323495313408	1789584323495314432	1789584323495315456	21798	1	43	1	54736612369856	54736612372530
2217	201	38	61	19	1789584323495315456	1789584323495318528	1789584323495318528	1789584323495323648	1789584323495324672	21799	3	46	3	54736612382862	54736612394549
2218	201	42	41	19	1789584323495324672	1789584323495495680	1789584323495495680	1789584323495769088	1789584323495770112	21802	4	53	1	54736612829031	54736613514328
2219	201	49	65	19	1789584323495770112	1789584323496501248	1789584323496501248	1789584323496502272	1789584323496503296	21806	1	62	1	54736615358295	54736615361118
2220	201	54	1	19	1789584323496503296	1789584323496513536	1789584323496513536	1789584323496664064	1789584323496665088	21807	129	69	2	54736615388310	54736615769202
2221	201	57	109	19	1789584323496666112	1789584323496685568	1789584323496685568	1789584323496955904	1789584323496956928	21936	4	73	1	54736615822706	54736616500650
2222	202	4	118	21	1789584323492782080	1789584323492948992	1789584323492948992	1789584323492950016	1789584323492951040	21940	1	3	1	54752164895455	54752164897947
2223	202	11	18	21	1789584323492951040	1789584323493129216	1789584323493129216	1789584323493401600	1789584323493402624	21941	4	12	1	54752165349433	54752166032391
2224	202	16	2	21	1789584323493402624	1789584323493978112	1789584323493978112	1789584323494128640	1789584323494129664	21945	4	19	1	54752167486016	54752167864081
2225	202	21	26	21	1789584323494129664	1789584323494134784	1789584323494134784	1789584323494134784	1789584323494135808	21949	1	24	1	54752167879373	54752167881011
2226	202	26	86	21	1789584323494135808	1789584323494315008	1789584323494315008	1789584323494586368	1789584323494587392	21950	4	32	1	54752168334575	54752169015184
2227	202	35	30	21	1789584323494587392	1789584323495313408	1789584323495313408	1789584323495314432	1789584323495315456	21954	1	43	1	54752170847444	54752170850212
2228	202	38	62	21	1789584323495315456	1789584323495318528	1789584323495318528	1789584323495323648	1789584323495324672	21955	3	46	3	54752170860796	54752170872284
2229	202	42	42	21	1789584323495324672	1789584323495495680	1789584323495495680	1789584323495770112	1789584323495771136	21958	4	53	1	54752171306926	54752171994513
2230	202	49	66	21	1789584323495771136	1789584323496501248	1789584323496501248	1789584323496502272	1789584323496503296	21962	1	62	1	54752173837161	54752173839996
2231	202	54	2	21	1789584323496503296	1789584323496513536	1789584323496513536	1789584323496664064	1789584323496665088	21963	129	69	2	54752173867019	54752174248275
2232	202	57	110	21	1789584323496666112	1789584323496685568	1789584323496685568	1789584323496954880	1789584323496955904	22092	4	73	1	54752174301568	54752174978427
2233	203	4	119	23	1789584323492782080	1789584323492948992	1789584323492948992	1789584323492950016	1789584323492951040	22096	1	3	1	54744871529208	54744871531752
2234	203	11	19	23	1789584323492951040	1789584323493129216	1789584323493129216	1789584323493400576	1789584323493401600	22097	4	12	1	54744871983159	54744872663280
2235	203	16	3	23	1789584323493401600	1789584323493978112	1789584323493978112	1789584323494127616	1789584323494128640	22101	4	19	1	54744874118593	54744874494891
2236	203	21	27	23	1789584323494128640	1789584323494134784	1789584323494134784	1789584323494134784	1789584323494135808	22105	1	24	1	54744874511769	54744874513693
2237	203	26	87	23	1789584323494135808	1789584323494315008	1789584323494315008	1789584323494584320	1789584323494585344	22106	4	32	1	54744874966791	54744875641406
2238	203	35	31	23	1789584323494585344	1789584323495313408	1789584323495313408	1789584323495314432	1789584323495315456	22110	1	43	1	54744877478237	54744877481024
2239	203	38	63	23	1789584323495315456	1789584323495318528	1789584323495318528	1789584323495323648	1789584323495324672	22111	3	46	3	54744877491388	54744877503023
2240	203	42	43	23	1789584323495324672	1789584323495495680	1789584323495495680	1789584323495764992	1789584323495766016	22114	4	53	1	54744877937500	54744878612860
2241	203	49	67	23	1789584323495766016	1789584323496501248	1789584323496501248	1789584323496502272	1789584323496503296	22118	1	62	1	54744880466644	54744880469532
2242	203	54	3	23	1789584323496503296	1789584323496513536	1789584323496513536	1789584323496663040	1789584323496665088	22119	129	69	2	54744880496682	54744880874780
2243	203	57	111	23	1789584323496665088	1789584323496685568	1789584323496685568	1789584323496960000	1789584323496961024	22248	4	73	1	54744880931020	54744881620809
2244	204	4	120	25	1789584323492782080	1789584323492948992	1789584323492948992	1789584323492950016	1789584323492951040	22252	1	3	1	54766048502482	54766048505043
2245	204	11	20	25	1789584323492951040	1789584323493129216	1789584323493129216	1789584323493398528	1789584323493399552	22253	4	12	1	54766048956670	54766049631898
2246	204	16	4	25	1789584323493399552	1789584323493978112	1789584323493978112	1789584323494127616	1789584323494128640	22257	4	19	1	54766051093511	54766051470409
2247	204	21	28	25	1789584323494128640	1789584323494134784	1789584323494134784	1789584323494135808	1789584323494135808	22261	1	24	1	54766051487360	54766051489276
2248	204	26	88	25	1789584323494136832	1789584323494315008	1789584323494315008	1789584323494588416	1789584323494589440	22262	4	32	1	54766051942581	54766052628180
2249	204	34	0	25	1789584323494589440	1789584323495313408	1789584323495313408	1789584323495314432	1789584323495315456	22266	1	42	1	54766054455892	54766054458572
2250	204	38	64	25	1789584323495315456	1789584323495318528	1789584323495318528	1789584323495323648	1789584323495324672	22267	3	46	3	54766054469390	54766054480813
2251	204	42	44	25	1789584323495324672	1789584323495495680	1789584323495495680	1789584323495768064	1789584323495769088	22270	4	53	1	54766054915146	54766055599224
2252	204	49	68	25	1789584323495769088	1789584323496501248	1789584323496501248	1789584323496502272	1789584323496503296	22274	1	62	1	54766057445826	54766057448785
2253	204	54	4	25	1789584323496503296	1789584323496513536	1789584323496513536	1789584323496664064	1789584323496665088	22275	129	69	2	54766057475771	54766057855995
2254	204	58	0	25	1789584323496665088	1789584323496965120	1789584323496965120	1789584323496996864	1789584323496998912	22404	224	74	2	54766058612901	54766058693862
2255	205	4	121	27	1789584323492782080	1789584323492948992	1789584323492948992	1789584323492950016	1789584323492951040	22628	1	3	1	54747003518878	54747003521395
2256	205	11	21	27	1789584323492951040	1789584323493129216	1789584323493129216	1789584323493400576	1789584323493401600	22629	4	12	1	54747003972925	54747004654822
2257	205	16	5	27	1789584323493401600	1789584323493978112	1789584323493978112	1789584323494127616	1789584323494128640	22633	4	19	1	54747006109876	54747006486365
2258	205	21	29	27	1789584323494128640	1789584323494134784	1789584323494134784	1789584323494134784	1789584323494135808	22637	1	24	1	54747006503213	54747006505082
2259	205	26	89	27	1789584323494135808	1789584323494315008	1789584323494315008	1789584323494591488	1789584323494592512	22638	4	32	1	54747006958712	54747007652303
2260	205	34	1	27	1789584323494592512	1789584323495313408	1789584323495313408	1789584323495314432	1789584323495315456	22642	1	42	1	54747009472209	54747009474912
2261	205	38	65	27	1789584323495315456	1789584323495318528	1789584323495318528	1789584323495323648	1789584323495324672	22643	3	46	3	54747009485620	54747009497171
2262	205	42	45	27	1789584323495324672	1789584323495495680	1789584323495495680	1789584323495772160	1789584323495773184	22646	4	53	1	54747009931747	54747010625267
2263	205	49	69	27	1789584323495773184	1789584323496501248	1789584323496501248	1789584323496502272	1789584323496503296	22650	1	62	1	54747012462475	54747012465393
2264	205	54	5	27	1789584323496503296	1789584323496513536	1789584323496513536	1789584323496665088	1789584323496666112	22651	129	69	2	54747012492607	54747012875445
2265	205	58	1	27	1789584323496666112	1789584323496965120	1789584323496965120	1789584323496995840	1789584323496996864	22780	224	74	2	54747013629623	54747013707745
2266	206	4	122	29	1789584323492782080	1789584323492948992	1789584323492948992	1789584323492950016	1789584323492951040	23004	1	3	1	54750894797586	54750894799973
2267	206	11	22	29	1789584323492951040	1789584323493129216	1789584323493129216	1789584323493401600	1789584323493402624	23005	4	12	1	54750895251636	54750895936141
2268	206	16	6	29	1789584323493402624	1789584323493978112	1789584323493978112	1789584323494129664	1789584323494130688	23009	4	19	1	54750897388376	54750897768735
2269	206	21	30	29	1789584323494130688	1789584323494134784	1789584323494134784	1789584323494134784	1789584323494135808	23013	1	24	1	54750897781717	54750897783547
2270	206	26	90	29	1789584323494135808	1789584323494315008	1789584323494315008	1789584323494589440	1789584323494590464	23014	4	32	1	54750898237161	54750898925139
2271	206	34	2	29	1789584323494590464	1789584323495313408	1789584323495313408	1789584323495314432	1789584323495315456	23018	1	42	1	54750900750218	54750900752890
2272	206	38	66	29	1789584323495315456	1789584323495318528	1789584323495318528	1789584323495323648	1789584323495324672	23019	3	46	3	54750900763566	54750900775266
2273	206	42	46	29	1789584323495324672	1789584323495495680	1789584323495495680	1789584323495769088	1789584323495770112	23022	4	53	1	54750901209660	54750901894433
2274	206	49	70	29	1789584323495770112	1789584323496501248	1789584323496501248	1789584323496502272	1789584323496503296	23026	1	62	1	54750903740075	54750903743067
2275	206	54	6	29	1789584323496503296	1789584323496513536	1789584323496513536	1789584323496667136	1789584323496668160	23027	129	69	2	54750903770100	54750904156921
2276	206	58	2	29	1789584323496668160	1789584323496965120	1789584323496965120	1789584323496994816	1789584323496995840	23156	224	74	2	54750904907054	54750904982333
2277	207	4	123	31	1789584323492782080	1789584323492948992	1789584323492948992	1789584323492950016	1789584323492951040	23380	1	3	1	54761928561290	54761928563772
2278	207	11	23	31	1789584323492951040	1789584323493129216	1789584323493129216	1789584323493402624	1789584323493403648	23381	4	12	1	54761929015334	54761929701589
2279	207	16	7	31	1789584323493403648	1789584323493978112	1789584323493978112	1789584323494129664	1789584323494130688	23385	4	19	1	54761931152367	54761931533556
2280	207	21	31	31	1789584323494130688	1789584323494134784	1789584323494134784	1789584323494134784	1789584323494135808	23389	1	24	1	54761931546019	54761931547921
2281	207	26	91	31	1789584323494135808	1789584323494315008	1789584323494315008	1789584323494589440	1789584323494590464	23390	4	32	1	54761932001482	54761932690925
2282	207	34	3	31	1789584323494590464	1789584323495313408	1789584323495313408	1789584323495314432	1789584323495315456	23394	1	42	1	54761934514804	54761934517482
2283	207	38	67	31	1789584323495315456	1789584323495318528	1789584323495318528	1789584323495323648	1789584323495324672	23395	3	46	3	54761934528135	54761934539654
2284	207	42	47	31	1789584323495324672	1789584323495495680	1789584323495495680	1789584323495776256	1789584323495777280	23398	4	53	1	54761934974346	54761935678109
2285	207	49	71	31	1789584323495777280	1789584323496501248	1789584323496501248	1789584323496502272	1789584323496503296	23402	1	62	1	54761937504981	54761937507909
2286	207	54	7	31	1789584323496503296	1789584323496513536	1789584323496513536	1789584323496666112	1789584323496667136	23403	129	69	2	54761937535006	54761937920752
2287	207	58	3	31	1789584323496667136	1789584323496965120	1789584323496965120	1789584323496995840	1789584323496996864	23532	224	74	2	54761938672214	54761938750361
2288	208	4	124	33	1789584323492782080	1789584323492948992	1789584323492948992	1789584323492950016	1789584323492951040	23756	1	3	1	54710217540941	54710217543478
2289	208	11	24	33	1789584323492951040	1789584323493129216	1789584323493129216	1789584323493397504	1789584323493398528	23757	4	12	1	54710217994554	54710218667494
2290	208	16	8	33	1789584323493398528	1789584323493978112	1789584323493978112	1789584323494127616	1789584323494128640	23761	4	19	1	54710220128873	54710220504991
2291	208	23	0	33	1789584323494128640	1789584323494136832	1789584323494136832	1789584323494141952	1789584323494142976	23765	3	26	3	54710220528386	54710220540091
2292	208	26	92	33	1789584323494142976	1789584323494315008	1789584323494315008	1789584323494589440	1789584323494590464	23768	4	32	1	54710220976820	54710221664514
2293	208	34	4	33	1789584323494590464	1789584323495313408	1789584323495313408	1789584323495314432	1789584323495315456	23772	1	42	1	54710223486488	54710223489179
2294	208	38	68	33	1789584323495315456	1789584323495318528	1789584323495318528	1789584323495323648	1789584323495324672	23773	3	46	3	54710223500055	54710223510941
2295	208	42	48	33	1789584323495324672	1789584323495495680	1789584323495495680	1789584323495769088	1789584323495770112	23776	4	53	1	54710223945312	54710224630075
2296	208	49	72	33	1789584323495770112	1789584323496501248	1789584323496501248	1789584323496502272	1789584323496503296	23780	1	62	1	54710226472661	54710226475661
2297	208	54	8	33	1789584323496503296	1789584323496513536	1789584323496513536	1789584323496665088	1789584323496667136	23781	129	69	2	54710226502570	54710226886096
2298	208	59	0	33	1789584323496667136	1789584323496998912	1789584323496998912	1789584323497512960	1789584323497512960	23910	5	76	2	54710227723228	54710229017094
2299	209	4	125	35	1789584323492782080	1789584323492948992	1789584323492948992	1789584323492950016	1789584323492951040	23915	1	3	1	54739532284044	54739532286549
2300	209	11	25	35	1789584323492951040	1789584323493129216	1789584323493129216	1789584323493400576	1789584323493402624	23916	4	12	1	54739532737865	54739533419898
2301	209	16	9	35	1789584323493402624	1789584323493978112	1789584323493978112	1789584323494127616	1789584323494128640	23920	4	19	1	54739534873184	54739535248075
2302	209	23	1	35	1789584323494128640	1789584323494136832	1789584323494136832	1789584323494141952	1789584323494142976	23924	3	26	3	54739535273149	54739535284476
2303	209	26	93	35	1789584323494142976	1789584323494315008	1789584323494315008	1789584323494584320	1789584323494585344	23927	4	32	1	54739535721617	54739536397119
2304	209	34	5	35	1789584323494585344	1789584323495313408	1789584323495313408	1789584323495314432	1789584323495315456	23931	1	42	1	54739538233002	54739538235659
2305	209	38	69	35	1789584323495315456	1789584323495318528	1789584323495318528	1789584323495323648	1789584323495324672	23932	3	46	3	54739538246514	54739538257375
2306	209	42	49	35	1789584323495324672	1789584323495495680	1789584323495495680	1789584323495764992	1789584323495766016	23935	4	53	1	54739538692056	54739539367373
2307	209	49	73	35	1789584323495766016	1789584323496501248	1789584323496501248	1789584323496502272	1789584323496503296	23939	1	62	1	54739541221089	54739541224038
2308	209	54	9	35	1789584323496503296	1789584323496513536	1789584323496513536	1789584323496663040	1789584323496664064	23940	129	69	2	54739541250929	54739541628440
2309	209	59	1	35	1789584323496664064	1789584323496998912	1789584323496998912	1789584323497501696	1789584323497501696	24069	5	76	2	54739542472267	54739543738385
2310	210	4	126	37	1789584323492782080	1789584323492948992	1789584323492948992	1789584323492950016	1789584323492951040	24074	1	3	1	54752594445039	54752594447523
2311	210	11	26	37	1789584323492951040	1789584323493129216	1789584323493129216	1789584323493398528	1789584323493399552	24075	4	12	1	54752594898976	54752595575017
2312	210	16	10	37	1789584323493399552	1789584323493978112	1789584323493978112	1789584323494127616	1789584323494128640	24079	4	19	1	54752597035818	54752597411536
2313	210	23	2	37	1789584323494128640	1789584323494136832	1789584323494136832	1789584323494141952	1789584323494142976	24083	3	26	3	54752597436140	54752597447553
2314	210	26	94	37	1789584323494142976	1789584323494315008	1789584323494315008	1789584323494584320	1789584323494585344	24086	4	32	1	54752597884630	54752598561941
2315	210	34	6	37	1789584323494586368	1789584323495313408	1789584323495313408	1789584323495314432	1789584323495315456	24090	1	42	1	54752600397837	54752600400539
2316	210	38	70	37	1789584323495315456	1789584323495318528	1789584323495318528	1789584323495323648	1789584323495324672	24091	3	46	3	54752600411025	54752600422275
2317	210	42	50	37	1789584323495324672	1789584323495495680	1789584323495495680	1789584323495774208	1789584323495775232	24094	4	53	1	54752600857092	54752601555833
2318	210	49	74	37	1789584323495775232	1789584323496501248	1789584323496501248	1789584323496502272	1789584323496503296	24098	1	62	1	54752603387795	54752603390711
2319	210	54	10	37	1789584323496503296	1789584323496513536	1789584323496513536	1789584323496665088	1789584323496666112	24099	129	69	2	54752603417883	54752603799761
2320	210	59	2	37	1789584323496666112	1789584323496998912	1789584323496998912	1789584323497509888	1789584323497509888	24228	5	76	2	54752604639991	54752605926403
2321	211	4	127	39	1789584323492782080	1789584323492948992	1789584323492948992	1789584323492950016	1789584323492951040	24233	1	3	1	54688923565734	54688923568123
2322	211	11	27	39	1789584323492951040	1789584323493129216	1789584323493129216	1789584323493405696	1789584323493406720	24234	4	12	1	54688924019473	54688924712287
2323	211	16	11	39	1789584323493406720	1789584323493978112	1789584323493978112	1789584323494128640	1789584323494129664	24238	4	19	1	54688926152808	54688926530560
2324	211	23	3	39	1789584323494129664	1789584323494136832	1789584323494136832	1789584323494141952	1789584323494142976	24242	3	26	3	54688926552715	54688926563905
2325	211	26	95	39	1789584323494142976	1789584323494315008	1789584323494315008	1789584323494586368	1789584323494587392	24245	4	32	1	54688927000548	54688927680040
2326	211	34	7	39	1789584323494587392	1789584323495313408	1789584323495313408	1789584323495314432	1789584323495315456	24249	1	42	1	54688929509253	54688929512014
2327	211	38	71	39	1789584323495315456	1789584323495318528	1789584323495318528	1789584323495323648	1789584323495324672	24250	3	46	3	54688929522763	54688929533842
2328	211	42	51	39	1789584323495324672	1789584323495495680	1789584323495495680	1789584323495769088	1789584323495770112	24253	4	53	1	54688929968244	54688930651497
2329	211	49	75	39	1789584323495770112	1789584323496501248	1789584323496501248	1789584323496502272	1789584323496503296	24257	1	62	1	54688932494910	54688932497789
2330	211	54	11	39	1789584323496503296	1789584323496513536	1789584323496513536	1789584323496666112	1789584323496667136	24258	129	69	2	54688932524997	54688932910695
2331	211	59	3	39	1789584323496668160	1789584323496998912	1789584323496998912	1789584323497510912	1789584323497510912	24387	5	76	2	54688933744704	54688935032319
2332	212	7	0	41	1789584323492782080	1789584323492948992	1789584323492948992	1789584323492950016	1789584323492951040	24392	1	6	1	54736606419561	54736606422033
2333	212	11	28	41	1789584323492951040	1789584323493129216	1789584323493129216	1789584323493402624	1789584323493403648	24393	4	12	1	54736606873579	54736607559291
2334	212	16	12	41	1789584323493403648	1789584323493978112	1789584323493978112	1789584323494129664	1789584323494130688	24397	4	19	1	54736609009486	54736609391190
2335	212	23	4	41	1789584323494130688	1789584323494136832	1789584323494136832	1789584323494141952	1789584323494142976	24401	3	26	3	54736609409506	54736609420582
2336	212	26	96	41	1789584323494142976	1789584323494315008	1789584323494315008	1789584323494536192	1789584323494537216	24404	4	32	1	54736609858094	54736610411336
2337	212	34	8	41	1789584323494537216	1789584323495313408	1789584323495313408	1789584323495314432	1789584323495315456	24408	1	42	1	54736612369631	54736612372427
2338	212	38	72	41	1789584323495315456	1789584323495318528	1789584323495318528	1789584323495322624	1789584323495324672	24409	3	46	3	54736612383045	54736612393986
2339	212	42	52	41	1789584323495324672	1789584323495495680	1789584323495495680	1789584323495764992	1789584323495766016	24412	4	53	1	54736612828824	54736613504961
2340	212	49	76	41	1789584323495766016	1789584323496501248	1789584323496501248	1789584323496502272	1789584323496503296	24416	1	62	1	54736615358249	54736615361118
2341	212	54	12	41	1789584323496503296	1789584323496513536	1789584323496513536	1789584323496667136	1789584323496668160	24417	129	69	2	54736615388274	54736615775203
2342	212	59	4	41	1789584323496668160	1789584323496998912	1789584323496998912	1789584323497506816	1789584323497507840	24546	5	76	2	54736616609607	54736617890259
2343	213	7	1	43	1789584323492782080	1789584323492948992	1789584323492948992	1789584323492950016	1789584323492951040	24551	1	6	1	54752164895295	54752164897602
2344	213	11	29	43	1789584323492951040	1789584323493129216	1789584323493129216	1789584323493405696	1789584323493406720	24552	4	12	1	54752165349223	54752166043703
2345	213	16	13	43	1789584323493406720	1789584323493978112	1789584323493978112	1789584323494128640	1789584323494129664	24556	4	19	1	54752167485971	54752167864113
2346	213	23	5	43	1789584323494129664	1789584323494136832	1789584323494136832	1789584323494141952	1789584323494142976	24560	3	26	3	54752167886449	54752167897219
2347	213	26	97	43	1789584323494142976	1789584323494315008	1789584323494315008	1789584323494544384	1789584323494545408	24563	4	32	1	54752168334874	54752168910763
2348	213	34	9	43	1789584323494545408	1789584323495313408	1789584323495313408	1789584323495314432	1789584323495315456	24567	1	42	1	54752170847542	54752170850213
2349	213	38	73	43	1789584323495315456	1789584323495318528	1789584323495318528	1789584323495322624	1789584323495324672	24568	3	46	3	54752170860669	54752170871714
2350	213	42	53	43	1789584323495324672	1789584323495495680	1789584323495495680	1789584323495763968	1789584323495764992	24571	4	53	1	54752171306660	54752171980311
2351	213	49	77	43	1789584323495764992	1789584323496501248	1789584323496501248	1789584323496502272	1789584323496503296	24575	1	62	1	54752173837071	54752173839931
2352	213	54	13	43	1789584323496503296	1789584323496513536	1789584323496513536	1789584323496666112	1789584323496667136	24576	129	69	2	54752173867281	54752174253267
2353	213	59	5	43	1789584323496668160	1789584323496998912	1789584323496998912	1789584323497511936	1789584323497511936	24705	5	76	2	54752175089175	54752176380838
2354	214	7	2	45	1789584323492782080	1789584323492948992	1789584323492948992	1789584323492950016	1789584323492951040	24710	1	6	1	54744871529029	54744871531290
2355	214	11	30	45	1789584323492951040	1789584323493129216	1789584323493129216	1789584323493402624	1789584323493403648	24711	4	12	1	54744871982855	54744872669763
2356	214	16	14	45	1789584323493403648	1789584323493978112	1789584323493978112	1789584323494129664	1789584323494130688	24715	4	19	1	54744874118542	54744874499031
2357	214	23	6	45	1789584323494130688	1789584323494136832	1789584323494136832	1789584323494141952	1789584323494142976	24719	3	26	3	54744874518442	54744874529441
2358	214	26	98	45	1789584323494142976	1789584323494315008	1789584323494315008	1789584323494532096	1789584323494534144	24722	4	32	1	54744874967000	54744875512140
2359	214	34	10	45	1789584323494534144	1789584323495313408	1789584323495313408	1789584323495314432	1789584323495315456	24726	1	42	1	54744877478306	54744877481023
2360	214	38	74	45	1789584323495315456	1789584323495318528	1789584323495318528	1789584323495322624	1789584323495324672	24727	3	46	3	54744877491413	54744877502429
2361	214	42	54	45	1789584323495324672	1789584323495495680	1789584323495495680	1789584323495771136	1789584323495772160	24730	4	53	1	54744877937244	54744878628804
2362	214	49	78	45	1789584323495772160	1789584323496501248	1789584323496501248	1789584323496502272	1789584323496503296	24734	1	62	1	54744880466599	54744880469491
2363	214	54	14	45	1789584323496503296	1789584323496513536	1789584323496513536	1789584323496665088	1789584323496666112	24735	129	69	2	54744880496744	54744880879144
2364	214	59	6	45	1789584323496666112	1789584323496998912	1789584323496998912	1789584323497507840	1789584323497507840	24864	5	76	2	54744881717982	54744882998642
2365	215	7	3	47	1789584323492782080	1789584323492948992	1789584323492948992	1789584323492950016	1789584323492951040	24869	1	6	1	54766048502148	54766048504640
2366	215	11	31	47	1789584323492951040	1789584323493129216	1789584323493129216	1789584323493399552	1789584323493400576	24870	4	12	1	54766048956368	54766049635372
2367	215	16	15	47	1789584323493400576	1789584323493978112	1789584323493978112	1789584323494126592	1789584323494127616	24874	4	19	1	54766051093456	54766051467878
2368	215	23	7	47	1789584323494127616	1789584323494136832	1789584323494136832	1789584323494141952	1789584323494142976	24878	3	26	3	54766051493985	54766051504792
2369	215	26	99	47	1789584323494142976	1789584323494315008	1789584323494315008	1789584323494539264	1789584323494540288	24881	4	32	1	54766051942585	54766052505476
2370	215	34	11	47	1789584323494540288	1789584323495313408	1789584323495313408	1789584323495314432	1789584323495315456	24885	1	42	1	54766054455790	54766054458510
2371	215	38	75	47	1789584323495315456	1789584323495318528	1789584323495318528	1789584323495323648	1789584323495324672	24886	3	46	3	54766054468980	54766054479982
2372	215	42	55	47	1789584323495324672	1789584323495495680	1789584323495495680	1789584323495774208	1789584323495775232	24889	4	53	1	54766054914909	54766055613423
2373	215	49	79	47	1789584323495775232	1789584323496501248	1789584323496501248	1789584323496502272	1789584323496503296	24893	1	62	1	54766057445729	54766057448635
2374	215	54	15	47	1789584323496503296	1789584323496513536	1789584323496513536	1789584323496666112	1789584323496667136	24894	129	69	2	54766057475604	54766057860727
2375	215	59	7	47	1789584323496667136	1789584323496998912	1789584323496998912	1789584323497510912	1789584323497510912	25023	5	76	2	54766058697999	54766059988010
2376	216	7	4	49	1789584323492782080	1789584323492948992	1789584323492948992	1789584323492950016	1789584323492951040	25028	1	6	1	54747003518729	54747003521076
2377	216	11	32	49	1789584323492951040	1789584323493129216	1789584323493129216	1789584323493405696	1789584323493406720	25029	4	12	1	54747003972879	54747004667519
2378	216	16	16	49	1789584323493406720	1789584323493978112	1789584323493978112	1789584323494130688	1789584323494131712	25033	4	19	1	54747006109831	54747006493755
2379	216	23	8	49	1789584323494131712	1789584323494136832	1789584323494136832	1789584323494141952	1789584323494142976	25037	3	26	3	54747006510216	54747006521942
2380	216	26	100	49	1789584323494142976	1789584323494315008	1789584323494315008	1789584323494535168	1789584323494536192	25040	4	32	1	54747006958557	54747007511136
2381	216	34	12	49	1789584323494536192	1789584323495313408	1789584323495313408	1789584323495314432	1789584323495315456	25044	1	42	1	54747009471918	54747009474746
2382	216	38	76	49	1789584323495315456	1789584323495318528	1789584323495318528	1789584323495323648	1789584323495324672	25045	3	46	3	54747009485486	54747009496688
2383	216	42	56	49	1789584323495324672	1789584323495495680	1789584323495495680	1789584323495770112	1789584323495771136	25048	4	53	1	54747009931341	54747010619524
2384	216	49	80	49	1789584323495771136	1789584323496501248	1789584323496501248	1789584323496502272	1789584323496503296	25052	1	62	1	54747012462408	54747012465322
2385	216	54	16	49	1789584323496503296	1789584323496513536	1789584323496513536	1789584323496667136	1789584323496668160	25053	129	69	2	54747012492559	54747012879506
2386	216	59	8	49	1789584323496668160	1789584323496998912	1789584323496998912	1789584323497508864	1789584323497508864	25182	5	76	2	54747013714714	54747014999119
2387	217	7	5	51	1789584323492782080	1789584323492948992	1789584323492948992	1789584323492950016	1789584323492951040	25187	1	6	1	54750894797472	54750894799843
2388	217	11	33	51	1789584323492951040	1789584323493129216	1789584323493129216	1789584323493397504	1789584323493398528	25188	4	12	1	54750895251575	54750895925589
2389	217	16	17	51	1789584323493398528	1789584323493978112	1789584323493978112	1789584323494130688	1789584323494131712	25192	4	19	1	54750897388348	54750897773601
2390	217	23	9	51	1789584323494131712	1789584323494136832	1789584323494136832	1789584323494141952	1789584323494142976	25196	3	26	3	54750897788429	54750897800327
2391	217	26	101	51	1789584323494142976	1789584323494315008	1789584323494315008	1789584323494531072	1789584323494533120	25199	4	32	1	54750898237026	54750898778305
2392	217	34	13	51	1789584323494533120	1789584323495313408	1789584323495313408	1789584323495314432	1789584323495315456	25203	1	42	1	54750900749984	54750900752817
2393	217	38	77	51	1789584323495315456	1789584323495318528	1789584323495318528	1789584323495323648	1789584323495324672	25204	3	46	3	54750900763254	54750900774764
2394	217	42	57	51	1789584323495324672	1789584323495495680	1789584323495495680	1789584323495770112	1789584323495771136	25207	4	53	1	54750901209396	54750901896973
2395	217	49	81	51	1789584323495771136	1789584323496501248	1789584323496501248	1789584323496502272	1789584323496503296	25211	1	62	1	54750903740057	54750903742971
2396	217	54	17	51	1789584323496503296	1789584323496513536	1789584323496513536	1789584323496666112	1789584323496667136	25212	129	69	2	54750903770105	54750904155665
2397	217	59	9	51	1789584323496667136	1789584323496998912	1789584323496998912	1789584323497512960	1789584323497513984	25341	5	76	2	54750904992148	54750906288481
2398	218	7	6	53	1789584323492782080	1789584323492948992	1789584323492948992	1789584323492950016	1789584323492951040	25346	1	6	1	54761928561009	54761928563490
2399	218	11	34	53	1789584323492951040	1789584323493129216	1789584323493129216	1789584323493403648	1789584323493404672	25347	4	12	1	54761929015265	54761929704370
2400	218	16	18	53	1789584323493404672	1789584323493978112	1789584323493978112	1789584323494128640	1789584323494129664	25351	4	19	1	54761931152317	54761931532308
2401	218	23	10	53	1789584323494129664	1789584323494136832	1789584323494136832	1789584323494141952	1789584323494142976	25355	3	26	3	54761931552774	54761931564410
2402	218	26	102	53	1789584323494142976	1789584323494315008	1789584323494315008	1789584323494539264	1789584323494540288	25358	4	32	1	54761932001115	54761932562925
2403	218	34	14	53	1789584323494540288	1789584323495313408	1789584323495313408	1789584323495314432	1789584323495315456	25362	1	42	1	54761934514680	54761934517363
2404	218	38	78	53	1789584323495315456	1789584323495318528	1789584323495318528	1789584323495323648	1789584323495324672	25363	3	46	3	54761934528343	54761934539307
2405	218	42	58	53	1789584323495324672	1789584323495495680	1789584323495495680	1789584323495764992	1789584323495766016	25366	4	53	1	54761934973934	54761935649260
2406	218	49	82	53	1789584323495766016	1789584323496501248	1789584323496501248	1789584323496502272	1789584323496503296	25370	1	62	1	54761937504896	54761937507828
2407	218	54	18	53	1789584323496503296	1789584323496513536	1789584323496513536	1789584323496665088	1789584323496666112	25371	129	69	2	54761937534852	54761937918269
2408	218	59	10	53	1789584323496666112	1789584323496998912	1789584323496998912	1789584323497504768	1789584323497504768	25500	5	76	2	54761938757316	54761940031798
2409	219	7	7	55	1789584323492782080	1789584323492948992	1789584323492948992	1789584323492950016	1789584323492951040	25505	1	6	1	54710217540734	54710217543030
2410	219	11	35	55	1789584323492951040	1789584323493129216	1789584323493129216	1789584323493404672	1789584323493405696	25506	4	12	1	54710217994459	54710218685464
2411	219	16	19	55	1789584323493405696	1789584323493978112	1789584323493978112	1789584323494129664	1789584323494130688	25510	4	19	1	54710220128825	54710220510170
2412	219	23	11	55	1789584323494130688	1789584323494136832	1789584323494136832	1789584323494141952	1789584323494142976	25514	3	26	3	54710220528253	54710220540297
2413	219	26	103	55	1789584323494142976	1789584323494315008	1789584323494315008	1789584323494539264	1789584323494540288	25517	4	32	1	54710220976562	54710221537051
2414	219	34	15	55	1789584323494540288	1789584323495313408	1789584323495313408	1789584323495314432	1789584323495315456	25521	1	42	1	54710223486365	54710223489092
2415	219	38	79	55	1789584323495315456	1789584323495318528	1789584323495318528	1789584323495323648	1789584323495324672	25522	3	46	3	54710223499759	54710223510965
2416	219	42	59	55	1789584323495324672	1789584323495495680	1789584323495495680	1789584323495766016	1789584323495767040	25525	4	53	1	54710223945150	54710224621341
2417	219	49	83	55	1789584323495767040	1789584323496501248	1789584323496501248	1789584323496502272	1789584323496503296	25529	1	62	1	54710226472589	54710226475495
2418	219	54	19	55	1789584323496503296	1789584323496513536	1789584323496513536	1789584323496665088	1789584323496667136	25530	129	69	2	54710226502674	54710226885638
2419	219	59	11	55	1789584323496667136	1789584323496998912	1789584323496998912	1789584323497508864	1789584323497508864	25659	5	76	2	54710227723206	54710229005705
2420	220	7	8	57	1789584323492782080	1789584323492948992	1789584323492948992	1789584323492950016	1789584323492951040	25664	1	6	1	54739532283852	54739532286106
2421	220	11	36	57	1789584323492951040	1789584323493129216	1789584323493129216	1789584323493399552	1789584323493400576	25665	4	12	1	54739532737706	54739533415904
2422	220	16	20	57	1789584323493400576	1789584323493978112	1789584323493978112	1789584323494127616	1789584323494129664	25669	4	19	1	54739534873147	54739535250212
2423	220	23	12	57	1789584323494129664	1789584323494136832	1789584323494136832	1789584323494141952	1789584323494142976	25673	3	26	3	54739535273302	54739535284342
2424	220	26	104	57	1789584323494142976	1789584323494315008	1789584323494315008	1789584323494543360	1789584323494544384	25676	4	32	1	54739535721239	54739536294247
2425	220	34	16	57	1789584323494544384	1789584323495313408	1789584323495313408	1789584323495314432	1789584323495315456	25680	1	42	1	54739538232886	54739538235580
2426	220	38	80	57	1789584323495315456	1789584323495318528	1789584323495318528	1789584323495323648	1789584323495324672	25681	3	46	3	54739538246403	54739538257783
2427	220	42	60	57	1789584323495324672	1789584323495495680	1789584323495495680	1789584323495773184	1789584323495774208	25684	4	53	1	54739538691860	54739539387968
2428	220	49	84	57	1789584323495774208	1789584323496501248	1789584323496501248	1789584323496502272	1789584323496503296	25688	1	62	1	54739541221005	54739541223890
2429	220	54	20	57	1789584323496503296	1789584323496513536	1789584323496513536	1789584323496664064	1789584323496666112	25689	129	69	2	54739541250922	54739541631600
2430	220	59	12	57	1789584323496666112	1789584323496998912	1789584323496998912	1789584323497502720	1789584323497502720	25818	5	76	2	54739542472251	54739543740490
2431	221	7	9	59	1789584323492782080	1789584323492948992	1789584323492948992	1789584323492950016	1789584323492951040	25823	1	6	1	54752594444739	54752594447206
2432	221	11	37	59	1789584323492951040	1789584323493129216	1789584323493129216	1789584323493399552	1789584323493400576	25824	4	12	1	54752594898909	54752595577192
2433	221	16	21	59	1789584323493400576	1789584323493978112	1789584323493978112	1789584323494128640	1789584323494129664	25828	4	19	1	54752597035763	54752597414539
2434	221	23	13	59	1789584323494129664	1789584323494136832	1789584323494136832	1789584323494141952	1789584323494142976	25832	3	26	3	54752597436082	54752597447272
2435	221	26	105	59	1789584323494142976	1789584323494315008	1789584323494315008	1789584323494533120	1789584323494534144	25835	4	32	1	54752597884442	54752598432422
2436	221	34	17	59	1789584323494535168	1789584323495313408	1789584323495313408	1789584323495314432	1789584323495315456	25839	1	42	1	54752600397620	54752600400408
2437	221	38	81	59	1789584323495315456	1789584323495318528	1789584323495318528	1789584323495323648	1789584323495324672	25840	3	46	3	54752600411145	54752600422693
2438	221	42	61	59	1789584323495324672	1789584323495495680	1789584323495495680	1789584323495768064	1789584323495769088	25843	4	53	1	54752600856899	54752601540744
2439	221	49	85	59	1789584323495769088	1789584323496501248	1789584323496501248	1789584323496502272	1789584323496503296	25847	1	62	1	54752603387711	54752603390591
2440	221	54	21	59	1789584323496503296	1789584323496513536	1789584323496513536	1789584323496666112	1789584323496667136	25848	129	69	2	54752603417808	54752603803103
2441	221	59	13	59	1789584323496667136	1789584323496998912	1789584323496998912	1789584323497516032	1789584323497516032	25977	5	76	2	54752604639968	54752605942856
2442	222	7	10	61	1789584323492782080	1789584323492948992	1789584323492948992	1789584323492950016	1789584323492951040	25982	1	6	1	54688923565460	54688923567929
2443	222	11	38	61	1789584323492951040	1789584323493129216	1789584323493129216	1789584323493399552	1789584323493400576	25983	4	12	1	54688924019163	54688924697788
2444	222	16	22	61	1789584323493400576	1789584323493978112	1789584323493978112	1789584323494130688	1789584323494131712	25987	4	19	1	54688926152781	54688926536433
2445	222	23	14	61	1789584323494131712	1789584323494136832	1789584323494136832	1789584323494141952	1789584323494142976	25991	3	26	3	54688926552433	54688926563761
2446	222	26	106	61	1789584323494142976	1789584323494315008	1789584323494315008	1789584323494542336	1789584323494543360	25994	4	32	1	54688927000270	54688927570727
2447	222	34	18	61	1789584323494543360	1789584323495313408	1789584323495313408	1789584323495314432	1789584323495315456	25998	1	42	1	54688929509096	54688929511906
2448	222	38	82	61	1789584323495315456	1789584323495318528	1789584323495318528	1789584323495323648	1789584323495324672	25999	3	46	3	54688929522481	54688929534266
2449	222	42	62	61	1789584323495324672	1789584323495495680	1789584323495495680	1789584323495771136	1789584323495772160	26002	4	53	1	54688929968109	54688930656500
2450	222	49	86	61	1789584323495772160	1789584323496501248	1789584323496501248	1789584323496502272	1789584323496503296	26006	1	62	1	54688932494873	54688932497734
2451	222	54	22	61	1789584323496503296	1789584323496513536	1789584323496513536	1789584323496668160	1789584323496669184	26007	129	69	2	54688932525107	54688932914460
2452	222	59	14	61	1789584323496669184	1789584323496998912	1789584323496998912	1789584323497518080	1789584323497518080	26136	5	76	2	54688933744682	54688935050247
2453	223	7	11	63	1789584323492782080	1789584323492948992	1789584323492948992	1789584323492950016	1789584323492951040	26141	1	6	1	54736606419638	54736606422052
2454	223	11	39	63	1789584323492951040	1789584323493129216	1789584323493129216	1789584323493403648	1789584323493404672	26142	4	12	1	54736606873908	54736607563362
2455	223	16	23	63	1789584323493404672	1789584323493978112	1789584323493978112	1789584323494127616	1789584323494128640	26146	4	19	1	54736609009546	54736609385178
2456	223	23	15	63	1789584323494128640	1789584323494136832	1789584323494136832	1789584323494141952	1789584323494142976	26150	3	26	3	54736609409520	54736609420963
2457	223	26	107	63	1789584323494142976	1789584323494315008	1789584323494315008	1789584323494537216	1789584323494538240	26153	4	32	1	54736609857973	54736610415173
2458	223	34	19	63	1789584323494538240	1789584323495313408	1789584323495313408	1789584323495314432	1789584323495315456	26157	1	42	1	54736612369753	54736612372510
2459	223	38	83	63	1789584323495315456	1789584323495318528	1789584323495318528	1789584323495323648	1789584323495324672	26158	3	46	3	54736612383311	54736612394778
2460	223	42	63	63	1789584323495324672	1789584323495495680	1789584323495495680	1789584323495763968	1789584323495764992	26161	4	53	1	54736612829088	54736613502055
2461	223	49	87	63	1789584323495766016	1789584323496501248	1789584323496501248	1789584323496502272	1789584323496503296	26165	1	62	1	54736615358369	54736615361256
2462	223	54	23	63	1789584323496503296	1789584323496513536	1789584323496513536	1789584323496664064	1789584323496666112	26166	129	69	2	54736615388372	54736615769113
2463	223	59	15	63	1789584323496666112	1789584323496998912	1789584323496998912	1789584323497505792	1789584323497505792	26295	5	76	2	54736616609649	54736617885759
2464	224	7	12	65	1789584323492782080	1789584323492948992	1789584323492948992	1789584323492950016	1789584323492951040	26300	1	6	1	54752164895184	54752164897642
2465	224	11	40	65	1789584323492951040	1789584323493129216	1789584323493129216	1789584323493392384	1789584323493394432	26301	4	12	1	54752165349532	54752166011568
2466	224	16	24	65	1789584323493394432	1789584323493978112	1789584323493978112	1789584323494126592	1789584323494127616	26305	4	19	1	54752167486044	54752167859837
2467	224	23	16	65	1789584323494127616	1789584323494136832	1789584323494136832	1789584323494141952	1789584323494142976	26309	3	26	3	54752167885973	54752167898211
2468	224	26	108	65	1789584323494142976	1789584323494315008	1789584323494315008	1789584323494538240	1789584323494540288	26312	4	32	1	54752168334742	54752168896028
2469	224	34	20	65	1789584323494540288	1789584323495313408	1789584323495313408	1789584323495314432	1789584323495315456	26316	1	42	1	54752170847472	54752170850299
2470	224	38	84	65	1789584323495315456	1789584323495318528	1789584323495318528	1789584323495323648	1789584323495324672	26317	3	46	3	54752170860713	54752170872354
2471	224	42	64	65	1789584323495324672	1789584323495495680	1789584323495495680	1789584323495769088	1789584323495770112	26320	4	53	1	54752171306849	54752171993314
2472	224	49	88	65	1789584323495770112	1789584323496501248	1789584323496501248	1789584323496502272	1789584323496503296	26324	1	62	1	54752173837242	54752173840123
2473	224	54	24	65	1789584323496503296	1789584323496513536	1789584323496513536	1789584323496664064	1789584323496665088	26325	129	69	2	54752173867343	54752174246038
2474	224	59	16	65	1789584323496665088	1789584323496998912	1789584323496998912	1789584323497502720	1789584323497502720	26454	5	76	2	54752175089229	54752176358376
2475	225	7	13	67	1789584323492782080	1789584323492948992	1789584323492948992	1789584323492950016	1789584323492951040	26459	1	6	1	54744871528914	54744871531305
2476	225	11	41	67	1789584323492951040	1789584323493129216	1789584323493129216	1789584323493406720	1789584323493407744	26460	4	12	1	54744871983167	54744872680443
2477	225	16	25	67	1789584323493408768	1789584323493978112	1789584323493978112	1789584323494126592	1789584323494127616	26464	4	19	1	54744874118615	54744874490857
2478	225	23	17	67	1789584323494127616	1789584323494136832	1789584323494136832	1789584323494141952	1789584323494142976	26468	3	26	3	54744874518795	54744874530415
2479	225	26	109	67	1789584323494142976	1789584323494315008	1789584323494315008	1789584323494533120	1789584323494534144	26471	4	32	1	54744874966851	54744875513844
2480	225	34	21	67	1789584323494535168	1789584323495313408	1789584323495313408	1789584323495314432	1789584323495315456	26475	1	42	1	54744877478232	54744877481095
2481	225	38	85	67	1789584323495315456	1789584323495318528	1789584323495318528	1789584323495323648	1789584323495324672	26476	3	46	3	54744877491608	54744877503103
2482	225	42	65	67	1789584323495324672	1789584323495495680	1789584323495495680	1789584323495769088	1789584323495770112	26479	4	53	1	54744877937553	54744878621583
2483	225	49	89	67	1789584323495770112	1789584323496501248	1789584323496501248	1789584323496502272	1789584323496503296	26483	1	62	1	54744880466694	54744880469634
2484	225	54	25	67	1789584323496503296	1789584323496513536	1789584323496513536	1789584323496662016	1789584323496663040	26484	129	69	2	54744880496672	54744880870176
2485	225	59	17	67	1789584323496663040	1789584323496998912	1789584323496998912	1789584323497498624	1789584323497498624	26613	5	76	2	54744881718017	54744882976398
2486	226	7	14	69	1789584323492782080	1789584323492948992	1789584323492948992	1789584323492950016	1789584323492951040	26618	1	6	1	54766048502209	54766048504644
2487	226	11	42	69	1789584323492951040	1789584323493129216	1789584323493129216	1789584323493405696	1789584323493406720	26619	4	12	1	54766048956692	54766049650213
2488	226	16	26	69	1789584323493406720	1789584323493978112	1789584323493978112	1789584323494126592	1789584323494127616	26623	4	19	1	54766051093527	54766051468074
2489	226	23	18	69	1789584323494128640	1789584323494136832	1789584323494136832	1789584323494141952	1789584323494142976	26627	3	26	3	54766051493805	54766051505740
2490	226	26	110	69	1789584323494142976	1789584323494315008	1789584323494315008	1789584323494534144	1789584323494536192	26630	4	32	1	54766051942410	54766052493410
2491	226	34	22	69	1789584323494536192	1789584323495313408	1789584323495313408	1789584323495314432	1789584323495315456	26634	1	42	1	54766054455705	54766054458592
2492	226	38	86	69	1789584323495315456	1789584323495318528	1789584323495318528	1789584323495323648	1789584323495324672	26635	3	46	3	54766054469080	54766054480602
2493	226	42	66	69	1789584323495324672	1789584323495495680	1789584323495495680	1789584323495767040	1789584323495768064	26638	4	53	1	54766054915227	54766055596618
2494	226	49	90	69	1789584323495768064	1789584323496501248	1789584323496501248	1789584323496502272	1789584323496503296	26642	1	62	1	54766057445844	54766057448828
2495	226	54	26	69	1789584323496503296	1789584323496513536	1789584323496513536	1789584323496664064	1789584323496665088	26643	129	69	2	54766057476039	54766057855753
2496	226	59	18	69	1789584323496665088	1789584323496998912	1789584323496998912	1789584323497501696	1789584323497501696	26772	5	76	2	54766058698053	54766059965029
2497	227	7	15	71	1789584323492782080	1789584323492948992	1789584323492948992	1789584323492950016	1789584323492951040	26777	1	6	1	54747003518656	54747003521095
2498	227	11	43	71	1789584323492951040	1789584323493129216	1789584323493129216	1789584323493408768	1789584323493409792	26778	4	12	1	54747003973082	54747004674356
2499	227	16	27	71	1789584323493409792	1789584323493978112	1789584323493978112	1789584323494129664	1789584323494130688	26782	4	19	1	54747006109908	54747006491032
2500	227	23	19	71	1789584323494130688	1789584323494136832	1789584323494136832	1789584323494141952	1789584323494142976	26786	3	26	3	54747006509948	54747006522128
2501	227	26	111	71	1789584323494142976	1789584323494315008	1789584323494315008	1789584323494535168	1789584323494536192	26789	4	32	1	54747006959021	54747007511797
2502	227	34	23	71	1789584323494536192	1789584323495313408	1789584323495313408	1789584323495314432	1789584323495315456	26793	1	42	1	54747009472061	54747009474909
2503	227	38	87	71	1789584323495315456	1789584323495318528	1789584323495318528	1789584323495323648	1789584323495324672	26794	3	46	3	54747009485293	54747009496919
2504	227	42	67	71	1789584323495324672	1789584323495495680	1789584323495495680	1789584323495766016	1789584323495767040	26797	4	53	1	54747009931607	54747010609564
2505	227	49	91	71	1789584323495767040	1789584323496501248	1789584323496501248	1789584323496502272	1789584323496503296	26801	1	62	1	54747012462568	54747012465541
2506	227	54	27	71	1789584323496503296	1789584323496513536	1789584323496513536	1789584323496665088	1789584323496666112	26802	129	69	2	54747012492383	54747012875208
2507	227	59	19	71	1789584323496666112	1789584323496998912	1789584323496998912	1789584323497510912	1789584323497510912	26931	5	76	2	54747013714769	54747015004208
2508	228	7	16	73	1789584323492782080	1789584323492948992	1789584323492948992	1789584323492950016	1789584323492951040	26936	1	6	1	54750894797406	54750894799877
2509	228	11	44	73	1789584323492951040	1789584323493129216	1789584323493129216	1789584323493405696	1789584323493406720	26937	4	12	1	54750895251805	54750895946773
2510	228	16	28	73	1789584323493406720	1789584323493978112	1789584323493978112	1789584323494129664	1789584323494130688	26941	4	19	1	54750897388420	54750897769151
2511	228	23	20	73	1789584323494130688	1789584323494136832	1789584323494136832	1789584323494141952	1789584323494142976	26945	3	26	3	54750897788915	54750897800452
2512	228	27	0	73	1789584323494142976	1789584323494315008	1789584323494315008	1789584323494541312	1789584323494542336	26948	4	33	1	54750898237466	54750898804310
2513	228	34	24	73	1789584323494542336	1789584323495313408	1789584323495313408	1789584323495314432	1789584323495315456	26952	1	42	1	54750900750299	54750900752978
2514	228	38	88	73	1789584323495315456	1789584323495318528	1789584323495318528	1789584323495323648	1789584323495324672	26953	3	46	3	54750900763390	54750900775091
2515	228	42	68	73	1789584323495324672	1789584323495495680	1789584323495495680	1789584323495768064	1789584323495769088	26956	4	53	1	54750901209593	54750901893366
2516	228	49	92	73	1789584323495769088	1789584323496501248	1789584323496501248	1789584323496502272	1789584323496503296	26960	1	62	1	54750903740154	54750903743135
2517	228	54	28	73	1789584323496503296	1789584323496513536	1789584323496513536	1789584323496665088	1789584323496666112	26961	129	69	2	54750903770256	54750904152459
2518	228	59	20	73	1789584323496666112	1789584323496998912	1789584323496998912	1789584323497505792	1789584323497505792	27090	5	76	2	54750904992202	54750906269370
2519	229	7	17	75	1789584323492782080	1789584323492948992	1789584323492948992	1789584323492950016	1789584323492951040	27095	1	6	1	54761928561123	54761928563525
2520	229	11	45	75	1789584323492951040	1789584323493129216	1789584323493129216	1789584323493398528	1789584323493399552	27096	4	12	1	54761929015520	54761929692396
2521	229	16	29	75	1789584323493399552	1789584323493978112	1789584323493978112	1789584323494128640	1789584323494129664	27100	4	19	1	54761931152396	54761931531231
2522	229	23	21	75	1789584323494129664	1789584323494136832	1789584323494136832	1789584323494141952	1789584323494142976	27104	3	26	3	54761931552760	54761931564680
2523	229	27	1	75	1789584323494142976	1789584323494315008	1789584323494315008	1789584323494542336	1789584323494543360	27107	4	33	1	54761932001379	54761932571017
2524	229	34	25	75	1789584323494543360	1789584323495313408	1789584323495313408	1789584323495314432	1789584323495315456	27111	1	42	1	54761934514634	54761934517479
2525	229	38	89	75	1789584323495315456	1789584323495318528	1789584323495318528	1789584323495323648	1789584323495324672	27112	3	46	3	54761934527885	54761934539634
2526	229	42	69	75	1789584323495324672	1789584323495495680	1789584323495495680	1789584323495771136	1789584323495772160	27115	4	53	1	54761934974300	54761935666224
2527	229	49	93	75	1789584323495772160	1789584323496501248	1789584323496501248	1789584323496502272	1789584323496503296	27119	1	62	1	54761937505071	54761937508021
2528	229	54	29	75	1789584323496503296	1789584323496513536	1789584323496513536	1789584323496664064	1789584323496665088	27120	129	69	2	54761937534953	54761937915395
2529	229	59	21	75	1789584323496665088	1789584323496998912	1789584323496998912	1789584323497504768	1789584323497504768	27249	5	76	2	54761938757368	54761940032225
2530	230	7	18	77	1789584323492782080	1789584323492948992	1789584323492948992	1789584323492950016	1789584323492951040	27254	1	6	1	54710217540853	54710217543072
2531	230	11	46	77	1789584323492951040	1789584323493129216	1789584323493129216	1789584323493397504	1789584323493398528	27255	4	12	1	54710217994830	54710218666417
2532	230	16	30	77	1789584323493398528	1789584323493978112	1789584323493978112	1789584323494127616	1789584323494128640	27259	4	19	1	54710220128902	54710220503856
2533	230	23	22	77	1789584323494128640	1789584323494136832	1789584323494136832	1789584323494141952	1789584323494142976	27263	3	26	3	54710220528644	54710220540509
2534	230	27	2	77	1789584323494142976	1789584323494315008	1789584323494315008	1789584323494535168	1789584323494536192	27266	4	33	1	54710220976828	54710221527743
2535	230	34	26	77	1789584323494536192	1789584323495313408	1789584323495313408	1789584323495314432	1789584323495315456	27270	1	42	1	54710223486346	54710223489210
2536	230	38	90	77	1789584323495315456	1789584323495318528	1789584323495318528	1789584323495323648	1789584323495324672	27271	3	46	3	54710223499566	54710223511294
2537	230	42	70	77	1789584323495324672	1789584323495495680	1789584323495495680	1789584323495768064	1789584323495769088	27274	4	53	1	54710223945492	54710224627982
2538	230	49	94	77	1789584323495769088	1789584323496501248	1789584323496501248	1789584323496502272	1789584323496503296	27278	1	62	1	54710226472691	54710226475747
2539	230	54	30	77	1789584323496503296	1789584323496513536	1789584323496513536	1789584323496664064	1789584323496665088	27279	129	69	2	54710226502584	54710226882690
2540	230	59	22	77	1789584323496665088	1789584323496998912	1789584323496998912	1789584323497505792	1789584323497505792	27408	5	76	2	54710227723251	54710228999122
2541	231	7	19	79	1789584323492782080	1789584323492948992	1789584323492948992	1789584323492950016	1789584323492951040	27413	1	6	1	54739532283920	54739532286150
2542	231	11	47	79	1789584323492951040	1789584323493129216	1789584323493129216	1789584323493400576	1789584323493401600	27414	4	12	1	54739532737967	54739533419104
2543	231	16	31	79	1789584323493401600	1789584323493978112	1789584323493978112	1789584323494126592	1789584323494127616	27418	4	19	1	54739534873206	54739535246615
2544	231	23	23	79	1789584323494127616	1789584323494136832	1789584323494136832	1789584323494141952	1789584323494142976	27422	3	26	3	54739535273021	54739535285065
2545	231	27	3	79	1789584323494142976	1789584323494315008	1789584323494315008	1789584323494541312	1789584323494542336	27425	4	33	1	54739535721513	54739536288574
2546	231	34	27	79	1789584323494542336	1789584323495313408	1789584323495313408	1789584323495314432	1789584323495315456	27429	1	42	1	54739538232847	54739538235668
2547	231	38	91	79	1789584323495315456	1789584323495318528	1789584323495318528	1789584323495323648	1789584323495324672	27430	3	46	3	54739538246127	54739538257769
2548	231	42	71	79	1789584323495324672	1789584323495495680	1789584323495495680	1789584323495772160	1789584323495774208	27433	4	53	1	54739538692083	54739539386258
2549	231	49	95	79	1789584323495774208	1789584323496501248	1789584323496501248	1789584323496502272	1789584323496503296	27437	1	62	1	54739541221159	54739541224133
2550	231	54	31	79	1789584323496503296	1789584323496513536	1789584323496513536	1789584323496664064	1789584323496665088	27438	129	69	2	54739541251334	54739541631192
2551	231	59	23	79	1789584323496665088	1789584323496998912	1789584323496998912	1789584323497502720	1789584323497502720	27567	5	76	2	54739542472302	54739543740284
2552	232	7	20	81	1789584323492782080	1789584323492948992	1789584323492948992	1789584323492950016	1789584323492951040	27572	1	6	1	54752594445021	54752594447243
2553	232	11	48	81	1789584323492951040	1789584323493129216	1789584323493129216	1789584323493394432	1789584323493395456	27573	4	12	1	54752594899237	54752595565200
2554	232	18	0	81	1789584323493395456	1789584323493978112	1789584323493978112	1789584323494125568	1789584323494127616	27577	4	21	1	54752597035844	54752597408002
2555	232	23	24	81	1789584323494127616	1789584323494136832	1789584323494136832	1789584323494141952	1789584323494142976	27581	3	26	3	54752597436339	54752597447731
2556	232	27	4	81	1789584323494142976	1789584323494315008	1789584323494315008	1789584323494541312	1789584323494542336	27584	4	33	1	54752597884690	54752598451777
2557	232	34	28	81	1789584323494542336	1789584323495313408	1789584323495313408	1789584323495314432	1789584323495315456	27588	1	42	1	54752600397719	54752600400546
2558	232	38	92	81	1789584323495315456	1789584323495318528	1789584323495318528	1789584323495323648	1789584323495324672	27589	3	46	3	54752600410990	54752600422488
2559	232	42	72	81	1789584323495324672	1789584323495495680	1789584323495495680	1789584323495766016	1789584323495767040	27592	4	53	1	54752600857358	54752601534929
2560	232	49	96	81	1789584323495767040	1789584323496501248	1789584323496501248	1789584323496502272	1789584323496503296	27596	1	62	1	54752603387837	54752603390789
2561	232	55	0	81	1789584323496503296	1789584323496670208	1789584323496670208	1789584323496683520	1789584323496684544	27597	32	71	1	54752603813520	54752603846088
2562	232	59	24	81	1789584323496684544	1789584323496998912	1789584323496998912	1789584323497500672	1789584323497500672	27629	4	76	2	54752604640003	54752605903250
2563	233	7	21	83	1789584323492782080	1789584323492948992	1789584323492948992	1789584323492950016	1789584323492951040	27633	1	6	1	54688923565724	54688923567969
2564	233	11	49	83	1789584323492951040	1789584323493129216	1789584323493129216	1789584323493403648	1789584323493404672	27634	4	12	1	54688924019487	54688924707640
2565	233	18	1	83	1789584323493404672	1789584323493978112	1789584323493978112	1789584323494126592	1789584323494127616	27638	4	21	1	54688926152854	54688926525888
2566	233	23	25	83	1789584323494127616	1789584323494136832	1789584323494136832	1789584323494141952	1789584323494142976	27642	3	26	3	54688926552566	54688926564269
2567	233	27	5	83	1789584323494142976	1789584323494315008	1789584323494315008	1789584323494541312	1789584323494542336	27645	4	33	1	54688927000791	54688927566485
2568	233	34	29	83	1789584323494542336	1789584323495313408	1789584323495313408	1789584323495314432	1789584323495315456	27649	1	42	1	54688929509328	54688929512090
2569	233	38	93	83	1789584323495315456	1789584323495318528	1789584323495318528	1789584323495323648	1789584323495324672	27650	3	46	3	54688929522480	54688929534060
2570	233	42	73	83	1789584323495324672	1789584323495495680	1789584323495495680	1789584323495771136	1789584323495772160	27653	4	53	1	54688929968414	54688930657285
2571	233	49	97	83	1789584323495772160	1789584323496501248	1789584323496501248	1789584323496502272	1789584323496503296	27657	1	62	1	54688932495004	54688932497908
2572	233	55	1	83	1789584323496503296	1789584323496670208	1789584323496670208	1789584323496683520	1789584323496684544	27658	32	71	1	54688932920044	54688932952647
2573	233	59	25	83	1789584323496684544	1789584323496998912	1789584323496998912	1789584323497506816	1789584323497506816	27690	4	76	2	54688933744712	54688935022335
2574	234	7	22	85	1789584323492782080	1789584323492948992	1789584323492948992	1789584323492950016	1789584323492951040	27694	1	6	1	54736606419797	54736606422060
2575	234	11	50	85	1789584323492951040	1789584323493129216	1789584323493129216	1789584323493396480	1789584323493397504	27695	4	12	1	54736606873691	54736607545259
2576	234	18	2	85	1789584323493397504	1789584323493978112	1789584323493978112	1789584323494129664	1789584323494130688	27699	4	21	1	54736609009515	54736609390005
2577	234	23	26	85	1789584323494130688	1789584323494136832	1789584323494136832	1789584323494141952	1789584323494142976	27703	3	26	3	54736609409663	54736609421219
2578	234	27	6	85	1789584323494142976	1789584323494315008	1789584323494315008	1789584323494537216	1789584323494538240	27706	4	33	1	54736609857867	54736610415301
2579	234	34	30	85	1789584323494538240	1789584323495313408	1789584323495313408	1789584323495314432	1789584323495315456	27710	1	42	1	54736612369610	54736612372411
2580	234	38	94	85	1789584323495315456	1789584323495318528	1789584323495318528	1789584323495323648	1789584323495324672	27711	3	46	3	54736612383128	54736612394622
2581	234	42	74	85	1789584323495324672	1789584323495495680	1789584323495495680	1789584323495773184	1789584323495774208	27714	4	53	1	54736612829005	54736613524547
2582	234	49	98	85	1789584323495774208	1789584323496501248	1789584323496501248	1789584323496502272	1789584323496503296	27718	1	62	1	54736615358310	54736615361192
2583	234	55	2	85	1789584323496503296	1789584323496670208	1789584323496670208	1789584323496683520	1789584323496684544	27719	32	71	1	54736615783809	54736615816482
2584	234	59	26	85	1789584323496684544	1789584323496998912	1789584323496998912	1789584323497511936	1789584323497512960	27751	4	76	2	54736616609613	54736617903102
2585	235	7	23	87	1789584323492782080	1789584323492948992	1789584323492948992	1789584323492950016	1789584323492951040	27755	1	6	1	54752164895208	54752164897602
2586	235	11	51	87	1789584323492951040	1789584323493129216	1789584323493129216	1789584323493401600	1789584323493402624	27756	4	12	1	54752165349378	54752166032823
2587	235	18	3	87	1789584323493402624	1789584323493978112	1789584323493978112	1789584323494128640	1789584323494129664	27760	4	21	1	54752167485994	54752167864725
2588	235	23	27	87	1789584323494129664	1789584323494136832	1789584323494136832	1789584323494141952	1789584323494142976	27764	3	26	3	54752167886443	54752167897880
2589	235	27	7	87	1789584323494142976	1789584323494315008	1789584323494315008	1789584323494537216	1789584323494538240	27767	4	33	1	54752168334616	54752168892694
2590	235	34	31	87	1789584323494538240	1789584323495313408	1789584323495313408	1789584323495314432	1789584323495315456	27771	1	42	1	54752170847618	54752170850285
2591	235	38	95	87	1789584323495315456	1789584323495318528	1789584323495318528	1789584323495323648	1789584323495324672	27772	3	46	3	54752170861094	54752170872186
2592	235	42	75	87	1789584323495324672	1789584323495495680	1789584323495495680	1789584323495770112	1789584323495771136	27775	4	53	1	54752171306881	54752171994743
2593	235	49	99	87	1789584323495771136	1789584323496501248	1789584323496501248	1789584323496502272	1789584323496503296	27779	1	62	1	54752173837167	54752173840048
2594	235	55	3	87	1789584323496503296	1789584323496670208	1789584323496670208	1789584323496683520	1789584323496684544	27780	32	71	1	54752174262764	54752174295402
2595	235	59	27	87	1789584323496684544	1789584323496998912	1789584323496998912	1789584323497504768	1789584323497504768	27812	4	76	2	54752175089174	54752176362747
2596	236	7	24	89	1789584323492782080	1789584323492948992	1789584323492948992	1789584323492950016	1789584323492951040	27816	1	6	1	54744871528887	54744871531344
2597	236	11	52	89	1789584323492951040	1789584323493129216	1789584323493129216	1789584323493398528	1789584323493399552	27817	4	12	1	54744871983014	54744872659121
2598	236	18	4	89	1789584323493399552	1789584323493978112	1789584323493978112	1789584323494126592	1789584323494127616	27821	4	21	1	54744874118573	54744874491202
2599	236	23	28	89	1789584323494127616	1789584323494136832	1789584323494136832	1789584323494141952	1789584323494142976	27825	3	26	3	54744874518406	54744874530274
2600	236	27	8	89	1789584323494142976	1789584323494315008	1789584323494315008	1789584323494537216	1789584323494538240	27828	4	33	1	54744874966738	54744875523075
2601	236	34	32	89	1789584323494538240	1789584323495313408	1789584323495313408	1789584323495314432	1789584323495315456	27832	1	42	1	54744877478135	54744877480985
2602	236	38	96	89	1789584323495315456	1789584323495318528	1789584323495318528	1789584323495323648	1789584323495324672	27833	3	46	3	54744877491409	54744877503221
2603	236	42	76	89	1789584323495324672	1789584323495495680	1789584323495495680	1789584323495769088	1789584323495770112	27836	4	53	1	54744877937425	54744878623333
2604	236	49	100	89	1789584323495770112	1789584323496501248	1789584323496501248	1789584323496502272	1789584323496503296	27840	1	62	1	54744880466625	54744880469564
2605	236	56	0	89	1789584323496503296	1789584323496685568	1789584323496685568	1789584323496962048	1789584323496963072	27841	4	72	1	54744880930842	54744881624883
2606	236	59	28	89	1789584323496963072	1789584323496998912	1789584323496998912	1789584323497497600	1789584323497497600	27845	5	76	2	54744881718016	54744882972678
2607	237	7	25	91	1789584323492782080	1789584323492948992	1789584323492948992	1789584323492950016	1789584323492951040	27850	1	6	1	54766048502341	54766048504618
2608	237	11	53	91	1789584323492951040	1789584323493129216	1789584323493129216	1789584323493398528	1789584323493399552	27851	4	12	1	54766048956511	54766049631851
2609	237	18	5	91	1789584323493399552	1789584323493978112	1789584323493978112	1789584323494127616	1789584323494128640	27855	4	21	1	54766051093490	54766051469563
2610	237	23	29	91	1789584323494128640	1789584323494136832	1789584323494136832	1789584323494141952	1789584323494142976	27859	3	26	3	54766051493793	54766051505581
2611	237	27	9	91	1789584323494142976	1789584323494315008	1789584323494315008	1789584323494537216	1789584323494539264	27862	4	33	1	54766051942311	54766052501304
2612	237	34	33	91	1789584323494539264	1789584323495313408	1789584323495313408	1789584323495314432	1789584323495315456	27866	1	42	1	54766054455680	54766054458496
2613	237	38	97	91	1789584323495315456	1789584323495318528	1789584323495318528	1789584323495323648	1789584323495324672	27867	3	46	3	54766054469072	54766054480799
2614	237	42	77	91	1789584323495324672	1789584323495495680	1789584323495495680	1789584323495768064	1789584323495769088	27870	4	53	1	54766054915098	54766055597718
2615	237	49	101	91	1789584323495769088	1789584323496501248	1789584323496501248	1789584323496502272	1789584323496503296	27874	1	62	1	54766057445797	54766057448777
2616	237	56	1	91	1789584323496503296	1789584323496685568	1789584323496685568	1789584323496957952	1789584323496958976	27875	4	72	1	54766057910166	54766058594783
2617	237	59	29	91	1789584323496958976	1789584323496998912	1789584323496998912	1789584323497504768	1789584323497504768	27879	5	76	2	54766058698024	54766059971775
2618	238	7	26	93	1789584323492782080	1789584323492948992	1789584323492948992	1789584323492950016	1789584323492951040	27884	1	6	1	54747003518749	54747003521096
2619	238	11	54	93	1789584323492951040	1789584323493129216	1789584323493129216	1789584323493399552	1789584323493400576	27885	4	12	1	54747003972880	54747004652922
2620	238	18	6	93	1789584323493400576	1789584323493978112	1789584323493978112	1789584323494127616	1789584323494128640	27889	4	21	1	54747006109848	54747006485771
2621	238	23	30	93	1789584323494128640	1789584323494136832	1789584323494136832	1789584323494141952	1789584323494142976	27893	3	26	3	54747006510320	54747006522030
2622	238	27	10	93	1789584323494142976	1789584323494315008	1789584323494315008	1789584323494542336	1789584323494543360	27896	4	33	1	54747006958842	54747007529082
2623	238	34	34	93	1789584323494543360	1789584323495313408	1789584323495313408	1789584323495314432	1789584323495315456	27900	1	42	1	54747009472023	54747009474800
2624	238	38	98	93	1789584323495315456	1789584323495318528	1789584323495318528	1789584323495323648	1789584323495324672	27901	3	46	3	54747009485554	54747009497176
2625	238	42	78	93	1789584323495324672	1789584323495495680	1789584323495495680	1789584323495764992	1789584323495767040	27904	4	53	1	54747009931479	54747010608474
2626	238	49	102	93	1789584323495767040	1789584323496501248	1789584323496501248	1789584323496502272	1789584323496503296	27908	1	62	1	54747012462607	54747012465468
2627	238	56	2	93	1789584323496503296	1789584323496685568	1789584323496685568	1789584323496960000	1789584323496961024	27909	4	72	1	54747012926861	54747013616089
2628	238	59	30	93	1789584323496961024	1789584323496998912	1789584323496998912	1789584323497509888	1789584323497510912	27913	5	76	2	54747013714734	54747015002974
2629	239	7	27	95	1789584323492782080	1789584323492948992	1789584323492948992	1789584323492950016	1789584323492951040	27918	1	6	1	54750894797417	54750894799853
2630	239	11	55	95	1789584323492951040	1789584323493129216	1789584323493129216	1789584323493400576	1789584323493401600	27919	4	12	1	54750895251623	54750895933954
2631	239	18	7	95	1789584323493401600	1789584323493978112	1789584323493978112	1789584323494128640	1789584323494129664	27923	4	21	1	54750897388370	54750897767808
2632	239	23	31	95	1789584323494129664	1789584323494136832	1789584323494136832	1789584323494141952	1789584323494142976	27927	3	26	3	54750897788889	54750897800533
2633	239	27	11	95	1789584323494142976	1789584323494315008	1789584323494315008	1789584323494532096	1789584323494533120	27930	4	33	1	54750898237310	54750898781564
2634	239	34	35	95	1789584323494533120	1789584323495313408	1789584323495313408	1789584323495314432	1789584323495315456	27934	1	42	1	54750900750001	54750900752844
2635	239	38	99	95	1789584323495315456	1789584323495318528	1789584323495318528	1789584323495323648	1789584323495324672	27935	3	46	3	54750900763363	54750900775200
2636	239	42	79	95	1789584323495324672	1789584323495495680	1789584323495495680	1789584323495770112	1789584323495771136	27938	4	53	1	54750901209862	54750901898285
2637	239	49	103	95	1789584323495771136	1789584323496501248	1789584323496501248	1789584323496502272	1789584323496503296	27942	1	62	1	54750903740116	54750903743000
2638	239	56	3	95	1789584323496503296	1789584323496685568	1789584323496685568	1789584323496952832	1789584323496953856	27943	4	72	1	54750904204468	54750904876266
2639	239	59	31	95	1789584323496953856	1789584323496998912	1789584323496998912	1789584323497515008	1789584323497515008	27947	5	76	2	54750904992168	54750906291420
2640	240	7	28	97	1789584323492782080	1789584323492948992	1789584323492948992	1789584323492950016	1789584323492951040	27952	1	6	1	54761928561182	54761928563502
2641	240	11	56	97	1789584323492951040	1789584323493129216	1789584323493129216	1789584323493400576	1789584323493402624	27953	4	12	1	54761929015384	54761929698225
2642	240	20	0	97	1789584323493402624	1789584323494131712	1789584323494131712	1789584323494132736	1789584323494133760	27957	1	23	1	54761931539101	54761931542192
2643	240	23	32	97	1789584323494133760	1789584323494136832	1789584323494136832	1789584323494141952	1789584323494142976	27958	3	26	3	54761931552469	54761931563868
2644	240	27	12	97	1789584323494142976	1789584323494315008	1789584323494315008	1789584323494542336	1789584323494543360	27961	4	33	1	54761932001090	54761932570942
2645	240	34	36	97	1789584323494543360	1789584323495313408	1789584323495313408	1789584323495314432	1789584323495315456	27965	1	42	1	54761934514596	54761934517359
2646	240	38	100	97	1789584323495315456	1789584323495318528	1789584323495318528	1789584323495323648	1789584323495324672	27966	3	46	3	54761934527978	54761934539214
2647	240	42	80	97	1789584323495324672	1789584323495495680	1789584323495495680	1789584323495771136	1789584323495772160	27969	4	53	1	54761934974140	54761935665488
2648	240	49	104	97	1789584323495772160	1789584323496501248	1789584323496501248	1789584323496502272	1789584323496503296	27973	1	62	1	54761937504986	54761937507953
2649	240	56	4	97	1789584323496503296	1789584323496685568	1789584323496685568	1789584323496961024	1789584323496962048	27974	4	72	1	54761937969413	54761938662808
2650	241	7	29	99	1789584323492782080	1789584323492948992	1789584323492948992	1789584323492950016	1789584323492951040	27978	1	6	1	54710217540600	54710217543075
2651	241	11	57	99	1789584323492951040	1789584323493129216	1789584323493129216	1789584323493399552	1789584323493400576	27979	4	12	1	54710217994532	54710218673193
2652	241	20	1	99	1789584323493400576	1789584323494131712	1789584323494131712	1789584323494132736	1789584323494133760	27983	1	23	1	54710220515027	54710220518131
2653	241	23	33	99	1789584323494134784	1789584323494136832	1789584323494136832	1789584323494141952	1789584323494142976	27984	3	26	3	54710220528439	54710220539734
2654	241	27	13	99	1789584323494142976	1789584323494315008	1789584323494315008	1789584323494536192	1789584323494537216	27987	4	33	1	54710220976518	54710221530638
2655	241	34	37	99	1789584323494537216	1789584323495313408	1789584323495313408	1789584323495314432	1789584323495315456	27991	1	42	1	54710223486294	54710223489134
2656	241	38	101	99	1789584323495315456	1789584323495318528	1789584323495318528	1789584323495323648	1789584323495324672	27992	3	46	3	54710223499904	54710223510892
2657	241	42	81	99	1789584323495324672	1789584323495495680	1789584323495495680	1789584323495768064	1789584323495769088	27995	4	53	1	54710223945487	54710224626167
2658	241	49	105	99	1789584323495769088	1789584323496501248	1789584323496501248	1789584323496502272	1789584323496503296	27999	1	62	1	54710226472652	54710226475646
2659	241	56	5	99	1789584323496503296	1789584323496685568	1789584323496685568	1789584323496958976	1789584323496960000	28000	4	72	1	54710226936582	54710227622796
2660	242	7	30	101	1789584323492782080	1789584323492948992	1789584323492948992	1789584323492950016	1789584323492951040	28004	1	6	1	54739532283698	54739532286133
2661	242	11	58	101	1789584323492951040	1789584323493129216	1789584323493129216	1789584323493399552	1789584323493400576	28005	4	12	1	54739532737870	54739533415407
2662	242	20	2	101	1789584323493400576	1789584323494131712	1789584323494131712	1789584323494132736	1789584323494133760	28009	1	23	1	54739535259527	54739535262641
2663	242	23	34	101	1789584323494134784	1789584323494136832	1789584323494136832	1789584323494141952	1789584323494142976	28010	3	26	3	54739535272892	54739535284224
2664	242	27	14	101	1789584323494142976	1789584323494315008	1789584323494315008	1789584323494535168	1789584323494536192	28013	4	33	1	54739535721267	54739536273404
2665	242	34	38	101	1789584323494536192	1789584323495313408	1789584323495313408	1789584323495314432	1789584323495315456	28017	1	42	1	54739538232752	54739538235583
2666	242	38	102	101	1789584323495315456	1789584323495318528	1789584323495318528	1789584323495323648	1789584323495324672	28018	3	46	3	54739538245924	54739538257327
2667	242	42	82	101	1789584323495324672	1789584323495495680	1789584323495495680	1789584323495767040	1789584323495768064	28021	4	53	1	54739538692038	54739539371922
2668	242	49	106	101	1789584323495768064	1789584323496501248	1789584323496501248	1789584323496502272	1789584323496503296	28025	1	62	1	54739541221076	54739541223975
2669	242	56	6	101	1789584323496503296	1789584323496685568	1789584323496685568	1789584323496953856	1789584323496955904	28026	4	72	1	54739541685307	54739542359447
2670	243	7	31	103	1789584323492782080	1789584323492948992	1789584323492948992	1789584323492950016	1789584323492951040	28030	1	6	1	54752594444764	54752594447242
2671	243	11	59	103	1789584323492951040	1789584323493129216	1789584323493129216	1789584323493395456	1789584323493396480	28031	4	12	1	54752594899050	54752595568514
2672	243	20	3	103	1789584323493397504	1789584323494131712	1789584323494131712	1789584323494132736	1789584323494133760	28035	1	23	1	54752597422489	54752597425605
2673	243	23	35	103	1789584323494133760	1789584323494136832	1789584323494136832	1789584323494141952	1789584323494142976	28036	3	26	3	54752597435753	54752597447144
2674	243	27	15	103	1789584323494142976	1789584323494315008	1789584323494315008	1789584323494536192	1789584323494537216	28039	4	33	1	54752597884426	54752598440679
2675	243	34	39	103	1789584323494537216	1789584323495313408	1789584323495313408	1789584323495314432	1789584323495315456	28043	1	42	1	54752600397657	54752600400398
2676	243	38	103	103	1789584323495315456	1789584323495318528	1789584323495318528	1789584323495323648	1789584323495324672	28044	3	46	3	54752600410803	54752600422256
2677	243	42	83	103	1789584323495324672	1789584323495495680	1789584323495495680	1789584323495770112	1789584323495771136	28047	4	53	1	54752600857119	54752601545643
2678	243	49	107	103	1789584323495771136	1789584323496501248	1789584323496501248	1789584323496502272	1789584323496503296	28051	1	62	1	54752603387815	54752603390653
2679	243	56	7	103	1789584323496503296	1789584323496685568	1789584323496685568	1789584323496954880	1789584323496955904	28052	4	72	1	54752603852188	54752604528722
2680	244	6	0	105	1789584323492782080	1789584323492950016	1789584323492950016	1789584323492951040	1789584323492952064	28056	1	5	1	54688923568070	54688923569886
2681	244	11	60	105	1789584323492952064	1789584323493129216	1789584323493129216	1789584323493403648	1789584323493404672	28057	4	12	1	54688924019486	54688924706983
2682	244	20	4	105	1789584323493404672	1789584323494131712	1789584323494131712	1789584323494132736	1789584323494133760	28061	1	23	1	54688926538914	54688926542086
2683	244	23	36	105	1789584323494133760	1789584323494136832	1789584323494136832	1789584323494140928	1789584323494142976	28062	3	26	3	54688926552306	54688926563120
2684	244	27	16	105	1789584323494142976	1789584323494315008	1789584323494315008	1789584323494588416	1789584323494589440	28065	4	33	1	54688927000482	54688927684489
2685	244	34	40	105	1789584323494589440	1789584323495313408	1789584323495313408	1789584323495314432	1789584323495315456	28069	1	42	1	54688929509210	54688929511977
2686	244	38	104	105	1789584323495315456	1789584323495318528	1789584323495318528	1789584323495322624	1789584323495323648	28070	3	46	3	54688929522309	54688929533492
2687	244	42	84	105	1789584323495324672	1789584323495495680	1789584323495495680	1789584323495774208	1789584323495775232	28073	4	53	1	54688929968391	54688930664778
2688	244	49	108	105	1789584323495775232	1789584323496501248	1789584323496501248	1789584323496502272	1789584323496503296	28077	1	62	1	54688932494933	54688932497771
2689	244	56	8	105	1789584323496503296	1789584323496685568	1789584323496685568	1789584323496954880	1789584323496955904	28078	4	72	1	54688932958683	54688933634483
2690	245	6	1	107	1789584323492782080	1789584323492950016	1789584323492950016	1789584323492951040	1789584323492952064	28082	1	5	1	54736606422164	54736606423924
2691	245	11	61	107	1789584323492952064	1789584323493129216	1789584323493129216	1789584323493400576	1789584323493401600	28083	4	12	1	54736606873736	54736607554431
2692	245	20	5	107	1789584323493401600	1789584323494131712	1789584323494131712	1789584323494132736	1789584323494133760	28087	1	23	1	54736609396004	54736609399173
2693	245	23	37	107	1789584323494133760	1789584323494136832	1789584323494136832	1789584323494140928	1789584323494141952	28088	3	26	3	54736609409286	54736609420182
2694	245	27	17	107	1789584323494142976	1789584323494315008	1789584323494315008	1789584323494586368	1789584323494587392	28091	4	33	1	54736609857865	54736610538757
2695	245	34	41	107	1789584323494587392	1789584323495313408	1789584323495313408	1789584323495314432	1789584323495315456	28095	1	42	1	54736612369569	54736612372378
2696	245	38	105	107	1789584323495315456	1789584323495318528	1789584323495318528	1789584323495322624	1789584323495324672	28096	3	46	3	54736612383084	54736612393965
2697	245	42	85	107	1789584323495324672	1789584323495495680	1789584323495495680	1789584323495771136	1789584323495772160	28099	4	53	1	54736612828843	54736613519825
2698	245	49	109	107	1789584323495772160	1789584323496501248	1789584323496501248	1789584323496502272	1789584323496503296	28103	1	62	1	54736615358284	54736615361122
2699	245	56	9	107	1789584323496503296	1789584323496685568	1789584323496685568	1789584323496960000	1789584323496961024	28104	4	72	1	54736615822564	54736616511695
2700	246	6	2	109	1789584323492782080	1789584323492950016	1789584323492950016	1789584323492951040	1789584323492952064	28108	1	5	1	54752164897732	54752164899585
2701	246	11	62	109	1789584323492952064	1789584323493129216	1789584323493129216	1789584323493398528	1789584323493399552	28109	4	12	1	54752165349392	54752166025456
2702	246	20	6	109	1789584323493399552	1789584323494131712	1789584323494131712	1789584323494132736	1789584323494133760	28113	1	23	1	54752167872626	54752167875786
2703	246	23	38	109	1789584323494133760	1789584323494136832	1789584323494136832	1789584323494140928	1789584323494142976	28114	3	26	3	54752167886037	54752167896840
2704	246	27	18	109	1789584323494142976	1789584323494315008	1789584323494315008	1789584323494586368	1789584323494587392	28117	4	33	1	54752168334586	54752169015211
2705	246	34	42	109	1789584323494587392	1789584323495313408	1789584323495313408	1789584323495314432	1789584323495315456	28121	1	42	1	54752170847317	54752170850137
2706	246	38	106	109	1789584323495315456	1789584323495318528	1789584323495318528	1789584323495322624	1789584323495324672	28122	3	46	3	54752170860706	54752170871697
2707	246	42	86	109	1789584323495324672	1789584323495495680	1789584323495495680	1789584323495760896	1789584323495762944	28125	4	53	1	54752171306694	54752171973299
2708	246	49	110	109	1789584323495762944	1789584323496501248	1789584323496501248	1789584323496502272	1789584323496503296	28129	1	62	1	54752173837106	54752173839978
2709	246	56	10	109	1789584323496503296	1789584323496685568	1789584323496685568	1789584323496955904	1789584323496956928	28130	4	72	1	54752174301431	54752174982025
2710	247	6	3	111	1789584323492782080	1789584323492950016	1789584323492950016	1789584323492951040	1789584323492952064	28134	1	5	1	54744871531438	54744871533341
2711	247	11	63	111	1789584323492952064	1789584323493129216	1789584323493129216	1789584323493399552	1789584323493400576	28135	4	12	1	54744871983012	54744872662271
2712	247	20	7	111	1789584323493400576	1789584323494131712	1789584323494131712	1789584323494132736	1789584323494133760	28139	1	23	1	54744874504895	54744874508022
2713	247	23	39	111	1789584323494134784	1789584323494136832	1789584323494136832	1789584323494140928	1789584323494142976	28140	3	26	3	54744874518453	54744874529113
2714	247	27	19	111	1789584323494142976	1789584323494315008	1789584323494315008	1789584323494583296	1789584323494585344	28143	4	33	1	54744874966654	54744875640900
2715	247	34	43	111	1789584323494585344	1789584323495313408	1789584323495313408	1789584323495314432	1789584323495315456	28147	1	42	1	54744877478061	54744877480864
2716	247	38	107	111	1789584323495315456	1789584323495318528	1789584323495318528	1789584323495322624	1789584323495324672	28148	3	46	3	54744877491846	54744877502431
2717	247	42	87	111	1789584323495324672	1789584323495495680	1789584323495495680	1789584323495773184	1789584323495774208	28151	4	53	1	54744877937307	54744878632599
2718	247	49	111	111	1789584323495774208	1789584323496501248	1789584323496501248	1789584323496502272	1789584323496503296	28155	1	62	1	54744880466606	54744880469450
2719	247	56	11	111	1789584323496503296	1789584323496685568	1789584323496685568	1789584323496953856	1789584323496954880	28156	4	72	1	54744880930714	54744881603529
2720	248	6	4	113	1789584323492782080	1789584323492950016	1789584323492950016	1789584323492951040	1789584323492952064	28160	1	5	1	54766048504773	54766048506747
2721	248	11	64	113	1789584323492952064	1789584323493129216	1789584323493129216	1789584323493399552	1789584323493400576	28161	4	12	1	54766048956424	54766049636576
2722	248	20	8	113	1789584323493401600	1789584323494131712	1789584323494131712	1789584323494132736	1789584323494133760	28165	1	23	1	54766051480186	54766051483324
2723	248	23	40	113	1789584323494134784	1789584323494136832	1789584323494136832	1789584323494141952	1789584323494142976	28166	3	26	3	54766051493684	54766051505073
2724	248	27	20	113	1789584323494142976	1789584323494315008	1789584323494315008	1789584323494588416	1789584323494589440	28169	4	33	1	54766051942260	54766052629523
2725	248	34	44	113	1789584323494589440	1789584323495313408	1789584323495313408	1789584323495314432	1789584323495315456	28173	1	42	1	54766054455560	54766054458416
2726	248	38	108	113	1789584323495315456	1789584323495318528	1789584323495318528	1789584323495323648	1789584323495324672	28174	3	46	3	54766054469179	54766054480303
2727	248	42	88	113	1789584323495324672	1789584323495495680	1789584323495495680	1789584323495768064	1789584323495769088	28177	4	53	1	54766054914932	54766055598658
2728	248	49	112	113	1789584323495769088	1789584323496501248	1789584323496501248	1789584323496502272	1789584323496503296	28181	1	62	1	54766057445779	54766057448677
2729	248	56	12	113	1789584323496503296	1789584323496685568	1789584323496685568	1789584323496960000	1789584323496961024	28182	4	72	1	54766057910083	54766058599187
2730	249	6	5	115	1789584323492782080	1789584323492950016	1789584323492950016	1789584323492951040	1789584323492952064	28186	1	5	1	54747003521149	54747003523020
2731	249	11	65	115	1789584323492952064	1789584323493129216	1789584323493129216	1789584323493402624	1789584323493403648	28187	4	12	1	54747003972850	54747004660200
2732	249	20	9	115	1789584323493403648	1789584323494131712	1789584323494131712	1789584323494132736	1789584323494133760	28191	1	23	1	54747006496524	54747006499654
2733	249	23	41	115	1789584323494133760	1789584323494136832	1789584323494136832	1789584323494141952	1789584323494142976	28192	3	26	3	54747006510134	54747006521425
2734	249	27	21	115	1789584323494142976	1789584323494315008	1789584323494315008	1789584323494586368	1789584323494587392	28195	4	33	1	54747006958608	54747007641395
2735	249	34	45	115	1789584323494588416	1789584323495313408	1789584323495313408	1789584323495314432	1789584323495315456	28199	1	42	1	54747009471888	54747009474670
2736	249	38	109	115	1789584323495315456	1789584323495318528	1789584323495318528	1789584323495323648	1789584323495324672	28200	3	46	3	54747009485131	54747009496638
2737	249	42	89	115	1789584323495324672	1789584323495495680	1789584323495495680	1789584323495768064	1789584323495769088	28203	4	53	1	54747009931367	54747010616218
2738	249	49	113	115	1789584323495770112	1789584323496501248	1789584323496501248	1789584323496502272	1789584323496503296	28207	1	62	1	54747012462438	54747012465411
2739	249	56	13	115	1789584323496503296	1789584323496685568	1789584323496685568	1789584323496954880	1789584323496955904	28208	4	72	1	54747012926859	54747013604564
2740	250	6	6	117	1789584323492782080	1789584323492950016	1789584323492950016	1789584323492951040	1789584323492952064	28212	1	5	1	54750894799921	54750894801695
2741	250	11	66	117	1789584323492952064	1789584323493129216	1789584323493129216	1789584323493397504	1789584323493398528	28213	4	12	1	54750895251549	54750895925269
2742	250	20	10	117	1789584323493398528	1789584323494131712	1789584323494131712	1789584323494132736	1789584323494133760	28217	1	23	1	54750897775023	54750897778191
2743	250	23	42	117	1789584323494133760	1789584323494136832	1789584323494136832	1789584323494141952	1789584323494142976	28218	3	26	3	54750897788303	54750897799929
2744	250	27	22	117	1789584323494142976	1789584323494315008	1789584323494315008	1789584323494588416	1789584323494589440	28221	4	33	1	54750898237071	54750898924664
2745	250	34	46	117	1789584323494589440	1789584323495313408	1789584323495313408	1789584323495314432	1789584323495315456	28225	1	42	1	54750900749981	54750900752778
2746	250	38	110	117	1789584323495315456	1789584323495318528	1789584323495318528	1789584323495323648	1789584323495324672	28226	3	46	3	54750900763351	54750900774722
2747	250	42	90	117	1789584323495324672	1789584323495495680	1789584323495495680	1789584323495771136	1789584323495772160	28229	4	53	1	54750901209409	54750901899819
2748	250	49	114	117	1789584323495772160	1789584323496501248	1789584323496501248	1789584323496502272	1789584323496503296	28233	1	62	1	54750903740090	54750903743001
2749	250	56	14	117	1789584323496503296	1789584323496685568	1789584323496685568	1789584323496957952	1789584323496958976	28234	4	72	1	54750904204443	54750904888890
2750	251	6	7	119	1789584323492782080	1789584323492950016	1789584323492950016	1789584323492951040	1789584323492952064	28238	1	5	1	54761928563600	54761928565466
2751	251	11	67	119	1789584323492952064	1789584323493129216	1789584323493129216	1789584323493404672	1789584323493405696	28239	4	12	1	54761929015293	54761929706265
2752	251	20	11	119	1789584323493405696	1789584323494131712	1789584323494131712	1789584323494132736	1789584323494133760	28243	1	23	1	54761931539068	54761931542230
2753	251	23	43	119	1789584323494133760	1789584323494136832	1789584323494136832	1789584323494141952	1789584323494142976	28244	3	26	3	54761931552838	54761931563986
2754	251	27	23	119	1789584323494142976	1789584323494315008	1789584323494315008	1789584323494587392	1789584323494588416	28247	4	33	1	54761932001218	54761932685608
2755	251	34	47	119	1789584323494588416	1789584323495313408	1789584323495313408	1789584323495314432	1789584323495315456	28251	1	42	1	54761934514470	54761934517260
2756	251	38	111	119	1789584323495315456	1789584323495318528	1789584323495318528	1789584323495323648	1789584323495324672	28252	3	46	3	54761934528066	54761934539199
2757	251	42	91	119	1789584323495324672	1789584323495495680	1789584323495495680	1789584323495770112	1789584323495771136	28255	4	53	1	54761934973943	54761935664043
2758	251	49	115	119	1789584323495772160	1789584323496501248	1789584323496501248	1789584323496502272	1789584323496503296	28259	1	62	1	54761937505098	54761937507920
2759	251	56	15	119	1789584323496503296	1789584323496685568	1789584323496685568	1789584323496960000	1789584323496961024	28260	4	72	1	54761937969339	54761938658145
2760	252	6	8	121	1789584323492782080	1789584323492950016	1789584323492950016	1789584323492951040	1789584323492952064	28264	1	5	1	54710217543183	54710217545087
2761	252	11	68	121	1789584323492952064	1789584323493129216	1789584323493129216	1789584323493395456	1789584323493396480	28265	4	12	1	54710217994443	54710218661901
2762	252	20	12	121	1789584323493396480	1789584323494131712	1789584323494131712	1789584323494132736	1789584323494133760	28269	1	23	1	54710220515002	54710220518097
2763	252	23	44	121	1789584323494134784	1789584323494136832	1789584323494136832	1789584323494141952	1789584323494142976	28270	3	26	3	54710220528369	54710220539516
2764	252	27	24	121	1789584323494142976	1789584323494315008	1789584323494315008	1789584323494583296	1789584323494584320	28273	4	33	1	54710220976651	54710221648977
2765	252	34	48	121	1789584323494584320	1789584323495313408	1789584323495313408	1789584323495314432	1789584323495315456	28277	1	42	1	54710223486155	54710223489011
2766	252	38	112	121	1789584323495315456	1789584323495318528	1789584323495318528	1789584323495323648	1789584323495324672	28278	3	46	3	54710223499674	54710223511311
2767	252	42	92	121	1789584323495324672	1789584323495495680	1789584323495495680	1789584323495767040	1789584323495768064	28281	4	53	1	54710223945217	54710224623907
2768	252	49	116	121	1789584323495768064	1789584323496501248	1789584323496501248	1789584323496502272	1789584323496503296	28285	1	62	1	54710226472762	54710226475612
2769	252	56	16	121	1789584323496503296	1789584323496685568	1789584323496685568	1789584323496962048	1789584323496963072	28286	4	72	1	54710226936510	54710227630847
2770	253	6	9	123	1789584323492782080	1789584323492950016	1789584323492950016	1789584323492951040	1789584323492952064	28290	1	5	1	54739532286261	54739532288192
2771	253	11	69	123	1789584323492952064	1789584323493129216	1789584323493129216	1789584323493403648	1789584323493404672	28291	4	12	1	54739532737708	54739533426548
2772	253	20	13	123	1789584323493404672	1789584323494131712	1789584323494131712	1789584323494132736	1789584323494133760	28295	1	23	1	54739535259503	54739535262626
2773	253	23	45	123	1789584323494134784	1789584323494136832	1789584323494136832	1789584323494141952	1789584323494142976	28296	3	26	3	54739535272657	54739535283950
2774	253	27	25	123	1789584323494142976	1789584323494315008	1789584323494315008	1789584323494585344	1789584323494586368	28299	4	33	1	54739535721332	54739536399778
2775	253	34	49	123	1789584323494586368	1789584323495313408	1789584323495313408	1789584323495314432	1789584323495315456	28303	1	42	1	54739538232643	54739538235476
2776	253	38	113	123	1789584323495315456	1789584323495318528	1789584323495318528	1789584323495323648	1789584323495324672	28304	3	46	3	54739538245825	54739538257757
2777	253	42	93	123	1789584323495324672	1789584323495495680	1789584323495495680	1789584323495767040	1789584323495768064	28307	4	53	1	54739538691912	54739539372115
2778	253	49	117	123	1789584323495768064	1789584323496501248	1789584323496501248	1789584323496502272	1789584323496503296	28311	1	62	1	54739541221225	54739541224041
2779	253	56	17	123	1789584323496503296	1789584323496685568	1789584323496685568	1789584323496956928	1789584323496957952	28312	4	72	1	54739541685217	54739542366151
2780	254	6	10	125	1789584323492782080	1789584323492950016	1789584323492950016	1789584323492951040	1789584323492952064	28316	1	5	1	54752594447320	54752594449155
2781	254	11	70	125	1789584323492952064	1789584323493129216	1789584323493129216	1789584323493402624	1789584323493403648	28317	4	12	1	54752594898894	54752595585517
2782	254	20	14	125	1789584323493403648	1789584323494131712	1789584323494131712	1789584323494132736	1789584323494133760	28321	1	23	1	54752597422456	54752597425539
2783	254	23	46	125	1789584323494134784	1789584323494136832	1789584323494136832	1789584323494140928	1789584323494142976	28322	3	26	3	54752597436115	54752597446887
2784	254	27	26	125	1789584323494142976	1789584323494315008	1789584323494315008	1789584323494583296	1789584323494584320	28325	4	33	1	54752597884511	54752598558983
2785	254	34	50	125	1789584323494584320	1789584323495313408	1789584323495313408	1789584323495314432	1789584323495315456	28329	1	42	1	54752600397528	54752600400324
2786	254	38	114	125	1789584323495315456	1789584323495318528	1789584323495318528	1789584323495323648	1789584323495324672	28330	3	46	3	54752600411142	54752600422678
2787	254	42	94	125	1789584323495324672	1789584323495495680	1789584323495495680	1789584323495774208	1789584323495775232	28333	4	53	1	54752600856951	54752601555614
2788	254	49	118	125	1789584323495775232	1789584323496501248	1789584323496501248	1789584323496502272	1789584323496503296	28337	1	62	1	54752603387799	54752603390607
2789	254	56	18	125	1789584323496503296	1789584323496685568	1789584323496685568	1789584323496958976	1789584323496960000	28338	4	72	1	54752603852101	54752604538185
2790	255	6	11	127	1789584323492782080	1789584323492950016	1789584323492950016	1789584323492951040	1789584323492952064	28342	1	5	1	54688923568052	54688923569831
2791	255	11	71	127	1789584323492952064	1789584323493129216	1789584323493129216	1789584323493402624	1789584323493403648	28343	4	12	1	54688924019221	54688924704512
2792	255	20	15	127	1789584323493403648	1789584323494131712	1789584323494131712	1789584323494132736	1789584323494133760	28347	1	23	1	54688926538899	54688926541991
2793	255	23	47	127	1789584323494133760	1789584323494136832	1789584323494136832	1789584323494140928	1789584323494142976	28348	3	26	3	54688926552353	54688926563300
2794	255	27	27	127	1789584323494142976	1789584323494315008	1789584323494315008	1789584323494586368	1789584323494587392	28351	4	33	1	54688927000424	54688927681104
2795	255	34	51	127	1789584323494587392	1789584323495313408	1789584323495313408	1789584323495314432	1789584323495315456	28355	1	42	1	54688929509096	54688929511887
2796	255	38	115	127	1789584323495315456	1789584323495318528	1789584323495318528	1789584323495323648	1789584323495324672	28356	3	46	3	54688929522834	54688929534239
2797	255	42	95	127	1789584323495324672	1789584323495495680	1789584323495495680	1789584323495775232	1789584323495776256	28359	4	53	1	54688929968115	54688930668377
2798	255	49	119	127	1789584323495776256	1789584323496501248	1789584323496501248	1789584323496502272	1789584323496503296	28363	1	62	1	54688932495094	54688932497799
2799	255	56	19	127	1789584323496503296	1789584323496685568	1789584323496685568	1789584323496949760	1789584323496951808	28364	4	72	1	54688932958705	54688933621613
