slot	worker	stage	logical_task	smid	wait_begin	ready	run_begin	run_end	publish_end	wait_begin_idx	wait_count	dependency_begin	dependency_count	run_begin_clk	run_end_clk
0	0	0	0	0	1789438871433244672	1789438871433244672	1789438871433244672	1789438871433246720	1789438871433248768	0	0	0	0	42945873243523	42945873248892
1	0	2	0	0	1789438871433248768	1789438871433249792	1789438871433249792	1789438871433274368	1789438871433275392	0	127	1	1	42945873255832	42945873317920
2	0	5	0	0	1789438871433275392	1789438871433276416	1789438871433276416	1789438871433277440	1789438871433279488	127	1	4	1	42945873323569	42945873326271
3	0	6	0	0	1789438871433279488	1789438871433279488	1789438871433279488	1789438871433280512	1789438871433281536	128	0	5	1	42945873330729	42945873332484
4	0	8	0	0	1789438871433281536	1789438871433342976	1789438871433342976	1789438871433364480	1789438871433365504	128	3	7	3	42945873490843	42945873544719
5	0	9	0	0	1789438871433365504	1789438871433368576	1789438871433368576	1789438871433402368	1789438871433404416	131	511	10	1	42945873555653	42945873640861
6	0	10	0	0	1789438871433404416	1789438871433405440	1789438871433405440	1789438871433406464	1789438871433408512	642	3	11	1	42945873646778	42945873651451
7	0	11	0	0	1789438871433408512	1789438871433409536	1789438871433409536	1789438871433434112	1789438871433435136	645	127	12	1	42945873658414	42945873720064
8	0	13	0	0	1789438871433436160	1789438871433437184	1789438871433437184	1789438871433440256	1789438871433442304	772	15	14	2	42945873728668	42945873736025
9	0	14	0	0	1789438871433442304	1789438871433443328	1789438871433443328	1789438871433496576	1789438871433497600	787	127	16	2	42945873743026	42945873877755
10	0	15	0	0	1789438871433498624	1789438871433498624	1789438871433498624	1789438871433500672	1789438871433502720	914	3	18	1	42945873883635	42945873888718
11	0	17	0	0	1789438871433502720	1789438871433503744	1789438871433503744	1789438871433528320	1789438871433529344	917	127	20	1	42945873895755	42945873957366
12	0	20	0	0	1789438871433529344	1789438871433530368	1789438871433530368	1789438871433531392	1789438871433533440	1044	1	23	1	42945873963206	42945873965859
13	0	21	0	0	1789438871433533440	1789438871433533440	1789438871433533440	1789438871433534464	1789438871433535488	1045	0	24	1	42945873970287	42945873972074
14	0	23	0	0	1789438871433535488	1789438871433598976	1789438871433598976	1789438871433620480	1789438871433622528	1045	3	26	3	42945874135760	42945874190120
15	0	24	0	0	1789438871433622528	1789438871433626624	1789438871433626624	1789438871433660416	1789438871433662464	1048	511	29	2	42945874205792	42945874290085
16	0	25	0	0	1789438871433662464	1789438871433663488	1789438871433663488	1789438871433665536	1789438871433666560	1559	3	31	1	42945874297394	42945874302482
17	0	26	0	0	1789438871433666560	1789438871433670656	1789438871433670656	1789438871433695232	1789438871433697280	1562	127	32	1	42945874316350	42945874377796
18	0	28	0	0	1789438871433697280	1789438871433698304	1789438871433698304	1789438871433701376	1789438871433702400	1689	15	34	2	42945874385264	42945874392692
19	0	29	0	0	1789438871433702400	1789438871433707520	1789438871433707520	1789438871433760768	1789438871433760768	1704	127	36	2	42945874409281	42945874541809
20	1	0	1	2	1789438871433244672	1789438871433244672	1789438871433244672	1789438871433246720	1789438871433248768	1831	0	0	0	42964216851049	42964216856416
21	1	2	1	2	1789438871433248768	1789438871433249792	1789438871433249792	1789438871433274368	1789438871433276416	1831	127	1	1	42964216863452	42964216925822
22	1	5	1	2	1789438871433276416	1789438871433277440	1789438871433277440	1789438871433278464	1789438871433279488	1958	1	4	1	42964216932057	42964216934993
23	1	6	1	2	1789438871433279488	1789438871433280512	1789438871433280512	1789438871433280512	1789438871433282560	1959	0	5	1	42964216940017	42964216941309
24	1	8	1	2	1789438871433282560	1789438871433342976	1789438871433342976	1789438871433364480	1789438871433365504	1959	3	7	3	42964217098450	42964217152169
25	1	9	1	2	1789438871433365504	1789438871433368576	1789438871433369600	1789438871433402368	1789438871433404416	1962	511	10	1	42964217164088	42964217248735
26	1	10	1	2	1789438871433404416	1789438871433405440	1789438871433405440	1789438871433407488	1789438871433408512	2473	3	11	1	42964217255666	42964217259879
27	1	11	1	2	1789438871433408512	1789438871433409536	1789438871433409536	1789438871433434112	1789438871433435136	2476	127	12	1	42964217265940	42964217327312
28	1	13	1	2	1789438871433435136	1789438871433437184	1789438871433437184	1789438871433440256	1789438871433442304	2603	15	14	2	42964217336276	42964217343781
29	1	14	1	2	1789438871433442304	1789438871433443328	1789438871433443328	1789438871433496576	1789438871433497600	2618	127	16	2	42964217351083	42964217485585
30	1	15	1	2	1789438871433498624	1789438871433498624	1789438871433498624	1789438871433500672	1789438871433502720	2745	3	18	1	42964217491324	42964217496488
31	1	17	1	2	1789438871433502720	1789438871433503744	1789438871433503744	1789438871433528320	1789438871433530368	2748	127	20	1	42964217503714	42964217565613
32	1	20	1	2	1789438871433530368	1789438871433531392	1789438871433531392	1789438871433531392	1789438871433533440	2875	1	23	1	42964217571826	42964217574163
33	1	21	1	2	1789438871433533440	1789438871433533440	1789438871433533440	1789438871433534464	1789438871433535488	2876	0	24	1	42964217578620	42964217580382
34	1	23	1	2	1789438871433535488	1789438871433598976	1789438871433598976	1789438871433620480	1789438871433622528	2876	3	26	3	42964217743425	42964217797767
35	1	24	1	2	1789438871433622528	1789438871433626624	1789438871433626624	1789438871433660416	1789438871433661440	2879	511	29	2	42964217813395	42964217897101
36	1	25	1	2	1789438871433662464	1789438871433662464	1789438871433663488	1789438871433665536	1789438871433666560	3390	3	31	1	42964217904438	42964217909635
37	1	26	1	2	1789438871433666560	1789438871433670656	1789438871433670656	1789438871433695232	1789438871433697280	3393	127	32	1	42964217924076	42964217985153
38	1	28	1	2	1789438871433697280	1789438871433698304	1789438871433698304	1789438871433701376	1789438871433702400	3520	15	34	2	42964217992531	42964217999982
39	1	29	1	2	1789438871433702400	1789438871433707520	1789438871433707520	1789438871433759744	1789438871433760768	3535	127	36	2	42964218016993	42964218148762
40	2	0	2	4	1789438871433244672	1789438871433244672	1789438871433244672	1789438871433246720	1789438871433248768	3662	0	0	0	42948816629122	42948816634379
41	2	1	0	4	1789438871433248768	1789438871433249792	1789438871433249792	1789438871433274368	1789438871433275392	3662	127	0	1	42948816641134	42948816702766
42	2	4	2	4	1789438871433275392	1789438871433276416	1789438871433276416	1789438871433277440	1789438871433279488	3789	1	3	1	42948816708649	42948816711266
43	2	8	2	4	1789438871433279488	1789438871433290752	1789438871433290752	1789438871433318400	1789438871433320448	3790	2	7	3	42948816745300	42948816814802
44	2	9	2	4	1789438871433320448	1789438871433368576	1789438871433368576	1789438871433402368	1789438871433403392	3792	511	10	1	42948816941649	42948817025216
45	2	10	2	4	1789438871433403392	1789438871433404416	1789438871433404416	1789438871433406464	1789438871433408512	4303	3	11	1	42948817031796	42948817036972
46	2	11	2	4	1789438871433408512	1789438871433410560	1789438871433410560	1789438871433435136	1789438871433436160	4306	127	12	1	42948817046896	42948817108362
47	2	13	2	4	1789438871433436160	1789438871433437184	1789438871433437184	1789438871433440256	1789438871433442304	4433	15	14	2	42948817114548	42948817121816
48	2	14	2	4	1789438871433442304	1789438871433443328	1789438871433443328	1789438871433496576	1789438871433497600	4448	127	16	2	42948817128761	42948817262372
49	2	15	2	4	1789438871433497600	1789438871433498624	1789438871433498624	1789438871433500672	1789438871433502720	4575	3	18	1	42948817269333	42948817274396
50	2	16	0	4	1789438871433502720	1789438871433503744	1789438871433503744	1789438871433528320	1789438871433529344	4578	127	19	1	42948817281181	42948817342218
51	2	19	2	4	1789438871433529344	1789438871433530368	1789438871433530368	1789438871433531392	1789438871433532416	4705	1	22	1	42948817348243	42948817350812
52	2	23	2	4	1789438871433533440	1789438871433544704	1789438871433544704	1789438871433573376	1789438871433575424	4706	2	26	3	42948817385050	42948817457589
53	2	24	2	4	1789438871433575424	1789438871433626624	1789438871433626624	1789438871433659392	1789438871433661440	4708	511	29	2	42948817591277	42948817674028
54	2	25	2	4	1789438871433661440	1789438871433662464	1789438871433662464	1789438871433664512	1789438871433665536	5219	3	31	1	42948817681305	42948817686426
55	2	26	2	4	1789438871433666560	1789438871433670656	1789438871433670656	1789438871433695232	1789438871433697280	5222	127	32	1	42948817702193	42948817763527
56	2	28	2	4	1789438871433697280	1789438871433698304	1789438871433698304	1789438871433700352	1789438871433702400	5349	15	34	2	42948817770615	42948817777786
57	2	29	2	4	1789438871433702400	1789438871433707520	1789438871433707520	1789438871433759744	1789438871433760768	5364	127	36	2	42948817795086	42948817927041
58	3	0	3	6	1789438871433244672	1789438871433244672	1789438871433244672	1789438871433246720	1789438871433248768	5491	0	0	0	42955800416715	42955800421877
59	3	1	1	6	1789438871433248768	1789438871433249792	1789438871433249792	1789438871433274368	1789438871433275392	5491	127	0	1	42955800428487	42955800489990
60	3	4	3	6	1789438871433275392	1789438871433276416	1789438871433276416	1789438871433277440	1789438871433278464	5618	1	3	1	42955800495835	42955800498399
61	3	8	3	6	1789438871433278464	1789438871433290752	1789438871433290752	1789438871433319424	1789438871433320448	5619	2	7	3	42955800532869	42955800603854
62	3	9	3	6	1789438871433320448	1789438871433369600	1789438871433369600	1789438871433402368	1789438871433403392	5621	511	10	1	42955800731369	42955800813859
63	3	10	3	6	1789438871433403392	1789438871433404416	1789438871433404416	1789438871433406464	1789438871433408512	6132	3	11	1	42955800819471	42955800824405
64	3	11	3	6	1789438871433408512	1789438871433409536	1789438871433409536	1789438871433434112	1789438871433435136	6135	127	12	1	42955800831940	42955800893713
65	3	13	3	6	1789438871433435136	1789438871433437184	1789438871433437184	1789438871433440256	1789438871433441280	6262	15	14	2	42955800902014	42955800909096
66	3	14	3	6	1789438871433442304	1789438871433443328	1789438871433443328	1789438871433495552	1789438871433496576	6277	127	16	2	42955800915750	42955801048500
67	3	15	3	6	1789438871433496576	1789438871433498624	1789438871433498624	1789438871433500672	1789438871433501696	6404	3	18	1	42955801056554	42955801061564
68	3	16	1	6	1789438871433502720	1789438871433503744	1789438871433503744	1789438871433527296	1789438871433529344	6407	127	19	1	42955801068224	42955801129331
69	3	19	3	6	1789438871433529344	1789438871433530368	1789438871433530368	1789438871433531392	1789438871433532416	6534	1	22	1	42955801135184	42955801137656
70	3	23	3	6	1789438871433532416	1789438871433544704	1789438871433544704	1789438871433572352	1789438871433574400	6535	2	26	3	42955801172617	42955801242903
71	3	24	3	6	1789438871433574400	1789438871433626624	1789438871433626624	1789438871433659392	1789438871433661440	6537	511	29	2	42955801378732	42955801460926
72	3	25	3	6	1789438871433661440	1789438871433662464	1789438871433662464	1789438871433664512	1789438871433665536	7048	3	31	1	42955801469370	42955801474324
73	3	26	3	6	1789438871433666560	1789438871433670656	1789438871433670656	1789438871433695232	1789438871433696256	7051	127	32	1	42955801489841	42955801551060
74	3	28	3	6	1789438871433697280	1789438871433697280	1789438871433698304	1789438871433700352	1789438871433702400	7178	15	34	2	42955801557945	42955801564884
75	3	29	3	6	1789438871433702400	1789438871433707520	1789438871433707520	1789438871433759744	1789438871433760768	7193	127	36	2	42955801582721	42955801714696
76	4	15	4	8	1789438871433244672	1789438871433498624	1789438871433498624	1789438871433500672	1789438871433502720	7320	4	18	1	42961564335554	42961564340622
77	4	16	2	8	1789438871433502720	1789438871433503744	1789438871433503744	1789438871433527296	1789438871433529344	7324	127	19	1	42961564347210	42961564408181
78	4	19	4	8	1789438871433529344	1789438871433530368	1789438871433530368	1789438871433531392	1789438871433532416	7451	1	22	1	42961564414234	42961564416540
79	4	23	4	8	1789438871433532416	1789438871433544704	1789438871433544704	1789438871433573376	1789438871433574400	7452	2	26	3	42961564451485	42961564522953
80	5	15	5	10	1789438871433244672	1789438871433498624	1789438871433498624	1789438871433500672	1789438871433502720	7454	4	18	1	42921751728334	42921751733637
81	5	16	3	10	1789438871433502720	1789438871433503744	1789438871433503744	1789438871433528320	1789438871433529344	7458	127	19	1	42921751740669	42921751801425
82	5	19	5	10	1789438871433529344	1789438871433530368	1789438871433530368	1789438871433531392	1789438871433533440	7585	1	22	1	42921751808598	42921751811178
83	5	23	5	10	1789438871433533440	1789438871433544704	1789438871433544704	1789438871433573376	1789438871433575424	7586	2	26	3	42921751844449	42921751916609
84	6	0	4	12	1789438871433244672	1789438871433244672	1789438871433244672	1789438871433246720	1789438871433248768	7588	0	0	0	42943321999859	42943322005221
85	6	1	2	12	1789438871433248768	1789438871433249792	1789438871433249792	1789438871433274368	1789438871433275392	7588	127	0	1	42943322012187	42943322073889
86	6	4	4	12	1789438871433276416	1789438871433276416	1789438871433276416	1789438871433277440	1789438871433279488	7715	1	3	1	42943322080099	42943322082706
87	6	8	4	12	1789438871433279488	1789438871433290752	1789438871433290752	1789438871433319424	1789438871433321472	7716	2	7	3	42943322115897	42943322187326
88	7	0	5	14	1789438871433244672	1789438871433244672	1789438871433244672	1789438871433246720	1789438871433248768	7718	0	0	0	42953061576037	42953061581263
89	7	1	3	14	1789438871433248768	1789438871433249792	1789438871433249792	1789438871433274368	1789438871433275392	7718	127	0	1	42953061587839	42953061649918
90	7	4	5	14	1789438871433275392	1789438871433276416	1789438871433276416	1789438871433277440	1789438871433279488	7845	1	3	1	42953061655529	42953061658114
91	7	8	5	14	1789438871433279488	1789438871433290752	1789438871433290752	1789438871433318400	1789438871433320448	7846	2	7	3	42953061691913	42953061762030
92	8	15	6	16	1789438871433244672	1789438871433498624	1789438871433498624	1789438871433500672	1789438871433501696	7848	4	18	1	42910820256157	42910820261104
93	8	18	0	16	1789438871433502720	1789438871433502720	1789438871433503744	1789438871433528320	1789438871433529344	7852	127	21	1	42910820267522	42910820329587
94	8	22	0	16	1789438871433529344	1789438871433530368	1789438871433530368	1789438871433531392	1789438871433532416	7979	1	25	1	42910820336193	42910820338119
95	8	23	6	16	1789438871433532416	1789438871433598976	1789438871433598976	1789438871433620480	1789438871433621504	7980	3	26	3	42910820508617	42910820562139
96	9	15	7	18	1789438871433244672	1789438871433498624	1789438871433498624	1789438871433500672	1789438871433501696	7983	4	18	1	42944199143829	42944199148576
97	9	18	1	18	1789438871433501696	1789438871433502720	1789438871433502720	1789438871433527296	1789438871433529344	7987	127	21	1	42944199154525	42944199216962
98	9	22	1	18	1789438871433529344	1789438871433530368	1789438871433530368	1789438871433530368	1789438871433532416	8114	1	25	1	42944199222537	42944199224342
99	9	23	7	18	1789438871433532416	1789438871433598976	1789438871433598976	1789438871433620480	1789438871433621504	8115	3	26	3	42944199396351	42944199449647
100	10	0	6	20	1789438871433244672	1789438871433244672	1789438871433244672	1789438871433246720	1789438871433247744	8118	0	0	0	42952127201783	42952127206847
101	10	3	0	20	1789438871433248768	1789438871433248768	1789438871433249792	1789438871433274368	1789438871433275392	8118	127	2	1	42952127213044	42952127275852
102	10	7	0	20	1789438871433275392	1789438871433276416	1789438871433276416	1789438871433277440	1789438871433278464	8245	1	6	1	42952127282011	42952127283914
103	10	8	6	20	1789438871433278464	1789438871433342976	1789438871433342976	1789438871433364480	1789438871433365504	8246	3	7	3	42952127449143	42952127502150
104	11	0	7	22	1789438871433244672	1789438871433244672	1789438871433244672	1789438871433246720	1789438871433247744	8249	0	0	0	42945873243491	42945873248726
105	11	3	1	22	1789438871433248768	1789438871433249792	1789438871433249792	1789438871433274368	1789438871433275392	8249	127	2	1	42945873255082	42945873317120
106	11	7	1	22	1789438871433275392	1789438871433276416	1789438871433276416	1789438871433277440	1789438871433278464	8376	1	6	1	42945873323162	42945873325390
107	11	8	7	22	1789438871433278464	1789438871433341952	1789438871433341952	1789438871433363456	1789438871433364480	8377	3	7	3	42945873488258	42945873541456
108	12	25	4	24	1789438871433244672	1789438871433662464	1789438871433662464	1789438871433664512	1789438871433666560	8380	4	31	1	42964217903629	42964217908630
109	12	26	4	24	1789438871433666560	1789438871433670656	1789438871433670656	1789438871433695232	1789438871433696256	8384	127	32	1	42964217924053	42964217985027
110	12	28	4	24	1789438871433697280	1789438871433697280	1789438871433698304	1789438871433700352	1789438871433702400	8511	15	34	2	42964217992166	42964217999296
111	13	25	5	26	1789438871433244672	1789438871433662464	1789438871433662464	1789438871433664512	1789438871433665536	8526	4	31	1	42948817681688	42948817686622
112	13	26	5	26	1789438871433666560	1789438871433670656	1789438871433670656	1789438871433695232	1789438871433696256	8530	127	32	1	42948817702174	42948817763283
113	13	28	5	26	1789438871433697280	1789438871433697280	1789438871433697280	1789438871433700352	1789438871433702400	8657	15	34	2	42948817770177	42948817777057
114	14	25	6	28	1789438871433244672	1789438871433662464	1789438871433662464	1789438871433664512	1789438871433665536	8672	4	31	1	42955801469272	42955801474018
115	14	26	6	28	1789438871433665536	1789438871433670656	1789438871433670656	1789438871433695232	1789438871433696256	8676	127	32	1	42955801489813	42955801551306
116	14	28	6	28	1789438871433697280	1789438871433697280	1789438871433698304	1789438871433700352	1789438871433702400	8803	15	34	2	42955801557960	42955801564684
117	15	25	7	30	1789438871433244672	1789438871433662464	1789438871433662464	1789438871433664512	1789438871433665536	8818	4	31	1	42961564748284	42961564753171
118	15	26	7	30	1789438871433666560	1789438871433670656	1789438871433670656	1789438871433695232	1789438871433696256	8822	127	32	1	42961564768746	42961564829905
119	15	28	7	30	1789438871433697280	1789438871433697280	1789438871433698304	1789438871433700352	1789438871433702400	8949	15	34	2	42961564836821	42961564843811
120	16	25	8	32	1789438871433244672	1789438871433662464	1789438871433662464	1789438871433664512	1789438871433666560	8964	4	31	1	42921752140952	42921752145958
121	16	27	0	32	1789438871433666560	1789438871433670656	1789438871433670656	1789438871433695232	1789438871433696256	8968	127	33	1	42921752161399	42921752222162
122	16	28	8	32	1789438871433696256	1789438871433697280	1789438871433697280	1789438871433700352	1789438871433702400	9095	15	34	2	42921752229332	42921752236544
123	17	25	9	34	1789438871433244672	1789438871433662464	1789438871433662464	1789438871433664512	1789438871433666560	9110	4	31	1	42943323052213	42943323057160
124	17	27	1	34	1789438871433666560	1789438871433670656	1789438871433670656	1789438871433695232	1789438871433696256	9114	127	33	1	42943323072629	42943323133645
125	17	28	9	34	1789438871433697280	1789438871433697280	1789438871433698304	1789438871433700352	1789438871433702400	9241	15	34	2	42943323140808	42943323148187
126	18	25	10	36	1789438871433244672	1789438871433662464	1789438871433662464	1789438871433664512	1789438871433665536	9256	4	31	1	42953062628616	42953062633409
127	18	27	2	36	1789438871433666560	1789438871433670656	1789438871433670656	1789438871433695232	1789438871433696256	9260	127	33	1	42953062649044	42953062710019
128	18	28	10	36	1789438871433696256	1789438871433697280	1789438871433697280	1789438871433700352	1789438871433702400	9387	15	34	2	42953062716900	42953062724064
129	19	25	11	38	1789438871433244672	1789438871433662464	1789438871433662464	1789438871433664512	1789438871433665536	9402	4	31	1	42910820668803	42910820673424
130	19	27	3	38	1789438871433665536	1789438871433670656	1789438871433670656	1789438871433695232	1789438871433696256	9406	127	33	1	42910820689260	42910820750391
131	19	28	11	38	1789438871433696256	1789438871433697280	1789438871433697280	1789438871433700352	1789438871433701376	9533	15	34	2	42910820757019	42910820763963
132	20	25	12	40	1789438871433244672	1789438871433662464	1789438871433662464	1789438871433664512	1789438871433665536	9548	4	31	1	42944199556311	42944199560954
133	20	27	4	40	1789438871433665536	1789438871433669632	1789438871433669632	1789438871433694208	1789438871433696256	9552	127	33	1	42944199574697	42944199636487
134	20	28	12	40	1789438871433696256	1789438871433697280	1789438871433697280	1789438871433700352	1789438871433701376	9679	15	34	2	42944199644357	42944199650876
135	21	25	13	42	1789438871433244672	1789438871433662464	1789438871433662464	1789438871433664512	1789438871433665536	9694	4	31	1	42952128254156	42952128258899
136	21	27	5	42	1789438871433665536	1789438871433669632	1789438871433669632	1789438871433694208	1789438871433696256	9698	127	33	1	42952128272483	42952128333637
137	21	28	13	42	1789438871433696256	1789438871433697280	1789438871433697280	1789438871433700352	1789438871433701376	9825	15	34	2	42952128342121	42952128348711
138	22	25	14	44	1789438871433244672	1789438871433662464	1789438871433662464	1789438871433664512	1789438871433665536	9840	4	31	1	42945874295740	42945874300660
139	22	27	6	44	1789438871433666560	1789438871433670656	1789438871433670656	1789438871433695232	1789438871433696256	9844	127	33	1	42945874316637	42945874377576
140	22	28	14	44	1789438871433697280	1789438871433698304	1789438871433698304	1789438871433700352	1789438871433702400	9971	15	34	2	42945874384578	42945874391690
141	23	25	15	46	1789438871433244672	1789438871433662464	1789438871433662464	1789438871433664512	1789438871433665536	9986	4	31	1	42964217903455	42964217908414
142	23	27	7	46	1789438871433666560	1789438871433670656	1789438871433670656	1789438871433695232	1789438871433696256	9990	127	33	1	42964217924361	42964217985114
143	23	28	15	46	1789438871433697280	1789438871433697280	1789438871433698304	1789438871433700352	1789438871433702400	10117	15	34	2	42964217992104	42964217999126
144	24	10	4	48	1789438871433244672	1789438871433405440	1789438871433405440	1789438871433407488	1789438871433408512	10132	4	11	1	42948817033990	42948817038758
145	24	11	4	48	1789438871433408512	1789438871433409536	1789438871433409536	1789438871433434112	1789438871433436160	10136	127	12	1	42948817044705	42948817106576
146	24	13	4	48	1789438871433436160	1789438871433437184	1789438871433437184	1789438871433440256	1789438871433441280	10263	15	14	2	42948817113922	42948817120797
147	25	10	5	50	1789438871433244672	1789438871433405440	1789438871433405440	1789438871433407488	1789438871433408512	10278	4	11	1	42955800821637	42955800826274
148	25	11	5	50	1789438871433408512	1789438871433409536	1789438871433409536	1789438871433434112	1789438871433435136	10282	127	12	1	42955800831970	42955800893693
149	25	13	5	50	1789438871433435136	1789438871433437184	1789438871433437184	1789438871433440256	1789438871433441280	10409	15	14	2	42955800901639	42955800908163
150	26	10	6	52	1789438871433244672	1789438871433405440	1789438871433405440	1789438871433407488	1789438871433408512	10424	4	11	1	42961564100622	42961564105416
151	26	11	6	52	1789438871433408512	1789438871433409536	1789438871433409536	1789438871433434112	1789438871433436160	10428	127	12	1	42961564111385	42961564173446
152	26	13	6	52	1789438871433436160	1789438871433437184	1789438871433437184	1789438871433439232	1789438871433441280	10555	15	14	2	42961564179556	42961564186230
153	27	10	7	54	1789438871433244672	1789438871433405440	1789438871433405440	1789438871433407488	1789438871433408512	10570	4	11	1	42921751493433	42921751498360
154	27	11	7	54	1789438871433408512	1789438871433409536	1789438871433409536	1789438871433434112	1789438871433436160	10574	127	12	1	42921751504202	42921751566024
155	27	13	7	54	1789438871433436160	1789438871433437184	1789438871433437184	1789438871433439232	1789438871433441280	10701	15	14	2	42921751572202	42921751579169
156	28	10	8	56	1789438871433244672	1789438871433405440	1789438871433405440	1789438871433407488	1789438871433408512	10716	4	11	1	42943322404538	42943322409569
157	28	12	0	56	1789438871433408512	1789438871433409536	1789438871433409536	1789438871433434112	1789438871433436160	10720	127	13	1	42943322415663	42943322477282
158	28	13	8	56	1789438871433436160	1789438871433437184	1789438871433437184	1789438871433440256	1789438871433441280	10847	15	14	2	42943322484900	42943322491881
159	29	10	9	58	1789438871433244672	1789438871433405440	1789438871433405440	1789438871433407488	1789438871433408512	10862	4	11	1	42953061980860	42953061985792
160	29	12	1	58	1789438871433408512	1789438871433409536	1789438871433409536	1789438871433434112	1789438871433436160	10866	127	13	1	42953061991785	42953062053613
161	29	13	9	58	1789438871433436160	1789438871433437184	1789438871433437184	1789438871433440256	1789438871433441280	10993	15	14	2	42953062060361	42953062067074
162	30	10	10	60	1789438871433244672	1789438871433405440	1789438871433405440	1789438871433407488	1789438871433408512	11008	4	11	1	42910820021169	42910820025916
163	30	12	2	60	1789438871433408512	1789438871433409536	1789438871433409536	1789438871433434112	1789438871433436160	11012	127	13	1	42910820031761	42910820093604
164	30	13	10	60	1789438871433436160	1789438871433437184	1789438871433437184	1789438871433440256	1789438871433441280	11139	15	14	2	42910820101160	42910820107967
165	31	10	11	62	1789438871433244672	1789438871433405440	1789438871433405440	1789438871433407488	1789438871433408512	11154	4	11	1	42944198908984	42944198913994
166	31	12	3	62	1789438871433408512	1789438871433409536	1789438871433409536	1789438871433434112	1789438871433436160	11158	127	13	1	42944198920019	42944198982089
167	31	13	11	62	1789438871433436160	1789438871433437184	1789438871433437184	1789438871433440256	1789438871433441280	11285	15	14	2	42944198989251	42944198996362
168	32	10	12	64	1789438871433244672	1789438871433405440	1789438871433405440	1789438871433407488	1789438871433408512	11300	4	11	1	42952127606662	42952127611688
169	32	12	4	64	1789438871433409536	1789438871433409536	1789438871433409536	1789438871433435136	1789438871433436160	11304	127	13	1	42952127617896	42952127680301
170	32	13	12	64	1789438871433436160	1789438871433437184	1789438871433437184	1789438871433440256	1789438871433442304	11431	15	14	2	42952127687211	42952127694606
171	33	10	13	66	1789438871433244672	1789438871433405440	1789438871433405440	1789438871433407488	1789438871433408512	11446	4	11	1	42945873648277	42945873653496
172	33	12	5	66	1789438871433409536	1789438871433410560	1789438871433410560	1789438871433435136	1789438871433436160	11450	127	13	1	42945873659695	42945873722094
173	33	13	13	66	1789438871433436160	1789438871433437184	1789438871433437184	1789438871433440256	1789438871433442304	11577	15	14	2	42945873728899	42945873736564
174	34	10	14	68	1789438871433244672	1789438871433405440	1789438871433405440	1789438871433407488	1789438871433408512	11592	4	11	1	42964217255924	42964217261095
175	34	12	6	68	1789438871433409536	1789438871433409536	1789438871433410560	1789438871433435136	1789438871433436160	11596	127	13	1	42964217267239	42964217329169
176	34	13	14	68	1789438871433436160	1789438871433437184	1789438871433437184	1789438871433440256	1789438871433442304	11723	15	14	2	42964217336592	42964217343969
177	35	10	15	70	1789438871433244672	1789438871433405440	1789438871433405440	1789438871433407488	1789438871433408512	11738	4	11	1	42948817034021	42948817039048
178	35	12	7	70	1789438871433408512	1789438871433409536	1789438871433409536	1789438871433434112	1789438871433436160	11742	127	13	1	42948817045248	42948817106910
179	35	13	15	70	1789438871433436160	1789438871433437184	1789438871433437184	1789438871433440256	1789438871433441280	11869	15	14	2	42948817114325	42948817121653
180	36	0	127	72	1789438871433244672	1789438871433244672	1789438871433244672	1789438871433246720	1789438871433247744	11884	0	0	0	42955800416728	42955800421673
181	36	7	255	72	1789438871433247744	1789438871433276416	1789438871433276416	1789438871433277440	1789438871433278464	11884	1	6	1	42955800496779	42955800498633
182	36	7	35	72	1789438871433278464	1789438871433278464	1789438871433279488	1789438871433279488	1789438871433280512	11885	0	6	1	42955800502941	42955800504352
183	36	5	69	72	1789438871433280512	1789438871433281536	1789438871433281536	1789438871433282560	1789438871433284608	11885	1	4	1	42955800510235	42955800512651
184	36	6	69	72	1789438871433284608	1789438871433284608	1789438871433284608	1789438871433285632	1789438871433286656	11886	0	5	1	42955800517192	42955800518827
185	36	8	511	72	1789438871433286656	1789438871433290752	1789438871433290752	1789438871433313280	1789438871433315328	11886	3	7	3	42955800533002	42955800589093
186	36	4	291	72	1789438871433315328	1789438871433316352	1789438871433316352	1789438871433317376	1789438871433318400	11889	1	3	1	42955800596056	42955800598707
187	36	8	291	72	1789438871433318400	1789438871433318400	1789438871433319424	1789438871433339904	1789438871433341952	11890	0	7	3	42955800603675	42955800656472
188	36	4	71	72	1789438871433341952	1789438871433341952	1789438871433341952	1789438871433342976	1789438871433345024	11890	0	3	1	42955800661216	42955800663761
189	36	8	71	72	1789438871433345024	1789438871433345024	1789438871433345024	1789438871433365504	1789438871433366528	11890	0	7	3	42955800668914	42955800720031
190	36	10	127	72	1789438871433366528	1789438871433405440	1789438871433405440	1789438871433407488	1789438871433408512	11890	4	11	1	42955800821725	42955800826603
191	36	13	127	72	1789438871433408512	1789438871433437184	1789438871433437184	1789438871433440256	1789438871433441280	11894	16	14	2	42955800901981	42955800909013
192	36	15	127	72	1789438871433441280	1789438871433498624	1789438871433498624	1789438871433500672	1789438871433501696	11910	4	18	1	42955801056679	42955801061519
193	36	22	255	72	1789438871433501696	1789438871433530368	1789438871433530368	1789438871433531392	1789438871433532416	11914	1	25	1	42955801136600	42955801138466
194	36	22	35	72	1789438871433532416	1789438871433532416	1789438871433533440	1789438871433533440	1789438871433534464	11915	0	25	1	42955801142749	42955801143949
195	36	20	69	72	1789438871433534464	1789438871433535488	1789438871433535488	1789438871433536512	1789438871433538560	11915	1	23	1	42955801149575	42955801151990
196	36	21	69	72	1789438871433538560	1789438871433538560	1789438871433538560	1789438871433539584	1789438871433540608	11916	0	24	1	42955801156534	42955801158203
197	36	23	511	72	1789438871433540608	1789438871433544704	1789438871433544704	1789438871433567232	1789438871433569280	11916	3	26	3	42955801172736	42955801228753
198	36	19	291	72	1789438871433569280	1789438871433570304	1789438871433570304	1789438871433571328	1789438871433572352	11919	1	22	1	42955801235960	42955801238144
199	36	23	291	72	1789438871433572352	1789438871433572352	1789438871433572352	1789438871433593856	1789438871433595904	11920	0	26	3	42955801243075	42955801296716
200	37	0	126	74	1789438871433244672	1789438871433244672	1789438871433244672	1789438871433246720	1789438871433247744	11920	0	0	0	42961563695661	42961563700801
201	37	7	254	74	1789438871433248768	1789438871433276416	1789438871433276416	1789438871433277440	1789438871433278464	11920	1	6	1	42961563775737	42961563777682
202	37	7	34	74	1789438871433278464	1789438871433279488	1789438871433279488	1789438871433279488	1789438871433281536	11921	0	6	1	42961563782122	42961563783559
203	37	5	68	74	1789438871433281536	1789438871433282560	1789438871433282560	1789438871433283584	1789438871433284608	11921	1	4	1	42961563789829	42961563792336
204	37	6	68	74	1789438871433284608	1789438871433284608	1789438871433285632	1789438871433285632	1789438871433286656	11922	0	5	1	42961563797300	42961563799027
205	37	8	510	74	1789438871433287680	1789438871433290752	1789438871433290752	1789438871433313280	1789438871433315328	11922	3	7	3	42961563811696	42961563867903
206	37	4	290	74	1789438871433315328	1789438871433316352	1789438871433316352	1789438871433317376	1789438871433318400	11925	1	3	1	42961563875287	42961563877524
207	37	8	290	74	1789438871433318400	1789438871433319424	1789438871433319424	1789438871433339904	1789438871433341952	11926	0	7	3	42961563882700	42961563934892
208	37	4	70	74	1789438871433341952	1789438871433341952	1789438871433341952	1789438871433342976	1789438871433345024	11926	0	3	1	42961563939926	42961563942586
209	37	8	70	74	1789438871433345024	1789438871433345024	1789438871433345024	1789438871433365504	1789438871433366528	11926	0	7	3	42961563947789	42961563999059
210	37	10	126	74	1789438871433366528	1789438871433405440	1789438871433405440	1789438871433407488	1789438871433408512	11926	4	11	1	42961564100682	42961564105674
211	37	13	126	74	1789438871433409536	1789438871433437184	1789438871433437184	1789438871433440256	1789438871433441280	11930	16	14	2	42961564180978	42961564188208
212	37	15	126	74	1789438871433442304	1789438871433498624	1789438871433498624	1789438871433500672	1789438871433501696	11946	4	18	1	42961564335590	42961564340572
213	37	22	254	74	1789438871433502720	1789438871433530368	1789438871433530368	1789438871433531392	1789438871433532416	11950	1	25	1	42961564415539	42961564417471
214	37	22	34	74	1789438871433532416	1789438871433533440	1789438871433533440	1789438871433533440	1789438871433534464	11951	0	25	1	42961564421888	42961564423089
215	37	20	68	74	1789438871433535488	1789438871433535488	1789438871433535488	1789438871433536512	1789438871433538560	11951	1	23	1	42961564428962	42961564431437
216	37	21	68	74	1789438871433538560	1789438871433538560	1789438871433538560	1789438871433539584	1789438871433540608	11952	0	24	1	42961564436152	42961564437884
217	37	23	510	74	1789438871433540608	1789438871433544704	1789438871433544704	1789438871433567232	1789438871433569280	11952	3	26	3	42961564451470	42961564508597
218	37	19	290	74	1789438871433569280	1789438871433570304	1789438871433570304	1789438871433571328	1789438871433572352	11955	1	22	1	42961564515624	42961564518123
219	37	23	290	74	1789438871433573376	1789438871433573376	1789438871433573376	1789438871433593856	1789438871433595904	11956	0	26	3	42961564523058	42961564575835
220	38	0	125	76	1789438871433244672	1789438871433244672	1789438871433244672	1789438871433246720	1789438871433248768	11956	0	0	0	42921751088713	42921751094017
221	38	7	253	76	1789438871433248768	1789438871433276416	1789438871433276416	1789438871433277440	1789438871433278464	11956	1	6	1	42921751168701	42921751170663
222	38	7	33	76	1789438871433279488	1789438871433279488	1789438871433279488	1789438871433279488	1789438871433281536	11957	0	6	1	42921751175275	42921751176770
223	38	5	67	76	1789438871433281536	1789438871433282560	1789438871433282560	1789438871433283584	1789438871433284608	11957	1	4	1	42921751183680	42921751186223
224	38	6	67	76	1789438871433285632	1789438871433285632	1789438871433285632	1789438871433286656	1789438871433287680	11958	0	5	1	42921751190960	42921751192726
225	38	8	509	76	1789438871433287680	1789438871433290752	1789438871433290752	1789438871433313280	1789438871433315328	11958	3	7	3	42921751204829	42921751261240
226	38	4	289	76	1789438871433315328	1789438871433316352	1789438871433316352	1789438871433317376	1789438871433319424	11961	1	3	1	42921751268562	42921751271120
227	38	8	289	76	1789438871433319424	1789438871433319424	1789438871433319424	1789438871433339904	1789438871433341952	11962	0	7	3	42921751276422	42921751328298
228	38	4	69	76	1789438871433341952	1789438871433341952	1789438871433341952	1789438871433342976	1789438871433345024	11962	0	3	1	42921751333528	42921751336171
229	38	8	69	76	1789438871433345024	1789438871433345024	1789438871433345024	1789438871433365504	1789438871433367552	11962	0	7	3	42921751341140	42921751392652
230	38	10	125	76	1789438871433367552	1789438871433404416	1789438871433404416	1789438871433406464	1789438871433408512	11962	4	11	1	42921751491018	42921751496174
231	38	13	125	76	1789438871433408512	1789438871433437184	1789438871433437184	1789438871433440256	1789438871433441280	11966	16	14	2	42921751573752	42921751581265
232	38	15	125	76	1789438871433442304	1789438871433498624	1789438871433498624	1789438871433500672	1789438871433501696	11982	4	18	1	42921751728364	42921751733627
233	38	22	253	76	1789438871433502720	1789438871433530368	1789438871433530368	1789438871433531392	1789438871433532416	11986	1	25	1	42921751808320	42921751810290
234	38	22	33	76	1789438871433533440	1789438871433533440	1789438871433533440	1789438871433533440	1789438871433535488	11987	0	25	1	42921751814877	42921751816352
235	38	20	67	76	1789438871433535488	1789438871433536512	1789438871433536512	1789438871433537536	1789438871433539584	11987	1	23	1	42921751823293	42921751825845
236	38	21	67	76	1789438871433539584	1789438871433539584	1789438871433539584	1789438871433540608	1789438871433541632	11988	0	24	1	42921751830649	42921751832435
237	38	23	509	76	1789438871433541632	1789438871433544704	1789438871433544704	1789438871433567232	1789438871433569280	11988	3	26	3	42921751844515	42921751901029
238	38	19	289	76	1789438871433569280	1789438871433570304	1789438871433570304	1789438871433571328	1789438871433572352	11991	1	22	1	42921751907962	42921751910434
239	38	23	289	76	1789438871433573376	1789438871433573376	1789438871433573376	1789438871433593856	1789438871433595904	11992	0	26	3	42921751915508	42921751968575
240	39	0	124	78	1789438871433244672	1789438871433244672	1789438871433244672	1789438871433246720	1789438871433248768	11992	0	0	0	42943321999899	42943322005245
241	39	7	252	78	1789438871433248768	1789438871433276416	1789438871433276416	1789438871433277440	1789438871433278464	11992	1	6	1	42943322079845	42943322081801
242	39	7	32	78	1789438871433279488	1789438871433279488	1789438871433279488	1789438871433279488	1789438871433281536	11993	0	6	1	42943322086355	42943322087855
243	39	5	66	78	1789438871433281536	1789438871433282560	1789438871433282560	1789438871433283584	1789438871433284608	11993	1	4	1	42943322094282	42943322096846
244	39	6	66	78	1789438871433284608	1789438871433285632	1789438871433285632	1789438871433285632	1789438871433287680	11994	0	5	1	42943322101711	42943322103433
245	39	8	508	78	1789438871433287680	1789438871433290752	1789438871433290752	1789438871433313280	1789438871433315328	11994	3	7	3	42943322116046	42943322172903
246	39	4	288	78	1789438871433315328	1789438871433316352	1789438871433316352	1789438871433317376	1789438871433319424	11997	1	3	1	42943322179952	42943322182314
247	39	8	288	78	1789438871433319424	1789438871433319424	1789438871433319424	1789438871433339904	1789438871433341952	11998	0	7	3	42943322187292	42943322239603
248	39	4	68	78	1789438871433341952	1789438871433341952	1789438871433341952	1789438871433342976	1789438871433345024	11998	0	3	1	42943322245139	42943322247747
249	39	8	68	78	1789438871433345024	1789438871433345024	1789438871433345024	1789438871433366528	1789438871433367552	11998	0	7	3	42943322252737	42943322305074
250	39	10	124	78	1789438871433367552	1789438871433404416	1789438871433404416	1789438871433406464	1789438871433408512	11998	4	11	1	42943322402325	42943322407508
251	39	13	124	78	1789438871433408512	1789438871433437184	1789438871433437184	1789438871433440256	1789438871433442304	12002	16	14	2	42943322484989	42943322492417
252	39	15	124	78	1789438871433442304	1789438871433498624	1789438871433498624	1789438871433500672	1789438871433501696	12018	4	18	1	42943322639615	42943322644786
253	39	22	252	78	1789438871433502720	1789438871433530368	1789438871433530368	1789438871433531392	1789438871433532416	12022	1	25	1	42943322719542	42943322721560
254	39	22	32	78	1789438871433533440	1789438871433533440	1789438871433533440	1789438871433533440	1789438871433535488	12023	0	25	1	42943322726083	42943322727540
255	39	20	66	78	1789438871433535488	1789438871433536512	1789438871433536512	1789438871433537536	1789438871433538560	12023	1	23	1	42943322733549	42943322736115
256	39	21	66	78	1789438871433538560	1789438871433539584	1789438871433539584	1789438871433539584	1789438871433541632	12024	0	24	1	42943322741262	42943322743112
257	39	23	508	78	1789438871433541632	1789438871433544704	1789438871433544704	1789438871433567232	1789438871433569280	12024	3	26	3	42943322755617	42943322812467
258	39	19	288	78	1789438871433569280	1789438871433570304	1789438871433570304	1789438871433571328	1789438871433573376	12027	1	22	1	42943322819583	42943322822133
259	39	23	288	78	1789438871433573376	1789438871433573376	1789438871433573376	1789438871433594880	1789438871433596928	12028	0	26	3	42943322827085	42943322880940
260	40	0	123	80	1789438871433244672	1789438871433244672	1789438871433244672	1789438871433246720	1789438871433248768	12028	0	0	0	42953061576097	42953061581254
261	40	7	251	80	1789438871433248768	1789438871433276416	1789438871433276416	1789438871433277440	1789438871433278464	12028	1	6	1	42953061656067	42953061657991
262	40	7	31	80	1789438871433278464	1789438871433279488	1789438871433279488	1789438871433279488	1789438871433280512	12029	0	6	1	42953061662319	42953061663794
263	40	5	65	80	1789438871433281536	1789438871433281536	1789438871433282560	1789438871433283584	1789438871433284608	12029	1	4	1	42953061669882	42953061672369
264	40	6	65	80	1789438871433284608	1789438871433284608	1789438871433284608	1789438871433285632	1789438871433286656	12030	0	5	1	42953061676971	42953061678661
265	40	8	507	80	1789438871433286656	1789438871433290752	1789438871433290752	1789438871433313280	1789438871433315328	12030	3	7	3	42953061691957	42953061748764
266	40	4	287	80	1789438871433315328	1789438871433316352	1789438871433316352	1789438871433317376	1789438871433318400	12033	1	3	1	42953061756012	42953061758519
267	40	8	287	80	1789438871433319424	1789438871433319424	1789438871433319424	1789438871433339904	1789438871433340928	12034	0	7	3	42953061763329	42953061814453
268	40	4	67	80	1789438871433340928	1789438871433341952	1789438871433341952	1789438871433342976	1789438871433344000	12034	0	3	1	42953061819464	42953061822222
269	40	8	67	80	1789438871433344000	1789438871433344000	1789438871433345024	1789438871433365504	1789438871433366528	12034	0	7	3	42953061827337	42953061879105
270	40	10	123	80	1789438871433366528	1789438871433404416	1789438871433404416	1789438871433406464	1789438871433408512	12034	4	11	1	42953061978650	42953061983758
271	40	13	123	80	1789438871433408512	1789438871433437184	1789438871433437184	1789438871433440256	1789438871433441280	12038	16	14	2	42953062061269	42953062068563
272	40	15	123	80	1789438871433442304	1789438871433498624	1789438871433498624	1789438871433500672	1789438871433501696	12054	4	18	1	42953062215965	42953062221035
273	40	22	251	80	1789438871433501696	1789438871433530368	1789438871433530368	1789438871433531392	1789438871433532416	12058	1	25	1	42953062295876	42953062297850
274	40	22	31	80	1789438871433532416	1789438871433533440	1789438871433533440	1789438871433533440	1789438871433534464	12059	0	25	1	42953062302215	42953062303449
275	40	20	65	80	1789438871433535488	1789438871433535488	1789438871433535488	1789438871433536512	1789438871433538560	12059	1	23	1	42953062309240	42953062311753
276	40	21	65	80	1789438871433538560	1789438871433538560	1789438871433538560	1789438871433539584	1789438871433540608	12060	0	24	1	42953062316423	42953062317890
277	40	23	507	80	1789438871433540608	1789438871433544704	1789438871433544704	1789438871433567232	1789438871433569280	12060	3	26	3	42953062331788	42953062388182
278	40	19	287	80	1789438871433569280	1789438871433570304	1789438871433570304	1789438871433571328	1789438871433572352	12063	1	22	1	42953062395616	42953062398099
279	40	23	287	80	1789438871433573376	1789438871433573376	1789438871433573376	1789438871433593856	1789438871433595904	12064	0	26	3	42953062402940	42953062455882
280	41	0	122	82	1789438871433244672	1789438871433244672	1789438871433244672	1789438871433246720	1789438871433247744	12064	0	0	0	42910819616657	42910819621678
281	41	7	250	82	1789438871433247744	1789438871433276416	1789438871433276416	1789438871433277440	1789438871433278464	12064	1	6	1	42910819696628	42910819698505
282	41	7	30	82	1789438871433278464	1789438871433278464	1789438871433279488	1789438871433279488	1789438871433280512	12065	0	6	1	42910819702712	42910819704126
283	41	5	64	82	1789438871433280512	1789438871433281536	1789438871433281536	1789438871433282560	1789438871433284608	12065	1	4	1	42910819709957	42910819712371
284	41	6	64	82	1789438871433284608	1789438871433284608	1789438871433284608	1789438871433285632	1789438871433286656	12066	0	5	1	42910819717067	42910819718695
285	41	8	506	82	1789438871433286656	1789438871433290752	1789438871433290752	1789438871433313280	1789438871433315328	12066	3	7	3	42910819732674	42910819788660
286	41	4	286	82	1789438871433315328	1789438871433316352	1789438871433316352	1789438871433317376	1789438871433318400	12069	1	3	1	42910819795814	42910819798080
287	41	8	286	82	1789438871433318400	1789438871433318400	1789438871433319424	1789438871433339904	1789438871433340928	12070	0	7	3	42910819802991	42910819854633
288	41	4	66	82	1789438871433340928	1789438871433340928	1789438871433340928	1789438871433341952	1789438871433344000	12070	0	3	1	42910819859506	42910819862176
289	41	8	66	82	1789438871433344000	1789438871433344000	1789438871433344000	1789438871433364480	1789438871433365504	12070	0	7	3	42910819866706	42910819918042
290	41	10	122	82	1789438871433366528	1789438871433405440	1789438871433405440	1789438871433407488	1789438871433408512	12070	4	11	1	42910820021399	42910820026398
291	41	13	122	82	1789438871433408512	1789438871433437184	1789438871433437184	1789438871433440256	1789438871433441280	12074	16	14	2	42910820101661	42910820108687
292	41	15	122	82	1789438871433441280	1789438871433498624	1789438871433498624	1789438871433500672	1789438871433501696	12090	4	18	1	42910820256282	42910820261159
293	41	22	250	82	1789438871433501696	1789438871433530368	1789438871433530368	1789438871433531392	1789438871433532416	12094	1	25	1	42910820336192	42910820338024
294	41	22	30	82	1789438871433532416	1789438871433532416	1789438871433533440	1789438871433533440	1789438871433534464	12095	0	25	1	42910820342233	42910820343643
295	41	20	64	82	1789438871433534464	1789438871433535488	1789438871433535488	1789438871433536512	1789438871433538560	12095	1	23	1	42910820349199	42910820351636
296	41	21	64	82	1789438871433538560	1789438871433538560	1789438871433538560	1789438871433538560	1789438871433540608	12096	0	24	1	42910820356140	42910820357599
297	41	23	506	82	1789438871433540608	1789438871433544704	1789438871433544704	1789438871433567232	1789438871433569280	12096	3	26	3	42910820372330	42910820429000
298	41	19	286	82	1789438871433569280	1789438871433570304	1789438871433570304	1789438871433571328	1789438871433572352	12099	1	22	1	42910820436142	42910820438328
299	41	23	286	82	1789438871433572352	1789438871433573376	1789438871433573376	1789438871433593856	1789438871433595904	12100	0	26	3	42910820443305	42910820496339
300	42	0	121	84	1789438871433244672	1789438871433244672	1789438871433244672	1789438871433246720	1789438871433247744	12100	0	0	0	42944198504117	42944198508864
301	42	7	249	84	1789438871433247744	1789438871433276416	1789438871433276416	1789438871433277440	1789438871433278464	12100	1	6	1	42944198584127	42944198586011
302	42	7	29	84	1789438871433278464	1789438871433278464	1789438871433278464	1789438871433279488	1789438871433280512	12101	0	6	1	42944198589922	42944198591314
303	42	5	63	84	1789438871433280512	1789438871433281536	1789438871433281536	1789438871433282560	1789438871433283584	12101	1	4	1	42944198597067	42944198599429
304	42	6	63	84	1789438871433284608	1789438871433284608	1789438871433284608	1789438871433284608	1789438871433286656	12102	0	5	1	42944198603870	42944198605455
305	42	8	505	84	1789438871433286656	1789438871433290752	1789438871433290752	1789438871433313280	1789438871433315328	12102	3	7	3	42944198620175	42944198676653
306	42	4	285	84	1789438871433315328	1789438871433316352	1789438871433316352	1789438871433317376	1789438871433318400	12105	1	3	1	42944198683622	42944198685961
307	42	8	285	84	1789438871433318400	1789438871433318400	1789438871433319424	1789438871433338880	1789438871433340928	12106	0	7	3	42944198690640	42944198742109
308	42	4	65	84	1789438871433340928	1789438871433340928	1789438871433340928	1789438871433341952	1789438871433344000	12106	0	3	1	42944198746809	42944198749241
309	42	8	65	84	1789438871433344000	1789438871433344000	1789438871433344000	1789438871433364480	1789438871433365504	12106	0	7	3	42944198754277	42944198805331
310	42	10	121	84	1789438871433365504	1789438871433405440	1789438871433405440	1789438871433407488	1789438871433408512	12106	4	11	1	42944198908979	42944198913807
311	42	13	121	84	1789438871433408512	1789438871433437184	1789438871433437184	1789438871433440256	1789438871433441280	12110	16	14	2	42944198989158	42944198995833
312	42	15	121	84	1789438871433441280	1789438871433498624	1789438871433498624	1789438871433500672	1789438871433501696	12126	4	18	1	42944199143843	42944199148515
313	42	22	249	84	1789438871433501696	1789438871433530368	1789438871433530368	1789438871433531392	1789438871433532416	12130	1	25	1	42944199223633	42944199225469
314	42	22	29	84	1789438871433532416	1789438871433532416	1789438871433532416	1789438871433533440	1789438871433534464	12131	0	25	1	42944199229552	42944199230755
315	42	20	63	84	1789438871433534464	1789438871433535488	1789438871433535488	1789438871433536512	1789438871433537536	12131	1	23	1	42944199236176	42944199238538
316	42	21	63	84	1789438871433537536	1789438871433537536	1789438871433538560	1789438871433538560	1789438871433539584	12132	0	24	1	42944199242937	42944199244570
317	42	23	505	84	1789438871433539584	1789438871433544704	1789438871433544704	1789438871433567232	1789438871433568256	12132	3	26	3	42944199259788	42944199315668
318	42	19	285	84	1789438871433569280	1789438871433569280	1789438871433569280	1789438871433570304	1789438871433572352	12135	1	22	1	42944199322347	42944199324863
319	42	23	285	84	1789438871433572352	1789438871433572352	1789438871433572352	1789438871433593856	1789438871433594880	12136	0	26	3	42944199329753	42944199383085
320	43	0	120	86	1789438871433244672	1789438871433244672	1789438871433244672	1789438871433246720	1789438871433247744	12136	0	0	0	42952127201817	42952127206877
321	43	7	248	86	1789438871433247744	1789438871433276416	1789438871433276416	1789438871433277440	1789438871433278464	12136	1	6	1	42952127281756	42952127283705
322	43	7	28	86	1789438871433278464	1789438871433278464	1789438871433279488	1789438871433279488	1789438871433280512	12137	0	6	1	42952127287855	42952127289287
323	43	5	62	86	1789438871433280512	1789438871433281536	1789438871433281536	1789438871433282560	1789438871433284608	12137	1	4	1	42952127295350	42952127297791
324	43	6	62	86	1789438871433284608	1789438871433284608	1789438871433284608	1789438871433285632	1789438871433286656	12138	0	5	1	42952127302298	42952127303961
325	43	8	504	86	1789438871433286656	1789438871433290752	1789438871433290752	1789438871433313280	1789438871433315328	12138	3	7	3	42952127317899	42952127374130
326	43	4	284	86	1789438871433315328	1789438871433316352	1789438871433316352	1789438871433317376	1789438871433318400	12141	1	3	1	42952127381309	42952127383647
327	43	8	284	86	1789438871433318400	1789438871433318400	1789438871433319424	1789438871433339904	1789438871433340928	12142	0	7	3	42952127388613	42952127441026
328	43	4	64	86	1789438871433341952	1789438871433341952	1789438871433341952	1789438871433342976	1789438871433344000	12142	0	3	1	42952127445884	42952127448537
329	43	8	64	86	1789438871433344000	1789438871433345024	1789438871433345024	1789438871433365504	1789438871433366528	12142	0	7	3	42952127453171	42952127504512
330	43	10	120	86	1789438871433366528	1789438871433405440	1789438871433405440	1789438871433407488	1789438871433408512	12142	4	11	1	42952127606684	42952127611703
331	43	13	120	86	1789438871433408512	1789438871433437184	1789438871433437184	1789438871433440256	1789438871433441280	12146	16	14	2	42952127686878	42952127693882
332	43	15	120	86	1789438871433441280	1789438871433498624	1789438871433498624	1789438871433500672	1789438871433501696	12162	4	18	1	42952127841583	42952127846467
333	43	22	248	86	1789438871433501696	1789438871433530368	1789438871433530368	1789438871433531392	1789438871433532416	12166	1	25	1	42952127921488	42952127923395
334	43	22	28	86	1789438871433532416	1789438871433532416	1789438871433533440	1789438871433533440	1789438871433534464	12167	0	25	1	42952127927628	42952127929017
335	43	20	62	86	1789438871433534464	1789438871433535488	1789438871433535488	1789438871433536512	1789438871433538560	12167	1	23	1	42952127934630	42952127937087
336	43	21	62	86	1789438871433538560	1789438871433538560	1789438871433538560	1789438871433539584	1789438871433540608	12168	0	24	1	42952127941616	42952127943052
337	43	23	504	86	1789438871433540608	1789438871433544704	1789438871433544704	1789438871433567232	1789438871433569280	12168	3	26	3	42952127957628	42952128013568
338	43	19	284	86	1789438871433569280	1789438871433569280	1789438871433570304	1789438871433570304	1789438871433572352	12171	1	22	1	42952128020656	42952128022866
339	43	23	284	86	1789438871433572352	1789438871433572352	1789438871433572352	1789438871433593856	1789438871433595904	12172	0	26	3	42952128027521	42952128080864
340	44	0	119	88	1789438871433244672	1789438871433244672	1789438871433244672	1789438871433246720	1789438871433248768	12172	0	0	0	42945873243532	42945873248683
341	44	7	247	88	1789438871433248768	1789438871433276416	1789438871433276416	1789438871433277440	1789438871433278464	12172	1	6	1	42945873323425	42945873325412
342	44	7	27	88	1789438871433278464	1789438871433279488	1789438871433279488	1789438871433279488	1789438871433280512	12173	0	6	1	42945873329628	42945873331097
343	44	5	61	88	1789438871433281536	1789438871433281536	1789438871433281536	1789438871433282560	1789438871433284608	12173	1	4	1	42945873337103	42945873339605
344	44	6	61	88	1789438871433284608	1789438871433284608	1789438871433284608	1789438871433285632	1789438871433286656	12174	0	5	1	42945873344155	42945873345844
345	44	8	503	88	1789438871433286656	1789438871433290752	1789438871433290752	1789438871433313280	1789438871433315328	12174	3	7	3	42945873359390	42945873416518
346	44	4	283	88	1789438871433315328	1789438871433316352	1789438871433316352	1789438871433317376	1789438871433318400	12177	1	3	1	42945873423428	42945873425721
347	44	8	283	88	1789438871433319424	1789438871433319424	1789438871433319424	1789438871433339904	1789438871433341952	12178	0	7	3	42945873430635	42945873482764
348	44	4	63	88	1789438871433341952	1789438871433341952	1789438871433341952	1789438871433342976	1789438871433345024	12178	0	3	1	42945873487803	42945873490417
349	44	8	63	88	1789438871433345024	1789438871433345024	1789438871433345024	1789438871433365504	1789438871433366528	12178	0	7	3	42945873495553	42945873547022
350	44	10	119	88	1789438871433366528	1789438871433405440	1789438871433405440	1789438871433407488	1789438871433408512	12178	4	11	1	42945873648289	42945873653425
351	44	13	119	88	1789438871433409536	1789438871433437184	1789438871433437184	1789438871433440256	1789438871433441280	12182	16	14	2	42945873728603	42945873735905
352	44	15	119	88	1789438871433442304	1789438871433498624	1789438871433498624	1789438871433500672	1789438871433501696	12198	4	18	1	42945873883168	42945873888166
353	44	22	247	88	1789438871433501696	1789438871433530368	1789438871433530368	1789438871433531392	1789438871433532416	12202	1	25	1	42945873963081	42945873965045
354	44	22	27	88	1789438871433532416	1789438871433533440	1789438871433533440	1789438871433533440	1789438871433534464	12203	0	25	1	42945873969411	42945873970810
355	44	20	61	88	1789438871433535488	1789438871433535488	1789438871433535488	1789438871433536512	1789438871433538560	12203	1	23	1	42945873976679	42945873979169
356	44	21	61	88	1789438871433538560	1789438871433538560	1789438871433538560	1789438871433539584	1789438871433540608	12204	0	24	1	42945873983808	42945873985580
357	44	23	503	88	1789438871433540608	1789438871433544704	1789438871433544704	1789438871433567232	1789438871433569280	12204	3	26	3	42945873999127	42945874055892
358	44	19	283	88	1789438871433569280	1789438871433570304	1789438871433570304	1789438871433571328	1789438871433573376	12207	1	22	1	42945874063048	42945874065519
359	44	23	283	88	1789438871433573376	1789438871433573376	1789438871433573376	1789438871433593856	1789438871433595904	12208	0	26	3	42945874070589	42945874123472
360	45	0	118	90	1789438871433244672	1789438871433244672	1789438871433244672	1789438871433246720	1789438871433247744	12208	0	0	0	42964216851046	42964216856215
361	45	7	246	90	1789438871433248768	1789438871433276416	1789438871433276416	1789438871433277440	1789438871433278464	12208	1	6	1	42964216930994	42964216932965
362	45	7	26	90	1789438871433278464	1789438871433279488	1789438871433279488	1789438871433279488	1789438871433280512	12209	0	6	1	42964216937327	42964216938793
363	45	5	60	90	1789438871433281536	1789438871433281536	1789438871433282560	1789438871433283584	1789438871433284608	12209	1	4	1	42964216944902	42964216947405
364	45	6	60	90	1789438871433284608	1789438871433284608	1789438871433284608	1789438871433285632	1789438871433286656	12210	0	5	1	42964216951728	42964216953667
365	45	8	502	90	1789438871433286656	1789438871433290752	1789438871433290752	1789438871433313280	1789438871433315328	12210	3	7	3	42964216966976	42964217023920
366	45	4	282	90	1789438871433315328	1789438871433316352	1789438871433316352	1789438871433317376	1789438871433318400	12213	1	3	1	42964217031149	42964217033630
367	45	8	282	90	1789438871433319424	1789438871433319424	1789438871433319424	1789438871433339904	1789438871433341952	12214	0	7	3	42964217038434	42964217090920
368	45	4	62	90	1789438871433341952	1789438871433341952	1789438871433341952	1789438871433342976	1789438871433345024	12214	0	3	1	42964217095872	42964217098393
369	45	8	62	90	1789438871433345024	1789438871433345024	1789438871433345024	1789438871433365504	1789438871433366528	12214	0	7	3	42964217103317	42964217154826
370	45	10	118	90	1789438871433367552	1789438871433405440	1789438871433405440	1789438871433407488	1789438871433408512	12214	4	11	1	42964217255915	42964217260952
371	45	13	118	90	1789438871433408512	1789438871433437184	1789438871433437184	1789438871433440256	1789438871433441280	12218	16	14	2	42964217336161	42964217343502
372	45	15	118	90	1789438871433442304	1789438871433498624	1789438871433498624	1789438871433500672	1789438871433501696	12234	4	18	1	42964217490839	42964217495841
373	45	22	246	90	1789438871433501696	1789438871433530368	1789438871433530368	1789438871433531392	1789438871433532416	12238	1	25	1	42964217570769	42964217572730
374	45	22	26	90	1789438871433532416	1789438871433533440	1789438871433533440	1789438871433533440	1789438871433534464	12239	0	25	1	42964217577111	42964217578533
375	45	20	60	90	1789438871433535488	1789438871433535488	1789438871433535488	1789438871433536512	1789438871433538560	12239	1	23	1	42964217584341	42964217586825
376	45	21	60	90	1789438871433538560	1789438871433538560	1789438871433538560	1789438871433539584	1789438871433540608	12240	0	24	1	42964217591510	42964217593471
377	45	23	502	90	1789438871433540608	1789438871433544704	1789438871433544704	1789438871433567232	1789438871433568256	12240	3	26	3	42964217606754	42964217662509
378	45	19	282	90	1789438871433569280	1789438871433569280	1789438871433570304	1789438871433571328	1789438871433572352	12243	1	22	1	42964217669609	42964217672271
379	45	23	282	90	1789438871433572352	1789438871433572352	1789438871433573376	1789438871433594880	1789438871433595904	12244	0	26	3	42964217677439	42964217731467
380	46	0	117	92	1789438871433244672	1789438871433244672	1789438871433244672	1789438871433246720	1789438871433247744	12244	0	0	0	42948816629119	42948816634107
381	46	7	245	92	1789438871433247744	1789438871433276416	1789438871433276416	1789438871433277440	1789438871433278464	12244	1	6	1	42948816709080	42948816710997
382	46	7	25	92	1789438871433278464	1789438871433278464	1789438871433279488	1789438871433279488	1789438871433280512	12245	0	6	1	42948816715183	42948816716619
383	46	5	59	92	1789438871433280512	1789438871433281536	1789438871433281536	1789438871433282560	1789438871433284608	12245	1	4	1	42948816722475	42948816724899
384	46	6	59	92	1789438871433284608	1789438871433284608	1789438871433284608	1789438871433285632	1789438871433286656	12246	0	5	1	42948816729139	42948816731002
385	46	8	501	92	1789438871433286656	1789438871433290752	1789438871433290752	1789438871433313280	1789438871433315328	12246	3	7	3	42948816745277	42948816801749
386	46	4	281	92	1789438871433315328	1789438871433316352	1789438871433316352	1789438871433317376	1789438871433318400	12249	1	3	1	42948816808621	42948816811022
387	46	8	281	92	1789438871433318400	1789438871433318400	1789438871433319424	1789438871433339904	1789438871433340928	12250	0	7	3	42948816815700	42948816867319
388	46	4	61	92	1789438871433340928	1789438871433340928	1789438871433340928	1789438871433341952	1789438871433344000	12250	0	3	1	42948816872102	42948816874640
389	46	8	61	92	1789438871433344000	1789438871433344000	1789438871433344000	1789438871433364480	1789438871433366528	12250	0	7	3	42948816879704	42948816930847
390	46	10	117	92	1789438871433366528	1789438871433405440	1789438871433405440	1789438871433407488	1789438871433408512	12250	4	11	1	42948817034026	42948817038954
391	46	13	117	92	1789438871433408512	1789438871433437184	1789438871433437184	1789438871433440256	1789438871433441280	12254	16	14	2	42948817114267	42948817121341
392	46	15	117	92	1789438871433441280	1789438871433498624	1789438871433498624	1789438871433500672	1789438871433501696	12270	4	18	1	42948817268935	42948817273787
393	46	22	245	92	1789438871433501696	1789438871433530368	1789438871433530368	1789438871433531392	1789438871433532416	12274	1	25	1	42948817348868	42948817350782
394	46	22	25	92	1789438871433532416	1789438871433532416	1789438871433533440	1789438871433533440	1789438871433534464	12275	0	25	1	42948817355004	42948817356194
395	46	20	59	92	1789438871433534464	1789438871433535488	1789438871433535488	1789438871433536512	1789438871433538560	12275	1	23	1	42948817361809	42948817364237
396	46	21	59	92	1789438871433538560	1789438871433538560	1789438871433538560	1789438871433539584	1789438871433540608	12276	0	24	1	42948817368751	42948817370665
397	46	23	501	92	1789438871433540608	1789438871433544704	1789438871433544704	1789438871433567232	1789438871433568256	12276	3	26	3	42948817384987	42948817440692
398	46	19	281	92	1789438871433569280	1789438871433569280	1789438871433570304	1789438871433571328	1789438871433572352	12279	1	22	1	42948817447701	42948817450325
399	46	23	281	92	1789438871433572352	1789438871433572352	1789438871433572352	1789438871433593856	1789438871433594880	12280	0	26	3	42948817454621	42948817507457
400	47	0	116	94	1789438871433244672	1789438871433244672	1789438871433244672	1789438871433246720	1789438871433247744	12280	0	0	0	42955800416715	42955800421499
401	47	7	244	94	1789438871433247744	1789438871433276416	1789438871433276416	1789438871433277440	1789438871433278464	12280	1	6	1	42955800496662	42955800498509
402	47	7	24	94	1789438871433278464	1789438871433278464	1789438871433278464	1789438871433279488	1789438871433280512	12281	0	6	1	42955800502612	42955800503984
403	47	5	58	94	1789438871433280512	1789438871433281536	1789438871433281536	1789438871433282560	1789438871433283584	12281	1	4	1	42955800509681	42955800512026
404	47	6	58	94	1789438871433283584	1789438871433284608	1789438871433284608	1789438871433284608	1789438871433286656	12282	0	5	1	42955800516174	42955800517899
405	47	8	500	94	1789438871433286656	1789438871433290752	1789438871433290752	1789438871433313280	1789438871433315328	12282	3	7	3	42955800532798	42955800588965
406	47	4	280	94	1789438871433315328	1789438871433316352	1789438871433316352	1789438871433317376	1789438871433318400	12285	1	3	1	42955800596096	42955800598363
407	47	8	280	94	1789438871433318400	1789438871433318400	1789438871433318400	1789438871433339904	1789438871433340928	12286	0	7	3	42955800603155	42955800655123
408	47	4	60	94	1789438871433340928	1789438871433340928	1789438871433340928	1789438871433341952	1789438871433344000	12286	0	3	1	42955800659762	42955800662265
409	47	8	60	94	1789438871433344000	1789438871433344000	1789438871433344000	1789438871433364480	1789438871433365504	12286	0	7	3	42955800667150	42955800718051
410	47	10	116	94	1789438871433365504	1789438871433405440	1789438871433405440	1789438871433407488	1789438871433408512	12286	4	11	1	42955800821644	42955800826360
411	47	13	116	94	1789438871433408512	1789438871433437184	1789438871433437184	1789438871433440256	1789438871433441280	12290	16	14	2	42955800901874	42955800908544
412	47	15	116	94	1789438871433441280	1789438871433498624	1789438871433498624	1789438871433500672	1789438871433501696	12306	4	18	1	42955801056505	42955801061213
413	47	22	244	94	1789438871433501696	1789438871433530368	1789438871433530368	1789438871433531392	1789438871433532416	12310	1	25	1	42955801136493	42955801138342
414	47	22	24	94	1789438871433532416	1789438871433532416	1789438871433532416	1789438871433533440	1789438871433534464	12311	0	25	1	42955801142400	42955801143564
415	47	20	58	94	1789438871433534464	1789438871433535488	1789438871433535488	1789438871433536512	1789438871433538560	12311	1	23	1	42955801149451	42955801151783
416	47	21	58	94	1789438871433538560	1789438871433538560	1789438871433538560	1789438871433538560	1789438871433540608	12312	0	24	1	42955801156147	42955801157880
417	47	23	500	94	1789438871433540608	1789438871433544704	1789438871433544704	1789438871433567232	1789438871433568256	12312	3	26	3	42955801172546	42955801228491
418	47	19	280	94	1789438871433569280	1789438871433569280	1789438871433570304	1789438871433570304	1789438871433572352	12315	1	22	1	42955801235635	42955801237888
419	47	23	280	94	1789438871433572352	1789438871433572352	1789438871433572352	1789438871433593856	1789438871433594880	12316	0	26	3	42955801242711	42955801295365
420	48	0	115	96	1789438871433244672	1789438871433244672	1789438871433244672	1789438871433246720	1789438871433247744	12316	0	0	0	42961563695630	42961563700688
421	48	7	243	96	1789438871433247744	1789438871433276416	1789438871433276416	1789438871433277440	1789438871433278464	12316	1	6	1	42961563775625	42961563777540
422	48	7	23	96	1789438871433278464	1789438871433278464	1789438871433279488	1789438871433279488	1789438871433280512	12317	0	6	1	42961563781772	42961563783179
423	48	5	57	96	1789438871433280512	1789438871433281536	1789438871433281536	1789438871433282560	1789438871433284608	12317	1	4	1	42961563789303	42961563791711
424	48	6	57	96	1789438871433284608	1789438871433284608	1789438871433284608	1789438871433285632	1789438871433286656	12318	0	5	1	42961563795973	42961563797784
425	48	8	499	96	1789438871433286656	1789438871433290752	1789438871433290752	1789438871433311232	1789438871433313280	12318	3	7	3	42961563811819	42961563864129
426	48	4	279	96	1789438871433313280	1789438871433314304	1789438871433314304	1789438871433315328	1789438871433317376	12321	1	3	1	42961563871113	42961563873556
427	48	8	279	96	1789438871433317376	1789438871433317376	1789438871433317376	1789438871433335808	1789438871433337856	12322	0	7	3	42961563878058	42961563925828
428	48	4	59	96	1789438871433337856	1789438871433337856	1789438871433337856	1789438871433338880	1789438871433340928	12322	0	3	1	42961563930566	42961563933005
429	48	8	59	96	1789438871433340928	1789438871433340928	1789438871433340928	1789438871433361408	1789438871433362432	12322	0	7	3	42961563937870	42961563989628
430	48	10	115	96	1789438871433363456	1789438871433405440	1789438871433405440	1789438871433407488	1789438871433408512	12322	4	11	1	42961564100592	42961564105505
431	48	13	115	96	1789438871433408512	1789438871433437184	1789438871433437184	1789438871433440256	1789438871433441280	12326	16	14	2	42961564180780	42961564187748
432	48	15	115	96	1789438871433441280	1789438871433498624	1789438871433498624	1789438871433500672	1789438871433501696	12342	4	18	1	42961564335491	42961564340387
433	48	22	243	96	1789438871433501696	1789438871433530368	1789438871433530368	1789438871433531392	1789438871433532416	12346	1	25	1	42961564415429	42961564417332
434	48	22	23	96	1789438871433532416	1789438871433532416	1789438871433533440	1789438871433533440	1789438871433534464	12347	0	25	1	42961564421577	42961564422757
435	48	20	57	96	1789438871433534464	1789438871433535488	1789438871433535488	1789438871433536512	1789438871433538560	12347	1	23	1	42961564428382	42961564430796
436	48	21	57	96	1789438871433538560	1789438871433538560	1789438871433538560	1789438871433539584	1789438871433540608	12348	0	24	1	42961564435378	42961564437292
437	48	23	499	96	1789438871433540608	1789438871433544704	1789438871433544704	1789438871433566208	1789438871433567232	12348	3	26	3	42961564451615	42961564504428
438	48	19	279	96	1789438871433567232	1789438871433568256	1789438871433568256	1789438871433569280	1789438871433571328	12351	1	22	1	42961564511180	42961564513626
439	48	23	279	96	1789438871433571328	1789438871433571328	1789438871433571328	1789438871433590784	1789438871433591808	12352	0	26	3	42961564518298	42961564566842
440	49	0	114	98	1789438871433244672	1789438871433244672	1789438871433244672	1789438871433246720	1789438871433247744	12352	0	0	0	42921751088685	42921751093841
441	49	7	242	98	1789438871433248768	1789438871433276416	1789438871433276416	1789438871433277440	1789438871433278464	12352	1	6	1	42921751168591	42921751170585
442	49	7	22	98	1789438871433278464	1789438871433279488	1789438871433279488	1789438871433279488	1789438871433280512	12353	0	6	1	42921751174937	42921751176422
443	49	5	56	98	1789438871433281536	1789438871433281536	1789438871433282560	1789438871433283584	1789438871433284608	12353	1	4	1	42921751182557	42921751185043
444	49	6	56	98	1789438871433284608	1789438871433284608	1789438871433284608	1789438871433285632	1789438871433286656	12354	0	5	1	42921751189626	42921751191539
445	49	8	498	98	1789438871433287680	1789438871433290752	1789438871433290752	1789438871433312256	1789438871433313280	12354	3	7	3	42921751204418	42921751257429
446	49	4	278	98	1789438871433313280	1789438871433314304	1789438871433314304	1789438871433315328	1789438871433317376	12357	1	3	1	42921751264467	42921751266970
447	49	8	278	98	1789438871433317376	1789438871433317376	1789438871433317376	1789438871433336832	1789438871433337856	12358	0	7	3	42921751271556	42921751319910
448	49	4	58	98	1789438871433338880	1789438871433338880	1789438871433338880	1789438871433339904	1789438871433340928	12358	0	3	1	42921751324830	42921751327333
449	49	8	58	98	1789438871433341952	1789438871433341952	1789438871433341952	1789438871433362432	1789438871433363456	12358	0	7	3	42921751332440	42921751384551
450	49	10	114	98	1789438871433364480	1789438871433405440	1789438871433405440	1789438871433407488	1789438871433408512	12358	4	11	1	42921751493406	42921751498494
451	49	13	114	98	1789438871433408512	1789438871433437184	1789438871433437184	1789438871433440256	1789438871433441280	12362	16	14	2	42921751573619	42921751580860
452	49	15	114	98	1789438871433441280	1789438871433498624	1789438871433498624	1789438871433500672	1789438871433501696	12378	4	18	1	42921751728275	42921751733288
453	49	22	242	98	1789438871433501696	1789438871433530368	1789438871433530368	1789438871433531392	1789438871433532416	12382	1	25	1	42921751808214	42921751810166
454	49	22	22	98	1789438871433532416	1789438871433533440	1789438871433533440	1789438871433533440	1789438871433534464	12383	0	25	1	42921751814543	42921751815974
455	49	20	56	98	1789438871433535488	1789438871433535488	1789438871433535488	1789438871433536512	1789438871433538560	12383	1	23	1	42921751821788	42921751824275
456	49	21	56	98	1789438871433538560	1789438871433538560	1789438871433538560	1789438871433539584	1789438871433540608	12384	0	24	1	42921751828953	42921751830934
457	49	23	498	98	1789438871433540608	1789438871433544704	1789438871433544704	1789438871433566208	1789438871433567232	12384	3	26	3	42921751844173	42921751896861
458	49	19	278	98	1789438871433567232	1789438871433568256	1789438871433568256	1789438871433569280	1789438871433571328	12387	1	22	1	42921751903723	42921751906217
459	49	23	278	98	1789438871433571328	1789438871433571328	1789438871433571328	1789438871433590784	1789438871433591808	12388	0	26	3	42921751910869	42921751959461
460	50	0	113	100	1789438871433244672	1789438871433244672	1789438871433244672	1789438871433246720	1789438871433247744	12388	0	0	0	42943321999839	42943322005043
461	50	7	241	100	1789438871433248768	1789438871433276416	1789438871433276416	1789438871433277440	1789438871433278464	12388	1	6	1	42943322079730	42943322081703
462	50	7	21	100	1789438871433278464	1789438871433279488	1789438871433279488	1789438871433279488	1789438871433280512	12389	0	6	1	42943322085962	42943322087425
463	50	5	55	100	1789438871433281536	1789438871433281536	1789438871433281536	1789438871433282560	1789438871433284608	12389	1	4	1	42943322093436	42943322095927
464	50	6	55	100	1789438871433284608	1789438871433284608	1789438871433284608	1789438871433285632	1789438871433286656	12390	0	5	1	42943322100684	42943322102378
465	50	8	497	100	1789438871433286656	1789438871433290752	1789438871433290752	1789438871433312256	1789438871433313280	12390	3	7	3	42943322115794	42943322168858
466	50	4	277	100	1789438871433313280	1789438871433314304	1789438871433314304	1789438871433315328	1789438871433317376	12393	1	3	1	42943322175863	42943322178380
467	50	8	277	100	1789438871433317376	1789438871433317376	1789438871433317376	1789438871433336832	1789438871433337856	12394	0	7	3	42943322183003	42943322230694
468	50	4	57	100	1789438871433337856	1789438871433337856	1789438871433338880	1789438871433339904	1789438871433340928	12394	0	3	1	42943322235358	42943322237915
469	50	8	57	100	1789438871433340928	1789438871433340928	1789438871433341952	1789438871433362432	1789438871433363456	12394	0	7	3	42943322242931	42943322295366
470	50	10	113	100	1789438871433363456	1789438871433405440	1789438871433405440	1789438871433407488	1789438871433408512	12394	4	11	1	42943322404625	42943322409695
471	50	13	113	100	1789438871433409536	1789438871433437184	1789438871433437184	1789438871433440256	1789438871433441280	12398	16	14	2	42943322484865	42943322492154
472	50	15	113	100	1789438871433442304	1789438871433498624	1789438871433498624	1789438871433500672	1789438871433501696	12414	4	18	1	42943322639453	42943322644357
473	50	22	241	100	1789438871433501696	1789438871433530368	1789438871433530368	1789438871433531392	1789438871433532416	12418	1	25	1	42943322719424	42943322721430
474	50	22	21	100	1789438871433532416	1789438871433533440	1789438871433533440	1789438871433533440	1789438871433534464	12419	0	25	1	42943322725768	42943322727184
475	50	20	55	100	1789438871433535488	1789438871433535488	1789438871433535488	1789438871433536512	1789438871433538560	12419	1	23	1	42943322733007	42943322735518
476	50	21	55	100	1789438871433538560	1789438871433538560	1789438871433538560	1789438871433539584	1789438871433540608	12420	0	24	1	42943322740149	42943322742119
477	50	23	497	100	1789438871433540608	1789438871433544704	1789438871433544704	1789438871433566208	1789438871433567232	12420	3	26	3	42943322755379	42943322808260
478	50	19	277	100	1789438871433567232	1789438871433568256	1789438871433568256	1789438871433569280	1789438871433571328	12423	1	22	1	42943322815245	42943322817752
479	50	23	277	100	1789438871433571328	1789438871433571328	1789438871433571328	1789438871433590784	1789438871433592832	12424	0	26	3	42943322822371	42943322872145
480	51	0	112	102	1789438871433244672	1789438871433244672	1789438871433244672	1789438871433246720	1789438871433247744	12424	0	0	0	42953061576065	42953061581175
481	51	7	240	102	1789438871433247744	1789438871433276416	1789438871433276416	1789438871433277440	1789438871433278464	12424	1	6	1	42953061655954	42953061657889
482	51	7	20	102	1789438871433278464	1789438871433278464	1789438871433279488	1789438871433279488	1789438871433280512	12425	0	6	1	42953061662034	42953061663466
483	51	5	54	102	1789438871433280512	1789438871433281536	1789438871433281536	1789438871433282560	1789438871433284608	12425	1	4	1	42953061669317	42953061671736
484	51	6	54	102	1789438871433284608	1789438871433284608	1789438871433284608	1789438871433285632	1789438871433286656	12426	0	5	1	42953061676197	42953061677848
485	51	8	496	102	1789438871433286656	1789438871433290752	1789438871433290752	1789438871433312256	1789438871433313280	12426	3	7	3	42953061692152	42953061744570
486	51	4	276	102	1789438871433313280	1789438871433314304	1789438871433314304	1789438871433315328	1789438871433317376	12429	1	3	1	42953061751291	42953061753835
487	51	8	276	102	1789438871433317376	1789438871433317376	1789438871433317376	1789438871433336832	1789438871433337856	12430	0	7	3	42953061758533	42953061806494
488	51	4	56	102	1789438871433337856	1789438871433337856	1789438871433337856	1789438871433338880	1789438871433340928	12430	0	3	1	42953061811225	42953061813685
489	51	8	56	102	1789438871433340928	1789438871433340928	1789438871433340928	1789438871433361408	1789438871433363456	12430	0	7	3	42953061818707	42953061870738
490	51	10	112	102	1789438871433363456	1789438871433405440	1789438871433405440	1789438871433407488	1789438871433408512	12430	4	11	1	42953061980946	42953061985874
491	51	13	112	102	1789438871433408512	1789438871433437184	1789438871433437184	1789438871433440256	1789438871433441280	12434	16	14	2	42953062061235	42953062068320
492	51	15	112	102	1789438871433441280	1789438871433498624	1789438871433498624	1789438871433500672	1789438871433501696	12450	4	18	1	42953062215785	42953062220597
493	51	22	240	102	1789438871433501696	1789438871433530368	1789438871433530368	1789438871433531392	1789438871433532416	12454	1	25	1	42953062295739	42953062297670
494	51	22	20	102	1789438871433532416	1789438871433532416	1789438871433533440	1789438871433533440	1789438871433534464	12455	0	25	1	42953062301874	42953062303244
495	51	20	54	102	1789438871433534464	1789438871433535488	1789438871433535488	1789438871433536512	1789438871433538560	12455	1	23	1	42953062308901	42953062311336
496	51	21	54	102	1789438871433538560	1789438871433538560	1789438871433538560	1789438871433539584	1789438871433540608	12456	0	24	1	42953062315817	42953062317725
497	51	23	496	102	1789438871433540608	1789438871433544704	1789438871433544704	1789438871433566208	1789438871433567232	12456	3	26	3	42953062331923	42953062384503
498	51	19	276	102	1789438871433567232	1789438871433568256	1789438871433568256	1789438871433569280	1789438871433571328	12459	1	22	1	42953062391012	42953062393480
499	51	23	276	102	1789438871433571328	1789438871433571328	1789438871433571328	1789438871433590784	1789438871433592832	12460	0	26	3	42953062398200	42953062447733
500	52	0	111	104	1789438871433244672	1789438871433244672	1789438871433244672	1789438871433246720	1789438871433247744	12460	0	0	0	42910819616599	42910819621419
501	52	7	239	104	1789438871433247744	1789438871433276416	1789438871433276416	1789438871433277440	1789438871433278464	12460	1	6	1	42910819696516	42910819698325
502	52	7	19	104	1789438871433278464	1789438871433278464	1789438871433278464	1789438871433279488	1789438871433280512	12461	0	6	1	42910819702286	42910819703706
503	52	5	53	104	1789438871433280512	1789438871433281536	1789438871433281536	1789438871433282560	1789438871433283584	12461	1	4	1	42910819709511	42910819711862
504	52	6	53	104	1789438871433284608	1789438871433284608	1789438871433284608	1789438871433284608	1789438871433286656	12462	0	5	1	42910819716285	42910819717856
505	52	8	495	104	1789438871433286656	1789438871433290752	1789438871433290752	1789438871433311232	1789438871433313280	12462	3	7	3	42910819732587	42910819784552
506	52	4	275	104	1789438871433313280	1789438871433314304	1789438871433314304	1789438871433315328	1789438871433316352	12465	1	3	1	42910819791042	42910819793497
507	52	8	275	104	1789438871433316352	1789438871433316352	1789438871433317376	1789438871433335808	1789438871433336832	12466	0	7	3	42910819797963	42910819844919
508	52	4	55	104	1789438871433336832	1789438871433336832	1789438871433337856	1789438871433337856	1789438871433339904	12466	0	3	1	42910819849492	42910819851879
509	52	8	55	104	1789438871433339904	1789438871433339904	1789438871433339904	1789438871433360384	1789438871433362432	12466	0	7	3	42910819856578	42910819908363
510	52	10	111	104	1789438871433362432	1789438871433405440	1789438871433405440	1789438871433407488	1789438871433408512	12466	4	11	1	42910820021294	42910820026007
511	52	13	111	104	1789438871433408512	1789438871433437184	1789438871433437184	1789438871433440256	1789438871433441280	12470	16	14	2	42910820101516	42910820108263
512	52	15	111	104	1789438871433441280	1789438871433498624	1789438871433498624	1789438871433500672	1789438871433501696	12486	4	18	1	42910820256097	42910820260723
513	52	22	239	104	1789438871433501696	1789438871433530368	1789438871433530368	1789438871433531392	1789438871433532416	12490	1	25	1	42910820336065	42910820337939
514	52	22	19	104	1789438871433532416	1789438871433532416	1789438871433532416	1789438871433533440	1789438871433534464	12491	0	25	1	42910820341963	42910820343155
515	52	20	53	104	1789438871433534464	1789438871433535488	1789438871433535488	1789438871433536512	1789438871433537536	12491	1	23	1	42910820349016	42910820351367
516	52	21	53	104	1789438871433538560	1789438871433538560	1789438871433538560	1789438871433538560	1789438871433540608	12492	0	24	1	42910820355925	42910820357553
517	52	23	495	104	1789438871433540608	1789438871433544704	1789438871433544704	1789438871433565184	1789438871433567232	12492	3	26	3	42910820372132	42910820424576
518	52	19	275	104	1789438871433567232	1789438871433568256	1789438871433568256	1789438871433569280	1789438871433570304	12495	1	22	1	42910820431066	42910820433456
519	52	23	275	104	1789438871433571328	1789438871433571328	1789438871433571328	1789438871433590784	1789438871433591808	12496	0	26	3	42910820437993	42910820487253
520	53	0	110	106	1789438871433244672	1789438871433244672	1789438871433244672	1789438871433246720	1789438871433247744	12496	0	0	0	42944198504096	42944198508805
521	53	7	238	106	1789438871433247744	1789438871433276416	1789438871433276416	1789438871433277440	1789438871433278464	12496	1	6	1	42944198583972	42944198585759
522	53	7	18	106	1789438871433278464	1789438871433278464	1789438871433278464	1789438871433279488	1789438871433280512	12497	0	6	1	42944198589628	42944198590983
523	53	5	52	106	1789438871433280512	1789438871433281536	1789438871433281536	1789438871433282560	1789438871433283584	12497	1	4	1	42944198596500	42944198598770
524	53	6	52	106	1789438871433283584	1789438871433283584	1789438871433283584	1789438871433284608	1789438871433285632	12498	0	5	1	42944198603022	42944198604605
525	53	8	494	106	1789438871433285632	1789438871433290752	1789438871433290752	1789438871433311232	1789438871433313280	12498	3	7	3	42944198620105	42944198672278
526	53	4	274	106	1789438871433313280	1789438871433314304	1789438871433314304	1789438871433315328	1789438871433316352	12501	1	3	1	42944198678867	42944198681242
527	53	8	274	106	1789438871433316352	1789438871433316352	1789438871433317376	1789438871433335808	1789438871433337856	12502	0	7	3	42944198685602	42944198734034
528	53	4	54	106	1789438871433337856	1789438871433337856	1789438871433337856	1789438871433338880	1789438871433339904	12502	0	3	1	42944198738309	42944198740599
529	53	8	54	106	1789438871433339904	1789438871433339904	1789438871433340928	1789438871433361408	1789438871433362432	12502	0	7	3	42944198744945	42944198796758
530	53	10	110	106	1789438871433362432	1789438871433405440	1789438871433405440	1789438871433407488	1789438871433408512	12502	4	11	1	42944198908856	42944198913492
531	53	13	110	106	1789438871433408512	1789438871433437184	1789438871433437184	1789438871433440256	1789438871433441280	12506	16	14	2	42944198989024	42944198995556
532	53	15	110	106	1789438871433441280	1789438871433498624	1789438871433498624	1789438871433500672	1789438871433501696	12522	4	18	1	42944199143667	42944199148185
533	53	22	238	106	1789438871433501696	1789438871433530368	1789438871433530368	1789438871433531392	1789438871433532416	12526	1	25	1	42944199223605	42944199225448
534	53	22	18	106	1789438871433532416	1789438871433532416	1789438871433532416	1789438871433533440	1789438871433534464	12527	0	25	1	42944199229424	42944199230581
535	53	20	52	106	1789438871433534464	1789438871433535488	1789438871433535488	1789438871433536512	1789438871433537536	12527	1	23	1	42944199236268	42944199238553
536	53	21	52	106	1789438871433537536	1789438871433537536	1789438871433538560	1789438871433538560	1789438871433539584	12528	0	24	1	42944199242926	42944199244515
537	53	23	494	106	1789438871433539584	1789438871433544704	1789438871433544704	1789438871433565184	1789438871433567232	12528	3	26	3	42944199259716	42944199311336
538	53	19	274	106	1789438871433567232	1789438871433567232	1789438871433568256	1789438871433569280	1789438871433570304	12531	1	22	1	42944199317715	42944199320073
539	53	23	274	106	1789438871433570304	1789438871433570304	1789438871433570304	1789438871433589760	1789438871433590784	12532	0	26	3	42944199324664	42944199372767
540	54	0	109	108	1789438871433244672	1789438871433244672	1789438871433244672	1789438871433246720	1789438871433247744	12532	0	0	0	42952127201782	42952127206773
541	54	7	237	108	1789438871433247744	1789438871433276416	1789438871433276416	1789438871433277440	1789438871433278464	12532	1	6	1	42952127281621	42952127283407
542	54	7	17	108	1789438871433278464	1789438871433278464	1789438871433278464	1789438871433279488	1789438871433280512	12533	0	6	1	42952127287408	42952127288812
543	54	5	51	108	1789438871433280512	1789438871433281536	1789438871433281536	1789438871433282560	1789438871433283584	12533	1	4	1	42952127294612	42952127296994
544	54	6	51	108	1789438871433284608	1789438871433284608	1789438871433284608	1789438871433284608	1789438871433286656	12534	0	5	1	42952127301295	42952127302995
545	54	8	493	108	1789438871433286656	1789438871433290752	1789438871433290752	1789438871433311232	1789438871433313280	12534	3	7	3	42952127317697	42952127369992
546	54	4	273	108	1789438871433313280	1789438871433314304	1789438871433314304	1789438871433315328	1789438871433316352	12537	1	3	1	42952127376535	42952127379031
547	54	8	273	108	1789438871433317376	1789438871433317376	1789438871433317376	1789438871433335808	1789438871433336832	12538	0	7	3	42952127383625	42952127430601
548	54	4	53	108	1789438871433336832	1789438871433337856	1789438871433337856	1789438871433338880	1789438871433339904	12538	0	3	1	42952127434940	42952127437343
549	54	8	53	108	1789438871433339904	1789438871433339904	1789438871433339904	1789438871433360384	1789438871433362432	12538	0	7	3	42952127442168	42952127493919
550	54	10	109	108	1789438871433362432	1789438871433405440	1789438871433405440	1789438871433407488	1789438871433408512	12538	4	11	1	42952127606545	42952127611324
551	54	13	109	108	1789438871433408512	1789438871433437184	1789438871433437184	1789438871433440256	1789438871433441280	12542	16	14	2	42952127686756	42952127693559
552	54	15	109	108	1789438871433441280	1789438871433498624	1789438871433498624	1789438871433500672	1789438871433501696	12558	4	18	1	42952127841442	42952127846104
553	54	22	237	108	1789438871433501696	1789438871433530368	1789438871433530368	1789438871433531392	1789438871433532416	12562	1	25	1	42952127921381	42952127923269
554	54	22	17	108	1789438871433532416	1789438871433532416	1789438871433532416	1789438871433533440	1789438871433534464	12563	0	25	1	42952127927365	42952127928576
555	54	20	51	108	1789438871433534464	1789438871433535488	1789438871433535488	1789438871433536512	1789438871433537536	12563	1	23	1	42952127934365	42952127936746
556	54	21	51	108	1789438871433538560	1789438871433538560	1789438871433538560	1789438871433538560	1789438871433540608	12564	0	24	1	42952127941279	42952127942916
557	54	23	493	108	1789438871433540608	1789438871433544704	1789438871433544704	1789438871433565184	1789438871433567232	12564	3	26	3	42952127957437	42952128009263
558	54	19	273	108	1789438871433567232	1789438871433568256	1789438871433568256	1789438871433569280	1789438871433570304	12567	1	22	1	42952128015879	42952128018303
559	54	23	273	108	1789438871433570304	1789438871433570304	1789438871433570304	1789438871433589760	1789438871433590784	12568	0	26	3	42952128022836	42952128070783
560	55	0	108	110	1789438871433244672	1789438871433244672	1789438871433244672	1789438871433246720	1789438871433247744	12568	0	0	0	42945873243537	42945873248603
561	55	7	236	110	1789438871433247744	1789438871433276416	1789438871433276416	1789438871433277440	1789438871433278464	12568	1	6	1	42945873323330	42945873325182
562	55	7	16	110	1789438871433278464	1789438871433278464	1789438871433278464	1789438871433279488	1789438871433280512	12569	0	6	1	42945873329372	42945873330848
563	55	5	50	110	1789438871433280512	1789438871433281536	1789438871433281536	1789438871433282560	1789438871433284608	12569	1	4	1	42945873336729	42945873339148
564	55	6	50	110	1789438871433284608	1789438871433284608	1789438871433284608	1789438871433285632	1789438871433286656	12570	0	5	1	42945873343642	42945873345300
565	55	8	492	110	1789438871433286656	1789438871433290752	1789438871433290752	1789438871433311232	1789438871433313280	12570	3	7	3	42945873359450	42945873411379
566	55	4	272	110	1789438871433313280	1789438871433314304	1789438871433314304	1789438871433315328	1789438871433316352	12573	1	3	1	42945873418063	42945873420549
567	55	8	272	110	1789438871433317376	1789438871433317376	1789438871433317376	1789438871433336832	1789438871433337856	12574	0	7	3	42945873425266	42945873474521
568	55	4	52	110	1789438871433337856	1789438871433338880	1789438871433338880	1789438871433339904	1789438871433340928	12574	0	3	1	42945873479296	42945873481751
569	55	8	52	110	1789438871433340928	1789438871433340928	1789438871433341952	1789438871433362432	1789438871433363456	12574	0	7	3	42945873486636	42945873538736
570	55	10	108	110	1789438871433363456	1789438871433405440	1789438871433405440	1789438871433407488	1789438871433408512	12574	4	11	1	42945873648164	42945873653116
571	55	13	108	110	1789438871433408512	1789438871433437184	1789438871433437184	1789438871433440256	1789438871433441280	12578	16	14	2	42945873728359	42945873735371
572	55	15	108	110	1789438871433441280	1789438871433498624	1789438871433498624	1789438871433500672	1789438871433501696	12594	4	18	1	42945873883046	42945873887867
573	55	22	236	110	1789438871433501696	1789438871433530368	1789438871433530368	1789438871433531392	1789438871433532416	12598	1	25	1	42945873962989	42945873964954
574	55	22	16	110	1789438871433532416	1789438871433532416	1789438871433533440	1789438871433533440	1789438871433534464	12599	0	25	1	42945873969137	42945873970489
575	55	20	50	110	1789438871433534464	1789438871433535488	1789438871433535488	1789438871433536512	1789438871433538560	12599	1	23	1	42945873976139	42945873978598
576	55	21	50	110	1789438871433538560	1789438871433538560	1789438871433538560	1789438871433539584	1789438871433540608	12600	0	24	1	42945873983147	42945873984880
577	55	23	492	110	1789438871433540608	1789438871433544704	1789438871433544704	1789438871433566208	1789438871433567232	12600	3	26	3	42945873999274	42945874051889
578	55	19	272	110	1789438871433567232	1789438871433568256	1789438871433568256	1789438871433569280	1789438871433571328	12603	1	22	1	42945874058709	42945874061118
579	55	23	272	110	1789438871433571328	1789438871433571328	1789438871433571328	1789438871433590784	1789438871433592832	12604	0	26	3	42945874065683	42945874115462
580	56	0	107	112	1789438871433244672	1789438871433244672	1789438871433244672	1789438871433246720	1789438871433247744	12604	0	0	0	42964216851066	42964216856097
581	56	7	235	112	1789438871433247744	1789438871433276416	1789438871433276416	1789438871433277440	1789438871433278464	12604	1	6	1	42964216930893	42964216932745
582	56	7	15	112	1789438871433278464	1789438871433278464	1789438871433279488	1789438871433279488	1789438871433280512	12605	0	6	1	42964216937039	42964216938476
583	56	5	49	112	1789438871433281536	1789438871433281536	1789438871433281536	1789438871433282560	1789438871433284608	12605	1	4	1	42964216944509	42964216946934
584	56	6	49	112	1789438871433284608	1789438871433284608	1789438871433284608	1789438871433285632	1789438871433286656	12606	0	5	1	42964216951274	42964216953172
585	56	8	491	112	1789438871433286656	1789438871433290752	1789438871433290752	1789438871433312256	1789438871433313280	12606	3	7	3	42964216967128	42964217020051
586	56	4	271	112	1789438871433313280	1789438871433314304	1789438871433314304	1789438871433315328	1789438871433317376	12609	1	3	1	42964217027025	42964217029493
587	56	8	271	112	1789438871433317376	1789438871433317376	1789438871433317376	1789438871433336832	1789438871433337856	12610	0	7	3	42964217034043	42964217081536
588	56	4	51	112	1789438871433337856	1789438871433337856	1789438871433337856	1789438871433338880	1789438871433340928	12610	0	3	1	42964217086329	42964217088765
589	56	8	51	112	1789438871433340928	1789438871433340928	1789438871433340928	1789438871433362432	1789438871433363456	12610	0	7	3	42964217093793	42964217145888
590	56	10	107	112	1789438871433363456	1789438871433405440	1789438871433405440	1789438871433407488	1789438871433408512	12610	4	11	1	42964217255791	42964217260683
591	56	13	107	112	1789438871433408512	1789438871433437184	1789438871433437184	1789438871433440256	1789438871433441280	12614	16	14	2	42964217335967	42964217343002
592	56	15	107	112	1789438871433441280	1789438871433498624	1789438871433498624	1789438871433500672	1789438871433501696	12630	4	18	1	42964217490709	42964217495566
593	56	22	235	112	1789438871433501696	1789438871433530368	1789438871433530368	1789438871433531392	1789438871433532416	12634	1	25	1	42964217570665	42964217572509
594	56	22	15	112	1789438871433532416	1789438871433532416	1789438871433533440	1789438871433533440	1789438871433534464	12635	0	25	1	42964217576823	42964217578197
595	56	20	49	112	1789438871433534464	1789438871433535488	1789438871433535488	1789438871433536512	1789438871433538560	12635	1	23	1	42964217583887	42964217586311
596	56	21	49	112	1789438871433538560	1789438871433538560	1789438871433538560	1789438871433539584	1789438871433540608	12636	0	24	1	42964217590883	42964217592802
597	56	23	491	112	1789438871433540608	1789438871433544704	1789438871433544704	1789438871433565184	1789438871433567232	12636	3	26	3	42964217606893	42964217659115
598	56	19	271	112	1789438871433567232	1789438871433568256	1789438871433568256	1789438871433569280	1789438871433571328	12639	1	22	1	42964217665867	42964217668381
599	56	23	271	112	1789438871433571328	1789438871433571328	1789438871433571328	1789438871433590784	1789438871433592832	12640	0	26	3	42964217673085	42964217723281
600	57	0	106	114	1789438871433244672	1789438871433244672	1789438871433244672	1789438871433246720	1789438871433247744	12640	0	0	0	42948816629073	42948816633858
601	57	7	234	114	1789438871433247744	1789438871433276416	1789438871433276416	1789438871433277440	1789438871433278464	12640	1	6	1	42948816708970	42948816710779
602	57	7	14	114	1789438871433278464	1789438871433278464	1789438871433278464	1789438871433279488	1789438871433280512	12641	0	6	1	42948816714948	42948816716320
603	57	5	48	114	1789438871433280512	1789438871433281536	1789438871433281536	1789438871433282560	1789438871433283584	12641	1	4	1	42948816722023	42948816724382
604	57	6	48	114	1789438871433284608	1789438871433284608	1789438871433284608	1789438871433284608	1789438871433286656	12642	0	5	1	42948816728552	42948816730306
605	57	8	490	114	1789438871433286656	1789438871433290752	1789438871433290752	1789438871433311232	1789438871433313280	12642	3	7	3	42948816745101	42948816797487
606	57	4	270	114	1789438871433313280	1789438871433314304	1789438871433314304	1789438871433315328	1789438871433316352	12645	1	3	1	42948816803858	42948816806264
607	57	8	270	114	1789438871433316352	1789438871433317376	1789438871433317376	1789438871433336832	1789438871433337856	12646	0	7	3	42948816810815	42948816860674
608	57	4	50	114	1789438871433338880	1789438871433338880	1789438871433338880	1789438871433339904	1789438871433340928	12646	0	3	1	42948816865344	42948816867669
609	57	8	50	114	1789438871433340928	1789438871433340928	1789438871433341952	1789438871433362432	1789438871433363456	12646	0	7	3	42948816872421	42948816924214
610	57	10	106	114	1789438871433363456	1789438871433405440	1789438871433405440	1789438871433407488	1789438871433408512	12646	4	11	1	42948817033896	42948817038607
611	57	13	106	114	1789438871433408512	1789438871433437184	1789438871433437184	1789438871433440256	1789438871433441280	12650	16	14	2	42948817114067	42948817120767
612	57	15	106	114	1789438871433441280	1789438871433498624	1789438871433498624	1789438871433500672	1789438871433501696	12666	4	18	1	42948817268827	42948817273508
613	57	22	234	114	1789438871433501696	1789438871433530368	1789438871433530368	1789438871433531392	1789438871433532416	12670	1	25	1	42948817348751	42948817350628
614	57	22	14	114	1789438871433532416	1789438871433532416	1789438871433532416	1789438871433533440	1789438871433534464	12671	0	25	1	42948817354730	42948817356078
615	57	20	48	114	1789438871433534464	1789438871433535488	1789438871433535488	1789438871433536512	1789438871433537536	12671	1	23	1	42948817361585	42948817363951
616	57	21	48	114	1789438871433538560	1789438871433538560	1789438871433538560	1789438871433538560	1789438871433540608	12672	0	24	1	42948817368386	42948817370254
617	57	23	490	114	1789438871433540608	1789438871433544704	1789438871433544704	1789438871433565184	1789438871433567232	12672	3	26	3	42948817384796	42948817436838
618	57	19	270	114	1789438871433567232	1789438871433568256	1789438871433568256	1789438871433569280	1789438871433570304	12675	1	22	1	42948817443396	42948817445849
619	57	23	270	114	1789438871433570304	1789438871433570304	1789438871433571328	1789438871433589760	1789438871433591808	12676	0	26	3	42948817450295	42948817498627
620	58	0	105	116	1789438871433244672	1789438871433244672	1789438871433244672	1789438871433246720	1789438871433247744	12676	0	0	0	42955800416700	42955800421388
621	58	7	233	116	1789438871433247744	1789438871433276416	1789438871433276416	1789438871433277440	1789438871433278464	12676	1	6	1	42955800496552	42955800498350
622	58	7	13	116	1789438871433278464	1789438871433278464	1789438871433278464	1789438871433279488	1789438871433280512	12677	0	6	1	42955800502365	42955800503701
623	58	5	47	116	1789438871433280512	1789438871433281536	1789438871433281536	1789438871433282560	1789438871433283584	12677	1	4	1	42955800509341	42955800511632
624	58	6	47	116	1789438871433283584	1789438871433283584	1789438871433283584	1789438871433284608	1789438871433285632	12678	0	5	1	42955800515486	42955800517234
625	58	8	489	116	1789438871433285632	1789438871433290752	1789438871433290752	1789438871433311232	1789438871433312256	12678	3	7	3	42955800532730	42955800584247
626	58	4	269	116	1789438871433313280	1789438871433313280	1789438871433314304	1789438871433315328	1789438871433316352	12681	1	3	1	42955800590680	42955800593106
627	58	8	269	116	1789438871433316352	1789438871433316352	1789438871433316352	1789438871433335808	1789438871433336832	12682	0	7	3	42955800597573	42955800644821
628	58	4	49	116	1789438871433336832	1789438871433336832	1789438871433336832	1789438871433337856	1789438871433339904	12682	0	3	1	42955800649261	42955800651562
629	58	8	49	116	1789438871433339904	1789438871433339904	1789438871433339904	1789438871433360384	1789438871433361408	12682	0	7	3	42955800656161	42955800707549
630	58	10	105	116	1789438871433361408	1789438871433405440	1789438871433405440	1789438871433407488	1789438871433408512	12682	4	11	1	42955800821521	42955800826140
631	58	13	105	116	1789438871433408512	1789438871433437184	1789438871433437184	1789438871433440256	1789438871433441280	12686	16	14	2	42955800901647	42955800908149
632	58	15	105	116	1789438871433441280	1789438871433498624	1789438871433498624	1789438871433500672	1789438871433501696	12702	4	18	1	42955801056400	42955801061005
633	58	22	233	116	1789438871433501696	1789438871433530368	1789438871433530368	1789438871433531392	1789438871433532416	12706	1	25	1	42955801136328	42955801138136
634	58	22	13	116	1789438871433532416	1789438871433532416	1789438871433532416	1789438871433533440	1789438871433534464	12707	0	25	1	42955801142170	42955801143308
635	58	20	47	116	1789438871433534464	1789438871433535488	1789438871433535488	1789438871433536512	1789438871433537536	12707	1	23	1	42955801148975	42955801151253
636	58	21	47	116	1789438871433537536	1789438871433537536	1789438871433537536	1789438871433538560	1789438871433539584	12708	0	24	1	42955801155496	42955801157167
637	58	23	489	116	1789438871433539584	1789438871433544704	1789438871433544704	1789438871433565184	1789438871433567232	12708	3	26	3	42955801172432	42955801224268
638	58	19	269	116	1789438871433567232	1789438871433568256	1789438871433568256	1789438871433569280	1789438871433570304	12711	1	22	1	42955801230780	42955801233165
639	58	23	269	116	1789438871433570304	1789438871433570304	1789438871433570304	1789438871433589760	1789438871433591808	12712	0	26	3	42955801237553	42955801285992
640	59	0	104	118	1789438871433244672	1789438871433244672	1789438871433244672	1789438871433246720	1789438871433247744	12712	0	0	0	42961563695605	42961563700427
641	59	7	232	118	1789438871433247744	1789438871433276416	1789438871433276416	1789438871433277440	1789438871433278464	12712	1	6	1	42961563775521	42961563777322
642	59	7	12	118	1789438871433278464	1789438871433278464	1789438871433278464	1789438871433279488	1789438871433280512	12713	0	6	1	42961563781527	42961563782889
643	59	5	46	118	1789438871433280512	1789438871433281536	1789438871433281536	1789438871433282560	1789438871433283584	12713	1	4	1	42961563788631	42961563790981
644	59	6	46	118	1789438871433284608	1789438871433284608	1789438871433284608	1789438871433284608	1789438871433286656	12714	0	5	1	42961563795133	42961563796898
645	59	8	488	118	1789438871433286656	1789438871433290752	1789438871433290752	1789438871433311232	1789438871433313280	12714	3	7	3	42961563811575	42961563863772
646	59	4	268	118	1789438871433313280	1789438871433314304	1789438871433314304	1789438871433315328	1789438871433316352	12717	1	3	1	42961563870318	42961563872762
647	59	8	268	118	1789438871433316352	1789438871433317376	1789438871433317376	1789438871433335808	1789438871433337856	12718	0	7	3	42961563877345	42961563925187
648	59	4	48	118	1789438871433337856	1789438871433337856	1789438871433337856	1789438871433338880	1789438871433339904	12718	0	3	1	42961563929802	42961563932191
649	59	8	48	118	1789438871433340928	1789438871433340928	1789438871433340928	1789438871433361408	1789438871433362432	12718	0	7	3	42961563936950	42961563988591
650	59	10	104	118	1789438871433362432	1789438871433405440	1789438871433405440	1789438871433407488	1789438871433408512	12718	4	11	1	42961564100455	42961564105233
651	59	13	104	118	1789438871433408512	1789438871433437184	1789438871433437184	1789438871433440256	1789438871433441280	12722	16	14	2	42961564180607	42961564187415
652	59	15	104	118	1789438871433441280	1789438871433498624	1789438871433498624	1789438871433500672	1789438871433501696	12738	4	18	1	42961564335381	42961564340148
653	59	22	232	118	1789438871433501696	1789438871433530368	1789438871433530368	1789438871433531392	1789438871433532416	12742	1	25	1	42961564415320	42961564417180
654	59	22	12	118	1789438871433532416	1789438871433532416	1789438871433532416	1789438871433533440	1789438871433534464	12743	0	25	1	42961564421300	42961564422650
655	59	20	46	118	1789438871433534464	1789438871433535488	1789438871433535488	1789438871433536512	1789438871433537536	12743	1	23	1	42961564428080	42961564430227
656	59	21	46	118	1789438871433537536	1789438871433537536	1789438871433538560	1789438871433538560	1789438871433539584	12744	0	24	1	42961564434576	42961564435953
657	59	23	488	118	1789438871433539584	1789438871433544704	1789438871433544704	1789438871433565184	1789438871433567232	12744	3	26	3	42961564451431	42961564503576
658	59	19	268	118	1789438871433567232	1789438871433568256	1789438871433568256	1789438871433569280	1789438871433570304	12747	1	22	1	42961564510208	42961564512612
659	59	23	268	118	1789438871433570304	1789438871433571328	1789438871433571328	1789438871433590784	1789438871433591808	12748	0	26	3	42961564517227	42961564565857
660	60	0	103	120	1789438871433244672	1789438871433244672	1789438871433244672	1789438871433246720	1789438871433247744	12748	0	0	0	42921751088666	42921751093757
661	60	7	231	120	1789438871433248768	1789438871433276416	1789438871433276416	1789438871433277440	1789438871433278464	12748	1	6	1	42921751168484	42921751170334
662	60	7	11	120	1789438871433278464	1789438871433278464	1789438871433279488	1789438871433279488	1789438871433280512	12749	0	6	1	42921751174651	42921751176058
663	60	5	45	120	1789438871433280512	1789438871433281536	1789438871433281536	1789438871433282560	1789438871433284608	12749	1	4	1	42921751181993	42921751184417
664	60	6	45	120	1789438871433284608	1789438871433284608	1789438871433284608	1789438871433285632	1789438871433286656	12750	0	5	1	42921751188676	42921751190513
665	60	8	487	120	1789438871433286656	1789438871433290752	1789438871433290752	1789438871433312256	1789438871433313280	12750	3	7	3	42921751205078	42921751257115
666	60	4	267	120	1789438871433313280	1789438871433314304	1789438871433314304	1789438871433315328	1789438871433317376	12753	1	3	1	42921751263694	42921751266201
667	60	8	267	120	1789438871433317376	1789438871433317376	1789438871433317376	1789438871433335808	1789438871433337856	12754	0	7	3	42921751270948	42921751318497
668	60	4	47	120	1789438871433337856	1789438871433337856	1789438871433337856	1789438871433338880	1789438871433340928	12754	0	3	1	42921751323245	42921751325689
669	60	8	47	120	1789438871433340928	1789438871433340928	1789438871433340928	1789438871433361408	1789438871433363456	12754	0	7	3	42921751330582	42921751382520
670	60	10	103	120	1789438871433363456	1789438871433405440	1789438871433405440	1789438871433407488	1789438871433408512	12754	4	11	1	42921751493264	42921751498228
671	60	13	103	120	1789438871433408512	1789438871433437184	1789438871433437184	1789438871433440256	1789438871433441280	12758	16	14	2	42921751573416	42921751580419
672	60	15	103	120	1789438871433441280	1789438871433498624	1789438871433498624	1789438871433500672	1789438871433501696	12774	4	18	1	42921751728169	42921751733041
673	60	22	231	120	1789438871433501696	1789438871433530368	1789438871433530368	1789438871433531392	1789438871433532416	12778	1	25	1	42921751808124	42921751810033
674	60	22	11	120	1789438871433532416	1789438871433532416	1789438871433533440	1789438871433533440	1789438871433534464	12779	0	25	1	42921751814297	42921751815677
675	60	20	45	120	1789438871433534464	1789438871433535488	1789438871433535488	1789438871433536512	1789438871433538560	12779	1	23	1	42921751821346	42921751823782
676	60	21	45	120	1789438871433538560	1789438871433538560	1789438871433538560	1789438871433539584	1789438871433540608	12780	0	24	1	42921751828344	42921751830190
677	60	23	487	120	1789438871433540608	1789438871433544704	1789438871433544704	1789438871433566208	1789438871433567232	12780	3	26	3	42921751844725	42921751897254
678	60	19	267	120	1789438871433567232	1789438871433568256	1789438871433568256	1789438871433569280	1789438871433571328	12783	1	22	1	42921751904129	42921751906554
679	60	23	267	120	1789438871433571328	1789438871433571328	1789438871433571328	1789438871433589760	1789438871433591808	12784	0	26	3	42921751911002	42921751958455
680	61	0	102	122	1789438871433244672	1789438871433244672	1789438871433244672	1789438871433246720	1789438871433247744	12784	0	0	0	42943321999840	42943322004863
681	61	7	230	122	1789438871433247744	1789438871433276416	1789438871433276416	1789438871433277440	1789438871433278464	12784	1	6	1	42943322079674	42943322081565
682	61	7	10	122	1789438871433278464	1789438871433278464	1789438871433278464	1789438871433279488	1789438871433280512	12785	0	6	1	42943322085685	42943322087083
683	61	5	44	122	1789438871433280512	1789438871433281536	1789438871433281536	1789438871433282560	1789438871433284608	12785	1	4	1	42943322092931	42943322095346
684	61	6	44	122	1789438871433284608	1789438871433284608	1789438871433284608	1789438871433285632	1789438871433286656	12786	0	5	1	42943322099847	42943322101505
685	61	8	486	122	1789438871433286656	1789438871433290752	1789438871433290752	1789438871433312256	1789438871433313280	12786	3	7	3	42943322116280	42943322168917
686	61	4	266	122	1789438871433313280	1789438871433314304	1789438871433315328	1789438871433316352	1789438871433317376	12789	1	3	1	42943322176085	42943322178499
687	61	8	266	122	1789438871433317376	1789438871433317376	1789438871433317376	1789438871433335808	1789438871433337856	12790	0	7	3	42943322182573	42943322229707
688	61	4	46	122	1789438871433337856	1789438871433337856	1789438871433337856	1789438871433338880	1789438871433340928	12790	0	3	1	42943322234459	42943322236947
689	61	8	46	122	1789438871433340928	1789438871433340928	1789438871433340928	1789438871433361408	1789438871433363456	12790	0	7	3	42943322241835	42943322294116
690	61	10	102	122	1789438871433363456	1789438871433405440	1789438871433405440	1789438871433407488	1789438871433408512	12790	4	11	1	42943322404546	42943322409608
691	61	13	102	122	1789438871433408512	1789438871433437184	1789438871433437184	1789438871433440256	1789438871433441280	12794	16	14	2	42943322484655	42943322491665
692	61	15	102	122	1789438871433441280	1789438871433498624	1789438871433498624	1789438871433500672	1789438871433501696	12810	4	18	1	42943322639359	42943322644267
693	61	22	230	122	1789438871433501696	1789438871433530368	1789438871433530368	1789438871433531392	1789438871433532416	12814	1	25	1	42943322719337	42943322721275
694	61	22	10	122	1789438871433532416	1789438871433532416	1789438871433533440	1789438871433533440	1789438871433534464	12815	0	25	1	42943322725499	42943322726890
695	61	20	44	122	1789438871433534464	1789438871433535488	1789438871433535488	1789438871433536512	1789438871433538560	12815	1	23	1	42943322732513	42943322734970
696	61	21	44	122	1789438871433538560	1789438871433538560	1789438871433538560	1789438871433539584	1789438871433540608	12816	0	24	1	42943322739585	42943322741488
697	61	23	486	122	1789438871433540608	1789438871433544704	1789438871433544704	1789438871433566208	1789438871433567232	12816	3	26	3	42943322755985	42943322808142
698	61	19	266	122	1789438871433567232	1789438871433568256	1789438871433568256	1789438871433569280	1789438871433571328	12819	1	22	1	42943322814989	42943322817484
699	61	23	266	122	1789438871433571328	1789438871433571328	1789438871433571328	1789438871433591808	1789438871433592832	12820	0	26	3	42943322822209	42943322872708
700	62	0	101	124	1789438871433244672	1789438871433244672	1789438871433244672	1789438871433246720	1789438871433247744	12820	0	0	0	42953061576067	42953061580853
701	62	7	229	124	1789438871433247744	1789438871433276416	1789438871433276416	1789438871433277440	1789438871433278464	12820	1	6	1	42953061655855	42953061657700
702	62	7	9	124	1789438871433278464	1789438871433278464	1789438871433278464	1789438871433279488	1789438871433280512	12821	0	6	1	42953061661753	42953061663155
703	62	5	43	124	1789438871433280512	1789438871433281536	1789438871433281536	1789438871433282560	1789438871433283584	12821	1	4	1	42953061668535	42953061670866
704	62	6	43	124	1789438871433284608	1789438871433284608	1789438871433284608	1789438871433284608	1789438871433286656	12822	0	5	1	42953061675438	42953061677091
705	62	8	485	124	1789438871433286656	1789438871433290752	1789438871433290752	1789438871433312256	1789438871433313280	12822	3	7	3	42953061692095	42953061744861
706	62	4	265	124	1789438871433313280	1789438871433314304	1789438871433314304	1789438871433315328	1789438871433317376	12825	1	3	1	42953061751389	42953061753917
707	62	8	265	124	1789438871433317376	1789438871433317376	1789438871433317376	1789438871433336832	1789438871433337856	12826	0	7	3	42953061758510	42953061806909
708	62	4	45	124	1789438871433337856	1789438871433337856	1789438871433338880	1789438871433338880	1789438871433340928	12826	0	3	1	42953061811574	42953061813943
709	62	8	45	124	1789438871433340928	1789438871433340928	1789438871433340928	1789438871433361408	1789438871433363456	12826	0	7	3	42953061818717	42953061870579
710	62	10	101	124	1789438871433363456	1789438871433405440	1789438871433405440	1789438871433407488	1789438871433408512	12826	4	11	1	42953061980863	42953061985808
711	62	13	101	124	1789438871433408512	1789438871433437184	1789438871433437184	1789438871433440256	1789438871433441280	12830	16	14	2	42953062060940	42953062067754
712	62	15	101	124	1789438871433441280	1789438871433498624	1789438871433498624	1789438871433500672	1789438871433501696	12846	4	18	1	42953062215695	42953062220475
713	62	22	229	124	1789438871433501696	1789438871433530368	1789438871433530368	1789438871433531392	1789438871433532416	12850	1	25	1	42953062295633	42953062297528
714	62	22	9	124	1789438871433532416	1789438871433532416	1789438871433532416	1789438871433533440	1789438871433534464	12851	0	25	1	42953062301631	42953062302819
715	62	20	43	124	1789438871433534464	1789438871433535488	1789438871433535488	1789438871433536512	1789438871433538560	12851	1	23	1	42953062308749	42953062311112
716	62	21	43	124	1789438871433538560	1789438871433538560	1789438871433538560	1789438871433539584	1789438871433540608	12852	0	24	1	42953062315713	42953062317353
717	62	23	485	124	1789438871433540608	1789438871433544704	1789438871433544704	1789438871433565184	1789438871433567232	12852	3	26	3	42953062331828	42953062384059
718	62	19	265	124	1789438871433567232	1789438871433568256	1789438871433568256	1789438871433569280	1789438871433570304	12855	1	22	1	42953062390560	42953062392997
719	62	23	265	124	1789438871433570304	1789438871433571328	1789438871433571328	1789438871433590784	1789438871433591808	12856	0	26	3	42953062397385	42953062447208
720	63	0	100	126	1789438871433244672	1789438871433244672	1789438871433244672	1789438871433246720	1789438871433247744	12856	0	0	0	42910819616624	42910819621296
721	63	7	228	126	1789438871433247744	1789438871433276416	1789438871433276416	1789438871433277440	1789438871433278464	12856	1	6	1	42910819696353	42910819698105
722	63	7	8	126	1789438871433278464	1789438871433278464	1789438871433278464	1789438871433279488	1789438871433280512	12857	0	6	1	42910819702078	42910819703396
723	63	5	42	126	1789438871433280512	1789438871433281536	1789438871433281536	1789438871433282560	1789438871433283584	12857	1	4	1	42910819708951	42910819711221
724	63	6	42	126	1789438871433283584	1789438871433283584	1789438871433284608	1789438871433284608	1789438871433285632	12858	0	5	1	42910819715519	42910819717166
725	63	8	484	126	1789438871433285632	1789438871433290752	1789438871433290752	1789438871433311232	1789438871433313280	12858	3	7	3	42910819732443	42910819784255
726	63	4	264	126	1789438871433313280	1789438871433313280	1789438871433314304	1789438871433315328	1789438871433316352	12861	1	3	1	42910819790273	42910819792737
727	63	8	264	126	1789438871433316352	1789438871433316352	1789438871433316352	1789438871433335808	1789438871433336832	12862	0	7	3	42910819797244	42910819844545
728	63	4	44	126	1789438871433336832	1789438871433336832	1789438871433336832	1789438871433337856	1789438871433339904	12862	0	3	1	42910819849043	42910819851333
729	63	8	44	126	1789438871433339904	1789438871433339904	1789438871433339904	1789438871433360384	1789438871433361408	12862	0	7	3	42910819856026	42910819907595
730	63	10	100	126	1789438871433361408	1789438871433405440	1789438871433405440	1789438871433407488	1789438871433408512	12862	4	11	1	42910820021213	42910820025933
731	63	13	100	126	1789438871433408512	1789438871433437184	1789438871433437184	1789438871433440256	1789438871433441280	12866	16	14	2	42910820101323	42910820107815
732	63	15	100	126	1789438871433441280	1789438871433498624	1789438871433498624	1789438871433500672	1789438871433501696	12882	4	18	1	42910820255960	42910820260535
733	63	22	228	126	1789438871433501696	1789438871433530368	1789438871433530368	1789438871433531392	1789438871433532416	12886	1	25	1	42910820335912	42910820337714
734	63	22	8	126	1789438871433532416	1789438871433532416	1789438871433532416	1789438871433533440	1789438871433534464	12887	0	25	1	42910820341678	42910820342987
735	63	20	42	126	1789438871433534464	1789438871433535488	1789438871433535488	1789438871433536512	1789438871433537536	12887	1	23	1	42910820348212	42910820350323
736	63	21	42	126	1789438871433537536	1789438871433537536	1789438871433537536	1789438871433538560	1789438871433539584	12888	0	24	1	42910820354551	42910820355901
737	63	23	484	126	1789438871433539584	1789438871433544704	1789438871433544704	1789438871433565184	1789438871433567232	12888	3	26	3	42910820372019	42910820424150
738	63	19	264	126	1789438871433567232	1789438871433568256	1789438871433568256	1789438871433569280	1789438871433570304	12891	1	22	1	42910820430775	42910820433107
739	63	23	264	126	1789438871433570304	1789438871433570304	1789438871433571328	1789438871433590784	1789438871433591808	12892	0	26	3	42910820437465	42910820486561
740	64	0	99	1	1789438871433244672	1789438871433244672	1789438871433244672	1789438871433246720	1789438871433248768	12892	0	0	0	42945873243524	42945873248855
741	64	7	227	1	1789438871433248768	1789438871433276416	1789438871433276416	1789438871433277440	1789438871433278464	12892	1	6	1	42945873323530	42945873325504
742	64	7	7	1	1789438871433278464	1789438871433279488	1789438871433279488	1789438871433279488	1789438871433281536	12893	0	6	1	42945873329898	42945873331370
743	64	5	41	1	1789438871433281536	1789438871433282560	1789438871433282560	1789438871433283584	1789438871433284608	12893	1	4	1	42945873337560	42945873340063
744	64	6	41	1	1789438871433284608	1789438871433284608	1789438871433284608	1789438871433285632	1789438871433286656	12894	0	5	1	42945873344712	42945873346449
745	64	8	483	1	1789438871433287680	1789438871433290752	1789438871433290752	1789438871433312256	1789438871433313280	12894	3	7	3	42945873359609	42945873412667
746	64	4	263	1	1789438871433314304	1789438871433314304	1789438871433315328	1789438871433316352	1789438871433317376	12897	1	3	1	42945873419723	42945873422242
747	64	8	263	1	1789438871433317376	1789438871433317376	1789438871433317376	1789438871433336832	1789438871433338880	12898	0	7	3	42945873427133	42945873475289
748	64	4	43	1	1789438871433338880	1789438871433338880	1789438871433338880	1789438871433339904	1789438871433341952	12898	0	3	1	42945873480350	42945873482863
749	64	8	43	1	1789438871433341952	1789438871433341952	1789438871433341952	1789438871433362432	1789438871433364480	12898	0	7	3	42945873488058	42945873540579
750	64	10	99	1	1789438871433364480	1789438871433405440	1789438871433405440	1789438871433407488	1789438871433408512	12898	4	11	1	42945873648272	42945873653423
751	64	13	99	1	1789438871433409536	1789438871433437184	1789438871433437184	1789438871433440256	1789438871433442304	12902	16	14	2	42945873728592	42945873736011
752	64	15	99	1	1789438871433442304	1789438871433498624	1789438871433498624	1789438871433500672	1789438871433502720	12918	4	18	1	42945873883226	42945873888397
753	64	22	227	1	1789438871433502720	1789438871433530368	1789438871433530368	1789438871433531392	1789438871433532416	12922	1	25	1	42945873963182	42945873965198
754	64	22	7	1	1789438871433533440	1789438871433533440	1789438871433533440	1789438871433533440	1789438871433535488	12923	0	25	1	42945873969679	42945873971058
755	64	20	41	1	1789438871433535488	1789438871433536512	1789438871433536512	1789438871433537536	1789438871433538560	12923	1	23	1	42945873977347	42945873979882
756	64	21	41	1	1789438871433538560	1789438871433539584	1789438871433539584	1789438871433539584	1789438871433541632	12924	0	24	1	42945873984942	42945873986706
757	64	23	483	1	1789438871433541632	1789438871433544704	1789438871433544704	1789438871433566208	1789438871433567232	12924	3	26	3	42945873999467	42945874052424
758	64	19	263	1	1789438871433568256	1789438871433569280	1789438871433569280	1789438871433570304	1789438871433571328	12927	1	22	1	42945874059941	42945874062467
759	64	23	263	1	1789438871433571328	1789438871433571328	1789438871433571328	1789438871433590784	1789438871433592832	12928	0	26	3	42945874066801	42945874114743
760	65	0	98	3	1789438871433244672	1789438871433244672	1789438871433244672	1789438871433246720	1789438871433248768	12928	0	0	0	42964216850997	42964216856307
761	65	7	226	3	1789438871433248768	1789438871433276416	1789438871433276416	1789438871433277440	1789438871433278464	12928	1	6	1	42964216931123	42964216933113
762	65	7	6	3	1789438871433279488	1789438871433279488	1789438871433279488	1789438871433279488	1789438871433281536	12929	0	6	1	42964216937595	42964216939066
763	65	5	40	3	1789438871433281536	1789438871433282560	1789438871433282560	1789438871433283584	1789438871433284608	12929	1	4	1	42964216945454	42964216947980
764	65	6	40	3	1789438871433284608	1789438871433285632	1789438871433285632	1789438871433285632	1789438871433287680	12930	0	5	1	42964216952686	42964216954446
765	65	8	482	3	1789438871433287680	1789438871433290752	1789438871433290752	1789438871433312256	1789438871433313280	12930	3	7	3	42964216967365	42964217020051
766	65	4	262	3	1789438871433313280	1789438871433314304	1789438871433315328	1789438871433316352	1789438871433317376	12933	1	3	1	42964217027291	42964217029873
767	65	8	262	3	1789438871433317376	1789438871433317376	1789438871433317376	1789438871433336832	1789438871433338880	12934	0	7	3	42964217034634	42964217082538
768	65	4	42	3	1789438871433338880	1789438871433338880	1789438871433338880	1789438871433339904	1789438871433340928	12934	0	3	1	42964217087575	42964217090105
769	65	8	42	3	1789438871433341952	1789438871433341952	1789438871433341952	1789438871433362432	1789438871433364480	12934	0	7	3	42964217095234	42964217147962
770	65	10	98	3	1789438871433364480	1789438871433405440	1789438871433405440	1789438871433407488	1789438871433408512	12934	4	11	1	42964217255915	42964217261038
771	65	13	98	3	1789438871433409536	1789438871433437184	1789438871433437184	1789438871433440256	1789438871433442304	12938	16	14	2	42964217336276	42964217343634
772	65	15	98	3	1789438871433442304	1789438871433498624	1789438871433498624	1789438871433500672	1789438871433502720	12954	4	18	1	42964217490893	42964217496117
773	65	22	226	3	1789438871433502720	1789438871433530368	1789438871433530368	1789438871433531392	1789438871433532416	12958	1	25	1	42964217571000	42964217573009
774	65	22	6	3	1789438871433533440	1789438871433533440	1789438871433533440	1789438871433533440	1789438871433535488	12959	0	25	1	42964217577512	42964217578925
775	65	20	40	3	1789438871433535488	1789438871433536512	1789438871433536512	1789438871433537536	1789438871433538560	12959	1	23	1	42964217585294	42964217587842
776	65	21	40	3	1789438871433539584	1789438871433539584	1789438871433539584	1789438871433539584	1789438871433541632	12960	0	24	1	42964217592838	42964217594575
777	65	23	482	3	1789438871433541632	1789438871433544704	1789438871433544704	1789438871433566208	1789438871433567232	12960	3	26	3	42964217607133	42964217659616
778	65	19	262	3	1789438871433567232	1789438871433568256	1789438871433568256	1789438871433569280	1789438871433571328	12963	1	22	1	42964217666813	42964217669325
779	65	23	262	3	1789438871433571328	1789438871433571328	1789438871433571328	1789438871433590784	1789438871433591808	12964	0	26	3	42964217674027	42964217721983
780	66	0	97	5	1789438871433244672	1789438871433244672	1789438871433244672	1789438871433246720	1789438871433247744	12964	0	0	0	42948816629081	42948816634257
781	66	7	225	5	1789438871433248768	1789438871433276416	1789438871433276416	1789438871433277440	1789438871433278464	12964	1	6	1	42948816709306	42948816711229
782	66	7	5	5	1789438871433278464	1789438871433279488	1789438871433279488	1789438871433279488	1789438871433280512	12965	0	6	1	42948816715571	42948816717003
783	66	5	39	5	1789438871433281536	1789438871433281536	1789438871433282560	1789438871433283584	1789438871433284608	12965	1	4	1	42948816723202	42948816725656
784	66	6	39	5	1789438871433284608	1789438871433284608	1789438871433284608	1789438871433285632	1789438871433286656	12966	0	5	1	42948816730243	42948816731916
785	66	8	481	5	1789438871433286656	1789438871433290752	1789438871433290752	1789438871433312256	1789438871433313280	12966	3	7	3	42948816745359	42948816798209
786	66	4	261	5	1789438871433313280	1789438871433314304	1789438871433314304	1789438871433315328	1789438871433317376	12969	1	3	1	42948816805206	42948816807717
787	66	8	261	5	1789438871433317376	1789438871433317376	1789438871433317376	1789438871433337856	1789438871433338880	12970	0	7	3	42948816812550	42948816862109
788	66	4	41	5	1789438871433338880	1789438871433338880	1789438871433338880	1789438871433339904	1789438871433341952	12970	0	3	1	42948816866994	42948816869435
789	66	8	41	5	1789438871433341952	1789438871433341952	1789438871433341952	1789438871433363456	1789438871433364480	12970	0	7	3	42948816874448	42948816926790
790	66	10	97	5	1789438871433364480	1789438871433405440	1789438871433405440	1789438871433407488	1789438871433408512	12970	4	11	1	42948817034006	42948817038966
791	66	13	97	5	1789438871433408512	1789438871433437184	1789438871433437184	1789438871433440256	1789438871433441280	12974	16	14	2	42948817114227	42948817121493
792	66	15	97	5	1789438871433442304	1789438871433498624	1789438871433498624	1789438871433500672	1789438871433501696	12990	4	18	1	42948817268994	42948817273930
793	66	22	225	5	1789438871433501696	1789438871433530368	1789438871433530368	1789438871433531392	1789438871433532416	12994	1	25	1	42948817349110	42948817351067
794	66	22	5	5	1789438871433532416	1789438871433533440	1789438871433533440	1789438871433533440	1789438871433534464	12995	0	25	1	42948817355269	42948817356600
795	66	20	39	5	1789438871433535488	1789438871433535488	1789438871433536512	1789438871433536512	1789438871433538560	12995	1	23	1	42948817362724	42948817365164
796	66	21	39	5	1789438871433538560	1789438871433538560	1789438871433538560	1789438871433539584	1789438871433540608	12996	0	24	1	42948817369991	42948817371671
797	66	23	481	5	1789438871433540608	1789438871433544704	1789438871433544704	1789438871433565184	1789438871433567232	12996	3	26	3	42948817385111	42948817437093
798	66	19	261	5	1789438871433567232	1789438871433568256	1789438871433568256	1789438871433569280	1789438871433571328	12999	1	22	1	42948817443965	42948817446464
799	66	23	261	5	1789438871433571328	1789438871433571328	1789438871433571328	1789438871433590784	1789438871433591808	13000	0	26	3	42948817451322	42948817500040
800	67	0	96	7	1789438871433244672	1789438871433244672	1789438871433244672	1789438871433246720	1789438871433247744	13000	0	0	0	42955800416676	42955800421636
801	67	7	224	7	1789438871433247744	1789438871433276416	1789438871433276416	1789438871433277440	1789438871433278464	13000	1	6	1	42955800496946	42955800498828
802	67	7	4	7	1789438871433278464	1789438871433279488	1789438871433279488	1789438871433279488	1789438871433280512	13001	0	6	1	42955800503067	42955800504444
803	67	5	38	7	1789438871433281536	1789438871433281536	1789438871433281536	1789438871433282560	1789438871433284608	13001	1	4	1	42955800510295	42955800512665
804	67	6	38	7	1789438871433284608	1789438871433284608	1789438871433284608	1789438871433285632	1789438871433286656	13002	0	5	1	42955800517079	42955800518712
805	67	8	480	7	1789438871433286656	1789438871433290752	1789438871433290752	1789438871433312256	1789438871433313280	13002	3	7	3	42955800533284	42955800585285
806	67	4	260	7	1789438871433313280	1789438871433314304	1789438871433314304	1789438871433315328	1789438871433317376	13005	1	3	1	42955800591957	42955800594399
807	67	8	260	7	1789438871433317376	1789438871433317376	1789438871433317376	1789438871433335808	1789438871433337856	13006	0	7	3	42955800599146	42955800646695
808	67	4	40	7	1789438871433337856	1789438871433337856	1789438871433337856	1789438871433338880	1789438871433340928	13006	0	3	1	42955800651480	42955800653861
809	67	8	40	7	1789438871433340928	1789438871433340928	1789438871433340928	1789438871433361408	1789438871433362432	13006	0	7	3	42955800658725	42955800710777
810	67	10	96	7	1789438871433363456	1789438871433405440	1789438871433405440	1789438871433407488	1789438871433408512	13006	4	11	1	42955800821622	42955800826428
811	67	13	96	7	1789438871433408512	1789438871433437184	1789438871433437184	1789438871433440256	1789438871433441280	13010	16	14	2	42955800902016	42955800909012
812	67	15	96	7	1789438871433441280	1789438871433498624	1789438871433498624	1789438871433500672	1789438871433501696	13026	4	18	1	42955801056621	42955801061386
813	67	22	224	7	1789438871433501696	1789438871433530368	1789438871433530368	1789438871433531392	1789438871433532416	13030	1	25	1	42955801136662	42955801138583
814	67	22	4	7	1789438871433532416	1789438871433532416	1789438871433533440	1789438871433533440	1789438871433534464	13031	0	25	1	42955801142779	42955801144075
815	67	20	38	7	1789438871433534464	1789438871433535488	1789438871433535488	1789438871433536512	1789438871433538560	13031	1	23	1	42955801149984	42955801152350
816	67	21	38	7	1789438871433538560	1789438871433538560	1789438871433538560	1789438871433539584	1789438871433540608	13032	0	24	1	42955801157056	42955801158684
817	67	23	480	7	1789438871433540608	1789438871433544704	1789438871433544704	1789438871433566208	1789438871433567232	13032	3	26	3	42955801173025	42955801225381
818	67	19	260	7	1789438871433567232	1789438871433568256	1789438871433568256	1789438871433569280	1789438871433571328	13035	1	22	1	42955801232037	42955801234524
819	67	23	260	7	1789438871433571328	1789438871433571328	1789438871433571328	1789438871433591808	1789438871433592832	13036	0	26	3	42955801239269	42955801289534
820	68	0	95	9	1789438871433244672	1789438871433244672	1789438871433244672	1789438871433246720	1789438871433247744	13036	0	0	0	42961563695605	42961563700679
821	68	7	223	9	1789438871433247744	1789438871433276416	1789438871433276416	1789438871433277440	1789438871433278464	13036	1	6	1	42961563775733	42961563777605
822	68	7	3	9	1789438871433278464	1789438871433279488	1789438871433279488	1789438871433279488	1789438871433280512	13037	0	6	1	42961563781909	42961563783334
823	68	5	37	9	1789438871433281536	1789438871433281536	1789438871433282560	1789438871433282560	1789438871433284608	13037	1	4	1	42961563789433	42961563791886
824	68	6	37	9	1789438871433284608	1789438871433284608	1789438871433284608	1789438871433285632	1789438871433286656	13038	0	5	1	42961563796566	42961563798282
825	68	8	479	9	1789438871433286656	1789438871433290752	1789438871433290752	1789438871433312256	1789438871433313280	13038	3	7	3	42961563811910	42961563864486
826	68	4	259	9	1789438871433313280	1789438871433314304	1789438871433314304	1789438871433315328	1789438871433317376	13041	1	3	1	42961563871637	42961563874116
827	68	8	259	9	1789438871433317376	1789438871433317376	1789438871433317376	1789438871433336832	1789438871433337856	13042	0	7	3	42961563879020	42961563927076
828	68	4	39	9	1789438871433338880	1789438871433338880	1789438871433338880	1789438871433339904	1789438871433340928	13042	0	3	1	42961563931956	42961563934410
829	68	8	39	9	1789438871433340928	1789438871433341952	1789438871433341952	1789438871433362432	1789438871433363456	13042	0	7	3	42961563939414	42961563991838
830	68	10	95	9	1789438871433364480	1789438871433405440	1789438871433405440	1789438871433407488	1789438871433408512	13042	4	11	1	42961564100580	42961564105615
831	68	13	95	9	1789438871433408512	1789438871433437184	1789438871433437184	1789438871433440256	1789438871433441280	13046	16	14	2	42961564180887	42961564188047
832	68	15	95	9	1789438871433441280	1789438871433498624	1789438871433498624	1789438871433500672	1789438871433501696	13062	4	18	1	42961564335622	42961564340561
833	68	22	223	9	1789438871433502720	1789438871433530368	1789438871433530368	1789438871433531392	1789438871433532416	13066	1	25	1	42961564415670	42961564417604
834	68	22	3	9	1789438871433533440	1789438871433533440	1789438871433533440	1789438871433533440	1789438871433534464	13067	0	25	1	42961564422027	42961564423354
835	68	20	37	9	1789438871433535488	1789438871433536512	1789438871433536512	1789438871433537536	1789438871433538560	13067	1	23	1	42961564429547	42961564432015
836	68	21	37	9	1789438871433538560	1789438871433538560	1789438871433538560	1789438871433539584	1789438871433540608	13068	0	24	1	42961564436847	42961564438512
837	68	23	479	9	1789438871433541632	1789438871433544704	1789438871433544704	1789438871433566208	1789438871433567232	13068	3	26	3	42961564451538	42961564504487
838	68	19	259	9	1789438871433567232	1789438871433568256	1789438871433568256	1789438871433569280	1789438871433571328	13071	1	22	1	42961564511457	42961564514006
839	68	23	259	9	1789438871433571328	1789438871433571328	1789438871433571328	1789438871433590784	1789438871433591808	13072	0	26	3	42961564518893	42961564566827
840	69	0	94	11	1789438871433244672	1789438871433244672	1789438871433244672	1789438871433246720	1789438871433248768	13072	0	0	0	42921751088644	42921751093900
841	69	7	222	11	1789438871433248768	1789438871433276416	1789438871433276416	1789438871433277440	1789438871433278464	13072	1	6	1	42921751168696	42921751170635
842	69	7	2	11	1789438871433278464	1789438871433279488	1789438871433279488	1789438871433279488	1789438871433281536	13073	0	6	1	42921751175041	42921751176488
843	69	5	36	11	1789438871433281536	1789438871433282560	1789438871433282560	1789438871433283584	1789438871433284608	13073	1	4	1	42921751182858	42921751185382
844	69	6	36	11	1789438871433284608	1789438871433284608	1789438871433284608	1789438871433285632	1789438871433286656	13074	0	5	1	42921751189694	42921751191659
845	69	8	478	11	1789438871433287680	1789438871433290752	1789438871433290752	1789438871433312256	1789438871433313280	13074	3	7	3	42921751204687	42921751257361
846	69	4	258	11	1789438871433313280	1789438871433314304	1789438871433314304	1789438871433315328	1789438871433317376	13077	1	3	1	42921751264547	42921751267074
847	69	8	258	11	1789438871433317376	1789438871433317376	1789438871433317376	1789438871433336832	1789438871433337856	13078	0	7	3	42921751271522	42921751318944
848	69	4	38	11	1789438871433337856	1789438871433337856	1789438871433337856	1789438871433338880	1789438871433340928	13078	0	3	1	42921751323959	42921751326494
849	69	8	38	11	1789438871433340928	1789438871433340928	1789438871433340928	1789438871433362432	1789438871433363456	13078	0	7	3	42921751331595	42921751384427
850	69	10	94	11	1789438871433364480	1789438871433405440	1789438871433405440	1789438871433407488	1789438871433408512	13078	4	11	1	42921751493387	42921751498508
851	69	13	94	11	1789438871433409536	1789438871433437184	1789438871433437184	1789438871433440256	1789438871433441280	13082	16	14	2	42921751573693	42921751581078
852	69	15	94	11	1789438871433442304	1789438871433498624	1789438871433498624	1789438871433500672	1789438871433502720	13098	4	18	1	42921751728402	42921751733608
853	69	22	222	11	1789438871433502720	1789438871433530368	1789438871433530368	1789438871433531392	1789438871433532416	13102	1	25	1	42921751808294	42921751810298
854	69	22	2	11	1789438871433533440	1789438871433533440	1789438871433533440	1789438871433533440	1789438871433535488	13103	0	25	1	42921751814829	42921751816231
855	69	20	36	11	1789438871433535488	1789438871433536512	1789438871433536512	1789438871433537536	1789438871433538560	13103	1	23	1	42921751822593	42921751825125
856	69	21	36	11	1789438871433538560	1789438871433539584	1789438871433539584	1789438871433539584	1789438871433541632	13104	0	24	1	42921751830107	42921751831851
857	69	23	478	11	1789438871433541632	1789438871433544704	1789438871433544704	1789438871433566208	1789438871433568256	13104	3	26	3	42921751844695	42921751897839
858	69	19	258	11	1789438871433568256	1789438871433569280	1789438871433569280	1789438871433570304	1789438871433571328	13107	1	22	1	42921751905041	42921751907577
859	69	23	258	11	1789438871433571328	1789438871433572352	1789438871433572352	1789438871433590784	1789438871433592832	13108	0	26	3	42921751912266	42921751960433
860	70	0	93	13	1789438871433244672	1789438871433244672	1789438871433244672	1789438871433246720	1789438871433248768	13108	0	0	0	42943321999804	42943322005011
861	70	7	221	13	1789438871433248768	1789438871433276416	1789438871433276416	1789438871433277440	1789438871433278464	13108	1	6	1	42943322079836	42943322081811
862	70	5	255	13	1789438871433279488	1789438871433279488	1789438871433279488	1789438871433280512	1789438871433282560	13109	1	4	1	42943322087992	42943322090529
863	70	6	255	13	1789438871433282560	1789438871433282560	1789438871433282560	1789438871433283584	1789438871433284608	13110	0	5	1	42943322095435	42943322097472
864	70	5	35	13	1789438871433285632	1789438871433285632	1789438871433285632	1789438871433286656	1789438871433287680	13110	0	4	1	42943322101836	42943322103857
865	70	6	35	13	1789438871433287680	1789438871433287680	1789438871433287680	1789438871433288704	1789438871433289728	13110	0	5	1	42943322108736	42943322110466
866	70	8	477	13	1789438871433290752	1789438871433290752	1789438871433291776	1789438871433312256	1789438871433314304	13110	3	7	3	42943322116884	42943322169762
867	70	4	257	13	1789438871433314304	1789438871433315328	1789438871433315328	1789438871433316352	1789438871433318400	13113	1	3	1	42943322176875	42943322179435
868	70	8	257	13	1789438871433318400	1789438871433318400	1789438871433318400	1789438871433337856	1789438871433339904	13114	0	7	3	42943322184334	42943322234380
869	70	4	37	13	1789438871433339904	1789438871433339904	1789438871433339904	1789438871433340928	1789438871433342976	13114	0	3	1	42943322239421	42943322241974
870	70	8	37	13	1789438871433342976	1789438871433342976	1789438871433342976	1789438871433364480	1789438871433365504	13114	0	7	3	42943322247173	42943322299956
871	70	10	93	13	1789438871433365504	1789438871433404416	1789438871433404416	1789438871433406464	1789438871433408512	13114	4	11	1	42943322402220	42943322407459
872	70	13	93	13	1789438871433408512	1789438871433437184	1789438871433437184	1789438871433440256	1789438871433442304	13118	16	14	2	42943322484987	42943322492284
873	70	15	93	13	1789438871433442304	1789438871433498624	1789438871433498624	1789438871433500672	1789438871433501696	13134	4	18	1	42943322639586	42943322644655
874	70	22	221	13	1789438871433502720	1789438871433530368	1789438871433530368	1789438871433531392	1789438871433532416	13138	1	25	1	42943322719516	42943322721445
875	70	20	255	13	1789438871433532416	1789438871433533440	1789438871433533440	1789438871433534464	1789438871433536512	13139	1	23	1	42943322727519	42943322730072
876	70	21	255	13	1789438871433536512	1789438871433536512	1789438871433536512	1789438871433537536	1789438871433538560	13140	0	24	1	42943322735013	42943322737034
877	70	20	35	13	1789438871433539584	1789438871433539584	1789438871433539584	1789438871433540608	1789438871433541632	13140	0	23	1	42943322741503	42943322743785
878	70	21	35	13	1789438871433541632	1789438871433541632	1789438871433541632	1789438871433542656	1789438871433543680	13140	0	24	1	42943322748520	42943322750258
879	70	23	477	13	1789438871433544704	1789438871433544704	1789438871433545728	1789438871433566208	1789438871433568256	13140	3	26	3	42943322756524	42943322809527
880	71	0	92	15	1789438871433244672	1789438871433244672	1789438871433244672	1789438871433246720	1789438871433247744	13143	0	0	0	42953061576040	42953061581145
881	71	7	220	15	1789438871433248768	1789438871433276416	1789438871433276416	1789438871433277440	1789438871433278464	13143	1	6	1	42953061656176	42953061658093
882	71	5	254	15	1789438871433278464	1789438871433279488	1789438871433279488	1789438871433280512	1789438871433282560	13144	1	4	1	42953061664066	42953061666520
883	71	6	254	15	1789438871433282560	1789438871433282560	1789438871433282560	1789438871433283584	1789438871433284608	13145	0	5	1	42953061671273	42953061673240
884	71	5	34	15	1789438871433284608	1789438871433284608	1789438871433284608	1789438871433285632	1789438871433287680	13145	0	4	1	42953061677377	42953061679372
885	71	6	34	15	1789438871433287680	1789438871433287680	1789438871433287680	1789438871433288704	1789438871433289728	13145	0	5	1	42953061684139	42953061685797
886	71	8	476	15	1789438871433289728	1789438871433290752	1789438871433290752	1789438871433311232	1789438871433313280	13145	3	7	3	42953061691954	42953061744321
887	71	4	256	15	1789438871433313280	1789438871433314304	1789438871433314304	1789438871433315328	1789438871433317376	13148	1	3	1	42953061751286	42953061753860
888	71	8	256	15	1789438871433317376	1789438871433317376	1789438871433317376	1789438871433336832	1789438871433337856	13149	0	7	3	42953061758747	42953061806618
889	71	4	36	15	1789438871433337856	1789438871433337856	1789438871433337856	1789438871433338880	1789438871433340928	13149	0	3	1	42953061811528	42953061813999
890	71	8	36	15	1789438871433340928	1789438871433340928	1789438871433340928	1789438871433362432	1789438871433363456	13149	0	7	3	42953061819086	42953061871766
891	71	10	92	15	1789438871433363456	1789438871433405440	1789438871433405440	1789438871433407488	1789438871433408512	13149	4	11	1	42953061980922	42953061986068
892	71	13	92	15	1789438871433409536	1789438871433437184	1789438871433437184	1789438871433440256	1789438871433441280	13153	16	14	2	42953062061287	42953062068427
893	71	15	92	15	1789438871433442304	1789438871433498624	1789438871433498624	1789438871433500672	1789438871433501696	13169	4	18	1	42953062215909	42953062220854
894	71	22	220	15	1789438871433502720	1789438871433530368	1789438871433530368	1789438871433531392	1789438871433532416	13173	1	25	1	42953062295838	42953062297707
895	71	20	254	15	1789438871433532416	1789438871433533440	1789438871433533440	1789438871433534464	1789438871433536512	13174	1	23	1	42953062303570	42953062306041
896	71	21	254	15	1789438871433536512	1789438871433536512	1789438871433536512	1789438871433537536	1789438871433538560	13175	0	24	1	42953062310832	42953062312803
897	71	20	34	15	1789438871433538560	1789438871433538560	1789438871433538560	1789438871433539584	1789438871433541632	13175	0	23	1	42953062317136	42953062319348
898	71	21	34	15	1789438871433541632	1789438871433541632	1789438871433541632	1789438871433542656	1789438871433543680	13175	0	24	1	42953062323944	42953062325653
899	71	23	476	15	1789438871433543680	1789438871433544704	1789438871433544704	1789438871433566208	1789438871433567232	13175	3	26	3	42953062331677	42953062384474
900	72	0	91	17	1789438871433244672	1789438871433244672	1789438871433244672	1789438871433246720	1789438871433247744	13178	0	0	0	42910819616606	42910819621633
901	72	7	219	17	1789438871433247744	1789438871433276416	1789438871433276416	1789438871433277440	1789438871433278464	13178	1	6	1	42910819696624	42910819698391
902	72	5	253	17	1789438871433278464	1789438871433279488	1789438871433279488	1789438871433280512	1789438871433281536	13179	1	4	1	42910819703839	42910819706234
903	72	6	253	17	1789438871433281536	1789438871433281536	1789438871433282560	1789438871433282560	1789438871433283584	13180	0	5	1	42910819710520	42910819712427
904	72	5	33	17	1789438871433284608	1789438871433284608	1789438871433284608	1789438871433285632	1789438871433286656	13180	0	4	1	42910819716386	42910819718322
905	72	6	33	17	1789438871433286656	1789438871433286656	1789438871433286656	1789438871433287680	1789438871433288704	13180	0	5	1	42910819722888	42910819724503
906	72	8	475	17	1789438871433288704	1789438871433290752	1789438871433290752	1789438871433312256	1789438871433313280	13180	3	7	3	42910819732857	42910819784977
907	72	4	255	17	1789438871433313280	1789438871433314304	1789438871433314304	1789438871433315328	1789438871433317376	13183	1	3	1	42910819791699	42910819794101
908	72	8	255	17	1789438871433317376	1789438871433317376	1789438871433317376	1789438871433336832	1789438871433338880	13184	0	7	3	42910819798755	42910819848426
909	72	4	35	17	1789438871433338880	1789438871433338880	1789438871433338880	1789438871433339904	1789438871433340928	13184	0	3	1	42910819853174	42910819855594
910	72	8	35	17	1789438871433341952	1789438871433341952	1789438871433341952	1789438871433362432	1789438871433363456	13184	0	7	3	42910819860406	42910819912490
911	72	10	91	17	1789438871433363456	1789438871433405440	1789438871433405440	1789438871433407488	1789438871433408512	13184	4	11	1	42910820021299	42910820026151
912	72	13	91	17	1789438871433408512	1789438871433437184	1789438871433437184	1789438871433440256	1789438871433441280	13188	16	14	2	42910820101588	42910820108530
913	72	15	91	17	1789438871433441280	1789438871433498624	1789438871433498624	1789438871433500672	1789438871433501696	13204	4	18	1	42910820256219	42910820260944
914	72	22	219	17	1789438871433501696	1789438871433530368	1789438871433530368	1789438871433531392	1789438871433532416	13208	1	25	1	42910820336095	42910820338041
915	72	20	253	17	1789438871433532416	1789438871433533440	1789438871433533440	1789438871433534464	1789438871433535488	13209	1	23	1	42910820343636	42910820346033
916	72	21	253	17	1789438871433536512	1789438871433536512	1789438871433536512	1789438871433536512	1789438871433538560	13210	0	24	1	42910820350555	42910820352449
917	72	20	33	17	1789438871433538560	1789438871433538560	1789438871433538560	1789438871433539584	1789438871433540608	13210	0	23	1	42910820356554	42910820358723
918	72	21	33	17	1789438871433540608	1789438871433541632	1789438871433541632	1789438871433541632	1789438871433542656	13210	0	24	1	42910820363149	42910820364789
919	72	23	475	17	1789438871433543680	1789438871433544704	1789438871433544704	1789438871433565184	1789438871433567232	13210	3	26	3	42910820372252	42910820424080
920	73	0	90	19	1789438871433244672	1789438871433244672	1789438871433244672	1789438871433246720	1789438871433247744	13213	0	0	0	42944198504034	42944198508874
921	73	7	218	19	1789438871433247744	1789438871433276416	1789438871433276416	1789438871433277440	1789438871433278464	13213	1	6	1	42944198584066	42944198585864
922	73	5	252	19	1789438871433278464	1789438871433279488	1789438871433279488	1789438871433280512	1789438871433281536	13214	1	4	1	42944198591280	42944198593589
923	73	6	252	19	1789438871433281536	1789438871433281536	1789438871433281536	1789438871433282560	1789438871433283584	13215	0	5	1	42944198597835	42944198599690
924	73	5	32	19	1789438871433283584	1789438871433284608	1789438871433284608	1789438871433284608	1789438871433286656	13215	0	4	1	42944198603537	42944198605439
925	73	6	32	19	1789438871433286656	1789438871433286656	1789438871433286656	1789438871433287680	1789438871433288704	13215	0	5	1	42944198609796	42944198611391
926	73	8	474	19	1789438871433288704	1789438871433290752	1789438871433290752	1789438871433312256	1789438871433313280	13215	3	7	3	42944198620225	42944198672718
927	73	4	254	19	1789438871433313280	1789438871433314304	1789438871433314304	1789438871433315328	1789438871433316352	13218	1	3	1	42944198679114	42944198681571
928	73	8	254	19	1789438871433316352	1789438871433317376	1789438871433317376	1789438871433335808	1789438871433337856	13219	0	7	3	42944198685955	42944198734305
929	73	4	34	19	1789438871433337856	1789438871433337856	1789438871433337856	1789438871433338880	1789438871433339904	13219	0	3	1	42944198738871	42944198741182
930	73	8	34	19	1789438871433340928	1789438871433340928	1789438871433340928	1789438871433361408	1789438871433362432	13219	0	7	3	42944198745641	42944198797947
931	73	10	90	19	1789438871433363456	1789438871433405440	1789438871433405440	1789438871433407488	1789438871433408512	13219	4	11	1	42944198908902	42944198913593
932	73	13	90	19	1789438871433408512	1789438871433437184	1789438871433437184	1789438871433440256	1789438871433441280	13223	16	14	2	42944198989122	42944198995811
933	73	15	90	19	1789438871433441280	1789438871433498624	1789438871433498624	1789438871433500672	1789438871433501696	13239	4	18	1	42944199143837	42944199148442
934	73	22	218	19	1789438871433501696	1789438871433530368	1789438871433530368	1789438871433531392	1789438871433532416	13243	1	25	1	42944199223675	42944199225514
935	73	20	252	19	1789438871433532416	1789438871433533440	1789438871433533440	1789438871433534464	1789438871433535488	13244	1	23	1	42944199231025	42944199233375
936	73	21	252	19	1789438871433535488	1789438871433535488	1789438871433535488	1789438871433536512	1789438871433537536	13245	0	24	1	42944199237601	42944199239464
937	73	20	32	19	1789438871433538560	1789438871433538560	1789438871433538560	1789438871433539584	1789438871433540608	13245	0	23	1	42944199243405	42944199245506
938	73	21	32	19	1789438871433540608	1789438871433540608	1789438871433540608	1789438871433541632	1789438871433542656	13245	0	24	1	42944199249785	42944199251437
939	73	23	474	19	1789438871433542656	1789438871433544704	1789438871433544704	1789438871433566208	1789438871433567232	13245	3	26	3	42944199259815	42944199312342
940	74	0	89	21	1789438871433244672	1789438871433244672	1789438871433244672	1789438871433246720	1789438871433247744	13248	0	0	0	42952127201737	42952127206845
941	74	7	217	21	1789438871433247744	1789438871433276416	1789438871433276416	1789438871433277440	1789438871433278464	13248	1	6	1	42952127281744	42952127283612
942	74	5	251	21	1789438871433278464	1789438871433279488	1789438871433279488	1789438871433280512	1789438871433281536	13249	1	4	1	42952127289203	42952127291596
943	74	6	251	21	1789438871433281536	1789438871433282560	1789438871433282560	1789438871433282560	1789438871433284608	13250	0	5	1	42952127295890	42952127297826
944	74	5	31	21	1789438871433284608	1789438871433284608	1789438871433284608	1789438871433285632	1789438871433286656	13250	0	4	1	42952127302032	42952127303998
945	74	6	31	21	1789438871433286656	1789438871433286656	1789438871433287680	1789438871433287680	1789438871433288704	13250	0	5	1	42952127308583	42952127310228
946	74	8	473	21	1789438871433289728	1789438871433290752	1789438871433290752	1789438871433311232	1789438871433313280	13250	3	7	3	42952127318069	42952127370146
947	74	4	253	21	1789438871433313280	1789438871433314304	1789438871433314304	1789438871433315328	1789438871433317376	13253	1	3	1	42952127376905	42952127379327
948	74	8	253	21	1789438871433317376	1789438871433317376	1789438871433317376	1789438871433336832	1789438871433337856	13254	0	7	3	42952127384053	42952127432363
949	74	4	33	21	1789438871433337856	1789438871433337856	1789438871433337856	1789438871433338880	1789438871433340928	13254	0	3	1	42952127437115	42952127439529
950	74	8	33	21	1789438871433340928	1789438871433340928	1789438871433340928	1789438871433362432	1789438871433363456	13254	0	7	3	42952127444385	42952127496954
951	74	10	89	21	1789438871433363456	1789438871433405440	1789438871433405440	1789438871433407488	1789438871433408512	13254	4	11	1	42952127606584	42952127611522
952	74	13	89	21	1789438871433408512	1789438871433437184	1789438871433437184	1789438871433440256	1789438871433441280	13258	16	14	2	42952127686852	42952127693804
953	74	15	89	21	1789438871433441280	1789438871433498624	1789438871433498624	1789438871433500672	1789438871433501696	13274	4	18	1	42952127841559	42952127846304
954	74	22	217	21	1789438871433501696	1789438871433530368	1789438871433530368	1789438871433531392	1789438871433532416	13278	1	25	1	42952127921426	42952127923332
955	74	20	251	21	1789438871433532416	1789438871433533440	1789438871433533440	1789438871433534464	1789438871433535488	13279	1	23	1	42952127928923	42952127931354
956	74	21	251	21	1789438871433536512	1789438871433536512	1789438871433536512	1789438871433537536	1789438871433538560	13280	0	24	1	42952127936003	42952127937951
957	74	20	31	21	1789438871433538560	1789438871433538560	1789438871433538560	1789438871433539584	1789438871433540608	13280	0	23	1	42952127942108	42952127944306
958	74	21	31	21	1789438871433541632	1789438871433541632	1789438871433541632	1789438871433541632	1789438871433543680	13280	0	24	1	42952127948773	42952127950451
959	74	23	473	21	1789438871433543680	1789438871433544704	1789438871433544704	1789438871433566208	1789438871433567232	13280	3	26	3	42952127957841	42952128010424
960	75	0	88	23	1789438871433244672	1789438871433244672	1789438871433244672	1789438871433246720	1789438871433247744	13283	0	0	0	42945873243490	42945873248667
961	75	7	216	23	1789438871433248768	1789438871433276416	1789438871433276416	1789438871433277440	1789438871433278464	13283	1	6	1	42945873323589	42945873325462
962	75	5	250	23	1789438871433278464	1789438871433279488	1789438871433279488	1789438871433280512	1789438871433282560	13284	1	4	1	42945873331263	42945873333746
963	75	6	250	23	1789438871433282560	1789438871433282560	1789438871433282560	1789438871433283584	1789438871433284608	13285	0	5	1	42945873338481	42945873340440
964	75	5	30	23	1789438871433284608	1789438871433284608	1789438871433284608	1789438871433285632	1789438871433287680	13285	0	4	1	42945873344774	42945873346770
965	75	6	30	23	1789438871433287680	1789438871433287680	1789438871433287680	1789438871433288704	1789438871433289728	13285	0	5	1	42945873351484	42945873353190
966	75	8	472	23	1789438871433289728	1789438871433290752	1789438871433290752	1789438871433311232	1789438871433313280	13285	3	7	3	42945873359189	42945873411458
967	75	4	252	23	1789438871433313280	1789438871433314304	1789438871433314304	1789438871433315328	1789438871433317376	13288	1	3	1	42945873418619	42945873421162
968	75	8	252	23	1789438871433317376	1789438871433317376	1789438871433317376	1789438871433336832	1789438871433338880	13289	0	7	3	42945873425956	42945873475699
969	75	4	32	23	1789438871433338880	1789438871433338880	1789438871433338880	1789438871433339904	1789438871433341952	13289	0	3	1	42945873480618	42945873483067
970	75	8	32	23	1789438871433341952	1789438871433341952	1789438871433341952	1789438871433363456	1789438871433364480	13289	0	7	3	42945873488137	42945873540926
971	75	10	88	23	1789438871433364480	1789438871433405440	1789438871433405440	1789438871433407488	1789438871433408512	13289	4	11	1	42945873648203	42945873653282
972	75	13	88	23	1789438871433408512	1789438871433437184	1789438871433437184	1789438871433440256	1789438871433441280	13293	16	14	2	42945873728534	42945873735694
973	75	15	88	23	1789438871433442304	1789438871433498624	1789438871433498624	1789438871433500672	1789438871433501696	13309	4	18	1	42945873883173	42945873888042
974	75	22	216	23	1789438871433501696	1789438871433530368	1789438871433530368	1789438871433531392	1789438871433532416	13313	1	25	1	42945873963083	42945873964997
975	75	20	250	23	1789438871433532416	1789438871433533440	1789438871433533440	1789438871433534464	1789438871433536512	13314	1	23	1	42945873970852	42945873973349
976	75	21	250	23	1789438871433536512	1789438871433536512	1789438871433536512	1789438871433537536	1789438871433538560	13315	0	24	1	42945873978132	42945873980115
977	75	20	30	23	1789438871433538560	1789438871433538560	1789438871433538560	1789438871433539584	1789438871433541632	13315	0	23	1	42945873984421	42945873986653
978	75	21	30	23	1789438871433541632	1789438871433541632	1789438871433541632	1789438871433542656	1789438871433543680	13315	0	24	1	42945873991282	42945873993006
979	75	23	472	23	1789438871433543680	1789438871433544704	1789438871433544704	1789438871433566208	1789438871433567232	13315	3	26	3	42945873998971	42945874051621
980	76	0	87	25	1789438871433244672	1789438871433244672	1789438871433244672	1789438871433246720	1789438871433247744	13318	0	0	0	42964216851023	42964216856181
981	76	7	215	25	1789438871433248768	1789438871433276416	1789438871433276416	1789438871433277440	1789438871433278464	13318	1	6	1	42964216930989	42964216932951
982	76	5	249	25	1789438871433278464	1789438871433279488	1789438871433279488	1789438871433280512	1789438871433282560	13319	1	4	1	42964216938664	42964216941137
983	76	6	249	25	1789438871433282560	1789438871433282560	1789438871433282560	1789438871433283584	1789438871433284608	13320	0	5	1	42964216945950	42964216947934
984	76	5	29	25	1789438871433284608	1789438871433284608	1789438871433284608	1789438871433285632	1789438871433287680	13320	0	4	1	42964216952316	42964216954302
985	76	6	29	25	1789438871433287680	1789438871433287680	1789438871433287680	1789438871433288704	1789438871433289728	13320	0	5	1	42964216959219	42964216960893
986	76	8	471	25	1789438871433289728	1789438871433290752	1789438871433290752	1789438871433312256	1789438871433313280	13320	3	7	3	42964216967019	42964217019810
987	76	4	251	25	1789438871433313280	1789438871433314304	1789438871433314304	1789438871433315328	1789438871433317376	13323	1	3	1	42964217027062	42964217029560
988	76	8	251	25	1789438871433317376	1789438871433317376	1789438871433317376	1789438871433336832	1789438871433338880	13324	0	7	3	42964217034440	42964217083009
989	76	4	31	25	1789438871433338880	1789438871433338880	1789438871433338880	1789438871433339904	1789438871433341952	13324	0	3	1	42964217087922	42964217090375
990	76	8	31	25	1789438871433341952	1789438871433341952	1789438871433341952	1789438871433362432	1789438871433364480	13324	0	7	3	42964217095355	42964217147977
991	76	10	87	25	1789438871433364480	1789438871433405440	1789438871433405440	1789438871433407488	1789438871433408512	13324	4	11	1	42964217255847	42964217260871
992	76	13	87	25	1789438871433408512	1789438871433437184	1789438871433437184	1789438871433440256	1789438871433441280	13328	16	14	2	42964217336126	42964217343295
993	76	15	87	25	1789438871433442304	1789438871433498624	1789438871433498624	1789438871433500672	1789438871433501696	13344	4	18	1	42964217490800	42964217495733
994	76	22	215	25	1789438871433501696	1789438871433530368	1789438871433530368	1789438871433531392	1789438871433532416	13348	1	25	1	42964217570771	42964217572637
995	76	20	249	25	1789438871433532416	1789438871433533440	1789438871433533440	1789438871433534464	1789438871433536512	13349	1	23	1	42964217578498	42964217581006
996	76	21	249	25	1789438871433536512	1789438871433536512	1789438871433536512	1789438871433537536	1789438871433538560	13350	0	24	1	42964217585814	42964217587779
997	76	20	29	25	1789438871433538560	1789438871433538560	1789438871433538560	1789438871433539584	1789438871433541632	13350	0	23	1	42964217592150	42964217594415
998	76	21	29	25	1789438871433541632	1789438871433541632	1789438871433541632	1789438871433542656	1789438871433543680	13350	0	24	1	42964217599007	42964217600690
999	76	23	471	25	1789438871433543680	1789438871433544704	1789438871433544704	1789438871433565184	1789438871433567232	13350	3	26	3	42964217606802	42964217659132
1000	77	0	86	27	1789438871433244672	1789438871433244672	1789438871433244672	1789438871433246720	1789438871433247744	13353	0	0	0	42948816629088	42948816633991
1001	77	7	214	27	1789438871433247744	1789438871433276416	1789438871433276416	1789438871433277440	1789438871433278464	13353	1	6	1	42948816709080	42948816710989
1002	77	5	248	27	1789438871433278464	1789438871433279488	1789438871433279488	1789438871433280512	1789438871433281536	13354	1	4	1	42948816716358	42948816718785
1003	77	6	248	27	1789438871433281536	1789438871433282560	1789438871433282560	1789438871433282560	1789438871433284608	13355	0	5	1	42948816723167	42948816725062
1004	77	5	28	27	1789438871433284608	1789438871433284608	1789438871433284608	1789438871433285632	1789438871433286656	13355	0	4	1	42948816729321	42948816731274
1005	77	6	28	27	1789438871433286656	1789438871433286656	1789438871433286656	1789438871433287680	1789438871433288704	13355	0	5	1	42948816735773	42948816737407
1006	77	8	470	27	1789438871433289728	1789438871433290752	1789438871433290752	1789438871433311232	1789438871433313280	13355	3	7	3	42948816745472	42948816797329
1007	77	4	250	27	1789438871433313280	1789438871433314304	1789438871433314304	1789438871433315328	1789438871433316352	13358	1	3	1	42948816804019	42948816806474
1008	77	8	250	27	1789438871433317376	1789438871433317376	1789438871433317376	1789438871433336832	1789438871433338880	13359	0	7	3	42948816811180	42948816860981
1009	77	4	30	27	1789438871433338880	1789438871433338880	1789438871433338880	1789438871433339904	1789438871433340928	13359	0	3	1	42948816865711	42948816868105
1010	77	8	30	27	1789438871433341952	1789438871433341952	1789438871433341952	1789438871433362432	1789438871433363456	13359	0	7	3	42948816872901	42948816925195
1011	77	10	86	27	1789438871433363456	1789438871433405440	1789438871433405440	1789438871433407488	1789438871433408512	13359	4	11	1	42948817033957	42948817038758
1012	77	13	86	27	1789438871433408512	1789438871433437184	1789438871433437184	1789438871433440256	1789438871433441280	13363	16	14	2	42948817114247	42948817121148
1013	77	15	86	27	1789438871433441280	1789438871433498624	1789438871433498624	1789438871433500672	1789438871433501696	13379	4	18	1	42948817268885	42948817273670
1014	77	22	214	27	1789438871433501696	1789438871433530368	1789438871433530368	1789438871433531392	1789438871433532416	13383	1	25	1	42948817348864	42948817350701
1015	77	20	248	27	1789438871433532416	1789438871433533440	1789438871433533440	1789438871433534464	1789438871433535488	13384	1	23	1	42948817356357	42948817358799
1016	77	21	248	27	1789438871433536512	1789438871433536512	1789438871433536512	1789438871433537536	1789438871433538560	13385	0	24	1	42948817363490	42948817365375
1017	77	20	28	27	1789438871433538560	1789438871433538560	1789438871433538560	1789438871433539584	1789438871433540608	13385	0	23	1	42948817369597	42948817371786
1018	77	21	28	27	1789438871433541632	1789438871433541632	1789438871433541632	1789438871433541632	1789438871433543680	13385	0	24	1	42948817376216	42948817377847
1019	77	23	470	27	1789438871433543680	1789438871433544704	1789438871433544704	1789438871433566208	1789438871433567232	13385	3	26	3	42948817385186	42948817437526
1020	78	0	85	29	1789438871433244672	1789438871433244672	1789438871433244672	1789438871433246720	1789438871433247744	13388	0	0	0	42955800416674	42955800421421
1021	78	7	213	29	1789438871433247744	1789438871433276416	1789438871433276416	1789438871433277440	1789438871433278464	13388	1	6	1	42955800496612	42955800498477
1022	78	5	247	29	1789438871433278464	1789438871433279488	1789438871433279488	1789438871433280512	1789438871433281536	13389	1	4	1	42955800504027	42955800506391
1023	78	6	247	29	1789438871433281536	1789438871433282560	1789438871433282560	1789438871433282560	1789438871433284608	13390	0	5	1	42955800510891	42955800512742
1024	78	5	27	29	1789438871433284608	1789438871433284608	1789438871433284608	1789438871433285632	1789438871433286656	13390	0	4	1	42955800516852	42955800518725
1025	78	6	27	29	1789438871433286656	1789438871433286656	1789438871433286656	1789438871433287680	1789438871433288704	13390	0	5	1	42955800523213	42955800524774
1026	78	8	469	29	1789438871433288704	1789438871433290752	1789438871433290752	1789438871433312256	1789438871433313280	13390	3	7	3	42955800533066	42955800585351
1027	78	4	249	29	1789438871433313280	1789438871433314304	1789438871433314304	1789438871433315328	1789438871433316352	13393	1	3	1	42955800591929	42955800594314
1028	78	8	249	29	1789438871433317376	1789438871433317376	1789438871433317376	1789438871433336832	1789438871433337856	13394	0	7	3	42955800598883	42955800648389
1029	78	4	29	29	1789438871433338880	1789438871433338880	1789438871433338880	1789438871433339904	1789438871433340928	13394	0	3	1	42955800652982	42955800655306
1030	78	8	29	29	1789438871433340928	1789438871433340928	1789438871433341952	1789438871433362432	1789438871433363456	13394	0	7	3	42955800660050	42955800712187
1031	78	10	85	29	1789438871433363456	1789438871433405440	1789438871433405440	1789438871433407488	1789438871433408512	13394	4	11	1	42955800821566	42955800826256
1032	78	13	85	29	1789438871433408512	1789438871433437184	1789438871433437184	1789438871433440256	1789438871433441280	13398	16	14	2	42955800901790	42955800908336
1033	78	15	85	29	1789438871433441280	1789438871433498624	1789438871433498624	1789438871433500672	1789438871433501696	13414	4	18	1	42955801056462	42955801061144
1034	78	22	213	29	1789438871433501696	1789438871433530368	1789438871433530368	1789438871433531392	1789438871433532416	13418	1	25	1	42955801136432	42955801138260
1035	78	20	247	29	1789438871433532416	1789438871433533440	1789438871433533440	1789438871433534464	1789438871433535488	13419	1	23	1	42955801143900	42955801146262
1036	78	21	247	29	1789438871433535488	1789438871433536512	1789438871433536512	1789438871433536512	1789438871433538560	13420	0	24	1	42955801150747	42955801152597
1037	78	20	27	29	1789438871433538560	1789438871433538560	1789438871433538560	1789438871433539584	1789438871433540608	13420	0	23	1	42955801156709	42955801158784
1038	78	21	27	29	1789438871433540608	1789438871433540608	1789438871433540608	1789438871433541632	1789438871433542656	13420	0	24	1	42955801163132	42955801164683
1039	78	23	469	29	1789438871433542656	1789438871433544704	1789438871433544704	1789438871433565184	1789438871433567232	13420	3	26	3	42955801172853	42955801224831
1040	79	0	84	31	1789438871433244672	1789438871433244672	1789438871433244672	1789438871433246720	1789438871433247744	13423	0	0	0	42961563695582	42961563700446
1041	79	7	212	31	1789438871433247744	1789438871433276416	1789438871433276416	1789438871433277440	1789438871433278464	13423	1	6	1	42961563775622	42961563777525
1042	79	5	246	31	1789438871433278464	1789438871433279488	1789438871433279488	1789438871433280512	1789438871433281536	13424	1	4	1	42961563783097	42961563785519
1043	79	6	246	31	1789438871433282560	1789438871433282560	1789438871433282560	1789438871433283584	1789438871433284608	13425	0	5	1	42961563790235	42961563792117
1044	79	5	26	31	1789438871433284608	1789438871433284608	1789438871433284608	1789438871433285632	1789438871433286656	13425	0	4	1	42961563796361	42961563798290
1045	79	6	26	31	1789438871433287680	1789438871433287680	1789438871433287680	1789438871433287680	1789438871433289728	13425	0	5	1	42961563802965	42961563804570
1046	79	8	468	31	1789438871433289728	1789438871433290752	1789438871433290752	1789438871433312256	1789438871433313280	13425	3	7	3	42961563811986	42961563864471
1047	79	4	248	31	1789438871433313280	1789438871433314304	1789438871433314304	1789438871433315328	1789438871433317376	13428	1	3	1	42961563871288	42961563873749
1048	79	8	248	31	1789438871433317376	1789438871433317376	1789438871433317376	1789438871433336832	1789438871433338880	13429	0	7	3	42961563878463	42961563928096
1049	79	4	28	31	1789438871433338880	1789438871433338880	1789438871433338880	1789438871433339904	1789438871433341952	13429	0	3	1	42961563932845	42961563935244
1050	79	8	28	31	1789438871433341952	1789438871433341952	1789438871433341952	1789438871433362432	1789438871433364480	13429	0	7	3	42961563940100	42961563992417
1051	79	10	84	31	1789438871433364480	1789438871433405440	1789438871433405440	1789438871433407488	1789438871433408512	13429	4	11	1	42961564100532	42961564105435
1052	79	13	84	31	1789438871433408512	1789438871433437184	1789438871433437184	1789438871433440256	1789438871433441280	13433	16	14	2	42961564180777	42961564187635
1053	79	15	84	31	1789438871433441280	1789438871433498624	1789438871433498624	1789438871433500672	1789438871433501696	13449	4	18	1	42961564335450	42961564340293
1054	79	22	212	31	1789438871433501696	1789438871433530368	1789438871433530368	1789438871433531392	1789438871433532416	13453	1	25	1	42961564415380	42961564417274
1055	79	20	246	31	1789438871433532416	1789438871433533440	1789438871433533440	1789438871433534464	1789438871433535488	13454	1	23	1	42961564422956	42961564425377
1056	79	21	246	31	1789438871433536512	1789438871433536512	1789438871433536512	1789438871433537536	1789438871433538560	13455	0	24	1	42961564430051	42961564431948
1057	79	20	26	31	1789438871433538560	1789438871433538560	1789438871433538560	1789438871433539584	1789438871433540608	13455	0	23	1	42961564436180	42961564438350
1058	79	21	26	31	1789438871433541632	1789438871433541632	1789438871433541632	1789438871433541632	1789438871433543680	13455	0	24	1	42961564442842	42961564444441
1059	79	23	468	31	1789438871433543680	1789438871433544704	1789438871433544704	1789438871433566208	1789438871433567232	13455	3	26	3	42961564451749	42961564504114
1060	80	0	83	33	1789438871433244672	1789438871433244672	1789438871433244672	1789438871433246720	1789438871433247744	13458	0	0	0	42921751088680	42921751093818
1061	80	7	211	33	1789438871433248768	1789438871433276416	1789438871433276416	1789438871433277440	1789438871433278464	13458	1	6	1	42921751168581	42921751170534
1062	80	5	245	33	1789438871433278464	1789438871433279488	1789438871433279488	1789438871433280512	1789438871433282560	13459	1	4	1	42921751176274	42921751178770
1063	80	6	245	33	1789438871433282560	1789438871433282560	1789438871433282560	1789438871433283584	1789438871433284608	13460	0	5	1	42921751183605	42921751185558
1064	80	5	25	33	1789438871433284608	1789438871433284608	1789438871433284608	1789438871433285632	1789438871433287680	13460	0	4	1	42921751189920	42921751191906
1065	80	6	25	33	1789438871433287680	1789438871433287680	1789438871433287680	1789438871433288704	1789438871433289728	13460	0	5	1	42921751196708	42921751198377
1066	80	8	467	33	1789438871433289728	1789438871433290752	1789438871433290752	1789438871433312256	1789438871433313280	13460	3	7	3	42921751204484	42921751257312
1067	80	4	247	33	1789438871433313280	1789438871433314304	1789438871433314304	1789438871433315328	1789438871433317376	13463	1	3	1	42921751264261	42921751266758
1068	80	8	247	33	1789438871433317376	1789438871433317376	1789438871433317376	1789438871433336832	1789438871433338880	13464	0	7	3	42921751271651	42921751320419
1069	80	4	27	33	1789438871433338880	1789438871433338880	1789438871433338880	1789438871433339904	1789438871433341952	13464	0	3	1	42921751325309	42921751327773
1070	80	8	27	33	1789438871433341952	1789438871433341952	1789438871433341952	1789438871433362432	1789438871433364480	13464	0	7	3	42921751332773	42921751385356
1071	80	10	83	33	1789438871433364480	1789438871433405440	1789438871433405440	1789438871433407488	1789438871433408512	13464	4	11	1	42921751493346	42921751498365
1072	80	13	83	33	1789438871433408512	1789438871433437184	1789438871433437184	1789438871433440256	1789438871433441280	13468	16	14	2	42921751573537	42921751580636
1073	80	15	83	33	1789438871433441280	1789438871433498624	1789438871433498624	1789438871433500672	1789438871433501696	13484	4	18	1	42921751728234	42921751733213
1074	80	22	211	33	1789438871433501696	1789438871433530368	1789438871433530368	1789438871433531392	1789438871433532416	13488	1	25	1	42921751808215	42921751810092
1075	80	20	245	33	1789438871433532416	1789438871433533440	1789438871433533440	1789438871433534464	1789438871433536512	13489	1	23	1	42921751815877	42921751818371
1076	80	21	245	33	1789438871433536512	1789438871433536512	1789438871433536512	1789438871433537536	1789438871433538560	13490	0	24	1	42921751823188	42921751825160
1077	80	20	25	33	1789438871433538560	1789438871433538560	1789438871433538560	1789438871433539584	1789438871433541632	13490	0	23	1	42921751829520	42921751831749
1078	80	21	25	33	1789438871433541632	1789438871433541632	1789438871433541632	1789438871433542656	1789438871433543680	13490	0	24	1	42921751836315	42921751837963
1079	80	23	467	33	1789438871433543680	1789438871433545728	1789438871433545728	1789438871433567232	1789438871433568256	13490	3	26	3	42921751847134	42921751899577
1080	81	0	82	35	1789438871433244672	1789438871433244672	1789438871433244672	1789438871433246720	1789438871433247744	13493	0	0	0	42943321999827	42943322004919
1081	81	7	210	35	1789438871433248768	1789438871433276416	1789438871433276416	1789438871433277440	1789438871433278464	13493	1	6	1	42943322079726	42943322081649
1082	81	5	244	35	1789438871433278464	1789438871433279488	1789438871433279488	1789438871433280512	1789438871433282560	13494	1	4	1	42943322087329	42943322089814
1083	81	6	244	35	1789438871433282560	1789438871433282560	1789438871433282560	1789438871433283584	1789438871433284608	13495	0	5	1	42943322094569	42943322096535
1084	81	5	24	35	1789438871433284608	1789438871433284608	1789438871433284608	1789438871433285632	1789438871433287680	13495	0	4	1	42943322100877	42943322102853
1085	81	6	24	35	1789438871433287680	1789438871433287680	1789438871433287680	1789438871433288704	1789438871433289728	13495	0	5	1	42943322107600	42943322109273
1086	81	8	466	35	1789438871433289728	1789438871433291776	1789438871433291776	1789438871433313280	1789438871433314304	13495	3	7	3	42943322118510	42943322171128
1087	81	4	246	35	1789438871433314304	1789438871433315328	1789438871433315328	1789438871433316352	1789438871433318400	13498	1	3	1	42943322178249	42943322180703
1088	81	8	246	35	1789438871433318400	1789438871433318400	1789438871433318400	1789438871433337856	1789438871433339904	13499	0	7	3	42943322184774	42943322234563
1089	81	4	26	35	1789438871433339904	1789438871433339904	1789438871433339904	1789438871433340928	1789438871433342976	13499	0	3	1	42943322239496	42943322241982
1090	81	8	26	35	1789438871433342976	1789438871433342976	1789438871433342976	1789438871433364480	1789438871433365504	13499	0	7	3	42943322247053	42943322299704
1091	81	10	82	35	1789438871433365504	1789438871433405440	1789438871433405440	1789438871433407488	1789438871433408512	13499	4	11	1	42943322404559	42943322409674
1092	81	13	82	35	1789438871433409536	1789438871433437184	1789438871433437184	1789438871433440256	1789438871433441280	13503	16	14	2	42943322484789	42943322492054
1093	81	15	82	35	1789438871433442304	1789438871433498624	1789438871433498624	1789438871433500672	1789438871433501696	13519	4	18	1	42943322639409	42943322644398
1094	81	22	210	35	1789438871433501696	1789438871433530368	1789438871433530368	1789438871433531392	1789438871433532416	13523	1	25	1	42943322719427	42943322721307
1095	81	20	244	35	1789438871433532416	1789438871433533440	1789438871433533440	1789438871433534464	1789438871433536512	13524	1	23	1	42943322727146	42943322729625
1096	81	21	244	35	1789438871433536512	1789438871433536512	1789438871433536512	1789438871433537536	1789438871433538560	13525	0	24	1	42943322734439	42943322736403
1097	81	20	24	35	1789438871433538560	1789438871433538560	1789438871433538560	1789438871433539584	1789438871433541632	13525	0	23	1	42943322740719	42943322742943
1098	81	21	24	35	1789438871433541632	1789438871433541632	1789438871433541632	1789438871433542656	1789438871433543680	13525	0	24	1	42943322747566	42943322749288
1099	81	23	466	35	1789438871433543680	1789438871433544704	1789438871433544704	1789438871433566208	1789438871433567232	13525	3	26	3	42943322755326	42943322807972
1100	82	0	81	37	1789438871433244672	1789438871433244672	1789438871433244672	1789438871433246720	1789438871433247744	13528	0	0	0	42953061576037	42953061580961
1101	82	7	209	37	1789438871433247744	1789438871433276416	1789438871433276416	1789438871433277440	1789438871433278464	13528	1	6	1	42953061655953	42953061657831
1102	82	5	243	37	1789438871433278464	1789438871433279488	1789438871433279488	1789438871433280512	1789438871433281536	13529	1	4	1	42953061663438	42953061665848
1103	82	6	243	37	1789438871433282560	1789438871433282560	1789438871433282560	1789438871433283584	1789438871433284608	13530	0	5	1	42953061670436	42953061672328
1104	82	5	23	37	1789438871433284608	1789438871433284608	1789438871433284608	1789438871433285632	1789438871433286656	13530	0	4	1	42953061676497	42953061678440
1105	82	6	23	37	1789438871433286656	1789438871433287680	1789438871433287680	1789438871433287680	1789438871433289728	13530	0	5	1	42953061683125	42953061684752
1106	82	8	465	37	1789438871433289728	1789438871433290752	1789438871433290752	1789438871433311232	1789438871433313280	13530	3	7	3	42953061692277	42953061744386
1107	82	4	245	37	1789438871433313280	1789438871433314304	1789438871433314304	1789438871433315328	1789438871433317376	13533	1	3	1	42953061751306	42953061753809
1108	82	8	245	37	1789438871433317376	1789438871433317376	1789438871433317376	1789438871433336832	1789438871433337856	13534	0	7	3	42953061758501	42953061807555
1109	82	4	25	37	1789438871433338880	1789438871433338880	1789438871433338880	1789438871433339904	1789438871433340928	13534	0	3	1	42953061812373	42953061814804
1110	82	8	25	37	1789438871433340928	1789438871433341952	1789438871433341952	1789438871433362432	1789438871433363456	13534	0	7	3	42953061819708	42953061872286
1111	82	10	81	37	1789438871433364480	1789438871433405440	1789438871433405440	1789438871433407488	1789438871433408512	13534	4	11	1	42953061980877	42953061985879
1112	82	13	81	37	1789438871433408512	1789438871433437184	1789438871433437184	1789438871433440256	1789438871433441280	13538	16	14	2	42953062061103	42953062068065
1113	82	15	81	37	1789438871433441280	1789438871433498624	1789438871433498624	1789438871433500672	1789438871433501696	13554	4	18	1	42953062215739	42953062220622
1114	82	22	209	37	1789438871433501696	1789438871433530368	1789438871433530368	1789438871433531392	1789438871433532416	13558	1	25	1	42953062295734	42953062297571
1115	82	20	243	37	1789438871433532416	1789438871433533440	1789438871433533440	1789438871433534464	1789438871433535488	13559	1	23	1	42953062303275	42953062305626
1116	82	21	243	37	1789438871433536512	1789438871433536512	1789438871433536512	1789438871433537536	1789438871433538560	13560	0	24	1	42953062310239	42953062312161
1117	82	20	23	37	1789438871433538560	1789438871433538560	1789438871433538560	1789438871433539584	1789438871433540608	13560	0	23	1	42953062316329	42953062318483
1118	82	21	23	37	1789438871433540608	1789438871433541632	1789438871433541632	1789438871433541632	1789438871433543680	13560	0	24	1	42953062322943	42953062324586
1119	82	23	465	37	1789438871433543680	1789438871433544704	1789438871433544704	1789438871433566208	1789438871433567232	13560	3	26	3	42953062332041	42953062384480
1120	83	0	80	39	1789438871433244672	1789438871433244672	1789438871433244672	1789438871433246720	1789438871433247744	13563	0	0	0	42910819616593	42910819621313
1121	83	7	208	39	1789438871433247744	1789438871433276416	1789438871433276416	1789438871433277440	1789438871433278464	13563	1	6	1	42910819696515	42910819698304
1122	83	5	242	39	1789438871433278464	1789438871433279488	1789438871433279488	1789438871433280512	1789438871433281536	13564	1	4	1	42910819703788	42910819706128
1123	83	6	242	39	1789438871433281536	1789438871433281536	1789438871433282560	1789438871433282560	1789438871433284608	13565	0	5	1	42910819710556	42910819712415
1124	83	5	22	39	1789438871433284608	1789438871433284608	1789438871433284608	1789438871433285632	1789438871433286656	13565	0	4	1	42910819716476	42910819718357
1125	83	6	22	39	1789438871433286656	1789438871433286656	1789438871433286656	1789438871433287680	1789438871433288704	13565	0	5	1	42910819722765	42910819724355
1126	83	8	464	39	1789438871433288704	1789438871433290752	1789438871433290752	1789438871433311232	1789438871433313280	13565	3	7	3	42910819732829	42910819784690
1127	83	4	244	39	1789438871433313280	1789438871433314304	1789438871433314304	1789438871433315328	1789438871433316352	13568	1	3	1	42910819791218	42910819793602
1128	83	8	244	39	1789438871433316352	1789438871433317376	1789438871433317376	1789438871433336832	1789438871433337856	13569	0	7	3	42910819798126	42910819847751
1129	83	4	24	39	1789438871433337856	1789438871433338880	1789438871433338880	1789438871433339904	1789438871433340928	13569	0	3	1	42910819852358	42910819854692
1130	83	8	24	39	1789438871433340928	1789438871433340928	1789438871433340928	1789438871433362432	1789438871433363456	13569	0	7	3	42910819859382	42910819911689
1131	83	10	80	39	1789438871433363456	1789438871433405440	1789438871433405440	1789438871433407488	1789438871433408512	13569	4	11	1	42910820021238	42910820026001
1132	83	13	80	39	1789438871433408512	1789438871433437184	1789438871433437184	1789438871433440256	1789438871433441280	13573	16	14	2	42910820101435	42910820108060
1133	83	15	80	39	1789438871433441280	1789438871433498624	1789438871433498624	1789438871433500672	1789438871433501696	13589	4	18	1	42910820256047	42910820260718
1134	83	22	208	39	1789438871433501696	1789438871433530368	1789438871433530368	1789438871433531392	1789438871433532416	13593	1	25	1	42910820335999	42910820337808
1135	83	20	242	39	1789438871433532416	1789438871433533440	1789438871433533440	1789438871433534464	1789438871433535488	13594	1	23	1	42910820343418	42910820345756
1136	83	21	242	39	1789438871433535488	1789438871433536512	1789438871433536512	1789438871433536512	1789438871433538560	13595	0	24	1	42910820350154	42910820352002
1137	83	20	22	39	1789438871433538560	1789438871433538560	1789438871433538560	1789438871433539584	1789438871433540608	13595	0	23	1	42910820356077	42910820358162
1138	83	21	22	39	1789438871433540608	1789438871433540608	1789438871433540608	1789438871433541632	1789438871433542656	13595	0	24	1	42910820362510	42910820364105
1139	83	23	464	39	1789438871433542656	1789438871433544704	1789438871433544704	1789438871433565184	1789438871433567232	13595	3	26	3	42910820372379	42910820424280
1140	84	0	79	41	1789438871433244672	1789438871433244672	1789438871433244672	1789438871433246720	1789438871433247744	13598	0	0	0	42944198504081	42944198508660
1141	84	7	207	41	1789438871433247744	1789438871433276416	1789438871433276416	1789438871433277440	1789438871433278464	13598	1	6	1	42944198583964	42944198585751
1142	84	5	241	41	1789438871433278464	1789438871433279488	1789438871433279488	1789438871433280512	1789438871433281536	13599	1	4	1	42944198590870	42944198593145
1143	84	6	241	41	1789438871433281536	1789438871433281536	1789438871433281536	1789438871433282560	1789438871433283584	13600	0	5	1	42944198597427	42944198599196
1144	84	5	21	41	1789438871433283584	1789438871433283584	1789438871433283584	1789438871433284608	1789438871433286656	13600	0	4	1	42944198603067	42944198604907
1145	84	6	21	41	1789438871433286656	1789438871433286656	1789438871433286656	1789438871433286656	1789438871433288704	13600	0	5	1	42944198609191	42944198610711
1146	84	8	463	41	1789438871433288704	1789438871433290752	1789438871433290752	1789438871433311232	1789438871433313280	13600	3	7	3	42944198620059	42944198671928
1147	84	4	243	41	1789438871433313280	1789438871433314304	1789438871433314304	1789438871433315328	1789438871433316352	13603	1	3	1	42944198678112	42944198680491
1148	84	8	243	41	1789438871433316352	1789438871433316352	1789438871433316352	1789438871433336832	1789438871433337856	13604	0	7	3	42944198685042	42944198734615
1149	84	4	23	41	1789438871433337856	1789438871433337856	1789438871433337856	1789438871433338880	1789438871433340928	13604	0	3	1	42944198739074	42944198741352
1150	84	8	23	41	1789438871433340928	1789438871433340928	1789438871433340928	1789438871433361408	1789438871433362432	13604	0	7	3	42944198745777	42944198797738
1151	84	10	79	41	1789438871433362432	1789438871433405440	1789438871433405440	1789438871433407488	1789438871433408512	13604	4	11	1	42944198908852	42944198913526
1152	84	13	79	41	1789438871433408512	1789438871433437184	1789438871433437184	1789438871433440256	1789438871433441280	13608	16	14	2	42944198988923	42944198995355
1153	84	15	79	41	1789438871433441280	1789438871433498624	1789438871433498624	1789438871433500672	1789438871433501696	13624	4	18	1	42944199143657	42944199148190
1154	84	22	207	41	1789438871433501696	1789438871433530368	1789438871433530368	1789438871433531392	1789438871433532416	13628	1	25	1	42944199223609	42944199225364
1155	84	20	241	41	1789438871433532416	1789438871433533440	1789438871433533440	1789438871433534464	1789438871433535488	13629	1	23	1	42944199230482	42944199232755
1156	84	21	241	41	1789438871433535488	1789438871433535488	1789438871433535488	1789438871433536512	1789438871433537536	13630	0	24	1	42944199237006	42944199238836
1157	84	20	21	41	1789438871433537536	1789438871433537536	1789438871433537536	1789438871433538560	1789438871433540608	13630	0	23	1	42944199242646	42944199244713
1158	84	21	21	41	1789438871433540608	1789438871433540608	1789438871433540608	1789438871433540608	1789438871433542656	13630	0	24	1	42944199248855	42944199250414
1159	84	23	463	41	1789438871433542656	1789438871433544704	1789438871433544704	1789438871433565184	1789438871433567232	13630	3	26	3	42944199259708	42944199311388
1160	85	0	78	43	1789438871433244672	1789438871433244672	1789438871433244672	1789438871433246720	1789438871433247744	13633	0	0	0	42952127201736	42952127206487
1161	85	7	206	43	1789438871433247744	1789438871433276416	1789438871433276416	1789438871433277440	1789438871433278464	13633	1	6	1	42952127281627	42952127283463
1162	85	5	240	43	1789438871433278464	1789438871433279488	1789438871433279488	1789438871433280512	1789438871433281536	13634	1	4	1	42952127288987	42952127291336
1163	85	6	240	43	1789438871433281536	1789438871433282560	1789438871433282560	1789438871433282560	1789438871433284608	13635	0	5	1	42952127295818	42952127297671
1164	85	5	20	43	1789438871433284608	1789438871433284608	1789438871433284608	1789438871433285632	1789438871433286656	13635	0	4	1	42952127301711	42952127303601
1165	85	6	20	43	1789438871433286656	1789438871433286656	1789438871433286656	1789438871433287680	1789438871433288704	13635	0	5	1	42952127308091	42952127309702
1166	85	8	462	43	1789438871433288704	1789438871433290752	1789438871433290752	1789438871433311232	1789438871433313280	13635	3	7	3	42952127318001	42952127369801
1167	85	4	242	43	1789438871433313280	1789438871433314304	1789438871433314304	1789438871433315328	1789438871433316352	13638	1	3	1	42952127376287	42952127378718
1168	85	8	242	43	1789438871433316352	1789438871433316352	1789438871433317376	1789438871433336832	1789438871433337856	13639	0	7	3	42952127383274	42952127433085
1169	85	4	22	43	1789438871433337856	1789438871433338880	1789438871433338880	1789438871433339904	1789438871433340928	13639	0	3	1	42952127437735	42952127440090
1170	85	8	22	43	1789438871433340928	1789438871433340928	1789438871433340928	1789438871433362432	1789438871433363456	13639	0	7	3	42952127444797	42952127497105
1171	85	10	78	43	1789438871433363456	1789438871433405440	1789438871433405440	1789438871433407488	1789438871433408512	13639	4	11	1	42952127606541	42952127611318
1172	85	13	78	43	1789438871433408512	1789438871433437184	1789438871433437184	1789438871433440256	1789438871433441280	13643	16	14	2	42952127686642	42952127693389
1173	85	15	78	43	1789438871433441280	1789438871433498624	1789438871433498624	1789438871433500672	1789438871433501696	13659	4	18	1	42952127841366	42952127846055
1174	85	22	206	43	1789438871433501696	1789438871433530368	1789438871433530368	1789438871433531392	1789438871433532416	13663	1	25	1	42952127921305	42952127923145
1175	85	20	240	43	1789438871433532416	1789438871433533440	1789438871433533440	1789438871433534464	1789438871433535488	13664	1	23	1	42952127928770	42952127931142
1176	85	21	240	43	1789438871433535488	1789438871433536512	1789438871433536512	1789438871433536512	1789438871433538560	13665	0	24	1	42952127935566	42952127937462
1177	85	20	20	43	1789438871433538560	1789438871433538560	1789438871433538560	1789438871433539584	1789438871433540608	13665	0	23	1	42952127941531	42952127943650
1178	85	21	20	43	1789438871433540608	1789438871433540608	1789438871433540608	1789438871433541632	1789438871433542656	13665	0	24	1	42952127948006	42952127949610
1179	85	23	462	43	1789438871433542656	1789438871433544704	1789438871433544704	1789438871433565184	1789438871433567232	13665	3	26	3	42952127957721	42952128009277
1180	86	0	77	45	1789438871433244672	1789438871433244672	1789438871433244672	1789438871433246720	1789438871433247744	13668	0	0	0	42945873243530	42945873248476
1181	86	7	205	45	1789438871433247744	1789438871433276416	1789438871433276416	1789438871433277440	1789438871433278464	13668	1	6	1	42945873323301	42945873325352
1182	86	5	239	45	1789438871433278464	1789438871433279488	1789438871433279488	1789438871433280512	1789438871433281536	13669	1	4	1	42945873330829	42945873333266
1183	86	6	239	45	1789438871433282560	1789438871433282560	1789438871433282560	1789438871433283584	1789438871433284608	13670	0	5	1	42945873337869	42945873339751
1184	86	5	19	45	1789438871433284608	1789438871433284608	1789438871433284608	1789438871433285632	1789438871433286656	13670	0	4	1	42945873343958	42945873345915
1185	86	6	19	45	1789438871433286656	1789438871433287680	1789438871433287680	1789438871433287680	1789438871433289728	13670	0	5	1	42945873350584	42945873352226
1186	86	8	461	45	1789438871433289728	1789438871433290752	1789438871433290752	1789438871433312256	1789438871433313280	13670	3	7	3	42945873359700	42945873411989
1187	86	4	241	45	1789438871433313280	1789438871433314304	1789438871433314304	1789438871433315328	1789438871433317376	13673	1	3	1	42945873418710	42945873421204
1188	86	8	241	45	1789438871433317376	1789438871433317376	1789438871433317376	1789438871433337856	1789438871433338880	13674	0	7	3	42945873425911	42945873476444
1189	86	4	21	45	1789438871433338880	1789438871433338880	1789438871433338880	1789438871433339904	1789438871433341952	13674	0	3	1	42945873481236	42945873483668
1190	86	8	21	45	1789438871433341952	1789438871433341952	1789438871433341952	1789438871433363456	1789438871433364480	13674	0	7	3	42945873488593	42945873541064
1191	86	10	77	45	1789438871433364480	1789438871433405440	1789438871433405440	1789438871433407488	1789438871433408512	13674	4	11	1	42945873648144	42945873653130
1192	86	13	77	45	1789438871433408512	1789438871433437184	1789438871433437184	1789438871433440256	1789438871433441280	13678	16	14	2	42945873728270	42945873735177
1193	86	15	77	45	1789438871433441280	1789438871433498624	1789438871433498624	1789438871433500672	1789438871433501696	13694	4	18	1	42945873882978	42945873887817
1194	86	22	205	45	1789438871433501696	1789438871433530368	1789438871433530368	1789438871433531392	1789438871433532416	13698	1	25	1	42945873962911	42945873964792
1195	86	20	239	45	1789438871433532416	1789438871433533440	1789438871433533440	1789438871433534464	1789438871433535488	13699	1	23	1	42945873970411	42945873972835
1196	86	21	239	45	1789438871433536512	1789438871433536512	1789438871433536512	1789438871433536512	1789438871433538560	13700	0	24	1	42945873977415	42945873979348
1197	86	20	19	45	1789438871433538560	1789438871433538560	1789438871433538560	1789438871433539584	1789438871433540608	13700	0	23	1	42945873983534	42945873985701
1198	86	21	19	45	1789438871433540608	1789438871433541632	1789438871433541632	1789438871433541632	1789438871433543680	13700	0	24	1	42945873990214	42945873991897
1199	86	23	461	45	1789438871433543680	1789438871433544704	1789438871433544704	1789438871433566208	1789438871433567232	13700	3	26	3	42945873999401	42945874052209
1200	87	0	76	47	1789438871433244672	1789438871433244672	1789438871433244672	1789438871433246720	1789438871433247744	13703	0	0	0	42964216851017	42964216856060
1201	87	7	204	47	1789438871433247744	1789438871433276416	1789438871433276416	1789438871433277440	1789438871433278464	13703	1	6	1	42964216930866	42964216932768
1202	87	5	238	47	1789438871433278464	1789438871433279488	1789438871433279488	1789438871433280512	1789438871433281536	13704	1	4	1	42964216938209	42964216940640
1203	87	6	238	47	1789438871433281536	1789438871433282560	1789438871433282560	1789438871433282560	1789438871433284608	13705	0	5	1	42964216945012	42964216946912
1204	87	5	18	47	1789438871433284608	1789438871433284608	1789438871433284608	1789438871433285632	1789438871433286656	13705	0	4	1	42964216951182	42964216953133
1205	87	6	18	47	1789438871433286656	1789438871433286656	1789438871433287680	1789438871433287680	1789438871433288704	13705	0	5	1	42964216957774	42964216959423
1206	87	8	460	47	1789438871433289728	1789438871433290752	1789438871433290752	1789438871433312256	1789438871433313280	13705	3	7	3	42964216967287	42964217019811
1207	87	4	240	47	1789438871433313280	1789438871433314304	1789438871433314304	1789438871433315328	1789438871433317376	13708	1	3	1	42964217026552	42964217028950
1208	87	8	240	47	1789438871433317376	1789438871433317376	1789438871433317376	1789438871433337856	1789438871433338880	13709	0	7	3	42964217033493	42964217084219
1209	87	4	20	47	1789438871433338880	1789438871433338880	1789438871433338880	1789438871433339904	1789438871433341952	13709	0	3	1	42964217088999	42964217091387
1210	87	8	20	47	1789438871433341952	1789438871433341952	1789438871433341952	1789438871433363456	1789438871433364480	13709	0	7	3	42964217096419	42964217148937
1211	87	10	76	47	1789438871433364480	1789438871433405440	1789438871433405440	1789438871433407488	1789438871433408512	13709	4	11	1	42964217255787	42964217260598
1212	87	13	76	47	1789438871433408512	1789438871433437184	1789438871433437184	1789438871433440256	1789438871433441280	13713	16	14	2	42964217335892	42964217342916
1213	87	15	76	47	1789438871433441280	1789438871433498624	1789438871433498624	1789438871433500672	1789438871433501696	13729	4	18	1	42964217490642	42964217495417
1214	87	22	204	47	1789438871433501696	1789438871433530368	1789438871433530368	1789438871433531392	1789438871433532416	13733	1	25	1	42964217570627	42964217572459
1215	87	20	238	47	1789438871433532416	1789438871433533440	1789438871433533440	1789438871433534464	1789438871433535488	13734	1	23	1	42964217578037	42964217580511
1216	87	21	238	47	1789438871433536512	1789438871433536512	1789438871433536512	1789438871433537536	1789438871433538560	13735	0	24	1	42964217585181	42964217587081
1217	87	20	18	47	1789438871433538560	1789438871433538560	1789438871433538560	1789438871433539584	1789438871433540608	13735	0	23	1	42964217591321	42964217593507
1218	87	21	18	47	1789438871433541632	1789438871433541632	1789438871433541632	1789438871433541632	1789438871433543680	13735	0	24	1	42964217597998	42964217599628
1219	87	23	460	47	1789438871433543680	1789438871433544704	1789438871433544704	1789438871433566208	1789438871433567232	13735	3	26	3	42964217607057	42964217659327
1220	88	0	75	49	1789438871433244672	1789438871433244672	1789438871433244672	1789438871433246720	1789438871433247744	13738	0	0	0	42948816629084	42948816633861
1221	88	7	203	49	1789438871433247744	1789438871433276416	1789438871433276416	1789438871433277440	1789438871433278464	13738	1	6	1	42948816708955	42948816710750
1222	88	5	237	49	1789438871433278464	1789438871433279488	1789438871433279488	1789438871433280512	1789438871433281536	13739	1	4	1	42948816716228	42948816718584
1223	88	6	237	49	1789438871433281536	1789438871433281536	1789438871433282560	1789438871433282560	1789438871433284608	13740	0	5	1	42948816723069	42948816724913
1224	88	5	17	49	1789438871433284608	1789438871433284608	1789438871433284608	1789438871433285632	1789438871433286656	13740	0	4	1	42948816728975	42948816730874
1225	88	6	17	49	1789438871433286656	1789438871433286656	1789438871433286656	1789438871433287680	1789438871433288704	13740	0	5	1	42948816735355	42948816736934
1226	88	8	459	49	1789438871433288704	1789438871433290752	1789438871433290752	1789438871433312256	1789438871433313280	13740	3	7	3	42948816745327	42948816797774
1227	88	4	239	49	1789438871433313280	1789438871433314304	1789438871433314304	1789438871433315328	1789438871433316352	13743	1	3	1	42948816804500	42948816806848
1228	88	8	239	49	1789438871433317376	1789438871433317376	1789438871433317376	1789438871433336832	1789438871433338880	13744	0	7	3	42948816811212	42948816861096
1229	88	4	19	49	1789438871433338880	1789438871433338880	1789438871433338880	1789438871433339904	1789438871433340928	13744	0	3	1	42948816865702	42948816868017
1230	88	8	19	49	1789438871433340928	1789438871433341952	1789438871433341952	1789438871433362432	1789438871433363456	13744	0	7	3	42948816872690	42948816925040
1231	88	10	75	49	1789438871433363456	1789438871433405440	1789438871433405440	1789438871433407488	1789438871433408512	13744	4	11	1	42948817033885	42948817038520
1232	88	13	75	49	1789438871433408512	1789438871433437184	1789438871433437184	1789438871433440256	1789438871433441280	13748	16	14	2	42948817113973	42948817120582
1233	88	15	75	49	1789438871433441280	1789438871433498624	1789438871433498624	1789438871433500672	1789438871433501696	13764	4	18	1	42948817268792	42948817273419
1234	88	22	203	49	1789438871433501696	1789438871433530368	1789438871433530368	1789438871433531392	1789438871433532416	13768	1	25	1	42948817348680	42948817350572
1235	88	20	237	49	1789438871433532416	1789438871433533440	1789438871433533440	1789438871433534464	1789438871433535488	13769	1	23	1	42948817356216	42948817358574
1236	88	21	237	49	1789438871433535488	1789438871433536512	1789438871433536512	1789438871433536512	1789438871433538560	13770	0	24	1	42948817363076	42948817364904
1237	88	20	17	49	1789438871433538560	1789438871433538560	1789438871433538560	1789438871433539584	1789438871433540608	13770	0	23	1	42948817369009	42948817371112
1238	88	21	17	49	1789438871433540608	1789438871433540608	1789438871433540608	1789438871433541632	1789438871433542656	13770	0	24	1	42948817375462	42948817377055
1239	88	23	459	49	1789438871433542656	1789438871433544704	1789438871433544704	1789438871433565184	1789438871433567232	13770	3	26	3	42948817385116	42948817436917
1240	89	0	74	51	1789438871433244672	1789438871433244672	1789438871433244672	1789438871433246720	1789438871433247744	13773	0	0	0	42955800416666	42955800421322
1241	89	7	202	51	1789438871433247744	1789438871433276416	1789438871433276416	1789438871433277440	1789438871433278464	13773	1	6	1	42955800496561	42955800498326
1242	89	5	236	51	1789438871433278464	1789438871433279488	1789438871433279488	1789438871433280512	1789438871433281536	13774	1	4	1	42955800503496	42955800505779
1243	89	6	236	51	1789438871433281536	1789438871433281536	1789438871433281536	1789438871433282560	1789438871433283584	13775	0	5	1	42955800510006	42955800511797
1244	89	5	16	51	1789438871433283584	1789438871433283584	1789438871433283584	1789438871433284608	1789438871433286656	13775	0	4	1	42955800515619	42955800517468
1245	89	6	16	51	1789438871433286656	1789438871433286656	1789438871433286656	1789438871433286656	1789438871433288704	13775	0	5	1	42955800521741	42955800523261
1246	89	8	458	51	1789438871433288704	1789438871433290752	1789438871433290752	1789438871433311232	1789438871433313280	13775	3	7	3	42955800532666	42955800584303
1247	89	4	238	51	1789438871433313280	1789438871433313280	1789438871433314304	1789438871433314304	1789438871433316352	13778	1	3	1	42955800590577	42955800592913
1248	89	8	238	51	1789438871433316352	1789438871433316352	1789438871433316352	1789438871433335808	1789438871433336832	13779	0	7	3	42955800597305	42955800645655
1249	89	4	18	51	1789438871433336832	1789438871433337856	1789438871433337856	1789438871433338880	1789438871433339904	13779	0	3	1	42955800650109	42955800652354
1250	89	8	18	51	1789438871433339904	1789438871433339904	1789438871433339904	1789438871433360384	1789438871433362432	13779	0	7	3	42955800657002	42955800708982
1251	89	10	74	51	1789438871433362432	1789438871433405440	1789438871433405440	1789438871433407488	1789438871433408512	13779	4	11	1	42955800821527	42955800826083
1252	89	13	74	51	1789438871433408512	1789438871433437184	1789438871433437184	1789438871433440256	1789438871433441280	13783	16	14	2	42955800901570	42955800908028
1253	89	15	74	51	1789438871433441280	1789438871433498624	1789438871433498624	1789438871433500672	1789438871433501696	13799	4	18	1	42955801056349	42955801060873
1254	89	22	202	51	1789438871433501696	1789438871433530368	1789438871433530368	1789438871433531392	1789438871433532416	13803	1	25	1	42955801136317	42955801138125
1255	89	20	236	51	1789438871433532416	1789438871433533440	1789438871433533440	1789438871433534464	1789438871433535488	13804	1	23	1	42955801143476	42955801145771
1256	89	21	236	51	1789438871433535488	1789438871433535488	1789438871433535488	1789438871433536512	1789438871433537536	13805	0	24	1	42955801150107	42955801151887
1257	89	20	16	51	1789438871433537536	1789438871433538560	1789438871433538560	1789438871433538560	1789438871433540608	13805	0	23	1	42955801155853	42955801157880
1258	89	21	16	51	1789438871433540608	1789438871433540608	1789438871433540608	1789438871433541632	1789438871433542656	13805	0	24	1	42955801162067	42955801163589
1259	89	23	458	51	1789438871433542656	1789438871433544704	1789438871433544704	1789438871433565184	1789438871433566208	13805	3	26	3	42955801172478	42955801223968
1260	90	0	73	53	1789438871433244672	1789438871433244672	1789438871433244672	1789438871433246720	1789438871433247744	13808	0	0	0	42961563695618	42961563700400
1261	90	7	201	53	1789438871433247744	1789438871433276416	1789438871433276416	1789438871433277440	1789438871433278464	13808	1	6	1	42961563775505	42961563777272
1262	90	5	235	53	1789438871433278464	1789438871433279488	1789438871433279488	1789438871433280512	1789438871433281536	13809	1	4	1	42961563782909	42961563785269
1263	90	6	235	53	1789438871433281536	1789438871433282560	1789438871433282560	1789438871433282560	1789438871433284608	13810	0	5	1	42961563789785	42961563791637
1264	90	5	15	53	1789438871433284608	1789438871433284608	1789438871433284608	1789438871433285632	1789438871433286656	13810	0	4	1	42961563795773	42961563797674
1265	90	6	15	53	1789438871433286656	1789438871433286656	1789438871433286656	1789438871433287680	1789438871433288704	13810	0	5	1	42961563802171	42961563803729
1266	90	8	457	53	1789438871433288704	1789438871433290752	1789438871433290752	1789438871433312256	1789438871433313280	13810	3	7	3	42961563811918	42961563864371
1267	90	4	237	53	1789438871433313280	1789438871433314304	1789438871433314304	1789438871433315328	1789438871433317376	13813	1	3	1	42961563870925	42961563873309
1268	90	8	237	53	1789438871433317376	1789438871433317376	1789438871433317376	1789438871433336832	1789438871433338880	13814	0	7	3	42961563877924	42961563928280
1269	90	4	17	53	1789438871433338880	1789438871433338880	1789438871433338880	1789438871433339904	1789438871433341952	13814	0	3	1	42961563932901	42961563935234
1270	90	8	17	53	1789438871433341952	1789438871433341952	1789438871433341952	1789438871433362432	1789438871433363456	13814	0	7	3	42961563939949	42961563992000
1271	90	10	73	53	1789438871433363456	1789438871433405440	1789438871433405440	1789438871433407488	1789438871433408512	13814	4	11	1	42961564100451	42961564105176
1272	90	13	73	53	1789438871433408512	1789438871433437184	1789438871433437184	1789438871433440256	1789438871433441280	13818	16	14	2	42961564180503	42961564187203
1273	90	15	73	53	1789438871433441280	1789438871433498624	1789438871433498624	1789438871433500672	1789438871433501696	13834	4	18	1	42961564335345	42961564340043
1274	90	22	201	53	1789438871433501696	1789438871433530368	1789438871433530368	1789438871433531392	1789438871433532416	13838	1	25	1	42961564415246	42961564417113
1275	90	20	235	53	1789438871433532416	1789438871433533440	1789438871433533440	1789438871433534464	1789438871433535488	13839	1	23	1	42961564422651	42961564425008
1276	90	21	235	53	1789438871433535488	1789438871433536512	1789438871433536512	1789438871433536512	1789438871433538560	13840	0	24	1	42961564429543	42961564431392
1277	90	20	15	53	1789438871433538560	1789438871433538560	1789438871433538560	1789438871433539584	1789438871433540608	13840	0	23	1	42961564435502	42961564437587
1278	90	21	15	53	1789438871433540608	1789438871433540608	1789438871433540608	1789438871433541632	1789438871433542656	13840	0	24	1	42961564441946	42961564443515
1279	90	23	457	53	1789438871433542656	1789438871433544704	1789438871433544704	1789438871433565184	1789438871433567232	13840	3	26	3	42961564451707	42961564503453
1280	91	0	72	55	1789438871433244672	1789438871433244672	1789438871433244672	1789438871433246720	1789438871433247744	13843	0	0	0	42921751088664	42921751093667
1281	91	7	200	55	1789438871433247744	1789438871433276416	1789438871433276416	1789438871433277440	1789438871433278464	13843	1	6	1	42921751168452	42921751170282
1282	91	5	234	55	1789438871433278464	1789438871433279488	1789438871433279488	1789438871433280512	1789438871433281536	13844	1	4	1	42921751175820	42921751178253
1283	91	6	234	55	1789438871433281536	1789438871433282560	1789438871433282560	1789438871433282560	1789438871433284608	13845	0	5	1	42921751182622	42921751184521
1284	91	5	14	55	1789438871433284608	1789438871433284608	1789438871433284608	1789438871433285632	1789438871433286656	13845	0	4	1	42921751188769	42921751190715
1285	91	6	14	55	1789438871433286656	1789438871433286656	1789438871433287680	1789438871433287680	1789438871433288704	13845	0	5	1	42921751195368	42921751196984
1286	91	8	456	55	1789438871433289728	1789438871433290752	1789438871433290752	1789438871433311232	1789438871433313280	13845	3	7	3	42921751204879	42921751256938
1287	91	4	236	55	1789438871433313280	1789438871433314304	1789438871433314304	1789438871433315328	1789438871433316352	13848	1	3	1	42921751263800	42921751266214
1288	91	8	236	55	1789438871433317376	1789438871433317376	1789438871433317376	1789438871433337856	1789438871433338880	13849	0	7	3	42921751270645	42921751321523
1289	91	4	16	55	1789438871433338880	1789438871433338880	1789438871433338880	1789438871433339904	1789438871433341952	13849	0	3	1	42921751326274	42921751328675
1290	91	8	16	55	1789438871433341952	1789438871433341952	1789438871433341952	1789438871433363456	1789438871433364480	13849	0	7	3	42921751333939	42921751386388
1291	91	10	72	55	1789438871433364480	1789438871433405440	1789438871433405440	1789438871433407488	1789438871433408512	13849	4	11	1	42921751493267	42921751498130
1292	91	13	72	55	1789438871433408512	1789438871433437184	1789438871433437184	1789438871433440256	1789438871433441280	13853	16	14	2	42921751573311	42921751580150
1293	91	15	72	55	1789438871433441280	1789438871433498624	1789438871433498624	1789438871433500672	1789438871433501696	13869	4	18	1	42921751728133	42921751732960
1294	91	22	200	55	1789438871433501696	1789438871433530368	1789438871433530368	1789438871433531392	1789438871433532416	13873	1	25	1	42921751808080	42921751809969
1295	91	20	234	55	1789438871433532416	1789438871433533440	1789438871433533440	1789438871433534464	1789438871433535488	13874	1	23	1	42921751815680	42921751818106
1296	91	21	234	55	1789438871433536512	1789438871433536512	1789438871433536512	1789438871433537536	1789438871433538560	13875	0	24	1	42921751822781	42921751824704
1297	91	20	14	55	1789438871433538560	1789438871433538560	1789438871433538560	1789438871433539584	1789438871433540608	13875	0	23	1	42921751828968	42921751831104
1298	91	21	14	55	1789438871433541632	1789438871433541632	1789438871433541632	1789438871433541632	1789438871433543680	13875	0	24	1	42921751835616	42921751837249
1299	91	23	456	55	1789438871433543680	1789438871433544704	1789438871433544704	1789438871433566208	1789438871433567232	13875	3	26	3	42921751844133	42921751896657
1300	92	0	71	57	1789438871433244672	1789438871433244672	1789438871433244672	1789438871433246720	1789438871433247744	13878	0	0	0	42943321999788	42943322004816
1301	92	7	199	57	1789438871433247744	1789438871433276416	1789438871433276416	1789438871433277440	1789438871433278464	13878	1	6	1	42943322079594	42943322081442
1302	92	5	233	57	1789438871433278464	1789438871433279488	1789438871433279488	1789438871433280512	1789438871433281536	13879	1	4	1	42943322086945	42943322089377
1303	92	6	233	57	1789438871433281536	1789438871433282560	1789438871433282560	1789438871433282560	1789438871433284608	13880	0	5	1	42943322093700	42943322095588
1304	92	5	13	57	1789438871433284608	1789438871433284608	1789438871433284608	1789438871433285632	1789438871433286656	13880	0	4	1	42943322099564	42943322101539
1305	92	6	13	57	1789438871433286656	1789438871433286656	1789438871433286656	1789438871433287680	1789438871433288704	13880	0	5	1	42943322106119	42943322107747
1306	92	8	455	57	1789438871433288704	1789438871433290752	1789438871433290752	1789438871433312256	1789438871433313280	13880	3	7	3	42943322116125	42943322169075
1307	92	4	235	57	1789438871433313280	1789438871433314304	1789438871433315328	1789438871433315328	1789438871433317376	13883	1	3	1	42943322175902	42943322178348
1308	92	8	235	57	1789438871433317376	1789438871433317376	1789438871433317376	1789438871433337856	1789438871433338880	13884	0	7	3	42943322182800	42943322232758
1309	92	4	15	57	1789438871433338880	1789438871433338880	1789438871433338880	1789438871433339904	1789438871433341952	13884	0	3	1	42943322237483	42943322239906
1310	92	8	15	57	1789438871433341952	1789438871433341952	1789438871433341952	1789438871433363456	1789438871433364480	13884	0	7	3	42943322244775	42943322297339
1311	92	10	71	57	1789438871433364480	1789438871433405440	1789438871433405440	1789438871433407488	1789438871433408512	13884	4	11	1	42943322404476	42943322409383
1312	92	13	71	57	1789438871433408512	1789438871433437184	1789438871433437184	1789438871433440256	1789438871433441280	13888	16	14	2	42943322484554	42943322491553
1313	92	15	71	57	1789438871433441280	1789438871433498624	1789438871433498624	1789438871433500672	1789438871433501696	13904	4	18	1	42943322639296	42943322644048
1314	92	22	199	57	1789438871433501696	1789438871433530368	1789438871433530368	1789438871433531392	1789438871433532416	13908	1	25	1	42943322719280	42943322721161
1315	92	20	233	57	1789438871433532416	1789438871433533440	1789438871433533440	1789438871433534464	1789438871433535488	13909	1	23	1	42943322726977	42943322729335
1316	92	21	233	57	1789438871433536512	1789438871433536512	1789438871433536512	1789438871433537536	1789438871433538560	13910	0	24	1	42943322733981	42943322735907
1317	92	20	13	57	1789438871433538560	1789438871433538560	1789438871433538560	1789438871433539584	1789438871433540608	13910	0	23	1	42943322740108	42943322742269
1318	92	21	13	57	1789438871433541632	1789438871433541632	1789438871433541632	1789438871433541632	1789438871433543680	13910	0	24	1	42943322746678	42943322748336
1319	92	23	455	57	1789438871433543680	1789438871433544704	1789438871433544704	1789438871433565184	1789438871433567232	13910	3	26	3	42943322755574	42943322807844
1320	93	0	70	59	1789438871433244672	1789438871433244672	1789438871433244672	1789438871433246720	1789438871433247744	13913	0	0	0	42953061576021	42953061580927
1321	93	7	198	59	1789438871433247744	1789438871433276416	1789438871433276416	1789438871433277440	1789438871433278464	13913	1	6	1	42953061655834	42953061657627
1322	93	5	232	59	1789438871433278464	1789438871433279488	1789438871433279488	1789438871433280512	1789438871433281536	13914	1	4	1	42953061663234	42953061665613
1323	93	6	232	59	1789438871433281536	1789438871433282560	1789438871433282560	1789438871433282560	1789438871433284608	13915	0	5	1	42953061670092	42953061671910
1324	93	5	12	59	1789438871433284608	1789438871433284608	1789438871433284608	1789438871433285632	1789438871433286656	13915	0	4	1	42953061675946	42953061677867
1325	93	6	12	59	1789438871433286656	1789438871433286656	1789438871433286656	1789438871433287680	1789438871433288704	13915	0	5	1	42953061682298	42953061683875
1326	93	8	454	59	1789438871433288704	1789438871433290752	1789438871433290752	1789438871433311232	1789438871433313280	13915	3	7	3	42953061692232	42953061744387
1327	93	4	234	59	1789438871433313280	1789438871433314304	1789438871433314304	1789438871433315328	1789438871433316352	13918	1	3	1	42953061750900	42953061753379
1328	93	8	234	59	1789438871433317376	1789438871433317376	1789438871433317376	1789438871433336832	1789438871433337856	13919	0	7	3	42953061757886	42953061807754
1329	93	4	14	59	1789438871433338880	1789438871433338880	1789438871433338880	1789438871433339904	1789438871433340928	13919	0	3	1	42953061812337	42953061814716
1330	93	8	14	59	1789438871433340928	1789438871433340928	1789438871433341952	1789438871433362432	1789438871433363456	13919	0	7	3	42953061819361	42953061871784
1331	93	10	70	59	1789438871433363456	1789438871433405440	1789438871433405440	1789438871433407488	1789438871433408512	13919	4	11	1	42953061980799	42953061985504
1332	93	13	70	59	1789438871433408512	1789438871433437184	1789438871433437184	1789438871433440256	1789438871433441280	13923	16	14	2	42953062061109	42953062067796
1333	93	15	70	59	1789438871433441280	1789438871433498624	1789438871433498624	1789438871433500672	1789438871433501696	13939	4	18	1	42953062215626	42953062220221
1334	93	22	198	59	1789438871433501696	1789438871433530368	1789438871433530368	1789438871433531392	1789438871433532416	13943	1	25	1	42953062295556	42953062297429
1335	93	20	232	59	1789438871433532416	1789438871433533440	1789438871433533440	1789438871433534464	1789438871433535488	13944	1	23	1	42953062302894	42953062305227
1336	93	21	232	59	1789438871433535488	1789438871433535488	1789438871433536512	1789438871433536512	1789438871433538560	13945	0	24	1	42953062309695	42953062311579
1337	93	20	12	59	1789438871433538560	1789438871433538560	1789438871433538560	1789438871433539584	1789438871433540608	13945	0	23	1	42953062315638	42953062317748
1338	93	21	12	59	1789438871433540608	1789438871433540608	1789438871433540608	1789438871433541632	1789438871433542656	13945	0	24	1	42953062322077	42953062323704
1339	93	23	454	59	1789438871433542656	1789438871433544704	1789438871433544704	1789438871433565184	1789438871433567232	13945	3	26	3	42953062331998	42953062383989
1340	94	0	69	61	1789438871433244672	1789438871433244672	1789438871433244672	1789438871433246720	1789438871433247744	13948	0	0	0	42910819616581	42910819621257
1341	94	7	197	61	1789438871433247744	1789438871433276416	1789438871433276416	1789438871433277440	1789438871433278464	13948	1	6	1	42910819696356	42910819698138
1342	94	5	231	61	1789438871433278464	1789438871433279488	1789438871433279488	1789438871433280512	1789438871433281536	13949	1	4	1	42910819703289	42910819705592
1343	94	6	231	61	1789438871433281536	1789438871433281536	1789438871433281536	1789438871433282560	1789438871433283584	13950	0	5	1	42910819709937	42910819711686
1344	94	5	11	61	1789438871433283584	1789438871433283584	1789438871433284608	1789438871433284608	1789438871433286656	13950	0	4	1	42910819715511	42910819717382
1345	94	6	11	61	1789438871433286656	1789438871433286656	1789438871433286656	1789438871433286656	1789438871433288704	13950	0	5	1	42910819721492	42910819723016
1346	94	8	453	61	1789438871433288704	1789438871433290752	1789438871433290752	1789438871433311232	1789438871433313280	13950	3	7	3	42910819732494	42910819784264
1347	94	4	233	61	1789438871433313280	1789438871433314304	1789438871433314304	1789438871433315328	1789438871433316352	13953	1	3	1	42910819790419	42910819792854
1348	94	8	233	61	1789438871433316352	1789438871433316352	1789438871433316352	1789438871433336832	1789438871433337856	13954	0	7	3	42910819797297	42910819847904
1349	94	4	13	61	1789438871433337856	1789438871433338880	1789438871433338880	1789438871433339904	1789438871433340928	13954	0	3	1	42910819852293	42910819854581
1350	94	8	13	61	1789438871433340928	1789438871433340928	1789438871433340928	1789438871433361408	1789438871433363456	13954	0	7	3	42910819859219	42910819911222
1351	94	10	69	61	1789438871433363456	1789438871433405440	1789438871433405440	1789438871433407488	1789438871433408512	13954	4	11	1	42910820021159	42910820025760
1352	94	13	69	61	1789438871433408512	1789438871433437184	1789438871433437184	1789438871433440256	1789438871433441280	13958	16	14	2	42910820101210	42910820107632
1353	94	15	69	61	1789438871433441280	1789438871433498624	1789438871433498624	1789438871433500672	1789438871433501696	13974	4	18	1	42910820255965	42910820260432
1354	94	22	197	61	1789438871433501696	1789438871433530368	1789438871433530368	1789438871433531392	1789438871433532416	13978	1	25	1	42910820335892	42910820337699
1355	94	20	231	61	1789438871433532416	1789438871433533440	1789438871433533440	1789438871433534464	1789438871433535488	13979	1	23	1	42910820342993	42910820345253
1356	94	21	231	61	1789438871433535488	1789438871433535488	1789438871433535488	1789438871433536512	1789438871433537536	13980	0	24	1	42910820349565	42910820351360
1357	94	20	11	61	1789438871433537536	1789438871433537536	1789438871433538560	1789438871433538560	1789438871433540608	13980	0	23	1	42910820355250	42910820357302
1358	94	21	11	61	1789438871433540608	1789438871433540608	1789438871433540608	1789438871433541632	1789438871433542656	13980	0	24	1	42910820361414	42910820362966
1359	94	23	453	61	1789438871433542656	1789438871433544704	1789438871433544704	1789438871433565184	1789438871433567232	13980	3	26	3	42910820372065	42910820423921
1360	95	0	68	63	1789438871433244672	1789438871433244672	1789438871433244672	1789438871433246720	1789438871433247744	13983	0	0	0	42944198504067	42944198508982
1361	95	7	196	63	1789438871433247744	1789438871433276416	1789438871433276416	1789438871433277440	1789438871433278464	13983	1	6	1	42944198584220	42944198586024
1362	95	5	230	63	1789438871433278464	1789438871433279488	1789438871433279488	1789438871433280512	1789438871433281536	13984	1	4	1	42944198591478	42944198593885
1363	95	6	230	63	1789438871433281536	1789438871433281536	1789438871433282560	1789438871433282560	1789438871433283584	13985	0	5	1	42944198598161	42944198599998
1364	95	5	10	63	1789438871433284608	1789438871433284608	1789438871433284608	1789438871433285632	1789438871433286656	13985	0	4	1	42944198603952	42944198605885
1365	95	6	10	63	1789438871433286656	1789438871433286656	1789438871433286656	1789438871433287680	1789438871433288704	13985	0	5	1	42944198610392	42944198611989
1366	95	8	452	63	1789438871433288704	1789438871433290752	1789438871433290752	1789438871433311232	1789438871433313280	13985	3	7	3	42944198620434	42944198672604
1367	95	4	232	63	1789438871433313280	1789438871433314304	1789438871433314304	1789438871433315328	1789438871433317376	13988	1	3	1	42944198679455	42944198681884
1368	95	8	232	63	1789438871433317376	1789438871433317376	1789438871433317376	1789438871433337856	1789438871433338880	13989	0	7	3	42944198686346	42944198737314
1369	95	4	12	63	1789438871433338880	1789438871433338880	1789438871433338880	1789438871433339904	1789438871433341952	13989	0	3	1	42944198741951	42944198744390
1370	95	8	12	63	1789438871433341952	1789438871433341952	1789438871433341952	1789438871433363456	1789438871433364480	13989	0	7	3	42944198749543	42944198802017
1371	95	10	68	63	1789438871433364480	1789438871433405440	1789438871433405440	1789438871433407488	1789438871433408512	13989	4	11	1	42944198908968	42944198913819
1372	95	13	68	63	1789438871433408512	1789438871433437184	1789438871433437184	1789438871433440256	1789438871433441280	13993	16	14	2	42944198989163	42944198996117
1373	95	15	68	63	1789438871433441280	1789438871433498624	1789438871433498624	1789438871433500672	1789438871433501696	14009	4	18	1	42944199143910	42944199148605
1374	95	22	196	63	1789438871433501696	1789438871433530368	1789438871433530368	1789438871433531392	1789438871433532416	14013	1	25	1	42944199223786	42944199225634
1375	95	20	230	63	1789438871433532416	1789438871433533440	1789438871433533440	1789438871433534464	1789438871433535488	14014	1	23	1	42944199231159	42944199233549
1376	95	21	230	63	1789438871433536512	1789438871433536512	1789438871433536512	1789438871433536512	1789438871433538560	14015	0	24	1	42944199238090	42944199240024
1377	95	20	10	63	1789438871433538560	1789438871433538560	1789438871433538560	1789438871433539584	1789438871433540608	14015	0	23	1	42944199244140	42944199246302
1378	95	21	10	63	1789438871433540608	1789438871433540608	1789438871433541632	1789438871433541632	1789438871433542656	14015	0	24	1	42944199250691	42944199252374
1379	95	23	452	63	1789438871433543680	1789438871433544704	1789438871433544704	1789438871433566208	1789438871433567232	14015	3	26	3	42944199260239	42944199312482
1380	96	0	67	65	1789438871433244672	1789438871433244672	1789438871433244672	1789438871433246720	1789438871433247744	14018	0	0	0	42952127201767	42952127206860
1381	96	7	195	65	1789438871433248768	1789438871433276416	1789438871433276416	1789438871433277440	1789438871433278464	14018	1	6	1	42952127281832	42952127283725
1382	96	5	229	65	1789438871433278464	1789438871433279488	1789438871433279488	1789438871433280512	1789438871433282560	14019	1	4	1	42952127289452	42952127291957
1383	96	6	229	65	1789438871433282560	1789438871433282560	1789438871433282560	1789438871433283584	1789438871433284608	14020	0	5	1	42952127296713	42952127298627
1384	96	5	9	65	1789438871433284608	1789438871433284608	1789438871433284608	1789438871433285632	1789438871433287680	14020	0	4	1	42952127302941	42952127304955
1385	96	6	9	65	1789438871433287680	1789438871433287680	1789438871433287680	1789438871433288704	1789438871433289728	14020	0	5	1	42952127309603	42952127311272
1386	96	8	451	65	1789438871433289728	1789438871433291776	1789438871433291776	1789438871433313280	1789438871433314304	14020	3	7	3	42952127320638	42952127372855
1387	96	4	231	65	1789438871433314304	1789438871433315328	1789438871433315328	1789438871433316352	1789438871433318400	14023	1	3	1	42952127379776	42952127382265
1388	96	8	231	65	1789438871433318400	1789438871433318400	1789438871433318400	1789438871433337856	1789438871433339904	14024	0	7	3	42952127386796	42952127436838
1389	96	4	11	65	1789438871433339904	1789438871433339904	1789438871433339904	1789438871433340928	1789438871433342976	14024	0	3	1	42952127441722	42952127444204
1390	96	8	11	65	1789438871433342976	1789438871433342976	1789438871433342976	1789438871433364480	1789438871433365504	14024	0	7	3	42952127449280	42952127502084
1391	96	10	67	65	1789438871433365504	1789438871433405440	1789438871433405440	1789438871433407488	1789438871433408512	14024	4	11	1	42952127606649	42952127611732
1392	96	13	67	65	1789438871433409536	1789438871433437184	1789438871433437184	1789438871433440256	1789438871433441280	14028	16	14	2	42952127686889	42952127694059
1393	96	15	67	65	1789438871433442304	1789438871433498624	1789438871433498624	1789438871433500672	1789438871433501696	14044	4	18	1	42952127841591	42952127846517
1394	96	22	195	65	1789438871433501696	1789438871433530368	1789438871433530368	1789438871433531392	1789438871433532416	14048	1	25	1	42952127921567	42952127923546
1395	96	20	229	65	1789438871433532416	1789438871433533440	1789438871433533440	1789438871433534464	1789438871433536512	14049	1	23	1	42952127929295	42952127931768
1396	96	21	229	65	1789438871433536512	1789438871433536512	1789438871433536512	1789438871433537536	1789438871433538560	14050	0	24	1	42952127936516	42952127938478
1397	96	20	9	65	1789438871433538560	1789438871433538560	1789438871433538560	1789438871433539584	1789438871433541632	14050	0	23	1	42952127942755	42952127944970
1398	96	21	9	65	1789438871433541632	1789438871433541632	1789438871433541632	1789438871433542656	1789438871433543680	14050	0	24	1	42952127949277	42952127950991
1399	96	23	451	65	1789438871433543680	1789438871433544704	1789438871433544704	1789438871433566208	1789438871433567232	14050	3	26	3	42952127957776	42952128010732
1400	97	0	66	67	1789438871433244672	1789438871433244672	1789438871433244672	1789438871433246720	1789438871433248768	14053	0	0	0	42945873243518	42945873248746
1401	97	7	194	67	1789438871433248768	1789438871433276416	1789438871433276416	1789438871433277440	1789438871433278464	14053	1	6	1	42945873323530	42945873325461
1402	97	5	228	67	1789438871433278464	1789438871433279488	1789438871433279488	1789438871433280512	1789438871433282560	14054	1	4	1	42945873331296	42945873333849
1403	97	6	228	67	1789438871433282560	1789438871433282560	1789438871433282560	1789438871433283584	1789438871433284608	14055	0	5	1	42945873338354	42945873340322
1404	97	5	8	67	1789438871433284608	1789438871433284608	1789438871433284608	1789438871433285632	1789438871433287680	14055	0	4	1	42945873344712	42945873346743
1405	97	6	8	67	1789438871433287680	1789438871433287680	1789438871433287680	1789438871433288704	1789438871433289728	14055	0	5	1	42945873351616	42945873353328
1406	97	8	450	67	1789438871433289728	1789438871433290752	1789438871433290752	1789438871433312256	1789438871433313280	14055	3	7	3	42945873359464	42945873412340
1407	97	4	230	67	1789438871433313280	1789438871433314304	1789438871433314304	1789438871433315328	1789438871433317376	14058	1	3	1	42945873419447	42945873422038
1408	97	8	230	67	1789438871433317376	1789438871433317376	1789438871433317376	1789438871433337856	1789438871433338880	14059	0	7	3	42945873426953	42945873476865
1409	97	4	10	67	1789438871433338880	1789438871433339904	1789438871433339904	1789438871433340928	1789438871433341952	14059	0	3	1	42945873481828	42945873484369
1410	97	8	10	67	1789438871433341952	1789438871433342976	1789438871433342976	1789438871433363456	1789438871433365504	14059	0	7	3	42945873489417	42945873542503
1411	97	10	66	67	1789438871433365504	1789438871433405440	1789438871433405440	1789438871433407488	1789438871433408512	14059	4	11	1	42945873648261	42945873653447
1412	97	13	66	67	1789438871433409536	1789438871433437184	1789438871433437184	1789438871433440256	1789438871433442304	14063	16	14	2	42945873728519	42945873735939
1413	97	15	66	67	1789438871433442304	1789438871433498624	1789438871433498624	1789438871433500672	1789438871433501696	14079	4	18	1	42945873883242	42945873888278
1414	97	22	194	67	1789438871433502720	1789438871433530368	1789438871433530368	1789438871433531392	1789438871433532416	14083	1	25	1	42945873963184	42945873965241
1415	97	20	228	67	1789438871433533440	1789438871433533440	1789438871433533440	1789438871433534464	1789438871433536512	14084	1	23	1	42945873971246	42945873973795
1416	97	21	228	67	1789438871433536512	1789438871433536512	1789438871433536512	1789438871433537536	1789438871433538560	14085	0	24	1	42945873978687	42945873980747
1417	97	20	8	67	1789438871433539584	1789438871433539584	1789438871433539584	1789438871433540608	1789438871433541632	14085	0	23	1	42945873985169	42945873987470
1418	97	21	8	67	1789438871433541632	1789438871433541632	1789438871433541632	1789438871433542656	1789438871433543680	14085	0	24	1	42945873992142	42945873993911
1419	97	23	450	67	1789438871433544704	1789438871433544704	1789438871433545728	1789438871433566208	1789438871433568256	14085	3	26	3	42945874000257	42945874052571
1420	98	0	65	69	1789438871433244672	1789438871433244672	1789438871433244672	1789438871433246720	1789438871433248768	14088	0	0	0	42964216851066	42964216856285
1421	98	7	193	69	1789438871433248768	1789438871433276416	1789438871433276416	1789438871433277440	1789438871433278464	14088	1	6	1	42964216931107	42964216933044
1422	98	5	227	69	1789438871433279488	1789438871433279488	1789438871433279488	1789438871433280512	1789438871433282560	14089	1	4	1	42964216939036	42964216941587
1423	98	6	227	69	1789438871433282560	1789438871433282560	1789438871433282560	1789438871433283584	1789438871433284608	14090	0	5	1	42964216946538	42964216948571
1424	98	5	7	69	1789438871433285632	1789438871433285632	1789438871433285632	1789438871433286656	1789438871433287680	14090	0	4	1	42964216953053	42964216955079
1425	98	6	7	69	1789438871433287680	1789438871433287680	1789438871433287680	1789438871433288704	1789438871433290752	14090	0	5	1	42964216959989	42964216961700
1426	98	8	449	69	1789438871433290752	1789438871433291776	1789438871433291776	1789438871433312256	1789438871433314304	14090	3	7	3	42964216968745	42964217021514
1427	98	4	229	69	1789438871433314304	1789438871433315328	1789438871433315328	1789438871433316352	1789438871433318400	14093	1	3	1	42964217028701	42964217031199
1428	98	8	229	69	1789438871433318400	1789438871433318400	1789438871433318400	1789438871433338880	1789438871433339904	14094	0	7	3	42964217035974	42964217087351
1429	98	4	9	69	1789438871433340928	1789438871433340928	1789438871433340928	1789438871433341952	1789438871433342976	14094	0	3	1	42964217092358	42964217094892
1430	98	8	9	69	1789438871433344000	1789438871433344000	1789438871433344000	1789438871433364480	1789438871433366528	14094	0	7	3	42964217100322	42964217153417
1431	98	10	65	69	1789438871433366528	1789438871433405440	1789438871433405440	1789438871433407488	1789438871433408512	14094	4	11	1	42964217255914	42964217261045
1432	98	13	65	69	1789438871433409536	1789438871433437184	1789438871433437184	1789438871433440256	1789438871433442304	14098	16	14	2	42964217336115	42964217343678
1433	98	15	65	69	1789438871433442304	1789438871433498624	1789438871433498624	1789438871433500672	1789438871433501696	14114	4	18	1	42964217490903	42964217495960
1434	98	22	193	69	1789438871433502720	1789438871433530368	1789438871433530368	1789438871433531392	1789438871433532416	14118	1	25	1	42964217570852	42964217572855
1435	98	20	227	69	1789438871433533440	1789438871433533440	1789438871433533440	1789438871433534464	1789438871433536512	14119	1	23	1	42964217578938	42964217581505
1436	98	21	227	69	1789438871433536512	1789438871433536512	1789438871433536512	1789438871433537536	1789438871433538560	14120	0	24	1	42964217586417	42964217588409
1437	98	20	7	69	1789438871433539584	1789438871433539584	1789438871433539584	1789438871433540608	1789438871433541632	14120	0	23	1	42964217592873	42964217595156
1438	98	21	7	69	1789438871433541632	1789438871433541632	1789438871433541632	1789438871433542656	1789438871433543680	14120	0	24	1	42964217599870	42964217601572
1439	98	23	449	69	1789438871433544704	1789438871433544704	1789438871433545728	1789438871433566208	1789438871433568256	14120	3	26	3	42964217607740	42964217660870
1440	99	0	64	71	1789438871433244672	1789438871433244672	1789438871433244672	1789438871433246720	1789438871433247744	14123	0	0	0	42948816629060	42948816634119
1441	99	7	192	71	1789438871433247744	1789438871433276416	1789438871433276416	1789438871433277440	1789438871433278464	14123	1	6	1	42948816709189	42948816711050
1442	99	5	226	71	1789438871433278464	1789438871433279488	1789438871433279488	1789438871433280512	1789438871433282560	14124	1	4	1	42948816716753	42948816719228
1443	99	6	226	71	1789438871433282560	1789438871433282560	1789438871433282560	1789438871433283584	1789438871433284608	14125	0	5	1	42948816723877	42948816725839
1444	99	5	6	71	1789438871433284608	1789438871433284608	1789438871433284608	1789438871433285632	1789438871433287680	14125	0	4	1	42948816730162	42948816732142
1445	99	6	6	71	1789438871433287680	1789438871433287680	1789438871433287680	1789438871433288704	1789438871433289728	14125	0	5	1	42948816736877	42948816738538
1446	99	8	448	71	1789438871433289728	1789438871433290752	1789438871433290752	1789438871433311232	1789438871433313280	14125	3	7	3	42948816745123	42948816796697
1447	99	4	228	71	1789438871433313280	1789438871433314304	1789438871433314304	1789438871433315328	1789438871433316352	14128	1	3	1	42948816803617	42948816806069
1448	99	8	228	71	1789438871433316352	1789438871433317376	1789438871433317376	1789438871433336832	1789438871433338880	14129	0	7	3	42948816810893	42948816860960
1449	99	4	8	71	1789438871433338880	1789438871433338880	1789438871433338880	1789438871433339904	1789438871433340928	14129	0	3	1	42948816865804	42948816868255
1450	99	8	8	71	1789438871433341952	1789438871433341952	1789438871433341952	1789438871433362432	1789438871433364480	14129	0	7	3	42948816873217	42948816926093
1451	99	10	64	71	1789438871433364480	1789438871433405440	1789438871433405440	1789438871433407488	1789438871433408512	14129	4	11	1	42948817034008	42948817038950
1452	99	13	64	71	1789438871433408512	1789438871433437184	1789438871433437184	1789438871433440256	1789438871433441280	14133	16	14	2	42948817114237	42948817121387
1453	99	15	64	71	1789438871433441280	1789438871433498624	1789438871433498624	1789438871433500672	1789438871433501696	14149	4	18	1	42948817269006	42948817273906
1454	99	22	192	71	1789438871433501696	1789438871433530368	1789438871433530368	1789438871433531392	1789438871433532416	14153	1	25	1	42948817348967	42948817350948
1455	99	20	226	71	1789438871433532416	1789438871433533440	1789438871433533440	1789438871433534464	1789438871433536512	14154	1	23	1	42948817356825	42948817359317
1456	99	21	226	71	1789438871433536512	1789438871433536512	1789438871433536512	1789438871433537536	1789438871433538560	14155	0	24	1	42948817364054	42948817366018
1457	99	20	6	71	1789438871433538560	1789438871433538560	1789438871433538560	1789438871433539584	1789438871433541632	14155	0	23	1	42948817370332	42948817372541
1458	99	21	6	71	1789438871433541632	1789438871433541632	1789438871433541632	1789438871433542656	1789438871433543680	14155	0	24	1	42948817377104	42948817378751
1459	99	23	448	71	1789438871433543680	1789438871433544704	1789438871433544704	1789438871433565184	1789438871433567232	14155	3	26	3	42948817384741	42948817436748
1460	100	0	63	73	1789438871433244672	1789438871433244672	1789438871433244672	1789438871433246720	1789438871433247744	14158	0	0	0	42955800416686	42955800421516
1461	100	7	191	73	1789438871433247744	1789438871433276416	1789438871433276416	1789438871433277440	1789438871433278464	14158	1	6	1	42955800496776	42955800498590
1462	100	5	225	73	1789438871433278464	1789438871433279488	1789438871433279488	1789438871433280512	1789438871433281536	14159	1	4	1	42955800504342	42955800506737
1463	100	6	225	73	1789438871433282560	1789438871433282560	1789438871433282560	1789438871433282560	1789438871433284608	14160	0	5	1	42955800511205	42955800513082
1464	100	5	5	73	1789438871433284608	1789438871433284608	1789438871433284608	1789438871433285632	1789438871433286656	14160	0	4	1	42955800517281	42955800519201
1465	100	6	5	73	1789438871433286656	1789438871433287680	1789438871433287680	1789438871433287680	1789438871433288704	14160	0	5	1	42955800523813	42955800525404
1466	100	8	447	73	1789438871433289728	1789438871433290752	1789438871433290752	1789438871433311232	1789438871433313280	14160	3	7	3	42955800533243	42955800585089
1467	100	4	227	73	1789438871433313280	1789438871433314304	1789438871433314304	1789438871433315328	1789438871433316352	14163	1	3	1	42955800591839	42955800594340
1468	100	8	227	73	1789438871433317376	1789438871433317376	1789438871433317376	1789438871433336832	1789438871433338880	14164	0	7	3	42955800599006	42955800648943
1469	100	4	7	73	1789438871433338880	1789438871433338880	1789438871433338880	1789438871433339904	1789438871433340928	14164	0	3	1	42955800653628	42955800655996
1470	100	10	63	73	1789438871433341952	1789438871433405440	1789438871433405440	1789438871433407488	1789438871433408512	14164	4	11	1	42955800821628	42955800826434
1471	100	13	63	73	1789438871433408512	1789438871433437184	1789438871433437184	1789438871433440256	1789438871433441280	14168	16	14	2	42955800901895	42955800908707
1472	100	15	63	73	1789438871433441280	1789438871433498624	1789438871433498624	1789438871433500672	1789438871433501696	14184	4	18	1	42955801056595	42955801061370
1473	100	22	191	73	1789438871433501696	1789438871433530368	1789438871433530368	1789438871433531392	1789438871433532416	14188	1	25	1	42955801136587	42955801138397
1474	100	20	225	73	1789438871433532416	1789438871433533440	1789438871433533440	1789438871433534464	1789438871433535488	14189	1	23	1	42955801144023	42955801146440
1475	100	21	225	73	1789438871433536512	1789438871433536512	1789438871433536512	1789438871433537536	1789438871433538560	14190	0	24	1	42955801151140	42955801153023
1476	100	20	5	73	1789438871433538560	1789438871433538560	1789438871433538560	1789438871433539584	1789438871433540608	14190	0	23	1	42955801157292	42955801159416
1477	100	21	5	73	1789438871433541632	1789438871433541632	1789438871433541632	1789438871433541632	1789438871433543680	14190	0	24	1	42955801163860	42955801165461
1478	100	23	447	73	1789438871433543680	1789438871433544704	1789438871433544704	1789438871433565184	1789438871433567232	14190	3	26	3	42955801172958	42955801224663
1479	100	19	257	73	1789438871433567232	1789438871433568256	1789438871433568256	1789438871433569280	1789438871433570304	14193	1	22	1	42955801231296	42955801233769
1480	101	0	62	75	1789438871433244672	1789438871433244672	1789438871433244672	1789438871433246720	1789438871433247744	14194	0	0	0	42961563695603	42961563700670
1481	101	7	190	75	1789438871433247744	1789438871433276416	1789438871433276416	1789438871433277440	1789438871433278464	14194	1	6	1	42961563775734	42961563777627
1482	101	5	224	75	1789438871433278464	1789438871433279488	1789438871433279488	1789438871433280512	1789438871433282560	14195	1	4	1	42961563783604	42961563786117
1483	101	6	224	75	1789438871433282560	1789438871433282560	1789438871433282560	1789438871433283584	1789438871433284608	14196	0	5	1	42961563790965	42961563792914
1484	101	5	4	75	1789438871433284608	1789438871433284608	1789438871433285632	1789438871433285632	1789438871433287680	14196	0	4	1	42961563797245	42961563799207
1485	101	6	4	75	1789438871433287680	1789438871433287680	1789438871433287680	1789438871433288704	1789438871433289728	14196	0	5	1	42961563804065	42961563805732
1486	101	8	446	75	1789438871433289728	1789438871433290752	1789438871433290752	1789438871433312256	1789438871433313280	14196	3	7	3	42961563811746	42961563864639
1487	101	4	226	75	1789438871433313280	1789438871433314304	1789438871433314304	1789438871433315328	1789438871433317376	14199	1	3	1	42961563871613	42961563874110
1488	101	8	226	75	1789438871433317376	1789438871433317376	1789438871433317376	1789438871433336832	1789438871433338880	14200	0	7	3	42961563878999	42961563928375
1489	101	4	6	75	1789438871433338880	1789438871433338880	1789438871433338880	1789438871433339904	1789438871433341952	14200	0	3	1	42961563933333	42961563935794
1490	101	10	62	75	1789438871433341952	1789438871433405440	1789438871433405440	1789438871433407488	1789438871433408512	14200	4	11	1	42961564100581	42961564105609
1491	101	13	62	75	1789438871433408512	1789438871433437184	1789438871433437184	1789438871433440256	1789438871433441280	14204	16	14	2	42961564180897	42961564188049
1492	101	15	62	75	1789438871433442304	1789438871433498624	1789438871433498624	1789438871433500672	1789438871433501696	14220	4	18	1	42961564335580	42961564340489
1493	101	22	190	75	1789438871433501696	1789438871433530368	1789438871433530368	1789438871433531392	1789438871433532416	14224	1	25	1	42961564415526	42961564417392
1494	101	20	224	75	1789438871433532416	1789438871433533440	1789438871433533440	1789438871433534464	1789438871433536512	14225	1	23	1	42961564423210	42961564425700
1495	101	21	224	75	1789438871433536512	1789438871433536512	1789438871433536512	1789438871433537536	1789438871433538560	14226	0	24	1	42961564430559	42961564432523
1496	101	20	4	75	1789438871433538560	1789438871433538560	1789438871433538560	1789438871433539584	1789438871433541632	14226	0	23	1	42961564436886	42961564439095
1497	101	21	4	75	1789438871433541632	1789438871433541632	1789438871433541632	1789438871433542656	1789438871433543680	14226	0	24	1	42961564443633	42961564445286
1498	101	23	446	75	1789438871433543680	1789438871433545728	1789438871433545728	1789438871433567232	1789438871433568256	14226	3	26	3	42961564454581	42961564506608
1499	101	23	257	75	1789438871433568256	1789438871433571328	1789438871433571328	1789438871433590784	1789438871433592832	14229	1	26	3	42961564519068	42961564567424
1500	102	0	61	77	1789438871433244672	1789438871433244672	1789438871433244672	1789438871433246720	1789438871433248768	14230	0	0	0	42921751088679	42921751093909
1501	102	7	189	77	1789438871433248768	1789438871433276416	1789438871433276416	1789438871433277440	1789438871433278464	14230	1	6	1	42921751168692	42921751170651
1502	102	5	223	77	1789438871433279488	1789438871433279488	1789438871433279488	1789438871433280512	1789438871433282560	14231	1	4	1	42921751176718	42921751179264
1503	102	6	223	77	1789438871433282560	1789438871433282560	1789438871433282560	1789438871433283584	1789438871433284608	14232	0	5	1	42921751184222	42921751186220
1504	102	5	3	77	1789438871433285632	1789438871433285632	1789438871433285632	1789438871433285632	1789438871433287680	14232	0	4	1	42921751190559	42921751192574
1505	102	6	3	77	1789438871433287680	1789438871433287680	1789438871433287680	1789438871433288704	1789438871433289728	14232	0	5	1	42921751197607	42921751199278
1506	102	8	445	77	1789438871433290752	1789438871433290752	1789438871433291776	1789438871433312256	1789438871433314304	14232	3	7	3	42921751205714	42921751258437
1507	102	4	225	77	1789438871433314304	1789438871433315328	1789438871433315328	1789438871433316352	1789438871433318400	14235	1	3	1	42921751265857	42921751268464
1508	102	8	225	77	1789438871433318400	1789438871433318400	1789438871433318400	1789438871433337856	1789438871433339904	14236	0	7	3	42921751273432	42921751323224
1509	102	4	1	77	1789438871433339904	1789438871433339904	1789438871433339904	1789438871433340928	1789438871433342976	14236	0	3	1	42921751328315	42921751330847
1510	102	10	61	77	1789438871433342976	1789438871433405440	1789438871433405440	1789438871433407488	1789438871433408512	14236	4	11	1	42921751493389	42921751498485
1511	102	13	61	77	1789438871433409536	1789438871433437184	1789438871433437184	1789438871433440256	1789438871433441280	14240	16	14	2	42921751573669	42921751580938
1512	102	15	61	77	1789438871433442304	1789438871433498624	1789438871433498624	1789438871433500672	1789438871433501696	14256	4	18	1	42921751728359	42921751733409
1513	102	22	189	77	1789438871433502720	1789438871433530368	1789438871433530368	1789438871433531392	1789438871433532416	14260	1	25	1	42921751808314	42921751810234
1514	102	20	223	77	1789438871433533440	1789438871433533440	1789438871433533440	1789438871433534464	1789438871433536512	14261	1	23	1	42921751816467	42921751819036
1515	102	21	223	77	1789438871433536512	1789438871433536512	1789438871433536512	1789438871433537536	1789438871433538560	14262	0	24	1	42921751823918	42921751825924
1516	102	20	3	77	1789438871433539584	1789438871433539584	1789438871433539584	1789438871433540608	1789438871433541632	14262	0	23	1	42921751830267	42921751832512
1517	102	21	3	77	1789438871433541632	1789438871433541632	1789438871433541632	1789438871433542656	1789438871433543680	14262	0	24	1	42921751837401	42921751839092
1518	102	23	445	77	1789438871433544704	1789438871433544704	1789438871433545728	1789438871433566208	1789438871433568256	14262	3	26	3	42921751845515	42921751898277
1519	102	19	256	77	1789438871433568256	1789438871433569280	1789438871433569280	1789438871433570304	1789438871433572352	14265	1	22	1	42921751905750	42921751908356
1520	103	0	60	79	1789438871433244672	1789438871433244672	1789438871433244672	1789438871433246720	1789438871433248768	14266	0	0	0	42943321999837	42943322005029
1521	103	7	188	79	1789438871433248768	1789438871433276416	1789438871433276416	1789438871433277440	1789438871433278464	14266	1	6	1	42943322079836	42943322081779
1522	103	5	222	79	1789438871433278464	1789438871433279488	1789438871433279488	1789438871433280512	1789438871433282560	14267	1	4	1	42943322087941	42943322090468
1523	103	6	222	79	1789438871433282560	1789438871433282560	1789438871433282560	1789438871433283584	1789438871433284608	14268	0	5	1	42943322095254	42943322097221
1524	103	5	2	79	1789438871433284608	1789438871433285632	1789438871433285632	1789438871433285632	1789438871433287680	14268	0	4	1	42943322101654	42943322103695
1525	103	6	2	79	1789438871433287680	1789438871433287680	1789438871433287680	1789438871433288704	1789438871433289728	14268	0	5	1	42943322108620	42943322110332
1526	103	8	444	79	1789438871433289728	1789438871433290752	1789438871433291776	1789438871433312256	1789438871433313280	14268	3	7	3	42943322116703	42943322169014
1527	103	4	224	79	1789438871433314304	1789438871433315328	1789438871433315328	1789438871433316352	1789438871433317376	14271	1	3	1	42943322176296	42943322178840
1528	103	8	224	79	1789438871433317376	1789438871433317376	1789438871433317376	1789438871433337856	1789438871433339904	14272	0	7	3	42943322183147	42943322234284
1529	103	4	0	79	1789438871433339904	1789438871433339904	1789438871433339904	1789438871433340928	1789438871433342976	14272	0	3	1	42943322239330	42943322241948
1530	103	10	60	79	1789438871433342976	1789438871433405440	1789438871433405440	1789438871433407488	1789438871433408512	14272	4	11	1	42943322404606	42943322409813
1531	103	13	60	79	1789438871433409536	1789438871433437184	1789438871433437184	1789438871433440256	1789438871433442304	14276	16	14	2	42943322484904	42943322492266
1532	103	15	60	79	1789438871433442304	1789438871433498624	1789438871433498624	1789438871433500672	1789438871433501696	14292	4	18	1	42943322639531	42943322644607
1533	103	22	188	79	1789438871433502720	1789438871433530368	1789438871433530368	1789438871433531392	1789438871433532416	14296	1	25	1	42943322719511	42943322721490
1534	103	20	222	79	1789438871433533440	1789438871433533440	1789438871433533440	1789438871433534464	1789438871433536512	14297	1	23	1	42943322727710	42943322730222
1535	103	21	222	79	1789438871433536512	1789438871433536512	1789438871433536512	1789438871433537536	1789438871433538560	14298	0	24	1	42943322735206	42943322737205
1536	103	20	2	79	1789438871433539584	1789438871433539584	1789438871433539584	1789438871433540608	1789438871433541632	14298	0	23	1	42943322741705	42943322743984
1537	103	21	2	79	1789438871433541632	1789438871433541632	1789438871433542656	1789438871433542656	1789438871433544704	14298	0	24	1	42943322748673	42943322750387
1538	103	23	444	79	1789438871433544704	1789438871433545728	1789438871433545728	1789438871433566208	1789438871433568256	14298	3	26	3	42943322757254	42943322809670
1539	103	23	256	79	1789438871433568256	1789438871433572352	1789438871433572352	1789438871433592832	1789438871433593856	14301	1	26	3	42943322825334	42943322875412
1540	104	0	59	81	1789438871433244672	1789438871433244672	1789438871433244672	1789438871433246720	1789438871433247744	14302	0	0	0	42953061576049	42953061581197
1541	104	7	187	81	1789438871433248768	1789438871433276416	1789438871433276416	1789438871433277440	1789438871433278464	14302	1	6	1	42953061656062	42953061657932
1542	104	5	221	81	1789438871433278464	1789438871433279488	1789438871433279488	1789438871433280512	1789438871433282560	14303	1	4	1	42953061663722	42953061666218
1543	104	6	221	81	1789438871433282560	1789438871433282560	1789438871433282560	1789438871433283584	1789438871433284608	14304	0	5	1	42953061670922	42953061672847
1544	104	4	511	81	1789438871433284608	1789438871433285632	1789438871433285632	1789438871433286656	1789438871433287680	14304	1	3	1	42953061678728	42953061681267
1545	104	8	443	81	1789438871433288704	1789438871433290752	1789438871433290752	1789438871433311232	1789438871433313280	14305	3	7	3	42953061692189	42953061744145
1546	104	4	223	81	1789438871433313280	1789438871433313280	1789438871433313280	1789438871433314304	1789438871433316352	14308	0	3	1	42953061749142	42953061751747
1547	104	8	223	81	1789438871433316352	1789438871433316352	1789438871433316352	1789438871433335808	1789438871433337856	14308	0	7	3	42953061756701	42953061805853
1548	104	10	59	81	1789438871433337856	1789438871433405440	1789438871433405440	1789438871433407488	1789438871433408512	14308	4	11	1	42953061980933	42953061985936
1549	104	13	59	81	1789438871433408512	1789438871433437184	1789438871433437184	1789438871433440256	1789438871433441280	14312	16	14	2	42953062061262	42953062068393
1550	104	15	59	81	1789438871433442304	1789438871433498624	1789438871433498624	1789438871433500672	1789438871433501696	14328	4	18	1	42953062215882	42953062220750
1551	104	22	187	81	1789438871433501696	1789438871433530368	1789438871433530368	1789438871433531392	1789438871433532416	14332	1	25	1	42953062295840	42953062297732
1552	104	20	221	81	1789438871433532416	1789438871433533440	1789438871433533440	1789438871433534464	1789438871433536512	14333	1	23	1	42953062303538	42953062306037
1553	104	21	221	81	1789438871433536512	1789438871433536512	1789438871433536512	1789438871433537536	1789438871433538560	14334	0	24	1	42953062310870	42953062312816
1554	104	19	511	81	1789438871433538560	1789438871433539584	1789438871433539584	1789438871433540608	1789438871433542656	14334	1	22	1	42953062318803	42953062321277
1555	104	23	443	81	1789438871433542656	1789438871433544704	1789438871433544704	1789438871433565184	1789438871433567232	14335	3	26	3	42953062331844	42953062383977
1556	104	19	255	81	1789438871433567232	1789438871433567232	1789438871433567232	1789438871433568256	1789438871433570304	14338	0	22	1	42953062388871	42953062391446
1557	104	23	255	81	1789438871433570304	1789438871433570304	1789438871433570304	1789438871433589760	1789438871433590784	14338	0	26	3	42953062396566	42953062444581
1558	104	19	103	81	1789438871433591808	1789438871433591808	1789438871433591808	1789438871433592832	1789438871433593856	14338	0	22	1	42953062449536	42953062451984
1559	104	23	103	81	1789438871433593856	1789438871433594880	1789438871433594880	1789438871433615360	1789438871433616384	14338	0	26	3	42953062456890	42953062508670
1560	105	0	58	83	1789438871433244672	1789438871433244672	1789438871433244672	1789438871433246720	1789438871433247744	14338	0	0	0	42910819616596	42910819621599
1561	105	7	186	83	1789438871433247744	1789438871433276416	1789438871433276416	1789438871433277440	1789438871433278464	14338	1	6	1	42910819696624	42910819698450
1562	105	5	220	83	1789438871433278464	1789438871433279488	1789438871433279488	1789438871433280512	1789438871433281536	14339	1	4	1	42910819704132	42910819706515
1563	105	6	220	83	1789438871433282560	1789438871433282560	1789438871433282560	1789438871433282560	1789438871433284608	14340	0	5	1	42910819710968	42910819712816
1564	105	4	510	83	1789438871433284608	1789438871433285632	1789438871433285632	1789438871433286656	1789438871433287680	14340	1	3	1	42910819718552	42910819721015
1565	105	8	442	83	1789438871433287680	1789438871433290752	1789438871433290752	1789438871433312256	1789438871433313280	14341	3	7	3	42910819732831	42910819785149
1566	105	4	222	83	1789438871433313280	1789438871433313280	1789438871433313280	1789438871433314304	1789438871433316352	14344	0	3	1	42910819790052	42910819792600
1567	105	8	222	83	1789438871433316352	1789438871433316352	1789438871433316352	1789438871433335808	1789438871433337856	14344	0	7	3	42910819797166	42910819845914
1568	105	10	58	83	1789438871433337856	1789438871433405440	1789438871433405440	1789438871433407488	1789438871433408512	14344	4	11	1	42910820021304	42910820026166
1569	105	13	58	83	1789438871433408512	1789438871433437184	1789438871433437184	1789438871433440256	1789438871433441280	14348	16	14	2	42910820101579	42910820108450
1570	105	15	58	83	1789438871433441280	1789438871433498624	1789438871433498624	1789438871433500672	1789438871433501696	14364	4	18	1	42910820256200	42910820260951
1571	105	22	186	83	1789438871433501696	1789438871433530368	1789438871433530368	1789438871433531392	1789438871433532416	14368	1	25	1	42910820336109	42910820338010
1572	105	20	220	83	1789438871433532416	1789438871433533440	1789438871433533440	1789438871433534464	1789438871433535488	14369	1	23	1	42910820343764	42910820346192
1573	105	21	220	83	1789438871433536512	1789438871433536512	1789438871433536512	1789438871433537536	1789438871433538560	14370	0	24	1	42910820350781	42910820352649
1574	105	19	510	83	1789438871433538560	1789438871433539584	1789438871433539584	1789438871433540608	1789438871433541632	14370	1	22	1	42910820358428	42910820360806
1575	105	23	442	83	1789438871433541632	1789438871433544704	1789438871433544704	1789438871433565184	1789438871433567232	14371	3	26	3	42910820372571	42910820424125
1576	105	19	254	83	1789438871433567232	1789438871433567232	1789438871433567232	1789438871433568256	1789438871433570304	14374	0	22	1	42910820428964	42910820431532
1577	105	23	254	83	1789438871433570304	1789438871433570304	1789438871433570304	1789438871433588736	1789438871433590784	14374	0	26	3	42910820436199	42910820483730
1578	105	19	102	83	1789438871433590784	1789438871433590784	1789438871433590784	1789438871433591808	1789438871433593856	14374	0	22	1	42910820488517	42910820490903
1579	105	23	102	83	1789438871433593856	1789438871433593856	1789438871433593856	1789438871433614336	1789438871433615360	14374	0	26	3	42910820495546	42910820547248
1580	106	0	57	85	1789438871433244672	1789438871433244672	1789438871433244672	1789438871433246720	1789438871433247744	14374	0	0	0	42944198504058	42944198508823
1581	106	7	185	85	1789438871433247744	1789438871433276416	1789438871433276416	1789438871433277440	1789438871433278464	14374	1	6	1	42944198584040	42944198585847
1582	106	5	219	85	1789438871433278464	1789438871433279488	1789438871433279488	1789438871433280512	1789438871433281536	14375	1	4	1	42944198591293	42944198593639
1583	106	6	219	85	1789438871433281536	1789438871433281536	1789438871433282560	1789438871433282560	1789438871433283584	14376	0	5	1	42944198598090	42944198599872
1584	106	4	509	85	1789438871433284608	1789438871433284608	1789438871433284608	1789438871433285632	1789438871433287680	14376	1	3	1	42944198605349	42944198607704
1585	106	8	441	85	1789438871433287680	1789438871433290752	1789438871433290752	1789438871433311232	1789438871433313280	14377	3	7	3	42944198620216	42944198671872
1586	106	4	221	85	1789438871433313280	1789438871433313280	1789438871433313280	1789438871433314304	1789438871433316352	14380	0	3	1	42944198676607	42944198679091
1587	106	8	221	85	1789438871433316352	1789438871433316352	1789438871433316352	1789438871433335808	1789438871433336832	14380	0	7	3	42944198683873	42944198732510
1588	106	10	57	85	1789438871433336832	1789438871433405440	1789438871433405440	1789438871433407488	1789438871433408512	14380	4	11	1	42944198908892	42944198913543
1589	106	13	57	85	1789438871433408512	1789438871433437184	1789438871433437184	1789438871433440256	1789438871433441280	14384	16	14	2	42944198989086	42944198995722
1590	106	15	57	85	1789438871433441280	1789438871433498624	1789438871433498624	1789438871433500672	1789438871433501696	14400	4	18	1	42944199143776	42944199148304
1591	106	22	185	85	1789438871433501696	1789438871433530368	1789438871433530368	1789438871433531392	1789438871433532416	14404	1	25	1	42944199223625	42944199225477
1592	106	20	219	85	1789438871433532416	1789438871433533440	1789438871433533440	1789438871433534464	1789438871433535488	14405	1	23	1	42944199230801	42944199233163
1593	106	21	219	85	1789438871433535488	1789438871433535488	1789438871433535488	1789438871433536512	1789438871433537536	14406	0	24	1	42944199237610	42944199239426
1594	106	19	509	85	1789438871433538560	1789438871433538560	1789438871433538560	1789438871433539584	1789438871433541632	14406	1	22	1	42944199244699	42944199247019
1595	106	23	441	85	1789438871433541632	1789438871433544704	1789438871433544704	1789438871433565184	1789438871433567232	14407	3	26	3	42944199259754	42944199311958
1596	106	19	253	85	1789438871433567232	1789438871433567232	1789438871433567232	1789438871433568256	1789438871433570304	14410	0	22	1	42944199316615	42944199319055
1597	106	23	253	85	1789438871433570304	1789438871433570304	1789438871433570304	1789438871433588736	1789438871433590784	14410	0	26	3	42944199323654	42944199370804
1598	106	19	101	85	1789438871433590784	1789438871433590784	1789438871433590784	1789438871433591808	1789438871433592832	14410	0	22	1	42944199375425	42944199377734
1599	106	23	101	85	1789438871433592832	1789438871433593856	1789438871433593856	1789438871433614336	1789438871433615360	14410	0	26	3	42944199382235	42944199433873
1600	107	0	56	87	1789438871433244672	1789438871433244672	1789438871433244672	1789438871433246720	1789438871433247744	14410	0	0	0	42952127201740	42952127206744
1601	107	7	184	87	1789438871433247744	1789438871433276416	1789438871433276416	1789438871433277440	1789438871433278464	14410	1	6	1	42952127281726	42952127283587
1602	107	5	218	87	1789438871433278464	1789438871433279488	1789438871433279488	1789438871433280512	1789438871433281536	14411	1	4	1	42952127289299	42952127291732
1603	107	6	218	87	1789438871433282560	1789438871433282560	1789438871433282560	1789438871433283584	1789438871433284608	14412	0	5	1	42952127296386	42952127298266
1604	107	4	508	87	1789438871433284608	1789438871433285632	1789438871433285632	1789438871433286656	1789438871433287680	14412	1	3	1	42952127303958	42952127306415
1605	107	8	440	87	1789438871433287680	1789438871433290752	1789438871433290752	1789438871433312256	1789438871433313280	14413	3	7	3	42952127318165	42952127370472
1606	107	4	220	87	1789438871433313280	1789438871433313280	1789438871433313280	1789438871433314304	1789438871433316352	14416	0	3	1	42952127375280	42952127377863
1607	107	8	220	87	1789438871433316352	1789438871433316352	1789438871433316352	1789438871433335808	1789438871433337856	14416	0	7	3	42952127382414	42952127431502
1608	107	10	56	87	1789438871433337856	1789438871433405440	1789438871433405440	1789438871433407488	1789438871433408512	14416	4	11	1	42952127606594	42952127611447
1609	107	13	56	87	1789438871433408512	1789438871433437184	1789438871433437184	1789438871433440256	1789438871433441280	14420	16	14	2	42952127686809	42952127693682
1610	107	15	56	87	1789438871433441280	1789438871433498624	1789438871433498624	1789438871433500672	1789438871433501696	14436	4	18	1	42952127841514	42952127846258
1611	107	22	184	87	1789438871433501696	1789438871433530368	1789438871433530368	1789438871433531392	1789438871433532416	14440	1	25	1	42952127921456	42952127923324
1612	107	20	218	87	1789438871433532416	1789438871433533440	1789438871433533440	1789438871433534464	1789438871433536512	14441	1	23	1	42952127929136	42952127931578
1613	107	21	218	87	1789438871433536512	1789438871433536512	1789438871433536512	1789438871433537536	1789438871433538560	14442	0	24	1	42952127936198	42952127938102
1614	107	19	508	87	1789438871433538560	1789438871433539584	1789438871433539584	1789438871433540608	1789438871433541632	14442	1	22	1	42952127943912	42952127946295
1615	107	23	440	87	1789438871433541632	1789438871433544704	1789438871433544704	1789438871433566208	1789438871433567232	14443	3	26	3	42952127957893	42952128010279
1616	107	19	252	87	1789438871433567232	1789438871433567232	1789438871433567232	1789438871433568256	1789438871433570304	14446	0	22	1	42952128015035	42952128017455
1617	107	23	252	87	1789438871433570304	1789438871433570304	1789438871433570304	1789438871433589760	1789438871433590784	14446	0	26	3	42952128022478	42952128069585
1618	107	19	100	87	1789438871433590784	1789438871433590784	1789438871433590784	1789438871433591808	1789438871433593856	14446	0	22	1	42952128074420	42952128076809
1619	107	23	100	87	1789438871433593856	1789438871433593856	1789438871433593856	1789438871433614336	1789438871433616384	14446	0	26	3	42952128081498	42952128133174
1620	108	0	55	89	1789438871433244672	1789438871433244672	1789438871433244672	1789438871433246720	1789438871433247744	14446	0	0	0	42945873243473	42945873248644
1621	108	7	183	89	1789438871433248768	1789438871433276416	1789438871433276416	1789438871433277440	1789438871433278464	14446	1	6	1	42945873323400	42945873325277
1622	108	5	217	89	1789438871433278464	1789438871433279488	1789438871433279488	1789438871433280512	1789438871433282560	14447	1	4	1	42945873331032	42945873333533
1623	108	6	217	89	1789438871433282560	1789438871433282560	1789438871433282560	1789438871433283584	1789438871433284608	14448	0	5	1	42945873338148	42945873340073
1624	108	4	507	89	1789438871433284608	1789438871433285632	1789438871433285632	1789438871433286656	1789438871433287680	14448	1	3	1	42945873345991	42945873348506
1625	108	8	439	89	1789438871433288704	1789438871433290752	1789438871433290752	1789438871433311232	1789438871433313280	14449	3	7	3	42945873359436	42945873411355
1626	108	4	219	89	1789438871433313280	1789438871433313280	1789438871433313280	1789438871433314304	1789438871433316352	14452	0	3	1	42945873416305	42945873418948
1627	108	8	219	89	1789438871433316352	1789438871433316352	1789438871433316352	1789438871433334784	1789438871433336832	14452	0	7	3	42945873423780	42945873470461
1628	108	10	55	89	1789438871433336832	1789438871433405440	1789438871433405440	1789438871433407488	1789438871433408512	14452	4	11	1	42945873648198	42945873653207
1629	108	13	55	89	1789438871433408512	1789438871433437184	1789438871433437184	1789438871433440256	1789438871433441280	14456	16	14	2	42945873728534	42945873735742
1630	108	15	55	89	1789438871433442304	1789438871433498624	1789438871433498624	1789438871433500672	1789438871433501696	14472	4	18	1	42945873883097	42945873887976
1631	108	22	183	89	1789438871433501696	1789438871433530368	1789438871433530368	1789438871433531392	1789438871433532416	14476	1	25	1	42945873963054	42945873964962
1632	108	20	217	89	1789438871433532416	1789438871433533440	1789438871433533440	1789438871433534464	1789438871433536512	14477	1	23	1	42945873970934	42945873973455
1633	108	21	217	89	1789438871433536512	1789438871433536512	1789438871433536512	1789438871433537536	1789438871433538560	14478	0	24	1	42945873978217	42945873980159
1634	108	19	507	89	1789438871433538560	1789438871433539584	1789438871433539584	1789438871433540608	1789438871433542656	14478	1	22	1	42945873986007	42945873988465
1635	108	23	439	89	1789438871433542656	1789438871433544704	1789438871433544704	1789438871433565184	1789438871433567232	14479	3	26	3	42945873999108	42945874051300
1636	108	19	251	89	1789438871433567232	1789438871433567232	1789438871433567232	1789438871433568256	1789438871433570304	14482	0	22	1	42945874056305	42945874058883
1637	108	23	251	89	1789438871433570304	1789438871433570304	1789438871433570304	1789438871433588736	1789438871433590784	14482	0	26	3	42945874063774	42945874110730
1638	108	19	99	89	1789438871433590784	1789438871433590784	1789438871433590784	1789438871433591808	1789438871433593856	14482	0	22	1	42945874115698	42945874118145
1639	108	23	99	89	1789438871433593856	1789438871433593856	1789438871433593856	1789438871433614336	1789438871433616384	14482	0	26	3	42945874123001	42945874174694
1640	109	0	54	91	1789438871433244672	1789438871433244672	1789438871433244672	1789438871433246720	1789438871433247744	14482	0	0	0	42964216850966	42964216856066
1641	109	7	182	91	1789438871433248768	1789438871433276416	1789438871433276416	1789438871433277440	1789438871433278464	14482	1	6	1	42964216930964	42964216932861
1642	109	5	216	91	1789438871433278464	1789438871433279488	1789438871433279488	1789438871433280512	1789438871433282560	14483	1	4	1	42964216938730	42964216941216
1643	109	6	216	91	1789438871433282560	1789438871433282560	1789438871433282560	1789438871433283584	1789438871433284608	14484	0	5	1	42964216945929	42964216947900
1644	109	4	506	91	1789438871433284608	1789438871433285632	1789438871433285632	1789438871433286656	1789438871433288704	14484	1	3	1	42964216953841	42964216956313
1645	109	8	438	91	1789438871433288704	1789438871433290752	1789438871433290752	1789438871433312256	1789438871433313280	14485	3	7	3	42964216967039	42964217020165
1646	109	4	218	91	1789438871433313280	1789438871433314304	1789438871433314304	1789438871433315328	1789438871433316352	14488	0	3	1	42964217025117	42964217027751
1647	109	8	218	91	1789438871433316352	1789438871433317376	1789438871433317376	1789438871433335808	1789438871433337856	14488	0	7	3	42964217032565	42964217081225
1648	109	10	54	91	1789438871433337856	1789438871433405440	1789438871433405440	1789438871433407488	1789438871433408512	14488	4	11	1	42964217255827	42964217260735
1649	109	13	54	91	1789438871433408512	1789438871433437184	1789438871433437184	1789438871433440256	1789438871433441280	14492	16	14	2	42964217336089	42964217343207
1650	109	15	54	91	1789438871433441280	1789438871433498624	1789438871433498624	1789438871433500672	1789438871433501696	14508	4	18	1	42964217490768	42964217495635
1651	109	22	182	91	1789438871433501696	1789438871433530368	1789438871433530368	1789438871433531392	1789438871433532416	14512	1	25	1	42964217570736	42964217572621
1652	109	20	216	91	1789438871433532416	1789438871433533440	1789438871433533440	1789438871433534464	1789438871433536512	14513	1	23	1	42964217578645	42964217581136
1653	109	21	216	91	1789438871433536512	1789438871433536512	1789438871433536512	1789438871433537536	1789438871433538560	14514	0	24	1	42964217585920	42964217587873
1654	109	19	506	91	1789438871433538560	1789438871433539584	1789438871433539584	1789438871433540608	1789438871433542656	14514	1	22	1	42964217594065	42964217596557
1655	109	23	438	91	1789438871433542656	1789438871433544704	1789438871433544704	1789438871433566208	1789438871433567232	14515	3	26	3	42964217607068	42964217659275
1656	109	19	250	91	1789438871433567232	1789438871433567232	1789438871433567232	1789438871433569280	1789438871433570304	14518	0	22	1	42964217664261	42964217667023
1657	109	23	250	91	1789438871433570304	1789438871433570304	1789438871433570304	1789438871433589760	1789438871433591808	14518	0	26	3	42964217671882	42964217719931
1658	109	19	98	91	1789438871433591808	1789438871433591808	1789438871433591808	1789438871433592832	1789438871433593856	14518	0	22	1	42964217724862	42964217727318
1659	109	23	98	91	1789438871433594880	1789438871433594880	1789438871433594880	1789438871433615360	1789438871433616384	14518	0	26	3	42964217732175	42964217783946
1660	110	0	53	93	1789438871433244672	1789438871433244672	1789438871433244672	1789438871433246720	1789438871433247744	14518	0	0	0	42948816629070	42948816633933
1661	110	7	181	93	1789438871433247744	1789438871433276416	1789438871433276416	1789438871433277440	1789438871433278464	14518	1	6	1	42948816709002	42948816710881
1662	110	5	215	93	1789438871433278464	1789438871433279488	1789438871433279488	1789438871433280512	1789438871433281536	14519	1	4	1	42948816716603	42948816718965
1663	110	6	215	93	1789438871433282560	1789438871433282560	1789438871433282560	1789438871433282560	1789438871433284608	14520	0	5	1	42948816723481	42948816725385
1664	110	4	505	93	1789438871433284608	1789438871433285632	1789438871433285632	1789438871433286656	1789438871433287680	14520	1	3	1	42948816731111	42948816733505
1665	110	8	437	93	1789438871433287680	1789438871433290752	1789438871433290752	1789438871433311232	1789438871433313280	14521	3	7	3	42948816745531	42948816797317
1666	110	4	217	93	1789438871433313280	1789438871433313280	1789438871433313280	1789438871433314304	1789438871433316352	14524	0	3	1	42948816802169	42948816804633
1667	110	8	217	93	1789438871433316352	1789438871433316352	1789438871433316352	1789438871433335808	1789438871433337856	14524	0	7	3	42948816809539	42948816858402
1668	110	10	53	93	1789438871433337856	1789438871433405440	1789438871433405440	1789438871433407488	1789438871433408512	14524	4	11	1	42948817033935	42948817038750
1669	110	13	53	93	1789438871433408512	1789438871433437184	1789438871433437184	1789438871433440256	1789438871433441280	14528	16	14	2	42948817114192	42948817120986
1670	110	15	53	93	1789438871433441280	1789438871433498624	1789438871433498624	1789438871433500672	1789438871433501696	14544	4	18	1	42948817268866	42948817273667
1671	110	22	181	93	1789438871433501696	1789438871433530368	1789438871433530368	1789438871433531392	1789438871433532416	14548	1	25	1	42948817348835	42948817350665
1672	110	20	215	93	1789438871433532416	1789438871433533440	1789438871433533440	1789438871433534464	1789438871433535488	14549	1	23	1	42948817356279	42948817358693
1673	110	21	215	93	1789438871433536512	1789438871433536512	1789438871433536512	1789438871433537536	1789438871433538560	14550	0	24	1	42948817363369	42948817365269
1674	110	19	505	93	1789438871433538560	1789438871433539584	1789438871433539584	1789438871433540608	1789438871433541632	14550	1	22	1	42948817371308	42948817373645
1675	110	23	437	93	1789438871433541632	1789438871433544704	1789438871433544704	1789438871433565184	1789438871433567232	14551	3	26	3	42948817385255	42948817437141
1676	110	19	249	93	1789438871433567232	1789438871433567232	1789438871433567232	1789438871433568256	1789438871433570304	14554	0	22	1	42948817441880	42948817444379
1677	110	23	249	93	1789438871433570304	1789438871433570304	1789438871433570304	1789438871433588736	1789438871433590784	14554	0	26	3	42948817449359	42948817495739
1678	110	19	97	93	1789438871433590784	1789438871433590784	1789438871433590784	1789438871433591808	1789438871433592832	14554	0	22	1	42948817500517	42948817502898
1679	110	23	97	93	1789438871433593856	1789438871433593856	1789438871433593856	1789438871433614336	1789438871433615360	14554	0	26	3	42948817507557	42948817559195
1680	111	0	52	95	1789438871433244672	1789438871433244672	1789438871433244672	1789438871433246720	1789438871433247744	14554	0	0	0	42955800416685	42955800421428
1681	111	7	180	95	1789438871433247744	1789438871433276416	1789438871433276416	1789438871433277440	1789438871433278464	14554	1	6	1	42955800496584	42955800498401
1682	111	5	214	95	1789438871433278464	1789438871433279488	1789438871433279488	1789438871433280512	1789438871433281536	14555	1	4	1	42955800503985	42955800506321
1683	111	6	214	95	1789438871433281536	1789438871433281536	1789438871433282560	1789438871433282560	1789438871433283584	14556	0	5	1	42955800510664	42955800512497
1684	111	4	504	95	1789438871433284608	1789438871433284608	1789438871433284608	1789438871433285632	1789438871433287680	14556	1	3	1	42955800518051	42955800520387
1685	111	8	436	95	1789438871433287680	1789438871433290752	1789438871433290752	1789438871433311232	1789438871433313280	14557	3	7	3	42955800533048	42955800585242
1686	111	4	216	95	1789438871433313280	1789438871433313280	1789438871433313280	1789438871433314304	1789438871433316352	14560	0	3	1	42955800589896	42955800592468
1687	111	8	216	95	1789438871433316352	1789438871433316352	1789438871433316352	1789438871433335808	1789438871433336832	14560	0	7	3	42955800596972	42955800644653
1688	111	10	52	95	1789438871433336832	1789438871433405440	1789438871433405440	1789438871433407488	1789438871433408512	14560	4	11	1	42955800821549	42955800826201
1689	111	13	52	95	1789438871433408512	1789438871433437184	1789438871433437184	1789438871433440256	1789438871433441280	14564	16	14	2	42955800901802	42955800908381
1690	111	15	52	95	1789438871433441280	1789438871433498624	1789438871433498624	1789438871433500672	1789438871433501696	14580	4	18	1	42955801056434	42955801061086
1691	111	22	180	95	1789438871433501696	1789438871433530368	1789438871433530368	1789438871433531392	1789438871433532416	14584	1	25	1	42955801136406	42955801138214
1692	111	20	214	95	1789438871433532416	1789438871433533440	1789438871433533440	1789438871433534464	1789438871433535488	14585	1	23	1	42955801143721	42955801145996
1693	111	21	214	95	1789438871433535488	1789438871433535488	1789438871433536512	1789438871433536512	1789438871433537536	14586	0	24	1	42955801150479	42955801152301
1694	111	19	504	95	1789438871433538560	1789438871433538560	1789438871433538560	1789438871433539584	1789438871433541632	14586	1	22	1	42955801157879	42955801160227
1695	111	23	436	95	1789438871433541632	1789438871433544704	1789438871433544704	1789438871433565184	1789438871433567232	14587	3	26	3	42955801172578	42955801224098
1696	111	19	248	95	1789438871433567232	1789438871433567232	1789438871433567232	1789438871433568256	1789438871433569280	14590	0	22	1	42955801228724	42955801231235
1697	111	23	248	95	1789438871433570304	1789438871433570304	1789438871433570304	1789438871433588736	1789438871433590784	14590	0	26	3	42955801236067	42955801283467
1698	111	19	96	95	1789438871433590784	1789438871433590784	1789438871433590784	1789438871433591808	1789438871433592832	14590	0	22	1	42955801288064	42955801290369
1699	111	23	96	95	1789438871433592832	1789438871433593856	1789438871433593856	1789438871433614336	1789438871433615360	14590	0	26	3	42955801294919	42955801346323
1700	112	0	51	97	1789438871433244672	1789438871433244672	1789438871433244672	1789438871433246720	1789438871433247744	14590	0	0	0	42961563695626	42961563700562
1701	112	7	179	97	1789438871433247744	1789438871433276416	1789438871433276416	1789438871433277440	1789438871433278464	14590	1	6	1	42961563775596	42961563777427
1702	112	5	213	97	1789438871433278464	1789438871433279488	1789438871433279488	1789438871433280512	1789438871433281536	14591	1	4	1	42961563783214	42961563785637
1703	112	6	213	97	1789438871433282560	1789438871433282560	1789438871433282560	1789438871433283584	1789438871433284608	14592	0	5	1	42961563790308	42961563792207
1704	112	4	503	97	1789438871433284608	1789438871433285632	1789438871433285632	1789438871433286656	1789438871433287680	14592	1	3	1	42961563797947	42961563800370
1705	112	8	435	97	1789438871433287680	1789438871433290752	1789438871433290752	1789438871433311232	1789438871433313280	14593	3	7	3	42961563812052	42961563864141
1706	112	4	215	97	1789438871433313280	1789438871433313280	1789438871433313280	1789438871433314304	1789438871433316352	14596	0	3	1	42961563868845	42961563871399
1707	112	8	215	97	1789438871433316352	1789438871433316352	1789438871433316352	1789438871433335808	1789438871433336832	14596	0	7	3	42961563876353	42961563924267
1708	112	10	51	97	1789438871433336832	1789438871433405440	1789438871433405440	1789438871433407488	1789438871433408512	14596	4	11	1	42961564100503	42961564105313
1709	112	13	51	97	1789438871433408512	1789438871433437184	1789438871433437184	1789438871433440256	1789438871433441280	14600	16	14	2	42961564180709	42961564187529
1710	112	15	51	97	1789438871433441280	1789438871433498624	1789438871433498624	1789438871433500672	1789438871433501696	14616	4	18	1	42961564335422	42961564340202
1711	112	22	179	97	1789438871433501696	1789438871433530368	1789438871433530368	1789438871433531392	1789438871433532416	14620	1	25	1	42961564415403	42961564417227
1712	112	20	213	97	1789438871433532416	1789438871433533440	1789438871433533440	1789438871433534464	1789438871433535488	14621	1	23	1	42961564422868	42961564425283
1713	112	21	213	97	1789438871433536512	1789438871433536512	1789438871433536512	1789438871433537536	1789438871433538560	14622	0	24	1	42961564429961	42961564431854
1714	112	19	503	97	1789438871433538560	1789438871433539584	1789438871433539584	1789438871433540608	1789438871433541632	14622	1	22	1	42961564437872	42961564440294
1715	112	23	435	97	1789438871433541632	1789438871433544704	1789438871433544704	1789438871433565184	1789438871433567232	14623	3	26	3	42961564451843	42961564503908
1716	112	19	247	97	1789438871433567232	1789438871433567232	1789438871433567232	1789438871433568256	1789438871433570304	14626	0	22	1	42961564508624	42961564511230
1717	112	23	247	97	1789438871433570304	1789438871433570304	1789438871433570304	1789438871433588736	1789438871433590784	14626	0	26	3	42961564516171	42961564562051
1718	112	19	95	97	1789438871433590784	1789438871433590784	1789438871433590784	1789438871433591808	1789438871433592832	14626	0	22	1	42961564566879	42961564569258
1719	112	23	95	97	1789438871433592832	1789438871433593856	1789438871433593856	1789438871433614336	1789438871433615360	14626	0	26	3	42961564573871	42961564625583
1720	113	0	50	99	1789438871433244672	1789438871433244672	1789438871433244672	1789438871433246720	1789438871433247744	14626	0	0	0	42921751088625	42921751093760
1721	113	7	178	99	1789438871433248768	1789438871433276416	1789438871433276416	1789438871433277440	1789438871433278464	14626	1	6	1	42921751168554	42921751170437
1722	113	5	212	99	1789438871433278464	1789438871433279488	1789438871433279488	1789438871433280512	1789438871433282560	14627	1	4	1	42921751176462	42921751178951
1723	113	6	212	99	1789438871433282560	1789438871433282560	1789438871433282560	1789438871433283584	1789438871433284608	14628	0	5	1	42921751183586	42921751185537
1724	113	4	502	99	1789438871433284608	1789438871433285632	1789438871433285632	1789438871433286656	1789438871433287680	14628	1	3	1	42921751191519	42921751194020
1725	113	8	434	99	1789438871433288704	1789438871433290752	1789438871433290752	1789438871433311232	1789438871433313280	14629	3	7	3	42921751204760	42921751256710
1726	113	4	214	99	1789438871433313280	1789438871433313280	1789438871433313280	1789438871433314304	1789438871433316352	14632	0	3	1	42921751261644	42921751264295
1727	113	8	214	99	1789438871433316352	1789438871433316352	1789438871433316352	1789438871433335808	1789438871433336832	14632	0	7	3	42921751268977	42921751316284
1728	113	10	50	99	1789438871433336832	1789438871433405440	1789438871433405440	1789438871433407488	1789438871433408512	14632	4	11	1	42921751493318	42921751498281
1729	113	13	50	99	1789438871433408512	1789438871433437184	1789438871433437184	1789438871433440256	1789438871433441280	14636	16	14	2	42921751573550	42921751580639
1730	113	15	50	99	1789438871433441280	1789438871433498624	1789438871433498624	1789438871433500672	1789438871433501696	14652	4	18	1	42921751728206	42921751733104
1731	113	22	178	99	1789438871433501696	1789438871433530368	1789438871433530368	1789438871433531392	1789438871433532416	14656	1	25	1	42921751808182	42921751810070
1732	113	20	212	99	1789438871433532416	1789438871433533440	1789438871433533440	1789438871433534464	1789438871433536512	14657	1	23	1	42921751816098	42921751818579
1733	113	21	212	99	1789438871433536512	1789438871433536512	1789438871433536512	1789438871433537536	1789438871433538560	14658	0	24	1	42921751823411	42921751825367
1734	113	19	502	99	1789438871433538560	1789438871433539584	1789438871433539584	1789438871433540608	1789438871433542656	14658	1	22	1	42921751831555	42921751834046
1735	113	23	434	99	1789438871433542656	1789438871433544704	1789438871433544704	1789438871433565184	1789438871433567232	14659	3	26	3	42921751844726	42921751896603
1736	113	19	246	99	1789438871433567232	1789438871433567232	1789438871433567232	1789438871433568256	1789438871433570304	14662	0	22	1	42921751901489	42921751904019
1737	113	23	246	99	1789438871433570304	1789438871433570304	1789438871433570304	1789438871433589760	1789438871433590784	14662	0	26	3	42921751909207	42921751956841
1738	113	19	94	99	1789438871433591808	1789438871433591808	1789438871433591808	1789438871433592832	1789438871433593856	14662	0	22	1	42921751961825	42921751964283
1739	113	23	94	99	1789438871433593856	1789438871433594880	1789438871433594880	1789438871433615360	1789438871433616384	14662	0	26	3	42921751969046	42921752020604
1740	114	0	49	101	1789438871433244672	1789438871433244672	1789438871433244672	1789438871433246720	1789438871433247744	14662	0	0	0	42943321999803	42943322004870
1741	114	7	177	101	1789438871433248768	1789438871433276416	1789438871433276416	1789438871433277440	1789438871433278464	14662	1	6	1	42943322079699	42943322081586
1742	114	5	211	101	1789438871433278464	1789438871433279488	1789438871433279488	1789438871433280512	1789438871433282560	14663	1	4	1	42943322087362	42943322089875
1743	114	6	211	101	1789438871433282560	1789438871433282560	1789438871433282560	1789438871433283584	1789438871433284608	14664	0	5	1	42943322094491	42943322096412
1744	114	4	501	101	1789438871433284608	1789438871433285632	1789438871433285632	1789438871433286656	1789438871433287680	14664	1	3	1	42943322102325	42943322104840
1745	114	8	433	101	1789438871433287680	1789438871433290752	1789438871433290752	1789438871433312256	1789438871433313280	14665	3	7	3	42943322115856	42943322168846
1746	114	4	213	101	1789438871433314304	1789438871433314304	1789438871433314304	1789438871433315328	1789438871433316352	14668	0	3	1	42943322173820	42943322176526
1747	114	8	213	101	1789438871433316352	1789438871433316352	1789438871433317376	1789438871433336832	1789438871433337856	14668	0	7	3	42943322181181	42943322230452
1748	114	10	49	101	1789438871433337856	1789438871433405440	1789438871433405440	1789438871433407488	1789438871433408512	14668	4	11	1	42943322404545	42943322409641
1749	114	13	49	101	1789438871433409536	1789438871433437184	1789438871433437184	1789438871433440256	1789438871433441280	14672	16	14	2	42943322484794	42943322491940
1750	114	15	49	101	1789438871433441280	1789438871433498624	1789438871433498624	1789438871433500672	1789438871433501696	14688	4	18	1	42943322639382	42943322644310
1751	114	22	177	101	1789438871433501696	1789438871433530368	1789438871433530368	1789438871433531392	1789438871433532416	14692	1	25	1	42943322719392	42943322721332
1752	114	20	211	101	1789438871433532416	1789438871433533440	1789438871433533440	1789438871433534464	1789438871433536512	14693	1	23	1	42943322727307	42943322729816
1753	114	21	211	101	1789438871433536512	1789438871433536512	1789438871433536512	1789438871433537536	1789438871433538560	14694	0	24	1	42943322734604	42943322736567
1754	114	19	501	101	1789438871433538560	1789438871433539584	1789438871433539584	1789438871433540608	1789438871433542656	14694	1	22	1	42943322742728	42943322745206
1755	114	23	433	101	1789438871433542656	1789438871433544704	1789438871433544704	1789438871433565184	1789438871433567232	14695	3	26	3	42943322755702	42943322807519
1756	114	19	245	101	1789438871433567232	1789438871433567232	1789438871433567232	1789438871433568256	1789438871433570304	14698	0	22	1	42943322812376	42943322814972
1757	114	23	245	101	1789438871433570304	1789438871433570304	1789438871433570304	1789438871433589760	1789438871433590784	14698	0	26	3	42943322819853	42943322867401
1758	114	19	93	101	1789438871433590784	1789438871433590784	1789438871433591808	1789438871433591808	1789438871433593856	14698	0	22	1	42943322872401	42943322874849
1759	114	23	93	101	1789438871433593856	1789438871433593856	1789438871433593856	1789438871433614336	1789438871433616384	14698	0	26	3	42943322879589	42943322931417
1760	115	0	48	103	1789438871433244672	1789438871433244672	1789438871433244672	1789438871433246720	1789438871433247744	14698	0	0	0	42953061575984	42953061580845
1761	115	7	176	103	1789438871433247744	1789438871433276416	1789438871433276416	1789438871433277440	1789438871433278464	14698	1	6	1	42953061655927	42953061657779
1762	115	5	210	103	1789438871433278464	1789438871433279488	1789438871433279488	1789438871433280512	1789438871433281536	14699	1	4	1	42953061663390	42953061665811
1763	115	6	210	103	1789438871433282560	1789438871433282560	1789438871433282560	1789438871433282560	1789438871433284608	14700	0	5	1	42953061670357	42953061672228
1764	115	4	500	103	1789438871433284608	1789438871433285632	1789438871433285632	1789438871433286656	1789438871433287680	14700	1	3	1	42953061677970	42953061680423
1765	115	8	432	103	1789438871433287680	1789438871433290752	1789438871433290752	1789438871433312256	1789438871433313280	14701	3	7	3	42953061692363	42953061744552
1766	115	4	212	103	1789438871433313280	1789438871433313280	1789438871433313280	1789438871433314304	1789438871433316352	14704	0	3	1	42953061749251	42953061751741
1767	115	8	212	103	1789438871433316352	1789438871433316352	1789438871433316352	1789438871433335808	1789438871433337856	14704	0	7	3	42953061756676	42953061805524
1768	115	10	48	103	1789438871433337856	1789438871433405440	1789438871433405440	1789438871433407488	1789438871433408512	14704	4	11	1	42953061980856	42953061985831
1769	115	13	48	103	1789438871433408512	1789438871433437184	1789438871433437184	1789438871433440256	1789438871433441280	14708	16	14	2	42953062061162	42953062068023
1770	115	15	48	103	1789438871433441280	1789438871433498624	1789438871433498624	1789438871433500672	1789438871433501696	14724	4	18	1	42953062215716	42953062220562
1771	115	22	176	103	1789438871433501696	1789438871433530368	1789438871433530368	1789438871433531392	1789438871433532416	14728	1	25	1	42953062295660	42953062297564
1772	115	20	210	103	1789438871433532416	1789438871433533440	1789438871433533440	1789438871433534464	1789438871433535488	14729	1	23	1	42953062303367	42953062305777
1773	115	21	210	103	1789438871433536512	1789438871433536512	1789438871433536512	1789438871433537536	1789438871433538560	14730	0	24	1	42953062310384	42953062312280
1774	115	19	500	103	1789438871433538560	1789438871433539584	1789438871433539584	1789438871433540608	1789438871433541632	14730	1	22	1	42953062318014	42953062320415
1775	115	23	432	103	1789438871433541632	1789438871433544704	1789438871433544704	1789438871433565184	1789438871433567232	14731	3	26	3	42953062332155	42953062384166
1776	115	19	244	103	1789438871433567232	1789438871433567232	1789438871433567232	1789438871433568256	1789438871433570304	14734	0	22	1	42953062388953	42953062391461
1777	115	23	244	103	1789438871433570304	1789438871433570304	1789438871433570304	1789438871433588736	1789438871433590784	14734	0	26	3	42953062396437	42953062442640
1778	115	19	92	103	1789438871433590784	1789438871433590784	1789438871433590784	1789438871433591808	1789438871433592832	14734	0	22	1	42953062447589	42953062449964
1779	115	23	92	103	1789438871433593856	1789438871433593856	1789438871433593856	1789438871433614336	1789438871433615360	14734	0	26	3	42953062454690	42953062506341
1780	116	0	47	105	1789438871433244672	1789438871433244672	1789438871433244672	1789438871433246720	1789438871433247744	14734	0	0	0	42910819616568	42910819621306
1781	116	7	175	105	1789438871433247744	1789438871433276416	1789438871433276416	1789438871433277440	1789438871433278464	14734	1	6	1	42910819696427	42910819698213
1782	116	5	209	105	1789438871433278464	1789438871433279488	1789438871433279488	1789438871433280512	1789438871433281536	14735	1	4	1	42910819703721	42910819706066
1783	116	6	209	105	1789438871433281536	1789438871433281536	1789438871433282560	1789438871433282560	1789438871433283584	14736	0	5	1	42910819710532	42910819712315
1784	116	4	499	105	1789438871433284608	1789438871433284608	1789438871433284608	1789438871433285632	1789438871433287680	14736	1	3	1	42910819717786	42910819720163
1785	116	8	431	105	1789438871433287680	1789438871433290752	1789438871433290752	1789438871433311232	1789438871433312256	14737	3	7	3	42910819732617	42910819783701
1786	116	4	211	105	1789438871433313280	1789438871433313280	1789438871433313280	1789438871433314304	1789438871433315328	14740	0	3	1	42910819788199	42910819790729
1787	116	8	211	105	1789438871433315328	1789438871433316352	1789438871433316352	1789438871433334784	1789438871433336832	14740	0	7	3	42910819795502	42910819843907
1788	116	10	47	105	1789438871433336832	1789438871433405440	1789438871433405440	1789438871433407488	1789438871433408512	14740	4	11	1	42910820021215	42910820025974
1789	116	13	47	105	1789438871433408512	1789438871433437184	1789438871433437184	1789438871433440256	1789438871433441280	14744	16	14	2	42910820101442	42910820108074
1790	116	15	47	105	1789438871433441280	1789438871433498624	1789438871433498624	1789438871433500672	1789438871433501696	14760	4	18	1	42910820256026	42910820260698
1791	116	22	175	105	1789438871433501696	1789438871433530368	1789438871433530368	1789438871433531392	1789438871433532416	14764	1	25	1	42910820335979	42910820337818
1792	116	20	209	105	1789438871433532416	1789438871433533440	1789438871433533440	1789438871433534464	1789438871433535488	14765	1	23	1	42910820343184	42910820345534
1793	116	21	209	105	1789438871433535488	1789438871433535488	1789438871433536512	1789438871433536512	1789438871433537536	14766	0	24	1	42910820350007	42910820351828
1794	116	19	499	105	1789438871433538560	1789438871433538560	1789438871433538560	1789438871433539584	1789438871433541632	14766	1	22	1	42910820357304	42910820359655
1795	116	23	431	105	1789438871433541632	1789438871433544704	1789438871433544704	1789438871433565184	1789438871433566208	14767	3	26	3	42910820372091	42910820423336
1796	116	19	243	105	1789438871433567232	1789438871433567232	1789438871433567232	1789438871433568256	1789438871433569280	14770	0	22	1	42910820427927	42910820430346
1797	116	23	243	105	1789438871433569280	1789438871433570304	1789438871433570304	1789438871433588736	1789438871433590784	14770	0	26	3	42910820435081	42910820482892
1798	116	19	91	105	1789438871433590784	1789438871433590784	1789438871433590784	1789438871433591808	1789438871433592832	14770	0	22	1	42910820487600	42910820489887
1799	116	23	91	105	1789438871433592832	1789438871433592832	1789438871433593856	1789438871433614336	1789438871433615360	14770	0	26	3	42910820494308	42910820545759
1800	117	0	46	107	1789438871433244672	1789438871433244672	1789438871433244672	1789438871433246720	1789438871433247744	14770	0	0	0	42944198504064	42944198508682
1801	117	7	174	107	1789438871433247744	1789438871433276416	1789438871433276416	1789438871433277440	1789438871433278464	14770	1	6	1	42944198583969	42944198585699
1802	117	5	208	107	1789438871433278464	1789438871433279488	1789438871433279488	1789438871433280512	1789438871433281536	14771	1	4	1	42944198590915	42944198593200
1803	117	6	208	107	1789438871433281536	1789438871433281536	1789438871433281536	1789438871433282560	1789438871433283584	14772	0	5	1	42944198597366	42944198599133
1804	117	4	498	107	1789438871433283584	1789438871433284608	1789438871433284608	1789438871433285632	1789438871433286656	14772	1	3	1	42944198604385	42944198606677
1805	117	8	430	107	1789438871433286656	1789438871433290752	1789438871433290752	1789438871433311232	1789438871433313280	14773	3	7	3	42944198620059	42944198671719
1806	117	4	210	107	1789438871433313280	1789438871433313280	1789438871433313280	1789438871433314304	1789438871433315328	14776	0	3	1	42944198676083	42944198678511
1807	117	8	210	107	1789438871433315328	1789438871433315328	1789438871433316352	1789438871433334784	1789438871433336832	14776	0	7	3	42944198683108	42944198731657
1808	117	10	46	107	1789438871433336832	1789438871433405440	1789438871433405440	1789438871433407488	1789438871433408512	14776	4	11	1	42944198908853	42944198913496
1809	117	13	46	107	1789438871433408512	1789438871433437184	1789438871433437184	1789438871433440256	1789438871433441280	14780	16	14	2	42944198988963	42944198995405
1810	117	15	46	107	1789438871433441280	1789438871433498624	1789438871433498624	1789438871433500672	1789438871433501696	14796	4	18	1	42944199143660	42944199148171
1811	117	22	174	107	1789438871433501696	1789438871433530368	1789438871433530368	1789438871433531392	1789438871433532416	14800	1	25	1	42944199223596	42944199225406
1812	117	20	208	107	1789438871433532416	1789438871433533440	1789438871433533440	1789438871433534464	1789438871433535488	14801	1	23	1	42944199230612	42944199232910
1813	117	21	208	107	1789438871433535488	1789438871433535488	1789438871433535488	1789438871433536512	1789438871433537536	14802	0	24	1	42944199237223	42944199239000
1814	117	19	498	107	1789438871433537536	1789438871433538560	1789438871433538560	1789438871433539584	1789438871433540608	14802	1	22	1	42944199244251	42944199246554
1815	117	23	430	107	1789438871433540608	1789438871433544704	1789438871433544704	1789438871433565184	1789438871433567232	14803	3	26	3	42944199259712	42944199311499
1816	117	19	242	107	1789438871433567232	1789438871433567232	1789438871433567232	1789438871433568256	1789438871433569280	14806	0	22	1	42944199315797	42944199318052
1817	117	23	242	107	1789438871433569280	1789438871433570304	1789438871433570304	1789438871433588736	1789438871433590784	14806	0	26	3	42944199322946	42944199370624
1818	117	19	90	107	1789438871433590784	1789438871433590784	1789438871433590784	1789438871433591808	1789438871433592832	14806	0	22	1	42944199375045	42944199377280
1819	117	23	90	107	1789438871433592832	1789438871433592832	1789438871433592832	1789438871433613312	1789438871433615360	14806	0	26	3	42944199381550	42944199433000
1820	118	0	45	109	1789438871433244672	1789438871433244672	1789438871433244672	1789438871433246720	1789438871433247744	14806	0	0	0	42952127201723	42952127206471
1821	118	7	173	109	1789438871433247744	1789438871433276416	1789438871433276416	1789438871433277440	1789438871433278464	14806	1	6	1	42952127281619	42952127283394
1822	118	5	207	109	1789438871433278464	1789438871433279488	1789438871433279488	1789438871433280512	1789438871433281536	14807	1	4	1	42952127288774	42952127291127
1823	118	6	207	109	1789438871433281536	1789438871433281536	1789438871433282560	1789438871433282560	1789438871433283584	14808	0	5	1	42952127295581	42952127297465
1824	118	4	497	109	1789438871433284608	1789438871433284608	1789438871433284608	1789438871433285632	1789438871433287680	14808	1	3	1	42952127302953	42952127305329
1825	118	8	429	109	1789438871433287680	1789438871433290752	1789438871433290752	1789438871433311232	1789438871433313280	14809	3	7	3	42952127317885	42952127369610
1826	118	4	209	109	1789438871433313280	1789438871433313280	1789438871433313280	1789438871433314304	1789438871433316352	14812	0	3	1	42952127374276	42952127376760
1827	118	8	209	109	1789438871433316352	1789438871433316352	1789438871433316352	1789438871433335808	1789438871433336832	14812	0	7	3	42952127381504	42952127430298
1828	118	10	45	109	1789438871433336832	1789438871433405440	1789438871433405440	1789438871433407488	1789438871433408512	14812	4	11	1	42952127606542	42952127611289
1829	118	13	45	109	1789438871433408512	1789438871433437184	1789438871433437184	1789438871433440256	1789438871433441280	14816	16	14	2	42952127686697	42952127693369
1830	118	15	45	109	1789438871433441280	1789438871433498624	1789438871433498624	1789438871433500672	1789438871433501696	14832	4	18	1	42952127841382	42952127846010
1831	118	22	173	109	1789438871433501696	1789438871433530368	1789438871433530368	1789438871433531392	1789438871433532416	14836	1	25	1	42952127921314	42952127923196
1832	118	20	207	109	1789438871433532416	1789438871433533440	1789438871433533440	1789438871433534464	1789438871433535488	14837	1	23	1	42952127928608	42952127930974
1833	118	21	207	109	1789438871433535488	1789438871433535488	1789438871433536512	1789438871433536512	1789438871433537536	14838	0	24	1	42952127935330	42952127937187
1834	118	19	497	109	1789438871433538560	1789438871433538560	1789438871433538560	1789438871433539584	1789438871433541632	14838	1	22	1	42952127942695	42952127945059
1835	118	23	429	109	1789438871433541632	1789438871433544704	1789438871433544704	1789438871433566208	1789438871433567232	14839	3	26	3	42952127957526	42952128010263
1836	118	19	241	109	1789438871433567232	1789438871433567232	1789438871433567232	1789438871433568256	1789438871433570304	14842	0	22	1	42952128014850	42952128017204
1837	118	23	241	109	1789438871433570304	1789438871433570304	1789438871433570304	1789438871433589760	1789438871433590784	14842	0	26	3	42952128022041	42952128070594
1838	118	19	89	109	1789438871433591808	1789438871433591808	1789438871433591808	1789438871433592832	1789438871433593856	14842	0	22	1	42952128075216	42952128077518
1839	118	23	89	109	1789438871433593856	1789438871433593856	1789438871433593856	1789438871433614336	1789438871433616384	14842	0	26	3	42952128082026	42952128133500
1840	119	0	44	111	1789438871433244672	1789438871433244672	1789438871433244672	1789438871433246720	1789438871433247744	14842	0	0	0	42945873243458	42945873248314
1841	119	7	172	111	1789438871433247744	1789438871433276416	1789438871433276416	1789438871433277440	1789438871433278464	14842	1	6	1	42945873323318	42945873325128
1842	119	5	206	111	1789438871433278464	1789438871433279488	1789438871433279488	1789438871433280512	1789438871433281536	14843	1	4	1	42945873330864	42945873333274
1843	119	6	206	111	1789438871433282560	1789438871433282560	1789438871433282560	1789438871433282560	1789438871433284608	14844	0	5	1	42945873337742	42945873339666
1844	119	4	496	111	1789438871433284608	1789438871433285632	1789438871433285632	1789438871433286656	1789438871433287680	14844	1	3	1	42945873345270	42945873347712
1845	119	8	428	111	1789438871433287680	1789438871433290752	1789438871433290752	1789438871433312256	1789438871433313280	14845	3	7	3	42945873359816	42945873412531
1846	119	4	208	111	1789438871433313280	1789438871433314304	1789438871433314304	1789438871433315328	1789438871433316352	14848	0	3	1	42945873417332	42945873419898
1847	119	8	208	111	1789438871433316352	1789438871433316352	1789438871433316352	1789438871433335808	1789438871433337856	14848	0	7	3	42945873424436	42945873473543
1848	119	10	44	111	1789438871433337856	1789438871433405440	1789438871433405440	1789438871433407488	1789438871433408512	14848	4	11	1	42945873648161	42945873653145
1849	119	13	44	111	1789438871433408512	1789438871433437184	1789438871433437184	1789438871433440256	1789438871433441280	14852	16	14	2	42945873728296	42945873735181
1850	119	15	44	111	1789438871433441280	1789438871433498624	1789438871433498624	1789438871433500672	1789438871433501696	14868	4	18	1	42945873882985	42945873887827
1851	119	22	172	111	1789438871433501696	1789438871433530368	1789438871433530368	1789438871433531392	1789438871433532416	14872	1	25	1	42945873962915	42945873964848
1852	119	20	206	111	1789438871433532416	1789438871433533440	1789438871433533440	1789438871433534464	1789438871433535488	14873	1	23	1	42945873970615	42945873973057
1853	119	21	206	111	1789438871433536512	1789438871433536512	1789438871433536512	1789438871433537536	1789438871433538560	14874	0	24	1	42945873977691	42945873979584
1854	119	19	496	111	1789438871433538560	1789438871433539584	1789438871433539584	1789438871433540608	1789438871433541632	14874	1	22	1	42945873985279	42945873987722
1855	119	23	428	111	1789438871433541632	1789438871433544704	1789438871433544704	1789438871433566208	1789438871433567232	14875	3	26	3	42945873999507	42945874051978
1856	119	19	240	111	1789438871433567232	1789438871433567232	1789438871433568256	1789438871433569280	1789438871433570304	14878	0	22	1	42945874056732	42945874059314
1857	119	23	240	111	1789438871433570304	1789438871433570304	1789438871433570304	1789438871433589760	1789438871433591808	14878	0	26	3	42945874064071	42945874112603
1858	119	19	88	111	1789438871433591808	1789438871433591808	1789438871433591808	1789438871433592832	1789438871433593856	14878	0	22	1	42945874117402	42945874119794
1859	119	23	88	111	1789438871433594880	1789438871433594880	1789438871433594880	1789438871433615360	1789438871433616384	14878	0	26	3	42945874124443	42945874176147
1860	120	0	43	113	1789438871433244672	1789438871433244672	1789438871433244672	1789438871433246720	1789438871433247744	14878	0	0	0	42964216851000	42964216855923
1861	120	7	171	113	1789438871433247744	1789438871433276416	1789438871433276416	1789438871433277440	1789438871433278464	14878	1	6	1	42964216930873	42964216932695
1862	120	5	205	113	1789438871433278464	1789438871433279488	1789438871433279488	1789438871433280512	1789438871433281536	14879	1	4	1	42964216938398	42964216940834
1863	120	6	205	113	1789438871433282560	1789438871433282560	1789438871433282560	1789438871433283584	1789438871433284608	14880	0	5	1	42964216945443	42964216947373
1864	120	4	495	113	1789438871433284608	1789438871433285632	1789438871433285632	1789438871433286656	1789438871433287680	14880	1	3	1	42964216953160	42964216955581
1865	120	8	427	113	1789438871433287680	1789438871433290752	1789438871433290752	1789438871433311232	1789438871433313280	14881	3	7	3	42964216967363	42964217019030
1866	120	4	207	113	1789438871433313280	1789438871433313280	1789438871433313280	1789438871433314304	1789438871433316352	14884	0	3	1	42964217023842	42964217026320
1867	120	8	207	113	1789438871433316352	1789438871433316352	1789438871433316352	1789438871433335808	1789438871433336832	14884	0	7	3	42964217031107	42964217079982
1868	120	10	43	113	1789438871433337856	1789438871433405440	1789438871433405440	1789438871433407488	1789438871433408512	14884	4	11	1	42964217255784	42964217260676
1869	120	13	43	113	1789438871433408512	1789438871433437184	1789438871433437184	1789438871433440256	1789438871433441280	14888	16	14	2	42964217335908	42964217342849
1870	120	15	43	113	1789438871433441280	1789438871433498624	1789438871433498624	1789438871433500672	1789438871433501696	14904	4	18	1	42964217490648	42964217495522
1871	120	22	171	113	1789438871433501696	1789438871433530368	1789438871433530368	1789438871433531392	1789438871433532416	14908	1	25	1	42964217570652	42964217572461
1872	120	20	205	113	1789438871433532416	1789438871433533440	1789438871433533440	1789438871433534464	1789438871433536512	14909	1	23	1	42964217578321	42964217580737
1873	120	21	205	113	1789438871433536512	1789438871433536512	1789438871433536512	1789438871433537536	1789438871433538560	14910	0	24	1	42964217585480	42964217587409
1874	120	19	495	113	1789438871433538560	1789438871433539584	1789438871433539584	1789438871433540608	1789438871433541632	14910	1	22	1	42964217593357	42964217595784
1875	120	23	427	113	1789438871433541632	1789438871433544704	1789438871433544704	1789438871433566208	1789438871433567232	14911	3	26	3	42964217606900	42964217659572
1876	120	19	239	113	1789438871433567232	1789438871433567232	1789438871433567232	1789438871433568256	1789438871433570304	14914	0	22	1	42964217664323	42964217666915
1877	120	23	239	113	1789438871433570304	1789438871433570304	1789438871433570304	1789438871433589760	1789438871433591808	14914	0	26	3	42964217671919	42964217720101
1878	120	19	87	113	1789438871433591808	1789438871433591808	1789438871433591808	1789438871433592832	1789438871433593856	14914	0	22	1	42964217724940	42964217727343
1879	120	23	87	113	1789438871433594880	1789438871433594880	1789438871433594880	1789438871433615360	1789438871433616384	14914	0	26	3	42964217731993	42964217783779
1880	121	0	42	115	1789438871433244672	1789438871433244672	1789438871433244672	1789438871433246720	1789438871433247744	14914	0	0	0	42948816629083	42948816633828
1881	121	7	170	115	1789438871433247744	1789438871433276416	1789438871433276416	1789438871433277440	1789438871433278464	14914	1	6	1	42948816708911	42948816710760
1882	121	5	204	115	1789438871433278464	1789438871433279488	1789438871433279488	1789438871433280512	1789438871433281536	14915	1	4	1	42948816716278	42948816718622
1883	121	6	204	115	1789438871433281536	1789438871433281536	1789438871433282560	1789438871433282560	1789438871433284608	14916	0	5	1	42948816723005	42948816724864
1884	121	4	494	115	1789438871433284608	1789438871433284608	1789438871433284608	1789438871433285632	1789438871433287680	14916	1	3	1	42948816730466	42948816732811
1885	121	8	426	115	1789438871433287680	1789438871433290752	1789438871433290752	1789438871433311232	1789438871433313280	14917	3	7	3	42948816745459	42948816797169
1886	121	4	206	115	1789438871433313280	1789438871433313280	1789438871433313280	1789438871433314304	1789438871433316352	14920	0	3	1	42948816801956	42948816804383
1887	121	8	206	115	1789438871433316352	1789438871433316352	1789438871433316352	1789438871433335808	1789438871433336832	14920	0	7	3	42948816808972	42948816857360
1888	121	10	42	115	1789438871433336832	1789438871433405440	1789438871433405440	1789438871433407488	1789438871433408512	14920	4	11	1	42948817033891	42948817038609
1889	121	13	42	115	1789438871433408512	1789438871433437184	1789438871433437184	1789438871433440256	1789438871433441280	14924	16	14	2	42948817114006	42948817120619
1890	121	15	42	115	1789438871433441280	1789438871433498624	1789438871433498624	1789438871433500672	1789438871433501696	14940	4	18	1	42948817268768	42948817273457
1891	121	22	170	115	1789438871433501696	1789438871433530368	1789438871433530368	1789438871433531392	1789438871433532416	14944	1	25	1	42948817348694	42948817350546
1892	121	20	204	115	1789438871433532416	1789438871433533440	1789438871433533440	1789438871433534464	1789438871433535488	14945	1	23	1	42948817356206	42948817358550
1893	121	21	204	115	1789438871433535488	1789438871433536512	1789438871433536512	1789438871433536512	1789438871433538560	14946	0	24	1	42948817363099	42948817364932
1894	121	19	494	115	1789438871433538560	1789438871433538560	1789438871433538560	1789438871433539584	1789438871433541632	14946	1	22	1	42948817370386	42948817372738
1895	121	23	426	115	1789438871433541632	1789438871433544704	1789438871433544704	1789438871433565184	1789438871433566208	14947	3	26	3	42948817385216	42948817436177
1896	121	19	238	115	1789438871433567232	1789438871433567232	1789438871433567232	1789438871433568256	1789438871433569280	14950	0	22	1	42948817440839	42948817443326
1897	121	23	238	115	1789438871433569280	1789438871433570304	1789438871433570304	1789438871433588736	1789438871433590784	14950	0	26	3	42948817448148	42948817496114
1898	121	19	86	115	1789438871433590784	1789438871433590784	1789438871433590784	1789438871433591808	1789438871433592832	14950	0	22	1	42948817500779	42948817503132
1899	121	23	86	115	1789438871433593856	1789438871433593856	1789438871433593856	1789438871433614336	1789438871433615360	14950	0	26	3	42948817507633	42948817559129
1900	122	0	41	117	1789438871433244672	1789438871433244672	1789438871433244672	1789438871433246720	1789438871433247744	14950	0	0	0	42955800416709	42955800421370
1901	122	7	169	117	1789438871433247744	1789438871433276416	1789438871433276416	1789438871433277440	1789438871433278464	14950	1	6	1	42955800496547	42955800498315
1902	122	5	203	117	1789438871433278464	1789438871433279488	1789438871433279488	1789438871433280512	1789438871433281536	14951	1	4	1	42955800503646	42955800505928
1903	122	6	203	117	1789438871433281536	1789438871433281536	1789438871433281536	1789438871433282560	1789438871433283584	14952	0	5	1	42955800510211	42955800511996
1904	122	4	493	117	1789438871433283584	1789438871433284608	1789438871433284608	1789438871433285632	1789438871433286656	14952	1	3	1	42955800517376	42955800519655
1905	122	8	425	117	1789438871433287680	1789438871433290752	1789438871433290752	1789438871433311232	1789438871433312256	14953	3	7	3	42955800532747	42955800584257
1906	122	4	205	117	1789438871433313280	1789438871433313280	1789438871433313280	1789438871433314304	1789438871433315328	14956	0	3	1	42955800588687	42955800590958
1907	122	8	205	117	1789438871433315328	1789438871433316352	1789438871433316352	1789438871433334784	1789438871433336832	14956	0	7	3	42955800595874	42955800644037
1908	122	10	41	117	1789438871433336832	1789438871433405440	1789438871433405440	1789438871433407488	1789438871433408512	14956	4	11	1	42955800821518	42955800826024
1909	122	13	41	117	1789438871433408512	1789438871433437184	1789438871433437184	1789438871433440256	1789438871433441280	14960	16	14	2	42955800901584	42955800907992
1910	122	15	41	117	1789438871433441280	1789438871433498624	1789438871433498624	1789438871433500672	1789438871433501696	14976	4	18	1	42955801056351	42955801060838
1911	122	22	169	117	1789438871433501696	1789438871433530368	1789438871433530368	1789438871433531392	1789438871433532416	14980	1	25	1	42955801136320	42955801138085
1912	122	20	203	117	1789438871433532416	1789438871433533440	1789438871433533440	1789438871433534464	1789438871433535488	14981	1	23	1	42955801143406	42955801145701
1913	122	21	203	117	1789438871433535488	1789438871433535488	1789438871433535488	1789438871433536512	1789438871433537536	14982	0	24	1	42955801150032	42955801151810
1914	122	19	493	117	1789438871433537536	1789438871433538560	1789438871433538560	1789438871433539584	1789438871433540608	14982	1	22	1	42955801157169	42955801159462
1915	122	23	425	117	1789438871433541632	1789438871433544704	1789438871433544704	1789438871433565184	1789438871433566208	14983	3	26	3	42955801172472	42955801223584
1916	122	19	237	117	1789438871433566208	1789438871433567232	1789438871433567232	1789438871433568256	1789438871433569280	14986	0	22	1	42955801228041	42955801230338
1917	122	23	237	117	1789438871433569280	1789438871433569280	1789438871433569280	1789438871433588736	1789438871433590784	14986	0	26	3	42955801235273	42955801283410
1918	122	19	85	117	1789438871433590784	1789438871433590784	1789438871433590784	1789438871433591808	1789438871433592832	14986	0	22	1	42955801287864	42955801290134
1919	122	23	85	117	1789438871433592832	1789438871433592832	1789438871433592832	1789438871433613312	1789438871433615360	14986	0	26	3	42955801294474	42955801345923
1920	123	0	40	119	1789438871433244672	1789438871433244672	1789438871433244672	1789438871433246720	1789438871433247744	14986	0	0	0	42961563695625	42961563700424
1921	123	7	168	119	1789438871433247744	1789438871433276416	1789438871433276416	1789438871433277440	1789438871433278464	14986	1	6	1	42961563775457	42961563777313
1922	123	5	202	119	1789438871433278464	1789438871433279488	1789438871433279488	1789438871433280512	1789438871433281536	14987	1	4	1	42961563782861	42961563785240
1923	123	6	202	119	1789438871433281536	1789438871433282560	1789438871433282560	1789438871433282560	1789438871433284608	14988	0	5	1	42961563789625	42961563791475
1924	123	4	492	119	1789438871433284608	1789438871433284608	1789438871433284608	1789438871433285632	1789438871433287680	14988	1	3	1	42961563796971	42961563799328
1925	123	8	424	119	1789438871433287680	1789438871433290752	1789438871433290752	1789438871433311232	1789438871433313280	14989	3	7	3	42961563812106	42961563863210
1926	123	4	204	119	1789438871433313280	1789438871433313280	1789438871433313280	1789438871433314304	1789438871433315328	14992	0	3	1	42961563867896	42961563870409
1927	123	8	204	119	1789438871433316352	1789438871433316352	1789438871433316352	1789438871433335808	1789438871433336832	14992	0	7	3	42961563875264	42961563923980
1928	123	10	40	119	1789438871433336832	1789438871433405440	1789438871433405440	1789438871433407488	1789438871433408512	14992	4	11	1	42961564100450	42961564105175
1929	123	13	40	119	1789438871433408512	1789438871433437184	1789438871433437184	1789438871433440256	1789438871433441280	14996	16	14	2	42961564180548	42961564187274
1930	123	15	40	119	1789438871433441280	1789438871433498624	1789438871433498624	1789438871433500672	1789438871433501696	15012	4	18	1	42961564335320	42961564340035
1931	123	22	168	119	1789438871433501696	1789438871433530368	1789438871433530368	1789438871433531392	1789438871433532416	15016	1	25	1	42961564415253	42961564417103
1932	123	20	202	119	1789438871433532416	1789438871433533440	1789438871433533440	1789438871433534464	1789438871433535488	15017	1	23	1	42961564422775	42961564425142
1933	123	21	202	119	1789438871433536512	1789438871433536512	1789438871433536512	1789438871433536512	1789438871433538560	15018	0	24	1	42961564429690	42961564431537
1934	123	19	492	119	1789438871433538560	1789438871433538560	1789438871433539584	1789438871433539584	1789438871433541632	15018	1	22	1	42961564436974	42961564439339
1935	123	23	424	119	1789438871433541632	1789438871433544704	1789438871433544704	1789438871433565184	1789438871433567232	15019	3	26	3	42961564451815	42961564503527
1936	123	19	236	119	1789438871433567232	1789438871433567232	1789438871433567232	1789438871433568256	1789438871433569280	15022	0	22	1	42961564508203	42961564510693
1937	123	23	236	119	1789438871433570304	1789438871433570304	1789438871433570304	1789438871433588736	1789438871433590784	15022	0	26	3	42961564515116	42961564562381
1938	123	19	84	119	1789438871433590784	1789438871433590784	1789438871433590784	1789438871433591808	1789438871433592832	15022	0	22	1	42961564567004	42961564569356
1939	123	23	84	119	1789438871433592832	1789438871433593856	1789438871433593856	1789438871433614336	1789438871433615360	15022	0	26	3	42961564573879	42961564625377
1940	124	0	39	121	1789438871433244672	1789438871433244672	1789438871433244672	1789438871433246720	1789438871433247744	15022	0	0	0	42921751088674	42921751093691
1941	124	7	167	121	1789438871433247744	1789438871433276416	1789438871433276416	1789438871433277440	1789438871433278464	15022	1	6	1	42921751168460	42921751170317
1942	124	5	201	121	1789438871433278464	1789438871433279488	1789438871433279488	1789438871433280512	1789438871433281536	15023	1	4	1	42921751176039	42921751178461
1943	124	6	201	121	1789438871433282560	1789438871433282560	1789438871433282560	1789438871433282560	1789438871433284608	15024	0	5	1	42921751182982	42921751184887
1944	124	4	491	121	1789438871433284608	1789438871433285632	1789438871433285632	1789438871433286656	1789438871433287680	15024	1	3	1	42921751190676	42921751193102
1945	124	8	423	121	1789438871433287680	1789438871433290752	1789438871433290752	1789438871433311232	1789438871433313280	15025	3	7	3	42921751204880	42921751256840
1946	124	4	203	121	1789438871433313280	1789438871433313280	1789438871433313280	1789438871433314304	1789438871433316352	15028	0	3	1	42921751261602	42921751264126
1947	124	8	203	121	1789438871433316352	1789438871433316352	1789438871433316352	1789438871433335808	1789438871433337856	15028	0	7	3	42921751269110	42921751317945
1948	124	10	39	121	1789438871433337856	1789438871433405440	1789438871433405440	1789438871433407488	1789438871433408512	15028	4	11	1	42921751493261	42921751498092
1949	124	13	39	121	1789438871433408512	1789438871433437184	1789438871433437184	1789438871433440256	1789438871433441280	15032	16	14	2	42921751573357	42921751580280
1950	124	15	39	121	1789438871433441280	1789438871433498624	1789438871433498624	1789438871433500672	1789438871433501696	15048	4	18	1	42921751728108	42921751732917
1951	124	22	167	121	1789438871433501696	1789438871433530368	1789438871433530368	1789438871433531392	1789438871433532416	15052	1	25	1	42921751808092	42921751809933
1952	124	20	201	121	1789438871433532416	1789438871433533440	1789438871433533440	1789438871433534464	1789438871433536512	15053	1	23	1	42921751815802	42921751818232
1953	124	21	201	121	1789438871433536512	1789438871433536512	1789438871433536512	1789438871433537536	1789438871433538560	15054	0	24	1	42921751822966	42921751824866
1954	124	19	491	121	1789438871433538560	1789438871433539584	1789438871433539584	1789438871433540608	1789438871433541632	15054	1	22	1	42921751830758	42921751833192
1955	124	23	423	121	1789438871433541632	1789438871433544704	1789438871433544704	1789438871433566208	1789438871433567232	15055	3	26	3	42921751844349	42921751896796
1956	124	19	235	121	1789438871433567232	1789438871433567232	1789438871433567232	1789438871433568256	1789438871433570304	15058	0	22	1	42921751901564	42921751904009
1957	124	23	235	121	1789438871433570304	1789438871433570304	1789438871433570304	1789438871433589760	1789438871433590784	15058	0	26	3	42921751909263	42921751957122
1958	124	19	83	121	1789438871433591808	1789438871433591808	1789438871433591808	1789438871433592832	1789438871433593856	15058	0	22	1	42921751961883	42921751964294
1959	124	23	83	121	1789438871433593856	1789438871433593856	1789438871433594880	1789438871433615360	1789438871433616384	15058	0	26	3	42921751968951	42921752020869
1960	125	0	38	123	1789438871433244672	1789438871433244672	1789438871433244672	1789438871433246720	1789438871433247744	15058	0	0	0	42943321999788	42943322004861
1961	125	7	166	123	1789438871433247744	1789438871433276416	1789438871433276416	1789438871433277440	1789438871433278464	15058	1	6	1	42943322079601	42943322081408
1962	125	5	200	123	1789438871433278464	1789438871433279488	1789438871433279488	1789438871433280512	1789438871433281536	15059	1	4	1	42943322087042	42943322089451
1963	125	6	200	123	1789438871433281536	1789438871433282560	1789438871433282560	1789438871433282560	1789438871433284608	15060	0	5	1	42943322093955	42943322095860
1964	125	4	490	123	1789438871433284608	1789438871433285632	1789438871433285632	1789438871433286656	1789438871433287680	15060	1	3	1	42943322101556	42943322103997
1965	125	8	422	123	1789438871433287680	1789438871433290752	1789438871433290752	1789438871433311232	1789438871433313280	15061	3	7	3	42943322116002	42943322167884
1966	125	4	202	123	1789438871433313280	1789438871433313280	1789438871433313280	1789438871433314304	1789438871433316352	15064	0	3	1	42943322172622	42943322175076
1967	125	8	202	123	1789438871433316352	1789438871433316352	1789438871433316352	1789438871433335808	1789438871433337856	15064	0	7	3	42943322180022	42943322228862
1968	125	10	38	123	1789438871433337856	1789438871433405440	1789438871433405440	1789438871433407488	1789438871433408512	15064	4	11	1	42943322404484	42943322409388
1969	125	13	38	123	1789438871433408512	1789438871433437184	1789438871433437184	1789438871433440256	1789438871433441280	15068	16	14	2	42943322484592	42943322491543
1970	125	15	38	123	1789438871433441280	1789438871433498624	1789438871433498624	1789438871433500672	1789438871433501696	15084	4	18	1	42943322639296	42943322644027
1971	125	22	166	123	1789438871433501696	1789438871433530368	1789438871433530368	1789438871433531392	1789438871433532416	15088	1	25	1	42943322719242	42943322721185
1972	125	20	200	123	1789438871433532416	1789438871433533440	1789438871433533440	1789438871433534464	1789438871433536512	15089	1	23	1	42943322727018	42943322729463
1973	125	21	200	123	1789438871433536512	1789438871433536512	1789438871433536512	1789438871433537536	1789438871433538560	15090	0	24	1	42943322734143	42943322736050
1974	125	19	490	123	1789438871433538560	1789438871433539584	1789438871433539584	1789438871433540608	1789438871433541632	15090	1	22	1	42943322741931	42943322744368
1975	125	23	422	123	1789438871433541632	1789438871433544704	1789438871433544704	1789438871433566208	1789438871433567232	15091	3	26	3	42943322755588	42943322808004
1976	125	19	234	123	1789438871433567232	1789438871433567232	1789438871433567232	1789438871433568256	1789438871433570304	15094	0	22	1	42943322812787	42943322815227
1977	125	23	234	123	1789438871433570304	1789438871433570304	1789438871433570304	1789438871433589760	1789438871433591808	15094	0	26	3	42943322819945	42943322868341
1978	125	19	82	123	1789438871433591808	1789438871433591808	1789438871433591808	1789438871433592832	1789438871433593856	15094	0	22	1	42943322873225	42943322875601
1979	125	23	82	123	1789438871433593856	1789438871433593856	1789438871433594880	1789438871433615360	1789438871433616384	15094	0	26	3	42943322880243	42943322932206
1980	126	0	37	125	1789438871433244672	1789438871433244672	1789438871433244672	1789438871433246720	1789438871433247744	15094	0	0	0	42953061576024	42953061580882
1981	126	7	165	125	1789438871433247744	1789438871433276416	1789438871433276416	1789438871433277440	1789438871433278464	15094	1	6	1	42953061655787	42953061657601
1982	126	5	199	125	1789438871433278464	1789438871433279488	1789438871433279488	1789438871433280512	1789438871433281536	15095	1	4	1	42953061663197	42953061665545
1983	126	6	199	125	1789438871433281536	1789438871433282560	1789438871433282560	1789438871433282560	1789438871433284608	15096	0	5	1	42953061670043	42953061671890
1984	126	4	489	125	1789438871433284608	1789438871433284608	1789438871433284608	1789438871433285632	1789438871433287680	15096	1	3	1	42953061677440	42953061679795
1985	126	8	421	125	1789438871433287680	1789438871433290752	1789438871433290752	1789438871433311232	1789438871433313280	15097	3	7	3	42953061692229	42953061744026
1986	126	4	201	125	1789438871433313280	1789438871433313280	1789438871433313280	1789438871433314304	1789438871433316352	15100	0	3	1	42953061748695	42953061751089
1987	126	8	201	125	1789438871433316352	1789438871433316352	1789438871433316352	1789438871433335808	1789438871433336832	15100	0	7	3	42953061755957	42953061804693
1988	126	10	37	125	1789438871433336832	1789438871433405440	1789438871433405440	1789438871433407488	1789438871433408512	15100	4	11	1	42953061980804	42953061985537
1989	126	13	37	125	1789438871433408512	1789438871433437184	1789438871433437184	1789438871433440256	1789438871433441280	15104	16	14	2	42953062060879	42953062067581
1990	126	15	37	125	1789438871433441280	1789438871433498624	1789438871433498624	1789438871433500672	1789438871433501696	15120	4	18	1	42953062215633	42953062220244
1991	126	22	165	125	1789438871433501696	1789438871433530368	1789438871433530368	1789438871433531392	1789438871433532416	15124	1	25	1	42953062295567	42953062297449
1992	126	20	199	125	1789438871433532416	1789438871433533440	1789438871433533440	1789438871433534464	1789438871433535488	15125	1	23	1	42953062302861	42953062305265
1993	126	21	199	125	1789438871433535488	1789438871433536512	1789438871433536512	1789438871433536512	1789438871433538560	15126	0	24	1	42953062309790	42953062311626
1994	126	19	489	125	1789438871433538560	1789438871433538560	1789438871433538560	1789438871433539584	1789438871433541632	15126	1	22	1	42953062317123	42953062319492
1995	126	23	421	125	1789438871433541632	1789438871433544704	1789438871433544704	1789438871433565184	1789438871433567232	15127	3	26	3	42953062331820	42953062383622
1996	126	19	233	125	1789438871433567232	1789438871433567232	1789438871433567232	1789438871433568256	1789438871433569280	15130	0	22	1	42953062388308	42953062390786
1997	126	23	233	125	1789438871433570304	1789438871433570304	1789438871433570304	1789438871433589760	1789438871433590784	15130	0	26	3	42953062395181	42953062444066
1998	126	19	81	125	1789438871433590784	1789438871433590784	1789438871433590784	1789438871433591808	1789438871433593856	15130	0	22	1	42953062448717	42953062451042
1999	126	23	81	125	1789438871433593856	1789438871433593856	1789438871433593856	1789438871433614336	1789438871433615360	15130	0	26	3	42953062455517	42953062507182
2000	127	0	36	127	1789438871433244672	1789438871433244672	1789438871433244672	1789438871433246720	1789438871433247744	15130	0	0	0	42910819616569	42910819621289
2001	127	7	164	127	1789438871433247744	1789438871433276416	1789438871433276416	1789438871433277440	1789438871433278464	15130	1	6	1	42910819696352	42910819698080
2002	127	5	198	127	1789438871433278464	1789438871433279488	1789438871433279488	1789438871433280512	1789438871433281536	15131	1	4	1	42910819703414	42910819705661
2003	127	6	198	127	1789438871433281536	1789438871433281536	1789438871433281536	1789438871433282560	1789438871433283584	15132	0	5	1	42910819709972	42910819711746
2004	127	4	488	127	1789438871433283584	1789438871433284608	1789438871433284608	1789438871433285632	1789438871433286656	15132	1	3	1	42910819717095	42910819719374
2005	127	8	420	127	1789438871433286656	1789438871433290752	1789438871433290752	1789438871433311232	1789438871433313280	15133	3	7	3	42910819732452	42910819783983
2006	127	4	200	127	1789438871433313280	1789438871433313280	1789438871433313280	1789438871433314304	1789438871433315328	15136	0	3	1	42910819788387	42910819790861
2007	127	8	200	127	1789438871433315328	1789438871433315328	1789438871433315328	1789438871433334784	1789438871433336832	15136	0	7	3	42910819795205	42910819843610
2008	127	10	36	127	1789438871433336832	1789438871433405440	1789438871433405440	1789438871433407488	1789438871433408512	15136	4	11	1	42910820021164	42910820025763
2009	127	13	36	127	1789438871433408512	1789438871433437184	1789438871433437184	1789438871433440256	1789438871433441280	15140	16	14	2	42910820101262	42910820107700
2010	127	15	36	127	1789438871433441280	1789438871433498624	1789438871433498624	1789438871433500672	1789438871433501696	15156	4	18	1	42910820255955	42910820260435
2011	127	22	164	127	1789438871433501696	1789438871433530368	1789438871433530368	1789438871433531392	1789438871433532416	15160	1	25	1	42910820335904	42910820337722
2012	127	20	198	127	1789438871433532416	1789438871433533440	1789438871433533440	1789438871433534464	1789438871433535488	15161	1	23	1	42910820343114	42910820345399
2013	127	21	198	127	1789438871433535488	1789438871433535488	1789438871433535488	1789438871433536512	1789438871433537536	15162	0	24	1	42910820349723	42910820351498
2014	127	19	488	127	1789438871433537536	1789438871433538560	1789438871433538560	1789438871433539584	1789438871433540608	15162	1	22	1	42910820356818	42910820359104
2015	127	23	420	127	1789438871433541632	1789438871433544704	1789438871433544704	1789438871433565184	1789438871433566208	15163	3	26	3	42910820372124	42910820423305
2016	127	19	232	127	1789438871433567232	1789438871433567232	1789438871433567232	1789438871433568256	1789438871433569280	15166	0	22	1	42910820427750	42910820430076
2017	127	23	232	127	1789438871433569280	1789438871433569280	1789438871433570304	1789438871433588736	1789438871433590784	15166	0	26	3	42910820435003	42910820483454
2018	127	19	80	127	1789438871433590784	1789438871433590784	1789438871433590784	1789438871433591808	1789438871433592832	15166	0	22	1	42910820487935	42910820490182
2019	127	23	80	127	1789438871433592832	1789438871433593856	1789438871433593856	1789438871433614336	1789438871433615360	15166	0	26	3	42910820494500	42910820545934
2020	128	0	35	0	1789438871433244672	1789438871433244672	1789438871433244672	1789438871433246720	1789438871433248768	15166	0	0	0	42945873243526	42945873248879
2021	128	7	163	0	1789438871433248768	1789438871433276416	1789438871433276416	1789438871433277440	1789438871433278464	15166	1	6	1	42945873323572	42945873325591
2022	128	5	197	0	1789438871433279488	1789438871433279488	1789438871433280512	1789438871433281536	1789438871433282560	15167	1	4	1	42945873332148	42945873334935
2023	128	6	197	0	1789438871433282560	1789438871433282560	1789438871433282560	1789438871433283584	1789438871433284608	15168	0	5	1	42945873339573	42945873341560
2024	128	4	487	0	1789438871433284608	1789438871433285632	1789438871433285632	1789438871433286656	1789438871433287680	15168	1	3	1	42945873346640	42945873349188
2025	128	8	419	0	1789438871433288704	1789438871433290752	1789438871433290752	1789438871433308160	1789438871433310208	15169	3	7	3	42945873359283	42945873403850
2026	128	4	199	0	1789438871433310208	1789438871433310208	1789438871433310208	1789438871433311232	1789438871433312256	15172	0	3	1	42945873408710	42945873411265
2027	128	8	199	0	1789438871433313280	1789438871433313280	1789438871433313280	1789438871433332736	1789438871433333760	15172	0	7	3	42945873415253	42945873464730
2028	128	10	35	0	1789438871433334784	1789438871433404416	1789438871433404416	1789438871433406464	1789438871433408512	15172	4	11	1	42945873646097	42945873651437
2029	128	13	35	0	1789438871433408512	1789438871433437184	1789438871433437184	1789438871433440256	1789438871433442304	15176	16	14	2	42945873728610	42945873736180
2030	128	15	35	0	1789438871433442304	1789438871433498624	1789438871433498624	1789438871433500672	1789438871433502720	15192	4	18	1	42945873883570	42945873888722
2031	128	22	163	0	1789438871433502720	1789438871433530368	1789438871433530368	1789438871433531392	1789438871433532416	15196	1	25	1	42945873963210	42945873965265
2032	128	20	197	0	1789438871433533440	1789438871433533440	1789438871433533440	1789438871433534464	1789438871433536512	15197	1	23	1	42945873971623	42945873974192
2033	128	21	197	0	1789438871433536512	1789438871433536512	1789438871433536512	1789438871433537536	1789438871433538560	15198	0	24	1	42945873979074	42945873981062
2034	128	19	487	0	1789438871433538560	1789438871433539584	1789438871433539584	1789438871433540608	1789438871433541632	15198	1	22	1	42945873986199	42945873988744
2035	128	23	419	0	1789438871433541632	1789438871433544704	1789438871433544704	1789438871433563136	1789438871433564160	15199	3	26	3	42945873999140	42945874044367
2036	128	19	231	0	1789438871433564160	1789438871433564160	1789438871433565184	1789438871433566208	1789438871433567232	15202	0	22	1	42945874049072	42945874051610
2037	128	23	231	0	1789438871433567232	1789438871433567232	1789438871433567232	1789438871433586688	1789438871433588736	15202	0	26	3	42945874056203	42945874105423
2038	128	19	79	0	1789438871433588736	1789438871433588736	1789438871433588736	1789438871433589760	1789438871433590784	15202	0	22	1	42945874110083	42945874112362
2039	128	23	79	0	1789438871433590784	1789438871433591808	1789438871433591808	1789438871433612288	1789438871433613312	15202	0	26	3	42945874116416	42945874168528
2040	129	0	34	2	1789438871433244672	1789438871433244672	1789438871433244672	1789438871433246720	1789438871433248768	15202	0	0	0	42964216851052	42964216856403
2041	129	7	162	2	1789438871433248768	1789438871433276416	1789438871433276416	1789438871433277440	1789438871433278464	15202	1	6	1	42964216931136	42964216933141
2042	129	5	196	2	1789438871433278464	1789438871433279488	1789438871433279488	1789438871433280512	1789438871433282560	15203	1	4	1	42964216939120	42964216941688
2043	129	6	196	2	1789438871433282560	1789438871433282560	1789438871433282560	1789438871433283584	1789438871433284608	15204	0	5	1	42964216946427	42964216948154
2044	129	4	486	2	1789438871433284608	1789438871433285632	1789438871433285632	1789438871433286656	1789438871433287680	15204	1	3	1	42964216953804	42964216956354
2045	129	8	418	2	1789438871433287680	1789438871433290752	1789438871433290752	1789438871433309184	1789438871433310208	15205	3	7	3	42964216967043	42964217012069
2046	129	4	198	2	1789438871433310208	1789438871433310208	1789438871433311232	1789438871433312256	1789438871433313280	15208	0	3	1	42964217016950	42964217019502
2047	129	8	198	2	1789438871433313280	1789438871433313280	1789438871433313280	1789438871433333760	1789438871433334784	15208	0	7	3	42964217024089	42964217073907
2048	129	10	34	2	1789438871433334784	1789438871433404416	1789438871433404416	1789438871433406464	1789438871433408512	15208	4	11	1	42964217253614	42964217258901
2049	129	13	34	2	1789438871433408512	1789438871433437184	1789438871433437184	1789438871433440256	1789438871433442304	15212	16	14	2	42964217336214	42964217343879
2050	129	15	34	2	1789438871433442304	1789438871433498624	1789438871433498624	1789438871433500672	1789438871433502720	15228	4	18	1	42964217491263	42964217496490
2051	129	22	162	2	1789438871433502720	1789438871433530368	1789438871433530368	1789438871433531392	1789438871433533440	15232	1	25	1	42964217571288	42964217573316
2052	129	20	196	2	1789438871433533440	1789438871433534464	1789438871433534464	1789438871433535488	1789438871433536512	15233	1	23	1	42964217580057	42964217582893
2053	129	21	196	2	1789438871433536512	1789438871433537536	1789438871433537536	1789438871433537536	1789438871433539584	15234	0	24	1	42964217587401	42964217589366
2054	129	19	486	2	1789438871433539584	1789438871433539584	1789438871433540608	1789438871433541632	1789438871433542656	15234	1	22	1	42964217594936	42964217597512
2055	129	23	418	2	1789438871433542656	1789438871433544704	1789438871433544704	1789438871433563136	1789438871433564160	15235	3	26	3	42964217606808	42964217652332
2056	129	19	230	2	1789438871433564160	1789438871433565184	1789438871433565184	1789438871433566208	1789438871433567232	15238	0	22	1	42964217657015	42964217659548
2057	129	23	230	2	1789438871433567232	1789438871433567232	1789438871433567232	1789438871433586688	1789438871433588736	15238	0	26	3	42964217664057	42964217713101
2058	129	19	78	2	1789438871433588736	1789438871433588736	1789438871433588736	1789438871433589760	1789438871433590784	15238	0	22	1	42964217717697	42964217719998
2059	129	23	78	2	1789438871433590784	1789438871433591808	1789438871433591808	1789438871433612288	1789438871433613312	15238	0	26	3	42964217724077	42964217776100
2060	130	0	33	4	1789438871433244672	1789438871433244672	1789438871433244672	1789438871433246720	1789438871433248768	15238	0	0	0	42948816629135	42948816634389
2061	130	7	161	4	1789438871433248768	1789438871433276416	1789438871433276416	1789438871433277440	1789438871433278464	15238	1	6	1	42948816709301	42948816711235
2062	130	5	195	4	1789438871433278464	1789438871433279488	1789438871433279488	1789438871433280512	1789438871433282560	15239	1	4	1	42948816717429	42948816719887
2063	130	6	195	4	1789438871433282560	1789438871433282560	1789438871433282560	1789438871433283584	1789438871433284608	15240	0	5	1	42948816724737	42948816726652
2064	130	4	485	4	1789438871433284608	1789438871433285632	1789438871433285632	1789438871433286656	1789438871433287680	15240	1	3	1	42948816731878	42948816734344
2065	130	8	417	4	1789438871433287680	1789438871433290752	1789438871433290752	1789438871433308160	1789438871433310208	15241	3	7	3	42948816745371	42948816789030
2066	130	4	197	4	1789438871433310208	1789438871433310208	1789438871433310208	1789438871433311232	1789438871433313280	15244	0	3	1	42948816793948	42948816796413
2067	130	8	197	4	1789438871433313280	1789438871433313280	1789438871433313280	1789438871433332736	1789438871433334784	15244	0	7	3	42948816801268	42948816851606
2068	130	10	33	4	1789438871433334784	1789438871433404416	1789438871433404416	1789438871433406464	1789438871433408512	15244	4	11	1	42948817031855	42948817036958
2069	130	13	33	4	1789438871433408512	1789438871433437184	1789438871433437184	1789438871433440256	1789438871433442304	15248	16	14	2	42948817114490	42948817121819
2070	130	15	33	4	1789438871433442304	1789438871433498624	1789438871433498624	1789438871433500672	1789438871433502720	15264	4	18	1	42948817269392	42948817274408
2071	130	22	161	4	1789438871433502720	1789438871433530368	1789438871433530368	1789438871433531392	1789438871433532416	15268	1	25	1	42948817349117	42948817351040
2072	130	20	195	4	1789438871433532416	1789438871433533440	1789438871433533440	1789438871433534464	1789438871433536512	15269	1	23	1	42948817357069	42948817359550
2073	130	21	195	4	1789438871433536512	1789438871433536512	1789438871433536512	1789438871433537536	1789438871433538560	15270	0	24	1	42948817364320	42948817366005
2074	130	19	485	4	1789438871433538560	1789438871433539584	1789438871433539584	1789438871433540608	1789438871433541632	15270	1	22	1	42948817371619	42948817374090
2075	130	23	417	4	1789438871433541632	1789438871433544704	1789438871433544704	1789438871433562112	1789438871433564160	15271	3	26	3	42948817385121	42948817429467
2076	130	19	229	4	1789438871433564160	1789438871433564160	1789438871433564160	1789438871433565184	1789438871433567232	15274	0	22	1	42948817434565	42948817437055
2077	130	23	229	4	1789438871433567232	1789438871433567232	1789438871433567232	1789438871433587712	1789438871433588736	15274	0	26	3	42948817441941	42948817491914
2078	130	19	77	4	1789438871433588736	1789438871433588736	1789438871433588736	1789438871433589760	1789438871433591808	15274	0	22	1	42948817496518	42948817499015
2079	130	23	77	4	1789438871433591808	1789438871433591808	1789438871433591808	1789438871433612288	1789438871433614336	15274	0	26	3	42948817503564	42948817555700
2080	131	0	32	6	1789438871433244672	1789438871433244672	1789438871433244672	1789438871433246720	1789438871433248768	15274	0	0	0	42955800416727	42955800421881
2081	131	7	160	6	1789438871433248768	1789438871433276416	1789438871433276416	1789438871433277440	1789438871433278464	15274	1	6	1	42955800496955	42955800498811
2082	131	5	194	6	1789438871433278464	1789438871433279488	1789438871433279488	1789438871433280512	1789438871433281536	15275	1	4	1	42955800504464	42955800506908
2083	131	6	194	6	1789438871433282560	1789438871433282560	1789438871433282560	1789438871433282560	1789438871433284608	15276	0	5	1	42955800511166	42955800512793
2084	131	4	484	6	1789438871433284608	1789438871433284608	1789438871433284608	1789438871433285632	1789438871433287680	15276	1	3	1	42955800518215	42955800520625
2085	131	8	416	6	1789438871433287680	1789438871433290752	1789438871433290752	1789438871433308160	1789438871433310208	15277	3	7	3	42955800532820	42955800576640
2086	131	4	196	6	1789438871433310208	1789438871433310208	1789438871433310208	1789438871433311232	1789438871433312256	15280	0	3	1	42955800581443	42955800583858
2087	131	8	196	6	1789438871433313280	1789438871433313280	1789438871433313280	1789438871433332736	1789438871433334784	15280	0	7	3	42955800588595	42955800639010
2088	131	10	32	6	1789438871433334784	1789438871433404416	1789438871433404416	1789438871433406464	1789438871433408512	15280	4	11	1	42955800819413	42955800824402
2089	131	13	32	6	1789438871433408512	1789438871433437184	1789438871433437184	1789438871433440256	1789438871433441280	15284	16	14	2	42955800901951	42955800909229
2090	131	15	32	6	1789438871433442304	1789438871433498624	1789438871433498624	1789438871433500672	1789438871433501696	15300	4	18	1	42955801056625	42955801061574
2091	131	22	160	6	1789438871433502720	1789438871433530368	1789438871433530368	1789438871433531392	1789438871433532416	15304	1	25	1	42955801136992	42955801139076
2092	131	20	194	6	1789438871433532416	1789438871433533440	1789438871433533440	1789438871433534464	1789438871433536512	15305	1	23	1	42955801144501	42955801146902
2093	131	21	194	6	1789438871433536512	1789438871433536512	1789438871433536512	1789438871433537536	1789438871433538560	15306	0	24	1	42955801151569	42955801153202
2094	131	19	484	6	1789438871433538560	1789438871433539584	1789438871433539584	1789438871433540608	1789438871433541632	15306	1	22	1	42955801158716	42955801161166
2095	131	23	416	6	1789438871433541632	1789438871433544704	1789438871433544704	1789438871433562112	1789438871433564160	15307	3	26	3	42955801172569	42955801215948
2096	131	19	228	6	1789438871433564160	1789438871433564160	1789438871433564160	1789438871433565184	1789438871433566208	15310	0	22	1	42955801220890	42955801223296
2097	131	23	228	6	1789438871433566208	1789438871433567232	1789438871433567232	1789438871433586688	1789438871433587712	15310	0	26	3	42955801227953	42955801277483
2098	131	19	76	6	1789438871433587712	1789438871433587712	1789438871433588736	1789438871433588736	1789438871433590784	15310	0	22	1	42955801281936	42955801284345
2099	131	23	76	6	1789438871433590784	1789438871433590784	1789438871433590784	1789438871433611264	1789438871433613312	15310	0	26	3	42955801288829	42955801340889
2100	132	0	31	8	1789438871433244672	1789438871433244672	1789438871433244672	1789438871433246720	1789438871433247744	15310	0	0	0	42961563695686	42961563700874
2101	132	7	159	8	1789438871433248768	1789438871433276416	1789438871433276416	1789438871433277440	1789438871433278464	15310	1	6	1	42961563775749	42961563777685
2102	132	5	193	8	1789438871433278464	1789438871433279488	1789438871433279488	1789438871433280512	1789438871433281536	15311	1	4	1	42961563783139	42961563785614
2103	132	6	193	8	1789438871433282560	1789438871433282560	1789438871433282560	1789438871433282560	1789438871433284608	15312	0	5	1	42961563789999	42961563791707
2104	132	4	483	8	1789438871433284608	1789438871433285632	1789438871433285632	1789438871433286656	1789438871433287680	15312	1	3	1	42961563797475	42961563799961
2105	132	8	415	8	1789438871433287680	1789438871433290752	1789438871433290752	1789438871433308160	1789438871433309184	15313	3	7	3	42961563811718	42961563855573
2106	132	4	195	8	1789438871433310208	1789438871433310208	1789438871433310208	1789438871433311232	1789438871433312256	15316	0	3	1	42961563859581	42961563861909
2107	132	8	195	8	1789438871433312256	1789438871433312256	1789438871433312256	1789438871433331712	1789438871433332736	15316	0	7	3	42961563866577	42961563914897
2108	132	10	31	8	1789438871433333760	1789438871433404416	1789438871433404416	1789438871433406464	1789438871433407488	15316	4	11	1	42961564098337	42961564103320
2109	132	13	31	8	1789438871433407488	1789438871433437184	1789438871433437184	1789438871433440256	1789438871433441280	15320	16	14	2	42961564180977	42961564188267
2110	132	15	31	8	1789438871433441280	1789438871433498624	1789438871433498624	1789438871433500672	1789438871433502720	15336	4	18	1	42961564335621	42961564340622
2111	132	22	159	8	1789438871433502720	1789438871433530368	1789438871433530368	1789438871433531392	1789438871433532416	15340	1	25	1	42961564415920	42961564418075
2112	132	20	193	8	1789438871433533440	1789438871433533440	1789438871433533440	1789438871433534464	1789438871433536512	15341	1	23	1	42961564423790	42961564426306
2113	132	21	193	8	1789438871433536512	1789438871433536512	1789438871433536512	1789438871433537536	1789438871433538560	15342	0	24	1	42961564431097	42961564433017
2114	132	19	483	8	1789438871433538560	1789438871433539584	1789438871433539584	1789438871433540608	1789438871433541632	15342	1	22	1	42961564438484	42961564440981
2115	132	23	415	8	1789438871433542656	1789438871433544704	1789438871433544704	1789438871433562112	1789438871433564160	15343	3	26	3	42961564451544	42961564494964
2116	132	19	227	8	1789438871433564160	1789438871433564160	1789438871433564160	1789438871433565184	1789438871433566208	15346	0	22	1	42961564499927	42961564502429
2117	132	23	227	8	1789438871433567232	1789438871433567232	1789438871433567232	1789438871433586688	1789438871433588736	15346	0	26	3	42961564507429	42961564557195
2118	132	19	75	8	1789438871433588736	1789438871433588736	1789438871433588736	1789438871433589760	1789438871433591808	15346	0	22	1	42961564562138	42961564564611
2119	132	23	75	8	1789438871433591808	1789438871433591808	1789438871433591808	1789438871433612288	1789438871433614336	15346	0	26	3	42961564569503	42961564621190
2120	133	0	30	10	1789438871433244672	1789438871433244672	1789438871433244672	1789438871433246720	1789438871433248768	15346	0	0	0	42921751088703	42921751094002
2121	133	7	158	10	1789438871433248768	1789438871433276416	1789438871433276416	1789438871433277440	1789438871433278464	15346	1	6	1	42921751168714	42921751170690
2122	133	5	192	10	1789438871433278464	1789438871433279488	1789438871433279488	1789438871433280512	1789438871433282560	15347	1	4	1	42921751176324	42921751178867
2123	133	6	192	10	1789438871433282560	1789438871433282560	1789438871433282560	1789438871433283584	1789438871433284608	15348	0	5	1	42921751183443	42921751185166
2124	133	4	482	10	1789438871433284608	1789438871433285632	1789438871433285632	1789438871433286656	1789438871433287680	15348	1	3	1	42921751191062	42921751193623
2125	133	8	414	10	1789438871433287680	1789438871433290752	1789438871433290752	1789438871433308160	1789438871433309184	15349	3	7	3	42921751204627	42921751247475
2126	133	4	194	10	1789438871433309184	1789438871433309184	1789438871433310208	1789438871433311232	1789438871433312256	15352	0	3	1	42921751252072	42921751254646
2127	133	8	194	10	1789438871433312256	1789438871433312256	1789438871433312256	1789438871433331712	1789438871433333760	15352	0	7	3	42921751259430	42921751307983
2128	133	10	30	10	1789438871433333760	1789438871433404416	1789438871433404416	1789438871433406464	1789438871433407488	15352	4	11	1	42921751491135	42921751496280
2129	133	13	30	10	1789438871433408512	1789438871433437184	1789438871433437184	1789438871433440256	1789438871433441280	15356	16	14	2	42921751573780	42921751581180
2130	133	15	30	10	1789438871433442304	1789438871433498624	1789438871433498624	1789438871433500672	1789438871433502720	15372	4	18	1	42921751728405	42921751733621
2131	133	22	158	10	1789438871433502720	1789438871433530368	1789438871433530368	1789438871433531392	1789438871433533440	15376	1	25	1	42921751808611	42921751810638
2132	133	20	192	10	1789438871433533440	1789438871433534464	1789438871433534464	1789438871433535488	1789438871433536512	15377	1	23	1	42921751817380	42921751819669
2133	133	21	192	10	1789438871433536512	1789438871433536512	1789438871433536512	1789438871433537536	1789438871433539584	15378	0	24	1	42921751824513	42921751826494
2134	133	19	482	10	1789438871433539584	1789438871433539584	1789438871433540608	1789438871433541632	1789438871433542656	15378	1	22	1	42921751832352	42921751834908
2135	133	23	414	10	1789438871433542656	1789438871433544704	1789438871433544704	1789438871433563136	1789438871433564160	15379	3	26	3	42921751844393	42921751889098
2136	133	19	226	10	1789438871433564160	1789438871433564160	1789438871433565184	1789438871433566208	1789438871433567232	15382	0	22	1	42921751894192	42921751896766
2137	133	23	226	10	1789438871433567232	1789438871433567232	1789438871433568256	1789438871433587712	1789438871433588736	15382	0	26	3	42921751901851	42921751950783
2138	133	19	74	10	1789438871433588736	1789438871433588736	1789438871433588736	1789438871433589760	1789438871433591808	15382	0	22	1	42921751955901	42921751958452
2139	133	23	74	10	1789438871433591808	1789438871433591808	1789438871433591808	1789438871433613312	1789438871433614336	15382	0	26	3	42921751963602	42921752015543
2140	134	0	29	12	1789438871433244672	1789438871433244672	1789438871433244672	1789438871433246720	1789438871433248768	15382	0	0	0	42943321999875	42943322005221
2141	134	7	157	12	1789438871433248768	1789438871433276416	1789438871433276416	1789438871433277440	1789438871433278464	15382	1	6	1	42943322080041	42943322082049
2142	134	5	191	12	1789438871433279488	1789438871433280512	1789438871433280512	1789438871433281536	1789438871433282560	15383	1	4	1	42943322088555	42943322091089
2143	134	6	191	12	1789438871433282560	1789438871433282560	1789438871433282560	1789438871433283584	1789438871433284608	15384	0	5	1	42943322095565	42943322097531
2144	134	4	481	12	1789438871433284608	1789438871433285632	1789438871433285632	1789438871433286656	1789438871433288704	15384	1	3	1	42943322102932	42943322105492
2145	134	8	413	12	1789438871433288704	1789438871433290752	1789438871433290752	1789438871433309184	1789438871433310208	15385	3	7	3	42943322115971	42943322160554
2146	134	4	193	12	1789438871433310208	1789438871433310208	1789438871433311232	1789438871433312256	1789438871433313280	15388	0	3	1	42943322165655	42943322168215
2147	134	8	193	12	1789438871433313280	1789438871433313280	1789438871433313280	1789438871433333760	1789438871433335808	15388	0	7	3	42943322173237	42943322223962
2148	134	10	29	12	1789438871433335808	1789438871433405440	1789438871433405440	1789438871433407488	1789438871433409536	15388	4	11	1	42943322404612	42943322409816
2149	134	13	29	12	1789438871433409536	1789438871433437184	1789438871433437184	1789438871433440256	1789438871433442304	15392	16	14	2	42943322484917	42943322492274
2150	134	15	29	12	1789438871433442304	1789438871433498624	1789438871433498624	1789438871433500672	1789438871433502720	15408	4	18	1	42943322639519	42943322644568
2151	134	22	157	12	1789438871433502720	1789438871433530368	1789438871433530368	1789438871433531392	1789438871433532416	15412	1	25	1	42943322719523	42943322721504
2152	134	20	191	12	1789438871433533440	1789438871433533440	1789438871433533440	1789438871433534464	1789438871433536512	15413	1	23	1	42943322727523	42943322730051
2153	134	21	191	12	1789438871433536512	1789438871433536512	1789438871433536512	1789438871433537536	1789438871433538560	15414	0	24	1	42943322735142	42943322737159
2154	134	19	481	12	1789438871433539584	1789438871433539584	1789438871433539584	1789438871433540608	1789438871433542656	15414	1	22	1	42943322743295	42943322745826
2155	134	23	413	12	1789438871433542656	1789438871433544704	1789438871433544704	1789438871433562112	1789438871433564160	15415	3	26	3	42943322755448	42943322799514
2156	134	19	225	12	1789438871433564160	1789438871433564160	1789438871433564160	1789438871433565184	1789438871433567232	15418	0	22	1	42943322804628	42943322807209
2157	134	23	225	12	1789438871433567232	1789438871433567232	1789438871433567232	1789438871433586688	1789438871433588736	15418	0	26	3	42943322812209	42943322860754
2158	134	19	73	12	1789438871433588736	1789438871433588736	1789438871433588736	1789438871433589760	1789438871433591808	15418	0	22	1	42943322865888	42943322868419
2159	134	23	73	12	1789438871433591808	1789438871433591808	1789438871433591808	1789438871433612288	1789438871433614336	15418	0	26	3	42943322873415	42943322925637
2160	135	0	28	14	1789438871433244672	1789438871433244672	1789438871433244672	1789438871433246720	1789438871433248768	15418	0	0	0	42953061576051	42953061581265
2161	135	7	156	14	1789438871433248768	1789438871433276416	1789438871433276416	1789438871433277440	1789438871433278464	15418	1	6	1	42953061656181	42953061658108
2162	135	5	190	14	1789438871433278464	1789438871433279488	1789438871433279488	1789438871433280512	1789438871433282560	15419	1	4	1	42953061664361	42953061666824
2163	135	6	190	14	1789438871433282560	1789438871433282560	1789438871433282560	1789438871433283584	1789438871433284608	15420	0	5	1	42953061671415	42953061673101
2164	135	4	480	14	1789438871433284608	1789438871433285632	1789438871433285632	1789438871433286656	1789438871433287680	15420	1	3	1	42953061678782	42953061681279
2165	135	8	412	14	1789438871433288704	1789438871433290752	1789438871433290752	1789438871433308160	1789438871433310208	15421	3	7	3	42953061691926	42953061735756
2166	135	4	192	14	1789438871433310208	1789438871433310208	1789438871433310208	1789438871433311232	1789438871433313280	15424	0	3	1	42953061740708	42953061743238
2167	135	8	192	14	1789438871433313280	1789438871433313280	1789438871433313280	1789438871433332736	1789438871433334784	15424	0	7	3	42953061748073	42953061798501
2168	135	10	28	14	1789438871433334784	1789438871433405440	1789438871433405440	1789438871433407488	1789438871433409536	15424	4	11	1	42953061980933	42953061986025
2169	135	13	28	14	1789438871433409536	1789438871433437184	1789438871433437184	1789438871433440256	1789438871433442304	15428	16	14	2	42953062061216	42953062068400
2170	135	15	28	14	1789438871433442304	1789438871433498624	1789438871433498624	1789438871433500672	1789438871433502720	15444	4	18	1	42953062215843	42953062220792
2171	135	22	156	14	1789438871433502720	1789438871433530368	1789438871433530368	1789438871433531392	1789438871433532416	15448	1	25	1	42953062295848	42953062297774
2172	135	20	190	14	1789438871433532416	1789438871433533440	1789438871433533440	1789438871433534464	1789438871433536512	15449	1	23	1	42953062303577	42953062306050
2173	135	21	190	14	1789438871433536512	1789438871433536512	1789438871433536512	1789438871433537536	1789438871433538560	15450	0	24	1	42953062310953	42953062312910
2174	135	19	480	14	1789438871433538560	1789438871433539584	1789438871433539584	1789438871433540608	1789438871433542656	15450	1	22	1	42953062318858	42953062321316
2175	135	23	412	14	1789438871433542656	1789438871433544704	1789438871433544704	1789438871433562112	1789438871433564160	15451	3	26	3	42953062331722	42953062375433
2176	135	19	224	14	1789438871433564160	1789438871433564160	1789438871433564160	1789438871433565184	1789438871433566208	15454	0	22	1	42953062380383	42953062382875
2177	135	23	224	14	1789438871433567232	1789438871433567232	1789438871433567232	1789438871433586688	1789438871433587712	15454	0	26	3	42953062387773	42953062436949
2178	135	19	72	14	1789438871433588736	1789438871433588736	1789438871433588736	1789438871433589760	1789438871433590784	15454	0	22	1	42953062441936	42953062444388
2179	135	23	72	14	1789438871433590784	1789438871433591808	1789438871433591808	1789438871433612288	1789438871433613312	15454	0	26	3	42953062449225	42953062501122
2180	136	0	27	16	1789438871433244672	1789438871433244672	1789438871433244672	1789438871433246720	1789438871433247744	15454	0	0	0	42910819616605	42910819621614
2181	136	7	155	16	1789438871433247744	1789438871433276416	1789438871433276416	1789438871433277440	1789438871433278464	15454	1	6	1	42910819696639	42910819698466
2182	136	5	189	16	1789438871433278464	1789438871433279488	1789438871433279488	1789438871433280512	1789438871433281536	15455	1	4	1	42910819703748	42910819706137
2183	136	6	189	16	1789438871433281536	1789438871433281536	1789438871433282560	1789438871433282560	1789438871433283584	15456	0	5	1	42910819710473	42910819712313
2184	136	4	479	16	1789438871433284608	1789438871433284608	1789438871433284608	1789438871433285632	1789438871433287680	15456	1	3	1	42910819717828	42910819720223
2185	136	8	411	16	1789438871433287680	1789438871433290752	1789438871433290752	1789438871433308160	1789438871433309184	15457	3	7	3	42910819732615	42910819776452
2186	136	4	191	16	1789438871433309184	1789438871433310208	1789438871433310208	1789438871433311232	1789438871433312256	15460	0	3	1	42910819780343	42910819782644
2187	136	8	191	16	1789438871433312256	1789438871433312256	1789438871433312256	1789438871433332736	1789438871433333760	15460	0	7	3	42910819787135	42910819836545
2188	136	10	27	16	1789438871433333760	1789438871433405440	1789438871433405440	1789438871433407488	1789438871433408512	15460	4	11	1	42910820021473	42910820026475
2189	136	13	27	16	1789438871433408512	1789438871433437184	1789438871433437184	1789438871433440256	1789438871433441280	15464	16	14	2	42910820101678	42910820108518
2190	136	15	27	16	1789438871433441280	1789438871433498624	1789438871433498624	1789438871433500672	1789438871433501696	15480	4	18	1	42910820256228	42910820261114
2191	136	22	155	16	1789438871433502720	1789438871433530368	1789438871433530368	1789438871433531392	1789438871433532416	15484	1	25	1	42910820336206	42910820338131
2192	136	20	189	16	1789438871433532416	1789438871433533440	1789438871433533440	1789438871433534464	1789438871433535488	15485	1	23	1	42910820343945	42910820346324
2193	136	21	189	16	1789438871433535488	1789438871433536512	1789438871433536512	1789438871433536512	1789438871433537536	15486	0	24	1	42910820350180	42910820352069
2194	136	19	479	16	1789438871433538560	1789438871433538560	1789438871433538560	1789438871433539584	1789438871433541632	15486	1	22	1	42910820357431	42910820359819
2195	136	23	411	16	1789438871433541632	1789438871433544704	1789438871433544704	1789438871433563136	1789438871433564160	15487	3	26	3	42910820372150	42910820417100
2196	136	19	223	16	1789438871433564160	1789438871433564160	1789438871433564160	1789438871433565184	1789438871433566208	15490	0	22	1	42910820421427	42910820423873
2197	136	23	223	16	1789438871433567232	1789438871433567232	1789438871433567232	1789438871433586688	1789438871433587712	15490	0	26	3	42910820427737	42910820476123
2198	136	19	71	16	1789438871433587712	1789438871433587712	1789438871433587712	1789438871433588736	1789438871433589760	15490	0	22	1	42910820480568	42910820482954
2199	136	23	71	16	1789438871433589760	1789438871433590784	1789438871433590784	1789438871433611264	1789438871433612288	15490	0	26	3	42910820486755	42910820538724
2200	137	0	26	18	1789438871433244672	1789438871433244672	1789438871433244672	1789438871433246720	1789438871433247744	15490	0	0	0	42944198504078	42944198508811
2201	137	7	154	18	1789438871433247744	1789438871433276416	1789438871433276416	1789438871433277440	1789438871433278464	15490	1	6	1	42944198584143	42944198585950
2202	137	5	188	18	1789438871433278464	1789438871433279488	1789438871433279488	1789438871433280512	1789438871433281536	15491	1	4	1	42944198591156	42944198593456
2203	137	6	188	18	1789438871433281536	1789438871433281536	1789438871433281536	1789438871433282560	1789438871433283584	15492	0	5	1	42944198597798	42944198599596
2204	137	4	478	18	1789438871433283584	1789438871433284608	1789438871433284608	1789438871433285632	1789438871433286656	15492	1	3	1	42944198604703	42944198607032
2205	137	8	410	18	1789438871433286656	1789438871433290752	1789438871433290752	1789438871433308160	1789438871433309184	15493	3	7	3	42944198620146	42944198664447
2206	137	4	190	18	1789438871433310208	1789438871433310208	1789438871433310208	1789438871433311232	1789438871433312256	15496	0	3	1	42944198668275	42944198670420
2207	137	8	190	18	1789438871433312256	1789438871433312256	1789438871433312256	1789438871433331712	1789438871433333760	15496	0	7	3	42944198674772	42944198723935
2208	137	10	26	18	1789438871433333760	1789438871433405440	1789438871433405440	1789438871433407488	1789438871433408512	15496	4	11	1	42944198909003	42944198913892
2209	137	13	26	18	1789438871433408512	1789438871433437184	1789438871433437184	1789438871433440256	1789438871433441280	15500	16	14	2	42944198989202	42944198995813
2210	137	15	26	18	1789438871433441280	1789438871433498624	1789438871433498624	1789438871433500672	1789438871433501696	15516	4	18	1	42944199143776	42944199148568
2211	137	22	154	18	1789438871433501696	1789438871433530368	1789438871433530368	1789438871433531392	1789438871433532416	15520	1	25	1	42944199224019	42944199226049
2212	137	20	188	18	1789438871433532416	1789438871433533440	1789438871433533440	1789438871433534464	1789438871433535488	15521	1	23	1	42944199231099	42944199233428
2213	137	21	188	18	1789438871433535488	1789438871433535488	1789438871433535488	1789438871433536512	1789438871433537536	15522	0	24	1	42944199237571	42944199239396
2214	137	19	478	18	1789438871433537536	1789438871433538560	1789438871433538560	1789438871433539584	1789438871433540608	15522	1	22	1	42944199244039	42944199246376
2215	137	23	410	18	1789438871433540608	1789438871433544704	1789438871433544704	1789438871433562112	1789438871433563136	15523	3	26	3	42944199259749	42944199303642
2216	137	19	222	18	1789438871433563136	1789438871433564160	1789438871433564160	1789438871433565184	1789438871433566208	15526	0	22	1	42944199307448	42944199309777
2217	137	23	222	18	1789438871433566208	1789438871433566208	1789438871433566208	1789438871433585664	1789438871433586688	15526	0	26	3	42944199314000	42944199362225
2218	137	19	70	18	1789438871433586688	1789438871433586688	1789438871433587712	1789438871433587712	1789438871433589760	15526	0	22	1	42944199366518	42944199368819
2219	137	23	70	18	1789438871433589760	1789438871433589760	1789438871433589760	1789438871433610240	1789438871433611264	15526	0	26	3	42944199372898	42944199424379
2220	138	0	25	20	1789438871433244672	1789438871433244672	1789438871433244672	1789438871433246720	1789438871433247744	15526	0	0	0	42952127201779	42952127206859
2221	138	7	153	20	1789438871433248768	1789438871433276416	1789438871433276416	1789438871433277440	1789438871433278464	15526	1	6	1	42952127282014	42952127283932
2222	138	5	187	20	1789438871433278464	1789438871433279488	1789438871433279488	1789438871433280512	1789438871433281536	15527	1	4	1	42952127289278	42952127291681
2223	138	6	187	20	1789438871433281536	1789438871433282560	1789438871433282560	1789438871433282560	1789438871433283584	15528	0	5	1	42952127295764	42952127297640
2224	138	4	477	20	1789438871433283584	1789438871433284608	1789438871433284608	1789438871433285632	1789438871433286656	15528	1	3	1	42952127302473	42952127304858
2225	138	8	409	20	1789438871433286656	1789438871433290752	1789438871433290752	1789438871433308160	1789438871433310208	15529	3	7	3	42952127317739	42952127361648
2226	138	4	189	20	1789438871433310208	1789438871433310208	1789438871433310208	1789438871433311232	1789438871433312256	15532	0	3	1	42952127366056	42952127368264
2227	138	8	189	20	1789438871433312256	1789438871433312256	1789438871433312256	1789438871433332736	1789438871433333760	15532	0	7	3	42952127372497	42952127421967
2228	138	10	25	20	1789438871433333760	1789438871433405440	1789438871433405440	1789438871433407488	1789438871433408512	15532	4	11	1	42952127606596	42952127611632
2229	138	13	25	20	1789438871433408512	1789438871433437184	1789438871433437184	1789438871433440256	1789438871433441280	15536	16	14	2	42952127686794	42952127694020
2230	138	15	25	20	1789438871433442304	1789438871433498624	1789438871433498624	1789438871433500672	1789438871433501696	15552	4	18	1	42952127841500	42952127846336
2231	138	22	153	20	1789438871433501696	1789438871433530368	1789438871433530368	1789438871433531392	1789438871433532416	15556	1	25	1	42952127921481	42952127923348
2232	138	20	187	20	1789438871433532416	1789438871433533440	1789438871433533440	1789438871433534464	1789438871433535488	15557	1	23	1	42952127928999	42952127931415
2233	138	21	187	20	1789438871433536512	1789438871433536512	1789438871433536512	1789438871433537536	1789438871433538560	15558	0	24	1	42952127936128	42952127938028
2234	138	19	477	20	1789438871433538560	1789438871433539584	1789438871433539584	1789438871433540608	1789438871433541632	15558	1	22	1	42952127943773	42952127946168
2235	138	23	409	20	1789438871433541632	1789438871433544704	1789438871433544704	1789438871433562112	1789438871433563136	15559	3	26	3	42952127957497	42952128000859
2236	138	19	221	20	1789438871433564160	1789438871433564160	1789438871433564160	1789438871433565184	1789438871433566208	15562	0	22	1	42952128005693	42952128008119
2237	138	23	221	20	1789438871433566208	1789438871433567232	1789438871433567232	1789438871433586688	1789438871433587712	15562	0	26	3	42952128012874	42952128061671
2238	138	19	69	20	1789438871433587712	1789438871433587712	1789438871433587712	1789438871433588736	1789438871433590784	15562	0	22	1	42952128066531	42952128068909
2239	138	23	69	20	1789438871433590784	1789438871433590784	1789438871433590784	1789438871433611264	1789438871433613312	15562	0	26	3	42952128073587	42952128125452
2240	139	0	24	22	1789438871433244672	1789438871433244672	1789438871433244672	1789438871433246720	1789438871433247744	15562	0	0	0	42945873243488	42945873248713
2241	139	7	152	22	1789438871433248768	1789438871433276416	1789438871433276416	1789438871433277440	1789438871433278464	15562	1	6	1	42945873323596	42945873325432
2242	139	5	186	22	1789438871433278464	1789438871433279488	1789438871433279488	1789438871433280512	1789438871433281536	15563	1	4	1	42945873331328	42945873333816
2243	139	6	186	22	1789438871433282560	1789438871433282560	1789438871433282560	1789438871433282560	1789438871433284608	15564	0	5	1	42945873337732	42945873339464
2244	139	4	476	22	1789438871433284608	1789438871433284608	1789438871433285632	1789438871433285632	1789438871433287680	15564	1	3	1	42945873344930	42945873347398
2245	139	8	408	22	1789438871433287680	1789438871433290752	1789438871433290752	1789438871433308160	1789438871433310208	15565	3	7	3	42945873359267	42945873403284
2246	139	4	188	22	1789438871433310208	1789438871433310208	1789438871433310208	1789438871433311232	1789438871433312256	15568	0	3	1	42945873407759	42945873410049
2247	139	8	188	22	1789438871433312256	1789438871433312256	1789438871433312256	1789438871433332736	1789438871433333760	15568	0	7	3	42945873414428	42945873464142
2248	139	10	24	22	1789438871433333760	1789438871433405440	1789438871433405440	1789438871433407488	1789438871433408512	15568	4	11	1	42945873648213	42945873653393
2249	139	13	24	22	1789438871433409536	1789438871433437184	1789438871433437184	1789438871433440256	1789438871433442304	15572	16	14	2	42945873728471	42945873736082
2250	139	15	24	22	1789438871433442304	1789438871433498624	1789438871433498624	1789438871433500672	1789438871433501696	15588	4	18	1	42945873883114	42945873888114
2251	139	22	152	22	1789438871433502720	1789438871433530368	1789438871433530368	1789438871433531392	1789438871433532416	15592	1	25	1	42945873963112	42945873965052
2252	139	20	186	22	1789438871433532416	1789438871433533440	1789438871433533440	1789438871433534464	1789438871433536512	15593	1	23	1	42945873970855	42945873973340
2253	139	21	186	22	1789438871433536512	1789438871433536512	1789438871433536512	1789438871433537536	1789438871433538560	15594	0	24	1	42945873978281	42945873980247
2254	139	19	476	22	1789438871433538560	1789438871433539584	1789438871433539584	1789438871433540608	1789438871433541632	15594	1	22	1	42945873986145	42945873988605
2255	139	23	408	22	1789438871433542656	1789438871433544704	1789438871433544704	1789438871433562112	1789438871433563136	15595	3	26	3	42945873999032	42945874042132
2256	139	19	220	22	1789438871433564160	1789438871433564160	1789438871433564160	1789438871433565184	1789438871433566208	15598	0	22	1	42945874047085	42945874049562
2257	139	23	220	22	1789438871433566208	1789438871433567232	1789438871433567232	1789438871433586688	1789438871433587712	15598	0	26	3	42945874054468	42945874103567
2258	139	19	68	22	1789438871433587712	1789438871433588736	1789438871433588736	1789438871433589760	1789438871433590784	15598	0	22	1	42945874108588	42945874111027
2259	139	23	68	22	1789438871433590784	1789438871433590784	1789438871433590784	1789438871433612288	1789438871433613312	15598	0	26	3	42945874115859	42945874168005
2260	140	0	23	24	1789438871433244672	1789438871433244672	1789438871433244672	1789438871433246720	1789438871433247744	15598	0	0	0	42964216851050	42964216856190
2261	140	7	151	24	1789438871433248768	1789438871433276416	1789438871433276416	1789438871433277440	1789438871433278464	15598	1	6	1	42964216931011	42964216932964
2262	140	5	185	24	1789438871433278464	1789438871433279488	1789438871433279488	1789438871433280512	1789438871433281536	15599	1	4	1	42964216938406	42964216940945
2263	140	6	185	24	1789438871433282560	1789438871433282560	1789438871433282560	1789438871433282560	1789438871433284608	15600	0	5	1	42964216945333	42964216947047
2264	140	4	475	24	1789438871433284608	1789438871433285632	1789438871433285632	1789438871433286656	1789438871433287680	15600	1	3	1	42964216952747	42964216955224
2265	140	8	407	24	1789438871433287680	1789438871433290752	1789438871433290752	1789438871433308160	1789438871433310208	15601	3	7	3	42964216967031	42964217010992
2266	140	4	187	24	1789438871433310208	1789438871433310208	1789438871433310208	1789438871433311232	1789438871433312256	15604	0	3	1	42964217015468	42964217017722
2267	140	8	187	24	1789438871433312256	1789438871433313280	1789438871433313280	1789438871433331712	1789438871433333760	15604	0	7	3	42964217022333	42964217071016
2268	140	10	23	24	1789438871433333760	1789438871433405440	1789438871433405440	1789438871433407488	1789438871433408512	15604	4	11	1	42964217255946	42964217260927
2269	140	13	23	24	1789438871433409536	1789438871433437184	1789438871433437184	1789438871433440256	1789438871433441280	15608	16	14	2	42964217336203	42964217343565
2270	140	15	23	24	1789438871433442304	1789438871433498624	1789438871433498624	1789438871433500672	1789438871433501696	15624	4	18	1	42964217490866	42964217495822
2271	140	22	151	24	1789438871433502720	1789438871433530368	1789438871433530368	1789438871433531392	1789438871433532416	15628	1	25	1	42964217570793	42964217572710
2272	140	20	185	24	1789438871433532416	1789438871433533440	1789438871433533440	1789438871433534464	1789438871433535488	15629	1	23	1	42964217578169	42964217580674
2273	140	21	185	24	1789438871433536512	1789438871433536512	1789438871433536512	1789438871433536512	1789438871433538560	15630	0	24	1	42964217585069	42964217586783
2274	140	19	475	24	1789438871433538560	1789438871433539584	1789438871433539584	1789438871433540608	1789438871433541632	15630	1	22	1	42964217592460	42964217594924
2275	140	23	407	24	1789438871433541632	1789438871433544704	1789438871433544704	1789438871433562112	1789438871433564160	15631	3	26	3	42964217606870	42964217651342
2276	140	19	219	24	1789438871433564160	1789438871433564160	1789438871433564160	1789438871433565184	1789438871433567232	15634	0	22	1	42964217656130	42964217658649
2277	140	23	219	24	1789438871433567232	1789438871433567232	1789438871433567232	1789438871433586688	1789438871433587712	15634	0	26	3	42964217663275	42964217712071
2278	140	19	67	24	1789438871433588736	1789438871433588736	1789438871433588736	1789438871433589760	1789438871433590784	15634	0	22	1	42964217716574	42964217718827
2279	140	23	67	24	1789438871433590784	1789438871433590784	1789438871433590784	1789438871433612288	1789438871433613312	15634	0	26	3	42964217723419	42964217775634
2280	141	0	22	26	1789438871433244672	1789438871433244672	1789438871433244672	1789438871433246720	1789438871433247744	15634	0	0	0	42948816629097	42948816634091
2281	141	7	150	26	1789438871433247744	1789438871433276416	1789438871433276416	1789438871433277440	1789438871433278464	15634	1	6	1	42948816709106	42948816710972
2282	141	5	184	26	1789438871433278464	1789438871433279488	1789438871433279488	1789438871433280512	1789438871433281536	15635	1	4	1	42948816716273	42948816718741
2283	141	6	184	26	1789438871433281536	1789438871433281536	1789438871433282560	1789438871433282560	1789438871433283584	15636	0	5	1	42948816723005	42948816724872
2284	141	4	474	26	1789438871433284608	1789438871433284608	1789438871433284608	1789438871433285632	1789438871433287680	15636	1	3	1	42948816730390	42948816732781
2285	141	8	406	26	1789438871433287680	1789438871433290752	1789438871433290752	1789438871433308160	1789438871433310208	15637	3	7	3	42948816745124	42948816789567
2286	141	4	186	26	1789438871433310208	1789438871433310208	1789438871433310208	1789438871433311232	1789438871433312256	15640	0	3	1	42948816794120	42948816796275
2287	141	8	186	26	1789438871433312256	1789438871433313280	1789438871433313280	1789438871433332736	1789438871433333760	15640	0	7	3	42948816800536	42948816849972
2288	141	10	22	26	1789438871433333760	1789438871433405440	1789438871433405440	1789438871433407488	1789438871433408512	15640	4	11	1	42948817034052	42948817038962
2289	141	13	22	26	1789438871433408512	1789438871433437184	1789438871433437184	1789438871433440256	1789438871433441280	15644	16	14	2	42948817114326	42948817121368
2290	141	15	22	26	1789438871433441280	1789438871433498624	1789438871433498624	1789438871433500672	1789438871433501696	15660	4	18	1	42948817268962	42948817273846
2291	141	22	150	26	1789438871433501696	1789438871433530368	1789438871433530368	1789438871433531392	1789438871433532416	15664	1	25	1	42948817348885	42948817350769
2292	141	20	184	26	1789438871433532416	1789438871433533440	1789438871433533440	1789438871433534464	1789438871433535488	15665	1	23	1	42948817356043	42948817358451
2293	141	21	184	26	1789438871433535488	1789438871433535488	1789438871433536512	1789438871433536512	1789438871433538560	15666	0	24	1	42948817362822	42948817364691
2294	141	19	474	26	1789438871433538560	1789438871433538560	1789438871433538560	1789438871433539584	1789438871433541632	15666	1	22	1	42948817370185	42948817372580
2295	141	23	406	26	1789438871433541632	1789438871433544704	1789438871433544704	1789438871433562112	1789438871433564160	15667	3	26	3	42948817384935	42948817429245
2296	141	19	218	26	1789438871433564160	1789438871433564160	1789438871433564160	1789438871433565184	1789438871433566208	15670	0	22	1	42948817433795	42948817435966
2297	141	23	218	26	1789438871433566208	1789438871433566208	1789438871433567232	1789438871433585664	1789438871433587712	15670	0	26	3	42948817440041	42948817488790
2298	141	19	66	26	1789438871433587712	1789438871433587712	1789438871433587712	1789438871433588736	1789438871433589760	15670	0	22	1	42948817493399	42948817495800
2299	141	23	66	26	1789438871433590784	1789438871433590784	1789438871433590784	1789438871433611264	1789438871433612288	15670	0	26	3	42948817500024	42948817551717
2300	142	0	21	28	1789438871433244672	1789438871433244672	1789438871433244672	1789438871433246720	1789438871433247744	15670	0	0	0	42955800416723	42955800421569
2301	142	7	149	28	1789438871433247744	1789438871433276416	1789438871433276416	1789438871433277440	1789438871433278464	15670	1	6	1	42955800496682	42955800498485
2302	142	5	183	28	1789438871433278464	1789438871433279488	1789438871433279488	1789438871433280512	1789438871433281536	15671	1	4	1	42955800503813	42955800506199
2303	142	6	183	28	1789438871433281536	1789438871433281536	1789438871433281536	1789438871433282560	1789438871433283584	15672	0	5	1	42955800510547	42955800512347
2304	142	4	473	28	1789438871433283584	1789438871433284608	1789438871433284608	1789438871433285632	1789438871433286656	15672	1	3	1	42955800517479	42955800519808
2305	142	8	405	28	1789438871433286656	1789438871433290752	1789438871433290752	1789438871433308160	1789438871433310208	15673	3	7	3	42955800532757	42955800577169
2306	142	4	185	28	1789438871433310208	1789438871433310208	1789438871433310208	1789438871433311232	1789438871433312256	15676	0	3	1	42955800581370	42955800583501
2307	142	8	185	28	1789438871433312256	1789438871433312256	1789438871433312256	1789438871433332736	1789438871433333760	15676	0	7	3	42955800587799	42955800637023
2308	142	10	21	28	1789438871433333760	1789438871433405440	1789438871433405440	1789438871433407488	1789438871433408512	15676	4	11	1	42955800821667	42955800826424
2309	142	13	21	28	1789438871433408512	1789438871433437184	1789438871433437184	1789438871433440256	1789438871433441280	15680	16	14	2	42955800901869	42955800908512
2310	142	15	21	28	1789438871433441280	1789438871433498624	1789438871433498624	1789438871433500672	1789438871433501696	15696	4	18	1	42955801056537	42955801061238
2311	142	22	149	28	1789438871433501696	1789438871433530368	1789438871433530368	1789438871433531392	1789438871433532416	15700	1	25	1	42955801136513	42955801138323
2312	142	20	183	28	1789438871433532416	1789438871433533440	1789438871433533440	1789438871433534464	1789438871433535488	15701	1	23	1	42955801143619	42955801145951
2313	142	21	183	28	1789438871433535488	1789438871433535488	1789438871433535488	1789438871433536512	1789438871433537536	15702	0	24	1	42955801150304	42955801152108
2314	142	19	473	28	1789438871433537536	1789438871433538560	1789438871433538560	1789438871433539584	1789438871433540608	15702	1	22	1	42955801157276	42955801159600
2315	142	23	405	28	1789438871433541632	1789438871433544704	1789438871433544704	1789438871433562112	1789438871433564160	15703	3	26	3	42955801172593	42955801216868
2316	142	19	217	28	1789438871433564160	1789438871433564160	1789438871433564160	1789438871433565184	1789438871433566208	15706	0	22	1	42955801221297	42955801223436
2317	142	23	217	28	1789438871433566208	1789438871433566208	1789438871433567232	1789438871433585664	1789438871433587712	15706	0	26	3	42955801227730	42955801276324
2318	142	19	65	28	1789438871433587712	1789438871433587712	1789438871433587712	1789438871433588736	1789438871433589760	15706	0	22	1	42955801280750	42955801282872
2319	142	23	65	28	1789438871433589760	1789438871433589760	1789438871433590784	1789438871433611264	1789438871433612288	15706	0	26	3	42955801287007	42955801338576
2320	143	0	20	30	1789438871433244672	1789438871433244672	1789438871433244672	1789438871433246720	1789438871433247744	15706	0	0	0	42961563695675	42961563700753
2321	143	7	148	30	1789438871433247744	1789438871433276416	1789438871433276416	1789438871433277440	1789438871433278464	15706	1	6	1	42961563775644	42961563777520
2322	143	5	182	30	1789438871433278464	1789438871433279488	1789438871433279488	1789438871433280512	1789438871433281536	15707	1	4	1	42961563782843	42961563785310
2323	143	6	182	30	1789438871433281536	1789438871433281536	1789438871433282560	1789438871433282560	1789438871433284608	15708	0	5	1	42961563789580	42961563791436
2324	143	4	472	30	1789438871433284608	1789438871433284608	1789438871433284608	1789438871433285632	1789438871433287680	15708	1	3	1	42961563797007	42961563799418
2325	143	8	404	30	1789438871433287680	1789438871433290752	1789438871433290752	1789438871433308160	1789438871433309184	15709	3	7	3	42961563811684	42961563855469
2326	143	4	184	30	1789438871433310208	1789438871433310208	1789438871433310208	1789438871433311232	1789438871433312256	15712	0	3	1	42961563859797	42961563861982
2327	143	8	184	30	1789438871433312256	1789438871433312256	1789438871433312256	1789438871433331712	1789438871433333760	15712	0	7	3	42961563866495	42961563915657
2328	143	10	20	30	1789438871433333760	1789438871433405440	1789438871433405440	1789438871433407488	1789438871433408512	15712	4	11	1	42961564100631	42961564105573
2329	143	13	20	30	1789438871433408512	1789438871433437184	1789438871433437184	1789438871433440256	1789438871433441280	15716	16	14	2	42961564180854	42961564187837
2330	143	15	20	30	1789438871433441280	1789438871433498624	1789438871433498624	1789438871433500672	1789438871433501696	15732	4	18	1	42961564335528	42961564340420
2331	143	22	148	30	1789438871433501696	1789438871433530368	1789438871433530368	1789438871433531392	1789438871433532416	15736	1	25	1	42961564415464	42961564417329
2332	143	20	182	30	1789438871433532416	1789438871433533440	1789438871433533440	1789438871433534464	1789438871433535488	15737	1	23	1	42961564422639	42961564425055
2333	143	21	182	30	1789438871433535488	1789438871433536512	1789438871433536512	1789438871433536512	1789438871433538560	15738	0	24	1	42961564429423	42961564431275
2334	143	19	472	30	1789438871433538560	1789438871433538560	1789438871433538560	1789438871433539584	1789438871433541632	15738	1	22	1	42961564436828	42961564439235
2335	143	23	404	30	1789438871433541632	1789438871433544704	1789438871433544704	1789438871433562112	1789438871433564160	15739	3	26	3	42961564451513	42961564495975
2336	143	19	216	30	1789438871433564160	1789438871433564160	1789438871433564160	1789438871433565184	1789438871433566208	15742	0	22	1	42961564500540	42961564502727
2337	143	23	216	30	1789438871433566208	1789438871433567232	1789438871433567232	1789438871433586688	1789438871433587712	15742	0	26	3	42961564506988	42961564555742
2338	143	19	64	30	1789438871433587712	1789438871433587712	1789438871433587712	1789438871433588736	1789438871433590784	15742	0	22	1	42961564560324	42961564562733
2339	143	23	64	30	1789438871433590784	1789438871433590784	1789438871433590784	1789438871433611264	1789438871433612288	15742	0	26	3	42961564567231	42961564618784
2340	144	0	19	32	1789438871433244672	1789438871433244672	1789438871433244672	1789438871433246720	1789438871433247744	15742	0	0	0	42921751088699	42921751093896
2341	144	7	147	32	1789438871433248768	1789438871433276416	1789438871433276416	1789438871433277440	1789438871433278464	15742	1	6	1	42921751168602	42921751170552
2342	144	5	181	32	1789438871433278464	1789438871433279488	1789438871433279488	1789438871433280512	1789438871433281536	15743	1	4	1	42921751176013	42921751178546
2343	144	6	181	32	1789438871433282560	1789438871433282560	1789438871433282560	1789438871433282560	1789438871433284608	15744	0	5	1	42921751182938	42921751184622
2344	144	4	471	32	1789438871433284608	1789438871433285632	1789438871433285632	1789438871433286656	1789438871433287680	15744	1	3	1	42921751190365	42921751192854
2345	144	8	403	32	1789438871433287680	1789438871433290752	1789438871433290752	1789438871433308160	1789438871433310208	15745	3	7	3	42921751204552	42921751248987
2346	144	4	183	32	1789438871433310208	1789438871433310208	1789438871433310208	1789438871433311232	1789438871433312256	15748	0	3	1	42921751253700	42921751255956
2347	144	8	183	32	1789438871433313280	1789438871433313280	1789438871433313280	1789438871433331712	1789438871433333760	15748	0	7	3	42921751260381	42921751308510
2348	144	10	19	32	1789438871433333760	1789438871433405440	1789438871433405440	1789438871433407488	1789438871433408512	15748	4	11	1	42921751493442	42921751498464
2349	144	13	19	32	1789438871433409536	1789438871433437184	1789438871433437184	1789438871433440256	1789438871433441280	15752	16	14	2	42921751573614	42921751580866
2350	144	15	19	32	1789438871433442304	1789438871433498624	1789438871433498624	1789438871433500672	1789438871433501696	15768	4	18	1	42921751728309	42921751733305
2351	144	22	147	32	1789438871433502720	1789438871433530368	1789438871433530368	1789438871433531392	1789438871433532416	15772	1	25	1	42921751808239	42921751810157
2352	144	20	181	32	1789438871433532416	1789438871433533440	1789438871433533440	1789438871433534464	1789438871433535488	15773	1	23	1	42921751815624	42921751818103
2353	144	21	181	32	1789438871433536512	1789438871433536512	1789438871433536512	1789438871433536512	1789438871433538560	15774	0	24	1	42921751822510	42921751824189
2354	144	19	471	32	1789438871433538560	1789438871433539584	1789438871433539584	1789438871433540608	1789438871433541632	15774	1	22	1	42921751829914	42921751832379
2355	144	23	403	32	1789438871433541632	1789438871433544704	1789438871433544704	1789438871433562112	1789438871433564160	15775	3	26	3	42921751844251	42921751888012
2356	144	19	215	32	1789438871433564160	1789438871433564160	1789438871433564160	1789438871433565184	1789438871433566208	15778	0	22	1	42921751892495	42921751894750
2357	144	23	215	32	1789438871433566208	1789438871433566208	1789438871433567232	1789438871433586688	1789438871433587712	15778	0	26	3	42921751899374	42921751948465
2358	144	19	63	32	1789438871433587712	1789438871433587712	1789438871433587712	1789438871433588736	1789438871433590784	15778	0	22	1	42921751953183	42921751955670
2359	144	23	63	32	1789438871433590784	1789438871433590784	1789438871433590784	1789438871433611264	1789438871433613312	15778	0	26	3	42921751960292	42921752012072
2360	145	0	18	34	1789438871433244672	1789438871433244672	1789438871433244672	1789438871433246720	1789438871433247744	15778	0	0	0	42943321999864	42943322005062
2361	145	7	146	34	1789438871433248768	1789438871433276416	1789438871433276416	1789438871433277440	1789438871433278464	15778	1	6	1	42943322079744	42943322081648
2362	145	5	180	34	1789438871433278464	1789438871433279488	1789438871433279488	1789438871433280512	1789438871433281536	15779	1	4	1	42943322087086	42943322089610
2363	145	6	180	34	1789438871433282560	1789438871433282560	1789438871433282560	1789438871433282560	1789438871433284608	15780	0	5	1	42943322094013	42943322095753
2364	145	4	470	34	1789438871433284608	1789438871433285632	1789438871433285632	1789438871433286656	1789438871433287680	15780	1	3	1	42943322101484	42943322103965
2365	145	8	402	34	1789438871433287680	1789438871433290752	1789438871433290752	1789438871433309184	1789438871433310208	15781	3	7	3	42943322115650	42943322160949
2366	145	4	182	34	1789438871433310208	1789438871433310208	1789438871433311232	1789438871433312256	1789438871433313280	15784	0	3	1	42943322165688	42943322168197
2367	145	8	182	34	1789438871433313280	1789438871433313280	1789438871433313280	1789438871433333760	1789438871433334784	15784	0	7	3	42943322172882	42943322222817
2368	145	10	18	34	1789438871433334784	1789438871433405440	1789438871433405440	1789438871433407488	1789438871433408512	15784	4	11	1	42943322404728	42943322409770
2369	145	13	18	34	1789438871433409536	1789438871433437184	1789438871433437184	1789438871433440256	1789438871433441280	15788	16	14	2	42943322484864	42943322492109
2370	145	15	18	34	1789438871433442304	1789438871433498624	1789438871433498624	1789438871433500672	1789438871433501696	15804	4	18	1	42943322639484	42943322644432
2371	145	22	146	34	1789438871433502720	1789438871433530368	1789438871433530368	1789438871433531392	1789438871433532416	15808	1	25	1	42943322719447	42943322721365
2372	145	20	180	34	1789438871433532416	1789438871433533440	1789438871433533440	1789438871433534464	1789438871433535488	15809	1	23	1	42943322726828	42943322729296
2373	145	21	180	34	1789438871433536512	1789438871433536512	1789438871433536512	1789438871433536512	1789438871433538560	15810	0	24	1	42943322733764	42943322735484
2374	145	19	470	34	1789438871433538560	1789438871433539584	1789438871433539584	1789438871433540608	1789438871433541632	15810	1	22	1	42943322741160	42943322743614
2375	145	23	402	34	1789438871433541632	1789438871433544704	1789438871433544704	1789438871433562112	1789438871433564160	15811	3	26	3	42943322755396	42943322799874
2376	145	19	214	34	1789438871433564160	1789438871433564160	1789438871433564160	1789438871433565184	1789438871433567232	15814	0	22	1	42943322804605	42943322807129
2377	145	23	214	34	1789438871433567232	1789438871433567232	1789438871433567232	1789438871433585664	1789438871433587712	15814	0	26	3	42943322811593	42943322859313
2378	145	19	62	34	1789438871433587712	1789438871433587712	1789438871433587712	1789438871433588736	1789438871433590784	15814	0	22	1	42943322864053	42943322866546
2379	145	23	62	34	1789438871433590784	1789438871433590784	1789438871433590784	1789438871433611264	1789438871433613312	15814	0	26	3	42943322871149	42943322923187
2380	146	0	17	36	1789438871433244672	1789438871433244672	1789438871433244672	1789438871433246720	1789438871433247744	15814	0	0	0	42953061576043	42953061581159
2381	146	7	145	36	1789438871433247744	1789438871433276416	1789438871433276416	1789438871433277440	1789438871433278464	15814	1	6	1	42953061655975	42953061657826
2382	146	5	179	36	1789438871433278464	1789438871433279488	1789438871433279488	1789438871433280512	1789438871433281536	15815	1	4	1	42953061663057	42953061665523
2383	146	6	179	36	1789438871433281536	1789438871433281536	1789438871433282560	1789438871433282560	1789438871433283584	15816	0	5	1	42953061669885	42953061671756
2384	146	4	469	36	1789438871433284608	1789438871433284608	1789438871433284608	1789438871433285632	1789438871433287680	15816	1	3	1	42953061677257	42953061679674
2385	146	8	401	36	1789438871433287680	1789438871433290752	1789438871433290752	1789438871433308160	1789438871433310208	15817	3	7	3	42953061691963	42953061736558
2386	146	4	181	36	1789438871433310208	1789438871433310208	1789438871433310208	1789438871433311232	1789438871433312256	15820	0	3	1	42953061741144	42953061743366
2387	146	8	181	36	1789438871433313280	1789438871433313280	1789438871433313280	1789438871433332736	1789438871433333760	15820	0	7	3	42953061747669	42953061796809
2388	146	10	17	36	1789438871433333760	1789438871433405440	1789438871433405440	1789438871433407488	1789438871433408512	15820	4	11	1	42953061981051	42953061985974
2389	146	13	17	36	1789438871433408512	1789438871433437184	1789438871433437184	1789438871433440256	1789438871433441280	15824	16	14	2	42953062061177	42953062068466
2390	146	15	17	36	1789438871433441280	1789438871433498624	1789438871433498624	1789438871433500672	1789438871433501696	15840	4	18	1	42953062215820	42953062220614
2391	146	22	145	36	1789438871433501696	1789438871433530368	1789438871433530368	1789438871433531392	1789438871433532416	15844	1	25	1	42953062295752	42953062297618
2392	146	20	179	36	1789438871433532416	1789438871433533440	1789438871433533440	1789438871433534464	1789438871433535488	15845	1	23	1	42953062302916	42953062305319
2393	146	21	179	36	1789438871433535488	1789438871433535488	1789438871433536512	1789438871433536512	1789438871433538560	15846	0	24	1	42953062309703	42953062311579
2394	146	19	469	36	1789438871433538560	1789438871433538560	1789438871433538560	1789438871433539584	1789438871433541632	15846	1	22	1	42953062317072	42953062319458
2395	146	23	401	36	1789438871433541632	1789438871433544704	1789438871433544704	1789438871433562112	1789438871433564160	15847	3	26	3	42953062331764	42953062376092
2396	146	19	213	36	1789438871433564160	1789438871433564160	1789438871433564160	1789438871433565184	1789438871433566208	15850	0	22	1	42953062380659	42953062382885
2397	146	23	213	36	1789438871433566208	1789438871433566208	1789438871433567232	1789438871433586688	1789438871433587712	15850	0	26	3	42953062386993	42953062435888
2398	146	19	61	36	1789438871433587712	1789438871433587712	1789438871433587712	1789438871433588736	1789438871433590784	15850	0	22	1	42953062440553	42953062442958
2399	146	23	61	36	1789438871433590784	1789438871433590784	1789438871433590784	1789438871433611264	1789438871433612288	15850	0	26	3	42953062447389	42953062499263
2400	147	0	16	38	1789438871433244672	1789438871433244672	1789438871433244672	1789438871433246720	1789438871433247744	15850	0	0	0	42910819616610	42910819621601
2401	147	7	144	38	1789438871433247744	1789438871433276416	1789438871433276416	1789438871433277440	1789438871433278464	15850	1	6	1	42910819696530	42910819698317
2402	147	5	178	38	1789438871433278464	1789438871433279488	1789438871433279488	1789438871433280512	1789438871433281536	15851	1	4	1	42910819703555	42910819705915
2403	147	6	178	38	1789438871433281536	1789438871433281536	1789438871433281536	1789438871433282560	1789438871433283584	15852	0	5	1	42910819710213	42910819712001
2404	147	4	468	38	1789438871433283584	1789438871433284608	1789438871433284608	1789438871433285632	1789438871433286656	15852	1	3	1	42910819717120	42910819719452
2405	147	8	400	38	1789438871433286656	1789438871433290752	1789438871433290752	1789438871433308160	1789438871433309184	15853	3	7	3	42910819732535	42910819776218
2406	147	4	180	38	1789438871433310208	1789438871433310208	1789438871433310208	1789438871433311232	1789438871433312256	15856	0	3	1	42910819780412	42910819782570
2407	147	8	180	38	1789438871433312256	1789438871433312256	1789438871433312256	1789438871433331712	1789438871433333760	15856	0	7	3	42910819786881	42910819836122
2408	147	10	16	38	1789438871433333760	1789438871433405440	1789438871433405440	1789438871433407488	1789438871433408512	15856	4	11	1	42910820021337	42910820026136
2409	147	13	16	38	1789438871433408512	1789438871433437184	1789438871433437184	1789438871433440256	1789438871433441280	15860	16	14	2	42910820101509	42910820108464
2410	147	15	16	38	1789438871433441280	1789438871433498624	1789438871433498624	1789438871433500672	1789438871433501696	15876	4	18	1	42910820256124	42910820260775
2411	147	22	144	38	1789438871433501696	1789438871433530368	1789438871433530368	1789438871433531392	1789438871433532416	15880	1	25	1	42910820336088	42910820337878
2412	147	20	178	38	1789438871433532416	1789438871433533440	1789438871433533440	1789438871433534464	1789438871433535488	15881	1	23	1	42910820343121	42910820345445
2413	147	21	178	38	1789438871433535488	1789438871433535488	1789438871433535488	1789438871433536512	1789438871433537536	15882	0	24	1	42910820349755	42910820351584
2414	147	19	468	38	1789438871433537536	1789438871433538560	1789438871433538560	1789438871433539584	1789438871433540608	15882	1	22	1	42910820356680	42910820358984
2415	147	23	400	38	1789438871433540608	1789438871433544704	1789438871433544704	1789438871433562112	1789438871433564160	15883	3	26	3	42910820372165	42910820416699
2416	147	19	212	38	1789438871433564160	1789438871433564160	1789438871433564160	1789438871433565184	1789438871433566208	15886	0	22	1	42910820421093	42910820423249
2417	147	23	212	38	1789438871433566208	1789438871433567232	1789438871433567232	1789438871433586688	1789438871433587712	15886	0	26	3	42910820427391	42910820476170
2418	147	19	60	38	1789438871433587712	1789438871433587712	1789438871433587712	1789438871433588736	1789438871433589760	15886	0	22	1	42910820480658	42910820483005
2419	147	23	60	38	1789438871433590784	1789438871433590784	1789438871433590784	1789438871433611264	1789438871433612288	15886	0	26	3	42910820487105	42910820538654
2420	148	0	15	40	1789438871433244672	1789438871433244672	1789438871433244672	1789438871433246720	1789438871433247744	15886	0	0	0	42944198504135	42944198508863
2421	148	7	143	40	1789438871433247744	1789438871433276416	1789438871433276416	1789438871433277440	1789438871433278464	15886	1	6	1	42944198583971	42944198585739
2422	148	5	177	40	1789438871433278464	1789438871433279488	1789438871433279488	1789438871433280512	1789438871433281536	15887	1	4	1	42944198590822	42944198592942
2423	148	6	177	40	1789438871433281536	1789438871433281536	1789438871433281536	1789438871433282560	1789438871433283584	15888	0	5	1	42944198597110	42944198598875
2424	148	4	467	40	1789438871433283584	1789438871433284608	1789438871433284608	1789438871433285632	1789438871433286656	15888	1	3	1	42944198603935	42944198606195
2425	148	8	399	40	1789438871433286656	1789438871433290752	1789438871433290752	1789438871433308160	1789438871433309184	15889	3	7	3	42944198620063	42944198664236
2426	148	4	179	40	1789438871433310208	1789438871433310208	1789438871433310208	1789438871433311232	1789438871433312256	15892	0	3	1	42944198668342	42944198670446
2427	148	8	179	40	1789438871433312256	1789438871433312256	1789438871433312256	1789438871433331712	1789438871433333760	15892	0	7	3	42944198674603	42944198723939
2428	148	15	15	40	1789438871433333760	1789438871433498624	1789438871433498624	1789438871433500672	1789438871433501696	15892	4	18	1	42944199143827	42944199148296
2429	148	22	143	40	1789438871433501696	1789438871433530368	1789438871433530368	1789438871433531392	1789438871433532416	15896	1	25	1	42944199223611	42944199225366
2430	148	20	177	40	1789438871433532416	1789438871433533440	1789438871433533440	1789438871433534464	1789438871433535488	15897	1	23	1	42944199230487	42944199232571
2431	148	21	177	40	1789438871433535488	1789438871433535488	1789438871433535488	1789438871433536512	1789438871433537536	15898	0	24	1	42944199236824	42944199238600
2432	148	19	467	40	1789438871433537536	1789438871433538560	1789438871433538560	1789438871433539584	1789438871433540608	15898	1	22	1	42944199243563	42944199245799
2433	148	23	399	40	1789438871433540608	1789438871433544704	1789438871433544704	1789438871433562112	1789438871433564160	15899	3	26	3	42944199259710	42944199303938
2434	148	19	211	40	1789438871433564160	1789438871433564160	1789438871433564160	1789438871433565184	1789438871433566208	15902	0	22	1	42944199308063	42944199310127
2435	148	23	211	40	1789438871433566208	1789438871433566208	1789438871433566208	1789438871433585664	1789438871433586688	15902	0	26	3	42944199314365	42944199362704
2436	148	19	59	40	1789438871433586688	1789438871433587712	1789438871433587712	1789438871433587712	1789438871433589760	15902	0	22	1	42944199366840	42944199369011
2437	148	23	59	40	1789438871433589760	1789438871433589760	1789438871433589760	1789438871433610240	1789438871433611264	15902	0	26	3	42944199373229	42944199424472
2438	148	25	127	40	1789438871433611264	1789438871433662464	1789438871433662464	1789438871433664512	1789438871433665536	15902	4	31	1	42944199556367	42944199560943
2439	148	25	19	40	1789438871433665536	1789438871433665536	1789438871433665536	1789438871433667584	1789438871433668608	15906	0	31	1	42944199565019	42944199569634
2440	149	0	14	42	1789438871433244672	1789438871433244672	1789438871433244672	1789438871433246720	1789438871433247744	15906	0	0	0	42952127201810	42952127206827
2441	149	7	142	42	1789438871433247744	1789438871433276416	1789438871433276416	1789438871433277440	1789438871433278464	15906	1	6	1	42952127281650	42952127283458
2442	149	5	176	42	1789438871433278464	1789438871433279488	1789438871433279488	1789438871433280512	1789438871433281536	15907	1	4	1	42952127288745	42952127291120
2443	149	6	176	42	1789438871433281536	1789438871433281536	1789438871433281536	1789438871433282560	1789438871433283584	15908	0	5	1	42952127295489	42952127297296
2444	149	4	466	42	1789438871433283584	1789438871433284608	1789438871433284608	1789438871433285632	1789438871433286656	15908	1	3	1	42952127302452	42952127304785
2445	149	8	398	42	1789438871433287680	1789438871433290752	1789438871433290752	1789438871433308160	1789438871433310208	15909	3	7	3	42952127317690	42952127362554
2446	149	4	178	42	1789438871433310208	1789438871433310208	1789438871433310208	1789438871433311232	1789438871433312256	15912	0	3	1	42952127367022	42952127369381
2447	149	8	178	42	1789438871433313280	1789438871433313280	1789438871433313280	1789438871433331712	1789438871433333760	15912	0	7	3	42952127373538	42952127421669
2448	149	15	14	42	1789438871433333760	1789438871433498624	1789438871433498624	1789438871433500672	1789438871433501696	15912	4	18	1	42952127841535	42952127846182
2449	149	22	142	42	1789438871433501696	1789438871433530368	1789438871433530368	1789438871433531392	1789438871433532416	15916	1	25	1	42952127921307	42952127923139
2450	149	20	176	42	1789438871433532416	1789438871433533440	1789438871433533440	1789438871433534464	1789438871433535488	15917	1	23	1	42952127928485	42952127930834
2451	149	21	176	42	1789438871433535488	1789438871433535488	1789438871433535488	1789438871433536512	1789438871433537536	15918	0	24	1	42952127935178	42952127937016
2452	149	19	466	42	1789438871433537536	1789438871433538560	1789438871433538560	1789438871433539584	1789438871433540608	15918	1	22	1	42952127942152	42952127944475
2453	149	23	398	42	1789438871433540608	1789438871433544704	1789438871433544704	1789438871433562112	1789438871433564160	15919	3	26	3	42952127957428	42952128002074
2454	149	19	210	42	1789438871433564160	1789438871433564160	1789438871433564160	1789438871433565184	1789438871433566208	15922	0	22	1	42952128006538	42952128008687
2455	149	23	210	42	1789438871433566208	1789438871433567232	1789438871433567232	1789438871433586688	1789438871433587712	15922	0	26	3	42952128012857	42952128061725
2456	149	19	58	42	1789438871433587712	1789438871433587712	1789438871433587712	1789438871433588736	1789438871433590784	15922	0	22	1	42952128066203	42952128068554
2457	149	23	58	42	1789438871433590784	1789438871433590784	1789438871433590784	1789438871433611264	1789438871433612288	15922	0	26	3	42952128072760	42952128124266
2458	149	25	126	42	1789438871433612288	1789438871433662464	1789438871433662464	1789438871433664512	1789438871433665536	15922	4	31	1	42952128254160	42952128258891
2459	149	25	18	42	1789438871433665536	1789438871433666560	1789438871433666560	1789438871433667584	1789438871433669632	15926	0	31	1	42952128263091	42952128267880
2460	150	0	13	44	1789438871433244672	1789438871433244672	1789438871433244672	1789438871433246720	1789438871433247744	15926	0	0	0	42945873243558	42945873248613
2461	150	7	141	44	1789438871433248768	1789438871433276416	1789438871433276416	1789438871433277440	1789438871433278464	15926	1	6	1	42945873323322	42945873325355
2462	150	5	175	44	1789438871433278464	1789438871433279488	1789438871433279488	1789438871433280512	1789438871433281536	15927	1	4	1	42945873330599	42945873333074
2463	150	6	175	44	1789438871433281536	1789438871433281536	1789438871433282560	1789438871433282560	1789438871433284608	15928	0	5	1	42945873337368	42945873339210
2464	150	4	465	44	1789438871433284608	1789438871433284608	1789438871433284608	1789438871433285632	1789438871433287680	15928	1	3	1	42945873344744	42945873347145
2465	150	8	397	44	1789438871433287680	1789438871433290752	1789438871433290752	1789438871433308160	1789438871433309184	15929	3	7	3	42945873359374	42945873403080
2466	150	4	177	44	1789438871433310208	1789438871433310208	1789438871433310208	1789438871433311232	1789438871433312256	15932	0	3	1	42945873407482	42945873409685
2467	150	8	177	44	1789438871433312256	1789438871433312256	1789438871433312256	1789438871433332736	1789438871433333760	15932	0	7	3	42945873414219	42945873463629
2468	150	15	13	44	1789438871433333760	1789438871433498624	1789438871433498624	1789438871433500672	1789438871433501696	15932	4	18	1	42945873883148	42945873887940
2469	150	22	141	44	1789438871433501696	1789438871433530368	1789438871433530368	1789438871433531392	1789438871433532416	15936	1	25	1	42945873962968	42945873964860
2470	150	20	175	44	1789438871433532416	1789438871433533440	1789438871433533440	1789438871433534464	1789438871433535488	15937	1	23	1	42945873970165	42945873972594
2471	150	21	175	44	1789438871433535488	1789438871433536512	1789438871433536512	1789438871433536512	1789438871433538560	15938	0	24	1	42945873977057	42945873978935
2472	150	19	465	44	1789438871433538560	1789438871433538560	1789438871433538560	1789438871433539584	1789438871433541632	15938	1	22	1	42945873984438	42945873986815
2473	150	23	397	44	1789438871433541632	1789438871433544704	1789438871433544704	1789438871433562112	1789438871433564160	15939	3	26	3	42945873999042	42945874043710
2474	150	19	209	44	1789438871433564160	1789438871433564160	1789438871433564160	1789438871433565184	1789438871433567232	15942	0	22	1	42945874048335	42945874050747
2475	150	23	209	44	1789438871433567232	1789438871433567232	1789438871433567232	1789438871433586688	1789438871433587712	15942	0	26	3	42945874055010	42945874103848
2476	150	19	57	44	1789438871433587712	1789438871433587712	1789438871433588736	1789438871433589760	1789438871433590784	15942	0	22	1	42945874108465	42945874110863
2477	150	23	57	44	1789438871433590784	1789438871433590784	1789438871433590784	1789438871433611264	1789438871433613312	15942	0	26	3	42945874115386	42945874167487
2478	150	25	125	44	1789438871433613312	1789438871433662464	1789438871433662464	1789438871433664512	1789438871433665536	15942	4	31	1	42945874295743	42945874300644
2479	150	25	17	44	1789438871433666560	1789438871433666560	1789438871433666560	1789438871433668608	1789438871433669632	15946	0	31	1	42945874305008	42945874309951
2480	151	0	12	46	1789438871433244672	1789438871433244672	1789438871433244672	1789438871433246720	1789438871433247744	15946	0	0	0	42964216851058	42964216856084
2481	151	7	140	46	1789438871433248768	1789438871433276416	1789438871433276416	1789438871433277440	1789438871433278464	15946	1	6	1	42964216930883	42964216932742
2482	151	5	174	46	1789438871433278464	1789438871433279488	1789438871433279488	1789438871433280512	1789438871433281536	15947	1	4	1	42964216938132	42964216940608
2483	151	6	174	46	1789438871433281536	1789438871433281536	1789438871433282560	1789438871433282560	1789438871433284608	15948	0	5	1	42964216944906	42964216946776
2484	151	4	464	46	1789438871433284608	1789438871433284608	1789438871433284608	1789438871433285632	1789438871433287680	15948	1	3	1	42964216952360	42964216954766
2485	151	8	396	46	1789438871433287680	1789438871433290752	1789438871433290752	1789438871433308160	1789438871433310208	15949	3	7	3	42964216966940	42964217011121
2486	151	4	176	46	1789438871433310208	1789438871433310208	1789438871433310208	1789438871433311232	1789438871433312256	15952	0	3	1	42964217015696	42964217017886
2487	151	8	176	46	1789438871433312256	1789438871433313280	1789438871433313280	1789438871433332736	1789438871433333760	15952	0	7	3	42964217022274	42964217071755
2488	151	15	12	46	1789438871433333760	1789438871433498624	1789438871433498624	1789438871433500672	1789438871433501696	15952	4	18	1	42964217490809	42964217495614
2489	151	22	140	46	1789438871433501696	1789438871433530368	1789438871433530368	1789438871433531392	1789438871433532416	15956	1	25	1	42964217570655	42964217572525
2490	151	20	174	46	1789438871433532416	1789438871433533440	1789438871433533440	1789438871433534464	1789438871433535488	15957	1	23	1	42964217577903	42964217580352
2491	151	21	174	46	1789438871433535488	1789438871433536512	1789438871433536512	1789438871433536512	1789438871433538560	15958	0	24	1	42964217584715	42964217586590
2492	151	19	464	46	1789438871433538560	1789438871433538560	1789438871433538560	1789438871433539584	1789438871433541632	15958	1	22	1	42964217592171	42964217594582
2493	151	23	396	46	1789438871433541632	1789438871433544704	1789438871433544704	1789438871433562112	1789438871433563136	15959	3	26	3	42964217606695	42964217650262
2494	151	19	208	46	1789438871433564160	1789438871433564160	1789438871433564160	1789438871433565184	1789438871433566208	15962	0	22	1	42964217654670	42964217656897
2495	151	23	208	46	1789438871433566208	1789438871433566208	1789438871433566208	1789438871433585664	1789438871433587712	15962	0	26	3	42964217661477	42964217710499
2496	151	19	56	46	1789438871433587712	1789438871433587712	1789438871433587712	1789438871433588736	1789438871433589760	15962	0	22	1	42964217715084	42964217717274
2497	151	23	56	46	1789438871433589760	1789438871433590784	1789438871433590784	1789438871433611264	1789438871433612288	15962	0	26	3	42964217721607	42964217773335
2498	151	25	124	46	1789438871433612288	1789438871433662464	1789438871433662464	1789438871433664512	1789438871433665536	15962	4	31	1	42964217903458	42964217908406
2499	151	25	16	46	1789438871433666560	1789438871433666560	1789438871433666560	1789438871433668608	1789438871433669632	15966	0	31	1	42964217912699	42964217917687
2500	152	0	11	48	1789438871433244672	1789438871433244672	1789438871433244672	1789438871433246720	1789438871433247744	15966	0	0	0	42948816629111	42948816633896
2501	152	7	139	48	1789438871433247744	1789438871433276416	1789438871433276416	1789438871433277440	1789438871433278464	15966	1	6	1	42948816708971	42948816710781
2502	152	5	173	48	1789438871433278464	1789438871433279488	1789438871433279488	1789438871433280512	1789438871433281536	15967	1	4	1	42948816716096	42948816718434
2503	152	6	173	48	1789438871433281536	1789438871433281536	1789438871433281536	1789438871433282560	1789438871433283584	15968	0	5	1	42948816722746	42948816724554
2504	152	4	463	48	1789438871433283584	1789438871433284608	1789438871433284608	1789438871433285632	1789438871433286656	15968	1	3	1	42948816729695	42948816732031
2505	152	8	395	48	1789438871433286656	1789438871433290752	1789438871433290752	1789438871433308160	1789438871433309184	15969	3	7	3	42948816745027	42948816789093
2506	152	4	175	48	1789438871433309184	1789438871433310208	1789438871433310208	1789438871433311232	1789438871433312256	15972	0	3	1	42948816792891	42948816795186
2507	152	8	175	48	1789438871433312256	1789438871433312256	1789438871433312256	1789438871433331712	1789438871433333760	15972	0	7	3	42948816799618	42948816849015
2508	152	15	11	48	1789438871433333760	1789438871433498624	1789438871433498624	1789438871433500672	1789438871433501696	15972	4	18	1	42948817268743	42948817273510
2509	152	22	139	48	1789438871433501696	1789438871433530368	1789438871433530368	1789438871433531392	1789438871433532416	15976	1	25	1	42948817348741	42948817350571
2510	152	20	173	48	1789438871433532416	1789438871433533440	1789438871433533440	1789438871433534464	1789438871433535488	15977	1	23	1	42948817356152	42948817358521
2511	152	21	173	48	1789438871433535488	1789438871433536512	1789438871433536512	1789438871433536512	1789438871433538560	15978	0	24	1	42948817363095	42948817364892
2512	152	19	463	48	1789438871433538560	1789438871433538560	1789438871433539584	1789438871433539584	1789438871433541632	15978	1	22	1	42948817370469	42948817372808
2513	152	23	395	48	1789438871433541632	1789438871433544704	1789438871433544704	1789438871433563136	1789438871433564160	15979	3	26	3	42948817384814	42948817429852
2514	152	19	207	48	1789438871433564160	1789438871433564160	1789438871433564160	1789438871433565184	1789438871433567232	15982	0	22	1	42948817434564	42948817436921
2515	152	23	207	48	1789438871433567232	1789438871433567232	1789438871433567232	1789438871433586688	1789438871433587712	15982	0	26	3	42948817441520	42948817490193
2516	152	19	55	48	1789438871433588736	1789438871433588736	1789438871433588736	1789438871433589760	1789438871433590784	15982	0	22	1	42948817494874	42948817497214
2517	152	23	55	48	1789438871433590784	1789438871433590784	1789438871433590784	1789438871433611264	1789438871433613312	15982	0	26	3	42948817501710	42948817553292
2518	152	25	123	48	1789438871433613312	1789438871433662464	1789438871433662464	1789438871433664512	1789438871433665536	15982	4	31	1	42948817681532	42948817686249
2519	152	28	127	48	1789438871433665536	1789438871433697280	1789438871433697280	1789438871433700352	1789438871433701376	15986	16	34	2	42948817769596	42948817776367
2520	153	0	10	50	1789438871433244672	1789438871433244672	1789438871433244672	1789438871433246720	1789438871433247744	16002	0	0	0	42955800416702	42955800421371
2521	153	7	138	50	1789438871433247744	1789438871433276416	1789438871433276416	1789438871433277440	1789438871433278464	16002	1	6	1	42955800496565	42955800498310
2522	153	5	172	50	1789438871433278464	1789438871433279488	1789438871433279488	1789438871433280512	1789438871433281536	16003	1	4	1	42955800503497	42955800505764
2523	153	6	172	50	1789438871433281536	1789438871433281536	1789438871433281536	1789438871433282560	1789438871433283584	16004	0	5	1	42955800509999	42955800511747
2524	153	4	462	50	1789438871433283584	1789438871433284608	1789438871433284608	1789438871433285632	1789438871433286656	16004	1	3	1	42955800516785	42955800519060
2525	153	8	394	50	1789438871433286656	1789438871433290752	1789438871433290752	1789438871433308160	1789438871433309184	16005	3	7	3	42955800532673	42955800577127
2526	153	4	174	50	1789438871433310208	1789438871433310208	1789438871433310208	1789438871433311232	1789438871433312256	16008	0	3	1	42955800580793	42955800582889
2527	153	8	174	50	1789438871433312256	1789438871433312256	1789438871433312256	1789438871433331712	1789438871433333760	16008	0	7	3	42955800587123	42955800636485
2528	153	15	10	50	1789438871433333760	1789438871433498624	1789438871433498624	1789438871433500672	1789438871433501696	16008	4	18	1	42955801056369	42955801060951
2529	153	22	138	50	1789438871433501696	1789438871433530368	1789438871433530368	1789438871433531392	1789438871433532416	16012	1	25	1	42955801136319	42955801138099
2530	153	20	172	50	1789438871433532416	1789438871433533440	1789438871433533440	1789438871433534464	1789438871433535488	16013	1	23	1	42955801143480	42955801145769
2531	153	21	172	50	1789438871433535488	1789438871433535488	1789438871433535488	1789438871433536512	1789438871433537536	16014	0	24	1	42955801150222	42955801151972
2532	153	19	462	50	1789438871433537536	1789438871433538560	1789438871433538560	1789438871433539584	1789438871433540608	16014	1	22	1	42955801157438	42955801159701
2533	153	23	394	50	1789438871433541632	1789438871433544704	1789438871433544704	1789438871433562112	1789438871433563136	16015	3	26	3	42955801172440	42955801216179
2534	153	19	206	50	1789438871433564160	1789438871433564160	1789438871433564160	1789438871433565184	1789438871433566208	16018	0	22	1	42955801220712	42955801222993
2535	153	23	206	50	1789438871433566208	1789438871433566208	1789438871433566208	1789438871433585664	1789438871433587712	16018	0	26	3	42955801227469	42955801276168
2536	153	19	54	50	1789438871433587712	1789438871433587712	1789438871433587712	1789438871433588736	1789438871433589760	16018	0	22	1	42955801280682	42955801282957
2537	153	23	54	50	1789438871433589760	1789438871433590784	1789438871433590784	1789438871433610240	1789438871433612288	16018	0	26	3	42955801287362	42955801338525
2538	153	25	122	50	1789438871433612288	1789438871433662464	1789438871433662464	1789438871433664512	1789438871433665536	16018	4	31	1	42955801469142	42955801473713
2539	153	28	126	50	1789438871433665536	1789438871433697280	1789438871433697280	1789438871433700352	1789438871433701376	16022	16	34	2	42955801557104	42955801563580
2540	154	0	9	52	1789438871433244672	1789438871433244672	1789438871433244672	1789438871433246720	1789438871433247744	16038	0	0	0	42961563695672	42961563700493
2541	154	7	137	52	1789438871433247744	1789438871433276416	1789438871433276416	1789438871433277440	1789438871433278464	16038	1	6	1	42961563775528	42961563777338
2542	154	5	171	52	1789438871433278464	1789438871433279488	1789438871433279488	1789438871433280512	1789438871433281536	16039	1	4	1	42961563782699	42961563785044
2543	154	6	171	52	1789438871433281536	1789438871433281536	1789438871433281536	1789438871433282560	1789438871433283584	16040	0	5	1	42961563789425	42961563791233
2544	154	4	461	52	1789438871433283584	1789438871433284608	1789438871433284608	1789438871433285632	1789438871433286656	16040	1	3	1	42961563796404	42961563798754
2545	154	8	393	52	1789438871433287680	1789438871433290752	1789438871433290752	1789438871433308160	1789438871433309184	16041	3	7	3	42961563811584	42961563855257
2546	154	4	173	52	1789438871433309184	1789438871433309184	1789438871433310208	1789438871433310208	1789438871433312256	16044	0	3	1	42961563859179	42961563861538
2547	154	8	173	52	1789438871433312256	1789438871433312256	1789438871433312256	1789438871433331712	1789438871433333760	16044	0	7	3	42961563865955	42961563915294
2548	154	15	9	52	1789438871433333760	1789438871433498624	1789438871433498624	1789438871433500672	1789438871433501696	16044	4	18	1	42961564335297	42961564340045
2549	154	22	137	52	1789438871433501696	1789438871433530368	1789438871433530368	1789438871433531392	1789438871433532416	16048	1	25	1	42961564415322	42961564417137
2550	154	20	171	52	1789438871433532416	1789438871433533440	1789438871433533440	1789438871433534464	1789438871433535488	16049	1	23	1	42961564422713	42961564425063
2551	154	21	171	52	1789438871433535488	1789438871433536512	1789438871433536512	1789438871433536512	1789438871433538560	16050	0	24	1	42961564429622	42961564431436
2552	154	19	461	52	1789438871433538560	1789438871433538560	1789438871433539584	1789438871433539584	1789438871433541632	16050	1	22	1	42961564437143	42961564439486
2553	154	23	393	52	1789438871433541632	1789438871433544704	1789438871433544704	1789438871433562112	1789438871433563136	16051	3	26	3	42961564451371	42961564494562
2554	154	19	205	52	1789438871433563136	1789438871433564160	1789438871433564160	1789438871433565184	1789438871433566208	16054	0	22	1	42961564499250	42961564501622
2555	154	23	205	52	1789438871433566208	1789438871433566208	1789438871433566208	1789438871433585664	1789438871433587712	16054	0	26	3	42961564506249	42961564554955
2556	154	19	53	52	1789438871433587712	1789438871433587712	1789438871433587712	1789438871433588736	1789438871433589760	16054	0	22	1	42961564559622	42961564561966
2557	154	23	53	52	1789438871433590784	1789438871433590784	1789438871433590784	1789438871433611264	1789438871433612288	16054	0	26	3	42961564566562	42961564618056
2558	154	25	121	52	1789438871433612288	1789438871433662464	1789438871433662464	1789438871433664512	1789438871433665536	16054	4	31	1	42961564748117	42961564752874
2559	154	28	125	52	1789438871433665536	1789438871433697280	1789438871433697280	1789438871433700352	1789438871433701376	16058	16	34	2	42961564836130	42961564842908
2560	155	0	8	54	1789438871433244672	1789438871433244672	1789438871433244672	1789438871433246720	1789438871433247744	16074	0	0	0	42921751088700	42921751093735
2561	155	7	136	54	1789438871433248768	1789438871433276416	1789438871433276416	1789438871433277440	1789438871433278464	16074	1	6	1	42921751168465	42921751170339
2562	155	5	170	54	1789438871433278464	1789438871433279488	1789438871433279488	1789438871433280512	1789438871433281536	16075	1	4	1	42921751175750	42921751178160
2563	155	6	170	54	1789438871433281536	1789438871433281536	1789438871433282560	1789438871433282560	1789438871433284608	16076	0	5	1	42921751182504	42921751184367
2564	155	4	460	54	1789438871433284608	1789438871433284608	1789438871433284608	1789438871433285632	1789438871433287680	16076	1	3	1	42921751189947	42921751192365
2565	155	8	392	54	1789438871433287680	1789438871433290752	1789438871433290752	1789438871433308160	1789438871433309184	16077	3	7	3	42921751204503	42921751248235
2566	155	4	172	54	1789438871433309184	1789438871433310208	1789438871433310208	1789438871433311232	1789438871433312256	16080	0	3	1	42921751252151	42921751254592
2567	155	8	172	54	1789438871433312256	1789438871433312256	1789438871433312256	1789438871433332736	1789438871433333760	16080	0	7	3	42921751259179	42921751308540
2568	155	15	8	54	1789438871433333760	1789438871433498624	1789438871433498624	1789438871433500672	1789438871433501696	16080	4	18	1	42921751728086	42921751732956
2569	155	22	136	54	1789438871433501696	1789438871433530368	1789438871433530368	1789438871433531392	1789438871433532416	16084	1	25	1	42921751808105	42921751809966
2570	155	20	170	54	1789438871433532416	1789438871433533440	1789438871433533440	1789438871433534464	1789438871433536512	16085	1	23	1	42921751815742	42921751818155
2571	155	21	170	54	1789438871433536512	1789438871433536512	1789438871433536512	1789438871433537536	1789438871433538560	16086	0	24	1	42921751822881	42921751824744
2572	155	19	460	54	1789438871433538560	1789438871433539584	1789438871433539584	1789438871433540608	1789438871433541632	16086	1	22	1	42921751830666	42921751833094
2573	155	23	392	54	1789438871433541632	1789438871433544704	1789438871433544704	1789438871433562112	1789438871433564160	16087	3	26	3	42921751844148	42921751887855
2574	155	19	204	54	1789438871433564160	1789438871433564160	1789438871433564160	1789438871433565184	1789438871433566208	16090	0	22	1	42921751892684	42921751895110
2575	155	23	204	54	1789438871433567232	1789438871433567232	1789438871433567232	1789438871433586688	1789438871433587712	16090	0	26	3	42921751899896	42921751948755
2576	155	19	52	54	1789438871433587712	1789438871433588736	1789438871433588736	1789438871433589760	1789438871433590784	16090	0	22	1	42921751953570	42921751955991
2577	155	23	52	54	1789438871433590784	1789438871433590784	1789438871433590784	1789438871433611264	1789438871433613312	16090	0	26	3	42921751960712	42921752012620
2578	155	25	120	54	1789438871433613312	1789438871433662464	1789438871433662464	1789438871433664512	1789438871433665536	16090	4	31	1	42921752140782	42921752145672
2579	155	28	124	54	1789438871433666560	1789438871433697280	1789438871433697280	1789438871433700352	1789438871433701376	16094	16	34	2	42921752228745	42921752235699
2580	156	7	135	56	1789438871433244672	1789438871433276416	1789438871433276416	1789438871433277440	1789438871433278464	16110	1	6	1	42943322079598	42943322081573
2581	156	5	169	56	1789438871433278464	1789438871433279488	1789438871433279488	1789438871433280512	1789438871433281536	16111	1	4	1	42943322086875	42943322089302
2582	156	6	169	56	1789438871433281536	1789438871433281536	1789438871433282560	1789438871433282560	1789438871433283584	16112	0	5	1	42943322093637	42943322095486
2583	156	4	459	56	1789438871433284608	1789438871433284608	1789438871433284608	1789438871433285632	1789438871433287680	16112	1	3	1	42943322101022	42943322103482
2584	156	8	391	56	1789438871433287680	1789438871433290752	1789438871433290752	1789438871433308160	1789438871433310208	16113	3	7	3	42943322115658	42943322160425
2585	156	4	171	56	1789438871433310208	1789438871433310208	1789438871433310208	1789438871433311232	1789438871433312256	16116	0	3	1	42943322164777	42943322167039
2586	156	8	171	56	1789438871433313280	1789438871433313280	1789438871433313280	1789438871433332736	1789438871433333760	16116	0	7	3	42943322171355	42943322220813
2587	156	22	135	56	1789438871433333760	1789438871433530368	1789438871433530368	1789438871433531392	1789438871433532416	16116	1	25	1	42943322719309	42943322721195
2588	156	20	169	56	1789438871433532416	1789438871433533440	1789438871433533440	1789438871433534464	1789438871433536512	16117	1	23	1	42943322726922	42943322729328
2589	156	21	169	56	1789438871433536512	1789438871433536512	1789438871433536512	1789438871433537536	1789438871433538560	16118	0	24	1	42943322734056	42943322735956
2590	156	19	459	56	1789438871433538560	1789438871433539584	1789438871433539584	1789438871433540608	1789438871433541632	16118	1	22	1	42943322741811	42943322744213
2591	156	23	391	56	1789438871433541632	1789438871433544704	1789438871433544704	1789438871433563136	1789438871433564160	16119	3	26	3	42943322755357	42943322800885
2592	156	19	203	56	1789438871433565184	1789438871433565184	1789438871433565184	1789438871433566208	1789438871433567232	16122	0	22	1	42943322805851	42943322808276
2593	156	23	203	56	1789438871433567232	1789438871433567232	1789438871433567232	1789438871433587712	1789438871433588736	16122	0	26	3	42943322812922	42943322862059
2594	156	19	51	56	1789438871433588736	1789438871433588736	1789438871433588736	1789438871433589760	1789438871433591808	16122	0	22	1	42943322866882	42943322869315
2595	156	23	51	56	1789438871433591808	1789438871433591808	1789438871433591808	1789438871433612288	1789438871433614336	16122	0	26	3	42943322874000	42943322926059
2596	156	25	119	56	1789438871433614336	1789438871433662464	1789438871433662464	1789438871433664512	1789438871433665536	16122	4	31	1	42943323052046	42943323056950
2597	156	28	123	56	1789438871433665536	1789438871433697280	1789438871433697280	1789438871433700352	1789438871433701376	16126	16	34	2	42943323140068	42943323147124
2598	156	28	23	56	1789438871433702400	1789438871433702400	1789438871433702400	1789438871433705472	1789438871433706496	16142	0	34	2	42943323151690	42943323158959
2599	157	7	134	58	1789438871433244672	1789438871433276416	1789438871433276416	1789438871433277440	1789438871433278464	16142	1	6	1	42953061655839	42953061657753
2600	157	5	168	58	1789438871433278464	1789438871433279488	1789438871433279488	1789438871433280512	1789438871433281536	16143	1	4	1	42953061662986	42953061665334
2601	157	6	168	58	1789438871433281536	1789438871433281536	1789438871433281536	1789438871433282560	1789438871433283584	16144	0	5	1	42953061669642	42953061671436
2602	157	4	458	58	1789438871433283584	1789438871433284608	1789438871433284608	1789438871433285632	1789438871433286656	16144	1	3	1	42953061676570	42953061678942
2603	157	8	390	58	1789438871433286656	1789438871433290752	1789438871433290752	1789438871433308160	1789438871433310208	16145	3	7	3	42953061691905	42953061736670
2604	157	4	170	58	1789438871433310208	1789438871433310208	1789438871433310208	1789438871433311232	1789438871433312256	16148	0	3	1	42953061740911	42953061743096
2605	157	8	170	58	1789438871433312256	1789438871433313280	1789438871433313280	1789438871433332736	1789438871433333760	16148	0	7	3	42953061747276	42953061796869
2606	157	22	134	58	1789438871433333760	1789438871433530368	1789438871433530368	1789438871433531392	1789438871433532416	16148	1	25	1	42953062295613	42953062297445
2607	157	20	168	58	1789438871433532416	1789438871433533440	1789438871433533440	1789438871433534464	1789438871433535488	16149	1	23	1	42953062302958	42953062305296
2608	157	21	168	58	1789438871433535488	1789438871433536512	1789438871433536512	1789438871433536512	1789438871433538560	16150	0	24	1	42953062309790	42953062311618
2609	157	19	458	58	1789438871433538560	1789438871433538560	1789438871433538560	1789438871433539584	1789438871433541632	16150	1	22	1	42953062317256	42953062319572
2610	157	23	390	58	1789438871433541632	1789438871433544704	1789438871433544704	1789438871433562112	1789438871433564160	16151	3	26	3	42953062331689	42953062376414
2611	157	19	202	58	1789438871433564160	1789438871433564160	1789438871433564160	1789438871433565184	1789438871433567232	16154	0	22	1	42953062381242	42953062383594
2612	157	23	202	58	1789438871433567232	1789438871433567232	1789438871433567232	1789438871433586688	1789438871433587712	16154	0	26	3	42953062388208	42953062436888
2613	157	19	50	58	1789438871433588736	1789438871433588736	1789438871433588736	1789438871433589760	1789438871433590784	16154	0	22	1	42953062441554	42953062443909
2614	157	23	50	58	1789438871433590784	1789438871433590784	1789438871433590784	1789438871433611264	1789438871433613312	16154	0	26	3	42953062448426	42953062500114
2615	157	25	118	58	1789438871433613312	1789438871433662464	1789438871433662464	1789438871433664512	1789438871433665536	16154	4	31	1	42953062628449	42953062633214
2616	157	28	122	58	1789438871433665536	1789438871433697280	1789438871433697280	1789438871433700352	1789438871433701376	16158	16	34	2	42953062716452	42953062723259
2617	157	28	22	58	1789438871433701376	1789438871433702400	1789438871433702400	1789438871433704448	1789438871433706496	16174	0	34	2	42953062727668	42953062734603
2618	158	7	133	60	1789438871433244672	1789438871433276416	1789438871433276416	1789438871433277440	1789438871433278464	16174	1	6	1	42910819696368	42910819698185
2619	158	5	167	60	1789438871433278464	1789438871433279488	1789438871433279488	1789438871433280512	1789438871433281536	16175	1	4	1	42910819703290	42910819705566
2620	158	6	167	60	1789438871433281536	1789438871433281536	1789438871433281536	1789438871433282560	1789438871433283584	16176	0	5	1	42910819709746	42910819711456
2621	158	4	457	60	1789438871433283584	1789438871433284608	1789438871433284608	1789438871433285632	1789438871433286656	16176	1	3	1	42910819716411	42910819718717
2622	158	8	389	60	1789438871433286656	1789438871433290752	1789438871433290752	1789438871433308160	1789438871433309184	16177	3	7	3	42910819732451	42910819776271
2623	158	4	169	60	1789438871433309184	1789438871433309184	1789438871433310208	1789438871433310208	1789438871433312256	16180	0	3	1	42910819779972	42910819782305
2624	158	8	169	60	1789438871433312256	1789438871433312256	1789438871433312256	1789438871433331712	1789438871433332736	16180	0	7	3	42910819786538	42910819835273
2625	158	22	133	60	1789438871433332736	1789438871433530368	1789438871433530368	1789438871433531392	1789438871433532416	16180	1	25	1	42910820335903	42910820337668
2626	158	20	167	60	1789438871433532416	1789438871433533440	1789438871433533440	1789438871433534464	1789438871433535488	16181	1	23	1	42910820342995	42910820345250
2627	158	21	167	60	1789438871433535488	1789438871433535488	1789438871433535488	1789438871433536512	1789438871433537536	16182	0	24	1	42910820349663	42910820351440
2628	158	19	457	60	1789438871433537536	1789438871433538560	1789438871433538560	1789438871433539584	1789438871433540608	16182	1	22	1	42910820356824	42910820359070
2629	158	23	389	60	1789438871433540608	1789438871433544704	1789438871433544704	1789438871433562112	1789438871433563136	16183	3	26	3	42910820372018	42910820415671
2630	158	19	201	60	1789438871433564160	1789438871433564160	1789438871433564160	1789438871433565184	1789438871433566208	16186	0	22	1	42910820420300	42910820422584
2631	158	23	201	60	1789438871433566208	1789438871433566208	1789438871433566208	1789438871433585664	1789438871433587712	16186	0	26	3	42910820426976	42910820475642
2632	158	19	49	60	1789438871433587712	1789438871433587712	1789438871433587712	1789438871433588736	1789438871433589760	16186	0	22	1	42910820480109	42910820482389
2633	158	23	49	60	1789438871433589760	1789438871433590784	1789438871433590784	1789438871433611264	1789438871433612288	16186	0	26	3	42910820486782	42910820538241
2634	158	25	117	60	1789438871433612288	1789438871433662464	1789438871433662464	1789438871433664512	1789438871433665536	16186	4	31	1	42910820668638	42910820673215
2635	158	28	121	60	1789438871433665536	1789438871433697280	1789438871433697280	1789438871433700352	1789438871433701376	16190	16	34	2	42910820756599	42910820763132
2636	158	28	21	60	1789438871433701376	1789438871433701376	1789438871433701376	1789438871433704448	1789438871433705472	16206	0	34	2	42910820767387	42910820774119
2637	159	7	132	62	1789438871433244672	1789438871433276416	1789438871433276416	1789438871433277440	1789438871433278464	16206	1	6	1	42944198584220	42944198586187
2638	159	5	166	62	1789438871433278464	1789438871433279488	1789438871433279488	1789438871433280512	1789438871433281536	16207	1	4	1	42944198591394	42944198593798
2639	159	6	166	62	1789438871433281536	1789438871433281536	1789438871433282560	1789438871433282560	1789438871433283584	16208	0	5	1	42944198598082	42944198599924
2640	159	4	456	62	1789438871433284608	1789438871433284608	1789438871433284608	1789438871433285632	1789438871433287680	16208	1	3	1	42944198605369	42944198607766
2641	159	8	388	62	1789438871433287680	1789438871433290752	1789438871433290752	1789438871433308160	1789438871433310208	16209	3	7	3	42944198620210	42944198664597
2642	159	4	168	62	1789438871433310208	1789438871433310208	1789438871433310208	1789438871433311232	1789438871433312256	16212	0	3	1	42944198668925	42944198671150
2643	159	8	168	62	1789438871433312256	1789438871433312256	1789438871433313280	1789438871433331712	1789438871433332736	16212	0	7	3	42944198675374	42944198723607
2644	159	22	132	62	1789438871433333760	1789438871433530368	1789438871433530368	1789438871433531392	1789438871433532416	16212	1	25	1	42944199223732	42944199225624
2645	159	20	166	62	1789438871433532416	1789438871433533440	1789438871433533440	1789438871433534464	1789438871433535488	16213	1	23	1	42944199231240	42944199233647
2646	159	21	166	62	1789438871433536512	1789438871433536512	1789438871433536512	1789438871433536512	1789438871433538560	16214	0	24	1	42944199238215	42944199240082
2647	159	19	456	62	1789438871433538560	1789438871433539584	1789438871433539584	1789438871433540608	1789438871433541632	16214	1	22	1	42944199245808	42944199248156
2648	159	23	388	62	1789438871433541632	1789438871433544704	1789438871433544704	1789438871433562112	1789438871433564160	16215	3	26	3	42944199259785	42944199303578
2649	159	19	200	62	1789438871433564160	1789438871433564160	1789438871433564160	1789438871433565184	1789438871433566208	16218	0	22	1	42944199308479	42944199310864
2650	159	23	200	62	1789438871433567232	1789438871433567232	1789438871433567232	1789438871433586688	1789438871433587712	16218	0	26	3	42944199315532	42944199364675
2651	159	19	48	62	1789438871433587712	1789438871433588736	1789438871433588736	1789438871433589760	1789438871433590784	16218	0	22	1	42944199369411	42944199371816
2652	159	23	48	62	1789438871433590784	1789438871433590784	1789438871433590784	1789438871433612288	1789438871433613312	16218	0	26	3	42944199376453	42944199428402
2653	159	25	116	62	1789438871433613312	1789438871433662464	1789438871433662464	1789438871433664512	1789438871433665536	16218	4	31	1	42944199556599	42944199561455
2654	159	28	120	62	1789438871433666560	1789438871433697280	1789438871433697280	1789438871433700352	1789438871433701376	16222	16	34	2	42944199644585	42944199651535
2655	159	28	20	62	1789438871433702400	1789438871433702400	1789438871433702400	1789438871433704448	1789438871433706496	16238	0	34	2	42944199655966	42944199662989
2656	160	7	131	64	1789438871433244672	1789438871433276416	1789438871433276416	1789438871433277440	1789438871433278464	16238	1	6	1	42952127281829	42952127283840
2657	160	5	165	64	1789438871433278464	1789438871433279488	1789438871433279488	1789438871433280512	1789438871433281536	16239	1	4	1	42952127289212	42952127291693
2658	160	6	165	64	1789438871433281536	1789438871433282560	1789438871433282560	1789438871433282560	1789438871433284608	16240	0	5	1	42952127296042	42952127297758
2659	160	4	455	64	1789438871433284608	1789438871433284608	1789438871433285632	1789438871433286656	1789438871433287680	16240	1	3	1	42952127303419	42952127305905
2660	160	8	387	64	1789438871433287680	1789438871433290752	1789438871433290752	1789438871433309184	1789438871433310208	16241	3	7	3	42952127317814	42952127362844
2661	160	4	167	64	1789438871433310208	1789438871433310208	1789438871433310208	1789438871433311232	1789438871433313280	16244	0	3	1	42952127367293	42952127369798
2662	160	8	167	64	1789438871433313280	1789438871433313280	1789438871433313280	1789438871433332736	1789438871433333760	16244	0	7	3	42952127374444	42952127423794
2663	160	22	131	64	1789438871433334784	1789438871433530368	1789438871433530368	1789438871433531392	1789438871433532416	16244	1	25	1	42952127921512	42952127923520
2664	160	20	165	64	1789438871433532416	1789438871433533440	1789438871433533440	1789438871433534464	1789438871433536512	16245	1	23	1	42952127929374	42952127931851
2665	160	21	165	64	1789438871433536512	1789438871433536512	1789438871433536512	1789438871433537536	1789438871433538560	16246	0	24	1	42952127936616	42952127938571
2666	160	19	455	64	1789438871433538560	1789438871433539584	1789438871433539584	1789438871433540608	1789438871433542656	16246	1	22	1	42952127944460	42952127946932
2667	160	23	387	64	1789438871433542656	1789438871433544704	1789438871433544704	1789438871433563136	1789438871433564160	16247	3	26	3	42952127957528	42952128003082
2668	160	19	199	64	1789438871433565184	1789438871433565184	1789438871433565184	1789438871433566208	1789438871433567232	16250	0	22	1	42952128008193	42952128010677
2669	160	23	199	64	1789438871433567232	1789438871433568256	1789438871433568256	1789438871433587712	1789438871433588736	16250	0	26	3	42952128015526	42952128064382
2670	160	19	47	64	1789438871433588736	1789438871433588736	1789438871433589760	1789438871433589760	1789438871433591808	16250	0	22	1	42952128069312	42952128071768
2671	160	23	47	64	1789438871433591808	1789438871433591808	1789438871433591808	1789438871433613312	1789438871433614336	16250	0	26	3	42952128076607	42952128128851
2672	160	25	115	64	1789438871433614336	1789438871433662464	1789438871433662464	1789438871433664512	1789438871433666560	16250	4	31	1	42952128254420	42952128259388
2673	160	28	119	64	1789438871433666560	1789438871433697280	1789438871433697280	1789438871433700352	1789438871433702400	16254	16	34	2	42952128342399	42952128349578
2674	160	28	19	64	1789438871433702400	1789438871433702400	1789438871433702400	1789438871433705472	1789438871433706496	16270	0	34	2	42952128354285	42952128361268
2675	161	7	130	66	1789438871433244672	1789438871433276416	1789438871433276416	1789438871433277440	1789438871433278464	16270	1	6	1	42945873323551	42945873325646
2676	161	5	164	66	1789438871433278464	1789438871433279488	1789438871433279488	1789438871433280512	1789438871433282560	16271	1	4	1	42945873331207	42945873333772
2677	161	6	164	66	1789438871433282560	1789438871433282560	1789438871433282560	1789438871433283584	1789438871433284608	16272	0	5	1	42945873338231	42945873339962
2678	161	4	454	66	1789438871433284608	1789438871433285632	1789438871433285632	1789438871433286656	1789438871433287680	16272	1	3	1	42945873345799	42945873348357
2679	161	8	386	66	1789438871433287680	1789438871433290752	1789438871433290752	1789438871433308160	1789438871433310208	16273	3	7	3	42945873359475	42945873404114
2680	161	4	166	66	1789438871433310208	1789438871433310208	1789438871433310208	1789438871433311232	1789438871433313280	16276	0	3	1	42945873408727	42945873411288
2681	161	8	166	66	1789438871433313280	1789438871433313280	1789438871433313280	1789438871433333760	1789438871433334784	16276	0	7	3	42945873416116	42945873466225
2682	161	22	130	66	1789438871433334784	1789438871433530368	1789438871433530368	1789438871433531392	1789438871433532416	16276	1	25	1	42945873963191	42945873965207
2683	161	20	164	66	1789438871433533440	1789438871433533440	1789438871433533440	1789438871433534464	1789438871433536512	16277	1	23	1	42945873971323	42945873973876
2684	161	21	164	66	1789438871433536512	1789438871433536512	1789438871433536512	1789438871433537536	1789438871433538560	16278	0	24	1	42945873978818	42945873980816
2685	161	19	454	66	1789438871433539584	1789438871433539584	1789438871433539584	1789438871433540608	1789438871433542656	16278	1	22	1	42945873986919	42945873989432
2686	161	23	386	66	1789438871433542656	1789438871433544704	1789438871433544704	1789438871433563136	1789438871433565184	16279	3	26	3	42945873999149	42945874044739
2687	161	19	198	66	1789438871433565184	1789438871433565184	1789438871433565184	1789438871433566208	1789438871433567232	16282	0	22	1	42945874050016	42945874052556
2688	161	23	198	66	1789438871433568256	1789438871433568256	1789438871433568256	1789438871433587712	1789438871433589760	16282	0	26	3	42945874057560	42945874107179
2689	161	19	46	66	1789438871433589760	1789438871433589760	1789438871433589760	1789438871433590784	1789438871433592832	16282	0	22	1	42945874112259	42945874114813
2690	161	23	46	66	1789438871433592832	1789438871433592832	1789438871433592832	1789438871433613312	1789438871433615360	16282	0	26	3	42945874119820	42945874172410
2691	161	25	114	66	1789438871433615360	1789438871433662464	1789438871433662464	1789438871433664512	1789438871433666560	16282	4	31	1	42945874296017	42945874301167
2692	161	28	118	66	1789438871433666560	1789438871433697280	1789438871433697280	1789438871433700352	1789438871433702400	16286	16	34	2	42945874383966	42945874391309
2693	161	28	18	66	1789438871433702400	1789438871433702400	1789438871433702400	1789438871433705472	1789438871433706496	16302	0	34	2	42945874396225	42945874403502
2694	162	7	129	68	1789438871433244672	1789438871433276416	1789438871433276416	1789438871433277440	1789438871433278464	16302	1	6	1	42964216931109	42964216933196
2695	162	5	163	68	1789438871433278464	1789438871433279488	1789438871433279488	1789438871433280512	1789438871433282560	16303	1	4	1	42964216938771	42964216941319
2696	162	6	163	68	1789438871433282560	1789438871433282560	1789438871433282560	1789438871433283584	1789438871433284608	16304	0	5	1	42964216945834	42964216947570
2697	162	4	453	68	1789438871433284608	1789438871433285632	1789438871433285632	1789438871433286656	1789438871433287680	16304	1	3	1	42964216953451	42964216955979
2698	162	8	385	68	1789438871433287680	1789438871433290752	1789438871433290752	1789438871433308160	1789438871433310208	16305	3	7	3	42964216967048	42964217011246
2699	162	4	165	68	1789438871433310208	1789438871433310208	1789438871433310208	1789438871433311232	1789438871433312256	16308	0	3	1	42964217015344	42964217017671
2700	162	8	165	68	1789438871433312256	1789438871433313280	1789438871433313280	1789438871433332736	1789438871433333760	16308	0	7	3	42964217022425	42964217072770
2701	162	22	129	68	1789438871433334784	1789438871433530368	1789438871433530368	1789438871433531392	1789438871433532416	16308	1	25	1	42964217570811	42964217572841
2702	162	20	163	68	1789438871433533440	1789438871433533440	1789438871433533440	1789438871433534464	1789438871433536512	16309	1	23	1	42964217578948	42964217581513
2703	162	21	163	68	1789438871433536512	1789438871433536512	1789438871433536512	1789438871433537536	1789438871433538560	16310	0	24	1	42964217586565	42964217588524
2704	162	19	453	68	1789438871433539584	1789438871433539584	1789438871433539584	1789438871433540608	1789438871433542656	16310	1	22	1	42964217594681	42964217597233
2705	162	23	385	68	1789438871433542656	1789438871433544704	1789438871433544704	1789438871433563136	1789438871433564160	16311	3	26	3	42964217606815	42964217651620
2706	162	19	197	68	1789438871433564160	1789438871433564160	1789438871433565184	1789438871433566208	1789438871433567232	16314	0	22	1	42964217656838	42964217659409
2707	162	23	197	68	1789438871433567232	1789438871433567232	1789438871433568256	1789438871433586688	1789438871433588736	16314	0	26	3	42964217664434	42964217712356
2708	162	19	45	68	1789438871433588736	1789438871433588736	1789438871433588736	1789438871433589760	1789438871433591808	16314	0	22	1	42964217717487	42964217720025
2709	162	23	45	68	1789438871433591808	1789438871433591808	1789438871433591808	1789438871433612288	1789438871433614336	16314	0	26	3	42964217725032	42964217777427
2710	162	25	113	68	1789438871433614336	1789438871433662464	1789438871433662464	1789438871433664512	1789438871433666560	16314	4	31	1	42964217903688	42964217908793
2711	162	28	117	68	1789438871433666560	1789438871433697280	1789438871433697280	1789438871433700352	1789438871433702400	16318	16	34	2	42964217991705	42964217999105
2712	162	28	17	68	1789438871433702400	1789438871433702400	1789438871433702400	1789438871433705472	1789438871433707520	16334	0	34	2	42964218003970	42964218011392
2713	163	7	128	70	1789438871433244672	1789438871433276416	1789438871433276416	1789438871433277440	1789438871433278464	16334	1	6	1	42948816709207	42948816711254
2714	163	5	162	70	1789438871433278464	1789438871433279488	1789438871433279488	1789438871433280512	1789438871433281536	16335	1	4	1	42948816716670	42948816719139
2715	163	6	162	70	1789438871433282560	1789438871433282560	1789438871433282560	1789438871433282560	1789438871433284608	16336	0	5	1	42948816723536	42948816725206
2716	163	4	452	70	1789438871433284608	1789438871433285632	1789438871433285632	1789438871433286656	1789438871433287680	16336	1	3	1	42948816730904	42948816733354
2717	163	8	384	70	1789438871433287680	1789438871433290752	1789438871433290752	1789438871433309184	1789438871433310208	16337	3	7	3	42948816745381	42948816790856
2718	163	4	164	70	1789438871433310208	1789438871433311232	1789438871433311232	1789438871433312256	1789438871433313280	16340	0	3	1	42948816795343	42948816797801
2719	163	8	164	70	1789438871433313280	1789438871433313280	1789438871433313280	1789438871433333760	1789438871433334784	16340	0	7	3	42948816802381	42948816852298
2720	163	22	128	70	1789438871433334784	1789438871433530368	1789438871433530368	1789438871433531392	1789438871433532416	16340	1	25	1	42948817348919	42948817350896
2721	163	20	162	70	1789438871433532416	1789438871433533440	1789438871433533440	1789438871433534464	1789438871433536512	16341	1	23	1	42948817356835	42948817359327
2722	163	21	162	70	1789438871433536512	1789438871433536512	1789438871433536512	1789438871433537536	1789438871433538560	16342	0	24	1	42948817364206	42948817366136
2723	163	19	452	70	1789438871433538560	1789438871433539584	1789438871433539584	1789438871433540608	1789438871433542656	16342	1	22	1	42948817372078	42948817374528
2724	163	23	384	70	1789438871433542656	1789438871433544704	1789438871433544704	1789438871433562112	1789438871433564160	16343	3	26	3	42948817384820	42948817429523
2725	163	19	196	70	1789438871433564160	1789438871433564160	1789438871433564160	1789438871433565184	1789438871433567232	16346	0	22	1	42948817434574	42948817437058
2726	163	23	196	70	1789438871433567232	1789438871433567232	1789438871433567232	1789438871433586688	1789438871433587712	16346	0	26	3	42948817441712	42948817488965
2727	163	19	44	70	1789438871433587712	1789438871433587712	1789438871433587712	1789438871433588736	1789438871433590784	16346	0	22	1	42948817493928	42948817496401
2728	163	23	44	70	1789438871433590784	1789438871433590784	1789438871433590784	1789438871433611264	1789438871433613312	16346	0	26	3	42948817501229	42948817553380
2729	163	25	112	70	1789438871433613312	1789438871433662464	1789438871433662464	1789438871433664512	1789438871433666560	16346	4	31	1	42948817681838	42948817686771
2730	163	28	116	70	1789438871433666560	1789438871433697280	1789438871433697280	1789438871433700352	1789438871433702400	16350	16	34	2	42948817769778	42948817776879
2731	163	28	16	70	1789438871433702400	1789438871433702400	1789438871433702400	1789438871433705472	1789438871433706496	16366	0	34	2	42948817781617	42948817788717
2732	164	7	127	72	1789438871433244672	1789438871433276416	1789438871433276416	1789438871433277440	1789438871433278464	16366	1	6	1	42955800496723	42955800498646
2733	164	5	161	72	1789438871433278464	1789438871433279488	1789438871433279488	1789438871433280512	1789438871433281536	16367	1	4	1	42955800504410	42955800507025
2734	164	6	161	72	1789438871433282560	1789438871433282560	1789438871433282560	1789438871433282560	1789438871433284608	16368	0	5	1	42955800511250	42955800512426
2735	164	4	451	72	1789438871433284608	1789438871433285632	1789438871433285632	1789438871433286656	1789438871433287680	16368	1	3	1	42955800518534	42955800521177
2736	164	8	383	72	1789438871433287680	1789438871433290752	1789438871433290752	1789438871433315328	1789438871433317376	16369	3	7	3	42955800532946	42955800595358
2737	164	4	163	72	1789438871433317376	1789438871433317376	1789438871433317376	1789438871433318400	1789438871433320448	16372	0	3	1	42955800600160	42955800602306
2738	164	8	163	72	1789438871433320448	1789438871433321472	1789438871433321472	1789438871433344000	1789438871433345024	16372	0	7	3	42955800610019	42955800666510
2739	164	22	127	72	1789438871433346048	1789438871433530368	1789438871433530368	1789438871433531392	1789438871433532416	16372	1	25	1	42955801136537	42955801138469
2740	164	20	161	72	1789438871433532416	1789438871433533440	1789438871433533440	1789438871433534464	1789438871433536512	16373	1	23	1	42955801144087	42955801146723
2741	164	21	161	72	1789438871433536512	1789438871433536512	1789438871433536512	1789438871433537536	1789438871433538560	16374	0	24	1	42955801151435	42955801153051
2742	164	19	451	72	1789438871433538560	1789438871433539584	1789438871433539584	1789438871433540608	1789438871433541632	16374	1	22	1	42955801158363	42955801161011
2743	164	23	383	72	1789438871433541632	1789438871433544704	1789438871433544704	1789438871433569280	1789438871433571328	16375	3	26	3	42955801172680	42955801234506
2744	164	19	195	72	1789438871433571328	1789438871433571328	1789438871433571328	1789438871433572352	1789438871433574400	16378	0	22	1	42955801239445	42955801241700
2745	164	23	195	72	1789438871433574400	1789438871433575424	1789438871433575424	1789438871433596928	1789438871433598976	16378	0	26	3	42955801249510	42955801304710
2746	164	19	43	72	1789438871433598976	1789438871433598976	1789438871433598976	1789438871433600000	1789438871433602048	16378	0	22	1	42955801309461	42955801311860
2747	164	23	43	72	1789438871433602048	1789438871433602048	1789438871433602048	1789438871433622528	1789438871433624576	16378	0	26	3	42955801316563	42955801368618
2748	164	25	111	72	1789438871433624576	1789438871433662464	1789438871433662464	1789438871433664512	1789438871433665536	16378	4	31	1	42955801469429	42955801474280
2749	164	28	115	72	1789438871433666560	1789438871433697280	1789438871433697280	1789438871433700352	1789438871433701376	16382	16	34	2	42955801557397	42955801564297
2750	165	7	126	74	1789438871433244672	1789438871433276416	1789438871433276416	1789438871433277440	1789438871433278464	16398	1	6	1	42961563775679	42961563777683
2751	165	5	160	74	1789438871433278464	1789438871433279488	1789438871433279488	1789438871433280512	1789438871433282560	16399	1	4	1	42961563783678	42961563786389
2752	165	6	160	74	1789438871433282560	1789438871433282560	1789438871433282560	1789438871433283584	1789438871433284608	16400	0	5	1	42961563790959	42961563792179
2753	165	4	450	74	1789438871433284608	1789438871433285632	1789438871433285632	1789438871433286656	1789438871433288704	16400	1	3	1	42961563798940	42961563801666
2754	165	8	382	74	1789438871433288704	1789438871433290752	1789438871433290752	1789438871433315328	1789438871433317376	16401	3	7	3	42961563811742	42961563873669
2755	165	4	162	74	1789438871433317376	1789438871433317376	1789438871433317376	1789438871433318400	1789438871433320448	16404	0	3	1	42961563878878	42961563881291
2756	165	8	162	74	1789438871433321472	1789438871433321472	1789438871433321472	1789438871433344000	1789438871433345024	16404	0	7	3	42961563888769	42961563945494
2757	165	22	126	74	1789438871433346048	1789438871433530368	1789438871433530368	1789438871433531392	1789438871433532416	16404	1	25	1	42961564415496	42961564417493
2758	165	20	160	74	1789438871433532416	1789438871433533440	1789438871433533440	1789438871433534464	1789438871433536512	16405	1	23	1	42961564423270	42961564425994
2759	165	21	160	74	1789438871433536512	1789438871433536512	1789438871433536512	1789438871433537536	1789438871433538560	16406	0	24	1	42961564430857	42961564432516
2760	165	19	450	74	1789438871433538560	1789438871433539584	1789438871433539584	1789438871433540608	1789438871433541632	16406	1	22	1	42961564438104	42961564440818
2761	165	23	382	74	1789438871433541632	1789438871433544704	1789438871433544704	1789438871433569280	1789438871433571328	16407	3	26	3	42961564451529	42961564513206
2762	165	19	194	74	1789438871433571328	1789438871433571328	1789438871433571328	1789438871433572352	1789438871433574400	16410	0	22	1	42961564518482	42961564521214
2763	165	23	194	74	1789438871433574400	1789438871433574400	1789438871433575424	1789438871433596928	1789438871433598976	16410	0	26	3	42961564527744	42961564583553
2764	165	19	42	74	1789438871433598976	1789438871433598976	1789438871433598976	1789438871433600000	1789438871433602048	16410	0	22	1	42961564588424	42961564590905
2765	165	23	42	74	1789438871433602048	1789438871433602048	1789438871433602048	1789438871433622528	1789438871433624576	16410	0	26	3	42961564595771	42961564648041
2766	165	25	110	74	1789438871433624576	1789438871433662464	1789438871433662464	1789438871433664512	1789438871433666560	16410	4	31	1	42961564748351	42961564753380
2767	165	28	114	74	1789438871433666560	1789438871433697280	1789438871433697280	1789438871433700352	1789438871433702400	16414	16	34	2	42961564836349	42961564843530
2768	166	7	125	76	1789438871433244672	1789438871433276416	1789438871433276416	1789438871433277440	1789438871433278464	16430	1	6	1	42921751168639	42921751170686
2769	166	5	159	76	1789438871433279488	1789438871433279488	1789438871433279488	1789438871433280512	1789438871433282560	16431	1	4	1	42921751176801	42921751179648
2770	166	6	159	76	1789438871433282560	1789438871433282560	1789438871433282560	1789438871433283584	1789438871433284608	16432	0	5	1	42921751184422	42921751185845
2771	166	4	449	76	1789438871433284608	1789438871433285632	1789438871433286656	1789438871433287680	1789438871433288704	16432	1	3	1	42921751192662	42921751195455
2772	166	8	381	76	1789438871433288704	1789438871433290752	1789438871433290752	1789438871433315328	1789438871433317376	16433	3	7	3	42921751204773	42921751266316
2773	166	4	161	76	1789438871433317376	1789438871433317376	1789438871433317376	1789438871433318400	1789438871433320448	16436	0	3	1	42921751271294	42921751274111
2774	166	8	161	76	1789438871433320448	1789438871433320448	1789438871433320448	1789438871433344000	1789438871433346048	16436	0	7	3	42921751279691	42921751337997
2775	166	22	125	76	1789438871433346048	1789438871433530368	1789438871433530368	1789438871433531392	1789438871433532416	16436	1	25	1	42921751808258	42921751810316
2776	166	20	159	76	1789438871433533440	1789438871433533440	1789438871433533440	1789438871433534464	1789438871433536512	16437	1	23	1	42921751816536	42921751819350
2777	166	21	159	76	1789438871433536512	1789438871433536512	1789438871433536512	1789438871433537536	1789438871433538560	16438	0	24	1	42921751824034	42921751825542
2778	166	19	449	76	1789438871433538560	1789438871433539584	1789438871433539584	1789438871433541632	1789438871433542656	16438	1	22	1	42921751832080	42921751834883
2779	166	23	381	76	1789438871433542656	1789438871433544704	1789438871433544704	1789438871433569280	1789438871433571328	16439	3	26	3	42921751844459	42921751905315
2780	166	19	193	76	1789438871433571328	1789438871433571328	1789438871433571328	1789438871433572352	1789438871433573376	16442	0	22	1	42921751910525	42921751913343
2781	166	23	193	76	1789438871433574400	1789438871433574400	1789438871433574400	1789438871433596928	1789438871433598976	16442	0	26	3	42921751919521	42921751976048
2782	166	19	41	76	1789438871433598976	1789438871433598976	1789438871433598976	1789438871433600000	1789438871433602048	16442	0	22	1	42921751981141	42921751983691
2783	166	23	41	76	1789438871433602048	1789438871433602048	1789438871433602048	1789438871433623552	1789438871433624576	16442	0	26	3	42921751988689	42921752041247
2784	166	25	109	76	1789438871433624576	1789438871433662464	1789438871433662464	1789438871433664512	1789438871433666560	16442	4	31	1	42921752141014	42921752146163
2785	166	28	113	76	1789438871433666560	1789438871433697280	1789438871433697280	1789438871433700352	1789438871433702400	16446	16	34	2	42921752228983	42921752236448
2786	167	7	124	78	1789438871433244672	1789438871433276416	1789438871433276416	1789438871433277440	1789438871433278464	16462	1	6	1	42943322079783	42943322081814
2787	167	5	158	78	1789438871433279488	1789438871433279488	1789438871433279488	1789438871433280512	1789438871433282560	16463	1	4	1	42943322087960	42943322090748
2788	167	6	158	78	1789438871433282560	1789438871433282560	1789438871433282560	1789438871433283584	1789438871433284608	16464	0	5	1	42943322095443	42943322096680
2789	167	4	448	78	1789438871433284608	1789438871433285632	1789438871433285632	1789438871433286656	1789438871433288704	16464	1	3	1	42943322103139	42943322105992
2790	167	8	380	78	1789438871433288704	1789438871433290752	1789438871433290752	1789438871433315328	1789438871433317376	16465	3	7	3	42943322115990	42943322177059
2791	167	4	160	78	1789438871433317376	1789438871433317376	1789438871433317376	1789438871433318400	1789438871433319424	16468	0	3	1	42943322182183	42943322184740
2792	167	8	160	78	1789438871433320448	1789438871433320448	1789438871433320448	1789438871433342976	1789438871433345024	16468	0	7	3	42943322190090	42943322247955
2793	167	22	124	78	1789438871433345024	1789438871433530368	1789438871433530368	1789438871433531392	1789438871433532416	16468	1	25	1	42943322719545	42943322721616
2794	167	20	158	78	1789438871433533440	1789438871433533440	1789438871433533440	1789438871433534464	1789438871433536512	16469	1	23	1	42943322727751	42943322730546
2795	167	21	158	78	1789438871433536512	1789438871433536512	1789438871433536512	1789438871433537536	1789438871433538560	16470	0	24	1	42943322735282	42943322737011
2796	167	19	448	78	1789438871433538560	1789438871433539584	1789438871433539584	1789438871433540608	1789438871433542656	16470	1	22	1	42943322742693	42943322745458
2797	167	23	380	78	1789438871433542656	1789438871433544704	1789438871433544704	1789438871433569280	1789438871433571328	16471	3	26	3	42943322755688	42943322817655
2798	167	19	192	78	1789438871433571328	1789438871433571328	1789438871433571328	1789438871433572352	1789438871433574400	16474	0	22	1	42943322822598	42943322825359
2799	167	23	192	78	1789438871433575424	1789438871433575424	1789438871433575424	1789438871433597952	1789438871433598976	16474	0	26	3	42943322832343	42943322888303
2800	167	19	40	78	1789438871433598976	1789438871433600000	1789438871433600000	1789438871433601024	1789438871433602048	16474	0	22	1	42943322893365	42943322895900
2801	167	23	40	78	1789438871433602048	1789438871433603072	1789438871433603072	1789438871433623552	1789438871433625600	16474	0	26	3	42943322900933	42943322953680
2802	167	25	108	78	1789438871433625600	1789438871433662464	1789438871433662464	1789438871433664512	1789438871433666560	16474	4	31	1	42943323052272	42943323057311
2803	167	28	112	78	1789438871433666560	1789438871433697280	1789438871433697280	1789438871433700352	1789438871433702400	16478	16	34	2	42943323140245	42943323147725
2804	168	7	123	80	1789438871433244672	1789438871433276416	1789438871433276416	1789438871433277440	1789438871433278464	16494	1	6	1	42953061656012	42953061658003
2805	168	5	157	80	1789438871433278464	1789438871433279488	1789438871433279488	1789438871433280512	1789438871433282560	16495	1	4	1	42953061663800	42953061666533
2806	168	6	157	80	1789438871433282560	1789438871433282560	1789438871433282560	1789438871433282560	1789438871433284608	16496	0	5	1	42953061670906	42953061672093
2807	168	4	447	80	1789438871433284608	1789438871433285632	1789438871433285632	1789438871433286656	1789438871433287680	16496	1	3	1	42953061678359	42953061681095
2808	168	8	379	80	1789438871433287680	1789438871433290752	1789438871433290752	1789438871433315328	1789438871433317376	16497	3	7	3	42953061691961	42953061754416
2809	168	4	159	80	1789438871433317376	1789438871433317376	1789438871433317376	1789438871433318400	1789438871433320448	16500	0	3	1	42953061759033	42953061761804
2810	168	8	159	80	1789438871433321472	1789438871433321472	1789438871433321472	1789438871433344000	1789438871433346048	16500	0	7	3	42953061769355	42953061825649
2811	168	22	123	80	1789438871433346048	1789438871433530368	1789438871433530368	1789438871433531392	1789438871433532416	16500	1	25	1	42953062295879	42953062297880
2812	168	20	157	80	1789438871433532416	1789438871433533440	1789438871433533440	1789438871433534464	1789438871433536512	16501	1	23	1	42953062303603	42953062306311
2813	168	21	157	80	1789438871433536512	1789438871433536512	1789438871433536512	1789438871433537536	1789438871433538560	16502	0	24	1	42953062311176	42953062313108
2814	168	19	447	80	1789438871433538560	1789438871433539584	1789438871433539584	1789438871433540608	1789438871433541632	16502	1	22	1	42953062318636	42953062321098
2815	168	23	379	80	1789438871433541632	1789438871433544704	1789438871433544704	1789438871433569280	1789438871433571328	16503	3	26	3	42953062331838	42953062393390
2816	168	19	191	80	1789438871433571328	1789438871433571328	1789438871433571328	1789438871433572352	1789438871433573376	16506	0	22	1	42953062398225	42953062400897
2817	168	23	191	80	1789438871433574400	1789438871433574400	1789438871433574400	1789438871433596928	1789438871433598976	16506	0	26	3	42953062407070	42953062463326
2818	168	19	39	80	1789438871433598976	1789438871433598976	1789438871433598976	1789438871433600000	1789438871433602048	16506	0	22	1	42953062468265	42953062470735
2819	168	23	39	80	1789438871433602048	1789438871433602048	1789438871433602048	1789438871433622528	1789438871433624576	16506	0	26	3	42953062475620	42953062528026
2820	168	25	107	80	1789438871433624576	1789438871433662464	1789438871433662464	1789438871433664512	1789438871433666560	16506	4	31	1	42953062628743	42953062633654
2821	168	28	111	80	1789438871433666560	1789438871433697280	1789438871433697280	1789438871433700352	1789438871433702400	16510	16	34	2	42953062716659	42953062723859
2822	169	7	122	82	1789438871433244672	1789438871433276416	1789438871433276416	1789438871433277440	1789438871433278464	16526	1	6	1	42910819696573	42910819698492
2823	169	5	156	82	1789438871433278464	1789438871433279488	1789438871433279488	1789438871433280512	1789438871433281536	16527	1	4	1	42910819704206	42910819706817
2824	169	6	156	82	1789438871433282560	1789438871433282560	1789438871433282560	1789438871433282560	1789438871433284608	16528	0	5	1	42910819710956	42910819712116
2825	169	4	446	82	1789438871433284608	1789438871433285632	1789438871433285632	1789438871433286656	1789438871433287680	16528	1	3	1	42910819718347	42910819721000
2826	169	8	378	82	1789438871433287680	1789438871433290752	1789438871433290752	1789438871433315328	1789438871433317376	16529	3	7	3	42910819732627	42910819794411
2827	169	4	158	82	1789438871433317376	1789438871433317376	1789438871433317376	1789438871433318400	1789438871433320448	16532	0	3	1	42910819799025	42910819801594
2828	169	8	158	82	1789438871433320448	1789438871433320448	1789438871433321472	1789438871433342976	1789438871433345024	16532	0	7	3	42910819808713	42910819863937
2829	169	22	122	82	1789438871433345024	1789438871433530368	1789438871433530368	1789438871433531392	1789438871433532416	16532	1	25	1	42910820336132	42910820338072
2830	169	20	156	82	1789438871433532416	1789438871433533440	1789438871433533440	1789438871433534464	1789438871433536512	16533	1	23	1	42910820343849	42910820346496
2831	169	21	156	82	1789438871433536512	1789438871433536512	1789438871433536512	1789438871433537536	1789438871433538560	16534	0	24	1	42910820351179	42910820353029
2832	169	19	446	82	1789438871433538560	1789438871433539584	1789438871433539584	1789438871433540608	1789438871433541632	16534	1	22	1	42910820358755	42910820360947
2833	169	23	378	82	1789438871433541632	1789438871433544704	1789438871433544704	1789438871433570304	1789438871433571328	16535	3	26	3	42910820372274	42910820434855
2834	169	19	190	82	1789438871433571328	1789438871433571328	1789438871433571328	1789438871433572352	1789438871433574400	16538	0	22	1	42910820439729	42910820441931
2835	169	23	190	82	1789438871433574400	1789438871433575424	1789438871433575424	1789438871433597952	1789438871433598976	16538	0	26	3	42910820449310	42910820504602
2836	169	19	38	82	1789438871433598976	1789438871433598976	1789438871433598976	1789438871433600000	1789438871433602048	16538	0	22	1	42910820509336	42910820511740
2837	169	23	38	82	1789438871433602048	1789438871433602048	1789438871433602048	1789438871433622528	1789438871433624576	16538	0	26	3	42910820516462	42910820568612
2838	169	25	106	82	1789438871433624576	1789438871433662464	1789438871433662464	1789438871433664512	1789438871433665536	16538	4	31	1	42910820668942	42910820673725
2839	169	28	110	82	1789438871433666560	1789438871433697280	1789438871433697280	1789438871433700352	1789438871433701376	16542	16	34	2	42910820756887	42910820763810
2840	170	7	121	84	1789438871433244672	1789438871433276416	1789438871433276416	1789438871433277440	1789438871433278464	16558	1	6	1	42944198584140	42944198585998
2841	170	5	155	84	1789438871433278464	1789438871433279488	1789438871433279488	1789438871433280512	1789438871433281536	16559	1	4	1	42944198591362	42944198593881
2842	170	6	155	84	1789438871433281536	1789438871433281536	1789438871433282560	1789438871433282560	1789438871433283584	16560	0	5	1	42944198598147	42944198599324
2843	170	4	445	84	1789438871433283584	1789438871433284608	1789438871433284608	1789438871433285632	1789438871433287680	16560	1	3	1	42944198605001	42944198607499
2844	170	8	377	84	1789438871433287680	1789438871433290752	1789438871433290752	1789438871433315328	1789438871433317376	16561	3	7	3	42944198620122	42944198682190
2845	170	4	157	84	1789438871433317376	1789438871433317376	1789438871433317376	1789438871433318400	1789438871433320448	16564	0	3	1	42944198686607	42944198689139
2846	170	8	157	84	1789438871433320448	1789438871433320448	1789438871433320448	1789438871433342976	1789438871433345024	16564	0	7	3	42944198695545	42944198751884
2847	170	22	121	84	1789438871433345024	1789438871433530368	1789438871433530368	1789438871433531392	1789438871433532416	16564	1	25	1	42944199223700	42944199225504
2848	170	20	155	84	1789438871433532416	1789438871433533440	1789438871433533440	1789438871433534464	1789438871433535488	16565	1	23	1	42944199230870	42944199233414
2849	170	21	155	84	1789438871433535488	1789438871433536512	1789438871433536512	1789438871433536512	1789438871433537536	16566	0	24	1	42944199237916	42944199239493
2850	170	19	445	84	1789438871433537536	1789438871433538560	1789438871433538560	1789438871433539584	1789438871433540608	16566	1	22	1	42944199244626	42944199247145
2851	170	23	377	84	1789438871433541632	1789438871433544704	1789438871433544704	1789438871433569280	1789438871433571328	16567	3	26	3	42944199259801	42944199321682
2852	170	19	189	84	1789438871433571328	1789438871433571328	1789438871433571328	1789438871433572352	1789438871433574400	16570	0	22	1	42944199326418	42944199328455
2853	170	23	189	84	1789438871433574400	1789438871433574400	1789438871433574400	1789438871433596928	1789438871433597952	16570	0	26	3	42944199335070	42944199390818
2854	170	19	37	84	1789438871433598976	1789438871433598976	1789438871433598976	1789438871433600000	1789438871433601024	16570	0	22	1	42944199395412	42944199397730
2855	170	23	37	84	1789438871433601024	1789438871433601024	1789438871433601024	1789438871433622528	1789438871433623552	16570	0	26	3	42944199402228	42944199454386
2856	170	25	105	84	1789438871433623552	1789438871433662464	1789438871433662464	1789438871433664512	1789438871433665536	16570	4	31	1	42944199556477	42944199561115
2857	170	28	109	84	1789438871433665536	1789438871433697280	1789438871433697280	1789438871433700352	1789438871433701376	16574	16	34	2	42944199644496	42944199651159
2858	171	7	120	86	1789438871433244672	1789438871433276416	1789438871433276416	1789438871433277440	1789438871433278464	16590	1	6	1	42952127281759	42952127283712
2859	171	5	154	86	1789438871433278464	1789438871433279488	1789438871433279488	1789438871433280512	1789438871433281536	16591	1	4	1	42952127289361	42952127292000
2860	171	6	154	86	1789438871433282560	1789438871433282560	1789438871433282560	1789438871433282560	1789438871433284608	16592	0	5	1	42952127296358	42952127297571
2861	171	4	444	86	1789438871433284608	1789438871433285632	1789438871433285632	1789438871433286656	1789438871433287680	16592	1	3	1	42952127303576	42952127306220
2862	171	8	376	86	1789438871433287680	1789438871433290752	1789438871433290752	1789438871433315328	1789438871433317376	16593	3	7	3	42952127317843	42952127380231
2863	171	4	156	86	1789438871433317376	1789438871433317376	1789438871433317376	1789438871433318400	1789438871433320448	16596	0	3	1	42952127385023	42952127387251
2864	171	8	156	86	1789438871433320448	1789438871433321472	1789438871433321472	1789438871433344000	1789438871433345024	16596	0	7	3	42952127394748	42952127450400
2865	171	22	120	86	1789438871433345024	1789438871433530368	1789438871433530368	1789438871433531392	1789438871433532416	16596	1	25	1	42952127921491	42952127923449
2866	171	20	154	86	1789438871433532416	1789438871433533440	1789438871433533440	1789438871433534464	1789438871433536512	16597	1	23	1	42952127929210	42952127931855
2867	171	21	154	86	1789438871433536512	1789438871433536512	1789438871433536512	1789438871433537536	1789438871433538560	16598	0	24	1	42952127936489	42952127938163
2868	171	19	444	86	1789438871433538560	1789438871433539584	1789438871433539584	1789438871433540608	1789438871433541632	16598	1	22	1	42952127944227	42952127946435
2869	171	23	376	86	1789438871433541632	1789438871433544704	1789438871433544704	1789438871433569280	1789438871433571328	16599	3	26	3	42952127957704	42952128019138
2870	171	19	188	86	1789438871433571328	1789438871433571328	1789438871433571328	1789438871433572352	1789438871433574400	16602	0	22	1	42952128024227	42952128026410
2871	171	23	188	86	1789438871433574400	1789438871433574400	1789438871433575424	1789438871433596928	1789438871433598976	16602	0	26	3	42952128033772	42952128089396
2872	171	19	36	86	1789438871433598976	1789438871433598976	1789438871433598976	1789438871433600000	1789438871433602048	16602	0	22	1	42952128094199	42952128096615
2873	171	23	36	86	1789438871433602048	1789438871433602048	1789438871433602048	1789438871433622528	1789438871433624576	16602	0	26	3	42952128101308	42952128153732
2874	171	25	104	86	1789438871433624576	1789438871433662464	1789438871433662464	1789438871433664512	1789438871433665536	16602	4	31	1	42952128254295	42952128259197
2875	171	28	108	86	1789438871433666560	1789438871433697280	1789438871433697280	1789438871433700352	1789438871433701376	16606	16	34	2	42952128342328	42952128349253
2876	172	7	119	88	1789438871433244672	1789438871433276416	1789438871433276416	1789438871433277440	1789438871433278464	16622	1	6	1	42945873323428	42945873325424
2877	172	5	153	88	1789438871433278464	1789438871433279488	1789438871433279488	1789438871433280512	1789438871433282560	16623	1	4	1	42945873331103	42945873333812
2878	172	6	153	88	1789438871433282560	1789438871433282560	1789438871433282560	1789438871433282560	1789438871433284608	16624	0	5	1	42945873338129	42945873339318
2879	172	4	443	88	1789438871433284608	1789438871433285632	1789438871433285632	1789438871433286656	1789438871433287680	16624	1	3	1	42945873345408	42945873348114
2880	172	8	375	88	1789438871433287680	1789438871433290752	1789438871433290752	1789438871433315328	1789438871433317376	16625	3	7	3	42945873359456	42945873420833
2881	172	4	155	88	1789438871433317376	1789438871433317376	1789438871433317376	1789438871433318400	1789438871433319424	16628	0	3	1	42945873425781	42945873428551
2882	172	8	155	88	1789438871433320448	1789438871433320448	1789438871433321472	1789438871433344000	1789438871433345024	16628	0	7	3	42945873435026	42945873492726
2883	172	22	119	88	1789438871433346048	1789438871433530368	1789438871433530368	1789438871433531392	1789438871433532416	16628	1	25	1	42945873963084	42945873965095
2884	172	20	153	88	1789438871433532416	1789438871433533440	1789438871433533440	1789438871433534464	1789438871433536512	16629	1	23	1	42945873971020	42945873973723
2885	172	21	153	88	1789438871433536512	1789438871433536512	1789438871433536512	1789438871433537536	1789438871433538560	16630	0	24	1	42945873978511	42945873980198
2886	172	19	443	88	1789438871433538560	1789438871433539584	1789438871433539584	1789438871433540608	1789438871433541632	16630	1	22	1	42945873985786	42945873988494
2887	172	23	375	88	1789438871433541632	1789438871433544704	1789438871433544704	1789438871433569280	1789438871433571328	16631	3	26	3	42945873999131	42945874061039
2888	172	19	187	88	1789438871433571328	1789438871433571328	1789438871433571328	1789438871433572352	1789438871433573376	16634	0	22	1	42945874065775	42945874068438
2889	172	23	187	88	1789438871433574400	1789438871433574400	1789438871433574400	1789438871433596928	1789438871433598976	16634	0	26	3	42945874074077	42945874130826
2890	172	19	35	88	1789438871433598976	1789438871433598976	1789438871433598976	1789438871433600000	1789438871433602048	16634	0	22	1	42945874135740	42945874138188
2891	172	23	35	88	1789438871433602048	1789438871433602048	1789438871433602048	1789438871433622528	1789438871433624576	16634	0	26	3	42945874143069	42945874195660
2892	172	25	103	88	1789438871433624576	1789438871433662464	1789438871433662464	1789438871433664512	1789438871433665536	16634	4	31	1	42945874295879	42945874300856
2893	172	28	107	88	1789438871433666560	1789438871433697280	1789438871433697280	1789438871433700352	1789438871433702400	16638	16	34	2	42945874383869	42945874391074
2894	173	7	118	90	1789438871433244672	1789438871433276416	1789438871433276416	1789438871433277440	1789438871433278464	16654	1	6	1	42964216930997	42964216932991
2895	173	5	152	90	1789438871433278464	1789438871433279488	1789438871433279488	1789438871433280512	1789438871433282560	16655	1	4	1	42964216938799	42964216941524
2896	173	6	152	90	1789438871433282560	1789438871433282560	1789438871433282560	1789438871433282560	1789438871433284608	16656	0	5	1	42964216945945	42964216947152
2897	173	4	442	90	1789438871433284608	1789438871433285632	1789438871433285632	1789438871433286656	1789438871433287680	16656	1	3	1	42964216953424	42964216956176
2898	173	8	374	90	1789438871433287680	1789438871433290752	1789438871433290752	1789438871433315328	1789438871433317376	16657	3	7	3	42964216967033	42964217029446
2899	173	4	154	90	1789438871433317376	1789438871433317376	1789438871433317376	1789438871433318400	1789438871433320448	16660	0	3	1	42964217034181	42964217036920
2900	173	8	154	90	1789438871433321472	1789438871433321472	1789438871433321472	1789438871433344000	1789438871433345024	16660	0	7	3	42964217044730	42964217100622
2901	173	22	118	90	1789438871433346048	1789438871433530368	1789438871433530368	1789438871433531392	1789438871433532416	16660	1	25	1	42964217570773	42964217572757
2902	173	20	152	90	1789438871433532416	1789438871433533440	1789438871433533440	1789438871433534464	1789438871433536512	16661	1	23	1	42964217578724	42964217581444
2903	173	21	152	90	1789438871433536512	1789438871433536512	1789438871433536512	1789438871433537536	1789438871433538560	16662	0	24	1	42964217586164	42964217587839
2904	173	19	442	90	1789438871433538560	1789438871433539584	1789438871433539584	1789438871433540608	1789438871433541632	16662	1	22	1	42964217593383	42964217596099
2905	173	23	374	90	1789438871433541632	1789438871433544704	1789438871433544704	1789438871433569280	1789438871433571328	16663	3	26	3	42964217606804	42964217668744
2906	173	19	186	90	1789438871433571328	1789438871433571328	1789438871433571328	1789438871433572352	1789438871433574400	16666	0	22	1	42964217673689	42964217676020
2907	173	23	186	90	1789438871433574400	1789438871433575424	1789438871433575424	1789438871433596928	1789438871433598976	16666	0	26	3	42964217683812	42964217739175
2908	173	19	34	90	1789438871433598976	1789438871433598976	1789438871433598976	1789438871433600000	1789438871433602048	16666	0	22	1	42964217744194	42964217746654
2909	173	23	34	90	1789438871433602048	1789438871433602048	1789438871433602048	1789438871433623552	1789438871433624576	16666	0	26	3	42964217751516	42964217804032
2910	173	25	102	90	1789438871433624576	1789438871433662464	1789438871433662464	1789438871433664512	1789438871433666560	16666	4	31	1	42964217903592	42964217908568
2911	173	28	106	90	1789438871433666560	1789438871433697280	1789438871433697280	1789438871433700352	1789438871433702400	16670	16	34	2	42964217991608	42964217998780
2912	174	7	117	92	1789438871433244672	1789438871433276416	1789438871433276416	1789438871433277440	1789438871433278464	16686	1	6	1	42948816709085	42948816711042
2913	174	5	151	92	1789438871433278464	1789438871433279488	1789438871433279488	1789438871433280512	1789438871433281536	16687	1	4	1	42948816716625	42948816719246
2914	174	6	151	92	1789438871433282560	1789438871433282560	1789438871433282560	1789438871433282560	1789438871433283584	16688	0	5	1	42948816723486	42948816724686
2915	174	4	441	92	1789438871433284608	1789438871433284608	1789438871433285632	1789438871433286656	1789438871433287680	16688	1	3	1	42948816730770	42948816733427
2916	174	8	373	92	1789438871433287680	1789438871433290752	1789438871433290752	1789438871433315328	1789438871433317376	16689	3	7	3	42948816745221	42948816807188
2917	174	4	153	92	1789438871433317376	1789438871433317376	1789438871433317376	1789438871433318400	1789438871433320448	16692	0	3	1	42948816811726	42948816814315
2918	174	8	153	92	1789438871433320448	1789438871433321472	1789438871433321472	1789438871433344000	1789438871433345024	16692	0	7	3	42948816821861	42948816877991
2919	174	22	117	92	1789438871433345024	1789438871433530368	1789438871433530368	1789438871433531392	1789438871433532416	16692	1	25	1	42948817348871	42948817350795
2920	174	20	151	92	1789438871433532416	1789438871433533440	1789438871433533440	1789438871433534464	1789438871433536512	16693	1	23	1	42948817356337	42948817358982
2921	174	21	151	92	1789438871433536512	1789438871433536512	1789438871433536512	1789438871433536512	1789438871433538560	16694	0	24	1	42948817363584	42948817365209
2922	174	19	441	92	1789438871433538560	1789438871433539584	1789438871433539584	1789438871433540608	1789438871433541632	16694	1	22	1	42948817370582	42948817373209
2923	174	23	373	92	1789438871433541632	1789438871433544704	1789438871433544704	1789438871433569280	1789438871433571328	16695	3	26	3	42948817385058	42948817447511
2924	174	19	185	92	1789438871433571328	1789438871433571328	1789438871433571328	1789438871433572352	1789438871433574400	16698	0	22	1	42948817452359	42948817454106
2925	174	23	185	92	1789438871433574400	1789438871433574400	1789438871433575424	1789438871433596928	1789438871433597952	16698	0	26	3	42948817460932	42948817515754
2926	174	19	33	92	1789438871433598976	1789438871433598976	1789438871433598976	1789438871433600000	1789438871433601024	16698	0	22	1	42948817520532	42948817522928
2927	174	23	33	92	1789438871433601024	1789438871433601024	1789438871433601024	1789438871433622528	1789438871433623552	16698	0	26	3	42948817527630	42948817579995
2928	174	25	101	92	1789438871433623552	1789438871433662464	1789438871433662464	1789438871433664512	1789438871433665536	16698	4	31	1	42948817681669	42948817686463
2929	174	28	105	92	1789438871433666560	1789438871433697280	1789438871433697280	1789438871433700352	1789438871433701376	16702	16	34	2	42948817769776	42948817776721
2930	175	7	116	94	1789438871433244672	1789438871433276416	1789438871433276416	1789438871433277440	1789438871433278464	16718	1	6	1	42955800496675	42955800498530
2931	175	5	150	94	1789438871433278464	1789438871433279488	1789438871433279488	1789438871433280512	1789438871433281536	16719	1	4	1	42955800504056	42955800506599
2932	175	6	150	94	1789438871433281536	1789438871433281536	1789438871433282560	1789438871433282560	1789438871433283584	16720	0	5	1	42955800510662	42955800511821
2933	175	4	440	94	1789438871433283584	1789438871433284608	1789438871433284608	1789438871433285632	1789438871433287680	16720	1	3	1	42955800517682	42955800520264
2934	175	8	372	94	1789438871433287680	1789438871433290752	1789438871433290752	1789438871433315328	1789438871433317376	16721	3	7	3	42955800532738	42955800594990
2935	175	4	152	94	1789438871433317376	1789438871433317376	1789438871433317376	1789438871433318400	1789438871433320448	16724	0	3	1	42955800599691	42955800601838
2936	175	8	152	94	1789438871433320448	1789438871433320448	1789438871433321472	1789438871433342976	1789438871433345024	16724	0	7	3	42955800609285	42955800665061
2937	175	22	116	94	1789438871433345024	1789438871433530368	1789438871433530368	1789438871433531392	1789438871433532416	16724	1	25	1	42955801136506	42955801138368
2938	175	20	150	94	1789438871433532416	1789438871433533440	1789438871433533440	1789438871433534464	1789438871433535488	16725	1	23	1	42955801143723	42955801146269
2939	175	21	150	94	1789438871433535488	1789438871433536512	1789438871433536512	1789438871433536512	1789438871433537536	16726	0	24	1	42955801150540	42955801151904
2940	175	19	440	94	1789438871433537536	1789438871433538560	1789438871433538560	1789438871433539584	1789438871433541632	16726	1	22	1	42955801157662	42955801160255
2941	175	23	372	94	1789438871433541632	1789438871433544704	1789438871433544704	1789438871433569280	1789438871433571328	16727	3	26	3	42955801172477	42955801234582
2942	175	19	184	94	1789438871433571328	1789438871433571328	1789438871433571328	1789438871433572352	1789438871433574400	16730	0	22	1	42955801239229	42955801241351
2943	175	23	184	94	1789438871433574400	1789438871433574400	1789438871433574400	1789438871433596928	1789438871433597952	16730	0	26	3	42955801247700	42955801303065
2944	175	19	32	94	1789438871433597952	1789438871433597952	1789438871433598976	1789438871433598976	1789438871433601024	16730	0	22	1	42955801307706	42955801310029
2945	175	23	32	94	1789438871433601024	1789438871433601024	1789438871433601024	1789438871433621504	1789438871433623552	16730	0	26	3	42955801314582	42955801366719
2946	175	25	100	94	1789438871433623552	1789438871433662464	1789438871433662464	1789438871433664512	1789438871433665536	16730	4	31	1	42955801469254	42955801474016
2947	175	28	104	94	1789438871433665536	1789438871433697280	1789438871433697280	1789438871433700352	1789438871433701376	16734	16	34	2	42955801557380	42955801564084
2948	176	7	115	96	1789438871433244672	1789438871433276416	1789438871433276416	1789438871433277440	1789438871433278464	16750	1	6	1	42961563775628	42961563777559
2949	176	5	149	96	1789438871433278464	1789438871433279488	1789438871433279488	1789438871433280512	1789438871433282560	16751	1	4	1	42961563783288	42961563785909
2950	176	6	149	96	1789438871433282560	1789438871433282560	1789438871433282560	1789438871433282560	1789438871433284608	16752	0	5	1	42961563790314	42961563791482
2951	176	4	439	96	1789438871433284608	1789438871433285632	1789438871433285632	1789438871433286656	1789438871433287680	16752	1	3	1	42961563797554	42961563800213
2952	176	8	371	96	1789438871433287680	1789438871433290752	1789438871433290752	1789438871433315328	1789438871433317376	16753	3	7	3	42961563811763	42961563873266
2953	176	4	151	96	1789438871433317376	1789438871433317376	1789438871433317376	1789438871433318400	1789438871433321472	16756	0	3	1	42961563878062	42961563881554
2954	176	8	151	96	1789438871433321472	1789438871433321472	1789438871433321472	1789438871433341952	1789438871433344000	16756	0	7	3	42961563889210	42961563940087
2955	176	22	115	96	1789438871433344000	1789438871433530368	1789438871433530368	1789438871433531392	1789438871433532416	16756	1	25	1	42961564415433	42961564417353
2956	176	20	149	96	1789438871433532416	1789438871433533440	1789438871433533440	1789438871433534464	1789438871433536512	16757	1	23	1	42961564422914	42961564425554
2957	176	21	149	96	1789438871433536512	1789438871433536512	1789438871433536512	1789438871433537536	1789438871433538560	16758	0	24	1	42961564430180	42961564431780
2958	176	19	439	96	1789438871433538560	1789438871433539584	1789438871433539584	1789438871433540608	1789438871433541632	16758	1	22	1	42961564437207	42961564439851
2959	176	23	371	96	1789438871433541632	1789438871433544704	1789438871433544704	1789438871433569280	1789438871433571328	16759	3	26	3	42961564451559	42961564514005
2960	176	19	183	96	1789438871433571328	1789438871433571328	1789438871433571328	1789438871433572352	1789438871433575424	16762	0	22	1	42961564518302	42961564521693
2961	176	23	183	96	1789438871433575424	1789438871433575424	1789438871433575424	1789438871433595904	1789438871433596928	16762	0	26	3	42961564529098	42961564579960
2962	176	19	31	96	1789438871433597952	1789438871433597952	1789438871433597952	1789438871433598976	1789438871433600000	16762	0	22	1	42961564584832	42961564587237
2963	176	23	31	96	1789438871433600000	1789438871433601024	1789438871433601024	1789438871433621504	1789438871433622528	16762	0	26	3	42961564591934	42961564644022
2964	176	25	99	96	1789438871433622528	1789438871433662464	1789438871433662464	1789438871433664512	1789438871433665536	16762	4	31	1	42961564748267	42961564753167
2965	176	28	103	96	1789438871433666560	1789438871433697280	1789438871433697280	1789438871433700352	1789438871433701376	16766	16	34	2	42961564836345	42961564843318
2966	177	7	114	98	1789438871433244672	1789438871433276416	1789438871433276416	1789438871433277440	1789438871433278464	16782	1	6	1	42921751168594	42921751170590
2967	177	5	148	98	1789438871433278464	1789438871433279488	1789438871433279488	1789438871433280512	1789438871433282560	16783	1	4	1	42921751176537	42921751179249
2968	177	6	148	98	1789438871433282560	1789438871433282560	1789438871433282560	1789438871433282560	1789438871433284608	16784	0	5	1	42921751183580	42921751184766
2969	177	4	438	98	1789438871433284608	1789438871433285632	1789438871433285632	1789438871433286656	1789438871433287680	16784	1	3	1	42921751191290	42921751194028
2970	177	8	370	98	1789438871433288704	1789438871433290752	1789438871433290752	1789438871433315328	1789438871433317376	16785	3	7	3	42921751204431	42921751266662
2971	177	4	150	98	1789438871433317376	1789438871433317376	1789438871433317376	1789438871433319424	1789438871433321472	16788	0	3	1	42921751271569	42921751275391
2972	177	8	150	98	1789438871433322496	1789438871433322496	1789438871433322496	1789438871433342976	1789438871433344000	16788	0	7	3	42921751283323	42921751335257
2973	177	22	114	98	1789438871433345024	1789438871433530368	1789438871433530368	1789438871433531392	1789438871433532416	16788	1	25	1	42921751808218	42921751810214
2974	177	20	148	98	1789438871433532416	1789438871433533440	1789438871433533440	1789438871433534464	1789438871433536512	16789	1	23	1	42921751816190	42921751818902
2975	177	21	148	98	1789438871433536512	1789438871433536512	1789438871433536512	1789438871433537536	1789438871433538560	16790	0	24	1	42921751823625	42921751825283
2976	177	19	438	98	1789438871433538560	1789438871433539584	1789438871433539584	1789438871433540608	1789438871433541632	16790	1	22	1	42921751830873	42921751833585
2977	177	23	370	98	1789438871433541632	1789438871433544704	1789438871433544704	1789438871433569280	1789438871433571328	16791	3	26	3	42921751844224	42921751905979
2978	177	19	182	98	1789438871433571328	1789438871433571328	1789438871433571328	1789438871433572352	1789438871433575424	16794	0	22	1	42921751910882	42921751914405
2979	177	23	182	98	1789438871433575424	1789438871433575424	1789438871433575424	1789438871433595904	1789438871433597952	16794	0	26	3	42921751921226	42921751972807
2980	177	19	30	98	1789438871433597952	1789438871433597952	1789438871433597952	1789438871433598976	1789438871433600000	16794	0	22	1	42921751977807	42921751980270
2981	177	23	30	98	1789438871433601024	1789438871433601024	1789438871433601024	1789438871433621504	1789438871433623552	16794	0	26	3	42921751985117	42921752037638
2982	177	25	98	98	1789438871433623552	1789438871433662464	1789438871433662464	1789438871433664512	1789438871433666560	16794	4	31	1	42921752140924	42921752145922
2983	177	28	102	98	1789438871433666560	1789438871433697280	1789438871433697280	1789438871433700352	1789438871433702400	16798	16	34	2	42921752228969	42921752236150
2984	178	7	113	100	1789438871433244672	1789438871433276416	1789438871433276416	1789438871433277440	1789438871433278464	16814	1	6	1	42943322079733	42943322081716
2985	178	5	147	100	1789438871433278464	1789438871433279488	1789438871433279488	1789438871433280512	1789438871433282560	16815	1	4	1	42943322087428	42943322090128
2986	178	6	147	100	1789438871433282560	1789438871433282560	1789438871433282560	1789438871433282560	1789438871433284608	16816	0	5	1	42943322094462	42943322095646
2987	178	4	437	100	1789438871433284608	1789438871433285632	1789438871433285632	1789438871433286656	1789438871433287680	16816	1	3	1	42943322102083	42943322104852
2988	178	8	369	100	1789438871433287680	1789438871433290752	1789438871433290752	1789438871433315328	1789438871433317376	16817	3	7	3	42943322115865	42943322178034
2989	178	4	149	100	1789438871433317376	1789438871433317376	1789438871433317376	1789438871433319424	1789438871433321472	16820	0	3	1	42943322182995	42943322186272
2990	178	8	149	100	1789438871433321472	1789438871433321472	1789438871433321472	1789438871433341952	1789438871433344000	16820	0	7	3	42943322193858	42943322245210
2991	178	22	113	100	1789438871433344000	1789438871433530368	1789438871433530368	1789438871433531392	1789438871433532416	16820	1	25	1	42943322719428	42943322721426
2992	178	20	147	100	1789438871433532416	1789438871433533440	1789438871433533440	1789438871433534464	1789438871433536512	16821	1	23	1	42943322727400	42943322730124
2993	178	21	147	100	1789438871433536512	1789438871433536512	1789438871433536512	1789438871433537536	1789438871433538560	16822	0	24	1	42943322734839	42943322736525
2994	178	19	437	100	1789438871433538560	1789438871433539584	1789438871433539584	1789438871433540608	1789438871433541632	16822	1	22	1	42943322742079	42943322744815
2995	178	23	369	100	1789438871433542656	1789438871433544704	1789438871433544704	1789438871433569280	1789438871433571328	16823	3	26	3	42943322755434	42943322817390
2996	178	19	181	100	1789438871433571328	1789438871433571328	1789438871433571328	1789438871433572352	1789438871433575424	16826	0	22	1	42943322822392	42943322825644
2997	178	23	181	100	1789438871433576448	1789438871433576448	1789438871433576448	1789438871433596928	1789438871433597952	16826	0	26	3	42943322834748	42943322885574
2998	178	19	29	100	1789438871433597952	1789438871433597952	1789438871433598976	1789438871433600000	1789438871433601024	16826	0	22	1	42943322890519	42943322892974
2999	178	23	29	100	1789438871433601024	1789438871433601024	1789438871433601024	1789438871433622528	1789438871433623552	16826	0	26	3	42943322897829	42943322950636
3000	178	25	97	100	1789438871433624576	1789438871433662464	1789438871433662464	1789438871433664512	1789438871433665536	16826	4	31	1	42943323052189	42943323057233
3001	178	28	101	100	1789438871433666560	1789438871433697280	1789438871433697280	1789438871433700352	1789438871433702400	16830	16	34	2	42943323140254	42943323147400
3002	179	7	112	102	1789438871433244672	1789438871433276416	1789438871433276416	1789438871433277440	1789438871433278464	16846	1	6	1	42953061655957	42953061657883
3003	179	5	146	102	1789438871433278464	1789438871433279488	1789438871433279488	1789438871433280512	1789438871433281536	16847	1	4	1	42953061663461	42953061666090
3004	179	6	146	102	1789438871433282560	1789438871433282560	1789438871433282560	1789438871433282560	1789438871433283584	16848	0	5	1	42953061670311	42953061671500
3005	179	4	436	102	1789438871433284608	1789438871433284608	1789438871433284608	1789438871433286656	1789438871433287680	16848	1	3	1	42953061677419	42953061680078
3006	179	8	368	102	1789438871433287680	1789438871433290752	1789438871433290752	1789438871433315328	1789438871433317376	16849	3	7	3	42953061692096	42953061753877
3007	179	4	148	102	1789438871433317376	1789438871433317376	1789438871433317376	1789438871433318400	1789438871433320448	16852	0	3	1	42953061758537	42953061761660
3008	179	8	148	102	1789438871433320448	1789438871433321472	1789438871433321472	1789438871433341952	1789438871433342976	16852	0	7	3	42953061768615	42953061820288
3009	179	22	112	102	1789438871433344000	1789438871433530368	1789438871433530368	1789438871433531392	1789438871433532416	16852	1	25	1	42953062295742	42953062297679
3010	179	20	146	102	1789438871433532416	1789438871433533440	1789438871433533440	1789438871433534464	1789438871433536512	16853	1	23	1	42953062303453	42953062306069
3011	179	21	146	102	1789438871433536512	1789438871433536512	1789438871433536512	1789438871433537536	1789438871433538560	16854	0	24	1	42953062310663	42953062312303
3012	179	19	436	102	1789438871433538560	1789438871433539584	1789438871433539584	1789438871433540608	1789438871433541632	16854	1	22	1	42953062317598	42953062320209
3013	179	23	368	102	1789438871433541632	1789438871433544704	1789438871433544704	1789438871433569280	1789438871433571328	16855	3	26	3	42953062331867	42953062393773
3014	179	19	180	102	1789438871433571328	1789438871433571328	1789438871433571328	1789438871433572352	1789438871433575424	16858	0	22	1	42953062398197	42953062401431
3015	179	23	180	102	1789438871433575424	1789438871433575424	1789438871433575424	1789438871433595904	1789438871433597952	16858	0	26	3	42953062409883	42953062461000
3016	179	19	28	102	1789438871433597952	1789438871433597952	1789438871433597952	1789438871433598976	1789438871433600000	16858	0	22	1	42953062465647	42953062468025
3017	179	23	28	102	1789438871433601024	1789438871433601024	1789438871433601024	1789438871433621504	1789438871433623552	16858	0	26	3	42953062472723	42953062525345
3018	179	25	96	102	1789438871433623552	1789438871433662464	1789438871433662464	1789438871433664512	1789438871433665536	16858	4	31	1	42953062628589	42953062633360
3019	179	28	100	102	1789438871433666560	1789438871433697280	1789438871433697280	1789438871433700352	1789438871433701376	16862	16	34	2	42953062716642	42953062723553
3020	180	7	111	104	1789438871433244672	1789438871433276416	1789438871433276416	1789438871433277440	1789438871433278464	16878	1	6	1	42910819696519	42910819698370
3021	180	5	145	104	1789438871433278464	1789438871433279488	1789438871433279488	1789438871433280512	1789438871433281536	16879	1	4	1	42910819703787	42910819706314
3022	180	6	145	104	1789438871433281536	1789438871433282560	1789438871433282560	1789438871433282560	1789438871433283584	16880	0	5	1	42910819710583	42910819711760
3023	180	4	435	104	1789438871433283584	1789438871433284608	1789438871433284608	1789438871433285632	1789438871433287680	16880	1	3	1	42910819717460	42910819719993
3024	180	8	367	104	1789438871433287680	1789438871433290752	1789438871433290752	1789438871433315328	1789438871433316352	16881	3	7	3	42910819732529	42910819793715
3025	180	4	147	104	1789438871433316352	1789438871433316352	1789438871433317376	1789438871433318400	1789438871433320448	16884	0	3	1	42910819797959	42910819801366
3026	180	8	147	104	1789438871433321472	1789438871433321472	1789438871433321472	1789438871433341952	1789438871433342976	16884	0	7	3	42910819808672	42910819860699
3027	180	22	111	104	1789438871433344000	1789438871433530368	1789438871433530368	1789438871433531392	1789438871433532416	16884	1	25	1	42910820336078	42910820337951
3028	180	20	145	104	1789438871433532416	1789438871433533440	1789438871433533440	1789438871433534464	1789438871433535488	16885	1	23	1	42910820343246	42910820345772
3029	180	21	145	104	1789438871433535488	1789438871433535488	1789438871433536512	1789438871433536512	1789438871433537536	16886	0	24	1	42910820349997	42910820351403
3030	180	19	435	104	1789438871433537536	1789438871433538560	1789438871433538560	1789438871433539584	1789438871433541632	16886	1	22	1	42910820357070	42910820359582
3031	180	23	367	104	1789438871433541632	1789438871433544704	1789438871433544704	1789438871433569280	1789438871433570304	16887	3	26	3	42910820372145	42910820433522
3032	180	19	179	104	1789438871433571328	1789438871433571328	1789438871433571328	1789438871433572352	1789438871433575424	16890	0	22	1	42910820438006	42910820441874
3033	180	23	179	104	1789438871433576448	1789438871433576448	1789438871433576448	1789438871433595904	1789438871433597952	16890	0	26	3	42910820451321	42910820501704
3034	180	19	27	104	1789438871433597952	1789438871433597952	1789438871433597952	1789438871433598976	1789438871433601024	16890	0	22	1	42910820506282	42910820508584
3035	180	23	27	104	1789438871433601024	1789438871433601024	1789438871433601024	1789438871433621504	1789438871433623552	16890	0	26	3	42910820513095	42910820565289
3036	180	25	95	104	1789438871433623552	1789438871433662464	1789438871433662464	1789438871433664512	1789438871433665536	16890	4	31	1	42910820668779	42910820673393
3037	180	28	99	104	1789438871433665536	1789438871433697280	1789438871433697280	1789438871433700352	1789438871433701376	16894	16	34	2	42910820756806	42910820763468
3038	181	7	110	106	1789438871433244672	1789438871433276416	1789438871433276416	1789438871433277440	1789438871433278464	16910	1	6	1	42944198584016	42944198585801
3039	181	5	144	106	1789438871433278464	1789438871433279488	1789438871433279488	1789438871433280512	1789438871433281536	16911	1	4	1	42944198590970	42944198593412
3040	181	6	144	106	1789438871433281536	1789438871433281536	1789438871433281536	1789438871433282560	1789438871433283584	16912	0	5	1	42944198597305	42944198598464
3041	181	4	434	106	1789438871433283584	1789438871433284608	1789438871433284608	1789438871433285632	1789438871433286656	16912	1	3	1	42944198604168	42944198606626
3042	181	8	366	106	1789438871433286656	1789438871433290752	1789438871433290752	1789438871433315328	1789438871433316352	16913	3	7	3	42944198620055	42944198681407
3043	181	4	146	106	1789438871433316352	1789438871433316352	1789438871433317376	1789438871433318400	1789438871433321472	16916	0	3	1	42944198685623	42944198689036
3044	181	8	146	106	1789438871433321472	1789438871433322496	1789438871433322496	1789438871433342976	1789438871433344000	16916	0	7	3	42944198699153	42944198750566
3045	181	22	110	106	1789438871433344000	1789438871433530368	1789438871433530368	1789438871433531392	1789438871433532416	16916	1	25	1	42944199223652	42944199225437
3046	181	20	144	106	1789438871433532416	1789438871433533440	1789438871433533440	1789438871433534464	1789438871433535488	16917	1	23	1	42944199230667	42944199233122
3047	181	21	144	106	1789438871433535488	1789438871433535488	1789438871433535488	1789438871433536512	1789438871433537536	16918	0	24	1	42944199237176	42944199238583
3048	181	19	434	106	1789438871433537536	1789438871433538560	1789438871433538560	1789438871433539584	1789438871433540608	16918	1	22	1	42944199244017	42944199246465
3049	181	23	366	106	1789438871433540608	1789438871433544704	1789438871433544704	1789438871433569280	1789438871433570304	16919	3	26	3	42944199259766	42944199320464
3050	181	19	178	106	1789438871433570304	1789438871433570304	1789438871433570304	1789438871433572352	1789438871433574400	16922	0	22	1	42944199324677	42944199327959
3051	181	23	178	106	1789438871433574400	1789438871433574400	1789438871433574400	1789438871433594880	1789438871433596928	16922	0	26	3	42944199335153	42944199386307
3052	181	19	26	106	1789438871433596928	1789438871433596928	1789438871433596928	1789438871433597952	1789438871433598976	16922	0	22	1	42944199390818	42944199393073
3053	181	23	26	106	1789438871433598976	1789438871433598976	1789438871433600000	1789438871433620480	1789438871433621504	16922	0	26	3	42944199397429	42944199449350
3054	181	25	94	106	1789438871433621504	1789438871433662464	1789438871433662464	1789438871433664512	1789438871433665536	16922	4	31	1	42944199556316	42944199560782
3055	181	28	98	106	1789438871433665536	1789438871433697280	1789438871433697280	1789438871433700352	1789438871433701376	16926	16	34	2	42944199644292	42944199650766
3056	182	7	109	108	1789438871433244672	1789438871433276416	1789438871433276416	1789438871433277440	1789438871433278464	16942	1	6	1	42952127281574	42952127283452
3057	182	5	143	108	1789438871433278464	1789438871433279488	1789438871433279488	1789438871433280512	1789438871433281536	16943	1	4	1	42952127288843	42952127291400
3058	182	6	143	108	1789438871433281536	1789438871433281536	1789438871433282560	1789438871433282560	1789438871433283584	16944	0	5	1	42952127295586	42952127296767
3059	182	4	433	108	1789438871433283584	1789438871433284608	1789438871433284608	1789438871433285632	1789438871433286656	16944	1	3	1	42952127302531	42952127305059
3060	182	8	365	108	1789438871433287680	1789438871433290752	1789438871433290752	1789438871433315328	1789438871433316352	16945	3	7	3	42952127317768	42952127379276
3061	182	4	145	108	1789438871433317376	1789438871433317376	1789438871433317376	1789438871433318400	1789438871433320448	16948	0	3	1	42952127383629	42952127386902
3062	182	8	145	108	1789438871433320448	1789438871433321472	1789438871433321472	1789438871433340928	1789438871433342976	16948	0	7	3	42952127393886	42952127444903
3063	182	22	109	108	1789438871433342976	1789438871433530368	1789438871433530368	1789438871433531392	1789438871433532416	16948	1	25	1	42952127921394	42952127923283
3064	182	20	143	108	1789438871433532416	1789438871433533440	1789438871433533440	1789438871433534464	1789438871433535488	16949	1	23	1	42952127928657	42952127931293
3065	182	21	143	108	1789438871433535488	1789438871433535488	1789438871433536512	1789438871433536512	1789438871433537536	16950	0	24	1	42952127935288	42952127936713
3066	182	19	433	108	1789438871433537536	1789438871433538560	1789438871433538560	1789438871433539584	1789438871433541632	16950	1	22	1	42952127942448	42952127944969
3067	182	23	365	108	1789438871433541632	1789438871433544704	1789438871433544704	1789438871433569280	1789438871433570304	16951	3	26	3	42952127957492	42952128018480
3068	182	19	177	108	1789438871433570304	1789438871433570304	1789438871433570304	1789438871433572352	1789438871433574400	16954	0	22	1	42952128022849	42952128025953
3069	182	23	177	108	1789438871433574400	1789438871433574400	1789438871433575424	1789438871433594880	1789438871433596928	16954	0	26	3	42952128033418	42952128083750
3070	182	19	25	108	1789438871433596928	1789438871433596928	1789438871433596928	1789438871433597952	1789438871433598976	16954	0	22	1	42952128088430	42952128090765
3071	182	23	25	108	1789438871433598976	1789438871433600000	1789438871433600000	1789438871433620480	1789438871433621504	16954	0	26	3	42952128095334	42952128147678
3072	182	25	93	108	1789438871433621504	1789438871433662464	1789438871433662464	1789438871433664512	1789438871433665536	16954	4	31	1	42952128254145	42952128258828
3073	182	28	97	108	1789438871433665536	1789438871433697280	1789438871433697280	1789438871433700352	1789438871433701376	16958	16	34	2	42952128342080	42952128348798
3074	183	7	108	110	1789438871433244672	1789438871433276416	1789438871433276416	1789438871433277440	1789438871433278464	16974	1	6	1	42945873323282	42945873325227
3075	183	5	142	110	1789438871433278464	1789438871433279488	1789438871433279488	1789438871433280512	1789438871433281536	16975	1	4	1	42945873330929	42945873333539
3076	183	6	142	110	1789438871433282560	1789438871433282560	1789438871433282560	1789438871433282560	1789438871433283584	16976	0	5	1	42945873337728	42945873338937
3077	183	4	432	110	1789438871433284608	1789438871433284608	1789438871433285632	1789438871433286656	1789438871433287680	16976	1	3	1	42945873344966	42945873347622
3078	183	8	364	110	1789438871433287680	1789438871433290752	1789438871433290752	1789438871433315328	1789438871433316352	16977	3	7	3	42945873359400	42945873420669
3079	183	4	144	110	1789438871433317376	1789438871433317376	1789438871433317376	1789438871433318400	1789438871433320448	16980	0	3	1	42945873425279	42945873428478
3080	183	8	144	110	1789438871433321472	1789438871433321472	1789438871433322496	1789438871433341952	1789438871433344000	16980	0	7	3	42945873437661	42945873488882
3081	183	22	108	110	1789438871433344000	1789438871433530368	1789438871433530368	1789438871433531392	1789438871433532416	16980	1	25	1	42945873962992	42945873964961
3082	183	20	142	110	1789438871433532416	1789438871433533440	1789438871433533440	1789438871433534464	1789438871433536512	16981	1	23	1	42945873970699	42945873973336
3083	183	21	142	110	1789438871433536512	1789438871433536512	1789438871433536512	1789438871433537536	1789438871433538560	16982	0	24	1	42945873977959	42945873979609
3084	183	19	432	110	1789438871433538560	1789438871433539584	1789438871433539584	1789438871433540608	1789438871433541632	16982	1	22	1	42945873985037	42945873987679
3085	183	23	364	110	1789438871433541632	1789438871433544704	1789438871433544704	1789438871433569280	1789438871433571328	16983	3	26	3	42945873999218	42945874060960
3086	183	19	176	110	1789438871433571328	1789438871433571328	1789438871433571328	1789438871433572352	1789438871433575424	16986	0	22	1	42945874065696	42945874068911
3087	183	23	176	110	1789438871433575424	1789438871433575424	1789438871433575424	1789438871433595904	1789438871433597952	16986	0	26	3	42945874077136	42945874127766
3088	183	19	24	110	1789438871433597952	1789438871433597952	1789438871433597952	1789438871433598976	1789438871433600000	16986	0	22	1	42945874132627	42945874135024
3089	183	23	24	110	1789438871433601024	1789438871433601024	1789438871433601024	1789438871433621504	1789438871433623552	16986	0	26	3	42945874139773	42945874192365
3090	183	25	92	110	1789438871433623552	1789438871433662464	1789438871433662464	1789438871433664512	1789438871433665536	16986	4	31	1	42945874295729	42945874300603
3091	183	28	96	110	1789438871433665536	1789438871433697280	1789438871433697280	1789438871433700352	1789438871433701376	16990	16	34	2	42945874383646	42945874390629
3092	184	7	107	112	1789438871433244672	1789438871433276416	1789438871433276416	1789438871433277440	1789438871433278464	17006	1	6	1	42964216930831	42964216932790
3093	184	5	141	112	1789438871433278464	1789438871433279488	1789438871433279488	1789438871433280512	1789438871433281536	17007	1	4	1	42964216938455	42964216941142
3094	184	6	141	112	1789438871433282560	1789438871433282560	1789438871433282560	1789438871433282560	1789438871433284608	17008	0	5	1	42964216945381	42964216946574
3095	184	4	431	112	1789438871433284608	1789438871433285632	1789438871433285632	1789438871433286656	1789438871433287680	17008	1	3	1	42964216952931	42964216955598
3096	184	8	363	112	1789438871433287680	1789438871433290752	1789438871433290752	1789438871433315328	1789438871433317376	17009	3	7	3	42964216967072	42964217029209
3097	184	4	143	112	1789438871433317376	1789438871433317376	1789438871433317376	1789438871433318400	1789438871433321472	17012	0	3	1	42964217034047	42964217037381
3098	184	8	143	112	1789438871433321472	1789438871433321472	1789438871433321472	1789438871433341952	1789438871433344000	17012	0	7	3	42964217044602	42964217096016
3099	184	22	107	112	1789438871433344000	1789438871433530368	1789438871433530368	1789438871433531392	1789438871433532416	17012	1	25	1	42964217570604	42964217572528
3100	184	20	141	112	1789438871433532416	1789438871433533440	1789438871433533440	1789438871433534464	1789438871433536512	17013	1	23	1	42964217578403	42964217581074
3101	184	21	141	112	1789438871433536512	1789438871433536512	1789438871433536512	1789438871433537536	1789438871433538560	17014	0	24	1	42964217585678	42964217587314
3102	184	19	431	112	1789438871433538560	1789438871433539584	1789438871433539584	1789438871433540608	1789438871433541632	17014	1	22	1	42964217592714	42964217595351
3103	184	23	363	112	1789438871433541632	1789438871433544704	1789438871433544704	1789438871433569280	1789438871433571328	17015	3	26	3	42964217606837	42964217668473
3104	184	19	175	112	1789438871433571328	1789438871433571328	1789438871433571328	1789438871433572352	1789438871433575424	17018	0	22	1	42964217673098	42964217676362
3105	184	23	175	112	1789438871433575424	1789438871433575424	1789438871433576448	1789438871433596928	1789438871433597952	17018	0	26	3	42964217685587	42964217737066
3106	184	19	23	112	1789438871433597952	1789438871433597952	1789438871433598976	1789438871433598976	1789438871433601024	17018	0	22	1	42964217741950	42964217744357
3107	184	23	23	112	1789438871433601024	1789438871433601024	1789438871433601024	1789438871433622528	1789438871433623552	17018	0	26	3	42964217749150	42964217801479
3108	184	25	91	112	1789438871433623552	1789438871433662464	1789438871433662464	1789438871433664512	1789438871433665536	17018	4	31	1	42964217903445	42964217908275
3109	184	28	95	112	1789438871433666560	1789438871433697280	1789438871433697280	1789438871433700352	1789438871433701376	17022	16	34	2	42964217991439	42964217998440
3110	185	7	106	114	1789438871433244672	1789438871433276416	1789438871433276416	1789438871433277440	1789438871433278464	17038	1	6	1	42948816708917	42948816710811
3111	185	5	140	114	1789438871433278464	1789438871433279488	1789438871433279488	1789438871433280512	1789438871433281536	17039	1	4	1	42948816716352	42948816718923
3112	185	6	140	114	1789438871433281536	1789438871433281536	1789438871433282560	1789438871433282560	1789438871433283584	17040	0	5	1	42948816723008	42948816724183
3113	185	4	430	114	1789438871433283584	1789438871433284608	1789438871433284608	1789438871433285632	1789438871433287680	17040	1	3	1	42948816730097	42948816732654
3114	185	8	362	114	1789438871433287680	1789438871433290752	1789438871433290752	1789438871433315328	1789438871433316352	17041	3	7	3	42948816745040	42948816806437
3115	185	4	142	114	1789438871433316352	1789438871433317376	1789438871433317376	1789438871433318400	1789438871433321472	17044	0	3	1	42948816810828	42948816814041
3116	185	8	142	114	1789438871433321472	1789438871433321472	1789438871433322496	1789438871433342976	1789438871433344000	17044	0	7	3	42948816823452	42948816875536
3117	185	22	106	114	1789438871433344000	1789438871433530368	1789438871433530368	1789438871433531392	1789438871433532416	17044	1	25	1	42948817348764	42948817350647
3118	185	20	140	114	1789438871433532416	1789438871433533440	1789438871433533440	1789438871433534464	1789438871433535488	17045	1	23	1	42948817356284	42948817358830
3119	185	21	140	114	1789438871433536512	1789438871433536512	1789438871433536512	1789438871433536512	1789438871433537536	17046	0	24	1	42948817363337	42948817364933
3120	185	19	430	114	1789438871433538560	1789438871433538560	1789438871433538560	1789438871433539584	1789438871433541632	17046	1	22	1	42948817370148	42948817372696
3121	185	23	362	114	1789438871433541632	1789438871433544704	1789438871433544704	1789438871433569280	1789438871433570304	17047	3	26	3	42948817384849	42948817446027
3122	185	19	174	114	1789438871433570304	1789438871433570304	1789438871433571328	1789438871433572352	1789438871433574400	17050	0	22	1	42948817450316	42948817453701
3123	185	23	174	114	1789438871433574400	1789438871433575424	1789438871433575424	1789438871433595904	1789438871433596928	17050	0	26	3	42948817461389	42948817512400
3124	185	19	22	114	1789438871433596928	1789438871433596928	1789438871433596928	1789438871433597952	1789438871433600000	17050	0	22	1	42948817517128	42948817519463
3125	185	23	22	114	1789438871433600000	1789438871433600000	1789438871433600000	1789438871433620480	1789438871433622528	17050	0	26	3	42948817524070	42948817576272
3126	185	25	90	114	1789438871433622528	1789438871433662464	1789438871433662464	1789438871433664512	1789438871433665536	17050	4	31	1	42948817681532	42948817686297
3127	185	28	94	114	1789438871433665536	1789438871433697280	1789438871433697280	1789438871433700352	1789438871433701376	17054	16	34	2	42948817769554	42948817776232
3128	186	7	105	116	1789438871433244672	1789438871433276416	1789438871433276416	1789438871433277440	1789438871433278464	17070	1	6	1	42955800496605	42955800498370
3129	186	5	139	116	1789438871433278464	1789438871433279488	1789438871433279488	1789438871433280512	1789438871433281536	17071	1	4	1	42955800503708	42955800506184
3130	186	6	139	116	1789438871433281536	1789438871433281536	1789438871433281536	1789438871433282560	1789438871433283584	17072	0	5	1	42955800510183	42955800511323
3131	186	4	429	116	1789438871433283584	1789438871433284608	1789438871433284608	1789438871433285632	1789438871433286656	17072	1	3	1	42955800517032	42955800519509
3132	186	8	361	116	1789438871433286656	1789438871433290752	1789438871433290752	1789438871433315328	1789438871433316352	17073	3	7	3	42955800532680	42955800593763
3133	186	4	141	116	1789438871433316352	1789438871433316352	1789438871433316352	1789438871433318400	1789438871433320448	17076	0	3	1	42955800597589	42955800600732
3134	186	8	141	116	1789438871433320448	1789438871433320448	1789438871433320448	1789438871433340928	1789438871433342976	17076	0	7	3	42955800608151	42955800659456
3135	186	22	105	116	1789438871433342976	1789438871433530368	1789438871433530368	1789438871433531392	1789438871433532416	17076	1	25	1	42955801136376	42955801138144
3136	186	20	139	116	1789438871433532416	1789438871433533440	1789438871433533440	1789438871433534464	1789438871433535488	17077	1	23	1	42955801143449	42955801145933
3137	186	21	139	116	1789438871433535488	1789438871433535488	1789438871433535488	1789438871433536512	1789438871433537536	17078	0	24	1	42955801149947	42955801151276
3138	186	19	429	116	1789438871433537536	1789438871433538560	1789438871433538560	1789438871433539584	1789438871433540608	17078	1	22	1	42955801156968	42955801159461
3139	186	23	361	116	1789438871433540608	1789438871433544704	1789438871433544704	1789438871433569280	1789438871433570304	17079	3	26	3	42955801172482	42955801233901
3140	186	19	173	116	1789438871433570304	1789438871433570304	1789438871433570304	1789438871433572352	1789438871433574400	17082	0	22	1	42955801237591	42955801240883
3141	186	23	173	116	1789438871433574400	1789438871433574400	1789438871433575424	1789438871433594880	1789438871433596928	17082	0	26	3	42955801248356	42955801298809
3142	186	19	21	116	1789438871433596928	1789438871433596928	1789438871433596928	1789438871433597952	1789438871433598976	17082	0	22	1	42955801303357	42955801305630
3143	186	23	21	116	1789438871433598976	1789438871433598976	1789438871433598976	1789438871433620480	1789438871433621504	17082	0	26	3	42955801310059	42955801361782
3144	186	25	89	116	1789438871433621504	1789438871433662464	1789438871433662464	1789438871433664512	1789438871433665536	17082	4	31	1	42955801469141	42955801473703
3145	186	28	93	116	1789438871433665536	1789438871433697280	1789438871433697280	1789438871433700352	1789438871433701376	17086	16	34	2	42955801557110	42955801563586
3146	187	7	104	118	1789438871433244672	1789438871433276416	1789438871433276416	1789438871433277440	1789438871433278464	17102	1	6	1	42961563775465	42961563777350
3147	187	5	138	118	1789438871433278464	1789438871433279488	1789438871433279488	1789438871433280512	1789438871433281536	17103	1	4	1	42961563782923	42961563785504
3148	187	6	138	118	1789438871433281536	1789438871433282560	1789438871433282560	1789438871433282560	1789438871433283584	17104	0	5	1	42961563789623	42961563790781
3149	187	4	428	118	1789438871433283584	1789438871433284608	1789438871433284608	1789438871433285632	1789438871433287680	17104	1	3	1	42961563796676	42961563799243
3150	187	8	360	118	1789438871433287680	1789438871433290752	1789438871433290752	1789438871433315328	1789438871433316352	17105	3	7	3	42961563811625	42961563873057
3151	187	4	140	118	1789438871433316352	1789438871433317376	1789438871433317376	1789438871433318400	1789438871433320448	17108	0	3	1	42961563877349	42961563880500
3152	187	8	140	118	1789438871433320448	1789438871433321472	1789438871433321472	1789438871433341952	1789438871433342976	17108	0	7	3	42961563888324	42961563939334
3153	187	22	104	118	1789438871433342976	1789438871433530368	1789438871433530368	1789438871433531392	1789438871433532416	17108	1	25	1	42961564415333	42961564417204
3154	187	20	138	118	1789438871433532416	1789438871433533440	1789438871433533440	1789438871433534464	1789438871433535488	17109	1	23	1	42961564422856	42961564425437
3155	187	21	138	118	1789438871433536512	1789438871433536512	1789438871433536512	1789438871433536512	1789438871433538560	17110	0	24	1	42961564429975	42961564431768
3156	187	19	428	118	1789438871433538560	1789438871433538560	1789438871433539584	1789438871433539584	1789438871433541632	17110	1	22	1	42961564437130	42961564439248
3157	187	23	360	118	1789438871433541632	1789438871433544704	1789438871433544704	1789438871433569280	1789438871433570304	17111	3	26	3	42961564451378	42961564512967
3158	187	19	172	118	1789438871433570304	1789438871433571328	1789438871433571328	1789438871433572352	1789438871433574400	17114	0	22	1	42961564517240	42961564520382
3159	187	23	172	118	1789438871433575424	1789438871433575424	1789438871433575424	1789438871433595904	1789438871433596928	17114	0	26	3	42961564528218	42961564578963
3160	187	19	20	118	1789438871433596928	1789438871433596928	1789438871433596928	1789438871433597952	1789438871433600000	17114	0	22	1	42961564583642	42961564585992
3161	187	23	20	118	1789438871433600000	1789438871433600000	1789438871433600000	1789438871433620480	1789438871433622528	17114	0	26	3	42961564590579	42961564642563
3162	187	25	88	118	1789438871433622528	1789438871433662464	1789438871433662464	1789438871433664512	1789438871433665536	17114	4	31	1	42961564748125	42961564752845
3163	187	28	92	118	1789438871433665536	1789438871433697280	1789438871433697280	1789438871433700352	1789438871433701376	17118	16	34	2	42961564836089	42961564842815
3164	188	7	103	120	1789438871433244672	1789438871433276416	1789438871433276416	1789438871433277440	1789438871433278464	17134	1	6	1	42921751168422	42921751170366
3165	188	5	137	120	1789438871433278464	1789438871433279488	1789438871433279488	1789438871433280512	1789438871433281536	17135	1	4	1	42921751176092	42921751178754
3166	188	6	137	120	1789438871433282560	1789438871433282560	1789438871433282560	1789438871433282560	1789438871433283584	17136	0	5	1	42921751183004	42921751184187
3167	188	4	427	120	1789438871433284608	1789438871433285632	1789438871433285632	1789438871433286656	1789438871433287680	17136	1	3	1	42921751190286	42921751192925
3168	188	4	359	120	1789438871433287680	1789438871433287680	1789438871433287680	1789438871433288704	1789438871433289728	17137	0	3	1	42921751197181	42921751199595
3169	188	8	359	120	1789438871433290752	1789438871433290752	1789438871433290752	1789438871433315328	1789438871433317376	17137	2	7	3	42921751205154	42921751266456
3170	188	4	139	120	1789438871433317376	1789438871433317376	1789438871433317376	1789438871433318400	1789438871433320448	17139	0	3	1	42921751270945	42921751274274
3171	188	8	139	120	1789438871433321472	1789438871433321472	1789438871433321472	1789438871433341952	1789438871433344000	17139	0	7	3	42921751281278	42921751333120
3172	188	22	103	120	1789438871433344000	1789438871433530368	1789438871433530368	1789438871433531392	1789438871433532416	17139	1	25	1	42921751808128	42921751810054
3173	188	20	137	120	1789438871433532416	1789438871433533440	1789438871433533440	1789438871433534464	1789438871433536512	17140	1	23	1	42921751815887	42921751818531
3174	188	21	137	120	1789438871433536512	1789438871433536512	1789438871433536512	1789438871433537536	1789438871433538560	17141	0	24	1	42921751823010	42921751824647
3175	188	19	427	120	1789438871433538560	1789438871433539584	1789438871433539584	1789438871433540608	1789438871433541632	17141	1	22	1	42921751829944	42921751832625
3176	188	19	359	120	1789438871433541632	1789438871433541632	1789438871433541632	1789438871433542656	1789438871433543680	17142	0	22	1	42921751836887	42921751839298
3177	188	23	359	120	1789438871433544704	1789438871433544704	1789438871433544704	1789438871433569280	1789438871433571328	17142	2	26	3	42921751844801	42921751906270
3178	188	19	171	120	1789438871433571328	1789438871433571328	1789438871433571328	1789438871433572352	1789438871433575424	17144	0	22	1	42921751911029	42921751914472
3179	188	23	171	120	1789438871433575424	1789438871433576448	1789438871433576448	1789438871433595904	1789438871433597952	17144	0	26	3	42921751922826	42921751973464
3180	188	19	19	120	1789438871433597952	1789438871433597952	1789438871433597952	1789438871433598976	1789438871433601024	17144	0	22	1	42921751978354	42921751980768
3181	188	23	19	120	1789438871433601024	1789438871433601024	1789438871433601024	1789438871433621504	1789438871433623552	17144	0	26	3	42921751985508	42921752037950
3182	188	25	87	120	1789438871433623552	1789438871433662464	1789438871433662464	1789438871433664512	1789438871433665536	17144	4	31	1	42921752140791	42921752145641
3183	188	28	91	120	1789438871433666560	1789438871433697280	1789438871433697280	1789438871433700352	1789438871433701376	17148	16	34	2	42921752228896	42921752235861
3184	189	7	102	122	1789438871433244672	1789438871433276416	1789438871433276416	1789438871433277440	1789438871433278464	17164	1	6	1	42943322079677	42943322081619
3185	189	5	136	122	1789438871433278464	1789438871433279488	1789438871433279488	1789438871433280512	1789438871433281536	17165	1	4	1	42943322087114	42943322089737
3186	189	6	136	122	1789438871433281536	1789438871433282560	1789438871433282560	1789438871433282560	1789438871433283584	17166	0	5	1	42943322093937	42943322095153
3187	189	4	426	122	1789438871433284608	1789438871433284608	1789438871433284608	1789438871433286656	1789438871433287680	17166	1	3	1	42943322101183	42943322103857
3188	189	4	358	122	1789438871433287680	1789438871433287680	1789438871433287680	1789438871433288704	1789438871433289728	17167	0	3	1	42943322108115	42943322110336
3189	189	8	358	122	1789438871433289728	1789438871433290752	1789438871433290752	1789438871433315328	1789438871433317376	17167	2	7	3	42943322116283	42943322177716
3190	189	4	138	122	1789438871433317376	1789438871433317376	1789438871433317376	1789438871433318400	1789438871433321472	17169	0	3	1	42943322182565	42943322186030
3191	189	8	138	122	1789438871433321472	1789438871433322496	1789438871433322496	1789438871433342976	1789438871433344000	17169	0	7	3	42943322194282	42943322245552
3192	189	22	102	122	1789438871433344000	1789438871433530368	1789438871433530368	1789438871433531392	1789438871433532416	17169	1	25	1	42943322719340	42943322721287
3193	189	20	136	122	1789438871433532416	1789438871433533440	1789438871433533440	1789438871433534464	1789438871433536512	17170	1	23	1	42943322727096	42943322729744
3194	189	21	136	122	1789438871433536512	1789438871433536512	1789438871433536512	1789438871433537536	1789438871433538560	17171	0	24	1	42943322734356	42943322735989
3195	189	19	426	122	1789438871433538560	1789438871433539584	1789438871433539584	1789438871433540608	1789438871433541632	17171	1	22	1	42943322741358	42943322744004
3196	189	19	358	122	1789438871433541632	1789438871433541632	1789438871433541632	1789438871433542656	1789438871433543680	17172	0	22	1	42943322748166	42943322750545
3197	189	23	358	122	1789438871433544704	1789438871433544704	1789438871433544704	1789438871433569280	1789438871433571328	17172	2	26	3	42943322756061	42943322817218
3198	189	19	170	122	1789438871433571328	1789438871433571328	1789438871433571328	1789438871433572352	1789438871433575424	17174	0	22	1	42943322822206	42943322825442
3199	189	23	170	122	1789438871433575424	1789438871433576448	1789438871433576448	1789438871433596928	1789438871433597952	17174	0	26	3	42943322834719	42943322886277
3200	189	19	18	122	1789438871433598976	1789438871433598976	1789438871433598976	1789438871433600000	1789438871433601024	17174	0	22	1	42943322891075	42943322893465
3201	189	23	18	122	1789438871433601024	1789438871433601024	1789438871433602048	1789438871433622528	1789438871433623552	17174	0	26	3	42943322898211	42943322950883
3202	189	25	86	122	1789438871433624576	1789438871433662464	1789438871433662464	1789438871433664512	1789438871433665536	17174	4	31	1	42943323052046	42943323056845
3203	189	28	90	122	1789438871433666560	1789438871433697280	1789438871433697280	1789438871433700352	1789438871433701376	17178	16	34	2	42943323140022	42943323147016
3204	190	7	101	124	1789438871433244672	1789438871433276416	1789438871433276416	1789438871433277440	1789438871433278464	17194	1	6	1	42953061655868	42953061657745
3205	190	5	135	124	1789438871433278464	1789438871433279488	1789438871433279488	1789438871433280512	1789438871433281536	17195	1	4	1	42953061663271	42953061665807
3206	190	6	135	124	1789438871433282560	1789438871433282560	1789438871433282560	1789438871433282560	1789438871433283584	17196	0	5	1	42953061670242	42953061671607
3207	190	4	425	124	1789438871433283584	1789438871433284608	1789438871433284608	1789438871433285632	1789438871433286656	17196	1	3	1	42953061676689	42953061679243
3208	190	4	357	124	1789438871433287680	1789438871433287680	1789438871433287680	1789438871433288704	1789438871433289728	17197	0	3	1	42953061683500	42953061685647
3209	190	8	357	124	1789438871433289728	1789438871433292800	1789438871433292800	1789438871433315328	1789438871433317376	17197	2	7	3	42953061697857	42953061754537
3210	190	4	137	124	1789438871433317376	1789438871433317376	1789438871433317376	1789438871433318400	1789438871433320448	17199	0	3	1	42953061758523	42953061761639
3211	190	8	137	124	1789438871433321472	1789438871433321472	1789438871433321472	1789438871433341952	1789438871433344000	17199	0	7	3	42953061769005	42953061820925
3212	190	22	101	124	1789438871433344000	1789438871433530368	1789438871433530368	1789438871433531392	1789438871433532416	17199	1	25	1	42953062295646	42953062297535
3213	190	20	135	124	1789438871433532416	1789438871433533440	1789438871433533440	1789438871433534464	1789438871433535488	17200	1	23	1	42953062302911	42953062305511
3214	190	21	135	124	1789438871433535488	1789438871433536512	1789438871433536512	1789438871433536512	1789438871433537536	17201	0	24	1	42953062309817	42953062311227
3215	190	19	425	124	1789438871433537536	1789438871433538560	1789438871433538560	1789438871433539584	1789438871433541632	17201	1	22	1	42953062316891	42953062319418
3216	190	19	357	124	1789438871433541632	1789438871433541632	1789438871433541632	1789438871433542656	1789438871433543680	17202	0	22	1	42953062323725	42953062325839
3217	190	23	357	124	1789438871433543680	1789438871433544704	1789438871433544704	1789438871433569280	1789438871433570304	17202	2	26	3	42953062331795	42953062393064
3218	190	19	169	124	1789438871433570304	1789438871433571328	1789438871433571328	1789438871433572352	1789438871433575424	17204	0	22	1	42953062397389	42953062400459
3219	190	23	169	124	1789438871433575424	1789438871433575424	1789438871433575424	1789438871433595904	1789438871433597952	17204	0	26	3	42953062409712	42953062460635
3220	190	19	17	124	1789438871433597952	1789438871433597952	1789438871433597952	1789438871433598976	1789438871433600000	17204	0	22	1	42953062465328	42953062467654
3221	190	23	17	124	1789438871433600000	1789438871433600000	1789438871433601024	1789438871433621504	1789438871433622528	17204	0	26	3	42953062472183	42953062524511
3222	190	25	85	124	1789438871433622528	1789438871433662464	1789438871433662464	1789438871433664512	1789438871433665536	17204	4	31	1	42953062628455	42953062633115
3223	190	28	89	124	1789438871433665536	1789438871433697280	1789438871433697280	1789438871433700352	1789438871433701376	17208	16	34	2	42953062716422	42953062723199
3224	191	7	100	126	1789438871433244672	1789438871433276416	1789438871433276416	1789438871433277440	1789438871433278464	17224	1	6	1	42910819696403	42910819698152
3225	191	5	134	126	1789438871433278464	1789438871433279488	1789438871433279488	1789438871433280512	1789438871433281536	17225	1	4	1	42910819703487	42910819705932
3226	191	6	134	126	1789438871433281536	1789438871433281536	1789438871433281536	1789438871433282560	1789438871433283584	17226	0	5	1	42910819710001	42910819711158
3227	191	4	424	126	1789438871433283584	1789438871433284608	1789438871433284608	1789438871433285632	1789438871433286656	17226	1	3	1	42910819716706	42910819719158
3228	191	4	356	126	1789438871433286656	1789438871433286656	1789438871433287680	1789438871433287680	1789438871433289728	17227	0	3	1	42910819723318	42910819725610
3229	191	8	356	126	1789438871433289728	1789438871433290752	1789438871433290752	1789438871433315328	1789438871433316352	17227	2	7	3	42910819732493	42910819793471
3230	191	4	136	126	1789438871433316352	1789438871433316352	1789438871433316352	1789438871433318400	1789438871433320448	17229	0	3	1	42910819797248	42910819800410
3231	191	8	136	126	1789438871433320448	1789438871433320448	1789438871433320448	1789438871433340928	1789438871433342976	17229	0	7	3	42910819807575	42910819858742
3232	191	22	100	126	1789438871433342976	1789438871433530368	1789438871433530368	1789438871433531392	1789438871433532416	17229	1	25	1	42910820335962	42910820337728
3233	191	20	134	126	1789438871433532416	1789438871433533440	1789438871433533440	1789438871433534464	1789438871433535488	17230	1	23	1	42910820343193	42910820345669
3234	191	21	134	126	1789438871433535488	1789438871433535488	1789438871433536512	1789438871433536512	1789438871433537536	17231	0	24	1	42910820350028	42910820351764
3235	191	19	424	126	1789438871433537536	1789438871433538560	1789438871433538560	1789438871433539584	1789438871433540608	17231	1	22	1	42910820357077	42910820359152
3236	191	19	356	126	1789438871433540608	1789438871433540608	1789438871433541632	1789438871433541632	1789438871433543680	17232	0	22	1	42910820362935	42910820365175
3237	191	23	356	126	1789438871433543680	1789438871433544704	1789438871433544704	1789438871433569280	1789438871433570304	17232	2	26	3	42910820372074	42910820433220
3238	191	19	168	126	1789438871433570304	1789438871433570304	1789438871433571328	1789438871433572352	1789438871433574400	17234	0	22	1	42910820437457	42910820440481
3239	191	23	168	126	1789438871433575424	1789438871433575424	1789438871433575424	1789438871433595904	1789438871433596928	17234	0	26	3	42910820449026	42910820499784
3240	191	19	16	126	1789438871433596928	1789438871433596928	1789438871433596928	1789438871433597952	1789438871433600000	17234	0	22	1	42910820504435	42910820506664
3241	191	23	16	126	1789438871433600000	1789438871433600000	1789438871433600000	1789438871433620480	1789438871433622528	17234	0	26	3	42910820511021	42910820563043
3242	191	25	84	126	1789438871433622528	1789438871433662464	1789438871433662464	1789438871433664512	1789438871433665536	17234	4	31	1	42910820668648	42910820673148
3243	191	28	88	126	1789438871433665536	1789438871433697280	1789438871433697280	1789438871433700352	1789438871433701376	17238	16	34	2	42910820756588	42910820763091
3244	192	7	99	1	1789438871433244672	1789438871433276416	1789438871433276416	1789438871433277440	1789438871433278464	17254	1	6	1	42945873323469	42945873325558
3245	192	5	133	1	1789438871433278464	1789438871433279488	1789438871433279488	1789438871433280512	1789438871433282560	17255	1	4	1	42945873331452	42945873334167
3246	192	6	133	1	1789438871433282560	1789438871433282560	1789438871433282560	1789438871433283584	1789438871433284608	17256	0	5	1	42945873338607	42945873339803
3247	192	4	423	1	1789438871433284608	1789438871433285632	1789438871433285632	1789438871433286656	1789438871433287680	17256	1	3	1	42945873346109	42945873348865
3248	192	4	355	1	1789438871433288704	1789438871433288704	1789438871433288704	1789438871433289728	1789438871433290752	17257	0	3	1	42945873353257	42945873355532
3249	192	8	355	1	1789438871433290752	1789438871433291776	1789438871433292800	1789438871433316352	1789438871433317376	17257	2	7	3	42945873363110	42945873422191
3250	192	4	135	1	1789438871433317376	1789438871433317376	1789438871433317376	1789438871433319424	1789438871433321472	17259	0	3	1	42945873427137	42945873430536
3251	192	8	135	1	1789438871433321472	1789438871433322496	1789438871433322496	1789438871433342976	1789438871433344000	17259	0	7	3	42945873437937	42945873489715
3252	192	22	99	1	1789438871433345024	1789438871433530368	1789438871433530368	1789438871433531392	1789438871433532416	17259	1	25	1	42945873963127	42945873965243
3253	192	20	133	1	1789438871433533440	1789438871433533440	1789438871433533440	1789438871433534464	1789438871433536512	17260	1	23	1	42945873971240	42945873974000
3254	192	21	133	1	1789438871433536512	1789438871433536512	1789438871433536512	1789438871433537536	1789438871433538560	17261	0	24	1	42945873978463	42945873979962
3255	192	19	423	1	1789438871433538560	1789438871433539584	1789438871433539584	1789438871433540608	1789438871433542656	17261	1	22	1	42945873986455	42945873989192
3256	192	19	355	1	1789438871433542656	1789438871433542656	1789438871433542656	1789438871433543680	1789438871433544704	17262	0	22	1	42945873993733	42945873996021
3257	192	23	355	1	1789438871433544704	1789438871433546752	1789438871433546752	1789438871433569280	1789438871433571328	17262	2	26	3	42945874003055	42945874061680
3258	192	19	167	1	1789438871433571328	1789438871433571328	1789438871433571328	1789438871433573376	1789438871433575424	17264	0	22	1	42945874066853	42945874070048
3259	192	23	167	1	1789438871433576448	1789438871433576448	1789438871433576448	1789438871433596928	1789438871433597952	17264	0	26	3	42945874078511	42945874129499
3260	192	19	15	1	1789438871433597952	1789438871433598976	1789438871433598976	1789438871433600000	1789438871433601024	17264	0	22	1	42945874134580	42945874137041
3261	192	23	15	1	1789438871433601024	1789438871433601024	1789438871433602048	1789438871433622528	1789438871433624576	17264	0	26	3	42945874141941	42945874194958
3262	192	25	83	1	1789438871433624576	1789438871433662464	1789438871433662464	1789438871433664512	1789438871433666560	17264	4	31	1	42945874295972	42945874301006
3263	192	28	87	1	1789438871433666560	1789438871433697280	1789438871433697280	1789438871433700352	1789438871433702400	17268	16	34	2	42945874383846	42945874391232
3264	193	7	98	3	1789438871433244672	1789438871433276416	1789438871433276416	1789438871433277440	1789438871433278464	17284	1	6	1	42964216931063	42964216933158
3265	193	5	132	3	1789438871433279488	1789438871433279488	1789438871433279488	1789438871433280512	1789438871433282560	17285	1	4	1	42964216939097	42964216941883
3266	193	6	132	3	1789438871433282560	1789438871433282560	1789438871433282560	1789438871433283584	1789438871433284608	17286	0	5	1	42964216946181	42964216947612
3267	193	4	422	3	1789438871433284608	1789438871433285632	1789438871433285632	1789438871433286656	1789438871433288704	17286	1	3	1	42964216954101	42964216956844
3268	193	4	354	3	1789438871433288704	1789438871433288704	1789438871433288704	1789438871433289728	1789438871433290752	17287	0	3	1	42964216961534	42964216963786
3269	193	8	354	3	1789438871433290752	1789438871433292800	1789438871433292800	1789438871433315328	1789438871433317376	17287	2	7	3	42964216971436	42964217029635
3270	193	4	134	3	1789438871433317376	1789438871433317376	1789438871433317376	1789438871433319424	1789438871433321472	17289	0	3	1	42964217034647	42964217037861
3271	193	8	134	3	1789438871433321472	1789438871433321472	1789438871433321472	1789438871433342976	1789438871433344000	17289	0	7	3	42964217045169	42964217097507
3272	193	22	98	3	1789438871433345024	1789438871433530368	1789438871433530368	1789438871433531392	1789438871433532416	17289	1	25	1	42964217570944	42964217573060
3273	193	20	132	3	1789438871433533440	1789438871433533440	1789438871433533440	1789438871433534464	1789438871433536512	17290	1	23	1	42964217579100	42964217581857
3274	193	21	132	3	1789438871433536512	1789438871433536512	1789438871433536512	1789438871433537536	1789438871433538560	17291	0	24	1	42964217586334	42964217587836
3275	193	19	422	3	1789438871433538560	1789438871433539584	1789438871433539584	1789438871433540608	1789438871433542656	17291	1	22	1	42964217594250	42964217597026
3276	193	19	354	3	1789438871433542656	1789438871433542656	1789438871433542656	1789438871433543680	1789438871433544704	17292	0	22	1	42964217601549	42964217603807
3277	193	23	354	3	1789438871433544704	1789438871433546752	1789438871433546752	1789438871433569280	1789438871433571328	17292	2	26	3	42964217610903	42964217669031
3278	193	19	166	3	1789438871433571328	1789438871433571328	1789438871433571328	1789438871433573376	1789438871433575424	17294	0	22	1	42964217674022	42964217677508
3279	193	23	166	3	1789438871433575424	1789438871433576448	1789438871433576448	1789438871433596928	1789438871433597952	17294	0	26	3	42964217685793	42964217737057
3280	193	19	14	3	1789438871433597952	1789438871433598976	1789438871433598976	1789438871433600000	1789438871433601024	17294	0	22	1	42964217742122	42964217744631
3281	193	23	14	3	1789438871433601024	1789438871433601024	1789438871433602048	1789438871433622528	1789438871433624576	17294	0	26	3	42964217749552	42964217802561
3282	193	25	82	3	1789438871433624576	1789438871433662464	1789438871433662464	1789438871433664512	1789438871433666560	17294	4	31	1	42964217903675	42964217908789
3283	193	28	86	3	1789438871433666560	1789438871433697280	1789438871433697280	1789438871433700352	1789438871433702400	17298	16	34	2	42964217991527	42964217998973
3284	194	7	97	5	1789438871433244672	1789438871433276416	1789438871433276416	1789438871433277440	1789438871433278464	17314	1	6	1	42948816709250	42948816711281
3285	194	5	131	5	1789438871433278464	1789438871433279488	1789438871433279488	1789438871433280512	1789438871433282560	17315	1	4	1	42948816717146	42948816719828
3286	194	6	131	5	1789438871433282560	1789438871433282560	1789438871433282560	1789438871433282560	1789438871433284608	17316	0	5	1	42948816724228	42948816725411
3287	194	4	421	5	1789438871433284608	1789438871433285632	1789438871433285632	1789438871433286656	1789438871433287680	17316	1	3	1	42948816731624	42948816734290
3288	194	4	353	5	1789438871433287680	1789438871433288704	1789438871433288704	1789438871433289728	1789438871433290752	17317	0	3	1	42948816738670	42948816741088
3289	194	8	353	5	1789438871433290752	1789438871433291776	1789438871433291776	1789438871433315328	1789438871433317376	17317	2	7	3	42948816747829	42948816807702
3290	194	4	133	5	1789438871433317376	1789438871433317376	1789438871433317376	1789438871433319424	1789438871433321472	17319	0	3	1	42948816812554	42948816815615
3291	194	8	133	5	1789438871433321472	1789438871433322496	1789438871433322496	1789438871433342976	1789438871433345024	17319	0	7	3	42948816824670	42948816876658
3292	194	22	97	5	1789438871433345024	1789438871433530368	1789438871433530368	1789438871433531392	1789438871433532416	17319	1	25	1	42948817349054	42948817351080
3293	194	20	131	5	1789438871433532416	1789438871433533440	1789438871433533440	1789438871433534464	1789438871433536512	17320	1	23	1	42948817356817	42948817359484
3294	194	21	131	5	1789438871433536512	1789438871433536512	1789438871433536512	1789438871433537536	1789438871433538560	17321	0	24	1	42948817363844	42948817365284
3295	194	19	421	5	1789438871433538560	1789438871433539584	1789438871433539584	1789438871433540608	1789438871433541632	17321	1	22	1	42948817371360	42948817374025
3296	194	19	353	5	1789438871433541632	1789438871433542656	1789438871433542656	1789438871433543680	1789438871433544704	17322	0	22	1	42948817378437	42948817380869
3297	194	23	353	5	1789438871433544704	1789438871433545728	1789438871433545728	1789438871433569280	1789438871433571328	17322	2	26	3	42948817387485	42948817446621
3298	194	19	165	5	1789438871433571328	1789438871433571328	1789438871433571328	1789438871433572352	1789438871433574400	17324	0	22	1	42948817451349	42948817454653
3299	194	23	165	5	1789438871433575424	1789438871433575424	1789438871433575424	1789438871433595904	1789438871433597952	17324	0	26	3	42948817461872	42948817513410
3300	194	19	13	5	1789438871433597952	1789438871433597952	1789438871433597952	1789438871433598976	1789438871433600000	17324	0	22	1	42948817518362	42948817520785
3301	194	23	13	5	1789438871433600000	1789438871433601024	1789438871433601024	1789438871433621504	1789438871433623552	17324	0	26	3	42948817525609	42948817578150
3302	194	25	81	5	1789438871433623552	1789438871433662464	1789438871433662464	1789438871433664512	1789438871433665536	17324	4	31	1	42948817681721	42948817686658
3303	194	28	85	5	1789438871433666560	1789438871433697280	1789438871433697280	1789438871433700352	1789438871433702400	17328	16	34	2	42948817769697	42948817776711
3304	195	7	96	7	1789438871433244672	1789438871433276416	1789438871433276416	1789438871433277440	1789438871433278464	17344	1	6	1	42955800496890	42955800498873
3305	195	5	130	7	1789438871433278464	1789438871433279488	1789438871433279488	1789438871433280512	1789438871433281536	17345	1	4	1	42955800504535	42955800507119
3306	195	6	130	7	1789438871433282560	1789438871433282560	1789438871433282560	1789438871433282560	1789438871433283584	17346	0	5	1	42955800511128	42955800512320
3307	195	4	420	7	1789438871433284608	1789438871433284608	1789438871433285632	1789438871433286656	1789438871433287680	17346	1	3	1	42955800518432	42955800521035
3308	195	4	352	7	1789438871433287680	1789438871433287680	1789438871433287680	1789438871433288704	1789438871433289728	17347	0	3	1	42955800525395	42955800527761
3309	195	8	352	7	1789438871433290752	1789438871433290752	1789438871433290752	1789438871433315328	1789438871433317376	17347	2	7	3	42955800533360	42955800594585
3310	195	4	132	7	1789438871433317376	1789438871433317376	1789438871433317376	1789438871433318400	1789438871433320448	17349	0	3	1	42955800599159	42955800602288
3311	195	8	132	7	1789438871433320448	1789438871433321472	1789438871433321472	1789438871433341952	1789438871433342976	17349	0	7	3	42955800609526	42955800660871
3312	195	22	96	7	1789438871433344000	1789438871433530368	1789438871433530368	1789438871433531392	1789438871433532416	17349	1	25	1	42955801136733	42955801138616
3313	195	20	130	7	1789438871433532416	1789438871433533440	1789438871433533440	1789438871433534464	1789438871433535488	17350	1	23	1	42955801144281	42955801146878
3314	195	21	130	7	1789438871433536512	1789438871433536512	1789438871433536512	1789438871433536512	1789438871433538560	17351	0	24	1	42955801151081	42955801152476
3315	195	19	420	7	1789438871433538560	1789438871433539584	1789438871433539584	1789438871433540608	1789438871433541632	17351	1	22	1	42955801158393	42955801161004
3316	195	19	352	7	1789438871433541632	1789438871433541632	1789438871433541632	1789438871433542656	1789438871433543680	17352	0	22	1	42955801165190	42955801167540
3317	195	23	352	7	1789438871433544704	1789438871433544704	1789438871433544704	1789438871433569280	1789438871433571328	17352	2	26	3	42955801173101	42955801234536
3318	195	19	164	7	1789438871433571328	1789438871433571328	1789438871433571328	1789438871433572352	1789438871433575424	17354	0	22	1	42955801239282	42955801242430
3319	195	23	164	7	1789438871433575424	1789438871433575424	1789438871433576448	1789438871433596928	1789438871433597952	17354	0	26	3	42955801251473	42955801302835
3320	195	19	12	7	1789438871433597952	1789438871433597952	1789438871433597952	1789438871433598976	1789438871433601024	17354	0	22	1	42955801307594	42955801309955
3321	195	23	12	7	1789438871433601024	1789438871433601024	1789438871433601024	1789438871433621504	1789438871433623552	17354	0	26	3	42955801314610	42955801366844
3322	195	25	80	7	1789438871433623552	1789438871433662464	1789438871433662464	1789438871433664512	1789438871433665536	17354	4	31	1	42955801469435	42955801474292
3323	195	28	84	7	1789438871433666560	1789438871433697280	1789438871433697280	1789438871433700352	1789438871433701376	17358	16	34	2	42955801557301	42955801564150
3324	196	7	95	9	1789438871433244672	1789438871433276416	1789438871433276416	1789438871433277440	1789438871433278464	17374	1	6	1	42961563775675	42961563777637
3325	196	5	129	9	1789438871433278464	1789438871433279488	1789438871433279488	1789438871433280512	1789438871433282560	17375	1	4	1	42961563783465	42961563786128
3326	196	6	129	9	1789438871433282560	1789438871433282560	1789438871433282560	1789438871433282560	1789438871433284608	17376	0	5	1	42961563790455	42961563791649
3327	196	4	419	9	1789438871433284608	1789438871433285632	1789438871433285632	1789438871433286656	1789438871433287680	17376	1	3	1	42961563797945	42961563800630
3328	196	4	351	9	1789438871433287680	1789438871433287680	1789438871433288704	1789438871433289728	1789438871433290752	17377	0	3	1	42961563805045	42961563807489
3329	196	8	351	9	1789438871433290752	1789438871433291776	1789438871433292800	1789438871433316352	1789438871433317376	17377	2	7	3	42961563815772	42961563874705
3330	196	4	131	9	1789438871433317376	1789438871433317376	1789438871433317376	1789438871433319424	1789438871433321472	17379	0	3	1	42961563879024	42961563882223
3331	196	8	131	9	1789438871433321472	1789438871433321472	1789438871433321472	1789438871433342976	1789438871433344000	17379	0	7	3	42961563889757	42961563941934
3332	196	22	95	9	1789438871433344000	1789438871433530368	1789438871433530368	1789438871433531392	1789438871433532416	17379	1	25	1	42961564415614	42961564417639
3333	196	20	129	9	1789438871433533440	1789438871433533440	1789438871433533440	1789438871433534464	1789438871433536512	17380	1	23	1	42961564423560	42961564426234
3334	196	21	129	9	1789438871433536512	1789438871433536512	1789438871433536512	1789438871433537536	1789438871433538560	17381	0	24	1	42961564430571	42961564432029
3335	196	19	419	9	1789438871433538560	1789438871433539584	1789438871433539584	1789438871433540608	1789438871433541632	17381	1	22	1	42961564438220	42961564440908
3336	196	19	351	9	1789438871433542656	1789438871433542656	1789438871433542656	1789438871433543680	1789438871433544704	17382	0	22	1	42961564445222	42961564447487
3337	196	23	351	9	1789438871433544704	1789438871433545728	1789438871433546752	1789438871433570304	1789438871433571328	17382	2	26	3	42961564455272	42961564514602
3338	196	19	163	9	1789438871433571328	1789438871433571328	1789438871433571328	1789438871433573376	1789438871433575424	17384	0	22	1	42961564518912	42961564522320
3339	196	23	163	9	1789438871433575424	1789438871433575424	1789438871433575424	1789438871433595904	1789438871433596928	17384	0	26	3	42961564529218	42961564579718
3340	196	19	11	9	1789438871433597952	1789438871433597952	1789438871433597952	1789438871433598976	1789438871433600000	17384	0	22	1	42961564584605	42961564587043
3341	196	23	11	9	1789438871433600000	1789438871433600000	1789438871433601024	1789438871433621504	1789438871433623552	17384	0	26	3	42961564591824	42961564644523
3342	196	25	79	9	1789438871433623552	1789438871433662464	1789438871433662464	1789438871433664512	1789438871433666560	17384	4	31	1	42961564748339	42961564753361
3343	196	28	83	9	1789438871433666560	1789438871433697280	1789438871433697280	1789438871433700352	1789438871433702400	17388	16	34	2	42961564836239	42961564843333
3344	197	7	94	11	1789438871433244672	1789438871433276416	1789438871433276416	1789438871433277440	1789438871433278464	17404	1	6	1	42921751168634	42921751170661
3345	197	5	128	11	1789438871433278464	1789438871433279488	1789438871433279488	1789438871433280512	1789438871433282560	17405	1	4	1	42921751176606	42921751179358
3346	197	6	128	11	1789438871433282560	1789438871433282560	1789438871433282560	1789438871433283584	1789438871433284608	17406	0	5	1	42921751183907	42921751185116
3347	197	4	418	11	1789438871433284608	1789438871433285632	1789438871433285632	1789438871433286656	1789438871433287680	17406	1	3	1	42921751191407	42921751194183
3348	197	4	350	11	1789438871433288704	1789438871433288704	1789438871433288704	1789438871433289728	1789438871433290752	17407	0	3	1	42921751198677	42921751200944
3349	197	8	350	11	1789438871433290752	1789438871433292800	1789438871433292800	1789438871433315328	1789438871433317376	17407	2	7	3	42921751210393	42921751266509
3350	197	4	130	11	1789438871433317376	1789438871433317376	1789438871433317376	1789438871433319424	1789438871433321472	17409	0	3	1	42921751271526	42921751275026
3351	197	8	130	11	1789438871433321472	1789438871433322496	1789438871433322496	1789438871433342976	1789438871433344000	17409	0	7	3	42921751283143	42921751334702
3352	197	22	94	11	1789438871433345024	1789438871433530368	1789438871433530368	1789438871433531392	1789438871433532416	17409	1	25	1	42921751808241	42921751810340
3353	197	20	128	11	1789438871433533440	1789438871433533440	1789438871433533440	1789438871433534464	1789438871433536512	17410	1	23	1	42921751816413	42921751819168
3354	197	21	128	11	1789438871433536512	1789438871433536512	1789438871433536512	1789438871433537536	1789438871433538560	17411	0	24	1	42921751823646	42921751825139
3355	197	19	418	11	1789438871433538560	1789438871433539584	1789438871433539584	1789438871433540608	1789438871433542656	17411	1	22	1	42921751831780	42921751834541
3356	197	19	350	11	1789438871433542656	1789438871433542656	1789438871433542656	1789438871433543680	1789438871433544704	17412	0	22	1	42921751838991	42921751841257
3357	197	23	350	11	1789438871433545728	1789438871433546752	1789438871433547776	1789438871433570304	1789438871433571328	17412	2	26	3	42921751850425	42921751907218
3358	197	19	162	11	1789438871433571328	1789438871433572352	1789438871433572352	1789438871433573376	1789438871433575424	17414	0	22	1	42921751912263	42921751915749
3359	197	23	162	11	1789438871433575424	1789438871433576448	1789438871433576448	1789438871433595904	1789438871433597952	17414	0	26	3	42921751922840	42921751973437
3360	197	19	10	11	1789438871433597952	1789438871433597952	1789438871433597952	1789438871433598976	1789438871433601024	17414	0	22	1	42921751978509	42921751981015
3361	197	23	10	11	1789438871433601024	1789438871433601024	1789438871433601024	1789438871433622528	1789438871433623552	17414	0	26	3	42921751985950	42921752038914
3362	197	25	78	11	1789438871433623552	1789438871433662464	1789438871433662464	1789438871433664512	1789438871433666560	17414	4	31	1	42921752141000	42921752146153
3363	197	28	82	11	1789438871433666560	1789438871433697280	1789438871433697280	1789438871433700352	1789438871433702400	17418	16	34	2	42921752228903	42921752236251
3364	198	7	93	13	1789438871433244672	1789438871433276416	1789438871433276416	1789438871433277440	1789438871433278464	17434	1	6	1	42943322079778	42943322081856
3365	198	5	127	13	1789438871433279488	1789438871433279488	1789438871433279488	1789438871433280512	1789438871433282560	17435	1	4	1	42943322088063	42943322090566
3366	198	6	127	13	1789438871433282560	1789438871433282560	1789438871433282560	1789438871433283584	1789438871433284608	17436	0	5	1	42943322095448	42943322097459
3367	198	4	417	13	1789438871433285632	1789438871433285632	1789438871433285632	1789438871433286656	1789438871433288704	17436	1	3	1	42943322103389	42943322106153
3368	198	4	349	13	1789438871433288704	1789438871433288704	1789438871433288704	1789438871433289728	1789438871433291776	17437	0	3	1	42943322110913	42943322113706
3369	198	8	349	13	1789438871433291776	1789438871433292800	1789438871433293824	1789438871433316352	1789438871433317376	17437	2	7	3	42943322123115	42943322179188
3370	198	4	129	13	1789438871433318400	1789438871433318400	1789438871433318400	1789438871433319424	1789438871433322496	17439	0	3	1	42943322184329	42943322187521
3371	198	8	129	13	1789438871433322496	1789438871433322496	1789438871433323520	1789438871433344000	1789438871433345024	17439	0	7	3	42943322196554	42943322248780
3372	198	22	93	13	1789438871433346048	1789438871433530368	1789438871433530368	1789438871433531392	1789438871433532416	17439	1	25	1	42943322719459	42943322721495
3373	198	20	127	13	1789438871433532416	1789438871433533440	1789438871433533440	1789438871433534464	1789438871433536512	17440	1	23	1	42943322727590	42943322730109
3374	198	21	127	13	1789438871433536512	1789438871433536512	1789438871433536512	1789438871433537536	1789438871433538560	17441	0	24	1	42943322735017	42943322737079
3375	198	19	417	13	1789438871433539584	1789438871433539584	1789438871433539584	1789438871433540608	1789438871433542656	17441	1	22	1	42943322743042	42943322745571
3376	198	19	349	13	1789438871433542656	1789438871433542656	1789438871433542656	1789438871433543680	1789438871433545728	17442	0	22	1	42943322750654	42943322753425
3377	198	23	349	13	1789438871433545728	1789438871433546752	1789438871433547776	1789438871433570304	1789438871433572352	17442	2	26	3	42943322762974	42943322819266
3378	198	19	161	13	1789438871433572352	1789438871433572352	1789438871433572352	1789438871433573376	1789438871433574400	17444	0	22	1	42943322824430	42943322826942
3379	198	23	161	13	1789438871433575424	1789438871433575424	1789438871433575424	1789438871433594880	1789438871433595904	17444	0	26	3	42943322831906	42943322880889
3380	198	19	9	13	1789438871433596928	1789438871433596928	1789438871433596928	1789438871433597952	1789438871433598976	17444	0	22	1	42943322885930	42943322888411
3381	198	23	9	13	1789438871433598976	1789438871433600000	1789438871433600000	1789438871433620480	1789438871433622528	17444	0	26	3	42943322893326	42943322946655
3382	198	25	77	13	1789438871433622528	1789438871433662464	1789438871433662464	1789438871433664512	1789438871433666560	17444	4	31	1	42943323052259	42943323057331
3383	198	28	81	13	1789438871433666560	1789438871433697280	1789438871433697280	1789438871433700352	1789438871433702400	17448	16	34	2	42943323140137	42943323147487
3384	199	7	92	15	1789438871433244672	1789438871433276416	1789438871433276416	1789438871433277440	1789438871433278464	17464	1	6	1	42953061656120	42953061658138
3385	199	5	126	15	1789438871433278464	1789438871433279488	1789438871433279488	1789438871433280512	1789438871433282560	17465	1	4	1	42953061664137	42953061666576
3386	199	6	126	15	1789438871433282560	1789438871433282560	1789438871433282560	1789438871433283584	1789438871433284608	17466	0	5	1	42953061671277	42953061673227
3387	199	4	416	15	1789438871433284608	1789438871433285632	1789438871433285632	1789438871433286656	1789438871433288704	17466	1	3	1	42953061678850	42953061681537
3388	199	4	348	15	1789438871433288704	1789438871433288704	1789438871433288704	1789438871433289728	1789438871433290752	17467	0	3	1	42953061686203	42953061688929
3389	199	8	348	15	1789438871433290752	1789438871433292800	1789438871433293824	1789438871433315328	1789438871433317376	17467	2	7	3	42953061698105	42953061754004
3390	199	4	128	15	1789438871433317376	1789438871433317376	1789438871433317376	1789438871433318400	1789438871433321472	17469	0	3	1	42953061758751	42953061761992
3391	199	8	128	15	1789438871433321472	1789438871433321472	1789438871433321472	1789438871433341952	1789438871433344000	17469	0	7	3	42953061769272	42953061821460
3392	199	22	92	15	1789438871433344000	1789438871433530368	1789438871433530368	1789438871433531392	1789438871433532416	17469	1	25	1	42953062295777	42953062297756
3393	199	20	126	15	1789438871433532416	1789438871433533440	1789438871433533440	1789438871433534464	1789438871433536512	17470	1	23	1	42953062303641	42953062306078
3394	199	21	126	15	1789438871433536512	1789438871433536512	1789438871433536512	1789438871433537536	1789438871433538560	17471	0	24	1	42953062310836	42953062312829
3395	199	19	416	15	1789438871433538560	1789438871433539584	1789438871433539584	1789438871433540608	1789438871433542656	17471	1	22	1	42953062318613	42953062321062
3396	199	19	348	15	1789438871433542656	1789438871433542656	1789438871433542656	1789438871433543680	1789438871433544704	17472	0	22	1	42953062325944	42953062328600
3397	199	23	348	15	1789438871433544704	1789438871433546752	1789438871433547776	1789438871433569280	1789438871433571328	17472	2	26	3	42953062337922	42953062393397
3398	199	19	160	15	1789438871433571328	1789438871433571328	1789438871433571328	1789438871433572352	1789438871433573376	17474	0	22	1	42953062398443	42953062400878
3399	199	23	160	15	1789438871433574400	1789438871433574400	1789438871433574400	1789438871433593856	1789438871433594880	17474	0	26	3	42953062405673	42953062454375
3400	199	19	8	15	1789438871433594880	1789438871433594880	1789438871433595904	1789438871433596928	1789438871433597952	17474	0	22	1	42953062459269	42953062461684
3401	199	23	8	15	1789438871433597952	1789438871433597952	1789438871433597952	1789438871433619456	1789438871433620480	17474	0	26	3	42953062466430	42953062519419
3402	199	25	76	15	1789438871433621504	1789438871433662464	1789438871433662464	1789438871433664512	1789438871433666560	17474	4	31	1	42953062628661	42953062633579
3403	199	28	80	15	1789438871433666560	1789438871433697280	1789438871433697280	1789438871433700352	1789438871433701376	17478	16	34	2	42953062716541	42953062723576
3404	200	7	91	17	1789438871433244672	1789438871433276416	1789438871433276416	1789438871433277440	1789438871433278464	17494	1	6	1	42910819696562	42910819698439
3405	200	5	125	17	1789438871433278464	1789438871433279488	1789438871433279488	1789438871433280512	1789438871433281536	17495	1	4	1	42910819703852	42910819706271
3406	200	6	125	17	1789438871433281536	1789438871433281536	1789438871433282560	1789438871433282560	1789438871433283584	17496	0	5	1	42910819710517	42910819712414
3407	200	4	415	17	1789438871433284608	1789438871433284608	1789438871433284608	1789438871433285632	1789438871433287680	17496	1	3	1	42910819717821	42910819720390
3408	200	4	347	17	1789438871433287680	1789438871433287680	1789438871433287680	1789438871433288704	1789438871433289728	17497	0	3	1	42910819724832	42910819727428
3409	200	8	347	17	1789438871433289728	1789438871433290752	1789438871433290752	1789438871433315328	1789438871433317376	17497	2	7	3	42910819732928	42910819794192
3410	200	4	127	17	1789438871433317376	1789438871433317376	1789438871433317376	1789438871433318400	1789438871433321472	17499	0	3	1	42910819798768	42910819802133
3411	200	8	127	17	1789438871433321472	1789438871433321472	1789438871433322496	1789438871433342976	1789438871433344000	17499	0	7	3	42910819810783	42910819862727
3412	200	22	91	17	1789438871433344000	1789438871433530368	1789438871433530368	1789438871433531392	1789438871433532416	17499	1	25	1	42910820336150	42910820338086
3413	200	20	125	17	1789438871433532416	1789438871433533440	1789438871433533440	1789438871433534464	1789438871433535488	17500	1	23	1	42910820343703	42910820346070
3414	200	21	125	17	1789438871433536512	1789438871433536512	1789438871433536512	1789438871433537536	1789438871433538560	17501	0	24	1	42910820350568	42910820352494
3415	200	19	415	17	1789438871433538560	1789438871433539584	1789438871433539584	1789438871433540608	1789438871433541632	17501	1	22	1	42910820357991	42910820360380
3416	200	19	347	17	1789438871433541632	1789438871433541632	1789438871433541632	1789438871433542656	1789438871433544704	17502	0	22	1	42910820365047	42910820367596
3417	200	23	347	17	1789438871433544704	1789438871433544704	1789438871433544704	1789438871433569280	1789438871433570304	17502	2	26	3	42910820372998	42910820433373
3418	200	19	159	17	1789438871433571328	1789438871433571328	1789438871433571328	1789438871433572352	1789438871433573376	17504	0	22	1	42910820438181	42910820440533
3419	200	23	159	17	1789438871433573376	1789438871433573376	1789438871433573376	1789438871433593856	1789438871433594880	17504	0	26	3	42910820445123	42910820495064
3420	200	19	7	17	1789438871433594880	1789438871433595904	1789438871433595904	1789438871433596928	1789438871433597952	17504	0	22	1	42910820499741	42910820502077
3421	200	25	75	17	1789438871433597952	1789438871433662464	1789438871433662464	1789438871433664512	1789438871433665536	17504	4	31	1	42910820668848	42910820673734
3422	200	28	79	17	1789438871433666560	1789438871433697280	1789438871433697280	1789438871433700352	1789438871433701376	17508	16	34	2	42910820756706	42910820763657
3423	201	7	90	19	1789438871433244672	1789438871433276416	1789438871433276416	1789438871433277440	1789438871433278464	17524	1	6	1	42944198584133	42944198585914
3424	201	5	124	19	1789438871433278464	1789438871433279488	1789438871433279488	1789438871433280512	1789438871433281536	17525	1	4	1	42944198591351	42944198593645
3425	201	6	124	19	1789438871433281536	1789438871433281536	1789438871433281536	1789438871433282560	1789438871433283584	17526	0	5	1	42944198597848	42944198599679
3426	201	4	414	19	1789438871433283584	1789438871433284608	1789438871433284608	1789438871433285632	1789438871433286656	17526	1	3	1	42944198604896	42944198607172
3427	201	4	346	19	1789438871433287680	1789438871433287680	1789438871433287680	1789438871433288704	1789438871433289728	17527	0	3	1	42944198611665	42944198614171
3428	201	8	346	19	1789438871433289728	1789438871433292800	1789438871433293824	1789438871433315328	1789438871433317376	17527	2	7	3	42944198626749	42944198682626
3429	201	4	126	19	1789438871433317376	1789438871433317376	1789438871433317376	1789438871433319424	1789438871433322496	17529	0	3	1	42944198687404	42944198691009
3430	201	8	126	19	1789438871433322496	1789438871433322496	1789438871433322496	1789438871433342976	1789438871433345024	17529	0	7	3	42944198700012	42944198751373
3431	201	22	90	19	1789438871433345024	1789438871433530368	1789438871433530368	1789438871433531392	1789438871433532416	17529	1	25	1	42944199223746	42944199225540
3432	201	20	124	19	1789438871433532416	1789438871433533440	1789438871433533440	1789438871433534464	1789438871433535488	17530	1	23	1	42944199231096	42944199233399
3433	201	21	124	19	1789438871433535488	1789438871433535488	1789438871433535488	1789438871433536512	1789438871433537536	17531	0	24	1	42944199237614	42944199239483
3434	201	19	414	19	1789438871433538560	1789438871433538560	1789438871433538560	1789438871433539584	1789438871433541632	17531	1	22	1	42944199244827	42944199247118
3435	201	19	346	19	1789438871433541632	1789438871433541632	1789438871433541632	1789438871433542656	1789438871433543680	17532	0	22	1	42944199251610	42944199254092
3436	201	23	346	19	1789438871433543680	1789438871433546752	1789438871433547776	1789438871433569280	1789438871433571328	17532	2	26	3	42944199266213	42944199322572
3437	201	19	158	19	1789438871433571328	1789438871433571328	1789438871433571328	1789438871433572352	1789438871433574400	17534	0	22	1	42944199327226	42944199329535
3438	201	23	158	19	1789438871433574400	1789438871433574400	1789438871433574400	1789438871433593856	1789438871433595904	17534	0	26	3	42944199333933	42944199383498
3439	201	19	6	19	1789438871433595904	1789438871433595904	1789438871433595904	1789438871433596928	1789438871433597952	17534	0	22	1	42944199388050	42944199390321
3440	201	25	74	19	1789438871433597952	1789438871433662464	1789438871433662464	1789438871433664512	1789438871433665536	17534	4	31	1	42944199556443	42944199561182
3441	201	28	78	19	1789438871433665536	1789438871433697280	1789438871433697280	1789438871433700352	1789438871433701376	17538	16	34	2	42944199644284	42944199650934
3442	202	7	89	21	1789438871433244672	1789438871433276416	1789438871433276416	1789438871433277440	1789438871433278464	17554	1	6	1	42952127281697	42952127283674
3443	202	5	123	21	1789438871433278464	1789438871433279488	1789438871433279488	1789438871433280512	1789438871433281536	17555	1	4	1	42952127289262	42952127291652
3444	202	6	123	21	1789438871433281536	1789438871433282560	1789438871433282560	1789438871433282560	1789438871433284608	17556	0	5	1	42952127295894	42952127297815
3445	202	4	413	21	1789438871433284608	1789438871433285632	1789438871433285632	1789438871433286656	1789438871433287680	17556	1	3	1	42952127303471	42952127306045
3446	202	4	345	21	1789438871433287680	1789438871433287680	1789438871433287680	1789438871433288704	1789438871433290752	17557	0	3	1	42952127310627	42952127313243
3447	202	8	345	21	1789438871433290752	1789438871433290752	1789438871433290752	1789438871433315328	1789438871433317376	17557	2	7	3	42952127318670	42952127379473
3448	202	4	125	21	1789438871433317376	1789438871433317376	1789438871433317376	1789438871433318400	1789438871433320448	17559	0	3	1	42952127384050	42952127387205
3449	202	8	125	21	1789438871433320448	1789438871433321472	1789438871433321472	1789438871433341952	1789438871433344000	17559	0	7	3	42952127394903	42952127446791
3450	202	22	89	21	1789438871433344000	1789438871433530368	1789438871433530368	1789438871433531392	1789438871433532416	17559	1	25	1	42952127921476	42952127923373
3451	202	20	123	21	1789438871433532416	1789438871433533440	1789438871433533440	1789438871433534464	1789438871433535488	17560	1	23	1	42952127928978	42952127931391
3452	202	21	123	21	1789438871433536512	1789438871433536512	1789438871433536512	1789438871433537536	1789438871433538560	17561	0	24	1	42952127936007	42952127937967
3453	202	19	413	21	1789438871433538560	1789438871433539584	1789438871433539584	1789438871433540608	1789438871433541632	17561	1	22	1	42952127943550	42952127945902
3454	202	19	345	21	1789438871433541632	1789438871433541632	1789438871433541632	1789438871433542656	1789438871433544704	17562	0	22	1	42952127950631	42952127953195
3455	202	23	345	21	1789438871433544704	1789438871433544704	1789438871433545728	1789438871433569280	1789438871433571328	17562	2	26	3	42952127958597	42952128019397
3456	202	19	157	21	1789438871433571328	1789438871433571328	1789438871433571328	1789438871433572352	1789438871433573376	17564	0	22	1	42952128024231	42952128026590
3457	202	23	157	21	1789438871433574400	1789438871433574400	1789438871433574400	1789438871433593856	1789438871433594880	17564	0	26	3	42952128031239	42952128080025
3458	202	19	1	21	1789438871433594880	1789438871433594880	1789438871433594880	1789438871433595904	1789438871433597952	17564	0	22	1	42952128084751	42952128087140
3459	202	25	73	21	1789438871433597952	1789438871433662464	1789438871433662464	1789438871433664512	1789438871433665536	17564	4	31	1	42952128254261	42952128259084
3460	202	28	77	21	1789438871433666560	1789438871433697280	1789438871433697280	1789438871433700352	1789438871433701376	17568	16	34	2	42952128342066	42952128348907
3461	203	7	88	23	1789438871433244672	1789438871433276416	1789438871433276416	1789438871433277440	1789438871433278464	17584	1	6	1	42945873323533	42945873325508
3462	203	5	122	23	1789438871433278464	1789438871433279488	1789438871433279488	1789438871433280512	1789438871433282560	17585	1	4	1	42945873331318	42945873333783
3463	203	6	122	23	1789438871433282560	1789438871433282560	1789438871433282560	1789438871433283584	1789438871433284608	17586	0	5	1	42945873338478	42945873340445
3464	203	4	412	23	1789438871433284608	1789438871433285632	1789438871433285632	1789438871433286656	1789438871433288704	17586	1	3	1	42945873346277	42945873348938
3465	203	4	344	23	1789438871433288704	1789438871433288704	1789438871433288704	1789438871433289728	1789438871433290752	17587	0	3	1	42945873353571	42945873356273
3466	203	8	344	23	1789438871433290752	1789438871433292800	1789438871433292800	1789438871433315328	1789438871433317376	17587	2	7	3	42945873365057	42945873421401
3467	203	4	124	23	1789438871433317376	1789438871433317376	1789438871433317376	1789438871433318400	1789438871433321472	17589	0	3	1	42945873425969	42945873429034
3468	203	8	124	23	1789438871433321472	1789438871433321472	1789438871433321472	1789438871433342976	1789438871433344000	17589	0	7	3	42945873436689	42945873489401
3469	203	22	88	23	1789438871433344000	1789438871433530368	1789438871433530368	1789438871433531392	1789438871433532416	17589	1	25	1	42945873963030	42945873965024
3470	203	20	122	23	1789438871433532416	1789438871433533440	1789438871433533440	1789438871433534464	1789438871433536512	17590	1	23	1	42945873970923	42945873973386
3471	203	21	122	23	1789438871433536512	1789438871433536512	1789438871433536512	1789438871433537536	1789438871433538560	17591	0	24	1	42945873978136	42945873980149
3472	203	19	412	23	1789438871433538560	1789438871433539584	1789438871433539584	1789438871433540608	1789438871433541632	17591	1	22	1	42945873985899	42945873988339
3473	203	19	344	23	1789438871433542656	1789438871433542656	1789438871433542656	1789438871433543680	1789438871433544704	17592	0	22	1	42945873993192	42945873995846
3474	203	23	344	23	1789438871433544704	1789438871433546752	1789438871433546752	1789438871433569280	1789438871433571328	17592	2	26	3	42945874004528	42945874061181
3475	203	19	156	23	1789438871433571328	1789438871433571328	1789438871433571328	1789438871433572352	1789438871433574400	17594	0	22	1	42945874066163	42945874068618
3476	203	23	156	23	1789438871433574400	1789438871433574400	1789438871433574400	1789438871433593856	1789438871433594880	17594	0	26	3	42945874073395	42945874122235
3477	203	19	0	23	1789438871433595904	1789438871433595904	1789438871433595904	1789438871433596928	1789438871433597952	17594	0	22	1	42945874127094	42945874129540
3478	203	25	72	23	1789438871433597952	1789438871433662464	1789438871433662464	1789438871433664512	1789438871433665536	17594	4	31	1	42945874295843	42945874300695
3479	203	28	76	23	1789438871433666560	1789438871433697280	1789438871433697280	1789438871433700352	1789438871433701376	17598	16	34	2	42945874383659	42945874390773
3480	204	7	87	25	1789438871433244672	1789438871433276416	1789438871433276416	1789438871433277440	1789438871433278464	17614	1	6	1	42964216930942	42964216932964
3481	204	5	121	25	1789438871433278464	1789438871433279488	1789438871433279488	1789438871433280512	1789438871433282560	17615	1	4	1	42964216938735	42964216941174
3482	204	6	121	25	1789438871433282560	1789438871433282560	1789438871433282560	1789438871433283584	1789438871433284608	17616	0	5	1	42964216945954	42964216947948
3483	204	4	411	25	1789438871433284608	1789438871433285632	1789438871433285632	1789438871433286656	1789438871433288704	17616	1	3	1	42964216953836	42964216956560
3484	204	4	343	25	1789438871433288704	1789438871433288704	1789438871433288704	1789438871433289728	1789438871433290752	17617	0	3	1	42964216961184	42964216963839
3485	204	8	343	25	1789438871433290752	1789438871433292800	1789438871433292800	1789438871433315328	1789438871433317376	17617	2	7	3	42964216972677	42964217029638
3486	204	4	123	25	1789438871433317376	1789438871433317376	1789438871433317376	1789438871433319424	1789438871433321472	17619	0	3	1	42964217034453	42964217037867
3487	204	8	123	25	1789438871433321472	1789438871433321472	1789438871433322496	1789438871433342976	1789438871433345024	17619	0	7	3	42964217045295	42964217097983
3488	204	22	87	25	1789438871433345024	1789438871433530368	1789438871433530368	1789438871433531392	1789438871433532416	17619	1	25	1	42964217570713	42964217572687
3489	204	20	121	25	1789438871433532416	1789438871433533440	1789438871433533440	1789438871433534464	1789438871433536512	17620	1	23	1	42964217578569	42964217581043
3490	204	21	121	25	1789438871433536512	1789438871433536512	1789438871433536512	1789438871433537536	1789438871433538560	17621	0	24	1	42964217585818	42964217587824
3491	204	19	411	25	1789438871433538560	1789438871433539584	1789438871433539584	1789438871433540608	1789438871433542656	17621	1	22	1	42964217593625	42964217596070
3492	204	19	343	25	1789438871433542656	1789438871433542656	1789438871433542656	1789438871433543680	1789438871433544704	17622	0	22	1	42964217600914	42964217603581
3493	204	23	343	25	1789438871433544704	1789438871433546752	1789438871433546752	1789438871433569280	1789438871433571328	17622	2	26	3	42964217611479	42964217668367
3494	204	19	155	25	1789438871433571328	1789438871433571328	1789438871433571328	1789438871433572352	1789438871433573376	17624	0	22	1	42964217673390	42964217675841
3495	204	23	155	25	1789438871433574400	1789438871433574400	1789438871433574400	1789438871433593856	1789438871433595904	17624	0	26	3	42964217680638	42964217730926
3496	204	25	71	25	1789438871433595904	1789438871433662464	1789438871433662464	1789438871433664512	1789438871433666560	17624	4	31	1	42964217903559	42964217908489
3497	204	28	75	25	1789438871433666560	1789438871433697280	1789438871433697280	1789438871433700352	1789438871433702400	17628	16	34	2	42964217991364	42964217998591
3498	205	7	86	27	1789438871433244672	1789438871433276416	1789438871433276416	1789438871433277440	1789438871433278464	17644	1	6	1	42948816709029	42948816711002
3499	205	5	120	27	1789438871433278464	1789438871433279488	1789438871433279488	1789438871433280512	1789438871433281536	17645	1	4	1	42948816716362	42948816718822
3500	205	6	120	27	1789438871433281536	1789438871433282560	1789438871433282560	1789438871433282560	1789438871433284608	17646	0	5	1	42948816723180	42948816725097
3501	205	4	410	27	1789438871433284608	1789438871433284608	1789438871433285632	1789438871433285632	1789438871433287680	17646	1	3	1	42948816730728	42948816733087
3502	205	4	342	27	1789438871433287680	1789438871433287680	1789438871433287680	1789438871433288704	1789438871433289728	17647	0	3	1	42948816737741	42948816740316
3503	205	8	342	27	1789438871433290752	1789438871433290752	1789438871433290752	1789438871433315328	1789438871433316352	17647	2	7	3	42948816745543	42948816806625
3504	205	4	122	27	1789438871433317376	1789438871433317376	1789438871433317376	1789438871433318400	1789438871433321472	17649	0	3	1	42948816811193	42948816814568
3505	205	8	122	27	1789438871433321472	1789438871433321472	1789438871433321472	1789438871433342976	1789438871433344000	17649	0	7	3	42948816823046	42948816875609
3506	205	22	86	27	1789438871433344000	1789438871433530368	1789438871433530368	1789438871433531392	1789438871433532416	17649	1	25	1	42948817348813	42948817350719
3507	205	20	120	27	1789438871433532416	1789438871433533440	1789438871433533440	1789438871433534464	1789438871433535488	17650	1	23	1	42948817356428	42948817358836
3508	205	21	120	27	1789438871433536512	1789438871433536512	1789438871433536512	1789438871433537536	1789438871433538560	17651	0	24	1	42948817363494	42948817365417
3509	205	19	410	27	1789438871433538560	1789438871433539584	1789438871433539584	1789438871433540608	1789438871433541632	17651	1	22	1	42948817371037	42948817373403
3510	205	19	342	27	1789438871433541632	1789438871433541632	1789438871433541632	1789438871433542656	1789438871433544704	17652	0	22	1	42948817378067	42948817380619
3511	205	23	342	27	1789438871433544704	1789438871433544704	1789438871433545728	1789438871433569280	1789438871433571328	17652	2	26	3	42948817386020	42948817446735
3512	205	19	154	27	1789438871433571328	1789438871433571328	1789438871433571328	1789438871433572352	1789438871433573376	17654	0	22	1	42948817451573	42948817453943
3513	205	23	154	27	1789438871433574400	1789438871433574400	1789438871433574400	1789438871433593856	1789438871433595904	17654	0	26	3	42948817458586	42948817508629
3514	205	25	70	27	1789438871433595904	1789438871433662464	1789438871433662464	1789438871433664512	1789438871433665536	17654	4	31	1	42948817681620	42948817686387
3515	205	28	74	27	1789438871433666560	1789438871433697280	1789438871433697280	1789438871433700352	1789438871433701376	17658	16	34	2	42948817769515	42948817776408
3516	206	7	85	29	1789438871433244672	1789438871433276416	1789438871433276416	1789438871433277440	1789438871433278464	17674	1	6	1	42955800496663	42955800498503
3517	206	5	119	29	1789438871433278464	1789438871433279488	1789438871433279488	1789438871433280512	1789438871433281536	17675	1	4	1	42955800504040	42955800506428
3518	206	6	119	29	1789438871433281536	1789438871433282560	1789438871433282560	1789438871433282560	1789438871433284608	17676	0	5	1	42955800510904	42955800512755
3519	206	4	409	29	1789438871433284608	1789438871433284608	1789438871433284608	1789438871433285632	1789438871433287680	17676	1	3	1	42955800518292	42955800520817
3520	206	4	341	29	1789438871433287680	1789438871433287680	1789438871433287680	1789438871433288704	1789438871433289728	17677	0	3	1	42955800525189	42955800527713
3521	206	8	341	29	1789438871433289728	1789438871433290752	1789438871433290752	1789438871433315328	1789438871433316352	17677	2	7	3	42955800533119	42955800594434
3522	206	4	121	29	1789438871433317376	1789438871433317376	1789438871433317376	1789438871433318400	1789438871433320448	17679	0	3	1	42955800598896	42955800602153
3523	206	8	121	29	1789438871433321472	1789438871433321472	1789438871433321472	1789438871433342976	1789438871433344000	17679	0	7	3	42955800610644	42955800662653
3524	206	22	85	29	1789438871433344000	1789438871433530368	1789438871433530368	1789438871433531392	1789438871433532416	17679	1	25	1	42955801136485	42955801138287
3525	206	20	119	29	1789438871433532416	1789438871433533440	1789438871433533440	1789438871433534464	1789438871433535488	17680	1	23	1	42955801143913	42955801146299
3526	206	21	119	29	1789438871433535488	1789438871433536512	1789438871433536512	1789438871433536512	1789438871433538560	17681	0	24	1	42955801150760	42955801152630
3527	206	19	409	29	1789438871433538560	1789438871433538560	1789438871433539584	1789438871433539584	1789438871433541632	17681	1	22	1	42955801158110	42955801160453
3528	206	19	341	29	1789438871433541632	1789438871433541632	1789438871433541632	1789438871433542656	1789438871433543680	17682	0	22	1	42955801165016	42955801167564
3529	206	23	341	29	1789438871433543680	1789438871433544704	1789438871433544704	1789438871433569280	1789438871433570304	17682	2	26	3	42955801172922	42955801233696
3530	206	19	153	29	1789438871433570304	1789438871433571328	1789438871433571328	1789438871433572352	1789438871433573376	17684	0	22	1	42955801238319	42955801240625
3531	206	23	153	29	1789438871433573376	1789438871433573376	1789438871433573376	1789438871433592832	1789438871433594880	17684	0	26	3	42955801245148	42955801293790
3532	206	25	69	29	1789438871433594880	1789438871433662464	1789438871433662464	1789438871433664512	1789438871433665536	17684	4	31	1	42955801469204	42955801473831
3533	206	28	73	29	1789438871433665536	1789438871433697280	1789438871433697280	1789438871433700352	1789438871433701376	17688	16	34	2	42955801557096	42955801563725
3534	207	7	84	31	1789438871433244672	1789438871433276416	1789438871433276416	1789438871433277440	1789438871433278464	17704	1	6	1	42961563775572	42961563777551
3535	207	5	118	31	1789438871433278464	1789438871433279488	1789438871433279488	1789438871433280512	1789438871433281536	17705	1	4	1	42961563783168	42961563785556
3536	207	6	118	31	1789438871433282560	1789438871433282560	1789438871433282560	1789438871433283584	1789438871433284608	17706	0	5	1	42961563790232	42961563792153
3537	207	4	408	31	1789438871433284608	1789438871433285632	1789438871433285632	1789438871433286656	1789438871433287680	17706	1	3	1	42961563797863	42961563800475
3538	207	4	340	31	1789438871433287680	1789438871433287680	1789438871433288704	1789438871433289728	1789438871433290752	17707	0	3	1	42961563804988	42961563807615
3539	207	8	340	31	1789438871433290752	1789438871433291776	1789438871433291776	1789438871433315328	1789438871433317376	17707	2	7	3	42961563813527	42961563873947
3540	207	4	120	31	1789438871433317376	1789438871433317376	1789438871433317376	1789438871433318400	1789438871433321472	17709	0	3	1	42961563878484	42961563881571
3541	207	8	120	31	1789438871433321472	1789438871433321472	1789438871433322496	1789438871433342976	1789438871433344000	17709	0	7	3	42961563890127	42961563942320
3542	207	22	84	31	1789438871433345024	1789438871433530368	1789438871433530368	1789438871433531392	1789438871433532416	17709	1	25	1	42961564415440	42961564417287
3543	207	20	118	31	1789438871433532416	1789438871433533440	1789438871433533440	1789438871433534464	1789438871433535488	17710	1	23	1	42961564423027	42961564425414
3544	207	21	118	31	1789438871433536512	1789438871433536512	1789438871433536512	1789438871433537536	1789438871433538560	17711	0	24	1	42961564430055	42961564431983
3545	207	19	408	31	1789438871433538560	1789438871433539584	1789438871433539584	1789438871433540608	1789438871433541632	17711	1	22	1	42961564437679	42961564440065
3546	207	19	340	31	1789438871433541632	1789438871433541632	1789438871433542656	1789438871433543680	1789438871433544704	17712	0	22	1	42961564444791	42961564447424
3547	207	23	340	31	1789438871433544704	1789438871433545728	1789438871433545728	1789438871433569280	1789438871433571328	17712	2	26	3	42961564453303	42961564513779
3548	207	19	152	31	1789438871433571328	1789438871433571328	1789438871433571328	1789438871433572352	1789438871433574400	17714	0	22	1	42961564518601	42961564520982
3549	207	23	152	31	1789438871433574400	1789438871433574400	1789438871433574400	1789438871433593856	1789438871433594880	17714	0	26	3	42961564525690	42961564574568
3550	207	25	68	31	1789438871433595904	1789438871433662464	1789438871433662464	1789438871433664512	1789438871433665536	17714	4	31	1	42961564748213	42961564753056
3551	207	28	72	31	1789438871433666560	1789438871433697280	1789438871433697280	1789438871433700352	1789438871433701376	17718	16	34	2	42961564836136	42961564843051
3552	208	7	83	33	1789438871433244672	1789438871433276416	1789438871433276416	1789438871433277440	1789438871433278464	17734	1	6	1	42921751168528	42921751170543
3553	208	5	117	33	1789438871433278464	1789438871433279488	1789438871433279488	1789438871433280512	1789438871433282560	17735	1	4	1	42921751176345	42921751178807
3554	208	6	117	33	1789438871433282560	1789438871433282560	1789438871433282560	1789438871433283584	1789438871433284608	17736	0	5	1	42921751183632	42921751185608
3555	208	4	407	33	1789438871433284608	1789438871433285632	1789438871433285632	1789438871433286656	1789438871433288704	17736	1	3	1	42921751191453	42921751194157
3556	208	4	339	33	1789438871433288704	1789438871433288704	1789438871433288704	1789438871433289728	1789438871433290752	17737	0	3	1	42921751198804	42921751201517
3557	208	8	339	33	1789438871433290752	1789438871433292800	1789438871433292800	1789438871433315328	1789438871433317376	17737	2	7	3	42921751210283	42921751266751
3558	208	4	119	33	1789438871433317376	1789438871433317376	1789438871433317376	1789438871433319424	1789438871433321472	17739	0	3	1	42921751271664	42921751275117
3559	208	8	119	33	1789438871433321472	1789438871433321472	1789438871433322496	1789438871433342976	1789438871433345024	17739	0	7	3	42921751282825	42921751335500
3560	208	22	83	33	1789438871433345024	1789438871433530368	1789438871433530368	1789438871433531392	1789438871433532416	17739	1	25	1	42921751808159	42921751810129
3561	208	20	117	33	1789438871433532416	1789438871433533440	1789438871433533440	1789438871433534464	1789438871433536512	17740	1	23	1	42921751815948	42921751818408
3562	208	21	117	33	1789438871433536512	1789438871433536512	1789438871433536512	1789438871433537536	1789438871433538560	17741	0	24	1	42921751823201	42921751825180
3563	208	19	407	33	1789438871433538560	1789438871433539584	1789438871433539584	1789438871433540608	1789438871433542656	17741	1	22	1	42921751831072	42921751833513
3564	208	19	339	33	1789438871433542656	1789438871433542656	1789438871433542656	1789438871433543680	1789438871433544704	17742	0	22	1	42921751838400	42921751841106
3565	208	23	339	33	1789438871433544704	1789438871433545728	1789438871433545728	1789438871433570304	1789438871433572352	17742	2	26	3	42921751847189	42921751908860
3566	208	19	151	33	1789438871433572352	1789438871433572352	1789438871433572352	1789438871433573376	1789438871433575424	17744	0	22	1	42921751913873	42921751916333
3567	208	23	151	33	1789438871433575424	1789438871433575424	1789438871433575424	1789438871433595904	1789438871433596928	17744	0	26	3	42921751921174	42921751971462
3568	208	25	67	33	1789438871433596928	1789438871433662464	1789438871433662464	1789438871433664512	1789438871433666560	17744	4	31	1	42921752140876	42921752145849
3569	208	28	71	33	1789438871433666560	1789438871433697280	1789438871433697280	1789438871433700352	1789438871433702400	17748	16	34	2	42921752228760	42921752235961
3570	209	7	82	35	1789438871433244672	1789438871433276416	1789438871433276416	1789438871433277440	1789438871433278464	17764	1	6	1	42943322079679	42943322081710
3571	209	5	116	35	1789438871433278464	1789438871433279488	1789438871433279488	1789438871433280512	1789438871433282560	17765	1	4	1	42943322087400	42943322089851
3572	209	6	116	35	1789438871433282560	1789438871433282560	1789438871433282560	1789438871433283584	1789438871433284608	17766	0	5	1	42943322094581	42943322096549
3573	209	4	406	35	1789438871433284608	1789438871433285632	1789438871433285632	1789438871433286656	1789438871433287680	17766	1	3	1	42943322102438	42943322105135
3574	209	4	338	35	1789438871433288704	1789438871433288704	1789438871433288704	1789438871433289728	1789438871433290752	17767	0	3	1	42943322109702	42943322112423
3575	209	8	338	35	1789438871433290752	1789438871433291776	1789438871433291776	1789438871433316352	1789438871433318400	17767	2	7	3	42943322118463	42943322179905
3576	209	4	118	35	1789438871433318400	1789438871433318400	1789438871433318400	1789438871433319424	1789438871433322496	17769	0	3	1	42943322184778	42943322188038
3577	209	8	118	35	1789438871433322496	1789438871433322496	1789438871433322496	1789438871433344000	1789438871433346048	17769	0	7	3	42943322196389	42943322249242
3578	209	22	82	35	1789438871433346048	1789438871433530368	1789438871433530368	1789438871433531392	1789438871433532416	17769	1	25	1	42943322719367	42943322721349
3579	209	20	116	35	1789438871433532416	1789438871433533440	1789438871433533440	1789438871433534464	1789438871433536512	17770	1	23	1	42943322727217	42943322729662
3580	209	21	116	35	1789438871433536512	1789438871433536512	1789438871433536512	1789438871433537536	1789438871433538560	17771	0	24	1	42943322734460	42943322736460
3581	209	19	406	35	1789438871433538560	1789438871433539584	1789438871433539584	1789438871433540608	1789438871433542656	17771	1	22	1	42943322742215	42943322744689
3582	209	19	338	35	1789438871433542656	1789438871433542656	1789438871433542656	1789438871433543680	1789438871433544704	17772	0	22	1	42943322749591	42943322752259
3583	209	23	338	35	1789438871433544704	1789438871433546752	1789438871433546752	1789438871433569280	1789438871433571328	17772	2	26	3	42943322760640	42943322817469
3584	209	19	150	35	1789438871433571328	1789438871433571328	1789438871433571328	1789438871433572352	1789438871433574400	17774	0	22	1	42943322822471	42943322824925
3585	209	23	150	35	1789438871433574400	1789438871433574400	1789438871433574400	1789438871433593856	1789438871433595904	17774	0	26	3	42943322829763	42943322879147
3586	209	25	66	35	1789438871433595904	1789438871433662464	1789438871433662464	1789438871433664512	1789438871433665536	17774	4	31	1	42943323052139	42943323057045
3587	209	28	70	35	1789438871433666560	1789438871433697280	1789438871433697280	1789438871433700352	1789438871433702400	17778	16	34	2	42943323140009	42943323147201
3588	210	7	81	37	1789438871433244672	1789438871433276416	1789438871433276416	1789438871433277440	1789438871433278464	17794	1	6	1	42953061655903	42953061657869
3589	210	5	115	37	1789438871433278464	1789438871433279488	1789438871433279488	1789438871433280512	1789438871433281536	17795	1	4	1	42953061663509	42953061665885
3590	210	6	115	37	1789438871433282560	1789438871433282560	1789438871433282560	1789438871433283584	1789438871433284608	17796	0	5	1	42953061670440	42953061672348
3591	210	4	405	37	1789438871433284608	1789438871433285632	1789438871433285632	1789438871433286656	1789438871433287680	17796	1	3	1	42953061677968	42953061680551
3592	210	4	337	37	1789438871433287680	1789438871433287680	1789438871433287680	1789438871433288704	1789438871433290752	17797	0	3	1	42953061685120	42953061687762
3593	210	8	337	37	1789438871433290752	1789438871433291776	1789438871433291776	1789438871433315328	1789438871433317376	17797	2	7	3	42953061693393	42953061754031
3594	210	4	117	37	1789438871433317376	1789438871433317376	1789438871433317376	1789438871433318400	1789438871433321472	17799	0	3	1	42953061758504	42953061761544
3595	210	8	117	37	1789438871433321472	1789438871433321472	1789438871433321472	1789438871433341952	1789438871433344000	17799	0	7	3	42953061769489	42953061821724
3596	210	22	81	37	1789438871433344000	1789438871433530368	1789438871433530368	1789438871433531392	1789438871433532416	17799	1	25	1	42953062295687	42953062297609
3597	210	20	115	37	1789438871433532416	1789438871433533440	1789438871433533440	1789438871433534464	1789438871433535488	17800	1	23	1	42953062303219	42953062305663
3598	210	21	115	37	1789438871433536512	1789438871433536512	1789438871433536512	1789438871433537536	1789438871433538560	17801	0	24	1	42953062310252	42953062312178
3599	210	19	405	37	1789438871433538560	1789438871433539584	1789438871433539584	1789438871433540608	1789438871433541632	17801	1	22	1	42953062317764	42953062320138
3600	210	19	337	37	1789438871433541632	1789438871433541632	1789438871433541632	1789438871433542656	1789438871433544704	17802	0	22	1	42953062324864	42953062327437
3601	210	23	337	37	1789438871433544704	1789438871433544704	1789438871433545728	1789438871433569280	1789438871433571328	17802	2	26	3	42953062332930	42953062393291
3602	210	19	149	37	1789438871433571328	1789438871433571328	1789438871433571328	1789438871433572352	1789438871433573376	17804	0	22	1	42953062398143	42953062400520
3603	210	23	149	37	1789438871433573376	1789438871433574400	1789438871433574400	1789438871433593856	1789438871433594880	17804	0	26	3	42953062405183	42953062454110
3604	210	25	65	37	1789438871433594880	1789438871433662464	1789438871433662464	1789438871433664512	1789438871433665536	17804	4	31	1	42953062628538	42953062633292
3605	210	28	69	37	1789438871433666560	1789438871433697280	1789438871433697280	1789438871433700352	1789438871433701376	17808	16	34	2	42953062716432	42953062723356
3606	211	7	80	39	1789438871433244672	1789438871433276416	1789438871433276416	1789438871433277440	1789438871433278464	17824	1	6	1	42910819696453	42910819698355
3607	211	5	114	39	1789438871433278464	1789438871433279488	1789438871433279488	1789438871433280512	1789438871433281536	17825	1	4	1	42910819703791	42910819706165
3608	211	6	114	39	1789438871433281536	1789438871433282560	1789438871433282560	1789438871433282560	1789438871433284608	17826	0	5	1	42910819710569	42910819712411
3609	211	4	404	39	1789438871433284608	1789438871433284608	1789438871433284608	1789438871433285632	1789438871433287680	17826	1	3	1	42910819717926	42910819720431
3610	211	4	336	39	1789438871433287680	1789438871433287680	1789438871433287680	1789438871433288704	1789438871433289728	17827	0	3	1	42910819724775	42910819727316
3611	211	8	336	39	1789438871433289728	1789438871433290752	1789438871433290752	1789438871433315328	1789438871433316352	17827	2	7	3	42910819732882	42910819793863
3612	211	4	116	39	1789438871433316352	1789438871433317376	1789438871433317376	1789438871433318400	1789438871433320448	17829	0	3	1	42910819798138	42910819801186
3613	211	8	116	39	1789438871433321472	1789438871433321472	1789438871433321472	1789438871433341952	1789438871433344000	17829	0	7	3	42910819809794	42910819861878
3614	211	22	80	39	1789438871433344000	1789438871433530368	1789438871433530368	1789438871433531392	1789438871433532416	17829	1	25	1	42910820336066	42910820337857
3615	211	20	114	39	1789438871433532416	1789438871433533440	1789438871433533440	1789438871433534464	1789438871433535488	17830	1	23	1	42910820343421	42910820345812
3616	211	21	114	39	1789438871433535488	1789438871433536512	1789438871433536512	1789438871433536512	1789438871433538560	17831	0	24	1	42910820350167	42910820352020
3617	211	19	404	39	1789438871433538560	1789438871433538560	1789438871433538560	1789438871433539584	1789438871433541632	17831	1	22	1	42910820357512	42910820359815
3618	211	19	336	39	1789438871433541632	1789438871433541632	1789438871433541632	1789438871433542656	1789438871433543680	17832	0	22	1	42910820364410	42910820366917
3619	211	23	336	39	1789438871433543680	1789438871433544704	1789438871433544704	1789438871433569280	1789438871433570304	17832	2	26	3	42910820372450	42910820433370
3620	211	19	148	39	1789438871433571328	1789438871433571328	1789438871433571328	1789438871433572352	1789438871433573376	17834	0	22	1	42910820438032	42910820440333
3621	211	23	148	39	1789438871433573376	1789438871433573376	1789438871433573376	1789438871433592832	1789438871433594880	17834	0	26	3	42910820444828	42910820493575
3622	211	25	64	39	1789438871433594880	1789438871433662464	1789438871433662464	1789438871433664512	1789438871433665536	17834	4	31	1	42910820668730	42910820673444
3623	211	28	68	39	1789438871433665536	1789438871433697280	1789438871433697280	1789438871433700352	1789438871433701376	17838	16	34	2	42910820756571	42910820763272
3624	212	7	79	41	1789438871433244672	1789438871433276416	1789438871433276416	1789438871433277440	1789438871433278464	17854	1	6	1	42944198584013	42944198585763
3625	212	5	113	41	1789438871433278464	1789438871433279488	1789438871433279488	1789438871433280512	1789438871433281536	17855	1	4	1	42944198590883	42944198593182
3626	212	6	113	41	1789438871433281536	1789438871433281536	1789438871433281536	1789438871433282560	1789438871433283584	17856	0	5	1	42944198597431	42944198599229
3627	212	4	403	41	1789438871433283584	1789438871433284608	1789438871433284608	1789438871433285632	1789438871433286656	17856	1	3	1	42944198604430	42944198606874
3628	212	4	335	41	1789438871433286656	1789438871433286656	1789438871433287680	1789438871433288704	1789438871433289728	17857	0	3	1	42944198611058	42944198613510
3629	212	8	335	41	1789438871433289728	1789438871433290752	1789438871433290752	1789438871433315328	1789438871433316352	17857	2	7	3	42944198620112	42944198681073
3630	212	4	115	41	1789438871433316352	1789438871433316352	1789438871433316352	1789438871433318400	1789438871433320448	17859	0	3	1	42944198685039	42944198688494
3631	212	8	115	41	1789438871433320448	1789438871433321472	1789438871433321472	1789438871433341952	1789438871433344000	17859	0	7	3	42944198696859	42944198749107
3632	212	22	79	41	1789438871433344000	1789438871433530368	1789438871433530368	1789438871433531392	1789438871433532416	17859	1	25	1	42944199223657	42944199225414
3633	212	20	113	41	1789438871433532416	1789438871433533440	1789438871433533440	1789438871433534464	1789438871433535488	17860	1	23	1	42944199230530	42944199232792
3634	212	21	113	41	1789438871433535488	1789438871433535488	1789438871433535488	1789438871433536512	1789438871433537536	17861	0	24	1	42944199237019	42944199238823
3635	212	19	403	41	1789438871433537536	1789438871433538560	1789438871433538560	1789438871433539584	1789438871433540608	17861	1	22	1	42944199244025	42944199246209
3636	212	19	335	41	1789438871433540608	1789438871433540608	1789438871433541632	1789438871433541632	1789438871433543680	17862	0	22	1	42944199250652	42944199253039
3637	212	23	335	41	1789438871433543680	1789438871433544704	1789438871433544704	1789438871433569280	1789438871433570304	17862	2	26	3	42944199259756	42944199320527
3638	212	19	147	41	1789438871433570304	1789438871433570304	1789438871433570304	1789438871433571328	1789438871433573376	17864	0	22	1	42944199325009	42944199327249
3639	212	23	147	41	1789438871433573376	1789438871433573376	1789438871433573376	1789438871433592832	1789438871433593856	17864	0	26	3	42944199331560	42944199380358
3640	212	25	63	41	1789438871433593856	1789438871433662464	1789438871433662464	1789438871433664512	1789438871433665536	17864	4	31	1	42944199556314	42944199560816
3641	212	28	67	41	1789438871433665536	1789438871433697280	1789438871433697280	1789438871433700352	1789438871433701376	17868	16	34	2	42944199644292	42944199650701
3642	213	7	78	43	1789438871433244672	1789438871433276416	1789438871433276416	1789438871433277440	1789438871433278464	17884	1	6	1	42952127281577	42952127283460
3643	213	5	112	43	1789438871433278464	1789438871433279488	1789438871433279488	1789438871433280512	1789438871433281536	17885	1	4	1	42952127288990	42952127291373
3644	213	6	112	43	1789438871433281536	1789438871433282560	1789438871433282560	1789438871433282560	1789438871433284608	17886	0	5	1	42952127295822	42952127297680
3645	213	4	402	43	1789438871433284608	1789438871433284608	1789438871433284608	1789438871433285632	1789438871433287680	17886	1	3	1	42952127303115	42952127305644
3646	213	4	334	43	1789438871433287680	1789438871433287680	1789438871433287680	1789438871433288704	1789438871433289728	17887	0	3	1	42952127310050	42952127312590
3647	213	8	334	43	1789438871433289728	1789438871433290752	1789438871433290752	1789438871433315328	1789438871433316352	17887	2	7	3	42952127318048	42952127378969
3648	213	4	114	43	1789438871433316352	1789438871433316352	1789438871433317376	1789438871433318400	1789438871433320448	17889	0	3	1	42952127383278	42952127386750
3649	213	8	114	43	1789438871433321472	1789438871433321472	1789438871433321472	1789438871433342976	1789438871433344000	17889	0	7	3	42952127395084	42952127448128
3650	213	22	78	43	1789438871433344000	1789438871433530368	1789438871433530368	1789438871433531392	1789438871433532416	17889	1	25	1	42952127921353	42952127923186
3651	213	20	112	43	1789438871433532416	1789438871433533440	1789438871433533440	1789438871433534464	1789438871433535488	17890	1	23	1	42952127928783	42952127931179
3652	213	21	112	43	1789438871433535488	1789438871433536512	1789438871433536512	1789438871433536512	1789438871433538560	17891	0	24	1	42952127935579	42952127937449
3653	213	19	402	43	1789438871433538560	1789438871433538560	1789438871433538560	1789438871433539584	1789438871433541632	17891	1	22	1	42952127942957	42952127945273
3654	213	19	334	43	1789438871433541632	1789438871433541632	1789438871433541632	1789438871433542656	1789438871433543680	17892	0	22	1	42952127949894	42952127952404
3655	213	23	334	43	1789438871433543680	1789438871433544704	1789438871433544704	1789438871433569280	1789438871433570304	17892	2	26	3	42952127957771	42952128018461
3656	213	19	146	43	1789438871433570304	1789438871433571328	1789438871433571328	1789438871433572352	1789438871433573376	17894	0	22	1	42952128023176	42952128025476
3657	213	23	146	43	1789438871433573376	1789438871433573376	1789438871433573376	1789438871433592832	1789438871433594880	17894	0	26	3	42952128030016	42952128079052
3658	213	25	62	43	1789438871433594880	1789438871433662464	1789438871433662464	1789438871433664512	1789438871433665536	17894	4	31	1	42952128254075	42952128258738
3659	213	28	66	43	1789438871433665536	1789438871433697280	1789438871433697280	1789438871433700352	1789438871433701376	17898	16	34	2	42952128342056	42952128348751
3660	214	7	77	45	1789438871433244672	1789438871433276416	1789438871433276416	1789438871433277440	1789438871433278464	17914	1	6	1	42945873323254	42945873325384
3661	214	5	111	45	1789438871433278464	1789438871433279488	1789438871433279488	1789438871433280512	1789438871433281536	17915	1	4	1	42945873330900	42945873333278
3662	214	6	111	45	1789438871433282560	1789438871433282560	1789438871433282560	1789438871433283584	1789438871433284608	17916	0	5	1	42945873337873	42945873339796
3663	214	4	401	45	1789438871433284608	1789438871433285632	1789438871433285632	1789438871433286656	1789438871433287680	17916	1	3	1	42945873345423	42945873348009
3664	214	4	333	45	1789438871433287680	1789438871433287680	1789438871433287680	1789438871433289728	1789438871433290752	17917	0	3	1	42945873352572	42945873355225
3665	214	8	333	45	1789438871433290752	1789438871433291776	1789438871433291776	1789438871433315328	1789438871433317376	17917	2	7	3	42945873360806	42945873421495
3666	214	4	113	45	1789438871433317376	1789438871433317376	1789438871433317376	1789438871433318400	1789438871433320448	17919	0	3	1	42945873425924	42945873428824
3667	214	8	113	45	1789438871433321472	1789438871433321472	1789438871433321472	1789438871433341952	1789438871433344000	17919	0	7	3	42945873435631	42945873488925
3668	214	22	77	45	1789438871433344000	1789438871433530368	1789438871433530368	1789438871433531392	1789438871433532416	17919	1	25	1	42945873962959	42945873964842
3669	214	20	111	45	1789438871433532416	1789438871433533440	1789438871433533440	1789438871433534464	1789438871433535488	17920	1	23	1	42945873970414	42945873972891
3670	214	21	111	45	1789438871433536512	1789438871433536512	1789438871433536512	1789438871433536512	1789438871433538560	17921	0	24	1	42945873977411	42945873979380
3671	214	19	401	45	1789438871433538560	1789438871433539584	1789438871433539584	1789438871433540608	1789438871433541632	17921	1	22	1	42945873984967	42945873987321
3672	214	19	333	45	1789438871433541632	1789438871433541632	1789438871433541632	1789438871433542656	1789438871433544704	17922	0	22	1	42945873991957	42945873994507
3673	214	23	333	45	1789438871433544704	1789438871433544704	1789438871433544704	1789438871433569280	1789438871433571328	17922	2	26	3	42945874000009	42945874061174
3674	214	19	145	45	1789438871433571328	1789438871433571328	1789438871433571328	1789438871433572352	1789438871433574400	17924	0	22	1	42945874065989	42945874068377
3675	214	23	145	45	1789438871433574400	1789438871433574400	1789438871433574400	1789438871433593856	1789438871433594880	17924	0	26	3	42945874073106	42945874122093
3676	214	25	61	45	1789438871433595904	1789438871433662464	1789438871433662464	1789438871433664512	1789438871433665536	17924	4	31	1	42945874295658	42945874300508
3677	214	28	65	45	1789438871433666560	1789438871433697280	1789438871433697280	1789438871433700352	1789438871433701376	17928	16	34	2	42945874383431	42945874390391
3678	215	7	76	47	1789438871433244672	1789438871433276416	1789438871433276416	1789438871433277440	1789438871433278464	17944	1	6	1	42964216930819	42964216932780
3679	215	5	110	47	1789438871433278464	1789438871433279488	1789438871433279488	1789438871433280512	1789438871433281536	17945	1	4	1	42964216938212	42964216940677
3680	215	6	110	47	1789438871433281536	1789438871433282560	1789438871433282560	1789438871433282560	1789438871433284608	17946	0	5	1	42964216945009	42964216946945
3681	215	4	400	47	1789438871433284608	1789438871433285632	1789438871433285632	1789438871433286656	1789438871433287680	17946	1	3	1	42964216952673	42964216955263
3682	215	4	332	47	1789438871433287680	1789438871433287680	1789438871433287680	1789438871433288704	1789438871433290752	17947	0	3	1	42964216959765	42964216962362
3683	215	8	332	47	1789438871433290752	1789438871433290752	1789438871433290752	1789438871433315328	1789438871433317376	17947	2	7	3	42964216967838	42964217028683
3684	215	4	112	47	1789438871433317376	1789438871433317376	1789438871433317376	1789438871433318400	1789438871433320448	17949	0	3	1	42964217033506	42964217036389
3685	215	8	112	47	1789438871433320448	1789438871433321472	1789438871433321472	1789438871433342976	1789438871433344000	17949	0	7	3	42964217043522	42964217097153
3686	215	22	76	47	1789438871433344000	1789438871433530368	1789438871433530368	1789438871433531392	1789438871433532416	17949	1	25	1	42964217570580	42964217572485
3687	215	20	110	47	1789438871433532416	1789438871433533440	1789438871433533440	1789438871433534464	1789438871433535488	17950	1	23	1	42964217578040	42964217580523
3688	215	21	110	47	1789438871433536512	1789438871433536512	1789438871433536512	1789438871433537536	1789438871433538560	17951	0	24	1	42964217585185	42964217587100
3689	215	19	400	47	1789438871433538560	1789438871433539584	1789438871433539584	1789438871433540608	1789438871433541632	17951	1	22	1	42964217592788	42964217595209
3690	215	19	332	47	1789438871433541632	1789438871433541632	1789438871433541632	1789438871433542656	1789438871433544704	17952	0	22	1	42964217599889	42964217602451
3691	215	23	332	47	1789438871433544704	1789438871433544704	1789438871433545728	1789438871433569280	1789438871433571328	17952	2	26	3	42964217607886	42964217668530
3692	215	19	144	47	1789438871433571328	1789438871433571328	1789438871433571328	1789438871433572352	1789438871433573376	17954	0	22	1	42964217673315	42964217675684
3693	215	23	144	47	1789438871433574400	1789438871433574400	1789438871433574400	1789438871433593856	1789438871433594880	17954	0	26	3	42964217680401	42964217729357
3694	215	25	60	47	1789438871433594880	1789438871433662464	1789438871433662464	1789438871433664512	1789438871433665536	17954	4	31	1	42964217903373	42964217908189
3695	215	28	64	47	1789438871433666560	1789438871433697280	1789438871433697280	1789438871433700352	1789438871433701376	17958	16	34	2	42964217991236	42964217998126
3696	216	7	75	49	1789438871433244672	1789438871433276416	1789438871433276416	1789438871433277440	1789438871433278464	17974	1	6	1	42948816708908	42948816710762
3697	216	5	109	49	1789438871433278464	1789438871433279488	1789438871433279488	1789438871433280512	1789438871433281536	17975	1	4	1	42948816716299	42948816718621
3698	216	6	109	49	1789438871433281536	1789438871433282560	1789438871433282560	1789438871433282560	1789438871433284608	17976	0	5	1	42948816723095	42948816724939
3699	216	4	399	49	1789438871433284608	1789438871433284608	1789438871433284608	1789438871433285632	1789438871433287680	17976	1	3	1	42948816730425	42948816732941
3700	216	4	331	49	1789438871433287680	1789438871433287680	1789438871433287680	1789438871433288704	1789438871433289728	17977	0	3	1	42948816737317	42948816739846
3701	216	8	331	49	1789438871433289728	1789438871433290752	1789438871433290752	1789438871433315328	1789438871433316352	17977	2	7	3	42948816745374	42948816806626
3702	216	4	111	49	1789438871433317376	1789438871433317376	1789438871433317376	1789438871433318400	1789438871433321472	17979	0	3	1	42948816811225	42948816814221
3703	216	8	111	49	1789438871433321472	1789438871433321472	1789438871433321472	1789438871433342976	1789438871433344000	17979	0	7	3	42948816822829	42948816875304
3704	216	22	75	49	1789438871433344000	1789438871433530368	1789438871433530368	1789438871433531392	1789438871433532416	17979	1	25	1	42948817348728	42948817350566
3705	216	20	109	49	1789438871433532416	1789438871433533440	1789438871433533440	1789438871433534464	1789438871433535488	17980	1	23	1	42948817356287	42948817358611
3706	216	21	109	49	1789438871433535488	1789438871433536512	1789438871433536512	1789438871433536512	1789438871433538560	17981	0	24	1	42948817363080	42948817364952
3707	216	19	399	49	1789438871433538560	1789438871433538560	1789438871433539584	1789438871433539584	1789438871433541632	17981	1	22	1	42948817370457	42948817372789
3708	216	19	331	49	1789438871433541632	1789438871433541632	1789438871433541632	1789438871433542656	1789438871433543680	17982	0	22	1	42948817377290	42948817379791
3709	216	23	331	49	1789438871433543680	1789438871433544704	1789438871433544704	1789438871433569280	1789438871433570304	17982	2	26	3	42948817385163	42948817446053
3710	216	19	143	49	1789438871433570304	1789438871433571328	1789438871433571328	1789438871433572352	1789438871433573376	17984	0	22	1	42948817450731	42948817453027
3711	216	23	143	49	1789438871433573376	1789438871433573376	1789438871433573376	1789438871433592832	1789438871433594880	17984	0	26	3	42948817457514	42948817506630
3712	216	25	59	49	1789438871433594880	1789438871433662464	1789438871433662464	1789438871433664512	1789438871433665536	17984	4	31	1	42948817681467	42948817686118
3713	216	28	63	49	1789438871433665536	1789438871433697280	1789438871433697280	1789438871433700352	1789438871433701376	17988	16	34	2	42948817769533	42948817776199
3714	217	7	74	51	1789438871433244672	1789438871433276416	1789438871433276416	1789438871433277440	1789438871433278464	18004	1	6	1	42955800496609	42955800498359
3715	217	5	108	51	1789438871433278464	1789438871433279488	1789438871433279488	1789438871433280512	1789438871433281536	18005	1	4	1	42955800503547	42955800505803
3716	217	6	108	51	1789438871433281536	1789438871433281536	1789438871433281536	1789438871433282560	1789438871433283584	18006	0	5	1	42955800510019	42955800511829
3717	217	4	398	51	1789438871433283584	1789438871433284608	1789438871433284608	1789438871433285632	1789438871433286656	18006	1	3	1	42955800516969	42955800519212
3718	217	4	330	51	1789438871433286656	1789438871433286656	1789438871433287680	1789438871433288704	1789438871433289728	18007	0	3	1	42955800523644	42955800526095
3719	217	8	330	51	1789438871433289728	1789438871433290752	1789438871433290752	1789438871433315328	1789438871433316352	18007	2	7	3	42955800532721	42955800593389
3720	217	4	110	51	1789438871433316352	1789438871433316352	1789438871433316352	1789438871433317376	1789438871433320448	18009	0	3	1	42955800597318	42955800600346
3721	217	8	110	51	1789438871433320448	1789438871433320448	1789438871433320448	1789438871433340928	1789438871433342976	18009	0	7	3	42955800607672	42955800659616
3722	217	22	74	51	1789438871433342976	1789438871433530368	1789438871433530368	1789438871433531392	1789438871433532416	18009	1	25	1	42955801136365	42955801138144
3723	217	20	108	51	1789438871433532416	1789438871433533440	1789438871433533440	1789438871433534464	1789438871433535488	18010	1	23	1	42955801143547	42955801145808
3724	217	21	108	51	1789438871433535488	1789438871433535488	1789438871433535488	1789438871433536512	1789438871433537536	18011	0	24	1	42955801150150	42955801151907
3725	217	19	398	51	1789438871433537536	1789438871433538560	1789438871433538560	1789438871433539584	1789438871433540608	18011	1	22	1	42955801157229	42955801159485
3726	217	19	330	51	1789438871433541632	1789438871433541632	1789438871433541632	1789438871433542656	1789438871433543680	18012	0	22	1	42955801163828	42955801166241
3727	217	23	330	51	1789438871433543680	1789438871433544704	1789438871433544704	1789438871433569280	1789438871433570304	18012	2	26	3	42955801172425	42955801233269
3728	217	19	142	51	1789438871433570304	1789438871433570304	1789438871433570304	1789438871433571328	1789438871433573376	18014	0	22	1	42955801237775	42955801240008
3729	217	23	142	51	1789438871433573376	1789438871433573376	1789438871433573376	1789438871433592832	1789438871433593856	18014	0	26	3	42955801244376	42955801293351
3730	217	25	58	51	1789438871433594880	1789438871433662464	1789438871433662464	1789438871433664512	1789438871433665536	18014	4	31	1	42955801469083	42955801473612
3731	217	28	62	51	1789438871433665536	1789438871433697280	1789438871433697280	1789438871433700352	1789438871433701376	18018	16	34	2	42955801557044	42955801563468
3732	218	7	73	53	1789438871433244672	1789438871433276416	1789438871433276416	1789438871433277440	1789438871433278464	18034	1	6	1	42961563775455	42961563777304
3733	218	5	107	53	1789438871433278464	1789438871433279488	1789438871433279488	1789438871433280512	1789438871433281536	18035	1	4	1	42961563782922	42961563785306
3734	218	6	107	53	1789438871433281536	1789438871433282560	1789438871433282560	1789438871433282560	1789438871433284608	18036	0	5	1	42961563789798	42961563791657
3735	218	4	397	53	1789438871433284608	1789438871433284608	1789438871433285632	1789438871433286656	1789438871433287680	18036	1	3	1	42961563797223	42961563799764
3736	218	4	329	53	1789438871433287680	1789438871433287680	1789438871433287680	1789438871433288704	1789438871433289728	18037	0	3	1	42961563804125	42961563806670
3737	218	8	329	53	1789438871433290752	1789438871433290752	1789438871433290752	1789438871433315328	1789438871433317376	18037	2	7	3	42961563811967	42961563873452
3738	218	4	109	53	1789438871433317376	1789438871433317376	1789438871433317376	1789438871433318400	1789438871433320448	18039	0	3	1	42961563877928	42961563880846
3739	218	8	109	53	1789438871433320448	1789438871433320448	1789438871433321472	1789438871433341952	1789438871433344000	18039	0	7	3	42961563887960	42961563941440
3740	218	22	73	53	1789438871433344000	1789438871433530368	1789438871433530368	1789438871433531392	1789438871433532416	18039	1	25	1	42961564415301	42961564417120
3741	218	20	107	53	1789438871433532416	1789438871433533440	1789438871433533440	1789438871433534464	1789438871433535488	18040	1	23	1	42961564422700	42961564425045
3742	218	21	107	53	1789438871433535488	1789438871433536512	1789438871433536512	1789438871433536512	1789438871433538560	18041	0	24	1	42961564429556	42961564431418
3743	218	19	397	53	1789438871433538560	1789438871433538560	1789438871433538560	1789438871433539584	1789438871433541632	18041	1	22	1	42961564436922	42961564439261
3744	218	19	329	53	1789438871433541632	1789438871433541632	1789438871433541632	1789438871433542656	1789438871433543680	18042	0	22	1	42961564443807	42961564446311
3745	218	23	329	53	1789438871433543680	1789438871433544704	1789438871433544704	1789438871433569280	1789438871433570304	18042	2	26	3	42961564451756	42961564512813
3746	218	19	141	53	1789438871433571328	1789438871433571328	1789438871433571328	1789438871433572352	1789438871433573376	18044	0	22	1	42961564517482	42961564519797
3747	218	23	141	53	1789438871433573376	1789438871433573376	1789438871433573376	1789438871433592832	1789438871433594880	18044	0	26	3	42961564524344	42961564573369
3748	218	25	57	53	1789438871433594880	1789438871433662464	1789438871433662464	1789438871433664512	1789438871433665536	18044	4	31	1	42961564748057	42961564752728
3749	218	28	61	53	1789438871433665536	1789438871433697280	1789438871433697280	1789438871433700352	1789438871433701376	18048	16	34	2	42961564836066	42961564842718
3750	219	7	72	55	1789438871433244672	1789438871433276416	1789438871433276416	1789438871433277440	1789438871433278464	18064	1	6	1	42921751168405	42921751170311
3751	219	5	106	55	1789438871433278464	1789438871433279488	1789438871433279488	1789438871433280512	1789438871433281536	18065	1	4	1	42921751175833	42921751178290
3752	219	6	106	55	1789438871433281536	1789438871433282560	1789438871433282560	1789438871433282560	1789438871433284608	18066	0	5	1	42921751182619	42921751184553
3753	219	4	396	55	1789438871433284608	1789438871433285632	1789438871433285632	1789438871433286656	1789438871433287680	18066	1	3	1	42921751190251	42921751192880
3754	219	4	328	55	1789438871433287680	1789438871433287680	1789438871433287680	1789438871433288704	1789438871433290752	18067	0	3	1	42921751197363	42921751199992
3755	219	8	328	55	1789438871433290752	1789438871433290752	1789438871433290752	1789438871433315328	1789438871433316352	18067	2	7	3	42921751205485	42921751265901
3756	219	4	108	55	1789438871433317376	1789438871433317376	1789438871433317376	1789438871433318400	1789438871433320448	18069	0	3	1	42921751270658	42921751273580
3757	219	8	108	55	1789438871433320448	1789438871433320448	1789438871433321472	1789438871433341952	1789438871433344000	18069	0	7	3	42921751280594	42921751334204
3758	219	22	72	55	1789438871433344000	1789438871433530368	1789438871433530368	1789438871433531392	1789438871433532416	18069	1	25	1	42921751808032	42921751809976
3759	219	20	106	55	1789438871433532416	1789438871433533440	1789438871433533440	1789438871433534464	1789438871433535488	18070	1	23	1	42921751815729	42921751818143
3760	219	21	106	55	1789438871433536512	1789438871433536512	1789438871433536512	1789438871433537536	1789438871433538560	18071	0	24	1	42921751822785	42921751824718
3761	219	19	396	55	1789438871433538560	1789438871433539584	1789438871433539584	1789438871433540608	1789438871433541632	18071	1	22	1	42921751830435	42921751832844
3762	219	19	328	55	1789438871433541632	1789438871433541632	1789438871433542656	1789438871433543680	1789438871433544704	18072	0	22	1	42921751837553	42921751840141
3763	219	23	328	55	1789438871433544704	1789438871433545728	1789438871433545728	1789438871433569280	1789438871433571328	18072	2	26	3	42921751846183	42921751905829
3764	219	19	140	55	1789438871433571328	1789438871433571328	1789438871433571328	1789438871433572352	1789438871433573376	18074	0	22	1	42921751910645	42921751913037
3765	219	23	140	55	1789438871433574400	1789438871433574400	1789438871433574400	1789438871433593856	1789438871433594880	18074	0	26	3	42921751917735	42921751966799
3766	219	25	56	55	1789438871433594880	1789438871433662464	1789438871433662464	1789438871433664512	1789438871433665536	18074	4	31	1	42921752140720	42921752145530
3767	219	28	60	55	1789438871433666560	1789438871433697280	1789438871433697280	1789438871433700352	1789438871433701376	18078	16	34	2	42921752228684	42921752235564
3768	220	7	71	57	1789438871433244672	1789438871433276416	1789438871433276416	1789438871433277440	1789438871433278464	18094	1	6	1	42943322079544	42943322081432
3769	220	5	105	57	1789438871433278464	1789438871433279488	1789438871433279488	1789438871433280512	1789438871433281536	18095	1	4	1	42943322086958	42943322089414
3770	220	6	105	57	1789438871433281536	1789438871433282560	1789438871433282560	1789438871433282560	1789438871433284608	18096	0	5	1	42943322093746	42943322095621
3771	220	4	395	57	1789438871433284608	1789438871433284608	1789438871433284608	1789438871433285632	1789438871433287680	18096	1	3	1	42943322101066	42943322103726
3772	220	4	327	57	1789438871433287680	1789438871433287680	1789438871433287680	1789438871433288704	1789438871433289728	18097	0	3	1	42943322108241	42943322110849
3773	220	8	327	57	1789438871433290752	1789438871433290752	1789438871433290752	1789438871433315328	1789438871433317376	18097	2	7	3	42943322116309	42943322178014
3774	220	4	107	57	1789438871433317376	1789438871433317376	1789438871433317376	1789438871433318400	1789438871433321472	18099	0	3	1	42943322182813	42943322185869
3775	220	8	107	57	1789438871433321472	1789438871433321472	1789438871433322496	1789438871433342976	1789438871433345024	18099	0	7	3	42943322194309	42943322247352
3776	220	22	71	57	1789438871433345024	1789438871433530368	1789438871433530368	1789438871433531392	1789438871433532416	18099	1	25	1	42943322719233	42943322721202
3777	220	20	105	57	1789438871433532416	1789438871433533440	1789438871433533440	1789438871433534464	1789438871433535488	18100	1	23	1	42943322726921	42943322729372
3778	220	21	105	57	1789438871433536512	1789438871433536512	1789438871433536512	1789438871433537536	1789438871433538560	18101	0	24	1	42943322733994	42943322735926
3779	220	19	395	57	1789438871433538560	1789438871433539584	1789438871433539584	1789438871433540608	1789438871433541632	18101	1	22	1	42943322741578	42943322743957
3780	220	19	327	57	1789438871433541632	1789438871433541632	1789438871433542656	1789438871433543680	1789438871433544704	18102	0	22	1	42943322748658	42943322751256
3781	220	23	327	57	1789438871433544704	1789438871433545728	1789438871433545728	1789438871433569280	1789438871433571328	18102	2	26	3	42943322757137	42943322817321
3782	220	19	139	57	1789438871433571328	1789438871433571328	1789438871433571328	1789438871433572352	1789438871433573376	18104	0	22	1	42943322822134	42943322824521
3783	220	23	139	57	1789438871433574400	1789438871433574400	1789438871433574400	1789438871433593856	1789438871433594880	18104	0	26	3	42943322829213	42943322878610
3784	220	25	55	57	1789438871433595904	1789438871433662464	1789438871433662464	1789438871433664512	1789438871433665536	18104	4	31	1	42943323051984	42943323056699
3785	220	28	59	57	1789438871433665536	1789438871433697280	1789438871433697280	1789438871433700352	1789438871433701376	18108	16	34	2	42943323140005	42943323146924
3786	221	7	70	59	1789438871433244672	1789438871433276416	1789438871433276416	1789438871433277440	1789438871433278464	18124	1	6	1	42953061655784	42953061657616
3787	221	5	104	59	1789438871433278464	1789438871433279488	1789438871433279488	1789438871433280512	1789438871433281536	18125	1	4	1	42953061663237	42953061665637
3788	221	6	104	59	1789438871433281536	1789438871433282560	1789438871433282560	1789438871433282560	1789438871433284608	18126	0	5	1	42953061670096	42953061671963
3789	221	4	394	59	1789438871433284608	1789438871433284608	1789438871433284608	1789438871433285632	1789438871433287680	18126	1	3	1	42953061677405	42953061679947
3790	221	4	326	59	1789438871433287680	1789438871433287680	1789438871433287680	1789438871433288704	1789438871433289728	18127	0	3	1	42953061684301	42953061686825
3791	221	8	326	59	1789438871433289728	1789438871433290752	1789438871433290752	1789438871433315328	1789438871433316352	18127	2	7	3	42953061692281	42953061753614
3792	221	4	106	59	1789438871433317376	1789438871433317376	1789438871433317376	1789438871433318400	1789438871433321472	18129	0	3	1	42953061757899	42953061760890
3793	221	8	106	59	1789438871433321472	1789438871433321472	1789438871433321472	1789438871433342976	1789438871433344000	18129	0	7	3	42953061769403	42953061822574
3794	221	22	70	59	1789438871433344000	1789438871433530368	1789438871433530368	1789438871433531392	1789438871433532416	18129	1	25	1	42953062295604	42953062297465
3795	221	20	104	59	1789438871433532416	1789438871433533440	1789438871433533440	1789438871433534464	1789438871433535488	18130	1	23	1	42953062302942	42953062305283
3796	221	21	104	59	1789438871433535488	1789438871433536512	1789438871433536512	1789438871433536512	1789438871433538560	18131	0	24	1	42953062309733	42953062311571
3797	221	19	394	59	1789438871433538560	1789438871433538560	1789438871433538560	1789438871433539584	1789438871433541632	18131	1	22	1	42953062317033	42953062319335
3798	221	19	326	59	1789438871433541632	1789438871433541632	1789438871433541632	1789438871433542656	1789438871433543680	18132	0	22	1	42953062323860	42953062326363
3799	221	23	326	59	1789438871433543680	1789438871433544704	1789438871433544704	1789438871433569280	1789438871433570304	18132	2	26	3	42953062332047	42953062393074
3800	221	19	138	59	1789438871433571328	1789438871433571328	1789438871433571328	1789438871433572352	1789438871433573376	18134	0	22	1	42953062397750	42953062400064
3801	221	23	138	59	1789438871433573376	1789438871433573376	1789438871433573376	1789438871433592832	1789438871433594880	18134	0	26	3	42953062404599	42953062453790
3802	221	25	54	59	1789438871433594880	1789438871433662464	1789438871433662464	1789438871433664512	1789438871433665536	18134	4	31	1	42953062628381	42953062632971
3803	221	28	58	59	1789438871433665536	1789438871433697280	1789438871433697280	1789438871433700352	1789438871433701376	18138	16	34	2	42953062716389	42953062723055
3804	222	7	69	61	1789438871433244672	1789438871433276416	1789438871433276416	1789438871433277440	1789438871433278464	18154	1	6	1	42910819696406	42910819698125
3805	222	5	103	61	1789438871433278464	1789438871433279488	1789438871433279488	1789438871433280512	1789438871433281536	18155	1	4	1	42910819703340	42910819705604
3806	222	6	103	61	1789438871433281536	1789438871433281536	1789438871433281536	1789438871433282560	1789438871433283584	18156	0	5	1	42910819709950	42910819711735
3807	222	4	393	61	1789438871433283584	1789438871433284608	1789438871433284608	1789438871433285632	1789438871433286656	18156	1	3	1	42910819716908	42910819719379
3808	222	4	325	61	1789438871433286656	1789438871433287680	1789438871433287680	1789438871433288704	1789438871433289728	18157	0	3	1	42910819723600	42910819726066
3809	222	8	325	61	1789438871433289728	1789438871433290752	1789438871433290752	1789438871433315328	1789438871433316352	18157	2	7	3	42910819732446	42910819793551
3810	222	4	105	61	1789438871433316352	1789438871433316352	1789438871433316352	1789438871433317376	1789438871433320448	18159	0	3	1	42910819797343	42910819800208
3811	222	8	105	61	1789438871433320448	1789438871433320448	1789438871433320448	1789438871433341952	1789438871433342976	18159	0	7	3	42910819807110	42910819860679
3812	222	22	69	61	1789438871433342976	1789438871433530368	1789438871433530368	1789438871433531392	1789438871433532416	18159	1	25	1	42910820335942	42910820337735
3813	222	20	103	61	1789438871433532416	1789438871433533440	1789438871433533440	1789438871433534464	1789438871433535488	18160	1	23	1	42910820343044	42910820345309
3814	222	21	103	61	1789438871433535488	1789438871433535488	1789438871433535488	1789438871433536512	1789438871433537536	18161	0	24	1	42910820349569	42910820351379
3815	222	19	393	61	1789438871433537536	1789438871433538560	1789438871433538560	1789438871433539584	1789438871433540608	18161	1	22	1	42910820356623	42910820358857
3816	222	19	325	61	1789438871433540608	1789438871433541632	1789438871433541632	1789438871433542656	1789438871433543680	18162	0	22	1	42910820363205	42910820365612
3817	222	23	325	61	1789438871433543680	1789438871433544704	1789438871433544704	1789438871433569280	1789438871433570304	18162	2	26	3	42910820372015	42910820433216
3818	222	19	137	61	1789438871433570304	1789438871433571328	1789438871433571328	1789438871433571328	1789438871433573376	18164	0	22	1	42910820437722	42910820439967
3819	222	23	137	61	1789438871433573376	1789438871433573376	1789438871433573376	1789438871433592832	1789438871433594880	18164	0	26	3	42910820444384	42910820493170
3820	222	25	53	61	1789438871433594880	1789438871433662464	1789438871433662464	1789438871433664512	1789438871433665536	18164	4	31	1	42910820668574	42910820673017
3821	222	28	57	61	1789438871433665536	1789438871433697280	1789438871433697280	1789438871433700352	1789438871433701376	18168	16	34	2	42910820756537	42910820762956
3822	223	7	68	63	1789438871433244672	1789438871433276416	1789438871433276416	1789438871433277440	1789438871433278464	18184	1	6	1	42944198584165	42944198586037
3823	223	5	102	63	1789438871433278464	1789438871433279488	1789438871433279488	1789438871433280512	1789438871433281536	18185	1	4	1	42944198591482	42944198593897
3824	223	6	102	63	1789438871433281536	1789438871433282560	1789438871433282560	1789438871433282560	1789438871433283584	18186	0	5	1	42944198598180	42944198600071
3825	223	4	392	63	1789438871433284608	1789438871433284608	1789438871433284608	1789438871433285632	1789438871433287680	18186	1	3	1	42944198605433	42944198608009
3826	223	4	324	63	1789438871433287680	1789438871433287680	1789438871433287680	1789438871433288704	1789438871433289728	18187	0	3	1	42944198612343	42944198614926
3827	223	8	324	63	1789438871433289728	1789438871433290752	1789438871433290752	1789438871433315328	1789438871433317376	18187	2	7	3	42944198620505	42944198681757
3828	223	4	104	63	1789438871433317376	1789438871433317376	1789438871433317376	1789438871433318400	1789438871433320448	18189	0	3	1	42944198686397	42944198689326
3829	223	8	104	63	1789438871433320448	1789438871433320448	1789438871433321472	1789438871433342976	1789438871433344000	18189	0	7	3	42944198696392	42944198749987
3830	223	22	68	63	1789438871433344000	1789438871433530368	1789438871433530368	1789438871433531392	1789438871433532416	18189	1	25	1	42944199223721	42944199225692
3831	223	20	102	63	1789438871433532416	1789438871433533440	1789438871433533440	1789438871433534464	1789438871433535488	18190	1	23	1	42944199231227	42944199233586
3832	223	21	102	63	1789438871433536512	1789438871433536512	1789438871433536512	1789438871433536512	1789438871433538560	18191	0	24	1	42944199238103	42944199240016
3833	223	19	392	63	1789438871433538560	1789438871433539584	1789438871433539584	1789438871433539584	1789438871433541632	18191	1	22	1	42944199245582	42944199247901
3834	223	19	324	63	1789438871433541632	1789438871433541632	1789438871433541632	1789438871433542656	1789438871433543680	18192	0	22	1	42944199252547	42944199255077
3835	223	23	324	63	1789438871433544704	1789438871433544704	1789438871433544704	1789438871433569280	1789438871433571328	18192	2	26	3	42944199260423	42944199321422
3836	223	19	136	63	1789438871433571328	1789438871433571328	1789438871433571328	1789438871433572352	1789438871433573376	18194	0	22	1	42944199326184	42944199328537
3837	223	23	136	63	1789438871433573376	1789438871433574400	1789438871433574400	1789438871433593856	1789438871433594880	18194	0	26	3	42944199333172	42944199382470
3838	223	25	52	63	1789438871433594880	1789438871433662464	1789438871433662464	1789438871433664512	1789438871433665536	18194	4	31	1	42944199556519	42944199561255
3839	223	28	56	63	1789438871433665536	1789438871433697280	1789438871433697280	1789438871433700352	1789438871433701376	18198	16	34	2	42944199644504	42944199651293
3840	224	7	67	65	1789438871433244672	1789438871433276416	1789438871433276416	1789438871433277440	1789438871433278464	18214	1	6	1	42952127281770	42952127283712
3841	224	5	101	65	1789438871433278464	1789438871433279488	1789438871433279488	1789438871433280512	1789438871433282560	18215	1	4	1	42952127289512	42952127291969
3842	224	6	101	65	1789438871433282560	1789438871433282560	1789438871433282560	1789438871433283584	1789438871433284608	18216	0	5	1	42952127296756	42952127298679
3843	224	4	391	65	1789438871433284608	1789438871433285632	1789438871433285632	1789438871433286656	1789438871433287680	18216	1	3	1	42952127304466	42952127307132
3844	224	4	323	65	1789438871433288704	1789438871433288704	1789438871433288704	1789438871433289728	1789438871433290752	18217	0	3	1	42952127311694	42952127314356
3845	224	8	323	65	1789438871433290752	1789438871433291776	1789438871433291776	1789438871433316352	1789438871433318400	18217	2	7	3	42952127320477	42952127381949
3846	224	4	103	65	1789438871433318400	1789438871433318400	1789438871433318400	1789438871433319424	1789438871433321472	18219	0	3	1	42952127386800	42952127389707
3847	224	8	103	65	1789438871433322496	1789438871433322496	1789438871433322496	1789438871433344000	1789438871433345024	18219	0	7	3	42952127397804	42952127450850
3848	224	22	67	65	1789438871433346048	1789438871433530368	1789438871433530368	1789438871433531392	1789438871433532416	18219	1	25	1	42952127921511	42952127923558
3849	224	20	101	65	1789438871433532416	1789438871433533440	1789438871433533440	1789438871433534464	1789438871433536512	18220	1	23	1	42952127929361	42952127931824
3850	224	21	101	65	1789438871433536512	1789438871433536512	1789438871433536512	1789438871433537536	1789438871433538560	18221	0	24	1	42952127936520	42952127938497
3851	224	19	391	65	1789438871433538560	1789438871433539584	1789438871433539584	1789438871433540608	1789438871433541632	18221	1	22	1	42952127944220	42952127946650
3852	224	19	323	65	1789438871433542656	1789438871433542656	1789438871433542656	1789438871433543680	1789438871433544704	18222	0	22	1	42952127951424	42952127954071
3853	224	23	323	65	1789438871433544704	1789438871433545728	1789438871433546752	1789438871433569280	1789438871433571328	18222	2	26	3	42952127961629	42952128020175
3854	224	19	135	65	1789438871433571328	1789438871433571328	1789438871433571328	1789438871433572352	1789438871433574400	18224	0	22	1	42952128025050	42952128027462
3855	224	23	135	65	1789438871433574400	1789438871433574400	1789438871433574400	1789438871433593856	1789438871433595904	18224	0	26	3	42952128032218	42952128081988
3856	224	25	51	65	1789438871433595904	1789438871433662464	1789438871433662464	1789438871433664512	1789438871433665536	18224	4	31	1	42952128254336	42952128259191
3857	224	28	55	65	1789438871433666560	1789438871433697280	1789438871433697280	1789438871433700352	1789438871433702400	18228	16	34	2	42952128342321	42952128349395
3858	225	7	66	67	1789438871433244672	1789438871433276416	1789438871433276416	1789438871433277440	1789438871433278464	18244	1	6	1	42945873323473	42945873325472
3859	225	5	100	67	1789438871433278464	1789438871433279488	1789438871433279488	1789438871433280512	1789438871433282560	18245	1	4	1	42945873331300	42945873333885
3860	225	6	100	67	1789438871433282560	1789438871433282560	1789438871433282560	1789438871433283584	1789438871433284608	18246	0	5	1	42945873338358	42945873340399
3861	225	4	390	67	1789438871433284608	1789438871433285632	1789438871433285632	1789438871433286656	1789438871433288704	18246	1	3	1	42945873346243	42945873348982
3862	225	4	322	67	1789438871433288704	1789438871433288704	1789438871433288704	1789438871433289728	1789438871433290752	18247	0	3	1	42945873353700	42945873356494
3863	225	8	322	67	1789438871433290752	1789438871433292800	1789438871433292800	1789438871433315328	1789438871433317376	18247	2	7	3	42945873364814	42945873422050
3864	225	4	102	67	1789438871433317376	1789438871433317376	1789438871433317376	1789438871433319424	1789438871433321472	18249	0	3	1	42945873426957	42945873429880
3865	225	8	102	67	1789438871433321472	1789438871433321472	1789438871433321472	1789438871433342976	1789438871433345024	18249	0	7	3	42945873436598	42945873490302
3866	225	22	66	67	1789438871433345024	1789438871433530368	1789438871433530368	1789438871433531392	1789438871433532416	18249	1	25	1	42945873963137	42945873965246
3867	225	20	100	67	1789438871433533440	1789438871433533440	1789438871433533440	1789438871433534464	1789438871433536512	18250	1	23	1	42945873971317	42945873973832
3868	225	21	100	67	1789438871433536512	1789438871433536512	1789438871433536512	1789438871433537536	1789438871433538560	18251	0	24	1	42945873978691	42945873980739
3869	225	19	390	67	1789438871433539584	1789438871433539584	1789438871433539584	1789438871433540608	1789438871433542656	18251	1	22	1	42945873986667	42945873989119
3870	225	19	322	67	1789438871433542656	1789438871433542656	1789438871433542656	1789438871433543680	1789438871433545728	18252	0	22	1	42945873994031	42945873996705
3871	225	23	322	67	1789438871433545728	1789438871433546752	1789438871433546752	1789438871433569280	1789438871433571328	18252	2	26	3	42945874003739	42945874061603
3872	225	19	134	67	1789438871433571328	1789438871433571328	1789438871433571328	1789438871433572352	1789438871433574400	18254	0	22	1	42945874066697	42945874069193
3873	225	23	134	67	1789438871433574400	1789438871433574400	1789438871433574400	1789438871433594880	1789438871433595904	18254	0	26	3	42945874074106	42945874123996
3874	225	25	50	67	1789438871433595904	1789438871433662464	1789438871433662464	1789438871433664512	1789438871433666560	18254	4	31	1	42945874295945	42945874300909
3875	225	28	54	67	1789438871433666560	1789438871433697280	1789438871433697280	1789438871433700352	1789438871433702400	18258	16	34	2	42945874383888	42945874391207
3876	226	7	65	69	1789438871433244672	1789438871433276416	1789438871433276416	1789438871433277440	1789438871433278464	18274	1	6	1	42964216931045	42964216933058
3877	226	5	99	69	1789438871433279488	1789438871433279488	1789438871433279488	1789438871433280512	1789438871433282560	18275	1	4	1	42964216939107	42964216941624
3878	226	6	99	69	1789438871433282560	1789438871433282560	1789438871433282560	1789438871433283584	1789438871433284608	18276	0	5	1	42964216946551	42964216948583
3879	226	4	389	69	1789438871433285632	1789438871433285632	1789438871433285632	1789438871433286656	1789438871433288704	18276	1	3	1	42964216954582	42964216957323
3880	226	4	321	69	1789438871433288704	1789438871433288704	1789438871433288704	1789438871433289728	1789438871433291776	18277	0	3	1	42964216962127	42964216964875
3881	226	8	321	69	1789438871433291776	1789438871433292800	1789438871433292800	1789438871433316352	1789438871433318400	18277	2	7	3	42964216972469	42964217030908
3882	226	4	101	69	1789438871433318400	1789438871433318400	1789438871433318400	1789438871433319424	1789438871433321472	18279	0	3	1	42964217035987	42964217038997
3883	226	8	101	69	1789438871433322496	1789438871433322496	1789438871433322496	1789438871433344000	1789438871433345024	18279	0	7	3	42964217046159	42964217100098
3884	226	22	65	69	1789438871433345024	1789438871433530368	1789438871433530368	1789438871433531392	1789438871433532416	18279	1	25	1	42964217570802	42964217572881
3885	226	20	99	69	1789438871433533440	1789438871433533440	1789438871433533440	1789438871433534464	1789438871433536512	18280	1	23	1	42964217579009	42964217581529
3886	226	21	99	69	1789438871433536512	1789438871433536512	1789438871433536512	1789438871433537536	1789438871433538560	18281	0	24	1	42964217586421	42964217588459
3887	226	19	389	69	1789438871433539584	1789438871433539584	1789438871433539584	1789438871433540608	1789438871433542656	18281	1	22	1	42964217594427	42964217596963
3888	226	19	321	69	1789438871433542656	1789438871433542656	1789438871433542656	1789438871433543680	1789438871433545728	18282	0	22	1	42964217601955	42964217604722
3889	226	23	321	69	1789438871433545728	1789438871433547776	1789438871433547776	1789438871433570304	1789438871433571328	18282	2	26	3	42964217613901	42964217670298
3890	226	19	133	69	1789438871433572352	1789438871433572352	1789438871433572352	1789438871433573376	1789438871433574400	18284	0	22	1	42964217675439	42964217677931
3891	226	23	133	69	1789438871433574400	1789438871433575424	1789438871433575424	1789438871433594880	1789438871433596928	18284	0	26	3	42964217682856	42964217732735
3892	226	25	49	69	1789438871433596928	1789438871433662464	1789438871433662464	1789438871433664512	1789438871433666560	18284	4	31	1	42964217903684	42964217908702
3893	226	28	53	69	1789438871433666560	1789438871433697280	1789438871433697280	1789438871433700352	1789438871433702400	18288	16	34	2	42964217991628	42964217998917
3894	227	7	64	71	1789438871433244672	1789438871433276416	1789438871433276416	1789438871433277440	1789438871433278464	18304	1	6	1	42948816709133	42948816711085
3895	227	5	98	71	1789438871433278464	1789438871433279488	1789438871433279488	1789438871433280512	1789438871433282560	18305	1	4	1	42948816716757	42948816719265
3896	227	6	98	71	1789438871433282560	1789438871433282560	1789438871433282560	1789438871433283584	1789438871433284608	18306	0	5	1	42948816723890	42948816725852
3897	227	4	388	71	1789438871433284608	1789438871433285632	1789438871433285632	1789438871433286656	1789438871433287680	18306	1	3	1	42948816731654	42948816734301
3898	227	4	320	71	1789438871433288704	1789438871433288704	1789438871433288704	1789438871433289728	1789438871433290752	18307	0	3	1	42948816738927	42948816741583
3899	227	8	320	71	1789438871433290752	1789438871433291776	1789438871433291776	1789438871433315328	1789438871433316352	18307	2	7	3	42948816748563	42948816806216
3900	227	4	100	71	1789438871433316352	1789438871433317376	1789438871433317376	1789438871433318400	1789438871433320448	18309	0	3	1	42948816810897	42948816813765
3901	227	8	100	71	1789438871433320448	1789438871433320448	1789438871433320448	1789438871433341952	1789438871433344000	18309	0	7	3	42948816820538	42948816874099
3902	227	22	64	71	1789438871433344000	1789438871433530368	1789438871433530368	1789438871433531392	1789438871433532416	18309	1	25	1	42948817348910	42948817350945
3903	227	20	98	71	1789438871433532416	1789438871433533440	1789438871433533440	1789438871433534464	1789438871433536512	18310	1	23	1	42948817356896	42948817359354
3904	227	21	98	71	1789438871433536512	1789438871433536512	1789438871433536512	1789438871433537536	1789438871433538560	18311	0	24	1	42948817364067	42948817366044
3905	227	19	388	71	1789438871433538560	1789438871433539584	1789438871433539584	1789438871433540608	1789438871433542656	18311	1	22	1	42948817371832	42948817374279
3906	227	19	320	71	1789438871433542656	1789438871433542656	1789438871433542656	1789438871433543680	1789438871433544704	18312	0	22	1	42948817379073	42948817381688
3907	227	23	320	71	1789438871433544704	1789438871433546752	1789438871433546752	1789438871433569280	1789438871433571328	18312	2	26	3	42948817390314	42948817446308
3908	227	19	132	71	1789438871433571328	1789438871433571328	1789438871433571328	1789438871433572352	1789438871433573376	18314	0	22	1	42948817451230	42948817453661
3909	227	23	132	71	1789438871433573376	1789438871433574400	1789438871433574400	1789438871433593856	1789438871433594880	18314	0	26	3	42948817458414	42948817508081
3910	227	25	48	71	1789438871433595904	1789438871433662464	1789438871433662464	1789438871433664512	1789438871433665536	18314	4	31	1	42948817681755	42948817686666
3911	227	28	52	71	1789438871433666560	1789438871433697280	1789438871433697280	1789438871433700352	1789438871433702400	18318	16	34	2	42948817769774	42948817776738
3912	228	7	63	73	1789438871433244672	1789438871433276416	1789438871433276416	1789438871433277440	1789438871433278464	18334	1	6	1	42955800496720	42955800498609
3913	228	5	97	73	1789438871433278464	1789438871433279488	1789438871433279488	1789438871433280512	1789438871433281536	18335	1	4	1	42955800504413	42955800506774
3914	228	6	97	73	1789438871433282560	1789438871433282560	1789438871433282560	1789438871433282560	1789438871433284608	18336	0	5	1	42955800511250	42955800513110
3915	228	4	387	73	1789438871433284608	1789438871433285632	1789438871433285632	1789438871433286656	1789438871433287680	18336	1	3	1	42955800518765	42955800521350
3916	228	4	319	73	1789438871433287680	1789438871433287680	1789438871433287680	1789438871433288704	1789438871433290752	18337	0	3	1	42955800525837	42955800528430
3917	228	8	319	73	1789438871433290752	1789438871433290752	1789438871433291776	1789438871433315328	1789438871433316352	18337	2	7	3	42955800533854	42955800594478
3918	228	4	99	73	1789438871433317376	1789438871433317376	1789438871433317376	1789438871433318400	1789438871433320448	18339	0	3	1	42955800599010	42955800602026
3919	228	8	99	73	1789438871433321472	1789438871433321472	1789438871433321472	1789438871433342976	1789438871433344000	18339	0	7	3	42955800610276	42955800663030
3920	228	22	63	73	1789438871433344000	1789438871433530368	1789438871433530368	1789438871433531392	1789438871433532416	18339	1	25	1	42955801136532	42955801138424
3921	228	20	97	73	1789438871433532416	1789438871433533440	1789438871433533440	1789438871433534464	1789438871433535488	18340	1	23	1	42955801144091	42955801146477
3922	228	21	97	73	1789438871433536512	1789438871433536512	1789438871433536512	1789438871433537536	1789438871433538560	18341	0	24	1	42955801151153	42955801153061
3923	228	19	387	73	1789438871433538560	1789438871433539584	1789438871433539584	1789438871433540608	1789438871433541632	18341	1	22	1	42955801158727	42955801161101
3924	228	19	319	73	1789438871433541632	1789438871433541632	1789438871433541632	1789438871433542656	1789438871433544704	18342	0	22	1	42955801165727	42955801168268
3925	228	23	319	73	1789438871433544704	1789438871433544704	1789438871433545728	1789438871433569280	1789438871433570304	18342	2	26	3	42955801173593	42955801233840
3926	228	19	131	73	1789438871433571328	1789438871433571328	1789438871433571328	1789438871433572352	1789438871433573376	18344	0	22	1	42955801238466	42955801240823
3927	228	23	131	73	1789438871433573376	1789438871433573376	1789438871433573376	1789438871433593856	1789438871433594880	18344	0	26	3	42955801245411	42955801295785
3928	228	25	47	73	1789438871433595904	1789438871433662464	1789438871433662464	1789438871433664512	1789438871433665536	18344	4	31	1	42955801469340	42955801474109
3929	228	28	51	73	1789438871433666560	1789438871433697280	1789438871433697280	1789438871433700352	1789438871433701376	18348	16	34	2	42955801557389	42955801564132
3930	229	7	62	75	1789438871433244672	1789438871433276416	1789438871433276416	1789438871433277440	1789438871433278464	18364	1	6	1	42961563775679	42961563777647
3931	229	5	96	75	1789438871433278464	1789438871433279488	1789438871433279488	1789438871433280512	1789438871433282560	18365	1	4	1	42961563783675	42961563786154
3932	229	6	96	75	1789438871433282560	1789438871433282560	1789438871433282560	1789438871433283584	1789438871433284608	18366	0	5	1	42961563790978	42961563792940
3933	229	4	386	75	1789438871433284608	1789438871433285632	1789438871433285632	1789438871433286656	1789438871433288704	18366	1	3	1	42961563798943	42961563801650
3934	229	4	318	75	1789438871433288704	1789438871433288704	1789438871433288704	1789438871433289728	1789438871433290752	18367	0	3	1	42961563806034	42961563808692
3935	229	8	318	75	1789438871433290752	1789438871433292800	1789438871433292800	1789438871433316352	1789438871433317376	18367	2	7	3	42961563817364	42961563874692
3936	229	4	98	75	1789438871433317376	1789438871433317376	1789438871433317376	1789438871433318400	1789438871433321472	18369	0	3	1	42961563878996	42961563881996
3937	229	8	98	75	1789438871433321472	1789438871433321472	1789438871433321472	1789438871433342976	1789438871433344000	18369	0	7	3	42961563889680	42961563942276
3938	229	22	62	75	1789438871433344000	1789438871433530368	1789438871433530368	1789438871433531392	1789438871433532416	18369	1	25	1	42961564415479	42961564417435
3939	229	20	96	75	1789438871433532416	1789438871433533440	1789438871433533440	1789438871433534464	1789438871433536512	18370	1	23	1	42961564423281	42961564425737
3940	229	21	96	75	1789438871433536512	1789438871433536512	1789438871433536512	1789438871433537536	1789438871433538560	18371	0	24	1	42961564430580	42961564432558
3941	229	19	386	75	1789438871433538560	1789438871433539584	1789438871433539584	1789438871433540608	1789438871433542656	18371	1	22	1	42961564438412	42961564440861
3942	229	19	318	75	1789438871433542656	1789438871433542656	1789438871433542656	1789438871433543680	1789438871433544704	18372	0	22	1	42961564445651	42961564448348
3943	229	23	318	75	1789438871433544704	1789438871433545728	1789438871433545728	1789438871433570304	1789438871433571328	18372	2	26	3	42961564454652	42961564516140
3944	229	19	130	75	1789438871433572352	1789438871433572352	1789438871433572352	1789438871433573376	1789438871433576448	18374	0	22	1	42961564520131	42961564523891
3945	229	23	130	75	1789438871433576448	1789438871433576448	1789438871433576448	1789438871433596928	1789438871433598976	18374	0	26	3	42961564532304	42961564583421
3946	229	25	46	75	1789438871433598976	1789438871433662464	1789438871433662464	1789438871433664512	1789438871433665536	18374	4	31	1	42961564748347	42961564753224
3947	229	28	50	75	1789438871433666560	1789438871433697280	1789438871433697280	1789438871433700352	1789438871433702400	18378	16	34	2	42961564836343	42961564843326
3948	230	7	61	77	1789438871433244672	1789438871433276416	1789438871433276416	1789438871433277440	1789438871433278464	18394	1	6	1	42921751168636	42921751170663
3949	230	5	95	77	1789438871433279488	1789438871433279488	1789438871433279488	1789438871433280512	1789438871433282560	18395	1	4	1	42921751176785	42921751179301
3950	230	6	95	77	1789438871433282560	1789438871433282560	1789438871433282560	1789438871433283584	1789438871433284608	18396	0	5	1	42921751184235	42921751186260
3951	230	4	385	77	1789438871433285632	1789438871433285632	1789438871433285632	1789438871433286656	1789438871433288704	18396	1	3	1	42921751192105	42921751194878
3952	230	4	317	77	1789438871433288704	1789438871433288704	1789438871433288704	1789438871433289728	1789438871433291776	18397	0	3	1	42921751199615	42921751202429
3953	230	8	317	77	1789438871433291776	1789438871433292800	1789438871433293824	1789438871433316352	1789438871433318400	18397	2	7	3	42921751211243	42921751268458
3954	230	4	97	77	1789438871433318400	1789438871433318400	1789438871433318400	1789438871433319424	1789438871433321472	18399	0	3	1	42921751273424	42921751276326
3955	230	8	97	77	1789438871433321472	1789438871433322496	1789438871433322496	1789438871433342976	1789438871433345024	18399	0	7	3	42921751283028	42921751336624
3956	230	22	61	77	1789438871433345024	1789438871433530368	1789438871433530368	1789438871433531392	1789438871433532416	18399	1	25	1	42921751808252	42921751810258
3957	230	20	95	77	1789438871433533440	1789438871433533440	1789438871433533440	1789438871433534464	1789438871433536512	18400	1	23	1	42921751816533	42921751819060
3958	230	21	95	77	1789438871433536512	1789438871433536512	1789438871433536512	1789438871433537536	1789438871433538560	18401	0	24	1	42921751823930	42921751825959
3959	230	19	385	77	1789438871433539584	1789438871433539584	1789438871433539584	1789438871433540608	1789438871433542656	18401	1	22	1	42921751831819	42921751834336
3960	230	19	317	77	1789438871433542656	1789438871433542656	1789438871433542656	1789438871433543680	1789438871433545728	18402	0	22	1	42921751839368	42921751842081
3961	230	23	317	77	1789438871433545728	1789438871433546752	1789438871433547776	1789438871433570304	1789438871433572352	18402	2	26	3	42921751851564	42921751908519
3962	230	19	129	77	1789438871433572352	1789438871433572352	1789438871433572352	1789438871433573376	1789438871433575424	18404	0	22	1	42921751913311	42921751915817
3963	230	23	129	77	1789438871433575424	1789438871433575424	1789438871433575424	1789438871433594880	1789438871433596928	18404	0	26	3	42921751920790	42921751970769
3964	230	25	45	77	1789438871433596928	1789438871433662464	1789438871433662464	1789438871433664512	1789438871433666560	18404	4	31	1	42921752141009	42921752146041
3965	230	28	49	77	1789438871433666560	1789438871433697280	1789438871433697280	1789438871433700352	1789438871433702400	18408	16	34	2	42921752228978	42921752236263
3966	231	7	60	79	1789438871433244672	1789438871433276416	1789438871433276416	1789438871433277440	1789438871433278464	18424	1	6	1	42943322079780	42943322081791
3967	231	5	94	79	1789438871433278464	1789438871433279488	1789438871433279488	1789438871433280512	1789438871433282560	18425	1	4	1	42943322087885	42943322090492
3968	231	6	94	79	1789438871433282560	1789438871433282560	1789438871433282560	1789438871433283584	1789438871433284608	18426	0	5	1	42943322095251	42943322097271
3969	231	4	384	79	1789438871433284608	1789438871433285632	1789438871433285632	1789438871433286656	1789438871433288704	18426	1	3	1	42943322103357	42943322106157
3970	231	4	316	79	1789438871433288704	1789438871433288704	1789438871433288704	1789438871433289728	1789438871433291776	18427	0	3	1	42943322110653	42943322113386
3971	231	8	316	79	1789438871433291776	1789438871433292800	1789438871433293824	1789438871433315328	1789438871433317376	18427	2	7	3	42943322122165	42943322178096
3972	231	4	96	79	1789438871433317376	1789438871433317376	1789438871433317376	1789438871433318400	1789438871433321472	18429	0	3	1	42943322183157	42943322186032
3973	231	8	96	79	1789438871433321472	1789438871433321472	1789438871433321472	1789438871433342976	1789438871433345024	18429	0	7	3	42943322193076	42943322247053
3974	231	22	60	79	1789438871433345024	1789438871433530368	1789438871433530368	1789438871433531392	1789438871433532416	18429	1	25	1	42943322719458	42943322721486
3975	231	20	94	79	1789438871433533440	1789438871433533440	1789438871433533440	1789438871433534464	1789438871433536512	18430	1	23	1	42943322727655	42943322730234
3976	231	21	94	79	1789438871433536512	1789438871433536512	1789438871433536512	1789438871433537536	1789438871433538560	18431	0	24	1	42943322735210	42943322737258
3977	231	19	384	79	1789438871433539584	1789438871433539584	1789438871433539584	1789438871433540608	1789438871433542656	18431	1	22	1	42943322743224	42943322745771
3978	231	19	316	79	1789438871433542656	1789438871433542656	1789438871433542656	1789438871433543680	1789438871433545728	18432	0	22	1	42943322750693	42943322753408
3979	231	23	316	79	1789438871433545728	1789438871433546752	1789438871433546752	1789438871433570304	1789438871433571328	18432	2	26	3	42943322760596	42943322819268
3980	231	19	128	79	1789438871433571328	1789438871433572352	1789438871433572352	1789438871433573376	1789438871433575424	18434	0	22	1	42943322823628	42943322826121
3981	231	23	128	79	1789438871433575424	1789438871433575424	1789438871433576448	1789438871433596928	1789438871433598976	18434	0	26	3	42943322833780	42943322887253
3982	231	25	44	79	1789438871433598976	1789438871433662464	1789438871433662464	1789438871433664512	1789438871433666560	18434	4	31	1	42943323052267	42943323057319
3983	231	28	48	79	1789438871433666560	1789438871433697280	1789438871433697280	1789438871433700352	1789438871433702400	18438	16	34	2	42943323140240	42943323147500
3984	232	7	59	81	1789438871433244672	1789438871433276416	1789438871433276416	1789438871433277440	1789438871433278464	18454	1	6	1	42953061656006	42953061657945
3985	232	5	93	81	1789438871433278464	1789438871433279488	1789438871433279488	1789438871433280512	1789438871433282560	18455	1	4	1	42953061663789	42953061666230
3986	232	6	93	81	1789438871433282560	1789438871433282560	1789438871433282560	1789438871433283584	1789438871433284608	18456	0	5	1	42953061670926	42953061672892
3987	232	4	383	81	1789438871433284608	1789438871433285632	1789438871433285632	1789438871433286656	1789438871433287680	18456	1	3	1	42953061678799	42953061681303
3988	232	4	315	81	1789438871433288704	1789438871433288704	1789438871433288704	1789438871433289728	1789438871433290752	18457	0	3	1	42953061686067	42953061688499
3989	232	8	315	81	1789438871433290752	1789438871433291776	1789438871433292800	1789438871433315328	1789438871433317376	18457	2	7	3	42953061695594	42953061754023
3990	232	4	95	81	1789438871433317376	1789438871433317376	1789438871433318400	1789438871433319424	1789438871433321472	18459	0	3	1	42953061760040	42953061763412
3991	232	8	95	81	1789438871433321472	1789438871433321472	1789438871433321472	1789438871433342976	1789438871433344000	18459	0	7	3	42953061769965	42953061822055
3992	232	22	59	81	1789438871433344000	1789438871433530368	1789438871433530368	1789438871433531392	1789438871433532416	18459	1	25	1	42953062295789	42953062297746
3993	232	20	93	81	1789438871433532416	1789438871433533440	1789438871433533440	1789438871433534464	1789438871433536512	18460	1	23	1	42953062303591	42953062306049
3994	232	21	93	81	1789438871433536512	1789438871433536512	1789438871433536512	1789438871433537536	1789438871433538560	18461	0	24	1	42953062310867	42953062312860
3995	232	19	383	81	1789438871433538560	1789438871433539584	1789438871433539584	1789438871433540608	1789438871433542656	18461	1	22	1	42953062318877	42953062321314
3996	232	19	315	81	1789438871433542656	1789438871433542656	1789438871433542656	1789438871433543680	1789438871433544704	18462	0	22	1	42953062326053	42953062328462
3997	232	23	315	81	1789438871433544704	1789438871433546752	1789438871433546752	1789438871433569280	1789438871433571328	18462	2	26	3	42953062336782	42953062394359
3998	232	19	127	81	1789438871433571328	1789438871433571328	1789438871433572352	1789438871433574400	1789438871433576448	18464	0	22	1	42953062400462	42953062404995
3999	232	23	127	81	1789438871433576448	1789438871433576448	1789438871433576448	1789438871433597952	1789438871433598976	18464	0	26	3	42953062411739	42953062464954
4000	232	25	43	81	1789438871433600000	1789438871433662464	1789438871433662464	1789438871433664512	1789438871433666560	18464	4	31	1	42953062628669	42953062633603
4001	232	28	47	81	1789438871433666560	1789438871433697280	1789438871433697280	1789438871433700352	1789438871433702400	18468	16	34	2	42953062716654	42953062723769
4002	233	7	58	83	1789438871433244672	1789438871433276416	1789438871433276416	1789438871433277440	1789438871433278464	18484	1	6	1	42910819696569	42910819698439
4003	233	5	92	83	1789438871433278464	1789438871433279488	1789438871433279488	1789438871433280512	1789438871433281536	18485	1	4	1	42910819704203	42910819706552
4004	233	6	92	83	1789438871433282560	1789438871433282560	1789438871433282560	1789438871433282560	1789438871433284608	18486	0	5	1	42910819710972	42910819712866
4005	233	4	382	83	1789438871433284608	1789438871433285632	1789438871433285632	1789438871433286656	1789438871433287680	18486	1	3	1	42910819718565	42910819721027
4006	233	4	314	83	1789438871433287680	1789438871433287680	1789438871433287680	1789438871433288704	1789438871433289728	18487	0	3	1	42910819725317	42910819727685
4007	233	8	314	83	1789438871433290752	1789438871433290752	1789438871433290752	1789438871433315328	1789438871433317376	18487	2	7	3	42910819733018	42910819794428
4008	233	4	94	83	1789438871433317376	1789438871433317376	1789438871433318400	1789438871433319424	1789438871433321472	18489	0	3	1	42910819800388	42910819803885
4009	233	8	94	83	1789438871433321472	1789438871433321472	1789438871433321472	1789438871433341952	1789438871433344000	18489	0	7	3	42910819810309	42910819861988
4010	233	22	58	83	1789438871433344000	1789438871433530368	1789438871433530368	1789438871433531392	1789438871433532416	18489	1	25	1	42910820336176	42910820338017
4011	233	20	92	83	1789438871433532416	1789438871433533440	1789438871433533440	1789438871433534464	1789438871433536512	18490	1	23	1	42910820343835	42910820346204
4012	233	21	92	83	1789438871433536512	1789438871433536512	1789438871433536512	1789438871433537536	1789438871433538560	18491	0	24	1	42910820350785	42910820352694
4013	233	19	382	83	1789438871433538560	1789438871433539584	1789438871433539584	1789438871433540608	1789438871433541632	18491	1	22	1	42910820358499	42910820360843
4014	233	19	314	83	1789438871433541632	1789438871433541632	1789438871433542656	1789438871433542656	1789438871433544704	18492	0	22	1	42910820365468	42910820367805
4015	233	23	314	83	1789438871433544704	1789438871433545728	1789438871433545728	1789438871433569280	1789438871433570304	18492	2	26	3	42910820373463	42910820433791
4016	233	19	126	83	1789438871433571328	1789438871433571328	1789438871433572352	1789438871433573376	1789438871433575424	18494	0	22	1	42910820440018	42910820444585
4017	233	23	126	83	1789438871433575424	1789438871433576448	1789438871433576448	1789438871433596928	1789438871433598976	18494	0	26	3	42910820450733	42910820503542
4018	233	25	42	83	1789438871433598976	1789438871433662464	1789438871433662464	1789438871433664512	1789438871433665536	18494	4	31	1	42910820668866	42910820673681
4019	233	28	46	83	1789438871433666560	1789438871433697280	1789438871433697280	1789438871433700352	1789438871433701376	18498	16	34	2	42910820756815	42910820763637
4020	234	7	57	85	1789438871433244672	1789438871433276416	1789438871433276416	1789438871433277440	1789438871433278464	18514	1	6	1	42944198584097	42944198585866
4021	234	5	91	85	1789438871433278464	1789438871433279488	1789438871433279488	1789438871433280512	1789438871433281536	18515	1	4	1	42944198591364	42944198593651
4022	234	6	91	85	1789438871433281536	1789438871433281536	1789438871433282560	1789438871433282560	1789438871433283584	18516	0	5	1	42944198598082	42944198599934
4023	234	4	381	85	1789438871433284608	1789438871433284608	1789438871433284608	1789438871433285632	1789438871433287680	18516	1	3	1	42944198605420	42944198607716
4024	234	4	313	85	1789438871433287680	1789438871433287680	1789438871433287680	1789438871433288704	1789438871433289728	18517	0	3	1	42944198612172	42944198614457
4025	234	8	313	85	1789438871433289728	1789438871433290752	1789438871433290752	1789438871433315328	1789438871433316352	18517	2	7	3	42944198620219	42944198681286
4026	234	4	93	85	1789438871433316352	1789438871433317376	1789438871433317376	1789438871433318400	1789438871433321472	18519	0	3	1	42944198686607	42944198690267
4027	234	8	93	85	1789438871433321472	1789438871433321472	1789438871433321472	1789438871433341952	1789438871433342976	18519	0	7	3	42944198696738	42944198748466
4028	234	22	57	85	1789438871433342976	1789438871433530368	1789438871433530368	1789438871433531392	1789438871433532416	18519	1	25	1	42944199223680	42944199225464
4029	234	20	91	85	1789438871433532416	1789438871433533440	1789438871433533440	1789438871433534464	1789438871433535488	18520	1	23	1	42944199230856	42944199233175
4030	234	21	91	85	1789438871433535488	1789438871433535488	1789438871433535488	1789438871433536512	1789438871433537536	18521	0	24	1	42944199237607	42944199239477
4031	234	19	381	85	1789438871433538560	1789438871433538560	1789438871433538560	1789438871433539584	1789438871433541632	18521	1	22	1	42944199244712	42944199247056
4032	234	19	313	85	1789438871433541632	1789438871433541632	1789438871433541632	1789438871433542656	1789438871433543680	18522	0	22	1	42944199251674	42944199253932
4033	234	23	313	85	1789438871433543680	1789438871433544704	1789438871433544704	1789438871433569280	1789438871433570304	18522	2	26	3	42944199259704	42944199320918
4034	234	19	125	85	1789438871433571328	1789438871433571328	1789438871433571328	1789438871433573376	1789438871433575424	18524	0	22	1	42944199327497	42944199331424
4035	234	23	125	85	1789438871433575424	1789438871433575424	1789438871433575424	1789438871433596928	1789438871433598976	18524	0	26	3	42944199337992	42944199391217
4036	234	25	41	85	1789438871433598976	1789438871433662464	1789438871433662464	1789438871433664512	1789438871433665536	18524	4	31	1	42944199556409	42944199561069
4037	234	28	45	85	1789438871433665536	1789438871433697280	1789438871433697280	1789438871433700352	1789438871433701376	18528	16	34	2	42944199644426	42944199651000
4038	235	7	56	87	1789438871433244672	1789438871433276416	1789438871433276416	1789438871433277440	1789438871433278464	18544	1	6	1	42952127281676	42952127283583
4039	235	5	90	87	1789438871433278464	1789438871433279488	1789438871433279488	1789438871433280512	1789438871433281536	18545	1	4	1	42952127289370	42952127291744
4040	235	6	90	87	1789438871433282560	1789438871433282560	1789438871433282560	1789438871433283584	1789438871433284608	18546	0	5	1	42952127296382	42952127298301
4041	235	4	380	87	1789438871433284608	1789438871433285632	1789438871433285632	1789438871433286656	1789438871433287680	18546	1	3	1	42952127304029	42952127306427
4042	235	4	312	87	1789438871433287680	1789438871433287680	1789438871433287680	1789438871433288704	1789438871433290752	18547	0	3	1	42952127310993	42952127313348
4043	235	8	312	87	1789438871433290752	1789438871433291776	1789438871433291776	1789438871433315328	1789438871433317376	18547	2	7	3	42952127319002	42952127379779
4044	235	4	92	87	1789438871433317376	1789438871433317376	1789438871433318400	1789438871433319424	1789438871433321472	18549	0	3	1	42952127385797	42952127389123
4045	235	8	92	87	1789438871433321472	1789438871433321472	1789438871433321472	1789438871433341952	1789438871433344000	18549	0	7	3	42952127395567	42952127447506
4046	235	22	56	87	1789438871433344000	1789438871433530368	1789438871433530368	1789438871433531392	1789438871433532416	18549	1	25	1	42952127921409	42952127923331
4047	235	20	90	87	1789438871433532416	1789438871433533440	1789438871433533440	1789438871433534464	1789438871433536512	18550	1	23	1	42952127929207	42952127931590
4048	235	21	90	87	1789438871433536512	1789438871433536512	1789438871433536512	1789438871433537536	1789438871433538560	18551	0	24	1	42952127936211	42952127938147
4049	235	19	380	87	1789438871433538560	1789438871433539584	1789438871433539584	1789438871433540608	1789438871433541632	18551	1	22	1	42952127943983	42952127946332
4050	235	19	312	87	1789438871433541632	1789438871433541632	1789438871433542656	1789438871433542656	1789438871433544704	18552	0	22	1	42952127950950	42952127953291
4051	235	23	312	87	1789438871433544704	1789438871433545728	1789438871433545728	1789438871433569280	1789438871433571328	18552	2	26	3	42952127959323	42952128020216
4052	235	19	124	87	1789438871433571328	1789438871433571328	1789438871433571328	1789438871433573376	1789438871433575424	18554	0	22	1	42952128025429	42952128029671
4053	235	23	124	87	1789438871433576448	1789438871433576448	1789438871433576448	1789438871433596928	1789438871433598976	18554	0	26	3	42952128036491	42952128089509
4054	235	25	40	87	1789438871433598976	1789438871433662464	1789438871433662464	1789438871433664512	1789438871433665536	18554	4	31	1	42952128254223	42952128258947
4055	235	28	44	87	1789438871433665536	1789438871433697280	1789438871433697280	1789438871433700352	1789438871433701376	18558	16	34	2	42952128342260	42952128349097
4056	236	7	55	89	1789438871433244672	1789438871433276416	1789438871433276416	1789438871433277440	1789438871433278464	18574	1	6	1	42945873323352	42945873325303
4057	236	5	89	89	1789438871433278464	1789438871433279488	1789438871433279488	1789438871433280512	1789438871433282560	18575	1	4	1	42945873331089	42945873333545
4058	236	6	89	89	1789438871433282560	1789438871433282560	1789438871433282560	1789438871433283584	1789438871433284608	18576	0	5	1	42945873338152	42945873340125
4059	236	4	379	89	1789438871433284608	1789438871433285632	1789438871433285632	1789438871433286656	1789438871433287680	18576	1	3	1	42945873346062	42945873348518
4060	236	4	311	89	1789438871433288704	1789438871433288704	1789438871433288704	1789438871433289728	1789438871433290752	18577	0	3	1	42945873353241	42945873355659
4061	236	8	311	89	1789438871433290752	1789438871433291776	1789438871433291776	1789438871433315328	1789438871433317376	18577	2	7	3	42945873362820	42945873421073
4062	236	4	91	89	1789438871433317376	1789438871433317376	1789438871433317376	1789438871433319424	1789438871433321472	18579	0	3	1	42945873426998	42945873430166
4063	236	8	91	89	1789438871433321472	1789438871433321472	1789438871433321472	1789438871433341952	1789438871433344000	18579	0	7	3	42945873436472	42945873488777
4064	236	22	55	89	1789438871433344000	1789438871433530368	1789438871433530368	1789438871433531392	1789438871433532416	18579	1	25	1	42945873963003	42945873964976
4065	236	20	89	89	1789438871433532416	1789438871433533440	1789438871433533440	1789438871433534464	1789438871433536512	18580	1	23	1	42945873971002	42945873973467
4066	236	21	89	89	1789438871433536512	1789438871433536512	1789438871433536512	1789438871433537536	1789438871433538560	18581	0	24	1	42945873978221	42945873980218
4067	236	19	379	89	1789438871433538560	1789438871433539584	1789438871433539584	1789438871433540608	1789438871433541632	18581	1	22	1	42945873986020	42945873988502
4068	236	19	311	89	1789438871433542656	1789438871433542656	1789438871433542656	1789438871433543680	1789438871433544704	18582	0	22	1	42945873993242	42945873995660
4069	236	23	311	89	1789438871433544704	1789438871433546752	1789438871433546752	1789438871433569280	1789438871433571328	18582	2	26	3	42945874003257	42945874061382
4070	236	19	123	89	1789438871433571328	1789438871433571328	1789438871433571328	1789438871433573376	1789438871433575424	18584	0	22	1	42945874067099	42945874071259
4071	236	23	123	89	1789438871433575424	1789438871433575424	1789438871433576448	1789438871433596928	1789438871433598976	18584	0	26	3	42945874077471	42945874129963
4072	236	25	39	89	1789438871433598976	1789438871433662464	1789438871433662464	1789438871433664512	1789438871433665536	18584	4	31	1	42945874295807	42945874300633
4073	236	28	43	89	1789438871433666560	1789438871433697280	1789438871433697280	1789438871433700352	1789438871433701376	18588	16	34	2	42945874383799	42945874390774
4074	237	7	54	91	1789438871433244672	1789438871433276416	1789438871433276416	1789438871433277440	1789438871433278464	18604	1	6	1	42964216930917	42964216932891
4075	237	5	88	91	1789438871433278464	1789438871433279488	1789438871433279488	1789438871433280512	1789438871433282560	18605	1	4	1	42964216938781	42964216941240
4076	237	6	88	91	1789438871433282560	1789438871433282560	1789438871433282560	1789438871433283584	1789438871433284608	18606	0	5	1	42964216945933	42964216947909
4077	237	4	378	91	1789438871433284608	1789438871433285632	1789438871433285632	1789438871433286656	1789438871433288704	18606	1	3	1	42964216953912	42964216956350
4078	237	4	310	91	1789438871433288704	1789438871433288704	1789438871433288704	1789438871433289728	1789438871433290752	18607	0	3	1	42964216961199	42964216963630
4079	237	8	310	91	1789438871433290752	1789438871433292800	1789438871433292800	1789438871433316352	1789438871433317376	18607	2	7	3	42964216972390	42964217029778
4080	237	4	90	91	1789438871433317376	1789438871433318400	1789438871433318400	1789438871433319424	1789438871433321472	18609	0	3	1	42964217035943	42964217039582
4081	237	8	90	91	1789438871433322496	1789438871433322496	1789438871433322496	1789438871433342976	1789438871433344000	18609	0	7	3	42964217046052	42964217098074
4082	237	22	54	91	1789438871433344000	1789438871433530368	1789438871433530368	1789438871433531392	1789438871433532416	18609	1	25	1	42964217570689	42964217572640
4083	237	20	88	91	1789438871433532416	1789438871433533440	1789438871433533440	1789438871433534464	1789438871433536512	18610	1	23	1	42964217578716	42964217581173
4084	237	21	88	91	1789438871433536512	1789438871433536512	1789438871433536512	1789438871433537536	1789438871433538560	18611	0	24	1	42964217585963	42964217587893
4085	237	19	378	91	1789438871433538560	1789438871433539584	1789438871433539584	1789438871433540608	1789438871433542656	18611	1	22	1	42964217594136	42964217596594
4086	237	19	310	91	1789438871433542656	1789438871433542656	1789438871433542656	1789438871433543680	1789438871433544704	18612	0	22	1	42964217601339	42964217603790
4087	237	23	310	91	1789438871433544704	1789438871433545728	1789438871433546752	1789438871433569280	1789438871433571328	18612	2	26	3	42964217610451	42964217669415
4088	237	19	122	91	1789438871433571328	1789438871433571328	1789438871433572352	1789438871433574400	1789438871433576448	18614	0	22	1	42964217675620	42964217680218
4089	237	23	122	91	1789438871433576448	1789438871433576448	1789438871433576448	1789438871433597952	1789438871433600000	18614	0	26	3	42964217687158	42964217740313
4090	237	25	38	91	1789438871433600000	1789438871433662464	1789438871433662464	1789438871433664512	1789438871433665536	18614	4	31	1	42964217903522	42964217908463
4091	237	28	42	91	1789438871433666560	1789438871433697280	1789438871433697280	1789438871433700352	1789438871433702400	18618	16	34	2	42964217991536	42964217998580
4092	238	7	53	93	1789438871433244672	1789438871433276416	1789438871433276416	1789438871433277440	1789438871433278464	18634	1	6	1	42948816709053	42948816710923
4093	238	5	87	93	1789438871433278464	1789438871433279488	1789438871433279488	1789438871433280512	1789438871433281536	18635	1	4	1	42948816716553	42948816719002
4094	238	6	87	93	1789438871433282560	1789438871433282560	1789438871433282560	1789438871433282560	1789438871433284608	18636	0	5	1	42948816723494	42948816725418
4095	238	4	377	93	1789438871433284608	1789438871433285632	1789438871433285632	1789438871433286656	1789438871433287680	18636	1	3	1	42948816731171	42948816733542
4096	238	4	309	93	1789438871433287680	1789438871433287680	1789438871433287680	1789438871433288704	1789438871433290752	18637	0	3	1	42948816738193	42948816740541
4097	238	8	309	93	1789438871433290752	1789438871433290752	1789438871433291776	1789438871433315328	1789438871433317376	18637	2	7	3	42948816746140	42948816806784
4098	238	4	89	93	1789438871433317376	1789438871433317376	1789438871433317376	1789438871433319424	1789438871433321472	18639	0	3	1	42948816812207	42948816815795
4099	238	8	89	93	1789438871433321472	1789438871433321472	1789438871433321472	1789438871433341952	1789438871433342976	18639	0	7	3	42948816822471	42948816874319
4100	238	22	53	93	1789438871433344000	1789438871433530368	1789438871433530368	1789438871433531392	1789438871433532416	18639	1	25	1	42948817348791	42948817350698
4101	238	20	87	93	1789438871433532416	1789438871433533440	1789438871433533440	1789438871433534464	1789438871433535488	18640	1	23	1	42948817356334	42948817358730
4102	238	21	87	93	1789438871433536512	1789438871433536512	1789438871433536512	1789438871433537536	1789438871433538560	18641	0	24	1	42948817363373	42948817365283
4103	238	19	377	93	1789438871433538560	1789438871433539584	1789438871433539584	1789438871433540608	1789438871433541632	18641	1	22	1	42948817371252	42948817373682
4104	238	19	309	93	1789438871433541632	1789438871433541632	1789438871433542656	1789438871433542656	1789438871433544704	18642	0	22	1	42948817378261	42948817380626
4105	238	23	309	93	1789438871433544704	1789438871433545728	1789438871433545728	1789438871433569280	1789438871433571328	18642	2	26	3	42948817386391	42948817447148
4106	238	19	121	93	1789438871433571328	1789438871433571328	1789438871433572352	1789438871433573376	1789438871433575424	18644	0	22	1	42948817453047	42948817456992
4107	238	23	121	93	1789438871433575424	1789438871433575424	1789438871433575424	1789438871433596928	1789438871433597952	18644	0	26	3	42948817462671	42948817515744
4108	238	25	37	93	1789438871433598976	1789438871433662464	1789438871433662464	1789438871433664512	1789438871433665536	18644	4	31	1	42948817681599	42948817686400
4109	238	28	41	93	1789438871433666560	1789438871433697280	1789438871433697280	1789438871433700352	1789438871433701376	18648	16	34	2	42948817769706	42948817776517
4110	239	7	52	95	1789438871433244672	1789438871433276416	1789438871433276416	1789438871433277440	1789438871433278464	18664	1	6	1	42955800496639	42955800498433
4111	239	5	86	95	1789438871433278464	1789438871433279488	1789438871433279488	1789438871433280512	1789438871433281536	18665	1	4	1	42955800504056	42955800506358
4112	239	6	86	95	1789438871433281536	1789438871433281536	1789438871433282560	1789438871433282560	1789438871433283584	18666	0	5	1	42955800510677	42955800512529
4113	239	4	376	95	1789438871433284608	1789438871433284608	1789438871433284608	1789438871433285632	1789438871433287680	18666	1	3	1	42955800518125	42955800520424
4114	239	4	308	95	1789438871433287680	1789438871433287680	1789438871433287680	1789438871433288704	1789438871433289728	18667	0	3	1	42955800524993	42955800527287
4115	239	8	308	95	1789438871433289728	1789438871433290752	1789438871433290752	1789438871433315328	1789438871433316352	18667	2	7	3	42955800533061	42955800594231
4116	239	4	88	95	1789438871433317376	1789438871433317376	1789438871433317376	1789438871433319424	1789438871433321472	18669	0	3	1	42955800599867	42955800603310
4117	239	8	88	95	1789438871433321472	1789438871433321472	1789438871433321472	1789438871433341952	1789438871433342976	18669	0	7	3	42955800609554	42955800661025
4118	239	22	52	95	1789438871433342976	1789438871433530368	1789438871433530368	1789438871433531392	1789438871433532416	18669	1	25	1	42955801136459	42955801138232
4119	239	20	86	95	1789438871433532416	1789438871433533440	1789438871433533440	1789438871433534464	1789438871433535488	18670	1	23	1	42955801143671	42955801146033
4120	239	21	86	95	1789438871433535488	1789438871433535488	1789438871433536512	1789438871433536512	1789438871433538560	18671	0	24	1	42955801150492	42955801152339
4121	239	19	376	95	1789438871433538560	1789438871433538560	1789438871433538560	1789438871433539584	1789438871433541632	18671	1	22	1	42955801157883	42955801160264
4122	239	19	308	95	1789438871433541632	1789438871433541632	1789438871433541632	1789438871433542656	1789438871433543680	18672	0	22	1	42955801164468	42955801166767
4123	239	23	308	95	1789438871433543680	1789438871433544704	1789438871433544704	1789438871433569280	1789438871433570304	18672	2	26	3	42955801172581	42955801233925
4124	239	19	120	95	1789438871433571328	1789438871433571328	1789438871433571328	1789438871433573376	1789438871433575424	18674	0	22	1	42955801239750	42955801244329
4125	239	23	120	95	1789438871433575424	1789438871433575424	1789438871433575424	1789438871433596928	1789438871433598976	18674	0	26	3	42955801250301	42955801303783
4126	239	25	36	95	1789438871433598976	1789438871433662464	1789438871433662464	1789438871433664512	1789438871433665536	18674	4	31	1	42955801469184	42955801473823
4127	239	28	40	95	1789438871433665536	1789438871433697280	1789438871433697280	1789438871433700352	1789438871433701376	18678	16	34	2	42955801557306	42955801563913
4128	240	7	51	97	1789438871433244672	1789438871433276416	1789438871433276416	1789438871433277440	1789438871433278464	18694	1	6	1	42961563775546	42961563777451
4129	240	5	85	97	1789438871433278464	1789438871433279488	1789438871433279488	1789438871433280512	1789438871433282560	18695	1	4	1	42961563783285	42961563785674
4130	240	6	85	97	1789438871433282560	1789438871433282560	1789438871433282560	1789438871433283584	1789438871433284608	18696	0	5	1	42961563790329	42961563792242
4131	240	4	375	97	1789438871433284608	1789438871433285632	1789438871433285632	1789438871433286656	1789438871433287680	18696	1	3	1	42961563798018	42961563800407
4132	240	4	307	97	1789438871433287680	1789438871433288704	1789438871433288704	1789438871433288704	1789438871433290752	18697	0	3	1	42961563805095	42961563807475
4133	240	8	307	97	1789438871433290752	1789438871433291776	1789438871433291776	1789438871433315328	1789438871433317376	18697	2	7	3	42961563813605	42961563874208
4134	240	4	87	97	1789438871433317376	1789438871433317376	1789438871433318400	1789438871433319424	1789438871433321472	18699	0	3	1	42961563879753	42961563883480
4135	240	8	87	97	1789438871433321472	1789438871433321472	1789438871433321472	1789438871433341952	1789438871433344000	18699	0	7	3	42961563889453	42961563941141
4136	240	22	51	97	1789438871433344000	1789438871433530368	1789438871433530368	1789438871433531392	1789438871433532416	18699	1	25	1	42961564415356	42961564417248
4137	240	20	85	97	1789438871433532416	1789438871433533440	1789438871433533440	1789438871433534464	1789438871433535488	18700	1	23	1	42961564422916	42961564425320
4138	240	21	85	97	1789438871433536512	1789438871433536512	1789438871433536512	1789438871433537536	1789438871433538560	18701	0	24	1	42961564429974	42961564431874
4139	240	19	375	97	1789438871433538560	1789438871433539584	1789438871433539584	1789438871433540608	1789438871433541632	18701	1	22	1	42961564437943	42961564440331
4140	240	19	307	97	1789438871433541632	1789438871433542656	1789438871433542656	1789438871433543680	1789438871433544704	18702	0	22	1	42961564444955	42961564447329
4141	240	23	307	97	1789438871433544704	1789438871433545728	1789438871433545728	1789438871433569280	1789438871433571328	18702	2	26	3	42961564453386	42961564514016
4142	240	19	119	97	1789438871433571328	1789438871433571328	1789438871433572352	1789438871433573376	1789438871433575424	18704	0	22	1	42961564519712	42961564523235
4143	240	23	119	97	1789438871433575424	1789438871433575424	1789438871433575424	1789438871433596928	1789438871433598976	18704	0	26	3	42961564529432	42961564583091
4144	240	25	35	97	1789438871433598976	1789438871433662464	1789438871433662464	1789438871433664512	1789438871433665536	18704	4	31	1	42961564748192	42961564752982
4145	240	28	39	97	1789438871433666560	1789438871433697280	1789438871433697280	1789438871433700352	1789438871433701376	18708	16	34	2	42961564836275	42961564843110
4146	241	7	50	99	1789438871433244672	1789438871433276416	1789438871433276416	1789438871433277440	1789438871433278464	18724	1	6	1	42921751168507	42921751170459
4147	241	5	84	99	1789438871433278464	1789438871433279488	1789438871433279488	1789438871433280512	1789438871433282560	18725	1	4	1	42921751176533	42921751178988
4148	241	6	84	99	1789438871433282560	1789438871433282560	1789438871433282560	1789438871433283584	1789438871433284608	18726	0	5	1	42921751183590	42921751185563
4149	241	4	374	99	1789438871433284608	1789438871433285632	1789438871433285632	1789438871433286656	1789438871433287680	18726	1	3	1	42921751191523	42921751194057
4150	241	4	306	99	1789438871433288704	1789438871433288704	1789438871433288704	1789438871433289728	1789438871433290752	18727	0	3	1	42921751198526	42921751200963
4151	241	8	306	99	1789438871433290752	1789438871433291776	1789438871433292800	1789438871433315328	1789438871433317376	18727	2	7	3	42921751208591	42921751266634
4152	241	4	86	99	1789438871433317376	1789438871433317376	1789438871433317376	1789438871433319424	1789438871433321472	18729	0	3	1	42921751272318	42921751275837
4153	241	8	86	99	1789438871433321472	1789438871433321472	1789438871433321472	1789438871433341952	1789438871433342976	18729	0	7	3	42921751281756	42921751333710
4154	241	22	50	99	1789438871433344000	1789438871433530368	1789438871433530368	1789438871433531392	1789438871433532416	18729	1	25	1	42921751808134	42921751810091
4155	241	20	84	99	1789438871433532416	1789438871433533440	1789438871433533440	1789438871433534464	1789438871433536512	18730	1	23	1	42921751816169	42921751818616
4156	241	21	84	99	1789438871433536512	1789438871433536512	1789438871433536512	1789438871433537536	1789438871433538560	18731	0	24	1	42921751823423	42921751825400
4157	241	19	374	99	1789438871433538560	1789438871433539584	1789438871433539584	1789438871433540608	1789438871433542656	18731	1	22	1	42921751831626	42921751834083
4158	241	19	306	99	1789438871433542656	1789438871433542656	1789438871433542656	1789438871433543680	1789438871433544704	18732	0	22	1	42921751838852	42921751841304
4159	241	23	306	99	1789438871433544704	1789438871433546752	1789438871433546752	1789438871433569280	1789438871433571328	18732	2	26	3	42921751848244	42921751906768
4160	241	19	118	99	1789438871433571328	1789438871433571328	1789438871433572352	1789438871433573376	1789438871433576448	18734	0	22	1	42921751912745	42921751916825
4161	241	23	118	99	1789438871433576448	1789438871433576448	1789438871433576448	1789438871433596928	1789438871433598976	18734	0	26	3	42921751923339	42921751975922
4162	241	25	34	99	1789438871433598976	1789438871433662464	1789438871433662464	1789438871433664512	1789438871433665536	18734	4	31	1	42921752140850	42921752145784
4163	241	28	38	99	1789438871433666560	1789438871433697280	1789438871433697280	1789438871433700352	1789438871433702400	18738	16	34	2	42921752228895	42921752235937
4164	242	7	49	101	1789438871433244672	1789438871433276416	1789438871433276416	1789438871433277440	1789438871433278464	18754	1	6	1	42943322079646	42943322081593
4165	242	5	83	101	1789438871433278464	1789438871433279488	1789438871433279488	1789438871433280512	1789438871433282560	18755	1	4	1	42943322087413	42943322089887
4166	242	6	83	101	1789438871433282560	1789438871433282560	1789438871433282560	1789438871433283584	1789438871433284608	18756	0	5	1	42943322094504	42943322096469
4167	242	4	373	101	1789438871433284608	1789438871433285632	1789438871433285632	1789438871433286656	1789438871433287680	18756	1	3	1	42943322102329	42943322104877
4168	242	4	305	101	1789438871433287680	1789438871433288704	1789438871433288704	1789438871433289728	1789438871433290752	18757	0	3	1	42943322109334	42943322111783
4169	242	8	305	101	1789438871433290752	1789438871433291776	1789438871433292800	1789438871433315328	1789438871433317376	18757	2	7	3	42943322119681	42943322178381
4170	242	4	85	101	1789438871433317376	1789438871433318400	1789438871433318400	1789438871433319424	1789438871433321472	18759	0	3	1	42943322183924	42943322187112
4171	242	8	85	101	1789438871433321472	1789438871433321472	1789438871433322496	1789438871433342976	1789438871433344000	18759	0	7	3	42943322194054	42943322246113
4172	242	22	49	101	1789438871433344000	1789438871433530368	1789438871433530368	1789438871433531392	1789438871433532416	18759	1	25	1	42943322719344	42943322721319
4173	242	20	83	101	1789438871433532416	1789438871433533440	1789438871433533440	1789438871433534464	1789438871433536512	18760	1	23	1	42943322727378	42943322729828
4174	242	21	83	101	1789438871433536512	1789438871433536512	1789438871433536512	1789438871433537536	1789438871433538560	18761	0	24	1	42943322734616	42943322736608
4175	242	19	373	101	1789438871433538560	1789438871433539584	1789438871433539584	1789438871433540608	1789438871433542656	18761	1	22	1	42943322742796	42943322745243
4176	242	19	305	101	1789438871433542656	1789438871433542656	1789438871433542656	1789438871433543680	1789438871433544704	18762	0	22	1	42943322750003	42943322752412
4177	242	23	305	101	1789438871433544704	1789438871433545728	1789438871433546752	1789438871433569280	1789438871433571328	18762	2	26	3	42943322759147	42943322817116
4178	242	19	117	101	1789438871433571328	1789438871433571328	1789438871433571328	1789438871433573376	1789438871433575424	18764	0	22	1	42943322822547	42943322826567
4179	242	23	117	101	1789438871433575424	1789438871433575424	1789438871433575424	1789438871433596928	1789438871433597952	18764	0	26	3	42943322832639	42943322885678
4180	242	25	33	101	1789438871433597952	1789438871433662464	1789438871433662464	1789438871433664512	1789438871433665536	18764	4	31	1	42943323052117	42943323057014
4181	242	28	37	101	1789438871433666560	1789438871433697280	1789438871433697280	1789438871433700352	1789438871433702400	18768	16	34	2	42943323140184	42943323147318
4182	243	7	48	103	1789438871433244672	1789438871433276416	1789438871433276416	1789438871433277440	1789438871433278464	18784	1	6	1	42953061655876	42953061657766
4183	243	5	82	103	1789438871433278464	1789438871433279488	1789438871433279488	1789438871433280512	1789438871433281536	18785	1	4	1	42953061663447	42953061665824
4184	243	6	82	103	1789438871433282560	1789438871433282560	1789438871433282560	1789438871433282560	1789438871433284608	18786	0	5	1	42953061670370	42953061672266
4185	243	4	372	103	1789438871433284608	1789438871433285632	1789438871433285632	1789438871433286656	1789438871433287680	18786	1	3	1	42953061678041	42953061680435
4186	243	4	304	103	1789438871433287680	1789438871433287680	1789438871433287680	1789438871433288704	1789438871433290752	18787	0	3	1	42953061685062	42953061687441
4187	243	8	304	103	1789438871433290752	1789438871433290752	1789438871433291776	1789438871433315328	1789438871433317376	18787	2	7	3	42953061693046	42953061754024
4188	243	4	84	103	1789438871433317376	1789438871433317376	1789438871433317376	1789438871433319424	1789438871433321472	18789	0	3	1	42953061759275	42953061762799
4189	243	8	84	103	1789438871433321472	1789438871433321472	1789438871433321472	1789438871433341952	1789438871433342976	18789	0	7	3	42953061769354	42953061821204
4190	243	22	48	103	1789438871433344000	1789438871433530368	1789438871433530368	1789438871433531392	1789438871433532416	18789	1	25	1	42953062295711	42953062297576
4191	243	20	82	103	1789438871433532416	1789438871433533440	1789438871433533440	1789438871433534464	1789438871433535488	18790	1	23	1	42953062303438	42953062305814
4192	243	21	82	103	1789438871433536512	1789438871433536512	1789438871433536512	1789438871433537536	1789438871433538560	18791	0	24	1	42953062310388	42953062312312
4193	243	19	372	103	1789438871433538560	1789438871433539584	1789438871433539584	1789438871433540608	1789438871433541632	18791	1	22	1	42953062318085	42953062320452
4194	243	19	304	103	1789438871433541632	1789438871433541632	1789438871433542656	1789438871433542656	1789438871433544704	18792	0	22	1	42953062325060	42953062327401
4195	243	23	304	103	1789438871433544704	1789438871433545728	1789438871433545728	1789438871433569280	1789438871433571328	18792	2	26	3	42953062333068	42953062393735
4196	243	19	116	103	1789438871433571328	1789438871433571328	1789438871433571328	1789438871433573376	1789438871433574400	18794	0	22	1	42953062399308	42953062402584
4197	243	23	116	103	1789438871433575424	1789438871433575424	1789438871433575424	1789438871433595904	1789438871433597952	18794	0	26	3	42953062408338	42953062460582
4198	243	25	32	103	1789438871433597952	1789438871433662464	1789438871433662464	1789438871433664512	1789438871433665536	18794	4	31	1	42953062628517	42953062633309
4199	243	28	36	103	1789438871433666560	1789438871433697280	1789438871433697280	1789438871433700352	1789438871433701376	18798	16	34	2	42953062716572	42953062723429
4200	244	7	47	105	1789438871433244672	1789438871433276416	1789438871433276416	1789438871433277440	1789438871433278464	18814	1	6	1	42910819696477	42910819698266
4201	244	5	81	105	1789438871433278464	1789438871433279488	1789438871433279488	1789438871433280512	1789438871433281536	18815	1	4	1	42910819703792	42910819706078
4202	244	6	81	105	1789438871433281536	1789438871433282560	1789438871433282560	1789438871433282560	1789438871433283584	18816	0	5	1	42910819710578	42910819712372
4203	244	4	371	105	1789438871433284608	1789438871433284608	1789438871433284608	1789438871433285632	1789438871433287680	18816	1	3	1	42910819717857	42910819720175
4204	244	4	303	105	1789438871433287680	1789438871433287680	1789438871433287680	1789438871433288704	1789438871433289728	18817	0	3	1	42910819724644	42910819726949
4205	244	8	303	105	1789438871433289728	1789438871433290752	1789438871433290752	1789438871433315328	1789438871433316352	18817	2	7	3	42910819732621	42910819793381
4206	244	4	83	105	1789438871433316352	1789438871433317376	1789438871433317376	1789438871433318400	1789438871433321472	18819	0	3	1	42910819798925	42910819802496
4207	244	8	83	105	1789438871433321472	1789438871433321472	1789438871433321472	1789438871433341952	1789438871433342976	18819	0	7	3	42910819808995	42910819860728
4208	244	22	47	105	1789438871433342976	1789438871433530368	1789438871433530368	1789438871433531392	1789438871433532416	18819	1	25	1	42910820336032	42910820337830
4209	244	20	81	105	1789438871433532416	1789438871433533440	1789438871433533440	1789438871433534464	1789438871433535488	18820	1	23	1	42910820343239	42910820345546
4210	244	21	81	105	1789438871433535488	1789438871433535488	1789438871433536512	1789438871433536512	1789438871433537536	18821	0	24	1	42910820350050	42910820351876
4211	244	19	371	105	1789438871433538560	1789438871433538560	1789438871433538560	1789438871433539584	1789438871433541632	18821	1	22	1	42910820357308	42910820359667
4212	244	19	303	105	1789438871433541632	1789438871433541632	1789438871433541632	1789438871433542656	1789438871433543680	18822	0	22	1	42910820363986	42910820366256
4213	244	23	303	105	1789438871433543680	1789438871433544704	1789438871433544704	1789438871433569280	1789438871433570304	18822	2	26	3	42910820372031	42910820433018
4214	244	19	115	105	1789438871433571328	1789438871433571328	1789438871433571328	1789438871433573376	1789438871433575424	18824	0	22	1	42910820438723	42910820443059
4215	244	23	115	105	1789438871433575424	1789438871433575424	1789438871433575424	1789438871433596928	1789438871433598976	18824	0	26	3	42910820450256	42910820503621
4216	244	25	31	105	1789438871433598976	1789438871433662464	1789438871433662464	1789438871433664512	1789438871433665536	18824	4	31	1	42910820668707	42910820673336
4217	244	28	35	105	1789438871433665536	1789438871433697280	1789438871433697280	1789438871433700352	1789438871433701376	18828	16	34	2	42910820756732	42910820763256
4218	245	7	46	107	1789438871433244672	1789438871433276416	1789438871433276416	1789438871433277440	1789438871433278464	18844	1	6	1	42944198584015	42944198585761
4219	245	5	80	107	1789438871433278464	1789438871433279488	1789438871433279488	1789438871433280512	1789438871433281536	18845	1	4	1	42944198590965	42944198593212
4220	245	6	80	107	1789438871433281536	1789438871433281536	1789438871433281536	1789438871433282560	1789438871433283584	18846	0	5	1	42944198597404	42944198599159
4221	245	4	370	107	1789438871433283584	1789438871433284608	1789438871433284608	1789438871433285632	1789438871433286656	18846	1	3	1	42944198604398	42944198606713
4222	245	4	302	107	1789438871433286656	1789438871433286656	1789438871433286656	1789438871433287680	1789438871433289728	18847	0	3	1	42944198610730	42944198612980
4223	245	8	302	107	1789438871433289728	1789438871433290752	1789438871433290752	1789438871433315328	1789438871433317376	18847	2	7	3	42944198620130	42944198681605
4224	245	4	82	107	1789438871433317376	1789438871433317376	1789438871433318400	1789438871433319424	1789438871433321472	18849	0	3	1	42944198688148	42944198691573
4225	245	8	82	107	1789438871433321472	1789438871433321472	1789438871433321472	1789438871433341952	1789438871433342976	18849	0	7	3	42944198697428	42944198748770
4226	245	22	46	107	1789438871433342976	1789438871433530368	1789438871433530368	1789438871433531392	1789438871433532416	18849	1	25	1	42944199223645	42944199225402
4227	245	20	80	107	1789438871433532416	1789438871433533440	1789438871433533440	1789438871433534464	1789438871433535488	18850	1	23	1	42944199230661	42944199232947
4228	245	21	80	107	1789438871433535488	1789438871433535488	1789438871433535488	1789438871433536512	1789438871433537536	18851	0	24	1	42944199237275	42944199239040
4229	245	19	370	107	1789438871433537536	1789438871433538560	1789438871433538560	1789438871433539584	1789438871433540608	18851	1	22	1	42944199244264	42944199246566
4230	245	19	302	107	1789438871433540608	1789438871433540608	1789438871433541632	1789438871433541632	1789438871433543680	18852	0	22	1	42944199250655	42944199252857
4231	245	23	302	107	1789438871433543680	1789438871433544704	1789438871433544704	1789438871433569280	1789438871433570304	18852	2	26	3	42944199259762	42944199321060
4232	245	19	114	107	1789438871433570304	1789438871433571328	1789438871433571328	1789438871433573376	1789438871433575424	18854	0	22	1	42944199326545	42944199330638
4233	245	23	114	107	1789438871433575424	1789438871433575424	1789438871433575424	1789438871433596928	1789438871433597952	18854	0	26	3	42944199337333	42944199391036
4234	245	25	30	107	1789438871433598976	1789438871433662464	1789438871433662464	1789438871433664512	1789438871433665536	18854	4	31	1	42944199556311	42944199560792
4235	245	28	34	107	1789438871433665536	1789438871433697280	1789438871433697280	1789438871433700352	1789438871433701376	18858	16	34	2	42944199644234	42944199650579
4236	246	7	45	109	1789438871433244672	1789438871433276416	1789438871433276416	1789438871433277440	1789438871433278464	18874	1	6	1	42952127281571	42952127283432
4237	246	5	79	109	1789438871433278464	1789438871433279488	1789438871433279488	1789438871433280512	1789438871433281536	18875	1	4	1	42952127288824	42952127291164
4238	246	6	79	109	1789438871433281536	1789438871433281536	1789438871433282560	1789438871433282560	1789438871433283584	18876	0	5	1	42952127295602	42952127297452
4239	246	4	369	109	1789438871433284608	1789438871433284608	1789438871433284608	1789438871433285632	1789438871433287680	18876	1	3	1	42952127303024	42952127305366
4240	246	4	301	109	1789438871433287680	1789438871433287680	1789438871433287680	1789438871433288704	1789438871433289728	18877	0	3	1	42952127309767	42952127312083
4241	246	8	301	109	1789438871433289728	1789438871433290752	1789438871433290752	1789438871433315328	1789438871433316352	18877	2	7	3	42952127317948	42952127378989
4242	246	4	81	109	1789438871433316352	1789438871433317376	1789438871433317376	1789438871433318400	1789438871433320448	18879	0	3	1	42952127384119	42952127387128
4243	246	8	81	109	1789438871433320448	1789438871433321472	1789438871433321472	1789438871433341952	1789438871433342976	18879	0	7	3	42952127393872	42952127445647
4244	246	22	45	109	1789438871433342976	1789438871433530368	1789438871433530368	1789438871433531392	1789438871433532416	18879	1	25	1	42952127921366	42952127923208
4245	246	20	79	109	1789438871433532416	1789438871433533440	1789438871433533440	1789438871433534464	1789438871433535488	18880	1	23	1	42952127928654	42952127931011
4246	246	21	79	109	1789438871433535488	1789438871433535488	1789438871433536512	1789438871433536512	1789438871433537536	18881	0	24	1	42952127935349	42952127937227
4247	246	19	369	109	1789438871433538560	1789438871433538560	1789438871433538560	1789438871433539584	1789438871433541632	18881	1	22	1	42952127942699	42952127945071
4248	246	19	301	109	1789438871433541632	1789438871433541632	1789438871433541632	1789438871433542656	1789438871433543680	18882	0	22	1	42952127949327	42952127951627
4249	246	23	301	109	1789438871433543680	1789438871433544704	1789438871433544704	1789438871433569280	1789438871433571328	18882	2	26	3	42952127957529	42952128019405
4250	246	19	113	109	1789438871433571328	1789438871433571328	1789438871433571328	1789438871433573376	1789438871433575424	18884	0	22	1	42952128024664	42952128028129
4251	246	23	113	109	1789438871433575424	1789438871433575424	1789438871433575424	1789438871433596928	1789438871433598976	18884	0	26	3	42952128035768	42952128088834
4252	246	25	29	109	1789438871433598976	1789438871433662464	1789438871433662464	1789438871433664512	1789438871433665536	18884	4	31	1	42952128254081	42952128258742
4253	246	28	33	109	1789438871433665536	1789438871433697280	1789438871433697280	1789438871433700352	1789438871433701376	18888	16	34	2	42952128342016	42952128348634
4254	247	7	44	111	1789438871433244672	1789438871433276416	1789438871433276416	1789438871433277440	1789438871433278464	18904	1	6	1	42945873323271	42945873325193
4255	247	5	78	111	1789438871433278464	1789438871433279488	1789438871433279488	1789438871433280512	1789438871433281536	18905	1	4	1	42945873330935	42945873333311
4256	247	6	78	111	1789438871433282560	1789438871433282560	1789438871433282560	1789438871433282560	1789438871433284608	18906	0	5	1	42945873337755	42945873339678
4257	247	4	368	111	1789438871433284608	1789438871433285632	1789438871433285632	1789438871433286656	1789438871433287680	18906	1	3	1	42945873345320	42945873347724
4258	247	4	300	111	1789438871433287680	1789438871433287680	1789438871433287680	1789438871433288704	1789438871433289728	18907	0	3	1	42945873351963	42945873354365
4259	247	8	300	111	1789438871433290752	1789438871433290752	1789438871433290752	1789438871433315328	1789438871433317376	18907	2	7	3	42945873359887	42945873421737
4260	247	4	80	111	1789438871433317376	1789438871433317376	1789438871433317376	1789438871433319424	1789438871433321472	18909	0	3	1	42945873426986	42945873430115
4261	247	8	80	111	1789438871433321472	1789438871433321472	1789438871433321472	1789438871433342976	1789438871433344000	18909	0	7	3	42945873437107	42945873489308
4262	247	22	44	111	1789438871433344000	1789438871433530368	1789438871433530368	1789438871433531392	1789438871433532416	18909	1	25	1	42945873962964	42945873964840
4263	247	20	78	111	1789438871433532416	1789438871433533440	1789438871433533440	1789438871433534464	1789438871433536512	18910	1	23	1	42945873970686	42945873973094
4264	247	21	78	111	1789438871433536512	1789438871433536512	1789438871433536512	1789438871433537536	1789438871433538560	18911	0	24	1	42945873977734	42945873979649
4265	247	19	368	111	1789438871433538560	1789438871433539584	1789438871433539584	1789438871433540608	1789438871433541632	18911	1	22	1	42945873985283	42945873987734
4266	247	19	300	111	1789438871433541632	1789438871433541632	1789438871433542656	1789438871433542656	1789438871433544704	18912	0	22	1	42945873992404	42945873994753
4267	247	23	300	111	1789438871433544704	1789438871433545728	1789438871433545728	1789438871433569280	1789438871433571328	18912	2	26	3	42945874000413	42945874061607
4268	247	19	112	111	1789438871433571328	1789438871433571328	1789438871433571328	1789438871433573376	1789438871433575424	18914	0	22	1	42945874067011	42945874070614
4269	247	23	112	111	1789438871433575424	1789438871433576448	1789438871433576448	1789438871433596928	1789438871433598976	18914	0	26	3	42945874077673	42945874130613
4270	247	25	28	111	1789438871433598976	1789438871433662464	1789438871433662464	1789438871433664512	1789438871433665536	18914	4	31	1	42945874295668	42945874300376
4271	247	28	32	111	1789438871433665536	1789438871433697280	1789438871433697280	1789438871433700352	1789438871433701376	18918	16	34	2	42945874383591	42945874390493
4272	248	7	43	113	1789438871433244672	1789438871433276416	1789438871433276416	1789438871433277440	1789438871433278464	18934	1	6	1	42964216930820	42964216932744
4273	248	5	77	113	1789438871433278464	1789438871433279488	1789438871433279488	1789438871433280512	1789438871433281536	18935	1	4	1	42964216938445	42964216940858
4274	248	6	77	113	1789438871433282560	1789438871433282560	1789438871433282560	1789438871433283584	1789438871433284608	18936	0	5	1	42964216945456	42964216947387
4275	248	4	367	113	1789438871433284608	1789438871433285632	1789438871433285632	1789438871433286656	1789438871433287680	18936	1	3	1	42964216953164	42964216955618
4276	248	4	299	113	1789438871433287680	1789438871433287680	1789438871433287680	1789438871433288704	1789438871433290752	18937	0	3	1	42964216959952	42964216962310
4277	248	8	299	113	1789438871433290752	1789438871433290752	1789438871433291776	1789438871433315328	1789438871433317376	18937	2	7	3	42964216967964	42964217028653
4278	248	4	79	113	1789438871433317376	1789438871433317376	1789438871433317376	1789438871433319424	1789438871433321472	18939	0	3	1	42964217034328	42964217037589
4279	248	8	79	113	1789438871433321472	1789438871433321472	1789438871433321472	1789438871433341952	1789438871433344000	18939	0	7	3	42964217044477	42964217096457
4280	248	22	43	113	1789438871433344000	1789438871433530368	1789438871433530368	1789438871433531392	1789438871433532416	18939	1	25	1	42964217570590	42964217572501
4281	248	20	77	113	1789438871433532416	1789438871433533440	1789438871433533440	1789438871433534464	1789438871433536512	18940	1	23	1	42964217578392	42964217580774
4282	248	21	77	113	1789438871433536512	1789438871433536512	1789438871433536512	1789438871433537536	1789438871433538560	18941	0	24	1	42964217585484	42964217587423
4283	248	19	367	113	1789438871433538560	1789438871433539584	1789438871433539584	1789438871433540608	1789438871433541632	18941	1	22	1	42964217593428	42964217595821
4284	248	19	299	113	1789438871433542656	1789438871433542656	1789438871433542656	1789438871433543680	1789438871433544704	18942	0	22	1	42964217600486	42964217602861
4285	248	23	299	113	1789438871433544704	1789438871433545728	1789438871433546752	1789438871433570304	1789438871433571328	18942	2	26	3	42964217610581	42964217669806
4286	248	19	111	113	1789438871433571328	1789438871433572352	1789438871433572352	1789438871433574400	1789438871433576448	18944	0	22	1	42964217675629	42964217680143
4287	248	23	111	113	1789438871433576448	1789438871433576448	1789438871433576448	1789438871433597952	1789438871433598976	18944	0	26	3	42964217686224	42964217739734
4288	248	25	27	113	1789438871433598976	1789438871433662464	1789438871433662464	1789438871433664512	1789438871433665536	18944	4	31	1	42964217903383	42964217908208
4289	248	28	31	113	1789438871433665536	1789438871433697280	1789438871433697280	1789438871433700352	1789438871433701376	18948	16	34	2	42964217991382	42964217998238
4290	249	7	42	115	1789438871433244672	1789438871433276416	1789438871433276416	1789438871433277440	1789438871433278464	18964	1	6	1	42948816708962	42948816710769
4291	249	5	76	115	1789438871433278464	1789438871433279488	1789438871433279488	1789438871433280512	1789438871433281536	18965	1	4	1	42948816716345	42948816718659
4292	249	6	76	115	1789438871433281536	1789438871433281536	1789438871433282560	1789438871433282560	1789438871433284608	18966	0	5	1	42948816723009	42948816724884
4293	249	4	366	115	1789438871433284608	1789438871433284608	1789438871433284608	1789438871433285632	1789438871433287680	18966	1	3	1	42948816730537	42948816732848
4294	249	4	298	115	1789438871433287680	1789438871433287680	1789438871433287680	1789438871433288704	1789438871433289728	18967	0	3	1	42948816737307	42948816739592
4295	249	8	298	115	1789438871433289728	1789438871433290752	1789438871433290752	1789438871433315328	1789438871433316352	18967	2	7	3	42948816745530	42948816806619
4296	249	4	78	115	1789438871433317376	1789438871433317376	1789438871433317376	1789438871433318400	1789438871433321472	18969	0	3	1	42948816812299	42948816815482
4297	249	8	78	115	1789438871433321472	1789438871433321472	1789438871433321472	1789438871433341952	1789438871433342976	18969	0	7	3	42948816821889	42948816873572
4298	249	22	42	115	1789438871433342976	1789438871433530368	1789438871433530368	1789438871433531392	1789438871433532416	18969	1	25	1	42948817348765	42948817350565
4299	249	20	76	115	1789438871433532416	1789438871433533440	1789438871433533440	1789438871433534464	1789438871433535488	18970	1	23	1	42948817356277	42948817358592
4300	249	21	76	115	1789438871433536512	1789438871433536512	1789438871433536512	1789438871433536512	1789438871433538560	18971	0	24	1	42948817363118	42948817364977
4301	249	19	366	115	1789438871433538560	1789438871433538560	1789438871433539584	1789438871433539584	1789438871433541632	18971	1	22	1	42948817370457	42948817372775
4302	249	19	298	115	1789438871433541632	1789438871433541632	1789438871433541632	1789438871433542656	1789438871433543680	18972	0	22	1	42948817377275	42948817379575
4303	249	23	298	115	1789438871433543680	1789438871433544704	1789438871433544704	1789438871433569280	1789438871433570304	18972	2	26	3	42948817385287	42948817446072
4304	249	19	110	115	1789438871433570304	1789438871433571328	1789438871433571328	1789438871433572352	1789438871433575424	18974	0	22	1	42948817451655	42948817455385
4305	249	23	110	115	1789438871433575424	1789438871433575424	1789438871433575424	1789438871433596928	1789438871433597952	18974	0	26	3	42948817462376	42948817515975
4306	249	25	26	115	1789438871433598976	1789438871433662464	1789438871433662464	1789438871433664512	1789438871433665536	18974	4	31	1	42948817681474	42948817686105
4307	249	28	30	115	1789438871433665536	1789438871433697280	1789438871433697280	1789438871433700352	1789438871433701376	18978	16	34	2	42948817769496	42948817776102
4308	250	7	41	117	1789438871433244672	1789438871433276416	1789438871433276416	1789438871433277440	1789438871433278464	18994	1	6	1	42955800496597	42955800498348
4309	250	5	75	117	1789438871433278464	1789438871433279488	1789438871433279488	1789438871433280512	1789438871433281536	18995	1	4	1	42955800503696	42955800505965
4310	250	6	75	117	1789438871433281536	1789438871433281536	1789438871433281536	1789438871433282560	1789438871433283584	18996	0	5	1	42955800510215	42955800512029
4311	250	4	365	117	1789438871433283584	1789438871433284608	1789438871433284608	1789438871433285632	1789438871433286656	18996	1	3	1	42955800517447	42955800519692
4312	250	4	297	117	1789438871433287680	1789438871433287680	1789438871433287680	1789438871433288704	1789438871433289728	18997	0	3	1	42955800524007	42955800526241
4313	250	8	297	117	1789438871433289728	1789438871433290752	1789438871433290752	1789438871433315328	1789438871433316352	18997	2	7	3	42955800532690	42955800594019
4314	250	4	77	117	1789438871433317376	1789438871433317376	1789438871433317376	1789438871433318400	1789438871433320448	18999	0	3	1	42955800599271	42955800602852
4315	250	8	77	117	1789438871433321472	1789438871433321472	1789438871433321472	1789438871433341952	1789438871433342976	18999	0	7	3	42955800609015	42955800660428
4316	250	22	41	117	1789438871433342976	1789438871433530368	1789438871433530368	1789438871433531392	1789438871433532416	18999	1	25	1	42955801136370	42955801138105
4317	250	20	75	117	1789438871433532416	1789438871433533440	1789438871433533440	1789438871433534464	1789438871433535488	19000	1	23	1	42955801143452	42955801145738
4318	250	21	75	117	1789438871433535488	1789438871433535488	1789438871433535488	1789438871433536512	1789438871433537536	19001	0	24	1	42955801150029	42955801151848
4319	250	19	365	117	1789438871433537536	1789438871433538560	1789438871433538560	1789438871433539584	1789438871433540608	19001	1	22	1	42955801157182	42955801159499
4320	250	19	297	117	1789438871433541632	1789438871433541632	1789438871433541632	1789438871433542656	1789438871433543680	19002	0	22	1	42955801163892	42955801166125
4321	250	23	297	117	1789438871433543680	1789438871433544704	1789438871433544704	1789438871433569280	1789438871433571328	19002	2	26	3	42955801172425	42955801233743
4322	250	19	109	117	1789438871433571328	1789438871433571328	1789438871433572352	1789438871433573376	1789438871433575424	19004	0	22	1	42955801240576	42955801244247
4323	250	23	109	117	1789438871433575424	1789438871433575424	1789438871433575424	1789438871433596928	1789438871433597952	19004	0	26	3	42955801250567	42955801304001
4324	250	25	25	117	1789438871433598976	1789438871433662464	1789438871433662464	1789438871433664512	1789438871433665536	19004	4	31	1	42955801469081	42955801473590
4325	250	28	29	117	1789438871433665536	1789438871433697280	1789438871433697280	1789438871433700352	1789438871433701376	19008	16	34	2	42955801557050	42955801563411
4326	251	7	40	119	1789438871433244672	1789438871433276416	1789438871433276416	1789438871433277440	1789438871433278464	19024	1	6	1	42961563775504	42961563777325
4327	251	5	74	119	1789438871433278464	1789438871433279488	1789438871433279488	1789438871433280512	1789438871433281536	19025	1	4	1	42961563782911	42961563785277
4328	251	6	74	119	1789438871433281536	1789438871433282560	1789438871433282560	1789438871433282560	1789438871433284608	19026	0	5	1	42961563789638	42961563791494
4329	251	4	364	119	1789438871433284608	1789438871433284608	1789438871433284608	1789438871433285632	1789438871433287680	19026	1	3	1	42961563797021	42961563799365
4330	251	4	296	119	1789438871433287680	1789438871433287680	1789438871433287680	1789438871433288704	1789438871433289728	19027	0	3	1	42961563803864	42961563806170
4331	251	8	296	119	1789438871433289728	1789438871433290752	1789438871433290752	1789438871433315328	1789438871433316352	19027	2	7	3	42961563812177	42961563872658
4332	251	4	76	119	1789438871433316352	1789438871433317376	1789438871433317376	1789438871433318400	1789438871433320448	19029	0	3	1	42961563877839	42961563881179
4333	251	8	76	119	1789438871433320448	1789438871433321472	1789438871433321472	1789438871433341952	1789438871433342976	19029	0	7	3	42961563887551	42961563939228
4334	251	22	40	119	1789438871433342976	1789438871433530368	1789438871433530368	1789438871433531392	1789438871433532416	19029	1	25	1	42961564415304	42961564417108
4335	251	20	74	119	1789438871433532416	1789438871433533440	1789438871433533440	1789438871433534464	1789438871433535488	19030	1	23	1	42961564422846	42961564425179
4336	251	21	74	119	1789438871433536512	1789438871433536512	1789438871433536512	1789438871433536512	1789438871433538560	19031	0	24	1	42961564429703	42961564431570
4337	251	19	364	119	1789438871433538560	1789438871433538560	1789438871433539584	1789438871433539584	1789438871433541632	19031	1	22	1	42961564436987	42961564439376
4338	251	19	296	119	1789438871433541632	1789438871433541632	1789438871433541632	1789438871433542656	1789438871433543680	19032	0	22	1	42961564443928	42961564446239
4339	251	23	296	119	1789438871433543680	1789438871433544704	1789438871433544704	1789438871433569280	1789438871433570304	19032	2	26	3	42961564451886	42961564512940
4340	251	19	108	119	1789438871433571328	1789438871433571328	1789438871433571328	1789438871433573376	1789438871433575424	19034	0	22	1	42961564518613	42961564522300
4341	251	23	108	119	1789438871433575424	1789438871433575424	1789438871433575424	1789438871433596928	1789438871433597952	19034	0	26	3	42961564528505	42961564581390
4342	251	25	24	119	1789438871433597952	1789438871433662464	1789438871433662464	1789438871433664512	1789438871433665536	19034	4	31	1	42961564748064	42961564752713
4343	251	28	28	119	1789438871433665536	1789438871433697280	1789438871433697280	1789438871433700352	1789438871433701376	19038	16	34	2	42961564836029	42961564842681
4344	252	7	39	121	1789438871433244672	1789438871433276416	1789438871433276416	1789438871433277440	1789438871433278464	19054	1	6	1	42921751168413	42921751170350
4345	252	5	73	121	1789438871433278464	1789438871433279488	1789438871433279488	1789438871433280512	1789438871433281536	19055	1	4	1	42921751176089	42921751178498
4346	252	6	73	121	1789438871433282560	1789438871433282560	1789438871433282560	1789438871433283584	1789438871433284608	19056	0	5	1	42921751182995	42921751184917
4347	252	4	363	121	1789438871433284608	1789438871433285632	1789438871433285632	1789438871433286656	1789438871433287680	19056	1	3	1	42921751190747	42921751193139
4348	252	4	295	121	1789438871433287680	1789438871433287680	1789438871433287680	1789438871433288704	1789438871433290752	19057	0	3	1	42921751197785	42921751200179
4349	252	8	295	121	1789438871433290752	1789438871433291776	1789438871433291776	1789438871433315328	1789438871433317376	19057	2	7	3	42921751206073	42921751266934
4350	252	4	75	121	1789438871433317376	1789438871433317376	1789438871433317376	1789438871433319424	1789438871433321472	19059	0	3	1	42921751272395	42921751276029
4351	252	8	75	121	1789438871433321472	1789438871433321472	1789438871433321472	1789438871433342976	1789438871433344000	19059	0	7	3	42921751282519	42921751334700
4352	252	22	39	121	1789438871433344000	1789438871433530368	1789438871433530368	1789438871433531392	1789438871433532416	19059	1	25	1	42921751808042	42921751809953
4353	252	20	73	121	1789438871433532416	1789438871433533440	1789438871433533440	1789438871433534464	1789438871433536512	19060	1	23	1	42921751815873	42921751818269
4354	252	21	73	121	1789438871433536512	1789438871433536512	1789438871433536512	1789438871433537536	1789438871433538560	19061	0	24	1	42921751822970	42921751824907
4355	252	19	363	121	1789438871433538560	1789438871433539584	1789438871433539584	1789438871433540608	1789438871433541632	19061	1	22	1	42921751830829	42921751833229
4356	252	19	295	121	1789438871433541632	1789438871433542656	1789438871433542656	1789438871433543680	1789438871433544704	19062	0	22	1	42921751837907	42921751840285
4357	252	23	295	121	1789438871433544704	1789438871433545728	1789438871433546752	1789438871433570304	1789438871433571328	19062	2	26	3	42921751848041	42921751907230
4358	252	19	107	121	1789438871433571328	1789438871433571328	1789438871433572352	1789438871433574400	1789438871433576448	19064	0	22	1	42921751912877	42921751917457
4359	252	23	107	121	1789438871433576448	1789438871433576448	1789438871433576448	1789438871433597952	1789438871433598976	19064	0	26	3	42921751923406	42921751976828
4360	252	25	23	121	1789438871433598976	1789438871433662464	1789438871433662464	1789438871433664512	1789438871433665536	19064	4	31	1	42921752140730	42921752145559
4361	252	28	27	121	1789438871433666560	1789438871433697280	1789438871433697280	1789438871433700352	1789438871433701376	19068	16	34	2	42921752228834	42921752235652
4362	253	7	38	123	1789438871433244672	1789438871433276416	1789438871433276416	1789438871433277440	1789438871433278464	19084	1	6	1	42943322079548	42943322081456
4363	253	5	72	123	1789438871433278464	1789438871433279488	1789438871433279488	1789438871433280512	1789438871433281536	19085	1	4	1	42943322087091	42943322089488
4364	253	6	72	123	1789438871433281536	1789438871433282560	1789438871433282560	1789438871433282560	1789438871433284608	19086	0	5	1	42943322093974	42943322095869
4365	253	4	362	123	1789438871433284608	1789438871433285632	1789438871433285632	1789438871433286656	1789438871433287680	19086	1	3	1	42943322101627	42943322104034
4366	253	4	294	123	1789438871433287680	1789438871433287680	1789438871433287680	1789438871433288704	1789438871433290752	19087	0	3	1	42943322108621	42943322111026
4367	253	8	294	123	1789438871433290752	1789438871433290752	1789438871433290752	1789438871433315328	1789438871433317376	19087	2	7	3	42943322116509	42943322177285
4368	253	4	74	123	1789438871433317376	1789438871433317376	1789438871433317376	1789438871433319424	1789438871433321472	19089	0	3	1	42943322182907	42943322186596
4369	253	8	74	123	1789438871433321472	1789438871433321472	1789438871433321472	1789438871433341952	1789438871433344000	19089	0	7	3	42943322192914	42943322245154
4370	253	22	38	123	1789438871433344000	1789438871433530368	1789438871433530368	1789438871433531392	1789438871433532416	19089	1	25	1	42943322719313	42943322721172
4371	253	20	72	123	1789438871433532416	1789438871433533440	1789438871433533440	1789438871433534464	1789438871433536512	19090	1	23	1	42943322727072	42943322729475
4372	253	21	72	123	1789438871433536512	1789438871433536512	1789438871433536512	1789438871433537536	1789438871433538560	19091	0	24	1	42943322734195	42943322736111
4373	253	19	362	123	1789438871433538560	1789438871433539584	1789438871433539584	1789438871433540608	1789438871433541632	19091	1	22	1	42943322742002	42943322744380
4374	253	19	294	123	1789438871433541632	1789438871433542656	1789438871433542656	1789438871433543680	1789438871433544704	19092	0	22	1	42943322749056	42943322751416
4375	253	23	294	123	1789438871433544704	1789438871433545728	1789438871433545728	1789438871433569280	1789438871433571328	19092	2	26	3	42943322758109	42943322817818
4376	253	19	106	123	1789438871433571328	1789438871433571328	1789438871433572352	1789438871433573376	1789438871433575424	19094	0	22	1	42943322823488	42943322827314
4377	253	23	106	123	1789438871433576448	1789438871433576448	1789438871433576448	1789438871433597952	1789438871433598976	19094	0	26	3	42943322834370	42943322887939
4378	253	25	22	123	1789438871433598976	1789438871433662464	1789438871433662464	1789438871433664512	1789438871433665536	19094	4	31	1	42943323051990	42943323056861
4379	253	28	26	123	1789438871433666560	1789438871433697280	1789438871433697280	1789438871433700352	1789438871433701376	19098	16	34	2	42943323139961	42943323146728
4380	254	7	37	125	1789438871433244672	1789438871433276416	1789438871433276416	1789438871433277440	1789438871433278464	19114	1	6	1	42953061655833	42953061657649
4381	254	5	71	125	1789438871433278464	1789438871433279488	1789438871433279488	1789438871433280512	1789438871433281536	19115	1	4	1	42953061663268	42953061665582
4382	254	6	71	125	1789438871433281536	1789438871433282560	1789438871433282560	1789438871433282560	1789438871433284608	19116	0	5	1	42953061670062	42953061671904
4383	254	4	361	125	1789438871433284608	1789438871433284608	1789438871433285632	1789438871433285632	1789438871433287680	19116	1	3	1	42953061677511	42953061679847
4384	254	4	293	125	1789438871433287680	1789438871433287680	1789438871433287680	1789438871433288704	1789438871433289728	19117	0	3	1	42953061684277	42953061686624
4385	254	8	293	125	1789438871433289728	1789438871433290752	1789438871433290752	1789438871433315328	1789438871433316352	19117	2	7	3	42953061692233	42953061753311
4386	254	4	73	125	1789438871433317376	1789438871433317376	1789438871433317376	1789438871433318400	1789438871433321472	19119	0	3	1	42953061759108	42953061762351
4387	254	8	73	125	1789438871433321472	1789438871433321472	1789438871433321472	1789438871433341952	1789438871433342976	19119	0	7	3	42953061768850	42953061820872
4388	254	22	37	125	1789438871433342976	1789438871433530368	1789438871433530368	1789438871433531392	1789438871433532416	19119	1	25	1	42953062295619	42953062297436
4389	254	20	71	125	1789438871433532416	1789438871433533440	1789438871433533440	1789438871433534464	1789438871433535488	19120	1	23	1	42953062302910	42953062305277
4390	254	21	71	125	1789438871433535488	1789438871433536512	1789438871433536512	1789438871433536512	1789438871433538560	19121	0	24	1	42953062309794	42953062311683
4391	254	19	361	125	1789438871433538560	1789438871433538560	1789438871433538560	1789438871433539584	1789438871433541632	19121	1	22	1	42953062317136	42953062319504
4392	254	19	293	125	1789438871433541632	1789438871433541632	1789438871433541632	1789438871433542656	1789438871433543680	19122	0	22	1	42953062323782	42953062326062
4393	254	23	293	125	1789438871433543680	1789438871433544704	1789438871433544704	1789438871433569280	1789438871433570304	19122	2	26	3	42953062331793	42953062393015
4394	254	19	105	125	1789438871433570304	1789438871433571328	1789438871433571328	1789438871433572352	1789438871433575424	19124	0	22	1	42953062398531	42953062401926
4395	254	23	105	125	1789438871433575424	1789438871433575424	1789438871433575424	1789438871433596928	1789438871433597952	19124	0	26	3	42953062408887	42953062462010
4396	254	25	21	125	1789438871433597952	1789438871433662464	1789438871433662464	1789438871433664512	1789438871433665536	19124	4	31	1	42953062628397	42953062633052
4397	254	28	25	125	1789438871433665536	1789438871433697280	1789438871433697280	1789438871433700352	1789438871433701376	19128	16	34	2	42953062716362	42953062722885
4398	255	7	36	127	1789438871433244672	1789438871433276416	1789438871433276416	1789438871433277440	1789438871433278464	19144	1	6	1	42910819696404	42910819698125
4399	255	5	70	127	1789438871433278464	1789438871433279488	1789438871433279488	1789438871433280512	1789438871433281536	19145	1	4	1	42910819703485	42910819705698
4400	255	6	70	127	1789438871433281536	1789438871433281536	1789438871433281536	1789438871433282560	1789438871433283584	19146	0	5	1	42910819709976	42910819711755
4401	255	4	360	127	1789438871433283584	1789438871433284608	1789438871433284608	1789438871433285632	1789438871433286656	19146	1	3	1	42910819717166	42910819719411
4402	255	4	292	127	1789438871433286656	1789438871433287680	1789438871433287680	1789438871433288704	1789438871433289728	19147	0	3	1	42910819723663	42910819725913
4403	255	8	292	127	1789438871433289728	1789438871433290752	1789438871433290752	1789438871433315328	1789438871433316352	19147	2	7	3	42910819732519	42910819793518
4404	255	4	72	127	1789438871433316352	1789438871433317376	1789438871433317376	1789438871433318400	1789438871433320448	19149	0	3	1	42910819798762	42910819802133
4405	255	8	72	127	1789438871433320448	1789438871433320448	1789438871433321472	1789438871433341952	1789438871433342976	19149	0	7	3	42910819808128	42910819859766
4406	255	22	36	127	1789438871433342976	1789438871433530368	1789438871433530368	1789438871433531392	1789438871433532416	19149	1	25	1	42910820335954	42910820337709
4407	255	20	70	127	1789438871433532416	1789438871433533440	1789438871433533440	1789438871433534464	1789438871433535488	19150	1	23	1	42910820343185	42910820345411
4408	255	21	70	127	1789438871433535488	1789438871433535488	1789438871433535488	1789438871433536512	1789438871433537536	19151	0	24	1	42910820349736	42910820351543
4409	255	19	360	127	1789438871433537536	1789438871433538560	1789438871433538560	1789438871433539584	1789438871433540608	19151	1	22	1	42910820356889	42910820359116
4410	255	19	292	127	1789438871433541632	1789438871433541632	1789438871433541632	1789438871433542656	1789438871433543680	19152	0	22	1	42910820363508	42910820365722
4411	255	23	292	127	1789438871433543680	1789438871433544704	1789438871433544704	1789438871433569280	1789438871433570304	19152	2	26	3	42910820372127	42910820433132
4412	255	19	104	127	1789438871433570304	1789438871433571328	1789438871433571328	1789438871433572352	1789438871433574400	19154	0	22	1	42910820438426	42910820441918
4413	255	23	104	127	1789438871433575424	1789438871433575424	1789438871433575424	1789438871433595904	1789438871433597952	19154	0	26	3	42910820448453	42910820501638
4414	255	25	20	127	1789438871433597952	1789438871433662464	1789438871433662464	1789438871433664512	1789438871433665536	19154	4	31	1	42910820668583	42910820673091
4415	255	28	24	127	1789438871433665536	1789438871433697280	1789438871433697280	1789438871433700352	1789438871433701376	19158	16	34	2	42910820756524	42910820762851
